event_id,race_id,attacker,target,event_start_time,event_start_lap,event_type,reason,gap_at_start_m,duration_s,cum_distance_diff_at_start_m,lapped_at_start,max_gap_jump_m,swap_by_distance,swap_by_driver_ahead,swap_time,swap_delay_s,swap_distance_delay_any_s,swap_ahead_delay_any_s,actual_swap_delay_s,pass_after_horizon,target_speed_at_start_kmh,closing_speed_at_start_kmh,green_at_start,target_retires_in_window,horizon_end,horizon_s_effective,audit_horizon_s,either_in_box_lap_at_start,either_pit_in_window,target_pit_before_outcome
china_2026_R_00001,china_2026_R,ANT,HAM,2026-03-15 07:05:40.491,2,CLOSE_INTERACTION_NO_PASS,"valid close battle, no pairwise order change inside the horizon",54.6413888888889,63.24,-54.56277777777723,False,7.666666666666629,False,False,,,,98.96,,False,288.0,,True,False,2026-03-15 07:06:10.491,30.0,120.0,False,False,False
china_2026_R_00002,china_2026_R,LEC,ANT,2026-03-15 07:05:41.491,2,CLOSE_INTERACTION_NO_PASS,"valid close battle, no pairwise order change inside the horizon; the pair did swap 62.6 s after t0, outside it",71.95944444444443,46.6,-72.11388888888905,False,9.888888888888914,False,False,,,62.64,62.64,62.64,True,277.0,,True,False,2026-03-15 07:06:11.491,30.0,120.0,False,False,False
china_2026_R_00003,china_2026_R,RUS,LEC,2026-03-15 07:05:42.251,2,CLOSE_INTERACTION_NO_PASS,"valid close battle, no pairwise order change inside the horizon; the pair did swap 46.3 s after t0, outside it",58.40472222222222,45.84,-58.40472222222161,False,10.0,False,False,,,46.28,46.28,46.28,True,292.0,,True,False,2026-03-15 07:06:12.251,30.0,120.0,False,False,False
china_2026_R_00004,china_2026_R,GAS,RUS,2026-03-15 07:05:43.011,2,CLOSE_INTERACTION_NO_PASS,"valid close battle, no pairwise order change inside the horizon; the pair did swap 86.2 s after t0, outside it",58.07666666666667,13.76,-58.076666666666824,False,4.933333333333394,False,False,,,86.24,86.24,86.24,True,261.0,,True,False,2026-03-15 07:06:13.011,30.0,120.0,False,False,False
china_2026_R_00005,china_2026_R,LAW,COL,2026-03-15 07:05:46.410,2,CLOSE_INTERACTION_NO_PASS,"valid close battle, no pairwise order change inside the horizon; the pair did swap 83.2 s after t0, outside it",45.25249999999999,7.121,-43.80611111111102,False,1.2666666666665947,False,False,,,83.161,83.161,83.161,True,275.0,,True,False,2026-03-15 07:06:16.410,30.0,120.0,False,False,False
china_2026_R_00006,china_2026_R,SAI,ALO,2026-03-15 07:05:48.011,2,ON_TRACK_PASS,race-distance ordering and target DriverAhead both show the swap,20.851388888888884,6.8,-20.913611111111095,False,25.433333333333394,True,True,2026-03-15 07:05:52.290,4.279,4.279,4.279,4.279,False,274.0,,True,False,2026-03-15 07:06:18.011,30.0,120.0,False,False,False
china_2026_R_00007,china_2026_R,VER,SAI,2026-03-15 07:05:49.571,2,ON_TRACK_PASS,race-distance ordering and target DriverAhead both show the swap,33.49277777777779,6.52,-33.49277777777752,False,19.077777777777897,True,True,2026-03-15 07:05:56.251,6.68,6.68,6.68,6.68,False,302.0,,True,False,2026-03-15 07:06:19.571,30.0,120.0,False,False,False
china_2026_R_00008,china_2026_R,HUL,BOT,2026-03-15 07:05:49.571,2,CLOSE_INTERACTION_NO_PASS,"valid close battle, no pairwise order change inside the horizon; the pair did swap 88.7 s after t0, outside it",37.08666666666666,4.2,-37.12472222222186,False,6.93333333333328,False,False,,,88.679,88.679,88.679,True,296.0,,True,False,2026-03-15 07:06:19.571,30.0,120.0,False,False,False
china_2026_R_00009,china_2026_R,STR,HUL,2026-03-15 07:05:49.731,2,ON_TRACK_PASS,race-distance ordering and target DriverAhead both show the swap,53.8725,8.119,-53.088055555555,False,8.240833333333285,True,True,2026-03-15 07:06:16.451,26.72,26.72,26.72,26.72,False,261.0,,True,False,2026-03-15 07:06:19.731,30.0,120.0,False,False,False
china_2026_R_00010,china_2026_R,ALO,LIN,2026-03-15 07:05:50.091,2,ON_TRACK_PASS,race-distance ordering and target DriverAhead both show the swap,63.7905555555555,4.72,-63.72833333333347,False,35.96916666666664,True,True,2026-03-15 07:05:55.011,4.92,4.92,4.92,4.92,False,314.0,,True,False,2026-03-15 07:06:20.091,30.0,120.0,False,False,False
china_2026_R_00011,china_2026_R,BEA,VER,2026-03-15 07:05:51.010,2,ON_TRACK_PASS,race-distance ordering and target DriverAhead both show the swap,11.17194444444445,5.081,-11.171944444444307,False,4.95555555555552,True,True,2026-03-15 07:06:16.811,25.801,25.801,25.801,25.801,False,295.0,-22.92147324530929,True,False,2026-03-15 07:06:21.010,30.0,120.0,False,False,False
china_2026_R_00012,china_2026_R,SAI,LIN,2026-03-15 07:05:52.290,2,ON_TRACK_PASS,race-distance ordering and target DriverAhead both show the swap,68.96444444444444,13.96,-68.96444444444478,False,11.866666666666617,True,True,2026-03-15 07:06:17.411,25.121,25.121,25.121,25.121,False,247.0,,True,False,2026-03-15 07:06:22.290,30.0,120.0,False,False,False
china_2026_R_00013,china_2026_R,COL,GAS,2026-03-15 07:05:52.290,2,CLOSE_INTERACTION_NO_PASS,"valid close battle, no pairwise order change inside the horizon",97.54555555555567,10.921,-97.54555555555544,False,11.666666666666629,False,False,,,,,,False,146.0,114.38281674823271,True,False,2026-03-15 07:06:22.290,30.0,120.0,False,False,False
china_2026_R_00014,china_2026_R,OCO,COL,2026-03-15 07:05:53.771,2,CLOSE_INTERACTION_NO_PASS,"valid close battle, no pairwise order change inside the horizon; the pair did swap 76.4 s after t0, outside it",39.725277777777706,10.959,-39.60305555555624,False,10.455555555555634,False,False,,,76.4,76.4,76.4,True,186.0,,True,False,2026-03-15 07:06:23.771,30.0,120.0,False,False,False
china_2026_R_00015,china_2026_R,LIN,LAW,2026-03-15 07:05:53.771,2,CLOSE_INTERACTION_NO_PASS,"valid close battle, no pairwise order change inside the horizon; the pair did swap 104.9 s after t0, outside it",20.098333333333244,3.28,-21.544722222221935,False,2.3333333333333712,False,False,,,103.28,104.92,104.92,True,190.0,,True,False,2026-03-15 07:06:23.771,30.0,120.0,False,False,False
china_2026_R_00016,china_2026_R,HUL,BEA,2026-03-15 07:05:53.971,2,ON_TRACK_PASS,race-distance ordering and target DriverAhead both show the swap,94.29833333333335,3.879,-94.29833333333318,False,11.519444444444389,True,True,2026-03-15 07:05:58.090,4.119,4.119,4.119,4.119,False,302.0,,True,False,2026-03-15 07:06:23.971,30.0,120.0,False,False,False
china_2026_R_00017,china_2026_R,BEA,SAI,2026-03-15 07:05:56.251,2,ON_TRACK_PASS,race-distance ordering and target DriverAhead both show the swap,19.173611111110972,13.72,-19.173611111111313,False,5.777777777777601,True,True,2026-03-15 07:06:17.051,20.8,20.8,20.8,20.8,False,157.0,,True,False,2026-03-15 07:06:26.251,30.0,120.0,False,False,False
china_2026_R_00018,china_2026_R,ALO,RUS,2026-03-15 07:05:57.051,2,CLOSE_INTERACTION_NO_PASS,"valid close battle, no pairwise order change inside the horizon",91.46222222222241,7.199,-91.40000000000055,False,17.155555555555566,False,False,,,,,,False,113.0,,True,False,2026-03-15 07:06:27.051,30.0,120.0,False,False,False
china_2026_R_00019,china_2026_R,VER,LAW,2026-03-15 07:05:57.331,2,CLOSE_INTERACTION_NO_PASS,"valid close battle, no pairwise order change inside the horizon; the pair did swap 49.3 s after t0, outside it",16.992222222221812,7.399,-18.43861111111073,False,3.0666666666667197,False,False,,,49.28,49.28,49.28,True,120.0,,True,False,2026-03-15 07:06:27.331,30.0,120.0,False,False,False
china_2026_R_00020,china_2026_R,BOT,ALO,2026-03-15 07:05:57.650,2,CLOSE_INTERACTION_NO_PASS,"valid close battle, no pairwise order change inside the horizon; the pair did swap 76.4 s after t0, outside it",29.66583333333358,9.081,-29.6899999999996,False,13.777777777777942,False,False,,,76.401,76.401,76.401,True,290.0,,True,False,2026-03-15 07:06:27.650,30.0,120.0,False,False,False
china_2026_R_00021,china_2026_R,LIN,VER,2026-03-15 07:05:58.090,2,ON_TRACK_PASS,race-distance ordering and target DriverAhead both show the swap,10.041111111110922,8.16,-10.041111111110695,False,3.6000000000000227,True,True,2026-03-15 07:06:06.531,8.441,8.441,8.441,8.441,False,136.0,-32.36627140974953,True,False,2026-03-15 07:06:28.090,30.0,120.0,False,False,False
china_2026_R_00022,china_2026_R,STR,BEA,2026-03-15 07:05:58.090,2,CLOSE_INTERACTION_NO_PASS,"valid close battle, no pairwise order change inside the horizon; the pair did swap 60.5 s after t0, outside it",62.657222222222344,15.601,-61.87277777777763,False,4.555555555555429,False,False,,,60.48,60.48,60.48,True,144.0,,True,False,2026-03-15 07:06:28.090,30.0,120.0,False,False,False
china_2026_R_00023,china_2026_R,LIN,OCO,2026-03-15 07:06:06.531,2,CLOSE_INTERACTION_NO_PASS,"valid close battle, no pairwise order change inside the horizon",20.552499999999327,7.8,-20.674722222222044,False,2.3213888888890324,False,False,,,,91.28,,False,137.0,,True,False,2026-03-15 07:06:36.531,30.0,120.0,False,False,False
china_2026_R_00024,china_2026_R,OCO,LAW,2026-03-15 07:06:10.531,2,ON_TRACK_PASS,race-distance ordering and target DriverAhead both show the swap,39.136944444444225,3.8,-40.46111111111077,False,6.919166666666797,True,True,2026-03-15 07:06:14.731,4.2,4.2,4.2,4.2,False,266.0,,True,False,2026-03-15 07:06:40.531,30.0,120.0,False,False,False
china_2026_R_00025,china_2026_R,GAS,ALO,2026-03-15 07:06:13.451,2,ON_TRACK_PASS,race-distance ordering and target DriverAhead both show the swap,11.837222222223318,5.199,-11.89944444444518,False,19.66666666666697,True,True,2026-03-15 07:06:18.890,5.439,5.439,5.439,5.439,False,287.0,,True,False,2026-03-15 07:06:43.451,30.0,120.0,False,False,False
china_2026_R_00026,china_2026_R,STR,VER,2026-03-15 07:06:16.811,2,CLOSE_INTERACTION_NO_PASS,"valid close battle, no pairwise order change inside the horizon; the pair did swap 57.0 s after t0, outside it",87.15138888888896,4.92,-86.36694444444493,False,9.86666666666656,False,False,,,57.0,57.0,57.0,True,107.0,,True,False,2026-03-15 07:06:46.811,30.0,120.0,False,False,False
china_2026_R_00027,china_2026_R,HUL,STR,2026-03-15 07:06:16.811,2,ON_TRACK_PASS,race-distance ordering and target DriverAhead both show the swap,14.09333333333393,17.12,-14.877777777777737,False,16.2222222222224,True,True,2026-03-15 07:06:34.131,17.32,17.32,17.32,17.32,False,242.0,-96.00000000000138,True,False,2026-03-15 07:06:46.811,30.0,120.0,False,False,False
china_2026_R_00028,china_2026_R,LAW,COL,2026-03-15 07:06:18.890,2,CLOSE_INTERACTION_NO_PASS,"valid close battle, no pairwise order change inside the horizon; the pair did swap 50.7 s after t0, outside it",49.01027777777858,13.72,-47.56388888889069,False,13.965833333333194,False,False,,,50.681,50.681,50.681,True,182.0,,True,False,2026-03-15 07:06:48.890,30.0,120.0,False,False,False
china_2026_R_00029,china_2026_R,COL,ALO,2026-03-15 07:06:19.611,2,ON_TRACK_PASS,race-distance ordering and target DriverAhead both show the swap,94.75750000000085,10.8,-94.81972222222339,False,10.199999999999818,True,True,2026-03-15 07:06:40.451,20.84,20.84,20.84,20.84,False,99.0,,True,False,2026-03-15 07:06:49.611,30.0,120.0,False,False,False
china_2026_R_00030,china_2026_R,VER,SAI,2026-03-15 07:06:22.051,2,ON_TRACK_PASS,race-distance ordering and target DriverAhead both show the swap,27.071666666666033,3.559,-27.071666666665806,False,4.666666666666288,True,True,2026-03-15 07:06:35.371,13.32,13.32,13.32,13.32,False,207.0,,True,False,2026-03-15 07:06:52.051,30.0,120.0,False,False,False
china_2026_R_00031,china_2026_R,LIN,BOT,2026-03-15 07:06:22.371,2,CLOSE_INTERACTION_NO_PASS,"valid close battle, no pairwise order change inside the horizon; the pair did swap 36.6 s after t0, outside it",30.500277777777683,9.959,-30.538333333332957,False,9.333333333333258,False,False,,,36.64,36.64,36.64,True,150.0,,True,False,2026-03-15 07:06:52.371,30.0,120.0,False,False,False
china_2026_R_00032,china_2026_R,BOT,OCO,2026-03-15 07:06:22.691,2,ON_TRACK_PASS,race-distance ordering and target DriverAhead both show the swap,12.941111111111013,9.639,-13.025277777778683,False,6.6666666666667425,True,True,2026-03-15 07:06:32.610,9.919,9.919,9.919,9.919,False,239.0,-66.9999999999996,True,False,2026-03-15 07:06:52.691,30.0,120.0,False,False,False
china_2026_R_00033,china_2026_R,ALO,GAS,2026-03-15 07:06:25.130,2,ON_TRACK_PASS,race-distance ordering and target DriverAhead both show the swap,97.47722222221955,5.281,-97.41499999999724,False,8.622222222222263,True,True,2026-03-15 07:06:30.811,5.681,5.681,5.681,5.681,False,201.0,15.32380271622569,True,False,2026-03-15 07:06:55.130,30.0,120.0,False,False,False
china_2026_R_00034,china_2026_R,RUS,ANT,2026-03-15 07:06:28.531,2,ON_TRACK_PASS,race-distance ordering and target DriverAhead both show the swap,30.38972222222128,5.6,-30.54416666666475,False,3.444444444444798,True,True,2026-03-15 07:06:43.971,15.44,15.44,15.44,15.44,False,122.0,,True,False,2026-03-15 07:06:58.531,30.0,120.0,False,False,False
china_2026_R_00035,china_2026_R,COL,GAS,2026-03-15 07:06:30.811,2,CLOSE_INTERACTION_NO_PASS,"valid close battle, no pairwise order change inside the horizon",53.04027777777628,5.68,-53.04027777777628,False,7.599999999999909,False,False,,,,,,False,116.0,,True,False,2026-03-15 07:07:00.811,30.0,120.0,False,False,False
china_2026_R_00036,china_2026_R,BOT,COL,2026-03-15 07:06:32.811,2,ON_TRACK_PASS,race-distance ordering and target DriverAhead both show the swap,57.08583333333263,6.52,-57.04777777777781,False,10.777777777777828,True,True,2026-03-15 07:06:47.571,14.76,14.76,14.76,14.76,False,128.0,,True,False,2026-03-15 07:07:02.811,30.0,120.0,False,False,False
china_2026_R_00037,china_2026_R,OCO,BOT,2026-03-15 07:06:34.131,2,ON_TRACK_PASS,race-distance ordering and target DriverAhead both show the swap,11.533888888890488,5.68,-11.4497222222235,False,31.49277777777752,True,True,2026-03-15 07:06:40.091,5.96,5.96,5.96,5.96,False,221.0,-26.362919132148797,True,False,2026-03-15 07:07:04.131,30.0,120.0,False,False,False
china_2026_R_00038,china_2026_R,HUL,BEA,2026-03-15 07:06:34.131,2,ON_TRACK_PASS,race-distance ordering and target DriverAhead both show the swap,92.37555555555537,13.12,-92.37555555555446,False,20.666666666666515,True,True,2026-03-15 07:06:55.651,21.52,21.52,21.52,21.52,False,158.0,,True,False,2026-03-15 07:07:04.131,30.0,120.0,False,False,False
china_2026_R_00039,china_2026_R,LEC,ANT,2026-03-15 07:06:34.451,2,ON_TRACK_PASS,race-distance ordering and target DriverAhead both show the swap,50.15694444444853,3.919,-50.31138888889291,False,5.955555555555748,True,True,2026-03-15 07:06:44.131,9.68,9.68,9.68,9.68,False,246.0,,True,False,2026-03-15 07:07:04.451,30.0,120.0,False,False,False
china_2026_R_00040,china_2026_R,STR,HUL,2026-03-15 07:06:34.691,2,ON_TRACK_PASS,race-distance ordering and target DriverAhead both show the swap,14.09444444444398,20.76,-13.3100000000004,False,6.488888888889051,True,True,2026-03-15 07:07:01.771,27.08,27.08,27.08,27.08,False,233.0,-70.71428571427985,True,False,2026-03-15 07:07:04.691,30.0,120.0,False,False,False
china_2026_R_00041,china_2026_R,BEA,SAI,2026-03-15 07:06:38.890,2,CLOSE_INTERACTION_NO_PASS,"valid close battle, no pairwise order change inside the horizon; the pair did swap 41.0 s after t0, outside it",11.670000000000982,6.64,-11.670000000000073,False,8.461111111111222,False,False,,,41.001,41.001,41.001,True,147.0,-15.773353751915355,True,False,2026-03-15 07:07:08.890,30.0,120.0,False,False,False
china_2026_R_00042,china_2026_R,LIN,VER,2026-03-15 07:06:38.890,2,ON_TRACK_PASS,race-distance ordering and target DriverAhead both show the swap,44.179444444445835,5.441,-44.179444444445835,False,2.488888888888596,True,True,2026-03-15 07:06:57.171,18.281,18.281,18.281,18.281,False,119.0,,True,False,2026-03-15 07:07:08.890,30.0,120.0,False,False,False
china_2026_R_00043,china_2026_R,VER,BOT,2026-03-15 07:06:40.091,2,ON_TRACK_PASS,race-distance ordering and target DriverAhead both show the swap,41.803333333332375,6.52,-41.841388888888105,False,8.533333333333758,True,True,2026-03-15 07:06:44.610,4.519,4.519,4.519,4.519,False,131.0,,True,False,2026-03-15 07:07:10.091,30.0,120.0,False,False,False
china_2026_R_00044,china_2026_R,LAW,ALO,2026-03-15 07:06:40.451,2,ON_TRACK_PASS,race-distance ordering and target DriverAhead both show the swap,96.60194444444414,3.52,-95.21777777777788,False,5.5,True,True,2026-03-15 07:06:56.731,16.28,16.28,16.28,16.28,False,163.0,,True,False,2026-03-15 07:07:10.451,30.0,120.0,False,False,False
china_2026_R_00045,china_2026_R,SAI,LIN,2026-03-15 07:06:41.251,2,ON_TRACK_PASS,race-distance ordering and target DriverAhead both show the swap,10.294444444441524,4.279,-10.294444444441979,False,5.91111111111104,True,True,2026-03-15 07:06:45.971,4.72,4.72,4.72,4.72,False,226.0,-15.687499999998524,True,False,2026-03-15 07:07:11.251,30.0,120.0,False,False,False
china_2026_R_00046,china_2026_R,RUS,HAM,2026-03-15 07:06:43.971,2,CLOSE_INTERACTION_NO_PASS,"valid close battle, no pairwise order change inside the horizon",47.24027777777337,3.88,-47.31611111110578,False,6.222222222223081,False,False,,,,43.04,,False,122.0,,True,False,2026-03-15 07:07:13.971,30.0,120.0,False,False,False
china_2026_R_00047,china_2026_R,OCO,COL,2026-03-15 07:06:44.610,2,ON_TRACK_PASS,race-distance ordering and target DriverAhead both show the swap,50.10555555555857,5.801,-49.983333333337214,False,5.866666666666788,True,True,2026-03-15 07:07:10.171,25.561,25.561,25.561,25.561,False,97.0,,True,False,2026-03-15 07:07:14.610,30.0,120.0,False,False,False
china_2026_R_00048,china_2026_R,LAW,OCO,2026-03-15 07:06:45.250,2,ON_TRACK_PASS,race-distance ordering and target DriverAhead both show the swap,13.810555555553037,3.401,-12.486388888886722,False,4.122222222222263,True,True,2026-03-15 07:06:58.570,13.32,13.32,13.32,13.32,False,166.0,-55.249999999999204,True,False,2026-03-15 07:07:15.250,30.0,120.0,False,False,False
china_2026_R_00049,china_2026_R,GAS,ALO,2026-03-15 07:06:45.250,2,ON_TRACK_PASS,race-distance ordering and target DriverAhead both show the swap,15.90611111111457,6.2,-15.968333333335977,False,20.22222222222217,True,True,2026-03-15 07:06:51.650,6.4,6.4,6.4,6.4,False,255.0,-148.00000000000375,True,False,2026-03-15 07:07:15.250,30.0,120.0,False,False,False
china_2026_R_00050,china_2026_R,LEC,RUS,2026-03-15 07:06:45.971,2,CLOSE_INTERACTION_NO_PASS,"valid close battle, no pairwise order change inside the horizon",10.718055555559658,3.88,-10.718055555560568,False,27.5,False,False,,,,34.48,,False,143.0,-18.864673913044598,True,False,2026-03-15 07:07:15.971,30.0,120.0,False,False,False
china_2026_R_00051,china_2026_R,SAI,LAW,2026-03-15 07:06:46.611,2,ON_TRACK_PASS,race-distance ordering and target DriverAhead both show the swap,39.319444444442524,4.64,-40.7658333333311,False,3.900000000000091,True,True,2026-03-15 07:07:13.811,27.2,27.2,27.2,27.2,False,91.0,,True,False,2026-03-15 07:07:16.611,30.0,120.0,False,False,False
china_2026_R_00052,china_2026_R,VER,OCO,2026-03-15 07:06:47.011,2,ON_TRACK_PASS,race-distance ordering and target DriverAhead both show the swap,11.62027777777439,4.24,-11.742499999996653,False,4.3555555555558385,True,True,2026-03-15 07:06:48.091,1.08,1.08,1.08,1.08,False,95.0,,True,False,2026-03-15 07:07:17.011,30.0,120.0,False,False,False
china_2026_R_00053,china_2026_R,ALO,LEC,2026-03-15 07:06:47.251,2,CLOSE_INTERACTION_NO_PASS,"valid close battle, no pairwise order change inside the horizon",46.448611111108676,4.199,-46.38638888888636,False,19.933333333333394,False,False,,,,,,False,105.0,,True,False,2026-03-15 07:07:17.251,30.0,120.0,False,False,False
china_2026_R_00054,china_2026_R,LAW,VER,2026-03-15 07:06:47.251,2,ON_TRACK_PASS,race-distance ordering and target DriverAhead both show the swap,12.484444444445217,4.0,-11.038055555556639,False,6.777777777777828,True,True,2026-03-15 07:06:51.450,4.199,4.199,4.199,4.199,False,135.0,-55.000000000000284,True,False,2026-03-15 07:07:17.251,30.0,120.0,False,False,False
china_2026_R_00055,china_2026_R,HUL,LIN,2026-03-15 07:06:47.571,2,CLOSE_INTERACTION_NO_PASS,"valid close battle, no pairwise order change inside the horizon; the pair did swap 31.7 s after t0, outside it",46.05000000000018,9.16,-46.04999999999927,False,10.111111111110404,False,False,,,31.72,31.72,31.72,True,93.0,,True,False,2026-03-15 07:07:17.571,30.0,120.0,False,False,False
china_2026_R_00056,china_2026_R,SAI,VER,2026-03-15 07:06:51.450,2,ON_TRACK_PASS,race-distance ordering and target DriverAhead both show the swap,50.41694444444329,4.001,-50.41694444444329,False,6.399999999999636,True,True,2026-03-15 07:06:55.651,4.201,4.201,4.201,4.201,False,91.0,,True,False,2026-03-15 07:07:21.450,30.0,120.0,False,False,False
china_2026_R_00057,china_2026_R,LIN,SAI,2026-03-15 07:06:54.371,2,CLOSE_INTERACTION_NO_PASS,"valid close battle, no pairwise order change inside the horizon; the pair did swap 37.1 s after t0, outside it",44.13111111111448,5.2,-44.13111111111357,False,10.266666666666424,False,False,,,37.12,34.32,37.12,True,138.0,,True,False,2026-03-15 07:07:24.371,30.0,120.0,False,False,False
china_2026_R_00058,china_2026_R,ANT,HAM,2026-03-15 07:06:56.051,2,UNCERTAIN,"only one of the two order-change signals fired (distance=False, driver_ahead=True)",99.66972222221648,7.24,-99.59111111110542,False,5.800000000001091,False,True,2026-03-15 07:07:19.451,23.4,,23.4,,False,310.0,24.500000000001183,True,False,2026-03-15 07:07:26.051,30.0,120.0,False,False,False
china_2026_R_00059,china_2026_R,HUL,VER,2026-03-15 07:06:57.171,2,ON_TRACK_PASS,race-distance ordering and target DriverAhead both show the swap,46.27833333333456,3.6,-46.27833333333365,False,9.16666666666606,True,True,2026-03-15 07:07:14.771,17.6,17.6,17.6,17.6,False,91.0,,True,False,2026-03-15 07:07:27.171,30.0,120.0,False,False,False
china_2026_R_00060,china_2026_R,LAW,COL,2026-03-15 07:06:58.570,2,ON_TRACK_PASS,race-distance ordering and target DriverAhead both show the swap,67.87194444444322,10.681,-66.42555555555555,False,14.66666666666697,True,True,2026-03-15 07:07:09.571,11.001,11.001,11.001,11.001,False,310.0,,True,False,2026-03-15 07:07:28.570,30.0,120.0,False,False,False
china_2026_R_00061,china_2026_R,BOT,LIN,2026-03-15 07:06:59.011,2,UNCERTAIN,"only one of the two order-change signals fired (distance=True, driver_ahead=False)",19.64305555555211,3.16,-19.604999999997744,False,13.611111111110858,True,False,2026-03-15 07:07:14.051,15.04,15.04,,,False,268.0,,True,False,2026-03-15 07:07:29.011,30.0,120.0,False,False,False
china_2026_R_00062,china_2026_R,OCO,LAW,2026-03-15 07:06:59.811,2,ON_TRACK_PASS,race-distance ordering and target DriverAhead both show the swap,10.537777777779866,12.56,-11.861944444446635,False,12.555555555553838,True,True,2026-03-15 07:07:12.651,12.84,12.84,12.84,12.84,False,309.0,-24.135374697826126,True,False,2026-03-15 07:07:29.811,30.0,120.0,False,False,False
china_2026_R_00063,china_2026_R,ALO,LIN,2026-03-15 07:07:03.051,2,ON_TRACK_PASS,race-distance ordering and target DriverAhead both show the swap,11.382777777773754,10.76,-11.320555555552346,False,12.266666666666424,True,True,2026-03-15 07:07:14.051,11.0,11.0,11.0,11.0,False,330.0,-55.333333333330756,True,False,2026-03-15 07:07:33.051,30.0,120.0,False,False,False
china_2026_R_00064,china_2026_R,COL,LEC,2026-03-15 07:07:07.291,2,UNCERTAIN,"only one of the two order-change signals fired (distance=True, driver_ahead=False)",78.02194444444285,5.36,-78.02194444444285,False,46.534999999999854,True,False,2026-03-15 07:07:34.571,27.28,27.28,,,False,66.0,252.12085670576278,True,False,2026-03-15 07:07:37.291,30.0,120.0,False,False,False
china_2026_R_00065,china_2026_R,HUL,STR,2026-03-15 07:07:07.571,2,ON_TRACK_PASS,race-distance ordering and target DriverAhead both show the swap,37.125277777780866,9.44,-37.909722222226264,False,12.266666666666424,True,True,2026-03-15 07:07:17.291,9.72,9.72,9.72,9.72,False,320.0,,True,False,2026-03-15 07:07:37.571,30.0,120.0,False,False,False
china_2026_R_00066,china_2026_R,BOT,ALO,2026-03-15 07:07:07.851,2,ON_TRACK_PASS,race-distance ordering and target DriverAhead both show the swap,82.25833333333321,5.96,-82.28250000000116,False,12.088888888889414,True,True,2026-03-15 07:07:14.051,6.2,6.2,6.2,6.2,False,321.0,,True,False,2026-03-15 07:07:37.851,30.0,120.0,False,False,False
china_2026_R_00067,china_2026_R,STR,BEA,2026-03-15 07:07:09.251,2,CLOSE_INTERACTION_NO_PASS,"valid close battle, no pairwise order change inside the horizon",10.341388888886286,6.64,-9.556944444440887,False,14.00000000000091,False,False,,,,,,False,340.0,-21.285714285715386,True,False,2026-03-15 07:07:39.251,30.0,120.0,False,False,False
china_2026_R_00068,china_2026_R,ANT,RUS,2026-03-15 07:07:09.571,2,ON_TRACK_PASS,race-distance ordering and target DriverAhead both show the swap,96.5508333333346,3.8,-96.39638888889021,False,12.47555555555482,True,True,2026-03-15 07:07:13.611,4.04,4.04,4.04,4.04,False,111.0,78.99999999999636,True,False,2026-03-15 07:07:39.571,30.0,120.0,False,False,False
china_2026_R_00069,china_2026_R,ALO,BOT,2026-03-15 07:07:14.251,2,ON_TRACK_PASS,race-distance ordering and target DriverAhead both show the swap,11.867222222225791,12.08,-11.843055555558749,False,10.66666666666788,True,True,2026-03-15 07:07:18.971,4.72,4.72,4.72,4.72,False,335.0,-119.99999999998909,True,False,2026-03-15 07:07:44.251,30.0,120.0,False,False,False
china_2026_R_00070,china_2026_R,RUS,ANT,2026-03-15 07:07:14.451,2,ON_TRACK_PASS,race-distance ordering and target DriverAhead both show the swap,11.716944444441651,5.44,-11.87138888888694,False,25.744444444445435,True,True,2026-03-15 07:07:27.011,12.56,12.56,14.92,14.92,False,154.0,-42.999999999997925,True,False,2026-03-15 07:07:44.451,30.0,120.0,False,False,False
china_2026_R_00071,china_2026_R,SAI,RUS,2026-03-15 07:07:15.011,2,ON_TRACK_PASS,race-distance ordering and target DriverAhead both show the swap,60.97194444444813,3.96,-60.97194444444722,False,25.777777777776464,True,True,2026-03-15 07:07:16.091,1.08,1.08,1.08,1.08,False,111.0,,True,False,2026-03-15 07:07:45.011,30.0,120.0,False,False,False
china_2026_R_00072,china_2026_R,STR,ALO,2026-03-15 07:07:16.491,2,CLOSE_INTERACTION_NO_PASS,"valid close battle, no pairwise order change inside the horizon; the pair did swap 99.2 s after t0, outside it",66.70666666665966,5.48,-65.98444444443885,False,16.799999999999272,False,False,,,99.16,43.2,99.16,True,65.0,,True,False,2026-03-15 07:07:46.491,30.0,120.0,False,False,False
china_2026_R_00073,china_2026_R,HAM,ANT,2026-03-15 07:07:19.451,3,CLOSE_INTERACTION_NO_PASS,"valid close battle, no pairwise order change inside the horizon; the pair did swap 63.4 s after t0, outside it",41.228611111111114,7.36,-40.9375,False,3.8222222222221944,False,False,,,63.4,63.4,63.4,True,270.0,,True,False,2026-03-15 07:07:49.451,30.0,120.0,False,False,False
china_2026_R_00074,china_2026_R,LEC,HAM,2026-03-15 07:07:20.171,3,ON_TRACK_PASS,race-distance ordering and target DriverAhead both show the swap,49.66916666666666,10.08,-49.593611111111386,False,17.311111111111018,True,True,2026-03-15 07:07:30.691,10.52,10.52,10.52,10.52,False,290.0,,True,False,2026-03-15 07:07:50.171,30.0,120.0,False,False,False
china_2026_R_00075,china_2026_R,RUS,LEC,2026-03-15 07:07:20.451,3,ON_TRACK_PASS,race-distance ordering and target DriverAhead both show the swap,21.825555555555553,5.12,-22.19222222222197,False,3.170555555555552,True,True,2026-03-15 07:07:25.891,5.44,5.44,5.44,5.44,False,284.0,,True,False,2026-03-15 07:07:50.451,30.0,120.0,False,False,False
china_2026_R_00076,china_2026_R,LIN,LAW,2026-03-15 07:07:20.691,2,ON_TRACK_PASS,race-distance ordering and target DriverAhead both show the swap,20.170833333336304,4.6,-21.617222222223063,False,9.955555555556202,True,True,2026-03-15 07:07:37.051,16.36,16.36,18.0,18.0,False,95.0,,True,False,2026-03-15 07:07:50.691,30.0,120.0,False,False,False
china_2026_R_00077,china_2026_R,COL,HUL,2026-03-15 07:07:21.251,2,CLOSE_INTERACTION_NO_PASS,"valid close battle, no pairwise order change inside the horizon; the pair did swap 119.8 s after t0, outside it",15.659999999994398,3.4,-15.659999999996217,False,28.277777777777374,False,False,,,55.2,119.76,119.76,True,304.0,-135.99999999999912,True,False,2026-03-15 07:07:51.251,30.0,120.0,False,False,False
china_2026_R_00078,china_2026_R,BEA,OCO,2026-03-15 07:07:23.971,2,UNCERTAIN,"only one of the two order-change signals fired (distance=True, driver_ahead=False)",88.98972222222255,4.88,-89.11194444444482,False,12.804166666666788,True,False,2026-03-15 07:07:36.331,12.36,12.36,,,False,201.0,,True,False,2026-03-15 07:07:53.971,30.0,120.0,False,False,False
china_2026_R_00079,china_2026_R,GAS,LEC,2026-03-15 07:07:26.811,3,ON_TRACK_PASS,race-distance ordering and target DriverAhead both show the swap,98.1780555555556,3.44,-98.54472222222284,False,10.13333333333344,True,True,2026-03-15 07:07:49.531,22.72,22.72,22.72,22.72,False,244.0,78.00000000000024,True,False,2026-03-15 07:07:56.811,30.0,120.0,False,False,False
china_2026_R_00080,china_2026_R,ALO,BEA,2026-03-15 07:07:29.971,3,CLOSE_INTERACTION_NO_PASS,"valid close battle, no pairwise order change inside the horizon",43.15722222222223,5.44,-43.31944444444525,False,3.977777777777817,False,False,,,,,,False,289.0,,True,False,2026-03-15 07:07:59.971,30.0,120.0,False,False,False
china_2026_R_00081,china_2026_R,VER,LIN,2026-03-15 07:07:29.971,3,ON_TRACK_PASS,race-distance ordering and target DriverAhead both show the swap,65.88666666666668,7.08,-65.8866666666654,False,8.333333333333371,True,True,2026-03-15 07:07:37.371,7.4,7.4,7.4,7.4,False,274.0,,True,False,2026-03-15 07:07:59.971,30.0,120.0,False,False,False
china_2026_R_00082,china_2026_R,SAI,VER,2026-03-15 07:07:30.691,3,CLOSE_INTERACTION_NO_PASS,"valid close battle, no pairwise order change inside the horizon; the pair did swap 83.7 s after t0, outside it",10.394444444444446,5.44,-10.394444444444161,False,9.244444444444525,False,False,,,83.68,83.68,83.68,True,295.0,-50.99999999999995,True,False,2026-03-15 07:08:00.691,30.0,120.0,False,False,False
china_2026_R_00083,china_2026_R,HUL,BOT,2026-03-15 07:07:30.891,3,CLOSE_INTERACTION_NO_PASS,"valid close battle, no pairwise order change inside the horizon",39.050000000000004,4.52,-39.14666666666744,False,4.666666666666629,False,False,,,110.68,,,False,296.0,,True,False,2026-03-15 07:08:00.891,30.0,120.0,False,False,False
china_2026_R_00084,china_2026_R,STR,HUL,2026-03-15 07:07:31.770,3,ON_TRACK_PASS,race-distance ordering and target DriverAhead both show the swap,65.88749999999999,10.041,-65.78250000000116,False,5.444444444444457,True,True,2026-03-15 07:07:56.451,24.681,24.681,24.681,24.681,False,271.0,,True,False,2026-03-15 07:08:01.770,30.0,120.0,False,False,False
china_2026_R_00085,china_2026_R,LIN,OCO,2026-03-15 07:07:32.211,3,ON_TRACK_PASS,race-distance ordering and target DriverAhead both show the swap,99.21305555555557,5.32,-99.21305555555591,False,13.022222222222126,True,True,2026-03-15 07:07:37.811,5.6,5.6,5.6,5.6,False,286.0,7.759183673469309,True,False,2026-03-15 07:08:02.211,30.0,120.0,False,False,False
china_2026_R_00086,china_2026_R,LEC,ANT,2026-03-15 07:07:33.411,3,CLOSE_INTERACTION_NO_PASS,"valid close battle, no pairwise order change inside the horizon",10.154444444444266,3.64,-9.787777777777592,False,2.2666666666666515,False,False,,,,,,False,113.0,-4.896354166666228,True,False,2026-03-15 07:08:03.411,30.0,120.0,False,False,False
china_2026_R_00087,china_2026_R,BEA,VER,2026-03-15 07:07:33.931,3,CLOSE_INTERACTION_NO_PASS,"valid close battle, no pairwise order change inside the horizon; the pair did swap 81.2 s after t0, outside it",37.843333333333305,3.12,-37.588888888889414,False,19.199999999999932,False,False,,,81.16,81.16,81.16,True,295.0,,True,False,2026-03-15 07:08:03.931,30.0,120.0,False,False,False
china_2026_R_00088,china_2026_R,HUL,ALO,2026-03-15 07:07:35.811,3,ON_TRACK_PASS,race-distance ordering and target DriverAhead both show the swap,90.42777777777792,6.0,-90.51999999999862,False,7.777777777777828,True,True,2026-03-15 07:07:42.211,6.4,6.4,6.4,6.4,False,257.0,,True,False,2026-03-15 07:08:05.811,30.0,120.0,False,False,False
china_2026_R_00089,china_2026_R,SAI,BEA,2026-03-15 07:07:37.051,3,ON_TRACK_PASS,race-distance ordering and target DriverAhead both show the swap,13.662222222221999,5.32,-13.91666666666606,False,19.000000000000114,True,True,2026-03-15 07:07:54.931,17.88,17.88,17.88,17.88,False,241.0,-19.679999999999804,True,False,2026-03-15 07:08:07.051,30.0,120.0,False,False,False
china_2026_R_00090,china_2026_R,ALO,SAI,2026-03-15 07:07:37.371,3,CLOSE_INTERACTION_NO_PASS,"valid close battle, no pairwise order change inside the horizon",41.36166666666668,12.16,-41.26944444444416,False,2.5666666666667197,False,False,,,,,,False,172.0,,True,False,2026-03-15 07:08:07.371,30.0,120.0,False,False,False
china_2026_R_00091,china_2026_R,BOT,OCO,2026-03-15 07:07:37.971,3,CLOSE_INTERACTION_NO_PASS,"valid close battle, no pairwise order change inside the horizon",56.775555555555684,10.28,-56.67888888888774,False,31.111111111111086,False,False,,,,,,False,111.0,,True,False,2026-03-15 07:08:07.971,30.0,120.0,False,False,False
china_2026_R_00092,china_2026_R,LIN,COL,2026-03-15 07:07:38.691,3,CLOSE_INTERACTION_NO_PASS,"valid close battle, no pairwise order change inside the horizon; the pair did swap 72.0 s after t0, outside it",15.989166666666847,6.28,-16.471388888889123,False,3.9444444444443434,False,False,,,72.0,72.0,72.0,True,94.0,,True,False,2026-03-15 07:08:08.691,30.0,120.0,False,False,False
china_2026_R_00093,china_2026_R,VER,GAS,2026-03-15 07:07:39.611,3,CLOSE_INTERACTION_NO_PASS,"valid close battle, no pairwise order change inside the horizon",84.12638888888921,4.64,-84.12638888888978,False,18.899999999999977,False,False,,,,,,False,92.0,206.33388842631157,True,False,2026-03-15 07:08:09.611,30.0,120.0,False,False,False
china_2026_R_00094,china_2026_R,LEC,RUS,2026-03-15 07:07:40.651,3,CLOSE_INTERACTION_NO_PASS,"valid close battle, no pairwise order change inside the horizon",34.92194444444408,5.68,-34.55527777777752,False,3.288888888889005,False,False,,,,,,False,201.0,,True,False,2026-03-15 07:08:10.651,30.0,120.0,False,False,False
china_2026_R_00095,china_2026_R,HUL,BEA,2026-03-15 07:07:42.571,3,CLOSE_INTERACTION_NO_PASS,"valid close battle, no pairwise order change inside the horizon",49.874166666666156,6.32,-50.12861111111124,False,5.777777777777715,False,False,,,,96.84,,False,97.0,,True,False,2026-03-15 07:08:12.571,30.0,120.0,False,False,False
china_2026_R_00096,china_2026_R,SAI,HUL,2026-03-15 07:07:42.771,3,ON_TRACK_PASS,race-distance ordering and target DriverAhead both show the swap,10.144166666666933,6.76,-10.144166666666933,False,6.3333333333332575,True,True,2026-03-15 07:07:49.731,6.96,6.96,6.96,6.96,False,200.0,-113.99999999999864,True,False,2026-03-15 07:08:12.771,30.0,120.0,False,False,False
china_2026_R_00097,china_2026_R,LAW,COL,2026-03-15 07:07:45.331,3,CLOSE_INTERACTION_NO_PASS,"valid close battle, no pairwise order change inside the horizon; the pair did swap 63.2 s after t0, outside it",37.26249999999959,4.4,-37.74472222222175,False,4.722222222222172,False,False,,,63.24,63.24,63.24,True,179.0,,True,False,2026-03-15 07:08:15.331,30.0,120.0,False,False,False
china_2026_R_00098,china_2026_R,COL,VER,2026-03-15 07:07:46.331,3,ON_TRACK_PASS,race-distance ordering and target DriverAhead both show the swap,95.9286111111112,3.4,-95.44638888888949,False,28.333333333333258,True,True,2026-03-15 07:07:50.211,3.88,3.88,3.88,3.88,False,102.0,89.06249999999937,True,False,2026-03-15 07:08:16.331,30.0,120.0,False,False,False
china_2026_R_00099,china_2026_R,RUS,ANT,2026-03-15 07:07:47.331,3,CLOSE_INTERACTION_NO_PASS,"valid close battle, no pairwise order change inside the horizon; the pair did swap 33.6 s after t0, outside it",13.854722222222563,4.76,-13.854722222222335,False,7.399999999999864,False,False,,,33.64,33.64,33.64,True,100.0,,True,False,2026-03-15 07:08:17.331,30.0,120.0,False,False,False
china_2026_R_00100,china_2026_R,OCO,LAW,2026-03-15 07:07:48.571,3,CLOSE_INTERACTION_NO_PASS,"valid close battle, no pairwise order change inside the horizon; the pair did swap 63.2 s after t0, outside it",58.775833333333594,9.32,-58.77583333333314,False,14.155555555555566,False,False,,,63.161,63.161,63.161,True,245.0,,True,False,2026-03-15 07:08:18.571,30.0,120.0,False,False,False
china_2026_R_00101,china_2026_R,GAS,RUS,2026-03-15 07:07:49.731,3,CLOSE_INTERACTION_NO_PASS,"valid close battle, no pairwise order change inside the horizon; the pair did swap 57.6 s after t0, outside it",18.26083333333304,3.48,-18.26083333333372,False,16.837777777777774,False,False,,,57.6,57.6,57.6,True,74.0,,True,False,2026-03-15 07:08:19.731,30.0,120.0,False,False,False
china_2026_R_00102,china_2026_R,HUL,SAI,2026-03-15 07:07:50.211,3,CLOSE_INTERACTION_NO_PASS,"valid close battle, no pairwise order change inside the horizon",10.911388888888155,3.0,-10.911388888889633,False,11.859166666666624,False,False,,,,88.921,,False,198.0,-61.99999999999904,True,False,2026-03-15 07:08:20.211,30.0,120.0,False,False,False
china_2026_R_00103,china_2026_R,HAM,ANT,2026-03-15 07:07:52.251,3,CLOSE_INTERACTION_NO_PASS,"valid close battle, no pairwise order change inside the horizon; the pair did swap 30.6 s after t0, outside it",49.10111111110996,9.4,-48.80999999999949,False,2.199999999999818,False,False,,,30.6,30.6,30.6,True,214.0,,True,False,2026-03-15 07:08:22.251,30.0,120.0,False,False,False
china_2026_R_00104,china_2026_R,RUS,HAM,2026-03-15 07:07:53.651,3,ON_TRACK_PASS,race-distance ordering and target DriverAhead both show the swap,10.11138888889036,8.0,-10.402500000001965,False,2.800000000000182,True,True,2026-03-15 07:08:02.011,8.36,8.36,8.36,8.36,False,228.0,-25.342857142856705,True,False,2026-03-15 07:08:23.651,30.0,120.0,False,False,False
china_2026_R_00105,china_2026_R,LEC,HAM,2026-03-15 07:08:02.011,3,CLOSE_INTERACTION_NO_PASS,"valid close battle, no pairwise order change inside the horizon",55.39833333333536,9.08,-55.322777777779265,False,6.300000000000182,False,False,,,,,,False,179.0,,True,False,2026-03-15 07:08:32.011,30.0,120.0,False,False,False
china_2026_R_00106,china_2026_R,LIN,OCO,2026-03-15 07:08:02.211,3,ON_TRACK_PASS,race-distance ordering and target DriverAhead both show the swap,11.182222222222435,7.48,-11.182222222221753,False,3.5999999999994543,True,True,2026-03-15 07:08:10.011,7.8,7.8,7.8,7.8,False,242.0,-30.50000000000061,True,False,2026-03-15 07:08:32.211,30.0,120.0,False,False,False
china_2026_R_00107,china_2026_R,ALO,HUL,2026-03-15 07:08:03.171,3,ON_TRACK_PASS,race-distance ordering and target DriverAhead both show the swap,86.14138888888965,3.52,-86.04916666666759,False,11.970000000000027,True,True,2026-03-15 07:08:06.931,3.76,3.76,3.76,3.76,False,165.0,,True,False,2026-03-15 07:08:33.171,30.0,120.0,False,False,False
china_2026_R_00108,china_2026_R,HUL,BOT,2026-03-15 07:08:03.171,3,CLOSE_INTERACTION_NO_PASS,"valid close battle, no pairwise order change inside the horizon; the pair did swap 107.7 s after t0, outside it",32.29250000000002,3.28,-32.389166666667734,False,11.700000000000045,False,False,,,78.4,107.721,107.721,True,119.0,,True,False,2026-03-15 07:08:33.171,30.0,120.0,False,False,False
china_2026_R_00109,china_2026_R,BOT,SAI,2026-03-15 07:08:03.811,3,ON_TRACK_PASS,race-distance ordering and target DriverAhead both show the swap,12.474722222221772,26.2,-12.378055555554965,False,16.333333333333485,True,True,2026-03-15 07:08:19.051,15.24,15.24,15.24,15.24,False,224.0,-63.500000000000654,True,False,2026-03-15 07:08:33.811,30.0,120.0,False,False,False
china_2026_R_00110,china_2026_R,STR,ALO,2026-03-15 07:08:03.811,3,CLOSE_INTERACTION_NO_PASS,"valid close battle, no pairwise order change inside the horizon; the pair did swap 32.8 s after t0, outside it",12.982777777777983,22.2,-12.969999999999345,False,7.944444444444798,False,False,,,32.8,32.8,32.8,True,175.0,-66.00000000000009,True,False,2026-03-15 07:08:33.811,30.0,120.0,False,False,False
china_2026_R_00111,china_2026_R,HAM,RUS,2026-03-15 07:08:05.891,3,ON_TRACK_PASS,race-distance ordering and target DriverAhead both show the swap,10.180833333332885,5.2,-9.88972222222219,False,5.700000000000273,True,True,2026-03-15 07:08:11.572,5.681,5.681,5.681,5.681,False,174.0,-12.261170212765872,True,False,2026-03-15 07:08:35.891,30.0,120.0,False,False,False
china_2026_R_00112,china_2026_R,LIN,LAW,2026-03-15 07:08:10.011,3,ON_TRACK_PASS,race-distance ordering and target DriverAhead both show the swap,43.85916666666799,7.64,-43.85916666666708,False,10.0,True,True,2026-03-15 07:08:26.651,16.64,16.64,16.64,16.64,False,166.0,,True,False,2026-03-15 07:08:40.011,30.0,120.0,False,False,False
china_2026_R_00113,china_2026_R,ALO,BOT,2026-03-15 07:08:10.211,3,CLOSE_INTERACTION_NO_PASS,"valid close battle, no pairwise order change inside the horizon",98.51138888888886,19.8,-98.51583333333474,False,8.500000000000455,False,False,,,,62.121,,False,204.0,23.16326530612366,True,False,2026-03-15 07:08:40.211,30.0,120.0,False,False,False
china_2026_R_00114,china_2026_R,LEC,RUS,2026-03-15 07:08:11.572,3,CLOSE_INTERACTION_NO_PASS,"valid close battle, no pairwise order change inside the horizon",49.32416666666904,4.519,-48.957500000002256,False,1.5555555555552019,False,False,,,,,,False,203.0,,True,False,2026-03-15 07:08:41.572,30.0,120.0,False,False,False
china_2026_R_00115,china_2026_R,BEA,OCO,2026-03-15 07:08:13.291,3,CLOSE_INTERACTION_NO_PASS,"valid close battle, no pairwise order change inside the horizon; the pair did swap 118.5 s after t0, outside it",99.43694444444463,4.36,-99.1825000000008,False,7.199999999999818,False,False,,,64.841,118.521,118.521,True,151.0,21.76148923792892,True,False,2026-03-15 07:08:43.291,30.0,120.0,False,False,False
china_2026_R_00116,china_2026_R,HUL,PER,2026-03-15 07:08:19.411,3,ON_TRACK_PASS,race-distance ordering and target DriverAhead both show the swap,11.44305555555502,5.961,-11.735555555555038,False,11.5,True,True,2026-03-15 07:08:25.611,6.2,6.2,6.2,6.2,False,193.0,-39.28410513141303,True,False,2026-03-15 07:08:49.411,30.0,120.0,False,False,False
china_2026_R_00117,china_2026_R,GAS,HAM,2026-03-15 07:08:19.811,3,CLOSE_INTERACTION_NO_PASS,"valid close battle, no pairwise order change inside the horizon; the pair did swap 34.6 s after t0, outside it",19.129166666667516,5.8,-19.42027777777912,False,11.266666666666879,False,False,,,34.56,34.56,34.56,True,110.0,,True,False,2026-03-15 07:08:49.811,30.0,120.0,False,False,False
china_2026_R_00118,china_2026_R,LAW,VER,2026-03-15 07:08:19.811,3,ON_TRACK_PASS,race-distance ordering and target DriverAhead both show the swap,66.76388888888914,3.04,-66.76388888888869,False,6.555555555555657,True,True,2026-03-15 07:08:35.531,15.72,15.72,15.72,15.72,False,173.0,,True,False,2026-03-15 07:08:49.811,30.0,120.0,False,False,False
china_2026_R_00119,china_2026_R,LEC,GAS,2026-03-15 07:08:21.571,3,ON_TRACK_PASS,race-distance ordering and target DriverAhead both show the swap,10.44555555555553,10.201,-10.078888888889196,False,5.4391666666665515,True,True,2026-03-15 07:08:31.972,10.401,10.401,10.401,10.401,False,103.0,-20.795454545453303,True,False,2026-03-15 07:08:51.571,30.0,120.0,False,False,False
china_2026_R_00120,china_2026_R,LAW,COL,2026-03-15 07:08:23.091,3,ON_TRACK_PASS,race-distance ordering and target DriverAhead both show the swap,38.99194444444447,25.16,-39.47416666666686,False,12.366666666664969,True,True,2026-03-15 07:08:48.571,25.48,25.48,25.48,25.48,False,119.0,,True,False,2026-03-15 07:08:53.091,30.0,120.0,False,False,False
china_2026_R_00121,china_2026_R,VER,LEC,2026-03-15 07:08:24.171,3,ON_TRACK_PASS,race-distance ordering and target DriverAhead both show the swap,87.91749999999956,7.041,-88.28416666666635,False,17.922500000000127,True,True,2026-03-15 07:08:26.931,2.76,2.76,2.76,2.76,False,102.0,163.85185185185188,True,False,2026-03-15 07:08:54.171,30.0,120.0,False,False,False
china_2026_R_00122,china_2026_R,OCO,LIN,2026-03-15 07:08:25.372,3,ON_TRACK_PASS,race-distance ordering and target DriverAhead both show the swap,11.647222222221444,6.4,-11.64722222222008,False,4.277777777777374,True,True,2026-03-15 07:08:31.972,6.6,6.6,6.6,6.6,False,182.0,-76.99999999999272,True,False,2026-03-15 07:08:55.372,30.0,120.0,False,False,False
china_2026_R_00123,china_2026_R,HAM,ANT,2026-03-15 07:08:26.011,3,ON_TRACK_PASS,race-distance ordering and target DriverAhead both show the swap,22.35944444444658,15.08,-22.06833333333634,False,8.799999999999272,True,True,2026-03-15 07:08:41.931,15.92,15.92,15.92,15.92,False,233.0,,True,False,2026-03-15 07:08:56.011,30.0,120.0,False,False,False
china_2026_R_00124,china_2026_R,PER,HUL,2026-03-15 07:08:26.011,3,ON_TRACK_PASS,race-distance ordering and target DriverAhead both show the swap,20.638333333331957,6.4,-20.34583333333103,False,13.888888888888687,True,True,2026-03-15 07:08:32.571,6.5600000000000005,6.5600000000000005,6.5600000000000005,6.5600000000000005,False,238.0,-124.99999999999818,True,False,2026-03-15 07:08:56.011,30.0,120.0,False,False,False
china_2026_R_00125,china_2026_R,RUS,HAM,2026-03-15 07:08:27.411,3,ON_TRACK_PASS,race-distance ordering and target DriverAhead both show the swap,10.727500000000418,17.721,-11.018611111110658,False,14.206111111111568,True,True,2026-03-15 07:08:41.251,13.84,13.84,13.84,13.84,False,249.0,-17.88571428571361,True,False,2026-03-15 07:08:57.411,30.0,120.0,False,False,False
china_2026_R_00126,china_2026_R,COL,VER,2026-03-15 07:08:30.891,3,ON_TRACK_PASS,race-distance ordering and target DriverAhead both show the swap,96.21722222222206,3.44,-95.73500000000058,False,9.444444444444343,True,True,2026-03-15 07:08:35.291,4.4,4.4,4.4,4.4,False,85.0,64.44897959183854,True,False,2026-03-15 07:09:00.891,30.0,120.0,False,False,False
china_2026_R_00127,china_2026_R,OCO,LAW,2026-03-15 07:08:31.972,3,ON_TRACK_PASS,race-distance ordering and target DriverAhead both show the swap,19.052222222222554,16.279,-19.052222222222554,False,2.8444444444444343,True,True,2026-03-15 07:08:51.732,19.76,19.76,19.76,19.76,False,122.0,,True,False,2026-03-15 07:09:01.972,30.0,120.0,False,False,False
china_2026_R_00128,china_2026_R,SAI,BEA,2026-03-15 07:08:32.411,3,ON_TRACK_PASS,race-distance ordering and target DriverAhead both show the swap,42.57916666666506,3.76,-42.83361111110935,False,9.599999999999909,True,True,2026-03-15 07:08:36.411,4.0,4.0,4.0,4.0,False,93.0,,True,False,2026-03-15 07:09:02.411,30.0,120.0,False,False,False
china_2026_R_00129,china_2026_R,GAS,LEC,2026-03-15 07:08:32.411,3,ON_TRACK_PASS,race-distance ordering and target DriverAhead both show the swap,12.427499999999782,10.96,-12.79416666666657,False,13.777777777778283,True,True,2026-03-15 07:08:43.851,11.44,11.44,11.44,11.44,False,303.0,-77.99999999998965,True,False,2026-03-15 07:09:02.411,30.0,120.0,False,False,False
china_2026_R_00130,china_2026_R,LIN,OCO,2026-03-15 07:08:32.571,3,CLOSE_INTERACTION_NO_PASS,"valid close battle, no pairwise order change inside the horizon",11.147500000002765,16.92,-11.147500000002765,False,11.200000000000728,False,False,,,,119.801,,False,162.0,-61.99999999999805,True,False,2026-03-15 07:09:02.571,30.0,120.0,False,False,False
china_2026_R_00131,china_2026_R,BOT,BEA,2026-03-15 07:08:36.411,3,CLOSE_INTERACTION_NO_PASS,"valid close battle, no pairwise order change inside the horizon",32.2577777777783,6.96,-32.41555555555533,False,10.66666666666697,False,False,,,,63.32,,False,93.0,,True,False,2026-03-15 07:09:06.411,30.0,120.0,False,False,False
china_2026_R_00132,china_2026_R,STR,BOT,2026-03-15 07:08:36.611,3,ON_TRACK_PASS,race-distance ordering and target DriverAhead both show the swap,99.82694444444678,19.84,-99.81861111111357,False,16.35555555555493,True,True,2026-03-15 07:08:56.851,20.24,20.24,20.24,20.24,False,113.0,,True,False,2026-03-15 07:09:06.611,30.0,120.0,False,False,False
china_2026_R_00133,china_2026_R,VER,LIN,2026-03-15 07:08:38.172,3,CLOSE_INTERACTION_NO_PASS,"valid close battle, no pairwise order change inside the horizon",16.150555555553638,12.319,-16.150555555554092,False,15.644444444444161,False,False,,,,36.639,,False,261.0,-175.99999999999682,True,False,2026-03-15 07:09:08.172,30.0,120.0,False,False,False
china_2026_R_00134,china_2026_R,ALO,STR,2026-03-15 07:08:38.772,3,CLOSE_INTERACTION_NO_PASS,"valid close battle, no pairwise order change inside the horizon",12.128611111106693,17.439,-12.141388888885558,False,20.088888888888505,False,False,,,,41.399,,False,115.0,-19.999999999999652,True,False,2026-03-15 07:09:08.772,30.0,120.0,False,False,False
china_2026_R_00135,china_2026_R,ANT,RUS,2026-03-15 07:08:42.611,3,ON_TRACK_PASS,race-distance ordering and target DriverAhead both show the swap,32.0908333333291,5.96,-32.09083333333001,False,32.86666666666588,True,True,2026-03-15 07:08:48.931,6.32,6.32,6.32,6.32,False,195.0,,True,False,2026-03-15 07:09:12.611,30.0,120.0,False,False,False
china_2026_R_00136,china_2026_R,COL,LEC,2026-03-15 07:08:46.411,3,CLOSE_INTERACTION_NO_PASS,"valid close battle, no pairwise order change inside the horizon",91.24166666666588,3.08,-91.12611111110891,False,17.955555555554383,False,False,,,98.321,,,False,64.0,250.45772886443194,True,False,2026-03-15 07:09:16.411,30.0,120.0,False,False,False
china_2026_R_00137,china_2026_R,RUS,ANT,2026-03-15 07:08:49.491,3,UNCERTAIN,"only one of the two order-change signals fired (distance=True, driver_ahead=False)",11.120277777782576,8.441,-11.120277777783485,False,6.969166666665842,True,False,2026-03-15 07:09:09.451,19.96,19.96,91.12,91.12,True,216.0,-51.00000000000623,True,False,2026-03-15 07:09:19.491,30.0,120.0,False,False,False
china_2026_R_00138,china_2026_R,VER,COL,2026-03-15 07:08:50.691,3,ON_TRACK_PASS,race-distance ordering and target DriverAhead both show the swap,43.03222222222212,3.36,-43.51444444444496,False,25.818055555555475,True,True,2026-03-15 07:08:52.291,1.6,1.6,1.6,1.6,False,64.0,,True,False,2026-03-15 07:09:20.691,30.0,120.0,False,False,False
china_2026_R_00139,china_2026_R,SAI,COL,2026-03-15 07:08:52.291,3,UNCERTAIN,"only one of the two order-change signals fired (distance=True, driver_ahead=False)",58.62638888888705,6.8,-59.108611111108985,False,19.555555555556566,True,False,2026-03-15 07:09:15.851,23.56,23.56,100.321,100.321,True,97.0,,True,False,2026-03-15 07:09:22.291,30.0,120.0,False,False,False
china_2026_R_00140,china_2026_R,LAW,LEC,2026-03-15 07:08:53.491,3,UNCERTAIN,"only one of the two order-change signals fired (distance=True, driver_ahead=False)",12.09833333332881,3.6,-12.464999999996508,False,12.222222222221717,True,False,2026-03-15 07:09:15.411,21.92,21.92,,,False,177.0,-68.9999999999884,True,False,2026-03-15 07:09:23.491,30.0,120.0,False,False,False
china_2026_R_00141,china_2026_R,OCO,RUS,2026-03-15 07:08:54.051,3,ON_TRACK_PASS,race-distance ordering and target DriverAhead both show the swap,92.08722222221513,6.76,-92.08722222221695,False,15.111111111111313,True,True,2026-03-15 07:08:56.851,2.8,2.8,2.8,2.8,False,155.0,156.03595622720403,True,False,2026-03-15 07:09:24.051,30.0,120.0,False,False,False
china_2026_R_00142,china_2026_R,VER,SAI,2026-03-15 07:08:54.371,3,UNCERTAIN,"only one of the two order-change signals fired (distance=False, driver_ahead=True)",10.128055555558603,12.8,-10.128055555558603,False,23.81111111111295,False,True,2026-03-15 07:09:08.811,14.44,,14.44,,False,182.0,,True,False,2026-03-15 07:09:24.371,30.0,120.0,False,False,False
china_2026_R_00143,china_2026_R,BEA,LEC,2026-03-15 07:08:57.932,3,UNCERTAIN,"only one of the two order-change signals fired (distance=True, driver_ahead=False)",94.60972222222335,10.279,-94.7219444444454,False,29.13333333333412,True,False,2026-03-15 07:09:08.811,10.879,10.879,97.519,97.519,True,261.0,83.00000000002001,True,False,2026-03-15 07:09:27.932,30.0,120.0,False,False,False
china_2026_R_00144,china_2026_R,SAI,LAW,2026-03-15 07:08:59.371,3,UNCERTAIN,"only one of the two order-change signals fired (distance=True, driver_ahead=False)",59.88888888888687,7.6,-59.888888888890506,False,25.133333333333212,True,False,2026-03-15 07:09:16.411,17.04,17.04,,,False,108.0,,True,False,2026-03-15 07:09:29.371,30.0,120.0,False,False,False
china_2026_R_00145,china_2026_R,LAW,COL,2026-03-15 07:08:59.931,3,UNCERTAIN,"only one of the two order-change signals fired (distance=True, driver_ahead=False)",10.985000000001492,28.28,-11.467222222225246,False,24.608888888886597,True,False,2026-03-15 07:09:12.971,13.04,13.04,88.56,88.56,True,158.0,-54.00000000000935,True,False,2026-03-15 07:09:29.931,30.0,120.0,False,False,False
china_2026_R_00146,china_2026_R,LEC,HAM,2026-03-15 07:09:02.411,4,CLOSE_INTERACTION_NO_PASS,"valid close battle, no pairwise order change inside the horizon",60.15805555555562,62.281,-60.223888888885995,False,11.277777777777828,False,False,,,,,,False,283.0,,True,False,2026-03-15 07:09:32.411,30.0,120.0,False,False,False
china_2026_R_00147,china_2026_R,BOT,STR,2026-03-15 07:09:02.931,3,UNCERTAIN,"only one of the two order-change signals fired (distance=False, driver_ahead=True)",95.3747222222255,8.601,-95.38305555555962,False,16.622222222222263,False,True,2026-03-15 07:09:13.771,10.84,32.68,10.84,32.68,True,70.0,104.02173913043183,True,False,2026-03-15 07:09:32.931,30.0,120.0,False,False,False
china_2026_R_00148,china_2026_R,HAM,RUS,2026-03-15 07:09:03.571,4,CLOSE_INTERACTION_NO_PASS,"valid close battle, no pairwise order change inside the horizon; the pair did swap 79.0 s after t0, outside it",11.706944444444446,78.68,-11.619722222221753,False,37.16666666666879,False,False,,,79.0,79.0,79.0,True,314.0,-33.206896551724455,True,False,2026-03-15 07:09:33.571,30.0,120.0,False,False,False
china_2026_R_00149,china_2026_R,OCO,LAW,2026-03-15 07:09:05.931,4,CLOSE_INTERACTION_NO_PASS,"valid close battle, no pairwise order change inside the horizon; the pair did swap 89.4 s after t0, outside it",51.49972222222222,55.96,-60.548611111109494,False,12.233333333333348,False,False,,,89.36,89.36,89.36,True,288.0,,True,False,2026-03-15 07:09:35.931,30.0,120.0,False,False,False
china_2026_R_00150,china_2026_R,HUL,BOT,2026-03-15 07:09:06.691,3,UNCERTAIN,"only one of the two order-change signals fired (distance=True, driver_ahead=False)",95.23749999999654,3.44,-95.3341666666638,False,12.288888888889232,True,False,2026-03-15 07:09:21.571,14.88,14.88,44.201,44.201,True,142.0,139.52323087919868,True,False,2026-03-15 07:09:36.691,30.0,120.0,False,False,False
china_2026_R_00151,china_2026_R,BEA,SAI,2026-03-15 07:09:09.251,4,ON_TRACK_PASS,race-distance ordering and target DriverAhead both show the swap,32.75166666666666,8.881,-32.751666666667006,False,5.133333333333269,True,True,2026-03-15 07:09:18.332,9.081,9.081,9.081,9.081,False,266.0,,True,False,2026-03-15 07:09:39.251,30.0,120.0,False,False,False
china_2026_R_00152,china_2026_R,ALO,HUL,2026-03-15 07:09:10.131,3,CLOSE_INTERACTION_NO_PASS,"valid close battle, no pairwise order change inside the horizon",98.70111111110873,8.401,-98.60888888888803,False,33.03249999999825,False,False,,,,103.72,,False,190.0,27.541666666666632,True,False,2026-03-15 07:09:40.131,30.0,120.0,False,False,False
china_2026_R_00153,china_2026_R,COL,GAS,2026-03-15 07:09:10.411,4,ON_TRACK_PASS,race-distance ordering and target DriverAhead both show the swap,98.96138888888902,17.8,-98.9613888888889,False,27.844444444444434,True,True,2026-03-15 07:09:28.611,18.2,18.2,18.2,18.2,False,149.0,114.1333333333331,True,False,2026-03-15 07:09:40.411,30.0,120.0,False,False,False
china_2026_R_00154,china_2026_R,BOT,ALO,2026-03-15 07:09:12.332,4,ON_TRACK_PASS,race-distance ordering and target DriverAhead both show the swap,48.22277777777777,7.079,-47.27333333333445,False,6.444444444444343,True,True,2026-03-15 07:09:20.171,7.839,7.839,7.839,7.839,False,280.0,,True,False,2026-03-15 07:09:42.332,30.0,120.0,False,False,False
china_2026_R_00155,china_2026_R,SAI,LIN,2026-03-15 07:09:14.811,4,CLOSE_INTERACTION_NO_PASS,"valid close battle, no pairwise order change inside the horizon",91.33499999999998,3.321,-91.33499999999913,False,3.2222222222222854,False,False,,,,,,False,197.0,,True,False,2026-03-15 07:09:44.811,30.0,120.0,False,False,False
china_2026_R_00156,china_2026_R,VER,OCO,2026-03-15 07:09:14.811,4,CLOSE_INTERACTION_NO_PASS,"valid close battle, no pairwise order change inside the horizon",56.47888888888872,11.36,-57.08555555555358,False,10.666666666666629,False,False,,,,101.761,,False,164.0,,True,False,2026-03-15 07:09:44.811,30.0,120.0,False,False,False
china_2026_R_00157,china_2026_R,LIN,VER,2026-03-15 07:09:15.411,4,ON_TRACK_PASS,race-distance ordering and target DriverAhead both show the swap,11.212777777777887,10.76,-11.212777777775045,False,6.333333333333371,True,True,2026-03-15 07:09:26.491,11.08,11.08,11.08,11.08,False,238.0,-55.999999999999545,True,False,2026-03-15 07:09:45.411,30.0,120.0,False,False,False
china_2026_R_00158,china_2026_R,BEA,LIN,2026-03-15 07:09:18.332,4,CLOSE_INTERACTION_NO_PASS,"valid close battle, no pairwise order change inside the horizon; the pair did swap 52.3 s after t0, outside it",65.21972222222212,7.839,-65.21972222222394,False,5.836388888888905,False,False,,,52.28,52.28,52.28,True,112.0,,True,False,2026-03-15 07:09:48.332,30.0,120.0,False,False,False
china_2026_R_00159,china_2026_R,BOT,SAI,2026-03-15 07:09:20.171,4,CLOSE_INTERACTION_NO_PASS,"valid close battle, no pairwise order change inside the horizon",79.91055555555522,7.64,-78.28055555555693,False,13.955555555555406,False,False,,,,,,False,103.0,,True,False,2026-03-15 07:09:50.171,30.0,120.0,False,False,False
china_2026_R_00160,china_2026_R,ALO,BOT,2026-03-15 07:09:20.171,4,CLOSE_INTERACTION_NO_PASS,"valid close battle, no pairwise order change inside the horizon; the pair did swap 62.1 s after t0, outside it",12.819166666666547,17.401,-13.768611111110658,False,10.33333333333303,False,False,,,62.08,62.08,62.08,True,251.0,,True,False,2026-03-15 07:09:50.171,30.0,120.0,False,False,False
china_2026_R_00161,china_2026_R,STR,ALO,2026-03-15 07:09:21.571,4,ON_TRACK_PASS,race-distance ordering and target DriverAhead both show the swap,99.84277777777777,9.201,-100.43861111110891,False,4.088888888888846,True,True,2026-03-15 07:09:40.731,19.16,19.16,19.16,19.16,False,142.0,31.114285714285778,True,False,2026-03-15 07:09:51.571,30.0,120.0,False,False,False
china_2026_R_00162,china_2026_R,GAS,HUL,2026-03-15 07:09:23.171,4,ON_TRACK_PASS,race-distance ordering and target DriverAhead both show the swap,12.931111111111022,5.04,-12.931111111112841,False,13.699999999999818,True,True,2026-03-15 07:09:39.052,15.881,15.881,15.881,15.881,False,304.0,-137.0000000000016,True,False,2026-03-15 07:09:53.171,30.0,120.0,False,False,False
china_2026_R_00163,china_2026_R,LIN,OCO,2026-03-15 07:09:26.491,4,CLOSE_INTERACTION_NO_PASS,"valid close battle, no pairwise order change inside the horizon; the pair did swap 65.9 s after t0, outside it",43.010833333333494,46.321,-43.61750000000029,False,34.02361111111122,False,False,,,65.881,65.881,65.881,True,199.0,,True,False,2026-03-15 07:09:56.491,30.0,120.0,False,False,False
china_2026_R_00164,china_2026_R,VER,LIN,2026-03-15 07:09:27.371,4,CLOSE_INTERACTION_NO_PASS,"valid close battle, no pairwise order change inside the horizon",10.965277777777715,48.6,-10.965277777777374,False,17.311111111110904,False,False,,,,80.08,,False,194.0,-37.31818181818106,True,False,2026-03-15 07:09:57.371,30.0,120.0,False,False,False
china_2026_R_00165,china_2026_R,BOT,BEA,2026-03-15 07:09:28.211,4,ON_TRACK_PASS,race-distance ordering and target DriverAhead both show the swap,18.148333333333312,3.881,-16.51833333333343,False,9.900000000000091,True,True,2026-03-15 07:09:39.731,11.52,11.52,11.52,11.52,False,127.0,,True,False,2026-03-15 07:09:58.211,30.0,120.0,False,False,False
china_2026_R_00166,china_2026_R,HUL,COL,2026-03-15 07:09:30.612,4,ON_TRACK_PASS,race-distance ordering and target DriverAhead both show the swap,17.765000000000327,4.799,-17.764999999999418,False,10.500000000000227,True,True,2026-03-15 07:09:35.611,4.999,4.999,4.999,4.999,False,260.0,-135.00000000000293,True,False,2026-03-15 07:10:00.612,30.0,120.0,False,False,False
china_2026_R_00167,china_2026_R,LAW,HUL,2026-03-15 07:09:31.052,4,ON_TRACK_PASS,race-distance ordering and target DriverAhead both show the swap,41.67694444444464,4.359,-32.021388888890215,False,12.266666666666652,True,True,2026-03-15 07:09:42.451,11.399000000000001,11.399000000000001,11.399000000000001,11.399000000000001,False,125.0,,True,False,2026-03-15 07:10:01.052,30.0,120.0,False,False,False
china_2026_R_00168,china_2026_R,SAI,VER,2026-03-15 07:09:34.451,4,CLOSE_INTERACTION_NO_PASS,"valid close battle, no pairwise order change inside the horizon; the pair did swap 42.0 s after t0, outside it",97.93083333333357,11.68,-97.93083333333561,False,9.300000000000182,False,False,,,42.001,42.001,42.001,True,227.0,18.224055348589253,True,False,2026-03-15 07:10:04.451,30.0,120.0,False,False,False
china_2026_R_00169,china_2026_R,ALO,STR,2026-03-15 07:09:41.011,4,ON_TRACK_PASS,race-distance ordering and target DriverAhead both show the swap,14.50611111111175,4.121,-13.910277777777083,False,10.100000000000136,True,True,2026-03-15 07:09:45.332,4.321,4.321,4.321,4.321,False,205.0,-125.99999999999942,True,False,2026-03-15 07:10:11.011,30.0,120.0,False,False,False
china_2026_R_00170,china_2026_R,BEA,SAI,2026-03-15 07:09:42.691,4,ON_TRACK_PASS,race-distance ordering and target DriverAhead both show the swap,60.741388888889105,6.16,-60.74138888888774,False,2.04444444444448,True,True,2026-03-15 07:10:08.691,26.0,26.0,26.0,26.0,False,216.0,,True,False,2026-03-15 07:10:12.691,30.0,120.0,False,False,False
china_2026_R_00171,china_2026_R,LAW,GAS,2026-03-15 07:09:44.612,4,ON_TRACK_PASS,race-distance ordering and target DriverAhead both show the swap,68.96555555555688,7.92,-59.31000000000131,False,8.800000000000182,True,True,2026-03-15 07:10:02.091,17.479,17.479,17.479,17.479,False,171.0,,True,False,2026-03-15 07:10:14.612,30.0,120.0,False,False,False
china_2026_R_00172,china_2026_R,GAS,COL,2026-03-15 07:09:45.132,4,ON_TRACK_PASS,race-distance ordering and target DriverAhead both show the swap,12.247222222221808,7.4,-12.247222222220444,False,6.933333333333394,True,True,2026-03-15 07:09:52.692,7.5600000000000005,7.5600000000000005,7.5600000000000005,7.5600000000000005,False,234.0,-62.307692307695454,True,False,2026-03-15 07:10:15.132,30.0,120.0,False,False,False
china_2026_R_00173,china_2026_R,HUL,BEA,2026-03-15 07:09:51.332,4,CLOSE_INTERACTION_NO_PASS,"valid close battle, no pairwise order change inside the horizon",13.59194444444347,17.039,-13.591944444440742,False,7.599999999999909,False,False,,,,,,False,203.0,-83.09090909090918,True,False,2026-03-15 07:10:21.332,30.0,120.0,False,False,False
china_2026_R_00174,china_2026_R,BOT,HUL,2026-03-15 07:09:51.812,4,CLOSE_INTERACTION_NO_PASS,"valid close battle, no pairwise order change inside the horizon; the pair did swap 101.2 s after t0, outside it",92.34638888889049,14.439,-90.71638888888992,False,9.066666666666606,False,False,,,101.2,98.12,101.2,True,121.0,105.82608695652276,True,False,2026-03-15 07:10:21.812,30.0,120.0,False,False,False
china_2026_R_00175,china_2026_R,LAW,COL,2026-03-15 07:09:52.692,4,CLOSE_INTERACTION_NO_PASS,"valid close battle, no pairwise order change inside the horizon; the pair did swap 35.8 s after t0, outside it",42.6899999999996,6.999,-33.0344444444454,False,5.745277777777574,False,False,,,35.799,35.799,35.799,True,118.0,,True,False,2026-03-15 07:10:22.692,30.0,120.0,False,False,False
china_2026_R_00176,china_2026_R,COL,GAS,2026-03-15 07:09:53.131,4,ON_TRACK_PASS,race-distance ordering and target DriverAhead both show the swap,10.596944444445398,6.56,-10.59694444444176,False,14.222222222221717,True,True,2026-03-15 07:10:00.011,6.88,6.88,6.88,6.88,False,215.0,-81.83371298405716,True,False,2026-03-15 07:10:23.131,30.0,120.0,False,False,False
china_2026_R_00177,china_2026_R,OCO,GAS,2026-03-15 07:10:02.091,4,ON_TRACK_PASS,race-distance ordering and target DriverAhead both show the swap,46.71055555555404,5.48,-46.10388888888701,False,14.577777777777555,True,True,2026-03-15 07:10:22.851,20.76,20.76,20.76,20.76,False,99.0,,True,False,2026-03-15 07:10:32.091,30.0,120.0,False,False,False
china_2026_R_00178,china_2026_R,GAS,LAW,2026-03-15 07:10:02.731,4,ON_TRACK_PASS,race-distance ordering and target DriverAhead both show the swap,12.740277777778374,4.84,-22.39583333333212,False,6.755555555555475,True,True,2026-03-15 07:10:07.891,5.16,5.16,5.16,5.16,False,144.0,-60.499999999999545,True,False,2026-03-15 07:10:32.731,30.0,120.0,False,False,False
china_2026_R_00179,china_2026_R,OCO,LAW,2026-03-15 07:10:07.891,4,ON_TRACK_PASS,race-distance ordering and target DriverAhead both show the swap,26.52583333333041,11.88,-35.574722222216224,False,3.3777777777777374,True,True,2026-03-15 07:10:35.291,27.4,27.4,27.4,27.4,False,102.0,,True,False,2026-03-15 07:10:37.891,30.0,120.0,False,False,False
china_2026_R_00180,china_2026_R,HUL,SAI,2026-03-15 07:10:08.691,4,CLOSE_INTERACTION_NO_PASS,"valid close battle, no pairwise order change inside the horizon; the pair did swap 31.9 s after t0, outside it",31.572222222221626,7.28,-31.57222222222117,False,8.199999999999818,False,False,,,31.88,31.88,31.88,True,84.0,,True,False,2026-03-15 07:10:38.691,30.0,120.0,False,False,False
china_2026_R_00181,china_2026_R,BEA,OCO,2026-03-15 07:10:10.612,4,ON_TRACK_PASS,race-distance ordering and target DriverAhead both show the swap,17.980555555557657,7.0,-18.587222222224227,False,11.223333333333358,True,True,2026-03-15 07:10:11.812,1.2,1.2,1.2,1.2,False,116.0,,True,False,2026-03-15 07:10:40.612,30.0,120.0,False,False,False
china_2026_R_00182,china_2026_R,LIN,BEA,2026-03-15 07:10:11.172,4,ON_TRACK_PASS,race-distance ordering and target DriverAhead both show the swap,12.857777777776391,7.12,-12.857777777775482,False,33.31249999999909,True,True,2026-03-15 07:10:18.452,7.28,7.28,7.28,7.28,False,189.0,-76.000000000002,True,False,2026-03-15 07:10:41.172,30.0,120.0,False,False,False
china_2026_R_00183,china_2026_R,ALO,STR,2026-03-15 07:10:13.411,4,ON_TRACK_PASS,race-distance ordering and target DriverAhead both show the swap,11.027777777777828,5.041,-10.431944444444525,False,10.388888888889142,True,True,2026-03-15 07:10:18.932,5.521,5.521,5.521,5.521,False,145.0,-64.32387312186844,True,False,2026-03-15 07:10:43.411,30.0,120.0,False,False,False
china_2026_R_00184,china_2026_R,VER,SAI,2026-03-15 07:10:16.852,4,ON_TRACK_PASS,race-distance ordering and target DriverAhead both show the swap,16.993888888885067,13.64,-16.993888888882793,False,11.82222222222208,True,True,2026-03-15 07:10:44.972,28.12,28.12,28.12,28.12,False,220.0,-105.00000000000273,True,False,2026-03-15 07:10:46.852,30.0,120.0,False,False,False
china_2026_R_00185,china_2026_R,BEA,LIN,2026-03-15 07:10:18.932,4,ON_TRACK_PASS,race-distance ordering and target DriverAhead both show the swap,14.59166666666897,13.92,-14.591666666667152,False,14.266666666665515,True,True,2026-03-15 07:10:33.052,14.12,14.12,14.12,14.12,False,296.0,-106.99999999999136,True,False,2026-03-15 07:10:48.932,30.0,120.0,False,False,False
china_2026_R_00186,china_2026_R,SAI,BEA,2026-03-15 07:10:18.932,4,UNCERTAIN,"only one of the two order-change signals fired (distance=False, driver_ahead=True)",93.60333333333665,9.199,-93.60333333333983,False,5.755555555555475,False,True,2026-03-15 07:10:48.571,29.639,,29.639,,False,189.0,71.00000000000023,True,False,2026-03-15 07:10:48.932,30.0,120.0,False,False,False
china_2026_R_00187,china_2026_R,ANT,RUS,2026-03-15 07:10:20.891,4,ON_TRACK_PASS,race-distance ordering and target DriverAhead both show the swap,15.815555555561332,3.841,-15.60000000000582,False,13.300000000000182,True,True,2026-03-15 07:10:25.092,4.201,4.201,4.201,4.201,False,242.0,-171.00000000000233,True,False,2026-03-15 07:10:50.891,30.0,120.0,False,False,False
china_2026_R_00188,china_2026_R,BOT,ALO,2026-03-15 07:10:22.251,4,ON_TRACK_PASS,race-distance ordering and target DriverAhead both show the swap,11.459166666668807,14.041,-10.50972222222481,False,17.648888888888905,True,True,2026-03-15 07:10:36.572,14.321,14.321,14.321,14.321,False,253.0,,True,False,2026-03-15 07:10:52.251,30.0,120.0,False,False,False
china_2026_R_00189,china_2026_R,STR,BOT,2026-03-15 07:10:22.251,4,ON_TRACK_PASS,race-distance ordering and target DriverAhead both show the swap,70.43999999999869,16.681,-71.98527777777781,False,34.611111111110404,True,True,2026-03-15 07:10:39.252,17.001,17.001,17.001,17.001,False,92.0,,True,False,2026-03-15 07:10:52.251,30.0,120.0,False,False,False
china_2026_R_00190,china_2026_R,LIN,GAS,2026-03-15 07:10:22.851,4,ON_TRACK_PASS,race-distance ordering and target DriverAhead both show the swap,99.7397222222221,3.56,-99.73972222222073,False,9.726944444443234,True,True,2026-03-15 07:10:26.611,3.76,3.76,3.76,3.76,False,229.0,,True,False,2026-03-15 07:10:52.851,30.0,120.0,False,False,False
china_2026_R_00191,china_2026_R,GAS,OCO,2026-03-15 07:10:23.212,4,ON_TRACK_PASS,race-distance ordering and target DriverAhead both show the swap,13.3700000000008,3.0,-13.976666666665551,False,10.0,True,True,2026-03-15 07:10:40.571,17.359,17.359,17.359,17.359,False,317.0,-88.00000000000009,True,False,2026-03-15 07:10:53.212,30.0,120.0,False,False,False
china_2026_R_00192,china_2026_R,COL,LEC,2026-03-15 07:10:25.092,4,UNCERTAIN,"only one of the two order-change signals fired (distance=True, driver_ahead=False)",93.50500000000375,3.239,-93.52638888889123,False,12.888888888888687,True,False,2026-03-15 07:10:53.212,28.12,28.12,99.24,99.24,True,80.0,248.04255319149019,True,False,2026-03-15 07:10:55.092,30.0,120.0,False,False,False
china_2026_R_00193,china_2026_R,LAW,LEC,2026-03-15 07:10:28.491,4,CLOSE_INTERACTION_NO_PASS,"valid close battle, no pairwise order change inside the horizon; the pair did swap 100.2 s after t0, outside it",55.63805555556337,4.561,-46.003888888895744,False,11.199999999999818,False,False,,,97.041,100.201,100.201,True,189.0,,True,False,2026-03-15 07:10:58.491,30.0,120.0,False,False,False
china_2026_R_00194,china_2026_R,OCO,LIN,2026-03-15 07:10:32.612,4,ON_TRACK_PASS,race-distance ordering and target DriverAhead both show the swap,17.105833333330338,7.639,-16.499166666664678,False,16.199999999999818,True,True,2026-03-15 07:10:44.092,11.48,11.48,11.48,11.48,False,321.0,-242.9999999999973,True,False,2026-03-15 07:11:02.612,30.0,120.0,False,False,False
china_2026_R_00195,china_2026_R,GAS,COL,2026-03-15 07:10:32.612,4,UNCERTAIN,"only one of the two order-change signals fired (distance=False, driver_ahead=True)",53.78499999999622,6.32,-53.78499999999622,False,7.099999999999454,False,True,2026-03-15 07:10:42.972,10.36,96.08,10.36,96.08,True,154.0,,True,False,2026-03-15 07:11:02.612,30.0,120.0,False,False,False
china_2026_R_00196,china_2026_R,COL,OCO,2026-03-15 07:10:35.051,4,UNCERTAIN,"only one of the two order-change signals fired (distance=True, driver_ahead=False)",41.116666666671335,5.2,-41.723333333338815,False,9.695833333333212,True,False,2026-03-15 07:10:40.571,5.52,5.52,93.0,93.0,True,168.0,,True,False,2026-03-15 07:11:05.051,30.0,120.0,False,False,False
china_2026_R_00197,china_2026_R,RUS,ANT,2026-03-15 07:10:35.451,5,CLOSE_INTERACTION_NO_PASS,"valid close battle, no pairwise order change inside the horizon",95.62694444444443,18.6,-95.62694444444423,False,9.177777777777806,False,False,,,,,,False,282.0,174.05159574467265,True,False,2026-03-15 07:11:05.451,30.0,120.0,False,False,False
china_2026_R_00198,china_2026_R,HAM,RUS,2026-03-15 07:10:36.292,5,CLOSE_INTERACTION_NO_PASS,"valid close battle, no pairwise order change inside the horizon",56.00555555555556,18.799,-55.849999999998545,False,8.38166666666666,False,False,,,97.6,,,False,281.0,,True,False,2026-03-15 07:11:06.292,30.0,120.0,False,False,False
china_2026_R_00199,china_2026_R,ALO,BOT,2026-03-15 07:10:36.572,4,ON_TRACK_PASS,race-distance ordering and target DriverAhead both show the swap,11.353611111109785,8.4,-12.303055555552419,False,24.444444444443434,True,True,2026-03-15 07:10:53.212,16.64,25.039,16.64,25.039,False,335.0,,True,False,2026-03-15 07:11:06.572,30.0,120.0,False,False,False
china_2026_R_00200,china_2026_R,SAI,LAW,2026-03-15 07:10:36.772,4,CLOSE_INTERACTION_NO_PASS,"valid close battle, no pairwise order change inside the horizon; the pair did swap 98.3 s after t0, outside it",58.09555555555198,3.479,-67.75111111110527,False,7.699999999999818,False,False,,,98.32,98.32,98.32,True,75.0,,True,False,2026-03-15 07:11:06.772,30.0,120.0,False,False,False
china_2026_R_00201,china_2026_R,LEC,HAM,2026-03-15 07:10:37.172,5,CLOSE_INTERACTION_NO_PASS,"valid close battle, no pairwise order change inside the horizon; the pair did swap 57.0 s after t0, outside it",61.01972222222223,56.639,-60.93027777777752,False,14.15555555555602,False,False,,,57.039,57.039,57.039,True,288.0,,True,False,2026-03-15 07:11:07.172,30.0,120.0,False,False,False
china_2026_R_00202,china_2026_R,BOT,STR,2026-03-15 07:10:39.252,4,ON_TRACK_PASS,race-distance ordering and target DriverAhead both show the swap,16.24138888888956,6.48,-14.696111111112259,False,18.212499999999636,True,True,2026-03-15 07:10:45.932,6.68,6.68,6.68,6.68,False,301.0,,True,False,2026-03-15 07:11:09.252,30.0,120.0,False,False,False
china_2026_R_00203,china_2026_R,HUL,LAW,2026-03-15 07:10:40.571,4,CLOSE_INTERACTION_NO_PASS,"valid close battle, no pairwise order change inside the horizon",81.86472222222255,3.241,-91.52027777777766,False,11.324166666666315,False,False,,,,,,False,169.0,,True,False,2026-03-15 07:11:10.571,30.0,120.0,False,False,False
china_2026_R_00204,china_2026_R,OCO,GAS,2026-03-15 07:10:41.131,4,ON_TRACK_PASS,race-distance ordering and target DriverAhead both show the swap,11.020833333336668,3.561,-620.849722222214,False,22.7402777777761,True,True,2026-03-15 07:10:49.732,8.600999999999999,8.600999999999999,29.201,29.201,False,229.0,-67.57142857142752,True,False,2026-03-15 07:11:11.131,30.0,120.0,False,False,False
china_2026_R_00205,china_2026_R,OCO,LAW,2026-03-15 07:10:45.332,5,CLOSE_INTERACTION_NO_PASS,"valid close battle, no pairwise order change inside the horizon; the pair did swap 97.0 s after t0, outside it",51.73166666666667,10.96,-51.71611111110906,False,2.877777777777794,False,False,,,97.04,97.04,97.04,True,296.0,,True,False,2026-03-15 07:11:15.332,30.0,120.0,False,False,False
china_2026_R_00206,china_2026_R,SAI,LIN,2026-03-15 07:10:47.651,5,CLOSE_INTERACTION_NO_PASS,"valid close battle, no pairwise order change inside the horizon",62.69388888888889,20.36,-62.69388888888716,False,8.355555555555554,False,False,,,,,,False,225.0,,True,False,2026-03-15 07:11:17.651,30.0,120.0,False,False,False
china_2026_R_00207,china_2026_R,GAS,LEC,2026-03-15 07:10:47.971,5,CLOSE_INTERACTION_NO_PASS,"valid close battle, no pairwise order change inside the horizon; the pair did swap 75.8 s after t0, outside it",94.16472222222262,10.001,-94.40972222222263,False,18.199999999999932,False,False,,,75.761,75.761,75.761,True,111.0,159.9838799332958,True,False,2026-03-15 07:11:17.971,30.0,120.0,False,False,False
china_2026_R_00208,china_2026_R,LIN,VER,2026-03-15 07:10:48.331,5,INVALID,no causal target sample at t0,10.039166666666688,7.761,,False,9.333333333333258,False,False,,,,,,False,,-27.954545454545553,True,False,2026-03-15 07:11:18.331,30.0,120.0,False,False,False
china_2026_R_00209,china_2026_R,BEA,SAI,2026-03-15 07:10:48.571,5,ON_TRACK_PASS,race-distance ordering and target DriverAhead both show the swap,48.10666666666664,5.88,-48.08777777777868,False,7.888888888888857,True,True,2026-03-15 07:10:54.771,6.2,6.2,6.2,6.2,False,278.0,,True,False,2026-03-15 07:11:18.571,30.0,120.0,False,False,False
china_2026_R_00210,china_2026_R,LAW,COL,2026-03-15 07:10:49.171,5,CLOSE_INTERACTION_NO_PASS,"valid close battle, no pairwise order change inside the horizon; the pair did swap 78.9 s after t0, outside it",99.87472222222215,14.481,-100.49250000000029,False,27.67333333333329,False,False,,,78.88,78.88,78.88,True,267.0,12.291666666666963,True,False,2026-03-15 07:11:19.171,30.0,120.0,False,False,False
china_2026_R_00211,china_2026_R,BOT,HUL,2026-03-15 07:10:53.851,5,CLOSE_INTERACTION_NO_PASS,"valid close battle, no pairwise order change inside the horizon; the pair did swap 36.1 s after t0, outside it",85.76972222222221,8.4,-85.64749999999913,False,14.666666666666629,False,False,,,36.081,36.081,36.081,True,149.0,290.6785524214862,True,False,2026-03-15 07:11:23.851,30.0,120.0,False,False,False
china_2026_R_00212,china_2026_R,HUL,ALO,2026-03-15 07:10:54.051,5,CLOSE_INTERACTION_NO_PASS,"valid close battle, no pairwise order change inside the horizon",10.98861111111114,5.881,-11.046944444442488,False,12.088888888888903,False,False,,,,99.681,,False,285.0,-136.00000000000028,True,False,2026-03-15 07:11:24.051,30.0,120.0,False,False,False
china_2026_R_00213,china_2026_R,OCO,VER,2026-03-15 07:10:57.612,5,INVALID,no causal target sample at t0,10.46166666666636,7.36,,False,7.383333333333439,False,False,,,,,,False,,-35.69230769230737,True,False,2026-03-15 07:11:27.612,30.0,120.0,False,False,False
china_2026_R_00214,china_2026_R,LIN,OCO,2026-03-15 07:10:57.612,5,CLOSE_INTERACTION_NO_PASS,"valid close battle, no pairwise order change inside the horizon; the pair did swap 72.6 s after t0, outside it",48.921666666666624,7.36,-48.93722222222277,False,5.155555555555566,False,False,,,72.6,72.6,72.6,True,88.0,,True,False,2026-03-15 07:11:27.612,30.0,120.0,False,False,False
china_2026_R_00215,china_2026_R,COL,BEA,2026-03-15 07:10:58.812,5,ON_TRACK_PASS,race-distance ordering and target DriverAhead both show the swap,21.296111111111486,4.84,-20.69722222222117,False,23.666666666666742,True,True,2026-03-15 07:11:03.892,5.08,5.08,5.08,5.08,False,303.0,,True,False,2026-03-15 07:11:28.812,30.0,120.0,False,False,False
china_2026_R_00216,china_2026_R,BEA,GAS,2026-03-15 07:10:59.212,5,ON_TRACK_PASS,race-distance ordering and target DriverAhead both show the swap,83.77416666666659,4.44,-83.75527777777825,False,2.572499999999991,True,True,2026-03-15 07:11:11.812,12.6,12.6,12.6,12.6,False,116.0,187.00000000000148,True,False,2026-03-15 07:11:29.212,30.0,120.0,False,False,False
china_2026_R_00217,china_2026_R,STR,BOT,2026-03-15 07:11:01.611,5,CLOSE_INTERACTION_NO_PASS,"valid close battle, no pairwise order change inside the horizon; the pair did swap 55.9 s after t0, outside it",95.89083333333338,28.001,-94.17972222222306,False,14.257777777777846,False,False,,,55.921,55.921,55.921,True,164.0,87.1605002605523,True,False,2026-03-15 07:11:31.611,30.0,120.0,False,False,False
china_2026_R_00218,china_2026_R,HUL,SAI,2026-03-15 07:11:02.051,5,CLOSE_INTERACTION_NO_PASS,"valid close battle, no pairwise order change inside the horizon",89.52527777777834,7.721,-89.52527777777868,False,21.069999999999936,False,False,,,,,,False,95.0,,True,False,2026-03-15 07:11:32.051,30.0,120.0,False,False,False
china_2026_R_00219,china_2026_R,BEA,OCO,2026-03-15 07:11:08.731,5,ON_TRACK_PASS,race-distance ordering and target DriverAhead both show the swap,16.6680555555547,4.321,-16.664722222220007,False,15.099999999999909,True,True,2026-03-15 07:11:13.252,4.521,4.521,4.521,4.521,False,262.0,-103.49999999999795,True,False,2026-03-15 07:11:38.731,30.0,120.0,False,False,False
china_2026_R_00220,china_2026_R,GAS,BEA,2026-03-15 07:11:12.052,5,ON_TRACK_PASS,race-distance ordering and target DriverAhead both show the swap,10.330000000000837,4.8,-10.348888888889633,False,35.25083333333305,True,True,2026-03-15 07:11:17.172,5.12,5.12,5.12,5.12,False,259.0,-91.00000000000252,True,False,2026-03-15 07:11:42.052,30.0,120.0,False,False,False
china_2026_R_00221,china_2026_R,ALO,SAI,2026-03-15 07:11:12.492,5,ON_TRACK_PASS,race-distance ordering and target DriverAhead both show the swap,10.957222222222072,4.36,-10.898888888888905,False,20.666666666666742,True,True,2026-03-15 07:11:17.172,4.68,4.68,4.68,4.68,False,274.0,-99.00000000000058,True,False,2026-03-15 07:11:42.492,30.0,120.0,False,False,False
china_2026_R_00222,china_2026_R,GAS,COL,2026-03-15 07:11:15.011,5,ON_TRACK_PASS,race-distance ordering and target DriverAhead both show the swap,50.03388888888867,12.96,-50.65166666666846,False,9.555555555555657,True,True,2026-03-15 07:11:34.651,19.64,19.64,19.64,19.64,False,153.0,,True,False,2026-03-15 07:11:45.011,30.0,120.0,False,False,False
china_2026_R_00223,china_2026_R,HAM,RUS,2026-03-15 07:11:16.532,5,CLOSE_INTERACTION_NO_PASS,"valid close battle, no pairwise order change inside the horizon",98.33611111111213,11.439,-98.18055555555839,False,4.899999999999636,False,False,,,57.36,,,False,215.0,6.45138511678438,True,False,2026-03-15 07:11:46.532,30.0,120.0,False,False,False
china_2026_R_00224,china_2026_R,OCO,LAW,2026-03-15 07:11:17.172,5,CLOSE_INTERACTION_NO_PASS,"valid close battle, no pairwise order change inside the horizon; the pair did swap 65.2 s after t0, outside it",35.96999999999912,10.799,-35.95444444444365,False,2.1777777777774645,False,False,,,65.2,65.2,65.2,True,163.0,,True,False,2026-03-15 07:11:47.172,30.0,120.0,False,False,False
china_2026_R_00225,china_2026_R,LAW,GAS,2026-03-15 07:11:22.492,5,ON_TRACK_PASS,race-distance ordering and target DriverAhead both show the swap,99.06444444444514,5.759,-99.06444444444423,False,10.555555555555657,True,True,2026-03-15 07:11:28.531,6.039,6.039,6.039,6.039,False,184.0,18.80119500271612,True,False,2026-03-15 07:11:52.492,30.0,120.0,False,False,False
china_2026_R_00226,china_2026_R,LIN,BEA,2026-03-15 07:11:23.452,5,CLOSE_INTERACTION_NO_PASS,"valid close battle, no pairwise order change inside the horizon; the pair did swap 33.2 s after t0, outside it",67.94611111111249,4.519,-67.96500000000378,False,5.677777777777692,False,False,,,33.16,33.16,33.16,True,236.0,,True,False,2026-03-15 07:11:53.452,30.0,120.0,False,False,False
china_2026_R_00227,china_2026_R,SAI,LIN,2026-03-15 07:11:29.292,5,CLOSE_INTERACTION_NO_PASS,"valid close battle, no pairwise order change inside the horizon",98.83749999999873,5.159,-98.83750000000146,False,5.1111111111108585,False,False,,,,,,False,178.0,48.99999999999909,True,False,2026-03-15 07:11:59.292,30.0,120.0,False,False,False
china_2026_R_00228,china_2026_R,LIN,VER,2026-03-15 07:11:29.612,5,INVALID,no causal target sample at t0,10.783888888888214,11.639,,False,5.1111111111108585,False,False,,,,,,False,,-43.55555555555384,True,False,2026-03-15 07:11:59.612,30.0,120.0,False,False,False
china_2026_R_00229,china_2026_R,LAW,BEA,2026-03-15 07:11:31.932,5,ON_TRACK_PASS,race-distance ordering and target DriverAhead both show the swap,29.14027777777892,5.72,-29.15916666666817,False,24.133333333333212,True,True,2026-03-15 07:11:37.932,6.0,6.0,6.0,6.0,False,167.0,-46.739999999999235,True,False,2026-03-15 07:12:01.932,30.0,120.0,False,False,False
china_2026_R_00230,china_2026_R,STR,BOT,2026-03-15 07:11:32.212,5,ON_TRACK_PASS,race-distance ordering and target DriverAhead both show the swap,72.49944444444577,25.0,-70.7883333333375,False,14.63000000000011,True,True,2026-03-15 07:11:57.532,25.32,25.32,25.32,25.32,False,225.0,,True,False,2026-03-15 07:12:02.212,30.0,120.0,False,False,False
china_2026_R_00231,china_2026_R,HUL,STR,2026-03-15 07:11:32.492,5,CLOSE_INTERACTION_NO_PASS,"valid close battle, no pairwise order change inside the horizon",10.311666666665815,3.12,-12.145000000000437,False,15.744444444444525,False,False,,,,68.08,,False,233.0,-115.99999999999875,True,False,2026-03-15 07:12:02.492,30.0,120.0,False,False,False
china_2026_R_00232,china_2026_R,ALO,LIN,2026-03-15 07:11:34.651,5,ON_TRACK_PASS,race-distance ordering and target DriverAhead both show the swap,72.13055555555547,6.24,-72.07222222222481,False,11.888888888888687,True,True,2026-03-15 07:11:49.692,15.041,15.041,15.041,15.041,False,113.0,,True,False,2026-03-15 07:12:04.651,30.0,120.0,False,False,False
china_2026_R_00233,china_2026_R,SAI,ALO,2026-03-15 07:11:35.051,5,ON_TRACK_PASS,race-distance ordering and target DriverAhead both show the swap,10.586388888887086,6.52,-10.64472222221957,False,11.100000000000364,True,True,2026-03-15 07:11:41.812,6.761,6.761,6.761,6.761,False,201.0,-72.80000000000064,True,False,2026-03-15 07:12:05.051,30.0,120.0,False,False,False
china_2026_R_00234,china_2026_R,LEC,HAM,2026-03-15 07:11:39.292,5,CLOSE_INTERACTION_NO_PASS,"valid close battle, no pairwise order change inside the horizon",11.198333333333267,3.64,-11.10888888889167,False,13.666666666667425,False,False,,,,,,False,131.0,-15.391304347827214,True,False,2026-03-15 07:12:09.292,30.0,120.0,False,False,False
china_2026_R_00235,china_2026_R,BEA,OCO,2026-03-15 07:11:39.612,5,ON_TRACK_PASS,race-distance ordering and target DriverAhead both show the swap,10.030277777778792,3.68,-10.02694444444569,False,25.333055555556257,True,True,2026-03-15 07:11:43.452,3.84,3.84,3.84,3.84,False,249.0,-84.99999999999602,True,False,2026-03-15 07:12:09.612,30.0,120.0,False,False,False
china_2026_R_00236,china_2026_R,HUL,PER,2026-03-15 07:11:40.571,5,ON_TRACK_PASS,race-distance ordering and target DriverAhead both show the swap,10.1077777777773,12.081,-10.831111111110658,False,8.418055555555384,True,True,2026-03-15 07:12:08.252,27.681,27.681,27.681,27.681,False,212.0,-94.99999999999805,True,False,2026-03-15 07:12:10.571,30.0,120.0,False,False,False
china_2026_R_00237,china_2026_R,GAS,OCO,2026-03-15 07:11:42.212,5,ON_TRACK_PASS,race-distance ordering and target DriverAhead both show the swap,12.419444444443798,4.2,-12.43500000000131,False,8.222222222222172,True,True,2026-03-15 07:11:46.612,4.4,4.4,4.4,4.4,False,174.0,-81.0,True,False,2026-03-15 07:12:12.212,30.0,120.0,False,False,False
china_2026_R_00238,china_2026_R,LIN,GAS,2026-03-15 07:11:42.932,5,CLOSE_INTERACTION_NO_PASS,"valid close battle, no pairwise order change inside the horizon",48.02722222222428,3.48,-48.02722222222292,False,21.65555555555602,False,False,,,,,,False,99.0,,True,False,2026-03-15 07:12:12.932,30.0,120.0,False,False,False
china_2026_R_00239,china_2026_R,OCO,VER,2026-03-15 07:11:44.852,5,INVALID,no causal target sample at t0,10.074999999998454,5.84,,False,7.472222222222172,False,False,,,,,,False,,-104.00000000000091,True,False,2026-03-15 07:12:14.852,30.0,120.0,False,False,False
china_2026_R_00240,china_2026_R,LIN,ALO,2026-03-15 07:11:49.852,5,ON_TRACK_PASS,race-distance ordering and target DriverAhead both show the swap,12.436666666666952,3.999,-12.494999999998981,False,11.637500000000273,True,True,2026-03-15 07:11:54.171,4.319,4.319,4.319,4.319,False,242.0,-154.00000000001,True,False,2026-03-15 07:12:19.852,30.0,120.0,False,False,False
china_2026_R_00241,china_2026_R,OCO,LAW,2026-03-15 07:11:50.932,5,CLOSE_INTERACTION_NO_PASS,"valid close battle, no pairwise order change inside the horizon; the pair did swap 31.4 s after t0, outside it",45.739444444444416,16.919,-45.72388888888963,False,8.555555555555202,False,False,,,31.44,31.44,31.44,True,161.0,,True,False,2026-03-15 07:12:20.932,30.0,120.0,False,False,False
china_2026_R_00242,china_2026_R,COL,GAS,2026-03-15 07:11:52.812,5,CLOSE_INTERACTION_NO_PASS,"valid close battle, no pairwise order change inside the horizon",10.439444444448782,13.56,-9.821666666673991,False,14.777777777777374,False,False,,,,,,False,301.0,-34.90909090908893,True,False,2026-03-15 07:12:22.812,30.0,120.0,False,False,False
china_2026_R_00243,china_2026_R,HAM,RUS,2026-03-15 07:11:52.812,5,UNCERTAIN,"only one of the two order-change signals fired (distance=True, driver_ahead=False)",99.37944444444838,4.96,-99.22388888889327,False,4.399999999998727,True,False,2026-03-15 07:12:13.892,21.08,21.08,,,False,311.0,14.31914893616822,True,False,2026-03-15 07:12:22.812,30.0,120.0,False,False,False
china_2026_R_00244,china_2026_R,RUS,ANT,2026-03-15 07:11:57.532,5,CLOSE_INTERACTION_NO_PASS,"valid close battle, no pairwise order change inside the horizon; the pair did swap 101.0 s after t0, outside it",98.18916666666883,6.2,-98.189166666667,False,26.314166666666097,False,False,,,100.96,97.76,100.96,True,86.0,145.84444444444307,True,False,2026-03-15 07:12:27.532,30.0,120.0,False,False,False
china_2026_R_00245,china_2026_R,ALO,BEA,2026-03-15 07:11:59.012,5,ON_TRACK_PASS,race-distance ordering and target DriverAhead both show the swap,74.45361111111288,3.4,-74.41416666666919,False,25.44666666666626,True,True,2026-03-15 07:12:17.052,18.04,18.04,18.04,18.04,False,91.0,,True,False,2026-03-15 07:12:29.012,30.0,120.0,False,False,False
china_2026_R_00246,china_2026_R,BOT,STR,2026-03-15 07:11:59.332,5,CLOSE_INTERACTION_NO_PASS,"valid close battle, no pairwise order change inside the horizon",10.36583333333283,5.48,-12.076944444441324,False,12.900000000000091,False,False,,,,37.08,,False,117.0,-19.600000000002183,True,False,2026-03-15 07:12:29.332,30.0,120.0,False,False,False
china_2026_R_00247,china_2026_R,BEA,SAI,2026-03-15 07:11:59.332,5,CLOSE_INTERACTION_NO_PASS,"valid close battle, no pairwise order change inside the horizon",23.038888888888778,13.72,-23.020000000000437,False,23.466666666666242,False,False,,,,33.04,,False,278.0,-187.00000000000045,True,False,2026-03-15 07:12:29.332,30.0,120.0,False,False,False
china_2026_R_00248,china_2026_R,PER,HUL,2026-03-15 07:12:08.412,5,CLOSE_INTERACTION_NO_PASS,"valid close battle, no pairwise order change inside the horizon",13.213611111110367,14.32,-12.490277777778829,False,9.555555555555202,False,False,,,34.76,,,False,300.0,-214.99999999999204,True,False,2026-03-15 07:12:38.412,30.0,120.0,False,False,False
china_2026_R_00249,china_2026_R,LEC,LAW,2026-03-15 07:12:08.852,5,ON_TRACK_PASS,race-distance ordering and target DriverAhead both show the swap,13.437499999997272,4.4,-13.19249999999738,False,21.866666666666788,True,True,2026-03-15 07:12:13.452,4.6,4.6,4.6,4.6,False,314.0,-118.00000000000182,True,False,2026-03-15 07:12:38.852,30.0,120.0,False,False,False
china_2026_R_00250,china_2026_R,LIN,LEC,2026-03-15 07:12:11.572,5,UNCERTAIN,"only one of the two order-change signals fired (distance=True, driver_ahead=False)",83.11249999999836,7.68,-83.35749999999825,False,24.444444444444343,True,False,2026-03-15 07:12:27.731,16.159,16.159,,,False,190.0,,True,False,2026-03-15 07:12:41.572,30.0,120.0,False,False,False
china_2026_R_00251,china_2026_R,BEA,OCO,2026-03-15 07:12:12.292,5,ON_TRACK_PASS,race-distance ordering and target DriverAhead both show the swap,11.276111111112186,3.8,-11.272777777779993,False,17.149999999999636,True,True,2026-03-15 07:12:12.532,0.24,0.24,0.24,0.24,False,105.0,,True,False,2026-03-15 07:12:42.292,30.0,120.0,False,False,False
china_2026_R_00252,china_2026_R,SAI,LIN,2026-03-15 07:12:13.452,5,CLOSE_INTERACTION_NO_PASS,"valid close battle, no pairwise order change inside the horizon",74.59388888889043,4.36,-74.59388888889225,False,18.577777777777555,False,False,,,,,,False,318.0,,True,False,2026-03-15 07:12:43.452,30.0,120.0,False,False,False
china_2026_R_00253,china_2026_R,COL,SAI,2026-03-15 07:12:13.892,5,ON_TRACK_PASS,race-distance ordering and target DriverAhead both show the swap,21.99138888888956,7.6,-21.373611111110222,False,39.388888888890506,True,True,2026-03-15 07:12:22.372,8.48,8.48,8.64,8.64,False,343.0,-124.00000000000381,True,False,2026-03-15 07:12:43.892,30.0,120.0,False,False,False
china_2026_R_00254,china_2026_R,LEC,HAM,2026-03-15 07:12:15.092,6,CLOSE_INTERACTION_NO_PASS,"valid close battle, no pairwise order change inside the horizon",72.54416666666665,30.16,-72.21305555555591,False,8.733333333333348,False,False,,,,,,False,271.0,617.763414634142,True,False,2026-03-15 07:12:45.092,30.0,120.0,False,False,False
china_2026_R_00255,china_2026_R,SAI,COL,2026-03-15 07:12:23.012,5,UNCERTAIN,"only one of the two order-change signals fired (distance=True, driver_ahead=False)",13.423611111110404,3.48,-407.5058333333327,False,11.51111111111095,True,False,2026-03-15 07:12:31.412,8.4,8.4,,,False,289.0,-89.16666666665151,True,False,2026-03-15 07:12:53.012,30.0,120.0,False,False,False
china_2026_R_00256,china_2026_R,PER,BOT,2026-03-15 07:12:23.012,5,CLOSE_INTERACTION_NO_PASS,"valid close battle, no pairwise order change inside the horizon",29.662777777776682,3.12,-29.061666666668316,False,15.200000000000728,False,False,,,100.04,,,False,118.0,,True,False,2026-03-15 07:12:53.012,30.0,120.0,False,False,False
china_2026_R_00257,china_2026_R,BOT,HUL,2026-03-15 07:12:23.212,5,ON_TRACK_PASS,race-distance ordering and target DriverAhead both show the swap,15.94944444444809,10.84,-15.827222222225828,False,14.100000000000364,True,True,2026-03-15 07:12:35.212,12.0,12.0,17.36,17.36,False,300.0,-173.00000000000364,True,False,2026-03-15 07:12:53.212,30.0,120.0,False,False,False
china_2026_R_00258,china_2026_R,LAW,OCO,2026-03-15 07:12:23.612,5,UNCERTAIN,"only one of the two order-change signals fired (distance=True, driver_ahead=False)",10.251666666667006,68.24,-436.6838888888924,False,30.92555555555539,True,False,2026-03-15 07:12:28.092,4.48,4.48,85.04,85.04,True,271.0,-26.67741935484129,True,False,2026-03-15 07:12:53.612,30.0,120.0,False,False,False
china_2026_R_00259,china_2026_R,BEA,VER,2026-03-15 07:12:23.892,5,INVALID,no causal target sample at t0,15.343888888888614,3.559,,False,5.755555555555475,False,False,,,,,,False,,-70.76470588234876,True,False,2026-03-15 07:12:53.892,30.0,120.0,False,False,False
china_2026_R_00260,china_2026_R,VER,LIN,2026-03-15 07:12:26.492,6,ON_TRACK_PASS,race-distance ordering and target DriverAhead both show the swap,33.39805555555556,9.64,-32.900277777775045,False,1.944444444444457,True,True,2026-03-15 07:12:36.412,9.92,9.92,9.92,9.92,False,283.0,,True,False,2026-03-15 07:12:56.492,30.0,120.0,False,False,False
china_2026_R_00261,china_2026_R,GAS,ANT,2026-03-15 07:12:28.772,6,CLOSE_INTERACTION_NO_PASS,"valid close battle, no pairwise order change inside the horizon; the pair did swap 79.1 s after t0, outside it",40.24194444444424,4.44,-40.7722222222219,False,17.15555555555568,False,False,,,79.121,79.121,79.121,True,93.0,,True,False,2026-03-15 07:12:58.772,30.0,120.0,False,False,False
china_2026_R_00262,china_2026_R,RUS,GAS,2026-03-15 07:12:29.092,6,ON_TRACK_PASS,race-distance ordering and target DriverAhead both show the swap,25.83444444444433,4.44,-25.869444444444525,False,17.42222222222233,True,True,2026-03-15 07:12:33.732,4.64,4.64,4.64,4.64,False,292.0,-196.00000000000122,True,False,2026-03-15 07:12:59.092,30.0,120.0,False,False,False
china_2026_R_00263,china_2026_R,OCO,COL,2026-03-15 07:12:31.252,6,CLOSE_INTERACTION_NO_PASS,"valid close battle, no pairwise order change inside the horizon; the pair did swap 75.8 s after t0, outside it",99.55138888888882,11.48,-99.61305555555373,False,7.777777777777828,False,False,,,75.801,75.801,75.801,True,153.0,66.59183673469373,True,False,2026-03-15 07:13:01.252,30.0,120.0,False,False,False
china_2026_R_00264,china_2026_R,LIN,LAW,2026-03-15 07:12:31.652,6,CLOSE_INTERACTION_NO_PASS,"valid close battle, no pairwise order change inside the horizon",97.56277777777768,4.48,-97.35611111111211,False,5.777777777777715,False,False,,,,,,False,187.0,66.72916666666691,True,False,2026-03-15 07:13:01.652,30.0,120.0,False,False,False
china_2026_R_00265,china_2026_R,SAI,BEA,2026-03-15 07:12:33.532,6,CLOSE_INTERACTION_NO_PASS,"valid close battle, no pairwise order change inside the horizon; the pair did swap 63.8 s after t0, outside it",11.661111111111097,11.48,-11.664444444446417,False,3.53333333333336,False,False,,,63.8,63.8,63.8,True,259.0,-32.75862068965532,True,False,2026-03-15 07:13:03.532,30.0,120.0,False,False,False
china_2026_R_00266,china_2026_R,BOT,ALO,2026-03-15 07:12:34.612,6,CLOSE_INTERACTION_NO_PASS,"valid close battle, no pairwise order change inside the horizon",71.33722222222222,7.24,-71.20666666666875,False,8.944444444444457,False,False,,,,100.84,,False,285.0,,True,False,2026-03-15 07:13:04.612,30.0,120.0,False,False,False
china_2026_R_00267,china_2026_R,HAM,RUS,2026-03-15 07:12:35.772,6,CLOSE_INTERACTION_NO_PASS,"valid close battle, no pairwise order change inside the horizon",79.00166666666632,25.76,-78.88277777777694,False,10.199999999999818,False,False,,,,,,False,252.0,,True,False,2026-03-15 07:13:05.772,30.0,120.0,False,False,False
china_2026_R_00268,china_2026_R,VER,LAW,2026-03-15 07:12:36.412,6,CLOSE_INTERACTION_NO_PASS,"valid close battle, no pairwise order change inside the horizon",43.12694444444412,8.36,-42.42250000000058,False,7.45555555555552,False,False,,,,,,False,101.0,,True,False,2026-03-15 07:13:06.412,30.0,120.0,False,False,False
china_2026_R_00269,china_2026_R,BEA,LIN,2026-03-15 07:12:36.412,6,CLOSE_INTERACTION_NO_PASS,"valid close battle, no pairwise order change inside the horizon",51.99750000000006,8.36,-52.17305555555504,False,4.566666666666606,False,False,,,,,,False,123.0,,True,False,2026-03-15 07:13:06.412,30.0,120.0,False,False,False
china_2026_R_00270,china_2026_R,GAS,LEC,2026-03-15 07:12:37.892,6,ON_TRACK_PASS,race-distance ordering and target DriverAhead both show the swap,14.72055555555471,7.36,-15.135555555556493,False,11.111111111111086,True,True,2026-03-15 07:12:45.452,7.5600000000000005,7.5600000000000005,7.5600000000000005,7.5600000000000005,False,252.0,-95.11111111110951,True,False,2026-03-15 07:13:07.892,30.0,120.0,False,False,False
china_2026_R_00271,china_2026_R,RUS,ANT,2026-03-15 07:12:39.052,6,CLOSE_INTERACTION_NO_PASS,"valid close battle, no pairwise order change inside the horizon; the pair did swap 56.2 s after t0, outside it",94.17444444444322,6.2,-94.73972222222437,False,9.722222222222399,False,False,,,56.24,56.24,56.24,True,130.0,60.6122448979596,True,False,2026-03-15 07:13:09.052,30.0,120.0,False,False,False
china_2026_R_00272,china_2026_R,HUL,BOT,2026-03-15 07:12:41.212,6,ON_TRACK_PASS,race-distance ordering and target DriverAhead both show the swap,12.983888888889055,5.88,-13.131111111113569,False,4.400000000000091,True,True,2026-03-15 07:12:47.492,6.28,6.28,6.28,6.28,False,195.0,-66.18750000000055,True,False,2026-03-15 07:13:11.212,30.0,120.0,False,False,False
china_2026_R_00273,china_2026_R,STR,HUL,2026-03-15 07:12:43.172,6,ON_TRACK_PASS,race-distance ordering and target DriverAhead both show the swap,83.4505555555553,3.92,-83.45055555555518,False,11.666666666666629,True,True,2026-03-15 07:13:02.652,19.48,19.48,19.48,19.48,False,139.0,150.36734693877563,True,False,2026-03-15 07:13:13.172,30.0,120.0,False,False,False
china_2026_R_00274,china_2026_R,ALO,BEA,2026-03-15 07:12:43.932,6,ON_TRACK_PASS,race-distance ordering and target DriverAhead both show the swap,35.09583333333319,4.72,-35.11027777777781,False,17.688888888888982,True,True,2026-03-15 07:12:45.012,1.08,1.08,1.08,1.08,False,91.0,,True,False,2026-03-15 07:13:13.932,30.0,120.0,False,False,False
china_2026_R_00275,china_2026_R,SAI,ALO,2026-03-15 07:12:44.212,6,ON_TRACK_PASS,race-distance ordering and target DriverAhead both show the swap,21.819444444444798,4.44,-21.808333333334303,False,18.488888888888937,True,True,2026-03-15 07:12:48.852,4.64,4.64,4.64,4.64,False,290.0,-203.00000000000003,True,False,2026-03-15 07:13:14.212,30.0,120.0,False,False,False
china_2026_R_00276,china_2026_R,GAS,HAM,2026-03-15 07:12:45.452,6,ON_TRACK_PASS,race-distance ordering and target DriverAhead both show the swap,21.834722222220535,4.24,-21.918611111108476,False,11.277777777777828,True,True,2026-03-15 07:13:01.892,16.44,16.44,16.44,16.44,False,116.0,,True,False,2026-03-15 07:13:15.452,30.0,120.0,False,False,False
china_2026_R_00277,china_2026_R,LEC,GAS,2026-03-15 07:12:45.612,6,ON_TRACK_PASS,race-distance ordering and target DriverAhead both show the swap,11.046111111112623,4.08,-10.631111111113569,False,9.95555555555552,True,True,2026-03-15 07:12:49.932,4.32,4.32,4.32,4.32,False,196.0,-112.00000000000216,True,False,2026-03-15 07:13:15.612,30.0,120.0,False,False,False
china_2026_R_00278,china_2026_R,STR,BOT,2026-03-15 07:12:47.492,6,CLOSE_INTERACTION_NO_PASS,"valid close battle, no pairwise order change inside the horizon; the pair did swap 49.8 s after t0, outside it",49.45666666666659,8.76,-49.60388888889065,False,7.777777777777942,False,False,,,49.84,49.84,49.84,True,87.0,,True,False,2026-03-15 07:13:17.492,30.0,120.0,False,False,False
china_2026_R_00279,china_2026_R,PER,STR,2026-03-15 07:12:49.332,6,CLOSE_INTERACTION_NO_PASS,"valid close battle, no pairwise order change inside the horizon",99.75277777777751,5.76,-99.68055555555475,False,1.2777777777777146,False,False,,,,,,False,100.0,48.58695652173943,True,False,2026-03-15 07:13:19.332,30.0,120.0,False,False,False
china_2026_R_00280,china_2026_R,LEC,HAM,2026-03-15 07:12:49.932,6,CLOSE_INTERACTION_NO_PASS,"valid close battle, no pairwise order change inside the horizon",65.85861111111058,8.6,-65.52750000000015,False,4.033333333333303,False,False,,,,,,False,249.0,,True,False,2026-03-15 07:13:19.932,30.0,120.0,False,False,False
china_2026_R_00281,china_2026_R,LIN,VER,2026-03-15 07:12:53.892,6,ON_TRACK_PASS,race-distance ordering and target DriverAhead both show the swap,11.924166666667361,4.64,-12.421944444442488,False,4.155555555555793,True,True,2026-03-15 07:12:59.212,5.32,5.32,5.32,5.32,False,165.0,-45.0,True,False,2026-03-15 07:13:23.892,30.0,120.0,False,False,False
china_2026_R_00282,china_2026_R,BEA,VER,2026-03-15 07:12:59.212,6,CLOSE_INTERACTION_NO_PASS,"valid close battle, no pairwise order change inside the horizon",52.56611111111124,13.08,-53.23944444444351,False,5.3333333333332575,False,False,,,,,,False,171.0,,True,False,2026-03-15 07:13:29.212,30.0,120.0,False,False,False
china_2026_R_00283,china_2026_R,VER,LIN,2026-03-15 07:13:01.013,6,ON_TRACK_PASS,race-distance ordering and target DriverAhead both show the swap,10.57805555555501,11.279,-10.080277777775336,False,3.390555555555693,True,True,2026-03-15 07:13:12.492,11.479,11.479,11.479,11.479,False,233.0,-17.12826207662382,True,False,2026-03-15 07:13:31.013,30.0,120.0,False,False,False
china_2026_R_00284,china_2026_R,GAS,RUS,2026-03-15 07:13:01.892,6,ON_TRACK_PASS,race-distance ordering and target DriverAhead both show the swap,45.656111111112295,3.2,-45.62111111111517,False,9.866666666666788,True,True,2026-03-15 07:13:14.493,12.600999999999999,12.600999999999999,12.600999999999999,12.600999999999999,False,146.0,,True,False,2026-03-15 07:13:31.892,30.0,120.0,False,False,False
china_2026_R_00285,china_2026_R,HUL,STR,2026-03-15 07:13:02.652,6,ON_TRACK_PASS,race-distance ordering and target DriverAhead both show the swap,13.1377777777775,18.201,-13.137777777777956,False,13.066666666666606,True,True,2026-03-15 07:13:21.133,18.481,18.481,18.481,18.481,False,257.0,,True,False,2026-03-15 07:13:32.652,30.0,120.0,False,False,False
china_2026_R_00286,china_2026_R,PER,HUL,2026-03-15 07:13:05.532,6,CLOSE_INTERACTION_NO_PASS,"valid close battle, no pairwise order change inside the horizon",87.69888888888954,4.24,-87.626666666667,False,17.444444444444343,False,False,,,,,,False,111.0,158.1627906976738,True,False,2026-03-15 07:13:35.532,30.0,120.0,False,False,False
china_2026_R_00287,china_2026_R,OCO,COL,2026-03-15 07:13:08.452,6,CLOSE_INTERACTION_NO_PASS,"valid close battle, no pairwise order change inside the horizon; the pair did swap 38.6 s after t0, outside it",98.5691666666653,4.68,-98.6308333333327,False,6.777777777777374,False,False,,,38.601,38.601,38.601,True,135.0,6.3147959183678335,True,False,2026-03-15 07:13:38.452,30.0,120.0,False,False,False
china_2026_R_00288,china_2026_R,GAS,LEC,2026-03-15 07:13:08.772,6,ON_TRACK_PASS,race-distance ordering and target DriverAhead both show the swap,10.704999999999472,4.08,-11.119999999998981,False,9.51111111111095,True,True,2026-03-15 07:13:13.132,4.36,4.36,4.36,4.36,False,241.0,-66.00000000000136,True,False,2026-03-15 07:13:38.772,30.0,120.0,False,False,False
china_2026_R_00289,china_2026_R,VER,LAW,2026-03-15 07:13:12.492,6,CLOSE_INTERACTION_NO_PASS,"valid close battle, no pairwise order change inside the horizon",44.60888888888894,4.16,-43.90444444444438,False,5.900000000000091,False,False,,,,,,False,113.0,,True,False,2026-03-15 07:13:42.492,30.0,120.0,False,False,False
china_2026_R_00290,china_2026_R,BEA,LIN,2026-03-15 07:13:12.492,6,CLOSE_INTERACTION_NO_PASS,"valid close battle, no pairwise order change inside the horizon",50.12777777777774,4.16,-50.303333333333285,False,3.966666666666697,False,False,,,,,,False,142.0,,True,False,2026-03-15 07:13:42.492,30.0,120.0,False,False,False
china_2026_R_00291,china_2026_R,ALO,SAI,2026-03-15 07:13:14.892,6,ON_TRACK_PASS,race-distance ordering and target DriverAhead both show the swap,98.9236111111095,8.04,-98.93472222222044,False,11.82222222222208,True,True,2026-03-15 07:13:31.092,16.2,16.2,16.2,16.2,False,140.0,60.02613636363611,True,False,2026-03-15 07:13:44.892,30.0,120.0,False,False,False
china_2026_R_00292,china_2026_R,LIN,LAW,2026-03-15 07:13:16.892,6,CLOSE_INTERACTION_NO_PASS,"valid close battle, no pairwise order change inside the horizon",67.69027777777592,6.24,-67.4836111111108,False,10.399999999999636,False,False,,,,,,False,203.0,,True,False,2026-03-15 07:13:46.892,30.0,120.0,False,False,False
china_2026_R_00293,china_2026_R,LEC,GAS,2026-03-15 07:13:20.172,6,ON_TRACK_PASS,race-distance ordering and target DriverAhead both show the swap,86.59999999999945,6.32,-86.18500000000131,False,14.933333333334303,True,True,2026-03-15 07:13:26.652,6.48,6.48,6.48,6.48,False,105.0,,True,False,2026-03-15 07:13:50.172,30.0,120.0,False,False,False
china_2026_R_00294,china_2026_R,LIN,VER,2026-03-15 07:13:23.972,6,ON_TRACK_PASS,race-distance ordering and target DriverAhead both show the swap,10.975277777776228,24.96,-11.47305555555431,False,8.32222222222208,True,True,2026-03-15 07:13:49.092,25.12,25.12,25.12,25.12,False,177.0,-61.6666666666697,True,False,2026-03-15 07:13:53.972,30.0,120.0,False,False,False
china_2026_R_00295,china_2026_R,STR,BOT,2026-03-15 07:13:24.652,6,ON_TRACK_PASS,race-distance ordering and target DriverAhead both show the swap,53.5152777777771,3.72,-53.662499999998545,False,5.400000000000091,True,True,2026-03-15 07:13:37.332,12.68,12.68,12.68,12.68,False,121.0,,True,False,2026-03-15 07:13:54.652,30.0,120.0,False,False,False
china_2026_R_00296,china_2026_R,BOT,HUL,2026-03-15 07:13:24.972,6,ON_TRACK_PASS,race-distance ordering and target DriverAhead both show the swap,15.969722222222572,4.0,-15.822500000002037,False,10.311111111110677,True,True,2026-03-15 07:13:29.132,4.16,4.16,4.16,4.16,False,219.0,-92.00000000000159,True,False,2026-03-15 07:13:54.972,30.0,120.0,False,False,False
china_2026_R_00297,china_2026_R,ALO,BEA,2026-03-15 07:13:31.092,6,CLOSE_INTERACTION_NO_PASS,"valid close battle, no pairwise order change inside the horizon",65.78555555555658,3.64,-65.80000000000291,False,8.0,False,False,,,,,,False,108.0,,True,False,2026-03-15 07:14:01.092,30.0,120.0,False,False,False
china_2026_R_00298,china_2026_R,SAI,ALO,2026-03-15 07:13:31.092,6,ON_TRACK_PASS,race-distance ordering and target DriverAhead both show the swap,10.464722222222463,3.64,-10.45361111110833,False,9.06666666666706,True,True,2026-03-15 07:13:35.052,3.96,3.96,3.96,3.96,False,249.0,,True,False,2026-03-15 07:14:01.092,30.0,120.0,False,False,False
china_2026_R_00299,china_2026_R,HUL,STR,2026-03-15 07:13:32.892,6,ON_TRACK_PASS,race-distance ordering and target DriverAhead both show the swap,20.849166666666406,3.2,-20.849166666663223,False,15.888888888888687,True,True,2026-03-15 07:13:43.132,10.24,10.24,10.24,10.24,False,245.0,-139.0000000000009,True,False,2026-03-15 07:14:02.892,30.0,120.0,False,False,False
china_2026_R_00300,china_2026_R,BEA,SAI,2026-03-15 07:13:37.332,6,CLOSE_INTERACTION_NO_PASS,"valid close battle, no pairwise order change inside the horizon; the pair did swap 32.3 s after t0, outside it",29.501388888889778,14.32,-29.498055555559404,False,19.288888888889232,False,False,,,32.28,30.401,32.28,True,239.0,,True,False,2026-03-15 07:14:07.332,30.0,120.0,False,False,False
china_2026_R_00301,china_2026_R,HUL,BOT,2026-03-15 07:13:37.332,6,ON_TRACK_PASS,race-distance ordering and target DriverAhead both show the swap,91.65861111111144,4.68,-91.80583333333198,False,9.066666666666606,True,True,2026-03-15 07:13:42.252,4.92,4.92,4.92,4.92,False,97.0,,True,False,2026-03-15 07:14:07.332,30.0,120.0,False,False,False
china_2026_R_00302,china_2026_R,BOT,STR,2026-03-15 07:13:38.492,6,CLOSE_INTERACTION_NO_PASS,"valid close battle, no pairwise order change inside the horizon",11.26888888888925,21.28,-11.121666666665988,False,39.66666666666697,False,False,,,,97.96,,False,113.0,-16.310344827587368,True,False,2026-03-15 07:14:08.492,30.0,120.0,False,False,False
china_2026_R_00303,china_2026_R,STR,HUL,2026-03-15 07:13:43.132,6,CLOSE_INTERACTION_NO_PASS,"valid close battle, no pairwise order change inside the horizon",14.87361111111204,3.921,-14.87361111111386,False,9.566666666666606,False,False,,,,,,False,286.0,,True,False,2026-03-15 07:14:13.132,30.0,120.0,False,False,False
china_2026_R_00304,china_2026_R,OCO,COL,2026-03-15 07:13:50.612,6,CLOSE_INTERACTION_NO_PASS,"valid close battle, no pairwise order change inside the horizon; the pair did swap 95.3 s after t0, outside it",10.201666666665005,8.72,-10.26333333333605,False,15.788888888887413,False,False,,,95.081,95.281,95.281,True,155.0,-74.00000000000091,True,False,2026-03-15 07:14:20.612,30.0,120.0,False,False,False
china_2026_R_00305,china_2026_R,SAI,OCO,2026-03-15 07:13:51.972,6,ON_TRACK_PASS,race-distance ordering and target DriverAhead both show the swap,98.62861111110942,3.36,-98.71749999999884,False,14.388888888889596,True,True,2026-03-15 07:14:17.012,25.04,25.04,27.0,27.0,False,139.0,,True,False,2026-03-15 07:14:21.972,30.0,120.0,False,False,False
china_2026_R_00306,china_2026_R,BEA,VER,2026-03-15 07:13:51.972,6,CLOSE_INTERACTION_NO_PASS,"valid close battle, no pairwise order change inside the horizon",75.87222222222044,4.08,-76.54555555555271,False,4.34194444444438,False,False,,,,,,False,64.0,,True,False,2026-03-15 07:14:21.972,30.0,120.0,False,False,False
china_2026_R_00307,china_2026_R,LAW,LEC,2026-03-15 07:13:52.172,6,UNCERTAIN,"only one of the two order-change signals fired (distance=True, driver_ahead=False)",97.5850000000064,4.4,-98.03500000000349,False,10.388888888889596,True,False,2026-03-15 07:14:05.452,13.28,13.28,,,False,268.0,72.27659574467927,True,False,2026-03-15 07:14:22.172,30.0,120.0,False,False,False
china_2026_R_00308,china_2026_R,LEC,HAM,2026-03-15 07:13:53.092,7,CLOSE_INTERACTION_NO_PASS,"valid close battle, no pairwise order change inside the horizon",81.13333333333331,65.2,-81.1091666666689,False,13.353888888888378,False,False,,,,,,False,262.0,283.69687499999696,True,False,2026-03-15 07:14:23.092,30.0,120.0,False,False,False
china_2026_R_00309,china_2026_R,SAI,VER,2026-03-15 07:13:59.332,6,ON_TRACK_PASS,race-distance ordering and target DriverAhead both show the swap,20.47083333333194,7.761,-21.147499999999127,False,16.33333333333303,True,True,2026-03-15 07:14:02.612,3.2800000000000002,3.2800000000000002,3.2800000000000002,3.2800000000000002,False,189.0,-69.9999999999987,True,False,2026-03-15 07:14:29.332,30.0,120.0,False,False,False
china_2026_R_00310,china_2026_R,HAM,RUS,2026-03-15 07:14:00.173,7,CLOSE_INTERACTION_NO_PASS,"valid close battle, no pairwise order change inside the horizon",98.35638888888889,10.359,-98.31805555555911,False,9.999999999999886,False,False,,,,,,False,144.0,36.26055919095813,True,False,2026-03-15 07:14:30.173,30.0,120.0,False,False,False
china_2026_R_00311,china_2026_R,GAS,LEC,2026-03-15 07:14:05.092,7,CLOSE_INTERACTION_NO_PASS,"valid close battle, no pairwise order change inside the horizon; the pair did swap 74.4 s after t0, outside it",96.78555555555567,8.081,-96.84805555555067,False,10.999999999999773,False,False,,,74.441,74.441,74.441,True,96.0,75.30434782608705,True,False,2026-03-15 07:14:35.092,30.0,120.0,False,False,False
china_2026_R_00312,china_2026_R,LAW,OCO,2026-03-15 07:14:05.692,7,CLOSE_INTERACTION_NO_PASS,"valid close battle, no pairwise order change inside the horizon; the pair did swap 82.5 s after t0, outside it",99.98861111111108,14.441,-100.11166666666395,False,6.399999999999864,False,False,,,82.481,82.481,82.481,True,289.0,2.4523809523810156,True,False,2026-03-15 07:14:35.692,30.0,120.0,False,False,False
china_2026_R_00313,china_2026_R,HUL,SAI,2026-03-15 07:14:08.133,7,ON_TRACK_PASS,race-distance ordering and target DriverAhead both show the swap,46.045277777777784,7.519,-46.04527777778276,False,2.0555555555555642,True,True,2026-03-15 07:14:21.932,13.799,13.799,13.799,13.799,False,249.0,,True,False,2026-03-15 07:14:38.133,30.0,120.0,False,False,False
china_2026_R_00314,china_2026_R,LIN,LAW,2026-03-15 07:14:10.892,7,CLOSE_INTERACTION_NO_PASS,"valid close battle, no pairwise order change inside the horizon",96.59805555555556,3.801,-96.62833333333401,False,6.500000000000057,False,False,,,,,,False,202.0,,True,False,2026-03-15 07:14:40.892,30.0,120.0,False,False,False
china_2026_R_00315,china_2026_R,BEA,LIN,2026-03-15 07:14:14.933,7,CLOSE_INTERACTION_NO_PASS,"valid close battle, no pairwise order change inside the horizon",36.33388888888908,9.359,-34.90027777777868,False,6.533333333333303,False,False,,,,,,False,138.0,,True,False,2026-03-15 07:14:44.933,30.0,120.0,False,False,False
china_2026_R_00316,china_2026_R,ALO,BOT,2026-03-15 07:14:15.452,7,CLOSE_INTERACTION_NO_PASS,"valid close battle, no pairwise order change inside the horizon; the pair did swap 70.2 s after t0, outside it",49.22944444444444,60.68,-49.2033333333311,False,10.500000000000455,False,False,,,70.241,70.241,70.241,True,285.0,,True,False,2026-03-15 07:14:45.452,30.0,120.0,False,False,False
china_2026_R_00317,china_2026_R,VER,LAW,2026-03-15 07:14:20.373,7,CLOSE_INTERACTION_NO_PASS,"valid close battle, no pairwise order change inside the horizon",36.4266666666673,3.439,-35.94944444444991,False,8.311111111111018,False,False,,,,,,False,84.0,,True,False,2026-03-15 07:14:50.373,30.0,120.0,False,False,False
china_2026_R_00318,china_2026_R,HUL,OCO,2026-03-15 07:14:20.373,7,CLOSE_INTERACTION_NO_PASS,"valid close battle, no pairwise order change inside the horizon; the pair did swap 97.6 s after t0, outside it",22.77833333333308,5.439,-22.931666666670935,False,9.733333333333576,False,False,,,94.16,97.639,97.639,True,104.0,,True,False,2026-03-15 07:14:50.373,30.0,120.0,False,False,False
china_2026_R_00319,china_2026_R,STR,ALO,2026-03-15 07:14:23.452,7,CLOSE_INTERACTION_NO_PASS,"valid close battle, no pairwise order change inside the horizon; the pair did swap 53.0 s after t0, outside it",97.96499999999992,16.601,-98.12861111110396,False,12.900000000000091,False,False,,,53.0,53.0,53.0,True,172.0,88.85655946911729,True,False,2026-03-15 07:14:53.452,30.0,120.0,False,False,False
china_2026_R_00320,china_2026_R,VER,LIN,2026-03-15 07:14:27.293,7,ON_TRACK_PASS,race-distance ordering and target DriverAhead both show the swap,10.478055555555784,5.239,-9.97055555555562,False,5.244444444444525,True,True,2026-03-15 07:14:32.933,5.64,5.64,5.64,5.64,False,243.0,-13.103918228278625,True,False,2026-03-15 07:14:57.293,30.0,120.0,False,False,False
china_2026_R_00321,china_2026_R,BEA,SAI,2026-03-15 07:14:27.293,7,CLOSE_INTERACTION_NO_PASS,"valid close battle, no pairwise order change inside the horizon; the pair did swap 76.2 s after t0, outside it",54.67638888888905,4.399,-53.24277777777752,False,3.666666666666515,False,False,,,76.159,76.159,76.159,True,151.0,,True,False,2026-03-15 07:14:57.293,30.0,120.0,False,False,False
china_2026_R_00322,china_2026_R,OCO,COL,2026-03-15 07:14:29.252,7,CLOSE_INTERACTION_NO_PASS,"valid close battle, no pairwise order change inside the horizon; the pair did swap 56.6 s after t0, outside it",89.57055555555507,4.921,-89.50611111110629,False,10.755555555555702,False,False,,,56.641,56.641,56.641,True,96.0,118.02858601327219,True,False,2026-03-15 07:14:59.252,30.0,120.0,False,False,False
china_2026_R_00323,china_2026_R,HUL,LAW,2026-03-15 07:14:34.613,7,ON_TRACK_PASS,race-distance ordering and target DriverAhead both show the swap,22.903611111111786,4.96,-22.933888888896035,False,19.844444444443752,True,True,2026-03-15 07:14:35.652,1.039,1.039,1.039,1.039,False,81.0,,True,False,2026-03-15 07:15:04.613,30.0,120.0,False,False,False
china_2026_R_00324,china_2026_R,HAM,RUS,2026-03-15 07:14:36.852,7,CLOSE_INTERACTION_NO_PASS,"valid close battle, no pairwise order change inside the horizon",98.68972222222283,3.201,-98.65138888889487,False,7.600000000000364,False,False,,,,,,False,124.0,20.482838859802236,True,False,2026-03-15 07:15:06.852,30.0,120.0,False,False,False
china_2026_R_00325,china_2026_R,LAW,OCO,2026-03-15 07:14:37.492,7,CLOSE_INTERACTION_NO_PASS,"valid close battle, no pairwise order change inside the horizon; the pair did swap 50.7 s after t0, outside it",77.90527777777652,18.2,-78.02833333333547,False,10.766666666667334,False,False,,,50.681,50.681,50.681,True,235.0,,True,False,2026-03-15 07:15:07.492,30.0,120.0,False,False,False
china_2026_R_00326,china_2026_R,SAI,VER,2026-03-15 07:14:41.533,7,ON_TRACK_PASS,race-distance ordering and target DriverAhead both show the swap,11.065277777777283,6.68,-11.572777777779265,False,3.1888888888888687,True,True,2026-03-15 07:14:48.453,6.92,6.92,6.92,6.92,False,240.0,-42.666666666666515,True,False,2026-03-15 07:15:11.533,30.0,120.0,False,False,False
china_2026_R_00327,china_2026_R,RUS,ANT,2026-03-15 07:14:46.733,7,ON_TRACK_PASS,race-distance ordering and target DriverAhead both show the swap,97.04027777777765,8.48,-97.0402777777781,False,4.037222222222226,True,True,2026-03-15 07:15:12.493,25.76,25.76,25.76,25.76,False,120.0,122.11519777931792,True,False,2026-03-15 07:15:16.733,30.0,120.0,False,False,False
china_2026_R_00328,china_2026_R,BEA,VER,2026-03-15 07:14:48.453,7,CLOSE_INTERACTION_NO_PASS,"valid close battle, no pairwise order change inside the horizon",55.18166666666593,11.2,-54.25555555555184,False,2.888888888888687,False,False,,,,,,False,183.0,,True,False,2026-03-15 07:15:18.453,30.0,120.0,False,False,False
china_2026_R_00329,china_2026_R,SAI,LAW,2026-03-15 07:14:49.212,7,ON_TRACK_PASS,race-distance ordering and target DriverAhead both show the swap,60.65027777777959,8.8,-60.68055555556202,False,12.333333333333485,True,True,2026-03-15 07:14:54.293,5.081,5.081,5.081,5.081,False,162.0,,True,False,2026-03-15 07:15:19.212,30.0,120.0,False,False,False
china_2026_R_00330,china_2026_R,LIN,SAI,2026-03-15 07:14:49.852,7,ON_TRACK_PASS,race-distance ordering and target DriverAhead both show the swap,13.470555555555165,8.16,-13.47055555555562,False,9.777777777777828,True,True,2026-03-15 07:14:58.292,8.44,8.44,8.44,8.44,False,203.0,-54.499999999999886,True,False,2026-03-15 07:15:19.852,30.0,120.0,False,False,False
china_2026_R_00331,china_2026_R,GAS,LEC,2026-03-15 07:14:53.373,7,ON_TRACK_PASS,race-distance ordering and target DriverAhead both show the swap,93.43499999999995,4.919,-93.49749999999767,False,3.066666666666606,True,True,2026-03-15 07:15:19.533,26.16,26.16,26.16,26.16,False,112.0,146.12260313770992,True,False,2026-03-15 07:15:23.373,30.0,120.0,False,False,False
china_2026_R_00332,china_2026_R,LIN,LAW,2026-03-15 07:14:58.292,7,CLOSE_INTERACTION_NO_PASS,"valid close battle, no pairwise order change inside the horizon",87.87166666666826,4.96,-87.90194444444933,False,10.1122222222225,False,False,,,,,,False,248.0,,True,False,2026-03-15 07:15:28.292,30.0,120.0,False,False,False
china_2026_R_00333,china_2026_R,BEA,SAI,2026-03-15 07:14:59.893,7,CLOSE_INTERACTION_NO_PASS,"valid close battle, no pairwise order change inside the horizon; the pair did swap 43.6 s after t0, outside it",61.07222222222117,3.719,-59.638611111106,False,3.3263888888891415,False,False,,,43.559,43.559,43.559,True,188.0,,True,False,2026-03-15 07:15:29.893,30.0,120.0,False,False,False
china_2026_R_00334,china_2026_R,VER,LAW,2026-03-15 07:15:03.612,7,CLOSE_INTERACTION_NO_PASS,"valid close battle, no pairwise order change inside the horizon",44.10805555555771,6.24,-43.63083333333634,False,7.600000000000364,False,False,,,,,,False,90.0,,True,False,2026-03-15 07:15:33.612,30.0,120.0,False,False,False
china_2026_R_00335,china_2026_R,BEA,LIN,2026-03-15 07:15:03.972,7,CLOSE_INTERACTION_NO_PASS,"valid close battle, no pairwise order change inside the horizon",43.49749999999949,8.16,-42.06388888888614,False,6.933333333332939,False,False,,,,,,False,101.0,,True,False,2026-03-15 07:15:33.972,30.0,120.0,False,False,False
china_2026_R_00336,china_2026_R,SAI,OCO,2026-03-15 07:15:05.092,7,ON_TRACK_PASS,race-distance ordering and target DriverAhead both show the swap,42.9925000000012,4.76,-43.14583333333576,False,11.66666666666697,True,True,2026-03-15 07:15:32.453,27.361,27.361,27.361,27.361,False,101.0,,True,False,2026-03-15 07:15:35.092,30.0,120.0,False,False,False
china_2026_R_00337,china_2026_R,LAW,SAI,2026-03-15 07:15:05.292,7,ON_TRACK_PASS,race-distance ordering and target DriverAhead both show the swap,11.137777777775227,4.56,-11.107499999998254,False,8.575000000000273,True,True,2026-03-15 07:15:10.092,4.8,4.8,4.8,4.8,False,204.0,-90.0,True,False,2026-03-15 07:15:35.292,30.0,120.0,False,False,False
china_2026_R_00338,china_2026_R,BOT,HUL,2026-03-15 07:15:11.892,7,CLOSE_INTERACTION_NO_PASS,"valid close battle, no pairwise order change inside the horizon",92.27861111111451,5.04,-92.0752777777816,False,11.431666666666843,False,False,,,,,,False,101.0,150.68888888888978,True,False,2026-03-15 07:15:41.892,30.0,120.0,False,False,False
china_2026_R_00339,china_2026_R,ANT,RUS,2026-03-15 07:15:12.653,7,ON_TRACK_PASS,race-distance ordering and target DriverAhead both show the swap,15.876944444444234,5.159,-15.876944444447872,False,24.400000000000546,True,True,2026-03-15 07:15:18.092,5.439,5.439,5.439,5.439,False,313.0,-236.9999999999891,True,False,2026-03-15 07:15:42.653,30.0,120.0,False,False,False
china_2026_R_00340,china_2026_R,VER,LIN,2026-03-15 07:15:13.333,7,CLOSE_INTERACTION_NO_PASS,"valid close battle, no pairwise order change inside the horizon",10.020833333332575,15.6,-9.513333333328774,False,12.999999999998181,False,False,,,,97.279,,False,228.0,-35.523809523805156,True,False,2026-03-15 07:15:43.333,30.0,120.0,False,False,False
china_2026_R_00341,china_2026_R,STR,BOT,2026-03-15 07:15:16.452,7,ON_TRACK_PASS,race-distance ordering and target DriverAhead both show the swap,40.337777777777774,9.241,-40.47527777777577,False,14.831666666666933,True,True,2026-03-15 07:15:25.893,9.441,9.441,9.441,9.441,False,94.0,,True,False,2026-03-15 07:15:46.452,30.0,120.0,False,False,False
china_2026_R_00342,china_2026_R,SAI,VER,2026-03-15 07:15:17.812,7,ON_TRACK_PASS,race-distance ordering and target DriverAhead both show the swap,14.263333333331502,11.121,-14.770833333335759,False,16.1777777777761,True,True,2026-03-15 07:15:29.292,11.48,11.48,11.48,11.48,False,293.0,-45.72727272726587,True,False,2026-03-15 07:15:47.812,30.0,120.0,False,False,False
china_2026_R_00343,china_2026_R,ALO,STR,2026-03-15 07:15:18.092,7,ON_TRACK_PASS,race-distance ordering and target DriverAhead both show the swap,10.816111111111695,6.88,-10.652500000003783,False,5.988888888889051,True,True,2026-03-15 07:15:25.172,7.08,7.08,7.08,7.08,False,104.0,-22.512195121954036,True,False,2026-03-15 07:15:48.092,30.0,120.0,False,False,False
china_2026_R_00344,china_2026_R,HAM,RUS,2026-03-15 07:15:22.093,7,CLOSE_INTERACTION_NO_PASS,"valid close battle, no pairwise order change inside the horizon; the pair did swap 97.4 s after t0, outside it",92.70972222222827,7.559,-92.67138888889167,False,32.178333333333285,False,False,,,96.4,97.4,97.4,True,72.0,124.44444444443981,True,False,2026-03-15 07:15:52.093,30.0,120.0,False,False,False
china_2026_R_00345,china_2026_R,BOT,ALO,2026-03-15 07:15:28.173,7,UNCERTAIN,"only one of the two order-change signals fired (distance=False, driver_ahead=True)",23.31777777778052,11.28,-23.343888888892252,False,7.400000000001455,False,True,2026-03-15 07:15:57.172,28.999,,28.999,,False,276.0,,True,False,2026-03-15 07:15:58.173,30.0,120.0,False,False,False
china_2026_R_00346,china_2026_R,COL,LAW,2026-03-15 07:15:28.693,7,ON_TRACK_PASS,race-distance ordering and target DriverAhead both show the swap,41.027222222227465,4.12,-40.968611111115024,False,15.456944444444161,True,True,2026-03-15 07:15:33.053,4.36,4.36,4.36,4.36,False,315.0,,True,False,2026-03-15 07:15:58.693,30.0,120.0,False,False,False
china_2026_R_00347,china_2026_R,SAI,LIN,2026-03-15 07:15:29.292,7,ON_TRACK_PASS,race-distance ordering and target DriverAhead both show the swap,83.7263888888856,7.4,-83.72638888888469,False,27.805833333333794,True,True,2026-03-15 07:15:32.613,3.321,3.321,3.321,3.321,False,319.0,,True,False,2026-03-15 07:15:59.292,30.0,120.0,False,False,False
china_2026_R_00348,china_2026_R,LEC,HAM,2026-03-15 07:15:31.132,8,CLOSE_INTERACTION_NO_PASS,"valid close battle, no pairwise order change inside the horizon",76.73666666666666,64.281,-76.76833333333343,False,9.400000000000091,False,False,,,,,,False,294.0,285.6201086956534,True,False,2026-03-15 07:16:01.132,30.0,120.0,False,False,False
china_2026_R_00349,china_2026_R,OCO,LAW,2026-03-15 07:15:33.533,7,ON_TRACK_PASS,race-distance ordering and target DriverAhead both show the swap,61.0897222222211,7.6,-60.96666666666715,False,13.777777777778283,True,True,2026-03-15 07:15:35.533,2.0,2.0,2.0,2.0,False,96.0,,True,False,2026-03-15 07:16:03.533,30.0,120.0,False,False,False
china_2026_R_00350,china_2026_R,LAW,COL,2026-03-15 07:15:33.533,7,UNCERTAIN,"only one of the two order-change signals fired (distance=True, driver_ahead=False)",13.040277777772644,6.2,-13.098888888882357,False,12.800000000000182,True,False,2026-03-15 07:15:50.252,16.719,16.719,93.84,93.84,True,192.0,-96.00000000000138,True,False,2026-03-15 07:16:03.533,30.0,120.0,False,False,False
china_2026_R_00351,china_2026_R,LIN,OCO,2026-03-15 07:15:34.573,7,ON_TRACK_PASS,race-distance ordering and target DriverAhead both show the swap,12.198333333341907,7.0,-12.351666666669189,False,15.522222222221899,True,True,2026-03-15 07:15:37.812,3.239,3.239,3.239,3.239,False,220.0,-34.23076923076853,True,False,2026-03-15 07:16:04.573,30.0,120.0,False,False,False
china_2026_R_00352,china_2026_R,LIN,LAW,2026-03-15 07:15:41.773,7,CLOSE_INTERACTION_NO_PASS,"valid close battle, no pairwise order change inside the horizon",75.50305555556133,8.159,-75.53333333334012,False,16.666944444449157,False,False,,,,,,False,238.0,,True,False,2026-03-15 07:16:11.773,30.0,120.0,False,False,False
china_2026_R_00353,china_2026_R,PER,BOT,2026-03-15 07:15:42.732,7,CLOSE_INTERACTION_NO_PASS,"valid close battle, no pairwise order change inside the horizon; the pair did swap 102.8 s after t0, outside it",93.88305555555235,5.041,-93.93972222221782,False,18.433333333333394,False,False,,,100.521,102.841,102.841,True,67.0,245.06227667176984,True,False,2026-03-15 07:16:12.732,30.0,120.0,False,False,False
china_2026_R_00354,china_2026_R,SAI,BEA,2026-03-15 07:15:43.452,7,UNCERTAIN,"only one of the two order-change signals fired (distance=True, driver_ahead=False)",11.1200000000008,4.321,-12.55361111111415,False,16.885833333332812,True,False,2026-03-15 07:15:57.172,13.72,13.72,71.761,71.761,True,229.0,,True,False,2026-03-15 07:16:13.452,30.0,120.0,False,False,False
china_2026_R_00355,china_2026_R,BEA,VER,2026-03-15 07:15:46.053,8,CLOSE_INTERACTION_NO_PASS,"valid close battle, no pairwise order change inside the horizon",44.926111111111105,29.92,-42.64472222222685,False,7.46666666666647,False,False,,,,,,False,297.0,173.60524672079396,True,False,2026-03-15 07:16:16.053,30.0,120.0,False,False,False
china_2026_R_00356,china_2026_R,BOT,STR,2026-03-15 07:15:46.053,7,ON_TRACK_PASS,race-distance ordering and target DriverAhead both show the swap,82.04000000000269,8.88,-81.90250000000378,False,12.977777777778101,True,True,2026-03-15 07:15:56.372,10.319,10.319,10.319,10.319,False,61.0,,True,False,2026-03-15 07:16:16.053,30.0,120.0,False,False,False
china_2026_R_00357,china_2026_R,VER,LIN,2026-03-15 07:15:46.053,8,CLOSE_INTERACTION_NO_PASS,"valid close battle, no pairwise order change inside the horizon; the pair did swap 64.6 s after t0, outside it",44.949166666666684,64.399,-44.8972222222219,False,10.600000000000364,False,False,,,64.559,64.559,64.559,True,278.0,,True,False,2026-03-15 07:16:16.053,30.0,120.0,False,False,False
china_2026_R_00358,china_2026_R,STR,ALO,2026-03-15 07:15:46.333,7,UNCERTAIN,"only one of the two order-change signals fired (distance=True, driver_ahead=False)",12.099722222224955,9.64,-12.26333333333605,False,6.933333333333394,True,False,2026-03-15 07:16:08.213,21.88,21.88,,,False,139.0,-77.99999999999922,True,False,2026-03-15 07:16:16.333,30.0,120.0,False,False,False
china_2026_R_00359,china_2026_R,SAI,HUL,2026-03-15 07:15:48.293,8,CLOSE_INTERACTION_NO_PASS,"valid close battle, no pairwise order change inside the horizon; the pair did swap 35.4 s after t0, outside it",49.51055555555556,7.04,-49.17055555555271,False,11.888888888888914,False,False,,,35.399,35.399,35.399,True,303.0,,True,False,2026-03-15 07:16:18.293,30.0,120.0,False,False,False
china_2026_R_00360,china_2026_R,HAM,RUS,2026-03-15 07:15:56.372,8,CLOSE_INTERACTION_NO_PASS,"valid close battle, no pairwise order change inside the horizon; the pair did swap 63.1 s after t0, outside it",91.32388888888954,4.521,-91.56888888888352,False,11.466666666666697,False,False,,,63.121,63.121,63.121,True,92.0,142.50407830342536,True,False,2026-03-15 07:16:26.372,30.0,120.0,False,False,False
china_2026_R_00361,china_2026_R,HUL,COL,2026-03-15 07:15:58.653,8,CLOSE_INTERACTION_NO_PASS,"valid close battle, no pairwise order change inside the horizon",53.105555555555156,3.48,-53.223611111112405,False,16.55555555555543,False,False,,,92.8,,,False,143.0,,True,False,2026-03-15 07:16:28.653,30.0,120.0,False,False,False
china_2026_R_00362,china_2026_R,ALO,BOT,2026-03-15 07:16:02.133,8,CLOSE_INTERACTION_NO_PASS,"valid close battle, no pairwise order change inside the horizon; the pair did swap 62.1 s after t0, outside it",98.24861111111119,61.759,-98.50527777778188,False,12.133333333333212,False,False,,,62.12,62.12,62.12,True,222.0,24.270833333333254,True,False,2026-03-15 07:16:32.133,30.0,120.0,False,False,False
china_2026_R_00363,china_2026_R,LAW,OCO,2026-03-15 07:16:02.133,8,ON_TRACK_PASS,race-distance ordering and target DriverAhead both show the swap,13.164166666666688,7.959,-13.149722222224227,False,26.962499999999636,True,True,2026-03-15 07:16:10.372,8.239,8.239,8.239,8.239,False,194.0,-70.93333333333248,True,False,2026-03-15 07:16:32.133,30.0,120.0,False,False,False
china_2026_R_00364,china_2026_R,COL,GAS,2026-03-15 07:16:05.133,8,CLOSE_INTERACTION_NO_PASS,"valid close battle, no pairwise order change inside the horizon",85.97444444444363,3.8,-84.89805555555358,False,17.066666666666606,False,False,,,,,,False,79.0,191.25857059848923,True,False,2026-03-15 07:16:35.133,30.0,120.0,False,False,False
china_2026_R_00365,china_2026_R,PER,STR,2026-03-15 07:16:10.372,8,CLOSE_INTERACTION_NO_PASS,"valid close battle, no pairwise order change inside the horizon",97.86750000000029,6.96,-97.86750000000029,False,2.6666666666667425,False,False,,,,,,False,104.0,46.15280043501908,True,False,2026-03-15 07:16:40.372,30.0,120.0,False,False,False
china_2026_R_00366,china_2026_R,OCO,LAW,2026-03-15 07:16:10.652,8,ON_TRACK_PASS,race-distance ordering and target DriverAhead both show the swap,10.309722222222263,3.961,-10.324166666665406,False,8.788888888888778,True,True,2026-03-15 07:16:14.973,4.321,4.321,4.321,4.321,False,203.0,-112.99999999999856,True,False,2026-03-15 07:16:40.652,30.0,120.0,False,False,False
china_2026_R_00367,china_2026_R,LIN,OCO,2026-03-15 07:16:11.132,8,CLOSE_INTERACTION_NO_PASS,"valid close battle, no pairwise order change inside the horizon",98.07666666666637,3.161,-98.36888888889371,False,10.577777777777783,False,False,,,,,,False,80.0,163.94736842105252,True,False,2026-03-15 07:16:41.132,30.0,120.0,False,False,False
china_2026_R_00368,china_2026_R,HUL,BEA,2026-03-15 07:16:11.452,8,ON_TRACK_PASS,race-distance ordering and target DriverAhead both show the swap,13.897500000000036,4.521,-16.230833333334886,False,19.38166666666666,True,True,2026-03-15 07:16:16.373,4.921,4.921,4.921,4.921,False,273.0,,True,False,2026-03-15 07:16:41.452,30.0,120.0,False,False,False
china_2026_R_00369,china_2026_R,BEA,VER,2026-03-15 07:16:18.813,8,CLOSE_INTERACTION_NO_PASS,"valid close battle, no pairwise order change inside the horizon",59.492500000000064,31.639,-57.21111111110804,False,5.199999999999818,False,False,,,,,,False,198.0,,True,False,2026-03-15 07:16:48.813,30.0,120.0,False,False,False
china_2026_R_00370,china_2026_R,SAI,HUL,2026-03-15 07:16:18.813,8,ON_TRACK_PASS,race-distance ordering and target DriverAhead both show the swap,75.07500000000005,4.519,-74.73500000000058,False,10.399999999999864,True,True,2026-03-15 07:16:23.692,4.879,4.879,4.879,4.879,False,111.0,,True,False,2026-03-15 07:16:48.813,30.0,120.0,False,False,False
china_2026_R_00371,china_2026_R,HUL,SAI,2026-03-15 07:16:24.212,8,ON_TRACK_PASS,race-distance ordering and target DriverAhead both show the swap,16.765833333333603,4.401,-17.105833333334886,False,8.300000000000182,True,True,2026-03-15 07:16:51.173,26.961,26.961,26.961,26.961,False,249.0,-78.46153846154266,True,False,2026-03-15 07:16:54.212,30.0,120.0,False,False,False
china_2026_R_00372,china_2026_R,SAI,BEA,2026-03-15 07:16:32.933,8,ON_TRACK_PASS,race-distance ordering and target DriverAhead both show the swap,99.57111111111226,4.559,-101.56444444444787,False,7.0,True,True,2026-03-15 07:16:55.213,22.28,22.28,22.28,22.28,False,129.0,6.390243902438868,True,False,2026-03-15 07:17:02.933,30.0,120.0,False,False,False
china_2026_R_00373,china_2026_R,COL,GAS,2026-03-15 07:16:35.933,8,CLOSE_INTERACTION_NO_PASS,"valid close battle, no pairwise order change inside the horizon",98.54222222222052,6.04,-97.46583333333547,False,11.733333333333121,False,False,,,,,,False,98.0,161.4081632653069,True,False,2026-03-15 07:17:05.933,30.0,120.0,False,False,False
china_2026_R_00374,china_2026_R,LAW,COL,2026-03-15 07:16:41.013,8,ON_TRACK_PASS,race-distance ordering and target DriverAhead both show the swap,84.71500000000196,3.44,-84.52638888889487,False,7.3516666666664605,True,True,2026-03-15 07:17:07.373,26.36,26.36,26.36,26.36,False,109.0,,True,False,2026-03-15 07:17:11.013,30.0,120.0,False,False,False
china_2026_R_00375,china_2026_R,OCO,LAW,2026-03-15 07:16:41.213,8,ON_TRACK_PASS,race-distance ordering and target DriverAhead both show the swap,11.086388888887086,4.72,-11.100833333330229,False,6.1111111111108585,True,True,2026-03-15 07:16:46.213,5.0,5.0,5.0,5.0,False,174.0,-87.99999999999636,True,False,2026-03-15 07:17:11.213,30.0,120.0,False,False,False
china_2026_R_00376,china_2026_R,LAW,OCO,2026-03-15 07:16:46.933,8,ON_TRACK_PASS,race-distance ordering and target DriverAhead both show the swap,11.93361111111335,3.919,-11.91916666666657,False,8.222222222222626,True,True,2026-03-15 07:17:07.213,20.28,20.28,20.28,20.28,False,152.0,-51.50000000000318,True,False,2026-03-15 07:17:16.933,30.0,120.0,False,False,False
china_2026_R_00377,china_2026_R,RUS,ANT,2026-03-15 07:16:49.813,8,CLOSE_INTERACTION_NO_PASS,"valid close battle, no pairwise order change inside the horizon; the pair did swap 103.1 s after t0, outside it",98.62111111110698,3.36,-98.53444444444176,False,15.600000000000364,False,False,,,103.12,97.56,103.12,True,77.0,188.2195121951241,True,False,2026-03-15 07:17:19.813,30.0,120.0,False,False,False
china_2026_R_00378,china_2026_R,HAM,RUS,2026-03-15 07:16:52.453,8,ON_TRACK_PASS,race-distance ordering and target DriverAhead both show the swap,98.50555555556002,6.76,-98.75055555555446,False,12.900000000000546,True,True,2026-03-15 07:16:59.493,7.04,7.04,7.04,7.04,False,85.0,146.6262900597499,True,False,2026-03-15 07:17:22.453,30.0,120.0,False,False,False
china_2026_R_00379,china_2026_R,SAI,HUL,2026-03-15 07:16:55.213,8,ON_TRACK_PASS,race-distance ordering and target DriverAhead both show the swap,74.72361111111604,10.16,-74.3836111111159,False,6.199999999999818,True,True,2026-03-15 07:17:05.573,10.36,10.36,10.36,10.36,False,200.0,,True,False,2026-03-15 07:17:25.213,30.0,120.0,False,False,False
china_2026_R_00380,china_2026_R,BEA,SAI,2026-03-15 07:16:55.573,8,CLOSE_INTERACTION_NO_PASS,"valid close battle, no pairwise order change inside the horizon",14.058055555556166,9.8,-12.0647222222251,False,12.864166666666279,False,False,,,,39.36,,False,183.0,-93.00000000000183,True,False,2026-03-15 07:17:25.573,30.0,120.0,False,False,False
china_2026_R_00381,china_2026_R,VER,LIN,2026-03-15 07:16:56.173,8,PIT_RELATED,a pit stop occurred inside the outcome window,10.12833333332992,14.119,-10.07638888888323,False,17.194166666667115,False,False,,,93.841,90.68,93.841,True,284.0,-14.63043478260844,True,False,2026-03-15 07:17:26.173,30.0,120.0,False,True,False
china_2026_R_00382,china_2026_R,RUS,HAM,2026-03-15 07:16:59.733,8,UNCERTAIN,"only one of the two order-change signals fired (distance=False, driver_ahead=True)",13.457222222215023,4.52,-13.212222222216951,False,14.400000000000546,False,True,2026-03-15 07:17:08.253,8.52,75.44,8.52,75.44,True,207.0,-139.99999999999545,True,False,2026-03-15 07:17:29.733,30.0,120.0,False,False,False
china_2026_R_00383,china_2026_R,GAS,RUS,2026-03-15 07:17:01.893,8,UNCERTAIN,"only one of the two order-change signals fired (distance=True, driver_ahead=False)",95.96277777778323,3.92,-97.24111111112143,False,10.022222222223718,True,False,2026-03-15 07:17:06.053,4.16,4.16,,,False,172.0,174.8888888888905,True,False,2026-03-15 07:17:31.893,30.0,120.0,False,False,False
china_2026_R_00384,china_2026_R,OCO,COL,2026-03-15 07:17:03.892,8,CLOSE_INTERACTION_NO_PASS,"valid close battle, no pairwise order change inside the horizon; the pair did swap 99.9 s after t0, outside it",77.95833333333758,12.841,-77.78416666667181,False,29.82222222222208,False,False,,,99.642,99.922,99.922,True,86.0,182.50125062531032,True,False,2026-03-15 07:17:33.892,30.0,120.0,False,False,False
china_2026_R_00385,china_2026_R,STR,BOT,2026-03-15 07:17:04.253,8,ON_TRACK_PASS,race-distance ordering and target DriverAhead both show the swap,40.20694444444234,11.0,-40.626944444440596,False,8.533333333333303,True,True,2026-03-15 07:17:07.213,2.96,2.96,2.96,2.96,False,95.0,,True,False,2026-03-15 07:17:34.253,30.0,120.0,False,False,False
china_2026_R_00386,china_2026_R,BOT,ALO,2026-03-15 07:17:04.693,8,CLOSE_INTERACTION_NO_PASS,"valid close battle, no pairwise order change inside the horizon",11.151111111109003,10.16,-10.894444444442343,False,13.655555555555111,False,False,,,,33.68,,False,166.0,-70.99999999999744,True,False,2026-03-15 07:17:34.693,30.0,120.0,False,False,False
china_2026_R_00387,china_2026_R,BEA,HUL,2026-03-15 07:17:05.573,8,ON_TRACK_PASS,race-distance ordering and target DriverAhead both show the swap,49.22666666667328,5.96,-46.893333333340706,False,28.111111111111313,True,True,2026-03-15 07:17:09.493,3.92,3.92,3.92,3.92,False,290.0,,True,False,2026-03-15 07:17:35.573,30.0,120.0,False,False,False
china_2026_R_00388,china_2026_R,HUL,SAI,2026-03-15 07:17:06.253,8,ON_TRACK_PASS,race-distance ordering and target DriverAhead both show the swap,10.257499999996071,7.64,-10.597499999996217,False,18.455555555555293,True,True,2026-03-15 07:17:14.093,7.84,7.84,7.84,7.84,False,339.0,-49.705882352949736,True,False,2026-03-15 07:17:36.253,30.0,120.0,False,True,False
china_2026_R_00389,china_2026_R,LIN,OCO,2026-03-15 07:17:08.253,8,CLOSE_INTERACTION_NO_PASS,"valid close battle, no pairwise order change inside the horizon; the pair did swap 105.4 s after t0, outside it",98.07055555555598,4.32,-98.36277777778014,False,15.277777777777374,False,False,,,105.36,105.0,105.36,True,77.0,150.961538461536,True,False,2026-03-15 07:17:38.253,30.0,120.0,False,False,False
china_2026_R_00390,china_2026_R,LEC,HAM,2026-03-15 07:17:08.693,9,CLOSE_INTERACTION_NO_PASS,"valid close battle, no pairwise order change inside the horizon",62.41666666666667,163.201,-62.913333333337505,False,20.690277777777354,False,False,,,,,,False,277.0,,True,False,2026-03-15 07:17:38.693,30.0,120.0,False,False,False
china_2026_R_00391,china_2026_R,SAI,VER,2026-03-15 07:17:11.333,8,PIT_RELATED,a pit stop occurred inside the outcome window,77.06722222221924,6.72,-76.77916666666715,False,27.00000000000091,False,False,,,45.0,101.64,101.64,True,60.0,263.59347826087173,True,False,2026-03-15 07:17:41.333,30.0,120.0,False,True,False
china_2026_R_00392,china_2026_R,HUL,LIN,2026-03-15 07:17:14.453,8,ON_TRACK_PASS,race-distance ordering and target DriverAhead both show the swap,84.24472222221539,3.28,-84.24472222221812,False,14.769166666666024,True,True,2026-03-15 07:17:18.053,3.6,3.6,3.6,3.6,False,68.0,,True,False,2026-03-15 07:17:44.453,30.0,120.0,False,False,False
china_2026_R_00393,china_2026_R,STR,ALO,2026-03-15 07:17:21.853,8,CLOSE_INTERACTION_NO_PASS,"valid close battle, no pairwise order change inside the horizon",90.61055555555049,17.08,-90.77388888888527,False,15.199999999999818,False,False,,,,,,False,153.0,47.00000000000159,True,False,2026-03-15 07:17:51.853,30.0,120.0,False,False,False
china_2026_R_00394,china_2026_R,PER,BOT,2026-03-15 07:17:23.613,8,ON_TRACK_PASS,race-distance ordering and target DriverAhead both show the swap,95.55194444444624,6.04,-95.97194444444904,False,23.555555555556566,True,True,2026-03-15 07:17:25.573,1.96,1.96,1.96,1.96,False,62.0,237.01999999999862,True,False,2026-03-15 07:17:53.613,30.0,120.0,False,False,False
china_2026_R_00395,china_2026_R,LIN,LAW,2026-03-15 07:17:24.133,9,PIT_RELATED,attacker or target on a box lap at t0,36.54555555555555,36.2,-36.54555555555271,False,5.444444444444343,False,False,,,100.8,101.4,101.4,True,276.0,,False,False,2026-03-15 07:17:54.133,30.0,120.0,True,True,False
china_2026_R_00396,china_2026_R,BEA,VER,2026-03-15 07:17:25.333,9,PIT_RELATED,attacker or target on a box lap at t0,41.61472222222221,53.04,-41.94166666667297,False,18.911111111111495,False,False,,,98.921,98.921,98.921,True,291.0,,False,False,2026-03-15 07:17:55.333,30.0,120.0,True,True,False
china_2026_R_00397,china_2026_R,BOT,STR,2026-03-15 07:17:28.013,8,UNCERTAIN,"only one of the two order-change signals fired (distance=True, driver_ahead=False)",89.08250000000135,8.4,-88.66249999999854,False,10.0,True,False,2026-03-15 07:17:38.653,10.64,10.64,77.56,77.56,True,65.0,131.36842105263273,True,False,2026-03-15 07:17:58.013,30.0,120.0,False,False,False
china_2026_R_00398,china_2026_R,COL,GAS,2026-03-15 07:17:29.013,9,CLOSE_INTERACTION_NO_PASS,"valid close battle, no pairwise order change inside the horizon",98.88888888888846,3.4,-98.81555555554951,False,1.9555555555555202,False,False,,,,,,False,100.0,36.632653061224936,True,False,2026-03-15 07:17:59.013,30.0,120.0,False,False,False
china_2026_R_00399,china_2026_R,RUS,ANT,2026-03-15 07:17:31.653,9,CLOSE_INTERACTION_NO_PASS,"valid close battle, no pairwise order change inside the horizon; the pair did swap 55.7 s after t0, outside it",96.60555555555493,4.08,-96.60555555555038,False,6.5,False,False,,,55.72,55.72,55.72,True,108.0,79.02000000000017,True,False,2026-03-15 07:18:01.653,30.0,120.0,False,False,False
china_2026_R_00400,china_2026_R,LAW,OCO,2026-03-15 07:17:32.413,9,PIT_RELATED,attacker or target on a box lap at t0,99.50138888888887,3.32,-99.89972222222423,False,5.666666666666629,False,False,,,77.601,77.601,77.601,True,100.0,60.20833333333287,False,False,2026-03-15 07:18:02.413,30.0,120.0,True,True,False
china_2026_R_00401,china_2026_R,HAM,RUS,2026-03-15 07:17:34.253,9,CLOSE_INTERACTION_NO_PASS,"valid close battle, no pairwise order change inside the horizon",93.0033333333322,3.72,-92.50666666666802,False,38.022222222222126,False,False,,,,,,False,83.0,161.88000000000054,True,False,2026-03-15 07:18:04.253,30.0,120.0,False,False,False
china_2026_R_00402,china_2026_R,SAI,BEA,2026-03-15 07:17:36.413,9,PIT_RELATED,attacker or target on a box lap at t0,99.99083333333317,9.0,-100.05472222222306,False,14.5,False,False,,,75.16,75.16,75.16,True,110.0,72.18918918918898,False,False,2026-03-15 07:18:06.413,30.0,120.0,True,True,False
china_2026_R_00403,china_2026_R,ALO,BOT,2026-03-15 07:17:43.093,9,CLOSE_INTERACTION_NO_PASS,"valid close battle, no pairwise order change inside the horizon; the pair did swap 62.5 s after t0, outside it",98.77999999999986,62.2,-99.01222222221986,False,23.11111111111086,False,False,,,62.48,62.48,62.48,True,232.0,10.38775510204094,True,False,2026-03-15 07:18:13.093,30.0,120.0,False,False,False
china_2026_R_00404,china_2026_R,OCO,COL,2026-03-15 07:17:47.373,9,CLOSE_INTERACTION_NO_PASS,"valid close battle, no pairwise order change inside the horizon; the pair did swap 56.4 s after t0, outside it",94.99722222222317,4.44,-94.67222222222335,False,10.311111111110904,False,False,,,56.441,56.441,56.441,True,92.0,144.57142857142796,True,False,2026-03-15 07:18:17.373,30.0,120.0,False,False,False
china_2026_R_00405,china_2026_R,PER,STR,2026-03-15 07:17:50.254,9,CLOSE_INTERACTION_NO_PASS,"valid close battle, no pairwise order change inside the horizon",98.89222222222236,8.879,-99.06388888888614,False,6.06666666666672,False,False,,,,,,False,120.0,53.03934077618269,True,False,2026-03-15 07:18:20.254,30.0,120.0,False,False,False
china_2026_R_00406,china_2026_R,LAW,HUL,2026-03-15 07:17:53.733,9,PIT_RELATED,attacker or target on a box lap at t0,10.702777777777555,6.6,-10.702777777776646,False,10.299999999999955,True,True,2026-03-15 07:18:00.733,7.0,7.0,7.0,7.0,False,183.0,,False,False,2026-03-15 07:18:23.733,30.0,120.0,True,True,False
china_2026_R_00407,china_2026_R,LIN,LAW,2026-03-15 07:18:02.933,9,PIT_RELATED,attacker or target on a box lap at t0,45.65222222222269,11.12,-45.652222222226555,False,2.1777777777779193,False,False,,,62.0,62.6,62.6,True,235.0,,False,False,2026-03-15 07:18:32.933,30.0,120.0,True,True,False
china_2026_R_00408,china_2026_R,HUL,BEA,2026-03-15 07:18:05.933,9,ON_TRACK_PASS,race-distance ordering and target DriverAhead both show the swap,12.001944444446053,5.68,-12.065833333334012,False,5.699999999999818,True,True,2026-03-15 07:18:10.654,4.721,4.721,4.721,4.721,False,232.0,-66.00000000000136,True,False,2026-03-15 07:18:35.933,30.0,120.0,False,False,False
china_2026_R_00409,china_2026_R,COL,GAS,2026-03-15 07:18:15.333,9,CLOSE_INTERACTION_NO_PASS,"valid close battle, no pairwise order change inside the horizon",97.86694444444174,4.96,-97.79361111110484,False,9.722222222222626,False,False,,,,,,False,91.0,162.10416666666617,True,False,2026-03-15 07:18:45.333,30.0,120.0,False,False,False
china_2026_R_00410,china_2026_R,BEA,HUL,2026-03-15 07:18:18.573,9,ON_TRACK_PASS,race-distance ordering and target DriverAhead both show the swap,22.252222222221917,4.641,-22.18833333333896,False,5.533333333333303,True,True,2026-03-15 07:18:21.773,3.2,3.2,3.2,3.2,False,152.0,,True,False,2026-03-15 07:18:48.573,30.0,120.0,False,False,False
china_2026_R_00411,china_2026_R,HUL,VER,2026-03-15 07:18:18.973,9,PIT_RELATED,attacker or target on a box lap at t0,12.281944444445799,4.241,-12.67277777777781,False,7.666666666666515,True,True,2026-03-15 07:18:23.414,4.441,4.441,4.441,4.441,False,237.0,-82.50000000000682,False,False,2026-03-15 07:18:48.973,30.0,120.0,True,True,False
china_2026_R_00412,china_2026_R,BEA,VER,2026-03-15 07:18:21.773,9,PIT_RELATED,attacker or target on a box lap at t0,35.16750000000093,4.92,-35.49444444444089,False,15.675555555555547,False,False,,,42.481,42.481,42.481,True,260.0,,False,False,2026-03-15 07:18:51.773,30.0,120.0,True,True,False
china_2026_R_00413,china_2026_R,HUL,LAW,2026-03-15 07:18:23.694,9,PIT_RELATED,attacker or target on a box lap at t0,22.098611111113314,7.679,-22.098611111112405,False,6.933333333333849,False,False,,,,45.96,,False,90.0,,False,False,2026-03-15 07:18:53.694,30.0,120.0,True,True,False
china_2026_R_00414,china_2026_R,SAI,BEA,2026-03-15 07:18:25.573,9,PIT_RELATED,attacker or target on a box lap at t0,99.17555555555327,12.8,-99.2394444444435,False,13.33333333333303,True,True,2026-03-15 07:18:51.573,26.0,26.0,26.0,26.0,False,89.0,156.5960617349669,False,False,2026-03-15 07:18:55.573,30.0,120.0,True,True,False
china_2026_R_00415,china_2026_R,VER,HUL,2026-03-15 07:18:26.853,9,PIT_RELATED,attacker or target on a box lap at t0,25.994722222220844,4.52,-25.603888888887013,False,4.33333333333303,True,True,2026-03-15 07:18:31.693,4.84,4.84,4.84,4.84,False,91.0,,False,False,2026-03-15 07:18:56.853,30.0,120.0,True,True,False
china_2026_R_00416,china_2026_R,BEA,LIN,2026-03-15 07:18:26.853,9,CLOSE_INTERACTION_NO_PASS,"valid close battle, no pairwise order change inside the horizon",13.655000000000655,4.84,-13.591111111112696,False,7.91111111111104,False,False,,,,,,False,87.0,,True,False,2026-03-15 07:18:56.853,30.0,120.0,False,False,False
china_2026_R_00417,china_2026_R,LIN,LAW,2026-03-15 07:18:33.373,9,PIT_RELATED,attacker or target on a box lap at t0,86.8313888888888,16.441,-86.83138888888789,False,4.0,False,False,,,31.56,32.16,32.16,True,247.0,,False,False,2026-03-15 07:19:03.373,30.0,120.0,True,True,False
china_2026_R_00418,china_2026_R,VER,LIN,2026-03-15 07:18:36.254,9,PIT_RELATED,attacker or target on a box lap at t0,11.236111111112677,13.079,-10.845277777778392,False,22.799999999999272,False,False,,,,,,False,290.0,-10.73367404883922,False,False,2026-03-15 07:19:06.254,30.0,120.0,True,True,False
china_2026_R_00419,china_2026_R,GAS,LEC,2026-03-15 07:18:43.014,9,UNCERTAIN,"only one of the two order-change signals fired (distance=True, driver_ahead=False)",91.70083333333514,4.159,-91.70083333333605,False,11.82222222222299,True,False,2026-03-15 07:18:48.013,4.999,4.999,,,False,171.0,159.91098386257212,True,False,2026-03-15 07:19:13.014,30.0,120.0,False,True,False
china_2026_R_00420,china_2026_R,COL,OCO,2026-03-15 07:18:44.134,9,ON_TRACK_PASS,race-distance ordering and target DriverAhead both show the swap,27.98638888889218,3.319,-28.311388888898364,False,21.777777777777374,True,True,2026-03-15 07:18:47.773,3.6390000000000002,3.6390000000000002,3.6390000000000002,3.6390000000000002,False,311.0,-244.99999999999545,True,False,2026-03-15 07:19:14.134,30.0,120.0,False,False,False
china_2026_R_00421,china_2026_R,OCO,COL,2026-03-15 07:18:48.253,9,UNCERTAIN,"only one of the two order-change signals fired (distance=True, driver_ahead=False)",14.771666666662895,8.521,-14.446666666663077,False,10.255555555556384,True,False,2026-03-15 07:19:08.093,19.84,19.84,106.681,106.681,True,186.0,-90.0,True,False,2026-03-15 07:19:18.253,30.0,120.0,False,False,False
china_2026_R_00422,china_2026_R,STR,ALO,2026-03-15 07:18:48.693,9,CLOSE_INTERACTION_NO_PASS,"valid close battle, no pairwise order change inside the horizon",87.31555555556088,13.12,-87.1716666666689,False,2.744444444443161,False,False,,,,,,False,233.0,,True,False,2026-03-15 07:19:18.693,30.0,120.0,False,False,False
china_2026_R_00423,china_2026_R,BOT,STR,2026-03-15 07:18:49.333,9,PIT_RELATED,a pit stop occurred inside the outcome window,25.92805555555151,12.48,-25.83972222221928,False,18.666666666667425,False,False,,,,,,False,237.0,-136.7500000000001,True,False,2026-03-15 07:19:19.333,30.0,120.0,False,True,False
china_2026_R_00424,china_2026_R,ANT,RUS,2026-03-15 07:18:50.894,10,PIT_RELATED,attacker or target on a box lap at t0,10.71305555555557,58.6,-10.958888888890215,False,20.60861111111103,False,False,,,58.8,58.8,58.8,True,291.0,,False,False,2026-03-15 07:19:20.894,30.0,120.0,True,True,False
china_2026_R_00425,china_2026_R,BEA,VER,2026-03-15 07:18:59.333,9,PIT_RELATED,attacker or target on a box lap at t0,97.18694444444554,4.561,-97.5138888888905,False,14.788888888889232,True,True,2026-03-15 07:19:04.254,4.921,4.921,4.921,4.921,False,173.0,,False,False,2026-03-15 07:19:29.333,30.0,120.0,True,True,False
china_2026_R_00426,china_2026_R,SAI,BEA,2026-03-15 07:18:59.973,9,PIT_RELATED,attacker or target on a box lap at t0,10.173888888886722,3.281,-10.237777777780138,False,12.17777777777792,False,False,,,,,,False,139.0,-46.62499999999682,False,False,2026-03-15 07:19:29.973,30.0,120.0,True,True,False
china_2026_R_00427,china_2026_R,STR,HUL,2026-03-15 07:19:02.053,9,CLOSE_INTERACTION_NO_PASS,"valid close battle, no pairwise order change inside the horizon",59.87944444445293,4.44,-59.70777777778858,False,14.788888888890142,False,False,,,,,,False,199.0,,True,False,2026-03-15 07:19:32.053,30.0,120.0,False,False,False
china_2026_R_00428,china_2026_R,BEA,LIN,2026-03-15 07:19:04.933,10,PIT_RELATED,attacker or target on a box lap at t0,79.74444444444444,19.601,-80.0644444444406,False,10.587222222222294,False,False,,,,,,False,275.0,2258.07363770254,False,False,2026-03-15 07:19:34.933,30.0,120.0,True,True,False
china_2026_R_00429,china_2026_R,COL,GAS,2026-03-15 07:19:05.533,10,PIT_RELATED,attacker or target on a box lap at t0,93.23527777777758,7.28,-93.23527777777781,False,7.399999999999977,False,False,,,,,,False,87.0,104.93746601413822,False,False,2026-03-15 07:19:35.533,30.0,120.0,True,True,False
china_2026_R_00430,china_2026_R,BOT,PER,2026-03-15 07:19:06.053,9,ON_TRACK_PASS,race-distance ordering and target DriverAhead both show the swap,16.4719444444454,3.881,-16.211944444447,False,14.066666666666606,True,True,2026-03-15 07:19:10.214,4.161,4.161,4.161,4.161,False,290.0,-210.9999999999991,True,False,2026-03-15 07:19:36.053,30.0,120.0,False,True,False
china_2026_R_00431,china_2026_R,VER,LAW,2026-03-15 07:19:10.214,10,PIT_RELATED,attacker or target on a box lap at t0,10.933333333333332,8.119,-10.933333333334303,False,8.677777777777806,False,False,,,48.36,48.36,48.36,True,80.0,,False,False,2026-03-15 07:19:40.214,30.0,120.0,True,True,False
china_2026_R_00432,china_2026_R,PER,BOT,2026-03-15 07:19:10.494,9,UNCERTAIN,"only one of the two order-change signals fired (distance=True, driver_ahead=False)",15.371944444440487,7.0,-15.631944444437977,False,12.444444444444343,True,False,2026-03-15 07:19:31.454,20.96,20.96,,,False,215.0,-147.00000000000077,True,False,2026-03-15 07:19:40.494,30.0,120.0,False,True,False
china_2026_R_00433,china_2026_R,SAI,VER,2026-03-15 07:19:13.373,10,PIT_RELATED,attacker or target on a box lap at t0,67.24444444444445,3.561,-67.24444444444089,False,8.555555555555557,True,True,2026-03-15 07:19:18.573,5.2,5.2,5.2,5.2,False,79.0,81.88535695674982,False,False,2026-03-15 07:19:43.373,30.0,120.0,True,True,False
china_2026_R_00434,china_2026_R,ALO,HUL,2026-03-15 07:19:15.854,9,INVALID,"race state not green at t0 (TrackStatus=1, freeze=True)",17.145555555554893,3.559,-1025.5816666666651,False,7.594999999999345,True,False,2026-03-15 07:19:20.213,4.359,4.359,67.92,67.92,True,229.0,-70.53932584269532,False,False,2026-03-15 07:19:45.854,30.0,120.0,False,False,False
china_2026_R_00435,china_2026_R,LIN,HUL,2026-03-15 07:19:20.413,10,INVALID,"race state not green at t0 (TrackStatus=124, freeze=True)",15.96916666666607,4.121,-15.591388888882648,False,11.521388888888964,True,True,2026-03-15 07:19:24.894,4.481,4.481,4.481,4.481,False,229.0,-141.9999999999984,False,False,2026-03-15 07:19:50.413,30.0,120.0,False,False,False
china_2026_R_00436,china_2026_R,ALO,BOT,2026-03-15 07:19:25.653,10,PIT_RELATED,attacker or target on a box lap at t0,99.048888888889,15.72,-99.00944444444758,False,20.099999999999795,False,False,,,78.921,78.921,78.921,True,182.0,67.0042575838208,False,False,2026-03-15 07:19:55.653,30.0,120.0,True,True,False
china_2026_R_00437,china_2026_R,OCO,COL,2026-03-15 07:19:25.813,10,INVALID,"race state not green at t0 (TrackStatus=124, freeze=True)",99.9405555555561,5.441,-99.78055555555329,False,10.266666666666652,False,False,,,69.121,69.121,69.121,True,105.0,111.89722675367052,False,False,2026-03-15 07:19:55.813,30.0,120.0,False,False,False
china_2026_R_00438,china_2026_R,HUL,BEA,2026-03-15 07:19:32.773,10,PIT_RELATED,attacker or target on a box lap at t0,98.39444444444507,5.92,-98.45222222222219,False,14.888888888888914,False,False,,,,,,False,138.0,59.65939329430509,False,False,2026-03-15 07:20:02.773,30.0,120.0,True,True,False
china_2026_R_00439,china_2026_R,LAW,PER,2026-03-15 07:19:39.133,10,PIT_RELATED,attacker or target on a box lap at t0,99.98444444444408,4.521,-100.38583333333372,False,2.8444444444444343,False,False,,,92.401,92.401,92.401,True,101.0,42.06603301650787,False,False,2026-03-15 07:20:09.133,30.0,120.0,True,True,False
china_2026_R_00440,china_2026_R,SAI,HAD,2026-03-15 07:19:42.014,10,PIT_RELATED,attacker or target on a box lap at t0,14.856111111111318,12.719,-15.10305555555533,False,8.555555555555543,True,True,2026-03-15 07:19:55.013,12.999,12.999,12.999,12.999,False,202.0,-109.10249307479204,False,False,2026-03-15 07:20:12.014,30.0,120.0,True,True,False
china_2026_R_00441,china_2026_R,RUS,ANT,2026-03-15 07:19:50.974,10,PIT_RELATED,attacker or target on a box lap at t0,10.950277777781139,10.479,-10.70444444444729,False,3.5444444444456167,True,True,2026-03-15 07:20:02.574,11.6,11.6,11.6,11.6,False,293.0,-29.250000000000256,False,False,2026-03-15 07:20:20.974,30.0,120.0,True,True,False
china_2026_R_00442,china_2026_R,COL,GAS,2026-03-15 07:19:53.573,10,PIT_RELATED,attacker or target on a box lap at t0,95.51194444444536,6.36,-95.51194444444263,False,13.066666666666606,False,False,,,,,,False,96.0,162.58467952058422,False,False,2026-03-15 07:20:23.573,30.0,120.0,True,True,False
china_2026_R_00443,china_2026_R,HAD,SAI,2026-03-15 07:19:55.614,10,PIT_RELATED,attacker or target on a box lap at t0,11.858055555555211,5.359,-11.61111111111677,False,13.5,True,True,2026-03-15 07:20:01.133,5.519,5.519,5.519,5.519,False,253.0,-66.3327787021622,False,False,2026-03-15 07:20:25.614,30.0,120.0,True,True,False
china_2026_R_00444,china_2026_R,HUL,BOT,2026-03-15 07:19:58.893,10,PIT_RELATED,attacker or target on a box lap at t0,14.302500000002055,9.681,-14.331388888887886,False,29.581944444444616,True,True,2026-03-15 07:20:08.934,10.041,10.041,10.041,10.041,False,220.0,-134.0000000000043,False,False,2026-03-15 07:20:28.893,30.0,120.0,True,True,False
china_2026_R_00445,china_2026_R,ALO,HUL,2026-03-15 07:19:59.173,10,INVALID,"race state not green at t0 (TrackStatus=124, freeze=True)",99.25499999999602,9.401,-99.18666666666104,False,18.060555555555766,True,True,2026-03-15 07:20:23.774,24.601,24.601,24.601,24.601,False,86.0,130.53255425709978,False,False,2026-03-15 07:20:29.173,30.0,120.0,False,False,False
china_2026_R_00446,china_2026_R,VER,LAW,2026-03-15 07:20:02.574,10,PIT_RELATED,attacker or target on a box lap at t0,21.047222222222672,7.56,-21.047222222223354,False,16.50361111111124,True,True,2026-03-15 07:20:10.574,8.0,8.0,8.0,8.0,False,195.0,-51.00138792505219,False,False,2026-03-15 07:20:32.574,30.0,120.0,True,True,False
china_2026_R_00447,china_2026_R,ALO,BOT,2026-03-15 07:20:08.934,10,PIT_RELATED,attacker or target on a box lap at t0,92.88999999999714,6.6,-92.850555555553,False,1.066666666666606,False,False,,,35.64,35.64,35.64,True,81.0,,False,False,2026-03-15 07:20:38.934,30.0,120.0,True,True,False
china_2026_R_00448,china_2026_R,BOT,HUL,2026-03-15 07:20:09.494,10,PIT_RELATED,attacker or target on a box lap at t0,13.601944444444143,7.08,-13.573055555556493,False,8.799999999999727,True,True,2026-03-15 07:20:16.894,7.4,7.4,7.4,7.4,False,153.0,-73.42857142856992,False,False,2026-03-15 07:20:39.494,30.0,120.0,True,True,False
china_2026_R_00449,china_2026_R,ANT,RUS,2026-03-15 07:20:09.974,10,PIT_RELATED,attacker or target on a box lap at t0,98.52666666666119,7.56,-98.77249999999913,False,6.111111111111313,True,True,2026-03-15 07:20:17.694,7.72,7.72,7.72,7.72,False,71.0,21.928613920287432,False,False,2026-03-15 07:20:39.974,30.0,120.0,True,True,False
china_2026_R_00450,china_2026_R,SAI,HAD,2026-03-15 07:20:14.613,10,PIT_RELATED,attacker or target on a box lap at t0,12.006944444445253,7.001,-12.253888888895744,False,5.200000000000273,True,True,2026-03-15 07:20:21.974,7.361,7.361,7.361,7.361,False,165.0,-75.60000000000082,False,False,2026-03-15 07:20:44.613,30.0,120.0,True,True,False
china_2026_R_00451,china_2026_R,LEC,HAM,2026-03-15 07:20:14.974,10,PIT_RELATED,attacker or target on a box lap at t0,99.51527777778392,4.439,-97.63305555556144,False,3.9000000000005457,False,False,,,,,,False,47.0,24.977853492333725,False,False,2026-03-15 07:20:44.974,30.0,120.0,True,True,True
china_2026_R_00452,china_2026_R,OCO,COL,2026-03-15 07:20:17.854,10,INVALID,"race state not green at t0 (TrackStatus=124, freeze=True)",99.72611111111019,6.28,-99.56611111110396,False,4.666666666666515,True,True,2026-03-15 07:20:34.934,17.08,17.08,17.08,17.08,False,128.0,58.52380952380762,False,False,2026-03-15 07:20:47.854,30.0,120.0,False,False,False
china_2026_R_00453,china_2026_R,LAW,VER,2026-03-15 07:20:23.774,10,PIT_RELATED,attacker or target on a box lap at t0,12.53194444444216,22.839,-12.531944444439432,False,3.6666666666660603,True,True,2026-03-15 07:20:46.893,23.119,23.119,23.119,23.119,False,127.0,-35.06451612903294,False,False,2026-03-15 07:20:53.774,30.0,120.0,True,True,False
china_2026_R_00454,china_2026_R,HUL,ALO,2026-03-15 07:20:23.934,10,INVALID,"race state not green at t0 (TrackStatus=124, freeze=True)",12.508055555558258,14.88,-12.576388888890506,False,7.888888888888687,False,False,,,,99.92,,False,190.0,-106.00000000001273,False,False,2026-03-15 07:20:53.934,30.0,120.0,False,False,False
china_2026_R_00455,china_2026_R,VER,PER,2026-03-15 07:20:33.853,10,PIT_RELATED,attacker or target on a box lap at t0,96.52055555555808,12.76,-96.92194444444613,False,10.6574999999998,False,False,,,,,,False,77.0,68.07861822513222,False,False,2026-03-15 07:21:03.853,30.0,120.0,True,True,False
china_2026_R_00456,china_2026_R,HAD,SAI,2026-03-15 07:20:34.493,10,PIT_RELATED,attacker or target on a box lap at t0,10.054444444441742,7.401,-9.807499999995343,False,14.900000000000091,True,True,2026-03-15 07:20:42.134,7.641,7.641,7.641,7.641,False,170.0,-63.00000000001092,False,False,2026-03-15 07:21:04.493,30.0,120.0,True,True,False
china_2026_R_00457,china_2026_R,COL,LIN,2026-03-15 07:20:39.493,10,INVALID,"race state not green at t0 (TrackStatus=124, freeze=True)",11.889444444443143,4.641,-12.267222222217242,False,10.899999999999636,True,True,2026-03-15 07:20:48.774,9.281,9.281,9.281,9.281,False,255.0,-65.49478079332194,False,False,2026-03-15 07:21:09.493,30.0,120.0,False,False,False
china_2026_R_00458,china_2026_R,COL,GAS,2026-03-15 07:20:44.854,10,INVALID,"race state not green at t0 (TrackStatus=124, freeze=True)",94.62166666666053,5.56,-88.47722222221637,False,50.31333333333994,False,False,,,,,,False,79.0,80.00000000000519,False,False,2026-03-15 07:21:14.854,30.0,120.0,False,False,False
china_2026_R_00459,china_2026_R,LAW,PER,2026-03-15 07:20:46.893,10,PIT_RELATED,attacker or target on a box lap at t0,50.33361111110935,3.241,-50.73500000000058,False,3.444444444443434,True,True,2026-03-15 07:21:11.534,24.641,24.641,24.641,24.641,False,152.0,,False,False,2026-03-15 07:21:16.893,30.0,120.0,True,True,False
china_2026_R_00460,china_2026_R,LIN,COL,2026-03-15 07:20:49.174,10,INVALID,"race state not green at t0 (TrackStatus=124, freeze=True)",18.62722222222419,3.28,-422.3016666666663,False,13.222222222221717,True,False,2026-03-15 07:21:02.294,13.12,13.12,,,False,253.0,-118.99999999999545,False,False,2026-03-15 07:21:19.174,30.0,120.0,False,False,False
china_2026_R_00461,china_2026_R,ALO,BOT,2026-03-15 07:20:51.254,10,PIT_RELATED,attacker or target on a box lap at t0,11.471666666663623,6.16,-11.432222222225391,False,10.600000000000364,True,True,2026-03-15 07:20:57.694,6.44,6.44,6.44,6.44,False,277.0,-61.25000000000398,False,False,2026-03-15 07:21:21.254,30.0,120.0,True,True,False
china_2026_R_00462,china_2026_R,VER,LAW,2026-03-15 07:20:54.774,10,PIT_RELATED,attacker or target on a box lap at t0,13.590277777780102,16.6,-13.590277777781012,False,7.33333333333394,False,False,,,,76.44,,False,215.0,-10.09399167162167,False,False,2026-03-15 07:21:24.774,30.0,120.0,True,True,False
china_2026_R_00463,china_2026_R,HUL,VER,2026-03-15 07:20:55.214,10,PIT_RELATED,attacker or target on a box lap at t0,12.911944444451365,3.28,-12.911944444451365,False,10.877777777777737,False,False,,,,,,False,222.0,-88.99999999999967,False,False,2026-03-15 07:21:25.214,30.0,120.0,True,True,False
china_2026_R_00464,china_2026_R,BOT,ALO,2026-03-15 07:20:58.134,10,PIT_RELATED,attacker or target on a box lap at t0,19.54027777778265,18.56,-19.579722222224518,False,14.099999999999454,False,False,,,,,,False,232.0,-129.72727272728247,False,False,2026-03-15 07:21:28.134,30.0,120.0,True,True,False
china_2026_R_00465,china_2026_R,COL,ANT,2026-03-15 07:20:59.853,11,INVALID,no causal target sample at t0,94.77111111111094,103.001,,False,11.711111111111222,False,False,,,,,,False,,74.36118059029522,False,False,2026-03-15 07:21:29.853,30.0,120.0,False,False,False
china_2026_R_00466,china_2026_R,OCO,COL,2026-03-15 07:21:01.414,11,INVALID,"race state not green at t0 (TrackStatus=4, freeze=True)",98.31222222222186,19.119,-97.97888888889429,False,11.144444444444275,False,False,,,101.6,101.6,101.6,True,128.0,55.843563280826125,False,False,2026-03-15 07:21:31.414,30.0,120.0,False,False,False
china_2026_R_00467,china_2026_R,HUL,GAS,2026-03-15 07:21:05.774,11,INVALID,no causal target sample at t0,98.14888888888873,4.6,,False,9.866666666666674,False,False,,,,,,False,,87.49999999999999,False,False,2026-03-15 07:21:35.774,30.0,120.0,False,False,False
china_2026_R_00468,china_2026_R,SAI,HUL,2026-03-15 07:21:06.933,10,PIT_RELATED,attacker or target on a box lap at t0,96.90472222221752,4.601,-1970.8544444444415,False,3.4666666666671517,True,False,2026-03-15 07:21:21.574,14.641,14.641,,,False,133.0,102.6429018136324,False,False,2026-03-15 07:21:36.933,30.0,120.0,True,True,False
china_2026_R_00469,china_2026_R,LIN,HAM,2026-03-15 07:21:09.334,11,INVALID,no causal target sample at t0,98.18166666666662,19.04,,False,11.066666666666606,False,False,,,,,,False,,72.63414634146356,False,False,2026-03-15 07:21:39.334,30.0,120.0,False,False,False
china_2026_R_00470,china_2026_R,VER,PER,2026-03-15 07:21:11.534,10,PIT_RELATED,attacker or target on a box lap at t0,15.512222222227138,4.6,-15.913611111114733,False,11.299999999999272,False,False,,,98.64,,,False,87.0,,False,False,2026-03-15 07:21:41.534,30.0,120.0,True,True,False
china_2026_R_00471,china_2026_R,PER,LAW,2026-03-15 07:21:12.254,10,PIT_RELATED,attacker or target on a box lap at t0,12.549722222220225,7.479,-12.148333333330811,False,6.722222222221717,True,True,2026-03-15 07:21:19.893,7.639,7.639,7.639,7.639,False,154.0,-54.2222222222199,False,False,2026-03-15 07:21:42.254,30.0,120.0,True,True,False
china_2026_R_00472,china_2026_R,LAW,PER,2026-03-15 07:21:20.734,10,PIT_RELATED,attacker or target on a box lap at t0,10.086111111113496,3.32,-10.487499999995634,False,10.555555555555657,True,False,2026-03-15 07:21:41.534,20.8,20.8,,,False,137.0,-40.96432818073833,False,False,2026-03-15 07:21:50.734,30.0,120.0,True,True,False
china_2026_R_00473,china_2026_R,PER,BOT,2026-03-15 07:21:23.254,10,INVALID,no causal target sample at t0,99.44194444444383,3.599,,False,11.40000000000002,False,False,,,,,,False,,93.79999999999873,False,False,2026-03-15 07:21:53.254,30.0,120.0,False,True,False
china_2026_R_00474,china_2026_R,HAD,SAI,2026-03-15 07:21:23.694,10,PIT_RELATED,attacker or target on a box lap at t0,10.848888888884176,11.68,-10.601944444439141,False,23.35666666666657,False,False,,,,,,False,155.0,-74.00000000000216,False,False,2026-03-15 07:21:53.694,30.0,120.0,True,True,False
china_2026_R_00475,china_2026_R,ALO,BEA,2026-03-15 07:21:25.614,11,INVALID,no causal target sample at t0,99.35638888888894,5.88,,False,7.666666666666458,False,False,,,,,,False,,94.91666666666647,False,False,2026-03-15 07:21:55.614,30.0,120.0,False,False,False
china_2026_R_00476,china_2026_R,VER,LAW,2026-03-15 07:21:33.693,11,INVALID,"race state not green at t0 (TrackStatus=4, freeze=True)",81.385,37.361,-81.225555555553,False,9.0,False,False,,,37.521,37.521,37.521,True,216.0,77.7580206634049,False,False,2026-03-15 07:22:03.693,30.0,120.0,False,False,False
china_2026_R_00477,china_2026_R,SAI,VER,2026-03-15 07:21:48.534,11,INVALID,"race state not green at t0 (TrackStatus=4, freeze=True)",98.2327777777781,12.92,-97.73222222222103,False,5.900000000000091,False,False,,,102.48,102.48,102.48,True,94.0,47.806083650189876,False,False,2026-03-15 07:22:18.534,30.0,120.0,False,False,False
china_2026_R_00478,china_2026_R,LIN,HAM,2026-03-15 07:21:52.054,11,INVALID,no causal target sample at t0,79.44305555555547,23.4,,False,5.430833333333339,False,False,,,,,,False,,80.45652173913008,False,False,2026-03-15 07:22:22.054,30.0,120.0,False,False,False
china_2026_R_00479,china_2026_R,HUL,GAS,2026-03-15 07:22:04.054,11,INVALID,no causal target sample at t0,12.115277777779738,18.36,,False,14.800000000000637,False,False,,,,,,False,,-111.00000000000546,False,False,2026-03-15 07:22:34.054,30.0,120.0,False,False,False
china_2026_R_00480,china_2026_R,ALO,BEA,2026-03-15 07:22:11.734,11,INVALID,no causal target sample at t0,10.726111111110868,37.48,,False,11.199999999999818,False,False,,,,,,False,,-53.52941176470334,False,False,2026-03-15 07:22:41.734,30.0,120.0,False,False,False
china_2026_R_00481,china_2026_R,VER,LAW,2026-03-15 07:22:14.974,11,INVALID,"race state not green at t0 (TrackStatus=4, freeze=True)",12.762777777777956,21.08,-12.603333333332557,False,12.877777777777283,True,True,2026-03-15 07:22:36.414,21.44,21.44,21.44,21.44,False,105.0,-31.861111111110176,False,False,2026-03-15 07:22:44.974,30.0,120.0,False,False,False
china_2026_R_00482,china_2026_R,OCO,ANT,2026-03-15 07:22:43.014,11,INVALID,no causal target sample at t0,61.38194444444707,3.601,,False,3.566666666666606,False,False,,,,,,False,,,False,False,2026-03-15 07:23:13.014,30.0,120.0,False,False,False
china_2026_R_00483,china_2026_R,COL,ANT,2026-03-15 07:22:46.935,11,INVALID,no causal target sample at t0,88.94361111111357,5.759,,False,6.0000000000009095,False,False,,,,,,False,,,False,False,2026-03-15 07:23:16.935,30.0,120.0,False,False,False
china_2026_R_00484,china_2026_R,OCO,COL,2026-03-15 07:22:48.974,11,INVALID,"race state not green at t0 (TrackStatus=4, freeze=True)",10.566666666666606,3.72,-10.233333333337214,False,6.5,True,True,2026-03-15 07:22:53.015,4.041,4.041,4.041,4.041,False,201.0,-17.999999999999222,False,False,2026-03-15 07:23:18.974,30.0,120.0,False,False,False
china_2026_R_00485,china_2026_R,VER,LAW,2026-03-15 07:22:54.774,11,INVALID,"race state not green at t0 (TrackStatus=4, freeze=True)",11.27944444444347,11.721,-11.12000000000262,False,13.599999999999909,False,False,,,,,,False,98.0,-38.68421052631508,False,False,2026-03-15 07:23:24.774,30.0,120.0,False,False,False
china_2026_R_00486,china_2026_R,HUL,LEC,2026-03-15 07:22:55.494,11,INVALID,no causal target sample at t0,96.7122222222215,13.52,,False,11.481111111113023,False,False,,,,,,False,,57.885942971484624,False,False,2026-03-15 07:23:25.494,30.0,120.0,False,False,False
china_2026_R_00487,china_2026_R,PER,BEA,2026-03-15 07:23:17.854,11,INVALID,no causal target sample at t0,95.31694444444747,6.16,,False,11.744444444444525,False,False,,,,,,False,,183.5306122448967,False,False,2026-03-15 07:23:47.854,30.0,120.0,True,True,False
china_2026_R_00488,china_2026_R,RUS,OCO,2026-03-15 07:23:17.854,12,INVALID,"race state not green at t0 (TrackStatus=4, freeze=True)",77.06,7.44,-76.99194444444583,False,12.222222222222229,True,True,2026-03-15 07:23:25.494,7.64,7.64,7.64,7.64,False,201.0,,False,False,2026-03-15 07:23:47.854,30.0,120.0,False,False,False
china_2026_R_00489,china_2026_R,LIN,HAM,2026-03-15 07:23:20.335,12,INVALID,no causal target sample at t0,91.87805555555555,13.8,,False,12.222222222222285,False,False,,,,,,False,,28.377458798508513,False,False,2026-03-15 07:23:50.335,30.0,120.0,False,False,False
china_2026_R_00490,china_2026_R,OCO,COL,2026-03-15 07:23:29.174,12,INVALID,"race state not green at t0 (TrackStatus=4, freeze=True)",39.694444444444684,5.92,-39.69444444444525,False,1.2000000000000455,False,False,,,115.161,115.161,115.161,True,86.0,,False,False,2026-03-15 07:23:59.174,30.0,120.0,False,False,False
china_2026_R_00491,china_2026_R,RUS,ANT,2026-03-15 07:23:29.174,12,INVALID,"race state not green at t0 (TrackStatus=4, freeze=True)",94.02583333333348,19.08,-93.9577777777813,False,3.444444444444457,False,False,,,,,,False,140.0,,False,False,2026-03-15 07:23:59.174,30.0,120.0,False,False,False
china_2026_R_00492,china_2026_R,COL,RUS,2026-03-15 07:23:30.614,12,INVALID,"race state not green at t0 (TrackStatus=4, freeze=True)",12.656111111110818,19.32,-12.72416666666686,False,5.255555555555588,True,True,2026-03-15 07:23:50.174,19.56,19.56,19.56,19.56,False,152.0,-28.055555555555713,False,False,2026-03-15 07:24:00.614,30.0,120.0,False,False,False
china_2026_R_00493,china_2026_R,ALO,BEA,2026-03-15 07:23:35.094,12,INVALID,"race state not green at t0 (TrackStatus=4, freeze=True)",52.035277777777765,9.16,-52.035277777773445,False,10.755555555555588,True,True,2026-03-15 07:23:44.534,9.44,9.44,9.44,9.44,False,241.0,,False,False,2026-03-15 07:24:05.094,30.0,120.0,False,False,False
china_2026_R_00494,china_2026_R,LIN,COL,2026-03-15 07:23:35.454,12,INVALID,"race state not green at t0 (TrackStatus=4, freeze=True)",28.805555555555998,13.64,-28.805555555554747,False,8.266666666666652,False,False,,,113.201,113.201,113.201,True,49.0,,False,False,2026-03-15 07:24:05.454,30.0,120.0,False,False,False
china_2026_R_00495,china_2026_R,OCO,LIN,2026-03-15 07:23:35.774,12,INVALID,"race state not green at t0 (TrackStatus=4, freeze=True)",11.921388888888714,13.32,-11.92138888889167,False,8.355555555555497,True,True,2026-03-15 07:23:49.534,13.76,13.76,13.76,13.76,False,143.0,-93.99999999999935,False,False,2026-03-15 07:24:05.774,30.0,120.0,False,False,False
china_2026_R_00496,china_2026_R,LAW,PER,2026-03-15 07:23:42.734,11,PIT_RELATED,attacker or target on a box lap at t0,99.46138888888618,5.32,-99.37722222221782,False,30.250277777774656,True,True,2026-03-15 07:23:46.615,3.8810000000000002,3.8810000000000002,5.52,5.52,False,80.0,47.64444444444598,False,False,2026-03-15 07:24:12.734,30.0,120.0,True,True,False
china_2026_R_00497,china_2026_R,BEA,LEC,2026-03-15 07:23:47.335,12,INVALID,no causal target sample at t0,97.81944444444491,6.08,,False,1.933333333333394,False,False,,,,,,False,,,False,False,2026-03-15 07:24:17.335,30.0,120.0,False,False,False
china_2026_R_00498,china_2026_R,ALO,LIN,2026-03-15 07:23:49.534,12,INVALID,"race state not green at t0 (TrackStatus=4, freeze=True)",19.28388888888901,3.881,-19.283888888887304,False,4.8888888888888005,False,False,,,62.801,62.801,62.801,True,54.0,,False,False,2026-03-15 07:24:19.534,30.0,120.0,False,False,False
china_2026_R_00499,china_2026_R,LIN,OCO,2026-03-15 07:23:50.174,12,INVALID,"race state not green at t0 (TrackStatus=4, freeze=True)",11.226666666666347,4.121,-11.226666666669189,False,11.12222222222249,False,False,,,99.76,99.76,99.76,True,110.0,-57.24999999999952,False,False,2026-03-15 07:24:20.174,30.0,120.0,False,False,False
china_2026_R_00500,china_2026_R,OCO,RUS,2026-03-15 07:23:50.174,12,INVALID,"race state not green at t0 (TrackStatus=4, freeze=True)",43.084722222222354,4.121,-43.15277777778101,False,5.377777777777737,True,True,2026-03-15 07:23:54.454,4.28,4.28,4.28,4.28,False,75.0,,False,False,2026-03-15 07:24:20.174,30.0,120.0,False,False,False
china_2026_R_00501,china_2026_R,VER,LAW,2026-03-15 07:23:50.174,12,INVALID,"race state not green at t0 (TrackStatus=4, freeze=True)",85.14361111111106,68.161,-85.15999999999622,False,8.500000000000227,False,False,,,68.441,68.441,68.441,True,233.0,,False,False,2026-03-15 07:24:20.174,30.0,120.0,False,False,False
china_2026_R_00502,china_2026_R,RUS,COL,2026-03-15 07:23:51.054,12,INVALID,"race state not green at t0 (TrackStatus=4, freeze=True)",10.336388888888905,3.241,-10.26833333333343,False,7.088888888889187,True,True,2026-03-15 07:24:03.414,12.36,12.36,12.36,12.36,False,121.0,-35.18181818181827,False,False,2026-03-15 07:24:21.054,30.0,120.0,False,False,False
china_2026_R_00503,china_2026_R,LIN,HAM,2026-03-15 07:23:56.734,12,INVALID,no causal target sample at t0,13.024166666666133,4.161,,False,6.144444444444616,False,False,,,,,,False,,-46.47999999999975,False,False,2026-03-15 07:24:26.734,30.0,120.0,False,False,False
china_2026_R_00504,china_2026_R,ALO,GAS,2026-03-15 07:23:59.655,12,INVALID,no causal target sample at t0,15.038333333333185,4.959,,False,11.82222222222208,False,False,,,,,,False,,-48.55999999999977,False,False,2026-03-15 07:24:29.655,30.0,120.0,False,False,False
china_2026_R_00505,china_2026_R,OCO,COL,2026-03-15 07:24:03.414,12,INVALID,"race state not green at t0 (TrackStatus=4, freeze=True)",43.789722222222736,4.8,-43.78972222221637,False,2.755555555555702,False,False,,,80.921,80.921,80.921,True,76.0,,False,False,2026-03-15 07:24:33.414,30.0,120.0,False,False,False
china_2026_R_00506,china_2026_R,BEA,ALO,2026-03-15 07:24:05.575,12,INVALID,"race state not green at t0 (TrackStatus=4, freeze=True)",96.67777777777906,4.759,-96.67777777778247,False,7.45555555555552,False,False,,,,110.479,,False,104.0,45.647973348139764,False,False,2026-03-15 07:24:35.575,30.0,120.0,False,False,False
china_2026_R_00507,china_2026_R,BEA,GAS,2026-03-15 07:24:11.254,12,INVALID,no causal target sample at t0,96.95527777777829,8.761,,False,8.08888888888896,False,False,,,,,,False,,82.99999999999443,False,False,2026-03-15 07:24:41.254,30.0,120.0,False,False,False
china_2026_R_00508,china_2026_R,LIN,OCO,2026-03-15 07:24:21.055,12,INVALID,"race state not green at t0 (TrackStatus=4, freeze=True)",43.77611111110855,4.24,-43.77611111110309,False,6.699999999999818,False,False,,,68.879,68.879,68.879,True,122.0,,False,False,2026-03-15 07:24:51.055,30.0,120.0,False,False,False
china_2026_R_00509,china_2026_R,RUS,ANT,2026-03-15 07:24:29.574,12,INVALID,"race state not green at t0 (TrackStatus=4, freeze=True)",92.40583333333416,3.841,-92.33777777777868,False,5.699999999999818,False,False,,,,,,False,71.0,,False,False,2026-03-15 07:24:59.574,30.0,120.0,False,False,False
china_2026_R_00510,china_2026_R,ALO,LEC,2026-03-15 07:24:32.295,12,INVALID,no causal target sample at t0,46.54305555555402,4.279,,False,5.999999999999545,False,False,,,,,,False,,,False,False,2026-03-15 07:25:02.295,30.0,120.0,False,False,False
china_2026_R_00511,china_2026_R,OCO,COL,2026-03-15 07:24:37.414,12,INVALID,"race state not green at t0 (TrackStatus=4, freeze=True)",47.02916666666488,5.36,-47.029166666659876,False,2.5333333333328483,False,False,,,46.921,46.921,46.921,True,182.0,,False,False,2026-03-15 07:25:07.414,30.0,120.0,False,False,False
china_2026_R_00512,china_2026_R,RUS,OCO,2026-03-15 07:24:38.455,12,INVALID,"race state not green at t0 (TrackStatus=4, freeze=True)",11.53611111111195,4.319,-11.468055555567844,False,4.789722222222281,True,True,2026-03-15 07:24:42.934,4.479,4.479,4.479,4.479,False,156.0,-38.81171950048073,False,False,2026-03-15 07:25:08.455,30.0,120.0,False,False,False
china_2026_R_00513,china_2026_R,LIN,HAM,2026-03-15 07:24:40.295,12,INVALID,no causal target sample at t0,11.136944444440815,4.6,,False,2.599999999999909,False,False,,,,,,False,,-35.461538461535596,False,False,2026-03-15 07:25:10.295,30.0,120.0,False,False,False
china_2026_R_00514,china_2026_R,RUS,COL,2026-03-15 07:24:42.934,12,INVALID,"race state not green at t0 (TrackStatus=4, freeze=True)",49.84166666666579,20.16,-49.773611111115315,False,10.57777777777801,False,False,,,41.961,41.961,41.961,True,125.0,,False,False,2026-03-15 07:25:12.934,30.0,120.0,False,False,False
china_2026_R_00515,china_2026_R,OCO,RUS,2026-03-15 07:24:43.414,12,INVALID,"race state not green at t0 (TrackStatus=4, freeze=True)",11.73666666666486,19.68,-11.804722222208511,False,16.111111111111313,True,True,2026-03-15 07:25:03.374,19.96,19.96,19.96,19.96,False,230.0,-87.66666666666653,False,False,2026-03-15 07:25:13.414,30.0,120.0,False,False,False
china_2026_R_00516,china_2026_R,COL,ANT,2026-03-15 07:24:45.735,12,INVALID,"race state not green at t0 (TrackStatus=4, freeze=True)",99.13194444444798,8.72,-99.13194444443798,False,1.7111111111112223,False,False,,,,,,False,72.0,7.600728787090921,False,False,2026-03-15 07:25:15.735,30.0,120.0,False,False,False
china_2026_R_00517,china_2026_R,ALO,OCO,2026-03-15 07:24:52.335,12,INVALID,"race state not green at t0 (TrackStatus=4, freeze=True)",49.77638888888714,3.879,-49.776388888887595,False,8.0,False,False,,,76.32,,,False,83.0,,False,False,2026-03-15 07:25:22.335,30.0,120.0,False,False,False
china_2026_R_00518,china_2026_R,BEA,LEC,2026-03-15 07:24:52.695,12,INVALID,no causal target sample at t0,56.391388888890106,4.519,,False,7.5,False,False,,,,,,False,,,False,False,2026-03-15 07:25:22.695,30.0,120.0,False,False,False
china_2026_R_00519,china_2026_R,LAW,BEA,2026-03-15 07:24:53.775,12,INVALID,"race state not green at t0 (TrackStatus=4, freeze=True)",99.50666666666939,4.56,-99.49027777777519,False,13.600000000000364,True,True,2026-03-15 07:25:09.774,15.999,15.999,15.999,15.999,False,73.0,74.6938775510193,False,False,2026-03-15 07:25:23.775,30.0,120.0,False,False,False
china_2026_R_00520,china_2026_R,BEA,GAS,2026-03-15 07:24:57.454,12,INVALID,no causal target sample at t0,44.24916666666877,9.121,,False,3.8888888888891415,False,False,,,,,,False,,,False,False,2026-03-15 07:25:27.454,30.0,120.0,False,False,False
china_2026_R_00521,china_2026_R,ALO,LIN,2026-03-15 07:24:58.615,12,INVALID,"race state not green at t0 (TrackStatus=4, freeze=True)",12.128888888890287,5.239,-12.128888888895744,False,7.777777777777828,False,False,,,94.4,80.24,94.4,True,107.0,-52.84999999999832,False,False,2026-03-15 07:25:28.615,30.0,120.0,False,False,False
china_2026_R_00522,china_2026_R,VER,BEA,2026-03-15 07:24:58.615,12,INVALID,"race state not green at t0 (TrackStatus=4, freeze=True)",42.7997222222225,3.919,-42.79972222223296,False,2.399999999999636,False,False,,,,,,False,60.0,,False,False,2026-03-15 07:25:28.615,30.0,120.0,False,False,False
china_2026_R_00523,china_2026_R,VER,LAW,2026-03-15 07:25:04.174,12,INVALID,"race state not green at t0 (TrackStatus=4, freeze=True)",11.84805555555431,5.32,-11.86444444443623,False,4.444444444444343,False,False,,,,,,False,83.0,-27.548387096774665,False,False,2026-03-15 07:25:34.174,30.0,120.0,False,False,False
china_2026_R_00524,china_2026_R,SAI,VER,2026-03-15 07:25:04.174,12,INVALID,"race state not green at t0 (TrackStatus=4, freeze=True)",98.44861111110731,24.041,-95.47861111111706,False,21.66666666666606,True,True,2026-03-15 07:25:28.455,24.281,24.281,24.281,24.281,False,57.0,134.7096774193551,False,False,2026-03-15 07:25:34.174,30.0,120.0,False,False,False
china_2026_R_00525,china_2026_R,BEA,LAW,2026-03-15 07:25:10.174,12,INVALID,"race state not green at t0 (TrackStatus=4, freeze=True)",11.135277777777901,21.201,-11.151666666657547,False,8.33333333333394,False,False,,,,54.881,,False,130.0,-62.000000000002274,False,False,2026-03-15 07:25:40.174,30.0,120.0,False,False,False
china_2026_R_00526,china_2026_R,COL,ANT,2026-03-15 07:25:19.135,12,INVALID,"race state not green at t0 (TrackStatus=4, freeze=True)",98.37222222222317,5.0,-98.37222222222772,False,5.866666666665878,False,False,,,,,,False,181.0,19.999999999998856,False,False,2026-03-15 07:25:49.135,30.0,120.0,False,False,False
china_2026_R_00527,china_2026_R,ALO,LEC,2026-03-15 07:25:21.455,12,INVALID,no causal target sample at t0,95.61111111110495,8.759,,False,18.411111111110586,False,False,,,,,,False,,68.1162790697718,False,False,2026-03-15 07:25:51.455,30.0,120.0,False,False,False
china_2026_R_00528,china_2026_R,OCO,ANT,2026-03-15 07:25:24.335,12,INVALID,"race state not green at t0 (TrackStatus=4, freeze=True)",73.68527777777399,5.239,-73.68527777776762,False,7.444444444445253,False,False,,,,,,False,68.0,,False,False,2026-03-15 07:25:54.335,30.0,120.0,False,False,False
china_2026_R_00529,china_2026_R,RUS,OCO,2026-03-15 07:25:24.895,12,INVALID,"race state not green at t0 (TrackStatus=4, freeze=True)",23.73472222222881,6.64,-23.666666666671517,False,18.888888888889596,True,True,2026-03-15 07:25:54.615,29.72,29.72,29.72,29.72,False,197.0,-88.7471383975038,False,False,2026-03-15 07:25:54.895,30.0,120.0,False,False,False
china_2026_R_00530,china_2026_R,COL,RUS,2026-03-15 07:25:25.735,12,INVALID,"race state not green at t0 (TrackStatus=4, freeze=True)",10.722777777775264,6.12,-10.790833333332557,False,5.955555555556202,True,True,2026-03-15 07:25:32.095,6.36,6.36,6.36,6.36,False,107.0,-41.80952380952347,False,False,2026-03-15 07:25:55.735,30.0,120.0,False,False,False
china_2026_R_00531,china_2026_R,SAI,BEA,2026-03-15 07:25:28.455,12,INVALID,"race state not green at t0 (TrackStatus=4, freeze=True)",67.75527777777279,3.4,-64.78527777777344,False,13.5,False,False,,,,,,False,231.0,,False,False,2026-03-15 07:25:58.455,30.0,120.0,False,False,False
china_2026_R_00532,china_2026_R,VER,SAI,2026-03-15 07:25:28.655,12,INVALID,"race state not green at t0 (TrackStatus=4, freeze=True)",14.106666666668389,19.64,-17.076666666660458,False,17.300000000000182,True,True,2026-03-15 07:25:48.495,19.84,19.84,19.84,19.84,False,272.0,-160.00000000001273,False,False,2026-03-15 07:25:58.655,30.0,120.0,False,False,False
china_2026_R_00533,china_2026_R,LIN,ANT,2026-03-15 07:25:29.934,12,INVALID,"race state not green at t0 (TrackStatus=4, freeze=True)",33.921388888884394,6.48,-33.92138888887712,False,11.755555555556384,True,True,2026-03-15 07:25:36.614,6.68,6.68,6.68,6.68,False,83.0,,False,False,2026-03-15 07:25:59.934,30.0,120.0,False,False,False
china_2026_R_00534,china_2026_R,BEA,LEC,2026-03-15 07:25:31.535,12,INVALID,no causal target sample at t0,73.30472222221943,8.44,,False,15.111111111111313,False,False,,,,,,False,,,False,False,2026-03-15 07:26:01.535,30.0,120.0,False,False,False
china_2026_R_00535,china_2026_R,ALO,HAM,2026-03-15 07:25:32.095,12,INVALID,no causal target sample at t0,38.64999999999418,7.12,,False,19.233333333332666,False,False,,,,,,False,,,False,False,2026-03-15 07:26:02.095,30.0,120.0,False,False,False
china_2026_R_00536,china_2026_R,RUS,COL,2026-03-15 07:25:32.615,12,INVALID,"race state not green at t0 (TrackStatus=4, freeze=True)",13.212777777778683,14.48,-13.14472222221957,False,17.630555555556384,False,False,,,,,,False,153.0,-62.46153846154251,False,False,2026-03-15 07:26:02.615,30.0,120.0,False,False,False
china_2026_R_00537,china_2026_R,COL,OCO,2026-03-15 07:25:32.615,12,INVALID,"race state not green at t0 (TrackStatus=4, freeze=True)",17.17361111111677,12.52,-17.173611111124046,False,4.66666666666697,False,True,2026-03-15 07:25:46.255,13.64,,13.64,,False,120.0,,False,False,2026-03-15 07:26:02.615,30.0,120.0,False,False,False
china_2026_R_00538,china_2026_R,LIN,GAS,2026-03-15 07:25:36.614,12,INVALID,no causal target sample at t0,15.88305555554507,3.801,,False,9.67777777777519,False,False,,,,,,False,,-66.9999999999821,False,False,2026-03-15 07:26:06.614,30.0,120.0,False,False,False
china_2026_R_00539,china_2026_R,ANT,LIN,2026-03-15 07:25:40.815,12,INVALID,"race state not green at t0 (TrackStatus=4, freeze=True)",74.56416666667701,3.56,-74.56416666667792,False,6.488888888888141,False,True,2026-03-15 07:25:45.375,4.5600000000000005,,4.5600000000000005,,False,126.0,,False,False,2026-03-15 07:26:10.815,30.0,120.0,False,False,False
china_2026_R_00540,china_2026_R,LAW,GAS,2026-03-15 07:25:42.254,12,INVALID,no causal target sample at t0,99.40916666664725,7.8,,False,10.399999999999636,False,False,,,,,,False,,15.000000000004702,False,False,2026-03-15 07:26:12.254,30.0,120.0,False,False,False
china_2026_R_00541,china_2026_R,PER,VER,2026-03-15 07:25:42.494,12,PIT_RELATED,attacker or target on a box lap at t0,98.10638888889298,4.201,-98.10638888888934,False,14.466666666667152,False,False,,,,,,False,73.0,172.32162001191242,False,False,2026-03-15 07:26:12.494,30.0,120.0,True,True,False
china_2026_R_00542,china_2026_R,BEA,ALO,2026-03-15 07:25:42.814,12,INVALID,"race state not green at t0 (TrackStatus=4, freeze=True)",95.09555555556199,3.161,-95.09555555555562,False,8.355555555556748,False,True,2026-03-15 07:25:56.054,13.24,,13.24,,False,107.0,74.66851980541965,False,False,2026-03-15 07:26:12.814,30.0,120.0,False,False,False
china_2026_R_00543,china_2026_R,OCO,COL,2026-03-15 07:25:46.255,13,INVALID,no causal target sample at t0,41.4525,31.04,,False,14.169166666666683,False,False,,,,,,False,,,False,False,2026-03-15 07:26:16.255,30.0,120.0,False,False,False
china_2026_R_00544,china_2026_R,HAM,RUS,2026-03-15 07:25:48.815,13,INVALID,"race state not green at t0 (TrackStatus=41, freeze=True)",70.26249999999999,5.04,-70.26138888888818,False,6.933333333333394,False,False,,,,,,False,220.0,,False,False,2026-03-15 07:26:18.815,30.0,120.0,False,False,False
china_2026_R_00545,china_2026_R,HAD,BOT,2026-03-15 07:25:49.894,12,INVALID,"race state not green at t0 (TrackStatus=4, freeze=True)",95.82166666666217,15.161,-95.78333333334012,False,34.98916666666719,True,False,2026-03-15 07:26:13.655,23.761,23.761,107.841,107.841,True,138.0,153.17794201250618,False,False,2026-03-15 07:26:19.894,30.0,120.0,False,False,False
china_2026_R_00546,china_2026_R,LEC,LIN,2026-03-15 07:25:51.375,13,INVALID,"race state not green at t0 (TrackStatus=41, freeze=True)",30.728333333333325,4.04,-21.444166666668025,False,5.722222222222221,True,True,2026-03-15 07:25:55.694,4.319,4.319,4.319,4.319,False,114.0,,False,False,2026-03-15 07:26:21.375,30.0,120.0,False,False,False
china_2026_R_00547,china_2026_R,LEC,HAM,2026-03-15 07:25:55.694,13,INVALID,"race state not green at t0 (TrackStatus=41, freeze=True)",76.09972222222211,15.921,-66.8166666666657,False,13.866666666666674,False,False,,,,,,False,105.0,,False,False,2026-03-15 07:26:25.694,30.0,120.0,False,False,False
china_2026_R_00548,china_2026_R,LIN,LEC,2026-03-15 07:25:56.054,13,INVALID,"race state not green at t0 (TrackStatus=41, freeze=True)",13.109722222222274,10.841,-22.393888888895162,False,11.46666666666664,True,True,2026-03-15 07:26:18.855,22.801,22.801,22.801,22.801,False,270.0,-113.00000000000011,False,False,2026-03-15 07:26:26.054,30.0,120.0,False,False,False
china_2026_R_00549,china_2026_R,HUL,LIN,2026-03-15 07:25:56.894,13,INVALID,"race state not green at t0 (TrackStatus=41, freeze=True)",96.56249999999983,10.481,-96.55138888888177,False,9.599999999999909,True,True,2026-03-15 07:26:07.695,10.801,10.801,10.801,10.801,False,124.0,76.26666666666699,False,False,2026-03-15 07:26:26.894,30.0,120.0,False,False,False
china_2026_R_00550,china_2026_R,GAS,BEA,2026-03-15 07:25:58.735,13,INVALID,"race state not green at t0 (TrackStatus=41, freeze=True)",16.868611111111107,6.52,-17.907500000001164,False,8.666666666666629,True,True,2026-03-15 07:26:05.455,6.72,6.72,6.72,6.72,False,244.0,-79.71428571428574,False,False,2026-03-15 07:26:28.735,30.0,120.0,False,False,False
china_2026_R_00551,china_2026_R,HAM,OCO,2026-03-15 07:25:58.735,13,INVALID,"race state not green at t0 (TrackStatus=41, freeze=True)",94.20250000000021,11.199,-94.2941666666593,False,11.5,False,False,,,108.96,108.96,108.96,True,83.0,65.2770233568713,False,False,2026-03-15 07:26:28.735,30.0,120.0,False,False,False
china_2026_R_00552,china_2026_R,SAI,VER,2026-03-15 07:25:59.415,13,INVALID,"race state not green at t0 (TrackStatus=41, freeze=True)",36.71888888888889,28.52,-37.08361111111299,False,7.066666666666606,False,False,,,68.0,68.0,68.0,True,112.0,,False,False,2026-03-15 07:26:29.415,30.0,120.0,False,False,False
china_2026_R_00553,china_2026_R,BEA,HUL,2026-03-15 07:26:00.695,13,INVALID,"race state not green at t0 (TrackStatus=41, freeze=True)",98.1880555555556,4.36,-97.16027777777344,False,9.411111111111154,False,False,,,,,,False,123.0,57.32653061224479,False,False,2026-03-15 07:26:30.695,30.0,120.0,False,False,False
china_2026_R_00554,china_2026_R,BOT,SAI,2026-03-15 07:26:01.495,13,INVALID,"race state not green at t0 (TrackStatus=41, freeze=True)",75.78,5.6,-74.82361111111823,False,4.3555555555555685,False,False,,,38.36,38.36,38.36,True,131.0,,False,False,2026-03-15 07:26:31.495,30.0,120.0,False,False,False
china_2026_R_00555,china_2026_R,PER,BOT,2026-03-15 07:26:02.255,13,INVALID,"race state not green at t0 (TrackStatus=41, freeze=True)",35.30833333333334,35.0,-35.3083333333343,False,7.008333333332985,False,False,,,94.52,94.52,94.52,True,179.0,,False,False,2026-03-15 07:26:32.255,30.0,120.0,False,False,False
china_2026_R_00556,china_2026_R,VER,GAS,2026-03-15 07:26:09.934,13,INVALID,"race state not green at t0 (TrackStatus=41, freeze=True)",93.4283333333334,23.081,-94.02000000000407,False,17.866666666666333,True,True,2026-03-15 07:26:33.335,23.401,23.401,23.401,23.401,False,51.0,68.43784206411264,False,False,2026-03-15 07:26:39.934,30.0,120.0,False,False,False
china_2026_R_00557,china_2026_R,LEC,ALO,2026-03-15 07:26:12.015,13,INVALID,"race state not green at t0 (TrackStatus=41, freeze=True)",48.481388888889,6.44,-39.19722222222481,False,3.4444444444445708,True,True,2026-03-15 07:26:23.655,11.64,11.64,11.64,11.64,False,83.0,,False,False,2026-03-15 07:26:42.015,30.0,120.0,False,False,False
china_2026_R_00558,china_2026_R,ALO,HAM,2026-03-15 07:26:14.895,13,INVALID,"race state not green at t0 (TrackStatus=41, freeze=True)",10.536388888888155,5.12,-10.537499999991269,False,7.444444444444457,True,True,2026-03-15 07:26:31.975,17.08,17.08,17.08,17.08,False,95.0,-10.78723404255296,False,False,2026-03-15 07:26:44.895,30.0,120.0,False,False,False
china_2026_R_00559,china_2026_R,OCO,RUS,2026-03-15 07:26:17.535,13,INVALID,"race state not green at t0 (TrackStatus=41, freeze=True)",70.48972222222233,8.56,-70.39694444445195,False,4.400000000000091,False,False,,,,,,False,151.0,,False,False,2026-03-15 07:26:47.535,30.0,120.0,False,False,False
china_2026_R_00560,china_2026_R,HAD,PER,2026-03-15 07:26:18.095,13,INVALID,"race state not green at t0 (TrackStatus=41, freeze=True)",98.30833333333328,47.52,-98.30833333331975,False,12.800000000000182,False,False,,,47.92,47.92,47.92,True,74.0,102.81795002549725,False,False,2026-03-15 07:26:48.095,30.0,120.0,False,False,False
china_2026_R_00561,china_2026_R,RUS,COL,2026-03-15 07:26:18.455,13,INVALID,no causal target sample at t0,10.629166666666606,7.64,,False,4.2999999999999545,False,False,,,,,,False,,-38.47826086956403,False,False,2026-03-15 07:26:48.455,30.0,120.0,False,False,False
china_2026_R_00562,china_2026_R,HUL,LEC,2026-03-15 07:26:18.855,13,INVALID,"race state not green at t0 (TrackStatus=41, freeze=True)",27.773611111110426,9.4,-37.04666666666162,False,10.95555555555552,True,True,2026-03-15 07:26:28.495,9.64,9.64,9.64,9.64,False,73.0,,False,False,2026-03-15 07:26:48.855,30.0,120.0,False,False,False
china_2026_R_00563,china_2026_R,LIN,HAM,2026-03-15 07:26:20.495,13,INVALID,"race state not green at t0 (TrackStatus=41, freeze=True)",77.69361111111107,9.36,-77.69472222222248,False,4.933333333333167,False,False,,,101.32,101.32,101.32,True,155.0,,False,False,2026-03-15 07:26:50.495,30.0,120.0,False,False,False
china_2026_R_00564,china_2026_R,LEC,LIN,2026-03-15 07:26:23.655,13,INVALID,"race state not green at t0 (TrackStatus=41, freeze=True)",72.56972222222225,23.52,-63.28555555555795,False,32.09694444444426,False,False,,,35.76,35.76,35.76,True,210.0,,False,False,2026-03-15 07:26:53.655,30.0,120.0,False,False,False
china_2026_R_00565,china_2026_R,OCO,COL,2026-03-15 07:26:26.375,13,INVALID,no causal target sample at t0,47.36555555555583,6.64,,False,2.599999999999909,False,False,,,,,,False,,,False,False,2026-03-15 07:26:56.375,30.0,120.0,False,False,False
china_2026_R_00566,china_2026_R,SAI,VER,2026-03-15 07:26:30.375,13,INVALID,"race state not green at t0 (TrackStatus=41, freeze=True)",98.586111111111,9.24,-98.95083333333605,False,38.400000000000546,False,False,,,37.04,37.04,37.04,True,181.0,8.268085106383007,False,False,2026-03-15 07:27:00.375,30.0,120.0,False,False,False
china_2026_R_00567,china_2026_R,BEA,LEC,2026-03-15 07:26:31.135,13,INVALID,"race state not green at t0 (TrackStatus=41, freeze=True)",96.71555555555506,3.48,-104.96083333333081,False,5.399999999999864,False,False,,,,,,False,71.0,92.86956521739314,False,False,2026-03-15 07:27:01.135,30.0,120.0,False,False,False
china_2026_R_00568,china_2026_R,ALO,OCO,2026-03-15 07:26:31.975,13,INVALID,"race state not green at t0 (TrackStatus=41, freeze=True)",45.69333333333316,3.2,-45.786111111112405,False,8.477777777777874,False,False,,,87.8,87.8,87.8,True,94.0,,False,False,2026-03-15 07:27:01.975,30.0,120.0,False,False,False
china_2026_R_00569,china_2026_R,VER,BEA,2026-03-15 07:26:33.335,13,INVALID,"race state not green at t0 (TrackStatus=41, freeze=True)",47.06111111111181,8.52,-48.6916666666657,False,11.100000000000364,False,False,,,59.08,59.08,59.08,True,74.0,,False,False,2026-03-15 07:27:03.335,30.0,120.0,False,False,False
china_2026_R_00570,china_2026_R,BEA,HUL,2026-03-15 07:26:34.895,13,INVALID,"race state not green at t0 (TrackStatus=41, freeze=True)",81.263611111111,4.72,-80.23583333332499,False,4.2000000000000455,False,False,,,,,,False,61.0,,False,False,2026-03-15 07:27:04.895,30.0,120.0,False,False,False
china_2026_R_00571,china_2026_R,PER,GAS,2026-03-15 07:26:37.575,13,INVALID,"race state not green at t0 (TrackStatus=41, freeze=True)",61.48277777777844,3.64,-61.482777777768206,False,13.199999999999818,False,False,,,,110.16,,False,58.0,,False,False,2026-03-15 07:27:07.575,30.0,120.0,False,False,False
china_2026_R_00572,china_2026_R,HAM,OCO,2026-03-15 07:26:41.575,13,INVALID,"race state not green at t0 (TrackStatus=41, freeze=True)",93.20638888888834,17.56,-93.29805555555504,False,6.899999999999636,False,False,,,66.12,66.12,66.12,True,148.0,72.00000000000009,False,False,2026-03-15 07:27:11.575,30.0,120.0,False,False,False
china_2026_R_00573,china_2026_R,PER,SAI,2026-03-15 07:26:41.575,13,INVALID,"race state not green at t0 (TrackStatus=41, freeze=True)",55.9619444444445,3.64,-55.00555555555911,False,0.7999999999999545,False,False,,,108.041,106.801,108.041,True,40.0,,False,False,2026-03-15 07:27:11.575,30.0,120.0,False,False,False
china_2026_R_00574,china_2026_R,GAS,BEA,2026-03-15 07:26:42.095,13,INVALID,"race state not green at t0 (TrackStatus=41, freeze=True)",48.692777777777565,9.96,-49.731666666659294,False,7.022222222222808,True,True,2026-03-15 07:26:52.335,10.24,10.24,10.24,10.24,False,134.0,,False,False,2026-03-15 07:27:12.095,30.0,120.0,False,False,False
china_2026_R_00575,china_2026_R,BOT,VER,2026-03-15 07:26:42.095,13,INVALID,"race state not green at t0 (TrackStatus=41, freeze=True)",11.249444444443725,3.12,-10.657777777771116,False,4.0,True,True,2026-03-15 07:27:07.415,25.32,25.32,26.24,26.24,False,75.0,-19.288888888889232,False,False,2026-03-15 07:27:12.095,30.0,120.0,False,False,False
china_2026_R_00576,china_2026_R,BEA,ALO,2026-03-15 07:26:44.255,13,INVALID,"race state not green at t0 (TrackStatus=41, freeze=True)",99.38083333333384,7.64,-98.34194444444438,False,7.8222222222225355,False,False,,,,96.36,,False,159.0,62.73229166666682,False,False,2026-03-15 07:27:14.255,30.0,120.0,False,False,False
china_2026_R_00577,china_2026_R,PER,BOT,2026-03-15 07:26:45.455,13,INVALID,"race state not green at t0 (TrackStatus=41, freeze=True)",55.32111111111135,4.56,-55.3211111111159,False,9.86666666666656,False,False,,,51.32,51.32,51.32,True,68.0,,False,False,2026-03-15 07:27:15.455,30.0,120.0,False,False,False
china_2026_R_00578,china_2026_R,RUS,ANT,2026-03-15 07:26:45.655,13,INVALID,no causal target sample at t0,15.008888888888578,6.92,,False,4.199999999999818,False,False,,,,,,False,,,False,False,2026-03-15 07:27:15.655,30.0,120.0,False,False,False
china_2026_R_00579,china_2026_R,BOT,SAI,2026-03-15 07:26:47.175,13,INVALID,"race state not green at t0 (TrackStatus=41, freeze=True)",12.295277777777073,19.8,-11.338888888887595,False,13.866666666666788,True,True,2026-03-15 07:27:07.135,19.96,19.96,19.96,19.96,False,129.0,-25.27906976744187,False,False,2026-03-15 07:27:17.175,30.0,120.0,False,False,False
china_2026_R_00580,china_2026_R,BEA,GAS,2026-03-15 07:26:52.735,13,INVALID,"race state not green at t0 (TrackStatus=41, freeze=True)",11.731388888889796,9.0,-10.692500000004657,False,12.777777777777828,False,False,,,,86.56,,False,202.0,-104.99999999999864,False,False,2026-03-15 07:27:22.735,30.0,120.0,False,False,False
china_2026_R_00581,china_2026_R,ALO,HAM,2026-03-15 07:26:53.215,13,INVALID,"race state not green at t0 (TrackStatus=41, freeze=True)",76.84166666666579,5.92,-76.84277777778334,False,9.33333333333303,True,True,2026-03-15 07:26:59.415,6.2,6.2,6.2,6.2,False,128.0,,False,False,2026-03-15 07:27:23.215,30.0,120.0,False,False,False
china_2026_R_00582,china_2026_R,LIN,ALO,2026-03-15 07:26:53.615,13,INVALID,"race state not green at t0 (TrackStatus=41, freeze=True)",13.591111111112241,5.52,-13.59111111110542,False,10.222222222222172,True,True,2026-03-15 07:27:06.975,13.36,13.36,13.36,13.36,False,213.0,-91.99999999999955,False,False,2026-03-15 07:27:23.615,30.0,120.0,False,False,False
china_2026_R_00583,china_2026_R,HUL,LIN,2026-03-15 07:26:53.615,13,INVALID,"race state not green at t0 (TrackStatus=41, freeze=True)",28.561666666665133,3.56,-28.550555555557366,False,2.2222222222221717,True,True,2026-03-15 07:27:15.135,21.52,21.52,21.52,21.52,False,121.0,,False,False,2026-03-15 07:27:23.615,30.0,120.0,False,False,False
china_2026_R_00584,china_2026_R,GAS,LEC,2026-03-15 07:26:53.615,13,INVALID,"race state not green at t0 (TrackStatus=41, freeze=True)",63.009166666664896,3.56,-72.29333333332033,False,8.444444444444798,True,True,2026-03-15 07:27:17.295,23.68,23.68,23.68,23.68,False,106.0,,False,False,2026-03-15 07:27:23.615,30.0,120.0,False,False,False
china_2026_R_00585,china_2026_R,GAS,HUL,2026-03-15 07:26:57.455,13,INVALID,"race state not green at t0 (TrackStatus=41, freeze=True)",39.64499999999998,4.28,-39.6561111111223,False,3.555555555555202,True,True,2026-03-15 07:27:01.935,4.48,4.48,4.48,4.48,False,82.0,,False,False,2026-03-15 07:27:27.455,30.0,120.0,False,False,False
china_2026_R_00586,china_2026_R,OCO,RUS,2026-03-15 07:27:01.935,13,INVALID,"race state not green at t0 (TrackStatus=41, freeze=True)",65.39999999999691,5.04,-65.30722222221084,False,7.466666666666697,False,False,,,,,,False,95.0,,False,False,2026-03-15 07:27:31.935,30.0,120.0,False,False,False
china_2026_R_00587,china_2026_R,RUS,COL,2026-03-15 07:27:02.535,13,INVALID,no causal target sample at t0,13.115833333334649,4.44,,False,9.888888888889596,False,False,,,,,,False,,-78.33333333333395,False,False,2026-03-15 07:27:32.535,30.0,120.0,False,False,False
china_2026_R_00588,china_2026_R,HAD,SAI,2026-03-15 07:27:07.135,13,INVALID,"race state not green at t0 (TrackStatus=41, freeze=True)",89.46861111110957,4.4,-88.51222222222714,False,7.58888888888805,False,False,,,59.92,59.92,59.92,True,59.0,,False,False,2026-03-15 07:27:37.135,30.0,120.0,False,False,False
china_2026_R_00589,china_2026_R,OCO,COL,2026-03-15 07:27:07.135,13,INVALID,no causal target sample at t0,57.65055555555455,40.24,,False,6.982500000000073,False,False,,,,,,False,,,False,False,2026-03-15 07:27:37.135,30.0,120.0,False,False,False
china_2026_R_00590,china_2026_R,ALO,LIN,2026-03-15 07:27:07.415,13,INVALID,"race state not green at t0 (TrackStatus=41, freeze=True)",12.78499999999849,3.16,-12.785000000003492,False,8.697499999999764,True,True,2026-03-15 07:27:15.135,7.72,7.72,14.68,14.68,False,178.0,-103.27272727272761,False,False,2026-03-15 07:27:37.415,30.0,120.0,False,False,False
china_2026_R_00591,china_2026_R,LEC,HUL,2026-03-15 07:27:10.335,13,INVALID,"race state not green at t0 (TrackStatus=41, freeze=True)",10.627500000001419,4.12,-1.3544444444414694,False,3.3111111111111313,True,True,2026-03-15 07:27:22.856,12.521,12.521,12.521,12.521,False,194.0,-14.959999999999217,False,False,2026-03-15 07:27:40.335,30.0,120.0,False,False,False
china_2026_R_00592,china_2026_R,LIN,HAM,2026-03-15 07:27:10.335,13,INVALID,"race state not green at t0 (TrackStatus=41, freeze=True)",99.74027777777928,4.56,-99.74138888889865,False,7.100000000000364,False,False,,,51.48,51.48,51.48,True,93.0,54.56600000000126,False,False,2026-03-15 07:27:40.335,30.0,120.0,False,False,False
china_2026_R_00593,china_2026_R,GAS,ALO,2026-03-15 07:27:11.375,13,INVALID,"race state not green at t0 (TrackStatus=41, freeze=True)",77.12972222222334,3.08,-77.12972222222015,False,4.3555555555558385,False,False,,,52.88,52.88,52.88,True,116.0,,False,False,2026-03-15 07:27:41.375,30.0,120.0,False,False,False
china_2026_R_00594,china_2026_R,SAI,VER,2026-03-15 07:27:11.735,13,INVALID,"race state not green at t0 (TrackStatus=41, freeze=True)",13.577499999998508,10.0,-13.942222222220153,False,7.0,True,True,2026-03-15 07:27:22.095,10.36,10.36,10.36,10.36,False,94.0,,False,False,2026-03-15 07:27:41.735,30.0,120.0,False,False,False
china_2026_R_00595,china_2026_R,HAD,PER,2026-03-15 07:27:13.455,13,INVALID,"race state not green at t0 (TrackStatus=41, freeze=True)",10.036944444447272,11.64,-10.036944444436813,False,8.700000000000273,True,True,2026-03-15 07:27:25.415,11.96,11.96,11.96,11.96,False,100.0,-31.90909090909351,False,False,2026-03-15 07:27:43.455,30.0,120.0,False,False,False
china_2026_R_00596,china_2026_R,HUL,HAM,2026-03-15 07:27:16.735,13,INVALID,"race state not green at t0 (TrackStatus=41, freeze=True)",60.3877777777775,3.72,-60.37777777777228,False,3.377777777778192,False,False,,,44.48,44.48,44.48,True,64.0,,False,False,2026-03-15 07:27:46.735,30.0,120.0,False,False,False
china_2026_R_00597,china_2026_R,ALO,OCO,2026-03-15 07:27:16.735,13,INVALID,"race state not green at t0 (TrackStatus=41, freeze=True)",56.62444444444509,5.0,-56.71722222221433,False,9.288888888888778,False,False,,,43.04,43.04,43.04,True,56.0,,False,False,2026-03-15 07:27:46.735,30.0,120.0,False,False,False
china_2026_R_00598,china_2026_R,HAM,ALO,2026-03-15 07:27:16.975,13,INVALID,"race state not green at t0 (TrackStatus=41, freeze=True)",11.659444444444034,4.76,-11.658333333325572,False,6.866666666666333,True,True,2026-03-15 07:27:22.095,5.12,5.12,5.12,5.12,False,171.0,-102.999999999995,False,False,2026-03-15 07:27:46.975,30.0,120.0,False,False,False
china_2026_R_00599,china_2026_R,VER,BEA,2026-03-15 07:27:17.935,13,INVALID,"race state not green at t0 (TrackStatus=41, freeze=True)",97.76138888889409,3.8,-99.39194444446184,False,11.822222222222535,True,True,2026-03-15 07:27:32.415,14.48,14.48,14.48,14.48,False,74.0,75.63757018887112,False,False,2026-03-15 07:27:47.935,30.0,120.0,False,False,False
china_2026_R_00600,china_2026_R,HAM,OCO,2026-03-15 07:27:22.095,13,INVALID,"race state not green at t0 (TrackStatus=41, freeze=True)",30.683888888888305,25.28,-30.775555555548635,False,4.033333333332848,True,True,2026-03-15 07:27:47.695,25.6,25.6,25.6,25.6,False,104.0,,False,False,2026-03-15 07:27:52.095,30.0,120.0,False,False,False
china_2026_R_00601,china_2026_R,LEC,LIN,2026-03-15 07:27:22.856,13,INVALID,"race state not green at t0 (TrackStatus=41, freeze=True)",19.920555555554074,15.199,-10.636388888888177,False,5.6111111111108585,True,True,2026-03-15 07:27:36.296,13.44,13.44,13.44,13.44,False,99.0,,False,False,2026-03-15 07:27:52.856,30.0,120.0,False,False,False
china_2026_R_00602,china_2026_R,ALO,HAM,2026-03-15 07:27:23.895,13,INVALID,"race state not green at t0 (TrackStatus=41, freeze=True)",12.05805555555753,15.08,-12.059166666673264,False,8.433333333333394,False,False,,,37.32,41.8,41.8,True,112.0,-21.012777777777956,False,False,2026-03-15 07:27:53.895,30.0,120.0,False,False,False
china_2026_R_00603,china_2026_R,HAD,BOT,2026-03-15 07:27:25.855,13,INVALID,"race state not green at t0 (TrackStatus=41, freeze=True)",86.79916666666713,4.48,-86.79916666666395,False,2.400000000000091,True,True,2026-03-15 07:27:37.735,11.88,11.88,11.88,11.88,False,60.0,,False,False,2026-03-15 07:27:55.855,30.0,120.0,False,False,False
china_2026_R_00604,china_2026_R,GAS,LEC,2026-03-15 07:27:27.895,13,INVALID,"race state not green at t0 (TrackStatus=41, freeze=True)",40.46722222222343,3.28,-49.751388888878864,False,0.9777777777771917,False,False,,,31.72,31.72,31.72,True,116.0,,False,False,2026-03-15 07:27:57.895,30.0,120.0,False,False,False
china_2026_R_00605,china_2026_R,BOT,SAI,2026-03-15 07:27:28.495,13,INVALID,"race state not green at t0 (TrackStatus=41, freeze=True)",10.625277777776319,3.92,-9.668888888889342,False,6.477777777778101,False,False,,,,58.16,,False,94.0,-16.270833333335304,False,False,2026-03-15 07:27:58.495,30.0,120.0,False,False,False
china_2026_R_00606,china_2026_R,PER,BOT,2026-03-15 07:27:30.775,13,INVALID,"race state not green at t0 (TrackStatus=41, freeze=True)",75.0372222222195,5.681,-75.03722222222132,False,9.245277777777574,True,True,2026-03-15 07:27:36.775,6.0,6.0,6.0,6.0,False,63.0,,False,False,2026-03-15 07:28:00.775,30.0,120.0,False,False,False
china_2026_R_00607,china_2026_R,LIN,ALO,2026-03-15 07:27:30.775,13,INVALID,"race state not green at t0 (TrackStatus=41, freeze=True)",43.60833333333494,8.64,-43.608333333337214,False,16.600000000000364,True,True,2026-03-15 07:27:39.655,8.88,8.88,8.88,8.88,False,128.0,,False,False,2026-03-15 07:28:00.775,30.0,120.0,False,False,False
china_2026_R_00608,china_2026_R,GAS,HUL,2026-03-15 07:27:31.495,13,INVALID,"race state not green at t0 (TrackStatus=41, freeze=True)",33.62083333333476,8.16,-33.63194444445253,False,3.800000000000182,False,False,,,31.161,31.161,31.161,True,99.0,,False,False,2026-03-15 07:28:01.495,30.0,120.0,False,False,False
china_2026_R_00609,china_2026_R,BOT,BEA,2026-03-15 07:27:32.735,13,INVALID,"race state not green at t0 (TrackStatus=41, freeze=True)",46.42833333333829,3.721,-47.467222222228884,False,0.7333333333335759,False,False,,,,,,False,69.0,,False,False,2026-03-15 07:28:02.735,30.0,120.0,False,False,False
china_2026_R_00610,china_2026_R,BEA,SAI,2026-03-15 07:27:33.255,13,INVALID,"race state not green at t0 (TrackStatus=41, freeze=True)",13.142777777771698,3.68,-11.147499999991851,False,20.799999999999272,False,False,,,,117.001,,False,133.0,-62.384615384614264,False,False,2026-03-15 07:28:03.255,30.0,120.0,False,False,False
china_2026_R_00611,china_2026_R,PER,BEA,2026-03-15 07:27:36.775,13,INVALID,"race state not green at t0 (TrackStatus=41, freeze=True)",47.478333333336195,19.801,-48.517222222231794,False,16.133333333333212,True,True,2026-03-15 07:27:39.255,2.48,2.48,2.48,2.48,False,69.0,,False,False,2026-03-15 07:28:06.775,30.0,120.0,False,False,False
china_2026_R_00612,china_2026_R,BOT,HAD,2026-03-15 07:27:38.055,13,INVALID,"race state not green at t0 (TrackStatus=41, freeze=True)",17.05361111111506,4.481,-17.05361111111415,False,19.655555555555566,False,False,,,,53.56,,False,163.0,-99.99999999999773,False,False,2026-03-15 07:28:08.055,30.0,120.0,False,False,False
china_2026_R_00613,china_2026_R,LIN,LEC,2026-03-15 07:27:40.015,13,INVALID,"race state not green at t0 (TrackStatus=41, freeze=True)",12.471111111110531,8.56,-21.75527777777461,False,7.322222222221626,True,True,2026-03-15 07:27:52.095,12.08,12.08,12.08,12.08,False,187.0,-24.377777777777737,False,False,2026-03-15 07:28:10.015,30.0,120.0,False,False,False
china_2026_R_00614,china_2026_R,LEC,HUL,2026-03-15 07:27:42.736,13,INVALID,"race state not green at t0 (TrackStatus=41, freeze=True)",10.649444444445635,8.239,-1.3763888888934162,False,4.099999999999909,False,False,,,,35.359,,False,206.0,-42.194756554307055,False,False,2026-03-15 07:28:12.736,30.0,120.0,False,False,False
china_2026_R_00615,china_2026_R,SAI,VER,2026-03-15 07:27:44.335,13,INVALID,"race state not green at t0 (TrackStatus=41, freeze=True)",11.476944444440505,19.92,-11.841666666659876,False,13.688888888888869,True,True,2026-03-15 07:27:53.815,9.48,9.48,9.48,9.48,False,183.0,-32.13261050875612,False,False,2026-03-15 07:28:14.335,30.0,120.0,False,False,False
china_2026_R_00616,china_2026_R,HUL,OCO,2026-03-15 07:27:47.695,13,INVALID,"race state not green at t0 (TrackStatus=41, freeze=True)",31.06999999999698,9.44,-31.151666666657547,False,6.3555555555558385,True,True,2026-03-15 07:27:57.375,9.68,9.68,9.68,9.68,False,163.0,,False,False,2026-03-15 07:28:17.695,30.0,120.0,False,False,False
china_2026_R_00617,china_2026_R,HAM,COL,2026-03-15 07:27:47.695,13,INVALID,no causal target sample at t0,59.0016666666661,13.12,,False,4.622222222222263,False,False,,,,,,False,,,False,False,2026-03-15 07:28:17.695,30.0,120.0,False,False,False
china_2026_R_00618,china_2026_R,LEC,ALO,2026-03-15 07:27:53.415,13,INVALID,"race state not green at t0 (TrackStatus=41, freeze=True)",13.823888888888177,5.28,-4.539722222223645,False,9.33333333333303,True,True,2026-03-15 07:28:17.175,23.76,23.76,23.76,23.76,False,151.0,-19.5348837209296,False,False,2026-03-15 07:28:23.415,30.0,120.0,False,False,False
china_2026_R_00619,china_2026_R,LIN,HUL,2026-03-15 07:27:53.415,13,INVALID,"race state not green at t0 (TrackStatus=41, freeze=True)",52.46833333333325,3.72,-52.47944444444147,False,4.66666666666697,True,True,2026-03-15 07:28:02.456,9.041,9.041,9.041,9.041,False,143.0,,False,False,2026-03-15 07:28:23.415,30.0,120.0,False,False,False
china_2026_R_00620,china_2026_R,OCO,HAM,2026-03-15 07:27:53.815,13,INVALID,"race state not green at t0 (TrackStatus=41, freeze=True)",10.745277777781666,3.32,-10.65361111110542,False,3.2100000000000364,True,False,2026-03-15 07:28:16.576,22.761,22.761,32.68,32.68,True,159.0,-8.813953488371375,False,False,2026-03-15 07:28:23.815,30.0,120.0,False,False,False
china_2026_R_00621,china_2026_R,HAD,SAI,2026-03-15 07:27:55.376,13,INVALID,"race state not green at t0 (TrackStatus=41, freeze=True)",95.18555555555213,11.399,-94.22916666667152,False,26.544444444444707,True,True,2026-03-15 07:28:07.055,11.679,11.679,11.679,11.679,False,151.0,98.11453744493122,False,False,2026-03-15 07:28:25.376,30.0,120.0,False,False,False
china_2026_R_00622,china_2026_R,PER,HAD,2026-03-15 07:27:56.855,13,INVALID,"race state not green at t0 (TrackStatus=41, freeze=True)",72.03999999999724,8.84,-72.04000000000815,False,6.299999999999272,False,True,2026-03-15 07:28:22.536,25.681,34.0,25.681,34.0,True,247.0,,False,False,2026-03-15 07:28:26.855,30.0,120.0,False,False,False
china_2026_R_00623,china_2026_R,BEA,PER,2026-03-15 07:27:58.495,13,INVALID,"race state not green at t0 (TrackStatus=41, freeze=True)",10.071111111105893,5.44,-9.03222222221666,False,17.888888888889596,True,True,2026-03-15 07:28:20.255,21.76,21.76,21.92,21.92,False,179.0,-21.390243902437202,False,False,2026-03-15 07:28:28.495,30.0,120.0,False,False,False
china_2026_R_00624,china_2026_R,GAS,LIN,2026-03-15 07:27:59.615,13,INVALID,"race state not green at t0 (TrackStatus=41, freeze=True)",25.23416666666799,5.8,-25.234166666676174,False,4.337500000001455,True,True,2026-03-15 07:28:05.695,6.08,6.08,6.08,6.08,False,167.0,,False,False,2026-03-15 07:28:29.615,30.0,120.0,False,False,False
china_2026_R_00625,china_2026_R,LEC,OCO,2026-03-15 07:28:00.815,13,INVALID,"race state not green at t0 (TrackStatus=41, freeze=True)",17.16416666666737,5.96,-7.9727777777734445,False,5.155555555554201,True,False,2026-03-15 07:28:27.135,26.32,26.32,31.32,31.32,True,63.0,,False,False,2026-03-15 07:28:30.815,30.0,120.0,False,False,False
china_2026_R_00626,china_2026_R,VER,SAI,2026-03-15 07:28:04.975,13,INVALID,"race state not green at t0 (TrackStatus=41, freeze=True)",19.505277777778247,14.92,-19.140555555553874,False,10.044444444444707,True,True,2026-03-15 07:28:10.895,5.92,5.92,5.92,5.92,False,187.0,-113.00000000000296,False,False,2026-03-15 07:28:34.975,30.0,120.0,False,False,False
china_2026_R_00627,china_2026_R,GAS,RUS,2026-03-15 07:28:05.695,13,INVALID,"race state not green at t0 (TrackStatus=41, freeze=True)",22.071666666665806,5.6,-22.071666666670353,False,6.111111111111313,True,True,2026-03-15 07:28:11.535,5.84,5.84,5.84,5.84,False,129.0,,False,False,2026-03-15 07:28:35.695,30.0,120.0,False,False,False
china_2026_R_00628,china_2026_R,PER,VER,2026-03-15 07:28:06.015,13,INVALID,"race state not green at t0 (TrackStatus=41, freeze=True)",74.92583333332186,3.001,-74.33416666665289,False,7.111111111112223,True,True,2026-03-15 07:28:29.616,23.601,24.84,23.601,24.84,False,65.0,,False,False,2026-03-15 07:28:36.015,30.0,120.0,False,False,False
china_2026_R_00629,china_2026_R,HAD,VER,2026-03-15 07:28:10.136,13,INVALID,"race state not green at t0 (TrackStatus=41, freeze=True)",14.652222222211094,10.119,-14.060555555552128,False,21.266666666667334,True,False,2026-03-15 07:28:28.896,18.76,18.76,,,False,182.0,-92.00000000000364,False,False,2026-03-15 07:28:40.136,30.0,120.0,False,False,False
china_2026_R_00630,china_2026_R,SAI,LEC,2026-03-15 07:28:12.455,13,INVALID,"race state not green at t0 (TrackStatus=41, freeze=True)",93.07694444445042,3.521,-103.31750000000466,False,8.400000000000546,False,False,,,91.601,94.921,94.921,True,126.0,64.1276595744684,False,False,2026-03-15 07:28:42.455,30.0,120.0,False,False,False
china_2026_R_00631,china_2026_R,OCO,ANT,2026-03-15 07:28:16.576,14,CLOSE_INTERACTION_NO_PASS,"valid close battle, no pairwise order change inside the horizon; the pair did swap 83.8 s after t0, outside it",57.51777777777778,10.559,-57.297777777785086,False,4.266666666666708,False,False,,,83.799,83.799,83.799,True,264.0,,True,False,2026-03-15 07:28:46.576,30.0,120.0,False,False,False
china_2026_R_00632,china_2026_R,COL,OCO,2026-03-15 07:28:17.175,14,ON_TRACK_PASS,race-distance ordering and target DriverAhead both show the swap,13.957499999999996,11.441,-14.250833333324408,False,9.579444444444448,True,True,2026-03-15 07:28:35.416,18.241,18.241,18.241,18.241,False,300.0,-60.726210350584296,True,False,2026-03-15 07:28:47.175,30.0,120.0,False,False,False
china_2026_R_00633,china_2026_R,HAM,COL,2026-03-15 07:28:18.895,14,ON_TRACK_PASS,race-distance ordering and target DriverAhead both show the swap,44.0361111111111,7.16,-43.716666666659876,False,5.366666666666674,True,True,2026-03-15 07:28:26.495,7.6,7.6,7.6,7.6,False,314.0,,True,False,2026-03-15 07:28:48.895,30.0,120.0,False,False,False
china_2026_R_00634,china_2026_R,VER,LAW,2026-03-15 07:28:20.415,14,CLOSE_INTERACTION_NO_PASS,"valid close battle, no pairwise order change inside the horizon",32.85000000000001,5.28,-31.961111111115315,False,6.0,False,False,,,,100.521,,False,296.0,,True,False,2026-03-15 07:28:50.415,30.0,120.0,False,False,False
china_2026_R_00635,china_2026_R,ALO,BEA,2026-03-15 07:28:20.615,14,ON_TRACK_PASS,race-distance ordering and target DriverAhead both show the swap,44.02055555555556,6.76,-44.02055555555853,False,36.11111111111097,True,True,2026-03-15 07:28:27.735,7.12,7.12,7.12,7.12,False,302.0,,True,False,2026-03-15 07:28:50.615,30.0,120.0,False,False,False
china_2026_R_00636,china_2026_R,BOT,SAI,2026-03-15 07:28:21.776,14,ON_TRACK_PASS,race-distance ordering and target DriverAhead both show the swap,33.28638888888888,4.719,-32.87888888888119,False,8.800000000000011,True,True,2026-03-15 07:28:26.655,4.879,4.879,4.879,4.879,False,226.0,,True,False,2026-03-15 07:28:51.776,30.0,120.0,False,False,False
china_2026_R_00637,china_2026_R,BEA,LIN,2026-03-15 07:28:21.976,14,ON_TRACK_PASS,race-distance ordering and target DriverAhead both show the swap,98.58138888888885,11.159,-98.58138888888061,False,19.69083333333333,True,True,2026-03-15 07:28:30.855,8.879,8.879,8.879,8.879,False,256.0,58.000000000000114,True,False,2026-03-15 07:28:51.976,30.0,120.0,False,False,False
china_2026_R_00638,china_2026_R,HAD,PER,2026-03-15 07:28:22.536,14,CLOSE_INTERACTION_NO_PASS,"valid close battle, no pairwise order change inside the horizon",28.75222222222223,4.839,-28.980833333334886,False,2.4444444444444002,False,False,,,110.599,,,False,290.0,,True,False,2026-03-15 07:28:52.536,30.0,120.0,False,False,False
china_2026_R_00639,china_2026_R,RUS,LEC,2026-03-15 07:28:23.776,14,ON_TRACK_PASS,race-distance ordering and target DriverAhead both show the swap,11.618888888888705,4.84,-10.317222222220153,False,4.044444444444423,True,True,2026-03-15 07:28:40.055,16.279,16.279,16.279,16.279,False,220.0,-33.37037037036983,True,False,2026-03-15 07:28:53.776,30.0,120.0,False,False,False
china_2026_R_00640,china_2026_R,LIN,RUS,2026-03-15 07:28:24.415,14,ON_TRACK_PASS,race-distance ordering and target DriverAhead both show the swap,36.968611111111045,4.481,-38.33749999999418,False,2.0777777777778965,True,True,2026-03-15 07:28:44.895,20.48,20.48,20.48,20.48,False,169.0,,True,False,2026-03-15 07:28:54.415,30.0,120.0,False,False,False
china_2026_R_00641,china_2026_R,BOT,VER,2026-03-15 07:28:26.655,14,CLOSE_INTERACTION_NO_PASS,"valid close battle, no pairwise order change inside the horizon",62.93722222222209,7.16,-63.41861111111939,False,4.666666666666686,False,False,,,,,,False,207.0,,True,False,2026-03-15 07:28:56.655,30.0,120.0,False,False,False
china_2026_R_00642,china_2026_R,SAI,BOT,2026-03-15 07:28:27.375,14,ON_TRACK_PASS,race-distance ordering and target DriverAhead both show the swap,13.438333333333333,3.96,-13.845833333340124,False,3.8950000000000955,True,True,2026-03-15 07:28:41.375,14.0,14.0,14.0,14.0,False,243.0,-54.22222222222189,True,False,2026-03-15 07:28:57.375,30.0,120.0,False,False,False
china_2026_R_00643,china_2026_R,VER,BEA,2026-03-15 07:28:27.735,14,CLOSE_INTERACTION_NO_PASS,"valid close battle, no pairwise order change inside the horizon; the pair did swap 62.5 s after t0, outside it",49.664722222222395,5.4,-48.77583333333314,False,6.3555555555554974,False,False,,,62.521,62.521,62.521,True,158.0,,True,False,2026-03-15 07:28:57.735,30.0,120.0,False,False,False
china_2026_R_00644,china_2026_R,VER,LIN,2026-03-15 07:28:30.855,14,CLOSE_INTERACTION_NO_PASS,"valid close battle, no pairwise order change inside the horizon",35.00277777777842,5.561,-34.11388888889633,False,1.5555555555554292,False,False,,,,,,False,89.0,,True,False,2026-03-15 07:29:00.855,30.0,120.0,False,False,False
china_2026_R_00645,china_2026_R,BEA,RUS,2026-03-15 07:28:31.615,14,ON_TRACK_PASS,race-distance ordering and target DriverAhead both show the swap,33.829444444443766,4.801,-35.19833333333372,False,6.844444444444548,True,True,2026-03-15 07:28:46.055,14.44,14.44,14.44,14.44,False,91.0,,True,False,2026-03-15 07:29:01.615,30.0,120.0,False,False,False
china_2026_R_00646,china_2026_R,PER,HUL,2026-03-15 07:28:31.855,14,CLOSE_INTERACTION_NO_PASS,"valid close battle, no pairwise order change inside the horizon",91.31972222222191,4.361,-91.26194444444263,False,17.26666666666665,False,False,,,,,,False,90.0,,True,False,2026-03-15 07:29:01.855,30.0,120.0,False,False,False
china_2026_R_00647,china_2026_R,ANT,PER,2026-03-15 07:28:32.135,14,ON_TRACK_PASS,race-distance ordering and target DriverAhead both show the swap,26.72388888888895,4.081,-27.328333333338378,False,17.422222222222217,True,True,2026-03-15 07:28:36.416,4.281,4.281,4.281,4.281,False,312.0,-223.99999999999991,True,False,2026-03-15 07:29:02.135,30.0,120.0,False,False,False
china_2026_R_00648,china_2026_R,RUS,ALO,2026-03-15 07:28:32.455,14,ON_TRACK_PASS,race-distance ordering and target DriverAhead both show the swap,10.21083333333388,4.241,-8.84194444444438,False,3.9666666666664696,True,True,2026-03-15 07:28:37.016,4.561,4.561,4.561,4.561,False,100.0,-34.142857142857764,True,False,2026-03-15 07:29:02.455,30.0,120.0,False,False,False
china_2026_R_00649,china_2026_R,HAM,OCO,2026-03-15 07:28:35.936,14,ON_TRACK_PASS,race-distance ordering and target DriverAhead both show the swap,11.467500000000086,5.159,-11.441388888881193,False,8.266666666666879,True,True,2026-03-15 07:28:45.095,9.159,9.159,9.159,9.159,False,147.0,,True,False,2026-03-15 07:29:05.936,30.0,120.0,False,False,False
china_2026_R_00650,china_2026_R,RUS,HAM,2026-03-15 07:28:40.055,14,CLOSE_INTERACTION_NO_PASS,"valid close battle, no pairwise order change inside the horizon",59.57777777777869,4.24,-58.52833333333547,False,8.622222222222263,False,False,,,,,,False,251.0,,True,False,2026-03-15 07:29:10.055,30.0,120.0,False,False,False
china_2026_R_00651,china_2026_R,GAS,HAD,2026-03-15 07:28:43.176,14,ON_TRACK_PASS,race-distance ordering and target DriverAhead both show the swap,26.82027777777739,12.76,-27.269444444435067,False,14.30000000000041,True,True,2026-03-15 07:28:56.376,13.2,13.2,13.2,13.2,False,176.0,,True,False,2026-03-15 07:29:13.176,30.0,120.0,False,False,False
china_2026_R_00652,china_2026_R,ANT,HUL,2026-03-15 07:28:44.295,14,ON_TRACK_PASS,race-distance ordering and target DriverAhead both show the swap,34.850000000000364,6.401,-35.39666666666744,False,12.200000000000045,True,True,2026-03-15 07:28:51.055,6.76,6.76,6.76,6.76,False,282.0,,True,False,2026-03-15 07:29:14.295,30.0,120.0,False,False,False
china_2026_R_00653,china_2026_R,SAI,ALO,2026-03-15 07:28:44.295,14,ON_TRACK_PASS,race-distance ordering and target DriverAhead both show the swap,39.21722222222297,4.121,-39.21722222221433,False,7.777777777777601,True,True,2026-03-15 07:28:57.735,13.44,13.44,13.44,13.44,False,138.0,,True,False,2026-03-15 07:29:14.295,30.0,120.0,False,False,False
china_2026_R_00654,china_2026_R,HAD,BOT,2026-03-15 07:28:44.495,14,CLOSE_INTERACTION_NO_PASS,"valid close battle, no pairwise order change inside the horizon; the pair did swap 46.8 s after t0, outside it",11.178888888888878,3.28,-11.137222222227138,False,8.800000000000182,False,False,,,46.8,46.8,46.8,True,247.0,-28.581501137224674,True,False,2026-03-15 07:29:14.495,30.0,120.0,False,False,False
china_2026_R_00655,china_2026_R,ALO,VER,2026-03-15 07:28:44.495,14,ON_TRACK_PASS,race-distance ordering and target DriverAhead both show the swap,14.827777777776646,3.481,-15.716666666659876,False,8.999999999999773,True,True,2026-03-15 07:28:48.736,4.241,4.241,4.241,4.241,False,292.0,-153.99999999999773,True,False,2026-03-15 07:29:14.495,30.0,120.0,False,False,False
china_2026_R_00656,china_2026_R,LIN,LEC,2026-03-15 07:28:44.895,14,ON_TRACK_PASS,race-distance ordering and target DriverAhead both show the swap,15.34833333333313,6.16,-15.415555555562605,False,7.66666666666697,True,True,2026-03-15 07:28:51.295,6.4,6.4,6.4,6.4,False,221.0,-46.00000000000182,True,False,2026-03-15 07:29:14.895,30.0,120.0,False,False,False
china_2026_R_00657,china_2026_R,LEC,COL,2026-03-15 07:28:44.895,14,CLOSE_INTERACTION_NO_PASS,"valid close battle, no pairwise order change inside the horizon",70.27722222222178,3.521,-70.20999999999185,False,15.579999999999927,False,False,,,,82.041,,False,92.0,,True,False,2026-03-15 07:29:14.895,30.0,120.0,False,False,False
china_2026_R_00658,china_2026_R,VER,RUS,2026-03-15 07:28:46.855,14,ON_TRACK_PASS,race-distance ordering and target DriverAhead both show the swap,44.883333333332985,3.561,-45.36333333332732,False,13.533333333333303,True,True,2026-03-15 07:28:48.256,1.401,1.401,1.401,1.401,False,65.0,,True,False,2026-03-15 07:29:16.855,30.0,120.0,False,False,False
china_2026_R_00659,china_2026_R,VER,ALO,2026-03-15 07:28:48.936,14,ON_TRACK_PASS,race-distance ordering and target DriverAhead both show the swap,12.256944444445708,4.799,-11.368055555562023,False,9.0,True,True,2026-03-15 07:28:54.015,5.079,5.079,5.079,5.079,False,266.0,-162.0,True,False,2026-03-15 07:29:18.936,30.0,120.0,False,False,False
china_2026_R_00660,china_2026_R,SAI,VER,2026-03-15 07:28:49.896,14,CLOSE_INTERACTION_NO_PASS,"valid close battle, no pairwise order change inside the horizon; the pair did swap 54.3 s after t0, outside it",18.993611111111022,3.839,-19.882499999992433,False,2.933333333333394,False,False,,,54.32,54.32,54.32,True,82.0,,True,False,2026-03-15 07:29:19.896,30.0,120.0,False,False,False
china_2026_R_00661,china_2026_R,BEA,HAM,2026-03-15 07:28:49.896,14,CLOSE_INTERACTION_NO_PASS,"valid close battle, no pairwise order change inside the horizon",14.258611111109758,8.879,-14.578055555553874,False,25.855555555556066,False,False,,,,,,False,162.0,-86.53846153846153,True,False,2026-03-15 07:29:19.896,30.0,120.0,False,False,False
china_2026_R_00662,china_2026_R,COL,HUL,2026-03-15 07:28:51.055,14,ON_TRACK_PASS,race-distance ordering and target DriverAhead both show the swap,55.717222222222745,8.16,-56.33722222222423,False,6.777777777777828,True,True,2026-03-15 07:29:11.655,20.6,20.6,20.6,20.6,False,155.0,,True,False,2026-03-15 07:29:21.055,30.0,120.0,False,False,False
china_2026_R_00663,china_2026_R,LIN,BEA,2026-03-15 07:28:51.295,14,ON_TRACK_PASS,race-distance ordering and target DriverAhead both show the swap,39.271944444445126,5.601,-39.271944444437395,False,6.222222222221944,True,True,2026-03-15 07:29:11.055,19.76,19.76,19.76,19.76,False,135.0,,True,False,2026-03-15 07:29:21.295,30.0,120.0,False,False,False
china_2026_R_00664,china_2026_R,HUL,ANT,2026-03-15 07:28:51.295,14,ON_TRACK_PASS,race-distance ordering and target DriverAhead both show the swap,10.590833333333649,7.92,-10.044166666673846,False,7.3333333333332575,True,True,2026-03-15 07:28:59.615,8.32,8.32,8.32,8.32,False,254.0,-86.99999999999933,True,False,2026-03-15 07:29:21.295,30.0,120.0,False,False,False
china_2026_R_00665,china_2026_R,VER,PER,2026-03-15 07:28:54.976,14,ON_TRACK_PASS,race-distance ordering and target DriverAhead both show the swap,96.91833333333352,10.399,-96.70722222221957,False,16.011111111111177,True,True,2026-03-15 07:29:15.496,20.52,20.52,20.52,20.52,False,105.0,104.46097814776236,True,False,2026-03-15 07:29:24.976,30.0,120.0,False,False,False
china_2026_R_00666,china_2026_R,GAS,BOT,2026-03-15 07:28:56.376,14,ON_TRACK_PASS,race-distance ordering and target DriverAhead both show the swap,99.24249999999915,19.28,-99.64999999999418,False,7.022222222222354,True,True,2026-03-15 07:29:15.896,19.52,19.52,19.52,19.52,False,199.0,,True,False,2026-03-15 07:29:26.376,30.0,120.0,False,False,False
china_2026_R_00667,china_2026_R,RUS,LIN,2026-03-15 07:28:57.296,14,CLOSE_INTERACTION_NO_PASS,"valid close battle, no pairwise order change inside the horizon; the pair did swap 31.3 s after t0, outside it",10.95361111111356,5.08,-9.58472222223645,False,4.599999999999909,False,False,,,31.28,31.28,31.28,True,213.0,,True,False,2026-03-15 07:29:27.296,30.0,120.0,False,False,False
china_2026_R_00668,china_2026_R,LEC,BEA,2026-03-15 07:28:57.296,14,CLOSE_INTERACTION_NO_PASS,"valid close battle, no pairwise order change inside the horizon; the pair did swap 30.2 s after t0, outside it",21.46166666666727,5.08,-21.394444444435067,False,1.900000000000091,False,False,,,30.2,30.2,30.2,True,240.0,,True,False,2026-03-15 07:29:27.296,30.0,120.0,False,False,False
china_2026_R_00669,china_2026_R,BOT,ALO,2026-03-15 07:28:57.735,14,CLOSE_INTERACTION_NO_PASS,"valid close battle, no pairwise order change inside the horizon",83.82611111111123,6.321,-83.41861111111939,False,2.6666666666667425,False,False,,,,65.721,,False,205.0,,True,False,2026-03-15 07:29:27.735,30.0,120.0,False,False,False
china_2026_R_00670,china_2026_R,BEA,OCO,2026-03-15 07:28:59.215,14,ON_TRACK_PASS,race-distance ordering and target DriverAhead both show the swap,77.51499999999942,11.441,-77.80833333331975,False,10.266666666666879,True,True,2026-03-15 07:29:16.776,17.561,17.561,17.561,17.561,False,182.0,,True,False,2026-03-15 07:29:29.215,30.0,120.0,False,False,False
china_2026_R_00671,china_2026_R,PER,RUS,2026-03-15 07:29:00.055,14,ON_TRACK_PASS,race-distance ordering and target DriverAhead both show the swap,94.3549999999982,5.32,-95.04611111110717,False,7.555555555555657,True,True,2026-03-15 07:29:05.695,5.64,5.64,5.64,5.64,False,186.0,29.875000000001393,True,False,2026-03-15 07:29:30.055,30.0,120.0,False,False,False
china_2026_R_00672,china_2026_R,HAM,ANT,2026-03-15 07:29:00.295,14,CLOSE_INTERACTION_NO_PASS,"valid close battle, no pairwise order change inside the horizon",40.81361111111255,6.96,-40.56750000000466,False,4.533333333333303,False,False,,,,,,False,177.0,,True,False,2026-03-15 07:29:30.295,30.0,120.0,False,False,False
china_2026_R_00673,china_2026_R,HAD,GAS,2026-03-15 07:29:02.696,14,ON_TRACK_PASS,race-distance ordering and target DriverAhead both show the swap,10.509444444444625,12.96,-10.060277777782176,False,8.292500000000018,True,True,2026-03-15 07:29:30.456,27.76,27.76,27.76,27.76,False,224.0,-14.142784293726168,True,False,2026-03-15 07:29:32.696,30.0,120.0,False,False,False
china_2026_R_00674,china_2026_R,BOT,SAI,2026-03-15 07:29:04.295,14,CLOSE_INTERACTION_NO_PASS,"valid close battle, no pairwise order change inside the horizon",69.27111111111026,9.04,-68.86361111111182,False,4.400000000000546,False,False,,,,,,False,173.0,,True,False,2026-03-15 07:29:34.295,30.0,120.0,False,False,False
china_2026_R_00675,china_2026_R,PER,LEC,2026-03-15 07:29:05.695,14,ON_TRACK_PASS,race-distance ordering and target DriverAhead both show the swap,50.39416666666693,8.12,-49.783611111110076,False,21.212777777777774,True,True,2026-03-15 07:29:19.335,13.64,13.64,13.64,13.64,False,115.0,,True,False,2026-03-15 07:29:35.695,30.0,120.0,False,False,False
china_2026_R_00676,china_2026_R,RUS,PER,2026-03-15 07:29:06.095,14,ON_TRACK_PASS,race-distance ordering and target DriverAhead both show the swap,10.603888888890197,4.321,-9.912777777790325,False,6.755555555555475,True,True,2026-03-15 07:29:10.656,4.561,4.561,4.561,4.561,False,167.0,-56.99999999999318,True,False,2026-03-15 07:29:36.095,30.0,120.0,False,False,False
china_2026_R_00677,china_2026_R,LEC,LIN,2026-03-15 07:29:06.775,14,CLOSE_INTERACTION_NO_PASS,"valid close battle, no pairwise order change inside the horizon",10.387499999999818,3.881,-10.320277777776937,False,6.66666666666697,False,False,,,,51.48,,False,121.0,-4.299999999999637,True,False,2026-03-15 07:29:36.775,30.0,120.0,False,False,False
china_2026_R_00678,china_2026_R,LIN,OCO,2026-03-15 07:29:11.055,14,CLOSE_INTERACTION_NO_PASS,"valid close battle, no pairwise order change inside the horizon; the pair did swap 31.2 s after t0, outside it",86.27277777777817,3.921,-86.56611111111124,False,9.41111111111104,False,False,,,31.161,31.161,31.161,True,246.0,,True,False,2026-03-15 07:29:41.055,30.0,120.0,False,False,False
china_2026_R_00679,china_2026_R,RUS,BEA,2026-03-15 07:29:11.495,14,ON_TRACK_PASS,race-distance ordering and target DriverAhead both show the swap,35.86666666666815,3.481,-34.497777777782176,False,7.777777777777828,True,True,2026-03-15 07:29:25.855,14.36,14.36,14.36,14.36,False,200.0,,True,False,2026-03-15 07:29:41.495,30.0,120.0,False,False,False
china_2026_R_00680,china_2026_R,ANT,HUL,2026-03-15 07:29:14.976,14,ON_TRACK_PASS,race-distance ordering and target DriverAhead both show the swap,21.608611111105347,6.8,-22.155277777768788,False,14.388888888888687,True,True,2026-03-15 07:29:22.656,7.68,7.68,7.68,7.68,False,274.0,-184.99999999999739,True,False,2026-03-15 07:29:44.976,30.0,120.0,False,False,False
china_2026_R_00681,china_2026_R,SAI,PER,2026-03-15 07:29:15.496,14,ON_TRACK_PASS,race-distance ordering and target DriverAhead both show the swap,51.73250000000098,3.079,-52.410277777773445,False,4.800000000000182,True,True,2026-03-15 07:29:33.815,18.319,18.319,18.319,18.319,False,184.0,,True,False,2026-03-15 07:29:45.496,30.0,120.0,False,False,False
china_2026_R_00682,china_2026_R,ALO,SAI,2026-03-15 07:29:15.496,14,ON_TRACK_PASS,race-distance ordering and target DriverAhead both show the swap,10.571388888889487,4.199,-10.57138888888585,False,9.444444444444798,True,True,2026-03-15 07:29:20.055,4.559,4.559,4.559,4.559,False,242.0,-20.04253056884713,True,False,2026-03-15 07:29:45.496,30.0,120.0,False,False,False
china_2026_R_00683,china_2026_R,ALO,VER,2026-03-15 07:29:20.655,14,ON_TRACK_PASS,race-distance ordering and target DriverAhead both show the swap,26.867222222222154,4.16,-27.75611111111357,False,7.8222222222225355,True,True,2026-03-15 07:29:47.376,26.721,26.721,26.721,26.721,False,91.0,,True,False,2026-03-15 07:29:50.655,30.0,120.0,False,False,False
china_2026_R_00684,china_2026_R,OCO,HAM,2026-03-15 07:29:22.656,14,ON_TRACK_PASS,race-distance ordering and target DriverAhead both show the swap,11.78194444444307,16.999,-11.808055555564351,False,14.422222222223354,True,True,2026-03-15 07:29:39.975,17.319,17.319,17.319,17.319,False,173.0,,True,False,2026-03-15 07:29:52.656,30.0,120.0,False,False,False
china_2026_R_00685,china_2026_R,VER,LEC,2026-03-15 07:29:22.896,14,ON_TRACK_PASS,race-distance ordering and target DriverAhead both show the swap,23.640833333334285,3.439,-22.819166666668025,False,7.91111111111195,True,True,2026-03-15 07:29:44.216,21.32,21.32,21.32,21.32,False,127.0,,True,False,2026-03-15 07:29:52.896,30.0,120.0,False,False,False
china_2026_R_00686,china_2026_R,SAI,VER,2026-03-15 07:29:23.736,14,ON_TRACK_PASS,race-distance ordering and target DriverAhead both show the swap,38.35861111111035,6.32,-39.24749999999767,False,4.316944444444289,True,True,2026-03-15 07:29:44.216,20.48,20.48,20.48,20.48,False,109.0,,True,False,2026-03-15 07:29:53.736,30.0,120.0,False,False,False
china_2026_R_00687,china_2026_R,HAM,COL,2026-03-15 07:29:24.815,14,ON_TRACK_PASS,race-distance ordering and target DriverAhead both show the swap,10.668888888889796,14.04,-10.349444444451365,False,5.022222222220535,True,True,2026-03-15 07:29:39.135,14.32,14.32,14.32,14.32,False,237.0,-13.47837415320487,True,False,2026-03-15 07:29:54.815,30.0,120.0,False,False,False
china_2026_R_00688,china_2026_R,PER,BEA,2026-03-15 07:29:25.855,14,ON_TRACK_PASS,race-distance ordering and target DriverAhead both show the swap,27.29972222222159,3.441,-26.621944444443216,False,6.0,True,True,2026-03-15 07:29:29.576,3.721,3.721,3.721,3.721,False,100.0,,True,False,2026-03-15 07:29:55.855,30.0,120.0,False,False,False
china_2026_R_00689,china_2026_R,HUL,OCO,2026-03-15 07:29:28.576,14,ON_TRACK_PASS,race-distance ordering and target DriverAhead both show the swap,13.547500000000582,12.2,-13.220833333340124,False,19.689444444443325,True,True,2026-03-15 07:29:41.256,12.68,12.68,12.68,12.68,False,297.0,-46.57142857142325,True,False,2026-03-15 07:29:58.576,30.0,120.0,False,False,False
china_2026_R_00690,china_2026_R,LIN,RUS,2026-03-15 07:29:29.576,14,ON_TRACK_PASS,race-distance ordering and target DriverAhead both show the swap,11.175833333332776,11.68,-12.544722222228302,False,4.666666666666515,True,True,2026-03-15 07:29:41.456,11.88,11.88,11.88,11.88,False,305.0,-34.71999999999898,True,False,2026-03-15 07:29:59.576,30.0,120.0,False,False,False
china_2026_R_00691,china_2026_R,ANT,LAW,2026-03-15 07:29:30.056,14,CLOSE_INTERACTION_NO_PASS,"valid close battle, no pairwise order change inside the horizon",97.90444444443574,8.799,-97.83111111111066,False,12.066666666667516,False,False,,,,,,False,236.0,101.2857142857146,True,False,2026-03-15 07:30:00.056,30.0,120.0,False,False,False
china_2026_R_00692,china_2026_R,SAI,BEA,2026-03-15 07:29:30.256,14,ON_TRACK_PASS,race-distance ordering and target DriverAhead both show the swap,39.36694444444356,12.2,-39.36694444443856,False,11.199999999999363,True,True,2026-03-15 07:29:31.535,1.279,1.279,1.279,1.279,False,100.0,,True,False,2026-03-15 07:30:00.256,30.0,120.0,False,False,False
china_2026_R_00693,china_2026_R,RUS,HUL,2026-03-15 07:29:30.776,14,CLOSE_INTERACTION_NO_PASS,"valid close battle, no pairwise order change inside the horizon",99.58750000000009,9.199,-98.83861111111764,False,1.9444444444443434,False,False,,,,35.039,,False,283.0,35.22916666666475,True,False,2026-03-15 07:30:00.776,30.0,120.0,False,False,False
china_2026_R_00694,china_2026_R,BEA,VER,2026-03-15 07:29:33.135,14,ON_TRACK_PASS,race-distance ordering and target DriverAhead both show the swap,48.66972222222148,9.321,-49.55861111111881,False,2.2666666666655146,True,True,2026-03-15 07:29:42.896,9.761,9.761,9.761,9.761,False,304.0,,True,False,2026-03-15 07:30:03.135,30.0,120.0,False,False,False
china_2026_R_00695,china_2026_R,PER,SAI,2026-03-15 07:29:34.536,14,ON_TRACK_PASS,race-distance ordering and target DriverAhead both show the swap,10.93444444444549,12.079,-10.256666666668025,False,15.033333333332848,True,True,2026-03-15 07:29:47.015,12.479,12.479,12.479,12.479,False,310.0,-43.55339805825805,True,False,2026-03-15 07:30:04.536,30.0,120.0,False,False,False
china_2026_R_00696,china_2026_R,HAD,ALO,2026-03-15 07:29:36.496,14,CLOSE_INTERACTION_NO_PASS,"valid close battle, no pairwise order change inside the horizon",99.15249999999787,9.359,-98.70333333332383,False,4.888888888890051,False,False,,,,37.96,,False,266.0,46.40816326530568,True,False,2026-03-15 07:30:06.496,30.0,120.0,False,False,False
china_2026_R_00697,china_2026_R,COL,HAM,2026-03-15 07:29:39.975,14,UNCERTAIN,"only one of the two order-change signals fired (distance=False, driver_ahead=True)",18.498333333332994,15.121,-18.81777777777461,False,8.955555555555293,False,True,2026-03-15 07:29:56.096,16.121,,16.121,,False,166.0,-69.23809523808944,True,False,2026-03-15 07:30:09.975,30.0,120.0,False,False,False
china_2026_R_00698,china_2026_R,RUS,COL,2026-03-15 07:29:40.175,14,CLOSE_INTERACTION_NO_PASS,"valid close battle, no pairwise order change inside the horizon",91.05749999999716,6.84,-89.68861111110891,False,32.399999999999636,False,False,,,,,,False,129.0,,True,False,2026-03-15 07:30:10.175,30.0,120.0,False,False,False
china_2026_R_00699,china_2026_R,BEA,LEC,2026-03-15 07:29:42.896,14,CLOSE_INTERACTION_NO_PASS,"valid close battle, no pairwise order change inside the horizon",64.59361111110957,3.279,-64.66083333334245,False,24.444444444445253,False,False,,,,76.279,,False,86.0,,True,False,2026-03-15 07:30:12.896,30.0,120.0,False,False,False
china_2026_R_00700,china_2026_R,OCO,ANT,2026-03-15 07:29:47.015,14,CLOSE_INTERACTION_NO_PASS,"valid close battle, no pairwise order change inside the horizon",72.75916666667035,4.68,-72.53916666668374,False,16.655833333334158,False,False,,,,,,False,220.0,,True,False,2026-03-15 07:30:17.015,30.0,120.0,False,False,False
china_2026_R_00701,china_2026_R,PER,VER,2026-03-15 07:29:52.575,14,ON_TRACK_PASS,race-distance ordering and target DriverAhead both show the swap,11.729444444446017,6.04,-11.940555555556784,False,12.300000000000182,True,True,2026-03-15 07:29:56.096,3.521,3.521,3.521,3.521,False,218.0,-73.8571428571439,True,False,2026-03-15 07:30:22.575,30.0,120.0,False,False,False
china_2026_R_00702,china_2026_R,GAS,RUS,2026-03-15 07:29:55.576,14,UNCERTAIN,"only one of the two order-change signals fired (distance=True, driver_ahead=False)",97.11333333333187,3.639,-98.48222222221375,False,6.84444444444307,True,False,2026-03-15 07:30:04.696,9.12,9.12,90.32,90.32,True,223.0,77.000000000005,True,False,2026-03-15 07:30:25.576,30.0,120.0,False,False,False
china_2026_R_00703,china_2026_R,COL,ANT,2026-03-15 07:29:55.576,15,CLOSE_INTERACTION_NO_PASS,"valid close battle, no pairwise order change inside the horizon",96.88055555555557,4.279,-96.95388888887828,False,2.0777777777777544,False,False,,,,,,False,270.0,,True,False,2026-03-15 07:30:25.576,30.0,120.0,False,False,False
china_2026_R_00704,china_2026_R,OCO,HAM,2026-03-15 07:29:56.616,15,CLOSE_INTERACTION_NO_PASS,"valid close battle, no pairwise order change inside the horizon",44.86583333333334,3.239,-44.798611111109494,False,1.3444444444444628,False,False,,,,,,False,298.0,,True,False,2026-03-15 07:30:26.616,30.0,120.0,False,False,False
china_2026_R_00705,china_2026_R,ALO,PER,2026-03-15 07:29:57.096,14,ON_TRACK_PASS,race-distance ordering and target DriverAhead both show the swap,80.08555555556359,5.84,-80.7633333333506,False,2.7777777777773736,True,True,2026-03-15 07:30:03.656,6.5600000000000005,13.76,6.5600000000000005,13.76,False,162.0,,True,False,2026-03-15 07:30:27.096,30.0,120.0,False,False,False
china_2026_R_00706,china_2026_R,LEC,OCO,2026-03-15 07:29:58.615,15,ON_TRACK_PASS,race-distance ordering and target DriverAhead both show the swap,83.67916666666666,6.8,-83.53805555554572,False,8.090833333333421,True,True,2026-03-15 07:30:05.615,7.0,7.0,7.0,7.0,False,301.0,,True,False,2026-03-15 07:30:28.615,30.0,120.0,False,False,False
china_2026_R_00707,china_2026_R,HUL,BEA,2026-03-15 07:29:59.215,15,INVALID,no causal target sample at t0,39.615555555555545,6.2,,False,8.644999999999982,False,False,,,,,,False,,,True,False,2026-03-15 07:30:29.215,30.0,120.0,False,False,False
china_2026_R_00708,china_2026_R,RUS,LEC,2026-03-15 07:29:59.215,15,CLOSE_INTERACTION_NO_PASS,"valid close battle, no pairwise order change inside the horizon",10.850000000000023,6.2,-10.590555555565516,False,8.20750000000001,False,False,,,,,,False,315.0,-57.73333333333341,True,False,2026-03-15 07:30:29.215,30.0,120.0,False,False,False
china_2026_R_00709,china_2026_R,GAS,HUL,2026-03-15 07:29:59.615,15,CLOSE_INTERACTION_NO_PASS,"valid close battle, no pairwise order change inside the horizon; the pair did swap 86.1 s after t0, outside it",47.58277777777778,5.8,-47.58277777777403,False,4.0,False,False,,,86.12,86.12,86.12,True,288.0,,True,False,2026-03-15 07:30:29.615,30.0,120.0,False,False,False
china_2026_R_00710,china_2026_R,OCO,COL,2026-03-15 07:30:00.255,15,CLOSE_INTERACTION_NO_PASS,"valid close battle, no pairwise order change inside the horizon; the pair did swap 79.0 s after t0, outside it",54.988611111111084,15.041,-54.876388888893416,False,7.781388888888841,False,False,,,79.041,79.041,79.041,True,290.0,,True,False,2026-03-15 07:30:30.255,30.0,120.0,False,False,False
china_2026_R_00711,china_2026_R,HAM,ANT,2026-03-15 07:30:00.255,15,CLOSE_INTERACTION_NO_PASS,"valid close battle, no pairwise order change inside the horizon",81.02222222222207,6.921,-81.05055555555737,False,5.512499999999989,False,False,,,,97.561,,False,270.0,,True,False,2026-03-15 07:30:30.255,30.0,120.0,False,False,False
china_2026_R_00712,china_2026_R,VER,GAS,2026-03-15 07:30:00.255,15,ON_TRACK_PASS,race-distance ordering and target DriverAhead both show the swap,23.658055555555556,22.681,-23.65805555555562,False,7.066666666666833,True,True,2026-03-15 07:30:23.096,22.841,22.841,22.841,22.841,False,275.0,,True,False,2026-03-15 07:30:30.255,30.0,120.0,False,False,False
china_2026_R_00713,china_2026_R,LAW,VER,2026-03-15 07:30:00.936,15,ON_TRACK_PASS,race-distance ordering and target DriverAhead both show the swap,58.53777777777778,9.92,-58.53777777777577,False,8.600000000000023,True,True,2026-03-15 07:30:11.296,10.36,10.36,10.36,10.36,False,273.0,,True,False,2026-03-15 07:30:30.936,30.0,120.0,False,False,False
china_2026_R_00714,china_2026_R,SAI,LAW,2026-03-15 07:30:01.216,15,ON_TRACK_PASS,race-distance ordering and target DriverAhead both show the swap,34.876111111111115,7.44,-34.6694444444438,False,24.177777777777806,True,True,2026-03-15 07:30:08.856,7.64,7.64,7.64,7.64,False,288.0,,True,False,2026-03-15 07:30:31.216,30.0,120.0,False,False,False
china_2026_R_00715,china_2026_R,HAD,SAI,2026-03-15 07:30:01.736,15,CLOSE_INTERACTION_NO_PASS,"valid close battle, no pairwise order change inside the horizon",36.93833333333334,6.92,-36.02499999999418,False,1.688888888888897,False,False,,,,106.36,,False,271.0,,True,False,2026-03-15 07:30:31.736,30.0,120.0,False,False,False
china_2026_R_00716,china_2026_R,BOT,HAD,2026-03-15 07:30:02.656,15,CLOSE_INTERACTION_NO_PASS,"valid close battle, no pairwise order change inside the horizon",79.96888888888888,6.72,-80.548888888894,False,12.088888888888846,False,False,,,,,,False,290.0,1077.2821428571356,True,False,2026-03-15 07:30:32.656,30.0,120.0,False,False,False
china_2026_R_00717,china_2026_R,ALO,BOT,2026-03-15 07:30:03.456,15,ON_TRACK_PASS,race-distance ordering and target DriverAhead both show the swap,51.48000000000002,6.36,-51.89666666666744,False,15.52222222222224,True,True,2026-03-15 07:30:10.296,6.84,6.84,6.84,6.84,False,300.0,,True,False,2026-03-15 07:30:33.456,30.0,120.0,False,False,False
china_2026_R_00718,china_2026_R,PER,ALO,2026-03-15 07:30:03.656,15,CLOSE_INTERACTION_NO_PASS,"valid close battle, no pairwise order change inside the horizon",33.92999999999999,6.16,-33.867499999993015,False,11.733333333333462,False,False,,,,101.16,,False,289.0,,True,False,2026-03-15 07:30:33.656,30.0,120.0,False,False,False
china_2026_R_00719,china_2026_R,HUL,OCO,2026-03-15 07:30:05.975,15,CLOSE_INTERACTION_NO_PASS,"valid close battle, no pairwise order change inside the horizon",97.17555555555555,11.641,-97.28777777777577,False,12.277777777777715,False,False,,,,,,False,148.0,,True,False,2026-03-15 07:30:35.975,30.0,120.0,False,False,False
china_2026_R_00720,china_2026_R,LEC,ANT,2026-03-15 07:30:07.416,15,CLOSE_INTERACTION_NO_PASS,"valid close battle, no pairwise order change inside the horizon",33.12888888888881,5.279,-32.94888888888818,False,7.822222222222194,False,False,,,,,,False,96.0,,True,False,2026-03-15 07:30:37.416,30.0,120.0,False,False,False
china_2026_R_00721,china_2026_R,HAM,LEC,2026-03-15 07:30:07.736,15,ON_TRACK_PASS,race-distance ordering and target DriverAhead both show the swap,11.644166666666479,7.2,-11.852499999993597,False,7.555555555555543,True,True,2026-03-15 07:30:15.296,7.5600000000000005,7.5600000000000005,7.5600000000000005,7.5600000000000005,False,182.0,-84.99999999999986,True,False,2026-03-15 07:30:37.736,30.0,120.0,False,False,False
china_2026_R_00722,china_2026_R,LIN,HUL,2026-03-15 07:30:08.856,15,ON_TRACK_PASS,race-distance ordering and target DriverAhead both show the swap,10.753611111111127,12.04,-10.75361111111124,False,13.022777777777833,True,True,2026-03-15 07:30:21.256,12.4,12.4,12.4,12.4,False,153.0,-12.145833333333513,True,False,2026-03-15 07:30:38.856,30.0,120.0,False,False,False
china_2026_R_00723,china_2026_R,PER,BOT,2026-03-15 07:30:10.296,15,CLOSE_INTERACTION_NO_PASS,"valid close battle, no pairwise order change inside the horizon; the pair did swap 62.1 s after t0, outside it",52.92861111111108,17.76,-53.28277777778567,False,4.888888888888687,False,False,,,62.119,62.119,62.119,True,173.0,,True,False,2026-03-15 07:30:40.296,30.0,120.0,False,False,False
china_2026_R_00724,china_2026_R,BOT,VER,2026-03-15 07:30:12.255,15,CLOSE_INTERACTION_NO_PASS,"valid close battle, no pairwise order change inside the horizon",82.61805555555532,8.121,-82.07805555555387,False,8.122499999999832,False,False,,,,,,False,94.0,,True,False,2026-03-15 07:30:42.255,30.0,120.0,False,False,False
china_2026_R_00725,china_2026_R,ALO,SAI,2026-03-15 07:30:16.096,15,CLOSE_INTERACTION_NO_PASS,"valid close battle, no pairwise order change inside the horizon",47.63083333333407,5.32,-47.7141666666721,False,18.444444444444343,False,False,,,99.8,,,False,107.0,,True,False,2026-03-15 07:30:46.096,30.0,120.0,False,False,False
china_2026_R_00726,china_2026_R,GAS,LAW,2026-03-15 07:30:16.496,15,ON_TRACK_PASS,race-distance ordering and target DriverAhead both show the swap,15.333888888888396,6.44,-15.333888888882939,False,6.144444444444389,True,True,2026-03-15 07:30:19.735,3.239,3.239,3.239,3.239,False,90.0,,True,False,2026-03-15 07:30:46.496,30.0,120.0,False,False,False
china_2026_R_00727,china_2026_R,LAW,BEA,2026-03-15 07:30:17.416,15,INVALID,no causal target sample at t0,10.14972222222275,6.08,,False,18.872222222222376,False,False,,,,,,False,,-14.302325581395191,True,False,2026-03-15 07:30:47.416,30.0,120.0,False,False,False
china_2026_R_00728,china_2026_R,HAD,ALO,2026-03-15 07:30:20.015,15,CLOSE_INTERACTION_NO_PASS,"valid close battle, no pairwise order change inside the horizon; the pair did swap 55.8 s after t0, outside it",44.786111111110586,6.36,-43.78944444443914,False,11.555555555555657,False,False,,,55.761,55.761,55.761,True,84.0,,True,False,2026-03-15 07:30:50.015,30.0,120.0,False,False,False
china_2026_R_00729,china_2026_R,SAI,LEC,2026-03-15 07:30:21.256,15,ON_TRACK_PASS,race-distance ordering and target DriverAhead both show the swap,11.071666666666033,3.919,-11.118333333331975,False,11.822222222222308,True,True,2026-03-15 07:30:25.415,4.159,4.159,12.44,12.44,False,255.0,-92.00000000000045,True,False,2026-03-15 07:30:51.256,30.0,120.0,False,False,False
china_2026_R_00730,china_2026_R,RUS,SAI,2026-03-15 07:30:21.856,15,CLOSE_INTERACTION_NO_PASS,"valid close battle, no pairwise order change inside the horizon; the pair did swap 48.7 s after t0, outside it",46.78138888889043,3.319,-46.475277777790325,False,9.411111111111268,False,False,,,48.68,48.68,48.68,True,190.0,,True,False,2026-03-15 07:30:51.856,30.0,120.0,False,False,False
china_2026_R_00731,china_2026_R,COL,HAM,2026-03-15 07:30:21.856,15,CLOSE_INTERACTION_NO_PASS,"valid close battle, no pairwise order change inside the horizon",10.601111111110868,25.68,-10.646111111112987,False,6.772499999999582,False,False,,,,,,False,275.0,-10.015209125475735,True,False,2026-03-15 07:30:51.856,30.0,120.0,False,False,False
china_2026_R_00732,china_2026_R,VER,LAW,2026-03-15 07:30:23.096,15,CLOSE_INTERACTION_NO_PASS,"valid close battle, no pairwise order change inside the horizon",36.59611111111053,3.279,-36.596111111110076,False,3.3333333333332575,False,False,,,,76.76,,False,250.0,,True,False,2026-03-15 07:30:53.096,30.0,120.0,False,False,False
china_2026_R_00733,china_2026_R,HUL,LEC,2026-03-15 07:30:25.415,15,CLOSE_INTERACTION_NO_PASS,"valid close battle, no pairwise order change inside the horizon",57.986111111110404,4.121,-58.23944444445078,False,37.91805555555584,False,False,,,,,,False,102.0,,True,False,2026-03-15 07:30:55.415,30.0,120.0,False,False,False
china_2026_R_00734,china_2026_R,ALO,COL,2026-03-15 07:30:28.056,15,ON_TRACK_PASS,race-distance ordering and target DriverAhead both show the swap,32.73388888888985,3.24,-32.61055555555504,False,16.322222222222308,True,True,2026-03-15 07:30:30.056,2.0,2.0,2.0,2.0,False,179.0,,True,False,2026-03-15 07:30:58.056,30.0,120.0,False,False,False
china_2026_R_00735,china_2026_R,OCO,ALO,2026-03-15 07:30:28.376,15,ON_TRACK_PASS,race-distance ordering and target DriverAhead both show the swap,14.873333333332994,3.919,-14.884444444440305,False,14.533333333333303,True,True,2026-03-15 07:30:32.535,4.159,4.159,4.159,4.159,False,280.0,-137.99999999999983,True,False,2026-03-15 07:30:58.376,30.0,120.0,False,False,False
china_2026_R_00736,china_2026_R,RUS,LEC,2026-03-15 07:30:31.296,15,CLOSE_INTERACTION_NO_PASS,"valid close battle, no pairwise order change inside the horizon",62.09472222222257,9.8,-61.83527777779091,False,4.177777777777692,False,False,,,,,,False,223.0,,True,False,2026-03-15 07:31:01.296,30.0,120.0,False,False,False
china_2026_R_00737,china_2026_R,HAM,ANT,2026-03-15 07:30:32.295,15,CLOSE_INTERACTION_NO_PASS,"valid close battle, no pairwise order change inside the horizon",99.62000000000035,11.121,-99.64833333334536,False,5.599999999999909,False,False,,,,65.521,,False,234.0,9.559559559557284,True,False,2026-03-15 07:31:02.295,30.0,120.0,False,False,False
china_2026_R_00738,china_2026_R,LIN,RUS,2026-03-15 07:30:32.295,15,ON_TRACK_PASS,race-distance ordering and target DriverAhead both show the swap,17.229444444443516,8.601,-17.742222222223063,False,3.9111111111117225,True,True,2026-03-15 07:30:41.336,9.041,9.041,9.041,9.041,False,235.0,,True,False,2026-03-15 07:31:02.295,30.0,120.0,False,False,False
china_2026_R_00739,china_2026_R,OCO,COL,2026-03-15 07:30:32.775,15,CLOSE_INTERACTION_NO_PASS,"valid close battle, no pairwise order change inside the horizon; the pair did swap 46.5 s after t0, outside it",62.894444444444844,12.64,-62.78222222221666,False,15.733333333333576,False,False,,,46.521,46.521,46.521,True,245.0,,True,False,2026-03-15 07:31:02.775,30.0,120.0,False,False,False
china_2026_R_00740,china_2026_R,SAI,OCO,2026-03-15 07:30:33.015,15,ON_TRACK_PASS,race-distance ordering and target DriverAhead both show the swap,10.319999999999027,7.321,-10.225555555560277,False,8.82027777777762,True,True,2026-03-15 07:30:40.536,7.521,7.521,7.521,7.521,False,256.0,-128.99999999999523,True,False,2026-03-15 07:31:03.015,30.0,120.0,False,False,False
china_2026_R_00741,china_2026_R,LEC,SAI,2026-03-15 07:30:33.696,15,ON_TRACK_PASS,race-distance ordering and target DriverAhead both show the swap,26.02444444444609,6.64,-25.9777777777781,False,8.5,True,True,2026-03-15 07:30:36.056,2.36,2.36,2.36,2.36,False,161.0,,True,False,2026-03-15 07:31:03.696,30.0,120.0,False,False,False
china_2026_R_00742,china_2026_R,HUL,LIN,2026-03-15 07:30:34.056,15,ON_TRACK_PASS,race-distance ordering and target DriverAhead both show the swap,10.908888888887759,6.84,-10.908888888880028,False,1.6666666666662877,True,True,2026-03-15 07:30:41.096,7.04,7.04,7.04,7.04,False,241.0,-20.067575241340215,True,False,2026-03-15 07:31:04.056,30.0,120.0,False,False,False
china_2026_R_00743,china_2026_R,GAS,VER,2026-03-15 07:30:34.416,15,ON_TRACK_PASS,race-distance ordering and target DriverAhead both show the swap,90.25611111111084,13.92,-90.25611111109902,False,13.867499999999836,True,True,2026-03-15 07:30:48.536,14.12,14.12,14.12,14.12,False,220.0,,True,False,2026-03-15 07:31:04.416,30.0,120.0,False,False,False
china_2026_R_00744,china_2026_R,BOT,GAS,2026-03-15 07:30:34.776,15,CLOSE_INTERACTION_NO_PASS,"valid close battle, no pairwise order change inside the horizon",13.16916666666748,13.56,-12.629166666665697,False,10.799999999999955,False,False,,,,,,False,237.0,-107.99999999999956,True,False,2026-03-15 07:31:04.776,30.0,120.0,False,False,False
china_2026_R_00745,china_2026_R,LAW,HAD,2026-03-15 07:30:39.575,15,CLOSE_INTERACTION_NO_PASS,"valid close battle, no pairwise order change inside the horizon; the pair did swap 31.8 s after t0, outside it",10.27638888888896,7.681,-11.39638888889749,False,6.5,False,False,,,31.841,31.841,31.841,True,244.0,-8.640320160079689,True,False,2026-03-15 07:31:09.575,30.0,120.0,False,False,False
china_2026_R_00746,china_2026_R,LEC,OCO,2026-03-15 07:30:40.536,15,CLOSE_INTERACTION_NO_PASS,"valid close battle, no pairwise order change inside the horizon; the pair did swap 59.3 s after t0, outside it",25.9247222222225,7.36,-25.783611111110076,False,5.804999999999836,False,False,,,59.32,54.96,59.32,True,161.0,,True,False,2026-03-15 07:31:10.536,30.0,120.0,False,False,False
china_2026_R_00747,china_2026_R,HAD,BEA,2026-03-15 07:30:41.096,15,INVALID,no causal target sample at t0,89.54222222222234,3.96,,False,7.699999999999818,False,False,,,,,,False,,,True,False,2026-03-15 07:31:11.096,30.0,120.0,False,False,False
china_2026_R_00748,china_2026_R,SAI,ANT,2026-03-15 07:30:43.776,15,ON_TRACK_PASS,race-distance ordering and target DriverAhead both show the swap,30.895833333332575,3.76,-30.76249999999709,False,19.99499999999989,True,True,2026-03-15 07:30:57.656,13.88,13.88,13.88,13.88,False,142.0,,True,False,2026-03-15 07:31:13.776,30.0,120.0,False,False,False
china_2026_R_00749,china_2026_R,PER,BOT,2026-03-15 07:30:45.056,15,ON_TRACK_PASS,race-distance ordering and target DriverAhead both show the swap,99.82361111111004,10.16,-100.17777777777519,False,4.522222222222354,True,True,2026-03-15 07:31:12.415,27.359,27.359,27.359,27.359,False,206.0,12.540000000000873,True,False,2026-03-15 07:31:15.056,30.0,120.0,False,False,False
china_2026_R_00750,china_2026_R,BOT,VER,2026-03-15 07:30:48.536,15,CLOSE_INTERACTION_NO_PASS,"valid close battle, no pairwise order change inside the horizon",67.96222222222286,4.319,-67.42222222221608,False,7.87805555555542,False,False,,,,,,False,105.0,,True,False,2026-03-15 07:31:18.536,30.0,120.0,False,False,False
china_2026_R_00751,china_2026_R,GAS,LAW,2026-03-15 07:30:48.536,15,CLOSE_INTERACTION_NO_PASS,"valid close battle, no pairwise order change inside the horizon; the pair did swap 41.2 s after t0, outside it",40.08388888888703,10.359,-40.08388888888294,False,10.444444444444343,False,False,,,41.2,41.2,41.2,True,114.0,,True,False,2026-03-15 07:31:18.536,30.0,120.0,False,False,False
china_2026_R_00752,china_2026_R,VER,GAS,2026-03-15 07:30:48.976,15,ON_TRACK_PASS,race-distance ordering and target DriverAhead both show the swap,13.12722222222419,9.919,-13.127222222217824,False,5.0,True,True,2026-03-15 07:30:59.175,10.199,10.199,10.199,10.199,False,179.0,-74.54545454545621,True,False,2026-03-15 07:31:18.976,30.0,120.0,False,False,False
china_2026_R_00753,china_2026_R,HUL,LEC,2026-03-15 07:30:56.136,15,CLOSE_INTERACTION_NO_PASS,"valid close battle, no pairwise order change inside the horizon",42.23833333332959,3.239,-42.491666666654055,False,9.726944444444598,False,False,,,,,,False,82.0,,True,False,2026-03-15 07:31:26.136,30.0,120.0,False,False,False
china_2026_R_00754,china_2026_R,LIN,HUL,2026-03-15 07:30:56.896,15,ON_TRACK_PASS,race-distance ordering and target DriverAhead both show the swap,11.662777777783049,9.24,-11.662777777775773,False,5.122222222222263,True,True,2026-03-15 07:31:06.456,9.56,9.56,9.56,9.56,False,150.0,-53.105263157893106,True,False,2026-03-15 07:31:26.896,30.0,120.0,False,False,False
china_2026_R_00755,china_2026_R,RUS,LIN,2026-03-15 07:30:58.056,15,ON_TRACK_PASS,race-distance ordering and target DriverAhead both show the swap,29.732222222221935,4.68,-29.219444444446708,False,7.613611111111368,True,True,2026-03-15 07:31:03.216,5.16,5.16,5.16,5.16,False,82.0,,True,False,2026-03-15 07:31:28.056,30.0,120.0,False,False,False
china_2026_R_00756,china_2026_R,LAW,RUS,2026-03-15 07:30:58.456,15,ON_TRACK_PASS,race-distance ordering and target DriverAhead both show the swap,29.88361111110953,4.52,-30.39638888889749,False,5.133333333333667,True,True,2026-03-15 07:31:24.456,26.0,26.0,26.0,26.0,False,119.0,,True,False,2026-03-15 07:31:28.456,30.0,120.0,False,False,False
china_2026_R_00757,china_2026_R,COL,ALO,2026-03-15 07:30:59.696,15,ON_TRACK_PASS,race-distance ordering and target DriverAhead both show the swap,13.238055555552819,3.28,-13.361388888879446,False,10.164999999999964,True,True,2026-03-15 07:31:03.216,3.52,3.52,3.52,3.52,False,254.0,-113.9999999999996,True,False,2026-03-15 07:31:29.696,30.0,120.0,False,False,False
china_2026_R_00758,china_2026_R,OCO,COL,2026-03-15 07:31:05.455,15,ON_TRACK_PASS,race-distance ordering and target DriverAhead both show the swap,44.57611111111146,13.52,-44.463888888887595,False,15.088888888889414,True,True,2026-03-15 07:31:19.296,13.841,13.841,13.841,13.841,False,271.0,,True,False,2026-03-15 07:31:35.455,30.0,120.0,False,False,False
china_2026_R_00759,china_2026_R,LIN,RUS,2026-03-15 07:31:06.456,15,ON_TRACK_PASS,race-distance ordering and target DriverAhead both show the swap,44.78861111111246,3.72,-45.301388888881775,False,12.511111111111404,True,True,2026-03-15 07:31:20.776,14.32,14.32,14.32,14.32,False,253.0,,True,False,2026-03-15 07:31:36.456,30.0,120.0,False,False,False
china_2026_R_00760,china_2026_R,RUS,BEA,2026-03-15 07:31:07.056,15,INVALID,no causal target sample at t0,64.42416666666622,12.72,,False,12.222222222222172,False,False,,,,,,False,,,True,False,2026-03-15 07:31:37.056,30.0,120.0,False,False,False
china_2026_R_00761,china_2026_R,VER,LAW,2026-03-15 07:31:07.456,15,CLOSE_INTERACTION_NO_PASS,"valid close battle, no pairwise order change inside the horizon",57.0969444444454,3.72,-57.096944444449036,False,1.800000000000182,False,False,,,,32.4,,False,193.0,,True,False,2026-03-15 07:31:37.456,30.0,120.0,False,False,False
china_2026_R_00762,china_2026_R,LIN,SAI,2026-03-15 07:31:10.536,15,ON_TRACK_PASS,race-distance ordering and target DriverAhead both show the swap,60.340000000002874,13.44,-60.546666666676174,False,12.51111111111095,True,True,2026-03-15 07:31:24.296,13.76,13.76,13.76,13.76,False,246.0,,True,False,2026-03-15 07:31:40.536,30.0,120.0,False,False,False
china_2026_R_00763,china_2026_R,HUL,LIN,2026-03-15 07:31:10.776,15,CLOSE_INTERACTION_NO_PASS,"valid close battle, no pairwise order change inside the horizon",10.535555555547035,9.68,-10.535555555543397,False,5.600000000000364,False,False,,,,,,False,307.0,-17.446808510637815,True,False,2026-03-15 07:31:40.776,30.0,120.0,False,False,False
china_2026_R_00764,china_2026_R,SAI,RUS,2026-03-15 07:31:11.176,15,ON_TRACK_PASS,race-distance ordering and target DriverAhead both show the swap,12.804166666665424,8.76,-13.110277777770534,False,10.111111111111313,True,True,2026-03-15 07:31:20.136,8.96,8.96,8.96,8.96,False,314.0,-56.7500000000004,True,False,2026-03-15 07:31:41.176,30.0,120.0,False,False,False
china_2026_R_00765,china_2026_R,VER,HAD,2026-03-15 07:31:11.416,15,CLOSE_INTERACTION_NO_PASS,"valid close battle, no pairwise order change inside the horizon",50.28916666666919,4.08,-51.409166666679084,False,6.477777777778101,False,False,,,,37.48,,False,214.0,,True,False,2026-03-15 07:31:41.416,30.0,120.0,False,False,False
china_2026_R_00766,china_2026_R,HAD,LAW,2026-03-15 07:31:12.415,15,ON_TRACK_PASS,race-distance ordering and target DriverAhead both show the swap,10.378055555552692,4.681,-9.258055555561441,False,9.277777777777828,True,True,2026-03-15 07:31:17.376,4.961,4.961,4.961,4.961,False,287.0,-32.845845845840486,True,False,2026-03-15 07:31:42.415,30.0,120.0,False,False,False
china_2026_R_00767,china_2026_R,BOT,PER,2026-03-15 07:31:12.816,15,CLOSE_INTERACTION_NO_PASS,"valid close battle, no pairwise order change inside the horizon",16.281944444447618,4.28,-15.92777777777519,False,16.133333333333212,False,False,,,,31.28,,False,205.0,-108.9999999999946,True,False,2026-03-15 07:31:42.816,30.0,120.0,False,False,False
china_2026_R_00768,china_2026_R,LAW,HAD,2026-03-15 07:31:18.536,15,ON_TRACK_PASS,race-distance ordering and target DriverAhead both show the swap,11.255555555558203,6.56,-12.375555555554456,False,12.399999999998727,True,True,2026-03-15 07:31:25.416,6.88,6.88,29.56,29.56,False,329.0,-28.99999999999856,True,False,2026-03-15 07:31:48.536,30.0,120.0,False,False,False
china_2026_R_00769,china_2026_R,LEC,COL,2026-03-15 07:31:19.296,15,UNCERTAIN,"only one of the two order-change signals fired (distance=False, driver_ahead=True)",41.880555555553656,5.8,-41.627222222217824,False,3.0222222222209894,False,True,2026-03-15 07:31:40.456,21.16,35.64,21.16,35.64,True,96.0,,True,False,2026-03-15 07:31:49.296,30.0,120.0,False,False,False
china_2026_R_00770,china_2026_R,OCO,HAM,2026-03-15 07:31:19.296,15,CLOSE_INTERACTION_NO_PASS,"valid close battle, no pairwise order change inside the horizon",31.478611111108876,3.32,-31.411388888882357,False,19.755555555555475,False,False,,,,,,False,70.0,,True,False,2026-03-15 07:31:49.296,30.0,120.0,False,False,False
china_2026_R_00771,china_2026_R,GAS,ALO,2026-03-15 07:31:19.296,15,ON_TRACK_PASS,race-distance ordering and target DriverAhead both show the swap,94.248333333333,6.96,-94.37166666667326,False,5.866666666666788,True,True,2026-03-15 07:31:26.536,7.24,7.24,7.24,7.24,False,281.0,66.00000000000136,True,False,2026-03-15 07:31:49.296,30.0,120.0,False,False,False
china_2026_R_00772,china_2026_R,ALO,VER,2026-03-15 07:31:19.296,15,ON_TRACK_PASS,race-distance ordering and target DriverAhead both show the swap,13.173611111109494,4.32,-13.050277777772862,False,12.533333333332848,True,True,2026-03-15 07:31:23.976,4.68,4.68,4.68,4.68,False,322.0,-41.16562499999645,True,False,2026-03-15 07:31:49.296,30.0,120.0,False,False,False
china_2026_R_00773,china_2026_R,COL,OCO,2026-03-15 07:31:19.576,15,ON_TRACK_PASS,race-distance ordering and target DriverAhead both show the swap,27.3822222222243,6.32,-27.494444444440887,False,18.122222222223172,True,True,2026-03-15 07:31:26.256,6.68,6.68,6.68,6.68,False,322.0,-233.0000000000122,True,False,2026-03-15 07:31:49.576,30.0,120.0,False,False,False
china_2026_R_00774,china_2026_R,RUS,LEC,2026-03-15 07:31:19.936,15,CLOSE_INTERACTION_NO_PASS,"valid close battle, no pairwise order change inside the horizon; the pair did swap 98.6 s after t0, outside it",58.048333333336814,3.0,-57.788888888884685,False,23.288888888889232,False,False,,,98.561,98.201,98.561,True,99.0,,True,False,2026-03-15 07:31:49.936,30.0,120.0,False,False,False
china_2026_R_00775,china_2026_R,HUL,RUS,2026-03-15 07:31:20.776,15,ON_TRACK_PASS,race-distance ordering and target DriverAhead both show the swap,51.1363888888809,16.24,-51.64916666665522,False,18.32222222222208,True,True,2026-03-15 07:31:23.096,2.32,2.32,2.32,2.32,False,126.0,,True,False,2026-03-15 07:31:50.776,30.0,120.0,False,False,False
china_2026_R_00776,china_2026_R,PER,VER,2026-03-15 07:31:26.816,15,CLOSE_INTERACTION_NO_PASS,"valid close battle, no pairwise order change inside the horizon",91.93111111111011,3.4,-91.74527777777985,False,16.16666666666606,False,False,,,,,,False,78.0,210.44361702127526,True,False,2026-03-15 07:31:56.816,30.0,120.0,False,False,False
china_2026_R_00777,china_2026_R,LAW,SAI,2026-03-15 07:31:27.696,15,ON_TRACK_PASS,race-distance ordering and target DriverAhead both show the swap,51.29444444444471,6.0,-51.501111111123464,False,19.600000000000364,True,True,2026-03-15 07:31:40.256,12.56,14.16,12.56,14.16,False,73.0,,True,False,2026-03-15 07:31:57.696,30.0,120.0,False,False,False
china_2026_R_00778,china_2026_R,SAI,HAM,2026-03-15 07:31:28.296,15,UNCERTAIN,"only one of the two order-change signals fired (distance=True, driver_ahead=False)",12.426388888886322,5.4,-12.264722222214914,False,14.811111111111131,True,False,2026-03-15 07:31:46.456,18.16,18.16,,,False,145.0,-69.33333333333395,True,False,2026-03-15 07:31:58.296,30.0,120.0,False,False,False
china_2026_R_00779,china_2026_R,HAD,HUL,2026-03-15 07:31:29.736,15,ON_TRACK_PASS,race-distance ordering and target DriverAhead both show the swap,22.639166666669553,10.36,-21.519166666665114,False,16.66666666666697,True,True,2026-03-15 07:31:34.296,4.5600000000000005,4.5600000000000005,4.5600000000000005,4.5600000000000005,False,217.0,-100.00000000000182,True,False,2026-03-15 07:31:59.736,30.0,120.0,False,False,False
china_2026_R_00780,china_2026_R,GAS,ANT,2026-03-15 07:31:30.656,15,UNCERTAIN,"only one of the two order-change signals fired (distance=True, driver_ahead=False)",81.26111111111368,3.64,-81.33444444445195,False,10.66666666666606,True,False,2026-03-15 07:31:35.016,4.36,4.36,,,False,239.0,,True,False,2026-03-15 07:32:00.656,30.0,120.0,False,False,False
china_2026_R_00781,china_2026_R,RUS,ALO,2026-03-15 07:31:32.656,15,ON_TRACK_PASS,race-distance ordering and target DriverAhead both show the swap,87.24000000000251,3.24,-86.85055555556028,False,11.366666666667697,True,True,2026-03-15 07:31:36.136,3.48,3.48,4.6,4.6,False,99.0,,True,False,2026-03-15 07:32:02.656,30.0,120.0,False,False,False
china_2026_R_00782,china_2026_R,ALO,BEA,2026-03-15 07:31:33.096,15,INVALID,no causal target sample at t0,14.018611111113387,3.92,,False,4.33333333333394,False,False,,,,,,False,,-40.00000000000674,True,False,2026-03-15 07:32:03.096,30.0,120.0,False,False,False
china_2026_R_00783,china_2026_R,HAM,ANT,2026-03-15 07:31:33.336,16,ON_TRACK_PASS,race-distance ordering and target DriverAhead both show the swap,38.360000000000014,5.8,-38.423888888894,False,4.2666666666666515,True,True,2026-03-15 07:31:37.816,4.48,4.48,4.48,4.48,False,276.0,,True,False,2026-03-15 07:32:03.336,30.0,120.0,False,False,False
china_2026_R_00784,china_2026_R,GAS,LIN,2026-03-15 07:31:35.016,15,ON_TRACK_PASS,race-distance ordering and target DriverAhead both show the swap,95.21916666665857,3.0,-95.2191666666622,False,11.199999999999818,True,True,2026-03-15 07:31:39.536,4.52,4.52,8.2,8.2,False,215.0,132.00000000000273,True,False,2026-03-15 07:32:05.016,30.0,120.0,False,False,False
china_2026_R_00785,china_2026_R,OCO,LEC,2026-03-15 07:31:35.496,16,CLOSE_INTERACTION_NO_PASS,"valid close battle, no pairwise order change inside the horizon; the pair did swap 83.8 s after t0, outside it",64.32027777777776,4.76,-64.48888888889633,False,2.2222222222222285,False,False,,,83.841,83.841,83.841,True,289.0,,True,False,2026-03-15 07:32:05.496,30.0,120.0,False,False,False
china_2026_R_00786,china_2026_R,RUS,OCO,2026-03-15 07:31:36.416,16,ON_TRACK_PASS,race-distance ordering and target DriverAhead both show the swap,55.83555555555556,18.52,-56.14666666666744,False,9.666666666666629,True,True,2026-03-15 07:32:03.736,27.32,27.32,27.32,27.32,False,285.0,,True,False,2026-03-15 07:32:06.416,30.0,120.0,False,False,False
china_2026_R_00787,china_2026_R,SAI,LEC,2026-03-15 07:31:36.416,15,UNCERTAIN,"only one of the two order-change signals fired (distance=True, driver_ahead=False)",18.651666666662095,3.12,-434.32972222221724,False,12.211111111111677,True,False,2026-03-15 07:31:44.456,8.04,8.04,,,False,301.0,-157.00000000000725,True,False,2026-03-15 07:32:06.416,30.0,120.0,False,False,False
china_2026_R_00788,china_2026_R,LIN,RUS,2026-03-15 07:31:37.416,16,ON_TRACK_PASS,race-distance ordering and target DriverAhead both show the swap,82.28666666666668,5.52,-82.28666666666686,False,5.222222222222172,True,True,2026-03-15 07:31:46.216,8.8,8.8,9.32,9.32,False,266.0,,True,False,2026-03-15 07:32:07.416,30.0,120.0,False,False,False
china_2026_R_00789,china_2026_R,BEA,LIN,2026-03-15 07:31:38.016,16,CLOSE_INTERACTION_NO_PASS,"valid close battle, no pairwise order change inside the horizon",36.21972222222222,8.04,-35.95722222221957,False,9.799999999999955,False,False,,,,98.84,,False,278.0,,True,False,2026-03-15 07:32:08.016,30.0,120.0,False,False,False
china_2026_R_00790,china_2026_R,VER,HUL,2026-03-15 07:31:39.536,16,CLOSE_INTERACTION_NO_PASS,"valid close battle, no pairwise order change inside the horizon",57.77222222222223,21.2,-57.85555555555038,False,9.45555555555552,False,False,,,,100.361,,False,284.0,,True,False,2026-03-15 07:32:09.536,30.0,120.0,False,False,False
china_2026_R_00791,china_2026_R,LAW,VER,2026-03-15 07:31:39.856,16,CLOSE_INTERACTION_NO_PASS,"valid close battle, no pairwise order change inside the horizon; the pair did swap 64.0 s after t0, outside it",60.32333333333334,63.8,-59.57222222222481,False,8.933333333333394,False,False,,,64.0,64.0,64.0,True,296.0,,True,False,2026-03-15 07:32:09.856,30.0,120.0,False,False,False
china_2026_R_00792,china_2026_R,SAI,LAW,2026-03-15 07:31:40.256,16,CLOSE_INTERACTION_NO_PASS,"valid close battle, no pairwise order change inside the horizon; the pair did swap 82.9 s after t0, outside it",42.56944444444444,63.4,-43.23666666666395,False,9.453888888888741,False,False,,,82.88,82.88,82.88,True,287.0,,True,False,2026-03-15 07:32:10.256,30.0,120.0,False,False,False
china_2026_R_00793,china_2026_R,LEC,ANT,2026-03-15 07:31:40.456,16,CLOSE_INTERACTION_NO_PASS,"valid close battle, no pairwise order change inside the horizon",96.26416666666643,8.64,-95.951111111106,False,8.29999999999984,False,False,,,,,,False,177.0,,True,False,2026-03-15 07:32:10.456,30.0,120.0,False,False,False
china_2026_R_00794,china_2026_R,ALO,HUL,2026-03-15 07:31:40.456,15,UNCERTAIN,"only one of the two order-change signals fired (distance=True, driver_ahead=False)",13.501388888894326,3.64,-391.63194444445253,False,11.100000000000364,True,False,2026-03-15 07:31:46.736,6.28,6.28,,,False,291.0,-132.0000000000109,True,False,2026-03-15 07:32:10.456,30.0,120.0,False,False,False
china_2026_R_00795,china_2026_R,OCO,COL,2026-03-15 07:31:40.456,16,CLOSE_INTERACTION_NO_PASS,"valid close battle, no pairwise order change inside the horizon; the pair did swap 79.2 s after t0, outside it",85.10222222222222,6.68,-86.55722222222539,False,7.599999999999966,False,False,,,79.241,79.241,79.241,True,250.0,,True,False,2026-03-15 07:32:10.456,30.0,120.0,False,False,False
china_2026_R_00796,china_2026_R,HAD,SAI,2026-03-15 07:31:41.096,16,ON_TRACK_PASS,race-distance ordering and target DriverAhead both show the swap,41.406944444444434,6.64,-41.46611111111997,False,7.2666666666666515,True,True,2026-03-15 07:31:48.096,7.0,7.0,7.0,7.0,False,274.0,,True,False,2026-03-15 07:32:11.096,30.0,120.0,False,False,False
china_2026_R_00797,china_2026_R,COL,LEC,2026-03-15 07:31:42.616,16,ON_TRACK_PASS,race-distance ordering and target DriverAhead both show the swap,10.773611111111109,8.92,-9.487222222218406,False,3.7999999999999545,True,True,2026-03-15 07:31:57.976,15.36,15.36,15.36,15.36,False,196.0,-18.595744680851062,True,False,2026-03-15 07:32:12.616,30.0,120.0,False,False,False
china_2026_R_00798,china_2026_R,HUL,BEA,2026-03-15 07:31:42.936,16,ON_TRACK_PASS,race-distance ordering and target DriverAhead both show the swap,48.71249999999998,17.8,-48.891666666662786,False,9.16666666666697,True,True,2026-03-15 07:32:00.936,18.0,18.0,18.0,18.0,False,306.0,,True,False,2026-03-15 07:32:12.936,30.0,120.0,False,False,False
china_2026_R_00799,china_2026_R,PER,BOT,2026-03-15 07:31:44.096,16,CLOSE_INTERACTION_NO_PASS,"valid close battle, no pairwise order change inside the horizon; the pair did swap 67.0 s after t0, outside it",85.64333333333332,33.88,-85.39138888889283,False,8.44444444444457,False,False,,,67.04,67.04,67.04,True,300.0,,True,False,2026-03-15 07:32:14.096,30.0,120.0,False,False,False
china_2026_R_00800,china_2026_R,ALO,PER,2026-03-15 07:31:44.816,16,CLOSE_INTERACTION_NO_PASS,"valid close battle, no pairwise order change inside the horizon; the pair did swap 47.4 s after t0, outside it",62.40166666666667,57.88,-62.807500000009895,False,8.977777777777874,False,False,,,47.441,47.441,47.441,True,298.0,,True,False,2026-03-15 07:32:14.816,30.0,120.0,False,False,False
china_2026_R_00801,china_2026_R,BEA,RUS,2026-03-15 07:31:46.216,16,CLOSE_INTERACTION_NO_PASS,"valid close battle, no pairwise order change inside the horizon",58.002222222222144,10.64,-57.739722222220735,False,8.800000000000068,False,False,,,,,,False,136.0,,True,False,2026-03-15 07:32:16.216,30.0,120.0,False,False,False
china_2026_R_00802,china_2026_R,OCO,LIN,2026-03-15 07:31:48.096,16,ON_TRACK_PASS,race-distance ordering and target DriverAhead both show the swap,14.755555555555361,6.84,-14.444444444437977,False,7.0,True,True,2026-03-15 07:31:55.216,7.12,7.12,7.12,7.12,False,177.0,-69.19999999999982,True,False,2026-03-15 07:32:18.096,30.0,120.0,False,False,False
china_2026_R_00803,china_2026_R,BOT,SAI,2026-03-15 07:31:49.456,16,CLOSE_INTERACTION_NO_PASS,"valid close battle, no pairwise order change inside the horizon",97.85277777777787,11.48,-97.62111111111881,False,9.044444444444252,False,False,,,,,,False,162.0,68.79411764705866,True,False,2026-03-15 07:32:19.456,30.0,120.0,False,False,False
china_2026_R_00804,china_2026_R,LEC,GAS,2026-03-15 07:31:49.816,16,ON_TRACK_PASS,race-distance ordering and target DriverAhead both show the swap,13.205277777777951,4.16,-12.725555555545725,False,8.800000000000068,True,True,2026-03-15 07:31:54.176,4.36,4.36,4.36,4.36,False,185.0,-88.00000000000068,True,False,2026-03-15 07:32:19.816,30.0,120.0,False,False,False
china_2026_R_00805,china_2026_R,VER,HAD,2026-03-15 07:32:01.896,16,CLOSE_INTERACTION_NO_PASS,"valid close battle, no pairwise order change inside the horizon",74.18638888888881,4.4,-74.21111111111531,False,9.533333333333303,False,False,,,,87.08,,False,170.0,,True,False,2026-03-15 07:32:31.896,30.0,120.0,False,False,False
china_2026_R_00806,china_2026_R,HAD,BEA,2026-03-15 07:32:02.336,16,ON_TRACK_PASS,race-distance ordering and target DriverAhead both show the swap,10.104166666667425,3.96,-10.34194444444438,False,16.299999999999955,True,True,2026-03-15 07:32:06.536,4.2,4.2,4.2,4.2,False,262.0,-75.00000000000063,True,False,2026-03-15 07:32:32.336,30.0,120.0,False,False,False
china_2026_R_00807,china_2026_R,BEA,HUL,2026-03-15 07:32:04.216,16,ON_TRACK_PASS,race-distance ordering and target DriverAhead both show the swap,10.697222222221626,8.64,-10.518055555556202,False,2.5,True,True,2026-03-15 07:32:13.016,8.8,8.8,8.8,8.8,False,276.0,-9.191489361702477,True,False,2026-03-15 07:32:34.216,30.0,120.0,False,False,False
china_2026_R_00808,china_2026_R,HAM,ANT,2026-03-15 07:32:04.416,16,ON_TRACK_PASS,race-distance ordering and target DriverAhead both show the swap,11.648888888888223,13.28,-11.712777777778683,False,4.533333333333303,True,True,2026-03-15 07:32:17.976,13.56,13.56,13.56,13.56,False,190.0,-36.87999999999948,True,False,2026-03-15 07:32:34.416,30.0,120.0,False,False,False
china_2026_R_00809,china_2026_R,HUL,OCO,2026-03-15 07:32:04.776,16,CLOSE_INTERACTION_NO_PASS,"valid close battle, no pairwise order change inside the horizon; the pair did swap 92.4 s after t0, outside it",84.09500000000116,3.92,-84.32277777777927,False,11.08888888888896,False,False,,,82.76,92.44,92.44,True,72.0,,True,False,2026-03-15 07:32:34.776,30.0,120.0,False,False,False
china_2026_R_00810,china_2026_R,VER,BEA,2026-03-15 07:32:06.536,16,CLOSE_INTERACTION_NO_PASS,"valid close battle, no pairwise order change inside the horizon; the pair did swap 39.5 s after t0, outside it",23.715000000000373,6.32,-23.97750000000815,False,5.999999999999773,False,False,,,39.521,39.521,39.521,True,91.0,,True,False,2026-03-15 07:32:36.536,30.0,120.0,False,False,False
china_2026_R_00811,china_2026_R,OCO,RUS,2026-03-15 07:32:08.976,16,CLOSE_INTERACTION_NO_PASS,"valid close battle, no pairwise order change inside the horizon",11.252777777777283,9.601,-10.941666666665697,False,1.8666666666661058,False,False,,,,,,False,200.0,-6.317073170731618,True,False,2026-03-15 07:32:38.976,30.0,120.0,False,False,False
china_2026_R_00812,china_2026_R,LIN,OCO,2026-03-15 07:32:09.776,16,ON_TRACK_PASS,race-distance ordering and target DriverAhead both show the swap,12.803611111112332,8.801,-13.114722222220735,False,7.822222222222081,True,True,2026-03-15 07:32:18.777,9.001,9.001,9.001,9.001,False,209.0,-51.550000000000864,True,False,2026-03-15 07:32:39.776,30.0,120.0,False,False,False
china_2026_R_00813,china_2026_R,HUL,GAS,2026-03-15 07:32:09.776,16,CLOSE_INTERACTION_NO_PASS,"valid close battle, no pairwise order change inside the horizon; the pair did swap 42.7 s after t0, outside it",93.43638888888995,3.08,-93.3530555555626,False,4.977777777777874,False,False,,,42.681,42.681,42.681,True,88.0,,True,False,2026-03-15 07:32:39.776,30.0,120.0,False,False,False
china_2026_R_00814,china_2026_R,GAS,LIN,2026-03-15 07:32:10.536,16,ON_TRACK_PASS,race-distance ordering and target DriverAhead both show the swap,16.99472222222107,8.041,-16.99472222222539,False,9.403611111111331,True,True,2026-03-15 07:32:22.656,12.12,12.12,19.56,19.56,False,201.0,-75.84210526315604,True,False,2026-03-15 07:32:40.536,30.0,120.0,False,False,False
china_2026_R_00815,china_2026_R,RUS,COL,2026-03-15 07:32:11.056,16,CLOSE_INTERACTION_NO_PASS,"valid close battle, no pairwise order change inside the horizon; the pair did swap 46.3 s after t0, outside it",60.71444444444478,13.56,-62.48055555555038,False,6.233333333333121,False,False,,,46.28,46.28,46.28,True,255.0,,True,False,2026-03-15 07:32:41.056,30.0,120.0,False,False,False
china_2026_R_00816,china_2026_R,BEA,HAD,2026-03-15 07:32:13.016,16,CLOSE_INTERACTION_NO_PASS,"valid close battle, no pairwise order change inside the horizon",72.36055555555527,6.281,-72.12277777778218,False,10.666666666666742,False,False,,,,76.52,,False,119.0,,True,False,2026-03-15 07:32:43.016,30.0,120.0,False,False,False
china_2026_R_00817,china_2026_R,VER,HUL,2026-03-15 07:32:13.016,16,CLOSE_INTERACTION_NO_PASS,"valid close battle, no pairwise order change inside the horizon",66.78722222222154,6.281,-66.8705555555498,False,1.3333333333332575,False,False,,,,66.881,,False,228.0,,True,False,2026-03-15 07:32:43.016,30.0,120.0,False,False,False
china_2026_R_00818,china_2026_R,HAD,GAS,2026-03-15 07:32:13.336,16,CLOSE_INTERACTION_NO_PASS,"valid close battle, no pairwise order change inside the horizon; the pair did swap 41.1 s after t0, outside it",11.22166666666726,7.44,-11.196944444440305,False,11.19999999999959,False,False,,,41.08,41.08,41.08,True,241.0,-105.99999999999994,True,False,2026-03-15 07:32:43.336,30.0,120.0,False,False,False
china_2026_R_00819,china_2026_R,HUL,HAD,2026-03-15 07:32:19.776,16,CLOSE_INTERACTION_NO_PASS,"valid close battle, no pairwise order change inside the horizon; the pair did swap 30.3 s after t0, outside it",26.44555555555553,3.68,-26.386944444442634,False,14.82222222222208,False,False,,,30.28,30.28,30.28,True,212.0,,True,False,2026-03-15 07:32:49.776,30.0,120.0,False,False,False
china_2026_R_00820,china_2026_R,PER,BOT,2026-03-15 07:32:21.216,16,ON_TRACK_PASS,race-distance ordering and target DriverAhead both show the swap,99.87305555555372,15.68,-99.62111111110426,False,7.777777777777828,True,True,2026-03-15 07:32:51.136,29.92,29.92,29.92,29.92,False,228.0,5.147472642001124,True,False,2026-03-15 07:32:51.216,30.0,120.0,False,False,False
china_2026_R_00821,china_2026_R,LIN,COL,2026-03-15 07:32:22.656,16,ON_TRACK_PASS,race-distance ordering and target DriverAhead both show the swap,11.921944444445217,3.241,-13.688055555554456,False,6.233333333333576,True,True,2026-03-15 07:32:23.456,0.8,0.8,0.8,0.8,False,111.0,,True,False,2026-03-15 07:32:52.656,30.0,120.0,False,False,False
china_2026_R_00822,china_2026_R,BOT,SAI,2026-03-15 07:32:28.176,16,CLOSE_INTERACTION_NO_PASS,"valid close battle, no pairwise order change inside the horizon",97.09527777777885,3.801,-96.86361111111182,False,7.214999999999691,False,False,,,,,,False,120.0,20.82222222222299,True,False,2026-03-15 07:32:58.176,30.0,120.0,False,False,False
china_2026_R_00823,china_2026_R,GAS,RUS,2026-03-15 07:32:30.096,16,ON_TRACK_PASS,race-distance ordering and target DriverAhead both show the swap,20.52694444444387,3.48,-20.52694444444205,False,11.199999999999818,True,True,2026-03-15 07:32:33.976,3.88,3.88,12.92,12.92,False,252.0,-81.00000000000261,True,False,2026-03-15 07:33:00.096,30.0,120.0,False,False,False
china_2026_R_00824,china_2026_R,GAS,HAM,2026-03-15 07:32:33.976,16,CLOSE_INTERACTION_NO_PASS,"valid close battle, no pairwise order change inside the horizon",95.19833333333281,3.8,-95.30111111111182,False,30.800000000000637,False,False,,,,,,False,105.0,,True,False,2026-03-15 07:33:03.976,30.0,120.0,False,False,False
china_2026_R_00825,china_2026_R,HAM,ANT,2026-03-15 07:32:35.776,16,ON_TRACK_PASS,race-distance ordering and target DriverAhead both show the swap,14.000277777778138,18.84,-14.06416666667792,False,7.822222222222081,True,True,2026-03-15 07:32:54.816,19.04,19.04,19.04,19.04,False,170.0,-23.51111111111186,True,False,2026-03-15 07:33:05.776,30.0,120.0,False,False,False
china_2026_R_00826,china_2026_R,VER,BEA,2026-03-15 07:32:39.257,16,ON_TRACK_PASS,race-distance ordering and target DriverAhead both show the swap,17.582777777778574,6.52,-17.845277777771116,False,7.777777777777828,True,True,2026-03-15 07:32:46.057,6.8,6.8,6.8,6.8,False,88.0,,True,False,2026-03-15 07:33:09.257,30.0,120.0,False,False,False
china_2026_R_00827,china_2026_R,BEA,HUL,2026-03-15 07:32:41.256,16,CLOSE_INTERACTION_NO_PASS,"valid close battle, no pairwise order change inside the horizon",11.042499999999109,3.521,-10.863333333327319,False,12.252777777778647,False,False,,,,44.281,,False,110.0,-19.359179589793428,True,False,2026-03-15 07:33:11.256,30.0,120.0,False,False,False
china_2026_R_00828,china_2026_R,ALO,BOT,2026-03-15 07:32:43.016,16,ON_TRACK_PASS,race-distance ordering and target DriverAhead both show the swap,56.44555555555735,4.88,-56.599444444451365,False,1.6000000000003638,True,True,2026-03-15 07:32:51.737,8.721,8.721,8.721,8.721,False,94.0,,True,False,2026-03-15 07:33:13.016,30.0,120.0,False,False,False
china_2026_R_00829,china_2026_R,SAI,VER,2026-03-15 07:32:43.856,16,ON_TRACK_PASS,race-distance ordering and target DriverAhead both show the swap,31.225277777777592,11.52,-31.141388888878282,False,13.457222222222299,True,True,2026-03-15 07:33:01.856,18.0,18.0,18.0,18.0,False,89.0,,True,False,2026-03-15 07:33:13.856,30.0,120.0,False,False,False
china_2026_R_00830,china_2026_R,VER,LAW,2026-03-15 07:32:44.777,16,ON_TRACK_PASS,race-distance ordering and target DriverAhead both show the swap,14.858888888885758,10.599,-15.610000000000582,False,13.099999999999909,True,True,2026-03-15 07:32:55.776,10.999,10.999,10.999,10.999,False,151.0,-53.27035830618802,True,False,2026-03-15 07:33:14.777,30.0,120.0,False,False,False
china_2026_R_00831,china_2026_R,OCO,RUS,2026-03-15 07:32:45.017,16,CLOSE_INTERACTION_NO_PASS,"valid close battle, no pairwise order change inside the horizon",52.231388888891615,12.079,-51.92027777778276,False,2.8888888888891415,False,False,,,,,,False,264.0,,True,False,2026-03-15 07:33:15.017,30.0,120.0,False,False,False
china_2026_R_00832,china_2026_R,BEA,SAI,2026-03-15 07:32:47.096,16,CLOSE_INTERACTION_NO_PASS,"valid close battle, no pairwise order change inside the horizon",11.581111111111113,14.0,-11.402499999996508,False,21.33333333333394,False,False,,,,41.88,,False,185.0,,True,False,2026-03-15 07:33:17.096,30.0,120.0,False,False,False
china_2026_R_00833,china_2026_R,LIN,OCO,2026-03-15 07:32:47.736,16,UNCERTAIN,"only one of the two order-change signals fired (distance=True, driver_ahead=False)",55.81166666666559,12.121,-56.122777777782176,False,56.22222222222081,True,False,2026-03-15 07:33:00.136,12.4,12.4,113.161,113.161,True,291.0,,True,False,2026-03-15 07:33:17.736,30.0,120.0,False,False,False
china_2026_R_00834,china_2026_R,GAS,LIN,2026-03-15 07:32:48.136,16,CLOSE_INTERACTION_NO_PASS,"valid close battle, no pairwise order change inside the horizon",11.932777777773936,3.0,-11.932777777765295,False,12.566666666666151,False,False,,,,,,False,283.0,-72.39999999999827,True,False,2026-03-15 07:33:18.136,30.0,120.0,False,False,False
china_2026_R_00835,china_2026_R,ALO,PER,2026-03-15 07:32:49.736,16,ON_TRACK_PASS,race-distance ordering and target DriverAhead both show the swap,11.059722222222717,16.401,-11.465555555550964,False,5.888888888889596,True,True,2026-03-15 07:33:08.656,18.92,18.92,18.92,18.92,False,165.0,-23.775000000000887,True,False,2026-03-15 07:33:19.736,30.0,120.0,False,False,False
china_2026_R_00836,china_2026_R,HAD,HUL,2026-03-15 07:32:54.416,16,ON_TRACK_PASS,race-distance ordering and target DriverAhead both show the swap,68.09361111111048,7.04,-68.152222222212,False,19.5,True,True,2026-03-15 07:33:01.856,7.44,7.44,7.44,7.44,False,321.0,,True,False,2026-03-15 07:33:24.416,30.0,120.0,False,False,False
china_2026_R_00837,china_2026_R,SAI,LAW,2026-03-15 07:32:55.776,16,ON_TRACK_PASS,race-distance ordering and target DriverAhead both show the swap,63.469166666662204,6.92,-64.13638888888818,False,13.219166666665842,True,True,2026-03-15 07:33:03.136,7.36,7.36,7.36,7.36,False,315.0,,True,False,2026-03-15 07:33:25.776,30.0,120.0,False,False,False
china_2026_R_00838,china_2026_R,VER,HAD,2026-03-15 07:32:57.096,16,CLOSE_INTERACTION_NO_PASS,"valid close battle, no pairwise order change inside the horizon",85.35777777777639,3.76,-85.38250000000698,False,4.533333333332848,False,False,,,,31.88,,False,326.0,,True,False,2026-03-15 07:33:27.096,30.0,120.0,False,False,False
china_2026_R_00839,china_2026_R,RUS,LEC,2026-03-15 07:33:02.216,16,ON_TRACK_PASS,race-distance ordering and target DriverAhead both show the swap,12.313055555555366,11.001,-12.79277777778043,False,17.444444444444343,True,True,2026-03-15 07:33:22.296,20.08,20.08,21.36,21.36,False,148.0,-46.99999999999818,True,False,2026-03-15 07:33:32.216,30.0,120.0,False,False,False
china_2026_R_00840,china_2026_R,COL,RUS,2026-03-15 07:33:03.136,16,CLOSE_INTERACTION_NO_PASS,"valid close battle, no pairwise order change inside the horizon",15.89583333333303,6.92,-14.129722222220153,False,3.7888888888892325,False,False,,,,,,False,136.0,,True,False,2026-03-15 07:33:33.136,30.0,120.0,False,False,False
china_2026_R_00841,china_2026_R,SAI,OCO,2026-03-15 07:33:03.296,16,ON_TRACK_PASS,race-distance ordering and target DriverAhead both show the swap,70.56916666666257,4.16,-70.79638888889167,False,18.399999999999636,True,True,2026-03-15 07:33:04.617,1.321,1.321,1.321,1.321,False,104.0,,True,False,2026-03-15 07:33:33.296,30.0,120.0,False,False,False
china_2026_R_00842,china_2026_R,OCO,COL,2026-03-15 07:33:05.737,16,UNCERTAIN,"only one of the two order-change signals fired (distance=True, driver_ahead=False)",10.354444444452383,30.319,-11.809444444457768,False,18.21027777776918,True,False,2026-03-15 07:33:16.376,10.639,10.639,91.88,91.88,True,204.0,-11.83359914938805,True,False,2026-03-15 07:33:35.737,30.0,120.0,False,False,False
china_2026_R_00843,china_2026_R,GAS,HUL,2026-03-15 07:33:05.737,16,ON_TRACK_PASS,race-distance ordering and target DriverAhead both show the swap,84.34277777777606,7.48,-84.42611111111182,False,12.33333333333394,True,True,2026-03-15 07:33:13.656,7.9190000000000005,7.9190000000000005,7.9190000000000005,7.9190000000000005,False,88.0,,True,False,2026-03-15 07:33:35.737,30.0,120.0,False,False,False
china_2026_R_00844,china_2026_R,VER,GAS,2026-03-15 07:33:06.137,16,ON_TRACK_PASS,race-distance ordering and target DriverAhead both show the swap,21.72194444444358,7.08,-21.721944444449036,False,12.888888888889596,True,True,2026-03-15 07:33:19.417,13.28,13.999,13.28,13.999,False,209.0,-116.00000000000637,True,False,2026-03-15 07:33:36.137,30.0,120.0,False,False,False
china_2026_R_00845,china_2026_R,ALO,BEA,2026-03-15 07:33:06.297,16,ON_TRACK_PASS,race-distance ordering and target DriverAhead both show the swap,81.38444444444394,6.92,-81.48527777777053,False,13.766666666665515,True,True,2026-03-15 07:33:09.256,2.959,2.959,2.959,2.959,False,147.0,,True,False,2026-03-15 07:33:36.297,30.0,120.0,False,False,False
china_2026_R_00846,china_2026_R,SAI,HAD,2026-03-15 07:33:07.696,16,ON_TRACK_PASS,race-distance ordering and target DriverAhead both show the swap,54.96194444444245,11.721,-54.90277777776646,False,7.5744444444444525,True,True,2026-03-15 07:33:12.737,5.041,5.041,5.041,5.041,False,63.0,,True,False,2026-03-15 07:33:37.696,30.0,120.0,False,False,False
china_2026_R_00847,china_2026_R,HAD,OCO,2026-03-15 07:33:08.096,16,ON_TRACK_PASS,race-distance ordering and target DriverAhead both show the swap,19.63499999999567,5.56,-19.92138888889167,False,20.944444444444343,True,True,2026-03-15 07:33:26.497,18.401,18.401,28.92,28.92,False,220.0,-149.0000000000009,True,False,2026-03-15 07:33:38.096,30.0,120.0,False,False,False
china_2026_R_00848,china_2026_R,HUL,SAI,2026-03-15 07:33:08.976,16,CLOSE_INTERACTION_NO_PASS,"valid close battle, no pairwise order change inside the horizon; the pair did swap 94.2 s after t0, outside it",96.40222222222201,3.521,-96.40277777778101,False,7.822222222221171,False,False,,,64.201,94.16,94.16,True,142.0,72.06250000000011,True,False,2026-03-15 07:33:38.976,30.0,120.0,False,False,False
china_2026_R_00849,china_2026_R,PER,ALO,2026-03-15 07:33:08.976,16,ON_TRACK_PASS,race-distance ordering and target DriverAhead both show the swap,26.421944444447945,12.24,-26.01611111110833,False,23.48888888888905,True,True,2026-03-15 07:33:16.376,7.4,7.4,7.4,7.4,False,312.0,-234.00000000000205,True,False,2026-03-15 07:33:38.976,30.0,120.0,False,False,False
china_2026_R_00850,china_2026_R,HAD,LAW,2026-03-15 07:33:13.816,16,ON_TRACK_PASS,race-distance ordering and target DriverAhead both show the swap,62.847499999998035,6.32,-63.57388888888818,False,6.84444444444398,True,True,2026-03-15 07:33:31.417,17.601,17.601,17.841,17.841,False,149.0,,True,False,2026-03-15 07:33:43.816,30.0,120.0,False,False,False
china_2026_R_00851,china_2026_R,BEA,OCO,2026-03-15 07:33:16.376,17,CLOSE_INTERACTION_NO_PASS,"valid close battle, no pairwise order change inside the horizon; the pair did swap 57.7 s after t0, outside it",94.49722222222226,8.961,-94.55194444445078,False,10.400000000000034,False,False,,,57.68,57.68,57.68,True,295.0,,True,False,2026-03-15 07:33:46.376,30.0,120.0,False,False,False
china_2026_R_00852,china_2026_R,LIN,BEA,2026-03-15 07:33:16.856,17,INVALID,"race state not green at t0 (TrackStatus=12, freeze=False)",48.975555555555545,8.481,-48.9777777777781,False,7.699999999999989,True,True,2026-03-15 07:33:25.537,8.681000000000001,8.681000000000001,8.681000000000001,8.681000000000001,False,291.0,,False,False,2026-03-15 07:33:46.856,30.0,120.0,False,False,False
china_2026_R_00853,china_2026_R,LEC,HAM,2026-03-15 07:33:19.417,17,CLOSE_INTERACTION_NO_PASS,"valid close battle, no pairwise order change inside the horizon",95.24805555555554,9.319,-95.02305555556086,False,14.399999999999977,False,False,,,,,,False,146.0,81.96408120770458,True,False,2026-03-15 07:33:49.417,30.0,120.0,False,False,False
china_2026_R_00854,china_2026_R,VER,LIN,2026-03-15 07:33:20.136,17,INVALID,"race state not green at t0 (TrackStatus=12, freeze=False)",99.85249999999994,4.481,-99.31638888889574,False,8.599999999999909,False,False,,,,97.201,,False,305.0,12.999999999999451,False,False,2026-03-15 07:33:50.136,30.0,120.0,False,False,False
china_2026_R_00855,china_2026_R,HAD,SAI,2026-03-15 07:33:20.856,17,INVALID,"race state not green at t0 (TrackStatus=12, freeze=False)",56.48277777777777,9.36,-56.49277777777752,False,4.533333333333303,True,True,2026-03-15 07:33:30.536,9.68,9.68,9.68,9.68,False,281.0,,False,False,2026-03-15 07:33:50.856,30.0,120.0,False,False,False
china_2026_R_00856,china_2026_R,HUL,VER,2026-03-15 07:33:21.216,17,INVALID,"race state not green at t0 (TrackStatus=12, freeze=False)",11.417222222222222,3.401,-11.823333333333721,False,9.133888888888919,True,True,2026-03-15 07:33:24.817,3.601,3.601,3.601,3.601,False,321.0,-28.727065959059964,False,False,2026-03-15 07:33:51.216,30.0,120.0,False,False,False
china_2026_R_00857,china_2026_R,PER,BOT,2026-03-15 07:33:23.576,17,INVALID,"race state not green at t0 (TrackStatus=12, freeze=False)",73.13583333333334,21.601,-73.2997222222184,False,7.199999999999989,False,False,,,68.641,68.641,68.641,True,290.0,,False,False,2026-03-15 07:33:53.576,30.0,120.0,False,False,False
china_2026_R_00858,china_2026_R,LIN,OCO,2026-03-15 07:33:25.537,17,INVALID,"race state not green at t0 (TrackStatus=12, freeze=False)",36.267777777777724,8.679,-36.32472222222714,False,5.870833333333394,False,False,,,75.36,75.36,75.36,True,118.0,,False,False,2026-03-15 07:33:55.537,30.0,120.0,False,False,False
china_2026_R_00859,china_2026_R,VER,BEA,2026-03-15 07:33:26.497,17,INVALID,"race state not green at t0 (TrackStatus=12, freeze=False)",54.63777777777807,7.719,-54.103888888901565,False,13.43333333333328,True,True,2026-03-15 07:33:45.817,19.32,19.32,19.32,19.32,False,123.0,,False,False,2026-03-15 07:33:56.497,30.0,120.0,False,False,False
china_2026_R_00860,china_2026_R,BOT,GAS,2026-03-15 07:33:27.776,17,INVALID,"race state not green at t0 (TrackStatus=12, freeze=False)",99.51777777777778,17.401,-99.18277777777985,False,21.333333333333428,True,True,2026-03-15 07:33:45.537,17.761,17.761,17.761,17.761,False,155.0,140.15804434337687,False,False,2026-03-15 07:33:57.776,30.0,120.0,False,False,False
china_2026_R_00861,china_2026_R,ALO,PER,2026-03-15 07:33:30.016,17,INVALID,"race state not green at t0 (TrackStatus=12, freeze=False)",95.79500000000002,22.321,-95.43944444444787,False,13.999999999999773,True,True,2026-03-15 07:33:52.697,22.681,22.681,22.681,22.681,False,197.0,70.93749999999955,False,False,2026-03-15 07:34:00.016,30.0,120.0,False,False,False
china_2026_R_00862,china_2026_R,SAI,LAW,2026-03-15 07:33:30.016,17,INVALID,"race state not green at t0 (TrackStatus=12, freeze=False)",72.43916666666678,3.84,-72.4291666666686,False,10.44444444444457,False,False,,,72.92,72.92,72.92,True,304.0,,False,False,2026-03-15 07:34:00.016,30.0,120.0,False,False,False
china_2026_R_00863,china_2026_R,HAM,ANT,2026-03-15 07:33:30.536,17,CLOSE_INTERACTION_NO_PASS,"valid close battle, no pairwise order change inside the horizon",72.8236111111114,8.761,-72.77027777777403,False,12.177777777777692,False,False,,,,,,False,238.0,,True,False,2026-03-15 07:34:00.536,30.0,120.0,False,False,False
china_2026_R_00864,china_2026_R,LEC,RUS,2026-03-15 07:33:31.417,17,CLOSE_INTERACTION_NO_PASS,"valid close battle, no pairwise order change inside the horizon",75.62083333333328,7.88,-75.62222222221317,False,9.600000000000136,False,False,,,,78.76,,False,110.0,,True,False,2026-03-15 07:34:01.417,30.0,120.0,False,False,False
china_2026_R_00865,china_2026_R,HAD,HUL,2026-03-15 07:33:31.657,17,INVALID,"race state not green at t0 (TrackStatus=12, freeze=False)",14.268611111111682,5.359,-14.398611111115315,False,5.444444444444571,False,False,,,72.16,75.48,75.48,True,92.0,,False,False,2026-03-15 07:34:01.657,30.0,120.0,False,False,False
china_2026_R_00866,china_2026_R,LAW,HAD,2026-03-15 07:33:31.657,17,INVALID,"race state not green at t0 (TrackStatus=12, freeze=False)",11.014166666666029,6.04,-11.014166666660458,False,3.566666666666606,True,True,2026-03-15 07:33:38.137,6.48,6.48,6.48,6.48,False,315.0,,False,False,2026-03-15 07:34:01.657,30.0,120.0,False,False,False
china_2026_R_00867,china_2026_R,OCO,COL,2026-03-15 07:33:38.137,17,CLOSE_INTERACTION_NO_PASS,"valid close battle, no pairwise order change inside the horizon; the pair did swap 59.5 s after t0, outside it",27.45166666666637,7.68,-27.39472222221957,False,5.622222222222035,False,False,,,59.48,59.48,59.48,True,277.0,,True,False,2026-03-15 07:34:08.137,30.0,120.0,False,False,False
china_2026_R_00868,china_2026_R,HUL,OCO,2026-03-15 07:33:38.497,17,INVALID,"race state not green at t0 (TrackStatus=12, freeze=False)",15.598333333333358,4.039,-15.525277777778683,False,10.200000000000045,True,True,2026-03-15 07:33:42.856,4.359,4.359,4.359,4.359,False,261.0,-82.99999999999955,False,False,2026-03-15 07:34:08.497,30.0,120.0,False,False,False
china_2026_R_00869,china_2026_R,SAI,VER,2026-03-15 07:33:40.976,17,INVALID,"race state not green at t0 (TrackStatus=12, freeze=False)",11.355277777777474,4.201,-11.88138888888352,False,5.866666666666561,True,True,2026-03-15 07:33:45.537,4.561,4.561,4.841,4.841,False,256.0,-46.13333333333185,False,False,2026-03-15 07:34:10.976,30.0,120.0,False,False,False
china_2026_R_00870,china_2026_R,HUL,LEC,2026-03-15 07:33:43.016,17,INVALID,"race state not green at t0 (TrackStatus=12, freeze=False)",82.06888888888852,4.12,-82.30277777777519,False,23.800000000000182,False,False,,,82.041,,,False,116.0,,False,False,2026-03-15 07:34:13.016,30.0,120.0,False,False,False
china_2026_R_00871,china_2026_R,LAW,HUL,2026-03-15 07:33:44.177,17,INVALID,"race state not green at t0 (TrackStatus=12, freeze=False)",64.04888888888831,8.16,-64.1788888888841,False,9.565833333333558,False,False,,,,,,False,270.0,,False,False,2026-03-15 07:34:14.177,30.0,120.0,False,False,False
china_2026_R_00872,china_2026_R,COL,LAW,2026-03-15 07:33:44.577,17,ON_TRACK_PASS,race-distance ordering and target DriverAhead both show the swap,23.62138888888944,4.359,-23.62138888888876,False,15.444444444444343,True,True,2026-03-15 07:33:49.376,4.799,4.799,4.799,4.799,False,280.0,-207.40000000000032,True,False,2026-03-15 07:34:14.577,30.0,120.0,False,False,False
china_2026_R_00873,china_2026_R,SAI,HAD,2026-03-15 07:33:47.976,17,INVALID,"race state not green at t0 (TrackStatus=12, freeze=False)",10.808055555553437,5.081,-10.798055555555038,False,10.399999999999864,True,True,2026-03-15 07:33:53.377,5.401,5.401,5.401,5.401,False,196.0,-91.00000000000182,False,False,2026-03-15 07:34:17.976,30.0,120.0,False,False,False
china_2026_R_00874,china_2026_R,GAS,ALO,2026-03-15 07:33:48.936,17,ON_TRACK_PASS,race-distance ordering and target DriverAhead both show the swap,12.420833333333803,4.441,-12.947500000009313,False,30.288888888889687,True,True,2026-03-15 07:33:53.697,4.761,4.761,4.761,4.761,False,253.0,-120.99999999999909,True,False,2026-03-15 07:34:18.936,30.0,120.0,False,False,False
china_2026_R_00875,china_2026_R,ALO,BOT,2026-03-15 07:33:52.697,17,INVALID,"race state not green at t0 (TrackStatus=12, freeze=False)",61.400555555555684,3.679,-61.20888888888294,False,20.28555555555522,False,False,,,40.08,40.08,40.08,True,77.0,,False,False,2026-03-15 07:34:22.697,30.0,120.0,False,False,False
china_2026_R_00876,china_2026_R,LIN,LAW,2026-03-15 07:33:52.697,17,INVALID,"race state not green at t0 (TrackStatus=12, freeze=False)",24.922222222222217,5.0,-24.922222222216078,False,1.7777777777778283,False,False,,,40.72,40.72,40.72,True,202.0,,False,False,2026-03-15 07:34:22.697,30.0,120.0,False,False,False
china_2026_R_00877,china_2026_R,VER,LIN,2026-03-15 07:33:52.697,17,INVALID,"race state not green at t0 (TrackStatus=12, freeze=False)",55.32527777777818,7.76,-54.78916666666919,False,5.866666666666788,False,False,,,,64.64,,False,241.0,,False,False,2026-03-15 07:34:22.697,30.0,120.0,False,False,False
china_2026_R_00878,china_2026_R,BEA,HUL,2026-03-15 07:33:52.697,17,ON_TRACK_PASS,race-distance ordering and target DriverAhead both show the swap,44.76305555555632,5.0,-44.89083333333838,False,3.800000000000182,True,True,2026-03-15 07:34:19.057,26.36,26.36,26.36,26.36,False,219.0,,True,False,2026-03-15 07:34:22.697,30.0,120.0,False,False,False
china_2026_R_00879,china_2026_R,RUS,HAM,2026-03-15 07:33:52.697,17,ON_TRACK_PASS,race-distance ordering and target DriverAhead both show the swap,96.05083333333414,9.959,-95.82444444444263,False,15.15555555555602,True,True,2026-03-15 07:34:09.896,17.199,17.199,17.199,17.199,False,171.0,53.55102040816328,True,False,2026-03-15 07:34:22.697,30.0,120.0,False,False,False
china_2026_R_00880,china_2026_R,HAD,SAI,2026-03-15 07:33:54.576,17,INVALID,"race state not green at t0 (TrackStatus=12, freeze=False)",11.589444444446372,8.84,-11.599444444451365,False,2.8111111111111313,True,True,2026-03-15 07:34:03.696,9.12,9.12,9.12,9.12,False,239.0,-27.961634695579363,False,False,2026-03-15 07:34:24.576,30.0,120.0,False,False,False
china_2026_R_00881,china_2026_R,LIN,BEA,2026-03-15 07:33:57.897,17,INVALID,"race state not green at t0 (TrackStatus=12, freeze=False)",25.243055555555202,8.4,-25.245277777779847,False,4.8888888888891415,False,False,,,42.76,42.76,42.76,True,191.0,,False,False,2026-03-15 07:34:27.897,30.0,120.0,False,False,False
china_2026_R_00882,china_2026_R,PER,GAS,2026-03-15 07:34:03.696,17,INVALID,"race state not green at t0 (TrackStatus=12, freeze=False)",92.3075000000008,4.88,-92.13638888888818,False,10.300000000000182,True,True,2026-03-15 07:34:20.137,16.441,16.441,16.441,16.441,False,140.0,,False,False,2026-03-15 07:34:33.696,30.0,120.0,False,False,False
china_2026_R_00883,china_2026_R,GAS,BOT,2026-03-15 07:34:03.937,17,ON_TRACK_PASS,race-distance ordering and target DriverAhead both show the swap,11.332499999999527,7.52,-11.667499999995925,False,12.599999999999909,True,True,2026-03-15 07:34:11.897,7.96,7.96,7.96,7.96,False,219.0,-93.0000000000012,True,False,2026-03-15 07:34:33.937,30.0,120.0,False,False,False
china_2026_R_00884,china_2026_R,OCO,COL,2026-03-15 07:34:08.576,17,ON_TRACK_PASS,race-distance ordering and target DriverAhead both show the swap,40.97083333333376,8.16,-40.913888888884685,False,6.299999999999727,True,True,2026-03-15 07:34:37.617,29.041,29.041,29.041,29.041,False,257.0,,True,False,2026-03-15 07:34:38.576,30.0,120.0,False,False,False
china_2026_R_00885,china_2026_R,HUL,OCO,2026-03-15 07:34:09.056,17,INVALID,"race state not green at t0 (TrackStatus=12, freeze=False)",10.82972222221997,3.521,-10.756666666653473,False,12.555555555555657,True,True,2026-03-15 07:34:12.857,3.801,3.801,3.801,3.801,False,246.0,-79.75000000000252,False,False,2026-03-15 07:34:39.056,30.0,120.0,False,False,False
china_2026_R_00886,china_2026_R,PER,ALO,2026-03-15 07:34:10.937,17,INVALID,"race state not green at t0 (TrackStatus=12, freeze=False)",11.179166666667697,4.079,-11.534722222218988,False,5.5,True,True,2026-03-15 07:34:15.496,4.559,4.559,4.559,4.559,False,171.0,-20.242955874534942,False,False,2026-03-15 07:34:40.937,30.0,120.0,False,False,False
china_2026_R_00887,china_2026_R,SAI,VER,2026-03-15 07:34:11.097,17,INVALID,"race state not green at t0 (TrackStatus=12, freeze=False)",10.78916666666646,4.399,-11.31527777777228,False,19.199999999999363,True,True,2026-03-15 07:34:15.896,4.799,4.799,4.799,4.799,False,240.0,-65.599999999999,False,False,2026-03-15 07:34:41.097,30.0,120.0,False,False,False
china_2026_R_00888,china_2026_R,BOT,GAS,2026-03-15 07:34:11.897,17,INVALID,"race state not green at t0 (TrackStatus=12, freeze=False)",17.375277777777683,5.24,-17.0402777777781,False,16.77777777777783,True,True,2026-03-15 07:34:17.337,5.44,5.44,5.44,5.44,False,261.0,,False,False,2026-03-15 07:34:41.897,30.0,120.0,False,False,False
china_2026_R_00889,china_2026_R,HAM,ANT,2026-03-15 07:34:12.297,17,CLOSE_INTERACTION_NO_PASS,"valid close battle, no pairwise order change inside the horizon",39.93361111111244,23.159,-39.88027777777461,False,19.423611111110404,False,False,,,,,,False,169.0,,True,False,2026-03-15 07:34:42.297,30.0,120.0,False,False,False
china_2026_R_00890,china_2026_R,HUL,LEC,2026-03-15 07:34:13.537,17,INVALID,"race state not green at t0 (TrackStatus=12, freeze=False)",89.073333333331,4.12,-89.30722222222539,False,12.809722222222263,False,False,,,51.52,,,False,113.0,,False,False,2026-03-15 07:34:43.537,30.0,120.0,False,False,False
china_2026_R_00891,china_2026_R,LIN,OCO,2026-03-15 07:34:14.056,17,INVALID,"race state not green at t0 (TrackStatus=12, freeze=False)",30.809722222218625,4.561,-30.866666666668607,False,8.004722222221972,True,True,2026-03-15 07:34:40.897,26.841,26.841,26.841,26.841,False,85.0,,False,False,2026-03-15 07:34:44.056,30.0,120.0,False,False,False
china_2026_R_00892,china_2026_R,BEA,LAW,2026-03-15 07:34:14.256,17,ON_TRACK_PASS,race-distance ordering and target DriverAhead both show the swap,10.280833333332794,3.721,-10.27861111110542,False,17.48888888888905,True,True,2026-03-15 07:34:18.377,4.121,4.121,4.121,4.121,False,262.0,-79.99999999999,True,False,2026-03-15 07:34:44.256,30.0,120.0,False,False,False
china_2026_R_00893,china_2026_R,LAW,HUL,2026-03-15 07:34:14.576,17,INVALID,"race state not green at t0 (TrackStatus=12, freeze=False)",57.033055555556075,18.561,-57.16305555556028,False,10.808055555555256,False,False,,,,,,False,265.0,,False,False,2026-03-15 07:34:44.576,30.0,120.0,False,False,False
china_2026_R_00894,china_2026_R,LEC,RUS,2026-03-15 07:34:14.736,17,CLOSE_INTERACTION_NO_PASS,"valid close battle, no pairwise order change inside the horizon",99.87888888888983,18.681,-99.88027777777461,False,6.133333333333667,False,False,,,,35.441,,False,108.0,9.315593400743866,True,False,2026-03-15 07:34:44.736,30.0,120.0,False,False,False
china_2026_R_00895,china_2026_R,ALO,PER,2026-03-15 07:34:16.456,17,INVALID,"race state not green at t0 (TrackStatus=12, freeze=False)",12.141666666665515,5.4,-11.786111111112405,False,13.811111111111131,True,True,2026-03-15 07:34:22.136,5.68,5.68,5.68,5.68,False,216.0,-41.49999999999977,False,False,2026-03-15 07:34:46.456,30.0,120.0,False,False,False
china_2026_R_00896,china_2026_R,SAI,HAD,2026-03-15 07:34:17.977,17,INVALID,"race state not green at t0 (TrackStatus=12, freeze=False)",13.42583333333323,9.799,-13.415833333332557,False,8.82777777777801,True,True,2026-03-15 07:34:28.096,10.119,10.119,10.119,10.119,False,208.0,-92.00000000000159,False,False,2026-03-15 07:34:47.977,30.0,120.0,False,False,False
china_2026_R_00897,china_2026_R,LIN,SAI,2026-03-15 07:34:18.857,17,INVALID,"race state not green at t0 (TrackStatus=12, freeze=False)",43.50222222222101,4.359,-43.512222222212586,False,6.233333333333121,True,True,2026-03-15 07:34:23.537,4.68,4.68,4.68,4.68,False,98.0,,False,False,2026-03-15 07:34:48.857,30.0,120.0,False,False,False
china_2026_R_00898,china_2026_R,GAS,PER,2026-03-15 07:34:20.377,17,ON_TRACK_PASS,race-distance ordering and target DriverAhead both show the swap,17.5252777777755,6.8,-17.69638888888585,False,13.266666666666879,True,True,2026-03-15 07:34:27.616,7.239,7.239,7.239,7.239,False,255.0,-160.99999999999682,True,False,2026-03-15 07:34:50.377,30.0,120.0,False,False,False
china_2026_R_00899,china_2026_R,VER,SAI,2026-03-15 07:34:23.537,17,INVALID,"race state not green at t0 (TrackStatus=12, freeze=False)",65.99972222222277,5.439,-65.4736111111124,False,17.111111111111768,True,True,2026-03-15 07:34:29.176,5.639,5.639,5.639,5.639,False,123.0,,False,False,2026-03-15 07:34:53.537,30.0,120.0,False,False,False
china_2026_R_00900,china_2026_R,LIN,LAW,2026-03-15 07:34:24.537,17,INVALID,"race state not green at t0 (TrackStatus=12, freeze=False)",80.6719444444434,8.6,-80.67194444444613,False,5.243611111111022,True,True,2026-03-15 07:34:33.417,8.88,8.88,8.88,8.88,False,175.0,,False,False,2026-03-15 07:34:54.537,30.0,120.0,False,False,False
china_2026_R_00901,china_2026_R,HAD,LIN,2026-03-15 07:34:24.737,17,INVALID,"race state not green at t0 (TrackStatus=12, freeze=False)",11.448888888887723,3.039,-11.448888888888177,False,10.24333333333243,False,False,,,,43.799,,False,219.0,-93.00000000000546,False,False,2026-03-15 07:34:54.737,30.0,120.0,False,False,False
china_2026_R_00902,china_2026_R,HUL,BEA,2026-03-15 07:34:26.297,17,INVALID,"race state not green at t0 (TrackStatus=12, freeze=False)",50.43666666666513,13.32,-50.30888888888876,False,42.60000000000127,True,True,2026-03-15 07:34:39.857,13.56,13.56,13.56,13.56,False,182.0,,False,False,2026-03-15 07:34:56.297,30.0,120.0,False,False,False
china_2026_R_00903,china_2026_R,BEA,OCO,2026-03-15 07:34:26.697,17,CLOSE_INTERACTION_NO_PASS,"valid close battle, no pairwise order change inside the horizon",15.505555555555475,14.2,-15.560277777767624,False,11.666666666667425,False,False,,,85.72,,,False,287.0,-105.00000000000682,True,False,2026-03-15 07:34:56.697,30.0,120.0,False,False,False
china_2026_R_00904,china_2026_R,HAD,SAI,2026-03-15 07:34:30.937,17,INVALID,"race state not green at t0 (TrackStatus=12, freeze=False)",10.604444444441924,10.919,-10.61444444443623,False,2.3111111111129503,True,True,2026-03-15 07:34:43.817,12.88,12.88,12.88,12.88,False,283.0,-13.181147075523663,False,False,2026-03-15 07:35:00.937,30.0,120.0,False,False,False
china_2026_R_00905,china_2026_R,VER,LAW,2026-03-15 07:34:33.417,17,INVALID,"race state not green at t0 (TrackStatus=12, freeze=False)",99.0194444444437,6.44,-98.48333333333721,False,8.733333333332666,False,False,,,,106.4,,False,307.0,,False,False,2026-03-15 07:35:03.417,30.0,120.0,False,False,False
china_2026_R_00906,china_2026_R,LIN,HUL,2026-03-15 07:34:33.417,17,INVALID,"race state not green at t0 (TrackStatus=12, freeze=False)",82.35583333333398,7.48,-82.48583333333954,False,45.9333333333343,True,True,2026-03-15 07:34:41.256,7.839,7.839,7.839,7.839,False,318.0,,False,False,2026-03-15 07:35:03.417,30.0,120.0,False,False,False
china_2026_R_00907,china_2026_R,RUS,ANT,2026-03-15 07:34:33.777,17,ON_TRACK_PASS,race-distance ordering and target DriverAhead both show the swap,36.9266666666681,3.84,-36.646944444437395,False,14.800000000000182,True,True,2026-03-15 07:34:35.296,1.5190000000000001,1.5190000000000001,1.5190000000000001,1.5190000000000001,False,87.0,,True,False,2026-03-15 07:35:03.777,30.0,120.0,False,False,False
china_2026_R_00908,china_2026_R,HAM,RUS,2026-03-15 07:34:34.177,17,ON_TRACK_PASS,race-distance ordering and target DriverAhead both show the swap,19.405277777777883,3.44,-19.631666666668025,False,20.255555555553656,True,True,2026-03-15 07:34:37.937,3.76,3.76,3.76,3.76,False,225.0,-157.40000000000146,True,False,2026-03-15 07:35:04.177,30.0,120.0,False,False,False
china_2026_R_00909,china_2026_R,LAW,LIN,2026-03-15 07:34:34.616,17,INVALID,"race state not green at t0 (TrackStatus=12, freeze=False)",10.47388888889327,5.241,-10.473888888896909,False,3.1777777777770098,False,False,,,,91.201,,False,333.0,-26.433694745626095,False,False,2026-03-15 07:35:04.616,30.0,120.0,False,False,False
china_2026_R_00910,china_2026_R,RUS,HAM,2026-03-15 07:34:38.457,17,UNCERTAIN,"only one of the two order-change signals fired (distance=True, driver_ahead=False)",19.341111111114515,7.2,-19.114722222220735,False,13.300000000000182,True,False,2026-03-15 07:34:58.777,20.32,20.32,,,False,206.0,-130.84615384615762,True,False,2026-03-15 07:35:08.457,30.0,120.0,False,False,False
china_2026_R_00911,china_2026_R,COL,BEA,2026-03-15 07:34:38.457,17,ON_TRACK_PASS,race-distance ordering and target DriverAhead both show the swap,26.85555555555129,4.679,-26.857777777782758,False,22.400000000000546,True,True,2026-03-15 07:34:43.817,5.36,5.36,5.36,5.36,False,316.0,-224.00000000000549,True,False,2026-03-15 07:35:08.457,30.0,120.0,False,False,False
china_2026_R_00912,china_2026_R,COL,OCO,2026-03-15 07:34:44.817,17,ON_TRACK_PASS,race-distance ordering and target DriverAhead both show the swap,50.3202777777733,6.32,-50.377222222217824,False,5.775833333333139,True,True,2026-03-15 07:34:51.457,6.64,6.64,6.64,6.64,False,208.0,,True,False,2026-03-15 07:35:14.817,30.0,120.0,False,False,False
china_2026_R_00913,china_2026_R,BEA,COL,2026-03-15 07:34:45.257,17,UNCERTAIN,"only one of the two order-change signals fired (distance=True, driver_ahead=False)",24.01833333333616,5.88,-24.016111111122882,False,18.0222222222219,True,False,2026-03-15 07:35:04.217,18.96,18.96,,,False,228.0,-50.61111111111132,True,False,2026-03-15 07:35:15.257,30.0,120.0,False,False,False
china_2026_R_00914,china_2026_R,LIN,HAM,2026-03-15 07:34:46.017,17,INVALID,"race state not green at t0 (TrackStatus=12, freeze=False)",77.65333333332728,3.76,-77.79222222221142,False,8.933333333333394,True,False,2026-03-15 07:35:00.057,14.04,14.04,,,False,272.0,,False,False,2026-03-15 07:35:16.017,30.0,120.0,False,False,False
china_2026_R_00915,china_2026_R,RUS,LIN,2026-03-15 07:34:46.017,17,ON_TRACK_PASS,race-distance ordering and target DriverAhead both show the swap,12.938333333341689,3.76,-12.57305555556377,False,12.088888888889414,True,True,2026-03-15 07:34:51.457,5.44,5.44,5.44,5.44,False,333.0,,True,False,2026-03-15 07:35:16.017,30.0,120.0,False,False,False
china_2026_R_00916,china_2026_R,GAS,VER,2026-03-15 07:34:47.617,17,UNCERTAIN,"only one of the two order-change signals fired (distance=False, driver_ahead=True)",97.85527777777133,7.159,-98.39138888887828,False,13.43861111111164,False,True,2026-03-15 07:34:57.337,9.72,93.24,9.72,93.24,True,208.0,115.51020408163062,True,False,2026-03-15 07:35:17.617,30.0,120.0,False,False,False
china_2026_R_00917,china_2026_R,LAW,HAD,2026-03-15 07:34:48.736,17,INVALID,"race state not green at t0 (TrackStatus=12, freeze=False)",50.34166666667079,8.961,-50.34166666667443,False,12.955555555554383,True,True,2026-03-15 07:34:57.977,9.241,9.241,17.841,17.841,False,132.0,,False,False,2026-03-15 07:35:18.736,30.0,120.0,False,False,False
china_2026_R_00918,china_2026_R,HAD,HUL,2026-03-15 07:34:49.136,17,INVALID,"race state not green at t0 (TrackStatus=12, freeze=False)",14.531666666666752,9.881,-14.66166666666686,False,9.846111111110986,True,True,2026-03-15 07:34:52.657,3.521,3.521,3.521,3.521,False,222.0,-74.99999999999727,False,False,2026-03-15 07:35:19.136,30.0,120.0,False,False,False
china_2026_R_00919,china_2026_R,SAI,LAW,2026-03-15 07:34:49.136,17,INVALID,"race state not green at t0 (TrackStatus=12, freeze=False)",10.911111111108767,29.801,-10.901111111117643,False,14.065277777781489,False,False,,,,,,False,199.0,-28.625000000000398,False,False,2026-03-15 07:35:19.136,30.0,120.0,False,False,False
china_2026_R_00920,china_2026_R,OCO,COL,2026-03-15 07:34:53.457,18,INVALID,"race state not green at t0 (TrackStatus=12, freeze=False)",34.80027777777778,81.08,-34.58638888889982,False,31.983888888887492,False,False,,,81.28,81.28,81.28,True,278.0,-61.39099999999265,False,False,2026-03-15 07:35:23.457,30.0,120.0,False,False,False
china_2026_R_00921,china_2026_R,GAS,BEA,2026-03-15 07:34:55.496,18,INVALID,"race state not green at t0 (TrackStatus=12, freeze=False)",80.86138888888888,19.92,-80.93472222221317,False,8.400000000000034,False,False,,,82.121,82.121,82.121,True,291.0,,False,False,2026-03-15 07:35:25.496,30.0,120.0,False,False,False
china_2026_R_00922,china_2026_R,LEC,HAM,2026-03-15 07:34:55.656,18,INVALID,"race state not green at t0 (TrackStatus=12, freeze=False)",99.24666666666667,11.801,-98.56388888889342,False,6.066666666666833,False,False,,,,,,False,164.0,87.8514851485149,False,False,2026-03-15 07:35:25.656,30.0,120.0,False,False,False
china_2026_R_00923,china_2026_R,RUS,LEC,2026-03-15 07:34:55.896,18,INVALID,"race state not green at t0 (TrackStatus=12, freeze=False)",95.29805555555572,74.521,-96.03694444445136,False,13.799999999999955,False,False,,,74.801,74.801,74.801,True,207.0,46.2779321845469,False,False,2026-03-15 07:35:25.896,30.0,120.0,False,False,False
china_2026_R_00924,china_2026_R,VER,GAS,2026-03-15 07:34:57.337,18,INVALID,"race state not green at t0 (TrackStatus=21, freeze=False)",55.86638888888889,18.079,-55.69972222222714,False,4.644444444444474,True,True,2026-03-15 07:35:15.616,18.279,18.279,18.279,18.279,False,286.0,,False,False,2026-03-15 07:35:27.337,30.0,120.0,False,False,False
china_2026_R_00925,china_2026_R,HUL,LIN,2026-03-15 07:34:57.337,18,INVALID,"race state not green at t0 (TrackStatus=21, freeze=False)",69.81666666666668,6.44,-69.7861111111124,False,11.466666666666583,True,True,2026-03-15 07:35:03.937,6.6,6.6,6.6,6.6,False,300.0,,False,False,2026-03-15 07:35:27.337,30.0,120.0,False,False,False
china_2026_R_00926,china_2026_R,LAW,HUL,2026-03-15 07:34:58.417,18,INVALID,"race state not green at t0 (TrackStatus=21, freeze=False)",85.16194444444443,5.36,-85.05583333333198,False,0.7111111111110517,False,False,,,84.44,84.44,84.44,True,298.0,,False,False,2026-03-15 07:35:28.417,30.0,120.0,False,False,False
china_2026_R_00927,china_2026_R,LIN,VER,2026-03-15 07:34:59.217,18,INVALID,"race state not green at t0 (TrackStatus=21, freeze=False)",10.349722222222226,8.959,-10.516388888878282,False,2.566666666666663,False,False,,,80.6,80.6,80.6,True,327.0,-18.851063829787243,False,False,2026-03-15 07:35:29.217,30.0,120.0,False,False,False
china_2026_R_00928,china_2026_R,COL,RUS,2026-03-15 07:35:01.336,18,INVALID,"race state not green at t0 (TrackStatus=12, freeze=False)",98.59749999999985,4.921,-98.59750000000349,False,4.2999999999999545,False,False,,,,,,False,109.0,65.61408882082723,False,False,2026-03-15 07:35:31.336,30.0,120.0,False,False,False
china_2026_R_00929,china_2026_R,PER,ALO,2026-03-15 07:35:05.617,18,INVALID,"race state not green at t0 (TrackStatus=21, freeze=False)",33.775000000000006,8.36,-33.70416666667734,False,12.899999999999864,False,False,,,,100.84,,False,278.0,221.84782608695366,False,False,2026-03-15 07:35:35.617,30.0,120.0,False,False,False
china_2026_R_00930,china_2026_R,HUL,RUS,2026-03-15 07:35:06.417,18,INVALID,"race state not green at t0 (TrackStatus=21, freeze=False)",71.36805555555509,4.76,-71.33749999999418,False,16.488888888888937,False,False,,,,,,False,89.0,,False,False,2026-03-15 07:35:36.417,30.0,120.0,False,False,False
china_2026_R_00931,china_2026_R,COL,HUL,2026-03-15 07:35:06.577,18,INVALID,"race state not green at t0 (TrackStatus=12, freeze=False)",15.60972222222233,7.4,-15.640277777783922,False,15.322222222222194,True,True,2026-03-15 07:35:14.297,7.72,7.72,7.72,7.72,False,307.0,-215.00000000000227,False,False,2026-03-15 07:35:36.577,30.0,120.0,False,False,False
china_2026_R_00932,china_2026_R,HAD,VER,2026-03-15 07:35:08.536,18,INVALID,"race state not green at t0 (TrackStatus=21, freeze=False)",16.5541666666669,6.88,-16.720833333340124,False,6.266666666666765,False,False,,,73.362,73.362,73.362,True,97.0,,False,False,2026-03-15 07:35:38.536,30.0,120.0,False,False,False
china_2026_R_00933,china_2026_R,LIN,HAD,2026-03-15 07:35:09.016,18,INVALID,"race state not green at t0 (TrackStatus=21, freeze=False)",11.030555555555452,7.161,-11.030555555553292,False,7.600000000000136,True,True,2026-03-15 07:35:16.417,7.401,7.401,7.401,7.401,False,142.0,-43.000000000000114,False,False,2026-03-15 07:35:39.016,30.0,120.0,False,False,False
china_2026_R_00934,china_2026_R,PER,BOT,2026-03-15 07:35:14.297,18,INVALID,"race state not green at t0 (TrackStatus=21, freeze=False)",99.7511111111113,7.639,-99.61722222222306,False,4.899999999999977,False,False,,,60.76,60.76,60.76,True,103.0,,False,False,2026-03-15 07:35:44.297,30.0,120.0,False,False,False
china_2026_R_00935,china_2026_R,ALO,SAI,2026-03-15 07:35:14.497,18,INVALID,"race state not green at t0 (TrackStatus=21, freeze=False)",99.49666666666667,6.44,-99.40638888889225,False,20.699999999999932,False,False,,,,,,False,94.0,197.99999999999795,False,False,2026-03-15 07:35:44.497,30.0,120.0,False,False,False
china_2026_R_00936,china_2026_R,HAD,GAS,2026-03-15 07:35:15.616,18,INVALID,"race state not green at t0 (TrackStatus=21, freeze=False)",27.285277777778106,3.321,-27.285277777773445,False,6.7999999999999545,True,True,2026-03-15 07:35:24.857,9.241,9.241,9.241,9.241,False,108.0,,False,False,2026-03-15 07:35:45.616,30.0,120.0,False,False,False
china_2026_R_00937,china_2026_R,BEA,OCO,2026-03-15 07:35:17.657,18,INVALID,"race state not green at t0 (TrackStatus=12, freeze=False)",81.14527777777812,9.76,-81.2858333333279,False,8.600000000000136,False,False,,,,,,False,263.0,,False,False,2026-03-15 07:35:47.657,30.0,120.0,False,False,False
china_2026_R_00938,china_2026_R,VER,HUL,2026-03-15 07:35:17.897,18,INVALID,"race state not green at t0 (TrackStatus=21, freeze=False)",98.70055555555587,3.679,-98.56444444443332,False,4.344444444444434,False,False,,,76.44,86.48,86.48,True,199.0,45.0,False,False,2026-03-15 07:35:47.897,30.0,120.0,False,False,False
china_2026_R_00939,china_2026_R,GAS,LIN,2026-03-15 07:35:18.097,18,INVALID,"race state not green at t0 (TrackStatus=12, freeze=False)",11.887777777777956,5.2,-11.887777777781594,False,26.633333333333212,True,True,2026-03-15 07:35:38.737,20.64,20.64,20.64,20.64,False,205.0,-91.54545454545439,False,False,2026-03-15 07:35:48.097,30.0,120.0,False,False,False
china_2026_R_00940,china_2026_R,BOT,ALO,2026-03-15 07:35:19.177,18,INVALID,"race state not green at t0 (TrackStatus=21, freeze=False)",99.77722222222212,6.28,-99.84027777778101,False,14.133333333332985,True,True,2026-03-15 07:35:25.657,6.48,6.48,6.48,6.48,False,84.0,14.934782608695418,False,False,2026-03-15 07:35:49.177,30.0,120.0,False,False,False
china_2026_R_00941,china_2026_R,SAI,HAD,2026-03-15 07:35:19.177,18,INVALID,"race state not green at t0 (TrackStatus=21, freeze=False)",54.92388888888854,6.96,-54.793333333334886,False,5.777777777777828,False,False,,,59.4,59.4,59.4,True,148.0,,False,False,2026-03-15 07:35:49.177,30.0,120.0,False,False,False
china_2026_R_00942,china_2026_R,LAW,GAS,2026-03-15 07:35:19.177,18,INVALID,"race state not green at t0 (TrackStatus=21, freeze=False)",22.23416666666617,4.12,-22.09749999998894,False,9.877777777777965,True,True,2026-03-15 07:35:23.537,4.36,4.36,4.36,4.36,False,108.0,,False,False,2026-03-15 07:35:49.177,30.0,120.0,False,False,False
china_2026_R_00943,china_2026_R,HAD,LAW,2026-03-15 07:35:19.937,18,INVALID,"race state not green at t0 (TrackStatus=21, freeze=False)",14.790555555556239,6.2,-14.927222222220735,False,12.95555555555552,True,True,2026-03-15 07:35:26.457,6.52,6.52,6.52,6.52,False,236.0,-62.31578947368533,False,False,2026-03-15 07:35:49.937,30.0,120.0,False,False,False
china_2026_R_00944,china_2026_R,VER,BEA,2026-03-15 07:35:21.936,18,INVALID,"race state not green at t0 (TrackStatus=21, freeze=False)",80.51250000000005,6.76,-80.41916666667385,False,10.344444444444434,False,False,,,41.361,41.361,41.361,True,135.0,,False,False,2026-03-15 07:35:51.936,30.0,120.0,False,False,False
china_2026_R_00945,china_2026_R,LAW,LIN,2026-03-15 07:35:23.537,18,INVALID,"race state not green at t0 (TrackStatus=21, freeze=False)",77.57499999999959,5.159,-77.43833333333896,False,14.91111111111104,False,False,,,42.28,42.28,42.28,True,179.0,,False,False,2026-03-15 07:35:53.537,30.0,120.0,False,False,False
china_2026_R_00946,china_2026_R,ALO,BOT,2026-03-15 07:35:26.137,18,INVALID,"race state not green at t0 (TrackStatus=21, freeze=False)",13.261944444444907,5.56,-13.198888888888177,False,19.311111111110904,True,True,2026-03-15 07:35:31.857,5.72,5.72,5.72,5.72,False,266.0,-91.0000000000008,False,False,2026-03-15 07:35:56.137,30.0,120.0,False,False,False
china_2026_R_00947,china_2026_R,SAI,LAW,2026-03-15 07:35:26.457,18,INVALID,"race state not green at t0 (TrackStatus=21, freeze=False)",31.510833333333267,4.0,-31.51694444444729,False,3.372777777778083,False,False,,,,,,False,106.0,,False,False,2026-03-15 07:35:56.457,30.0,120.0,False,False,False
china_2026_R_00948,china_2026_R,HUL,BEA,2026-03-15 07:35:29.977,18,INVALID,"race state not green at t0 (TrackStatus=21, freeze=False)",11.492777777777064,7.8,-11.535555555557949,False,5.622222222222263,True,True,2026-03-15 07:35:38.097,8.12,8.12,8.12,8.12,False,248.0,-70.66666666666607,False,False,2026-03-15 07:35:59.977,30.0,120.0,False,False,False
china_2026_R_00949,china_2026_R,LEC,HAM,2026-03-15 07:35:30.857,18,INVALID,"race state not green at t0 (TrackStatus=12, freeze=False)",99.8616666666685,6.08,-99.17888888889865,False,6.844444444444434,False,False,,,,,,False,174.0,33.456140350877554,False,False,2026-03-15 07:36:00.857,30.0,120.0,False,False,False
china_2026_R_00950,china_2026_R,GAS,VER,2026-03-15 07:35:38.737,18,INVALID,"race state not green at t0 (TrackStatus=12, freeze=False)",50.38111111111175,8.04,-50.547777777770534,False,7.599999999999909,True,True,2026-03-15 07:35:47.137,8.4,8.4,8.4,8.4,False,177.0,,False,False,2026-03-15 07:36:08.737,30.0,120.0,False,False,False
china_2026_R_00951,china_2026_R,LIN,GAS,2026-03-15 07:35:39.537,18,INVALID,"race state not green at t0 (TrackStatus=21, freeze=False)",10.41361111111155,7.24,-10.413611111114733,False,8.188888888888414,True,True,2026-03-15 07:35:54.417,14.88,14.88,14.88,14.88,False,238.0,-44.999999999997954,False,False,2026-03-15 07:36:09.537,30.0,120.0,False,False,False
china_2026_R_00952,china_2026_R,LIN,VER,2026-03-15 07:35:47.137,18,INVALID,"race state not green at t0 (TrackStatus=21, freeze=False)",54.15833333333512,4.36,-54.32499999999709,False,3.911111111111495,False,False,,,32.68,32.68,32.68,True,194.0,,False,False,2026-03-15 07:36:17.137,30.0,120.0,False,False,False
china_2026_R_00953,china_2026_R,GAS,HUL,2026-03-15 07:35:47.777,18,INVALID,"race state not green at t0 (TrackStatus=12, freeze=False)",97.51361111111055,3.72,-97.54416666667385,False,7.33333333333303,False,False,,,33.08,33.08,33.08,True,161.0,70.75000000000131,False,False,2026-03-15 07:36:17.777,30.0,120.0,False,False,False
china_2026_R_00954,china_2026_R,VER,BEA,2026-03-15 07:35:52.417,18,INVALID,"race state not green at t0 (TrackStatus=21, freeze=False)",67.69666666666672,10.6,-67.60333333334711,False,8.555555555555657,True,True,2026-03-15 07:36:03.297,10.88,10.88,10.88,10.88,False,103.0,,False,False,2026-03-15 07:36:22.417,30.0,120.0,False,False,False
china_2026_R_00955,china_2026_R,COL,HUL,2026-03-15 07:35:53.017,18,INVALID,"race state not green at t0 (TrackStatus=12, freeze=False)",12.280277777777883,5.96,-12.310833333336632,False,15.277777777777374,True,True,2026-03-15 07:35:59.297,6.28,6.28,6.28,6.28,False,273.0,-173.00000000000364,False,False,2026-03-15 07:36:23.017,30.0,120.0,False,False,False
china_2026_R_00956,china_2026_R,SAI,LAW,2026-03-15 07:35:56.777,18,INVALID,"race state not green at t0 (TrackStatus=21, freeze=False)",41.721111111111895,5.52,-41.727222222223645,False,2.933333333332939,False,False,,,,99.72,,False,103.0,,False,False,2026-03-15 07:36:26.777,30.0,120.0,False,False,False
china_2026_R_00957,china_2026_R,ALO,BOT,2026-03-15 07:35:56.777,18,INVALID,"race state not green at t0 (TrackStatus=21, freeze=False)",13.32111111110953,5.52,-13.258055555546889,False,11.785277777777992,True,True,2026-03-15 07:36:02.577,5.8,5.8,5.8,5.8,False,232.0,-90.09090909090777,False,False,2026-03-15 07:36:26.777,30.0,120.0,False,False,False
china_2026_R_00958,china_2026_R,HUL,OCO,2026-03-15 07:36:00.137,18,INVALID,"race state not green at t0 (TrackStatus=21, freeze=False)",10.029999999999745,3.16,-10.21333333333314,False,12.111111111111313,True,True,2026-03-15 07:36:18.897,18.76,18.76,18.76,18.76,False,223.0,,False,False,2026-03-15 07:36:30.137,30.0,120.0,False,False,False
china_2026_R_00959,china_2026_R,SAI,HAD,2026-03-15 07:36:02.577,18,INVALID,"race state not green at t0 (TrackStatus=21, freeze=False)",48.18416666666644,15.8,-48.05361111111415,False,2.300000000000182,True,True,2026-03-15 07:36:18.577,16.0,16.0,16.0,16.0,False,105.0,,False,False,2026-03-15 07:36:32.577,30.0,120.0,False,False,False
china_2026_R_00960,china_2026_R,LAW,GAS,2026-03-15 07:36:02.817,18,INVALID,"race state not green at t0 (TrackStatus=21, freeze=False)",29.23694444444436,3.0,-29.100277777790325,False,21.83333333333303,False,False,,,,,,False,128.0,,False,False,2026-03-15 07:36:32.817,30.0,120.0,False,False,False
china_2026_R_00961,china_2026_R,BOT,ALO,2026-03-15 07:36:02.817,18,INVALID,"race state not green at t0 (TrackStatus=21, freeze=False)",16.273888888889815,9.36,-16.336944444454275,False,13.400000000000091,False,False,,,,109.88,,False,254.0,-156.99999999999363,False,False,2026-03-15 07:36:32.817,30.0,120.0,False,False,False
china_2026_R_00962,china_2026_R,HAD,LAW,2026-03-15 07:36:03.297,18,INVALID,"race state not green at t0 (TrackStatus=21, freeze=False)",10.627222222223736,15.08,-10.763888888890506,False,6.199999999999818,False,False,,,,,,False,163.0,-42.999999999999545,False,False,2026-03-15 07:36:33.297,30.0,120.0,False,False,False
china_2026_R_00963,china_2026_R,BEA,VER,2026-03-15 07:36:03.657,18,INVALID,"race state not green at t0 (TrackStatus=12, freeze=False)",19.797499999998763,13.68,-19.890833333323826,False,22.733333333333576,False,False,,,,31.0,,False,239.0,-135.99999999999912,False,False,2026-03-15 07:36:33.657,30.0,120.0,False,False,False
china_2026_R_00964,china_2026_R,GAS,BEA,2026-03-15 07:36:05.137,18,INVALID,"race state not green at t0 (TrackStatus=12, freeze=False)",85.56472222222146,12.2,-85.63805555555155,False,28.233333333333576,True,True,2026-03-15 07:36:17.617,12.48,12.48,12.48,12.48,False,292.0,,False,False,2026-03-15 07:36:35.137,30.0,120.0,False,False,False
china_2026_R_00965,china_2026_R,LAW,LIN,2026-03-15 07:36:05.137,18,INVALID,"race state not green at t0 (TrackStatus=21, freeze=False)",11.961944444439723,15.72,-11.825277777781594,False,5.288888888888778,True,True,2026-03-15 07:36:05.817,0.68,0.68,0.68,0.68,False,157.0,,False,False,2026-03-15 07:36:35.137,30.0,120.0,False,False,False
china_2026_R_00966,china_2026_R,VER,HUL,2026-03-15 07:36:05.137,18,INVALID,"race state not green at t0 (TrackStatus=21, freeze=False)",99.5175000000022,13.04,-99.38138888888352,False,12.755555555555475,True,False,2026-03-15 07:36:34.337,29.2,29.2,39.24,39.24,True,233.0,36.34782608695609,False,False,2026-03-15 07:36:35.137,30.0,120.0,False,False,False
china_2026_R_00967,china_2026_R,RUS,HAM,2026-03-15 07:36:10.697,18,INVALID,"race state not green at t0 (TrackStatus=12, freeze=False)",52.76083333333827,4.04,-52.8169444444502,False,22.0,False,False,,,,,,False,64.0,,False,False,2026-03-15 07:36:40.697,30.0,120.0,False,False,False
china_2026_R_00968,china_2026_R,LEC,RUS,2026-03-15 07:36:10.937,18,INVALID,"race state not green at t0 (TrackStatus=12, freeze=False)",11.75888888888585,4.6,-11.019999999989523,False,7.400000000000546,True,True,2026-03-15 07:36:15.737,4.8,4.8,4.8,4.8,False,215.0,-111.0000000000082,False,False,2026-03-15 07:36:40.937,30.0,120.0,False,False,False
china_2026_R_00969,china_2026_R,PER,BOT,2026-03-15 07:36:11.417,18,INVALID,"race state not green at t0 (TrackStatus=21, freeze=False)",97.45472222221997,3.32,-97.3208333333314,False,24.666666666667425,True,True,2026-03-15 07:36:15.057,3.64,3.64,3.64,3.64,False,97.0,47.422222222222445,False,False,2026-03-15 07:36:41.417,30.0,120.0,False,False,False
china_2026_R_00970,china_2026_R,COL,OCO,2026-03-15 07:36:15.057,18,INVALID,"race state not green at t0 (TrackStatus=12, freeze=False)",10.661944444444089,10.72,-10.87583333333896,False,17.755555555555475,True,True,2026-03-15 07:36:26.137,11.08,11.08,11.08,11.08,False,329.0,-111.00000000000136,False,False,2026-03-15 07:36:45.057,30.0,120.0,False,False,False
china_2026_R_00971,china_2026_R,RUS,LEC,2026-03-15 07:36:16.697,18,INVALID,"race state not green at t0 (TrackStatus=12, freeze=False)",11.196666666671263,575.082,-11.935555555552128,False,36.866666666672664,False,False,,,,,,False,191.0,-41.750000000002956,False,False,2026-03-15 07:36:46.697,30.0,120.0,False,False,False
china_2026_R_00972,china_2026_R,SAI,VER,2026-03-15 07:36:20.857,18,INVALID,"race state not green at t0 (TrackStatus=21, freeze=False)",40.6752777777765,3.08,-40.71138888889982,False,25.697777777776537,False,False,,,98.68,98.96,98.96,True,66.0,,False,False,2026-03-15 07:36:50.857,30.0,120.0,False,False,False
china_2026_R_00973,china_2026_R,LIN,GAS,2026-03-15 07:36:22.257,18,INVALID,"race state not green at t0 (TrackStatus=21, freeze=False)",83.55277777778247,4.56,-83.55277777778974,False,0.7333333333326664,False,True,2026-03-15 07:36:46.657,24.4,,24.4,,False,342.0,,False,False,2026-03-15 07:36:52.257,30.0,120.0,False,False,False
china_2026_R_00974,china_2026_R,GAS,RUS,2026-03-15 07:36:23.737,18,INVALID,"race state not green at t0 (TrackStatus=12, freeze=False)",96.7874999999949,4.28,-96.78750000000582,False,11.199999999999818,True,False,2026-03-15 07:36:28.658,4.921,4.921,,,False,216.0,155.525285481242,False,False,2026-03-15 07:36:53.737,30.0,120.0,False,False,False
china_2026_R_00975,china_2026_R,HAD,BEA,2026-03-15 07:36:26.137,18,INVALID,"race state not green at t0 (TrackStatus=21, freeze=False)",14.553055555556057,7.56,-14.626388888893416,False,14.055555555555657,True,False,2026-03-15 07:36:43.457,17.32,17.32,,,False,193.0,-118.00000000000182,False,False,2026-03-15 07:36:56.137,30.0,120.0,False,False,False
china_2026_R_00976,china_2026_R,LAW,COL,2026-03-15 07:36:27.617,18,INVALID,"race state not green at t0 (TrackStatus=21, freeze=False)",23.633611111115897,3.04,-23.496944444457768,False,18.866666666666788,True,False,2026-03-15 07:36:42.897,15.28,15.28,118.04,118.04,True,156.0,-36.913043478261116,False,False,2026-03-15 07:36:57.617,30.0,120.0,False,False,False
china_2026_R_00977,china_2026_R,OCO,COL,2026-03-15 07:36:30.937,18,INVALID,"race state not green at t0 (TrackStatus=12, freeze=False)",23.701666666669553,43.841,-23.487777777787414,False,10.779444444447936,False,True,2026-03-15 07:36:37.137,6.2,84.521,6.2,84.521,True,241.0,,False,False,2026-03-15 07:37:00.937,30.0,120.0,False,False,False
china_2026_R_00978,china_2026_R,HUL,LAW,2026-03-15 07:36:30.937,18,INVALID,"race state not green at t0 (TrackStatus=21, freeze=False)",99.15194444443841,4.321,-99.25805555554689,False,4.277777777778283,False,True,2026-03-15 07:36:36.777,5.84,,5.84,,False,152.0,,False,False,2026-03-15 07:37:00.937,30.0,120.0,False,False,False
china_2026_R_00979,china_2026_R,LEC,HAM,2026-03-15 07:36:31.657,19,CLOSE_INTERACTION_NO_PASS,"valid close battle, no pairwise order change inside the horizon",93.96194444444461,15.36,-93.96694444444438,False,5.988888888889164,False,False,,,101.0,,,False,186.0,80.69565217391276,True,False,2026-03-15 07:37:01.657,30.0,120.0,False,False,False
china_2026_R_00980,china_2026_R,VER,BEA,2026-03-15 07:36:34.657,19,ON_TRACK_PASS,race-distance ordering and target DriverAhead both show the swap,72.23611111111114,21.28,-72.99027777777519,False,4.5,True,True,2026-03-15 07:37:01.057,26.4,26.4,26.4,26.4,False,294.0,,True,False,2026-03-15 07:37:04.657,30.0,120.0,False,False,False
china_2026_R_00981,china_2026_R,GAS,OCO,2026-03-15 07:36:34.657,19,ON_TRACK_PASS,race-distance ordering and target DriverAhead both show the swap,59.722777777777736,3.64,-59.78499999998894,False,14.177777777777806,True,True,2026-03-15 07:36:38.497,3.84,3.84,3.84,3.84,False,300.0,,True,False,2026-03-15 07:37:04.657,30.0,120.0,False,False,False
china_2026_R_00982,china_2026_R,HUL,LIN,2026-03-15 07:36:35.897,19,CLOSE_INTERACTION_NO_PASS,"valid close battle, no pairwise order change inside the horizon",30.01111111111111,8.04,-30.011111111103673,False,10.399999999999977,False,False,,,,99.001,,False,242.0,,True,False,2026-03-15 07:37:05.897,30.0,120.0,False,False,False
china_2026_R_00983,china_2026_R,LAW,HUL,2026-03-15 07:36:36.777,19,CLOSE_INTERACTION_NO_PASS,"valid close battle, no pairwise order change inside the horizon; the pair did swap 84.1 s after t0, outside it",69.80888888888886,73.16,-69.71555555555096,False,8.700000000000273,False,False,,,84.081,84.081,84.081,True,284.0,,True,False,2026-03-15 07:37:06.777,30.0,120.0,False,False,False
china_2026_R_00984,china_2026_R,SAI,LAW,2026-03-15 07:36:37.457,19,CLOSE_INTERACTION_NO_PASS,"valid close battle, no pairwise order change inside the horizon; the pair did swap 59.0 s after t0, outside it",47.46666666666667,80.92,-46.31777777777461,False,9.325833333333321,False,False,,,59.04,59.04,59.04,True,291.0,,True,False,2026-03-15 07:37:07.457,30.0,120.0,False,False,False
china_2026_R_00985,china_2026_R,HAD,SAI,2026-03-15 07:36:38.297,19,CLOSE_INTERACTION_NO_PASS,"valid close battle, no pairwise order change inside the horizon",65.26222222222222,74.8,-65.29111111110251,False,10.13333333333344,False,False,,,,,,False,287.0,,True,False,2026-03-15 07:37:08.297,30.0,120.0,False,False,False
china_2026_R_00986,china_2026_R,BEA,OCO,2026-03-15 07:36:38.497,19,CLOSE_INTERACTION_NO_PASS,"valid close battle, no pairwise order change inside the horizon",51.48333333333335,15.88,-50.66888888888934,False,3.6000000000000227,False,False,,,,93.36,,False,205.0,,True,False,2026-03-15 07:37:08.497,30.0,120.0,False,False,False
china_2026_R_00987,china_2026_R,COL,GAS,2026-03-15 07:36:39.057,19,ON_TRACK_PASS,race-distance ordering and target DriverAhead both show the swap,10.454999999999927,14.72,-10.110555555555038,False,12.099999999999909,True,True,2026-03-15 07:36:54.017,14.96,14.96,14.96,14.96,False,342.0,,True,False,2026-03-15 07:37:09.057,30.0,120.0,False,False,False
china_2026_R_00988,china_2026_R,HUL,VER,2026-03-15 07:36:44.377,19,CLOSE_INTERACTION_NO_PASS,"valid close battle, no pairwise order change inside the horizon; the pair did swap 117.8 s after t0, outside it",87.6616666666664,8.84,-87.78416666666453,False,8.677777777777806,False,False,,,98.161,117.801,117.801,True,117.0,,True,False,2026-03-15 07:37:14.377,30.0,120.0,False,False,False
china_2026_R_00989,china_2026_R,GAS,LIN,2026-03-15 07:36:47.017,19,ON_TRACK_PASS,race-distance ordering and target DriverAhead both show the swap,25.444444444444457,10.16,-25.444444444437977,False,20.899999999999977,True,True,2026-03-15 07:36:57.537,10.52,10.52,10.52,10.52,False,304.0,-208.99999999999977,True,False,2026-03-15 07:37:17.017,30.0,120.0,False,False,False
china_2026_R_00990,china_2026_R,PER,BOT,2026-03-15 07:36:51.577,19,CLOSE_INTERACTION_NO_PASS,"valid close battle, no pairwise order change inside the horizon; the pair did swap 61.1 s after t0, outside it",97.85555555555561,12.44,-97.62750000000233,False,6.577777777777783,False,False,,,61.12,61.12,61.12,True,149.0,80.47916666666666,True,False,2026-03-15 07:37:21.577,30.0,120.0,False,False,False
china_2026_R_00991,china_2026_R,ALO,PER,2026-03-15 07:36:51.897,19,CLOSE_INTERACTION_NO_PASS,"valid close battle, no pairwise order change inside the horizon",94.49555555555554,17.041,-94.31388888887886,False,8.311111111111018,False,False,,,,,,False,192.0,71.33333333333309,True,False,2026-03-15 07:37:21.897,30.0,120.0,False,False,False
china_2026_R_00992,china_2026_R,VER,GAS,2026-03-15 07:37:03.857,19,CLOSE_INTERACTION_NO_PASS,"valid close battle, no pairwise order change inside the horizon",15.733888888889169,10.921,-15.611388888879446,False,3.911111111111495,False,False,,,,69.68,,False,72.0,,True,False,2026-03-15 07:37:33.857,30.0,120.0,False,False,False
china_2026_R_00993,china_2026_R,GAS,BEA,2026-03-15 07:37:06.017,19,ON_TRACK_PASS,race-distance ordering and target DriverAhead both show the swap,11.974722222221999,8.761,-12.851388888884685,False,9.555555555555884,True,True,2026-03-15 07:37:15.018,9.001,9.001,9.001,9.001,False,197.0,-66.45454545454393,True,False,2026-03-15 07:37:36.017,30.0,120.0,False,False,False
china_2026_R_00994,china_2026_R,BEA,LIN,2026-03-15 07:37:07.737,19,ON_TRACK_PASS,race-distance ordering and target DriverAhead both show the swap,35.87944444444406,7.041,-35.00277777778683,False,6.16638888888906,True,True,2026-03-15 07:37:10.537,2.8,2.8,2.8,2.8,False,152.0,,True,False,2026-03-15 07:37:37.737,30.0,120.0,False,False,False
china_2026_R_00995,china_2026_R,LIN,OCO,2026-03-15 07:37:08.218,19,ON_TRACK_PASS,race-distance ordering and target DriverAhead both show the swap,13.65888888888935,6.56,-13.721111111110076,False,6.868888888888932,True,True,2026-03-15 07:37:15.018,6.8,6.8,6.8,6.8,False,257.0,-89.24740124740234,True,False,2026-03-15 07:37:38.218,30.0,120.0,False,False,False
china_2026_R_00996,china_2026_R,VER,BEA,2026-03-15 07:37:15.018,19,ON_TRACK_PASS,race-distance ordering and target DriverAhead both show the swap,34.41861111111075,25.679,-35.172777777770534,False,13.733333333333121,True,True,2026-03-15 07:37:41.098,26.08,26.08,26.08,26.08,False,172.0,,True,False,2026-03-15 07:37:45.018,30.0,120.0,False,False,False
china_2026_R_00997,china_2026_R,BEA,OCO,2026-03-15 07:37:16.297,19,CLOSE_INTERACTION_NO_PASS,"valid close battle, no pairwise order change inside the horizon",24.48888888888996,10.68,-23.674444444433902,False,2.0,False,False,,,,55.56,,False,174.0,,True,False,2026-03-15 07:37:46.297,30.0,120.0,False,False,False
china_2026_R_00998,china_2026_R,COL,LIN,2026-03-15 07:37:16.777,19,ON_TRACK_PASS,race-distance ordering and target DriverAhead both show the swap,13.182222222220389,3.8,-12.837777777778683,False,19.92222222222199,True,True,2026-03-15 07:37:25.777,9.0,9.0,9.0,9.0,False,231.0,-60.00000000000001,True,False,2026-03-15 07:37:46.777,30.0,120.0,False,False,False
china_2026_R_00999,china_2026_R,OCO,COL,2026-03-15 07:37:17.377,19,CLOSE_INTERACTION_NO_PASS,"valid close battle, no pairwise order change inside the horizon; the pair did swap 37.7 s after t0, outside it",16.517499999999927,21.92,-16.799722222218406,False,3.800000000000182,False,False,,,37.721,37.721,37.721,True,178.0,,True,False,2026-03-15 07:37:47.377,30.0,120.0,False,False,False
china_2026_R_01000,china_2026_R,COL,GAS,2026-03-15 07:37:20.937,19,ON_TRACK_PASS,race-distance ordering and target DriverAhead both show the swap,66.82194444444349,18.36,-66.4774999999936,False,20.57777777777801,True,True,2026-03-15 07:37:27.978,7.041,7.041,7.041,7.041,False,117.0,,True,False,2026-03-15 07:37:50.937,30.0,120.0,False,False,False
china_2026_R_01001,china_2026_R,HUL,VER,2026-03-15 07:37:21.178,19,CLOSE_INTERACTION_NO_PASS,"valid close battle, no pairwise order change inside the horizon; the pair did swap 81.0 s after t0, outside it",96.79000000000269,3.839,-96.91250000000582,False,4.744444444444525,False,False,,,61.36,81.0,81.0,True,119.0,22.69590643274795,True,False,2026-03-15 07:37:51.178,30.0,120.0,False,False,False
china_2026_R_01002,china_2026_R,ALO,PER,2026-03-15 07:37:26.977,19,CLOSE_INTERACTION_NO_PASS,"valid close battle, no pairwise order change inside the horizon",99.64638888888703,12.32,-99.464722222212,False,6.1111111111108585,False,False,,,107.081,,,False,201.0,12.4489795918385,True,False,2026-03-15 07:37:56.977,30.0,120.0,False,False,False
china_2026_R_01003,china_2026_R,GAS,LIN,2026-03-15 07:37:32.297,19,ON_TRACK_PASS,race-distance ordering and target DriverAhead both show the swap,15.20055555555291,13.44,-15.200555555551546,False,8.83333333333303,True,True,2026-03-15 07:37:45.937,13.64,13.64,13.64,13.64,False,221.0,-143.8888888888869,True,False,2026-03-15 07:38:02.297,30.0,120.0,False,False,False
china_2026_R_01004,china_2026_R,HUL,BEA,2026-03-15 07:37:41.098,19,ON_TRACK_PASS,race-distance ordering and target DriverAhead both show the swap,54.508055555555075,8.439,-55.38472222222481,False,11.000000000000455,True,True,2026-03-15 07:37:57.577,16.479,16.479,16.479,16.479,False,103.0,,True,False,2026-03-15 07:38:11.098,30.0,120.0,False,False,False
china_2026_R_01005,china_2026_R,BEA,VER,2026-03-15 07:37:41.498,19,CLOSE_INTERACTION_NO_PASS,"valid close battle, no pairwise order change inside the horizon; the pair did swap 96.6 s after t0, outside it",14.995833333335213,15.839,-14.241666666668607,False,16.111111111110404,False,False,,,52.76,96.599,96.599,True,222.0,-118.99999999999136,True,False,2026-03-15 07:38:11.498,30.0,120.0,False,False,False
china_2026_R_01006,china_2026_R,LIN,OCO,2026-03-15 07:37:41.938,19,ON_TRACK_PASS,race-distance ordering and target DriverAhead both show the swap,10.102777777782649,3.799,-10.164999999993597,False,7.233333333333576,True,True,2026-03-15 07:37:57.337,15.399000000000001,15.399000000000001,15.399000000000001,15.399000000000001,False,261.0,-93.00000000000311,True,False,2026-03-15 07:38:11.938,30.0,120.0,False,False,False
china_2026_R_01007,china_2026_R,PER,BOT,2026-03-15 07:37:42.698,19,ON_TRACK_PASS,race-distance ordering and target DriverAhead both show the swap,89.57111111111135,9.799,-89.34305555555329,False,9.0,True,True,2026-03-15 07:37:52.697,9.999,9.999,9.999,9.999,False,93.0,124.90000000000066,True,False,2026-03-15 07:38:12.698,30.0,120.0,False,False,False
china_2026_R_01008,china_2026_R,HAM,ANT,2026-03-15 07:37:43.377,19,CLOSE_INTERACTION_NO_PASS,"valid close battle, no pairwise order change inside the horizon",95.1086111111108,12.361,-94.95527777778625,False,10.933333333333394,False,False,,,,,,False,230.0,19.700372538584844,True,False,2026-03-15 07:38:13.377,30.0,120.0,False,False,False
china_2026_R_01009,china_2026_R,LEC,HAM,2026-03-15 07:37:45.337,19,UNCERTAIN,"only one of the two order-change signals fired (distance=True, driver_ahead=False)",95.28555555555249,16.601,-95.29055555554805,False,13.399999999999636,True,False,2026-03-15 07:38:12.657,27.32,27.32,,,False,147.0,77.32653061224556,True,False,2026-03-15 07:38:15.337,30.0,120.0,False,False,False
china_2026_R_01010,china_2026_R,GAS,OCO,2026-03-15 07:37:45.937,19,ON_TRACK_PASS,race-distance ordering and target DriverAhead both show the swap,64.04277777777679,3.161,-64.10499999999593,False,1.5111111111095852,True,True,2026-03-15 07:37:57.577,11.64,11.64,11.64,11.64,False,312.0,,True,False,2026-03-15 07:38:15.937,30.0,120.0,False,False,False
china_2026_R_01011,china_2026_R,VER,LIN,2026-03-15 07:37:45.937,19,CLOSE_INTERACTION_NO_PASS,"valid close battle, no pairwise order change inside the horizon",97.74166666666406,3.161,-97.61916666667094,False,3.299999999999727,False,False,,,,38.8,,False,261.0,,True,False,2026-03-15 07:38:15.937,30.0,120.0,False,False,False
china_2026_R_01012,china_2026_R,VER,GAS,2026-03-15 07:37:49.537,19,UNCERTAIN,"only one of the two order-change signals fired (distance=False, driver_ahead=True)",66.79305555555902,6.681,-66.67055555556726,False,11.433333333333394,False,True,2026-03-15 07:38:13.537,24.0,,24.0,,False,300.0,,True,False,2026-03-15 07:38:19.537,30.0,120.0,False,False,False
china_2026_R_01013,china_2026_R,COL,OCO,2026-03-15 07:37:55.458,19,ON_TRACK_PASS,race-distance ordering and target DriverAhead both show the swap,23.169166666669298,12.88,-22.886944444442634,False,18.900000000000546,True,True,2026-03-15 07:38:08.778,13.32,13.32,13.32,13.32,False,321.0,-189.00000000000549,True,False,2026-03-15 07:38:25.458,30.0,120.0,False,False,False
china_2026_R_01014,china_2026_R,VER,COL,2026-03-15 07:37:56.457,19,CLOSE_INTERACTION_NO_PASS,"valid close battle, no pairwise order change inside the horizon",77.13666666666904,3.08,-77.35861111112172,False,3.8222222222220807,False,False,,,,,,False,90.0,,True,False,2026-03-15 07:38:26.457,30.0,120.0,False,False,False
china_2026_R_01015,china_2026_R,HUL,VER,2026-03-15 07:37:57.577,19,UNCERTAIN,"only one of the two order-change signals fired (distance=True, driver_ahead=False)",60.85638888888934,3.121,-60.97888888888701,False,10.933333333333394,True,False,2026-03-15 07:38:22.538,24.961,24.961,44.601,44.601,True,83.0,,True,False,2026-03-15 07:38:27.577,30.0,120.0,False,False,False
china_2026_R_01016,china_2026_R,HAD,LAW,2026-03-15 07:38:03.617,19,CLOSE_INTERACTION_NO_PASS,"valid close battle, no pairwise order change inside the horizon",15.44138888888574,12.96,-14.32138888888585,False,8.99999999999909,False,False,,,,,,False,68.0,,True,False,2026-03-15 07:38:33.617,30.0,120.0,False,False,False
china_2026_R_01017,china_2026_R,GAS,RUS,2026-03-15 07:38:04.497,19,UNCERTAIN,"only one of the two order-change signals fired (distance=True, driver_ahead=False)",57.10472222221324,7.36,-437.2455555555498,False,5.333333333332121,True,False,2026-03-15 07:38:12.217,7.72,7.72,,,False,291.0,,True,False,2026-03-15 07:38:34.497,30.0,120.0,False,False,False
china_2026_R_01018,china_2026_R,LAW,SAI,2026-03-15 07:38:05.937,19,ON_TRACK_PASS,race-distance ordering and target DriverAhead both show the swap,38.0649999999996,3.121,-39.213888888887595,False,3.655555555555111,True,True,2026-03-15 07:38:16.577,10.64,13.52,10.64,13.52,False,151.0,,True,False,2026-03-15 07:38:35.937,30.0,120.0,False,False,False
china_2026_R_01019,china_2026_R,ALO,PER,2026-03-15 07:38:10.377,19,CLOSE_INTERACTION_NO_PASS,"valid close battle, no pairwise order change inside the horizon; the pair did swap 100.4 s after t0, outside it",99.46194444443972,12.641,-99.28027777776879,False,23.700000000000728,False,False,,,63.681,100.44,100.44,True,74.0,208.89493433395188,True,False,2026-03-15 07:38:40.377,30.0,120.0,False,False,False
china_2026_R_01020,china_2026_R,SAI,HUL,2026-03-15 07:38:11.857,19,UNCERTAIN,"only one of the two order-change signals fired (distance=True, driver_ahead=False)",10.117777777779338,4.321,-8.875555555569008,False,9.5,True,False,2026-03-15 07:38:26.097,14.24,14.24,,,False,219.0,-80.9999999999809,True,False,2026-03-15 07:38:41.857,30.0,120.0,False,False,False
china_2026_R_01021,china_2026_R,BEA,COL,2026-03-15 07:38:11.857,20,CLOSE_INTERACTION_NO_PASS,"valid close battle, no pairwise order change inside the horizon",24.565555555555562,47.0,-24.517222222217242,False,8.860277777778265,False,False,,,,98.761,,False,281.0,,True,False,2026-03-15 07:38:41.857,30.0,120.0,False,False,False
china_2026_R_01022,china_2026_R,OCO,BEA,2026-03-15 07:38:11.857,20,CLOSE_INTERACTION_NO_PASS,"valid close battle, no pairwise order change inside the horizon; the pair did swap 66.2 s after t0, outside it",15.960277777777769,65.8,-15.521944444451947,False,13.44999999999959,False,False,,,66.24,66.24,66.24,True,263.0,,True,False,2026-03-15 07:38:41.857,30.0,120.0,False,False,False
china_2026_R_01023,china_2026_R,VER,OCO,2026-03-15 07:38:13.537,20,CLOSE_INTERACTION_NO_PASS,"valid close battle, no pairwise order change inside the horizon",61.04194444444444,16.041,-61.47138888889458,False,21.377777777777794,False,False,,,,101.761,,False,287.0,214.24166666667713,True,False,2026-03-15 07:38:43.537,30.0,120.0,False,False,False
china_2026_R_01024,china_2026_R,GAS,VER,2026-03-15 07:38:13.978,20,CLOSE_INTERACTION_NO_PASS,"valid close battle, no pairwise order change inside the horizon; the pair did swap 88.0 s after t0, outside it",12.405833333333334,3.759,-12.474722222221317,False,9.411111111111126,False,False,,,87.96,87.96,87.96,True,281.0,-69.0,True,False,2026-03-15 07:38:43.978,30.0,120.0,False,False,False
china_2026_R_01025,china_2026_R,LIN,HUL,2026-03-15 07:38:14.898,20,ON_TRACK_PASS,race-distance ordering and target DriverAhead both show the swap,37.99694444444444,9.679,-37.996944444443216,False,30.665555555555443,True,True,2026-03-15 07:38:24.737,9.839,9.839,9.839,9.839,False,282.0,,True,False,2026-03-15 07:38:44.898,30.0,120.0,False,False,False
china_2026_R_01026,china_2026_R,HUL,GAS,2026-03-15 07:38:14.898,20,ON_TRACK_PASS,race-distance ordering and target DriverAhead both show the swap,99.55027777777778,4.239,-99.55027777777286,False,24.844444444444434,True,True,2026-03-15 07:38:19.457,4.559,4.559,4.559,4.559,False,212.0,69.99999999999972,True,False,2026-03-15 07:38:44.898,30.0,120.0,False,False,False
china_2026_R_01027,china_2026_R,LAW,LIN,2026-03-15 07:38:15.898,20,ON_TRACK_PASS,race-distance ordering and target DriverAhead both show the swap,76.90722222222219,4.6,-76.16833333333489,False,1.73333333333332,True,True,2026-03-15 07:38:23.977,8.079,8.079,8.279,8.279,False,279.0,,True,False,2026-03-15 07:38:45.898,30.0,120.0,False,False,False
china_2026_R_01028,china_2026_R,SAI,LAW,2026-03-15 07:38:16.577,20,CLOSE_INTERACTION_NO_PASS,"valid close battle, no pairwise order change inside the horizon",58.07611111111111,7.16,-58.76333333333605,False,5.466666666666583,False,False,,,,110.721,,False,285.0,,True,False,2026-03-15 07:38:46.577,30.0,120.0,False,False,False
china_2026_R_01029,china_2026_R,HAD,SAI,2026-03-15 07:38:17.017,20,CLOSE_INTERACTION_NO_PASS,"valid close battle, no pairwise order change inside the horizon",38.80416666666666,79.281,-38.54083333333256,False,13.16666666666697,False,False,,,,103.721,,False,273.0,,True,False,2026-03-15 07:38:47.017,30.0,120.0,False,False,False
china_2026_R_01030,china_2026_R,GAS,HUL,2026-03-15 07:38:23.018,20,CLOSE_INTERACTION_NO_PASS,"valid close battle, no pairwise order change inside the horizon; the pair did swap 78.4 s after t0, outside it",30.00055555555616,9.959,-30.000555555554456,False,4.107499999999959,False,False,,,78.44,78.44,78.44,True,166.0,,True,False,2026-03-15 07:38:53.018,30.0,120.0,False,False,False
china_2026_R_01031,china_2026_R,SAI,GAS,2026-03-15 07:38:24.177,20,ON_TRACK_PASS,race-distance ordering and target DriverAhead both show the swap,90.72305555555522,16.761,-90.67138888889167,False,8.91111111111104,True,True,2026-03-15 07:38:41.098,16.921,16.921,16.921,16.921,False,112.0,,True,False,2026-03-15 07:38:54.177,30.0,120.0,False,False,False
china_2026_R_01032,china_2026_R,COL,LAW,2026-03-15 07:38:25.657,20,ON_TRACK_PASS,race-distance ordering and target DriverAhead both show the swap,14.213055555555343,6.48,-14.94027777777228,False,24.566666666666833,True,True,2026-03-15 07:38:32.337,6.68,6.68,6.68,6.68,False,304.0,,True,False,2026-03-15 07:38:55.657,30.0,120.0,False,False,False
china_2026_R_01033,china_2026_R,HAM,ANT,2026-03-15 07:38:26.657,20,CLOSE_INTERACTION_NO_PASS,"valid close battle, no pairwise order change inside the horizon",95.68000000000075,6.32,-95.41222222222132,False,15.928611111111195,False,False,,,,,,False,137.0,58.41666666666669,True,False,2026-03-15 07:38:56.657,30.0,120.0,False,False,False
china_2026_R_01034,china_2026_R,LEC,HAM,2026-03-15 07:38:27.698,20,CLOSE_INTERACTION_NO_PASS,"valid close battle, no pairwise order change inside the horizon",96.24638888888762,39.44,-96.11916666665638,False,10.799999999999955,False,False,,,,,,False,180.0,22.985009369143874,True,False,2026-03-15 07:38:57.698,30.0,120.0,False,False,False
china_2026_R_01035,china_2026_R,PER,BOT,2026-03-15 07:38:30.457,20,CLOSE_INTERACTION_NO_PASS,"valid close battle, no pairwise order change inside the horizon; the pair did swap 63.6 s after t0, outside it",98.62055555555554,14.0,-98.69277777777461,False,6.60000000000008,False,False,,,63.601,63.601,63.601,True,183.0,73.60869565217392,True,False,2026-03-15 07:39:00.457,30.0,120.0,False,False,False
china_2026_R_01036,china_2026_R,HUL,VER,2026-03-15 07:38:33.257,20,ON_TRACK_PASS,race-distance ordering and target DriverAhead both show the swap,26.66527777777776,3.68,-26.734166666676174,False,18.34444444444466,True,True,2026-03-15 07:38:42.178,8.921,8.921,8.921,8.921,False,183.0,-35.89130434782652,True,False,2026-03-15 07:39:03.257,30.0,120.0,False,False,False
china_2026_R_01037,china_2026_R,GAS,LIN,2026-03-15 07:38:33.257,20,CLOSE_INTERACTION_NO_PASS,"valid close battle, no pairwise order change inside the horizon",33.389166666666824,5.44,-33.38916666667501,False,9.066666666666606,False,False,,,,,,False,110.0,,True,False,2026-03-15 07:39:03.257,30.0,120.0,False,False,False
china_2026_R_01038,china_2026_R,HUL,LAW,2026-03-15 07:38:37.137,20,CLOSE_INTERACTION_NO_PASS,"valid close battle, no pairwise order change inside the horizon; the pair did swap 47.6 s after t0, outside it",49.41583333333301,3.161,-50.15472222221433,False,2.488888888888823,False,False,,,47.64,47.64,47.64,True,212.0,,True,False,2026-03-15 07:39:07.137,30.0,120.0,False,False,False
china_2026_R_01039,china_2026_R,GAS,HAD,2026-03-15 07:38:42.578,20,ON_TRACK_PASS,race-distance ordering and target DriverAhead both show the swap,12.566388888889833,5.4,-12.88138888888352,False,16.444444444444343,True,True,2026-03-15 07:38:48.338,5.76,5.76,5.76,5.76,False,275.0,-194.000000000005,True,False,2026-03-15 07:39:12.578,30.0,120.0,False,False,False
china_2026_R_01040,china_2026_R,SAI,LIN,2026-03-15 07:38:43.258,20,CLOSE_INTERACTION_NO_PASS,"valid close battle, no pairwise order change inside the horizon",95.02416666666613,4.72,-94.97250000000349,False,7.2000000000000455,False,False,,,,,,False,110.0,121.27659574468028,True,False,2026-03-15 07:39:13.258,30.0,120.0,False,False,False
china_2026_R_01041,china_2026_R,LIN,HUL,2026-03-15 07:38:45.737,20,CLOSE_INTERACTION_NO_PASS,"valid close battle, no pairwise order change inside the horizon; the pair did swap 52.7 s after t0, outside it",17.771388888889078,34.441,-17.77138888889749,False,11.599999999999909,False,False,,,52.68,52.68,52.68,True,120.0,,True,False,2026-03-15 07:39:15.737,30.0,120.0,False,False,False
china_2026_R_01042,china_2026_R,VER,OCO,2026-03-15 07:38:45.737,20,CLOSE_INTERACTION_NO_PASS,"valid close battle, no pairwise order change inside the horizon; the pair did swap 97.3 s after t0, outside it",23.631666666666206,19.04,-24.061111111121136,False,6.611111111111086,False,False,,,97.281,69.561,97.281,True,207.0,,True,False,2026-03-15 07:39:15.737,30.0,120.0,False,False,False
china_2026_R_01043,china_2026_R,LAW,VER,2026-03-15 07:38:49.578,20,ON_TRACK_PASS,race-distance ordering and target DriverAhead both show the swap,10.536666666667315,5.84,-9.866666666668607,False,4.177777777777919,True,True,2026-03-15 07:38:55.738,6.16,6.16,6.16,6.16,False,246.0,-47.684210526316576,True,False,2026-03-15 07:39:19.578,30.0,120.0,False,False,False
china_2026_R_01044,china_2026_R,ALO,PER,2026-03-15 07:38:53.097,20,CLOSE_INTERACTION_NO_PASS,"valid close battle, no pairwise order change inside the horizon; the pair did swap 57.7 s after t0, outside it",90.49166666666588,8.681,-90.21611111110542,False,10.5,False,False,,,57.72,57.72,57.72,True,110.0,95.65306122449105,True,False,2026-03-15 07:39:23.097,30.0,120.0,False,False,False
china_2026_R_01045,china_2026_R,LAW,COL,2026-03-15 07:38:59.017,20,ON_TRACK_PASS,race-distance ordering and target DriverAhead both show the swap,26.470833333334213,4.401,-25.74361111111648,False,6.755555555555475,True,True,2026-03-15 07:39:12.497,13.48,13.48,13.48,13.48,False,108.0,,True,False,2026-03-15 07:39:29.017,30.0,120.0,False,False,False
china_2026_R_01046,china_2026_R,BEA,LAW,2026-03-15 07:38:59.657,20,ON_TRACK_PASS,race-distance ordering and target DriverAhead both show the swap,10.422222222225173,3.761,-11.101111111114733,False,5.733333333333576,True,True,2026-03-15 07:39:03.697,4.04,4.04,4.04,4.04,False,164.0,-52.00000000000301,True,False,2026-03-15 07:39:29.657,30.0,120.0,False,False,False
china_2026_R_01047,china_2026_R,BEA,COL,2026-03-15 07:39:03.697,20,CLOSE_INTERACTION_NO_PASS,"valid close battle, no pairwise order change inside the horizon",40.58027777778034,13.121,-40.53194444444671,False,8.399999999999636,False,False,,,,46.921,,False,223.0,,True,False,2026-03-15 07:39:33.697,30.0,120.0,False,False,False
china_2026_R_01048,china_2026_R,HUL,VER,2026-03-15 07:39:11.377,20,ON_TRACK_PASS,race-distance ordering and target DriverAhead both show the swap,15.814166666666551,9.841,-15.883055555561441,False,12.878333333333103,True,True,2026-03-15 07:39:37.218,25.841,25.841,25.841,25.841,False,106.0,,True,False,2026-03-15 07:39:41.377,30.0,120.0,False,False,False
china_2026_R_01049,china_2026_R,SAI,GAS,2026-03-15 07:39:12.057,20,ON_TRACK_PASS,race-distance ordering and target DriverAhead both show the swap,91.39500000000226,24.241,-91.34333333332324,False,18.088888888888505,True,True,2026-03-15 07:39:36.618,24.561,24.561,24.561,24.561,False,115.0,103.5111473626976,True,False,2026-03-15 07:39:42.057,30.0,120.0,False,False,False
china_2026_R_01050,china_2026_R,COL,LAW,2026-03-15 07:39:12.497,20,ON_TRACK_PASS,race-distance ordering and target DriverAhead both show the swap,14.839166666665278,4.321,-15.566388888895744,False,8.444444444444798,True,True,2026-03-15 07:39:17.297,4.8,4.8,4.8,4.8,False,258.0,,True,False,2026-03-15 07:39:42.497,30.0,120.0,False,False,False
china_2026_R_01051,china_2026_R,LIN,BEA,2026-03-15 07:39:20.498,20,UNCERTAIN,"only one of the two order-change signals fired (distance=True, driver_ahead=False)",57.86111111110722,3.319,-57.921111111107166,False,12.699999999999818,True,False,2026-03-15 07:39:36.898,16.4,16.4,118.88,118.88,True,103.0,,True,False,2026-03-15 07:39:50.498,30.0,120.0,False,False,False
china_2026_R_01052,china_2026_R,HAM,ANT,2026-03-15 07:39:21.018,20,CLOSE_INTERACTION_NO_PASS,"valid close battle, no pairwise order change inside the horizon",94.18194444444362,12.28,-93.91416666666919,False,14.0,False,False,,,,,,False,139.0,65.68077511473665,True,False,2026-03-15 07:39:51.018,30.0,120.0,False,False,False
china_2026_R_01053,china_2026_R,VER,OCO,2026-03-15 07:39:21.378,20,CLOSE_INTERACTION_NO_PASS,"valid close battle, no pairwise order change inside the horizon; the pair did swap 61.6 s after t0, outside it",50.217777777776064,15.52,-50.6472222222219,False,11.99999999999909,False,False,,,61.64,33.92,61.64,True,255.0,,True,False,2026-03-15 07:39:51.378,30.0,120.0,False,False,False
china_2026_R_01054,china_2026_R,LEC,HAM,2026-03-15 07:39:22.378,20,CLOSE_INTERACTION_NO_PASS,"valid close battle, no pairwise order change inside the horizon",98.39055555555387,13.6,-98.2633333333215,False,15.800000000000182,False,False,,,,,,False,155.0,67.51063829787046,True,False,2026-03-15 07:39:52.378,30.0,120.0,False,False,False
china_2026_R_01055,china_2026_R,BEA,VER,2026-03-15 07:39:24.777,20,CLOSE_INTERACTION_NO_PASS,"valid close battle, no pairwise order change inside the horizon",60.04500000000553,10.321,-60.053888888898655,False,8.16666666666606,False,False,,,,30.521,,False,310.0,,True,False,2026-03-15 07:39:54.777,30.0,120.0,False,False,False
china_2026_R_01056,china_2026_R,HUL,BEA,2026-03-15 07:39:25.377,20,ON_TRACK_PASS,race-distance ordering and target DriverAhead both show the swap,12.94638888888403,9.721,-13.00638888888352,False,18.400000000000546,True,True,2026-03-15 07:39:35.378,10.001,10.001,10.001,10.001,False,333.0,-40.99999999999852,True,False,2026-03-15 07:39:55.377,30.0,120.0,False,False,False
china_2026_R_01057,china_2026_R,LAW,HUL,2026-03-15 07:39:25.817,20,ON_TRACK_PASS,race-distance ordering and target DriverAhead both show the swap,12.163611111108366,6.961,-11.424722222218406,False,9.800000000001091,True,True,2026-03-15 07:39:38.977,13.16,13.16,13.16,13.16,False,302.0,-38.38461538461091,True,False,2026-03-15 07:39:55.817,30.0,120.0,False,False,False
china_2026_R_01058,china_2026_R,LIN,LAW,2026-03-15 07:39:26.418,20,ON_TRACK_PASS,race-distance ordering and target DriverAhead both show the swap,99.57027777777876,6.6,-100.30916666665871,False,8.16666666666788,True,True,2026-03-15 07:39:33.298,6.88,6.88,6.88,6.88,False,268.0,16.757464960387775,True,False,2026-03-15 07:39:56.418,30.0,120.0,False,False,False
china_2026_R_01059,china_2026_R,PER,BOT,2026-03-15 07:39:29.978,20,ON_TRACK_PASS,race-distance ordering and target DriverAhead both show the swap,95.2716666666688,3.76,-95.34388888889225,False,14.17777777777792,True,True,2026-03-15 07:39:34.058,4.08,4.08,4.08,4.08,False,96.0,20.31914893617147,True,False,2026-03-15 07:39:59.978,30.0,120.0,False,False,False
china_2026_R_01060,china_2026_R,OCO,COL,2026-03-15 07:39:32.577,20,CLOSE_INTERACTION_NO_PASS,"valid close battle, no pairwise order change inside the horizon; the pair did swap 102.0 s after t0, outside it",99.36472222222528,18.24,-98.87805555555678,False,18.399999999999636,False,False,,,101.961,31.361,101.961,True,298.0,18.521739130432174,True,False,2026-03-15 07:40:02.577,30.0,120.0,False,False,False
china_2026_R_01061,china_2026_R,LAW,LIN,2026-03-15 07:39:34.818,20,CLOSE_INTERACTION_NO_PASS,"valid close battle, no pairwise order change inside the horizon",10.162222222223136,3.039,-9.42333333332499,False,7.2111111111107675,False,False,,,,119.24,,False,327.0,-20.13157894736842,True,False,2026-03-15 07:40:04.818,30.0,120.0,False,False,False
china_2026_R_01062,china_2026_R,HAD,GAS,2026-03-15 07:39:36.618,20,CLOSE_INTERACTION_NO_PASS,"valid close battle, no pairwise order change inside the horizon",68.79749999999876,3.36,-68.48249999999825,False,7.199999999998909,False,False,,,,46.8,,False,291.0,,True,False,2026-03-15 07:40:06.618,30.0,120.0,False,False,False
china_2026_R_01063,china_2026_R,GAS,SAI,2026-03-15 07:39:37.457,20,ON_TRACK_PASS,race-distance ordering and target DriverAhead both show the swap,12.124444444440996,3.361,-12.17611111109727,False,18.100000000001273,True,True,2026-03-15 07:39:40.978,3.521,3.521,3.521,3.521,False,343.0,-51.999999999997264,True,False,2026-03-15 07:40:07.457,30.0,120.0,False,False,False
china_2026_R_01064,china_2026_R,SAI,LAW,2026-03-15 07:39:42.578,20,UNCERTAIN,"only one of the two order-change signals fired (distance=False, driver_ahead=True)",38.349444444450455,24.52,-39.03666666668141,False,30.577777777777726,False,True,2026-03-15 07:40:07.298,24.72,96.8,24.72,96.8,True,77.0,,True,False,2026-03-15 07:40:12.578,30.0,120.0,False,False,False
china_2026_R_01065,china_2026_R,HUL,VER,2026-03-15 07:39:45.017,20,UNCERTAIN,"only one of the two order-change signals fired (distance=True, driver_ahead=False)",62.27638888889305,3.921,-62.345277777771116,False,6.66666666666606,True,False,2026-03-15 07:40:02.338,17.321,17.321,,,False,192.0,,True,False,2026-03-15 07:40:15.017,30.0,120.0,False,False,False
china_2026_R_01066,china_2026_R,LAW,BEA,2026-03-15 07:39:45.017,20,UNCERTAIN,"only one of the two order-change signals fired (distance=True, driver_ahead=False)",39.90222222221746,3.921,-39.2233333333279,False,6.888888888889596,True,False,2026-03-15 07:40:00.498,15.481,15.481,,,False,119.0,,True,False,2026-03-15 07:40:15.017,30.0,120.0,False,False,False
china_2026_R_01067,china_2026_R,BEA,HUL,2026-03-15 07:39:45.177,20,ON_TRACK_PASS,race-distance ordering and target DriverAhead both show the swap,11.654166666668061,3.761,-11.594166666662204,False,9.900000000000546,True,True,2026-03-15 07:39:49.298,4.121,4.121,4.121,4.121,False,219.0,-98.99999999999181,True,False,2026-03-15 07:40:15.177,30.0,120.0,False,False,False
china_2026_R_01068,china_2026_R,COL,GAS,2026-03-15 07:39:46.018,20,ON_TRACK_PASS,race-distance ordering and target DriverAhead both show the swap,17.939166666668825,3.96,-17.927499999990687,False,12.444444444444343,True,True,2026-03-15 07:40:03.938,17.92,29.56,17.92,29.56,False,291.0,-151.81795511221966,True,False,2026-03-15 07:40:16.018,30.0,120.0,False,False,False
china_2026_R_01069,china_2026_R,OCO,BEA,2026-03-15 07:39:51.097,21,ON_TRACK_PASS,race-distance ordering and target DriverAhead both show the swap,39.67250000000001,7.24,-38.65000000000873,False,7.811111111111018,True,True,2026-03-15 07:39:59.258,8.161,8.161,8.161,8.161,False,260.0,,True,False,2026-03-15 07:40:21.097,30.0,120.0,False,False,False
china_2026_R_01070,china_2026_R,GAS,VER,2026-03-15 07:39:52.097,21,ON_TRACK_PASS,race-distance ordering and target DriverAhead both show the swap,59.56999999999999,11.121,-59.75333333334129,False,10.600000000000023,True,True,2026-03-15 07:40:03.498,11.401,11.401,11.401,11.401,False,308.0,,True,False,2026-03-15 07:40:22.097,30.0,120.0,False,False,False
china_2026_R_01071,china_2026_R,ALO,PER,2026-03-15 07:39:54.778,20,UNCERTAIN,"only one of the two order-change signals fired (distance=True, driver_ahead=False)",10.999166666668316,10.679,-10.723611111112405,False,15.605833333333067,True,False,2026-03-15 07:40:17.857,23.079,23.079,,,False,167.0,-82.00000000001,True,False,2026-03-15 07:40:24.778,30.0,120.0,False,False,False
china_2026_R_01072,china_2026_R,HAD,SAI,2026-03-15 07:39:56.298,21,ON_TRACK_PASS,race-distance ordering and target DriverAhead both show the swap,28.60305555555556,10.0,-28.103333333332557,False,9.95555555555552,True,True,2026-03-15 07:40:00.738,4.44,4.44,4.44,4.44,False,275.0,183.17083333332292,True,False,2026-03-15 07:40:26.298,30.0,120.0,False,False,False
china_2026_R_01073,china_2026_R,HUL,GAS,2026-03-15 07:39:56.978,21,ON_TRACK_PASS,race-distance ordering and target DriverAhead both show the swap,99.6730555555555,6.24,-99.24083333332965,False,29.42083333333329,True,True,2026-03-15 07:40:13.338,16.36,16.36,16.36,16.36,False,291.0,7.897959183673596,True,False,2026-03-15 07:40:26.978,30.0,120.0,False,False,False
china_2026_R_01074,china_2026_R,BEA,OCO,2026-03-15 07:40:02.018,21,ON_TRACK_PASS,race-distance ordering and target DriverAhead both show the swap,10.321666666666601,11.6,-11.344166666662204,False,1.7777777777778283,True,True,2026-03-15 07:40:13.858,11.84,11.84,11.84,11.84,False,113.0,-13.249999999999888,True,False,2026-03-15 07:40:32.018,30.0,120.0,False,False,False
china_2026_R_01075,china_2026_R,HAM,ANT,2026-03-15 07:40:03.658,21,CLOSE_INTERACTION_NO_PASS,"valid close battle, no pairwise order change inside the horizon",97.35027777777873,5.68,-97.33361111111299,False,11.244444444444525,False,False,,,,,,False,130.0,74.70731707316966,True,False,2026-03-15 07:40:33.658,30.0,120.0,False,False,False
china_2026_R_01076,china_2026_R,HAD,LIN,2026-03-15 07:40:06.458,21,INVALID,no causal target sample at t0,37.30722222222255,5.039,,False,2.533333333333303,False,False,,,,,,False,,,True,False,2026-03-15 07:40:36.458,30.0,120.0,False,False,False
china_2026_R_01077,china_2026_R,SAI,HUL,2026-03-15 07:40:07.298,21,CLOSE_INTERACTION_NO_PASS,"valid close battle, no pairwise order change inside the horizon",49.654722222222745,4.679,-50.08694444443972,False,3.3999999999999773,False,False,,,,,,False,114.0,,True,False,2026-03-15 07:40:37.298,30.0,120.0,False,False,False
china_2026_R_01078,china_2026_R,HAD,LAW,2026-03-15 07:40:08.578,21,CLOSE_INTERACTION_NO_PASS,"valid close battle, no pairwise order change inside the horizon",28.093333333333362,3.76,-27.840555555565516,False,8.717499999999859,False,False,,,,,,False,95.0,,True,False,2026-03-15 07:40:38.578,30.0,120.0,False,False,False
china_2026_R_01079,china_2026_R,VER,BEA,2026-03-15 07:40:09.818,21,ON_TRACK_PASS,race-distance ordering and target DriverAhead both show the swap,13.219166666666297,3.8,-13.038333333330229,False,1.6000000000003638,True,True,2026-03-15 07:40:16.778,6.96,6.96,6.96,6.96,False,136.0,,True,False,2026-03-15 07:40:39.818,30.0,120.0,False,False,False
china_2026_R_01080,china_2026_R,PER,BOT,2026-03-15 07:40:10.458,21,CLOSE_INTERACTION_NO_PASS,"valid close battle, no pairwise order change inside the horizon; the pair did swap 62.1 s after t0, outside it",99.83999999999997,14.279,-99.79111111111706,False,6.2999999999999545,False,False,,,62.12,62.12,62.12,True,189.0,74.14893617021278,True,False,2026-03-15 07:40:40.458,30.0,120.0,False,False,False
china_2026_R_01081,china_2026_R,LAW,LIN,2026-03-15 07:40:13.338,21,INVALID,no causal target sample at t0,10.384722222222535,9.32,,False,6.400000000000091,False,False,,,,,,False,,-22.972517176764548,True,False,2026-03-15 07:40:43.338,30.0,120.0,False,False,False
china_2026_R_01082,china_2026_R,SAI,LAW,2026-03-15 07:40:13.618,21,ON_TRACK_PASS,race-distance ordering and target DriverAhead both show the swap,12.278888888888787,6.08,-12.52583333333314,False,6.5555555555553156,True,True,2026-03-15 07:40:24.378,10.76,10.76,10.76,10.76,False,131.0,-38.07407407407443,True,False,2026-03-15 07:40:43.618,30.0,120.0,False,False,False
china_2026_R_01083,china_2026_R,GAS,HUL,2026-03-15 07:40:13.858,21,ON_TRACK_PASS,race-distance ordering and target DriverAhead both show the swap,15.376944444444916,4.88,-15.809166666673264,False,13.777777777778056,True,True,2026-03-15 07:40:40.138,26.28,26.28,26.28,26.28,False,206.0,-79.53846153846266,True,False,2026-03-15 07:40:43.858,30.0,120.0,False,False,False
china_2026_R_01084,china_2026_R,VER,COL,2026-03-15 07:40:16.778,21,ON_TRACK_PASS,race-distance ordering and target DriverAhead both show the swap,34.599722222222,11.88,-34.45638888888061,False,16.497222222222035,True,True,2026-03-15 07:40:20.338,3.56,3.56,3.56,3.56,False,257.0,,True,False,2026-03-15 07:40:46.778,30.0,120.0,False,False,False
china_2026_R_01085,china_2026_R,HUL,BEA,2026-03-15 07:40:18.738,21,CLOSE_INTERACTION_NO_PASS,"valid close battle, no pairwise order change inside the horizon",87.26027777777858,3.92,-86.8305555555562,False,18.333333333333258,False,False,,,,,,False,121.0,122.23828124999898,True,False,2026-03-15 07:40:48.738,30.0,120.0,False,False,False
china_2026_R_01086,china_2026_R,HUL,OCO,2026-03-15 07:40:23.018,21,CLOSE_INTERACTION_NO_PASS,"valid close battle, no pairwise order change inside the horizon",35.489166666666506,3.64,-36.08194444444962,False,6.755555555555475,False,False,,,,78.96,,False,127.0,,True,False,2026-03-15 07:40:53.018,30.0,120.0,False,False,False
china_2026_R_01087,china_2026_R,OCO,BEA,2026-03-15 07:40:24.378,21,CLOSE_INTERACTION_NO_PASS,"valid close battle, no pairwise order change inside the horizon; the pair did swap 50.2 s after t0, outside it",11.060000000000628,4.28,-10.03750000000582,False,3.2222222222219443,False,False,,,50.16,50.16,50.16,True,215.0,-25.11764705882336,True,False,2026-03-15 07:40:54.378,30.0,120.0,False,False,False
china_2026_R_01088,china_2026_R,HAD,SAI,2026-03-15 07:40:26.658,21,CLOSE_INTERACTION_NO_PASS,"valid close battle, no pairwise order change inside the horizon",46.94083333333401,51.72,-46.44111111111124,False,9.644444444444161,False,False,,,,72.84,,False,82.0,,True,False,2026-03-15 07:40:56.658,30.0,120.0,False,False,False
china_2026_R_01089,china_2026_R,OCO,VER,2026-03-15 07:40:28.898,21,CLOSE_INTERACTION_NO_PASS,"valid close battle, no pairwise order change inside the horizon; the pair did swap 44.5 s after t0, outside it",17.865277777777692,3.48,-17.023611111115315,False,0.8536111111111495,False,False,,,44.52,44.52,44.52,True,234.0,,True,False,2026-03-15 07:40:58.898,30.0,120.0,False,False,False
china_2026_R_01090,china_2026_R,BEA,COL,2026-03-15 07:40:28.898,21,CLOSE_INTERACTION_NO_PASS,"valid close battle, no pairwise order change inside the horizon; the pair did swap 43.2 s after t0, outside it",33.709722222220535,3.48,-33.74722222222772,False,0.8888888888886868,False,False,,,43.16,43.16,43.16,True,242.0,,True,False,2026-03-15 07:40:58.898,30.0,120.0,False,False,False
china_2026_R_01091,china_2026_R,ALO,PER,2026-03-15 07:40:33.538,21,CLOSE_INTERACTION_NO_PASS,"valid close battle, no pairwise order change inside the horizon",89.08500000000072,5.32,-89.35722222221375,False,11.499999999999773,False,False,,,,,,False,95.0,115.54761904761854,True,False,2026-03-15 07:41:03.538,30.0,120.0,False,False,False
china_2026_R_01092,china_2026_R,GAS,VER,2026-03-15 07:40:40.938,21,ON_TRACK_PASS,race-distance ordering and target DriverAhead both show the swap,16.809166666670535,5.04,-16.992500000007567,False,5.444444444444798,True,True,2026-03-15 07:40:41.818,0.88,0.88,0.88,0.88,False,135.0,,True,False,2026-03-15 07:41:10.938,30.0,120.0,False,False,False
china_2026_R_01093,china_2026_R,VER,BEA,2026-03-15 07:40:42.498,21,ON_TRACK_PASS,race-distance ordering and target DriverAhead both show the swap,10.341111111111331,5.44,-10.160277777787996,False,4.355555555555384,True,True,2026-03-15 07:40:48.098,5.6,5.6,5.6,5.6,False,205.0,-15.931818181820745,True,False,2026-03-15 07:41:12.498,30.0,120.0,False,False,False
china_2026_R_01094,china_2026_R,PER,BOT,2026-03-15 07:40:47.658,21,ON_TRACK_PASS,race-distance ordering and target DriverAhead both show the swap,99.74361111111057,7.32,-99.69472222222248,False,5.622222222222263,True,True,2026-03-15 07:41:12.578,24.92,24.92,24.92,24.92,False,159.0,31.239999999999693,True,False,2026-03-15 07:41:17.658,30.0,120.0,False,False,False
china_2026_R_01095,china_2026_R,VER,COL,2026-03-15 07:40:48.098,21,ON_TRACK_PASS,race-distance ordering and target DriverAhead both show the swap,14.32722222222128,7.64,-14.18388888888876,False,7.1111111111108585,True,True,2026-03-15 07:40:49.418,1.32,1.32,1.32,1.32,False,128.0,,True,False,2026-03-15 07:41:18.098,30.0,120.0,False,False,False
china_2026_R_01096,china_2026_R,LAW,HUL,2026-03-15 07:40:52.978,21,CLOSE_INTERACTION_NO_PASS,"valid close battle, no pairwise order change inside the horizon",62.32055555555462,3.88,-62.505833333329065,False,3.666666666666515,False,False,,,,,,False,94.0,,True,False,2026-03-15 07:41:22.978,30.0,120.0,False,False,False
china_2026_R_01097,china_2026_R,HUL,GAS,2026-03-15 07:40:56.858,21,ON_TRACK_PASS,race-distance ordering and target DriverAhead both show the swap,43.293611111108476,5.92,-42.861388888879446,False,4.266666666665969,True,True,2026-03-15 07:41:03.098,6.24,6.24,6.24,6.24,False,151.0,,True,False,2026-03-15 07:41:26.858,30.0,120.0,False,False,False
china_2026_R_01098,china_2026_R,HAM,ANT,2026-03-15 07:40:57.738,21,CLOSE_INTERACTION_NO_PASS,"valid close battle, no pairwise order change inside the horizon",93.67249999999603,14.08,-93.6558333333378,False,16.952777777777555,False,False,,,,,,False,165.0,63.74000000000069,True,False,2026-03-15 07:41:27.738,30.0,120.0,False,False,False
china_2026_R_01099,china_2026_R,GAS,OCO,2026-03-15 07:40:58.097,21,ON_TRACK_PASS,race-distance ordering and target DriverAhead both show the swap,12.526388888893507,4.681,-13.551388888896327,False,6.016666666666424,True,True,2026-03-15 07:41:16.058,17.961,17.961,17.961,17.961,False,196.0,-35.056497175141125,True,False,2026-03-15 07:41:28.097,30.0,120.0,False,False,False
china_2026_R_01100,china_2026_R,LEC,HAM,2026-03-15 07:40:58.458,21,CLOSE_INTERACTION_NO_PASS,"valid close battle, no pairwise order change inside the horizon",95.58722222222514,87.64,-95.43055555556202,False,17.600000000000136,False,False,,,,,,False,256.0,14.238043478260451,True,False,2026-03-15 07:41:28.458,30.0,120.0,False,False,False
china_2026_R_01101,china_2026_R,HUL,OCO,2026-03-15 07:41:03.098,21,CLOSE_INTERACTION_NO_PASS,"valid close battle, no pairwise order change inside the horizon",83.98944444444487,4.92,-84.58222222221957,False,2.0000000000013642,False,False,,,,38.88,,False,298.0,,True,False,2026-03-15 07:41:33.098,30.0,120.0,False,False,False
china_2026_R_01102,china_2026_R,GAS,HUL,2026-03-15 07:41:04.498,21,ON_TRACK_PASS,race-distance ordering and target DriverAhead both show the swap,10.798055555558676,7.56,-11.23027777778043,False,4.9999999999990905,True,True,2026-03-15 07:41:12.258,7.76,7.76,7.76,7.76,False,304.0,-24.142857142854286,True,False,2026-03-15 07:41:34.498,30.0,120.0,False,False,False
china_2026_R_01103,china_2026_R,LAW,LIN,2026-03-15 07:41:05.498,21,INVALID,no causal target sample at t0,10.476944444445508,5.961,,False,2.300000000000182,False,False,,,,,,False,,-12.238999999999852,True,False,2026-03-15 07:41:35.498,30.0,120.0,False,False,False
china_2026_R_01104,china_2026_R,COL,BEA,2026-03-15 07:41:12.578,21,CLOSE_INTERACTION_NO_PASS,"valid close battle, no pairwise order change inside the horizon",19.050000000000182,5.2,-19.01250000001164,False,9.777777777778283,False,False,,,,,,False,330.0,-103.84615384615385,True,False,2026-03-15 07:41:42.578,30.0,120.0,False,False,False
china_2026_R_01105,china_2026_R,ALO,BOT,2026-03-15 07:41:12.578,21,ON_TRACK_PASS,race-distance ordering and target DriverAhead both show the swap,79.66638888888792,6.04,-79.88972222222947,False,10.111111111111313,True,True,2026-03-15 07:41:29.298,16.72,16.72,16.72,16.72,False,96.0,,True,False,2026-03-15 07:41:42.578,30.0,120.0,False,False,False
china_2026_R_01106,china_2026_R,BOT,PER,2026-03-15 07:41:12.738,21,CLOSE_INTERACTION_NO_PASS,"valid close battle, no pairwise order change inside the horizon",12.621944444447763,15.36,-12.670833333337214,False,14.666666666665606,False,False,,,,32.001,,False,201.0,-104.99999999998636,True,False,2026-03-15 07:41:42.738,30.0,120.0,False,False,False
china_2026_R_01107,china_2026_R,HUL,VER,2026-03-15 07:41:15.218,21,UNCERTAIN,"only one of the two order-change signals fired (distance=True, driver_ahead=False)",36.67555555555737,15.921,-36.42666666668083,False,10.693333333334522,True,False,2026-03-15 07:41:41.978,26.76,26.76,,,False,86.0,,True,False,2026-03-15 07:41:45.218,30.0,120.0,False,False,False
china_2026_R_01108,china_2026_R,COL,OCO,2026-03-15 07:41:18.099,21,ON_TRACK_PASS,race-distance ordering and target DriverAhead both show the swap,38.363055555561004,9.279,-39.34805555555795,False,8.703333333332921,True,True,2026-03-15 07:41:27.658,9.559,9.559,9.559,9.559,False,76.0,,True,False,2026-03-15 07:41:48.099,30.0,120.0,False,False,False
china_2026_R_01109,china_2026_R,OCO,BEA,2026-03-15 07:41:18.618,21,CLOSE_INTERACTION_NO_PASS,"valid close battle, no pairwise order change inside the horizon",11.432222222217206,8.76,-10.409722222218988,False,8.0,False,False,,,95.28,,,False,161.0,-68.15028901733346,True,False,2026-03-15 07:41:48.618,30.0,120.0,False,False,False
china_2026_R_01110,china_2026_R,SAI,HUL,2026-03-15 07:41:18.618,21,CLOSE_INTERACTION_NO_PASS,"valid close battle, no pairwise order change inside the horizon",27.69250000000102,4.48,-28.124722222230048,False,15.644444444444161,False,False,,,,,,False,65.0,,True,False,2026-03-15 07:41:48.618,30.0,120.0,False,False,False
china_2026_R_01111,china_2026_R,HAD,LAW,2026-03-15 07:41:18.618,21,CLOSE_INTERACTION_NO_PASS,"valid close battle, no pairwise order change inside the horizon",86.22555555555391,5.4,-85.972777777788,False,11.0,False,False,,,,,,False,81.0,,True,False,2026-03-15 07:41:48.618,30.0,120.0,False,False,False
china_2026_R_01112,china_2026_R,LAW,SAI,2026-03-15 07:41:18.618,21,ON_TRACK_PASS,race-distance ordering and target DriverAhead both show the swap,13.22027777778112,5.4,-12.9733333333279,False,7.944444444445253,True,True,2026-03-15 07:41:24.298,5.68,5.68,5.68,5.68,False,335.0,,True,False,2026-03-15 07:41:48.618,30.0,120.0,False,False,False
china_2026_R_01113,china_2026_R,HAD,SAI,2026-03-15 07:41:24.298,21,UNCERTAIN,"only one of the two order-change signals fired (distance=False, driver_ahead=True)",92.70138888888869,7.52,-92.20166666666046,False,2.844444444444889,False,True,2026-03-15 07:41:39.498,15.2,64.44,15.2,64.44,True,135.0,,True,False,2026-03-15 07:41:54.298,30.0,120.0,False,False,False
china_2026_R_01114,china_2026_R,SAI,LAW,2026-03-15 07:41:25.138,21,ON_TRACK_PASS,race-distance ordering and target DriverAhead both show the swap,14.787777777774863,9.48,-15.034722222218988,False,10.144444444445071,True,True,2026-03-15 07:41:28.818,3.68,3.68,3.68,3.68,False,215.0,-60.03452380952565,True,False,2026-03-15 07:41:55.138,30.0,120.0,False,False,False
china_2026_R_01115,china_2026_R,BOT,ALO,2026-03-15 07:41:29.578,21,ON_TRACK_PASS,race-distance ordering and target DriverAhead both show the swap,24.178333333332375,5.24,-23.955000000001746,False,21.599999999999454,True,True,2026-03-15 07:41:35.098,5.52,5.52,5.52,5.52,False,309.0,-245.00000000000128,True,False,2026-03-15 07:41:59.578,30.0,120.0,False,False,False
china_2026_R_01116,china_2026_R,ALO,PER,2026-03-15 07:41:29.898,21,CLOSE_INTERACTION_NO_PASS,"valid close battle, no pairwise order change inside the horizon",82.45388888889192,4.92,-82.72611111111473,False,12.777777777777374,False,False,,,,,,False,85.0,217.00000000000182,True,False,2026-03-15 07:41:59.898,30.0,120.0,False,False,False
china_2026_R_01117,china_2026_R,VER,COL,2026-03-15 07:41:30.098,22,CLOSE_INTERACTION_NO_PASS,"valid close battle, no pairwise order change inside the horizon; the pair did swap 30.0 s after t0, outside it",22.08777777777778,29.72,-21.743333333331975,False,6.555555555555657,False,False,,,30.04,30.04,30.04,True,280.0,,True,False,2026-03-15 07:42:00.098,30.0,120.0,False,False,False
china_2026_R_01118,china_2026_R,GAS,VER,2026-03-15 07:41:32.178,22,ON_TRACK_PASS,race-distance ordering and target DriverAhead both show the swap,67.70472222222222,4.84,-68.04916666666395,False,6.477777777777732,True,True,2026-03-15 07:41:37.258,5.08,5.08,5.08,5.08,False,291.0,,True,False,2026-03-15 07:42:02.178,30.0,120.0,False,False,False
china_2026_R_01119,china_2026_R,OCO,GAS,2026-03-15 07:41:32.818,22,CLOSE_INTERACTION_NO_PASS,"valid close battle, no pairwise order change inside the horizon; the pair did swap 38.6 s after t0, outside it",12.647777777777776,4.2,-12.555277777777519,False,8.188888888888869,False,False,,,38.601,38.601,38.601,True,344.0,-66.6875,True,False,2026-03-15 07:42:02.818,30.0,120.0,False,False,False
china_2026_R_01120,china_2026_R,LIN,LAW,2026-03-15 07:41:34.058,22,CLOSE_INTERACTION_NO_PASS,"valid close battle, no pairwise order change inside the horizon",44.14444444444444,3.881,-44.14444444444962,False,4.527222222222264,False,False,,,85.201,,,False,266.0,,True,False,2026-03-15 07:42:04.058,30.0,120.0,False,False,False
china_2026_R_01121,china_2026_R,SAI,LIN,2026-03-15 07:41:35.098,22,ON_TRACK_PASS,race-distance ordering and target DriverAhead both show the swap,65.58138888888888,5.24,-65.58138888888061,False,12.96666666666664,True,True,2026-03-15 07:41:40.698,5.6,5.6,5.6,5.6,False,241.0,,True,False,2026-03-15 07:42:05.098,30.0,120.0,False,False,False
china_2026_R_01122,china_2026_R,OCO,VER,2026-03-15 07:41:37.258,22,CLOSE_INTERACTION_NO_PASS,"valid close battle, no pairwise order change inside the horizon; the pair did swap 76.0 s after t0, outside it",57.974722222222,4.44,-58.22666666666919,False,3.199999999999932,False,False,,,75.96,75.96,75.96,True,192.0,,True,False,2026-03-15 07:42:07.258,30.0,120.0,False,False,False
china_2026_R_01123,china_2026_R,HAM,ANT,2026-03-15 07:41:40.138,22,CLOSE_INTERACTION_NO_PASS,"valid close battle, no pairwise order change inside the horizon",94.46388888888941,8.08,-94.56472222223238,False,15.100000000000136,False,False,,,,,,False,172.0,34.776009096077374,True,False,2026-03-15 07:42:10.138,30.0,120.0,False,False,False
china_2026_R_01124,china_2026_R,LIN,SAI,2026-03-15 07:41:41.698,22,ON_TRACK_PASS,race-distance ordering and target DriverAhead both show the swap,12.037222222222113,13.16,-12.037222222221317,False,7.2000000000000455,True,True,2026-03-15 07:41:55.018,13.32,13.32,13.32,13.32,False,195.0,-25.8400000000001,True,False,2026-03-15 07:42:11.698,30.0,120.0,False,False,False
china_2026_R_01125,china_2026_R,SAI,HAD,2026-03-15 07:41:41.978,22,CLOSE_INTERACTION_NO_PASS,"valid close battle, no pairwise order change inside the horizon; the pair did swap 77.6 s after t0, outside it",10.841666666666697,12.88,-10.919444444443798,False,3.611111111111086,False,False,,,77.64,77.64,77.64,True,199.0,-11.304347826086945,True,False,2026-03-15 07:42:11.978,30.0,120.0,False,False,False
china_2026_R_01126,china_2026_R,PER,BOT,2026-03-15 07:41:49.218,22,CLOSE_INTERACTION_NO_PASS,"valid close battle, no pairwise order change inside the horizon; the pair did swap 63.0 s after t0, outside it",92.74833333333339,16.56,-92.80194444445078,False,9.434999999999604,False,False,,,62.961,62.961,62.961,True,234.0,39.89583333333343,True,False,2026-03-15 07:42:19.218,30.0,120.0,False,False,False
china_2026_R_01127,china_2026_R,HUL,OCO,2026-03-15 07:41:51.139,22,ON_TRACK_PASS,race-distance ordering and target DriverAhead both show the swap,11.536388888889519,7.839,-11.628888888895744,False,3.822222222222308,True,True,2026-03-15 07:41:59.178,8.039,8.039,8.039,8.039,False,193.0,-23.158432708688565,True,False,2026-03-15 07:42:21.139,30.0,120.0,False,False,False
china_2026_R_01128,china_2026_R,HAD,LAW,2026-03-15 07:42:01.938,22,CLOSE_INTERACTION_NO_PASS,"valid close battle, no pairwise order change inside the horizon",94.61416666666673,4.28,-94.53638888889691,False,21.644999999999982,False,False,,,,,,False,101.0,138.0000000000002,True,False,2026-03-15 07:42:31.938,30.0,120.0,False,False,False
china_2026_R_01129,china_2026_R,GAS,COL,2026-03-15 07:42:06.218,22,ON_TRACK_PASS,race-distance ordering and target DriverAhead both show the swap,91.05027777777832,9.92,-91.05027777778741,False,17.98222222222239,True,True,2026-03-15 07:42:16.418,10.2,10.2,10.2,10.2,False,253.0,,True,False,2026-03-15 07:42:36.218,30.0,120.0,False,False,False
china_2026_R_01130,china_2026_R,VER,BEA,2026-03-15 07:42:06.218,22,CLOSE_INTERACTION_NO_PASS,"valid close battle, no pairwise order change inside the horizon",78.68722222222209,10.6,-78.388611111106,False,3.800000000000182,False,False,,,,,,False,248.0,,True,False,2026-03-15 07:42:36.218,30.0,120.0,False,False,False
china_2026_R_01131,china_2026_R,LIN,HAD,2026-03-15 07:42:07.658,22,CLOSE_INTERACTION_NO_PASS,"valid close battle, no pairwise order change inside the horizon; the pair did swap 49.6 s after t0, outside it",26.12611111111096,13.48,-26.203888888878282,False,4.333333333333485,False,False,,,49.561,49.561,49.561,True,159.0,,True,False,2026-03-15 07:42:37.658,30.0,120.0,False,False,False
china_2026_R_01132,china_2026_R,SAI,LIN,2026-03-15 07:42:08.018,22,ON_TRACK_PASS,race-distance ordering and target DriverAhead both show the swap,13.689722222221462,13.12,-13.689722222217824,False,5.866666666666788,True,True,2026-03-15 07:42:21.418,13.4,13.4,13.4,13.4,False,217.0,-83.55555555555384,True,False,2026-03-15 07:42:38.018,30.0,120.0,False,False,False
china_2026_R_01133,china_2026_R,ALO,PER,2026-03-15 07:42:13.098,22,CLOSE_INTERACTION_NO_PASS,"valid close battle, no pairwise order change inside the horizon",96.90583333333257,5.201,-96.79361111110484,False,11.199999999999818,False,False,,,,,,False,94.0,121.97039305768298,True,False,2026-03-15 07:42:43.098,30.0,120.0,False,False,False
china_2026_R_01134,china_2026_R,LAW,HUL,2026-03-15 07:42:15.818,22,CLOSE_INTERACTION_NO_PASS,"valid close battle, no pairwise order change inside the horizon; the pair did swap 67.5 s after t0, outside it",98.58805555555546,7.0,-98.58805555556319,False,8.266666666666879,False,False,,,67.201,67.521,67.521,True,168.0,43.00000000000213,True,False,2026-03-15 07:42:45.818,30.0,120.0,False,False,False
china_2026_R_01135,china_2026_R,OCO,COL,2026-03-15 07:42:16.418,22,CLOSE_INTERACTION_NO_PASS,"valid close battle, no pairwise order change inside the horizon; the pair did swap 37.1 s after t0, outside it",36.820277777780575,5.56,-36.7277777777781,False,2.2222222222221717,False,False,,,37.12,37.12,37.12,True,128.0,,True,False,2026-03-15 07:42:46.418,30.0,120.0,False,False,False
china_2026_R_01136,china_2026_R,GAS,BEA,2026-03-15 07:42:16.978,22,CLOSE_INTERACTION_NO_PASS,"valid close battle, no pairwise order change inside the horizon; the pair did swap 39.2 s after t0, outside it",51.940555555554965,3.6,-51.986388888894,False,8.355555555555839,False,False,,,39.2,39.2,39.2,True,121.0,,True,False,2026-03-15 07:42:46.978,30.0,120.0,False,False,False
china_2026_R_01137,china_2026_R,COL,VER,2026-03-15 07:42:18.099,22,CLOSE_INTERACTION_NO_PASS,"valid close battle, no pairwise order change inside the horizon; the pair did swap 33.4 s after t0, outside it",10.540555555553055,16.439,-10.884999999994761,False,9.199999999999818,False,False,,,33.4,33.4,33.4,True,113.0,-1.6909739928610563,True,False,2026-03-15 07:42:48.099,30.0,120.0,False,False,False
china_2026_R_01138,china_2026_R,SAI,HAD,2026-03-15 07:42:21.418,22,CLOSE_INTERACTION_NO_PASS,"valid close battle, no pairwise order change inside the horizon; the pair did swap 38.2 s after t0, outside it",41.09583333333103,3.881,-41.173611111109494,False,3.66666666666697,False,False,,,38.2,38.2,38.2,True,166.0,,True,False,2026-03-15 07:42:51.418,30.0,120.0,False,False,False
china_2026_R_01139,china_2026_R,OCO,GAS,2026-03-15 07:42:22.338,22,ON_TRACK_PASS,race-distance ordering and target DriverAhead both show the swap,43.58666666666977,5.24,-43.49416666665638,False,7.866666666666788,True,True,2026-03-15 07:42:39.098,16.76,16.76,16.76,16.76,False,151.0,,True,False,2026-03-15 07:42:52.338,30.0,120.0,False,False,False
china_2026_R_01140,china_2026_R,PER,BOT,2026-03-15 07:42:25.299,22,ON_TRACK_PASS,race-distance ordering and target DriverAhead both show the swap,98.25694444444616,10.839,-98.31055555556668,False,3.9111111111105856,True,True,2026-03-15 07:42:52.179,26.88,26.88,26.88,26.88,False,194.0,12.569303985722186,True,False,2026-03-15 07:42:55.299,30.0,120.0,False,False,False
china_2026_R_01141,china_2026_R,VER,GAS,2026-03-15 07:42:28.738,22,ON_TRACK_PASS,race-distance ordering and target DriverAhead both show the swap,13.019722222224118,5.8,-12.675277777787414,False,8.677777777778374,True,True,2026-03-15 07:42:34.978,6.24,6.24,6.24,6.24,False,208.0,-121.99999999999272,True,False,2026-03-15 07:42:58.738,30.0,120.0,False,False,False
china_2026_R_01142,china_2026_R,HUL,COL,2026-03-15 07:42:29.178,22,CLOSE_INTERACTION_NO_PASS,"valid close battle, no pairwise order change inside the horizon; the pair did swap 49.3 s after t0, outside it",17.08555555555722,5.36,-17.085555555546307,False,3.5555555555556566,False,False,,,49.281,48.881,49.281,True,90.0,,True,False,2026-03-15 07:42:59.178,30.0,120.0,False,False,False
china_2026_R_01143,china_2026_R,LAW,OCO,2026-03-15 07:42:29.658,22,CLOSE_INTERACTION_NO_PASS,"valid close battle, no pairwise order change inside the horizon; the pair did swap 51.8 s after t0, outside it",92.24972222221868,4.88,-92.34222222221433,False,7.388888888888687,False,False,,,51.84,51.52,51.84,True,89.0,163.00000000000182,True,False,2026-03-15 07:42:59.658,30.0,120.0,False,False,False
china_2026_R_01144,china_2026_R,LEC,HAM,2026-03-15 07:42:29.858,22,CLOSE_INTERACTION_NO_PASS,"valid close battle, no pairwise order change inside the horizon",99.79555555555407,201.921,-100.00777777777694,False,12.796388888879221,False,False,,,,,,False,315.0,3.9574468085131347,True,False,2026-03-15 07:42:59.858,30.0,120.0,False,False,False
china_2026_R_01145,china_2026_R,LIN,SAI,2026-03-15 07:42:33.378,22,ON_TRACK_PASS,race-distance ordering and target DriverAhead both show the swap,16.58388888888976,6.36,-16.58388888889749,False,6.733333333333576,True,True,2026-03-15 07:42:40.058,6.68,6.68,6.68,6.68,False,190.0,-101.00000000000364,True,False,2026-03-15 07:43:03.378,30.0,120.0,False,False,False
china_2026_R_01146,china_2026_R,HAM,ANT,2026-03-15 07:42:34.978,22,CLOSE_INTERACTION_NO_PASS,"valid close battle, no pairwise order change inside the horizon",78.35638888889025,13.24,-78.45722222223412,False,10.133333333334122,False,False,,,,,,False,110.0,115.95652173912819,True,False,2026-03-15 07:43:04.978,30.0,120.0,False,False,False
china_2026_R_01147,china_2026_R,HUL,OCO,2026-03-15 07:42:37.099,22,CLOSE_INTERACTION_NO_PASS,"valid close battle, no pairwise order change inside the horizon; the pair did swap 41.6 s after t0, outside it",10.458888888885667,15.959,-10.551388888881775,False,7.975000000000364,False,False,,,41.64,40.28,41.64,True,188.0,-16.042165538781607,True,False,2026-03-15 07:43:07.099,30.0,120.0,False,False,False
china_2026_R_01148,china_2026_R,LIN,HAD,2026-03-15 07:42:40.058,22,ON_TRACK_PASS,race-distance ordering and target DriverAhead both show the swap,40.513333333335595,16.921,-40.59111111111997,False,4.1213888888887595,True,True,2026-03-15 07:42:57.219,17.161,17.161,17.161,17.161,False,150.0,,True,False,2026-03-15 07:43:10.058,30.0,120.0,False,False,False
china_2026_R_01149,china_2026_R,SAI,LIN,2026-03-15 07:42:40.498,22,CLOSE_INTERACTION_NO_PASS,"valid close battle, no pairwise order change inside the horizon",10.037777777776682,6.44,-10.037777777775773,False,8.0,False,False,,,,,,False,183.0,-48.09090909091248,True,False,2026-03-15 07:43:10.498,30.0,120.0,False,False,False
china_2026_R_01150,china_2026_R,GAS,HUL,2026-03-15 07:42:40.738,22,ON_TRACK_PASS,race-distance ordering and target DriverAhead both show the swap,10.493055555555202,13.48,-10.493055555562023,False,16.088888888889414,True,True,2026-03-15 07:42:54.458,13.72,13.72,13.72,13.72,False,257.0,-37.35294117647353,True,False,2026-03-15 07:43:10.738,30.0,120.0,False,False,False
china_2026_R_01151,china_2026_R,ALO,PER,2026-03-15 07:42:43.539,22,CLOSE_INTERACTION_NO_PASS,"valid close battle, no pairwise order change inside the horizon",85.03999999999633,8.32,-84.92777777777519,False,20.08888888888896,False,False,,,,,,False,96.0,116.67402672864704,True,False,2026-03-15 07:43:13.539,30.0,120.0,False,False,False
china_2026_R_01152,china_2026_R,ALO,BOT,2026-03-15 07:42:52.179,22,ON_TRACK_PASS,race-distance ordering and target DriverAhead both show the swap,90.16444444444232,3.399,-90.10583333333489,False,9.688888888889323,True,True,2026-03-15 07:42:55.818,3.6390000000000002,3.6390000000000002,3.6390000000000002,3.6390000000000002,False,96.0,,True,False,2026-03-15 07:43:22.179,30.0,120.0,False,False,False
china_2026_R_01153,china_2026_R,VER,COL,2026-03-15 07:42:52.499,22,ON_TRACK_PASS,race-distance ordering and target DriverAhead both show the swap,15.637499999998909,6.959,-15.293055555550382,False,8.266666666667334,True,True,2026-03-15 07:42:59.618,7.119,7.119,7.119,7.119,False,236.0,-54.23999999999978,True,False,2026-03-15 07:43:22.499,30.0,120.0,False,False,False
china_2026_R_01154,china_2026_R,HUL,VER,2026-03-15 07:42:53.218,22,UNCERTAIN,"only one of the two order-change signals fired (distance=True, driver_ahead=False)",49.163333333336595,5.241,-49.50777777777694,False,10.100000000000364,True,False,2026-03-15 07:43:18.459,25.241,25.241,35.24,35.24,True,104.0,,True,False,2026-03-15 07:43:23.218,30.0,120.0,False,False,False
china_2026_R_01155,china_2026_R,OCO,BEA,2026-03-15 07:42:53.538,22,CLOSE_INTERACTION_NO_PASS,"valid close battle, no pairwise order change inside the horizon",49.194444444443434,4.081,-49.147777777776355,False,19.955555555556202,False,False,,,,,,False,70.0,,True,False,2026-03-15 07:43:23.538,30.0,120.0,False,False,False
china_2026_R_01156,china_2026_R,COL,OCO,2026-03-15 07:42:53.898,22,ON_TRACK_PASS,race-distance ordering and target DriverAhead both show the swap,10.511388888889087,5.56,-10.603888888901565,False,3.4666666666671517,True,True,2026-03-15 07:42:59.618,5.72,5.72,5.72,5.72,False,121.0,-30.000000000000004,True,False,2026-03-15 07:43:23.898,30.0,120.0,False,False,False
china_2026_R_01157,china_2026_R,LAW,HUL,2026-03-15 07:42:55.418,22,ON_TRACK_PASS,race-distance ordering and target DriverAhead both show the swap,82.9583333333303,7.04,-82.95833333332848,False,23.699999999999818,True,True,2026-03-15 07:43:23.019,27.601,27.601,27.921,27.921,False,72.0,213.9583333333303,True,False,2026-03-15 07:43:25.418,30.0,120.0,False,False,False
china_2026_R_01158,china_2026_R,SAI,LAW,2026-03-15 07:42:59.618,22,CLOSE_INTERACTION_NO_PASS,"valid close battle, no pairwise order change inside the horizon",63.02444444444245,3.841,-63.02444444443972,False,16.466666666666242,False,False,,,,,,False,70.0,,True,False,2026-03-15 07:43:29.618,30.0,120.0,False,False,False
china_2026_R_01159,china_2026_R,HAD,SAI,2026-03-15 07:42:59.858,22,ON_TRACK_PASS,race-distance ordering and target DriverAhead both show the swap,24.026388888891233,4.801,-23.948611111118225,False,16.86666666666588,True,True,2026-03-15 07:43:04.939,5.081,5.081,5.081,5.081,False,320.0,-251.00000000000367,True,False,2026-03-15 07:43:29.858,30.0,120.0,False,False,False
china_2026_R_01160,china_2026_R,BOT,ALO,2026-03-15 07:43:00.458,22,CLOSE_INTERACTION_NO_PASS,"valid close battle, no pairwise order change inside the horizon",99.7286111111157,6.64,-99.78722222222132,False,7.555555555555657,False,False,,,,90.401,,False,278.0,42.42021010505223,True,False,2026-03-15 07:43:30.458,30.0,120.0,False,False,False
china_2026_R_01161,china_2026_R,COL,VER,2026-03-15 07:43:05.339,22,UNCERTAIN,"only one of the two order-change signals fired (distance=True, driver_ahead=False)",12.185000000003129,10.359,-12.52944444444438,False,35.6874999999979,True,False,2026-03-15 07:43:13.778,8.439,8.439,,,False,210.0,-28.342105263154735,True,False,2026-03-15 07:43:35.339,30.0,120.0,False,False,False
china_2026_R_01162,china_2026_R,OCO,COL,2026-03-15 07:43:06.138,22,UNCERTAIN,"only one of the two order-change signals fired (distance=True, driver_ahead=False)",10.396944444448309,25.601,-10.304444444438559,False,21.981388888885817,True,False,2026-03-15 07:43:16.699,10.561,10.561,85.481,85.481,True,217.0,-23.02163624070599,True,False,2026-03-15 07:43:36.138,30.0,120.0,False,False,False
china_2026_R_01163,china_2026_R,LIN,LAW,2026-03-15 07:43:13.538,23,CLOSE_INTERACTION_NO_PASS,"valid close battle, no pairwise order change inside the horizon; the pair did swap 83.0 s after t0, outside it",85.91694444444447,7.4,-85.87027777777985,False,1.9000000000000057,False,False,,,83.001,83.001,83.001,True,288.0,,True,False,2026-03-15 07:43:43.538,30.0,120.0,False,False,False
china_2026_R_01164,china_2026_R,HAD,LIN,2026-03-15 07:43:14.018,23,CLOSE_INTERACTION_NO_PASS,"valid close battle, no pairwise order change inside the horizon",36.27277777777777,7.48,-36.33277777778858,False,15.399999999999864,False,False,,,,,,False,278.0,,True,False,2026-03-15 07:43:44.018,30.0,120.0,False,False,False
china_2026_R_01165,china_2026_R,VER,BEA,2026-03-15 07:43:14.378,23,CLOSE_INTERACTION_NO_PASS,"valid close battle, no pairwise order change inside the horizon",99.98944444444442,4.081,-100.04777777778509,False,12.23444444444442,False,False,,,,,,False,187.0,53.94897448724369,True,False,2026-03-15 07:43:44.378,30.0,120.0,False,False,False
china_2026_R_01166,china_2026_R,HAM,ANT,2026-03-15 07:43:17.139,23,CLOSE_INTERACTION_NO_PASS,"valid close battle, no pairwise order change inside the horizon",96.68472222222272,6.48,-96.51222222222714,False,20.933333333333394,False,False,,,,,,False,133.0,92.73613650213164,True,False,2026-03-15 07:43:47.139,30.0,120.0,False,False,False
china_2026_R_01167,china_2026_R,VER,GAS,2026-03-15 07:43:19.498,23,ON_TRACK_PASS,race-distance ordering and target DriverAhead both show the swap,14.274444444444384,8.76,-14.274444444439723,False,8.53611111111104,True,True,2026-03-15 07:43:28.458,8.96,8.96,8.96,8.96,False,181.0,-67.04874835309542,True,False,2026-03-15 07:43:49.498,30.0,120.0,False,False,False
china_2026_R_01168,china_2026_R,GAS,BEA,2026-03-15 07:43:19.818,23,CLOSE_INTERACTION_NO_PASS,"valid close battle, no pairwise order change inside the horizon; the pair did swap 78.8 s after t0, outside it",25.517499999999814,6.361,-25.575833333321498,False,4.466666666666583,False,False,,,78.761,78.761,78.761,True,96.0,,True,False,2026-03-15 07:43:49.818,30.0,120.0,False,False,False
china_2026_R_01169,china_2026_R,BEA,HUL,2026-03-15 07:43:20.018,23,ON_TRACK_PASS,race-distance ordering and target DriverAhead both show the swap,15.171666666666624,6.161,-15.168333333334886,False,11.06666666666672,True,True,2026-03-15 07:43:26.418,6.4,6.4,6.4,6.4,False,269.0,-172.99999999999955,True,False,2026-03-15 07:43:50.018,30.0,120.0,False,False,False
china_2026_R_01170,china_2026_R,COL,LIN,2026-03-15 07:43:23.019,23,ON_TRACK_PASS,race-distance ordering and target DriverAhead both show the swap,16.106111111111318,5.959,-15.299444444448454,False,8.266666666666652,True,True,2026-03-15 07:43:29.298,6.279,6.279,6.279,6.279,False,307.0,,True,False,2026-03-15 07:43:53.019,30.0,120.0,False,False,False
china_2026_R_01171,china_2026_R,LIN,VER,2026-03-15 07:43:23.019,23,CLOSE_INTERACTION_NO_PASS,"valid close battle, no pairwise order change inside the horizon; the pair did swap 72.1 s after t0, outside it",12.458888888888737,5.239,-12.38055555554456,False,5.688888888888869,False,False,,,72.079,72.079,72.079,True,116.0,,True,False,2026-03-15 07:43:53.019,30.0,120.0,False,False,False
china_2026_R_01172,china_2026_R,HUL,LAW,2026-03-15 07:43:23.339,23,ON_TRACK_PASS,race-distance ordering and target DriverAhead both show the swap,13.334166666666647,5.959,-13.310833333336632,False,5.3333333333332575,True,True,2026-03-15 07:43:29.579,6.24,6.24,6.24,6.24,False,298.0,,True,False,2026-03-15 07:43:53.339,30.0,120.0,False,False,False
china_2026_R_01173,china_2026_R,SAI,OCO,2026-03-15 07:43:24.539,23,ON_TRACK_PASS,race-distance ordering and target DriverAhead both show the swap,88.78583333333336,5.24,-88.82972222221724,False,15.86666666666656,True,True,2026-03-15 07:43:26.618,2.079,2.079,2.079,2.079,False,91.0,201.99999999999932,True,False,2026-03-15 07:43:54.539,30.0,120.0,False,False,False
china_2026_R_01174,china_2026_R,PER,BOT,2026-03-15 07:43:26.179,23,CLOSE_INTERACTION_NO_PASS,"valid close battle, no pairwise order change inside the horizon; the pair did swap 64.7 s after t0, outside it",99.83361111111108,52.08,-99.97194444444904,False,9.566666666666379,False,False,,,64.68,64.68,64.68,True,292.0,5.940000000000047,True,False,2026-03-15 07:43:56.179,30.0,120.0,False,False,False
china_2026_R_01175,china_2026_R,SAI,LIN,2026-03-15 07:43:29.979,23,CLOSE_INTERACTION_NO_PASS,"valid close battle, no pairwise order change inside the horizon",42.100000000000136,4.959,-42.03833333333023,False,8.077499999999873,False,False,,,,,,False,87.0,,True,False,2026-03-15 07:43:59.979,30.0,120.0,False,False,False
china_2026_R_01176,china_2026_R,LIN,GAS,2026-03-15 07:43:30.979,23,ON_TRACK_PASS,race-distance ordering and target DriverAhead both show the swap,33.406111111111386,3.279,-33.32777777778392,False,12.555555555555657,True,True,2026-03-15 07:43:39.738,8.759,8.759,8.759,8.759,False,92.0,,True,False,2026-03-15 07:44:00.979,30.0,120.0,False,False,False
china_2026_R_01177,china_2026_R,HUL,VER,2026-03-15 07:43:31.419,23,ON_TRACK_PASS,race-distance ordering and target DriverAhead both show the swap,10.102222222222508,3.839,-10.04722222223063,False,8.711111111110995,True,True,2026-03-15 07:43:35.538,4.119,4.119,4.119,4.119,False,259.0,-42.411764705882696,True,False,2026-03-15 07:44:01.419,30.0,120.0,False,False,False
china_2026_R_01178,china_2026_R,COL,HUL,2026-03-15 07:43:32.059,23,CLOSE_INTERACTION_NO_PASS,"valid close battle, no pairwise order change inside the horizon; the pair did swap 32.7 s after t0, outside it",49.144722222222526,3.199,-48.314722222217824,False,3.7333333333333485,False,False,,,32.68,32.68,32.68,True,239.0,,True,False,2026-03-15 07:44:02.059,30.0,120.0,False,False,False
china_2026_R_01179,china_2026_R,HAD,SAI,2026-03-15 07:43:33.458,23,CLOSE_INTERACTION_NO_PASS,"valid close battle, no pairwise order change inside the horizon; the pair did swap 52.6 s after t0, outside it",96.86333333333334,9.161,-96.98500000000058,False,11.822222222222308,False,False,,,52.561,52.561,52.561,True,99.0,40.501454333915056,True,False,2026-03-15 07:44:03.458,30.0,120.0,False,False,False
china_2026_R_01180,china_2026_R,ALO,PER,2026-03-15 07:43:35.258,23,CLOSE_INTERACTION_NO_PASS,"valid close battle, no pairwise order change inside the horizon",95.81750000000011,9.401,-95.35472222222597,False,6.2000000000000455,False,False,,,,,,False,104.0,74.11111111111086,True,False,2026-03-15 07:44:05.258,30.0,120.0,False,False,False
china_2026_R_01181,china_2026_R,GAS,COL,2026-03-15 07:43:37.099,23,ON_TRACK_PASS,race-distance ordering and target DriverAhead both show the swap,24.09833333333222,4.439,-24.983333333337214,False,6.111111111111086,True,True,2026-03-15 07:43:38.659,1.56,1.56,1.56,1.56,False,108.0,,True,False,2026-03-15 07:44:07.099,30.0,120.0,False,False,False
china_2026_R_01182,china_2026_R,OCO,GAS,2026-03-15 07:43:37.739,23,ON_TRACK_PASS,race-distance ordering and target DriverAhead both show the swap,10.054444444445153,4.079,-9.870555555564351,False,3.8111111111111313,True,True,2026-03-15 07:43:42.018,4.279,4.279,4.279,4.279,False,146.0,-54.625000000000625,True,False,2026-03-15 07:44:07.739,30.0,120.0,False,False,False
china_2026_R_01183,china_2026_R,LAW,BEA,2026-03-15 07:43:37.739,23,CLOSE_INTERACTION_NO_PASS,"valid close battle, no pairwise order change inside the horizon; the pair did swap 31.4 s after t0, outside it",38.078611111110604,4.279,-38.10527777778043,False,14.555555555555202,False,False,,,31.44,31.44,31.44,True,115.0,,True,False,2026-03-15 07:44:07.739,30.0,120.0,False,False,False
china_2026_R_01184,china_2026_R,GAS,OCO,2026-03-15 07:43:42.619,23,ON_TRACK_PASS,race-distance ordering and target DriverAhead both show the swap,11.619722222221526,9.8,-11.80361111111415,False,6.7000000000000455,True,True,2026-03-15 07:43:52.779,10.16,10.16,10.16,10.16,False,202.0,-54.97004991680516,True,False,2026-03-15 07:44:12.619,30.0,120.0,False,False,False
china_2026_R_01185,china_2026_R,OCO,LAW,2026-03-15 07:43:45.339,23,CLOSE_INTERACTION_NO_PASS,"valid close battle, no pairwise order change inside the horizon; the pair did swap 34.5 s after t0, outside it",29.647777777779538,5.8,-29.4955555555498,False,4.822222222222763,False,False,,,34.48,34.48,34.48,True,193.0,,True,False,2026-03-15 07:44:15.339,30.0,120.0,False,False,False
china_2026_R_01186,china_2026_R,LAW,COL,2026-03-15 07:43:45.339,23,ON_TRACK_PASS,race-distance ordering and target DriverAhead both show the swap,11.684722222220898,5.8,-12.538055555560277,False,5.055555555556111,True,True,2026-03-15 07:43:51.499,6.16,6.16,6.16,6.16,False,258.0,,True,False,2026-03-15 07:44:15.339,30.0,120.0,False,False,False
china_2026_R_01187,china_2026_R,HUL,BEA,2026-03-15 07:43:51.139,23,CLOSE_INTERACTION_NO_PASS,"valid close battle, no pairwise order change inside the horizon",92.93555555555577,5.92,-92.93888888887886,False,6.599999999999909,False,False,,,,,,False,183.0,,True,False,2026-03-15 07:44:21.139,30.0,120.0,False,False,False
china_2026_R_01188,china_2026_R,LIN,OCO,2026-03-15 07:43:52.779,23,ON_TRACK_PASS,race-distance ordering and target DriverAhead both show the swap,90.68444444444367,9.84,-90.79000000000815,False,11.299999999999727,True,True,2026-03-15 07:44:09.579,16.8,16.8,16.8,16.8,False,166.0,,True,False,2026-03-15 07:44:22.779,30.0,120.0,False,False,False
china_2026_R_01189,china_2026_R,GAS,VER,2026-03-15 07:43:55.618,23,CLOSE_INTERACTION_NO_PASS,"valid close battle, no pairwise order change inside the horizon; the pair did swap 39.0 s after t0, outside it",46.565555555555875,3.761,-46.565555555556784,False,9.955555555555748,False,False,,,38.84,39.0,39.0,True,113.0,,True,False,2026-03-15 07:44:25.618,30.0,120.0,False,False,False
china_2026_R_01190,china_2026_R,OCO,COL,2026-03-15 07:43:55.618,23,CLOSE_INTERACTION_NO_PASS,"valid close battle, no pairwise order change inside the horizon; the pair did swap 36.0 s after t0, outside it",21.742499999998472,3.761,-22.443611111099017,False,1.0,False,False,,,36.001,36.001,36.001,True,125.0,,True,False,2026-03-15 07:44:25.618,30.0,120.0,False,False,False
china_2026_R_01191,china_2026_R,HUL,LAW,2026-03-15 07:43:57.819,23,ON_TRACK_PASS,race-distance ordering and target DriverAhead both show the swap,12.238611111110458,4.239,-12.215277777781012,False,6.533333333332848,True,True,2026-03-15 07:44:02.339,4.52,4.52,4.52,4.52,False,184.0,-68.39999999999918,True,False,2026-03-15 07:44:27.819,30.0,120.0,False,False,False
china_2026_R_01192,china_2026_R,HUL,VER,2026-03-15 07:44:02.339,23,ON_TRACK_PASS,race-distance ordering and target DriverAhead both show the swap,58.55111111111046,4.359,-58.49611111111881,False,15.900000000000091,True,True,2026-03-15 07:44:06.898,4.559,4.559,4.559,4.559,False,251.0,,True,False,2026-03-15 07:44:32.339,30.0,120.0,False,False,False
china_2026_R_01193,china_2026_R,LAW,HUL,2026-03-15 07:44:04.739,23,ON_TRACK_PASS,race-distance ordering and target DriverAhead both show the swap,24.679444444446744,3.559,-24.702777777783922,False,14.722222222222626,True,True,2026-03-15 07:44:08.498,3.759,3.759,3.759,3.759,False,249.0,-32.195652173912535,True,False,2026-03-15 07:44:34.739,30.0,120.0,False,False,False
china_2026_R_01194,china_2026_R,VER,HUL,2026-03-15 07:44:07.258,23,ON_TRACK_PASS,race-distance ordering and target DriverAhead both show the swap,17.289722222223645,6.041,-17.344722222231212,False,18.555555555555202,True,True,2026-03-15 07:44:14.298,7.04,7.04,7.04,7.04,False,223.0,-128.00000000000182,True,False,2026-03-15 07:44:37.258,30.0,120.0,False,False,False
china_2026_R_01195,china_2026_R,LAW,BEA,2026-03-15 07:44:08.498,23,ON_TRACK_PASS,race-distance ordering and target DriverAhead both show the swap,13.6747222222225,4.801,-13.701388888875954,False,12.855555555555384,True,True,2026-03-15 07:44:09.179,0.681,0.681,0.681,0.681,False,98.0,,True,False,2026-03-15 07:44:38.498,30.0,120.0,False,False,False
china_2026_R_01196,china_2026_R,HAM,ANT,2026-03-15 07:44:11.699,23,CLOSE_INTERACTION_NO_PASS,"valid close battle, no pairwise order change inside the horizon",99.35944444445249,6.56,-99.1869444444601,False,15.477777777777192,False,False,,,,,,False,117.0,111.02380952380372,True,False,2026-03-15 07:44:41.699,30.0,120.0,False,False,False
china_2026_R_01197,china_2026_R,ALO,PER,2026-03-15 07:44:11.979,23,CLOSE_INTERACTION_NO_PASS,"valid close battle, no pairwise order change inside the horizon",97.35027777777805,3.72,-96.88749999999709,False,6.044444444444252,False,False,,,,,,False,118.0,25.020408163266218,True,False,2026-03-15 07:44:41.979,30.0,120.0,False,False,False
china_2026_R_01198,china_2026_R,COL,HUL,2026-03-15 07:44:14.298,23,ON_TRACK_PASS,race-distance ordering and target DriverAhead both show the swap,61.53666666666959,4.921,-60.706666666665114,False,20.533333333333758,True,True,2026-03-15 07:44:19.459,5.161,5.161,5.161,5.161,False,133.0,,True,False,2026-03-15 07:44:44.298,30.0,120.0,False,False,False
china_2026_R_01199,china_2026_R,SAI,LIN,2026-03-15 07:44:14.298,23,CLOSE_INTERACTION_NO_PASS,"valid close battle, no pairwise order change inside the horizon",33.925000000002,6.2,-33.86333333332732,False,6.777777777777374,False,False,,,,,,False,109.0,,True,False,2026-03-15 07:44:44.298,30.0,120.0,False,False,False
china_2026_R_01200,china_2026_R,LIN,GAS,2026-03-15 07:44:15.699,23,CLOSE_INTERACTION_NO_PASS,"valid close battle, no pairwise order change inside the horizon; the pair did swap 47.2 s after t0, outside it",41.93361111111017,30.68,-41.85527777778043,False,13.533333333332848,False,False,,,45.96,47.24,47.24,True,140.0,,True,False,2026-03-15 07:44:45.699,30.0,120.0,False,False,False
china_2026_R_01201,china_2026_R,GAS,OCO,2026-03-15 07:44:16.139,23,ON_TRACK_PASS,race-distance ordering and target DriverAhead both show the swap,12.443888888889887,3.32,-12.627777777786832,False,11.777777777777828,True,True,2026-03-15 07:44:34.458,18.319,18.319,18.319,18.319,False,218.0,-77.99999999999974,True,False,2026-03-15 07:44:46.139,30.0,120.0,False,False,False
china_2026_R_01202,china_2026_R,HAD,SAI,2026-03-15 07:44:18.259,23,ON_TRACK_PASS,race-distance ordering and target DriverAhead both show the swap,98.0663888888862,7.36,-98.18805555555446,False,6.3555555555558385,True,True,2026-03-15 07:44:26.019,7.76,7.76,7.76,7.76,False,107.0,12.836734693878684,True,False,2026-03-15 07:44:48.259,30.0,120.0,False,False,False
china_2026_R_01203,china_2026_R,OCO,HUL,2026-03-15 07:44:19.819,23,ON_TRACK_PASS,race-distance ordering and target DriverAhead both show the swap,29.6291666666707,8.319,-29.500277777784504,False,3.1777777777774645,True,True,2026-03-15 07:44:28.298,8.479,8.479,8.479,8.479,False,254.0,,True,False,2026-03-15 07:44:49.819,30.0,120.0,False,False,False
china_2026_R_01204,china_2026_R,LAW,OCO,2026-03-15 07:44:20.498,23,ON_TRACK_PASS,race-distance ordering and target DriverAhead both show the swap,11.890555555556148,7.64,-12.04277777778043,False,6.599999999999909,True,True,2026-03-15 07:44:33.219,12.721,12.721,12.721,12.721,False,296.0,-48.59499263623096,True,False,2026-03-15 07:44:50.498,30.0,120.0,False,False,False
china_2026_R_01205,china_2026_R,HUL,COL,2026-03-15 07:44:20.498,23,ON_TRACK_PASS,race-distance ordering and target DriverAhead both show the swap,12.999999999996362,7.64,-13.830000000001746,False,4.199999999999818,True,True,2026-03-15 07:44:31.859,11.361,11.361,11.361,11.361,False,307.0,-42.42444658325059,True,False,2026-03-15 07:44:50.498,30.0,120.0,False,False,False
china_2026_R_01206,china_2026_R,PER,BOT,2026-03-15 07:44:20.698,23,ON_TRACK_PASS,race-distance ordering and target DriverAhead both show the swap,96.8330555555558,9.921,-96.97138888889458,False,13.688888888888869,True,True,2026-03-15 07:44:30.859,10.161,10.161,10.161,10.161,False,178.0,13.726052471017542,True,False,2026-03-15 07:44:50.698,30.0,120.0,False,False,False
china_2026_R_01207,china_2026_R,COL,VER,2026-03-15 07:44:22.899,23,CLOSE_INTERACTION_NO_PASS,"valid close battle, no pairwise order change inside the horizon",99.96861111111275,11.559,-99.08361111111299,False,13.566666666666606,False,False,,,,,,False,324.0,5.272004542874925,True,False,2026-03-15 07:44:52.899,30.0,120.0,False,False,False
china_2026_R_01208,china_2026_R,SAI,HAD,2026-03-15 07:44:26.619,23,ON_TRACK_PASS,race-distance ordering and target DriverAhead both show the swap,10.976666666671008,9.52,-10.855000000010477,False,13.777777777777374,True,True,2026-03-15 07:44:36.539,9.92,9.92,9.92,9.92,False,323.0,-39.73333333332812,True,False,2026-03-15 07:44:56.619,30.0,120.0,False,False,False
china_2026_R_01209,china_2026_R,ALO,BOT,2026-03-15 07:44:30.859,23,ON_TRACK_PASS,race-distance ordering and target DriverAhead both show the swap,98.22500000000127,3.959,-97.90055555556319,False,14.666666666666515,True,True,2026-03-15 07:44:35.098,4.239,4.239,4.239,4.239,False,92.0,,True,False,2026-03-15 07:45:00.859,30.0,120.0,False,False,False
china_2026_R_01210,china_2026_R,HUL,LAW,2026-03-15 07:44:34.458,23,ON_TRACK_PASS,race-distance ordering and target DriverAhead both show the swap,21.491111111105965,6.6,-21.46777777778334,False,21.886388888889087,True,True,2026-03-15 07:44:41.418,6.96,6.96,6.96,6.96,False,231.0,-132.9999999999984,True,False,2026-03-15 07:45:04.458,30.0,120.0,False,False,False
china_2026_R_01211,china_2026_R,COL,OCO,2026-03-15 07:44:34.618,23,ON_TRACK_PASS,race-distance ordering and target DriverAhead both show the swap,25.525555555555,9.041,-24.824444444442634,False,2.709722222221899,True,True,2026-03-15 07:44:43.819,9.201,9.201,9.201,9.201,False,59.0,,True,False,2026-03-15 07:45:04.618,30.0,120.0,False,False,False
china_2026_R_01212,china_2026_R,BOT,ALO,2026-03-15 07:44:35.499,23,CLOSE_INTERACTION_NO_PASS,"valid close battle, no pairwise order change inside the horizon",15.49777777777581,11.28,-15.822222222210257,False,17.000000000000455,False,False,,,,95.12,,False,229.0,-136.99999999999702,True,False,2026-03-15 07:45:05.499,30.0,120.0,False,False,False
china_2026_R_01213,china_2026_R,SAI,COL,2026-03-15 07:44:37.099,23,CLOSE_INTERACTION_NO_PASS,"valid close battle, no pairwise order change inside the horizon",94.0069444444498,3.08,-94.75194444446242,False,12.977777777778101,False,False,,,,,,False,160.0,163.9999999999931,True,False,2026-03-15 07:45:07.099,30.0,120.0,False,False,False
china_2026_R_01214,china_2026_R,OCO,LAW,2026-03-15 07:44:39.739,23,ON_TRACK_PASS,race-distance ordering and target DriverAhead both show the swap,20.19972222222259,3.92,-20.04749999998603,False,7.758333333334122,True,True,2026-03-15 07:44:40.778,1.039,1.039,1.039,1.039,False,124.0,,True,False,2026-03-15 07:45:09.739,30.0,120.0,False,False,False
china_2026_R_01215,china_2026_R,OCO,COL,2026-03-15 07:44:46.379,23,UNCERTAIN,"only one of the two order-change signals fired (distance=True, driver_ahead=False)",10.801388888892689,50.64,-11.502500000002328,False,19.823055555552628,True,False,2026-03-15 07:44:47.778,1.399,1.399,83.52,83.52,True,261.0,-11.765957446813195,True,False,2026-03-15 07:45:16.379,30.0,120.0,False,False,False
china_2026_R_01216,china_2026_R,LAW,HUL,2026-03-15 07:44:47.338,23,ON_TRACK_PASS,race-distance ordering and target DriverAhead both show the swap,11.803611111118698,3.201,-11.826944444474066,False,5.744444444444525,True,True,2026-03-15 07:44:57.779,10.441,10.441,11.721,11.721,False,234.0,-54.42933810375187,True,False,2026-03-15 07:45:17.338,30.0,120.0,False,False,False
china_2026_R_01217,china_2026_R,ALO,PER,2026-03-15 07:44:50.219,23,CLOSE_INTERACTION_NO_PASS,"valid close battle, no pairwise order change inside the horizon; the pair did swap 100.0 s after t0, outside it",85.25277777777774,3.759,-84.78999999997905,False,9.600000000000364,False,False,,,100.04,99.88,100.04,True,66.0,222.46341463414532,True,False,2026-03-15 07:45:20.219,30.0,120.0,False,False,False
china_2026_R_01218,china_2026_R,LIN,LAW,2026-03-15 07:44:51.779,24,ON_TRACK_PASS,race-distance ordering and target DriverAhead both show the swap,78.96222222222224,6.88,-78.62388888889109,False,1.3999999999999915,True,True,2026-03-15 07:45:01.659,9.88,9.88,9.88,9.88,False,293.0,,True,False,2026-03-15 07:45:21.779,30.0,120.0,False,False,False
china_2026_R_01219,china_2026_R,HAD,LIN,2026-03-15 07:44:52.259,24,CLOSE_INTERACTION_NO_PASS,"valid close battle, no pairwise order change inside the horizon",36.20583333333333,7.8,-36.30694444445544,False,11.666666666666629,False,False,,,,,,False,292.0,,True,False,2026-03-15 07:45:22.259,30.0,120.0,False,False,False
china_2026_R_01220,china_2026_R,VER,BEA,2026-03-15 07:44:52.739,24,CLOSE_INTERACTION_NO_PASS,"valid close battle, no pairwise order change inside the horizon",99.77916666666658,5.92,-99.5894444444566,False,4.6444444444445026,False,False,,,,,,False,168.0,68.99999999999994,True,False,2026-03-15 07:45:22.739,30.0,120.0,False,False,False
china_2026_R_01221,china_2026_R,HAM,ANT,2026-03-15 07:44:54.979,24,CLOSE_INTERACTION_NO_PASS,"valid close battle, no pairwise order change inside the horizon",97.24555555555548,3.68,-97.41722222222597,False,10.100000000000136,False,False,,,,,,False,91.0,143.0643617021286,True,False,2026-03-15 07:45:24.979,30.0,120.0,False,False,False
china_2026_R_01222,china_2026_R,HUL,OCO,2026-03-15 07:44:55.219,24,CLOSE_INTERACTION_NO_PASS,"valid close battle, no pairwise order change inside the horizon",93.77416666666659,12.92,-94.06416666667792,False,19.811111111111245,False,False,,,,,,False,198.0,84.03826530612255,True,False,2026-03-15 07:45:25.219,30.0,120.0,False,False,False
china_2026_R_01223,china_2026_R,GAS,BEA,2026-03-15 07:44:59.059,24,CLOSE_INTERACTION_NO_PASS,"valid close battle, no pairwise order change inside the horizon; the pair did swap 73.3 s after t0, outside it",52.56916666666643,4.08,-52.66694444444147,False,16.02222222222224,False,False,,,73.32,73.32,73.32,True,109.0,,True,False,2026-03-15 07:45:29.059,30.0,120.0,False,False,False
china_2026_R_01224,china_2026_R,VER,GAS,2026-03-15 07:44:59.219,24,ON_TRACK_PASS,race-distance ordering and target DriverAhead both show the swap,18.66666666666663,7.04,-18.379166666651145,False,16.72222222222217,True,True,2026-03-15 07:45:06.579,7.36,7.36,7.36,7.36,False,309.0,-220.99999999999937,True,False,2026-03-15 07:45:29.219,30.0,120.0,False,False,False
china_2026_R_01225,china_2026_R,LAW,VER,2026-03-15 07:45:00.059,24,CLOSE_INTERACTION_NO_PASS,"valid close battle, no pairwise order change inside the horizon",34.627777777777965,6.2,-34.910277777788,False,9.41111111111104,False,False,,,,,,False,96.0,,True,False,2026-03-15 07:45:30.059,30.0,120.0,False,False,False
china_2026_R_01226,china_2026_R,COL,LAW,2026-03-15 07:45:00.219,24,ON_TRACK_PASS,race-distance ordering and target DriverAhead both show the swap,11.104999999999677,6.96,-10.563333333353512,False,9.288888888888891,True,True,2026-03-15 07:45:07.498,7.279,7.279,7.279,7.279,False,298.0,-209.00000000000006,True,False,2026-03-15 07:45:30.219,30.0,120.0,False,False,False
china_2026_R_01227,china_2026_R,HAD,HUL,2026-03-15 07:45:01.138,24,CLOSE_INTERACTION_NO_PASS,"valid close battle, no pairwise order change inside the horizon",97.17138888888917,8.001,-96.93083333334653,False,7.52555555555557,False,False,,,,,,False,106.0,49.61971830985918,True,False,2026-03-15 07:45:31.138,30.0,120.0,False,False,False
china_2026_R_01228,china_2026_R,SAI,HAD,2026-03-15 07:45:02.539,24,CLOSE_INTERACTION_NO_PASS,"valid close battle, no pairwise order change inside the horizon",97.41249999999991,10.24,-97.48916666666628,False,7.377777777777851,False,False,,,,,,False,120.0,60.3381180223285,True,False,2026-03-15 07:45:32.539,30.0,120.0,False,False,False
china_2026_R_01229,china_2026_R,GAS,LIN,2026-03-15 07:45:03.379,24,ON_TRACK_PASS,race-distance ordering and target DriverAhead both show the swap,20.13499999999999,12.24,-20.478333333332557,False,11.388888888888914,True,True,2026-03-15 07:45:10.219,6.84,6.84,6.84,6.84,False,103.0,-93.18181818181839,True,False,2026-03-15 07:45:33.379,30.0,120.0,False,False,False
china_2026_R_01230,china_2026_R,PER,BOT,2026-03-15 07:45:03.699,24,CLOSE_INTERACTION_NO_PASS,"valid close battle, no pairwise order change inside the horizon; the pair did swap 66.9 s after t0, outside it",85.7811111111111,66.52,-85.85444444444147,False,10.044444444444252,False,False,,,66.92,66.92,66.92,True,289.0,,True,False,2026-03-15 07:45:33.699,30.0,120.0,False,False,False
china_2026_R_01231,china_2026_R,HUL,LAW,2026-03-15 07:45:08.579,24,CLOSE_INTERACTION_NO_PASS,"valid close battle, no pairwise order change inside the horizon",62.77111111111071,8.04,-62.77444444442517,False,12.777777777777828,False,False,,,,81.0,,False,98.0,,True,False,2026-03-15 07:45:38.579,30.0,120.0,False,False,False
china_2026_R_01232,china_2026_R,LIN,OCO,2026-03-15 07:45:11.699,24,ON_TRACK_PASS,race-distance ordering and target DriverAhead both show the swap,28.173055555556175,4.16,-28.12138888888876,False,14.700000000000045,True,True,2026-03-15 07:45:16.059,4.36,4.36,4.36,4.36,False,263.0,,True,False,2026-03-15 07:45:41.699,30.0,120.0,False,False,False
china_2026_R_01233,china_2026_R,LAW,GAS,2026-03-15 07:45:11.699,24,ON_TRACK_PASS,race-distance ordering and target DriverAhead both show the swap,52.75277777777865,3.92,-52.747777777782176,False,12.55555555555543,True,True,2026-03-15 07:45:15.859,4.16,4.16,4.16,4.16,False,136.0,,True,False,2026-03-15 07:45:41.699,30.0,120.0,False,False,False
china_2026_R_01234,china_2026_R,COL,VER,2026-03-15 07:45:12.779,24,CLOSE_INTERACTION_NO_PASS,"valid close battle, no pairwise order change inside the horizon",98.54305555555538,3.52,-98.28388888889458,False,9.700000000000045,False,False,,,,,,False,221.0,15.765957446808539,True,False,2026-03-15 07:45:42.779,30.0,120.0,False,False,False
china_2026_R_01235,china_2026_R,GAS,HUL,2026-03-15 07:45:16.939,24,ON_TRACK_PASS,race-distance ordering and target DriverAhead both show the swap,14.411388888887814,4.119,-14.413055555545725,False,7.822222222222308,True,True,2026-03-15 07:45:21.259,4.32,4.32,4.32,4.32,False,178.0,-77.50000000000028,True,False,2026-03-15 07:45:46.939,30.0,120.0,False,False,False
china_2026_R_01236,china_2026_R,VER,BEA,2026-03-15 07:45:30.619,24,CLOSE_INTERACTION_NO_PASS,"valid close battle, no pairwise order change inside the horizon",97.57694444444496,4.04,-97.38722222222714,False,7.444444444444343,False,False,,,,,,False,127.0,7.804347826087273,True,False,2026-03-15 07:46:00.619,30.0,120.0,False,False,False
china_2026_R_01237,china_2026_R,HUL,GAS,2026-03-15 07:45:30.939,24,ON_TRACK_PASS,race-distance ordering and target DriverAhead both show the swap,27.598888888889178,10.08,-27.59722222221899,False,4.800000000000182,True,True,2026-03-15 07:45:46.779,15.84,15.84,15.84,15.84,False,203.0,,True,False,2026-03-15 07:46:00.939,30.0,120.0,False,False,False
china_2026_R_01238,china_2026_R,ALO,PER,2026-03-15 07:45:32.659,24,CLOSE_INTERACTION_NO_PASS,"valid close battle, no pairwise order change inside the horizon; the pair did swap 57.4 s after t0, outside it",97.26083333333327,5.96,-97.34166666664532,False,23.600000000000136,False,False,,,57.44,57.44,57.44,True,93.0,129.39534883720998,True,False,2026-03-15 07:46:02.659,30.0,120.0,False,False,False
china_2026_R_01239,china_2026_R,LIN,VER,2026-03-15 07:45:32.659,24,ON_TRACK_PASS,race-distance ordering and target DriverAhead both show the swap,62.83416666666608,7.32,-62.778333333320916,False,14.133333333332757,True,True,2026-03-15 07:45:47.979,15.32,15.32,15.32,15.32,False,136.0,,True,False,2026-03-15 07:46:02.659,30.0,120.0,False,False,False
china_2026_R_01240,china_2026_R,COL,LIN,2026-03-15 07:45:33.139,24,ON_TRACK_PASS,race-distance ordering and target DriverAhead both show the swap,12.388333333331957,7.24,-12.184999999997672,False,13.888888888888687,True,True,2026-03-15 07:45:40.539,7.4,7.4,7.4,7.4,False,231.0,-88.9999999999975,True,False,2026-03-15 07:46:03.139,30.0,120.0,False,False,False
china_2026_R_01241,china_2026_R,LAW,COL,2026-03-15 07:45:34.819,24,ON_TRACK_PASS,race-distance ordering and target DriverAhead both show the swap,19.392222222224518,3.96,-19.93388888888876,False,6.477777777778101,True,True,2026-03-15 07:45:36.259,1.44,1.44,1.44,1.44,False,109.0,,True,False,2026-03-15 07:46:04.819,30.0,120.0,False,False,False
china_2026_R_01242,china_2026_R,GAS,OCO,2026-03-15 07:45:34.819,24,CLOSE_INTERACTION_NO_PASS,"valid close battle, no pairwise order change inside the horizon; the pair did swap 37.4 s after t0, outside it",19.34000000000151,3.96,-19.631666666653473,False,4.277777777777828,False,False,,,37.36,37.36,37.36,True,116.0,,True,False,2026-03-15 07:46:04.819,30.0,120.0,False,False,False
china_2026_R_01243,china_2026_R,SAI,HAD,2026-03-15 07:45:36.659,24,CLOSE_INTERACTION_NO_PASS,"valid close battle, no pairwise order change inside the horizon",96.56361111111164,7.52,-96.64027777779847,False,8.33333333333394,False,False,,,,,,False,154.0,56.120000000001895,True,False,2026-03-15 07:46:06.659,30.0,120.0,False,False,False
china_2026_R_01244,china_2026_R,OCO,COL,2026-03-15 07:45:39.139,24,CLOSE_INTERACTION_NO_PASS,"valid close battle, no pairwise order change inside the horizon; the pair did swap 30.8 s after t0, outside it",29.82916666666597,30.56,-30.084166666667443,False,16.300000000000182,False,False,,,30.76,30.76,30.76,True,214.0,,True,False,2026-03-15 07:46:09.139,30.0,120.0,False,False,False
china_2026_R_01245,china_2026_R,HUL,LAW,2026-03-15 07:45:41.179,24,CLOSE_INTERACTION_NO_PASS,"valid close battle, no pairwise order change inside the horizon",42.00611111110811,4.56,-42.009444444440305,False,9.16666666666697,False,False,,,,48.4,,False,162.0,,True,False,2026-03-15 07:46:11.179,30.0,120.0,False,False,False
china_2026_R_01246,china_2026_R,LIN,OCO,2026-03-15 07:45:42.179,24,ON_TRACK_PASS,race-distance ordering and target DriverAhead both show the swap,16.547777777780993,3.84,-16.496111111104256,False,12.055555555555657,True,True,2026-03-15 07:45:46.339,4.16,4.16,13.36,13.36,False,258.0,,True,False,2026-03-15 07:46:12.179,30.0,120.0,False,False,False
china_2026_R_01247,china_2026_R,GAS,LIN,2026-03-15 07:45:42.179,24,ON_TRACK_PASS,race-distance ordering and target DriverAhead both show the swap,44.83666666666613,3.56,-45.18000000002212,False,9.333333333333485,True,True,2026-03-15 07:45:44.379,2.2,2.2,2.2,2.2,False,159.0,,True,False,2026-03-15 07:46:12.179,30.0,120.0,False,False,False
china_2026_R_01248,china_2026_R,LAW,GAS,2026-03-15 07:45:42.179,24,ON_TRACK_PASS,race-distance ordering and target DriverAhead both show the swap,12.934166666667807,3.56,-12.929166666639503,False,12.777777777777828,True,True,2026-03-15 07:45:46.019,3.84,3.84,3.84,3.84,False,240.0,-46.000000000000185,True,False,2026-03-15 07:46:12.179,30.0,120.0,False,False,False
china_2026_R_01249,china_2026_R,COL,VER,2026-03-15 07:45:43.019,24,CLOSE_INTERACTION_NO_PASS,"valid close battle, no pairwise order change inside the horizon",99.14777777777545,3.0,-98.88861111109145,False,5.888888888888687,False,False,,,,,,False,162.0,24.5400000000006,True,False,2026-03-15 07:46:13.019,30.0,120.0,False,False,False
china_2026_R_01250,china_2026_R,LAW,LIN,2026-03-15 07:45:44.379,24,CLOSE_INTERACTION_NO_PASS,"valid close battle, no pairwise order change inside the horizon",39.281944444444434,3.241,-39.62027777777985,False,8.533333333332394,False,False,,,,46.48,,False,222.0,,True,False,2026-03-15 07:46:14.379,30.0,120.0,False,False,False
china_2026_R_01251,china_2026_R,HUL,OCO,2026-03-15 07:45:46.779,24,CLOSE_INTERACTION_NO_PASS,"valid close battle, no pairwise order change inside the horizon",29.59138888888947,5.0,-29.881388888898073,False,3.400000000000091,False,False,,,,,,False,85.0,,True,False,2026-03-15 07:46:16.779,30.0,120.0,False,False,False
china_2026_R_01252,china_2026_R,COL,LAW,2026-03-15 07:45:47.259,24,ON_TRACK_PASS,race-distance ordering and target DriverAhead both show the swap,18.118888888885976,5.36,-17.577222222229466,False,9.933333333333394,True,True,2026-03-15 07:45:52.859,5.6,5.6,5.6,5.6,False,248.0,-149.0000000000009,True,False,2026-03-15 07:46:17.259,30.0,120.0,False,False,False
china_2026_R_01253,china_2026_R,LAW,VER,2026-03-15 07:45:47.979,24,CLOSE_INTERACTION_NO_PASS,"valid close battle, no pairwise order change inside the horizon",41.80944444444549,4.2,-42.09194444445893,False,11.555555555555202,False,False,,,,,,False,102.0,,True,False,2026-03-15 07:46:17.979,30.0,120.0,False,False,False
china_2026_R_01254,china_2026_R,HAM,ANT,2026-03-15 07:45:49.859,24,CLOSE_INTERACTION_NO_PASS,"valid close battle, no pairwise order change inside the horizon",99.79166666667061,3.2,-99.96333333334769,False,8.622222222223172,False,False,,,,,,False,70.0,166.9787234042515,True,False,2026-03-15 07:46:19.859,30.0,120.0,False,False,False
china_2026_R_01255,china_2026_R,LEC,HAM,2026-03-15 07:45:54.979,24,ON_TRACK_PASS,race-distance ordering and target DriverAhead both show the swap,20.12916666666115,11.2,-20.232500000012806,False,2.5,True,True,2026-03-15 07:46:06.499,11.52,11.52,12.521,12.521,False,92.0,,True,False,2026-03-15 07:46:24.979,30.0,120.0,False,False,False
china_2026_R_01256,china_2026_R,RUS,LEC,2026-03-15 07:46:00.179,24,UNCERTAIN,"only one of the two order-change signals fired (distance=True, driver_ahead=False)",11.100833333330229,6.32,-10.970000000001164,False,3.899999999999636,True,False,2026-03-15 07:46:13.499,13.32,13.32,111.64,111.64,True,224.0,-10.816326530606863,True,False,2026-03-15 07:46:30.179,30.0,120.0,False,False,False
china_2026_R_01257,china_2026_R,LIN,GAS,2026-03-15 07:46:01.259,24,CLOSE_INTERACTION_NO_PASS,"valid close battle, no pairwise order change inside the horizon",13.264166666669553,9.72,-12.920833333337214,False,5.706666666666479,False,False,,,,,,False,317.0,-62.55972222222227,True,False,2026-03-15 07:46:31.259,30.0,120.0,False,False,False
china_2026_R_01258,china_2026_R,RUS,HAM,2026-03-15 07:46:07.500,25,CLOSE_INTERACTION_NO_PASS,"valid close battle, no pairwise order change inside the horizon; the pair did swap 103.8 s after t0, outside it",26.17361111111112,4.879,-24.889722222229466,False,1.5999999999999943,False,False,,,101.359,103.799,103.799,True,292.0,,True,False,2026-03-15 07:46:37.500,30.0,120.0,False,False,False
china_2026_R_01259,china_2026_R,GAS,OCO,2026-03-15 07:46:07.899,24,ON_TRACK_PASS,race-distance ordering and target DriverAhead both show the swap,98.41583333333256,3.96,-98.70749999998952,False,57.877777777779556,True,True,2026-03-15 07:46:12.179,4.28,4.28,4.28,4.28,False,326.0,24.00000000000109,True,False,2026-03-15 07:46:37.899,30.0,120.0,False,False,False
china_2026_R_01260,china_2026_R,ALO,BOT,2026-03-15 07:46:10.619,24,ON_TRACK_PASS,race-distance ordering and target DriverAhead both show the swap,56.00972222222117,18.12,-56.16388888887013,False,18.133333333333212,True,True,2026-03-15 07:46:13.860,3.241,3.241,3.241,3.241,False,93.0,,True,False,2026-03-15 07:46:40.619,30.0,120.0,False,False,False
china_2026_R_01261,china_2026_R,HUL,COL,2026-03-15 07:46:12.379,24,CLOSE_INTERACTION_NO_PASS,"valid close battle, no pairwise order change inside the horizon",56.03916666666646,4.16,-56.58416666666744,False,12.222222222221717,False,False,,,,,,False,60.0,,True,False,2026-03-15 07:46:42.379,30.0,120.0,False,False,False
china_2026_R_01262,china_2026_R,HAD,HUL,2026-03-15 07:46:13.860,24,CLOSE_INTERACTION_NO_PASS,"valid close battle, no pairwise order change inside the horizon",85.09861111111422,4.879,-84.85805555555271,False,23.099999999999454,False,False,,,,,,False,72.0,218.92385484830223,True,False,2026-03-15 07:46:43.860,30.0,120.0,False,False,False
china_2026_R_01263,china_2026_R,VER,BEA,2026-03-15 07:46:14.300,24,CLOSE_INTERACTION_NO_PASS,"valid close battle, no pairwise order change inside the horizon",85.47027777778021,6.64,-85.28055555553874,False,9.599999999999454,False,False,,,,,,False,214.0,,True,False,2026-03-15 07:46:44.300,30.0,120.0,False,False,False
china_2026_R_01264,china_2026_R,OCO,VER,2026-03-15 07:46:14.500,24,UNCERTAIN,"only one of the two order-change signals fired (distance=True, driver_ahead=False)",12.686666666669225,9.079,-12.682499999995343,False,11.0,True,False,2026-03-15 07:46:33.700,19.2,19.2,,,False,184.0,-92.00000000000364,True,False,2026-03-15 07:46:44.500,30.0,120.0,False,False,False
china_2026_R_01265,china_2026_R,SAI,HAD,2026-03-15 07:46:17.019,24,CLOSE_INTERACTION_NO_PASS,"valid close battle, no pairwise order change inside the horizon; the pair did swap 100.2 s after t0, outside it",73.20916666666653,4.52,-73.285833333357,False,12.955555555555293,False,False,,,100.24,99.64,100.24,True,57.0,217.33333333333405,True,False,2026-03-15 07:46:47.019,30.0,120.0,False,False,False
china_2026_R_01266,china_2026_R,COL,OCO,2026-03-15 07:46:17.019,24,ON_TRACK_PASS,race-distance ordering and target DriverAhead both show the swap,51.31472222222146,8.36,-51.05972222221317,False,4.277777777778283,True,True,2026-03-15 07:46:25.939,8.92,8.92,10.361,10.361,False,191.0,,True,False,2026-03-15 07:46:47.019,30.0,120.0,False,False,False
china_2026_R_01267,china_2026_R,LAW,COL,2026-03-15 07:46:17.219,24,UNCERTAIN,"only one of the two order-change signals fired (distance=True, driver_ahead=False)",16.963888888892143,7.8,-17.505555555573665,False,14.66666666666606,True,False,2026-03-15 07:46:37.459,20.24,20.24,,,False,211.0,-132.0000000000109,True,False,2026-03-15 07:46:47.219,30.0,120.0,False,False,False
china_2026_R_01268,china_2026_R,HUL,LAW,2026-03-15 07:46:17.219,24,UNCERTAIN,"only one of the two order-change signals fired (distance=False, driver_ahead=True)",97.5186111111052,10.641,-97.52194444442284,False,12.790555555556239,False,True,2026-03-15 07:46:29.579,12.36,,12.36,,False,79.0,46.00000000000182,True,False,2026-03-15 07:46:47.219,30.0,120.0,False,False,False
china_2026_R_01269,china_2026_R,BOT,PER,2026-03-15 07:46:27.220,24,ON_TRACK_PASS,race-distance ordering and target DriverAhead both show the swap,79.11249999999927,14.719,-79.03916666665464,False,16.943333333333612,True,True,2026-03-15 07:46:43.139,15.919,15.919,16.439,16.439,False,205.0,67.56925583921984,True,False,2026-03-15 07:46:57.220,30.0,120.0,False,False,False
china_2026_R_01270,china_2026_R,HAM,LEC,2026-03-15 07:46:27.540,25,ON_TRACK_PASS,race-distance ordering and target DriverAhead both show the swap,10.987777777778092,5.879,-10.398888888885267,False,5.0049999999999955,True,True,2026-03-15 07:46:33.700,6.16,6.16,6.16,6.16,False,217.0,-19.894846434149038,True,False,2026-03-15 07:46:57.540,30.0,120.0,False,False,False
china_2026_R_01271,china_2026_R,GAS,COL,2026-03-15 07:46:27.540,25,ON_TRACK_PASS,race-distance ordering and target DriverAhead both show the swap,71.09166666666668,4.199,-71.50500000000466,False,7.622222222222206,True,True,2026-03-15 07:46:31.979,4.439,4.439,4.439,4.439,False,295.0,,True,False,2026-03-15 07:46:57.540,30.0,120.0,False,False,False
china_2026_R_01272,china_2026_R,OCO,GAS,2026-03-15 07:46:28.060,25,ON_TRACK_PASS,race-distance ordering and target DriverAhead both show the swap,12.072222222222194,3.679,-11.681666666670935,False,6.400000000000006,True,True,2026-03-15 07:46:50.259,22.199,22.199,22.199,22.199,False,350.0,-70.84615384615385,True,False,2026-03-15 07:46:58.060,30.0,120.0,False,False,False
china_2026_R_01273,china_2026_R,HAD,LIN,2026-03-15 07:46:31.299,25,CLOSE_INTERACTION_NO_PASS,"valid close battle, no pairwise order change inside the horizon",29.11,82.361,-29.23055555555038,False,19.33333333333303,False,False,,,,99.2,,False,287.0,,True,False,2026-03-15 07:47:01.299,30.0,120.0,False,False,False
china_2026_R_01274,china_2026_R,OCO,COL,2026-03-15 07:46:31.979,25,CLOSE_INTERACTION_NO_PASS,"valid close battle, no pairwise order change inside the horizon; the pair did swap 77.0 s after t0, outside it",74.44916666666649,16.201,-74.47194444446359,False,8.311111111111074,False,False,,,77.04,77.04,77.04,True,240.0,,True,False,2026-03-15 07:47:01.979,30.0,120.0,False,False,False
china_2026_R_01275,china_2026_R,HUL,OCO,2026-03-15 07:46:33.179,25,CLOSE_INTERACTION_NO_PASS,"valid close battle, no pairwise order change inside the horizon",97.47638888888895,16.84,-97.81361111110891,False,10.333333333333258,False,False,,,,,,False,230.0,31.957446808510497,True,False,2026-03-15 07:47:03.179,30.0,120.0,False,False,False
china_2026_R_01276,china_2026_R,RUS,LEC,2026-03-15 07:46:33.700,25,CLOSE_INTERACTION_NO_PASS,"valid close battle, no pairwise order change inside the horizon; the pair did swap 78.1 s after t0, outside it",13.995833333333849,4.519,-12.12305555556668,False,3.0,False,False,,,76.879,78.119,78.119,True,208.0,,True,False,2026-03-15 07:47:03.700,30.0,120.0,False,False,False
china_2026_R_01277,china_2026_R,LAW,HUL,2026-03-15 07:46:34.540,25,CLOSE_INTERACTION_NO_PASS,"valid close battle, no pairwise order change inside the horizon; the pair did swap 78.4 s after t0, outside it",95.62527777777774,78.16,-95.6786111111287,False,15.33333333333394,False,False,,,78.36,78.36,78.36,True,230.0,20.184799583550415,True,False,2026-03-15 07:47:04.540,30.0,120.0,False,False,False
china_2026_R_01278,china_2026_R,COL,VER,2026-03-15 07:46:35.059,25,CLOSE_INTERACTION_NO_PASS,"valid close battle, no pairwise order change inside the horizon",63.297777777777924,8.8,-63.30777777777985,False,20.999999999999886,False,False,,,,,,False,116.0,,True,False,2026-03-15 07:47:05.059,30.0,120.0,False,False,False
china_2026_R_01279,china_2026_R,GAS,BEA,2026-03-15 07:46:35.059,25,CLOSE_INTERACTION_NO_PASS,"valid close battle, no pairwise order change inside the horizon; the pair did swap 77.2 s after t0, outside it",48.21611111111156,8.6,-48.8305555555562,False,36.66666666666663,False,False,,,77.24,77.24,77.24,True,95.0,,True,False,2026-03-15 07:47:05.059,30.0,120.0,False,False,False
china_2026_R_01280,china_2026_R,VER,GAS,2026-03-15 07:46:35.659,25,ON_TRACK_PASS,race-distance ordering and target DriverAhead both show the swap,11.230833333333294,8.2,-10.807500000024447,False,22.66666666666663,True,True,2026-03-15 07:46:44.019,8.36,8.36,8.36,8.36,False,160.0,-57.99999999999978,True,False,2026-03-15 07:47:05.659,30.0,120.0,False,False,False
china_2026_R_01281,china_2026_R,LIN,LAW,2026-03-15 07:46:36.179,25,CLOSE_INTERACTION_NO_PASS,"valid close battle, no pairwise order change inside the horizon; the pair did swap 78.0 s after t0, outside it",95.97138888888867,15.16,-95.83583333331626,False,6.199999999999932,False,False,,,78.041,78.041,78.041,True,212.0,31.289515699840816,True,False,2026-03-15 07:47:06.179,30.0,120.0,False,False,False
china_2026_R_01282,china_2026_R,RUS,HAM,2026-03-15 07:46:38.379,25,CLOSE_INTERACTION_NO_PASS,"valid close battle, no pairwise order change inside the horizon; the pair did swap 72.9 s after t0, outside it",12.480277777777928,72.6,-11.196388888900401,False,21.150833333329786,False,False,,,70.48,72.92,72.92,True,112.0,,True,False,2026-03-15 07:47:08.379,30.0,120.0,False,False,False
china_2026_R_01283,china_2026_R,COL,GAS,2026-03-15 07:46:44.019,25,ON_TRACK_PASS,race-distance ordering and target DriverAhead both show the swap,92.60888888888894,4.161,-92.19555555554689,False,8.63333333333344,True,True,2026-03-15 07:46:48.339,4.32,4.32,4.32,4.32,False,79.0,,True,False,2026-03-15 07:47:14.019,30.0,120.0,False,False,False
china_2026_R_01284,china_2026_R,PER,BOT,2026-03-15 07:46:49.259,25,CLOSE_INTERACTION_NO_PASS,"valid close battle, no pairwise order change inside the horizon",98.3555555555555,14.52,-99.89388888888061,False,4.977777777777646,False,False,,,,,,False,222.0,21.961089494163396,True,False,2026-03-15 07:47:19.259,30.0,120.0,False,False,False
china_2026_R_01285,china_2026_R,VER,BEA,2026-03-15 07:46:49.859,25,CLOSE_INTERACTION_NO_PASS,"valid close battle, no pairwise order change inside the horizon",94.29333333333375,6.24,-94.48444444444613,False,12.05555555555543,False,False,,,,,,False,123.0,71.99583116206308,True,False,2026-03-15 07:47:19.859,30.0,120.0,False,False,False
china_2026_R_01286,china_2026_R,HUL,GAS,2026-03-15 07:46:50.259,25,CLOSE_INTERACTION_NO_PASS,"valid close battle, no pairwise order change inside the horizon",84.27416666666545,4.641,-84.22083333332557,False,9.955555555555748,False,False,,,,84.841,,False,127.0,,True,False,2026-03-15 07:47:20.259,30.0,120.0,False,False,False
china_2026_R_01287,china_2026_R,SAI,HAD,2026-03-15 07:46:59.459,25,CLOSE_INTERACTION_NO_PASS,"valid close battle, no pairwise order change inside the horizon; the pair did swap 57.2 s after t0, outside it",95.77666666666687,6.08,-95.79166666665697,False,16.485555555555493,False,False,,,57.2,57.2,57.2,True,118.0,118.99999999999973,True,False,2026-03-15 07:47:29.459,30.0,120.0,False,False,False
china_2026_R_01288,china_2026_R,GAS,OCO,2026-03-15 07:46:59.739,25,ON_TRACK_PASS,race-distance ordering and target DriverAhead both show the swap,10.413611111112232,9.6,-10.804166666668607,False,4.2577777777778465,True,True,2026-03-15 07:47:10.219,10.48,10.48,10.48,10.48,False,189.0,-34.84615384615521,True,False,2026-03-15 07:47:29.739,30.0,120.0,False,False,False
china_2026_R_01289,china_2026_R,BOT,ALO,2026-03-15 07:47:05.739,25,CLOSE_INTERACTION_NO_PASS,"valid close battle, no pairwise order change inside the horizon; the pair did swap 52.3 s after t0, outside it",97.23388888888871,5.16,-95.63777777776704,False,24.93333333333362,False,False,,,52.32,52.32,52.32,True,167.0,112.73469387755095,True,False,2026-03-15 07:47:35.739,30.0,120.0,False,False,False
china_2026_R_01290,china_2026_R,HUL,OCO,2026-03-15 07:47:10.219,25,CLOSE_INTERACTION_NO_PASS,"valid close battle, no pairwise order change inside the horizon",70.94166666666843,9.16,-71.27888888888992,False,5.4222222222224445,False,False,,,,,,False,172.0,,True,False,2026-03-15 07:47:40.219,30.0,120.0,False,False,False
china_2026_R_01291,china_2026_R,GAS,VER,2026-03-15 07:47:12.099,25,CLOSE_INTERACTION_NO_PASS,"valid close battle, no pairwise order change inside the horizon; the pair did swap 37.7 s after t0, outside it",69.47805555555578,4.6,-69.9013888888876,False,11.022222222222354,False,False,,,37.72,37.72,37.72,True,108.0,,True,False,2026-03-15 07:47:42.099,30.0,120.0,False,False,False
china_2026_R_01292,china_2026_R,OCO,COL,2026-03-15 07:47:12.099,25,CLOSE_INTERACTION_NO_PASS,"valid close battle, no pairwise order change inside the horizon; the pair did swap 36.9 s after t0, outside it",42.34333333333234,5.72,-42.3661111110996,False,3.199999999999818,False,False,,,36.92,36.92,36.92,True,130.0,,True,False,2026-03-15 07:47:42.099,30.0,120.0,False,False,False
china_2026_R_01293,china_2026_R,LIN,LAW,2026-03-15 07:47:12.699,25,CLOSE_INTERACTION_NO_PASS,"valid close battle, no pairwise order change inside the horizon; the pair did swap 41.5 s after t0, outside it",99.07944444444456,8.161,-98.94388888886897,False,5.569444444444343,False,False,,,41.521,41.521,41.521,True,164.0,45.399999999999636,True,False,2026-03-15 07:47:42.699,30.0,120.0,False,False,False
china_2026_R_01294,china_2026_R,OCO,GAS,2026-03-15 07:47:18.059,25,ON_TRACK_PASS,race-distance ordering and target DriverAhead both show the swap,53.60499999999956,5.2,-53.2144444444566,False,8.533333333333303,True,True,2026-03-15 07:47:37.779,19.72,19.72,19.72,19.72,False,112.0,,True,False,2026-03-15 07:47:48.059,30.0,120.0,False,False,False
china_2026_R_01295,china_2026_R,GAS,COL,2026-03-15 07:47:18.379,25,ON_TRACK_PASS,race-distance ordering and target DriverAhead both show the swap,16.182777777776664,4.88,-16.596111111110076,False,10.5777777777771,True,True,2026-03-15 07:47:23.539,5.16,5.16,5.16,5.16,False,231.0,-118.99999999999238,True,False,2026-03-15 07:47:48.379,30.0,120.0,False,False,False
china_2026_R_01296,china_2026_R,COL,GAS,2026-03-15 07:47:23.899,25,ON_TRACK_PASS,race-distance ordering and target DriverAhead both show the swap,17.66777777777952,7.4,-17.25444444443565,False,15.0,True,True,2026-03-15 07:47:31.619,7.72,7.72,7.72,7.72,False,249.0,-150.00000000000003,True,False,2026-03-15 07:47:53.899,30.0,120.0,False,False,False
china_2026_R_01297,china_2026_R,PER,BOT,2026-03-15 07:47:25.339,25,CLOSE_INTERACTION_NO_PASS,"valid close battle, no pairwise order change inside the horizon",98.79361111111075,10.12,-100.33194444444962,False,5.999999999999545,False,False,,,,,,False,188.0,16.466666666665333,True,False,2026-03-15 07:47:55.339,30.0,120.0,False,False,False
china_2026_R_01298,china_2026_R,BOT,ALO,2026-03-15 07:47:37.779,25,ON_TRACK_PASS,race-distance ordering and target DriverAhead both show the swap,94.87972222222152,3.361,-93.28361111111008,False,9.566666666666606,True,True,2026-03-15 07:47:58.059,20.28,20.28,20.28,20.28,False,178.0,87.54761904762063,True,False,2026-03-15 07:48:07.779,30.0,120.0,False,False,False
china_2026_R_01299,china_2026_R,GAS,OCO,2026-03-15 07:47:38.179,25,ON_TRACK_PASS,race-distance ordering and target DriverAhead both show the swap,10.404166666666697,7.76,-10.794722222199198,False,9.099999999999909,True,True,2026-03-15 07:47:46.220,8.041,8.041,8.041,8.041,False,306.0,-56.99999999999727,True,False,2026-03-15 07:48:08.179,30.0,120.0,False,False,False
china_2026_R_01300,china_2026_R,COL,OCO,2026-03-15 07:47:49.219,25,ON_TRACK_PASS,race-distance ordering and target DriverAhead both show the swap,12.441666666667516,5.321,-12.418888888903894,False,12.33333333333394,True,True,2026-03-15 07:47:54.900,5.681,5.681,5.681,5.681,False,320.0,-222.0000000000109,True,False,2026-03-15 07:48:19.219,30.0,120.0,False,False,False
china_2026_R_01301,china_2026_R,OCO,VER,2026-03-15 07:47:49.819,25,CLOSE_INTERACTION_NO_PASS,"valid close battle, no pairwise order change inside the horizon",35.03166666666948,3.081,-35.06444444443332,False,7.631666666666206,False,False,,,97.041,,,False,79.0,,True,False,2026-03-15 07:48:19.819,30.0,120.0,False,False,False
china_2026_R_01302,china_2026_R,ANT,RUS,2026-03-15 07:47:54.900,26,ON_TRACK_PASS,race-distance ordering and target DriverAhead both show the swap,18.381666666666774,5.16,-18.37861111111124,False,26.1111111111112,True,True,2026-03-15 07:48:00.300,5.4,5.4,5.4,5.4,False,334.0,,True,False,2026-03-15 07:48:24.900,30.0,120.0,False,False,False
china_2026_R_01303,china_2026_R,LAW,HUL,2026-03-15 07:47:56.459,25,ON_TRACK_PASS,race-distance ordering and target DriverAhead both show the swap,11.615000000000691,11.161,-11.668333333334886,False,5.511111111110949,True,True,2026-03-15 07:48:15.620,19.161,19.161,19.52,19.52,False,152.0,-48.800000000002,True,False,2026-03-15 07:48:26.459,30.0,120.0,False,False,False
china_2026_R_01304,china_2026_R,OCO,COL,2026-03-15 07:47:56.459,25,UNCERTAIN,"only one of the two order-change signals fired (distance=True, driver_ahead=False)",10.970555555552892,30.361,-10.993333333317423,False,30.490555555557563,True,False,2026-03-15 07:48:12.980,16.521,16.521,90.401,90.401,True,225.0,-20.23091725464794,True,False,2026-03-15 07:48:26.459,30.0,120.0,False,False,False
china_2026_R_01305,china_2026_R,ALO,BOT,2026-03-15 07:47:58.819,25,ON_TRACK_PASS,race-distance ordering and target DriverAhead both show the swap,10.410833333333812,6.961,-12.00694444446708,False,4.0,True,True,2026-03-15 07:48:05.980,7.161,7.161,7.161,7.161,False,322.0,-40.26315789473684,True,False,2026-03-15 07:48:28.819,30.0,120.0,False,False,False
china_2026_R_01306,china_2026_R,SAI,HAD,2026-03-15 07:47:59.860,25,ON_TRACK_PASS,race-distance ordering and target DriverAhead both show the swap,17.844999999999345,9.799,-17.85999999998603,False,10.33333333333303,True,True,2026-03-15 07:48:19.820,19.96,19.96,21.32,21.32,False,169.0,-97.19999999999891,True,False,2026-03-15 07:48:29.860,30.0,120.0,False,False,False
china_2026_R_01307,china_2026_R,PER,BOT,2026-03-15 07:48:06.860,25,CLOSE_INTERACTION_NO_PASS,"valid close battle, no pairwise order change inside the horizon",98.39833333333536,6.12,-99.93666666664649,False,9.722222222222626,False,False,,,,,,False,140.0,137.1818181818162,True,False,2026-03-15 07:48:36.860,30.0,120.0,False,False,False
china_2026_R_01308,china_2026_R,HUL,GAS,2026-03-15 07:48:06.860,26,ON_TRACK_PASS,race-distance ordering and target DriverAhead both show the swap,90.43055555555556,8.0,-90.39722222223645,False,6.333333333333371,True,True,2026-03-15 07:48:15.100,8.24,8.24,8.24,8.24,False,250.0,,True,False,2026-03-15 07:48:36.860,30.0,120.0,False,False,False
china_2026_R_01309,china_2026_R,VER,BEA,2026-03-15 07:48:08.980,26,CLOSE_INTERACTION_NO_PASS,"valid close battle, no pairwise order change inside the horizon",96.00083333333362,9.519,-95.53694444443681,False,5.8888888888888005,False,False,,,,,,False,148.0,70.21739130434733,True,False,2026-03-15 07:48:38.980,30.0,120.0,False,False,False
china_2026_R_01310,china_2026_R,LIN,HAD,2026-03-15 07:48:10.499,26,CLOSE_INTERACTION_NO_PASS,"valid close battle, no pairwise order change inside the horizon; the pair did swap 82.8 s after t0, outside it",43.5372222222222,21.921,-43.65916666664998,False,3.788888888889005,False,False,,,82.841,82.841,82.841,True,293.0,,True,False,2026-03-15 07:48:40.499,30.0,120.0,False,False,False
china_2026_R_01311,china_2026_R,COL,VER,2026-03-15 07:48:12.259,26,CLOSE_INTERACTION_NO_PASS,"valid close battle, no pairwise order change inside the horizon",99.03499999999974,9.121,-99.32638888890506,False,5.933333333333167,False,False,,,,,,False,122.0,58.43181818181853,True,False,2026-03-15 07:48:42.259,30.0,120.0,False,False,False
china_2026_R_01312,china_2026_R,HUL,OCO,2026-03-15 07:48:15.100,26,CLOSE_INTERACTION_NO_PASS,"valid close battle, no pairwise order change inside the horizon",60.82694444444451,7.719,-60.982500000012806,False,12.956944444444616,False,False,,,,,,False,132.0,,True,False,2026-03-15 07:48:45.100,30.0,120.0,False,False,False
china_2026_R_01313,china_2026_R,HAD,GAS,2026-03-15 07:48:18.940,26,ON_TRACK_PASS,race-distance ordering and target DriverAhead both show the swap,99.14194444444445,9.16,-98.9461111111159,False,15.777777777777487,True,True,2026-03-15 07:48:36.259,17.319,17.319,17.319,17.319,False,94.0,72.0829074389545,True,False,2026-03-15 07:48:48.940,30.0,120.0,False,False,False
china_2026_R_01314,china_2026_R,GAS,HUL,2026-03-15 07:48:21.180,26,CLOSE_INTERACTION_NO_PASS,"valid close battle, no pairwise order change inside the horizon; the pair did swap 70.8 s after t0, outside it",10.830555555555748,3.919,-10.863888888881775,False,2.2222222222222854,False,False,,,70.8,70.8,70.8,True,106.0,-4.040000000000146,True,False,2026-03-15 07:48:51.180,30.0,120.0,False,False,False
china_2026_R_01315,china_2026_R,RUS,ANT,2026-03-15 07:48:25.820,26,ON_TRACK_PASS,race-distance ordering and target DriverAhead both show the swap,91.10833333333494,6.36,-91.11138888887945,False,12.534722222222626,True,True,2026-03-15 07:48:41.140,15.32,15.32,15.32,15.32,False,124.0,92.14502987506638,True,False,2026-03-15 07:48:55.820,30.0,120.0,False,False,False
china_2026_R_01316,china_2026_R,HAD,SAI,2026-03-15 07:48:28.500,26,ON_TRACK_PASS,race-distance ordering and target DriverAhead both show the swap,91.41861111111098,3.92,-91.22277777775889,False,11.977777777777874,True,True,2026-03-15 07:48:32.700,4.2,4.2,4.2,4.2,False,93.0,,True,False,2026-03-15 07:48:58.500,30.0,120.0,False,False,False
china_2026_R_01317,china_2026_R,OCO,COL,2026-03-15 07:48:29.219,26,CLOSE_INTERACTION_NO_PASS,"valid close battle, no pairwise order change inside the horizon; the pair did swap 57.6 s after t0, outside it",53.01472222222219,10.121,-53.056666666670935,False,10.171944444444307,False,False,,,57.641,57.641,57.641,True,277.0,,True,False,2026-03-15 07:48:59.219,30.0,120.0,False,False,False
china_2026_R_01318,china_2026_R,LAW,VER,2026-03-15 07:48:32.420,26,ON_TRACK_PASS,race-distance ordering and target DriverAhead both show the swap,64.7858333333329,5.119,-65.18638888886198,False,13.422222222222217,True,True,2026-03-15 07:48:34.540,2.12,2.12,2.12,2.12,False,93.0,,True,False,2026-03-15 07:49:02.420,30.0,120.0,False,False,False
china_2026_R_01319,china_2026_R,ALO,PER,2026-03-15 07:48:32.700,26,CLOSE_INTERACTION_NO_PASS,"valid close battle, no pairwise order change inside the horizon",97.38249999999994,14.72,-97.02333333334536,False,6.814166666666438,False,False,,,,,,False,159.0,95.32330443651178,True,False,2026-03-15 07:49:02.700,30.0,120.0,False,False,False
china_2026_R_01320,china_2026_R,LIN,SAI,2026-03-15 07:48:32.700,26,CLOSE_INTERACTION_NO_PASS,"valid close battle, no pairwise order change inside the horizon; the pair did swap 62.7 s after t0, outside it",51.45666666666693,3.759,-51.382777777762385,False,3.5333333333335304,False,False,,,62.72,62.72,62.72,True,191.0,,True,False,2026-03-15 07:49:02.700,30.0,120.0,False,False,False
china_2026_R_01321,china_2026_R,SAI,HAD,2026-03-15 07:48:33.300,26,ON_TRACK_PASS,race-distance ordering and target DriverAhead both show the swap,11.592500000000882,4.039,-11.788333333330229,False,8.86666666666656,True,True,2026-03-15 07:48:37.539,4.239,4.239,4.239,4.239,False,258.0,-55.53333333333421,True,False,2026-03-15 07:49:03.300,30.0,120.0,False,False,False
china_2026_R_01322,china_2026_R,GAS,SAI,2026-03-15 07:48:37.179,26,ON_TRACK_PASS,race-distance ordering and target DriverAhead both show the swap,17.37861111111215,3.801,-17.37861111111124,False,34.4755555555555,True,True,2026-03-15 07:48:41.140,3.961,3.961,3.961,3.961,False,271.0,-145.59999999999923,True,False,2026-03-15 07:49:07.179,30.0,120.0,False,False,False
china_2026_R_01323,china_2026_R,SAI,HUL,2026-03-15 07:48:37.539,26,CLOSE_INTERACTION_NO_PASS,"valid close battle, no pairwise order change inside the horizon; the pair did swap 57.9 s after t0, outside it",79.20694444444462,3.441,-79.2402777778043,False,13.600000000000136,False,False,,,57.281,57.881,57.881,True,109.0,,True,False,2026-03-15 07:49:07.539,30.0,120.0,False,False,False
china_2026_R_01324,china_2026_R,OCO,LAW,2026-03-15 07:48:39.660,26,ON_TRACK_PASS,race-distance ordering and target DriverAhead both show the swap,54.65833333333262,8.12,-54.59111111110542,False,9.95555555555552,True,True,2026-03-15 07:48:59.660,20.0,20.0,20.0,20.0,False,117.0,,True,False,2026-03-15 07:49:09.660,30.0,120.0,False,False,False
china_2026_R_01325,china_2026_R,LAW,COL,2026-03-15 07:48:39.940,26,ON_TRACK_PASS,race-distance ordering and target DriverAhead both show the swap,18.75388888889006,7.84,-18.863055555557366,False,10.811111111111131,True,True,2026-03-15 07:48:48.300,8.36,8.36,8.36,8.36,False,256.0,-139.00000000000026,True,False,2026-03-15 07:49:09.940,30.0,120.0,False,False,False
china_2026_R_01326,china_2026_R,HUL,OCO,2026-03-15 07:48:46.340,26,CLOSE_INTERACTION_NO_PASS,"valid close battle, no pairwise order change inside the horizon",98.7636111111101,11.599,-98.9191666666593,False,10.512499999999818,False,False,,,,,,False,198.0,14.235222425351749,True,False,2026-03-15 07:49:16.340,30.0,120.0,False,False,False
china_2026_R_01327,china_2026_R,COL,LAW,2026-03-15 07:48:48.700,26,ON_TRACK_PASS,race-distance ordering and target DriverAhead both show the swap,10.322499999999309,8.359,-10.213333333318587,False,13.222222222222172,True,True,2026-03-15 07:48:57.259,8.559,8.559,8.559,8.559,False,239.0,-70.00000000000045,True,False,2026-03-15 07:49:18.700,30.0,120.0,False,False,False
china_2026_R_01328,china_2026_R,PER,BOT,2026-03-15 07:48:50.299,26,CLOSE_INTERACTION_NO_PASS,"valid close battle, no pairwise order change inside the horizon",84.8544444444442,6.76,-85.33611111110076,False,9.600000000000136,False,False,,,,,,False,129.0,70.55677838919516,True,False,2026-03-15 07:49:20.299,30.0,120.0,False,False,False
china_2026_R_01329,china_2026_R,SAI,GAS,2026-03-15 07:48:51.259,26,ON_TRACK_PASS,race-distance ordering and target DriverAhead both show the swap,97.66305555555346,8.881,-97.66305555554572,False,25.697222222222535,True,True,2026-03-15 07:48:55.660,4.401,4.401,4.401,4.401,False,179.0,55.18181818181792,True,False,2026-03-15 07:49:21.259,30.0,120.0,False,False,False
china_2026_R_01330,china_2026_R,LEC,RUS,2026-03-15 07:48:53.100,26,UNCERTAIN,"only one of the two order-change signals fired (distance=False, driver_ahead=True)",99.0013888888866,7.04,-96.40916666664998,False,3.0000000000009095,False,True,2026-03-15 07:49:22.980,29.88,,29.88,,False,252.0,27.478001086368717,True,False,2026-03-15 07:49:23.100,30.0,120.0,False,False,False
china_2026_R_01331,china_2026_R,VER,BEA,2026-03-15 07:48:57.659,26,CLOSE_INTERACTION_NO_PASS,"valid close battle, no pairwise order change inside the horizon",96.66083333333745,6.12,-96.1969444444403,False,8.399999999999636,False,False,,,,,,False,98.0,136.09954977488997,True,False,2026-03-15 07:49:27.659,30.0,120.0,False,False,False
china_2026_R_01332,china_2026_R,OCO,COL,2026-03-15 07:48:59.660,26,ON_TRACK_PASS,race-distance ordering and target DriverAhead both show the swap,62.010833333334176,12.12,-62.05277777777519,False,7.622222222222263,True,True,2026-03-15 07:49:26.860,27.2,27.2,27.2,27.2,False,264.0,,True,False,2026-03-15 07:49:29.660,30.0,120.0,False,False,False
china_2026_R_01333,china_2026_R,LAW,VER,2026-03-15 07:49:02.780,26,ON_TRACK_PASS,race-distance ordering and target DriverAhead both show the swap,71.88555555555513,6.72,-72.2861111111124,False,32.22222222222217,True,True,2026-03-15 07:49:04.779,1.999,1.999,1.999,1.999,False,116.0,,True,False,2026-03-15 07:49:32.780,30.0,120.0,False,False,False
china_2026_R_01334,china_2026_R,HAD,GAS,2026-03-15 07:49:04.779,26,CLOSE_INTERACTION_NO_PASS,"valid close battle, no pairwise order change inside the horizon",97.78222222221893,7.441,-97.58638888888527,False,13.066666666666606,False,False,,,,70.041,,False,86.0,170.79999999999882,True,False,2026-03-15 07:49:34.779,30.0,120.0,False,False,False
china_2026_R_01335,china_2026_R,ALO,PER,2026-03-15 07:49:05.380,26,CLOSE_INTERACTION_NO_PASS,"valid close battle, no pairwise order change inside the horizon",99.7849999999994,30.96,-99.42583333331277,False,19.333333333333485,False,False,,,,,,False,220.0,8.62585883822636,True,False,2026-03-15 07:49:35.380,30.0,120.0,False,False,False
china_2026_R_01336,china_2026_R,LIN,HAD,2026-03-15 07:49:07.300,26,ON_TRACK_PASS,race-distance ordering and target DriverAhead both show the swap,33.306111111112386,11.08,-33.428055555559695,False,5.555555555555202,True,True,2026-03-15 07:49:33.340,26.04,26.04,26.04,26.04,False,134.0,,True,False,2026-03-15 07:49:37.300,30.0,120.0,False,False,False
china_2026_R_01337,china_2026_R,SAI,HUL,2026-03-15 07:49:08.300,26,ON_TRACK_PASS,race-distance ordering and target DriverAhead both show the swap,55.00138888889114,3.92,-55.03472222221899,False,16.888888888888232,True,True,2026-03-15 07:49:34.820,26.52,26.52,27.12,27.12,False,101.0,,True,False,2026-03-15 07:49:38.300,30.0,120.0,False,False,False
china_2026_R_01338,china_2026_R,GAS,SAI,2026-03-15 07:49:08.300,26,ON_TRACK_PASS,race-distance ordering and target DriverAhead both show the swap,29.237777777780593,3.92,-29.237777777772862,False,14.300000000000182,True,True,2026-03-15 07:49:12.460,4.16,4.16,4.16,4.16,False,269.0,,True,False,2026-03-15 07:49:38.300,30.0,120.0,False,False,False
china_2026_R_01339,china_2026_R,GAS,HUL,2026-03-15 07:49:12.460,26,ON_TRACK_PASS,race-distance ordering and target DriverAhead both show the swap,61.59083333333774,7.2,-61.62416666664649,False,4.899999999999636,True,True,2026-03-15 07:49:31.980,19.52,19.52,19.52,19.52,False,194.0,,True,False,2026-03-15 07:49:42.460,30.0,120.0,False,False,False
china_2026_R_01340,china_2026_R,HAD,SAI,2026-03-15 07:49:12.460,26,ON_TRACK_PASS,race-distance ordering and target DriverAhead both show the swap,95.3088888888883,5.92,-95.11305555555737,False,7.2199999999998,True,True,2026-03-15 07:49:18.580,6.12,6.12,6.12,6.12,False,86.0,,True,False,2026-03-15 07:49:42.460,30.0,120.0,False,False,False
china_2026_R_01341,china_2026_R,LAW,OCO,2026-03-15 07:49:14.820,26,ON_TRACK_PASS,race-distance ordering and target DriverAhead both show the swap,12.437222222223227,10.6,-12.504444444435649,False,6.20277777777801,True,True,2026-03-15 07:49:28.620,13.8,13.8,13.8,13.8,False,280.0,-68.33333333333213,True,False,2026-03-15 07:49:44.820,30.0,120.0,False,False,False
china_2026_R_01342,china_2026_R,HUL,LAW,2026-03-15 07:49:16.579,26,UNCERTAIN,"only one of the two order-change signals fired (distance=False, driver_ahead=True)",98.73888888888678,11.521,-98.82722222222947,False,2.7777777777791925,False,True,2026-03-15 07:49:46.340,29.761,,29.761,,False,244.0,28.854007146506287,True,False,2026-03-15 07:49:46.579,30.0,120.0,False,False,False
china_2026_R_01343,china_2026_R,LIN,SAI,2026-03-15 07:49:18.580,26,ON_TRACK_PASS,race-distance ordering and target DriverAhead both show the swap,76.49666666666917,16.6,-76.42277777777053,False,5.866666666666788,True,True,2026-03-15 07:49:35.420,16.84,16.84,16.84,16.84,False,183.0,,True,False,2026-03-15 07:49:48.580,30.0,120.0,False,False,False
china_2026_R_01344,china_2026_R,SAI,HAD,2026-03-15 07:49:19.100,26,ON_TRACK_PASS,race-distance ordering and target DriverAhead both show the swap,12.748055555555311,13.52,-12.943888888898073,False,14.0,True,True,2026-03-15 07:49:33.060,13.96,13.96,13.96,13.96,False,263.0,-67.38461538461392,True,False,2026-03-15 07:49:49.100,30.0,120.0,False,False,False
china_2026_R_01345,china_2026_R,PER,BOT,2026-03-15 07:49:21.580,26,CLOSE_INTERACTION_NO_PASS,"valid close battle, no pairwise order change inside the horizon",96.07777777777801,5.88,-96.55944444442866,False,8.799999999999727,False,False,,,,,,False,97.0,111.70833333333292,True,False,2026-03-15 07:49:51.580,30.0,120.0,False,False,False
china_2026_R_01346,china_2026_R,RUS,HAM,2026-03-15 07:49:26.060,27,UNCERTAIN,"only one of the two order-change signals fired (distance=True, driver_ahead=False)",67.44999999999999,3.719,-67.41888888887479,False,14.755277777777792,True,False,2026-03-15 07:49:30.219,4.159,4.159,95.16,95.16,True,292.0,,True,False,2026-03-15 07:49:56.060,30.0,120.0,False,False,False
china_2026_R_01347,china_2026_R,OCO,VER,2026-03-15 07:49:26.860,26,CLOSE_INTERACTION_NO_PASS,"valid close battle, no pairwise order change inside the horizon; the pair did swap 98.8 s after t0, outside it",23.39222222221906,4.039,-23.725555555545725,False,23.4777777777781,False,False,,,98.2,98.84,98.84,True,71.0,,True,False,2026-03-15 07:49:56.860,30.0,120.0,False,False,False
china_2026_R_01348,china_2026_R,HUL,COL,2026-03-15 07:49:28.620,26,CLOSE_INTERACTION_NO_PASS,"valid close battle, no pairwise order change inside the horizon",91.42444444444209,3.16,-91.62194444442866,False,14.577777777776646,False,False,,,,,,False,67.0,162.0,True,False,2026-03-15 07:49:58.620,30.0,120.0,False,False,False
china_2026_R_01349,china_2026_R,RUS,ANT,2026-03-15 07:49:31.780,27,CLOSE_INTERACTION_NO_PASS,"valid close battle, no pairwise order change inside the horizon",96.93138888888916,4.879,-96.87666666664882,False,15.788888888888891,False,False,,,,,,False,102.0,188.02562459961558,True,False,2026-03-15 07:50:01.780,30.0,120.0,False,False,False
china_2026_R_01350,china_2026_R,HAM,LEC,2026-03-15 07:49:32.140,27,CLOSE_INTERACTION_NO_PASS,"valid close battle, no pairwise order change inside the horizon",10.089166666666301,86.44,-9.912222222221317,False,5.5,False,False,,,,,,False,124.0,-4.123373243102032,True,False,2026-03-15 07:50:02.140,30.0,120.0,False,False,False
china_2026_R_01351,china_2026_R,COL,LAW,2026-03-15 07:49:33.580,26,ON_TRACK_PASS,race-distance ordering and target DriverAhead both show the swap,86.62388888888745,7.56,-86.51472222222947,False,60.80000000000018,True,True,2026-03-15 07:49:41.380,7.8,7.8,7.8,7.8,False,66.0,,True,False,2026-03-15 07:50:03.580,30.0,120.0,False,False,False
china_2026_R_01352,china_2026_R,LAW,GAS,2026-03-15 07:49:35.180,26,UNCERTAIN,"only one of the two order-change signals fired (distance=True, driver_ahead=False)",21.736944444446635,4.52,-21.61527777777519,False,20.555555555554747,True,False,2026-03-15 07:49:56.100,20.92,20.92,36.4,36.4,True,338.0,,True,False,2026-03-15 07:50:05.180,30.0,120.0,False,False,False
china_2026_R_01353,china_2026_R,GAS,VER,2026-03-15 07:49:35.180,26,ON_TRACK_PASS,race-distance ordering and target DriverAhead both show the swap,59.20833333333485,5.52,-59.73055555555038,False,15.555555555555657,True,True,2026-03-15 07:49:36.659,1.479,1.479,1.479,1.479,False,157.0,,True,False,2026-03-15 07:50:05.180,30.0,120.0,False,False,False
china_2026_R_01354,china_2026_R,OCO,COL,2026-03-15 07:49:39.420,26,UNCERTAIN,"only one of the two order-change signals fired (distance=True, driver_ahead=False)",11.516666666660967,84.281,-11.558611111104256,False,17.893333333337225,True,False,2026-03-15 07:49:51.780,12.36,12.36,84.68,84.68,True,216.0,-27.058823529408023,True,False,2026-03-15 07:50:09.420,30.0,120.0,False,False,False
china_2026_R_01355,china_2026_R,LIN,GAS,2026-03-15 07:49:39.980,26,CLOSE_INTERACTION_NO_PASS,"valid close battle, no pairwise order change inside the horizon",65.03638888888781,3.719,-64.96249999999418,False,13.66666666666697,False,False,,,,,,False,189.0,,True,False,2026-03-15 07:50:09.980,30.0,120.0,False,False,False
china_2026_R_01356,china_2026_R,LEC,RUS,2026-03-15 07:49:41.380,27,CLOSE_INTERACTION_NO_PASS,"valid close battle, no pairwise order change inside the horizon",99.57250000000033,7.36,-99.78055555556784,False,6.2999999999999545,False,False,,,,78.88,,False,135.0,37.795918367347156,True,False,2026-03-15 07:50:11.380,30.0,120.0,False,False,False
china_2026_R_01357,china_2026_R,GAS,OCO,2026-03-15 07:49:43.419,27,INVALID,"race state not green at t0 (TrackStatus=12, freeze=False)",43.25138888888888,17.921,-43.31194444443099,False,8.999999999999943,False,False,,,85.481,85.481,85.481,True,289.0,,False,False,2026-03-15 07:50:13.419,30.0,120.0,False,False,False
china_2026_R_01358,china_2026_R,VER,BEA,2026-03-15 07:49:46.140,27,CLOSE_INTERACTION_NO_PASS,"valid close battle, no pairwise order change inside the horizon",99.88194444444434,10.999,-99.90944444443448,False,8.500000000000114,False,False,,,,,,False,157.0,61.53658536585358,True,False,2026-03-15 07:50:16.140,30.0,120.0,False,False,False
china_2026_R_01359,china_2026_R,ALO,PER,2026-03-15 07:49:48.580,26,CLOSE_INTERACTION_NO_PASS,"valid close battle, no pairwise order change inside the horizon",92.7655555555557,13.72,-92.40638888889225,False,14.66666666666697,False,False,,,,,,False,114.0,121.86363636363404,True,False,2026-03-15 07:50:18.580,30.0,120.0,False,False,False
china_2026_R_01360,china_2026_R,HUL,GAS,2026-03-15 07:49:50.659,27,INVALID,"race state not green at t0 (TrackStatus=12, freeze=False)",90.42388888888894,12.561,-90.42388888887945,False,7.320277777777903,True,True,2026-03-15 07:50:03.539,12.88,12.88,12.88,12.88,False,185.0,52.743616466909685,False,False,2026-03-15 07:50:20.659,30.0,120.0,False,False,False
china_2026_R_01361,china_2026_R,COL,VER,2026-03-15 07:49:51.020,27,INVALID,"race state not green at t0 (TrackStatus=12, freeze=False)",97.18638888888927,7.36,-97.01277777776704,False,5.3333333333332575,False,False,,,,,,False,99.0,64.43888888888887,False,False,2026-03-15 07:50:21.020,30.0,120.0,False,False,False
china_2026_R_01362,china_2026_R,LAW,HUL,2026-03-15 07:49:51.780,27,INVALID,"race state not green at t0 (TrackStatus=12, freeze=False)",99.0738888888888,11.44,-98.74388888888643,False,6.999999999999943,False,False,,,,,,False,216.0,41.62346938775515,False,False,2026-03-15 07:50:21.780,30.0,120.0,False,False,False
china_2026_R_01363,china_2026_R,HAD,LAW,2026-03-15 07:49:53.460,27,INVALID,"race state not green at t0 (TrackStatus=12, freeze=False)",98.48249999999996,14.36,-98.79694444444613,False,9.411111111111154,False,False,,,,,,False,201.0,63.54000000000002,False,False,2026-03-15 07:50:23.460,30.0,120.0,False,False,False
china_2026_R_01364,china_2026_R,GAS,HUL,2026-03-15 07:50:04.140,27,INVALID,"race state not green at t0 (TrackStatus=12, freeze=False)",13.231111111111431,6.8,-13.23111111111939,False,11.611111111111086,False,False,,,31.16,31.16,31.16,True,154.0,-62.14309484192922,False,False,2026-03-15 07:50:34.140,30.0,120.0,False,False,False
china_2026_R_01365,china_2026_R,HAD,SAI,2026-03-15 07:50:08.940,27,INVALID,"race state not green at t0 (TrackStatus=12, freeze=False)",95.15777777777794,6.88,-95.21277777774958,False,11.744444444444525,False,False,,,50.8,50.8,50.8,True,104.0,101.99999999999785,False,False,2026-03-15 07:50:38.940,30.0,120.0,False,False,False
china_2026_R_01366,china_2026_R,HUL,OCO,2026-03-15 07:50:10.579,27,INVALID,"race state not green at t0 (TrackStatus=12, freeze=False)",92.72194444444449,6.201,-92.78250000000116,False,20.100000000000136,False,False,,,,,,False,112.0,97.7873892652416,False,False,2026-03-15 07:50:40.579,30.0,120.0,False,False,False
china_2026_R_01367,china_2026_R,PER,BOT,2026-03-15 07:50:11.780,27,INVALID,"race state not green at t0 (TrackStatus=12, freeze=False)",98.61861111111136,10.72,-100.4636111111322,False,7.199999999999932,False,False,,,,,,False,139.0,53.17999999999986,False,False,2026-03-15 07:50:41.780,30.0,120.0,False,False,False
china_2026_R_01368,china_2026_R,LAW,GAS,2026-03-15 07:50:18.460,27,INVALID,"race state not green at t0 (TrackStatus=12, freeze=False)",14.325000000000045,13.96,-13.994999999995343,False,8.777777777777828,False,False,,,,,,False,254.0,-98.00000000000125,False,False,2026-03-15 07:50:48.460,30.0,120.0,False,False,False
china_2026_R_01369,china_2026_R,SAI,LAW,2026-03-15 07:50:21.580,27,INVALID,"race state not green at t0 (TrackStatus=12, freeze=False)",16.062777777777228,10.84,-16.32222222222481,False,11.299999999999955,True,True,2026-03-15 07:50:32.580,11.0,11.0,11.0,11.0,False,246.0,,False,False,2026-03-15 07:50:51.580,30.0,120.0,False,False,False
china_2026_R_01370,china_2026_R,LEC,RUS,2026-03-15 07:50:28.060,27,CLOSE_INTERACTION_NO_PASS,"valid close battle, no pairwise order change inside the horizon",98.00722222222157,10.96,-98.21527777778101,False,3.9111111111105856,False,False,,,,32.2,,False,187.0,23.9591836734682,True,False,2026-03-15 07:50:58.060,30.0,120.0,False,False,False
china_2026_R_01371,china_2026_R,HAD,LAW,2026-03-15 07:50:32.580,27,INVALID,"race state not green at t0 (TrackStatus=12, freeze=False)",93.02861111111179,4.84,-93.34305555553874,False,6.477777777778101,False,False,,,,,,False,142.0,,False,False,2026-03-15 07:51:02.580,30.0,120.0,False,False,False
china_2026_R_01372,china_2026_R,LAW,SAI,2026-03-15 07:50:33.020,27,INVALID,"race state not green at t0 (TrackStatus=12, freeze=False)",10.551944444444871,6.0,-10.292499999981374,False,14.300000000000182,True,True,2026-03-15 07:50:39.300,6.28,6.28,6.28,6.28,False,195.0,-70.54545454545487,False,False,2026-03-15 07:51:03.020,30.0,120.0,False,False,False
china_2026_R_01373,china_2026_R,VER,BEA,2026-03-15 07:50:35.300,27,CLOSE_INTERACTION_NO_PASS,"valid close battle, no pairwise order change inside the horizon",97.74972222221959,5.44,-97.777222222212,False,7.266666666666424,False,False,,,,,,False,94.0,145.8666666666668,True,False,2026-03-15 07:51:05.300,30.0,120.0,False,False,False
china_2026_R_01374,china_2026_R,HUL,GAS,2026-03-15 07:50:35.940,27,INVALID,"race state not green at t0 (TrackStatus=12, freeze=False)",10.141388888888741,4.2,-10.141388888907386,False,8.399999999999181,True,True,2026-03-15 07:50:40.500,4.5600000000000005,4.5600000000000005,4.5600000000000005,4.5600000000000005,False,231.0,-45.24999999999892,False,False,2026-03-15 07:51:05.940,30.0,120.0,False,False,False
china_2026_R_01375,china_2026_R,HAD,SAI,2026-03-15 07:50:40.140,27,INVALID,"race state not green at t0 (TrackStatus=12, freeze=False)",95.12500000000045,5.76,-95.18000000002212,False,22.40000000000009,True,True,2026-03-15 07:50:59.740,19.6,19.6,19.6,19.6,False,126.0,81.76190476190382,False,False,2026-03-15 07:51:10.140,30.0,120.0,False,False,False
china_2026_R_01376,china_2026_R,GAS,HUL,2026-03-15 07:50:40.740,27,INVALID,"race state not green at t0 (TrackStatus=12, freeze=False)",14.180833333331975,25.6,-14.180833333346527,False,12.466666666667152,True,True,2026-03-15 07:51:06.620,25.88,25.88,25.88,25.88,False,262.0,-148.99999999999412,False,False,2026-03-15 07:51:10.740,30.0,120.0,False,False,False
china_2026_R_01377,china_2026_R,LAW,GAS,2026-03-15 07:50:53.700,27,INVALID,"race state not green at t0 (TrackStatus=12, freeze=False)",94.75444444444565,3.441,-94.42444444444845,False,4.033333333333303,False,False,,,,,,False,206.0,,False,False,2026-03-15 07:51:23.700,30.0,120.0,False,False,False
china_2026_R_01378,china_2026_R,SAI,HAD,2026-03-15 07:50:59.900,27,INVALID,"race state not green at t0 (TrackStatus=12, freeze=False)",11.988611111113187,10.441,-11.933611111104256,False,10.99999999999909,True,True,2026-03-15 07:51:10.661,10.761,10.761,10.761,10.761,False,303.0,-59.99999999999659,False,False,2026-03-15 07:51:29.900,30.0,120.0,False,False,False
china_2026_R_01379,china_2026_R,RUS,LEC,2026-03-15 07:51:00.260,28,INVALID,"race state not green at t0 (TrackStatus=12, freeze=False)",46.14944444444444,77.441,-47.20277777776937,False,8.699999999999818,False,False,,,77.72,77.72,77.72,True,284.0,,False,False,2026-03-15 07:51:30.260,30.0,120.0,False,False,False
china_2026_R_01380,china_2026_R,HAM,RUS,2026-03-15 07:51:01.220,28,INVALID,"race state not green at t0 (TrackStatus=12, freeze=False)",45.1525,67.08,-45.11166666666395,False,13.487499999999955,False,False,,,,,,False,285.0,,False,False,2026-03-15 07:51:31.220,30.0,120.0,False,False,False
china_2026_R_01381,china_2026_R,PER,BOT,2026-03-15 07:51:01.820,27,INVALID,"race state not green at t0 (TrackStatus=12, freeze=False)",97.49222222222579,5.04,-99.33722222220968,False,7.622222222222263,False,False,,,,,,False,85.0,146.16666666666703,False,False,2026-03-15 07:51:31.820,30.0,120.0,False,False,False
china_2026_R_01382,china_2026_R,OCO,VER,2026-03-15 07:51:04.100,27,INVALID,"race state not green at t0 (TrackStatus=12, freeze=False)",95.29055555556533,4.4,-95.2591666666849,False,25.5,True,True,2026-03-15 07:51:05.700,1.6,1.6,1.6,1.6,False,65.0,,False,False,2026-03-15 07:51:34.100,30.0,120.0,False,False,False
china_2026_R_01383,china_2026_R,COL,OCO,2026-03-15 07:51:04.340,27,INVALID,"race state not green at t0 (TrackStatus=12, freeze=False)",11.35805555555271,15.24,-11.215833333320916,False,24.67777777777792,False,True,2026-03-15 07:51:21.020,16.68,,16.68,,False,328.0,-140.00000000002277,False,False,2026-03-15 07:51:34.340,30.0,120.0,False,False,False
china_2026_R_01384,china_2026_R,HUL,COL,2026-03-15 07:51:06.340,27,INVALID,"race state not green at t0 (TrackStatus=12, freeze=False)",85.95361111111197,4.48,-86.15638888889225,False,36.733333333332666,False,False,,,,,,False,79.0,179.73999999999725,False,False,2026-03-15 07:51:36.340,30.0,120.0,False,False,False
china_2026_R_01385,china_2026_R,LAW,HUL,2026-03-15 07:51:07.580,27,INVALID,"race state not green at t0 (TrackStatus=12, freeze=False)",99.05361111111415,5.16,-98.7236111111124,False,18.266666666666424,False,False,,,,,,False,122.0,148.12499999999662,False,False,2026-03-15 07:51:37.580,30.0,120.0,False,False,False
china_2026_R_01386,china_2026_R,HAD,LAW,2026-03-15 07:51:09.941,27,INVALID,"race state not green at t0 (TrackStatus=12, freeze=False)",98.60222222221728,5.599,-98.91666666665697,False,22.48888888888814,False,False,,,,,,False,94.0,137.0967570441263,False,False,2026-03-15 07:51:39.941,30.0,120.0,False,False,False
china_2026_R_01387,china_2026_R,GAS,BEA,2026-03-15 07:51:11.180,27,INVALID,"race state not green at t0 (TrackStatus=12, freeze=False)",89.89972222222059,5.921,-89.95638888890971,False,52.24499999999989,True,True,2026-03-15 07:51:26.540,15.36,15.36,21.56,21.56,False,190.0,,False,False,2026-03-15 07:51:41.180,30.0,120.0,False,False,False
china_2026_R_01388,china_2026_R,SAI,LAW,2026-03-15 07:51:17.860,27,INVALID,"race state not green at t0 (TrackStatus=12, freeze=False)",13.647777777772717,7.2,-13.90722222221666,False,13.899999999999636,True,False,2026-03-15 07:51:36.981,19.121,19.121,,,False,227.0,-173.9999999999891,False,False,2026-03-15 07:51:47.860,30.0,120.0,False,False,False
china_2026_R_01389,china_2026_R,HAD,SAI,2026-03-15 07:51:18.220,27,INVALID,"race state not green at t0 (TrackStatus=12, freeze=False)",93.25944444444394,7.8,-93.31444444443332,False,13.399999999999636,True,True,2026-03-15 07:51:26.180,7.96,7.96,7.96,7.96,False,66.0,151.7142857142822,False,False,2026-03-15 07:51:48.220,30.0,120.0,False,False,False
china_2026_R_01390,china_2026_R,OCO,COL,2026-03-15 07:51:21.020,28,INVALID,"race state not green at t0 (TrackStatus=21, freeze=False)",27.74277777777779,81.561,-27.78833333333023,False,8.49999999999909,False,False,,,81.761,81.761,81.761,True,285.0,,False,False,2026-03-15 07:51:51.020,30.0,120.0,False,False,False
china_2026_R_01391,china_2026_R,GAS,OCO,2026-03-15 07:51:21.420,28,INVALID,"race state not green at t0 (TrackStatus=21, freeze=False)",47.18777777777776,7.16,-47.20722222220502,False,11.900000000000091,True,True,2026-03-15 07:51:28.980,7.5600000000000005,7.5600000000000005,7.5600000000000005,7.5600000000000005,False,289.0,,False,False,2026-03-15 07:51:51.420,30.0,120.0,False,False,False
china_2026_R_01392,china_2026_R,VER,BEA,2026-03-15 07:51:24.540,28,INVALID,"race state not green at t0 (TrackStatus=12, freeze=False)",98.25611111111107,6.041,-90.92166666666162,False,4.2999999999999545,False,False,,,,,,False,129.0,61.09666666666647,False,False,2026-03-15 07:51:54.540,30.0,120.0,False,False,False
china_2026_R_01393,china_2026_R,ALO,PER,2026-03-15 07:51:28.020,27,INVALID,"race state not green at t0 (TrackStatus=12, freeze=False)",96.36666666667134,15.401,-96.31166666667559,False,13.900000000000546,False,False,,,102.241,102.481,102.481,True,174.0,64.15999999999785,False,False,2026-03-15 07:51:58.020,30.0,120.0,False,False,False
china_2026_R_01394,china_2026_R,HUL,OCO,2026-03-15 07:51:29.981,28,INVALID,"race state not green at t0 (TrackStatus=21, freeze=False)",96.31499999999994,12.479,-96.33277777777403,False,17.98333333333335,False,False,,,,,,False,152.0,58.35464535464565,False,False,2026-03-15 07:51:59.981,30.0,120.0,False,False,False
china_2026_R_01395,china_2026_R,VER,GAS,2026-03-15 07:51:31.980,28,INVALID,"race state not green at t0 (TrackStatus=12, freeze=False)",21.59833333333313,5.64,-14.237222222232958,False,26.799999999999955,True,True,2026-03-15 07:51:37.860,5.88,5.88,5.88,5.88,False,301.0,-190.00000000000028,False,False,2026-03-15 07:52:01.980,30.0,120.0,False,False,False
china_2026_R_01396,china_2026_R,COL,GAS,2026-03-15 07:51:43.421,28,INVALID,"race state not green at t0 (TrackStatus=21, freeze=False)",91.60111111111041,4.679,-91.5361111111124,False,13.0,False,False,,,,76.639,,False,151.0,97.0038022813682,False,False,2026-03-15 07:52:13.421,30.0,120.0,False,False,False
china_2026_R_01397,china_2026_R,GAS,VER,2026-03-15 07:51:46.380,28,INVALID,"race state not green at t0 (TrackStatus=21, freeze=False)",90.39472222222298,5.0,-97.75583333332906,False,23.833333333333485,False,False,,,31.6,31.6,31.6,True,78.0,187.32653061224437,False,False,2026-03-15 07:52:16.380,30.0,120.0,False,False,False
china_2026_R_01398,china_2026_R,PER,BOT,2026-03-15 07:51:48.940,28,CLOSE_INTERACTION_NO_PASS,"valid close battle, no pairwise order change inside the horizon",95.21333333333337,17.16,-95.53861111111473,False,15.144444444444503,False,False,,,,,,False,249.0,25.660000000000007,True,False,2026-03-15 07:52:18.940,30.0,120.0,False,False,False
china_2026_R_01399,china_2026_R,LAW,HUL,2026-03-15 07:51:50.381,28,INVALID,"race state not green at t0 (TrackStatus=21, freeze=False)",95.23361111111103,7.08,-94.85416666665697,False,13.163333333333412,False,False,,,,,,False,131.0,69.2900597501358,False,False,2026-03-15 07:52:20.381,30.0,120.0,False,False,False
china_2026_R_01400,china_2026_R,BOT,LIN,2026-03-15 07:51:52.260,28,CLOSE_INTERACTION_NO_PASS,"valid close battle, no pairwise order change inside the horizon",98.22138888888878,7.44,-97.94555555554689,False,4.7999999999999545,False,False,,,,,,False,101.0,60.25172964342741,True,False,2026-03-15 07:52:22.260,30.0,120.0,False,False,False
china_2026_R_01401,china_2026_R,HAD,LAW,2026-03-15 07:51:53.060,28,CLOSE_INTERACTION_NO_PASS,"valid close battle, no pairwise order change inside the horizon",98.51305555555518,4.401,-98.89416666666511,False,11.644444444444616,False,False,,,,,,False,97.0,126.8695652173913,True,False,2026-03-15 07:52:23.060,30.0,120.0,False,False,False
china_2026_R_01402,china_2026_R,HUL,OCO,2026-03-15 07:52:04.261,28,INVALID,"race state not green at t0 (TrackStatus=21, freeze=False)",85.09694444444449,9.119,-85.11472222223529,False,6.66666666666697,False,False,,,,,,False,165.0,53.47371160853833,False,False,2026-03-15 07:52:34.261,30.0,120.0,False,False,False
china_2026_R_01403,china_2026_R,ALO,PER,2026-03-15 07:52:11.740,28,CLOSE_INTERACTION_NO_PASS,"valid close battle, no pairwise order change inside the horizon; the pair did swap 58.8 s after t0, outside it",93.32888888888897,46.321,-93.35166666668374,False,14.666666666666742,False,False,,,58.761,58.761,58.761,True,174.0,17.070146818923384,True,False,2026-03-15 07:52:41.740,30.0,120.0,False,False,False
china_2026_R_01404,china_2026_R,VER,BEA,2026-03-15 07:52:13.140,28,INVALID,"race state not green at t0 (TrackStatus=12, freeze=False)",90.62888888888938,4.561,-83.2944444444438,False,5.599999999999909,False,False,,,,,,False,87.0,142.45652173912958,False,False,2026-03-15 07:52:43.140,30.0,120.0,False,False,False
china_2026_R_01405,china_2026_R,LEC,RUS,2026-03-15 07:52:19.620,28,INVALID,"race state not green at t0 (TrackStatus=12, freeze=False)",10.329444444444562,12.72,-9.276111111103091,False,3.300000000000182,True,True,2026-03-15 07:52:30.621,11.001,11.001,11.001,11.001,False,312.0,-22.292682926830288,False,False,2026-03-15 07:52:49.620,30.0,120.0,False,False,False
china_2026_R_01406,china_2026_R,LAW,HUL,2026-03-15 07:52:20.420,28,INVALID,"race state not green at t0 (TrackStatus=21, freeze=False)",85.32361111111095,9.081,-84.94416666665347,False,9.155555555555566,False,False,,,,,,False,114.0,69.5400000000006,False,False,2026-03-15 07:52:50.420,30.0,120.0,False,False,False
china_2026_R_01407,china_2026_R,GAS,VER,2026-03-15 07:52:20.780,28,INVALID,"race state not green at t0 (TrackStatus=21, freeze=False)",11.87361111111295,3.081,-19.23472222223063,False,13.888888888888232,True,True,2026-03-15 07:52:42.781,22.001,22.001,22.001,22.001,False,161.0,-72.33333333333576,False,False,2026-03-15 07:52:50.780,30.0,120.0,False,False,False
china_2026_R_01408,china_2026_R,HAM,LEC,2026-03-15 07:52:21.260,28,INVALID,"race state not green at t0 (TrackStatus=12, freeze=False)",95.52750000000106,11.08,-96.54000000000815,False,7.944444444443434,False,False,,,,,,False,160.0,72.73170731707091,False,False,2026-03-15 07:52:51.260,30.0,120.0,False,False,False
china_2026_R_01409,china_2026_R,HAD,LAW,2026-03-15 07:52:23.301,28,CLOSE_INTERACTION_NO_PASS,"valid close battle, no pairwise order change inside the horizon",86.62388888888836,5.84,-87.00499999997555,False,4.66666666666697,False,False,,,,,,False,95.0,135.5524171645848,True,False,2026-03-15 07:52:53.301,30.0,120.0,False,False,False
china_2026_R_01410,china_2026_R,PER,BOT,2026-03-15 07:52:25.380,28,CLOSE_INTERACTION_NO_PASS,"valid close battle, no pairwise order change inside the horizon",98.88777777777705,10.281,-99.21305555556319,False,4.777777777777828,False,False,,,,,,False,198.0,9.642362959021497,True,False,2026-03-15 07:52:55.380,30.0,120.0,False,False,False
china_2026_R_01411,china_2026_R,COL,GAS,2026-03-15 07:52:26.220,28,INVALID,"race state not green at t0 (TrackStatus=21, freeze=False)",98.64277777777534,16.361,-98.57777777776937,False,9.522777777779083,False,False,,,,33.84,,False,167.0,33.17618270799391,False,False,2026-03-15 07:52:56.220,30.0,120.0,False,False,False
china_2026_R_01412,china_2026_R,HAM,RUS,2026-03-15 07:52:30.621,28,INVALID,"race state not green at t0 (TrackStatus=12, freeze=False)",89.11555555555606,81.32,-89.07472222222714,False,36.976944444443355,False,False,,,,,,False,203.0,,False,False,2026-03-15 07:53:00.621,30.0,120.0,False,False,False
china_2026_R_01413,china_2026_R,RUS,LEC,2026-03-15 07:52:34.340,28,INVALID,"race state not green at t0 (TrackStatus=12, freeze=False)",10.389166666669553,81.601,-11.442500000004657,False,19.169722222219143,False,False,,,81.201,81.881,81.881,True,221.0,-20.044444444445617,False,False,2026-03-15 07:53:04.340,30.0,120.0,False,False,False
china_2026_R_01414,china_2026_R,COL,OCO,2026-03-15 07:52:43.101,28,INVALID,"race state not green at t0 (TrackStatus=21, freeze=False)",22.834722222223718,21.68,-22.789166666654637,False,21.472499999996167,False,True,2026-03-15 07:53:05.021,21.92,39.68,21.92,39.68,True,327.0,-194.00000000001114,False,False,2026-03-15 07:53:13.101,30.0,120.0,False,True,False
china_2026_R_01415,china_2026_R,HUL,COL,2026-03-15 07:52:44.181,28,INVALID,"race state not green at t0 (TrackStatus=21, freeze=False)",89.36916666666639,5.96,-89.43249999999534,False,12.888888888889596,False,False,,,,,,False,76.0,193.0571428571423,False,False,2026-03-15 07:53:14.181,30.0,120.0,False,False,False
china_2026_R_01416,china_2026_R,SAI,HAD,2026-03-15 07:52:52.620,28,ON_TRACK_PASS,race-distance ordering and target DriverAhead both show the swap,98.62777777777865,3.641,-98.62777777775773,False,13.766666666667334,True,True,2026-03-15 07:53:17.461,24.841,24.841,26.56,26.56,False,77.0,235.37466737625866,True,False,2026-03-15 07:53:22.620,30.0,120.0,False,False,False
china_2026_R_01417,china_2026_R,VER,BEA,2026-03-15 07:53:01.100,29,CLOSE_INTERACTION_NO_PASS,"valid close battle, no pairwise order change inside the horizon",98.04888888888911,11.64,-98.09555555557017,False,17.033333333333417,False,False,,,,,,False,160.0,66.23404255319097,True,False,2026-03-15 07:53:31.100,30.0,120.0,False,False,False
china_2026_R_01418,china_2026_R,HUL,OCO,2026-03-15 07:53:05.021,29,PIT_RELATED,attacker or target on a box lap at t0,86.31111111111113,77.36,-86.05111111109727,False,8.999999999999943,False,False,,,95.52,95.52,95.52,True,280.0,,False,False,2026-03-15 07:53:35.021,30.0,120.0,True,True,False
china_2026_R_01419,china_2026_R,PER,BOT,2026-03-15 07:53:07.140,28,CLOSE_INTERACTION_NO_PASS,"valid close battle, no pairwise order change inside the horizon",96.23999999999069,3.121,-96.56527777778683,False,13.866666666667697,False,False,,,,,,False,122.0,106.41666666666822,True,False,2026-03-15 07:53:37.140,30.0,120.0,False,False,False
china_2026_R_01420,china_2026_R,GAS,LAW,2026-03-15 07:53:09.221,29,ON_TRACK_PASS,race-distance ordering and target DriverAhead both show the swap,14.760000000000105,3.519,-14.799999999988358,False,12.133333333333326,True,True,2026-03-15 07:53:21.661,12.44,12.44,12.44,12.44,False,260.0,-78.00000000000013,True,False,2026-03-15 07:53:39.221,30.0,120.0,False,False,False
china_2026_R_01421,china_2026_R,LAW,HUL,2026-03-15 07:53:09.981,29,CLOSE_INTERACTION_NO_PASS,"valid close battle, no pairwise order change inside the horizon",99.57249999999999,11.319,-99.79777777779964,False,11.433333333333394,False,False,,,,,,False,153.0,72.07142857142837,True,False,2026-03-15 07:53:39.981,30.0,120.0,False,False,False
china_2026_R_01422,china_2026_R,HAD,LAW,2026-03-15 07:53:12.900,29,CLOSE_INTERACTION_NO_PASS,"valid close battle, no pairwise order change inside the horizon",64.26277777777773,6.04,-62.67333333333954,False,2.5,False,False,,,,,,False,137.0,,True,False,2026-03-15 07:53:42.900,30.0,120.0,False,False,False
china_2026_R_01423,china_2026_R,ALO,PER,2026-03-15 07:53:13.100,28,UNCERTAIN,"only one of the two order-change signals fired (distance=True, driver_ahead=False)",10.788611111113823,11.521,-10.811388888891088,False,6.966666666666242,True,False,2026-03-15 07:53:36.181,23.081,23.081,,,False,131.0,-54.44444444445253,True,False,2026-03-15 07:53:43.100,30.0,120.0,False,False,False
china_2026_R_01424,china_2026_R,GAS,HAD,2026-03-15 07:53:13.540,29,ON_TRACK_PASS,race-distance ordering and target DriverAhead both show the swap,12.646666666666874,5.64,-14.276111111103091,False,8.577777777777897,True,True,2026-03-15 07:53:19.660,6.12,6.12,6.12,6.12,False,151.0,-58.06250000000048,True,False,2026-03-15 07:53:43.540,30.0,120.0,False,False,False
china_2026_R_01425,china_2026_R,SAI,LAW,2026-03-15 07:53:19.180,29,CLOSE_INTERACTION_NO_PASS,"valid close battle, no pairwise order change inside the horizon; the pair did swap 73.3 s after t0, outside it",39.61999999999989,5.681,-39.539999999979045,False,25.06666666666672,False,False,,,73.281,73.281,73.281,True,88.0,,True,False,2026-03-15 07:53:49.180,30.0,120.0,False,False,False
china_2026_R_01426,china_2026_R,OCO,COL,2026-03-15 07:53:20.100,29,PIT_RELATED,attacker or target on a box lap at t0,11.388055555555184,62.281,-11.537777777761221,False,11.111111111110404,False,False,,,62.481,62.481,62.481,True,182.0,-9.542470036477399,False,False,2026-03-15 07:53:50.100,30.0,120.0,True,True,False
china_2026_R_01427,china_2026_R,HAD,SAI,2026-03-15 07:53:21.060,29,ON_TRACK_PASS,race-distance ordering and target DriverAhead both show the swap,39.40138888888873,4.121,-37.89194444444729,False,30.588888888888732,True,True,2026-03-15 07:53:25.340,4.28,4.28,4.28,4.28,False,105.0,-58.57446808510609,True,False,2026-03-15 07:53:51.060,30.0,120.0,False,False,False
china_2026_R_01428,china_2026_R,SAI,GAS,2026-03-15 07:53:30.301,29,CLOSE_INTERACTION_NO_PASS,"valid close battle, no pairwise order change inside the horizon; the pair did swap 34.5 s after t0, outside it",95.27638888888919,7.36,-95.15638888889225,False,31.288888888889005,False,False,,,34.52,34.52,34.52,True,82.0,108.63888888888937,True,False,2026-03-15 07:54:00.301,30.0,120.0,False,False,False
china_2026_R_01429,china_2026_R,HAD,GAS,2026-03-15 07:53:37.861,29,ON_TRACK_PASS,race-distance ordering and target DriverAhead both show the swap,64.88083333333452,8.559,-63.251388888893416,False,10.755555555555475,True,True,2026-03-15 07:53:46.740,8.879,8.879,8.879,8.879,False,248.0,,True,False,2026-03-15 07:54:07.861,30.0,120.0,False,False,False
china_2026_R_01430,china_2026_R,VER,BEA,2026-03-15 07:53:38.541,29,CLOSE_INTERACTION_NO_PASS,"valid close battle, no pairwise order change inside the horizon",99.0591666666678,3.92,-99.10583333333489,False,6.599999999999909,False,False,,,,,,False,132.0,14.375000000001847,True,False,2026-03-15 07:54:08.541,30.0,120.0,False,False,False
china_2026_R_01431,china_2026_R,LAW,HUL,2026-03-15 07:53:40.180,29,CLOSE_INTERACTION_NO_PASS,"valid close battle, no pairwise order change inside the horizon",99.35527777777656,13.28,-99.5805555555562,False,7.0,False,False,,,,,,False,234.0,11.173886516168803,True,False,2026-03-15 07:54:10.180,30.0,120.0,False,False,False
china_2026_R_01432,china_2026_R,HAD,LAW,2026-03-15 07:53:46.740,29,CLOSE_INTERACTION_NO_PASS,"valid close battle, no pairwise order change inside the horizon",76.69666666666899,4.601,-75.1072222222283,False,6.777777777777374,False,False,,,,,,False,160.0,,True,False,2026-03-15 07:54:16.740,30.0,120.0,False,False,False
china_2026_R_01433,china_2026_R,GAS,HAD,2026-03-15 07:53:47.500,29,ON_TRACK_PASS,race-distance ordering and target DriverAhead both show the swap,16.799999999997453,3.841,-18.42944444445311,False,7.699999999999818,True,True,2026-03-15 07:53:51.541,4.041,4.041,4.041,4.041,False,173.0,-62.15789473684014,True,False,2026-03-15 07:54:17.500,30.0,120.0,False,False,False
china_2026_R_01434,china_2026_R,PER,BOT,2026-03-15 07:53:51.141,29,CLOSE_INTERACTION_NO_PASS,"valid close battle, no pairwise order change inside the horizon",96.1308333333343,4.4,-96.30083333334187,False,9.111111111111086,False,False,,,,,,False,95.0,129.65999999999914,True,False,2026-03-15 07:54:21.141,30.0,120.0,False,False,False
china_2026_R_01435,china_2026_R,SAI,HAD,2026-03-15 07:53:51.541,29,ON_TRACK_PASS,race-distance ordering and target DriverAhead both show the swap,49.83638888888572,6.92,-51.34583333332557,False,12.5,True,True,2026-03-15 07:54:05.740,14.199,14.199,14.199,14.199,False,122.0,,True,False,2026-03-15 07:54:21.541,30.0,120.0,False,False,False
china_2026_R_01436,china_2026_R,HAM,LEC,2026-03-15 07:53:57.261,29,CLOSE_INTERACTION_NO_PASS,"valid close battle, no pairwise order change inside the horizon",99.13972222222128,375.641,-99.01000000000931,False,18.037500000000364,False,False,,,,,,False,256.0,31.53846153846224,True,False,2026-03-15 07:54:27.261,30.0,120.0,False,False,False
china_2026_R_01437,china_2026_R,LEC,RUS,2026-03-15 07:53:57.261,29,CLOSE_INTERACTION_NO_PASS,"valid close battle, no pairwise order change inside the horizon",11.912500000000364,109.68,-12.206666666665114,False,22.217222222221366,False,False,,,,,,False,324.0,-40.80769230769035,True,False,2026-03-15 07:54:27.261,30.0,120.0,False,False,False
china_2026_R_01438,china_2026_R,SAI,GAS,2026-03-15 07:54:01.061,29,ON_TRACK_PASS,race-distance ordering and target DriverAhead both show the swap,96.95250000000215,3.6,-96.83250000001863,False,11.33333333333303,True,True,2026-03-15 07:54:04.821,3.76,3.76,3.76,3.76,False,105.0,71.64950794852369,True,False,2026-03-15 07:54:31.061,30.0,120.0,False,False,False
china_2026_R_01439,china_2026_R,GAS,HUL,2026-03-15 07:54:08.981,29,UNCERTAIN,"only one of the two order-change signals fired (distance=True, driver_ahead=False)",86.66166666666595,3.519,-86.92694444445078,False,5.4938888888877955,True,False,2026-03-15 07:54:26.060,17.079,17.079,,,False,223.0,,True,False,2026-03-15 07:54:38.981,30.0,120.0,False,False,False
china_2026_R_01440,china_2026_R,LAW,GAS,2026-03-15 07:54:09.221,29,CLOSE_INTERACTION_NO_PASS,"valid close battle, no pairwise order change inside the horizon",10.687499999999545,16.36,-10.647499999991851,False,9.600000000001273,False,False,,,,,,False,267.0,-76.99999999999818,True,False,2026-03-15 07:54:39.221,30.0,120.0,False,False,False
china_2026_R_01441,china_2026_R,VER,BEA,2026-03-15 07:54:15.581,29,CLOSE_INTERACTION_NO_PASS,"valid close battle, no pairwise order change inside the horizon",88.79166666667516,5.08,-88.83833333334769,False,9.266666666666424,False,False,,,,,,False,86.0,143.0270270270251,True,False,2026-03-15 07:54:45.581,30.0,120.0,False,False,False
china_2026_R_01442,china_2026_R,PER,BOT,2026-03-15 07:54:22.061,29,CLOSE_INTERACTION_NO_PASS,"valid close battle, no pairwise order change inside the horizon",93.1644444444446,5.24,-93.33444444445195,False,7.377777777777737,False,False,,,,,,False,91.0,137.10886377156385,True,False,2026-03-15 07:54:52.061,30.0,120.0,False,False,False
china_2026_R_01443,china_2026_R,HUL,COL,2026-03-15 07:54:22.581,29,CLOSE_INTERACTION_NO_PASS,"valid close battle, no pairwise order change inside the horizon",73.91861111110939,14.68,-73.80833333331975,False,7.133333333334122,False,False,,,,,,False,155.0,,True,False,2026-03-15 07:54:52.581,30.0,120.0,False,False,False
china_2026_R_01444,china_2026_R,LAW,HUL,2026-03-15 07:54:26.060,29,CLOSE_INTERACTION_NO_PASS,"valid close battle, no pairwise order change inside the horizon",39.58472222222372,11.201,-39.80999999999767,False,13.288888888889232,False,False,,,,,,False,65.0,,True,False,2026-03-15 07:54:56.060,30.0,120.0,False,False,False
china_2026_R_01445,china_2026_R,HAD,LAW,2026-03-15 07:54:26.060,29,CLOSE_INTERACTION_NO_PASS,"valid close battle, no pairwise order change inside the horizon",83.64138888889465,4.201,-82.05194444445078,False,13.100000000000364,False,False,,,,,,False,125.0,112.97898949474941,True,False,2026-03-15 07:54:56.060,30.0,120.0,False,False,False
china_2026_R_01446,china_2026_R,OCO,GAS,2026-03-15 07:54:27.741,29,PIT_RELATED,attacker or target on a box lap at t0,11.81805555556366,8.0,-11.812777777784504,False,14.84444444444398,False,False,,,,,,False,312.0,,False,False,2026-03-15 07:54:57.741,30.0,120.0,True,True,False
china_2026_R_01447,china_2026_R,COL,OCO,2026-03-15 07:54:27.741,29,PIT_RELATED,attacker or target on a box lap at t0,88.99555555554525,5.319,-88.84583333332557,False,4.044444444444707,True,True,2026-03-15 07:54:37.621,9.88,9.88,9.88,9.88,False,126.0,,False,False,2026-03-15 07:54:57.741,30.0,120.0,True,True,False
china_2026_R_01448,china_2026_R,HAD,SAI,2026-03-15 07:54:31.181,29,ON_TRACK_PASS,race-distance ordering and target DriverAhead both show the swap,18.558055555559804,5.04,-17.048611111124046,False,20.600000000000364,True,True,2026-03-15 07:54:36.621,5.44,5.44,5.44,5.44,False,315.0,,True,False,2026-03-15 07:55:01.181,30.0,120.0,False,False,False
china_2026_R_01449,china_2026_R,SAI,LAW,2026-03-15 07:54:31.181,29,ON_TRACK_PASS,race-distance ordering and target DriverAhead both show the swap,40.230833333337614,5.04,-40.15083333334769,False,17.99999999999909,True,True,2026-03-15 07:54:32.461,1.28,1.28,1.28,1.28,False,155.0,,True,False,2026-03-15 07:55:01.181,30.0,120.0,False,False,False
china_2026_R_01450,china_2026_R,SAI,HAD,2026-03-15 07:54:36.781,29,UNCERTAIN,"only one of the two order-change signals fired (distance=True, driver_ahead=False)",12.898888888882539,7.16,-14.408333333325572,False,17.066666666666606,True,False,2026-03-15 07:54:53.380,16.599,16.599,,,False,186.0,-81.99999999999363,True,False,2026-03-15 07:55:06.781,30.0,120.0,False,False,False
china_2026_R_01451,china_2026_R,COL,GAS,2026-03-15 07:54:38.621,30,CLOSE_INTERACTION_NO_PASS,"valid close battle, no pairwise order change inside the horizon",85.70555555555553,7.28,-85.7055555555562,False,8.011111111111063,False,False,,,,,,False,241.0,253.58699999998848,True,False,2026-03-15 07:55:08.621,30.0,120.0,False,False,False
china_2026_R_01452,china_2026_R,SAI,OCO,2026-03-15 07:54:45.461,29,PIT_RELATED,attacker or target on a box lap at t0,94.9313888888828,3.72,-322.5338888888946,False,41.14305555556068,True,True,2026-03-15 07:54:47.661,2.2,2.2,3.96,3.96,False,80.0,129.33333333332848,False,False,2026-03-15 07:55:15.461,30.0,120.0,True,True,False
china_2026_R_01453,china_2026_R,VER,BEA,2026-03-15 07:54:57.901,30,CLOSE_INTERACTION_NO_PASS,"valid close battle, no pairwise order change inside the horizon",89.84777777777595,4.76,-89.71611111113452,False,13.511111111111177,False,False,,,,,,False,99.0,114.97959183673537,True,False,2026-03-15 07:55:27.901,30.0,120.0,False,False,False
china_2026_R_01454,china_2026_R,GAS,VER,2026-03-15 07:55:01.581,30,ON_TRACK_PASS,race-distance ordering and target DriverAhead both show the swap,99.75694444444594,5.16,-99.94944444444263,False,20.580000000000155,True,True,2026-03-15 07:55:31.341,29.76,29.76,29.76,29.76,False,79.0,182.088042831648,True,False,2026-03-15 07:55:31.581,30.0,120.0,False,False,False
china_2026_R_01455,china_2026_R,LAW,HUL,2026-03-15 07:55:06.941,30,CLOSE_INTERACTION_NO_PASS,"valid close battle, no pairwise order change inside the horizon",99.43027777777843,7.96,-98.85027777779032,False,13.0,False,False,,,,,,False,157.0,51.610416666666055,True,False,2026-03-15 07:55:36.941,30.0,120.0,False,False,False
china_2026_R_01456,china_2026_R,HAD,LAW,2026-03-15 07:55:08.301,30,CLOSE_INTERACTION_NO_PASS,"valid close battle, no pairwise order change inside the horizon",98.06249999999955,26.64,-98.15750000000116,False,17.73333333333312,False,False,,,,,,False,188.0,28.076923076922725,True,False,2026-03-15 07:55:38.301,30.0,120.0,False,False,False
china_2026_R_01457,china_2026_R,ALO,PER,2026-03-15 07:55:11.261,30,CLOSE_INTERACTION_NO_PASS,"valid close battle, no pairwise order change inside the horizon",86.14722222222218,8.08,-86.14722222223645,False,8.188888888888926,False,False,,,,,,False,194.0,,True,False,2026-03-15 07:55:41.261,30.0,120.0,False,False,False
china_2026_R_01458,china_2026_R,PER,BOT,2026-03-15 07:55:11.701,30,CLOSE_INTERACTION_NO_PASS,"valid close battle, no pairwise order change inside the horizon",97.43777777777757,11.24,-97.87111111110426,False,7.899999999999977,False,False,,,,,,False,142.0,59.42857142857142,True,False,2026-03-15 07:55:41.701,30.0,120.0,False,False,False
china_2026_R_01459,china_2026_R,OCO,ALO,2026-03-15 07:55:11.941,30,PIT_RELATED,attacker or target on a box lap at t0,12.0336111111111,7.4,-12.033611111110076,False,4.888888888888914,True,True,2026-03-15 07:55:19.541,7.6,7.6,7.6,7.6,False,240.0,-32.6470588235286,False,False,2026-03-15 07:55:41.941,30.0,120.0,True,True,False
china_2026_R_01460,china_2026_R,OCO,PER,2026-03-15 07:55:19.541,30,PIT_RELATED,attacker or target on a box lap at t0,29.435000000000173,31.12,-29.43499999999767,False,9.666666666666515,False,False,,,31.32,31.32,31.32,True,107.0,,False,False,2026-03-15 07:55:49.541,30.0,120.0,True,True,False
china_2026_R_01461,china_2026_R,ALO,OCO,2026-03-15 07:55:28.781,30,PIT_RELATED,attacker or target on a box lap at t0,10.564444444444462,21.88,-10.56444444443332,False,5.33333333333303,False,False,,,,,,False,262.0,-12.333333333333771,False,False,2026-03-15 07:55:58.781,30.0,120.0,True,True,False
china_2026_R_01462,china_2026_R,GAS,BEA,2026-03-15 07:55:31.341,30,CLOSE_INTERACTION_NO_PASS,"valid close battle, no pairwise order change inside the horizon",72.19277777777688,5.08,-72.25361111111124,False,16.133333333333212,False,False,,,48.161,,,False,111.0,,True,False,2026-03-15 07:56:01.341,30.0,120.0,False,False,False
china_2026_R_01463,china_2026_R,VER,GAS,2026-03-15 07:55:31.661,30,ON_TRACK_PASS,race-distance ordering and target DriverAhead both show the swap,14.694722222221117,6.48,-14.502222222217824,False,16.11111111111086,True,True,2026-03-15 07:55:38.461,6.8,6.8,6.8,6.8,False,259.0,-158.00000000000296,True,False,2026-03-15 07:56:01.661,30.0,120.0,False,False,False
china_2026_R_01464,china_2026_R,ALO,PER,2026-03-15 07:55:50.861,30,CLOSE_INTERACTION_NO_PASS,"valid close battle, no pairwise order change inside the horizon",73.95749999999998,4.84,-73.95749999998952,False,10.266666666666879,False,False,,,,,,False,165.0,,True,False,2026-03-15 07:56:20.861,30.0,120.0,False,False,False
china_2026_R_01465,china_2026_R,LEC,RUS,2026-03-15 07:55:50.861,31,CLOSE_INTERACTION_NO_PASS,"valid close battle, no pairwise order change inside the horizon",66.11777777777776,92.64,-65.52833333335002,False,20.2877777777785,False,False,,,,,,False,291.0,86.91489361703437,True,False,2026-03-15 07:56:20.861,30.0,120.0,False,False,False
china_2026_R_01466,china_2026_R,VER,BEA,2026-03-15 07:55:52.742,30,CLOSE_INTERACTION_NO_PASS,"valid close battle, no pairwise order change inside the horizon",98.79916666666304,5.479,-98.66749999998137,False,15.555555555554747,False,False,,,,,,False,92.0,168.08027644869827,True,False,2026-03-15 07:56:22.742,30.0,120.0,False,False,False
china_2026_R_01467,china_2026_R,GAS,VER,2026-03-15 07:55:58.581,30,ON_TRACK_PASS,race-distance ordering and target DriverAhead both show the swap,93.24305555555202,4.2,-93.43555555553758,False,16.255555555555475,True,True,2026-03-15 07:56:03.021,4.44,4.44,4.44,4.44,False,116.0,186.34042553191668,True,False,2026-03-15 07:56:28.581,30.0,120.0,False,False,False
china_2026_R_01468,china_2026_R,OCO,BOT,2026-03-15 07:56:01.501,30,PIT_RELATED,attacker or target on a box lap at t0,98.94888888889227,7.2,-99.38222222222248,False,9.488888888888596,True,True,2026-03-15 07:56:27.421,25.92,25.92,25.92,25.92,False,95.0,148.0750469043131,False,False,2026-03-15 07:56:31.501,30.0,120.0,True,True,False
china_2026_R_01469,china_2026_R,PER,OCO,2026-03-15 07:56:01.501,30,PIT_RELATED,attacker or target on a box lap at t0,11.44805555555422,13.44,-11.448055555578321,False,5.255555555555475,False,False,,,,,,False,267.0,-20.18136335209215,False,False,2026-03-15 07:56:31.501,30.0,120.0,True,True,False
china_2026_R_01470,china_2026_R,LAW,HUL,2026-03-15 07:56:01.981,30,CLOSE_INTERACTION_NO_PASS,"valid close battle, no pairwise order change inside the horizon",98.14944444444154,14.48,-97.56944444446708,False,18.0,False,False,,,100.56,,,False,145.0,93.88372093023506,True,False,2026-03-15 07:56:31.981,30.0,120.0,False,False,False
china_2026_R_01471,china_2026_R,GAS,BEA,2026-03-15 07:56:03.021,30,UNCERTAIN,"only one of the two order-change signals fired (distance=True, driver_ahead=False)",99.43027777777206,7.48,-99.4911111111287,False,13.51111111111004,True,False,2026-03-15 07:56:19.502,16.481,16.481,,,False,158.0,,True,False,2026-03-15 07:56:33.021,30.0,120.0,False,False,False
china_2026_R_01472,china_2026_R,HAD,LAW,2026-03-15 07:56:03.821,30,CLOSE_INTERACTION_NO_PASS,"valid close battle, no pairwise order change inside the horizon",96.30277777778156,7.6,-96.39777777777635,False,11.111111111112223,False,False,,,,,,False,140.0,88.36956521739013,True,False,2026-03-15 07:56:33.821,30.0,120.0,False,False,False
china_2026_R_01473,china_2026_R,COL,GAS,2026-03-15 07:56:17.461,31,ON_TRACK_PASS,race-distance ordering and target DriverAhead both show the swap,99.74055555555557,21.08,-99.71916666667676,False,5.3333333333332575,True,True,2026-03-15 07:56:38.822,21.361,21.361,21.361,21.361,False,265.0,948.0459302325692,True,False,2026-03-15 07:56:47.461,30.0,120.0,False,False,False
china_2026_R_01474,china_2026_R,ALO,PER,2026-03-15 07:56:27.981,30,PIT_RELATED,a pit stop occurred inside the outcome window,97.43305555555526,15.84,-97.43305555556435,False,16.266666666667334,False,False,,,,,,False,200.0,41.5272636318196,True,False,2026-03-15 07:56:57.981,30.0,120.0,False,True,False
china_2026_R_01475,china_2026_R,OCO,BOT,2026-03-15 07:56:31.861,30,PIT_RELATED,attacker or target on a box lap at t0,13.310277777783995,10.92,-13.743611111131031,False,7.944444444444343,True,False,2026-03-15 07:56:50.541,18.68,18.68,48.601,48.601,True,173.0,-54.999999999999304,False,False,2026-03-15 07:57:01.861,30.0,120.0,True,True,False
china_2026_R_01476,china_2026_R,VER,BEA,2026-03-15 07:56:35.781,31,CLOSE_INTERACTION_NO_PASS,"valid close battle, no pairwise order change inside the horizon",82.67749999999978,4.361,-82.80166666666628,False,11.977777777778101,False,False,,,,,,False,91.0,147.0,True,False,2026-03-15 07:57:05.781,30.0,120.0,False,False,False
china_2026_R_01477,china_2026_R,HUL,GAS,2026-03-15 07:56:38.822,31,ON_TRACK_PASS,race-distance ordering and target DriverAhead both show the swap,47.1344444444444,4.119,-46.657777777756564,False,9.877777777777737,True,True,2026-03-15 07:56:43.221,4.399,4.399,4.399,4.399,False,178.0,,True,False,2026-03-15 07:57:08.822,30.0,120.0,False,False,False
china_2026_R_01478,china_2026_R,GAS,COL,2026-03-15 07:56:39.302,31,ON_TRACK_PASS,race-distance ordering and target DriverAhead both show the swap,12.351944444444598,3.639,-12.373333333351184,False,9.48888888888905,True,True,2026-03-15 07:56:51.461,12.159,12.159,12.159,12.159,False,258.0,-78.7499999999983,True,False,2026-03-15 07:57:09.302,30.0,120.0,False,False,False
china_2026_R_01479,china_2026_R,HUL,COL,2026-03-15 07:56:43.221,31,CLOSE_INTERACTION_NO_PASS,"valid close battle, no pairwise order change inside the horizon",49.428333333333285,5.32,-48.9730555555434,False,8.799999999999727,False,False,,,,,,False,209.0,,True,False,2026-03-15 07:57:13.221,30.0,120.0,False,False,False
china_2026_R_01480,china_2026_R,GAS,HUL,2026-03-15 07:56:43.581,31,ON_TRACK_PASS,race-distance ordering and target DriverAhead both show the swap,17.2349999999999,4.96,-17.71166666666977,False,16.399999999999864,True,True,2026-03-15 07:56:48.781,5.2,5.2,5.2,5.2,False,266.0,-163.99999999999866,True,False,2026-03-15 07:57:13.581,30.0,120.0,False,False,False
china_2026_R_01481,china_2026_R,LAW,GAS,2026-03-15 07:56:44.261,31,CLOSE_INTERACTION_NO_PASS,"valid close battle, no pairwise order change inside the horizon",87.55805555555594,4.28,-86.8930555555562,False,38.43999999999983,False,False,,,,,,False,83.0,186.26923076923163,True,False,2026-03-15 07:57:14.261,30.0,120.0,False,False,False
china_2026_R_01482,china_2026_R,HAD,LAW,2026-03-15 07:56:45.662,31,CLOSE_INTERACTION_NO_PASS,"valid close battle, no pairwise order change inside the horizon",94.68611111111068,43.759,-94.76916666666511,False,13.200000000000045,False,False,,,,,,False,230.0,16.840304182509346,True,False,2026-03-15 07:57:15.662,30.0,120.0,False,False,False
china_2026_R_01483,china_2026_R,PER,OCO,2026-03-15 07:56:49.301,31,CLOSE_INTERACTION_NO_PASS,"valid close battle, no pairwise order change inside the horizon",99.6430555555554,13.48,-99.51888888888061,False,9.899999999999977,False,False,,,,,,False,255.0,24.6511627906979,True,False,2026-03-15 07:57:19.301,30.0,120.0,False,False,False
china_2026_R_01484,china_2026_R,COL,GAS,2026-03-15 07:56:58.742,31,CLOSE_INTERACTION_NO_PASS,"valid close battle, no pairwise order change inside the horizon",10.744444444445435,9.239,-10.7230555555725,False,9.666666666666515,False,False,,,55.08,,,False,244.0,-50.630749014455766,True,False,2026-03-15 07:57:28.742,30.0,120.0,False,False,False
china_2026_R_01485,china_2026_R,LAW,HUL,2026-03-15 07:56:59.782,31,CLOSE_INTERACTION_NO_PASS,"valid close battle, no pairwise order change inside the horizon",96.50777777777785,9.959,-96.31944444443798,False,4.900000000000091,False,False,,,,,,False,189.0,24.724630290667214,True,False,2026-03-15 07:57:29.782,30.0,120.0,False,False,False
china_2026_R_01486,china_2026_R,ALO,PER,2026-03-15 07:57:12.902,31,PIT_RELATED,attacker or target on a box lap at t0,92.17861111111029,5.079,-92.19750000000931,False,8.888888888888914,False,False,,,,,,False,103.0,113.59790819291139,False,False,2026-03-15 07:57:42.902,30.0,120.0,True,True,False
china_2026_R_01487,china_2026_R,BOT,OCO,2026-03-15 07:57:21.181,31,CLOSE_INTERACTION_NO_PASS,"valid close battle, no pairwise order change inside the horizon",11.234444444444762,28.84,-10.649166666669771,False,9.099999999999909,False,False,,,,,,False,244.0,-33.890125173856,True,False,2026-03-15 07:57:51.181,30.0,120.0,False,False,False
china_2026_R_01488,china_2026_R,LEC,RUS,2026-03-15 07:57:27.701,32,CLOSE_INTERACTION_NO_PASS,"valid close battle, no pairwise order change inside the horizon",85.92000000000002,3.801,-85.9199999999837,False,1.833333333333357,False,False,,,,,,False,290.0,68.39967373571315,True,False,2026-03-15 07:57:57.701,30.0,120.0,False,False,False
china_2026_R_01489,china_2026_R,VER,BEA,2026-03-15 07:57:30.461,31,CLOSE_INTERACTION_NO_PASS,"valid close battle, no pairwise order change inside the horizon",88.42749999999705,5.64,-88.55166666666628,False,10.733333333334485,False,False,,,,,,False,84.0,175.9361702127659,True,False,2026-03-15 07:58:00.461,30.0,120.0,False,False,False
china_2026_R_01490,china_2026_R,LAW,HUL,2026-03-15 07:57:40.542,31,CLOSE_INTERACTION_NO_PASS,"valid close battle, no pairwise order change inside the horizon",88.07722222222492,12.8,-87.88888888890506,False,13.156111111111386,False,False,,,,99.92,,False,87.0,177.59183673469553,True,False,2026-03-15 07:58:10.542,30.0,120.0,False,False,False
china_2026_R_01491,china_2026_R,HAD,LAW,2026-03-15 07:57:41.741,31,CLOSE_INTERACTION_NO_PASS,"valid close battle, no pairwise order change inside the horizon",95.96027777777545,7.44,-96.04333333333489,False,11.400000000000546,False,False,,,,,,False,145.0,57.28504944735225,True,False,2026-03-15 07:58:11.741,30.0,120.0,False,False,False
china_2026_R_01492,china_2026_R,PER,BOT,2026-03-15 07:57:42.101,31,CLOSE_INTERACTION_NO_PASS,"valid close battle, no pairwise order change inside the horizon",98.27305555555768,4.481,-98.73416666666162,False,5.522222222222354,False,False,,,,,,False,85.0,146.2899374644674,True,False,2026-03-15 07:58:12.101,30.0,120.0,False,False,False
china_2026_R_01493,china_2026_R,ALO,PER,2026-03-15 07:57:43.821,31,PIT_RELATED,attacker or target on a box lap at t0,90.13027777777597,7.481,-90.14916666666977,False,8.788888888888778,False,False,,,,,,False,95.0,115.97674418604542,False,False,2026-03-15 07:58:13.821,30.0,120.0,True,True,False
china_2026_R_01494,china_2026_R,HUL,COL,2026-03-15 07:57:55.821,32,PIT_RELATED,attacker or target on a box lap at t0,75.31055555555555,84.441,-75.24388888888643,False,16.905000000000655,False,False,,,95.641,95.641,95.641,True,295.0,,False,False,2026-03-15 07:58:25.821,30.0,120.0,True,True,False
china_2026_R_01495,china_2026_R,BOT,OCO,2026-03-15 07:58:03.861,31,CLOSE_INTERACTION_NO_PASS,"valid close battle, no pairwise order change inside the horizon",99.91111111111422,13.841,-99.32583333333605,False,10.033333333333758,False,False,,,,,,False,301.0,11.431818181815537,True,False,2026-03-15 07:58:33.861,30.0,120.0,False,False,False
china_2026_R_01496,china_2026_R,VER,BEA,2026-03-15 07:58:13.462,32,CLOSE_INTERACTION_NO_PASS,"valid close battle, no pairwise order change inside the horizon",87.861388888889,3.879,-88.10611111111939,False,8.888888888888687,False,False,,,,,,False,86.0,150.47619047618937,True,False,2026-03-15 07:58:43.462,30.0,120.0,False,False,False
china_2026_R_01497,china_2026_R,SAI,HAD,2026-03-15 07:58:14.502,32,CLOSE_INTERACTION_NO_PASS,"valid close battle, no pairwise order change inside the horizon; the pair did swap 73.7 s after t0, outside it",97.61222222222204,5.0,-98.0355555555725,False,15.788888888888891,False,False,,,73.68,73.68,73.68,True,89.0,182.14583333333346,True,False,2026-03-15 07:58:44.502,30.0,120.0,False,False,False
china_2026_R_01498,china_2026_R,COL,GAS,2026-03-15 07:58:19.502,32,PIT_RELATED,attacker or target on a box lap at t0,99.09611111111121,7.36,-99.09611111111008,False,11.066666666666833,False,False,,,,,,False,215.0,15.111111111110858,False,False,2026-03-15 07:58:49.502,30.0,120.0,True,True,False
china_2026_R_01499,china_2026_R,LAW,HUL,2026-03-15 07:58:23.301,32,CLOSE_INTERACTION_NO_PASS,"valid close battle, no pairwise order change inside the horizon; the pair did swap 57.2 s after t0, outside it",93.06416666666632,5.8,-92.8391666666721,False,9.866666666666788,False,False,,,57.161,57.161,57.161,True,113.0,107.46808510638307,True,False,2026-03-15 07:58:53.301,30.0,120.0,False,False,False
china_2026_R_01500,china_2026_R,PER,BOT,2026-03-15 07:58:33.302,32,CLOSE_INTERACTION_NO_PASS,"valid close battle, no pairwise order change inside the horizon",96.58861111111105,7.88,-96.36055555555504,False,7.45555555555552,False,False,,,,,,False,100.0,55.56521739130453,True,False,2026-03-15 07:59:03.302,30.0,120.0,False,False,False
china_2026_R_01501,china_2026_R,BOT,OCO,2026-03-15 07:58:47.622,32,CLOSE_INTERACTION_NO_PASS,"valid close battle, no pairwise order change inside the horizon; the pair did swap 89.3 s after t0, outside it",94.74444444444453,5.28,-94.90027777777868,False,27.749999999999773,False,False,,,88.64,89.28,89.28,True,132.0,82.99999999999996,True,False,2026-03-15 07:59:17.622,30.0,120.0,False,False,False
china_2026_R_01502,china_2026_R,HAD,LAW,2026-03-15 07:58:53.822,32,CLOSE_INTERACTION_NO_PASS,"valid close battle, no pairwise order change inside the horizon",99.700000000003,11.16,-99.56833333332906,False,22.16916666666657,False,False,,,,,,False,183.0,12.702127659574236,True,False,2026-03-15 07:59:23.822,30.0,120.0,False,False,False
china_2026_R_01503,china_2026_R,SAI,HAD,2026-03-15 07:59:00.622,32,ON_TRACK_PASS,race-distance ordering and target DriverAhead both show the swap,92.1427777777767,4.36,-92.56611111108214,False,13.93333333333294,True,True,2026-03-15 07:59:28.182,27.56,27.56,27.56,27.56,False,101.0,145.1999999999989,True,False,2026-03-15 07:59:30.622,30.0,120.0,False,False,False
china_2026_R_01504,china_2026_R,VER,BEA,2026-03-15 07:59:08.581,32,CLOSE_INTERACTION_NO_PASS,"valid close battle, no pairwise order change inside the horizon",92.8958333333303,4.041,-93.14055555555387,False,12.5,False,False,,,,,,False,73.0,193.1250744490781,True,False,2026-03-15 07:59:38.581,30.0,120.0,False,False,False
china_2026_R_01505,china_2026_R,HUL,COL,2026-03-15 07:59:22.381,32,PIT_RELATED,attacker or target on a box lap at t0,42.74166666667588,8.761,-42.67500000001746,False,8.355555555554929,True,True,2026-03-15 07:59:31.462,9.081,9.081,9.081,9.081,False,164.0,,False,False,2026-03-15 07:59:52.381,30.0,120.0,True,True,False
china_2026_R_01506,china_2026_R,LAW,HUL,2026-03-15 07:59:23.181,32,CLOSE_INTERACTION_NO_PASS,"valid close battle, no pairwise order change inside the horizon",11.912777777770316,7.961,-11.687777777784504,False,8.555555555555657,False,False,,,,,,False,133.0,-50.69999999999891,True,False,2026-03-15 07:59:53.181,30.0,120.0,False,False,False
china_2026_R_01507,china_2026_R,SAI,COL,2026-03-15 07:59:40.502,32,PIT_RELATED,attacker or target on a box lap at t0,99.00361111110851,4.92,-425.3127777777554,False,73.63055555555984,True,True,2026-03-15 07:59:42.701,2.199,2.199,5.2,5.2,False,79.0,97.595744680852,False,False,2026-03-15 08:00:10.502,30.0,120.0,True,True,False
china_2026_R_01508,china_2026_R,HAD,LAW,2026-03-15 07:59:43.222,33,INVALID,"race state not green at t0 (TrackStatus=12, freeze=False)",75.92944444444447,14.52,-77.82861111112288,False,8.52222222222224,False,False,,,,,,False,191.0,,False,False,2026-03-15 08:00:13.222,30.0,120.0,False,False,False
china_2026_R_01509,china_2026_R,GAS,HAD,2026-03-15 07:59:43.582,33,INVALID,"race state not green at t0 (TrackStatus=12, freeze=False)",13.177500000000236,8.48,-13.358333333337214,False,10.900000000000091,True,True,2026-03-15 07:59:52.422,8.84,8.84,8.84,8.84,False,203.0,-109.00000000000091,False,False,2026-03-15 08:00:13.582,30.0,120.0,False,False,False
china_2026_R_01510,china_2026_R,VER,BEA,2026-03-15 07:59:50.862,33,INVALID,"race state not green at t0 (TrackStatus=12, freeze=False)",92.29194444444374,3.88,-92.42361111112405,False,9.533333333333303,False,False,,,,,,False,88.0,154.88672959466982,False,False,2026-03-15 08:00:20.862,30.0,120.0,False,False,False
china_2026_R_01511,china_2026_R,SAI,HAD,2026-03-15 07:59:52.902,33,INVALID,"race state not green at t0 (TrackStatus=12, freeze=False)",91.72944444444431,4.84,-91.85638888887479,False,19.73333333333335,False,False,,,,,,False,85.0,205.49999999999983,False,False,2026-03-15 08:00:22.902,30.0,120.0,False,False,False
china_2026_R_01512,china_2026_R,GAS,HUL,2026-03-15 07:59:53.622,33,INVALID,"race state not green at t0 (TrackStatus=12, freeze=False)",66.09472222222223,4.52,-66.23777777777286,False,18.77777777777783,False,False,,,31.76,31.76,31.76,True,187.0,,False,False,2026-03-15 08:00:23.622,30.0,120.0,False,False,False
china_2026_R_01513,china_2026_R,LAW,GAS,2026-03-15 07:59:53.902,33,INVALID,"race state not green at t0 (TrackStatus=12, freeze=False)",12.70305555555558,4.48,-10.62305555556668,False,18.2222222222224,True,True,2026-03-15 07:59:58.782,4.88,4.88,4.88,4.88,False,270.0,-140.00000000000324,False,False,2026-03-15 08:00:23.902,30.0,120.0,False,False,False
china_2026_R_01514,china_2026_R,LAW,HUL,2026-03-15 08:00:00.822,33,INVALID,"race state not green at t0 (TrackStatus=12, freeze=False)",97.29777777777826,5.16,-95.36083333333954,False,11.36666666666656,False,False,,,,,,False,157.0,48.42857142857025,False,False,2026-03-15 08:00:30.822,30.0,120.0,False,False,False
china_2026_R_01515,china_2026_R,COL,OCO,2026-03-15 08:00:06.862,33,PIT_RELATED,attacker or target on a box lap at t0,10.28333333333319,10.04,-10.385833333333721,False,18.624999999999773,True,True,2026-03-15 08:00:17.302,10.44,10.44,10.44,10.44,False,139.0,-14.395833333333174,False,False,2026-03-15 08:00:36.862,30.0,120.0,True,True,False
china_2026_R_01516,china_2026_R,BOT,COL,2026-03-15 08:00:11.382,33,PIT_RELATED,attacker or target on a box lap at t0,79.8702777777778,4.24,-79.88888888887595,False,11.0,True,True,2026-03-15 08:00:15.821,4.439,4.439,4.439,4.439,False,20.0,106.46938775510189,False,False,2026-03-15 08:00:41.382,30.0,120.0,True,True,False
china_2026_R_01517,china_2026_R,HAD,GAS,2026-03-15 08:00:15.622,33,INVALID,"race state not green at t0 (TrackStatus=12, freeze=False)",80.37972222222243,6.84,-80.19888888890273,False,14.555555555555657,True,True,2026-03-15 08:00:31.662,16.04,16.04,16.04,16.04,False,169.0,,False,False,2026-03-15 08:00:45.622,30.0,120.0,False,False,False
china_2026_R_01518,china_2026_R,GAS,LAW,2026-03-15 08:00:15.821,33,INVALID,"race state not green at t0 (TrackStatus=12, freeze=False)",10.945833333333667,6.641,-13.025833333347691,False,9.877777777777737,True,True,2026-03-15 08:00:22.662,6.841,6.841,6.841,6.841,False,239.0,-70.00000000000969,False,False,2026-03-15 08:00:45.821,30.0,120.0,False,False,False
china_2026_R_01519,china_2026_R,HAM,LEC,2026-03-15 08:00:17.982,33,INVALID,"race state not green at t0 (TrackStatus=12, freeze=False)",98.81305555555537,90.321,-98.82000000000698,False,15.166666666666629,False,False,,,,,,False,315.0,14.488372093025625,False,False,2026-03-15 08:00:47.982,30.0,120.0,False,False,False
china_2026_R_01520,china_2026_R,HAD,LAW,2026-03-15 08:00:22.662,33,INVALID,"race state not green at t0 (TrackStatus=12, freeze=False)",43.25361111111124,5.76,-45.15277777778101,False,6.266666666666879,False,False,,,,,,False,108.0,,False,False,2026-03-15 08:00:52.662,30.0,120.0,False,False,False
china_2026_R_01521,china_2026_R,OCO,PER,2026-03-15 08:00:24.702,33,INVALID,"race state not green at t0 (TrackStatus=12, freeze=False)",11.41499999999985,64.321,-11.371666666673264,False,18.088888888888505,False,False,,,64.601,64.601,64.601,True,175.0,-21.244444444444298,False,False,2026-03-15 08:00:54.702,30.0,120.0,False,False,False
china_2026_R_01522,china_2026_R,PER,COL,2026-03-15 08:00:31.342,33,PIT_RELATED,attacker or target on a box lap at t0,87.34972222222223,3.32,-87.29055555554805,False,11.288888888888778,False,False,,,,,,False,72.0,170.46808510638192,False,False,2026-03-15 08:01:01.342,30.0,120.0,True,True,False
china_2026_R_01523,china_2026_R,GAS,HAD,2026-03-15 08:00:31.862,33,INVALID,"race state not green at t0 (TrackStatus=12, freeze=False)",10.275833333332685,4.08,-10.456666666665114,False,15.200000000000728,True,True,2026-03-15 08:00:36.222,4.36,4.36,4.36,4.36,False,263.0,-156.00000000000546,False,False,2026-03-15 08:01:01.862,30.0,120.0,False,False,False
china_2026_R_01524,china_2026_R,SAI,HAD,2026-03-15 08:00:39.342,33,INVALID,"race state not green at t0 (TrackStatus=12, freeze=False)",87.97527777777532,3.161,-88.10222222222365,False,12.800000000000182,False,False,,,,,,False,109.0,157.04347826087178,False,False,2026-03-15 08:01:09.342,30.0,120.0,False,False,False
china_2026_R_01525,china_2026_R,HUL,GAS,2026-03-15 08:00:41.622,33,INVALID,"race state not green at t0 (TrackStatus=12, freeze=False)",11.925000000000182,12.72,-11.781944444432156,False,16.266666666667334,True,True,2026-03-15 08:00:54.702,13.08,13.08,13.08,13.08,False,290.0,-47.66666666666652,False,False,2026-03-15 08:01:11.622,30.0,120.0,False,False,False
china_2026_R_01526,china_2026_R,LEC,RUS,2026-03-15 08:00:48.262,34,CLOSE_INTERACTION_NO_PASS,"valid close battle, no pairwise order change inside the horizon",97.13083333333327,9.32,-96.5891666666721,False,10.755555555555588,False,False,,,,,,False,129.0,58.71052631578975,True,False,2026-03-15 08:01:18.262,30.0,120.0,False,False,False
china_2026_R_01527,china_2026_R,LAW,HUL,2026-03-15 08:00:56.622,33,INVALID,"race state not green at t0 (TrackStatus=12, freeze=False)",70.82694444444132,84.16,-68.88999999998487,False,16.63027777777819,False,False,,,,,,False,135.0,,False,False,2026-03-15 08:01:26.622,30.0,120.0,False,False,False
china_2026_R_01528,china_2026_R,HAD,LAW,2026-03-15 08:00:59.382,33,INVALID,"race state not green at t0 (TrackStatus=12, freeze=False)",27.359722222223354,14.84,-29.2588888889004,False,6.755555555556384,False,False,,,,,,False,75.0,,False,False,2026-03-15 08:01:29.382,30.0,120.0,False,False,False
china_2026_R_01529,china_2026_R,PER,BOT,2026-03-15 08:01:01.903,33,INVALID,"race state not green at t0 (TrackStatus=12, freeze=False)",89.3063888888928,6.159,-89.22861111111706,False,7.533333333333303,False,False,,,,,,False,84.0,156.29089443996847,False,False,2026-03-15 08:01:31.903,30.0,120.0,False,False,False
china_2026_R_01530,china_2026_R,VER,BEA,2026-03-15 08:01:10.302,34,CLOSE_INTERACTION_NO_PASS,"valid close battle, no pairwise order change inside the horizon",98.90555555555568,9.04,-99.25,False,5.911111111110927,False,False,,,,,,False,115.0,69.95102040816306,True,False,2026-03-15 08:01:40.302,30.0,120.0,False,False,False
china_2026_R_01531,china_2026_R,BOT,COL,2026-03-15 08:01:24.582,33,PIT_RELATED,attacker or target on a box lap at t0,92.70416666666188,38.121,-92.72277777775889,False,27.17944444443725,False,False,,,,,,False,168.0,46.64095883272505,False,False,2026-03-15 08:01:54.582,30.0,120.0,True,True,False
china_2026_R_01532,china_2026_R,OCO,BOT,2026-03-15 08:01:29.303,33,INVALID,"race state not green at t0 (TrackStatus=12, freeze=False)",60.42861111111688,3.239,-60.30749999999534,False,11.111111111110404,True,False,2026-03-15 08:01:56.343,27.04,27.04,,,False,68.0,,False,False,2026-03-15 08:01:59.303,30.0,120.0,False,False,False
china_2026_R_01533,china_2026_R,PER,OCO,2026-03-15 08:01:29.583,33,INVALID,"race state not green at t0 (TrackStatus=12, freeze=False)",12.892499999999927,5.079,-12.93583333332208,False,7.699999999999818,True,True,2026-03-15 08:01:34.983,5.4,5.4,5.4,5.4,False,188.0,-98.99999999999766,False,False,2026-03-15 08:01:59.583,30.0,120.0,False,False,False
china_2026_R_01534,china_2026_R,LEC,RUS,2026-03-15 08:01:35.543,34,CLOSE_INTERACTION_NO_PASS,"valid close battle, no pairwise order change inside the horizon",92.96666666666533,5.399,-92.42500000001746,False,7.222222222222172,False,False,,,,,,False,92.0,142.28335991493975,True,False,2026-03-15 08:02:05.543,30.0,120.0,False,False,False
china_2026_R_01535,china_2026_R,OCO,PER,2026-03-15 08:01:35.743,33,INVALID,"race state not green at t0 (TrackStatus=12, freeze=False)",10.745277777777119,9.039,-10.701944444444962,False,5.777777777777374,True,True,2026-03-15 08:01:39.502,3.759,3.759,3.759,3.759,False,208.0,-38.15789473683828,False,False,2026-03-15 08:02:05.743,30.0,120.0,False,False,False
china_2026_R_01536,china_2026_R,HAD,LAW,2026-03-15 08:01:40.342,34,CLOSE_INTERACTION_NO_PASS,"valid close battle, no pairwise order change inside the horizon",98.05694444444543,7.44,-98.26500000001397,False,19.933333333333167,False,False,,,,,,False,156.0,36.340909090907665,True,False,2026-03-15 08:02:10.342,30.0,120.0,False,False,False
china_2026_R_01537,china_2026_R,PER,BOT,2026-03-15 08:01:50.742,34,CLOSE_INTERACTION_NO_PASS,"valid close battle, no pairwise order change inside the horizon",95.49611111111108,12.68,-95.10111111111473,False,6.557222222221981,False,False,,,,,,False,164.0,77.2528548123979,True,False,2026-03-15 08:02:20.742,30.0,120.0,False,False,False
china_2026_R_01538,china_2026_R,HAM,LEC,2026-03-15 08:01:56.503,34,CLOSE_INTERACTION_NO_PASS,"valid close battle, no pairwise order change inside the horizon",99.55861111111426,89.479,-99.70027777779615,False,27.508611111114348,False,False,,,,119.08,,False,311.0,16.466666666664423,True,False,2026-03-15 08:02:26.503,30.0,120.0,False,False,False
china_2026_R_01539,china_2026_R,VER,BEA,2026-03-15 08:01:57.862,34,CLOSE_INTERACTION_NO_PASS,"valid close battle, no pairwise order change inside the horizon",91.90361111111315,5.88,-92.24805555556668,False,12.133333333333212,False,False,,,,,,False,87.0,154.87545596664927,True,False,2026-03-15 08:02:27.862,30.0,120.0,False,False,False
china_2026_R_01540,china_2026_R,BOT,COL,2026-03-15 08:02:08.623,34,CLOSE_INTERACTION_NO_PASS,"valid close battle, no pairwise order change inside the horizon",98.24444444444407,5.84,-98.91444444443914,False,16.333333333333258,False,False,,,,,,False,150.0,70.04996953077372,True,False,2026-03-15 08:02:38.623,30.0,120.0,False,False,False
china_2026_R_01541,china_2026_R,LEC,RUS,2026-03-15 08:02:25.742,35,CLOSE_INTERACTION_NO_PASS,"valid close battle, no pairwise order change inside the horizon",98.07222222222197,7.36,-98.0888888888876,False,5.444444444444457,False,False,,,,,,False,99.0,77.89795918367375,True,False,2026-03-15 08:02:55.742,30.0,120.0,False,False,False
china_2026_R_01542,china_2026_R,PER,BOT,2026-03-15 08:02:26.622,34,CLOSE_INTERACTION_NO_PASS,"valid close battle, no pairwise order change inside the horizon",98.4680555555583,7.761,-98.07305555554922,False,5.222222222222172,False,False,,,,,,False,167.0,38.63043478260797,True,False,2026-03-15 08:02:56.622,30.0,120.0,False,False,False
china_2026_R_01543,china_2026_R,LAW,HUL,2026-03-15 08:02:29.943,34,PIT_RELATED,a pit stop occurred inside the outcome window,99.63972222221855,108.399,-99.24249999999302,False,11.111111111111313,False,False,,,110.52,108.799,110.52,True,305.0,20.163265306123044,True,False,2026-03-15 08:02:59.943,30.0,120.0,False,True,False
china_2026_R_01544,china_2026_R,HAD,LAW,2026-03-15 08:02:35.863,34,CLOSE_INTERACTION_NO_PASS,"valid close battle, no pairwise order change inside the horizon",96.29694444444522,6.68,-96.50500000000466,False,5.5,False,False,,,,,,False,182.0,69.48936170212484,True,False,2026-03-15 08:03:05.863,30.0,120.0,False,False,False
china_2026_R_01545,china_2026_R,BOT,COL,2026-03-15 08:02:40.262,34,CLOSE_INTERACTION_NO_PASS,"valid close battle, no pairwise order change inside the horizon",92.22555555555755,3.081,-92.89555555555853,False,2.666666666666515,False,False,,,,,,False,95.0,135.77083333333235,True,False,2026-03-15 08:03:10.262,30.0,120.0,False,False,False
china_2026_R_01546,china_2026_R,VER,BEA,2026-03-15 08:02:47.663,35,CLOSE_INTERACTION_NO_PASS,"valid close battle, no pairwise order change inside the horizon",97.1344444444452,8.68,-97.0183333333407,False,7.900000000000091,False,False,,,,,,False,115.0,80.18115564809932,True,False,2026-03-15 08:03:17.663,30.0,120.0,False,False,False
china_2026_R_01547,china_2026_R,PER,OCO,2026-03-15 08:03:06.342,34,CLOSE_INTERACTION_NO_PASS,"valid close battle, no pairwise order change inside the horizon",10.178611111112332,52.16,-11.599722222221317,False,19.795833333332617,False,False,,,,,,False,317.0,-11.186046511626934,True,False,2026-03-15 08:03:36.342,30.0,120.0,False,False,False
china_2026_R_01548,china_2026_R,LEC,RUS,2026-03-15 08:03:12.382,35,CLOSE_INTERACTION_NO_PASS,"valid close battle, no pairwise order change inside the horizon",95.41416666666328,3.681,-95.43083333331742,False,8.088888888889414,False,False,,,,,,False,93.0,153.73230441724212,True,False,2026-03-15 08:03:42.382,30.0,120.0,False,False,False
china_2026_R_01549,china_2026_R,OCO,BOT,2026-03-15 08:03:30.822,35,CLOSE_INTERACTION_NO_PASS,"valid close battle, no pairwise order change inside the horizon",97.67416666666679,13.84,-97.53527777775889,False,5.8888888888888005,False,False,,,,,,False,155.0,76.16908454227116,True,False,2026-03-15 08:04:00.822,30.0,120.0,False,False,False
china_2026_R_01550,china_2026_R,HAM,LEC,2026-03-15 08:03:31.662,35,UNCERTAIN,"only one of the two order-change signals fired (distance=False, driver_ahead=True)",99.95916666666517,23.281,-99.93249999999534,False,4.533333333334667,False,True,2026-03-15 08:03:55.583,23.921,76.961,23.921,76.961,True,312.0,13.591245025584668,True,False,2026-03-15 08:04:01.662,30.0,120.0,False,False,False
china_2026_R_01551,china_2026_R,BOT,COL,2026-03-15 08:03:32.022,35,CLOSE_INTERACTION_NO_PASS,"valid close battle, no pairwise order change inside the horizon",97.81972222222191,4.601,-97.85888888887712,False,1.5111111111111768,False,False,,,,,,False,96.0,42.16666666666697,True,False,2026-03-15 08:04:02.022,30.0,120.0,False,False,False
china_2026_R_01552,china_2026_R,VER,BEA,2026-03-15 08:03:35.383,35,CLOSE_INTERACTION_NO_PASS,"valid close battle, no pairwise order change inside the horizon",95.61722222222352,4.96,-95.50111111110891,False,6.711111111111222,False,False,,,,,,False,90.0,163.19148936170205,True,False,2026-03-15 08:04:05.383,30.0,120.0,False,False,False
china_2026_R_01553,china_2026_R,LEC,HAM,2026-03-15 08:03:55.583,36,ON_TRACK_PASS,race-distance ordering and target DriverAhead both show the swap,24.329444444444448,6.32,-24.19277777778916,False,3.3999999999999204,True,True,2026-03-15 08:04:02.743,7.16,7.16,7.16,7.16,False,287.0,,True,False,2026-03-15 08:04:25.583,30.0,120.0,False,False,False
china_2026_R_01554,china_2026_R,PER,OCO,2026-03-15 08:04:05.782,35,CLOSE_INTERACTION_NO_PASS,"valid close battle, no pairwise order change inside the horizon",98.18249999999944,8.641,-98.16361111108563,False,5.255555555555475,False,False,,,,,,False,196.0,9.34967483741942,True,False,2026-03-15 08:04:35.782,30.0,120.0,False,False,False
china_2026_R_01555,china_2026_R,HAD,LAW,2026-03-15 08:04:13.223,35,CLOSE_INTERACTION_NO_PASS,"valid close battle, no pairwise order change inside the horizon",91.39555555555762,5.119,-91.2050000000163,False,15.155555555555111,False,False,,,,,,False,203.0,47.35945485519653,True,False,2026-03-15 08:04:43.223,30.0,120.0,False,False,False
china_2026_R_01556,china_2026_R,HAD,HUL,2026-03-15 08:04:18.742,35,PIT_RELATED,attacker or target on a box lap at t0,48.54055555555988,4.881,-48.25444444446475,False,3.399999999999636,True,True,2026-03-15 08:04:28.583,9.841,9.841,9.841,9.841,False,118.0,,False,False,2026-03-15 08:04:48.742,30.0,120.0,True,True,False
china_2026_R_01557,china_2026_R,VER,BEA,2026-03-15 08:04:25.302,36,CLOSE_INTERACTION_NO_PASS,"valid close battle, no pairwise order change inside the horizon",96.24333333333334,9.001,-96.2941666666593,False,11.6111111111112,False,False,,,,,,False,113.0,65.32517672648183,True,False,2026-03-15 08:04:55.302,30.0,120.0,False,False,False
china_2026_R_01558,china_2026_R,PER,OCO,2026-03-15 08:04:47.863,35,CLOSE_INTERACTION_NO_PASS,"valid close battle, no pairwise order change inside the horizon",99.64444444444871,3.36,-99.62555555556901,False,8.188888888888869,False,False,,,,,,False,76.0,138.27659574467847,True,False,2026-03-15 08:05:17.863,30.0,120.0,False,False,False
china_2026_R_01559,china_2026_R,OCO,BOT,2026-03-15 08:05:02.223,36,CLOSE_INTERACTION_NO_PASS,"valid close battle, no pairwise order change inside the horizon; the pair did swap 39.5 s after t0, outside it",41.05055555555555,39.12,-41.125277777784504,False,5.066666666666606,False,False,,,39.52,39.52,39.52,True,288.0,157.02619047619268,True,False,2026-03-15 08:05:32.223,30.0,120.0,False,False,False
china_2026_R_01560,china_2026_R,VER,BEA,2026-03-15 08:05:13.023,36,CLOSE_INTERACTION_NO_PASS,"valid close battle, no pairwise order change inside the horizon",92.61499999999933,4.44,-92.66583333333256,False,7.311111111111131,False,False,,,,,,False,88.0,154.48888888888905,True,False,2026-03-15 08:05:43.023,30.0,120.0,False,False,False
china_2026_R_01561,china_2026_R,PER,OCO,2026-03-15 08:05:30.623,36,CLOSE_INTERACTION_NO_PASS,"valid close battle, no pairwise order change inside the horizon",98.57972222222179,4.48,-98.39555555552943,False,10.666666666666742,False,False,,,,,,False,95.0,137.98000000000044,True,False,2026-03-15 08:06:00.623,30.0,120.0,False,False,False
china_2026_R_01562,china_2026_R,BOT,OCO,2026-03-15 08:05:42.783,36,CLOSE_INTERACTION_NO_PASS,"valid close battle, no pairwise order change inside the horizon; the pair did swap 42.8 s after t0, outside it",11.206111111109749,30.52,-11.131388888898073,False,9.0,False,False,,,42.801,42.801,42.801,True,231.0,-28.192307692308287,True,False,2026-03-15 08:06:12.783,30.0,120.0,False,False,False
china_2026_R_01563,china_2026_R,GAS,VER,2026-03-15 08:05:43.223,36,UNCERTAIN,"only one of the two order-change signals fired (distance=True, driver_ahead=False)",83.64861111111622,3.64,-83.65444444445893,False,20.50000000000091,True,False,2026-03-15 08:06:06.983,23.76,23.76,,,False,112.0,244.06382978723005,True,False,2026-03-15 08:06:13.223,30.0,120.0,False,False,False
china_2026_R_01564,china_2026_R,PER,BOT,2026-03-15 08:05:45.983,36,CLOSE_INTERACTION_NO_PASS,"valid close battle, no pairwise order change inside the horizon",98.87861111111215,8.96,-98.76916666666511,False,3.600000000000364,False,False,,,,,,False,164.0,45.82299999999932,True,False,2026-03-15 08:06:15.983,30.0,120.0,False,False,False
china_2026_R_01565,china_2026_R,HAD,LAW,2026-03-15 08:05:48.983,36,CLOSE_INTERACTION_NO_PASS,"valid close battle, no pairwise order change inside the horizon",99.26388888888869,127.801,-99.5627777777554,False,31.416388888888775,False,False,,,,,,False,309.0,18.24390243902244,True,False,2026-03-15 08:06:18.983,30.0,120.0,False,False,False
china_2026_R_01566,china_2026_R,VER,BEA,2026-03-15 08:06:02.423,37,CLOSE_INTERACTION_NO_PASS,"valid close battle, no pairwise order change inside the horizon",94.54916666666645,9.201,-94.99222222223761,False,10.902499999999804,False,False,,,,,,False,117.0,69.22000000000014,True,False,2026-03-15 08:06:32.423,30.0,120.0,False,False,False
china_2026_R_01567,china_2026_R,BOT,OCO,2026-03-15 08:06:19.184,36,ON_TRACK_PASS,race-distance ordering and target DriverAhead both show the swap,99.24500000000353,6.08,-99.17027777779731,False,15.244444444444525,True,True,2026-03-15 08:06:25.584,6.4,6.4,6.4,6.4,False,308.0,12.938806731255275,True,False,2026-03-15 08:06:49.184,30.0,120.0,False,False,False
china_2026_R_01568,china_2026_R,OCO,BOT,2026-03-15 08:06:25.904,36,ON_TRACK_PASS,race-distance ordering and target DriverAhead both show the swap,27.74888888888745,12.28,-27.823611111118225,False,20.444444444444343,True,True,2026-03-15 08:06:38.344,12.44,12.44,12.44,12.44,False,325.0,-229.99999999999886,True,False,2026-03-15 08:06:55.904,30.0,120.0,False,False,False
china_2026_R_01569,china_2026_R,PER,OCO,2026-03-15 08:06:27.223,36,CLOSE_INTERACTION_NO_PASS,"valid close battle, no pairwise order change inside the horizon",97.75500000000466,3.2,-97.5708333333605,False,8.699999999999818,False,False,,,,,,False,69.0,179.88285539963363,True,False,2026-03-15 08:06:57.223,30.0,120.0,False,False,False
china_2026_R_01570,china_2026_R,HUL,PER,2026-03-15 08:06:30.944,36,PIT_RELATED,attacker or target on a box lap at t0,90.6852777777749,3.919,-90.79611111112172,False,18.899999999999636,False,False,,,43.919,97.999,97.999,True,64.0,239.90962254120208,False,False,2026-03-15 08:07:00.944,30.0,120.0,True,True,False
china_2026_R_01571,china_2026_R,VER,BEA,2026-03-15 08:06:38.184,37,CLOSE_INTERACTION_NO_PASS,"valid close battle, no pairwise order change inside the horizon",99.18750000000045,3.519,-99.63055555554456,False,6.799999999999727,False,False,,,,,,False,123.0,19.047800108635627,True,False,2026-03-15 08:07:08.184,30.0,120.0,False,False,False
china_2026_R_01572,china_2026_R,LEC,HAM,2026-03-15 08:06:49.023,37,CLOSE_INTERACTION_NO_PASS,"valid close battle, no pairwise order change inside the horizon",97.51444444444678,210.241,-97.62694444443332,False,41.25555555555762,False,False,,,,,,False,302.0,24.851063829787854,True,False,2026-03-15 08:07:19.023,30.0,120.0,False,False,False
china_2026_R_01573,china_2026_R,OCO,BOT,2026-03-15 08:07:01.903,37,CLOSE_INTERACTION_NO_PASS,"valid close battle, no pairwise order change inside the horizon; the pair did swap 48.5 s after t0, outside it",95.86777777777729,6.16,-95.84500000000116,False,12.0,False,False,,,48.521,48.521,48.521,True,162.0,61.533333333333076,True,False,2026-03-15 08:07:31.903,30.0,120.0,False,False,False
china_2026_R_01574,china_2026_R,VER,BEA,2026-03-15 08:07:14.623,37,CLOSE_INTERACTION_NO_PASS,"valid close battle, no pairwise order change inside the horizon",98.74638888889149,6.0,-99.18944444446242,False,14.577777777778465,False,False,,,,,,False,94.0,168.09494640122287,True,False,2026-03-15 08:07:44.623,30.0,120.0,False,False,False
china_2026_R_01575,china_2026_R,HUL,PER,2026-03-15 08:07:31.544,37,CLOSE_INTERACTION_NO_PASS,"valid close battle, no pairwise order change inside the horizon; the pair did swap 37.4 s after t0, outside it",96.04250000000093,4.039,-96.47694444443914,False,7.944444444444343,False,False,,,37.399,37.399,37.399,True,116.0,44.39978734715441,True,False,2026-03-15 08:08:01.544,30.0,120.0,False,False,False
china_2026_R_01576,china_2026_R,OCO,BOT,2026-03-15 08:07:44.504,37,ON_TRACK_PASS,race-distance ordering and target DriverAhead both show the swap,98.98305555555635,5.68,-98.96027777777635,False,7.699999999999818,True,True,2026-03-15 08:07:50.424,5.92,5.92,5.92,5.92,False,108.0,18.28352881183028,True,False,2026-03-15 08:08:14.504,30.0,120.0,False,False,False
china_2026_R_01577,china_2026_R,GAS,VER,2026-03-15 08:07:45.344,38,CLOSE_INTERACTION_NO_PASS,"valid close battle, no pairwise order change inside the horizon",98.4849999999999,4.84,-98.87055555553525,False,1.8666666666666742,False,False,,,,,,False,101.0,61.97619047619022,True,False,2026-03-15 08:08:15.344,30.0,120.0,False,False,False
china_2026_R_01578,china_2026_R,BOT,OCO,2026-03-15 08:07:51.024,37,ON_TRACK_PASS,race-distance ordering and target DriverAhead both show the swap,10.083611111109803,12.08,-10.106388888903894,False,9.600833333332048,True,True,2026-03-15 08:08:03.544,12.52,12.52,12.52,12.52,False,289.0,-52.333333333341216,True,False,2026-03-15 08:08:21.024,30.0,120.0,False,False,False
china_2026_R_01579,china_2026_R,VER,BEA,2026-03-15 08:07:57.424,38,CLOSE_INTERACTION_NO_PASS,"valid close battle, no pairwise order change inside the horizon",90.73055555555561,4.439,-90.4291666666686,False,12.111111111110858,False,False,,,,,,False,92.0,145.48288973384027,True,False,2026-03-15 08:08:27.424,30.0,120.0,False,False,False
china_2026_R_01580,china_2026_R,LAW,HAD,2026-03-15 08:07:57.824,38,CLOSE_INTERACTION_NO_PASS,"valid close battle, no pairwise order change inside the horizon",13.172500000000241,84.72,-12.714722222212004,False,9.66666666666606,False,False,,,,86.0,,False,157.0,-57.800000000000466,True,False,2026-03-15 08:08:27.824,30.0,120.0,False,False,False
china_2026_R_01581,china_2026_R,PER,HUL,2026-03-15 08:08:09.263,37,ON_TRACK_PASS,race-distance ordering and target DriverAhead both show the swap,13.763888888888687,3.281,-13.32944444444729,False,7.022222222221899,True,True,2026-03-15 08:08:13.784,4.521,4.521,4.521,4.521,False,145.0,-78.99999999999636,True,False,2026-03-15 08:08:39.263,30.0,120.0,False,False,False
china_2026_R_01582,china_2026_R,HUL,PER,2026-03-15 08:08:13.784,37,ON_TRACK_PASS,race-distance ordering and target DriverAhead both show the swap,12.407222222223027,10.2,-12.841666666674428,False,6.53916666666737,True,True,2026-03-15 08:08:18.744,4.96,4.96,4.96,4.96,False,187.0,,True,False,2026-03-15 08:08:43.784,30.0,120.0,False,False,False
china_2026_R_01583,china_2026_R,PER,BOT,2026-03-15 08:08:29.063,38,CLOSE_INTERACTION_NO_PASS,"valid close battle, no pairwise order change inside the horizon",98.5091666666666,13.521,-98.14805555556086,False,6.199999999999818,False,False,,,,,,False,183.0,65.7641653905053,True,False,2026-03-15 08:08:59.063,30.0,120.0,False,False,False
china_2026_R_01584,china_2026_R,BOT,OCO,2026-03-15 08:08:30.944,38,CLOSE_INTERACTION_NO_PASS,"valid close battle, no pairwise order change inside the horizon",98.19527777777785,6.44,-98.3127777777845,False,3.699999999999932,False,False,,,,,,False,98.0,52.069112174375114,True,False,2026-03-15 08:09:00.944,30.0,120.0,False,False,False
china_2026_R_01585,china_2026_R,HUL,BOT,2026-03-15 08:08:49.664,38,CLOSE_INTERACTION_NO_PASS,"valid close battle, no pairwise order change inside the horizon; the pair did swap 58.8 s after t0, outside it",92.01999999999953,6.64,-91.20999999999185,False,12.44444444444457,False,False,,,58.8,58.8,58.8,True,109.0,181.0000000000008,True,False,2026-03-15 08:09:19.664,30.0,120.0,False,False,False
china_2026_R_01586,china_2026_R,PER,HUL,2026-03-15 08:08:50.904,38,CLOSE_INTERACTION_NO_PASS,"valid close battle, no pairwise order change inside the horizon",11.208055555556257,26.2,-11.656944444432156,False,5.066666666666606,False,False,,,,,,False,169.0,-26.285714285714157,True,False,2026-03-15 08:09:20.904,30.0,120.0,False,False,False
china_2026_R_01587,china_2026_R,VER,BEA,2026-03-15 08:08:51.864,38,CLOSE_INTERACTION_NO_PASS,"valid close battle, no pairwise order change inside the horizon",88.64611111110662,6.0,-88.34472222221666,False,11.600000000000364,False,False,,,,,,False,84.0,153.45999999999987,True,False,2026-03-15 08:09:21.864,30.0,120.0,False,False,False
china_2026_R_01588,china_2026_R,GAS,VER,2026-03-15 08:09:20.264,39,CLOSE_INTERACTION_NO_PASS,"valid close battle, no pairwise order change inside the horizon; the pair did swap 72.9 s after t0, outside it",98.67611111111091,8.88,-97.73777777777286,False,22.66666666666663,False,False,,,72.92,72.92,72.92,True,99.0,185.4883720930236,True,False,2026-03-15 08:09:50.264,30.0,120.0,False,False,False
china_2026_R_01589,china_2026_R,HAD,LAW,2026-03-15 08:09:23.824,39,CLOSE_INTERACTION_NO_PASS,"valid close battle, no pairwise order change inside the horizon",53.00416666666666,265.001,-53.26861111109611,False,15.888888888888687,False,False,,,,,,False,290.0,,True,False,2026-03-15 08:09:53.824,30.0,120.0,False,False,False
china_2026_R_01590,china_2026_R,VER,BEA,2026-03-15 08:09:34.464,39,CLOSE_INTERACTION_NO_PASS,"valid close battle, no pairwise order change inside the horizon",94.15555555555625,4.64,-94.20027777776704,False,13.795000000000073,False,False,,,,,,False,92.0,138.73333333333403,True,False,2026-03-15 08:10:04.464,30.0,120.0,False,False,False
china_2026_R_01591,china_2026_R,BOT,HUL,2026-03-15 08:09:50.584,38,CLOSE_INTERACTION_NO_PASS,"valid close battle, no pairwise order change inside the horizon",10.376944444438777,31.081,-11.186944444460096,False,6.944444444444457,False,False,,,94.96,,,False,152.0,-17.775510204080224,True,False,2026-03-15 08:10:20.584,30.0,120.0,False,False,False
china_2026_R_01592,china_2026_R,GAS,VER,2026-03-15 08:09:54.384,39,CLOSE_INTERACTION_NO_PASS,"valid close battle, no pairwise order change inside the horizon; the pair did swap 38.8 s after t0, outside it",96.31027777777717,5.64,-95.37194444445777,False,9.600000000000364,False,False,,,38.8,38.8,38.8,True,132.0,70.40000000000036,True,False,2026-03-15 08:10:24.384,30.0,120.0,False,False,False
china_2026_R_01593,china_2026_R,PER,BOT,2026-03-15 08:10:08.544,39,CLOSE_INTERACTION_NO_PASS,"valid close battle, no pairwise order change inside the horizon",94.65694444444432,16.4,-94.6063888889039,False,5.744444444444525,False,False,,,,,,False,192.0,65.18489583333367,True,False,2026-03-15 08:10:38.544,30.0,120.0,False,False,False
china_2026_R_01594,china_2026_R,HAM,LEC,2026-03-15 08:10:20.744,39,UNCERTAIN,"only one of the two order-change signals fired (distance=True, driver_ahead=False)",10.250555555541723,67.361,-10.10444444444147,False,19.55250000001182,True,False,2026-03-15 08:10:27.464,6.72,6.72,67.561,67.561,True,222.0,-35.384615384619934,True,False,2026-03-15 08:10:50.744,30.0,120.0,False,False,False
china_2026_R_01595,china_2026_R,BOT,HUL,2026-03-15 08:10:28.065,39,CLOSE_INTERACTION_NO_PASS,"valid close battle, no pairwise order change inside the horizon",90.90527777777811,5.599,-91.07305555554922,False,10.63333333333344,False,False,,,,,,False,119.0,81.32808256382323,True,False,2026-03-15 08:10:58.065,30.0,120.0,False,False,False
china_2026_R_01596,china_2026_R,VER,BEA,2026-03-15 08:10:28.904,39,CLOSE_INTERACTION_NO_PASS,"valid close battle, no pairwise order change inside the horizon",93.12305555555395,4.08,-93.16777777776588,False,13.199999999999818,False,False,,,,,,False,88.0,170.44782608695783,True,False,2026-03-15 08:10:58.904,30.0,120.0,False,False,False
china_2026_R_01597,china_2026_R,GAS,VER,2026-03-15 08:10:36.464,39,ON_TRACK_PASS,race-distance ordering and target DriverAhead both show the swap,12.786388888889633,7.96,-11.8480555555725,False,24.66666666666606,True,True,2026-03-15 08:10:57.144,20.68,20.68,22.32,22.32,False,191.0,-125.66666666666607,True,False,2026-03-15 08:11:06.464,30.0,120.0,False,False,False
china_2026_R_01598,china_2026_R,GAS,BEA,2026-03-15 08:10:58.784,40,CLOSE_INTERACTION_NO_PASS,"valid close battle, no pairwise order change inside the horizon; the pair did swap 71.8 s after t0, outside it",69.50055555555525,5.52,-69.57500000001164,False,29.82222222222208,False,False,,,71.8,71.8,71.8,True,98.0,,True,False,2026-03-15 08:11:28.784,30.0,120.0,False,False,False
china_2026_R_01599,china_2026_R,BOT,HUL,2026-03-15 08:10:59.024,39,CLOSE_INTERACTION_NO_PASS,"valid close battle, no pairwise order change inside the horizon",96.58194444444325,3.081,-96.7497222222155,False,6.5,False,False,,,,,,False,90.0,149.51063829787455,True,False,2026-03-15 08:11:29.024,30.0,120.0,False,False,False
china_2026_R_01600,china_2026_R,VER,GAS,2026-03-15 08:10:59.024,40,ON_TRACK_PASS,race-distance ordering and target DriverAhead both show the swap,19.618333333333226,6.72,-19.437777777784504,False,18.799999999999955,True,True,2026-03-15 08:11:05.984,6.96,6.96,6.96,6.96,False,294.0,-196.9999999999999,True,False,2026-03-15 08:11:29.024,30.0,120.0,False,False,False
china_2026_R_01601,china_2026_R,VER,BEA,2026-03-15 08:11:11.504,40,CLOSE_INTERACTION_NO_PASS,"valid close battle, no pairwise order change inside the horizon",97.53472222222126,3.241,-97.4286111110996,False,7.388888888888687,False,False,,,,,,False,92.0,140.7083333333334,True,False,2026-03-15 08:11:41.504,30.0,120.0,False,False,False
china_2026_R_01602,china_2026_R,GAS,VER,2026-03-15 08:11:25.544,40,ON_TRACK_PASS,race-distance ordering and target DriverAhead both show the swap,99.56055555555668,6.48,-99.7411111110996,False,8.400000000000091,True,True,2026-03-15 08:11:32.664,7.12,7.12,7.12,7.12,False,241.0,13.795918367346225,True,False,2026-03-15 08:11:55.544,30.0,120.0,False,False,False
china_2026_R_01603,china_2026_R,LEC,HAM,2026-03-15 08:11:30.064,40,ON_TRACK_PASS,race-distance ordering and target DriverAhead both show the swap,10.263333333332866,15.4,-10.24638888888876,False,6.922222222223354,True,True,2026-03-15 08:11:45.744,15.68,15.68,15.68,15.68,False,235.0,-18.839681637293577,True,False,2026-03-15 08:12:00.064,30.0,120.0,False,False,False
china_2026_R_01604,china_2026_R,PER,ANT,2026-03-15 08:11:42.785,40,LAPPED_UNLAPPED,pair separated by -5837 m of race distance at t0,75.45999999999998,3.92,-5837.310833333322,True,1.5594444444444662,False,False,,,,,,False,292.0,,True,False,2026-03-15 08:12:12.785,30.0,120.0,False,False,False
china_2026_R_01605,china_2026_R,GAS,BEA,2026-03-15 08:11:44.144,40,ON_TRACK_PASS,race-distance ordering and target DriverAhead both show the swap,83.37472222222277,3.401,-83.44916666665813,False,7.83333333333303,True,True,2026-03-15 08:12:10.584,26.44,26.44,26.44,26.44,False,104.0,,True,False,2026-03-15 08:12:14.144,30.0,120.0,False,False,False
china_2026_R_01606,china_2026_R,VER,GAS,2026-03-15 08:11:44.344,40,ON_TRACK_PASS,race-distance ordering and target DriverAhead both show the swap,16.179999999999836,5.84,-15.999444444430992,False,8.83333333333303,True,True,2026-03-15 08:11:50.664,6.32,6.32,6.32,6.32,False,248.0,-158.99999999999454,True,False,2026-03-15 08:12:14.344,30.0,120.0,False,False,False
china_2026_R_01607,china_2026_R,LIN,SAI,2026-03-15 08:11:44.504,40,CLOSE_INTERACTION_NO_PASS,"valid close battle, no pairwise order change inside the horizon; the pair did swap 31.2 s after t0, outside it",96.50972222222163,4.841,-96.60388888890157,False,12.522222222222354,False,False,,,31.241,31.241,31.241,True,99.0,182.1688379364254,True,False,2026-03-15 08:12:14.504,30.0,120.0,False,False,False
china_2026_R_01608,china_2026_R,HAM,LEC,2026-03-15 08:11:46.304,40,ON_TRACK_PASS,race-distance ordering and target DriverAhead both show the swap,13.95361111110924,4.36,-13.970555555541068,False,6.16666666666697,True,True,2026-03-15 08:11:50.904,4.6,4.6,4.6,4.6,False,154.0,-78.21428571428766,True,False,2026-03-15 08:12:16.304,30.0,120.0,False,False,False
china_2026_R_01609,china_2026_R,PER,BOT,2026-03-15 08:11:46.945,40,CLOSE_INTERACTION_NO_PASS,"valid close battle, no pairwise order change inside the horizon",60.63805555555564,66.24,-59.5713888888713,False,6.799999999999727,False,False,,,,,,False,231.0,,True,False,2026-03-15 08:12:16.945,30.0,120.0,False,False,False
china_2026_R_01610,china_2026_R,HUL,OCO,2026-03-15 08:11:47.545,40,CLOSE_INTERACTION_NO_PASS,"valid close battle, no pairwise order change inside the horizon",98.04777777777747,5.88,-98.99444444442634,False,3.0,False,False,,,,,,False,97.0,63.33425874514144,True,False,2026-03-15 08:12:17.545,30.0,120.0,False,False,False
china_2026_R_01611,china_2026_R,VER,BEA,2026-03-15 08:12:06.345,40,CLOSE_INTERACTION_NO_PASS,"valid close battle, no pairwise order change inside the horizon",91.74555555555708,4.239,-91.63944444444496,False,27.89333333333252,False,False,,,,,,False,80.0,178.4099949005574,True,False,2026-03-15 08:12:36.345,30.0,120.0,False,False,False
china_2026_R_01612,china_2026_R,GAS,VER,2026-03-15 08:12:15.185,40,ON_TRACK_PASS,race-distance ordering and target DriverAhead both show the swap,10.192500000001019,8.919,-10.373055555537576,False,12.222222222223536,True,True,2026-03-15 08:12:19.384,4.199,4.199,4.199,4.199,False,220.0,-97.22222222222626,True,False,2026-03-15 08:12:45.185,30.0,120.0,False,False,False
china_2026_R_01613,china_2026_R,SAI,LIN,2026-03-15 08:12:15.985,40,ON_TRACK_PASS,race-distance ordering and target DriverAhead both show the swap,12.219722222223481,3.399,-12.125555555569008,False,10.66666666666697,True,True,2026-03-15 08:12:19.785,3.8,3.8,3.8,3.8,False,267.0,-160.00000000000455,True,False,2026-03-15 08:12:45.985,30.0,120.0,False,False,False
china_2026_R_01614,china_2026_R,HUL,OCO,2026-03-15 08:12:32.785,40,CLOSE_INTERACTION_NO_PASS,"valid close battle, no pairwise order change inside the horizon",91.17222222222335,6.6,-92.11888888888643,False,7.91111111111104,False,False,,,,,,False,92.0,145.7061379684959,True,False,2026-03-15 08:13:02.785,30.0,120.0,False,False,False
china_2026_R_01615,china_2026_R,GAS,BEA,2026-03-15 08:12:35.505,41,CLOSE_INTERACTION_NO_PASS,"valid close battle, no pairwise order change inside the horizon",60.045833333332894,5.84,-59.81916666668258,False,17.155555555555566,False,False,,,97.8,,,False,105.0,,True,False,2026-03-15 08:13:05.505,30.0,120.0,False,False,False
china_2026_R_01616,china_2026_R,VER,GAS,2026-03-15 08:12:35.505,41,ON_TRACK_PASS,race-distance ordering and target DriverAhead both show the swap,10.145277777777437,7.2,-10.113055555557366,False,18.13333333333344,True,True,2026-03-15 08:12:42.905,7.4,7.4,7.4,7.4,False,296.0,,True,False,2026-03-15 08:13:05.505,30.0,120.0,False,False,False
china_2026_R_01617,china_2026_R,VER,BEA,2026-03-15 08:12:49.025,41,CLOSE_INTERACTION_NO_PASS,"valid close battle, no pairwise order change inside the horizon",86.8638888888886,3.52,-86.60500000001048,False,9.133333333333667,False,False,,,,,,False,84.0,163.95454545454453,True,False,2026-03-15 08:13:19.025,30.0,120.0,False,False,False
china_2026_R_01618,china_2026_R,GAS,VER,2026-03-15 08:12:50.864,41,CLOSE_INTERACTION_NO_PASS,"valid close battle, no pairwise order change inside the horizon; the pair did swap 31.4 s after t0, outside it",94.01666666666665,6.24,-94.04888888887945,False,35.7777777777776,False,False,,,31.441,31.441,31.441,True,101.0,94.3360522022844,True,False,2026-03-15 08:13:20.864,30.0,120.0,False,False,False
china_2026_R_01619,china_2026_R,PER,BOT,2026-03-15 08:12:59.465,40,CLOSE_INTERACTION_NO_PASS,"valid close battle, no pairwise order change inside the horizon",99.85444444444465,57.28,-98.78777777779032,False,53.24555555554689,False,False,,,,,,False,320.0,12.020907700152035,True,False,2026-03-15 08:13:29.465,30.0,120.0,False,False,False
china_2026_R_01620,china_2026_R,LIN,SAI,2026-03-15 08:13:07.985,41,CLOSE_INTERACTION_NO_PASS,"valid close battle, no pairwise order change inside the horizon",79.34277777777811,5.0,-79.48305555558181,False,10.099999999999909,False,False,,,,,,False,94.0,200.8536585365851,True,False,2026-03-15 08:13:37.985,30.0,120.0,False,False,False
china_2026_R_01621,china_2026_R,LEC,HAM,2026-03-15 08:13:14.665,41,CLOSE_INTERACTION_NO_PASS,"valid close battle, no pairwise order change inside the horizon",99.3294444444441,44.76,-99.23833333334187,False,13.033333333333758,False,False,,,,,,False,316.0,7.428571428573442,True,False,2026-03-15 08:13:44.665,30.0,120.0,False,False,False
china_2026_R_01622,china_2026_R,HUL,OCO,2026-03-15 08:13:22.305,41,CLOSE_INTERACTION_NO_PASS,"valid close battle, no pairwise order change inside the horizon; the pair did swap 97.6 s after t0, outside it",99.4338888888891,10.28,-99.75111111110891,False,16.866666666666788,False,False,,,97.56,97.56,97.56,True,138.0,77.40816326530613,True,False,2026-03-15 08:13:52.305,30.0,120.0,False,False,False
china_2026_R_01623,china_2026_R,GAS,VER,2026-03-15 08:13:26.785,41,ON_TRACK_PASS,race-distance ordering and target DriverAhead both show the swap,12.414444444446417,3.999,-12.446666666684905,False,8.799999999999727,True,True,2026-03-15 08:13:46.745,19.96,19.96,19.96,19.96,False,156.0,-48.8999999999985,True,False,2026-03-15 08:13:56.785,30.0,120.0,False,False,False
china_2026_R_01624,china_2026_R,VER,GAS,2026-03-15 08:13:46.985,41,ON_TRACK_PASS,race-distance ordering and target DriverAhead both show the swap,10.674999999998363,3.84,-10.642777777771698,False,11.399999999999636,True,True,2026-03-15 08:13:51.104,4.119,4.119,4.119,4.119,False,200.0,-128.99999999999181,True,False,2026-03-15 08:14:16.985,30.0,120.0,False,False,False
china_2026_R_01625,china_2026_R,LIN,SAI,2026-03-15 08:13:53.585,41,CLOSE_INTERACTION_NO_PASS,"valid close battle, no pairwise order change inside the horizon",93.58416666666426,4.6,-93.72444444443681,False,14.400000000000091,False,False,,,,,,False,105.0,153.56521739130466,True,False,2026-03-15 08:14:23.585,30.0,120.0,False,False,False
china_2026_R_01626,china_2026_R,HAD,LAW,2026-03-15 08:13:54.385,41,CLOSE_INTERACTION_NO_PASS,"valid close battle, no pairwise order change inside the horizon",99.94777777777654,90.241,-99.47000000000116,False,39.96666666666624,False,False,,,50.88,,,False,317.0,14.15555555555602,True,False,2026-03-15 08:14:24.385,30.0,120.0,False,False,False
china_2026_R_01627,china_2026_R,HUL,OCO,2026-03-15 08:13:54.825,41,CLOSE_INTERACTION_NO_PASS,"valid close battle, no pairwise order change inside the horizon; the pair did swap 65.0 s after t0, outside it",96.88583333333418,9.2,-97.20305555555387,False,5.244444444444525,False,False,,,65.04,65.04,65.04,True,180.0,41.0833333333332,True,False,2026-03-15 08:14:24.825,30.0,120.0,False,False,False
china_2026_R_01628,china_2026_R,LEC,HAM,2026-03-15 08:14:03.225,42,CLOSE_INTERACTION_NO_PASS,"valid close battle, no pairwise order change inside the horizon",99.65138888888964,8.4,-99.72611111111473,False,8.433333333333167,False,False,,,,,,False,267.0,4.021739130434536,True,False,2026-03-15 08:14:33.225,30.0,120.0,False,False,False
china_2026_R_01629,china_2026_R,VER,BEA,2026-03-15 08:14:08.505,42,CLOSE_INTERACTION_NO_PASS,"valid close battle, no pairwise order change inside the horizon",98.25305555555576,8.24,-95.1425000000163,False,8.111111111111086,False,False,,,,,,False,109.0,72.61363636363613,True,False,2026-03-15 08:14:38.505,30.0,120.0,False,False,False
china_2026_R_01630,china_2026_R,GAS,VER,2026-03-15 08:14:10.785,42,CLOSE_INTERACTION_NO_PASS,"valid close battle, no pairwise order change inside the horizon; the pair did swap 73.5 s after t0, outside it",92.47305555555556,10.96,-95.50583333332906,False,18.800000000000068,False,False,,,73.481,73.481,73.481,True,119.0,161.97727272727232,True,False,2026-03-15 08:14:40.785,30.0,120.0,False,False,False
china_2026_R_01631,china_2026_R,HUL,OCO,2026-03-15 08:14:34.345,41,ON_TRACK_PASS,race-distance ordering and target DriverAhead both show the swap,95.81472222222601,25.28,-96.13194444443798,False,22.26583333333292,True,True,2026-03-15 08:14:59.865,25.52,25.52,25.52,25.52,False,196.0,42.799999999995634,True,False,2026-03-15 08:15:04.345,30.0,120.0,False,False,False
china_2026_R_01632,china_2026_R,LIN,COL,2026-03-15 08:14:38.825,42,PIT_RELATED,attacker or target on a box lap at t0,78.96333333333332,21.4,-79.15249999999651,False,12.434166666666613,False,False,,,,,,False,291.0,,False,False,2026-03-15 08:15:08.825,30.0,120.0,True,True,False
china_2026_R_01633,china_2026_R,GAS,VER,2026-03-15 08:14:42.385,42,CLOSE_INTERACTION_NO_PASS,"valid close battle, no pairwise order change inside the horizon; the pair did swap 41.9 s after t0, outside it",96.67833333333465,10.44,-99.71111111112987,False,10.388888888888687,False,False,,,41.881,41.881,41.881,True,180.0,40.54166666666504,True,False,2026-03-15 08:15:12.385,30.0,120.0,False,False,False
china_2026_R_01634,china_2026_R,PER,BOT,2026-03-15 08:14:46.545,41,CLOSE_INTERACTION_NO_PASS,"valid close battle, no pairwise order change inside the horizon",96.76027777778108,5.04,-96.77138888888294,False,6.311111111111131,False,False,,,,,,False,101.0,106.55954323001498,True,False,2026-03-15 08:15:16.545,30.0,120.0,False,False,False
china_2026_R_01635,china_2026_R,VER,BEA,2026-03-15 08:14:55.945,42,CLOSE_INTERACTION_NO_PASS,"valid close battle, no pairwise order change inside the horizon",97.59111111110997,4.28,-94.48055555555038,False,9.33333333333303,False,False,,,,,,False,92.0,166.57777777777846,True,False,2026-03-15 08:15:25.945,30.0,120.0,False,False,False
china_2026_R_01636,china_2026_R,LEC,HAM,2026-03-15 08:14:58.545,42,CLOSE_INTERACTION_NO_PASS,"valid close battle, no pairwise order change inside the horizon",98.56638888888574,7.64,-98.64111111109378,False,14.0,False,False,,,,,,False,167.0,62.328061224485204,True,False,2026-03-15 08:15:28.545,30.0,120.0,False,False,False
china_2026_R_01637,china_2026_R,OCO,HUL,2026-03-15 08:15:04.146,42,CLOSE_INTERACTION_NO_PASS,"valid close battle, no pairwise order change inside the horizon",97.56611111111147,13.6,-97.77333333334536,False,5.885000000000218,False,False,,,,89.839,,False,90.0,6.170830912260408,True,False,2026-03-15 08:15:34.146,30.0,120.0,False,False,False
china_2026_R_01638,china_2026_R,RUS,ANT,2026-03-15 08:15:10.666,43,CLOSE_INTERACTION_NO_PASS,"valid close battle, no pairwise order change inside the horizon",92.38694444444434,3.479,-92.00361111111124,False,17.200000000000045,False,False,,,94.64,,,False,112.0,196.80739198334203,True,False,2026-03-15 08:15:40.666,30.0,120.0,False,False,False
china_2026_R_01639,china_2026_R,LIN,COL,2026-03-15 08:15:18.985,42,PIT_RELATED,attacker or target on a box lap at t0,99.71277777777732,10.36,-99.9019444444566,False,7.211111111111222,False,False,,,,,,False,201.0,11.853984874926304,False,False,2026-03-15 08:15:48.985,30.0,120.0,True,True,False
china_2026_R_01640,china_2026_R,VER,GAS,2026-03-15 08:15:24.466,42,ON_TRACK_PASS,race-distance ordering and target DriverAhead both show the swap,16.16694444444238,3.639,-13.134166666655801,False,13.50000000000091,True,True,2026-03-15 08:15:28.345,3.879,3.879,3.879,3.879,False,312.0,-243.00000000001637,True,False,2026-03-15 08:15:54.466,30.0,120.0,False,False,False
china_2026_R_01641,china_2026_R,GAS,VER,2026-03-15 08:15:28.585,42,UNCERTAIN,"only one of the two order-change signals fired (distance=True, driver_ahead=False)",10.734722222222445,8.601,-13.767499999987194,False,10.266666666666424,True,False,2026-03-15 08:15:48.065,19.48,19.48,93.16,93.16,True,191.0,-100.99999999999001,True,False,2026-03-15 08:15:58.585,30.0,120.0,False,False,False
china_2026_R_01642,china_2026_R,HAD,LAW,2026-03-15 08:15:33.945,42,CLOSE_INTERACTION_NO_PASS,"valid close battle, no pairwise order change inside the horizon",99.29027777777628,73.04,-99.18222222223994,False,20.0,False,False,,,,,,False,308.0,18.444444444445253,True,False,2026-03-15 08:16:03.945,30.0,120.0,False,False,False
china_2026_R_01643,china_2026_R,VER,BEA,2026-03-15 08:15:44.546,43,CLOSE_INTERACTION_NO_PASS,"valid close battle, no pairwise order change inside the horizon",99.1411111111106,10.799,-99.43694444443099,False,6.6111111111111995,False,False,,,,,,False,147.0,79.77033492823011,True,False,2026-03-15 08:16:14.546,30.0,120.0,False,False,False
china_2026_R_01644,china_2026_R,LEC,HAM,2026-03-15 08:15:50.986,43,CLOSE_INTERACTION_NO_PASS,"valid close battle, no pairwise order change inside the horizon",99.96055555555472,14.52,-99.85833333333721,False,5.4222222222224445,False,False,,,,,,False,248.0,2.8298777246137696,True,False,2026-03-15 08:16:20.986,30.0,120.0,False,False,False
china_2026_R_01645,china_2026_R,RUS,ANT,2026-03-15 08:15:53.865,43,CLOSE_INTERACTION_NO_PASS,"valid close battle, no pairwise order change inside the horizon",96.09805555555613,4.641,-95.71472222224111,False,12.888888888888687,False,False,,,51.441,,,False,108.0,140.11442256519493,True,False,2026-03-15 08:16:23.865,30.0,120.0,False,False,False
china_2026_R_01646,china_2026_R,LIN,COL,2026-03-15 08:16:00.105,42,PIT_RELATED,attacker or target on a box lap at t0,98.78638888888872,5.68,-98.97555555554572,False,8.788888888888323,False,False,,,,,,False,124.0,93.73656200106369,False,False,2026-03-15 08:16:30.105,30.0,120.0,True,True,False
china_2026_R_01647,china_2026_R,GAS,VER,2026-03-15 08:16:05.785,43,CLOSE_INTERACTION_NO_PASS,"valid close battle, no pairwise order change inside the horizon; the pair did swap 56.0 s after t0, outside it",99.75916666666694,4.681,-99.90472222221433,False,25.94055555555542,False,False,,,55.96,55.96,55.96,True,93.0,136.44119212346996,True,False,2026-03-15 08:16:35.785,30.0,120.0,False,False,False
china_2026_R_01648,china_2026_R,OCO,HUL,2026-03-15 08:16:17.906,42,UNCERTAIN,"only one of the two order-change signals fired (distance=False, driver_ahead=True)",98.88277777777603,10.039,-99.08999999999651,False,9.04777777777781,False,True,2026-03-15 08:16:33.985,16.079,,16.079,,False,79.0,42.348750664540425,True,False,2026-03-15 08:16:47.906,30.0,120.0,False,False,False
china_2026_R_01649,china_2026_R,PER,BOT,2026-03-15 08:16:25.426,42,CLOSE_INTERACTION_NO_PASS,"valid close battle, no pairwise order change inside the horizon",88.78361111110917,6.52,-88.78222222221666,False,7.869166666666388,False,False,,,,,,False,130.0,80.87234042553413,True,False,2026-03-15 08:16:55.426,30.0,120.0,False,False,False
china_2026_R_01650,china_2026_R,HUL,LIN,2026-03-15 08:16:28.425,42,PIT_RELATED,attacker or target on a box lap at t0,88.7458333333334,3.521,-443.65777777778567,False,34.2222222222222,True,True,2026-03-15 08:16:30.146,1.721,1.721,3.841,3.841,False,80.0,143.85714285714428,False,False,2026-03-15 08:16:58.425,30.0,120.0,True,True,False
china_2026_R_01651,china_2026_R,HUL,ANT,2026-03-15 08:16:30.146,43,LAPPED_UNLAPPED,pair separated by -5838 m of race distance at t0,75.76166666666666,3.479,-5838.026666666672,True,0.611111111111029,False,False,,,,,,False,289.0,,True,False,2026-03-15 08:17:00.146,30.0,120.0,False,False,False
china_2026_R_01652,china_2026_R,VER,BEA,2026-03-15 08:16:33.185,43,CLOSE_INTERACTION_NO_PASS,"valid close battle, no pairwise order change inside the horizon",89.84972222221904,5.801,-90.14555555555853,False,12.955555555555293,False,False,,,,,,False,88.0,159.63609291244762,True,False,2026-03-15 08:17:03.185,30.0,120.0,False,False,False
china_2026_R_01653,china_2026_R,HUL,OCO,2026-03-15 08:16:33.985,43,ON_TRACK_PASS,race-distance ordering and target DriverAhead both show the swap,72.2952777777777,21.12,-71.74888888889109,False,5.677777777777749,True,True,2026-03-15 08:16:55.425,21.44,21.44,21.44,21.44,False,250.0,,True,False,2026-03-15 08:17:03.985,30.0,120.0,False,False,False
china_2026_R_01654,china_2026_R,LEC,HAM,2026-03-15 08:16:35.185,43,CLOSE_INTERACTION_NO_PASS,"valid close battle, no pairwise order change inside the horizon",98.44972222222714,6.04,-98.34750000000349,False,9.877777777777737,False,False,,,,,,False,122.0,89.17999999999884,True,False,2026-03-15 08:17:05.185,30.0,120.0,False,False,False
china_2026_R_01655,china_2026_R,LIN,BOT,2026-03-15 08:16:45.786,43,PIT_RELATED,attacker or target on a box lap at t0,18.48972222222227,76.96,-18.489722222235287,False,15.866666666666674,False,False,,,77.2,77.2,77.2,True,296.0,-203.99999999999952,False,False,2026-03-15 08:17:15.786,30.0,120.0,True,True,False
china_2026_R_01656,china_2026_R,HAD,LAW,2026-03-15 08:16:49.586,43,CLOSE_INTERACTION_NO_PASS,"valid close battle, no pairwise order change inside the horizon",98.13638888888818,11.279,-98.25250000000233,False,8.600000000000364,False,False,,,,,,False,211.0,11.694088970139584,True,False,2026-03-15 08:17:19.586,30.0,120.0,False,False,False
china_2026_R_01657,china_2026_R,OCO,HUL,2026-03-15 08:16:58.266,43,CLOSE_INTERACTION_NO_PASS,"valid close battle, no pairwise order change inside the horizon",10.610277777778265,39.72,-11.156666666647652,False,7.900000000000091,False,False,,,,,,False,81.0,-7.760000000000446,True,False,2026-03-15 08:17:28.266,30.0,120.0,False,False,False
china_2026_R_01658,china_2026_R,VER,GAS,2026-03-15 08:17:01.985,43,ON_TRACK_PASS,race-distance ordering and target DriverAhead both show the swap,12.61055555555322,3.241,-12.464999999996508,False,10.075833333333321,True,True,2026-03-15 08:17:05.586,3.601,3.601,3.601,3.601,False,193.0,-130.00000000000458,True,False,2026-03-15 08:17:31.985,30.0,120.0,False,False,False
china_2026_R_01659,china_2026_R,GAS,VER,2026-03-15 08:17:05.906,43,UNCERTAIN,"only one of the two order-change signals fired (distance=True, driver_ahead=False)",14.00250000000051,9.119,-14.148055555560859,False,9.900000000000546,True,False,2026-03-15 08:17:26.745,20.839,20.839,67.08,67.08,True,202.0,-91.99999999999136,True,False,2026-03-15 08:17:35.906,30.0,120.0,False,False,False
china_2026_R_01660,china_2026_R,LEC,HAM,2026-03-15 08:17:18.146,44,CLOSE_INTERACTION_NO_PASS,"valid close battle, no pairwise order change inside the horizon",90.11222222222159,3.639,-90.10333333333256,False,9.399999999999864,False,False,,,,,,False,90.0,131.0681818181823,True,False,2026-03-15 08:17:48.146,30.0,120.0,False,False,False
china_2026_R_01661,china_2026_R,VER,BEA,2026-03-15 08:17:22.466,44,CLOSE_INTERACTION_NO_PASS,"valid close battle, no pairwise order change inside the horizon",98.20222222222196,9.52,-98.82861111109378,False,12.088888888888732,False,False,,,,,,False,130.0,61.97448165869239,True,False,2026-03-15 08:17:52.466,30.0,120.0,False,False,False
china_2026_R_01662,china_2026_R,GAS,VER,2026-03-15 08:17:43.266,44,ON_TRACK_PASS,race-distance ordering and target DriverAhead both show the swap,99.4866666666685,3.48,-99.57027777779149,False,11.377777777777737,True,True,2026-03-15 08:18:12.986,29.72,29.72,29.72,29.72,False,83.0,171.9459459459448,True,False,2026-03-15 08:18:13.266,30.0,120.0,False,False,False
china_2026_R_01663,china_2026_R,OCO,HUL,2026-03-15 08:17:50.226,43,CLOSE_INTERACTION_NO_PASS,"valid close battle, no pairwise order change inside the horizon",98.93527777777126,14.2,-99.4816666666593,False,9.600000000001273,False,False,,,,,,False,275.0,6.560645497138931,True,False,2026-03-15 08:18:20.226,30.0,120.0,False,False,False
china_2026_R_01664,china_2026_R,BOT,LIN,2026-03-15 08:18:03.226,43,PIT_RELATED,attacker or target on a box lap at t0,10.589999999997417,36.52,-10.589999999996508,False,13.42194444444273,False,False,,,,,,False,331.0,-108.99999999999638,False,False,2026-03-15 08:18:33.226,30.0,120.0,True,True,False
china_2026_R_01665,china_2026_R,LEC,HAM,2026-03-15 08:18:12.266,44,CLOSE_INTERACTION_NO_PASS,"valid close battle, no pairwise order change inside the horizon",94.45138888888505,4.48,-94.44250000000466,False,13.066666666665697,False,False,,,,,,False,82.0,177.819999999999,True,False,2026-03-15 08:18:42.266,30.0,120.0,False,False,False
china_2026_R_01666,china_2026_R,HUL,ANT,2026-03-15 08:18:14.545,44,LAPPED_UNLAPPED,pair separated by -5861 m of race distance at t0,97.7833333333333,9.361,-5860.738611111126,True,7.000000000000114,False,False,,,,,,False,132.0,67.86096567771983,True,False,2026-03-15 08:18:44.545,30.0,120.0,False,False,False
china_2026_R_01667,china_2026_R,GAS,VER,2026-03-15 08:18:18.426,44,ON_TRACK_PASS,race-distance ordering and target DriverAhead both show the swap,14.391388888894198,5.88,-14.47500000000582,False,7.318055555555475,True,True,2026-03-15 08:18:38.266,19.84,19.84,19.84,19.84,False,164.0,-52.045454545456195,True,False,2026-03-15 08:18:48.426,30.0,120.0,False,False,False
china_2026_R_01668,china_2026_R,HAD,LAW,2026-03-15 08:18:28.306,44,CLOSE_INTERACTION_NO_PASS,"valid close battle, no pairwise order change inside the horizon",70.41472222222092,9.04,-71.39972222220968,False,5.6111111111108585,False,False,,,,,,False,116.0,76.83826530612221,True,False,2026-03-15 08:18:58.306,30.0,120.0,False,False,False
china_2026_R_01669,china_2026_R,OCO,HUL,2026-03-15 08:18:34.305,44,CLOSE_INTERACTION_NO_PASS,"valid close battle, no pairwise order change inside the horizon",84.2058333333332,5.161,-84.11527777777519,False,16.53749999999991,False,False,,,,,,False,122.0,110.7132397803541,True,False,2026-03-15 08:19:04.305,30.0,120.0,False,False,False
china_2026_R_01670,china_2026_R,VER,BEA,2026-03-15 08:18:35.266,44,CLOSE_INTERACTION_NO_PASS,"valid close battle, no pairwise order change inside the horizon",97.83944444444023,5.24,-98.46583333332092,False,12.444444444445253,False,False,,,,,,False,81.0,164.7300000000012,True,False,2026-03-15 08:19:05.266,30.0,120.0,False,False,False
china_2026_R_01671,china_2026_R,VER,GAS,2026-03-15 08:18:40.946,44,UNCERTAIN,"only one of the two order-change signals fired (distance=False, driver_ahead=True)",97.96861111110502,10.2,-97.88499999998021,False,9.288888888889232,False,True,2026-03-15 08:18:52.306,11.36,,11.36,,False,58.0,,True,False,2026-03-15 08:19:10.946,30.0,120.0,False,False,False
china_2026_R_01672,china_2026_R,GAS,BEA,2026-03-15 08:18:41.266,44,UNCERTAIN,"only one of the two order-change signals fired (distance=True, driver_ahead=False)",20.91527777777992,7.88,-21.625277777784504,False,13.5,True,False,2026-03-15 08:19:02.386,21.12,21.12,95.16,95.16,True,206.0,-148.00000000000523,True,False,2026-03-15 08:19:11.266,30.0,120.0,False,False,False
china_2026_R_01673,china_2026_R,BOT,LIN,2026-03-15 08:18:46.546,44,CLOSE_INTERACTION_NO_PASS,"valid close battle, no pairwise order change inside the horizon",94.10027777777782,4.6,-94.08416666666744,False,15.333333333333258,False,False,,,,,,False,125.0,91.63414634146359,True,False,2026-03-15 08:19:16.546,30.0,120.0,False,False,False
china_2026_R_01674,china_2026_R,LEC,HAM,2026-03-15 08:18:54.107,45,CLOSE_INTERACTION_NO_PASS,"valid close battle, no pairwise order change inside the horizon",96.41527777777787,4.959,-93.19527777779149,False,12.08888888888896,False,False,,,,,,False,94.0,135.02443087173708,True,False,2026-03-15 08:19:24.107,30.0,120.0,False,False,False
china_2026_R_01675,china_2026_R,GAS,VER,2026-03-15 08:19:01.826,45,INVALID,no causal target sample at t0,97.39361111111089,9.84,,False,6.722222222222285,False,False,,,,,,False,,69.89402173913052,True,True,2026-03-15 08:19:31.826,30.0,120.0,False,False,False
china_2026_R_01676,china_2026_R,HUL,ANT,2026-03-15 08:19:27.547,44,LAPPED_UNLAPPED,pair separated by -5862 m of race distance at t0,98.99138888889138,3.959,-5861.946666666656,True,27.92527777777832,False,False,,,,,,False,66.0,230.44091618948013,True,False,2026-03-15 08:19:57.547,30.0,120.0,False,False,False
china_2026_R_01677,china_2026_R,BOT,LIN,2026-03-15 08:19:43.026,44,CLOSE_INTERACTION_NO_PASS,"valid close battle, no pairwise order change inside the horizon",87.65444444444256,3.08,-87.63833333333605,False,14.66666666666515,False,False,,,,,,False,63.0,256.4842421210639,True,False,2026-03-15 08:20:13.026,30.0,120.0,False,False,False
china_2026_R_01678,china_2026_R,LEC,HAM,2026-03-15 08:19:49.226,45,CLOSE_INTERACTION_NO_PASS,"valid close battle, no pairwise order change inside the horizon",90.02722222222201,4.681,-86.80722222223994,False,19.555555555555657,False,False,,,,,,False,71.0,202.31315657828776,True,False,2026-03-15 08:20:19.226,30.0,120.0,False,False,False
china_2026_R_01679,china_2026_R,LAW,VER,2026-03-15 08:19:52.466,45,INVALID,no causal target sample at t0,95.53416666666908,4.92,,False,10.700000000000273,False,False,,,,,,False,,56.170212765956876,True,True,2026-03-15 08:20:22.466,30.0,120.0,False,False,False
china_2026_R_01680,china_2026_R,OCO,HUL,2026-03-15 08:19:53.907,45,CLOSE_INTERACTION_NO_PASS,"valid close battle, no pairwise order change inside the horizon",97.21083333333377,9.239,-97.12916666665114,False,7.822222222222308,False,False,,,,,,False,123.0,56.044293015331654,True,False,2026-03-15 08:20:23.907,30.0,120.0,False,False,False
china_2026_R_01681,china_2026_R,HAD,LAW,2026-03-15 08:19:59.466,45,CLOSE_INTERACTION_NO_PASS,"valid close battle, no pairwise order change inside the horizon; the pair did swap 59.1 s after t0, outside it",70.20083333333423,18.16,-70.2058333333407,False,16.01111111111095,False,False,,,58.6,59.08,59.08,True,204.0,,True,False,2026-03-15 08:20:29.466,30.0,120.0,False,False,False
china_2026_R_01682,china_2026_R,GAS,BEA,2026-03-15 08:20:14.947,45,ON_TRACK_PASS,race-distance ordering and target DriverAhead both show the swap,83.673333333335,10.719,-83.78333333332557,False,17.670000000000982,True,True,2026-03-15 08:20:16.426,1.479,1.479,1.479,1.479,False,75.0,243.85106382978807,True,False,2026-03-15 08:20:44.947,30.0,120.0,False,False,False
china_2026_R_01683,china_2026_R,SAI,VER,2026-03-15 08:20:20.427,45,INVALID,no causal target sample at t0,99.97194444444722,12.96,,False,15.377777777777737,False,False,,,,,,False,,170.77613462519358,True,True,2026-03-15 08:20:50.427,30.0,120.0,False,False,False
china_2026_R_01684,china_2026_R,LEC,HAM,2026-03-15 08:20:31.386,46,CLOSE_INTERACTION_NO_PASS,"valid close battle, no pairwise order change inside the horizon",97.82583333333264,3.281,-97.82583333333605,False,8.444444444444343,False,False,,,,,,False,80.0,175.65909090909037,True,False,2026-03-15 08:21:01.386,30.0,120.0,False,False,False
china_2026_R_01685,china_2026_R,LAW,HAD,2026-03-15 08:20:59.307,46,CLOSE_INTERACTION_NO_PASS,"valid close battle, no pairwise order change inside the horizon",14.920000000000186,83.919,-14.348611111112405,False,17.566666666667516,False,False,,,,85.32,,False,158.0,-64.57818659658369,True,False,2026-03-15 08:21:29.307,30.0,120.0,False,False,False
china_2026_R_01686,china_2026_R,HUL,VER,2026-03-15 08:21:13.547,45,INVALID,no causal target sample at t0,97.81305555556173,4.039,,False,10.577777777777555,False,False,,,,,,False,,63.28484175458231,True,True,2026-03-15 08:21:43.547,30.0,120.0,False,False,False
china_2026_R_01687,china_2026_R,OCO,RUS,2026-03-15 08:21:25.106,46,PIT_RELATED,attacker or target on a box lap at t0,96.59416666666665,6.36,-5858.811666666705,True,5.066666666666663,False,False,,,,,,False,291.0,,False,False,2026-03-15 08:21:55.106,30.0,120.0,True,True,False
china_2026_R_01688,china_2026_R,LEC,HAM,2026-03-15 08:21:25.907,46,CLOSE_INTERACTION_NO_PASS,"valid close battle, no pairwise order change inside the horizon",99.2416666666686,3.08,-99.24166666669771,False,13.600000000000364,False,False,,,,,,False,63.0,202.8651743883387,True,False,2026-03-15 08:21:55.907,30.0,120.0,False,False,False
china_2026_R_01689,china_2026_R,BOT,HAM,2026-03-15 08:21:39.747,46,LAPPED_UNLAPPED,pair separated by -5820 m of race distance at t0,57.47611111111113,20.56,-5820.185277777782,True,7.5555555555553156,False,False,,,,,,False,297.0,,True,False,2026-03-15 08:22:09.747,30.0,120.0,False,False,False
china_2026_R_01690,china_2026_R,GAS,BEA,2026-03-15 08:21:51.666,46,CLOSE_INTERACTION_NO_PASS,"valid close battle, no pairwise order change inside the horizon; the pair did swap 97.5 s after t0, outside it",88.85555555556402,3.881,-89.00055555556901,False,15.155555555555111,False,False,,,97.321,97.521,97.521,True,67.0,234.3673469387712,True,False,2026-03-15 08:22:21.666,30.0,120.0,False,False,False
china_2026_R_01691,china_2026_R,HAD,LAW,2026-03-15 08:22:24.627,47,CLOSE_INTERACTION_NO_PASS,"valid close battle, no pairwise order change inside the horizon",72.34305555555554,49.48,-72.37138888885966,False,10.609166666666624,False,False,,,,,,False,294.0,,True,False,2026-03-15 08:22:54.627,30.0,120.0,False,False,False
china_2026_R_01692,china_2026_R,BOT,HAM,2026-03-15 08:22:36.626,46,LAPPED_UNLAPPED,pair separated by -5856 m of race distance at t0,93.28499999999985,3.961,-5855.9941666667,True,5.400000000000091,False,False,,,,,,False,90.0,144.97339010111642,True,False,2026-03-15 08:23:06.626,30.0,120.0,False,False,False
china_2026_R_01693,china_2026_R,GAS,BEA,2026-03-15 08:23:02.547,47,ON_TRACK_PASS,race-distance ordering and target DriverAhead both show the swap,96.46055555555495,5.48,-96.77555555553408,False,10.311111111111131,True,True,2026-03-15 08:23:29.187,26.64,26.64,26.64,26.64,False,90.0,164.4347826086953,True,False,2026-03-15 08:23:32.547,30.0,120.0,False,False,False
china_2026_R_01694,china_2026_R,HAD,LAW,2026-03-15 08:23:20.987,47,CLOSE_INTERACTION_NO_PASS,"valid close battle, no pairwise order change inside the horizon",83.23333333333221,7.24,-83.26166666665813,False,7.66666666666697,False,False,,,,,,False,103.0,127.75510204081486,True,False,2026-03-15 08:23:50.987,30.0,120.0,False,False,False
china_2026_R_01695,china_2026_R,BOT,LEC,2026-03-15 08:23:24.587,47,LAPPED_UNLAPPED,pair separated by -5862 m of race distance at t0,98.43416666666667,13.2,-5861.510833333305,True,22.744444444444184,False,False,,,,,,False,269.0,9.506770833333249,True,False,2026-03-15 08:23:54.587,30.0,120.0,False,False,False
china_2026_R_01696,china_2026_R,LEC,HAM,2026-03-15 08:23:26.507,48,CLOSE_INTERACTION_NO_PASS,"valid close battle, no pairwise order change inside the horizon",97.19000000000028,7.76,-96.79583333333721,False,10.666666666666629,False,False,,,,,,False,107.0,69.66666666666647,True,False,2026-03-15 08:23:56.507,30.0,120.0,False,False,False
china_2026_R_01697,china_2026_R,HAD,LAW,2026-03-15 08:24:08.987,48,CLOSE_INTERACTION_NO_PASS,"valid close battle, no pairwise order change inside the horizon",98.49305555555566,12.36,-98.48749999998836,False,8.555555555555543,False,False,,,,,,False,181.0,71.85106382978717,True,False,2026-03-15 08:24:38.987,30.0,120.0,False,False,False
china_2026_R_01698,china_2026_R,LEC,HAM,2026-03-15 08:24:13.147,48,CLOSE_INTERACTION_NO_PASS,"valid close battle, no pairwise order change inside the horizon",97.68888888888796,4.001,-97.2947222221992,False,4.84444444444398,False,False,,,,,,False,97.0,149.7777777777801,True,False,2026-03-15 08:24:43.147,30.0,120.0,False,False,False
china_2026_R_01699,china_2026_R,COL,SAI,2026-03-15 08:24:29.628,48,CLOSE_INTERACTION_NO_PASS,"valid close battle, no pairwise order change inside the horizon",96.95166666666705,10.199,-96.41833333333489,False,8.333333333333258,False,False,,,,,,False,132.0,53.97709526288354,True,False,2026-03-15 08:24:59.628,30.0,120.0,False,False,False
china_2026_R_01700,china_2026_R,HUL,RUS,2026-03-15 08:24:36.268,48,LAPPED_UNLAPPED,pair separated by -5816 m of race distance at t0,53.13666666666667,7.879,-5815.6936111110845,True,9.5,False,False,,,,,,False,287.0,,True,False,2026-03-15 08:25:06.268,30.0,120.0,False,False,False
china_2026_R_01701,china_2026_R,HAD,LAW,2026-03-15 08:24:59.067,48,CLOSE_INTERACTION_NO_PASS,"valid close battle, no pairwise order change inside the horizon",92.71527777777828,5.64,-92.70972222223645,False,8.066666666666606,False,False,,,,,,False,95.0,146.7323044172417,True,False,2026-03-15 08:25:29.067,30.0,120.0,False,False,False
china_2026_R_01702,china_2026_R,COL,SAI,2026-03-15 08:25:02.708,48,CLOSE_INTERACTION_NO_PASS,"valid close battle, no pairwise order change inside the horizon",97.49666666666599,8.2,-96.96333333331859,False,5.855555555555384,False,False,,,,,,False,165.0,50.25358851674586,True,False,2026-03-15 08:25:32.708,30.0,120.0,False,False,False
china_2026_R_01703,china_2026_R,LEC,HAM,2026-03-15 08:25:03.868,49,CLOSE_INTERACTION_NO_PASS,"valid close battle, no pairwise order change inside the horizon",97.93333333333317,5.72,-97.34083333332092,False,3.3333333333333712,False,False,,,,,,False,95.0,66.61775651249361,True,False,2026-03-15 08:25:33.868,30.0,120.0,False,False,False
china_2026_R_01704,china_2026_R,COL,SAI,2026-03-15 08:25:42.908,48,CLOSE_INTERACTION_NO_PASS,"valid close battle, no pairwise order change inside the horizon",97.30333333333328,5.039,-96.77000000001863,False,11.144444444444161,False,False,,,,,,False,105.0,102.15552779512703,True,False,2026-03-15 08:26:12.908,30.0,120.0,False,False,False
china_2026_R_01705,china_2026_R,HAD,LAW,2026-03-15 08:25:48.187,49,CLOSE_INTERACTION_NO_PASS,"valid close battle, no pairwise order change inside the horizon; the pair did swap 105.0 s after t0, outside it",98.74972222222232,10.28,-98.48305555555271,False,8.355555555555497,False,False,,,104.96,104.76,104.96,True,139.0,59.15217391304307,True,False,2026-03-15 08:26:18.187,30.0,120.0,False,False,False
china_2026_R_01706,china_2026_R,HUL,RUS,2026-03-15 08:26:19.307,49,LAPPED_UNLAPPED,pair separated by -5861 m of race distance at t0,98.93972222222226,11.641,-5860.961666666728,True,5.755555555555702,False,False,,,,,,False,194.0,72.54973821989526,True,False,2026-03-15 08:26:49.307,30.0,120.0,False,False,False
china_2026_R_01707,china_2026_R,COL,SAI,2026-03-15 08:26:25.827,49,CLOSE_INTERACTION_NO_PASS,"valid close battle, no pairwise order change inside the horizon",97.88972222222219,4.361,-97.80527777777752,False,8.799999999999955,False,False,,,,,,False,101.0,111.74487243621753,True,False,2026-03-15 08:26:55.827,30.0,120.0,False,False,False
china_2026_R_01708,china_2026_R,HAD,LAW,2026-03-15 08:26:37.108,49,CLOSE_INTERACTION_NO_PASS,"valid close battle, no pairwise order change inside the horizon; the pair did swap 56.0 s after t0, outside it",87.0911111111127,4.96,-86.82444444444263,False,7.233333333333576,False,False,,,56.039,55.839,56.039,True,91.0,161.8666666666677,True,False,2026-03-15 08:27:07.108,30.0,120.0,False,False,False
china_2026_R_01709,china_2026_R,LEC,HAM,2026-03-15 08:26:39.587,50,CLOSE_INTERACTION_NO_PASS,"valid close battle, no pairwise order change inside the horizon",97.37833333333299,7.28,-97.03888888889924,False,7.111111111111086,False,False,,,,,,False,97.0,67.10803618946265,True,False,2026-03-15 08:27:09.587,30.0,120.0,False,False,False
china_2026_R_01710,china_2026_R,PER,BEA,2026-03-15 08:26:57.268,49,LAPPED_UNLAPPED,pair separated by -5848 m of race distance at t0,84.84388888888888,49.599,-5847.669722222257,True,11.111111111110858,False,False,,,,,,False,294.0,,True,False,2026-03-15 08:27:27.268,30.0,120.0,False,False,False
china_2026_R_01711,china_2026_R,GAS,BEA,2026-03-15 08:27:05.907,50,CLOSE_INTERACTION_NO_PASS,"valid close battle, no pairwise order change inside the horizon",97.42583333333334,10.721,-97.35250000003725,False,13.333333333333258,False,False,,,,,,False,131.0,126.59053833605202,True,False,2026-03-15 08:27:35.907,30.0,120.0,False,False,False
china_2026_R_01712,china_2026_R,HUL,RUS,2026-03-15 08:27:09.268,49,LAPPED_UNLAPPED,pair separated by -5859 m of race distance at t0,97.31694444444383,3.799,-5859.338888888946,True,4.533333333333758,False,False,,,,,,False,94.0,141.66700662927062,True,False,2026-03-15 08:27:39.268,30.0,120.0,False,False,False
china_2026_R_01713,china_2026_R,LEC,HAM,2026-03-15 08:27:25.547,50,CLOSE_INTERACTION_NO_PASS,"valid close battle, no pairwise order change inside the horizon",94.9224999999974,5.081,-94.58305555552943,False,7.111111111111313,False,False,,,,,,False,94.0,157.60957041870654,True,False,2026-03-15 08:27:55.547,30.0,120.0,False,False,False
china_2026_R_01714,china_2026_R,HAD,LAW,2026-03-15 08:27:26.587,50,ON_TRACK_PASS,race-distance ordering and target DriverAhead both show the swap,98.28527777777788,6.12,-98.04305555555038,False,6.222222222222172,True,True,2026-03-15 08:27:32.947,6.36,6.36,6.36,6.36,False,119.0,58.241960183766906,True,False,2026-03-15 08:27:56.587,30.0,120.0,False,False,False
china_2026_R_01715,china_2026_R,COL,ANT,2026-03-15 08:27:38.468,50,LAPPED_UNLAPPED,pair separated by -5832 m of race distance at t0,69.4125,20.32,-5832.026666666614,True,7.800000000000068,False,False,,,,,,False,288.0,,True,False,2026-03-15 08:28:08.468,30.0,120.0,False,False,False
china_2026_R_01716,china_2026_R,LAW,HAD,2026-03-15 08:27:44.548,50,ON_TRACK_PASS,race-distance ordering and target DriverAhead both show the swap,23.774722222221953,4.48,-24.01694444444729,False,20.666666666666515,True,True,2026-03-15 08:27:49.308,4.76,4.76,4.76,4.76,False,271.0,-185.99999999999864,True,False,2026-03-15 08:28:14.548,30.0,120.0,False,False,False
china_2026_R_01717,china_2026_R,PER,BEA,2026-03-15 08:27:52.707,49,LAPPED_UNLAPPED,pair separated by -5855 m of race distance at t0,92.34499999999616,8.481,-5855.170833333395,True,14.5,False,False,,,,,,False,113.0,105.6379430159858,True,False,2026-03-15 08:28:22.707,30.0,120.0,False,False,False
china_2026_R_01718,china_2026_R,HAD,LAW,2026-03-15 08:28:07.268,50,ON_TRACK_PASS,race-distance ordering and target DriverAhead both show the swap,10.814444444444234,6.16,-10.572222222166602,False,19.433333333333394,True,True,2026-03-15 08:28:13.708,6.44,6.44,6.44,6.44,False,228.0,-107.00000000000841,True,False,2026-03-15 08:28:37.268,30.0,120.0,False,False,False
china_2026_R_01719,china_2026_R,LEC,HAM,2026-03-15 08:28:16.068,51,CLOSE_INTERACTION_NO_PASS,"valid close battle, no pairwise order change inside the horizon",99.68944444444412,6.24,-99.84166666667443,False,6.555555555555543,False,False,,,,,,False,98.0,66.85714285714296,True,False,2026-03-15 08:28:46.068,30.0,120.0,False,False,False
china_2026_R_01720,china_2026_R,COL,ANT,2026-03-15 08:28:23.188,50,LAPPED_UNLAPPED,pair separated by -5861 m of race distance at t0,98.43444444444413,3.24,-5861.048611111066,True,3.810277777777628,False,False,,,,,,False,125.0,20.91836734693757,True,False,2026-03-15 08:28:53.188,30.0,120.0,False,False,False
china_2026_R_01721,china_2026_R,LAW,HAD,2026-03-15 08:28:39.348,50,ON_TRACK_PASS,race-distance ordering and target DriverAhead both show the swap,21.263055555557003,5.28,-21.505277777730953,False,15.33333333333485,True,True,2026-03-15 08:28:44.988,5.64,5.64,5.64,5.64,False,303.0,-233.00000000001455,True,False,2026-03-15 08:29:09.348,30.0,120.0,False,False,False
china_2026_R_01722,china_2026_R,GAS,PER,2026-03-15 08:28:40.708,51,LAPPED_UNLAPPED,pair separated by 5750 m of race distance at t0,12.615555555555602,3.64,5749.840277777752,True,6.444444444444514,True,True,2026-03-15 08:28:44.628,3.92,3.92,3.92,3.92,False,306.0,-56.00000000000051,True,False,2026-03-15 08:29:10.708,30.0,120.0,False,False,False
china_2026_R_01723,china_2026_R,PER,GAS,2026-03-15 08:28:44.988,50,LAPPED_UNLAPPED,pair separated by -5775 m of race distance at t0,12.251111111111186,18.52,-5774.706944444391,True,9.866666666666788,True,True,2026-03-15 08:29:03.668,18.68,18.68,18.68,18.68,False,250.0,-90.0,True,False,2026-03-15 08:29:14.988,30.0,120.0,False,False,False
china_2026_R_01724,china_2026_R,HAD,LAW,2026-03-15 08:28:45.348,50,ON_TRACK_PASS,race-distance ordering and target DriverAhead both show the swap,11.68138888889007,3.88,-11.439166666707024,False,10.600000000000364,True,True,2026-03-15 08:28:49.548,4.2,4.2,4.2,4.2,False,221.0,-106.00000000000364,True,False,2026-03-15 08:29:15.348,30.0,120.0,False,False,False
china_2026_R_01725,china_2026_R,COL,ANT,2026-03-15 08:28:59.948,50,LAPPED_UNLAPPED,pair separated by -5857 m of race distance at t0,94.59027777778192,3.72,-5857.204444444389,True,7.822222222222081,False,False,,,,,,False,83.0,156.54591836734411,True,False,2026-03-15 08:29:29.948,30.0,120.0,False,False,False
china_2026_R_01726,china_2026_R,SAI,ANT,2026-03-15 08:29:14.868,51,LAPPED_UNLAPPED,pair separated by -5845 m of race distance at t0,81.81111111111113,18.281,-5844.828611111152,True,7.7972222222224445,False,False,,,,,,False,288.0,,True,False,2026-03-15 08:29:44.868,30.0,120.0,False,False,False
china_2026_R_01727,china_2026_R,COL,SAI,2026-03-15 08:29:18.268,51,CLOSE_INTERACTION_NO_PASS,"valid close battle, no pairwise order change inside the horizon",98.43694444444444,68.521,-98.43111111113103,False,12.799999999999955,False,False,,,,,,False,282.0,18.731707317073166,True,False,2026-03-15 08:29:48.268,30.0,120.0,False,False,False
china_2026_R_01728,china_2026_R,PER,GAS,2026-03-15 08:29:32.389,50,LAPPED_UNLAPPED,pair separated by -5852 m of race distance at t0,89.14916666666795,9.239,-5851.604999999981,True,11.977777777778101,False,False,,,,,,False,123.0,66.18427902134295,True,False,2026-03-15 08:30:02.389,30.0,120.0,False,False,False
china_2026_R_01729,china_2026_R,HUL,LIN,2026-03-15 08:29:42.628,51,ON_TRACK_PASS,race-distance ordering and target DriverAhead both show the swap,14.659444444444375,6.64,-13.601388888899237,False,12.933333333333394,True,True,2026-03-15 08:29:49.508,6.88,6.88,6.88,6.88,False,307.0,,True,False,2026-03-15 08:30:12.628,30.0,120.0,False,False,False
china_2026_R_01730,china_2026_R,GAS,BEA,2026-03-15 08:29:56.748,51,ON_TRACK_PASS,race-distance ordering and target DriverAhead both show the swap,83.46944444444034,3.56,-83.71500000002561,False,9.699999999999818,True,True,2026-03-15 08:30:22.188,25.44,26.16,25.44,26.16,False,64.0,217.34042553191838,True,False,2026-03-15 08:30:26.748,30.0,120.0,False,False,False
china_2026_R_01731,china_2026_R,LIN,HUL,2026-03-15 08:30:02.748,51,ON_TRACK_PASS,race-distance ordering and target DriverAhead both show the swap,19.396111111110486,12.2,-20.454166666662786,False,21.95555555555552,True,True,2026-03-15 08:30:15.268,12.52,12.52,12.52,12.52,False,235.0,-146.99999999999932,True,False,2026-03-15 08:30:32.748,30.0,120.0,False,False,False
china_2026_R_01732,china_2026_R,HUL,LIN,2026-03-15 08:30:15.868,51,ON_TRACK_PASS,race-distance ordering and target DriverAhead both show the swap,10.065833333334012,3.641,-9.007777777733281,False,8.177777777777465,True,True,2026-03-15 08:30:19.709,3.841,3.841,3.841,3.841,False,170.0,-58.8000000000011,True,False,2026-03-15 08:30:45.868,30.0,120.0,False,False,False
china_2026_R_01733,china_2026_R,BEA,GAS,2026-03-15 08:30:22.708,52,ON_TRACK_PASS,race-distance ordering and target DriverAhead both show the swap,10.091666666666356,5.96,-12.301111111126374,False,5.522222222222126,True,True,2026-03-15 08:30:29.108,6.4,6.4,6.4,6.4,False,133.0,-40.46153846153839,True,False,2026-03-15 08:30:52.708,30.0,120.0,False,False,False
china_2026_R_01734,china_2026_R,OCO,PER,2026-03-15 08:30:29.108,51,CLOSE_INTERACTION_NO_PASS,"valid close battle, no pairwise order change inside the horizon",97.29361111111098,4.96,-97.03166666667676,False,3.188888888888755,False,False,,,,,,False,104.0,55.84444444444466,True,False,2026-03-15 08:30:59.108,30.0,120.0,False,False,False
china_2026_R_01735,china_2026_R,COL,SAI,2026-03-15 08:30:37.068,51,CLOSE_INTERACTION_NO_PASS,"valid close battle, no pairwise order change inside the horizon",97.95444444444092,37.001,-97.94861111108912,False,12.116944444444016,False,False,,,,,,False,256.0,32.44897959183729,True,False,2026-03-15 08:31:07.068,30.0,120.0,False,False,False
china_2026_R_01736,china_2026_R,GAS,BEA,2026-03-15 08:30:37.468,52,CLOSE_INTERACTION_NO_PASS,"valid close battle, no pairwise order change inside the horizon; the pair did swap 55.9 s after t0, outside it",93.56750000000102,6.28,-91.35805555555271,False,13.200000000000045,False,False,,,55.921,55.921,55.921,True,107.0,94.85999999999967,True,False,2026-03-15 08:31:07.468,30.0,120.0,False,False,False
china_2026_R_01737,china_2026_R,HUL,LIN,2026-03-15 08:30:52.869,51,ON_TRACK_PASS,race-distance ordering and target DriverAhead both show the swap,30.309444444449582,5.88,-29.25138888892252,False,27.111111111110404,True,True,2026-03-15 08:30:58.989,6.12,6.12,6.12,6.12,False,309.0,-243.99999999999363,True,False,2026-03-15 08:31:22.869,30.0,120.0,False,False,False
china_2026_R_01738,china_2026_R,LIN,HUL,2026-03-15 08:30:59.429,51,ON_TRACK_PASS,race-distance ordering and target DriverAhead both show the swap,12.305833333329247,8.959,-13.363888888910878,False,15.777777777777374,True,True,2026-03-15 08:31:02.388,2.959,2.959,2.959,2.959,False,230.0,-86.45454545454496,True,False,2026-03-15 08:31:29.429,30.0,120.0,False,False,False
china_2026_R_01739,china_2026_R,SAI,ANT,2026-03-15 08:31:01.708,52,INVALID,no causal target sample at t0,98.37111111111085,6.2,,False,8.000000000000114,False,False,,,,,,False,,156.6278713629405,False,False,2026-03-15 08:31:31.708,30.0,120.0,False,False,False
china_2026_R_01740,china_2026_R,OCO,PER,2026-03-15 08:31:14.948,51,CLOSE_INTERACTION_NO_PASS,"valid close battle, no pairwise order change inside the horizon",95.40194444444023,3.801,-95.14000000001397,False,2.66666666666697,False,False,,,,,,False,94.0,122.63731865933006,True,False,2026-03-15 08:31:44.948,30.0,120.0,False,False,False
china_2026_R_01741,china_2026_R,COL,SAI,2026-03-15 08:31:19.789,52,INVALID,"race state not green at t0 (TrackStatus=12, freeze=False)",98.86388888888973,6.44,-98.61138888885034,False,9.000000000000227,False,False,,,,,,False,185.0,24.519999999999666,False,False,2026-03-15 08:31:49.789,30.0,120.0,False,False,False
china_2026_R_01742,china_2026_R,BEA,GAS,2026-03-15 08:31:33.389,52,ON_TRACK_PASS,race-distance ordering and target DriverAhead both show the swap,10.880000000002838,4.6,-13.089444444456603,False,26.033333333333758,True,True,2026-03-15 08:31:38.389,5.0,5.0,5.0,5.0,False,289.0,,True,False,2026-03-15 08:32:03.389,30.0,120.0,False,False,False
china_2026_R_01743,china_2026_R,GAS,BEA,2026-03-15 08:31:38.629,52,ON_TRACK_PASS,race-distance ordering and target DriverAhead both show the swap,12.761111111107311,9.439,-10.551666666637175,False,10.633333333333212,True,True,2026-03-15 08:31:42.548,3.919,3.919,3.919,3.919,False,214.0,-81.00000000000819,True,False,2026-03-15 08:32:08.629,30.0,120.0,False,False,False
china_2026_R_01744,china_2026_R,LIN,HUL,2026-03-15 08:31:39.109,52,INVALID,"race state not green at t0 (TrackStatus=12, freeze=False)",10.951388888888005,3.439,-10.992499999993015,False,29.90000000000009,True,True,2026-03-15 08:32:05.109,26.0,26.0,26.0,26.0,False,196.0,-119.00000000000006,False,False,2026-03-15 08:32:09.109,30.0,120.0,False,False,False
china_2026_R_01745,china_2026_R,COL,SAI,2026-03-15 08:31:49.948,52,INVALID,"race state not green at t0 (TrackStatus=12, freeze=False)",93.14777777778045,7.641,-92.89527777780313,False,4.400000000000091,False,False,,,,,,False,142.0,45.21276595744807,False,False,2026-03-15 08:32:19.948,30.0,120.0,False,False,False
china_2026_R_01746,china_2026_R,OCO,PER,2026-03-15 08:32:01.029,52,INVALID,"race state not green at t0 (TrackStatus=12, freeze=False)",98.52027777777772,92.0,-99.35277777776355,False,9.531666666666752,False,False,,,92.28,92.76,92.76,True,205.0,52.53191489361725,False,False,2026-03-15 08:32:31.029,30.0,120.0,False,False,False
china_2026_R_01747,china_2026_R,LIN,HUL,2026-03-15 08:32:10.069,52,INVALID,"race state not green at t0 (TrackStatus=12, freeze=False)",11.463055555553183,3.6,-11.504166666709352,False,9.555555555555657,True,True,2026-03-15 08:32:30.189,20.12,20.12,20.12,20.12,False,170.0,-64.1631477927065,False,False,2026-03-15 08:32:40.069,30.0,120.0,False,False,False
china_2026_R_01748,china_2026_R,HUL,LIN,2026-03-15 08:32:30.469,52,INVALID,"race state not green at t0 (TrackStatus=12, freeze=False)",20.65444444444529,4.519,-20.613333333283663,False,27.777777777776464,True,True,2026-03-15 08:32:35.308,4.839,4.839,4.839,4.839,False,311.0,-246.99999999999557,False,False,2026-03-15 08:33:00.469,30.0,120.0,False,False,False
china_2026_R_01749,china_2026_R,COL,SAI,2026-03-15 08:32:32.069,53,CLOSE_INTERACTION_NO_PASS,"valid close battle, no pairwise order change inside the horizon",56.02499999999999,52.64,-55.863611111126374,False,9.333333333333371,False,False,,,,,,False,260.0,228.14521276596187,True,False,2026-03-15 08:33:02.069,30.0,120.0,False,False,False
china_2026_R_01750,china_2026_R,GAS,BEA,2026-03-15 08:32:44.629,53,INVALID,"race state not green at t0 (TrackStatus=12, freeze=False)",98.07499999999982,3.799,-94.96666666667443,False,4.66666666666697,False,False,,,,,,False,93.0,152.2654081066078,False,False,2026-03-15 08:33:14.629,30.0,120.0,False,False,False
china_2026_R_01751,china_2026_R,LIN,HUL,2026-03-15 08:32:54.389,53,CLOSE_INTERACTION_NO_PASS,"valid close battle, no pairwise order change inside the horizon; the pair did swap 73.9 s after t0, outside it",94.8072222222221,11.8,-94.86388888885267,False,12.888888888888914,False,False,,,73.88,73.88,73.88,True,124.0,103.76190476190523,True,False,2026-03-15 08:33:24.389,30.0,120.0,False,False,False
china_2026_R_01752,china_2026_R,GAS,BEA,2026-03-15 08:33:18.309,53,INVALID,"race state not green at t0 (TrackStatus=12, freeze=False)",96.3302777777808,3.08,-93.22194444446359,False,8.700000000000728,False,False,,,,,,False,153.0,30.086956521739054,False,False,2026-03-15 08:33:48.309,30.0,120.0,False,False,False
china_2026_R_01753,china_2026_R,LIN,HUL,2026-03-15 08:33:26.029,53,CLOSE_INTERACTION_NO_PASS,"valid close battle, no pairwise order change inside the horizon; the pair did swap 42.2 s after t0, outside it",97.54500000000053,10.84,-97.60166666668374,False,8.266666666666879,False,False,,,42.24,42.24,42.24,True,180.0,38.26666666666824,True,False,2026-03-15 08:33:56.029,30.0,120.0,False,False,False
china_2026_R_01754,china_2026_R,COL,SAI,2026-03-15 08:33:27.389,53,CLOSE_INTERACTION_NO_PASS,"valid close battle, no pairwise order change inside the horizon",99.486388888889,10.44,-99.32500000001164,False,7.777777777777828,False,False,,,,,,False,240.0,5.166666666664811,True,False,2026-03-15 08:33:57.389,30.0,120.0,False,False,False
china_2026_R_01755,china_2026_R,PER,OCO,2026-03-15 08:33:33.789,53,CLOSE_INTERACTION_NO_PASS,"valid close battle, no pairwise order change inside the horizon",26.865000000000002,49.52,-26.799444444477558,False,13.288888888889005,False,False,,,,,,False,291.0,,True,False,2026-03-15 08:34:03.789,30.0,120.0,False,False,False
china_2026_R_01756,china_2026_R,HUL,LIN,2026-03-15 08:34:08.269,53,ON_TRACK_PASS,race-distance ordering and target DriverAhead both show the swap,14.286111111113314,3.68,-14.229444444470573,False,10.533333333333758,True,True,2026-03-15 08:34:12.389,4.12,4.12,4.12,4.12,False,315.0,,True,False,2026-03-15 08:34:38.269,30.0,120.0,False,False,False
china_2026_R_01757,china_2026_R,SAI,RUS,2026-03-15 08:34:11.109,54,LAPPED_UNLAPPED,pair separated by -5819 m of race distance at t0,56.30555555555556,19.92,-5819.473055555543,True,9.940000000000055,False,False,,,108.8,108.2,108.8,True,282.0,,True,False,2026-03-15 08:34:41.109,30.0,120.0,False,False,False
china_2026_R_01758,china_2026_R,COL,SAI,2026-03-15 08:34:11.949,54,CLOSE_INTERACTION_NO_PASS,"valid close battle, no pairwise order change inside the horizon",24.98444444444445,106.52,-25.267777777800802,False,30.491944444446837,False,False,,,,,,False,278.0,228.4920454545416,True,False,2026-03-15 08:34:41.949,30.0,120.0,False,False,False
china_2026_R_01759,china_2026_R,LIN,HUL,2026-03-15 08:34:12.669,53,UNCERTAIN,"only one of the two order-change signals fired (distance=True, driver_ahead=False)",11.469999999999345,10.64,-11.5266666666721,False,7.5,True,False,2026-03-15 08:34:33.229,20.56,20.56,117.081,117.081,True,186.0,-80.00000000000519,True,False,2026-03-15 08:34:42.669,30.0,120.0,False,False,False
china_2026_R_01760,china_2026_R,GAS,BEA,2026-03-15 08:34:21.309,54,CLOSE_INTERACTION_NO_PASS,"valid close battle, no pairwise order change inside the horizon",98.36083333333363,3.8,-98.64722222217824,False,4.293055555555384,False,False,,,,,,False,92.0,148.95918367347005,True,False,2026-03-15 08:34:51.309,30.0,120.0,False,False,False
china_2026_R_01761,china_2026_R,PER,OCO,2026-03-15 08:34:30.069,53,CLOSE_INTERACTION_NO_PASS,"valid close battle, no pairwise order change inside the horizon",96.34138888888901,6.48,-96.2758333333768,False,10.844444444444889,False,False,,,,,,False,105.0,123.3035815804452,True,False,2026-03-15 08:35:00.069,30.0,120.0,False,False,False
china_2026_R_01762,china_2026_R,LIN,HUL,2026-03-15 08:34:48.910,54,CLOSE_INTERACTION_NO_PASS,"valid close battle, no pairwise order change inside the horizon; the pair did swap 80.8 s after t0, outside it",98.7530555555561,7.279,-98.7491666667047,False,13.73472222222199,False,False,,,80.52,80.84,80.84,True,161.0,44.028245518740526,True,False,2026-03-15 08:35:18.910,30.0,120.0,False,False,False
china_2026_R_01763,china_2026_R,GAS,BEA,2026-03-15 08:35:10.829,55,CLOSE_INTERACTION_NO_PASS,"valid close battle, no pairwise order change inside the horizon",96.23916666666639,8.64,-96.23444444447523,False,5.866666666666674,False,False,,,,,,False,115.0,62.911364872213206,True,False,2026-03-15 08:35:40.829,30.0,120.0,False,False,False
china_2026_R_01764,china_2026_R,LIN,HUL,2026-03-15 08:35:18.949,54,CLOSE_INTERACTION_NO_PASS,"valid close battle, no pairwise order change inside the horizon; the pair did swap 50.8 s after t0, outside it",89.73027777778043,7.96,-89.72638888889924,False,12.055555555555657,False,False,,,50.481,50.801,50.801,True,109.0,91.11111111111131,True,False,2026-03-15 08:35:48.949,30.0,120.0,False,False,False
china_2026_R_01765,china_2026_R,RUS,SAI,2026-03-15 08:35:59.589,56,LAPPED_UNLAPPED,pair separated by 5741 m of race distance at t0,22.1586111111111,5.76,5740.624722222274,True,15.911111111110927,True,True,2026-03-15 08:36:05.629,6.04,6.04,6.04,6.04,False,294.0,-187.0000000000019,True,False,2026-03-15 08:36:29.589,30.0,120.0,False,False,False
china_2026_R_01766,china_2026_R,SAI,RUS,2026-03-15 08:36:14.270,55,LAPPED_UNLAPPED,pair separated by -5857 m of race distance at t0,93.84555555555517,5.559,-5856.628888888925,True,17.333333333333258,True,True,2026-03-15 08:36:16.390,2.12,2.12,2.12,2.12,False,87.0,160.52472670484195,True,False,2026-03-15 08:36:44.270,30.0,120.0,False,False,False
china_2026_R_01767,china_2026_R,GAS,BEA,2026-03-15 08:36:23.030,55,CLOSE_INTERACTION_NO_PASS,"valid close battle, no pairwise order change inside the horizon",87.95111111111237,5.88,-87.9463888888713,False,29.111111111111313,False,False,,,,,,False,69.0,228.804878048783,True,False,2026-03-15 08:36:53.030,30.0,120.0,False,False,False
china_2026_R_01768,china_2026_R,GAS,BEA,2026-03-15 08:37:04.989,56,CLOSE_INTERACTION_NO_PASS,"valid close battle, no pairwise order change inside the horizon",98.96416666666664,3.201,-99.15472222218523,False,13.866666666666788,False,False,,,,,,False,87.0,159.5416028586013,True,False,2026-03-15 08:37:34.989,30.0,120.0,False,False,False
china_2026_R_01769,china_2026_R,HUL,LIN,2026-03-15 08:37:06.270,55,CLOSE_INTERACTION_NO_PASS,"valid close battle, no pairwise order change inside the horizon",98.95444444444092,15.2,-98.7322222222574,False,20.111111111110404,False,False,,,,,,False,181.0,61.26472337894146,True,False,2026-03-15 08:37:36.270,30.0,120.0,False,False,False
china_2026_R_01770,china_2026_R,SAI,RUS,2026-03-15 08:37:10.030,55,LAPPED_UNLAPPED,pair separated by -5858 m of race distance at t0,95.01055555555376,4.4,-5857.793888888904,True,20.443055555554565,False,False,,,,,,False,97.0,248.63043478261005,True,True,2026-03-15 08:37:40.030,30.0,120.0,False,False,False
china_2026_R_01771,china_2026_R,GAS,BEA,2026-03-15 08:37:59.550,56,CLOSE_INTERACTION_NO_PASS,"valid close battle, no pairwise order change inside the horizon",81.44416666666439,4.959,-81.63472222222481,False,20.33333333333394,False,False,,,,,,False,69.0,228.98778456413262,True,False,2026-03-15 08:38:29.550,30.0,120.0,False,False,False
