Driver,LapNumber,D_lap,H_lap,n_valid_samples,freeze_flag,yellow_flag,thin_lap,IsAccurate,TrackStatus,mean_throttle,max_dt_used,calibration_set,EstimatedEnergyIndex,EstimatedEnergyIndex_end,EstimatedEnergyIndex_min,EstimatedEnergyIndex_max,n_clip_low,n_clip_high
NOR,1,3282.623775,8981.037037037036,361,False,False,False,False,1,53.11357340720222,0.84,False,0.9666518485396528,0.9666518485396528,0.9167598111838171,1.0,0,5
NOR,2,3418.294808333333,9242.586419753086,332,False,False,False,True,1,58.855421686746986,0.8,True,0.9618230267159074,0.9618230267159074,0.9129474426608465,1.0,0,3
NOR,3,3428.841222222222,8786.734567901232,332,False,False,False,True,1,60.92469879518072,0.881,True,0.9632207578924816,0.9632207578924816,0.9126718844971623,1.0,0,2
NOR,4,3619.6914583333337,8579.771604938273,329,False,False,False,True,1,63.80851063829788,0.879,True,0.9370825171650089,0.9370825171650089,0.8969430402269231,1.0,0,2
NOR,5,3421.780033333333,8029.124691358024,328,False,False,False,True,1,58.91768292682927,0.92,True,0.9478042711160318,0.9478042711160318,0.9180690543577387,1.0,0,2
NOR,6,3549.64663611111,7730.401851851851,323,False,False,False,True,1,60.60061919504644,0.92,True,0.9543995525448593,0.9543995525448593,0.9053440229095373,0.9995100837338747,0,0
NOR,7,3638.581238888889,8915.117901234567,308,False,False,False,True,1,62.701298701298704,0.999,True,0.964838267536841,0.964838267536841,0.9088325683671276,1.0,0,2
NOR,8,3547.0853888888887,9402.203703703708,307,False,False,False,True,1,64.41693811074919,0.88,True,0.9630775783324302,0.9630775783324302,0.9186414178331107,1.0,0,3
NOR,9,3484.5547194444443,9333.55061728395,325,False,False,False,True,1,62.86769230769231,0.96,True,0.9646646530468348,0.9646646530468348,0.9209615400851349,1.0,0,4
NOR,10,3660.788658333333,8762.524691358025,316,False,False,False,True,1,64.76582278481013,0.92,True,0.9575758926025963,0.9575758926025963,0.9100234406782839,1.0,0,2
NOR,11,0.0,0.0,379,True,False,False,False,16,52.20316622691293,0.761,False,0.9575758926025963,0.9575758926025963,0.9575758926025963,0.9575758926025963,0,0
NOR,12,0.0,0.0,439,True,False,False,False,6,32.55125284738041,1.0,False,0.9575758926025963,0.9575758926025963,0.9575758926025963,0.9575758926025963,0,0
NOR,13,0.0,0.0,426,True,False,False,False,671,40.755868544600936,0.88,False,0.9575758926025963,0.9575758926025963,0.9575758926025963,0.9575758926025963,0,0
NOR,14,3639.0740916666655,8193.336419753086,306,False,False,False,True,1,63.16339869281046,0.76,True,0.9505825550828048,0.9505825550828048,0.8999193733990157,1.0,0,2
NOR,15,3678.815619444445,7673.30061728395,325,False,False,False,True,1,63.932307692307695,1.0,True,0.9382739413385459,0.9382739413385459,0.8962388937243738,1.0,0,1
NOR,16,3490.1915638888886,7392.007407407407,311,False,False,False,True,1,63.938906752411576,1.0,True,0.9314780907239287,0.9314780907239287,0.8947698159977907,1.0,0,1
NOR,17,3600.4379750000003,7974.515432098767,304,False,False,False,True,1,64.01644736842105,0.92,True,0.9424726834942767,0.9424726834942767,0.8939390959073006,0.9893845742490451,0,0
NOR,18,0.0,0.0,348,True,False,False,False,126,47.53735632183908,0.96,False,0.9424726834942767,0.9424726834942767,0.9424726834942767,0.9424726834942767,0,0
NOR,19,0.0,0.0,438,True,False,False,False,67,29.35388127853881,0.881,False,0.9424726834942767,0.9424726834942767,0.9424726834942767,0.9424726834942767,0,0
NOR,20,0.0,0.0,322,True,False,False,False,71,63.22049689440994,0.84,False,0.9424726834942767,0.9424726834942767,0.9424726834942767,0.9424726834942767,0,0
NOR,21,3661.139036111111,7895.917901234567,314,False,False,False,True,1,64.03503184713375,0.96,True,0.9294652363884656,0.9294652363884656,0.8984616485688458,1.0,0,1
NOR,22,3803.177313888889,7054.046296296297,300,False,False,False,True,1,67.54333333333334,1.0,True,0.8969168078391299,0.8969168078391299,0.8673363622430426,0.9918720690757132,0,0
NOR,23,3665.257519444445,6458.691975308642,297,False,False,False,True,1,66.35353535353535,1.0,True,0.8545995819357896,0.8545995819357896,0.8156835569544822,0.9371610670718611,0,0
NOR,24,3785.139061111112,7660.356790123456,306,False,False,False,True,1,67.95751633986929,1.0,True,0.8428358737459346,0.8428358737459346,0.8134222976339547,0.9247761479067002,0,0
NOR,25,3851.7364055555554,7238.813580246914,309,False,False,False,True,1,66.20711974110033,0.72,True,0.8129256538293849,0.8129256538293849,0.7926807292788393,0.9047969653999246,0,0
NOR,26,3796.8396361111113,6902.043827160492,314,False,False,False,True,1,68.59235668789809,0.96,True,0.775908955330329,0.775908955330329,0.7404529377965784,0.8468524623806807,0,0
NOR,27,3798.166966666666,7712.567283950617,321,False,False,False,True,1,64.74766355140187,0.961,True,0.7649381608993269,0.7649381608993269,0.7320610495246893,0.8300356569021993,0,0
NOR,28,3645.812052777778,7312.8679012345665,312,False,False,False,True,1,65.70192307692308,0.88,True,0.7514946899062672,0.7514946899062672,0.7105425150136551,0.8062136227994695,0,0
NOR,29,3841.768658333333,8122.533950617284,312,False,False,False,True,1,65.84615384615384,0.84,True,0.7507629559295241,0.7507629559295241,0.7103066353209148,0.8233972481200315,0,0
NOR,30,3788.883636111111,7878.096913580246,322,False,False,False,True,1,67.38509316770187,0.919,True,0.7457646222830239,0.7457646222830239,0.7117052623619256,0.8192182012486033,0,0
NOR,31,3680.235561111111,7666.526543209879,305,False,False,False,True,1,65.65245901639344,0.879,True,0.741371966543631,0.741371966543631,0.7011369121474359,0.7978887275719726,0,0
NOR,32,3807.13755,7087.691975308641,306,False,False,False,True,1,67.15032679738562,0.84,True,0.7096377422827214,0.7096377422827214,0.677067221147471,0.7858267461462741,0,0
NOR,33,3773.7230611111113,7689.306790123457,322,False,False,False,True,1,66.43478260869566,0.96,True,0.6995880692963826,0.6995880692963826,0.6707904297557026,0.788946506089268,0,0
NOR,34,0.0,0.0,411,True,False,False,False,167,42.42335766423358,0.8,False,0.6995880692963826,0.6995880692963826,0.6995880692963826,0.6995880692963826,0,0
NOR,35,0.0,0.0,332,True,False,False,False,1,61.68975903614458,0.84,False,0.6995880692963826,0.6995880692963826,0.6995880692963826,0.6995880692963826,0,0
NOR,36,3699.1720277777777,6913.558641975309,308,False,False,False,True,1,62.85064935064935,0.881,True,0.669620076168595,0.669620076168595,0.6461752067729447,0.7565493747327735,0,0
NOR,37,3694.026422222222,8518.74074074074,305,False,False,False,True,1,65.38688524590164,0.92,True,0.6917655971409845,0.6917655971409845,0.6313582439616814,0.7291277048384461,0,0
NOR,38,3625.792775,9247.333333333332,323,False,False,False,True,1,63.0,0.8,True,0.7420708099441867,0.7420708099441867,0.6825733335586046,0.8005317104924011,0,0
NOR,39,3694.726519444445,7434.608641975308,312,False,False,False,True,1,64.8076923076923,0.92,True,0.7292088573644689,0.7292088573644689,0.7005747555385594,0.8135416054490388,0,0
NOR,40,3786.003508333333,7382.301234567901,321,False,False,False,True,1,66.2834890965732,0.92,True,0.7084196929821005,0.7084196929821005,0.667014039342393,0.7773110177753858,0,0
NOR,41,3791.015997222223,7464.342592592591,327,False,False,False,True,1,65.3302752293578,0.68,True,0.6899333895625247,0.6899333895625247,0.6524349158803058,0.7665231926771866,0,0
NOR,42,3716.695125,7393.657407407407,309,False,False,False,True,1,68.76051779935275,1.0,True,0.6742489361930727,0.6742489361930727,0.6391104239328635,0.7557831185207441,0,0
NOR,43,3807.399925,7789.641975308642,316,False,False,False,True,1,66.3006329113924,0.88,True,0.6651322971359335,0.6651322971359335,0.626452516111639,0.7389580068507722,0,0
NOR,44,3808.327558333333,6769.364814814815,305,False,False,False,True,1,66.8,0.48,True,0.6230517349177607,0.6230517349177607,0.610682334506419,0.7321918919342016,0,0
NOR,45,3862.213761111111,6880.916666666666,313,False,False,False,True,1,67.66453674121406,0.92,True,0.5808842234433126,0.5808842234433126,0.5757722277866196,0.6996327409809666,0,0
NOR,46,3696.4724166666665,7883.156172839506,298,False,False,False,True,1,65.37919463087249,0.52,True,0.5823670536313245,0.5823670536313245,0.5369730485753501,0.6460829518303894,0,0
NOR,47,3751.885222222222,8051.6518518518515,311,False,False,False,True,1,66.40192926045016,0.999,True,0.5854948096109017,0.5854948096109017,0.5546498471334567,0.6606104977493926,0,0
NOR,48,3819.3746555555554,6081.348765432098,305,False,False,False,True,1,67.3016393442623,1.0,True,0.5204727731119196,0.5204727731119196,0.48234344279871044,0.5902906916317698,0,0
NOR,49,3748.645025,7381.2870370370365,307,False,False,False,True,1,67.9413680781759,0.72,True,0.5022050490791412,0.5022050490791412,0.47512599295850527,0.5816786073541778,0,0
NOR,50,3985.505933333333,6500.225308641975,295,False,False,False,True,1,70.55932203389831,0.8,True,0.4393322181538924,0.4393322181538924,0.4209141410893223,0.5447142067487117,0,0
NOR,51,3703.645005555555,7173.493209876544,304,False,False,False,True,1,66.9967105263158,0.8,True,0.41744042846449686,0.41744042846449686,0.3751362588428464,0.5106247335523677,0,0
NOR,52,3956.1843694444447,7343.544444444446,299,False,False,False,True,1,67.76588628762542,0.961,True,0.3837664718389416,0.3837664718389416,0.3581120266199358,0.4846739176389858,0,0
NOR,53,3783.885513888889,5267.335185185186,306,False,False,False,True,1,65.68300653594771,0.961,True,0.29492157954989096,0.29492157954989096,0.25995759578792865,0.3993124499795563,0,0
NOR,54,3788.649213888889,6702.922839506173,304,False,False,False,True,1,67.0032894736842,0.959,True,0.2520438669944693,0.2520438669944693,0.2159007706353247,0.35175959853581745,0,0
NOR,55,3869.8122527777778,8368.064814814814,307,False,False,False,True,1,66.61237785016287,0.96,True,0.2573123769732031,0.2573123769732031,0.21601317535637551,0.3269786636560461,0,0
NOR,56,3763.975494444445,7192.422839506171,313,False,False,False,True,1,65.20447284345047,0.76,True,0.23190629689828365,0.23190629689828365,0.1933378461949326,0.31189973155060496,0,0
NOR,57,3594.028555555556,8225.938271604937,315,False,False,False,True,1,64.43174603174603,0.48,True,0.25144663209678036,0.25144663209678036,0.2175792992865529,0.3219879658130978,0,0
NOR,58,3826.209983333333,7724.443209876543,298,False,False,False,True,1,66.43959731543625,0.96,True,0.23894153629169843,0.23894153629169843,0.21377409256288646,0.3312355431925949,0,0
GAS,1,3557.133519444444,9839.445679012346,365,False,False,False,False,1,59.53150684931507,0.84,False,0.964018162641419,0.964018162641419,0.9213256710965799,1.0,0,8
GAS,2,3638.451411111111,7590.706172839507,333,False,False,False,True,1,64.61861861861861,0.8,True,0.9527469868220402,0.9527469868220402,0.9223397957789006,1.0,0,1
GAS,3,3354.0670638888887,7668.072222222221,304,False,False,False,True,1,63.64473684210526,0.881,True,0.9471557493542139,0.9471557493542139,0.8875039213571773,1.0,0,1
GAS,4,3247.069383333333,5916.253086419752,290,False,False,False,True,1,66.85862068965517,0.879,True,0.9159376067114204,0.9159376067114204,0.8706637391249896,0.9473814916238038,0,0
GAS,6,3518.0626722222223,8455.664197530865,314,False,False,False,True,1,65.82165605095541,0.92,True,0.9480795055379728,0.9480795055379728,0.8908238159377782,0.98466568447949,0,0
GAS,7,3624.658655555556,9131.493209876548,300,False,False,False,True,1,66.35,0.999,True,0.9569722753948926,0.9569722753948926,0.9236651734231155,1.0,0,2
GAS,8,3013.726930555556,9093.104938271606,277,False,False,False,True,1,64.12996389891697,0.88,True,0.971946490076178,0.971946490076178,0.9162630432985713,1.0,0,3
GAS,9,3468.1794111111108,9616.735185185187,311,False,False,False,True,1,63.942122186495176,0.96,True,0.9664799637736012,0.9664799637736012,0.9274059167353119,1.0,0,3
GAS,10,3533.001338888889,6884.08950617284,297,False,False,False,True,1,66.75084175084174,0.92,True,0.9333595394059881,0.9333595394059881,0.8747762607120977,1.0,0,1
GAS,11,0.0,0.0,358,True,False,False,False,16,54.87150837988827,0.52,False,0.9333595394059881,0.9333595394059881,0.9333595394059881,0.9333595394059881,0,0
GAS,12,0.0,0.0,437,True,False,False,False,6,42.8558352402746,1.0,False,0.9333595394059881,0.9333595394059881,0.9333595394059881,0.9333595394059881,0,0
GAS,13,0.0,0.0,420,True,False,False,False,671,48.364285714285714,0.88,False,0.9333595394059881,0.9333595394059881,0.9333595394059881,0.9333595394059881,0,0
GAS,14,3706.783552777778,7397.698765432099,310,False,False,False,True,1,68.9483870967742,0.76,True,0.9184830459019709,0.9184830459019709,0.8606817478583073,0.9580848429688555,0,0
GAS,15,3502.488513888889,6282.293209876543,301,False,False,False,True,1,66.61794019933555,1.0,True,0.8816058324871474,0.8816058324871474,0.8705658054091334,0.989494081260355,0,0
GAS,16,3725.192319444445,7114.426543209878,298,False,False,False,True,1,71.00335570469798,1.0,True,0.8563361834282894,0.8563361834282894,0.819019084466457,0.9359760796505205,0,0
GAS,17,3586.251975,9521.420370370372,302,False,False,False,True,1,66.20860927152317,0.92,True,0.9181831266758776,0.9181831266758776,0.8471288787680392,0.9559975359173821,0,0
GAS,18,0.0,0.0,364,True,False,False,False,126,52.72802197802198,0.76,False,0.9181831266758776,0.9181831266758776,0.9181831266758776,0.9181831266758776,0,0
GAS,19,0.0,0.0,419,True,False,False,False,671,43.95465393794749,0.881,False,0.9181831266758776,0.9181831266758776,0.9181831266758776,0.9181831266758776,0,0
GAS,20,3686.608422222223,8975.404938271604,327,False,False,False,True,1,64.4862385321101,0.84,True,0.9494109410107283,0.9494109410107283,0.9048204811658328,1.0,0,1
GAS,21,3699.247325,8569.32716049383,312,False,False,False,True,1,66.07371794871794,0.96,True,0.927059607684895,0.927059607684895,0.9119695674345908,1.0,0,1
GAS,22,3608.731966666667,6683.703703703703,289,False,False,False,True,1,69.76124567474048,1.0,True,0.8958628214811687,0.8958628214811687,0.8530636878458364,0.9799887889791673,0,0
GAS,23,3551.4653916666666,9049.820987654322,288,False,False,False,True,1,68.18402777777777,1.0,True,0.9448805807056628,0.9448805807056628,0.886970353928158,0.9845777678450938,0,0
GAS,24,3532.8961972222223,6002.614197530866,294,False,False,False,True,1,70.79251700680273,1.0,True,0.8969057322895496,0.8969057322895496,0.8820721585272225,0.9892794515438142,0,0
GAS,25,3470.600377777778,7827.652469135803,304,False,False,False,True,1,65.6217105263158,0.72,True,0.9120412955355084,0.9120412955355084,0.8758954249709009,0.9775412472157009,0,0
GAS,26,3494.531436111111,6864.078395061729,301,False,False,False,True,1,66.99335548172758,0.96,True,0.8944687087017652,0.8944687087017652,0.8712839011806343,0.9927511485634772,0,0
GAS,27,3634.4933527777775,7206.163580246913,302,False,False,False,True,1,70.65894039735099,0.961,True,0.8783582256728478,0.8783582256728478,0.8637039120459208,0.9781310685855457,0,0
GAS,28,3705.2961277777777,9126.312345679013,315,False,False,False,True,1,67.21269841269842,0.88,True,0.9193253913929712,0.9193253913929712,0.8669069972999578,0.9651473782350816,0,0
GAS,29,3620.490819444444,8324.886419753086,289,False,False,False,True,1,70.01730103806229,0.919,True,0.932704583154558,0.932704583154558,0.8888044030820649,1.0,0,2
GAS,30,3866.948327777777,9688.24938271605,329,False,False,False,True,1,67.7872340425532,0.84,True,0.9627385635236029,0.9627385635236029,0.9049126877180119,1.0,0,1
GAS,31,3775.7344833333336,8283.075308641975,306,False,False,False,True,1,68.140522875817,0.879,True,0.9527446913462535,0.9527446913462535,0.911706474719935,1.0,0,2
GAS,32,3691.415938888889,9171.372839506172,318,False,False,False,True,1,64.60691823899371,0.84,True,0.9552156608925974,0.9552156608925974,0.9167538697525035,1.0,0,2
GAS,33,0.0,0.0,341,True,False,False,False,16,58.205278592375365,0.96,False,0.9552156608925974,0.9552156608925974,0.9552156608925974,0.9552156608925974,0,0
GAS,34,0.0,0.0,336,True,False,False,False,671,63.79761904761905,0.8,False,0.9552156608925974,0.9552156608925974,0.9552156608925974,0.9552156608925974,0,0
GAS,35,3751.192158333333,9421.092592592591,315,False,False,False,True,1,67.34285714285714,0.84,True,0.9523613769590109,0.9523613769590109,0.9131526758416231,1.0,0,3
GAS,36,3796.502975,10726.671604938272,312,False,False,False,True,1,66.3076923076923,0.881,True,0.9632036381378165,0.9632036381378165,0.9145431019466678,1.0,0,4
GAS,37,3798.0240305555553,9518.981481481482,319,False,False,False,True,1,66.66771159874608,0.92,True,0.9627740565976866,0.9627740565976866,0.9234144041431873,1.0,0,3
GAS,38,3837.823211111111,10482.07098765432,327,False,False,False,True,1,68.12538226299694,0.92,True,0.9618435940605067,0.9618435940605067,0.9134452172096957,1.0,0,4
GAS,39,3765.010952777778,8552.124691358025,316,False,False,False,True,1,66.70253164556962,0.92,True,0.9569991352716861,0.9569991352716861,0.9192606866429861,1.0,0,2
GAS,40,3780.559475,10193.827160493827,336,False,False,False,True,1,65.47321428571429,0.88,True,0.9632361128124839,0.9632361128124839,0.9133098536597475,1.0,0,3
GAS,41,3786.532666666667,8605.60185185185,327,False,False,False,True,1,67.4954128440367,0.68,True,0.9338960031704001,0.9338960031704001,0.901631872815734,1.0,0,2
GAS,42,3770.026697222222,8435.387654320988,305,False,False,False,True,1,69.41311475409836,1.0,True,0.9300154410717423,0.9300154410717423,0.8822473853744381,1.0,0,1
GAS,43,3883.3611277777777,8110.070987654321,317,False,False,False,True,1,69.89589905362776,0.88,True,0.9260382022783878,0.9260382022783878,0.8792869632525777,0.9976702361877421,0,0
GAS,44,3984.5227305555554,9527.185185185182,313,False,False,False,True,1,68.50159744408946,0.48,True,0.9547981339937139,0.9547981339937139,0.9090936696573143,1.0,0,1
GAS,45,3650.866155555556,9788.16975308642,321,False,False,False,True,1,64.87227414330218,0.92,True,0.9657355380994662,0.9657355380994662,0.9240606014905781,1.0,0,4
GAS,46,3687.578502777778,7312.817901234569,301,False,False,False,True,1,69.04651162790698,0.999,True,0.9137889952293612,0.9137889952293612,0.8821859435468015,1.0,0,2
GAS,47,3774.121144444444,10178.327160493824,322,False,False,False,True,1,66.6024844720497,0.52,True,0.9629886232708841,0.9629886232708841,0.9003870909867739,1.0,0,2
GAS,48,3658.9653527777778,8921.19074074074,292,False,False,False,True,1,71.70547945205479,1.0,True,0.9406928989664425,0.9406928989664425,0.895669940849012,1.0,0,3
GAS,49,3811.666183333333,9795.577160493827,303,False,False,False,True,1,69.71947194719472,0.681,True,0.9640041588661663,0.9640041588661663,0.9131955284801959,1.0,0,3
GAS,50,3944.1076916666666,9023.287037037036,313,False,False,False,True,1,68.61980830670926,0.8,True,0.9496452442603089,0.9496452442603089,0.9136983685014596,1.0,0,2
GAS,51,3643.508880555556,9283.773456790124,312,False,False,False,True,1,67.18910256410257,0.96,True,0.9631207904574125,0.9631207904574125,0.9039902686497785,1.0,0,2
GAS,52,3533.0699083333334,8331.016049382715,296,False,False,False,True,1,66.50675675675676,0.961,True,0.937786727733057,0.937786727733057,0.8806923993522873,1.0,0,2
GAS,53,3486.188516666667,8394.95925925926,289,False,False,False,True,1,69.88581314878893,0.879,True,0.9490696744096536,0.9490696744096536,0.8949057289603525,1.0,0,2
GAS,54,3958.552277777778,9289.156172839505,315,False,False,False,True,1,68.93015873015872,0.959,True,0.9315091777870251,0.9315091777870251,0.898467022578957,1.0,0,2
GAS,55,3686.4786027777777,8381.349999999999,297,False,False,False,True,1,70.17845117845118,0.96,True,0.9317522724207561,0.9317522724207561,0.8870291912611802,1.0,0,2
GAS,56,3708.2317388888887,8162.277160493829,306,False,False,False,True,1,71.41176470588235,0.48,True,0.9165018674031603,0.9165018674031603,0.873799539698472,1.0,0,1
GAS,57,3656.82755,8412.088888888888,285,False,False,False,True,1,70.2701754385965,0.96,True,0.9368272585261381,0.9368272585261381,0.8807660181924254,1.0,0,1
PER,1,3453.5008111111115,10519.920370370372,383,False,False,False,False,1,55.16710182767624,0.84,False,0.964636832180415,0.964636832180415,0.9223313365542476,1.0,0,8
PER,2,3443.858858333333,9424.611111111111,340,False,False,False,True,1,61.13529411764706,0.881,True,0.9587649409386744,0.9587649409386744,0.9252883378278951,1.0,0,4
PER,3,3676.461327777778,9641.543827160494,333,False,False,False,True,1,63.771771771771775,0.8,True,0.9421390758541449,0.9421390758541449,0.9125661231207766,1.0,0,2
PER,4,3758.171719444445,9006.643209876544,335,False,False,False,True,1,66.64477611940299,0.879,True,0.9683287889465171,0.9683287889465171,0.9085384290593534,1.0,0,2
PER,5,3794.499186111111,7830.462962962962,338,False,False,False,True,1,65.91124260355029,0.92,True,0.948216227270246,0.948216227270246,0.9009287001410096,1.0,0,1
PER,6,3695.8828833333337,8676.357407407406,333,False,False,False,True,1,64.81681681681681,0.92,True,0.9505728778504133,0.9505728778504133,0.9184576466378049,1.0,0,1
PER,7,3920.958238888889,8621.987654320988,316,False,False,False,True,1,66.80379746835443,0.999,True,0.931109586418394,0.931109586418394,0.9115805888396489,1.0,0,2
PER,8,3813.004538888889,8192.583333333334,316,False,False,False,True,1,68.70886075949367,0.88,True,0.9346032698437486,0.9346032698437486,0.897891073397323,0.9874492369228438,0,0
PER,9,3851.2533222222223,7836.172222222221,324,False,False,False,True,1,67.78086419753086,0.96,True,0.9239888819832697,0.9239888819832697,0.8947126104012214,0.9909363544368306,0,0
PER,10,3992.8817972222223,8168.875308641975,330,False,False,False,True,1,69.28787878787878,0.92,True,0.9144201166874284,0.9144201166874284,0.8821962750747036,0.9917733377410206,0,0
PER,11,0.0,0.0,360,True,False,False,False,16,52.05555555555556,0.52,False,0.9144201166874284,0.9144201166874284,0.9144201166874284,0.9144201166874284,0,0
PER,12,0.0,0.0,431,True,False,False,False,6,36.98375870069606,1.0,False,0.9144201166874284,0.9144201166874284,0.9144201166874284,0.9144201166874284,0,0
PER,13,0.0,0.0,420,True,False,False,False,671,44.43571428571428,0.88,False,0.9144201166874284,0.9144201166874284,0.9144201166874284,0.9144201166874284,0,0
PER,14,3927.294377777777,8362.580246913582,318,False,False,False,True,1,70.59119496855345,0.76,True,0.8959212251733889,0.8959212251733889,0.8609503973466893,1.0,0,1
PER,15,3867.9258916666663,7244.985802469135,341,False,False,False,True,1,66.33137829912023,1.0,True,0.865103187175689,0.865103187175689,0.836495086678164,0.9375791336457896,0,0
PER,16,3672.774727777778,9365.448148148149,334,False,False,False,True,1,67.67664670658682,1.0,True,0.916005117637846,0.916005117637846,0.8579486022230307,0.9813666651520243,0,0
PER,17,3718.245766666667,9247.549382716046,328,False,False,False,True,1,66.46646341463415,0.92,True,0.9599964216378256,0.9599964216378256,0.8970765653224204,0.9970606804797999,0,0
PER,18,0.0,0.0,456,True,False,False,False,126,40.13377192982456,0.96,False,0.9599964216378256,0.9599964216378256,0.9599964216378256,0.9599964216378256,0,0
PER,19,0.0,0.0,394,True,False,False,False,671,55.82233502538071,0.881,False,0.9599964216378256,0.9599964216378256,0.9599964216378256,0.9599964216378256,0,0
PER,20,3871.367358333333,8720.083333333332,319,False,False,False,True,1,68.2257053291536,0.92,True,0.9378770544749744,0.9378770544749744,0.9001599426773857,1.0,0,2
PER,21,3836.5150722222224,8409.873456790123,324,False,False,False,True,1,67.50308641975309,0.96,True,0.9270570806245361,0.9270570806245361,0.9036634833934808,1.0,0,2
PER,22,3465.766975,8673.021604938273,318,False,False,False,True,1,61.02201257861636,1.0,True,0.9652361438772277,0.9652361438772277,0.9079077948813405,1.0,0,1
PER,23,3765.977144444444,9502.006172839505,318,False,False,False,True,1,65.95597484276729,1.0,True,0.9515560945532054,0.9515560945532054,0.9119463623715401,1.0,0,3
PER,24,3472.122019444444,9192.015432098766,329,False,False,False,True,1,60.08206686930091,0.72,True,0.9640666811324814,0.9640666811324814,0.9247957302842398,1.0,0,3
PER,25,3960.286702777778,8390.854320987655,325,False,False,False,True,1,69.27692307692308,0.96,True,0.9154600214289171,0.9154600214289171,0.8826663997300968,1.0,0,2
PER,26,3908.033783333333,9732.641358024692,340,False,False,False,True,1,67.85588235294118,0.961,True,0.9527296706084057,0.9527296706084057,0.9022702115773089,1.0,0,3
PER,27,3654.3030027777777,8594.567901234568,326,False,False,False,True,1,65.19325153374233,0.88,True,0.9435334667226982,0.9435334667226982,0.8932660392945098,1.0,0,2
PER,28,3730.619711111111,9319.59074074074,332,False,False,False,True,1,64.81024096385542,0.84,True,0.9531644246193064,0.9531644246193064,0.9013932714230027,1.0,0,1
PER,29,3962.773472222222,8279.428395061728,335,False,False,False,True,1,67.68955223880597,0.919,True,0.9316608554720235,0.9316608554720235,0.8988699055361953,1.0,0,1
PER,30,3778.196669444444,9330.188271604937,316,False,False,False,True,1,66.52848101265823,0.879,True,0.9533659432668847,0.9533659432668847,0.915847460934869,1.0,0,1
PER,31,3533.250833333333,9014.496296296296,334,False,False,False,True,1,62.86826347305389,0.84,True,0.962969211164627,0.962969211164627,0.9123108996396604,1.0,0,3
PER,32,0.0,0.0,353,True,False,False,False,16,59.81303116147309,0.96,False,0.962969211164627,0.962969211164627,0.962969211164627,0.962969211164627,0,0
PER,33,0.0,0.0,344,True,False,False,False,671,60.86627906976744,0.8,False,0.962969211164627,0.962969211164627,0.962969211164627,0.962969211164627,0,0
PER,34,3771.517130555556,9419.317901234568,322,False,False,False,True,1,67.17391304347827,0.84,True,0.9447195360559005,0.9447195360559005,0.9039996287560864,1.0,0,2
PER,35,3566.909238888889,9306.799382716046,329,False,False,False,True,1,61.91489361702128,0.881,True,0.9642029130365154,0.9642029130365154,0.9150151143372058,1.0,0,2
PER,36,3410.483083333333,9015.847530864196,329,False,False,False,True,1,59.64437689969605,0.92,True,0.9635150587173931,0.9635150587173931,0.9278178905805529,1.0,0,4
PER,37,3897.6430527777775,8627.24074074074,333,False,False,False,True,1,68.38738738738739,0.92,True,0.9480250021092984,0.9480250021092984,0.9080854820412227,1.0,0,2
PER,38,3822.966788888889,9201.164814814812,324,False,False,False,True,1,68.32098765432099,0.92,True,0.9517654948584771,0.9517654948584771,0.9092753976479151,1.0,0,3
PER,39,3933.818152777778,8929.836419753088,339,False,False,False,True,1,67.2448377581121,0.88,True,0.9377398793743876,0.9377398793743876,0.8977137316151894,1.0,0,2
PER,40,3871.6975972222217,9258.993209876542,341,False,False,False,True,1,65.74780058651027,0.8,True,0.9430602876014346,0.9430602876014346,0.9120993187723503,1.0,0,4
PER,41,3828.6398305555554,9501.622222222224,339,False,False,False,True,1,65.57817109144543,1.0,True,0.9484938163896419,0.9484938163896419,0.9059024183601074,1.0,0,3
PER,42,3726.1232666666665,9296.094444444445,327,False,False,False,True,1,67.07033639143731,0.88,True,0.9538191826576271,0.9538191826576271,0.9052362873420229,1.0,0,3
PER,43,0.0,0.0,389,True,False,False,False,1,57.03084832904885,0.92,False,0.9538191826576271,0.9538191826576271,0.9538191826576271,0.9538191826576271,0,0
PER,44,0.0,0.0,337,True,False,False,False,1,65.15430267062314,0.52,False,0.9538191826576271,0.9538191826576271,0.9538191826576271,0.9538191826576271,0,0
PER,45,3826.9622972222223,9246.614814814817,324,False,False,False,True,1,68.44444444444444,0.999,True,0.9576109903746414,0.9576109903746414,0.9100677358183659,1.0,0,2
PER,46,3996.368616666666,7595.012962962963,325,False,False,False,True,1,68.40923076923077,1.0,True,0.9220625652652698,0.9220625652652698,0.8862930891025786,1.0,0,1
PER,47,3846.433397222222,8517.99938271605,318,False,False,False,True,1,68.42138364779875,0.72,True,0.9337643382156864,0.9337643382156864,0.9003004698440157,0.9985629733427643,0,0
PER,48,3952.4465,8924.043209876543,311,False,False,False,True,1,68.26366559485531,0.8,True,0.9295263037701574,0.9295263037701574,0.8947548531456943,1.0,0,1
PER,49,3858.971686111112,8309.808024691356,312,False,False,False,True,1,68.97115384615384,0.96,True,0.9260171854860534,0.9260171854860534,0.8962017694060476,1.0,0,1
PER,50,3966.1558722222217,8297.617283950616,316,False,False,False,True,1,68.31012658227849,0.961,True,0.9224271276624942,0.9224271276624942,0.8891763925295354,0.9884977721540212,0,0
PER,51,4063.034725,7067.161111111112,314,False,False,False,True,1,71.07961783439491,0.961,True,0.872535537013772,0.872535537013772,0.8610979123428883,0.9766631299000337,0,0
PER,52,3920.560838888889,8923.456172839506,324,False,False,False,True,1,68.00617283950618,0.959,True,0.8922439412578635,0.8922439412578635,0.8565894676977793,0.9555375477059183,0,0
PER,53,3973.108311111111,8516.49938271605,320,False,False,False,True,1,69.9,0.96,True,0.8952367658782516,0.8952367658782516,0.8535448256509645,0.9554777483312078,0,0
PER,54,3880.312486111111,8044.280864197532,347,False,False,False,True,1,63.17002881844381,0.76,True,0.8893464483452198,0.8893464483452198,0.8664907912769937,0.9673060542001821,0,0
PER,55,3679.50835,9452.853086419753,317,False,False,False,True,1,65.48580441640378,0.88,True,0.9426065258032265,0.9426065258032265,0.876722046284463,0.9782556547664636,0,0
ANT,1,3491.253872222222,7748.254320987655,359,False,False,False,False,1,57.96657381615599,0.84,False,0.9352796079671591,0.9352796079671591,0.8847545799236527,1.0,0,4
ANT,2,3207.7588138888887,8081.944444444444,313,False,False,False,True,1,60.86900958466454,0.8,True,0.9641544059402084,0.9641544059402084,0.9095428225390972,1.0,0,3
ANT,3,3496.8901861111112,7246.505555555556,317,False,False,False,True,1,64.3186119873817,0.881,True,0.9090352320285157,0.9090352320285157,0.8789273937629312,1.0,0,2
ANT,4,3775.1695777777777,8925.41728395062,326,False,False,False,True,1,66.92331288343559,0.879,True,0.9387470631376112,0.9387470631376112,0.8953645634752966,0.9921383359080514,0,0
ANT,5,3607.431688888889,9852.041358024691,323,False,False,False,True,1,65.9783281733746,0.92,True,0.9611106876019903,0.9611106876019903,0.9129788747087957,1.0,0,2
ANT,6,3743.666402777778,8647.092592592591,318,False,False,False,True,1,65.75786163522012,0.92,True,0.9393889734498371,0.9393889734498371,0.9151948470219163,1.0,0,2
ANT,7,3935.701169444445,7134.320987654321,305,False,False,False,True,1,68.74098360655738,0.999,True,0.9003686713797147,0.9003686713797147,0.8658170980517652,0.9646375554644746,0,0
ANT,8,3705.354916666667,7939.092592592593,299,False,False,False,True,1,66.74581939799332,0.88,True,0.9030479791971445,0.9030479791971445,0.8655090911365566,0.9620462444012183,0,0
ANT,9,3893.816169444444,8814.393209876542,321,False,False,False,True,1,67.4392523364486,0.96,True,0.9210679640891726,0.9210679640891726,0.8843370608301101,0.9798394677345981,0,0
ANT,10,3699.457827777777,8710.344444444443,313,False,False,False,True,1,67.28115015974441,0.92,True,0.9449998301530292,0.9449998301530292,0.9086542130836395,1.0,0,1
ANT,11,0.0,0.0,309,True,False,False,False,16,66.48543689320388,0.761,False,0.9449998301530292,0.9449998301530292,0.9449998301530292,0.9449998301530292,0,0
ANT,12,0.0,0.0,477,True,False,False,False,6,26.67505241090147,1.0,False,0.9449998301530292,0.9449998301530292,0.9449998301530292,0.9449998301530292,0,0
ANT,13,0.0,0.0,449,True,False,False,False,67,31.565701559020045,0.88,False,0.9449998301530292,0.9449998301530292,0.9449998301530292,0.9449998301530292,0,0
ANT,14,0.0,0.0,317,True,False,False,False,71,66.60883280757098,0.76,False,0.9449998301530292,0.9449998301530292,0.9449998301530292,0.9449998301530292,0,0
ANT,15,3862.317505555556,8784.978395061727,322,False,False,False,True,1,68.4968944099379,0.76,True,0.9374554339968549,0.9374554339968549,0.9107540284417538,1.0,0,1
ANT,16,3909.2719,8292.655555555557,308,False,False,False,True,1,70.25649350649351,1.0,True,0.9044497970328472,0.9044497970328472,0.8668242583694933,1.0,0,2
ANT,17,3828.720458333333,7421.792592592593,301,False,False,False,True,1,69.19269102990033,1.0,True,0.8820136006193575,0.8820136006193575,0.8441536701332155,0.9712207499236136,0,0
ANT,18,0.0,0.0,332,True,False,False,False,126,57.29216867469879,0.96,False,0.8820136006193575,0.8820136006193575,0.8820136006193575,0.8820136006193575,0,0
ANT,19,0.0,0.0,434,True,False,False,False,6,27.27649769585253,0.881,False,0.8820136006193575,0.8820136006193575,0.8820136006193575,0.8820136006193575,0,0
ANT,20,0.0,0.0,332,True,False,False,False,671,61.65963855421687,0.84,False,0.8820136006193575,0.8820136006193575,0.8820136006193575,0.8820136006193575,0,0
ANT,21,3968.67355,6869.695061728395,308,False,False,False,True,1,70.48051948051948,0.96,True,0.8322057302938153,0.8322057302938153,0.8044003356688445,0.9226329330675813,0,0
ANT,22,3845.734536111111,7897.184567901234,301,False,False,False,True,1,70.35880398671097,1.0,True,0.8239360964233031,0.8239360964233031,0.783515108474638,0.8831353027661274,0,0
ANT,23,3902.059175,6646.564814814814,294,False,False,False,True,1,70.16326530612245,1.0,True,0.7714873543967606,0.7714873543967606,0.7446660981365507,0.8816275210350144,0,0
ANT,24,3763.3596666666663,8156.225308641975,304,False,False,False,True,1,67.59539473684211,1.0,True,0.7772027611987532,0.7772027611987532,0.748421575258644,0.836047264669346,0,0
ANT,25,3796.810616666666,9618.296913580243,311,False,False,False,True,1,65.2540192926045,0.72,True,0.8277780606684416,0.8277780606684416,0.7644630442076574,0.8642685240397002,0,0
ANT,26,3826.523369444444,7223.151234567902,312,False,False,False,True,1,68.83653846153847,0.96,True,0.7990865612143875,0.7990865612143875,0.7770807789739508,0.9009585158618303,0,0
ANT,27,3908.389886111111,8056.601851851851,314,False,False,False,True,1,69.41082802547771,0.961,True,0.7916739433109365,0.7916739433109365,0.7475664087306733,0.8545141285659872,0,0
ANT,28,3837.467722222222,8108.663580246917,310,False,False,False,True,1,68.39677419354838,0.88,True,0.7907889853082267,0.7907889853082267,0.7543163620273788,0.8642541035282749,0,0
ANT,29,3784.9209972222234,7628.308641975309,310,False,False,False,True,1,66.49354838709678,0.84,True,0.7780067409845363,0.7780067409845363,0.7561210032750265,0.8655197305283439,0,0
ANT,30,3848.325327777778,7964.802469135804,316,False,False,False,True,1,67.42405063291139,0.919,True,0.7717404280653559,0.7717404280653559,0.7328983697121013,0.8447909898769893,0,0
ANT,31,3830.3368083333335,7324.059259259259,305,False,False,False,True,1,68.62950819672132,0.879,True,0.7460421533257527,0.7460421533257527,0.7060027871299661,0.8146954225139649,0,0
ANT,32,3754.735036111111,9003.464197530864,307,False,False,False,True,1,67.70032573289902,0.68,True,0.7796678142361024,0.7796678142361024,0.7348847881126274,0.8377658599830246,0,0
ANT,33,3806.4603444444447,7533.1543209876545,312,False,False,False,True,1,68.00320512820512,0.96,True,0.7623445499002605,0.7623445499002605,0.7310882894765046,0.8375823658136052,0,0
ANT,34,0.0,0.0,354,True,False,False,False,167,48.63559322033898,0.8,False,0.7623445499002605,0.7623445499002605,0.7623445499002605,0.7623445499002605,0,0
ANT,35,3849.357063888889,8267.522839506173,308,False,False,False,True,1,66.74025974025975,0.759,True,0.7657694111045336,0.7657694111045336,0.7280508871945932,0.8291560160641792,0,0
ANT,36,3762.196772222223,7444.702469135803,306,False,False,False,True,1,67.24183006535948,0.84,True,0.7486201080649598,0.7486201080649598,0.7120907538730336,0.8131366118460506,0,0
ANT,37,3950.077758333333,7166.872222222222,308,False,False,False,True,1,68.95454545454545,0.92,True,0.7096665673483934,0.7096665673483934,0.6860189781868998,0.814419333754855,0,0
ANT,38,3890.361538888889,7197.645679012344,309,False,False,False,True,1,68.6504854368932,0.8,True,0.6757880774565745,0.6757880774565745,0.6459427305877838,0.7638521724430378,0,0
ANT,39,3941.1856,7424.432716049381,317,False,False,False,True,1,69.75394321766562,0.92,True,0.6457479390715074,0.6457479390715074,0.6229032167695916,0.7399246853317354,0,0
ANT,40,3899.358658333333,8055.735185185185,310,False,False,False,True,1,69.27741935483871,0.92,True,0.6389248259063157,0.6389248259063157,0.6054998177623591,0.7189703219647046,0,0
ANT,41,3940.1311722222217,8511.583333333332,322,False,False,False,True,1,69.54037267080746,0.88,True,0.6440137231907542,0.6440137231907542,0.5990058503515888,0.7174696921528663,0,0
ANT,42,3768.421538888889,7971.108641975309,316,False,False,False,True,1,66.38924050632912,0.8,True,0.6434136681561804,0.6434136681561804,0.5982518216722194,0.710027116859171,0,0
ANT,43,3799.724430555556,9094.293209876543,315,False,False,False,True,1,67.42539682539683,1.0,True,0.6768923997875702,0.6768923997875702,0.629629882969478,0.7378733816566512,0,0
ANT,44,3793.48295,8484.882716049382,309,False,False,False,True,1,65.55339805825243,0.88,True,0.6911464163169722,0.6911464163169722,0.6454360890504139,0.7434224929808569,0,0
ANT,45,3734.590188888889,8409.349382716047,307,False,False,False,True,1,64.86319218241043,0.48,True,0.7069911490804028,0.7069911490804028,0.6625666845621383,0.7713938100718508,0,0
ANT,46,3757.399997222223,6927.307407407408,305,False,False,False,True,1,67.91803278688525,0.92,True,0.6734855463212371,0.6734855463212371,0.6699771245877622,0.7726121277591589,0,0
ANT,47,3737.088016666667,8717.547530864196,306,False,False,False,True,1,66.83006535947712,0.999,True,0.6990978585522525,0.6990978585522525,0.6620053762554207,0.7578065527328719,0,0
ANT,48,3826.033155555556,8924.2512345679,308,False,False,False,True,1,67.51623376623377,0.52,True,0.7252946201590041,0.7252946201590041,0.6809818710046347,0.7810492200644017,0,0
ANT,49,3737.072088888889,7929.976543209877,307,False,False,False,True,1,65.96091205211727,1.0,True,0.7255115094621124,0.7255115094621124,0.6803285965578441,0.7908386126966054,0,0
ANT,50,3850.611544444444,7591.408641975309,297,False,False,False,True,1,66.91245791245791,0.681,True,0.7070481978863754,0.7070481978863754,0.6735516397842919,0.7935317685429149,0,0
ANT,51,3931.056375,6955.350000000001,305,False,False,False,True,1,68.47213114754098,0.8,True,0.6625742420170129,0.6625742420170129,0.6386558842006024,0.7617822279040896,0,0
ANT,52,3801.421227777778,7384.285802469136,304,False,False,False,True,1,68.54276315789474,0.96,True,0.6407949863622288,0.6407949863622288,0.596677040863379,0.7086849489948291,0,0
ANT,53,3885.604247222222,8354.344444444443,293,False,False,False,True,1,68.2320819112628,0.961,True,0.6445413850683168,0.6445413850683168,0.594973491751107,0.7126558827176432,0,0
ANT,54,3734.683525,7533.712962962962,307,False,False,False,True,1,68.27361563517915,0.8,True,0.6321434111026595,0.6321434111026595,0.5990372936286926,0.7110394901873712,0,0
ANT,55,3826.852525,8780.35864197531,311,False,False,False,True,1,65.69453376205787,0.959,True,0.6536441021258607,0.6536441021258607,0.6181061922413918,0.7156777456366609,0,0
ANT,56,3949.437505555556,7230.418518518519,308,False,False,False,True,1,70.79220779220779,0.96,True,0.6167834885918351,0.6167834885918351,0.5866967399716627,0.7003852921614931,0,0
ANT,57,3950.958888888889,6979.157407407409,319,False,False,False,True,1,69.3730407523511,0.76,True,0.5717165356974429,0.5717165356974429,0.5401503142293449,0.6650503586064076,0,0
ANT,58,3619.9072666666666,8099.034567901235,295,False,False,False,True,1,65.74915254237288,0.88,True,0.585395364264862,0.585395364264862,0.5571506951158225,0.6488869551895821,0,0
ALO,1,3484.4916222222223,8924.966049382716,347,False,False,False,False,1,63.12680115273776,0.84,False,0.9680446065815052,0.9680446065815052,0.9287907362939282,1.0,0,5
ALO,2,3915.176027777778,7426.977160493829,334,False,False,False,True,1,69.4880239520958,0.8,True,0.9228831547980574,0.9228831547980574,0.9078933710945769,1.0,0,1
ALO,3,3797.2860638888887,8914.294444444444,325,False,False,False,True,1,68.93230769230769,0.881,True,0.948759544932749,0.948759544932749,0.8997960976392375,1.0,0,1
ALO,4,3630.504333333333,7358.433950617284,329,False,False,False,True,1,65.67173252279635,0.879,True,0.916469427289014,0.916469427289014,0.9034942269978928,1.0,0,1
ALO,5,3718.102841666667,7640.908024691357,339,False,False,False,True,1,67.48672566371681,0.92,True,0.9086617300828331,0.9086617300828331,0.874293281191747,0.9684147988666544,0,0
ALO,6,3835.111655555555,8138.253086419753,337,False,False,False,True,1,67.54302670623146,0.92,True,0.9088920148277063,0.9088920148277063,0.863025751421167,0.9643962330887742,0,0
ALO,7,3794.726038888889,8692.988271604938,317,False,False,False,True,1,67.21451104100946,0.999,True,0.9297717464766442,0.9297717464766442,0.8946740349167416,0.9947000651994095,0,0
ALO,8,3788.4086361111113,8206.324074074075,308,False,False,False,True,1,71.3409090909091,0.88,True,0.9290908725575756,0.9290908725575756,0.9142412299425958,1.0,0,1
ALO,9,3931.029952777778,6721.929012345679,327,False,False,False,True,1,71.06727828746178,0.96,True,0.8770916824249648,0.8770916824249648,0.8601630823620977,0.9796342140637131,0,0
ALO,10,3962.372833333333,7557.493209876542,323,False,False,False,True,1,70.93808049535603,0.92,True,0.8498937567104791,0.8498937567104791,0.8408620263539047,0.9402752182790721,0,0
ALO,11,0.0,0.0,438,True,False,False,False,16,46.37442922374429,0.92,False,0.8498937567104791,0.8498937567104791,0.8498937567104791,0.8498937567104791,0,0
ALO,12,0.0,0.0,459,True,False,False,False,6,42.8082788671024,1.0,False,0.8498937567104791,0.8498937567104791,0.8498937567104791,0.8498937567104791,0,0
ALO,14,0.0,0.0,372,True,False,False,False,1,62.766129032258064,0.72,False,0.8498937567104791,0.8498937567104791,0.8498937567104791,0.8498937567104791,0,0
ALO,15,4146.015986111112,7508.499999999998,328,False,False,False,True,1,73.73170731707317,0.961,True,0.8085605515216556,0.8085605515216556,0.7834608451374773,0.9044565953501519,0,0
ALO,16,4037.708875,6408.26049382716,317,False,False,False,True,1,73.44794952681389,0.921,True,0.7391531263626384,0.7391531263626384,0.7206938966659783,0.8584210979548994,0,0
ALO,17,4074.715155555556,7258.71049382716,321,False,False,False,True,1,72.50467289719626,0.88,True,0.6946397842518885,0.6946397842518885,0.6648889472805531,0.7880223720377574,0,0
ALO,18,4071.536680555556,7232.333333333331,325,False,False,False,True,1,72.72307692307692,0.521,True,0.6494931752327571,0.6494931752327571,0.6224733865863599,0.7503111077477531,0,0
ALO,19,3699.3491722222234,6310.559876543208,322,False,False,False,True,1,68.0248447204969,0.879,True,0.6000683916566911,0.6000683916566911,0.574778449257066,0.6747353475076303,0,0
ALO,20,3976.167033333333,7268.250617283951,320,False,False,False,True,1,71.165625,0.68,True,0.5626002772167982,0.5626002772167982,0.5326125505471707,0.6506602536336501,0,0
ALO,21,3640.741975,7850.379629629629,331,False,False,False,True,1,65.40785498489426,0.96,True,0.5668363829694012,0.5668363829694012,0.5386538686522129,0.636943716068624,0,0
LEC,1,3860.038269444444,6108.453086419751,345,False,False,False,False,1,69.28405797101449,0.84,False,0.8996760318727407,0.8996760318727407,0.878224022219643,1.0,0,3
LEC,2,3694.277505555556,7010.793209876542,313,False,False,False,True,1,68.05431309904154,0.8,True,0.8731781574005243,0.8731781574005243,0.8560771719589836,0.9485607828980953,0,0
LEC,3,3866.775463888889,6362.024691358025,329,False,False,False,True,1,67.67781155015197,0.881,True,0.8139662503622462,0.8139662503622462,0.7928956897519097,0.9303076784031137,0,0
LEC,4,3992.520411111111,6231.6111111111095,322,False,False,False,True,1,71.22360248447205,0.879,True,0.7419519466591252,0.7419519466591252,0.7401052798962764,0.8540358678243987,0,0
LEC,5,4072.613027777778,5637.62037037037,322,False,False,False,True,1,71.88819875776397,0.92,True,0.6453076271443158,0.6453076271443158,0.6426305969646456,0.7678548164837582,0,0
LEC,6,4155.201252777778,6444.68827160494,324,False,False,False,True,1,72.48456790123457,0.92,True,0.5690420933000211,0.5690420933000211,0.5470288132024512,0.6844502569186317,0,0
LEC,7,4003.2924444444448,6007.58333333333,306,False,False,False,True,1,71.26797385620915,0.999,True,0.4890671801217651,0.4890671801217651,0.464585790679777,0.6014146318116353,0,0
LEC,8,3613.161822222222,7168.313580246914,304,False,False,False,True,1,67.97039473684211,0.92,True,0.47319456757799466,0.47319456757799466,0.436003886906744,0.5206852350363922,0,0
LEC,9,3925.659052777778,6629.546296296297,327,False,False,False,True,1,69.92660550458716,0.96,True,0.4185835465578883,0.4185835465578883,0.4115548186904221,0.530622054379526,0,0
LEC,10,4005.628358333333,6567.03024691358,311,False,False,False,True,1,73.54983922829582,0.92,True,0.35648920916567023,0.35648920916567023,0.3401859907561997,0.46405032776853683,0,0
LEC,11,4083.000988888889,5888.551851851851,311,False,False,False,True,1,73.94855305466238,0.761,True,0.2672263751241374,0.2672263751241374,0.2606476136119477,0.39580616270593233,0,0
LEC,12,0.0,0.0,421,True,False,False,False,16,43.89311163895487,0.92,False,0.2672263751241374,0.2672263751241374,0.2672263751241374,0.2672263751241374,0,0
LEC,13,0.0,0.0,434,True,False,False,False,6,41.29493087557604,1.0,False,0.2672263751241374,0.2672263751241374,0.2672263751241374,0.2672263751241374,0,0
LEC,14,0.0,0.0,337,True,False,False,False,671,64.16617210682493,0.88,False,0.2672263751241374,0.2672263751241374,0.2672263751241374,0.2672263751241374,0,0
LEC,15,3847.611975,6287.601851851852,315,False,False,False,True,1,68.41269841269842,0.76,True,0.2069247618365723,0.2069247618365723,0.1902361002872724,0.32951973837568155,0,0
LEC,16,3935.661236111111,6653.358024691359,309,False,False,False,True,1,72.2621359223301,1.0,True,0.1523977542324987,0.1523977542324987,0.12627862913633406,0.25729638642515384,0,0
LEC,17,3871.683144444444,6583.35802469136,314,False,False,False,True,1,71.68152866242038,1.0,True,0.09998757083071659,0.09998757083071659,0.09198073941984192,0.1986306707685997,0,0
LEC,18,0.0,0.0,326,True,False,False,False,126,62.94478527607362,0.96,False,0.09998757083071659,0.09998757083071659,0.09998757083071659,0.09998757083071659,0,0
LEC,19,0.0,0.0,423,True,False,False,False,6,41.11583924349882,0.881,False,0.09998757083071659,0.09998757083071659,0.09998757083071659,0.09998757083071659,0,0
LEC,20,0.0,0.0,351,True,False,False,False,671,61.096866096866094,0.84,False,0.09998757083071659,0.09998757083071659,0.09998757083071659,0.09998757083071659,0,0
LEC,21,3931.966922222222,6793.874691358024,310,False,False,False,True,1,72.18709677419355,0.92,True,0.050244327310983224,0.050244327310983224,0.028724628900881698,0.15299251624363253,0,0
LEC,22,4112.280711111111,6049.339506172839,308,False,False,False,True,1,73.26623376623377,0.96,True,0.00799172869079801,0.00799172869079801,0.0,0.08918881784389751,31,0
LEC,23,3945.707502777778,6895.687037037038,298,False,False,False,True,1,71.13087248322148,1.0,True,0.025708884980748404,0.025708884980748404,0.0,0.06364469310323384,44,0
LEC,24,3913.390444444444,5113.3024691358005,298,False,False,False,True,1,71.95637583892618,1.0,True,0.010192512808667974,0.010192512808667974,0.0,0.053939014100305195,59,0
LEC,25,0.0,0.0,366,True,False,False,False,1,63.32786885245902,0.72,False,0.010192512808667974,0.010192512808667974,0.010192512808667974,0.010192512808667974,0,0
LEC,26,0.0,0.0,334,True,False,False,False,1,65.82934131736526,0.96,False,0.010192512808667974,0.010192512808667974,0.010192512808667974,0.010192512808667974,0,0
LEC,27,4005.185375,7000.638888888889,316,False,False,False,True,1,71.97151898734177,0.961,True,0.026213130566328503,0.026213130566328503,0.0,0.06846442446058422,43,0
LEC,28,3859.4909583333338,7394.989506172839,312,False,False,False,True,1,72.24038461538461,0.88,True,0.025795108138611467,0.025795108138611467,0.0,0.07981550346570818,17,0
LEC,29,3964.583341666667,5945.945061728395,309,False,False,False,True,1,70.09385113268608,0.84,True,0.0020515468110288335,0.0020515468110288335,0.0,0.07107830677104811,37,0
LEC,30,3971.00845,5644.4197530864185,316,False,False,False,True,1,72.13291139240506,0.919,True,0.021741038513874166,0.021741038513874166,0.0,0.05802786468202909,83,0
LEC,31,3719.946075,6178.832716049383,301,False,False,False,True,1,68.52491694352159,0.879,True,0.02010012941460547,0.02010012941460547,0.0,0.0693779948025472,34,0
LEC,32,3754.4253777777776,6778.175925925925,304,False,False,False,True,1,67.03947368421052,0.68,True,0.028050806882936614,0.028050806882936614,0.0,0.08279347574363166,29,0
LEC,33,3875.9807,6633.099382716047,317,False,False,False,True,1,69.81703470031546,0.96,True,0.008007409087884436,0.008007409087884436,0.0,0.10395632755409728,26,0
LEC,34,0.0,0.0,357,True,False,False,False,167,57.089635854341736,0.8,False,0.008007409087884436,0.008007409087884436,0.008007409087884436,0.008007409087884436,0,0
LEC,35,3958.6169,7650.274691358025,304,False,False,False,True,1,70.93092105263158,0.84,True,0.02834428952279924,0.02834428952279924,0.0,0.07295345900254703,28,0
LEC,36,3899.749075,7582.750617283951,314,False,False,False,True,1,70.48726114649682,0.64,True,0.03340681924463558,0.03340681924463558,0.0,0.0774817983882937,19,0
LEC,37,4053.086830555555,6640.134567901236,314,False,False,False,True,1,73.69745222929936,0.92,True,0.008477626670649205,0.008477626670649205,0.0,0.09732434397501401,26,0
LEC,38,3828.056330555556,7145.339506172838,307,False,False,False,True,1,68.78175895765472,0.8,True,0.02380747021999191,0.02380747021999191,0.0,0.08685149324924196,32,0
LEC,39,3851.849783333333,6392.98148148148,314,False,False,False,True,1,68.38853503184713,0.92,True,0.022567349776886535,0.022567349776886535,0.0,0.06328086704709973,40,0
LEC,40,3960.127736111111,5277.230864197532,312,False,False,False,True,1,70.25641025641026,0.92,True,0.013919456198766528,0.013919456198766528,0.0,0.05666199974358756,62,0
LEC,41,3930.5240138888894,5914.896913580249,325,False,False,False,True,1,69.67076923076922,0.84,True,0.002767923500980346,0.002767923500980346,0.0,0.07440946837588548,50,0
LEC,42,4019.466330555556,5931.425308641975,313,False,False,False,True,1,72.93290734824281,0.8,True,0.0211997603697499,0.0211997603697499,0.0,0.058437517095394624,79,0
LEC,43,3989.71575,5670.394444444444,313,False,False,False,True,1,71.15015974440895,1.0,True,0.009841317379946722,0.009841317379946722,0.0,0.06827537634037358,55,0
LEC,44,3826.961027777778,6463.806790123457,309,False,False,False,True,1,69.01618122977347,0.48,True,0.01246265105562777,0.01246265105562777,0.0,0.06241247055035991,37,0
LEC,45,3945.097405555556,7095.217901234566,307,False,False,False,True,1,70.53420195439739,0.48,True,0.0166732232443006,0.0166732232443006,0.0,0.08567291150388193,32,0
LEC,46,3921.998041666667,6541.408024691358,304,False,False,False,True,1,70.68092105263158,0.92,True,0.006395951281192333,0.006395951281192333,0.0,0.08122321205697296,33,0
LEC,47,3828.786797222222,6126.341975308642,305,False,False,False,True,1,67.67213114754098,0.999,True,0.004796725135765716,0.004796725135765716,0.0,0.07449121955630422,41,0
LEC,48,3965.288819444445,6808.545061728397,313,False,False,False,True,1,71.61661341853035,0.52,True,0.018757744735251877,0.018757744735251877,0.0,0.07339235702776041,45,0
LEC,49,3908.6468777777777,6685.801851851854,306,False,False,False,True,1,69.4673202614379,1.0,True,0.0,0.0,0.0,0.08752056193431838,23,0
LEC,50,3721.9971555555553,6673.253086419752,296,False,False,False,True,1,67.66216216216216,0.681,True,0.029780877617161486,0.029780877617161486,0.0,0.06712975890052823,45,0
LEC,51,3998.43795,7076.084567901235,308,False,False,False,True,1,71.71103896103897,0.8,True,0.011604961246066204,0.011604961246066204,0.0,0.1033849915722075,21,0
LEC,52,3896.892638888889,6759.6111111111095,302,False,False,False,True,1,71.50993377483444,0.96,True,0.026165169121699743,0.026165169121699743,0.0,0.07400069332974112,45,0
LEC,53,3991.994061111111,6406.851851851852,298,False,False,False,True,1,69.57718120805369,0.961,True,0.010277292145796372,0.010277292145796372,0.0,0.07451463557471617,35,0
LEC,54,3894.228236111111,6770.401851851852,307,False,False,False,True,1,70.08794788273616,0.879,True,0.016028209647868313,0.016028209647868313,0.0,0.06809947769888977,36,0
LEC,55,3928.8205361111113,7097.028395061729,308,False,False,False,True,1,69.71753246753246,0.959,True,0.021212235736220164,0.021212235736220164,0.0,0.08232801526565323,34,0
LEC,56,3766.703955555556,6556.939506172839,315,False,False,False,True,1,68.73968253968253,0.96,True,0.034454816201563224,0.034454816201563224,0.0,0.07115511685255739,46,0
LEC,57,3905.192191666667,7090.41851851852,319,False,False,False,True,1,68.38557993730407,0.64,True,0.033295503373005485,0.033295503373005485,0.0,0.09838199823100498,32,0
LEC,58,3578.3977472222223,7421.940740740742,298,False,False,False,True,1,67.01677852348993,0.88,True,0.03916034041870584,0.03916034041870584,0.0,0.09699922212030422,10,0
STR,1,3746.894561111111,6839.164197530863,385,False,False,False,False,1,59.41298701298701,0.84,False,0.9537236707561008,0.9537236707561008,0.9136755714231959,1.0,0,1
STR,2,3725.115086111111,7277.586419753086,338,False,False,False,True,1,65.57988165680473,0.881,True,0.9203441903627274,0.9203441903627274,0.9069161628583977,1.0,0,1
STR,3,3730.077644444445,9244.846296296297,333,False,False,False,True,1,64.63663663663664,0.8,True,0.963439400770287,0.963439400770287,0.9084483689982027,0.999243697195869,0,0
STR,4,3786.056944444445,7215.712345679012,338,False,False,False,True,1,66.50295857988165,0.879,True,0.8851538842803911,0.8851538842803911,0.8851538842803911,1.0,0,2
STR,5,3951.526541666666,8328.414197530868,339,False,False,False,True,1,67.01769911504425,0.92,True,0.883557109108121,0.883557109108121,0.8607419550899889,0.9620136508533604,0,0
STR,6,3883.8546916666655,7261.058641975308,335,False,False,False,True,1,66.70746268656717,0.92,True,0.8521683373200459,0.8521683373200459,0.8374951815592805,0.9478258568589407,0,0
STR,7,3968.369941666667,9084.888888888889,315,False,False,False,True,1,68.01269841269841,0.999,True,0.873813764612922,0.873813764612922,0.8392269331484168,0.9394541445978073,0,0
STR,8,3831.264058333334,7780.35,321,False,False,False,True,1,70.27414330218069,0.72,True,0.862765934793063,0.862765934793063,0.8253648508127542,0.9458361511222197,0,0
STR,9,3996.583980555555,7499.851851851852,326,False,False,False,True,1,71.9601226993865,0.96,True,0.8313703033702251,0.8313703033702251,0.8036779645368531,0.9148599495701556,0,0
STR,10,4146.270208333332,7795.164197530865,328,False,False,False,True,1,72.89024390243902,0.92,True,0.7992636722925913,0.7992636722925913,0.7746488748539488,0.8951759181359633,0,0
STR,11,0.0,0.0,485,True,False,False,False,16,43.88865979381443,0.92,False,0.7992636722925913,0.7992636722925913,0.7992636722925913,0.7992636722925913,0,0
STR,12,0.0,0.0,448,True,False,False,False,6,49.59151785714285,1.0,False,0.7992636722925913,0.7992636722925913,0.7992636722925913,0.7992636722925913,0,0
STR,13,0.0,0.0,367,True,False,False,False,671,56.26430517711172,0.88,False,0.7992636722925913,0.7992636722925913,0.7992636722925913,0.7992636722925913,0,0
STR,14,4134.991083333333,7125.498148148148,328,False,False,False,True,1,72.54573170731707,0.76,True,0.7463337037557718,0.7463337037557718,0.7348330046044574,0.8540683959239812,0,0
STR,15,4172.227352777778,6874.913580246914,323,False,False,False,True,1,73.44272445820434,1.0,True,0.6827774376298155,0.6827774376298155,0.6630279617454848,0.781488184546716,0,0
STR,16,4113.218538888888,7458.736419753086,325,False,False,False,True,1,72.13230769230769,1.0,True,0.6420818380208029,0.6420818380208029,0.6167608443018715,0.7484023445571761,0,0
STR,17,0.0,0.0,329,True,False,False,False,126,69.4984802431611,0.96,False,0.6420818380208029,0.6420818380208029,0.6420818380208029,0.6420818380208029,0,0
STR,18,0.0,0.0,422,True,False,False,False,6,41.459715639810426,0.881,False,0.6420818380208029,0.6420818380208029,0.6420818380208029,0.6420818380208029,0,0
STR,19,0.0,0.0,376,True,False,False,False,671,52.95212765957447,0.84,False,0.6420818380208029,0.6420818380208029,0.6420818380208029,0.6420818380208029,0,0
STR,20,3747.771913888889,7157.656172839506,325,False,False,False,True,1,67.75692307692307,0.96,True,0.6166624651136318,0.6166624651136318,0.5836503280472705,0.6819654842198521,0,0
STR,21,3937.115319444444,7048.8549382716055,319,False,False,False,True,1,69.12852664576802,1.0,True,0.5747894874276772,0.5747894874276772,0.5384547190401289,0.6674994775503564,0,0
STR,22,3936.534561111112,7126.154320987655,311,False,False,False,True,1,69.86173633440515,1.0,True,0.5354488600941454,0.5354488600941454,0.5118558342796047,0.6235883680920806,0,0
STR,23,4198.243430555556,6676.589506172839,322,False,False,False,True,1,73.38509316770187,1.0,True,0.46371862937189956,0.46371862937189956,0.4414300975559438,0.5869201421892402,0,0
STR,24,4185.254580555556,6375.63950617284,323,False,False,False,True,1,74.28792569659443,0.681,True,0.38317180337686996,0.38317180337686996,0.3570114490764974,0.5068871399247038,0,0
STR,25,3824.949558333333,5078.216049382716,333,False,False,False,True,1,68.1951951951952,0.96,True,0.2854209673020453,0.2854209673020453,0.27429623579182716,0.4130858279836723,0,0
STR,26,0.0,0.0,452,True,False,False,False,1,51.796460176991154,0.961,False,0.2854209673020453,0.2854209673020453,0.2854209673020453,0.2854209673020453,0,0
STR,27,0.0,0.0,359,True,False,False,False,1,59.86908077994429,0.88,False,0.2854209673020453,0.2854209673020453,0.2854209673020453,0.2854209673020453,0,0
STR,28,4258.415461111112,5934.470987654322,328,False,False,False,True,1,73.98475609756098,0.919,True,0.1856460401193963,0.1856460401193963,0.16676746620904928,0.3110637753813517,0,0
STR,29,4061.638713888889,6443.108024691357,317,False,False,False,True,1,74.0031545741325,0.879,True,0.11572628242139688,0.11572628242139688,0.08678901498792184,0.22861234165983846,0,0
STR,30,3890.185991666666,7146.97962962963,321,False,False,False,True,1,69.60747663551402,0.68,True,0.08022598498202307,0.08022598498202307,0.03440384208110357,0.1575698336264913,0,0
STR,31,4051.5939805555554,7471.26851851852,325,False,False,False,True,1,73.27692307692308,0.96,True,0.04414768417223634,0.04414768417223634,0.013042118113934255,0.14629556266421226,0,0
STR,32,0.0,0.0,372,True,False,False,False,167,52.11559139784946,0.8,False,0.04414768417223634,0.04414768417223634,0.04414768417223634,0.04414768417223634,0,0
STR,33,4271.137180555556,7156.9604938271605,319,False,False,False,True,1,74.72100313479623,0.84,True,0.021423439264837075,0.021423439264837075,0.0,0.09475797795518237,28,0
STR,35,0.0,0.0,345,True,False,False,False,1,62.70434782608696,0.681,False,0.021423439264837075,0.021423439264837075,0.021423439264837075,0.021423439264837075,0,0
STR,36,4250.945269444444,7273.025308641974,313,False,False,False,True,1,75.51437699680511,0.8,True,0.01674780658301404,0.01674780658301404,0.0,0.08319919175312285,36,0
STR,37,4198.575861111111,6153.867283950618,312,False,False,False,True,1,75.0673076923077,0.96,True,0.010169521008436221,0.010169521008436221,0.0,0.05969051035545382,56,0
STR,38,4203.3289888888885,8022.235185185185,319,False,False,False,True,1,73.32288401253919,0.961,True,0.028886399039816067,0.028886399039816067,0.0,0.07471943854612077,33,0
STR,39,0.0,0.0,390,True,False,False,False,1,56.93333333333333,0.959,False,0.028886399039816067,0.028886399039816067,0.028886399039816067,0.028886399039816067,0,0
STR,40,0.0,0.0,347,True,False,False,False,1,68.60806916426513,0.96,False,0.028886399039816067,0.028886399039816067,0.028886399039816067,0.028886399039816067,0,0
STR,41,4296.58625,7205.545679012346,326,False,False,False,True,1,75.49079754601227,0.76,True,0.019251855742714933,0.019251855742714933,0.0,0.08400269191056213,40,0
STR,42,4167.314527777778,5964.564814814815,312,False,False,False,True,1,76.82371794871794,0.88,True,0.0,0.0,0.0,0.07015609100006831,55,0
STR,43,4259.401291666667,6376.222222222221,310,False,False,False,True,1,75.40645161290323,0.96,True,0.023182352993202707,0.023182352993202707,0.0,0.06026150421148163,77,0
ALB,1,3379.5978972222224,10487.325925925928,370,False,False,False,False,1,55.48108108108108,0.84,False,0.9634881726007879,0.9634881726007879,0.9259059829783297,1.0,0,7
ALB,2,3437.9262833333337,8553.146913580245,336,False,False,False,True,1,61.21726190476191,0.8,True,0.9624469898786977,0.9624469898786977,0.9240608970942157,1.0,0,3
ALB,3,3739.8502694444446,9458.082098765432,331,False,False,False,True,1,65.31117824773413,0.881,True,0.9647862842803158,0.9647862842803158,0.9167726179399561,1.0,0,4
ALB,4,3467.6928222222223,10706.030864197532,337,False,False,False,True,1,60.67359050445104,0.879,True,0.9658316158330512,0.9658316158330512,0.9250457928507324,1.0,0,5
ALB,5,3630.559377777778,9135.785185185185,335,False,False,False,True,1,63.9910447761194,0.92,True,0.9563153005002274,0.9563153005002274,0.9132057047569205,1.0,0,3
ALB,6,3810.428913888889,9482.776543209877,330,False,False,False,True,1,67.0939393939394,0.92,True,0.9603900504667906,0.9603900504667906,0.9058286528602699,1.0,0,3
ALB,7,3784.906008333333,7701.422839506171,300,False,False,False,True,1,68.58333333333333,0.999,True,0.9105225136442799,0.9105225136442799,0.8708801499922695,1.0,0,3
ALB,8,3620.7360694444446,9652.234567901234,303,False,False,False,True,1,65.18481848184818,0.88,True,0.9627394602194592,0.9627394602194592,0.8967265027754752,1.0,0,1
ALB,9,3760.847688888889,9176.625308641973,325,False,False,False,True,1,67.96923076923076,0.96,True,0.9627259870600094,0.9627259870600094,0.9171992138240324,1.0,0,3
ALB,10,3699.563266666667,7867.842592592593,311,False,False,False,True,1,66.54662379421222,0.92,True,0.9544532796706623,0.9544532796706623,0.9133553788197927,1.0,0,2
ALB,11,0.0,0.0,331,True,False,False,False,16,60.413897280966765,0.52,False,0.9544532796706623,0.9544532796706623,0.9544532796706623,0.9544532796706623,0,0
ALB,12,0.0,0.0,467,True,False,False,False,6,39.03854389721627,1.0,False,0.9544532796706623,0.9544532796706623,0.9544532796706623,0.9544532796706623,0,0
ALB,13,0.0,0.0,429,True,False,False,False,671,48.8018648018648,0.88,False,0.9544532796706623,0.9544532796706623,0.9544532796706623,0.9544532796706623,0,0
ALB,14,3653.2191083333337,8886.211111111112,311,False,False,False,True,1,67.18971061093248,0.76,True,0.9632382835134952,0.9632382835134952,0.9102627969782616,1.0,0,2
ALB,15,3756.2205333333336,9025.7,329,False,False,False,True,1,67.48328267477204,1.0,True,0.9609786327053012,0.9609786327053012,0.9103761621353457,1.0,0,3
ALB,17,3598.934091666667,9423.561728395063,314,False,False,False,True,1,66.64968152866243,0.92,True,0.963863756101625,0.963863756101625,0.9208340441606723,1.0,0,4
ALB,18,0.0,0.0,376,True,False,False,False,126,44.340425531914896,0.96,False,0.963863756101625,0.963863756101625,0.963863756101625,0.963863756101625,0,0
ALB,19,0.0,0.0,410,True,False,False,False,671,47.636585365853655,0.881,False,0.963863756101625,0.963863756101625,0.963863756101625,0.963863756101625,0,0
ALB,20,3730.561816666667,9116.833333333334,321,False,False,False,True,1,64.58878504672897,0.84,True,0.9523628243622756,0.9523628243622756,0.9022522143587909,1.0,0,3
ALB,21,3702.242744444444,9886.265432098764,314,False,False,False,True,1,64.90445859872611,0.96,True,0.9630443299538327,0.9630443299538327,0.9141132119884768,1.0,0,4
ALB,22,3639.930458333333,10081.650617283947,305,False,False,False,True,1,64.7344262295082,1.0,True,0.9630190956970165,0.9630190956970165,0.9110020783673911,1.0,0,3
ALB,23,3654.836766666667,9016.599382716053,306,False,False,False,True,1,66.01307189542484,1.0,True,0.9527754864966986,0.9527754864966986,0.9080379504591084,1.0,0,2
ALB,24,3713.4956833333335,9773.823456790124,318,False,False,False,True,1,65.87735849056604,1.0,True,0.9627846273228805,0.9627846273228805,0.9171717961821404,1.0,0,3
ALB,25,3725.688419444444,9650.413580246914,319,False,False,False,True,1,65.50156739811912,0.72,True,0.9639720347701574,0.9639720347701574,0.9078260028821241,1.0,0,3
ALB,26,3651.8681027777775,9712.447530864198,330,False,False,False,True,1,64.4939393939394,0.96,True,0.9629289363996779,0.9629289363996779,0.915617775375831,1.0,0,4
ALB,27,3727.316344444445,9881.228395061727,322,False,False,False,True,1,66.2639751552795,0.961,True,0.9633366170289356,0.9633366170289356,0.9165542118037371,1.0,0,4
ALB,28,3520.467586111111,10808.49074074074,316,False,False,False,True,1,64.5632911392405,0.88,True,0.9633187506213244,0.9633187506213244,0.9208971900999635,1.0,0,4
ALB,29,3664.763397222222,10813.626543209875,329,False,False,False,True,1,64.45592705167174,0.919,True,0.9621441820254154,0.9621441820254154,0.9164335571148525,1.0,0,4
ALB,30,3765.382830555556,8884.39135802469,324,False,False,False,True,1,66.25,0.84,True,0.9340587350174148,0.9340587350174148,0.9011585215737202,1.0,0,2
ALB,31,3699.3386666666665,8808.074074074073,313,False,False,False,True,1,66.53993610223642,0.879,True,0.9612275409011517,0.9612275409011517,0.9129392140799283,1.0,0,2
ALB,32,3737.598055555555,10238.313580246911,325,False,False,False,True,1,65.37846153846154,0.96,True,0.9630695545251067,0.9630695545251067,0.9125243424100957,1.0,0,4
ALB,33,0.0,0.0,400,True,False,False,False,167,48.86,0.8,False,0.9630695545251067,0.9630695545251067,0.9630695545251067,0.9630695545251067,0,0
ALB,34,0.0,0.0,337,True,False,False,False,1,64.00890207715133,0.759,False,0.9630695545251067,0.9630695545251067,0.9630695545251067,0.9630695545251067,0,0
ALB,35,3747.943705555556,9610.787037037036,311,False,False,False,True,1,67.91961414790997,0.84,True,0.95450075770995,0.95450075770995,0.9165612939668326,1.0,0,3
ALB,36,3790.731666666667,9879.328395061728,317,False,False,False,True,1,65.71608832807571,0.92,True,0.9619825817862697,0.9619825817862697,0.9132399178915227,1.0,0,4
ALB,37,3564.8868027777776,8841.290123456787,315,False,False,False,True,1,64.83492063492064,0.8,True,0.9397706771282773,0.9397706771282773,0.9043897086175386,1.0,0,2
ALB,38,3694.783111111111,9401.841975308642,329,False,False,False,True,1,63.142857142857146,0.92,True,0.9634809456667309,0.9634809456667309,0.9143975026036698,1.0,0,4
ALB,39,3655.647627777778,9782.74012345679,319,False,False,False,True,1,64.99373040752351,0.92,True,0.963675597914846,0.963675597914846,0.9156618314905458,1.0,0,4
ALB,40,3724.9645,9036.694444444442,340,False,False,False,True,1,64.47058823529412,0.84,True,0.9541647362960544,0.9541647362960544,0.9052503069322269,1.0,0,2
ALB,41,3621.914955555556,9442.262345679012,317,False,False,False,True,1,63.87697160883281,0.8,True,0.9608206296540749,0.9608206296540749,0.91478840938113,1.0,0,4
ALB,42,3702.6628527777775,9697.456172839507,325,False,False,False,True,1,66.44,1.0,True,0.9617558669738285,0.9617558669738285,0.9070146918720264,1.0,0,3
ALB,43,3703.189163888889,9509.058641975307,313,False,False,False,True,1,66.1150159744409,0.48,True,0.9618645634500791,0.9618645634500791,0.9148821700024609,1.0,0,4
ALB,44,3770.693197222223,9462.61172839506,316,False,False,False,True,1,66.33227848101266,0.92,True,0.9547821070881787,0.9547821070881787,0.9116821456012623,1.0,0,3
ALB,45,3575.6774777777778,9738.941358024693,306,False,False,False,True,1,65.38888888888889,0.52,True,0.9621706697053877,0.9621706697053877,0.916440745031242,1.0,0,3
ALB,46,3684.571816666666,9169.582716049385,313,False,False,False,True,1,67.14696485623003,0.999,True,0.9558730133154038,0.9558730133154038,0.9126132574622894,1.0,0,3
ALB,47,3757.7892972222216,9036.558024691356,319,False,False,False,True,1,66.77742946708464,1.0,True,0.944311620616859,0.944311620616859,0.9015652398418593,1.0,0,2
ALB,48,3723.3118666666655,9459.574074074077,312,False,False,False,True,1,66.61217948717949,0.96,True,0.9603910393202544,0.9603910393202544,0.9076487140755678,1.0,0,1
ALB,49,3704.1033,9306.888888888889,305,False,False,False,True,1,65.98032786885246,0.681,True,0.9513111071989047,0.9513111071989047,0.9008250455572868,1.0,0,2
ALB,50,3715.253075,7957.666049382715,306,False,False,False,True,1,66.97058823529412,0.8,True,0.9275053296413174,0.9275053296413174,0.8961070176474306,1.0,0,1
ALB,51,3790.892302777777,9444.981481481482,309,False,False,False,True,1,66.85436893203884,0.961,True,0.9504724476715166,0.9504724476715166,0.9014457435651227,1.0,0,1
ALB,52,3795.588319444445,9139.027777777776,318,False,False,False,True,1,65.83018867924528,0.961,True,0.9515029258362087,0.9515029258362087,0.9044606340615448,1.0,0,2
ALB,53,3841.485338888889,7927.983333333335,311,False,False,False,True,1,68.43729903536978,0.959,True,0.9445169598158321,0.9445169598158321,0.8915933210064758,0.9938516634555318,0,0
ALB,54,3899.969575,9119.512345679012,314,False,False,False,True,1,66.8312101910828,0.96,True,0.9501589760599238,0.9501589760599238,0.9043005067139496,1.0,0,1
ALB,55,3828.323975,8516.206790123457,320,False,False,False,True,1,68.203125,0.76,True,0.9384459311304052,0.9384459311304052,0.9052777456054174,1.0,0,2
ALB,56,3738.5643222222234,8712.209876543211,326,False,False,False,True,1,66.91411042944786,0.48,True,0.9510707114012049,0.9510707114012049,0.9068572502805713,1.0,0,1
ALB,57,3700.6764833333336,9494.703703703704,311,False,False,False,True,1,65.2315112540193,0.96,True,0.9626477647191042,0.9626477647191042,0.9115348635830973,1.0,0,4
VER,1,3616.172447222222,7218.677777777779,374,False,False,False,False,1,57.10695187165776,0.84,False,0.8955564146706263,0.8955564146706263,0.8759232420356455,1.0,0,4
VER,2,3421.572519444444,8057.907407407408,331,False,False,False,True,1,60.70996978851964,0.881,True,0.9214688870852316,0.9214688870852316,0.8757135005348273,0.9625135369385048,0,0
VER,3,3514.631808333333,8281.579629629628,332,False,False,False,True,1,61.12951807228916,0.8,True,0.9482317080379635,0.9482317080379635,0.895110055461958,0.988382746758812,0,0
VER,4,3597.306966666667,8797.361111111113,334,False,False,False,True,1,61.90419161676647,0.879,True,0.9567944180271586,0.9567944180271586,0.8983980928139261,1.0,0,1
VER,5,3696.554016666667,6819.500000000002,325,False,False,False,True,1,65.35076923076923,0.92,True,0.9080888771361111,0.9080888771361111,0.9012174585574453,1.0,0,2
VER,6,3671.2429722222223,8453.602469135803,324,False,False,False,True,1,62.50617283950617,0.92,True,0.9296915793452022,0.9296915793452022,0.8896611714042716,0.9778555512992978,0,0
VER,7,3799.424827777778,9345.697530864198,307,False,False,False,True,1,65.57654723127035,0.999,True,0.9432903661058359,0.9432903661058359,0.8881375602997845,1.0,0,1
VER,8,3583.7023166666663,7933.220370370371,303,False,False,False,True,1,66.07920792079207,0.88,True,0.9263265856628732,0.9263265856628732,0.897362843943302,1.0,0,1
VER,9,3669.7685472222224,7236.811728395062,326,False,False,False,True,1,63.831288343558285,0.96,True,0.9087926887983383,0.9087926887983383,0.8771550019761376,0.9817386605384306,0,0
VER,10,3729.588961111111,8205.203703703703,310,False,False,False,True,1,64.73225806451613,0.92,True,0.9183963375773275,0.9183963375773275,0.8596840243286882,0.9626266364254338,0,0
VER,11,0.0,0.0,337,True,False,False,False,16,57.73293768545994,0.52,False,0.9183963375773275,0.9183963375773275,0.9183963375773275,0.9183963375773275,0,0
VER,12,0.0,0.0,423,True,False,False,False,6,32.486997635933804,1.0,False,0.9183963375773275,0.9183963375773275,0.9183963375773275,0.9183963375773275,0,0
VER,13,0.0,0.0,437,True,False,False,False,67,33.73684210526316,0.88,False,0.9183963375773275,0.9183963375773275,0.9183963375773275,0.9183963375773275,0,0
VER,14,0.0,0.0,316,True,False,False,False,71,69.33227848101266,0.76,False,0.9183963375773275,0.9183963375773275,0.9183963375773275,0.9183963375773275,0,0
VER,15,3947.1155666666655,6885.15925925926,326,False,False,False,True,1,68.85276073619632,1.0,True,0.8705610232949321,0.8705610232949321,0.8566619812264931,0.9609813609735269,0,0
VER,16,3765.688513888889,7523.472222222221,308,False,False,False,True,1,67.25,1.0,True,0.8557130542382133,0.8557130542382133,0.8081558776947402,0.9099832178970383,0,0
VER,17,3812.891075,6278.456790123456,311,False,False,False,True,1,66.46623794212219,0.92,True,0.7974903606033745,0.7974903606033745,0.7596868735326281,0.8756096278199235,0,0
VER,18,0.0,0.0,394,True,False,False,False,126,45.02030456852792,0.96,False,0.7974903606033745,0.7974903606033745,0.7974903606033745,0.7974903606033745,0,0
VER,19,0.0,0.0,436,True,False,False,False,671,41.30504587155964,0.881,False,0.7974903606033745,0.7974903606033745,0.7974903606033745,0.7974903606033745,0,0
VER,20,3688.1655,7044.414197530864,316,False,False,False,True,1,66.15822784810126,0.84,True,0.7724945186211571,0.7724945186211571,0.769130769046023,0.8915364071361004,0,0
VER,21,3960.899430555556,6376.293209876544,312,False,False,False,True,1,68.34294871794872,0.96,True,0.707307605467827,0.707307605467827,0.6893336480869561,0.8111751399902951,0,0
VER,22,3823.397222222222,7492.73086419753,299,False,False,False,True,1,69.87959866220736,1.0,True,0.6875228712586586,0.6875228712586586,0.6463327634836582,0.7653941915346759,0,0
VER,23,3832.511658333333,6278.943209876543,297,False,False,False,True,1,69.35353535353535,1.0,True,0.6279744324691062,0.6279744324691062,0.6087530781058925,0.7399595770033748,0,0
VER,24,3853.3280638888887,6045.415432098765,311,False,False,False,True,1,69.53054662379421,1.0,True,0.5594723221779271,0.5594723221779271,0.5264721185361191,0.6698283548660228,0,0
VER,25,3972.146711111111,6470.756172839505,307,False,False,False,True,1,70.17915309446254,0.72,True,0.49656256133474264,0.49656256133474264,0.46657557321245335,0.6061528955299598,0,0
VER,26,3912.904197222222,5890.610493827159,316,False,False,False,True,1,67.39873417721519,0.96,True,0.4189953801497127,0.4189953801497127,0.3860206228555621,0.5211473771210332,0,0
VER,27,3898.1903388888886,6824.9222222222215,320,False,False,False,True,1,67.134375,0.961,True,0.3725625704811322,0.3725625704811322,0.3489220373373417,0.471478943925481,0,0
VER,28,3694.069594444444,5924.617283950618,307,False,False,False,True,1,68.40065146579805,0.88,True,0.31105339511452185,0.31105339511452185,0.304295318707089,0.4209567798630681,0,0
VER,29,3852.767636111111,7299.296296296294,310,False,False,False,True,1,67.39032258064516,0.84,True,0.2830230353673296,0.2830230353673296,0.24818380063865103,0.3518602325220142,0,0
VER,30,3864.274344444445,6511.998148148148,320,False,False,False,True,1,68.203125,0.919,True,0.22881826508823194,0.22881826508823194,0.20858373337339628,0.3354519211997529,0,0
VER,31,3772.391327777778,6832.027160493828,303,False,False,False,True,1,66.14191419141915,0.879,True,0.19121525994163577,0.19121525994163577,0.17371252888365712,0.28067142100596065,0,0
VER,32,3849.153536111111,7328.395679012345,306,False,False,False,True,1,68.62745098039215,0.84,True,0.16437034800818992,0.16437034800818992,0.12616783819894395,0.24358896833445137,0,0
VER,33,3860.848525,5868.434567901233,317,False,False,False,True,1,67.41009463722398,0.96,True,0.08964703798705195,0.08964703798705195,0.07705402441328425,0.21331078449410654,0,0
VER,34,0.0,0.0,357,True,False,False,False,167,49.5266106442577,0.8,False,0.08964703798705195,0.08964703798705195,0.08964703798705195,0.08964703798705195,0,0
VER,35,3663.084288888889,6352.272839506173,310,False,False,False,True,1,63.170967741935485,0.84,True,0.04404673395471699,0.04404673395471699,0.008620807577082758,0.14081947983437082,0,0
VER,36,3784.905027777778,8057.854938271603,315,False,False,False,True,1,66.63174603174603,0.68,True,0.045117002822541614,0.045117002822541614,0.009905088129174561,0.1163189633669055,0,0
VER,37,3846.917405555556,7211.001851851852,309,False,False,False,True,1,66.10679611650485,0.92,True,0.03054177984463146,0.03054177984463146,0.0,0.10065351271236296,14,0
VER,38,3844.5337972222223,7087.871604938271,318,False,False,False,True,1,66.85534591194968,0.8,True,0.013250964358768227,0.013250964358768227,0.0,0.10457934464057514,14,0
VER,39,3685.479361111111,6948.237654320987,313,False,False,False,True,1,65.93929712460064,0.92,True,0.03596722197569275,0.03596722197569275,0.0,0.07944977133666979,34,0
VER,40,3688.7092222222223,7328.21913580247,326,False,False,False,True,1,63.3957055214724,0.92,True,0.030982761659710988,0.030982761659710988,0.0,0.09323682704255085,8,0
VER,41,0.0,0.0,383,True,False,False,False,1,53.79634464751958,0.68,False,0.030982761659710988,0.030982761659710988,0.030982761659710988,0.030982761659710988,0,0
VER,42,0.0,0.0,325,True,False,False,False,1,65.71076923076923,1.0,False,0.030982761659710988,0.030982761659710988,0.030982761659710988,0.030982761659710988,0,0
VER,43,3847.0030472222224,7479.736419753086,314,False,False,False,True,1,66.62420382165605,0.88,True,0.04176898157300267,0.04176898157300267,0.0,0.07729584417779181,24,0
VER,44,3888.684352777777,7524.795679012344,303,False,False,False,True,1,68.11551155115511,0.48,True,0.030362405803999102,0.030362405803999102,0.0,0.10668870642597496,8,0
VER,45,3871.693727777778,7018.67037037037,311,False,False,False,True,1,67.81993569131832,0.92,True,0.03269765391897904,0.03269765391897904,0.0,0.07011049600771271,30,0
VER,46,3816.723736111111,6910.713580246915,298,False,False,False,True,1,68.26174496644295,0.52,True,0.030792279872341104,0.030792279872341104,0.0,0.0761620876078458,23,0
VER,47,3788.66405,8303.067901234568,309,False,False,False,True,1,64.90614886731392,0.999,True,0.03951284209622284,0.03951284209622284,0.012166732469158564,0.10625533471501966,0,0
VER,48,3793.6007222222224,8581.608024691357,305,False,False,False,True,1,66.35737704918033,1.0,True,0.05687787215318762,0.05687787215318762,0.007997427399257868,0.1202025888252423,0,0
VER,49,3740.367061111111,7799.956790123459,308,False,False,False,True,1,68.34415584415585,0.72,True,0.05267678988732297,0.05267678988732297,0.020010874823136647,0.12566399867512693,0,0
VER,50,3923.4129722222224,7845.354938271605,294,False,False,False,True,1,68.77210884353741,0.8,True,0.051977383045310174,0.051977383045310174,0.0,0.09052081091448014,10,0
VER,51,3768.825572222222,7485.838888888889,305,False,False,False,True,1,67.68524590163935,0.8,True,0.03570138964923658,0.03570138964923658,0.006497599138061035,0.11008934985123965,0,0
VER,52,3890.71985,8205.518518518516,299,False,False,False,True,1,65.82274247491638,0.961,True,0.0443084821101506,0.0443084821101506,0.0,0.09505824334970185,6,0
VER,53,3901.467222222222,7906.195061728393,307,False,False,False,True,1,67.49185667752442,0.961,True,0.0365317179773837,0.0365317179773837,0.0,0.1247043327623564,5,0
VER,54,3923.040172222222,7832.210493827163,307,False,False,False,True,1,67.07817589576547,0.959,True,0.02814649620172255,0.02814649620172255,0.0,0.1063746963361025,6,0
VER,55,3896.61925,7087.046296296298,309,False,False,False,True,1,66.58252427184466,0.96,True,0.03845386925957362,0.03845386925957362,0.0,0.07401804200497589,30,0
VER,56,3911.545611111111,8034.380864197532,312,False,False,False,True,1,66.25,0.76,True,0.03112364775367129,0.03112364775367129,0.0,0.10394174001370901,1,0
VER,57,3797.618894444445,6915.589506172839,315,False,False,False,True,1,67.46984126984127,0.48,True,0.02401540677342721,0.02401540677342721,0.0,0.09033653399022673,24,0
VER,58,3701.120613888889,7312.904320987656,301,False,False,False,True,1,63.10963455149502,0.96,True,0.03613258752415226,0.03613258752415226,0.0,0.07583982174768296,22,0
LAW,1,3609.128688888889,9758.07222222222,381,False,False,False,False,1,61.25721784776903,0.84,False,0.963555387987258,0.963555387987258,0.915229096641616,1.0,0,4
LAW,2,3453.511019444444,8571.166666666666,340,False,False,False,True,1,62.13529411764706,0.881,True,0.9623541336325359,0.9623541336325359,0.9218158003538954,1.0,0,2
LAW,3,3621.536936111111,9145.83950617284,326,False,False,False,True,1,66.1717791411043,0.8,True,0.9608304675065475,0.9608304675065475,0.9133380149910795,1.0,0,3
LAW,4,3472.3258277777777,8553.345061728396,329,False,False,False,True,1,63.98176291793313,0.879,True,0.9514291181249116,0.9514291181249116,0.9016967011623059,1.0,0,2
LAW,5,3673.831458333333,9148.902469135804,337,False,False,False,True,1,65.41543026706232,0.92,True,0.9533806879125516,0.9533806879125516,0.9081598684089516,1.0,0,2
LAW,6,3652.83005,9574.830246913582,334,False,False,False,True,1,65.11976047904191,0.92,True,0.9603974796940354,0.9603974796940354,0.9112436716320376,1.0,0,3
LAW,7,3826.045158333333,8647.704320987656,312,False,False,False,True,1,68.53205128205128,0.999,True,0.9519160782453159,0.9519160782453159,0.9001213997672145,1.0,0,1
LAW,8,3781.188663888889,8533.994444444443,307,False,False,False,True,1,71.23452768729642,0.88,True,0.9379102898888567,0.9379102898888567,0.8900973881053629,1.0,0,1
LAW,9,3746.8605666666663,8559.269753086417,329,False,False,False,True,1,68.47720364741642,0.96,True,0.9577505419169474,0.9577505419169474,0.9049191570036362,0.9998794107671326,0,0
LAW,10,3946.0782333333336,7046.072222222223,314,False,False,False,True,1,72.11783439490446,0.92,True,0.9151750497114738,0.9151750497114738,0.8826633997167481,0.9990808755950786,0,0
LAW,11,0.0,0.0,408,True,False,False,False,16,51.92892156862745,0.52,False,0.9151750497114738,0.9151750497114738,0.9151750497114738,0.9151750497114738,0,0
LAW,12,0.0,0.0,486,True,False,False,False,6,44.0,1.0,False,0.9151750497114738,0.9151750497114738,0.9151750497114738,0.9151750497114738,0,0
LAW,13,0.0,0.0,363,True,False,False,False,671,61.92011019283746,0.88,False,0.9151750497114738,0.9151750497114738,0.9151750497114738,0.9151750497114738,0,0
LAW,14,3720.321702777778,8992.208024691357,312,False,False,False,True,1,67.46474358974359,0.76,True,0.936912296206645,0.936912296206645,0.9055647884978753,1.0,0,1
LAW,15,3806.512291666667,8026.713580246913,336,False,False,False,True,1,65.875,1.0,True,0.9355011041651748,0.9355011041651748,0.9038352327792041,0.9966103773228522,0,0
LAW,17,3891.65865,8002.813580246913,319,False,False,False,True,1,69.81504702194357,0.92,True,0.9274978857709179,0.9274978857709179,0.8845973867317264,0.9813185889385418,0,0
LAW,18,0.0,0.0,392,True,False,False,False,126,46.78061224489796,0.96,False,0.9274978857709179,0.9274978857709179,0.9274978857709179,0.9274978857709179,0,0
LAW,19,0.0,0.0,399,True,False,False,False,671,51.13032581453634,0.881,False,0.9274978857709179,0.9274978857709179,0.9274978857709179,0.9274978857709179,0,0
LAW,20,3824.885225,8280.087654320989,323,False,False,False,True,1,67.78637770897832,0.761,True,0.9244245239055087,0.9244245239055087,0.8984007862603582,1.0,0,1
LAW,21,3944.975169444444,7129.475308641973,310,False,False,False,True,1,70.91290322580645,0.96,True,0.884613915206261,0.884613915206261,0.849116039524621,0.9655782069821759,0,0
LAW,22,3917.386038888889,7100.395061728395,309,False,False,False,True,1,68.79288025889967,1.0,True,0.8457517949429527,0.8457517949429527,0.8104067365517622,0.9199361927568155,0,0
LAW,23,3981.1309861111113,7466.975308641977,301,False,False,False,True,1,71.99335548172758,1.0,True,0.8143525043301956,0.8143525043301956,0.7839080476525708,0.8988313236921971,0,0
LAW,24,3983.308644444444,7930.910493827159,323,False,False,False,True,1,68.40866873065015,0.72,True,0.7977646776378755,0.7977646776378755,0.7747502424125561,0.88228124982964,0,0
LAW,25,3971.2150416666655,8462.963580246913,321,False,False,False,True,1,71.90654205607477,0.72,True,0.7991605929919308,0.7991605929919308,0.7657958538771206,0.8742496662273019,0,0
LAW,26,3976.7035277777777,8215.040740740744,325,False,False,False,True,1,70.33538461538461,0.96,True,0.7921865919937107,0.7921865919937107,0.7607154511217237,0.8804889559219135,0,0
LAW,27,3876.033836111111,8433.948148148145,315,False,False,False,True,1,70.15555555555555,0.961,True,0.7991542570408705,0.7991542570408705,0.7551722619281199,0.8604111038847422,0,0
LAW,28,3775.2301361111113,8128.841975308641,317,False,False,False,True,1,69.34700315457414,0.88,True,0.8031750769524906,0.8031750769524906,0.7892662549585295,0.885561278552577,0,0
LAW,29,4035.0351527777775,8620.108024691355,324,False,False,False,True,1,70.57407407407408,0.919,True,0.805275083842549,0.805275083842549,0.7656174489964479,0.8683195696894505,0,0
LAW,30,3957.220791666666,8525.224691358026,317,False,False,False,True,1,70.89589905362776,0.879,True,0.8096354767221193,0.8096354767221193,0.7797678699996484,0.8801715931811545,0,0
LAW,31,3913.702838888889,8817.108641975308,312,False,False,False,True,1,71.21794871794872,0.48,True,0.826383402682673,0.826383402682673,0.7741378970072438,0.8772698335539459,0,0
LAW,32,3824.4741277777775,7402.62037037037,320,False,False,False,True,1,71.015625,0.96,True,0.8036192820752556,0.8036192820752556,0.7632790833999605,0.888997214355663,0,0
LAW,33,0.0,0.0,420,True,False,False,False,167,52.04285714285714,0.8,False,0.8036192820752556,0.8036192820752556,0.8036192820752556,0.8036192820752556,0,0
LAW,34,0.0,0.0,333,True,False,False,False,1,67.37237237237237,0.84,False,0.8036192820752556,0.8036192820752556,0.8036192820752556,0.8036192820752556,0,0
LAW,35,3871.266416666667,7952.127777777778,312,False,False,False,True,1,70.7275641025641,0.68,True,0.7953758043905526,0.7953758043905526,0.7608226305219367,0.8753610966800759,0,0
LAW,36,3689.9869805555554,8523.295061728393,322,False,False,False,True,1,63.62111801242236,0.92,True,0.8179443575883636,0.8179443575883636,0.7772679050084272,0.8793910573323392,0,0
LAW,37,3886.835088888889,8638.898148148148,324,False,False,False,True,1,69.0925925925926,0.8,True,0.8307825040462358,0.8307825040462358,0.8025756785540726,0.9120257211347846,0,0
LAW,38,3951.139269444444,8078.075925925926,320,False,False,False,True,1,69.98125,0.92,True,0.8211396399652671,0.8211396399652671,0.783738211893796,0.8998723891697604,0,0
LAW,39,3987.167708333333,7499.114814814815,318,False,False,False,True,1,71.11949685534591,0.92,True,0.7903640183245393,0.7903640183245393,0.7526022086444224,0.8629516928664788,0,0
LAW,40,4005.705688888889,7646.922222222222,332,False,False,False,True,1,71.33433734939759,0.52,True,0.7630872731844467,0.7630872731844467,0.7300942833089081,0.8377362670547455,0,0
LAW,41,3935.142583333333,8160.069135802466,305,False,False,False,True,1,72.75081967213114,1.0,True,0.7571820839832217,0.7571820839832217,0.725099048687652,0.834879097082199,0,0
LAW,42,4074.302766666666,8018.152469135802,329,False,False,False,True,1,72.29787234042553,0.88,True,0.7371863822714508,0.7371863822714508,0.7054286262234559,0.8269717000968928,0,0
LAW,43,3988.637380555556,6706.215432098767,304,False,False,False,True,1,70.08881578947368,0.48,True,0.6807419466108623,0.6807419466108623,0.6502509068885217,0.7680893731742509,0,0
LAW,44,4051.5604777777776,8347.606172839507,317,False,False,False,True,1,70.54258675078864,0.92,True,0.6729248742658948,0.6729248742658948,0.6332103716071533,0.7458781798139232,0,0
LAW,45,3836.357,7636.725308641977,304,False,False,False,True,1,70.03618421052632,0.52,True,0.6568974348996736,0.6568974348996736,0.6183695918115535,0.7392021597891977,0,0
LAW,46,3903.1610944444446,8158.074074074075,310,False,False,False,True,1,70.62258064516129,0.999,True,0.6531144392440968,0.6531144392440968,0.6223048928793804,0.7295967481640493,0,0
LAW,47,3986.299744444445,7719.414197530865,313,False,False,False,True,1,70.51437699680511,1.0,True,0.6295020721685253,0.6295020721685253,0.5886135562248194,0.7042825590542404,0,0
LAW,48,3922.036944444445,7462.035185185186,311,False,False,False,True,1,73.15755627009646,0.96,True,0.6019836523138797,0.6019836523138797,0.5782888209580701,0.6867704615774359,0,0
LAW,49,3988.509758333333,7697.946913580248,303,False,False,False,True,1,71.35643564356435,0.681,True,0.5775279422170722,0.5775279422170722,0.5479531004600557,0.6689038862742486,0,0
LAW,50,3900.7263638888894,7758.614197530862,302,False,False,False,True,1,69.7748344370861,0.8,True,0.5610301698494008,0.5610301698494008,0.5210441663626608,0.6434793175562142,0,0
LAW,51,3949.298236111111,8464.05987654321,308,False,False,False,True,1,69.95454545454545,0.961,True,0.5639598569714651,0.5639598569714651,0.5219968655477524,0.6333743533857018,0,0
LAW,52,3908.258830555555,8369.508024691359,316,False,False,False,True,1,68.68037974683544,0.961,True,0.5666463693799333,0.5666463693799333,0.5298061939269573,0.6352677533259262,0,0
LAW,53,3804.866858333333,7576.253086419754,312,False,False,False,True,1,70.23397435897436,0.959,True,0.5508218393888766,0.5508218393888766,0.5090547069925655,0.612015417004621,0,0
LAW,54,3922.029288888889,8790.625925925924,311,False,False,False,True,1,68.54983922829582,0.96,True,0.566146519753441,0.566146519753441,0.527630185702774,0.6244023654026671,0,0
LAW,55,3793.9468027777775,7763.642592592592,322,False,False,False,True,1,67.57453416149069,0.76,True,0.5571112584351107,0.5571112584351107,0.5244777885213054,0.6394684069161648,0,0
LAW,56,3469.2254388888887,8959.227160493829,328,False,False,False,True,1,62.46341463414634,0.48,True,0.6088302969987209,0.6088302969987209,0.5486258761353585,0.6561976500803696,0,0
LAW,57,3772.5210888888887,8123.508487654321,311,False,False,False,True,1,67.60771704180064,0.96,True,0.6128643434881017,0.6128643434881017,0.5658679804885445,0.666927035041384,0,0
OCO,1,3596.526702777778,8989.684567901233,364,False,False,False,False,1,61.494505494505496,0.84,False,0.9623584888858802,0.9623584888858802,0.9111591090531284,1.0,0,3
OCO,2,3562.6797638888884,9534.73148148148,330,False,False,False,True,1,65.64545454545454,0.8,True,0.9833044225552383,0.9833044225552383,0.9240813457118217,1.0,0,4
OCO,3,3725.565836111112,9076.7475308642,328,False,False,False,True,1,66.47560975609755,0.881,True,0.9641482205805588,0.9641482205805588,0.9139017396568782,1.0,0,3
OCO,4,3700.6460027777775,10019.183333333332,330,False,False,False,True,1,65.91515151515152,0.879,True,0.9665336746650433,0.9665336746650433,0.9195116310814855,1.0,0,4
OCO,5,3941.6254,9583.0987654321,333,False,False,False,True,1,69.64564564564564,0.92,True,0.9440176271003178,0.9440176271003178,0.9085776965157507,1.0,0,4
OCO,6,3966.657344444444,8053.855555555555,323,False,False,False,True,1,71.86687306501548,0.92,True,0.9208592016158339,0.9208592016158339,0.8933441539694931,1.0,0,1
OCO,7,3979.164561111111,8913.674691358025,308,False,False,False,True,1,70.5551948051948,0.999,True,0.9362455353460158,0.9362455353460158,0.9018189181169993,0.9974604634310288,0,0
OCO,8,3744.8504083333337,6486.203703703704,304,False,False,False,True,1,70.84210526315789,0.88,True,0.8893738207551407,0.8893738207551407,0.8893738207551407,0.982580491008014,0,0
OCO,9,3579.384958333333,7275.456790123457,324,False,False,False,True,1,65.3179012345679,0.96,True,0.8792654906087456,0.8792654906087456,0.8485954462871302,0.9364682535366056,0,0
OCO,10,3864.269883333333,7121.883950617283,314,False,False,False,True,1,69.35350318471338,0.92,True,0.844727788420823,0.844727788420823,0.8331911355731887,0.9365050204374776,0,0
OCO,11,0.0,0.0,391,True,False,False,False,16,55.230179028132994,0.761,False,0.844727788420823,0.844727788420823,0.844727788420823,0.844727788420823,0,0
OCO,12,0.0,0.0,431,True,False,False,False,6,45.2691415313225,1.0,False,0.844727788420823,0.844727788420823,0.844727788420823,0.844727788420823,0,0
OCO,13,0.0,0.0,429,True,False,False,False,671,54.333333333333336,0.88,False,0.844727788420823,0.844727788420823,0.844727788420823,0.844727788420823,0,0
OCO,14,3906.0623166666655,7016.228395061729,312,False,False,False,True,1,71.62820512820512,0.76,True,0.8039257629307863,0.8039257629307863,0.8039257629307863,0.9130602023274771,0,0
OCO,15,3777.1132055555554,6206.522222222222,330,False,False,False,True,1,69.0,1.0,True,0.7458295022970298,0.7458295022970298,0.7230171727385266,0.8407953612575656,0,0
OCO,16,3851.372877777778,6398.730246913579,314,False,False,False,True,1,69.73885350318471,1.0,True,0.6888542780641063,0.6888542780641063,0.6768544690638134,0.8042324257962753,0,0
OCO,17,3786.982619444444,7381.545061728395,310,False,False,False,True,1,70.51935483870967,0.92,True,0.6679737892613551,0.6679737892613551,0.6116982950173293,0.748798312482166,0,0
OCO,18,0.0,0.0,369,True,False,False,False,126,55.31436314363144,0.96,False,0.6679737892613551,0.6679737892613551,0.6679737892613551,0.6679737892613551,0,0
OCO,19,0.0,0.0,422,True,False,False,False,671,45.27014218009479,0.881,False,0.6679737892613551,0.6679737892613551,0.6679737892613551,0.6679737892613551,0,0
OCO,20,3931.8091611111113,8069.040123456788,328,False,False,False,True,1,69.42682926829268,0.84,True,0.6593611221855935,0.6593611221855935,0.6323549964302825,0.7394754264208846,0,0
OCO,21,4012.321094444445,10023.48703703704,322,False,False,False,True,1,70.74844720496894,0.96,True,0.7082683026848603,0.7082683026848603,0.6471451841435669,0.7503197559575622,0,0
OCO,22,3787.6709527777775,6689.884567901232,305,False,False,False,True,1,67.97704918032787,1.0,True,0.6650370320616257,0.6650370320616257,0.6650370320616257,0.7697491008590184,0,0
OCO,23,3659.58075,8670.145679012345,300,False,False,False,True,1,66.88333333333334,1.0,True,0.6944198525492512,0.6944198525492512,0.6574230561275896,0.7488024827681481,0,0
OCO,24,3825.024108333333,7991.729012345679,318,False,False,False,True,1,70.19496855345912,1.0,True,0.6906149002176875,0.6906149002176875,0.6718027473543644,0.7696416749730414,0,0
OCO,25,3807.8134472222223,7662.632716049382,314,False,False,False,True,1,68.62738853503184,0.72,True,0.6773743683958472,0.6773743683958472,0.6396557531266184,0.7479503749038091,0,0
OCO,26,3839.452477777778,7809.574074074077,324,False,False,False,True,1,68.20679012345678,0.96,True,0.66670908629322,0.66670908629322,0.6402500287046134,0.7463361020577604,0,0
OCO,27,3857.6221472222223,8658.051234567898,318,False,False,False,True,1,68.18867924528301,0.961,True,0.6821621013297365,0.6821621013297365,0.6532846526402774,0.751874966916631,0,0
OCO,28,3756.570280555556,7507.961111111112,316,False,False,False,True,1,66.97784810126582,0.88,True,0.6674373514414971,0.6674373514414971,0.6400062506473291,0.7405972933875621,0,0
OCO,29,3861.016080555555,8842.105555555554,314,False,False,False,True,1,68.39808917197452,0.919,True,0.6885934601996888,0.6885934601996888,0.6570937092877681,0.7473425976717619,0,0
OCO,30,3831.1358944444446,8374.337654320987,327,False,False,False,True,1,68.22935779816514,0.84,True,0.6967084941144857,0.6967084941144857,0.6547011571776773,0.753858238400188,0,0
OCO,31,3679.456666666667,9978.088271604938,305,False,False,False,True,1,67.10819672131147,0.879,True,0.7669091708657758,0.7669091708657758,0.6894811802327718,0.803323865377001,0,0
OCO,32,3753.449519444445,7852.182716049383,319,False,False,False,True,1,65.98432601880877,0.84,True,0.763497770298435,0.763497770298435,0.741875706709775,0.8382623821547869,0,0
OCO,33,0.0,0.0,342,True,False,False,False,16,57.27192982456141,0.96,False,0.763497770298435,0.763497770298435,0.763497770298435,0.763497770298435,0,0
OCO,34,0.0,0.0,335,True,False,False,False,671,64.69850746268656,0.8,False,0.763497770298435,0.763497770298435,0.763497770298435,0.763497770298435,0,0
OCO,35,3674.080461111112,8777.969753086418,314,False,False,False,True,1,66.35350318471338,0.84,True,0.7953662300157849,0.7953662300157849,0.7544544551677429,0.838337110072276,0,0
OCO,36,3905.265522222222,8506.962962962964,314,False,False,False,True,1,68.3312101910828,0.881,True,0.8026898493560627,0.8026898493560627,0.7721084792018494,0.8775363789336871,0,0
OCO,37,3707.466208333333,8630.00925925926,316,False,False,False,True,1,65.82594936708861,0.92,True,0.8275045468112237,0.8275045468112237,0.7737744924108075,0.8657831041548076,0,0
OCO,38,3888.91565,8356.663580246914,331,False,False,False,True,1,69.06646525679758,0.92,True,0.8310993340770373,0.8310993340770373,0.7771053362914161,0.9165968833966436,0,0
OCO,39,3688.7339,9582.992592592593,319,False,False,False,True,1,66.84012539184953,0.92,True,0.8879252349662771,0.8879252349662771,0.8235520554479007,0.9443179846593533,0,0
OCO,40,3793.304122222222,8830.55679012346,334,False,False,False,True,1,65.86826347305389,0.88,True,0.9133383023800832,0.9133383023800832,0.8606087493783435,0.9601216314138312,0,0
OCO,41,3816.32925,7460.636419753084,327,False,False,False,True,1,67.88990825688073,0.68,True,0.8930018573403794,0.8930018573403794,0.8755042318330923,0.9687122651434078,0,0
OCO,42,3713.4661777777774,9372.87716049383,322,False,False,False,True,1,66.99068322981367,1.0,True,0.9413613335754462,0.9413613335754462,0.8831264021730176,0.997687029545786,0,0
OCO,43,3765.4688416666654,8584.053086419752,318,False,False,False,True,1,68.71698113207547,0.88,True,0.9398406815027316,0.9398406815027316,0.9028579418224136,1.0,0,1
OCO,44,3730.116419444445,9440.146913580247,319,False,False,False,True,1,64.72413793103448,0.48,True,0.9624858516939075,0.9624858516939075,0.9134122961380219,1.0,0,2
OCO,45,3646.981036111111,8648.833333333332,313,False,False,False,True,1,67.61341853035144,0.92,True,0.9457927367586053,0.9457927367586053,0.9074906614401833,1.0,0,2
OCO,46,3638.643069444444,9971.08086419753,321,False,False,False,True,1,63.46417445482866,0.999,True,0.9742553629482399,0.9742553629482399,0.9165650378630421,1.0,0,4
OCO,47,3915.376280555556,9432.765432098766,320,False,False,False,True,1,68.821875,0.52,True,0.9558614787917386,0.9558614787917386,0.9090163817162676,1.0,0,3
OCO,48,3814.2926166666666,9236.682716049385,316,False,False,False,True,1,68.4620253164557,1.0,True,0.9543662869539833,0.9543662869539833,0.9076382057050162,1.0,0,2
OCO,49,3792.447613888889,9018.191975308642,303,False,False,False,True,1,69.83498349834983,0.681,True,0.962502646044895,0.962502646044895,0.9119230601292225,1.0,0,3
OCO,50,3478.387277777778,8303.512345679012,321,False,False,False,True,1,60.875389408099686,0.8,True,0.945036288206701,0.945036288206701,0.9082223026953499,1.0,0,2
OCO,51,3641.778061111111,7692.070987654321,310,False,False,False,True,1,64.99677419354839,0.96,True,0.9311453393719423,0.9311453393719423,0.8891359299114039,1.0,0,2
OCO,52,3890.402233333333,8403.591975308642,309,False,False,False,True,1,70.01294498381877,0.961,True,0.9327403296829704,0.9327403296829704,0.9007043319140948,1.0,0,1
OCO,53,3770.0956055555553,8889.510493827162,313,False,False,False,True,1,68.64217252396166,0.879,True,0.9442018759895321,0.9442018759895321,0.9053752220617218,1.0,0,2
OCO,54,3832.746355555556,8372.004938271602,315,False,False,False,True,1,66.66984126984127,0.96,True,0.9266263201735827,0.9266263201735827,0.8824142534441671,1.0,0,2
OCO,55,3760.6104972222224,9040.894444444446,318,False,False,False,True,1,67.87106918238993,0.76,True,0.9514046806472297,0.9514046806472297,0.9157383278866653,1.0,0,2
OCO,56,3828.005155555556,8295.635185185183,326,False,False,False,True,1,69.55828220858896,0.48,True,0.9214131073934014,0.9214131073934014,0.8894931093422939,1.0,0,1
OCO,57,3713.438875,8553.91913580247,297,False,False,False,True,1,67.85185185185185,0.96,True,0.9433658121568022,0.9433658121568022,0.8984332105450841,0.992766726418846,0,0
LIN,1,3952.1017972222216,9459.367901234573,360,False,False,False,False,1,65.24444444444444,0.84,False,0.9615579415820632,0.9615579415820632,0.9125406407093737,1.0,0,5
LIN,2,3664.24115,8161.18209876543,315,False,False,False,True,1,68.97142857142858,0.8,True,0.9185344388272446,0.9185344388272446,0.8765950148581125,1.0,0,2
LIN,3,3689.206730555556,8280.93827160494,326,False,False,False,True,1,66.90184049079754,0.881,True,0.9333411463285132,0.9333411463285132,0.8842834753655052,0.9785557270925646,0,0
LIN,4,3917.3437305555553,7798.816666666666,329,False,False,False,True,1,69.55927051671732,0.879,True,0.9170036631649118,0.9170036631649118,0.8889305697124289,0.985791502069743,0,0
LIN,5,3775.816258333333,8351.261728395062,331,False,False,False,True,1,67.5226586102719,0.92,True,0.9281566987066173,0.9281566987066173,0.9038886978687162,0.9915393451130765,0,0
LIN,6,3886.725125,7807.565432098765,323,False,False,False,True,1,68.54179566563468,0.92,True,0.9141946829924564,0.9141946829924564,0.8812635081686407,0.9793099103797455,0,0
LIN,7,3986.2615527777775,8054.542592592592,310,False,False,False,True,1,69.95483870967742,0.999,True,0.9013916890850027,0.9013916890850027,0.8602935609124498,0.9542249238170659,0,0
LIN,8,3805.4996111111113,8432.606790123456,306,False,False,False,True,1,69.3529411764706,0.88,True,0.91313842153864,0.91313842153864,0.8802192399280176,0.9689355541431018,0,0
LIN,9,3897.991752777778,8191.804938271605,323,False,False,False,True,1,69.96284829721363,0.96,True,0.9107965529717164,0.9107965529717164,0.878724888376807,0.9667317842597449,0,0
LIN,10,3842.2777444444446,7428.283950617284,316,False,False,False,True,1,69.89556962025317,0.92,True,0.8876427891917513,0.8876427891917513,0.8509876259015474,0.9633871116240875,0,0
LIN,11,0.0,0.0,339,True,False,False,False,16,63.23893805309734,0.761,False,0.8876427891917513,0.8876427891917513,0.8876427891917513,0.8876427891917513,0,0
LIN,12,0.0,0.0,414,True,False,False,False,6,44.34782608695652,1.0,False,0.8876427891917513,0.8876427891917513,0.8876427891917513,0.8876427891917513,0,0
LIN,13,0.0,0.0,437,True,False,False,False,67,45.30205949656751,0.88,False,0.8876427891917513,0.8876427891917513,0.8876427891917513,0.8876427891917513,0,0
LIN,14,0.0,0.0,323,True,False,False,False,71,67.343653250774,0.76,False,0.8876427891917513,0.8876427891917513,0.8876427891917513,0.8876427891917513,0,0
LIN,15,3897.505836111112,8338.983333333334,329,False,False,False,True,1,69.35866261398176,0.76,True,0.8900801495935686,0.8900801495935686,0.8503893510742672,0.9598234970324298,0,0
LIN,16,3768.2207722222224,9628.302469135804,315,False,False,False,True,1,68.26984126984127,1.0,True,0.9397199257849526,0.9397199257849526,0.8806278196976082,1.0,0,1
LIN,17,3796.982452777777,7900.672839506173,310,False,False,False,True,1,68.57741935483871,0.92,True,0.9348958854789637,0.9348958854789637,0.898269367220618,0.9941544375036496,0,0
LIN,18,0.0,0.0,394,True,False,False,False,126,51.02030456852792,0.96,False,0.9348958854789637,0.9348958854789637,0.9348958854789637,0.9348958854789637,0,0
LIN,19,0.0,0.0,439,True,False,False,False,671,47.33712984054669,0.881,False,0.9348958854789637,0.9348958854789637,0.9348958854789637,0.9348958854789637,0,0
LIN,20,3816.446113888889,9496.694444444442,323,False,False,False,True,1,68.17027863777089,0.84,True,0.9607258597346373,0.9607258597346373,0.9021384461516914,1.0,0,1
LIN,21,3931.696733333333,9056.953086419751,312,False,False,False,True,1,68.02884615384616,0.96,True,0.954212538711604,0.954212538711604,0.9070655885161198,1.0,0,2
LIN,22,3842.091372222222,8392.972222222223,303,False,False,False,True,1,69.3993399339934,1.0,True,0.946171007966292,0.946171007966292,0.9041306873009107,1.0,0,1
LIN,23,3863.167927777778,9195.804938271604,301,False,False,False,True,1,69.734219269103,1.0,True,0.959571601455592,0.959571601455592,0.9115243084122161,1.0,0,2
LIN,24,3857.062538888888,7780.716049382716,316,False,False,False,True,1,71.31012658227849,1.0,True,0.9197794236852482,0.9197794236852482,0.8850636182821803,1.0,0,1
LIN,25,3977.763894444444,8583.204320987654,314,False,False,False,True,1,71.42356687898089,0.72,True,0.9246049624932556,0.9246049624932556,0.8850913322796997,0.9855629447297806,0,0
LIN,26,3974.167463888889,8813.523456790124,319,False,False,False,True,1,70.73667711598746,0.96,True,0.9371034004287777,0.9371034004287777,0.8942954630309462,0.998309544048454,0,0
LIN,27,3935.646891666667,8924.721604938271,320,False,False,False,True,1,68.921875,0.961,True,0.9351091236326581,0.9351091236326581,0.8984522129403272,1.0,0,1
LIN,28,3930.3398361111113,8101.457407407408,310,False,False,False,True,1,70.84516129032258,0.88,True,0.9276422603847632,0.9276422603847632,0.8854046332508119,0.9832185438484097,0,0
LIN,29,3903.153911111112,8494.054320987652,316,False,False,False,True,1,70.70886075949367,0.84,True,0.9308205587808359,0.9308205587808359,0.900259014349343,1.0,0,1
LIN,30,4084.301047222222,8360.693209876543,326,False,False,False,True,1,72.56134969325153,0.919,True,0.9211870745110764,0.9211870745110764,0.8821093963908384,0.9893545373837886,0,0
LIN,31,3858.571775,7868.570370370371,306,False,False,False,True,1,69.91503267973856,0.879,True,0.9111170659139092,0.9111170659139092,0.8921674327027825,0.9990113605850013,0,0
LIN,32,3781.5657111111113,9382.984567901234,310,False,False,False,True,1,69.31612903225806,0.84,True,0.9551466066161698,0.9551466066161698,0.8871486022851542,0.993606863598854,0,0
LIN,33,0.0,0.0,334,True,False,False,False,16,65.08083832335329,0.96,False,0.9551466066161698,0.9551466066161698,0.9551466066161698,0.9551466066161698,0,0
LIN,34,0.0,0.0,342,True,False,False,False,671,62.3421052631579,0.8,False,0.9551466066161698,0.9551466066161698,0.9551466066161698,0.9551466066161698,0,0
LIN,35,3925.931411111112,9219.308024691356,314,False,False,False,True,1,70.03503184713375,0.84,True,0.9290500196383804,0.9290500196383804,0.8950746869142823,1.0,0,2
LIN,36,3895.288905555556,8305.783333333335,314,False,False,False,True,1,69.00955414012739,0.881,True,0.9305683601506746,0.9305683601506746,0.8864062490847816,0.9846571457451168,0,0
LIN,37,3892.016952777778,8221.811111111114,309,False,False,False,True,1,69.55016181229773,0.92,True,0.9265018620753982,0.9265018620753982,0.8913461786458595,1.0,0,1
LIN,38,3971.70315,8304.385185185187,328,False,False,False,True,1,69.52743902439025,0.8,True,0.9227507870137994,0.9227507870137994,0.8797187143850094,0.9924437451080292,0,0
LIN,39,3755.6212138888886,10045.727777777778,320,False,False,False,True,1,67.34375,0.92,True,0.9511394440734084,0.9511394440734084,0.9066982130065235,1.0,0,1
LIN,40,3846.458805555556,11085.038271604935,341,False,False,False,True,1,67.14956011730206,0.92,True,0.9620147782389799,0.9620147782389799,0.9082799821750492,1.0,0,4
LIN,41,3926.875761111112,9679.65802469136,331,False,False,False,True,1,68.08761329305136,0.68,True,0.9622387305827506,0.9622387305827506,0.9073490685862509,1.0,0,3
LIN,42,3754.161291666667,9901.542592592592,317,False,False,False,True,1,67.7602523659306,1.0,True,0.9619654653435138,0.9619654653435138,0.9062680492630052,1.0,0,3
LIN,43,3893.557458333333,9311.34814814815,323,False,False,False,True,1,69.80495356037152,0.88,True,0.9559538535303104,0.9559538535303104,0.9043953843162797,1.0,0,2
LIN,44,3930.605938888889,8882.545061728397,308,False,False,False,True,1,69.61688311688312,0.48,True,0.9431614538139834,0.9431614538139834,0.8857255952581926,1.0,0,1
LIN,45,3927.6091027777775,8623.798148148147,317,False,False,False,True,1,69.6782334384858,0.92,True,0.9452265007395876,0.9452265007395876,0.9016621574903958,1.0,0,1
LIN,46,3872.6577277777774,8971.768518518516,306,False,False,False,True,1,67.81372549019608,0.999,True,0.9512556105039757,0.9512556105039757,0.9058664653129612,1.0,0,1
LIN,47,3850.492436111112,8143.425925925928,319,False,False,False,True,1,68.31661442006269,0.52,True,0.9355150620854409,0.9355150620854409,0.8999568739557956,1.0,0,1
LIN,48,4002.062661111112,8949.856172839507,314,False,False,False,True,1,70.2452229299363,1.0,True,0.9319601566565169,0.9319601566565169,0.8971177449388161,1.0,0,1
LIN,49,3794.621069444445,8523.805555555555,309,False,False,False,True,1,68.99352750809061,0.48,True,0.9397125699611244,0.9397125699611244,0.9007617288129988,1.0,0,1
LIN,50,3950.451655555556,8331.290123456789,307,False,False,False,True,1,69.29967426710098,0.8,True,0.9267762549469672,0.9267762549469672,0.8862671825623072,1.0,0,1
LIN,51,3892.293975000001,7278.692592592592,311,False,False,False,True,1,70.94212218649518,0.96,True,0.8953791372323266,0.8953791372323266,0.8656813647671446,0.9727761494658981,0,0
LIN,52,4099.297113888889,9342.68209876543,306,False,False,False,True,1,71.35620915032679,0.961,True,0.916386228262537,0.916386228262537,0.8710554066254929,0.9732914081884376,0,0
LIN,53,3686.734266666667,8284.38086419753,315,False,False,False,True,1,67.07936507936508,0.8,True,0.9314729865164245,0.9314729865164245,0.8829744436812131,0.9830848340306209,0,0
LIN,54,3619.3264777777777,11025.954320987656,330,False,False,False,True,1,62.61818181818182,0.959,True,0.9624314668026503,0.9624314668026503,0.9085289377255432,1.0,0,3
LIN,55,3893.3688666666662,9363.403086419756,318,False,False,False,True,1,68.1006289308176,0.96,True,0.9582001817416976,0.9582001817416976,0.8976488175034899,1.0,0,2
LIN,56,3906.667063888889,9200.741358024692,325,False,False,False,True,1,69.78153846153846,0.64,True,0.9405530999593532,0.9405530999593532,0.8952953493727221,1.0,0,2
LIN,57,3786.032644444445,8428.379629629628,304,False,False,False,True,1,68.08881578947368,0.88,True,0.9310468326094923,0.9310468326094923,0.8815406182929595,1.0,0,1
COL,1,2804.1707611111115,9876.36975308642,349,False,False,False,False,1,53.50716332378224,0.84,False,0.978316554816809,0.978316554816809,0.9459229304787582,1.0,0,7
COL,2,3472.9640444444444,8907.1512345679,333,False,False,False,True,1,64.006006006006,0.881,True,0.9714410375618543,0.9714410375618543,0.926357638601509,1.0,0,2
COL,3,3478.851966666667,6553.66975308642,327,False,False,False,True,1,62.51376146788991,0.8,True,0.9449307998191823,0.9449307998191823,0.9027144284380794,0.9860750466461444,0,0
COL,4,3450.273930555555,9219.484567901234,332,False,False,False,True,1,62.12048192771084,0.879,True,0.9661675389323102,0.9661675389323102,0.907808980364457,1.0,0,2
COL,5,3610.7923638888888,8969.859876543213,332,False,False,False,True,1,64.31626506024097,0.92,True,0.9673733422674143,0.9673733422674143,0.9191665583626554,1.0,0,6
COL,6,3465.910597222222,8097.663580246913,325,False,False,False,True,1,63.64615384615384,0.92,True,0.9611398778674063,0.9611398778674063,0.9210323991347372,1.0,0,3
COL,7,3699.393308333333,9958.298765432097,306,False,False,False,True,1,66.01960784313725,0.999,True,0.9619581066101133,0.9619581066101133,0.9148600000858349,1.0,0,3
COL,8,3564.3123722222217,6591.242592592593,304,False,False,False,True,1,66.56907894736842,0.88,True,0.9284495009478027,0.9284495009478027,0.9097354611639262,1.0,0,1
COL,9,0.0,0.0,416,True,False,False,False,1,53.75240384615385,0.96,False,0.9284495009478027,0.9284495009478027,0.9284495009478027,0.9284495009478027,0,0
COL,10,0.0,0.0,346,True,False,False,False,1,67.73121387283237,0.92,False,0.9284495009478027,0.9284495009478027,0.9284495009478027,0.9284495009478027,0,0
COL,11,0.0,0.0,385,True,False,False,False,16,48.27532467532468,0.92,False,0.9284495009478027,0.9284495009478027,0.9284495009478027,0.9284495009478027,0,0
COL,12,0.0,0.0,466,True,False,False,False,6,37.427038626609445,1.0,False,0.9284495009478027,0.9284495009478027,0.9284495009478027,0.9284495009478027,0,0
COL,13,0.0,0.0,351,True,False,False,False,671,58.03133903133903,0.88,False,0.9284495009478027,0.9284495009478027,0.9284495009478027,0.9284495009478027,0,0
COL,14,3801.1857111111112,8898.475925925926,323,False,False,False,True,1,67.88235294117646,0.76,True,0.951562327200119,0.951562327200119,0.9105986681646091,1.0,0,1
COL,15,3915.4002666666665,8946.858024691359,325,False,False,False,True,1,70.06461538461538,1.0,True,0.954058411875343,0.954058411875343,0.9044695372638805,1.0,0,1
COL,16,3763.512233333333,8907.733950617285,318,False,False,False,True,1,69.19182389937107,1.0,True,0.9579367669267064,0.9579367669267064,0.9075975017471729,1.0,0,4
COL,17,1171.4605391666666,2725.2472222222214,314,False,True,False,True,12,70.35031847133757,0.92,False,0.9657257696868511,0.9657257696868511,0.9521512026941356,0.9811719704760254,0,0
COL,18,0.0,0.0,408,True,False,False,False,26,41.94607843137255,0.96,False,0.9657257696868511,0.9657257696868511,0.9657257696868511,0.9657257696868511,0,0
COL,19,0.0,0.0,389,True,False,False,False,671,52.71979434447301,0.881,False,0.9657257696868511,0.9657257696868511,0.9657257696868511,0.9657257696868511,0,0
COL,20,3893.9174,8796.783950617286,317,False,False,False,True,1,69.48895899053628,0.8,True,0.9489303057957097,0.9489303057957097,0.9063752790291312,1.0,0,2
COL,21,4042.721777777778,8744.196296296293,310,False,False,False,True,1,70.86129032258064,0.96,True,0.9351610311637832,0.9351610311637832,0.8819168970751214,1.0,0,1
COL,22,3981.1336972222234,8391.574074074073,311,False,False,False,True,1,71.64951768488746,1.0,True,0.9335767514197335,0.9335767514197335,0.9088410426878636,0.9963619768907912,0,0
COL,23,3991.468402777778,8459.685185185182,301,False,False,False,True,1,70.96345514950166,1.0,True,0.9334822569307036,0.9334822569307036,0.881950117015299,0.971848304744831,0,0
COL,24,3944.2537083333336,8802.356172839505,320,False,False,False,True,1,70.36875,0.72,True,0.9409578637556631,0.9409578637556631,0.9087475134296393,1.0,0,1
COL,25,4026.2933722222224,9666.725308641977,316,False,False,False,True,1,72.64240506329114,0.96,True,0.9580611883914294,0.9580611883914294,0.9056318673937935,1.0,0,1
COL,26,3982.312458333333,8700.527777777777,325,False,False,False,True,1,69.00923076923077,0.961,True,0.9311676188404354,0.9311676188404354,0.8885429128295554,1.0,0,3
COL,27,3879.4080138888894,9192.879012345678,321,False,False,False,True,1,69.21495327102804,0.921,True,0.9494677353919304,0.9494677353919304,0.9084318780195251,1.0,0,2
COL,28,3781.869180555555,9368.737654320988,321,False,False,False,True,1,65.7601246105919,0.88,True,0.9688682594080329,0.9688682594080329,0.9114241595407587,1.0,0,2
COL,29,3910.692877777778,9818.80802469136,330,False,False,False,True,1,68.65454545454546,0.919,True,0.9625915076694421,0.9625915076694421,0.9070647082946476,1.0,0,3
COL,30,3940.367919444445,10100.412962962962,313,False,False,False,True,1,68.6964856230032,0.879,True,0.9617563810088761,0.9617563810088761,0.910755553433321,1.0,0,3
COL,31,3655.483563888889,10022.964814814814,322,False,False,False,True,1,64.4192546583851,0.68,True,0.9632239394148643,0.9632239394148643,0.9168540482987121,1.0,0,3
COL,32,3939.2350277777778,8233.78765432099,322,False,False,False,True,1,69.17080745341615,0.96,True,0.9531730435135125,0.9531730435135125,0.9125683337646142,1.0,0,2
COL,33,0.0,0.0,364,True,False,False,False,167,51.43131868131868,0.8,False,0.9531730435135125,0.9531730435135125,0.9531730435135125,0.9531730435135125,0,0
COL,34,3641.0402722222234,9284.937037037038,309,False,False,False,True,1,64.00970873786407,0.84,True,0.9489939571350366,0.9489939571350366,0.9024706525851027,1.0,0,2
COL,35,3786.596847222222,9491.283950617282,317,False,False,False,True,1,68.41640378548895,0.68,True,0.9513736607483302,0.9513736607483302,0.8939610731571249,1.0,0,2
COL,36,3592.3784416666667,9229.837654320989,326,False,False,False,True,1,62.2361963190184,0.92,True,0.967167561140976,0.967167561140976,0.9103291156816139,1.0,0,3
COL,37,3741.073780555556,11013.487654320988,328,False,False,False,True,1,66.1859756097561,0.8,True,0.9629338608333798,0.9629338608333798,0.9161674194737617,1.0,0,3
COL,38,3738.843230555556,10178.243827160495,327,False,False,False,True,1,66.01223241590215,0.92,True,0.9557308197749563,0.9557308197749563,0.8951901532098605,1.0,0,2
COL,39,3689.569063888889,8907.645061728392,333,False,False,False,True,1,66.76276276276276,0.92,True,0.960466734736077,0.960466734736077,0.9132320479134043,1.0,0,3
COL,40,3556.932219444444,7240.238271604938,324,False,False,False,True,1,64.30555555555556,0.68,True,0.9231483494865295,0.9231483494865295,0.8728993193916751,1.0,0,1
COL,41,3815.1510805555554,7968.988888888891,318,False,False,False,True,1,67.22641509433963,1.0,True,0.9155305216603964,0.9155305216603964,0.8881918480763756,1.0,0,1
COL,42,3860.197438888889,8444.825925925925,328,False,False,False,True,1,67.17378048780488,0.88,True,0.9239316696955758,0.9239316696955758,0.8747592442758053,0.9851434406110253,0,0
COL,43,3846.820222222222,8060.940123456789,315,False,False,False,True,1,66.55555555555556,0.48,True,0.9208683742086771,0.9208683742086771,0.872783881113539,0.985935831236017,0,0
COL,44,3858.1638527777777,8539.762345679013,320,False,False,False,True,1,68.2125,0.92,True,0.932469935348738,0.932469935348738,0.8783431003603822,0.9809890311087818,0,0
COL,45,3805.254791666666,9552.835185185184,304,False,False,False,True,1,66.69407894736842,0.52,True,0.9635010218973484,0.9635010218973484,0.9065052521687094,1.0,0,3
COL,46,0.0,0.0,386,True,False,False,False,1,54.5880829015544,0.999,False,0.9635010218973484,0.9635010218973484,0.9635010218973484,0.9635010218973484,0,0
COL,47,0.0,0.0,338,True,False,False,False,1,64.95266272189349,1.0,False,0.9635010218973484,0.9635010218973484,0.9635010218973484,0.9635010218973484,0,0
COL,48,3878.640580555556,9123.14259259259,300,False,False,False,True,1,70.48666666666666,0.48,True,0.9314154335423106,0.9314154335423106,0.8999144242644124,1.0,0,2
COL,49,4027.647608333333,8776.482716049382,300,False,False,False,True,1,71.36666666666666,0.8,True,0.9331765366436369,0.9331765366436369,0.8961004877244425,1.0,0,3
COL,50,3789.936472222222,8219.174074074073,308,False,False,False,True,1,69.78571428571429,0.96,True,0.9367164696268305,0.9367164696268305,0.8939699597699688,1.0,0,1
COL,51,3613.829370833334,9872.587654320989,305,False,False,False,True,1,64.00327868852459,0.961,True,0.970074545987934,0.970074545987934,0.9138163683067966,1.0,0,2
COL,52,3607.913780555556,9694.693827160494,310,False,False,False,True,1,64.81612903225806,0.8,True,0.9632378094916464,0.9632378094916464,0.9189174082252866,1.0,0,5
COL,53,3804.637597222222,10513.63148148148,327,False,False,False,True,1,65.50152905198777,0.959,True,0.9596132607428427,0.9596132607428427,0.9152941679060397,1.0,0,2
COL,54,3923.9608916666666,9607.6537037037,318,False,False,False,True,1,69.77672955974843,0.96,True,0.9464034211444685,0.9464034211444685,0.9018418177509241,1.0,0,2
COL,55,3998.931691666666,8248.111111111111,319,False,False,False,True,1,71.02194357366771,0.76,True,0.9196995137860302,0.9196995137860302,0.8913679494199906,1.0,0,1
COL,56,3922.074627777778,6808.98148148148,299,False,False,False,True,1,73.56187290969899,0.88,True,0.8711197350561408,0.8711197350561408,0.8358387990902144,0.9599222784867161,0,0
HAM,1,3648.5411166666663,8440.070987654322,344,False,False,False,False,1,63.74418604651163,0.84,False,0.9552598452278924,0.9552598452278924,0.9188943922175619,1.0,0,5
HAM,2,4000.5250916666655,6368.170370370372,320,False,False,False,True,1,71.715625,0.8,True,0.8729257716078817,0.8729257716078817,0.8575053794213557,1.0,0,1
HAM,3,3702.9458583333335,6874.677160493826,319,False,False,False,True,1,67.62382445141066,0.881,True,0.8414459703821493,0.8414459703821493,0.8160050611063188,0.933328360525151,0,0
HAM,4,3518.645572222222,7757.433950617285,315,False,False,False,True,1,63.355555555555554,0.879,True,0.8510324433001137,0.8510324433001137,0.8308876960829538,0.9284006235026542,0,0
HAM,5,3790.157519444445,7237.06172839506,326,False,False,False,True,1,67.7239263803681,0.92,True,0.8252757903394278,0.8252757903394278,0.8197734156978259,0.9236514025448584,0,0
HAM,6,3972.332502777778,6939.25987654321,322,False,False,False,True,1,70.40683229813665,0.92,True,0.7774609937600192,0.7774609937600192,0.7699296091154002,0.8927476876365489,0,0
HAM,7,4116.518902777778,7714.827160493826,308,False,False,False,True,1,71.3603896103896,0.999,True,0.7447978170037336,0.7447978170037336,0.73747446826836,0.8553905077621244,0,0
HAM,8,3785.789127777778,6962.438271604936,299,False,False,False,True,1,71.8361204013378,0.88,True,0.710484143009507,0.710484143009507,0.679378917197173,0.7867134930016122,0,0
HAM,9,3899.9691305555552,10069.851851851852,329,False,False,False,True,1,67.75683890577507,0.96,True,0.7685677718966337,0.7685677718966337,0.6967499980690738,0.8315765174809127,0,0
HAM,10,3781.6265916666666,7985.712962962964,312,False,False,False,True,1,69.20833333333333,0.92,True,0.7675358469046963,0.7675358469046963,0.7383698687403587,0.8386346124798667,0,0
HAM,11,3947.775444444445,7647.236419753085,311,False,False,False,True,1,70.7652733118971,0.761,True,0.7442298395664854,0.7442298395664854,0.7270952870620474,0.8433221036259969,0,0
HAM,12,0.0,0.0,424,True,False,False,False,16,37.7122641509434,0.92,False,0.7442298395664854,0.7442298395664854,0.7442298395664854,0.7442298395664854,0,0
HAM,13,0.0,0.0,441,True,False,False,False,6,39.95918367346939,1.0,False,0.7442298395664854,0.7442298395664854,0.7442298395664854,0.7442298395664854,0,0
HAM,14,0.0,0.0,327,True,False,False,False,671,67.1559633027523,0.88,False,0.7442298395664854,0.7442298395664854,0.7442298395664854,0.7442298395664854,0,0
HAM,15,4037.180068055556,6418.1487654321,313,False,False,False,True,1,74.45047923322684,0.76,True,0.6751774316204567,0.6751774316204567,0.6503038680211753,0.775599408701357,0,0
HAM,16,3948.3000805555553,7205.688271604938,309,False,False,False,True,1,72.37864077669903,1.0,True,0.6375971149944197,0.6375971149944197,0.5995114294094487,0.7212455031330164,0,0
HAM,17,3862.510094444445,8254.462962962964,310,False,False,False,True,1,71.44516129032257,1.0,True,0.6397015857245358,0.6397015857245358,0.6039046569304509,0.7044876440382919,0,0
HAM,18,0.0,0.0,337,True,False,False,False,126,59.961424332344215,0.96,False,0.6397015857245358,0.6397015857245358,0.6397015857245358,0.6397015857245358,0,0
HAM,19,0.0,0.0,421,True,False,False,False,6,34.04750593824228,0.881,False,0.6397015857245358,0.6397015857245358,0.6397015857245358,0.6397015857245358,0,0
HAM,20,0.0,0.0,343,True,False,False,False,671,57.7201166180758,0.84,False,0.6397015857245358,0.6397015857245358,0.6397015857245358,0.6397015857245358,0,0
HAM,21,3877.759361111112,7556.075308641975,314,False,False,False,True,1,70.61783439490446,0.92,True,0.6182428366731837,0.6182428366731837,0.5880104667080536,0.7040629164706502,0,0
HAM,22,3998.2563416666662,8171.282098765432,307,False,False,False,True,1,71.54397394136808,0.96,True,0.6083842325188616,0.6083842325188616,0.5733839089224133,0.6789175964277573,0,0
HAM,23,3840.978375,7489.108641975309,298,False,False,False,True,1,69.51006711409396,1.0,True,0.587280696169694,0.587280696169694,0.5439925854929621,0.6617547832294314,0,0
HAM,24,3922.789211111112,8576.65987654321,301,False,False,False,True,1,69.8970099667774,1.0,True,0.5956537372895842,0.5956537372895842,0.5577754031638393,0.6717900133467182,0,0
HAM,25,3968.7062583333336,7442.987654320986,314,False,False,False,True,1,69.39490445859873,0.72,True,0.5643303860587001,0.5643303860587001,0.5330892819924834,0.6398958765842316,0,0
HAM,26,3942.232766666667,7906.403703703703,314,False,False,False,True,1,70.81528662420382,0.96,True,0.5497605955407651,0.5497605955407651,0.5290218891117234,0.640789343746869,0,0
HAM,27,4069.089655555556,7369.316666666669,317,False,False,False,True,1,71.4826498422713,0.961,True,0.5091985371908867,0.5091985371908867,0.4790786216328584,0.6038008773048517,0,0
HAM,28,0.0,0.0,375,True,False,False,False,1,60.589333333333336,0.921,False,0.5091985371908867,0.5091985371908867,0.5091985371908867,0.5091985371908867,0,0
HAM,29,0.0,0.0,330,True,False,False,False,1,67.56060606060606,0.84,False,0.5091985371908867,0.5091985371908867,0.5091985371908867,0.5091985371908867,0,0
HAM,30,4001.3455388888888,7511.632716049382,317,False,False,False,True,1,70.13564668769716,0.919,True,0.4778572581903223,0.4778572581903223,0.4512074420822577,0.5623558724468118,0,0
HAM,31,3912.02421388889,7470.864197530864,303,False,False,False,True,1,69.86138613861387,0.879,True,0.4513080999757237,0.4513080999757237,0.4244996310253361,0.5426204739580702,0,0
HAM,32,3948.3658916666654,6906.15185185185,304,False,False,False,True,1,71.8717105263158,0.68,True,0.4040642432138676,0.4040642432138676,0.37805630522968686,0.4958024486480528,0,0
HAM,33,3755.192661111111,7917.370987654321,315,False,False,False,True,1,68.25079365079365,0.96,True,0.4026357688144147,0.4026357688144147,0.3626977303662783,0.46280195753424364,0,0
HAM,34,0.0,0.0,359,True,False,False,False,167,48.09470752089136,0.8,False,0.4026357688144147,0.4026357688144147,0.4026357688144147,0.4026357688144147,0,0
HAM,35,3970.181661111111,8816.141358024692,306,False,False,False,True,1,70.82679738562092,0.84,True,0.4154911287477064,0.4154911287477064,0.3732348016060396,0.47642254017070734,0,0
HAM,36,3953.7539472222234,7403.349382716049,310,False,False,False,True,1,70.2741935483871,0.68,True,0.3839118443726423,0.3839118443726423,0.37268054189093525,0.49091893874255194,0,0
HAM,37,3935.346941666666,7767.05987654321,310,False,False,False,True,1,68.69354838709677,0.92,True,0.36531945849854747,0.36531945849854747,0.32559342247075146,0.4384755324491047,0,0
HAM,38,4011.699466666667,7163.08950617284,311,False,False,False,True,1,70.06752411575563,0.8,True,0.32203095195857523,0.32203095195857523,0.30068188092309944,0.4353958181231086,0,0
HAM,39,4105.596569444444,6585.983333333333,313,False,False,False,True,1,71.34504792332268,0.92,True,0.25371310755356213,0.25371310755356213,0.24966135678884654,0.3867302138194345,0,0
HAM,40,3984.756211111111,6841.795061728395,312,False,False,False,True,1,69.59294871794872,0.92,True,0.20190600820108084,0.20190600820108084,0.17133098972444138,0.29848291008912553,0,0
HAM,41,3976.073361111111,7980.873456790123,323,False,False,False,True,1,69.70588235294117,0.52,True,0.18742398452116085,0.18742398452116085,0.14118795334381376,0.2579578612059775,0,0
HAM,42,3907.6716666666666,7305.141975308641,310,False,False,False,True,1,70.38064516129032,0.8,True,0.1558284200572422,0.1558284200572422,0.12928680611949442,0.25495237402921594,0,0
HAM,43,4063.5856666666655,6999.461728395059,312,False,False,False,True,1,71.4775641025641,1.0,True,0.10371608524604116,0.10371608524604116,0.08320366887287758,0.21510287416693732,0,0
HAM,44,4006.057013888889,7492.709876543211,311,False,False,False,True,1,70.66559485530547,0.48,True,0.07144249175466261,0.07144249175466261,0.04033584835994012,0.163481462046639,0,0
HAM,45,4113.396252777778,8621.43888888889,305,False,False,False,True,1,73.15737704918033,0.48,True,0.06822798086422181,0.06822798086422181,0.028936432938647214,0.14986739501035917,0,0
HAM,46,3956.127511111112,7784.448148148149,303,False,False,False,True,1,71.5049504950495,0.92,True,0.04877557108185376,0.04877557108185376,0.00785551722859624,0.14072859521307282,0,0
HAM,47,4041.793061111111,7525.442592592593,305,False,False,False,True,1,71.79016393442623,0.999,True,0.031445452362933536,0.031445452362933536,0.0,0.12036058861039257,16,0
HAM,48,4079.8390277777776,7016.179012345679,313,False,False,False,True,1,70.96485623003196,0.52,True,0.03176887211573587,0.03176887211573587,0.0,0.07797945401383236,35,0
HAM,49,3945.854708333333,7747.608024691358,302,False,False,False,True,1,68.95695364238411,1.0,True,0.03085960090968268,0.03085960090968268,0.0,0.10613457701291606,19,0
HAM,50,3956.086936111111,7726.566049382716,297,False,False,False,True,1,69.98653198653199,0.681,True,0.027413030402795295,0.027413030402795295,0.0,0.10402460673133661,17,0
HAM,51,4003.9672194444447,8009.56975308642,308,False,False,False,True,1,71.11363636363636,0.8,True,0.03928849861449812,0.03928849861449812,0.0,0.09185780236800611,22,0
HAM,52,3965.0361222222223,6653.782098765432,299,False,False,False,True,1,71.0133779264214,0.96,True,0.024043053000994654,0.024043053000994654,0.0,0.07870869702458538,26,0
HAM,53,4091.042177777778,8256.783950617282,302,False,False,False,True,1,73.2251655629139,0.961,True,0.027863714810403502,0.027863714810403502,0.0,0.11666350997494149,15,0
HAM,54,3995.385263888889,7496.333333333334,304,False,False,False,True,1,70.05263157894737,0.879,True,0.03650971143496582,0.03650971143496582,0.0,0.07827217785249621,24,0
HAM,55,4141.098780555555,7488.814197530863,307,False,False,False,True,1,72.54071661237785,0.959,True,0.0365935140107402,0.0365935140107402,0.0,0.08721437352053284,31,0
HAM,56,4003.238263888889,7056.243827160492,311,False,False,False,True,1,69.7684887459807,0.96,True,0.033764244510609165,0.033764244510609165,0.0,0.07972545707143877,30,0
HAM,57,4173.438577777777,7218.462345679012,318,False,False,False,True,1,72.87106918238993,0.64,True,0.025091573241563893,0.025091573241563893,0.0,0.08726012393050817,34,0
HAM,58,3824.100830555555,7730.53209876543,297,False,False,False,True,1,71.44781144781145,0.88,True,0.06199394059305907,0.06199394059305907,0.0,0.08578583663114395,34,0
BOR,1,3817.62195,11177.010493827162,368,False,False,False,False,1,63.01086956521739,0.84,False,0.9616669231171255,0.9616669231171255,0.9132231220212342,1.0,0,7
BOR,2,3764.532375,11169.15185185185,336,False,False,False,True,1,67.43154761904762,0.8,True,0.9617349822852752,0.9617349822852752,0.9248813703204478,1.0,0,6
BOR,3,3910.208291666667,10052.558024691356,328,False,False,False,True,1,68.33231707317073,0.881,True,0.9639892896591986,0.9639892896591986,0.9278065814718248,1.0,0,5
BOR,4,4008.879375,8207.163580246914,329,False,False,False,True,1,69.86018237082067,0.879,True,0.9325390490896924,0.9325390490896924,0.8938383567510642,1.0,0,2
BOR,5,3969.106222222222,8958.820987654319,330,False,False,False,True,1,69.93030303030304,0.92,True,0.9500688727290985,0.9500688727290985,0.8906318453120156,0.9936034933905976,0,0
BOR,7,4038.1303083333337,10181.774691358023,311,False,False,False,True,1,69.66237942122187,0.999,True,0.9560386946901337,0.9560386946901337,0.9068921127243669,1.0,0,2
BOR,8,3778.5404777777776,10101.314814814816,305,False,False,False,True,1,69.81967213114754,0.88,True,0.9603550720206833,0.9603550720206833,0.91769462176996,1.0,0,4
BOR,9,3827.694491666666,8323.887654320988,321,False,False,False,True,1,69.50467289719626,0.96,True,0.933156943251345,0.933156943251345,0.9149086131547547,1.0,0,2
BOR,10,3908.198819444444,8018.997530864199,312,False,False,False,True,1,69.57051282051282,0.92,True,0.9245447755920986,0.9245447755920986,0.8862633712408373,0.9807344300175604,0,0
BOR,11,0.0,0.0,340,True,False,False,False,16,63.32941176470588,0.52,False,0.9245447755920986,0.9245447755920986,0.9245447755920986,0.9245447755920986,0,0
BOR,12,0.0,0.0,422,True,False,False,False,6,40.15402843601896,1.0,False,0.9245447755920986,0.9245447755920986,0.9245447755920986,0.9245447755920986,0,0
BOR,13,0.0,0.0,437,True,False,False,False,671,44.72768878718536,0.88,False,0.9245447755920986,0.9245447755920986,0.9245447755920986,0.9245447755920986,0,0
BOR,14,3941.050372222222,9101.885802469138,315,False,False,False,True,1,71.21269841269842,0.76,True,0.9470410289330005,0.9470410289330005,0.8974068940691242,1.0,0,1
BOR,15,3955.149130555556,9559.425925925923,326,False,False,False,True,1,71.25766871165644,1.0,True,0.9446369339573697,0.9446369339573697,0.9043233397325909,1.0,0,2
BOR,16,3937.356797222222,8131.1117283950625,314,False,False,False,True,1,70.13375796178345,1.0,True,0.9242821033946457,0.9242821033946457,0.9023062923984323,1.0,0,1
BOR,17,4052.447030555556,7052.400617283949,309,False,False,False,True,1,73.12621359223301,0.92,True,0.8743591269534788,0.8743591269534788,0.8743591269534788,1.0,0,1
BOR,18,0.0,0.0,403,True,False,False,False,126,58.8560794044665,0.96,False,0.8743591269534788,0.8743591269534788,0.8743591269534788,0.8743591269534788,0,0
BOR,19,0.0,0.0,432,True,False,False,False,671,51.0300925925926,0.881,False,0.8743591269534788,0.8743591269534788,0.8743591269534788,0.8743591269534788,0,0
BOR,20,4133.845286111111,10367.0,322,False,False,False,True,1,74.17080745341615,0.84,True,0.9260350125435385,0.9260350125435385,0.8636623529693593,0.9876228438318065,0,0
BOR,21,4127.264555555556,7770.682098765432,315,False,False,False,True,1,75.17142857142858,0.96,True,0.8944383048859746,0.8944383048859746,0.8608569570020453,0.9785534455718186,0,0
BOR,22,4126.613724999999,7611.575925925925,305,False,False,False,True,1,75.6360655737705,1.0,True,0.857755455341101,0.857755455341101,0.8474957379889161,0.966889715470832,0,0
BOR,23,4091.602088888889,7571.947530864195,298,False,False,False,True,1,74.43624161073825,1.0,True,0.8221884178161672,0.8221884178161672,0.7975046607292574,0.9125617025342915,0,0
BOR,24,4044.7611888888887,7645.275925925926,316,False,False,False,True,1,74.63291139240506,1.0,True,0.792188417816167,0.792188417816167,0.7623848211053176,0.8809100959080423,0,0
BOR,25,4156.322258333334,7287.188888888888,317,False,False,False,True,1,74.10410094637224,0.72,True,0.7430140499079212,0.7430140499079212,0.7195540077149957,0.8392738840913233,0,0
BOR,26,4150.448388888889,8013.812962962963,318,False,False,False,True,1,74.52201257861635,0.96,True,0.7176724490401876,0.7176724490401876,0.684279673246998,0.7912664865453705,0,0
BOR,27,4035.644225000001,7140.074691358024,319,False,False,False,True,1,73.79937304075236,0.961,True,0.6720047241674575,0.6720047241674575,0.6571836039929063,0.775036887188553,0,0
BOR,28,4023.356266666666,6745.703703703703,313,False,False,False,True,1,74.15015974440895,0.88,True,0.6144599728662166,0.6144599728662166,0.6136934637456608,0.7366749692114241,0,0
BOR,29,4127.164052777778,8159.864197530863,313,False,False,False,True,1,73.6741214057508,0.919,True,0.595419948392848,0.595419948392848,0.561946022450082,0.6750775484767181,0,0
BOR,30,4161.943613888889,7830.191358024693,326,False,False,False,True,1,73.07055214723927,0.84,True,0.5633712574845269,0.5633712574845269,0.5339434846442682,0.6577241378466359,0,0
BOR,31,3927.126761111112,8527.50061728395,302,False,False,False,True,1,71.68543046357615,0.879,True,0.5698625261147263,0.5698625261147263,0.5248870456523691,0.6364894443273879,0,0
BOR,32,4164.003547222223,7931.550000000001,313,False,False,False,True,1,75.50798722044729,0.84,True,0.5409414754179335,0.5409414754179335,0.5196373623403042,0.6379763581941618,0,0
BOR,33,0.0,0.0,385,True,False,False,False,16,62.52467532467532,0.96,False,0.5409414754179335,0.5409414754179335,0.5409414754179335,0.5409414754179335,0,0
BOR,34,0.0,0.0,345,True,False,False,False,671,69.5159420289855,0.8,False,0.5409414754179335,0.5409414754179335,0.5409414754179335,0.5409414754179335,0,0
BOR,35,4197.690355555556,7760.234567901235,310,False,False,False,True,1,75.21290322580646,0.84,True,0.5041929612495861,0.5041929612495861,0.4653979465738549,0.6080712802221303,0,0
BOR,36,4210.315925000001,7100.506172839506,310,False,False,False,True,1,75.28387096774193,0.881,True,0.4453072365475252,0.4453072365475252,0.4210190405640075,0.5494380681586075,0,0
BOR,37,4095.2479222222223,8043.338888888888,309,False,False,False,True,1,72.7799352750809,0.92,True,0.4246917224304026,0.4246917224304026,0.40618520294387667,0.5195181154419065,0,0
BOR,38,4073.373861111111,10551.656790123458,324,False,False,False,True,1,70.89506172839506,0.92,True,0.48645651037864246,0.48645651037864246,0.4117237304948612,0.5247749457597557,0,0
BOR,39,4065.223677777778,9003.03888888889,315,False,False,False,True,1,73.91111111111111,0.92,True,0.4988408027124665,0.4988408027124665,0.4761025704171618,0.590629903734877,0,0
BOR,40,4287.985772222222,7590.252469135803,331,False,False,False,True,1,75.83383685800604,0.88,True,0.45043757291806596,0.45043757291806596,0.4219534468133008,0.5682625243308443,0,0
BOR,41,4220.643144444444,7654.79938271605,324,False,False,False,True,1,75.01234567901234,0.68,True,0.40871988055503083,0.40871988055503083,0.3778971066199033,0.5063701175192649,0,0
BOR,42,4263.847125,6769.370370370369,316,False,False,False,True,1,74.1613924050633,1.0,True,0.335496291695387,0.335496291695387,0.3093585062378282,0.4443251629672373,0,0
BOR,43,4161.005511111111,6796.604938271606,313,False,False,False,True,1,74.9520766773163,0.88,True,0.27018205648531485,0.27018205648531485,0.2417820173062088,0.3719623932717004,0,0
BOR,44,4227.014397222222,7487.385802469134,307,False,False,False,True,1,74.96091205211727,0.48,True,0.2226302467690647,0.2226302467690647,0.199018299820773,0.3291816501916823,0,0
BOR,45,4194.816919444445,7874.80987654321,311,False,False,False,True,1,75.55948553054662,0.92,True,0.18977285304510189,0.18977285304510189,0.15997615383384145,0.286121312844568,0,0
BOR,46,4114.559469444444,7172.208641975306,305,False,False,False,True,1,74.4032786885246,0.999,True,0.13974602014273602,0.13974602014273602,0.1071295465209305,0.24422383144188778,0,0
BOR,47,4144.799286111112,7892.092592592593,311,False,False,False,True,1,75.02893890675242,0.52,True,0.1108655681586849,0.1108655681586849,0.08267087618612101,0.1988627354379909,0,0
BOR,48,4214.853766666667,8090.883333333335,320,False,False,False,True,1,73.671875,1.0,True,0.08360592579498835,0.08360592579498835,0.05751644835220028,0.1764534649009478,0,0
BOR,49,3940.702652777778,8289.852469135803,306,False,False,False,True,1,72.09477124183006,0.48,True,0.08150567818897055,0.08150567818897055,0.04223470999923893,0.14330253815109528,0,0
BOR,50,4165.720244444445,8390.388271604937,306,False,False,False,True,1,74.7483660130719,0.8,True,0.0672632483517924,0.0672632483517924,0.03542855489634746,0.14731915728797204,0,0
BOR,51,3905.1522916666663,8510.925925925927,315,False,False,False,True,1,70.68571428571428,0.96,True,0.0747224013080273,0.0747224013080273,0.03580225582520866,0.12862048233088447,0,0
BOR,52,4168.196130555556,8177.116049382716,302,False,False,False,True,1,72.73509933774834,0.961,True,0.05343338787683145,0.05343338787683145,0.023143013502692565,0.14559605652987803,0,0
BOR,53,3772.0441555555553,8517.586419753086,317,False,False,False,True,1,69.14826498422713,0.8,True,0.07020772769260358,0.07020772769260358,0.015440120768743551,0.1185017646006846,0,0
BOR,54,4080.486236111111,9397.567901234566,316,False,False,False,True,1,72.54113924050633,0.959,True,0.09427077317250936,0.09427077317250936,0.056517877966847985,0.15209321353650151,0,0
BOR,55,3970.4755555555553,10001.987037037035,320,False,False,False,True,1,71.671875,0.96,True,0.14534556930426618,0.14534556930426618,0.08916670608076568,0.20766024223184662,0,0
BOR,56,4116.485925,7548.433950617285,325,False,False,False,True,1,72.62769230769231,0.64,True,0.10731902656854118,0.10731902656854118,0.07594506816305546,0.19747411820208982,0,0
BOR,57,3807.0082027777776,9574.295679012344,304,False,False,False,True,1,69.71052631578948,0.88,True,0.15577824038459262,0.15577824038459262,0.0936890771757536,0.2300962654145721,0,0
SAI,1,3552.748222222222,10512.427160493828,367,False,False,False,False,1,58.20708446866485,0.84,False,0.9612263640590143,0.9612263640590143,0.9231819146354523,1.0,0,5
SAI,2,3572.3217,9346.252469135805,331,False,False,False,True,1,63.918429003021146,0.881,True,0.9559864260954981,0.9559864260954981,0.8988127274173615,1.0,0,3
SAI,3,3708.284630555556,11202.666666666668,334,False,False,False,True,1,65.2874251497006,0.8,True,0.9629102064594777,0.9629102064594777,0.9125306044153506,1.0,0,4
SAI,4,3670.102725,10547.30061728395,333,False,False,False,True,1,65.09909909909909,0.879,True,0.9686149572275807,0.9686149572275807,0.9074375533500119,1.0,0,4
SAI,5,3663.379944444445,8388.222839506172,328,False,False,False,True,1,65.90243902439025,0.92,True,0.9384621905053516,0.9384621905053516,0.88141112609906,1.0,0,3
SAI,6,3822.705244444445,9709.04012345679,332,False,False,False,True,1,66.5210843373494,0.92,True,0.9592542667440581,0.9592542667440581,0.9005823563817789,1.0,0,1
SAI,7,3998.593552777778,8749.512962962965,308,False,False,False,True,1,70.60714285714286,0.999,True,0.9340030322047401,0.9340030322047401,0.8889690993486102,1.0,0,2
SAI,8,3777.462436111111,8394.688271604939,307,False,False,False,True,1,69.64495114006515,0.88,True,0.9459735613914955,0.9459735613914955,0.9101418550871918,1.0,0,1
SAI,9,3756.2426944444446,8877.93888888889,326,False,False,False,True,1,68.23926380368098,0.96,True,0.96280507046464,0.96280507046464,0.9021296905423843,1.0,0,1
SAI,10,3929.836958333333,6907.228395061729,315,False,False,False,True,1,69.64444444444445,0.92,True,0.910181616725828,0.910181616725828,0.880371901113065,1.0,0,1
SAI,11,0.0,0.0,397,True,False,False,False,16,53.984886649874056,0.52,False,0.910181616725828,0.910181616725828,0.910181616725828,0.910181616725828,0,0
SAI,12,0.0,0.0,434,True,False,False,False,6,43.75806451612903,1.0,False,0.910181616725828,0.910181616725828,0.910181616725828,0.910181616725828,0,0
SAI,13,0.0,0.0,413,True,False,False,False,671,44.54479418886199,0.88,False,0.910181616725828,0.910181616725828,0.910181616725828,0.910181616725828,0,0
SAI,14,3656.577366666667,9270.458024691356,311,False,False,False,True,1,65.40192926045016,0.76,True,0.9591278254868859,0.9591278254868859,0.8998065242990293,0.9962800558330538,0,0
SAI,15,3875.494475,10282.114197530867,328,False,False,False,True,1,69.20731707317073,1.0,True,0.9598879293767366,0.9598879293767366,0.9142878992947572,1.0,0,4
SAI,16,3616.120572222222,8277.864197530866,311,False,False,False,True,1,66.83601286173634,1.0,True,0.9537804016908139,0.9537804016908139,0.9166586858275646,1.0,0,3
SAI,17,3697.881736111112,7869.259259259259,311,False,False,False,True,1,68.09003215434083,0.92,True,0.9292853321751898,0.9292853321751898,0.9012054770287267,1.0,0,1
SAI,18,0.0,0.0,374,True,False,False,False,126,47.49465240641711,0.96,False,0.9292853321751898,0.9292853321751898,0.9292853321751898,0.9292853321751898,0,0
SAI,19,0.0,0.0,411,True,False,False,False,671,43.39172749391727,0.881,False,0.9292853321751898,0.9292853321751898,0.9292853321751898,0.9292853321751898,0,0
SAI,20,3731.958033333333,10098.208024691356,324,False,False,False,True,1,66.1574074074074,0.84,True,0.9627576105464061,0.9627576105464061,0.9114008466857154,1.0,0,2
SAI,21,3775.944608333333,10117.22901234568,315,False,False,False,True,1,68.98412698412699,0.96,True,0.9621210356677165,0.9621210356677165,0.9062478575939276,1.0,0,3
SAI,22,3878.129575,8852.317901234568,308,False,False,False,True,1,69.39285714285714,1.0,True,0.9617814668123984,0.9617814668123984,0.909599724273196,1.0,0,3
SAI,23,3847.3601333333336,9202.117283950618,306,False,False,False,True,1,69.39542483660131,1.0,True,0.9609934998766048,0.9609934998766048,0.9140984667396655,1.0,0,2
SAI,24,3785.849933333333,9625.27777777778,317,False,False,False,True,1,67.86435331230284,1.0,True,0.962158759716543,0.962158759716543,0.9070212204206474,1.0,0,3
SAI,25,3863.7944916666665,9223.561728395063,321,False,False,False,True,1,67.74766355140187,0.72,True,0.9657377881839433,0.9657377881839433,0.9137886627509054,1.0,0,4
SAI,26,3920.944197222222,9274.759876543209,330,False,False,False,True,1,68.67272727272727,0.96,True,0.9627442615897963,0.9627442615897963,0.9123765182409963,1.0,0,4
SAI,27,3866.840094444444,8994.54074074074,323,False,False,False,True,1,68.58204334365325,0.961,True,0.9555546992324527,0.9555546992324527,0.9097028992301754,1.0,0,2
SAI,28,3707.028694444444,9579.487654320988,316,False,False,False,True,1,67.4367088607595,0.88,True,0.9631029719259174,0.9631029719259174,0.9192610668906915,1.0,0,3
SAI,29,3759.0382222222224,10597.248148148146,334,False,False,False,True,1,65.46407185628742,0.919,True,0.9636943658375662,0.9636943658375662,0.9125905003632129,1.0,0,6
SAI,30,3859.731333333333,9107.215432098765,328,False,False,False,True,1,67.6829268292683,0.84,True,0.9406015544359257,0.9406015544359257,0.907442555582213,1.0,0,2
SAI,31,3724.213763888889,9390.657407407409,311,False,False,False,True,1,66.90032154340837,0.879,True,0.9631385436952556,0.9631385436952556,0.9148526760060404,1.0,0,3
SAI,32,3728.3512333333338,9764.698765432098,330,False,False,False,True,1,65.39696969696969,0.96,True,0.962930348589767,0.962930348589767,0.9157027435563054,1.0,0,3
SAI,33,0.0,0.0,439,True,False,False,False,167,43.37129840546697,0.8,False,0.962930348589767,0.962930348589767,0.962930348589767,0.962930348589767,0,0
SAI,34,0.0,0.0,339,True,False,False,False,1,62.525073746312685,0.84,False,0.962930348589767,0.962930348589767,0.962930348589767,0.962930348589767,0,0
SAI,35,3775.172088888889,9787.307407407408,316,False,False,False,True,1,66.99050632911393,0.68,True,0.9537656949198917,0.9537656949198917,0.9139528194035506,1.0,0,3
SAI,36,3819.480930555556,9905.629629629631,314,False,False,False,True,1,69.20382165605096,0.92,True,0.9610405311923506,0.9610405311923506,0.9085087721056445,1.0,0,2
SAI,37,3817.972730555556,10352.562345679013,323,False,False,False,True,1,66.53869969040248,0.8,True,0.9627750110984113,0.9627750110984113,0.91374175433886,1.0,0,4
SAI,38,3537.416291666667,10222.79938271605,327,False,False,False,True,1,63.44648318042813,0.92,True,0.968499025271206,0.968499025271206,0.914526365735595,1.0,0,3
SAI,39,3622.877658333333,11554.124691358023,336,False,False,False,True,1,63.71726190476191,0.92,True,0.9627503034692331,0.9627503034692331,0.919713696561447,1.0,0,5
SAI,40,3639.2531972222223,10898.234567901236,334,False,False,False,True,1,62.31437125748503,0.68,True,0.9623231302107756,0.9623231302107756,0.915759797525107,1.0,0,6
SAI,41,3683.835088888889,10705.185802469136,319,False,False,False,True,1,64.69905956112852,1.0,True,0.9621251256254567,0.9621251256254567,0.9008495943912966,1.0,0,3
SAI,42,3904.632566666666,9710.707407407408,330,False,False,False,True,1,66.83333333333333,0.88,True,0.9660952298274524,0.9660952298274524,0.9056156585642227,1.0,0,2
SAI,43,3871.8071777777777,10471.896296296294,313,False,False,False,True,1,66.74760383386581,0.48,True,0.962200067226208,0.962200067226208,0.9044816674747711,1.0,0,3
SAI,44,3890.2195861111113,9004.08024691358,321,False,False,False,True,1,67.79127725856698,0.92,True,0.9641739937156206,0.9641739937156206,0.9125377132066546,1.0,0,4
SAI,45,0.0,0.0,424,True,False,False,False,1,49.86792452830189,0.999,False,0.9641739937156206,0.9641739937156206,0.9641739937156206,0.9641739937156206,0,0
SAI,46,0.0,0.0,343,True,False,False,False,1,67.4868804664723,0.52,False,0.9641739937156206,0.9641739937156206,0.9641739937156206,0.9641739937156206,0,0
SAI,47,3617.75615,9745.335185185184,356,False,False,False,True,1,56.31460674157304,1.0,True,0.966573576441647,0.966573576441647,0.9149303151253534,1.0,0,6
SAI,48,3890.124061111111,7867.348765432098,302,False,False,False,True,1,71.6523178807947,0.681,True,0.9543069915977307,0.9543069915977307,0.9150459357227674,0.9967842301857636,0,0
SAI,49,4002.8995972222224,8437.456790123459,312,False,False,False,True,1,71.90384615384616,0.8,True,0.9308088857371908,0.9308088857371908,0.8981657818464701,1.0,0,1
SAI,50,3747.182305555555,8491.981481481482,298,False,False,False,True,1,69.1744966442953,0.96,True,0.9347404082426762,0.9347404082426762,0.8946650654440781,1.0,0,1
SAI,51,3850.758994444445,9021.396913580244,307,False,False,False,True,1,68.1042345276873,0.961,True,0.9610201001409187,0.9610201001409187,0.9072577354932059,1.0,0,1
SAI,52,3734.8778166666666,8710.527777777777,308,False,False,False,True,1,68.60064935064935,0.959,True,0.9559436911247773,0.9559436911247773,0.9121933382870734,1.0,0,3
SAI,54,3769.229994444445,8786.894444444446,319,False,False,False,True,1,68.9717868338558,0.76,True,0.951261741965359,0.951261741965359,0.9181701535232031,1.0,0,2
SAI,55,3817.417519444444,7746.974691358025,320,False,False,False,True,1,68.19375,0.48,True,0.9112008382778645,0.9112008382778645,0.9075308902333057,1.0,0,1
SAI,56,3680.37395,9922.441358024693,301,False,False,False,True,1,66.29900332225914,0.96,True,0.9647773479429522,0.9647773479429522,0.899143667168913,1.0,0,2
HAD,1,3643.565886111112,8016.953703703704,360,False,False,False,False,1,60.00833333333333,0.84,False,0.9624496268151403,0.9624496268151403,0.9076343564926314,1.0,0,3
HAD,2,3769.6032472222223,7513.844444444444,324,False,False,False,True,1,67.77160493827161,0.8,True,0.9134619884739001,0.9134619884739001,0.8803192345972946,1.0,0,2
HAD,3,3713.016419444444,6530.29938271605,322,False,False,False,True,1,65.98757763975155,0.881,True,0.8701886542292487,0.8701886542292487,0.8391583444352979,0.9683842858757006,0,0
HAD,4,3956.406088888889,6850.808641975307,328,False,False,False,True,1,68.95426829268293,0.879,True,0.8206104688281883,0.8206104688281883,0.7896056173183943,0.9272264581203843,0,0
HAD,5,3963.404986111111,6360.725925925925,329,False,False,False,True,1,72.12462006079028,0.92,True,0.7547502620319654,0.7547502620319654,0.7253667052545981,0.8707131836471932,0,0
HAD,6,4036.266325,6119.228395061729,324,False,False,False,True,1,71.16666666666667,0.92,True,0.6761211501519988,0.6761211501519988,0.6402438920953496,0.7967508354872469,0,0
HAD,7,4003.327241666667,5113.938271604939,312,False,False,False,True,1,68.55128205128206,0.999,True,0.5673268144104866,0.5673268144104866,0.565314467226313,0.7145558876634192,0,0
HAD,8,3980.010383333333,5726.864197530864,307,False,False,False,True,1,71.93159609120521,0.88,True,0.4798914149662479,0.4798914149662479,0.460226068420489,0.6170475956878838,0,0
HAD,9,3938.721702777778,5767.697530864198,322,False,False,False,True,1,70.02173913043478,0.96,True,0.3965955996328033,0.3965955996328033,0.364181327195196,0.5295848042429281,0,0
HAD,10,3964.1430638888887,6662.913580246914,317,False,False,False,True,1,69.78864353312302,0.92,True,0.3404294656518478,0.3404294656518478,0.3178964701341763,0.4758615596233028,0,0
RUS,1,3531.5661277777776,6806.287654320988,345,False,False,False,False,1,60.83478260869565,0.84,False,0.923973224197964,0.923973224197964,0.8993226277740332,1.0,0,2
RUS,2,3685.3359194444447,8844.342592592593,317,False,False,False,True,1,65.9968454258675,0.8,True,0.9478456010251165,0.9478456010251165,0.9089512895176909,1.0,0,1
RUS,3,3651.647383333333,9109.633333333331,333,False,False,False,True,1,63.48048048048048,0.881,True,0.9628244054663825,0.9628244054663825,0.9040809806999797,1.0,0,2
RUS,4,3499.266119444445,8845.061728395063,323,False,False,False,True,1,60.71517027863777,0.879,True,0.9643070197050646,0.9643070197050646,0.9171645092202833,1.0,0,4
RUS,5,3798.319211111112,7399.553086419755,319,False,False,False,True,1,67.01253918495298,0.92,True,0.9259069884949578,0.9259069884949578,0.9148320697358613,1.0,0,2
RUS,6,3592.1173500000004,8412.72037037037,318,False,False,False,True,1,62.87421383647799,0.92,True,0.951601083639475,0.951601083639475,0.9081677167395603,0.9878683693204554,0,0
RUS,7,3844.4560916666665,7898.049382716051,306,False,False,False,True,1,66.2124183006536,0.999,True,0.9336844793757577,0.9336844793757577,0.9014269096440548,1.0,0,1
RUS,8,3423.028955555555,8290.493827160495,294,False,False,False,True,1,64.80952380952381,0.92,True,0.9669975060938222,0.9669975060938222,0.9141847808493475,0.9965414077470088,0,0
RUS,9,3535.8869222222224,8787.75,326,False,False,False,True,1,61.91104294478528,0.96,True,0.9285165199150817,0.9285165199150817,0.8995476958723343,1.0,0,3
RUS,10,3629.0651027777776,8330.219135802468,309,False,False,False,True,1,66.29449838187702,0.92,True,0.9482186214461452,0.9482186214461452,0.9065779451005032,1.0,0,1
RUS,11,3664.107266666667,8655.037037037036,308,False,False,False,True,1,65.86688311688312,0.761,True,0.9453097960063899,0.9453097960063899,0.9035232918066052,1.0,0,1
RUS,12,0.0,0.0,461,True,False,False,False,16,38.62039045553146,1.0,False,0.9453097960063899,0.9453097960063899,0.9453097960063899,0.9453097960063899,0,0
RUS,13,0.0,0.0,448,True,False,False,False,67,42.703125,0.88,False,0.9453097960063899,0.9453097960063899,0.9453097960063899,0.9453097960063899,0,0
RUS,14,0.0,0.0,316,True,False,False,False,71,64.51898734177215,0.76,False,0.9453097960063899,0.9453097960063899,0.9453097960063899,0.9453097960063899,0,0
RUS,15,3867.146461111111,7152.997530864198,317,False,False,False,True,1,68.99369085173501,0.76,True,0.9115787345831089,0.9115787345831089,0.9046968162478511,0.9996975201919177,0,0
RUS,16,4043.564138888889,7451.185185185188,308,False,False,False,True,1,71.19155844155844,1.0,True,0.8754018024293494,0.8754018024293494,0.8543301597990829,0.9667526069867669,0,0
RUS,17,3938.714730555555,6456.586419753085,298,False,False,False,True,1,70.04697986577182,1.0,True,0.8143208103301356,0.8143208103301356,0.8048059722964228,0.9338295159507893,0,0
RUS,18,0.0,0.0,321,True,False,False,False,126,62.17133956386293,0.96,False,0.8143208103301356,0.8143208103301356,0.8143208103301356,0.8143208103301356,0,0
RUS,19,0.0,0.0,432,True,False,False,False,6,38.5300925925926,0.881,False,0.8143208103301356,0.8143208103301356,0.8143208103301356,0.8143208103301356,0,0
RUS,20,0.0,0.0,332,True,False,False,False,671,61.18975903614458,0.84,False,0.8143208103301356,0.8143208103301356,0.8143208103301356,0.8143208103301356,0,0
RUS,21,3632.216236111112,6297.918518518518,294,False,False,False,True,1,66.70068027210884,0.96,True,0.7690781660768082,0.7690781660768082,0.7690781660768082,0.8814379017727602,0,0
RUS,22,3626.2402,5671.382716049382,294,False,False,False,True,1,66.52721088435374,0.879,True,0.7040404251462243,0.7040404251462243,0.7040404251462243,0.7947255120142475,0,0
RUS,23,3612.319905555556,7159.290123456791,286,False,False,False,True,1,69.67482517482517,1.0,True,0.68793439712087,0.68793439712087,0.660222533239102,0.7516193052842056,0,0
RUS,24,3676.6676805555553,7730.865432098764,295,False,False,False,True,1,66.72881355932203,1.0,True,0.6858603846302086,0.6858603846302086,0.6722320458760231,0.7698092620212011,0,0
RUS,25,4001.3666722222224,8098.667901234567,307,False,False,False,True,1,70.0814332247557,0.72,True,0.6734475684174553,0.6734475684174553,0.6407039432551088,0.7410194826320099,0,0
RUS,26,3806.184916666667,7566.135802469135,311,False,False,False,True,1,69.37942122186494,0.96,True,0.6572066763747387,0.6572066763747387,0.6280034382713,0.7289838060910946,0,0
RUS,27,3977.954955555555,6942.169753086419,316,False,False,False,True,1,70.00632911392405,0.961,True,0.609101314649782,0.609101314649782,0.59311610683564,0.6944063238234819,0,0
RUS,28,3565.5371166666664,7627.959259259258,311,False,False,False,True,1,65.35048231511254,0.921,True,0.6113067585961969,0.6113067585961969,0.5863990247901125,0.6756175279925597,0,0
RUS,29,3857.770333333333,7297.141358024694,306,False,False,False,True,1,70.54901960784314,0.88,True,0.5828648822633712,0.5828648822633712,0.5676367347077257,0.6768191445852596,0,0
RUS,30,3899.6397472222234,5469.675925925926,317,False,False,False,True,1,68.84858044164038,0.919,True,0.4926308499559559,0.4926308499559559,0.4926308499559559,0.6073148312955449,0,0
RUS,31,3598.200883333333,5658.851851851852,287,False,False,False,True,1,69.66898954703832,0.879,True,0.42910603788237994,0.42910603788237994,0.42597524812756377,0.5109152440775123,0,0
RUS,32,3055.0130805555555,4596.643827160493,266,False,False,False,True,1,64.41353383458646,0.68,True,0.36846554915558455,0.36846554915558455,0.36846554915558455,0.4590714584332575,0,0
RUS,33,2952.482986111111,3136.530864197532,249,False,False,False,True,1,69.59437751004016,0.96,True,0.2677511673264654,0.2677511673264654,0.2677511673264654,0.39778071213950184,0,0
RUS,34,0.0,0.0,313,True,False,False,False,167,54.34504792332268,0.8,False,0.2677511673264654,0.2677511673264654,0.2677511673264654,0.2677511673264654,0,0
RUS,35,3927.7345416666662,7027.514197530864,306,False,False,False,True,1,69.29084967320262,0.759,True,0.22583137266632014,0.22583137266632014,0.21766562590088256,0.33797920814586624,0,0
RUS,36,3681.9267972222224,6611.412345679013,291,False,False,False,True,1,70.62199312714776,0.84,True,0.18729921024548699,0.18729921024548699,0.18729921024548699,0.30255221186518827,0,0
RUS,37,4050.8843166666666,7119.024691358025,310,False,False,False,True,1,70.56774193548387,0.92,True,0.13991075101486844,0.13991075101486844,0.11822844563139362,0.23962476422940346,0,0
RUS,38,3962.6633527777776,7326.154320987653,301,False,False,False,True,1,71.11295681063123,0.8,True,0.10523306287232931,0.10523306287232931,0.09370161530089625,0.21078533138538572,0,0
RUS,39,4037.587425,6984.575925925924,317,False,False,False,True,1,69.34384858044164,0.92,True,0.05441817278093264,0.05441817278093264,0.0258551985773934,0.15740029734658662,0,0
RUS,40,4065.759,6975.086419753085,311,False,False,False,True,1,69.79099678456592,0.92,True,0.0222003033998748,0.0222003033998748,0.0,0.11272251828080941,16,0
RUS,41,4053.257983333333,8295.529012345676,321,False,False,False,True,1,69.51401869158879,0.88,True,0.019334317240213346,0.019334317240213346,0.0,0.10067554316812294,5,0
RUS,42,3925.196355555556,8226.41049382716,319,False,False,False,True,1,67.13793103448276,0.68,True,0.03666115941193077,0.03666115941193077,0.0,0.0813853429973754,12,0
RUS,43,4139.527461111111,6931.9851851851845,313,False,False,False,True,1,71.9297124600639,1.0,True,0.02633487312018501,0.02633487312018501,0.0,0.09414802348260505,33,0
RUS,44,3922.693738888889,7543.674691358025,310,False,False,False,True,1,70.84516129032258,0.88,True,0.028133755405378318,0.028133755405378318,0.0,0.08161624177131503,18,0
RUS,45,3951.205369444445,8622.096913580246,303,False,False,False,True,1,68.48514851485149,0.48,True,0.036577106577790744,0.036577106577790744,0.0,0.08866143188404255,1,0
RUS,46,3787.436527777778,8609.899382716048,307,False,False,False,True,1,66.55374592833876,0.92,True,0.055275874596808994,0.055275874596808994,0.02375876577055484,0.11381900323934101,0,0
RUS,47,3908.257525,7917.493827160495,305,False,False,False,True,1,70.15081967213115,0.999,True,0.04338654073518138,0.04338654073518138,0.0028052669627651387,0.10887712150535105,0,0
RUS,48,4041.194347222222,8359.96851851852,310,False,False,False,True,1,69.28709677419354,0.52,True,0.03667682957086954,0.03667682957086954,0.0038317896231899653,0.11982905609852405,0,0
RUS,49,4037.592038888889,7343.314814814815,308,False,False,False,True,1,70.18181818181819,1.0,True,0.017991093297290296,0.017991093297290296,0.0,0.09899708864909233,15,0
RUS,50,3606.077827777778,7958.657407407407,288,False,False,False,True,1,66.37152777777777,0.48,True,0.028088729703281887,0.028088729703281887,0.002782212184732142,0.10547524687259709,0,0
RUS,51,4029.5405666666666,7802.185185185185,303,False,False,False,True,1,70.04950495049505,0.8,True,0.035106182994257606,0.035106182994257606,0.0,0.07842576413359915,19,0
RUS,52,3593.150688888889,8772.620370370369,298,False,False,False,True,1,65.48322147651007,0.96,True,0.0723351931625932,0.0723351931625932,0.019957234767524264,0.11411557337975402,0,0
RUS,53,3997.663522222222,7115.875308641975,299,False,False,False,True,1,68.44816053511705,0.961,True,0.028483804735105,0.028483804735105,0.0037742128350629137,0.1215462693655825,0,0
RUS,54,3815.2383666666665,8096.219135802469,297,False,False,False,True,1,69.4006734006734,0.8,True,0.028717343801315697,0.028717343801315697,0.002468648850655569,0.11049951275610297,0,0
RUS,55,3877.307888888889,7449.819753086421,306,False,False,False,True,1,68.41830065359477,0.959,True,0.023226474545717718,0.023226474545717718,0.0,0.09217905134894461,13,0
RUS,56,3928.4500444444448,7580.685802469137,301,False,False,False,True,1,69.67774086378738,0.96,True,0.025149025071142094,0.025149025071142094,0.0,0.0751828050953983,21,0
RUS,57,3859.163822222222,8813.8012345679,314,False,False,False,True,1,67.51910828025478,0.76,True,0.045519050993900356,0.045519050993900356,0.00979248338203484,0.10702191248360632,0,0
RUS,58,3679.463730555556,6741.574691358026,293,False,False,False,True,1,67.31058020477816,0.88,True,0.030871678679122716,0.030871678679122716,0.0,0.0712731483899434,13,0
BOT,1,3631.9984166666654,8464.973456790125,364,False,False,False,False,1,60.1456043956044,0.84,False,0.9203812977889024,0.9203812977889024,0.8827231764925926,1.0,0,4
BOT,2,3565.0846944444447,11700.169753086418,347,False,False,False,True,1,63.09221902017291,0.881,True,0.966737109041491,0.966737109041491,0.9117521820374415,1.0,0,7
BOT,3,3744.5173638888887,8349.196296296297,333,False,False,False,True,1,68.10510510510511,0.8,True,0.9641072063921489,0.9641072063921489,0.9127216221284258,1.0,0,4
BOT,4,3884.571127777778,9266.026543209877,337,False,False,False,True,1,69.08902077151335,0.879,True,0.9548117140942602,0.9548117140942602,0.910676462432187,1.0,0,3
BOT,5,3918.3400777777774,9206.965432098768,337,False,False,False,True,1,67.50148367952522,0.92,True,0.9466622080037713,0.9466622080037713,0.9036100743525759,1.0,0,2
BOT,6,3902.900258333334,8800.002469135801,333,False,False,False,True,1,68.24924924924925,0.92,True,0.9349192937989322,0.9349192937989322,0.8994482725778269,1.0,0,2
BOT,7,3964.0201472222216,8638.442592592593,313,False,False,False,True,1,66.98083067092652,0.999,True,0.9234317994115475,0.9234317994115475,0.897272906880287,1.0,0,1
BOT,8,3712.4009,8203.17777777778,319,False,False,False,True,1,68.61128526645768,0.72,True,0.9341452414735163,0.9341452414735163,0.8945450802785575,0.9865838335154143,0,0
BOT,9,3757.783933333333,8777.006172839507,326,False,False,False,True,1,66.20245398773007,0.96,True,0.9336282787889395,0.9336282787889395,0.8946640372921706,1.0,0,1
BOT,10,3969.762877777778,8696.922839506173,330,False,False,False,True,1,69.95151515151515,0.92,True,0.9367511098560094,0.9367511098560094,0.9024738626584956,1.0,0,1
BOT,11,0.0,0.0,363,True,False,False,False,16,52.24793388429752,0.52,False,0.9367511098560094,0.9367511098560094,0.9367511098560094,0.9367511098560094,0,0
BOT,13,0.0,0.0,382,True,False,False,False,71,54.70680628272251,0.76,False,0.9367511098560094,0.9367511098560094,0.9367511098560094,0.9367511098560094,0,0
BOT,14,3617.3075972222223,7515.9629629629635,352,False,False,False,True,1,63.83522727272727,1.0,True,0.920590531676717,0.920590531676717,0.8951081666754784,1.0,0,1
BOT,15,3395.728377777777,9277.146296296294,337,False,False,False,True,1,62.6646884272997,1.0,True,0.965630848209324,0.965630848209324,0.9080464246629748,1.0,0,2
BEA,1,3571.316988888889,10048.926543209876,361,False,False,False,False,1,61.19667590027701,0.84,False,0.9683923937146486,0.9683923937146486,0.9187416934918434,1.0,0,11
BEA,2,3329.67085,7780.284567901236,335,False,False,False,True,1,59.973134328358206,0.8,True,0.9603658893327832,0.9603658893327832,0.9147053664620434,1.0,0,2
BEA,3,3387.628686111111,7680.985802469137,325,False,False,False,True,1,61.418461538461536,0.881,True,0.9612169685585916,0.9612169685585916,0.8996098664152781,1.0,0,2
BEA,4,3732.018838888889,8031.527777777777,329,False,False,False,True,1,64.37386018237082,0.879,True,0.9414084295392695,0.9414084295392695,0.9139560358479915,1.0,0,1
BEA,5,3715.8808666666655,8216.740740740739,331,False,False,False,True,1,65.09667673716012,0.92,True,0.9523213112524668,0.9523213112524668,0.9091921373846393,0.9939215422522402,0,0
BEA,6,3820.159197222222,10341.432098765432,327,False,False,False,True,1,67.70642201834862,0.92,True,0.9584832209544913,0.9584832209544913,0.9118150492374556,1.0,0,3
BEA,7,3955.1128777777776,7873.65,308,False,False,False,True,1,69.54545454545455,0.999,True,0.9309012604011313,0.9309012604011313,0.902954327759266,1.0,0,2
BEA,8,3614.935780555556,7874.201851851853,309,False,False,False,True,1,67.77669902912622,0.88,True,0.9376698843174611,0.9376698843174611,0.9013602685326301,0.9879904908335918,0,0
BEA,9,3820.882930555556,8162.348765432098,325,False,False,False,True,1,68.49538461538461,0.96,True,0.9396499706526816,0.9396499706526816,0.9168763779608106,0.9956591357536286,0,0
BEA,10,3827.317411111111,9141.05,313,False,False,False,True,1,67.61661341853035,0.92,True,0.9580013137028356,0.9580013137028356,0.9129357538723678,1.0,0,2
BEA,11,0.0,0.0,338,True,False,False,False,16,61.66568047337278,0.52,False,0.9580013137028356,0.9580013137028356,0.9580013137028356,0.9580013137028356,0,0
BEA,12,0.0,0.0,425,True,False,False,False,6,37.995294117647056,1.0,False,0.9580013137028356,0.9580013137028356,0.9580013137028356,0.9580013137028356,0,0
BEA,13,0.0,0.0,434,True,False,False,False,671,39.76036866359447,0.88,False,0.9580013137028356,0.9580013137028356,0.9580013137028356,0.9580013137028356,0,0
BEA,14,3985.7458888888887,7944.8370370370385,314,False,False,False,True,1,71.34713375796179,0.76,True,0.9101858424961484,0.9101858424961484,0.9101667959268934,1.0,0,1
BEA,15,3934.7077972222223,8562.50925925926,325,False,False,False,True,1,71.85230769230769,1.0,True,0.9172877175856674,0.9172877175856674,0.8906821205797768,0.9749718662450932,0,0
BEA,16,3895.413244444445,7573.465432098765,310,False,False,False,True,1,71.77096774193548,1.0,True,0.8951827712932683,0.8951827712932683,0.8951827712932683,0.9927083131736566,0,0
BEA,17,3888.967194444445,7958.671604938272,310,False,False,False,True,1,71.52580645161291,0.92,True,0.8859401337367672,0.8859401337367672,0.8684694542020206,0.966400070946274,0,0
BEA,18,0.0,0.0,392,True,False,False,False,126,53.73214285714285,0.96,False,0.8859401337367672,0.8859401337367672,0.8859401337367672,0.8859401337367672,0,0
BEA,19,0.0,0.0,438,True,False,False,False,671,44.0,0.881,False,0.8859401337367672,0.8859401337367672,0.8859401337367672,0.8859401337367672,0,0
BEA,20,3818.3370638888887,8652.316666666666,322,False,False,False,True,1,68.49378881987577,0.84,True,0.9038940918972154,0.9038940918972154,0.866828491257021,0.9618829202452093,0,0
BEA,21,3976.088386111111,9261.663580246914,311,False,False,False,True,1,70.27974276527331,0.96,True,0.9307122088807132,0.9307122088807132,0.893751239789937,0.9895533221186235,0,0
BEA,22,3846.4847472222223,9296.685185185186,302,False,False,False,True,1,67.86092715231788,1.0,True,0.9455424215143596,0.9455424215143596,0.9064364193234923,1.0,0,1
BEA,23,3805.6773,9606.314814814816,302,False,False,False,True,1,69.10264900662251,1.0,True,0.9623209646374051,0.9623209646374051,0.922657719777791,1.0,0,3
BEA,24,3811.6262055555553,8489.429012345678,317,False,False,False,True,1,69.21135646687698,1.0,True,0.9441282314269428,0.9441282314269428,0.9192333609139294,1.0,0,2
BEA,25,3919.020747222222,8264.154320987655,313,False,False,False,True,1,70.81789137380191,0.72,True,0.9426816652277218,0.9426816652277218,0.9151103801168909,0.9991376882889361,0,0
BEA,26,3864.136977777777,8141.412962962962,317,False,False,False,True,1,69.39747634069401,0.96,True,0.9365663899234926,0.9365663899234926,0.9049540325360205,1.0,0,1
BEA,27,3904.000252777778,8110.88888888889,321,False,False,False,True,1,68.40186915887851,0.961,True,0.9312044589344305,0.9312044589344305,0.9004474141773768,0.9996136755226712,0,0
BEA,28,3751.9362555555554,7270.768518518518,311,False,False,False,True,1,68.66559485530547,0.88,True,0.9091478682814392,0.9091478682814392,0.8731914574811449,0.9718273166628411,0,0
BEA,29,3804.244430555556,7351.862962962963,317,False,False,False,True,1,68.30283911671924,0.84,True,0.8861300670095479,0.8861300670095479,0.8499472495832525,0.9497055657513298,0,0
BEA,30,3905.692572222222,8435.532098765434,326,False,False,False,True,1,68.82515337423312,0.919,True,0.8911210847686942,0.8911210847686942,0.8511713323541531,0.9423374761785818,0,0
BEA,31,3682.4986,7857.219135802469,305,False,False,False,True,1,69.20983606557377,0.879,True,0.8927229022504408,0.8927229022504408,0.8490743534274187,0.942428060192926,0,0
BEA,32,3848.370475,8979.15061728395,313,False,False,False,True,1,68.90734824281151,0.84,True,0.919162814230288,0.919162814230288,0.8845106066720821,0.9740686649254199,0,0
BEA,33,0.0,0.0,338,True,False,False,False,16,64.12426035502959,0.96,False,0.919162814230288,0.919162814230288,0.919162814230288,0.919162814230288,0,0
BEA,34,0.0,0.0,337,True,False,False,False,671,61.51038575667656,0.8,False,0.919162814230288,0.919162814230288,0.919162814230288,0.919162814230288,0,0
BEA,35,3875.1703055555554,9160.982098765437,315,False,False,False,True,1,67.93968253968254,0.84,True,0.9415578388994491,0.9415578388994491,0.9056645036264844,1.0,0,1
BEA,36,3892.599752777778,7943.453703703705,314,False,False,False,True,1,69.01273885350318,0.881,True,0.9315761225862318,0.9315761225862318,0.9020186977941174,0.9995525920570539,0,0
BEA,37,3879.7541083333335,8685.672222222222,308,False,False,False,True,1,69.62012987012987,0.92,True,0.9406025909574032,0.9406025909574032,0.90327973799058,1.0,0,1
BEA,38,3869.1898833333335,9697.911728395062,330,False,False,False,True,1,68.45454545454545,0.8,True,0.9514795779921236,0.9514795779921236,0.9095887701788106,1.0,0,1
BEA,39,3853.308111111111,8582.750617283951,315,False,False,False,True,1,68.00634920634921,0.92,True,0.9309121492225542,0.9309121492225542,0.9154879744821499,1.0,0,2
BEA,40,3866.462811111111,9314.39814814815,335,False,False,False,True,1,68.00597014925373,0.92,True,0.9212254474858478,0.9212254474858478,0.8941837225365048,1.0,0,2
BEA,41,3921.2279,7582.308641975311,330,False,False,False,True,1,69.41818181818182,0.68,True,0.8976407547270221,0.8976407547270221,0.8641353801606718,0.9753304063123843,0,0
BEA,42,3965.366294444445,7717.102469135802,314,False,False,False,True,1,68.7452229299363,1.0,True,0.8753850315215921,0.8753850315215921,0.8527283396200089,0.9474103769946082,0,0
BEA,43,3903.8571416666655,8159.307407407407,321,False,False,False,True,1,69.79127725856698,0.88,True,0.87159421898285,0.87159421898285,0.8376319207631948,0.9362823825723869,0,0
BEA,44,4023.658288888889,7969.663580246912,309,False,False,False,True,1,70.16828478964402,0.48,True,0.8534974027011424,0.8534974027011424,0.8406492435898119,0.9452748675516057,0,0
BEA,45,4012.7388555555553,6972.256172839506,314,False,False,False,True,1,71.72611464968153,0.92,True,0.8039841023734762,0.8039841023734762,0.7972403919956925,0.9125201278143265,0,0
BEA,46,3935.5064361111113,7810.250000000001,309,False,False,False,True,1,69.98381877022653,0.999,True,0.7867735481189547,0.7867735481189547,0.75903780874622,0.8764391233961166,0,0
BEA,47,3952.9374222222223,7324.736419753087,316,False,False,False,True,1,70.11392405063292,0.76,True,0.7527150850680816,0.7527150850680816,0.7251380785853744,0.8497997202696729,0,0
BEA,48,4003.369033333333,8083.617283950617,312,False,False,False,True,1,69.73397435897436,1.0,True,0.739680038639728,0.739680038639728,0.7203499584506752,0.8294522035469752,0,0
BEA,49,3817.1680444444446,7051.117283950616,307,False,False,False,True,1,70.8371335504886,0.48,True,0.7060806335443908,0.7060806335443908,0.6756708889010664,0.7877478601398031,0,0
BEA,50,3973.240269444445,7463.219135802469,308,False,False,False,True,1,69.43831168831169,0.8,True,0.675099695752706,0.675099695752706,0.6461565079898365,0.7620286736304945,0,0
BEA,51,3804.9154805555554,7370.769753086419,309,False,False,False,True,1,70.61488673139158,0.96,True,0.6526456960800733,0.6526456960800733,0.6418811334464339,0.7422037870243895,0,0
BEA,52,3951.871808333333,8424.792592592592,306,False,False,False,True,1,70.74183006535948,0.961,True,0.6541331941787132,0.6541331941787132,0.6326269480042931,0.7391561376963396,0,0
BEA,53,3838.744952777778,7263.160493827161,305,False,False,False,True,1,72.43606557377049,0.961,True,0.6258962868310032,0.6258962868310032,0.6043252170461058,0.7136590865242708,0,0
BEA,54,3931.297925,8187.576543209875,321,False,False,False,True,1,70.64797507788163,0.959,True,0.6211409725371055,0.6211409725371055,0.5958430226390087,0.7031693533868757,0,0
BEA,55,3855.8635583333335,7952.5734567901245,313,False,False,False,True,1,68.30670926517571,0.96,True,0.6139649373705299,0.6139649373705299,0.5882268222525572,0.6925624406577925,0,0
BEA,56,3819.6223944444446,9291.376543209875,334,False,False,False,True,1,66.4880239520958,0.76,True,0.6524385480877999,0.6524385480877999,0.5845335954767688,0.6902985386321053,0,0
BEA,57,3491.8811583333336,7640.756790123456,310,False,False,False,True,1,64.18387096774194,0.88,True,0.6600924193259878,0.6600924193259878,0.6417811695732941,0.7325458443299508,0,0
