event_id,race_id,circuit,overtake_success,model,p_hat,fold,error_tag
australia_2026_R_00001,australia_2026_R,Australian Grand Prix,0.0,gbdt,0.22297396166338368,australia_2026_R,other
australia_2026_R_00002,australia_2026_R,Australian Grand Prix,0.0,gbdt,0.20267029456971988,australia_2026_R,other
australia_2026_R_00003,australia_2026_R,Australian Grand Prix,1.0,gbdt,0.36513763515813524,australia_2026_R,other
australia_2026_R_00004,australia_2026_R,Australian Grand Prix,0.0,gbdt,0.3157718862823933,australia_2026_R,other
australia_2026_R_00005,australia_2026_R,Australian Grand Prix,0.0,gbdt,0.24198139109306346,australia_2026_R,other
australia_2026_R_00006,australia_2026_R,Australian Grand Prix,0.0,gbdt,0.21749037888399286,australia_2026_R,other
australia_2026_R_00007,australia_2026_R,Australian Grand Prix,1.0,gbdt,0.26594215292583334,australia_2026_R,other
australia_2026_R_00008,australia_2026_R,Australian Grand Prix,0.0,gbdt,0.29623405533556,australia_2026_R,other
australia_2026_R_00009,australia_2026_R,Australian Grand Prix,1.0,gbdt,0.13144805481463126,australia_2026_R,false_negative
australia_2026_R_00010,australia_2026_R,Australian Grand Prix,0.0,gbdt,0.21593280074048726,australia_2026_R,other
australia_2026_R_00011,australia_2026_R,Australian Grand Prix,0.0,gbdt,0.12172230168645905,australia_2026_R,true_negative
australia_2026_R_00012,australia_2026_R,Australian Grand Prix,1.0,gbdt,0.27316868553917584,australia_2026_R,other
australia_2026_R_00013,australia_2026_R,Australian Grand Prix,0.0,gbdt,0.49172180142171273,australia_2026_R,other
australia_2026_R_00014,australia_2026_R,Australian Grand Prix,0.0,gbdt,0.22572821028394194,australia_2026_R,other
australia_2026_R_00015,australia_2026_R,Australian Grand Prix,0.0,gbdt,0.382394142462301,australia_2026_R,other
australia_2026_R_00016,australia_2026_R,Australian Grand Prix,0.0,gbdt,0.16373364534199283,australia_2026_R,true_negative
australia_2026_R_00017,australia_2026_R,Australian Grand Prix,0.0,gbdt,0.11820926267263972,australia_2026_R,true_negative
australia_2026_R_00018,australia_2026_R,Australian Grand Prix,1.0,gbdt,0.30883697776501595,australia_2026_R,other
australia_2026_R_00019,australia_2026_R,Australian Grand Prix,0.0,gbdt,0.16715152607496878,australia_2026_R,true_negative
australia_2026_R_00020,australia_2026_R,Australian Grand Prix,0.0,gbdt,0.18858409662331307,australia_2026_R,true_negative
australia_2026_R_00021,australia_2026_R,Australian Grand Prix,0.0,gbdt,0.36744264237206725,australia_2026_R,other
australia_2026_R_00022,australia_2026_R,Australian Grand Prix,1.0,gbdt,0.628909380918435,australia_2026_R,true_positive
australia_2026_R_00023,australia_2026_R,Australian Grand Prix,0.0,gbdt,0.16290466971742362,australia_2026_R,true_negative
australia_2026_R_00024,australia_2026_R,Australian Grand Prix,0.0,gbdt,0.2690980713179656,australia_2026_R,other
australia_2026_R_00025,australia_2026_R,Australian Grand Prix,0.0,gbdt,0.25570099945795205,australia_2026_R,other
australia_2026_R_00026,australia_2026_R,Australian Grand Prix,0.0,gbdt,0.24755494385252513,australia_2026_R,other
australia_2026_R_00027,australia_2026_R,Australian Grand Prix,0.0,gbdt,0.7491096288722714,australia_2026_R,false_positive
australia_2026_R_00028,australia_2026_R,Australian Grand Prix,0.0,gbdt,0.3422109662573899,australia_2026_R,other
australia_2026_R_00029,australia_2026_R,Australian Grand Prix,0.0,gbdt,0.10309385414901069,australia_2026_R,true_negative
australia_2026_R_00030,australia_2026_R,Australian Grand Prix,0.0,gbdt,0.6490144076223864,australia_2026_R,false_positive
australia_2026_R_00031,australia_2026_R,Australian Grand Prix,0.0,gbdt,0.18573042724783018,australia_2026_R,true_negative
australia_2026_R_00032,australia_2026_R,Australian Grand Prix,0.0,gbdt,0.1760038112252034,australia_2026_R,true_negative
australia_2026_R_00033,australia_2026_R,Australian Grand Prix,0.0,gbdt,0.3365615255022654,australia_2026_R,other
australia_2026_R_00034,australia_2026_R,Australian Grand Prix,0.0,gbdt,0.5859529534851644,australia_2026_R,false_positive
australia_2026_R_00035,australia_2026_R,Australian Grand Prix,0.0,gbdt,0.4448112759811259,australia_2026_R,other
australia_2026_R_00036,australia_2026_R,Australian Grand Prix,1.0,gbdt,0.7656759292059812,australia_2026_R,true_positive
australia_2026_R_00037,australia_2026_R,Australian Grand Prix,0.0,gbdt,0.06234306464607695,australia_2026_R,true_negative
australia_2026_R_00038,australia_2026_R,Australian Grand Prix,0.0,gbdt,0.24180016923355452,australia_2026_R,other
australia_2026_R_00039,australia_2026_R,Australian Grand Prix,1.0,gbdt,0.5579550536541592,australia_2026_R,true_positive
australia_2026_R_00040,australia_2026_R,Australian Grand Prix,1.0,gbdt,0.041908676299154,australia_2026_R,false_negative
australia_2026_R_00041,australia_2026_R,Australian Grand Prix,0.0,gbdt,0.26755269694748174,australia_2026_R,other
australia_2026_R_00042,australia_2026_R,Australian Grand Prix,0.0,gbdt,0.5335739248394379,australia_2026_R,false_positive
australia_2026_R_00043,australia_2026_R,Australian Grand Prix,1.0,gbdt,0.055841738232112845,australia_2026_R,false_negative
australia_2026_R_00044,australia_2026_R,Australian Grand Prix,0.0,gbdt,0.3154247868649422,australia_2026_R,other
australia_2026_R_00045,australia_2026_R,Australian Grand Prix,1.0,gbdt,0.49781791736406483,australia_2026_R,other
australia_2026_R_00046,australia_2026_R,Australian Grand Prix,0.0,gbdt,0.3830016853017451,australia_2026_R,other
australia_2026_R_00047,australia_2026_R,Australian Grand Prix,0.0,gbdt,0.21932208531941358,australia_2026_R,other
australia_2026_R_00049,australia_2026_R,Australian Grand Prix,1.0,gbdt,0.633022981879618,australia_2026_R,true_positive
australia_2026_R_00050,australia_2026_R,Australian Grand Prix,0.0,gbdt,0.38344397637360766,australia_2026_R,other
australia_2026_R_00053,australia_2026_R,Australian Grand Prix,1.0,gbdt,0.5923549460701237,australia_2026_R,true_positive
australia_2026_R_00054,australia_2026_R,Australian Grand Prix,1.0,gbdt,0.4940174702222122,australia_2026_R,other
australia_2026_R_00055,australia_2026_R,Australian Grand Prix,0.0,gbdt,0.1814082327376007,australia_2026_R,true_negative
australia_2026_R_00056,australia_2026_R,Australian Grand Prix,0.0,gbdt,0.5486996465427538,australia_2026_R,false_positive
australia_2026_R_00060,australia_2026_R,Australian Grand Prix,0.0,gbdt,0.6462568385654253,australia_2026_R,false_positive
australia_2026_R_00062,australia_2026_R,Australian Grand Prix,0.0,gbdt,0.26237892257514794,australia_2026_R,other
australia_2026_R_00063,australia_2026_R,Australian Grand Prix,1.0,gbdt,0.358771568276701,australia_2026_R,other
australia_2026_R_00065,australia_2026_R,Australian Grand Prix,0.0,gbdt,0.15339439209653177,australia_2026_R,true_negative
australia_2026_R_00066,australia_2026_R,Australian Grand Prix,0.0,gbdt,0.02180356263404788,australia_2026_R,true_negative
australia_2026_R_00067,australia_2026_R,Australian Grand Prix,0.0,gbdt,0.24990148986124264,australia_2026_R,other
australia_2026_R_00068,australia_2026_R,Australian Grand Prix,0.0,gbdt,0.5837775975189757,australia_2026_R,false_positive
australia_2026_R_00069,australia_2026_R,Australian Grand Prix,0.0,gbdt,0.25453861697236946,australia_2026_R,other
australia_2026_R_00070,australia_2026_R,Australian Grand Prix,1.0,gbdt,0.16373364534199283,australia_2026_R,false_negative
australia_2026_R_00071,australia_2026_R,Australian Grand Prix,0.0,gbdt,0.026267605747378672,australia_2026_R,true_negative
australia_2026_R_00072,australia_2026_R,Australian Grand Prix,0.0,gbdt,0.03911449573387476,australia_2026_R,true_negative
australia_2026_R_00073,australia_2026_R,Australian Grand Prix,0.0,gbdt,0.1788594249285678,australia_2026_R,true_negative
australia_2026_R_00074,australia_2026_R,Australian Grand Prix,1.0,gbdt,0.5124773399627849,australia_2026_R,true_positive
australia_2026_R_00075,australia_2026_R,Australian Grand Prix,0.0,gbdt,0.1474369401833692,australia_2026_R,true_negative
australia_2026_R_00076,australia_2026_R,Australian Grand Prix,0.0,gbdt,0.3409377410738452,australia_2026_R,other
australia_2026_R_00077,australia_2026_R,Australian Grand Prix,1.0,gbdt,0.456882318984088,australia_2026_R,other
australia_2026_R_00078,australia_2026_R,Australian Grand Prix,0.0,gbdt,0.4505278878441601,australia_2026_R,other
australia_2026_R_00079,australia_2026_R,Australian Grand Prix,0.0,gbdt,0.7009199256353125,australia_2026_R,false_positive
australia_2026_R_00080,australia_2026_R,Australian Grand Prix,0.0,gbdt,0.42461893643293946,australia_2026_R,other
australia_2026_R_00081,australia_2026_R,Australian Grand Prix,0.0,gbdt,0.637018860595271,australia_2026_R,false_positive
australia_2026_R_00082,australia_2026_R,Australian Grand Prix,0.0,gbdt,0.27900230671784804,australia_2026_R,other
australia_2026_R_00083,australia_2026_R,Australian Grand Prix,1.0,gbdt,0.7001047430571762,australia_2026_R,true_positive
australia_2026_R_00084,australia_2026_R,Australian Grand Prix,0.0,gbdt,0.08180011750595814,australia_2026_R,true_negative
australia_2026_R_00085,australia_2026_R,Australian Grand Prix,1.0,gbdt,0.821498876057816,australia_2026_R,true_positive
australia_2026_R_00086,australia_2026_R,Australian Grand Prix,0.0,gbdt,0.7797892636484529,australia_2026_R,false_positive
australia_2026_R_00087,australia_2026_R,Australian Grand Prix,0.0,gbdt,0.29058156340812374,australia_2026_R,other
australia_2026_R_00088,australia_2026_R,Australian Grand Prix,1.0,gbdt,0.4563450169771535,australia_2026_R,other
australia_2026_R_00089,australia_2026_R,Australian Grand Prix,0.0,gbdt,0.06524045679881198,australia_2026_R,true_negative
australia_2026_R_00090,australia_2026_R,Australian Grand Prix,1.0,gbdt,0.2755437314018338,australia_2026_R,other
australia_2026_R_00091,australia_2026_R,Australian Grand Prix,0.0,gbdt,0.07757071416960871,australia_2026_R,true_negative
australia_2026_R_00092,australia_2026_R,Australian Grand Prix,0.0,gbdt,0.5401179464936534,australia_2026_R,false_positive
australia_2026_R_00093,australia_2026_R,Australian Grand Prix,1.0,gbdt,0.6164957355467612,australia_2026_R,true_positive
australia_2026_R_00094,australia_2026_R,Australian Grand Prix,0.0,gbdt,0.4797003557772441,australia_2026_R,other
australia_2026_R_00096,australia_2026_R,Australian Grand Prix,0.0,gbdt,0.20227932157910736,australia_2026_R,other
australia_2026_R_00098,australia_2026_R,Australian Grand Prix,1.0,gbdt,0.2713857343706162,australia_2026_R,other
australia_2026_R_00099,australia_2026_R,Australian Grand Prix,1.0,gbdt,0.5716485993901623,australia_2026_R,true_positive
australia_2026_R_00100,australia_2026_R,Australian Grand Prix,0.0,gbdt,0.2764866443296076,australia_2026_R,other
australia_2026_R_00102,australia_2026_R,Australian Grand Prix,0.0,gbdt,0.35021725680183463,australia_2026_R,other
australia_2026_R_00103,australia_2026_R,Australian Grand Prix,0.0,gbdt,0.359841972373569,australia_2026_R,other
australia_2026_R_00104,australia_2026_R,Australian Grand Prix,0.0,gbdt,0.09531169078199547,australia_2026_R,true_negative
australia_2026_R_00105,australia_2026_R,Australian Grand Prix,0.0,gbdt,0.12281661327101052,australia_2026_R,true_negative
australia_2026_R_00106,australia_2026_R,Australian Grand Prix,1.0,gbdt,0.34893758704367656,australia_2026_R,other
australia_2026_R_00107,australia_2026_R,Australian Grand Prix,0.0,gbdt,0.06981068567232125,australia_2026_R,true_negative
australia_2026_R_00109,australia_2026_R,Australian Grand Prix,0.0,gbdt,0.0749694877419986,australia_2026_R,true_negative
australia_2026_R_00110,australia_2026_R,Australian Grand Prix,0.0,gbdt,0.03747007429366101,australia_2026_R,true_negative
australia_2026_R_00111,australia_2026_R,Australian Grand Prix,1.0,gbdt,0.7131655509684935,australia_2026_R,true_positive
australia_2026_R_00112,australia_2026_R,Australian Grand Prix,1.0,gbdt,0.415043967898602,australia_2026_R,other
australia_2026_R_00113,australia_2026_R,Australian Grand Prix,0.0,gbdt,0.334461661482314,australia_2026_R,other
australia_2026_R_00114,australia_2026_R,Australian Grand Prix,0.0,gbdt,0.18719920145295896,australia_2026_R,true_negative
australia_2026_R_00115,australia_2026_R,Australian Grand Prix,0.0,gbdt,0.027667776744825418,australia_2026_R,true_negative
australia_2026_R_00116,australia_2026_R,Australian Grand Prix,0.0,gbdt,0.0207659124916543,australia_2026_R,true_negative
australia_2026_R_00117,australia_2026_R,Australian Grand Prix,0.0,gbdt,0.5553965302517965,australia_2026_R,false_positive
australia_2026_R_00118,australia_2026_R,Australian Grand Prix,0.0,gbdt,0.5206243878196585,australia_2026_R,false_positive
australia_2026_R_00119,australia_2026_R,Australian Grand Prix,1.0,gbdt,0.5874866284495027,australia_2026_R,true_positive
australia_2026_R_00120,australia_2026_R,Australian Grand Prix,0.0,gbdt,0.3096247025437048,australia_2026_R,other
australia_2026_R_00121,australia_2026_R,Australian Grand Prix,0.0,gbdt,0.26106357614797127,australia_2026_R,other
australia_2026_R_00122,australia_2026_R,Australian Grand Prix,1.0,gbdt,0.07978877259527274,australia_2026_R,false_negative
australia_2026_R_00123,australia_2026_R,Australian Grand Prix,0.0,gbdt,0.2773085069472572,australia_2026_R,other
australia_2026_R_00124,australia_2026_R,Australian Grand Prix,1.0,gbdt,0.6667116803872328,australia_2026_R,true_positive
australia_2026_R_00125,australia_2026_R,Australian Grand Prix,0.0,gbdt,0.631623370262148,australia_2026_R,false_positive
australia_2026_R_00126,australia_2026_R,Australian Grand Prix,0.0,gbdt,0.2643554807213827,australia_2026_R,other
australia_2026_R_00127,australia_2026_R,Australian Grand Prix,0.0,gbdt,0.4882377574482626,australia_2026_R,other
australia_2026_R_00128,australia_2026_R,Australian Grand Prix,0.0,gbdt,0.08348439811618427,australia_2026_R,true_negative
australia_2026_R_00129,australia_2026_R,Australian Grand Prix,1.0,gbdt,0.6525738192512238,australia_2026_R,true_positive
australia_2026_R_00130,australia_2026_R,Australian Grand Prix,0.0,gbdt,0.27174011915377366,australia_2026_R,other
australia_2026_R_00131,australia_2026_R,Australian Grand Prix,0.0,gbdt,0.4792162342881793,australia_2026_R,other
australia_2026_R_00132,australia_2026_R,Australian Grand Prix,1.0,gbdt,0.5923517826680409,australia_2026_R,true_positive
australia_2026_R_00133,australia_2026_R,Australian Grand Prix,0.0,gbdt,0.04845625174009631,australia_2026_R,true_negative
australia_2026_R_00135,australia_2026_R,Australian Grand Prix,0.0,gbdt,0.3364009035153166,australia_2026_R,other
australia_2026_R_00136,australia_2026_R,Australian Grand Prix,0.0,gbdt,0.1106670452669084,australia_2026_R,true_negative
australia_2026_R_00137,australia_2026_R,Australian Grand Prix,0.0,gbdt,0.06688836443690833,australia_2026_R,true_negative
australia_2026_R_00138,australia_2026_R,Australian Grand Prix,0.0,gbdt,0.3055371200955567,australia_2026_R,other
australia_2026_R_00139,australia_2026_R,Australian Grand Prix,0.0,gbdt,0.35355160466195135,australia_2026_R,other
australia_2026_R_00140,australia_2026_R,Australian Grand Prix,0.0,gbdt,0.04287768330104067,australia_2026_R,true_negative
australia_2026_R_00142,australia_2026_R,Australian Grand Prix,0.0,gbdt,0.23675371508737947,australia_2026_R,other
australia_2026_R_00143,australia_2026_R,Australian Grand Prix,1.0,gbdt,0.6710788504075312,australia_2026_R,true_positive
australia_2026_R_00144,australia_2026_R,Australian Grand Prix,0.0,gbdt,0.3358128710563427,australia_2026_R,other
australia_2026_R_00145,australia_2026_R,Australian Grand Prix,0.0,gbdt,0.10927873666291987,australia_2026_R,true_negative
australia_2026_R_00146,australia_2026_R,Australian Grand Prix,1.0,gbdt,0.20928165134095608,australia_2026_R,other
australia_2026_R_00147,australia_2026_R,Australian Grand Prix,0.0,gbdt,0.09573935247515862,australia_2026_R,true_negative
australia_2026_R_00149,australia_2026_R,Australian Grand Prix,0.0,gbdt,0.06843410508123587,australia_2026_R,true_negative
australia_2026_R_00150,australia_2026_R,Australian Grand Prix,0.0,gbdt,0.17317336476925774,australia_2026_R,true_negative
australia_2026_R_00151,australia_2026_R,Australian Grand Prix,0.0,gbdt,0.0176518487528285,australia_2026_R,true_negative
australia_2026_R_00152,australia_2026_R,Australian Grand Prix,0.0,gbdt,0.11427258388070002,australia_2026_R,true_negative
australia_2026_R_00153,australia_2026_R,Australian Grand Prix,0.0,gbdt,0.18895488211853903,australia_2026_R,true_negative
australia_2026_R_00155,australia_2026_R,Australian Grand Prix,0.0,gbdt,0.4796995475831571,australia_2026_R,other
australia_2026_R_00156,australia_2026_R,Australian Grand Prix,0.0,gbdt,0.22801996934719343,australia_2026_R,other
australia_2026_R_00158,australia_2026_R,Australian Grand Prix,0.0,gbdt,0.050997813693124026,australia_2026_R,true_negative
australia_2026_R_00159,australia_2026_R,Australian Grand Prix,0.0,gbdt,0.33878228756010687,australia_2026_R,other
australia_2026_R_00161,australia_2026_R,Australian Grand Prix,0.0,gbdt,0.10435714851051096,australia_2026_R,true_negative
australia_2026_R_00162,australia_2026_R,Australian Grand Prix,0.0,gbdt,0.4675932336488476,australia_2026_R,other
australia_2026_R_00163,australia_2026_R,Australian Grand Prix,0.0,gbdt,0.18971886263645618,australia_2026_R,true_negative
australia_2026_R_00164,australia_2026_R,Australian Grand Prix,0.0,gbdt,0.6170536671961695,australia_2026_R,false_positive
australia_2026_R_00166,australia_2026_R,Australian Grand Prix,0.0,gbdt,0.6423989393885609,australia_2026_R,false_positive
australia_2026_R_00168,australia_2026_R,Australian Grand Prix,0.0,gbdt,0.6126886280649204,australia_2026_R,false_positive
australia_2026_R_00169,australia_2026_R,Australian Grand Prix,0.0,gbdt,0.6130817406035156,australia_2026_R,false_positive
australia_2026_R_00170,australia_2026_R,Australian Grand Prix,0.0,gbdt,0.7382446592195081,australia_2026_R,false_positive
australia_2026_R_00172,australia_2026_R,Australian Grand Prix,0.0,gbdt,0.14347833058324344,australia_2026_R,true_negative
australia_2026_R_00174,australia_2026_R,Australian Grand Prix,0.0,gbdt,0.28463025265121406,australia_2026_R,other
australia_2026_R_00176,australia_2026_R,Australian Grand Prix,0.0,gbdt,0.11440185078537356,australia_2026_R,true_negative
australia_2026_R_00177,australia_2026_R,Australian Grand Prix,0.0,gbdt,0.02461276452301915,australia_2026_R,true_negative
australia_2026_R_00178,australia_2026_R,Australian Grand Prix,0.0,gbdt,0.037522547378829194,australia_2026_R,true_negative
australia_2026_R_00179,australia_2026_R,Australian Grand Prix,1.0,gbdt,0.6392860644567437,australia_2026_R,true_positive
australia_2026_R_00180,australia_2026_R,Australian Grand Prix,0.0,gbdt,0.3443706132452853,australia_2026_R,other
australia_2026_R_00182,australia_2026_R,Australian Grand Prix,0.0,gbdt,0.15002970295061893,australia_2026_R,true_negative
australia_2026_R_00183,australia_2026_R,Australian Grand Prix,0.0,gbdt,0.15232721259435997,australia_2026_R,true_negative
australia_2026_R_00184,australia_2026_R,Australian Grand Prix,0.0,gbdt,0.28687843989272027,australia_2026_R,other
australia_2026_R_00185,australia_2026_R,Australian Grand Prix,0.0,gbdt,0.211590248808591,australia_2026_R,other
australia_2026_R_00187,australia_2026_R,Australian Grand Prix,0.0,gbdt,0.030404551302592276,australia_2026_R,true_negative
australia_2026_R_00188,australia_2026_R,Australian Grand Prix,0.0,gbdt,0.01990364795925617,australia_2026_R,true_negative
australia_2026_R_00189,australia_2026_R,Australian Grand Prix,0.0,gbdt,0.34860184190300025,australia_2026_R,other
australia_2026_R_00191,australia_2026_R,Australian Grand Prix,0.0,gbdt,0.5063700765302271,australia_2026_R,false_positive
australia_2026_R_00192,australia_2026_R,Australian Grand Prix,0.0,gbdt,0.08086162091578102,australia_2026_R,true_negative
australia_2026_R_00193,australia_2026_R,Australian Grand Prix,0.0,gbdt,0.5880371207166477,australia_2026_R,false_positive
australia_2026_R_00194,australia_2026_R,Australian Grand Prix,1.0,gbdt,0.3843483030908002,australia_2026_R,other
australia_2026_R_00195,australia_2026_R,Australian Grand Prix,0.0,gbdt,0.26386745916369686,australia_2026_R,other
australia_2026_R_00196,australia_2026_R,Australian Grand Prix,0.0,gbdt,0.6252298954387868,australia_2026_R,false_positive
australia_2026_R_00197,australia_2026_R,Australian Grand Prix,0.0,gbdt,0.04667090045444942,australia_2026_R,true_negative
australia_2026_R_00198,australia_2026_R,Australian Grand Prix,0.0,gbdt,0.06093500394535858,australia_2026_R,true_negative
australia_2026_R_00199,australia_2026_R,Australian Grand Prix,0.0,gbdt,0.4663606252449418,australia_2026_R,other
australia_2026_R_00200,australia_2026_R,Australian Grand Prix,1.0,gbdt,0.37489987331261215,australia_2026_R,other
australia_2026_R_00201,australia_2026_R,Australian Grand Prix,1.0,gbdt,0.5253262339005225,australia_2026_R,true_positive
australia_2026_R_00203,australia_2026_R,Australian Grand Prix,0.0,gbdt,0.5183460717911275,australia_2026_R,false_positive
australia_2026_R_00204,australia_2026_R,Australian Grand Prix,0.0,gbdt,0.09697913510609471,australia_2026_R,true_negative
australia_2026_R_00205,australia_2026_R,Australian Grand Prix,0.0,gbdt,0.45161207985289176,australia_2026_R,other
australia_2026_R_00206,australia_2026_R,Australian Grand Prix,0.0,gbdt,0.08986377600474124,australia_2026_R,true_negative
australia_2026_R_00207,australia_2026_R,Australian Grand Prix,0.0,gbdt,0.6128623401474856,australia_2026_R,false_positive
australia_2026_R_00208,australia_2026_R,Australian Grand Prix,0.0,gbdt,0.09169085828313478,australia_2026_R,true_negative
australia_2026_R_00209,australia_2026_R,Australian Grand Prix,0.0,gbdt,0.022757826080838203,australia_2026_R,true_negative
australia_2026_R_00211,australia_2026_R,Australian Grand Prix,0.0,gbdt,0.0191010143594502,australia_2026_R,true_negative
australia_2026_R_00212,australia_2026_R,Australian Grand Prix,0.0,gbdt,0.029978434083651338,australia_2026_R,true_negative
australia_2026_R_00213,australia_2026_R,Australian Grand Prix,0.0,gbdt,0.016315303956965458,australia_2026_R,true_negative
australia_2026_R_00214,australia_2026_R,Australian Grand Prix,0.0,gbdt,0.014374220310797962,australia_2026_R,true_negative
australia_2026_R_00215,australia_2026_R,Australian Grand Prix,0.0,gbdt,0.06496491245806107,australia_2026_R,true_negative
australia_2026_R_00216,australia_2026_R,Australian Grand Prix,0.0,gbdt,0.18818285626678438,australia_2026_R,true_negative
australia_2026_R_00217,australia_2026_R,Australian Grand Prix,0.0,gbdt,0.04575634173464002,australia_2026_R,true_negative
australia_2026_R_00218,australia_2026_R,Australian Grand Prix,0.0,gbdt,0.049390989863167166,australia_2026_R,true_negative
australia_2026_R_00219,australia_2026_R,Australian Grand Prix,0.0,gbdt,0.04258073424264372,australia_2026_R,true_negative
australia_2026_R_00220,australia_2026_R,Australian Grand Prix,0.0,gbdt,0.04547241287361678,australia_2026_R,true_negative
australia_2026_R_00221,australia_2026_R,Australian Grand Prix,0.0,gbdt,0.13710126181314344,australia_2026_R,true_negative
australia_2026_R_00222,australia_2026_R,Australian Grand Prix,0.0,gbdt,0.041296220289062054,australia_2026_R,true_negative
australia_2026_R_00223,australia_2026_R,Australian Grand Prix,0.0,gbdt,0.44745157741100733,australia_2026_R,other
australia_2026_R_00224,australia_2026_R,Australian Grand Prix,0.0,gbdt,0.030033482259686356,australia_2026_R,true_negative
australia_2026_R_00225,australia_2026_R,Australian Grand Prix,0.0,gbdt,0.04722411902165369,australia_2026_R,true_negative
australia_2026_R_00226,australia_2026_R,Australian Grand Prix,0.0,gbdt,0.1451991531908933,australia_2026_R,true_negative
australia_2026_R_00227,australia_2026_R,Australian Grand Prix,0.0,gbdt,0.03048561023560358,australia_2026_R,true_negative
australia_2026_R_00228,australia_2026_R,Australian Grand Prix,0.0,gbdt,0.10898881171250427,australia_2026_R,true_negative
australia_2026_R_00229,australia_2026_R,Australian Grand Prix,1.0,gbdt,0.44547412419582655,australia_2026_R,other
australia_2026_R_00230,australia_2026_R,Australian Grand Prix,0.0,gbdt,0.019312147853818556,australia_2026_R,true_negative
australia_2026_R_00231,australia_2026_R,Australian Grand Prix,0.0,gbdt,0.022145941461361264,australia_2026_R,true_negative
australia_2026_R_00232,australia_2026_R,Australian Grand Prix,0.0,gbdt,0.014897768295422829,australia_2026_R,true_negative
australia_2026_R_00233,australia_2026_R,Australian Grand Prix,0.0,gbdt,0.013950842505969674,australia_2026_R,true_negative
australia_2026_R_00234,australia_2026_R,Australian Grand Prix,0.0,gbdt,0.14309142089607696,australia_2026_R,true_negative
australia_2026_R_00235,australia_2026_R,Australian Grand Prix,0.0,gbdt,0.18660439192003936,australia_2026_R,true_negative
australia_2026_R_00236,australia_2026_R,Australian Grand Prix,0.0,gbdt,0.023487575381181323,australia_2026_R,true_negative
australia_2026_R_00237,australia_2026_R,Australian Grand Prix,0.0,gbdt,0.4259475237892165,australia_2026_R,other
australia_2026_R_00238,australia_2026_R,Australian Grand Prix,0.0,gbdt,0.02341975655474574,australia_2026_R,true_negative
australia_2026_R_00239,australia_2026_R,Australian Grand Prix,0.0,gbdt,0.590652380060322,australia_2026_R,false_positive
australia_2026_R_00240,australia_2026_R,Australian Grand Prix,0.0,gbdt,0.16278296798564312,australia_2026_R,true_negative
australia_2026_R_00241,australia_2026_R,Australian Grand Prix,0.0,gbdt,0.5303266841681349,australia_2026_R,false_positive
australia_2026_R_00242,australia_2026_R,Australian Grand Prix,1.0,gbdt,0.08011720437142106,australia_2026_R,false_negative
australia_2026_R_00243,australia_2026_R,Australian Grand Prix,0.0,gbdt,0.06218075050948994,australia_2026_R,true_negative
australia_2026_R_00244,australia_2026_R,Australian Grand Prix,0.0,gbdt,0.04380862050628533,australia_2026_R,true_negative
australia_2026_R_00245,australia_2026_R,Australian Grand Prix,0.0,gbdt,0.06857486123027592,australia_2026_R,true_negative
australia_2026_R_00246,australia_2026_R,Australian Grand Prix,0.0,gbdt,0.18461122797822088,australia_2026_R,true_negative
australia_2026_R_00248,australia_2026_R,Australian Grand Prix,0.0,gbdt,0.2543281269612686,australia_2026_R,other
australia_2026_R_00249,australia_2026_R,Australian Grand Prix,0.0,gbdt,0.020449984147392915,australia_2026_R,true_negative
australia_2026_R_00250,australia_2026_R,Australian Grand Prix,0.0,gbdt,0.5040178500380172,australia_2026_R,false_positive
australia_2026_R_00252,australia_2026_R,Australian Grand Prix,0.0,gbdt,0.45020996365280064,australia_2026_R,other
australia_2026_R_00253,australia_2026_R,Australian Grand Prix,0.0,gbdt,0.03272698456680528,australia_2026_R,true_negative
australia_2026_R_00254,australia_2026_R,Australian Grand Prix,0.0,gbdt,0.3604392673500185,australia_2026_R,other
australia_2026_R_00255,australia_2026_R,Australian Grand Prix,0.0,gbdt,0.08106659425240388,australia_2026_R,true_negative
australia_2026_R_00256,australia_2026_R,Australian Grand Prix,0.0,gbdt,0.03796969977656444,australia_2026_R,true_negative
australia_2026_R_00257,australia_2026_R,Australian Grand Prix,0.0,gbdt,0.01766802440352908,australia_2026_R,true_negative
australia_2026_R_00258,australia_2026_R,Australian Grand Prix,0.0,gbdt,0.014402017366174491,australia_2026_R,true_negative
australia_2026_R_00261,australia_2026_R,Australian Grand Prix,0.0,gbdt,0.013415427856643793,australia_2026_R,true_negative
australia_2026_R_00262,australia_2026_R,Australian Grand Prix,0.0,gbdt,0.18560331713789183,australia_2026_R,true_negative
australia_2026_R_00263,australia_2026_R,Australian Grand Prix,0.0,gbdt,0.030921782891464154,australia_2026_R,true_negative
australia_2026_R_00264,australia_2026_R,Australian Grand Prix,0.0,gbdt,0.0646740652616008,australia_2026_R,true_negative
australia_2026_R_00265,australia_2026_R,Australian Grand Prix,0.0,gbdt,0.08285541426229161,australia_2026_R,true_negative
australia_2026_R_00266,australia_2026_R,Australian Grand Prix,0.0,gbdt,0.05891192988729132,australia_2026_R,true_negative
australia_2026_R_00267,australia_2026_R,Australian Grand Prix,0.0,gbdt,0.03831388176762002,australia_2026_R,true_negative
australia_2026_R_00269,australia_2026_R,Australian Grand Prix,0.0,gbdt,0.1664867546460479,australia_2026_R,true_negative
australia_2026_R_00270,australia_2026_R,Australian Grand Prix,0.0,gbdt,0.1805820807318313,australia_2026_R,true_negative
australia_2026_R_00272,australia_2026_R,Australian Grand Prix,1.0,gbdt,0.6192388730418502,australia_2026_R,true_positive
australia_2026_R_00273,australia_2026_R,Australian Grand Prix,0.0,gbdt,0.018472687582022196,australia_2026_R,true_negative
australia_2026_R_00274,australia_2026_R,Australian Grand Prix,0.0,gbdt,0.23750656978479945,australia_2026_R,other
australia_2026_R_00275,australia_2026_R,Australian Grand Prix,0.0,gbdt,0.025906953417779082,australia_2026_R,true_negative
australia_2026_R_00277,australia_2026_R,Australian Grand Prix,0.0,gbdt,0.03623876324583636,australia_2026_R,true_negative
australia_2026_R_00279,australia_2026_R,Australian Grand Prix,0.0,gbdt,0.0207091660196382,australia_2026_R,true_negative
australia_2026_R_00280,australia_2026_R,Australian Grand Prix,0.0,gbdt,0.018174623574054725,australia_2026_R,true_negative
australia_2026_R_00281,australia_2026_R,Australian Grand Prix,0.0,gbdt,0.03074946547906873,australia_2026_R,true_negative
australia_2026_R_00282,australia_2026_R,Australian Grand Prix,0.0,gbdt,0.02191003425892881,australia_2026_R,true_negative
australia_2026_R_00283,australia_2026_R,Australian Grand Prix,0.0,gbdt,0.027981354468316556,australia_2026_R,true_negative
australia_2026_R_00284,australia_2026_R,Australian Grand Prix,0.0,gbdt,0.053697087328287325,australia_2026_R,true_negative
australia_2026_R_00285,australia_2026_R,Australian Grand Prix,0.0,gbdt,0.026029509175942708,australia_2026_R,true_negative
australia_2026_R_00286,australia_2026_R,Australian Grand Prix,0.0,gbdt,0.3580723832313646,australia_2026_R,other
australia_2026_R_00287,australia_2026_R,Australian Grand Prix,0.0,gbdt,0.3241210618266981,australia_2026_R,other
australia_2026_R_00288,australia_2026_R,Australian Grand Prix,1.0,gbdt,0.7742903946508097,australia_2026_R,true_positive
australia_2026_R_00289,australia_2026_R,Australian Grand Prix,0.0,gbdt,0.21926419306511785,australia_2026_R,other
australia_2026_R_00291,australia_2026_R,Australian Grand Prix,1.0,gbdt,0.6432583837488074,australia_2026_R,true_positive
australia_2026_R_00292,australia_2026_R,Australian Grand Prix,1.0,gbdt,0.7812452654711728,australia_2026_R,true_positive
australia_2026_R_00298,australia_2026_R,Australian Grand Prix,0.0,gbdt,0.048871910800375055,australia_2026_R,true_negative
australia_2026_R_00374,australia_2026_R,Australian Grand Prix,0.0,gbdt,0.1598065687147474,australia_2026_R,true_negative
australia_2026_R_00375,australia_2026_R,Australian Grand Prix,0.0,gbdt,0.06635109495727413,australia_2026_R,true_negative
australia_2026_R_00377,australia_2026_R,Australian Grand Prix,0.0,gbdt,0.0985201491709183,australia_2026_R,true_negative
australia_2026_R_00380,australia_2026_R,Australian Grand Prix,0.0,gbdt,0.19837337820303463,australia_2026_R,true_negative
australia_2026_R_00381,australia_2026_R,Australian Grand Prix,0.0,gbdt,0.037114047783246146,australia_2026_R,true_negative
australia_2026_R_00382,australia_2026_R,Australian Grand Prix,0.0,gbdt,0.06004732116468988,australia_2026_R,true_negative
australia_2026_R_00383,australia_2026_R,Australian Grand Prix,0.0,gbdt,0.03887252693673504,australia_2026_R,true_negative
australia_2026_R_00384,australia_2026_R,Australian Grand Prix,0.0,gbdt,0.01631481024700654,australia_2026_R,true_negative
australia_2026_R_00385,australia_2026_R,Australian Grand Prix,0.0,gbdt,0.010830132652801248,australia_2026_R,true_negative
australia_2026_R_00386,australia_2026_R,Australian Grand Prix,0.0,gbdt,0.10915992607367354,australia_2026_R,true_negative
australia_2026_R_00387,australia_2026_R,Australian Grand Prix,0.0,gbdt,0.11662665286919122,australia_2026_R,true_negative
australia_2026_R_00388,australia_2026_R,Australian Grand Prix,0.0,gbdt,0.036621777378756715,australia_2026_R,true_negative
australia_2026_R_00389,australia_2026_R,Australian Grand Prix,0.0,gbdt,0.034636138212014125,australia_2026_R,true_negative
australia_2026_R_00391,australia_2026_R,Australian Grand Prix,0.0,gbdt,0.04883171507839832,australia_2026_R,true_negative
australia_2026_R_00392,australia_2026_R,Australian Grand Prix,1.0,gbdt,0.4509075984670154,australia_2026_R,other
australia_2026_R_00393,australia_2026_R,Australian Grand Prix,0.0,gbdt,0.026056354016780883,australia_2026_R,true_negative
australia_2026_R_00394,australia_2026_R,Australian Grand Prix,0.0,gbdt,0.16998508119358635,australia_2026_R,true_negative
australia_2026_R_00395,australia_2026_R,Australian Grand Prix,0.0,gbdt,0.20798495184601215,australia_2026_R,other
australia_2026_R_00396,australia_2026_R,Australian Grand Prix,0.0,gbdt,0.05486028164258801,australia_2026_R,true_negative
australia_2026_R_00397,australia_2026_R,Australian Grand Prix,0.0,gbdt,0.02781824832700994,australia_2026_R,true_negative
australia_2026_R_00398,australia_2026_R,Australian Grand Prix,0.0,gbdt,0.026256107017995283,australia_2026_R,true_negative
australia_2026_R_00399,australia_2026_R,Australian Grand Prix,0.0,gbdt,0.03420795819820934,australia_2026_R,true_negative
australia_2026_R_00400,australia_2026_R,Australian Grand Prix,0.0,gbdt,0.044163047225953635,australia_2026_R,true_negative
australia_2026_R_00401,australia_2026_R,Australian Grand Prix,1.0,gbdt,0.24657854622690015,australia_2026_R,other
australia_2026_R_00402,australia_2026_R,Australian Grand Prix,0.0,gbdt,0.024175078294738514,australia_2026_R,true_negative
australia_2026_R_00403,australia_2026_R,Australian Grand Prix,0.0,gbdt,0.03605725407432276,australia_2026_R,true_negative
australia_2026_R_00404,australia_2026_R,Australian Grand Prix,1.0,gbdt,0.30285343792174985,australia_2026_R,other
australia_2026_R_00405,australia_2026_R,Australian Grand Prix,0.0,gbdt,0.019698579729671026,australia_2026_R,true_negative
australia_2026_R_00407,australia_2026_R,Australian Grand Prix,0.0,gbdt,0.01645581823755501,australia_2026_R,true_negative
australia_2026_R_00409,australia_2026_R,Australian Grand Prix,0.0,gbdt,0.015260358330144145,australia_2026_R,true_negative
australia_2026_R_00410,australia_2026_R,Australian Grand Prix,0.0,gbdt,0.015962875437534385,australia_2026_R,true_negative
australia_2026_R_00411,australia_2026_R,Australian Grand Prix,0.0,gbdt,0.023404972805562488,australia_2026_R,true_negative
australia_2026_R_00412,australia_2026_R,Australian Grand Prix,0.0,gbdt,0.051846591956219504,australia_2026_R,true_negative
australia_2026_R_00413,australia_2026_R,Australian Grand Prix,0.0,gbdt,0.025780684755900507,australia_2026_R,true_negative
australia_2026_R_00414,australia_2026_R,Australian Grand Prix,0.0,gbdt,0.02448960765346399,australia_2026_R,true_negative
australia_2026_R_00437,australia_2026_R,Australian Grand Prix,1.0,gbdt,0.22448349563235073,australia_2026_R,other
australia_2026_R_00439,australia_2026_R,Australian Grand Prix,0.0,gbdt,0.2578449526444934,australia_2026_R,other
australia_2026_R_00440,australia_2026_R,Australian Grand Prix,0.0,gbdt,0.15483808051285422,australia_2026_R,true_negative
australia_2026_R_00441,australia_2026_R,Australian Grand Prix,0.0,gbdt,0.3559070568876928,australia_2026_R,other
australia_2026_R_00442,australia_2026_R,Australian Grand Prix,0.0,gbdt,0.41250630232075386,australia_2026_R,other
australia_2026_R_00443,australia_2026_R,Australian Grand Prix,0.0,gbdt,0.030463521313479645,australia_2026_R,true_negative
australia_2026_R_00444,australia_2026_R,Australian Grand Prix,0.0,gbdt,0.687850572412723,australia_2026_R,false_positive
australia_2026_R_00445,australia_2026_R,Australian Grand Prix,0.0,gbdt,0.525168720298271,australia_2026_R,false_positive
australia_2026_R_00446,australia_2026_R,Australian Grand Prix,0.0,gbdt,0.285122545759727,australia_2026_R,other
australia_2026_R_00447,australia_2026_R,Australian Grand Prix,0.0,gbdt,0.01788701009896557,australia_2026_R,true_negative
australia_2026_R_00448,australia_2026_R,Australian Grand Prix,0.0,gbdt,0.2601197587997429,australia_2026_R,other
australia_2026_R_00449,australia_2026_R,Australian Grand Prix,0.0,gbdt,0.29391724531805086,australia_2026_R,other
australia_2026_R_00450,australia_2026_R,Australian Grand Prix,0.0,gbdt,0.05441221412452087,australia_2026_R,true_negative
australia_2026_R_00451,australia_2026_R,Australian Grand Prix,0.0,gbdt,0.03736822618394373,australia_2026_R,true_negative
australia_2026_R_00452,australia_2026_R,Australian Grand Prix,0.0,gbdt,0.044028664042926886,australia_2026_R,true_negative
australia_2026_R_00453,australia_2026_R,Australian Grand Prix,0.0,gbdt,0.017669394912648063,australia_2026_R,true_negative
australia_2026_R_00454,australia_2026_R,Australian Grand Prix,0.0,gbdt,0.2189086564590707,australia_2026_R,other
australia_2026_R_00455,australia_2026_R,Australian Grand Prix,0.0,gbdt,0.5389537728448505,australia_2026_R,false_positive
australia_2026_R_00456,australia_2026_R,Australian Grand Prix,0.0,gbdt,0.07842872845736622,australia_2026_R,true_negative
australia_2026_R_00457,australia_2026_R,Australian Grand Prix,0.0,gbdt,0.021670896955271555,australia_2026_R,true_negative
australia_2026_R_00458,australia_2026_R,Australian Grand Prix,0.0,gbdt,0.027013845747442918,australia_2026_R,true_negative
australia_2026_R_00459,australia_2026_R,Australian Grand Prix,0.0,gbdt,0.09648255993718695,australia_2026_R,true_negative
australia_2026_R_00460,australia_2026_R,Australian Grand Prix,0.0,gbdt,0.03743736746350208,australia_2026_R,true_negative
australia_2026_R_00461,australia_2026_R,Australian Grand Prix,0.0,gbdt,0.021713855211954965,australia_2026_R,true_negative
australia_2026_R_00462,australia_2026_R,Australian Grand Prix,0.0,gbdt,0.06263232184053184,australia_2026_R,true_negative
australia_2026_R_00463,australia_2026_R,Australian Grand Prix,0.0,gbdt,0.019390781941193154,australia_2026_R,true_negative
australia_2026_R_00464,australia_2026_R,Australian Grand Prix,0.0,gbdt,0.20946543450023347,australia_2026_R,other
australia_2026_R_00466,australia_2026_R,Australian Grand Prix,1.0,gbdt,0.556693754567235,australia_2026_R,true_positive
australia_2026_R_00468,australia_2026_R,Australian Grand Prix,0.0,gbdt,0.01839654891886033,australia_2026_R,true_negative
australia_2026_R_00469,australia_2026_R,Australian Grand Prix,0.0,gbdt,0.1675748769908582,australia_2026_R,true_negative
australia_2026_R_00470,australia_2026_R,Australian Grand Prix,1.0,gbdt,0.8172114672051618,australia_2026_R,true_positive
australia_2026_R_00471,australia_2026_R,Australian Grand Prix,0.0,gbdt,0.043563490429904775,australia_2026_R,true_negative
australia_2026_R_00472,australia_2026_R,Australian Grand Prix,0.0,gbdt,0.1031742597550758,australia_2026_R,true_negative
australia_2026_R_00473,australia_2026_R,Australian Grand Prix,0.0,gbdt,0.13358864600382286,australia_2026_R,true_negative
australia_2026_R_00474,australia_2026_R,Australian Grand Prix,0.0,gbdt,0.023920029263791442,australia_2026_R,true_negative
australia_2026_R_00475,australia_2026_R,Australian Grand Prix,0.0,gbdt,0.022717583608193717,australia_2026_R,true_negative
australia_2026_R_00476,australia_2026_R,Australian Grand Prix,0.0,gbdt,0.014481475054359403,australia_2026_R,true_negative
australia_2026_R_00477,australia_2026_R,Australian Grand Prix,0.0,gbdt,0.02812056060080129,australia_2026_R,true_negative
australia_2026_R_00478,australia_2026_R,Australian Grand Prix,0.0,gbdt,0.029809017898781376,australia_2026_R,true_negative
australia_2026_R_00479,australia_2026_R,Australian Grand Prix,0.0,gbdt,0.024366632615749496,australia_2026_R,true_negative
australia_2026_R_00480,australia_2026_R,Australian Grand Prix,0.0,gbdt,0.2513054646769234,australia_2026_R,other
australia_2026_R_00482,australia_2026_R,Australian Grand Prix,0.0,gbdt,0.2748422291965137,australia_2026_R,other
australia_2026_R_00483,australia_2026_R,Australian Grand Prix,0.0,gbdt,0.03505077407843368,australia_2026_R,true_negative
australia_2026_R_00484,australia_2026_R,Australian Grand Prix,0.0,gbdt,0.02770370007273051,australia_2026_R,true_negative
australia_2026_R_00485,australia_2026_R,Australian Grand Prix,0.0,gbdt,0.056987697700253505,australia_2026_R,true_negative
australia_2026_R_00487,australia_2026_R,Australian Grand Prix,0.0,gbdt,0.11991409543656154,australia_2026_R,true_negative
australia_2026_R_00488,australia_2026_R,Australian Grand Prix,0.0,gbdt,0.02283906067671642,australia_2026_R,true_negative
australia_2026_R_00489,australia_2026_R,Australian Grand Prix,0.0,gbdt,0.012841738409529534,australia_2026_R,true_negative
australia_2026_R_00490,australia_2026_R,Australian Grand Prix,0.0,gbdt,0.08829482136901282,australia_2026_R,true_negative
australia_2026_R_00491,australia_2026_R,Australian Grand Prix,0.0,gbdt,0.05146810370604865,australia_2026_R,true_negative
australia_2026_R_00493,australia_2026_R,Australian Grand Prix,0.0,gbdt,0.041038707932350316,australia_2026_R,true_negative
australia_2026_R_00494,australia_2026_R,Australian Grand Prix,0.0,gbdt,0.03338870002402119,australia_2026_R,true_negative
australia_2026_R_00495,australia_2026_R,Australian Grand Prix,0.0,gbdt,0.20214251827616486,australia_2026_R,other
australia_2026_R_00496,australia_2026_R,Australian Grand Prix,0.0,gbdt,0.03300996424146534,australia_2026_R,true_negative
australia_2026_R_00497,australia_2026_R,Australian Grand Prix,0.0,gbdt,0.07060145842970468,australia_2026_R,true_negative
australia_2026_R_00498,australia_2026_R,Australian Grand Prix,0.0,gbdt,0.02133399274764941,australia_2026_R,true_negative
australia_2026_R_00500,australia_2026_R,Australian Grand Prix,0.0,gbdt,0.14887578103025215,australia_2026_R,true_negative
australia_2026_R_00501,australia_2026_R,Australian Grand Prix,0.0,gbdt,0.04149543602545319,australia_2026_R,true_negative
australia_2026_R_00503,australia_2026_R,Australian Grand Prix,0.0,gbdt,0.019626874957163556,australia_2026_R,true_negative
australia_2026_R_00504,australia_2026_R,Australian Grand Prix,0.0,gbdt,0.0907759583197835,australia_2026_R,true_negative
australia_2026_R_00505,australia_2026_R,Australian Grand Prix,0.0,gbdt,0.018868716060116964,australia_2026_R,true_negative
australia_2026_R_00507,australia_2026_R,Australian Grand Prix,0.0,gbdt,0.1464593283241702,australia_2026_R,true_negative
australia_2026_R_00508,australia_2026_R,Australian Grand Prix,0.0,gbdt,0.02899879409668424,australia_2026_R,true_negative
australia_2026_R_00509,australia_2026_R,Australian Grand Prix,0.0,gbdt,0.29668133051050116,australia_2026_R,other
australia_2026_R_00510,australia_2026_R,Australian Grand Prix,0.0,gbdt,0.06435088432392516,australia_2026_R,true_negative
australia_2026_R_00511,australia_2026_R,Australian Grand Prix,0.0,gbdt,0.12839521173215004,australia_2026_R,true_negative
australia_2026_R_00514,australia_2026_R,Australian Grand Prix,0.0,gbdt,0.028966418217239824,australia_2026_R,true_negative
australia_2026_R_00515,australia_2026_R,Australian Grand Prix,0.0,gbdt,0.1538952307949277,australia_2026_R,true_negative
australia_2026_R_00516,australia_2026_R,Australian Grand Prix,0.0,gbdt,0.018833860559073785,australia_2026_R,true_negative
australia_2026_R_00517,australia_2026_R,Australian Grand Prix,0.0,gbdt,0.027205915530578925,australia_2026_R,true_negative
australia_2026_R_00520,australia_2026_R,Australian Grand Prix,0.0,gbdt,0.05085617704890601,australia_2026_R,true_negative
australia_2026_R_00521,australia_2026_R,Australian Grand Prix,0.0,gbdt,0.04553333837896302,australia_2026_R,true_negative
australia_2026_R_00523,australia_2026_R,Australian Grand Prix,0.0,gbdt,0.011633678279285431,australia_2026_R,true_negative
australia_2026_R_00525,australia_2026_R,Australian Grand Prix,0.0,gbdt,0.0224705432425306,australia_2026_R,true_negative
australia_2026_R_00540,australia_2026_R,Australian Grand Prix,0.0,gbdt,0.10755434120916596,australia_2026_R,true_negative
australia_2026_R_00547,australia_2026_R,Australian Grand Prix,0.0,gbdt,0.010824247497690287,australia_2026_R,true_negative
australia_2026_R_00549,australia_2026_R,Australian Grand Prix,0.0,gbdt,0.01688033033304959,australia_2026_R,true_negative
australia_2026_R_00550,australia_2026_R,Australian Grand Prix,0.0,gbdt,0.21164036323153151,australia_2026_R,other
australia_2026_R_00552,australia_2026_R,Australian Grand Prix,0.0,gbdt,0.04491890118712279,australia_2026_R,true_negative
australia_2026_R_00553,australia_2026_R,Australian Grand Prix,0.0,gbdt,0.1973208043280281,australia_2026_R,true_negative
australia_2026_R_00554,australia_2026_R,Australian Grand Prix,0.0,gbdt,0.03209994325283436,australia_2026_R,true_negative
australia_2026_R_00555,australia_2026_R,Australian Grand Prix,0.0,gbdt,0.10492092504508678,australia_2026_R,true_negative
australia_2026_R_00556,australia_2026_R,Australian Grand Prix,0.0,gbdt,0.044084653662959127,australia_2026_R,true_negative
australia_2026_R_00558,australia_2026_R,Australian Grand Prix,0.0,gbdt,0.14388094461032078,australia_2026_R,true_negative
australia_2026_R_00559,australia_2026_R,Australian Grand Prix,0.0,gbdt,0.07210330666575257,australia_2026_R,true_negative
australia_2026_R_00560,australia_2026_R,Australian Grand Prix,0.0,gbdt,0.3934668895240109,australia_2026_R,other
australia_2026_R_00562,australia_2026_R,Australian Grand Prix,0.0,gbdt,0.04995634684886169,australia_2026_R,true_negative
australia_2026_R_00563,australia_2026_R,Australian Grand Prix,0.0,gbdt,0.2974999535905057,australia_2026_R,other
australia_2026_R_00564,australia_2026_R,Australian Grand Prix,0.0,gbdt,0.12114831605868957,australia_2026_R,true_negative
australia_2026_R_00565,australia_2026_R,Australian Grand Prix,0.0,gbdt,0.27091432137604593,australia_2026_R,other
australia_2026_R_00566,australia_2026_R,Australian Grand Prix,1.0,gbdt,0.24834052493826572,australia_2026_R,other
australia_2026_R_00567,australia_2026_R,Australian Grand Prix,0.0,gbdt,0.3161353306980108,australia_2026_R,other
australia_2026_R_00568,australia_2026_R,Australian Grand Prix,0.0,gbdt,0.1525981151485951,australia_2026_R,true_negative
australia_2026_R_00569,australia_2026_R,Australian Grand Prix,0.0,gbdt,0.19468273057365262,australia_2026_R,true_negative
australia_2026_R_00571,australia_2026_R,Australian Grand Prix,0.0,gbdt,0.44880442064072756,australia_2026_R,other
australia_2026_R_00572,australia_2026_R,Australian Grand Prix,1.0,gbdt,0.6332604515480847,australia_2026_R,true_positive
australia_2026_R_00573,australia_2026_R,Australian Grand Prix,0.0,gbdt,0.3325489642670581,australia_2026_R,other
australia_2026_R_00574,australia_2026_R,Australian Grand Prix,0.0,gbdt,0.03442987223968176,australia_2026_R,true_negative
australia_2026_R_00576,australia_2026_R,Australian Grand Prix,0.0,gbdt,0.10895440571897456,australia_2026_R,true_negative
australia_2026_R_00577,australia_2026_R,Australian Grand Prix,0.0,gbdt,0.1546546932423812,australia_2026_R,true_negative
australia_2026_R_00578,australia_2026_R,Australian Grand Prix,0.0,gbdt,0.4741302432175868,australia_2026_R,other
australia_2026_R_00580,australia_2026_R,Australian Grand Prix,1.0,gbdt,0.26532854933569366,australia_2026_R,other
australia_2026_R_00581,australia_2026_R,Australian Grand Prix,0.0,gbdt,0.018445514030199225,australia_2026_R,true_negative
australia_2026_R_00582,australia_2026_R,Australian Grand Prix,0.0,gbdt,0.22267595952216776,australia_2026_R,other
australia_2026_R_00583,australia_2026_R,Australian Grand Prix,0.0,gbdt,0.09520701139693383,australia_2026_R,true_negative
australia_2026_R_00584,australia_2026_R,Australian Grand Prix,1.0,gbdt,0.5343592640181535,australia_2026_R,true_positive
australia_2026_R_00585,australia_2026_R,Australian Grand Prix,1.0,gbdt,0.5895404742049555,australia_2026_R,true_positive
australia_2026_R_00587,australia_2026_R,Australian Grand Prix,0.0,gbdt,0.05789031920418172,australia_2026_R,true_negative
australia_2026_R_00591,australia_2026_R,Australian Grand Prix,0.0,gbdt,0.11721228644385356,australia_2026_R,true_negative
australia_2026_R_00592,australia_2026_R,Australian Grand Prix,0.0,gbdt,0.1788230281265793,australia_2026_R,true_negative
australia_2026_R_00593,australia_2026_R,Australian Grand Prix,0.0,gbdt,0.03072287267109907,australia_2026_R,true_negative
australia_2026_R_00594,australia_2026_R,Australian Grand Prix,0.0,gbdt,0.022060912666563893,australia_2026_R,true_negative
australia_2026_R_00595,australia_2026_R,Australian Grand Prix,0.0,gbdt,0.15018441327633567,australia_2026_R,true_negative
australia_2026_R_00596,australia_2026_R,Australian Grand Prix,0.0,gbdt,0.02693303816729365,australia_2026_R,true_negative
australia_2026_R_00598,australia_2026_R,Australian Grand Prix,0.0,gbdt,0.08300727476369518,australia_2026_R,true_negative
australia_2026_R_00599,australia_2026_R,Australian Grand Prix,0.0,gbdt,0.07515920737875442,australia_2026_R,true_negative
australia_2026_R_00600,australia_2026_R,Australian Grand Prix,0.0,gbdt,0.016937199676638003,australia_2026_R,true_negative
australia_2026_R_00601,australia_2026_R,Australian Grand Prix,0.0,gbdt,0.12137278082100847,australia_2026_R,true_negative
australia_2026_R_00602,australia_2026_R,Australian Grand Prix,0.0,gbdt,0.027916970199747076,australia_2026_R,true_negative
australia_2026_R_00603,australia_2026_R,Australian Grand Prix,0.0,gbdt,0.044698678858588956,australia_2026_R,true_negative
australia_2026_R_00605,australia_2026_R,Australian Grand Prix,0.0,gbdt,0.17063281144673176,australia_2026_R,true_negative
australia_2026_R_00606,australia_2026_R,Australian Grand Prix,0.0,gbdt,0.041647505927360676,australia_2026_R,true_negative
australia_2026_R_00607,australia_2026_R,Australian Grand Prix,1.0,gbdt,0.032714427279165216,australia_2026_R,false_negative
australia_2026_R_00608,australia_2026_R,Australian Grand Prix,0.0,gbdt,0.014584759599329155,australia_2026_R,true_negative
australia_2026_R_00610,australia_2026_R,Australian Grand Prix,1.0,gbdt,0.5958399448759804,australia_2026_R,true_positive
australia_2026_R_00611,australia_2026_R,Australian Grand Prix,0.0,gbdt,0.5658299706486579,australia_2026_R,false_positive
australia_2026_R_00615,australia_2026_R,Australian Grand Prix,0.0,gbdt,0.0552308493482302,australia_2026_R,true_negative
australia_2026_R_00617,australia_2026_R,Australian Grand Prix,0.0,gbdt,0.38270742783114875,australia_2026_R,other
australia_2026_R_00618,australia_2026_R,Australian Grand Prix,0.0,gbdt,0.03385573773002847,australia_2026_R,true_negative
australia_2026_R_00624,australia_2026_R,Australian Grand Prix,0.0,gbdt,0.0701512831973576,australia_2026_R,true_negative
australia_2026_R_00626,australia_2026_R,Australian Grand Prix,0.0,gbdt,0.03826588874871456,australia_2026_R,true_negative
australia_2026_R_00628,australia_2026_R,Australian Grand Prix,0.0,gbdt,0.013626181682455347,australia_2026_R,true_negative
australia_2026_R_00630,australia_2026_R,Australian Grand Prix,0.0,gbdt,0.03577431596092353,australia_2026_R,true_negative
australia_2026_R_00632,australia_2026_R,Australian Grand Prix,0.0,gbdt,0.02006874966743617,australia_2026_R,true_negative
australia_2026_R_00635,australia_2026_R,Australian Grand Prix,0.0,gbdt,0.025600736800283047,australia_2026_R,true_negative
australia_2026_R_00637,australia_2026_R,Australian Grand Prix,0.0,gbdt,0.051781479444122404,australia_2026_R,true_negative
australia_2026_R_00639,australia_2026_R,Australian Grand Prix,0.0,gbdt,0.017391836760095324,australia_2026_R,true_negative
australia_2026_R_00641,australia_2026_R,Australian Grand Prix,0.0,gbdt,0.024882036009564953,australia_2026_R,true_negative
australia_2026_R_00643,australia_2026_R,Australian Grand Prix,0.0,gbdt,0.029692349364011116,australia_2026_R,true_negative
australia_2026_R_00645,australia_2026_R,Australian Grand Prix,0.0,gbdt,0.11034913062058394,australia_2026_R,true_negative
australia_2026_R_00646,australia_2026_R,Australian Grand Prix,0.0,gbdt,0.018112058095394356,australia_2026_R,true_negative
australia_2026_R_00647,australia_2026_R,Australian Grand Prix,0.0,gbdt,0.20554729115776968,australia_2026_R,other
australia_2026_R_00648,australia_2026_R,Australian Grand Prix,0.0,gbdt,0.0275026985045712,australia_2026_R,true_negative
australia_2026_R_00650,australia_2026_R,Australian Grand Prix,0.0,gbdt,0.01615671394166723,australia_2026_R,true_negative
australia_2026_R_00651,australia_2026_R,Australian Grand Prix,0.0,gbdt,0.029006455888783284,australia_2026_R,true_negative
australia_2026_R_00652,australia_2026_R,Australian Grand Prix,0.0,gbdt,0.04196335066971858,australia_2026_R,true_negative
australia_2026_R_00653,australia_2026_R,Australian Grand Prix,0.0,gbdt,0.017436442331082096,australia_2026_R,true_negative
australia_2026_R_00654,australia_2026_R,Australian Grand Prix,0.0,gbdt,0.040881930127047605,australia_2026_R,true_negative
australia_2026_R_00655,australia_2026_R,Australian Grand Prix,0.0,gbdt,0.056459480641631206,australia_2026_R,true_negative
australia_2026_R_00656,australia_2026_R,Australian Grand Prix,0.0,gbdt,0.021020585315492387,australia_2026_R,true_negative
australia_2026_R_00657,australia_2026_R,Australian Grand Prix,0.0,gbdt,0.019127542097008548,australia_2026_R,true_negative
australia_2026_R_00658,australia_2026_R,Australian Grand Prix,1.0,gbdt,0.45643131107760276,australia_2026_R,other
australia_2026_R_00659,australia_2026_R,Australian Grand Prix,0.0,gbdt,0.02405662932702044,australia_2026_R,true_negative
australia_2026_R_00660,australia_2026_R,Australian Grand Prix,1.0,gbdt,0.5315874871525388,australia_2026_R,true_positive
australia_2026_R_00661,australia_2026_R,Australian Grand Prix,0.0,gbdt,0.046732555906958934,australia_2026_R,true_negative
australia_2026_R_00662,australia_2026_R,Australian Grand Prix,1.0,gbdt,0.6284127997510792,australia_2026_R,true_positive
australia_2026_R_00665,australia_2026_R,Australian Grand Prix,0.0,gbdt,0.048819787884803796,australia_2026_R,true_negative
australia_2026_R_00666,australia_2026_R,Australian Grand Prix,0.0,gbdt,0.01319938546287667,australia_2026_R,true_negative
australia_2026_R_00667,australia_2026_R,Australian Grand Prix,0.0,gbdt,0.01770869392274073,australia_2026_R,true_negative
australia_2026_R_00670,australia_2026_R,Australian Grand Prix,0.0,gbdt,0.01245226931187706,australia_2026_R,true_negative
australia_2026_R_00671,australia_2026_R,Australian Grand Prix,0.0,gbdt,0.096896320874598,australia_2026_R,true_negative
australia_2026_R_00672,australia_2026_R,Australian Grand Prix,0.0,gbdt,0.1129416324426625,australia_2026_R,true_negative
china_2026_R_00001,china_2026_R,Chinese Grand Prix,0.0,gbdt,0.12541964843092537,china_2026_R,true_negative
china_2026_R_00002,china_2026_R,Chinese Grand Prix,0.0,gbdt,0.16025025912503213,china_2026_R,true_negative
china_2026_R_00003,china_2026_R,Chinese Grand Prix,0.0,gbdt,0.20040060594696246,china_2026_R,other
china_2026_R_00004,china_2026_R,Chinese Grand Prix,0.0,gbdt,0.1842184838422948,china_2026_R,true_negative
china_2026_R_00005,china_2026_R,Chinese Grand Prix,0.0,gbdt,0.1711037133974442,china_2026_R,true_negative
china_2026_R_00006,china_2026_R,Chinese Grand Prix,1.0,gbdt,0.24548542191255002,china_2026_R,other
china_2026_R_00007,china_2026_R,Chinese Grand Prix,1.0,gbdt,0.07729343330927639,china_2026_R,false_negative
china_2026_R_00008,china_2026_R,Chinese Grand Prix,0.0,gbdt,0.18882293845810408,china_2026_R,true_negative
china_2026_R_00009,china_2026_R,Chinese Grand Prix,1.0,gbdt,0.13172546600061072,china_2026_R,false_negative
china_2026_R_00010,china_2026_R,Chinese Grand Prix,1.0,gbdt,0.08941797041813965,china_2026_R,false_negative
china_2026_R_00011,china_2026_R,Chinese Grand Prix,1.0,gbdt,0.20511062880887931,china_2026_R,other
china_2026_R_00012,china_2026_R,Chinese Grand Prix,1.0,gbdt,0.07727158704598809,china_2026_R,false_negative
china_2026_R_00013,china_2026_R,Chinese Grand Prix,0.0,gbdt,0.12032103442898887,china_2026_R,true_negative
china_2026_R_00014,china_2026_R,Chinese Grand Prix,0.0,gbdt,0.4625793910839324,china_2026_R,other
china_2026_R_00015,china_2026_R,Chinese Grand Prix,0.0,gbdt,0.21862743549576139,china_2026_R,other
china_2026_R_00016,china_2026_R,Chinese Grand Prix,1.0,gbdt,0.035893861241490806,china_2026_R,false_negative
china_2026_R_00017,china_2026_R,Chinese Grand Prix,1.0,gbdt,0.13784793330039086,china_2026_R,false_negative
china_2026_R_00018,china_2026_R,Chinese Grand Prix,0.0,gbdt,0.13351285977923832,china_2026_R,true_negative
china_2026_R_00019,china_2026_R,Chinese Grand Prix,0.0,gbdt,0.5189836851622995,china_2026_R,false_positive
china_2026_R_00020,china_2026_R,Chinese Grand Prix,0.0,gbdt,0.3492908806595451,china_2026_R,other
china_2026_R_00021,china_2026_R,Chinese Grand Prix,1.0,gbdt,0.5663737904538884,china_2026_R,true_positive
china_2026_R_00022,china_2026_R,Chinese Grand Prix,0.0,gbdt,0.08990288415275448,china_2026_R,true_negative
china_2026_R_00023,china_2026_R,Chinese Grand Prix,0.0,gbdt,0.26973388592291714,china_2026_R,other
china_2026_R_00024,china_2026_R,Chinese Grand Prix,1.0,gbdt,0.164451077087923,china_2026_R,false_negative
china_2026_R_00025,china_2026_R,Chinese Grand Prix,1.0,gbdt,0.9470209897145105,china_2026_R,true_positive
china_2026_R_00026,china_2026_R,Chinese Grand Prix,0.0,gbdt,0.024941423619447824,china_2026_R,true_negative
china_2026_R_00027,china_2026_R,Chinese Grand Prix,1.0,gbdt,0.860919961117157,china_2026_R,true_positive
china_2026_R_00028,china_2026_R,Chinese Grand Prix,0.0,gbdt,0.30975026888216406,china_2026_R,other
china_2026_R_00029,china_2026_R,Chinese Grand Prix,1.0,gbdt,0.39287903770874133,china_2026_R,other
china_2026_R_00030,china_2026_R,Chinese Grand Prix,1.0,gbdt,0.31214363764213393,china_2026_R,other
china_2026_R_00031,china_2026_R,Chinese Grand Prix,0.0,gbdt,0.695626195079037,china_2026_R,false_positive
china_2026_R_00032,china_2026_R,Chinese Grand Prix,1.0,gbdt,0.860226870264686,china_2026_R,true_positive
china_2026_R_00033,china_2026_R,Chinese Grand Prix,1.0,gbdt,0.3451121509065516,china_2026_R,other
china_2026_R_00034,china_2026_R,Chinese Grand Prix,1.0,gbdt,0.35249358067850456,china_2026_R,other
china_2026_R_00035,china_2026_R,Chinese Grand Prix,0.0,gbdt,0.18763331776070388,china_2026_R,true_negative
china_2026_R_00036,china_2026_R,Chinese Grand Prix,1.0,gbdt,0.5373521189201431,china_2026_R,true_positive
china_2026_R_00037,china_2026_R,Chinese Grand Prix,1.0,gbdt,0.43763000881613046,china_2026_R,other
china_2026_R_00038,china_2026_R,Chinese Grand Prix,1.0,gbdt,0.2764147179491676,china_2026_R,other
china_2026_R_00039,china_2026_R,Chinese Grand Prix,1.0,gbdt,0.24974105903315386,china_2026_R,other
china_2026_R_00040,china_2026_R,Chinese Grand Prix,1.0,gbdt,0.711306804121896,china_2026_R,true_positive
china_2026_R_00041,china_2026_R,Chinese Grand Prix,0.0,gbdt,0.4415902795648347,china_2026_R,other
china_2026_R_00042,china_2026_R,Chinese Grand Prix,1.0,gbdt,0.2536882002013769,china_2026_R,other
china_2026_R_00043,china_2026_R,Chinese Grand Prix,1.0,gbdt,0.6142179197431769,china_2026_R,true_positive
china_2026_R_00044,china_2026_R,Chinese Grand Prix,1.0,gbdt,0.375295131018111,china_2026_R,other
china_2026_R_00045,china_2026_R,Chinese Grand Prix,1.0,gbdt,0.5889963259982693,china_2026_R,true_positive
china_2026_R_00046,china_2026_R,Chinese Grand Prix,0.0,gbdt,0.19177904953037522,china_2026_R,true_negative
china_2026_R_00047,china_2026_R,Chinese Grand Prix,1.0,gbdt,0.5175496508270333,china_2026_R,true_positive
china_2026_R_00048,china_2026_R,Chinese Grand Prix,1.0,gbdt,0.7593291292374016,china_2026_R,true_positive
china_2026_R_00049,china_2026_R,Chinese Grand Prix,1.0,gbdt,0.9371423987995313,china_2026_R,true_positive
china_2026_R_00050,china_2026_R,Chinese Grand Prix,0.0,gbdt,0.46488444947809165,china_2026_R,other
china_2026_R_00051,china_2026_R,Chinese Grand Prix,1.0,gbdt,0.15004386375755382,china_2026_R,false_negative
china_2026_R_00052,china_2026_R,Chinese Grand Prix,1.0,gbdt,0.5529928982549934,china_2026_R,true_positive
china_2026_R_00053,china_2026_R,Chinese Grand Prix,0.0,gbdt,0.33077637509219643,china_2026_R,other
china_2026_R_00054,china_2026_R,Chinese Grand Prix,1.0,gbdt,0.848449961592574,china_2026_R,true_positive
china_2026_R_00055,china_2026_R,Chinese Grand Prix,0.0,gbdt,0.4932405764545626,china_2026_R,other
china_2026_R_00056,china_2026_R,Chinese Grand Prix,1.0,gbdt,0.20977750989513952,china_2026_R,other
china_2026_R_00057,china_2026_R,Chinese Grand Prix,0.0,gbdt,0.2637025057884308,china_2026_R,other
china_2026_R_00059,china_2026_R,Chinese Grand Prix,1.0,gbdt,0.5194913837018142,china_2026_R,true_positive
china_2026_R_00060,china_2026_R,Chinese Grand Prix,1.0,gbdt,0.28872901099369735,china_2026_R,other
china_2026_R_00062,china_2026_R,Chinese Grand Prix,1.0,gbdt,0.5851665635916429,china_2026_R,true_positive
china_2026_R_00063,china_2026_R,Chinese Grand Prix,1.0,gbdt,0.6362603803467701,china_2026_R,true_positive
china_2026_R_00065,china_2026_R,Chinese Grand Prix,1.0,gbdt,0.38429343570222857,china_2026_R,other
china_2026_R_00066,china_2026_R,Chinese Grand Prix,1.0,gbdt,0.3301514953317063,china_2026_R,other
china_2026_R_00067,china_2026_R,Chinese Grand Prix,0.0,gbdt,0.5666872400764242,china_2026_R,false_positive
china_2026_R_00068,china_2026_R,Chinese Grand Prix,1.0,gbdt,0.17822048733221132,china_2026_R,false_negative
china_2026_R_00069,china_2026_R,Chinese Grand Prix,1.0,gbdt,0.7826407578904762,china_2026_R,true_positive
china_2026_R_00070,china_2026_R,Chinese Grand Prix,1.0,gbdt,0.6657650022809783,china_2026_R,true_positive
china_2026_R_00071,china_2026_R,Chinese Grand Prix,1.0,gbdt,0.18041649688011172,china_2026_R,false_negative
china_2026_R_00072,china_2026_R,Chinese Grand Prix,0.0,gbdt,0.08914733087185306,china_2026_R,true_negative
china_2026_R_00073,china_2026_R,Chinese Grand Prix,0.0,gbdt,0.3073097472136905,china_2026_R,other
china_2026_R_00074,china_2026_R,Chinese Grand Prix,1.0,gbdt,0.1484664560585744,china_2026_R,false_negative
china_2026_R_00075,china_2026_R,Chinese Grand Prix,1.0,gbdt,0.24676171636498456,china_2026_R,other
china_2026_R_00076,china_2026_R,Chinese Grand Prix,1.0,gbdt,0.36062577425281056,china_2026_R,other
china_2026_R_00077,china_2026_R,Chinese Grand Prix,0.0,gbdt,0.8501347693379608,china_2026_R,false_positive
china_2026_R_00079,china_2026_R,Chinese Grand Prix,1.0,gbdt,0.06699391258731144,china_2026_R,false_negative
china_2026_R_00080,china_2026_R,Chinese Grand Prix,0.0,gbdt,0.16791492938756578,china_2026_R,true_negative
china_2026_R_00081,china_2026_R,Chinese Grand Prix,1.0,gbdt,0.14168356990315403,china_2026_R,false_negative
china_2026_R_00082,china_2026_R,Chinese Grand Prix,0.0,gbdt,0.33128032952674863,china_2026_R,other
china_2026_R_00083,china_2026_R,Chinese Grand Prix,0.0,gbdt,0.20556265714638722,china_2026_R,other
china_2026_R_00084,china_2026_R,Chinese Grand Prix,1.0,gbdt,0.4097206771621914,china_2026_R,other
china_2026_R_00085,china_2026_R,Chinese Grand Prix,1.0,gbdt,0.03308005677858979,china_2026_R,false_negative
china_2026_R_00086,china_2026_R,Chinese Grand Prix,0.0,gbdt,0.1873711417837776,china_2026_R,true_negative
china_2026_R_00087,china_2026_R,Chinese Grand Prix,0.0,gbdt,0.21887381962762928,china_2026_R,other
china_2026_R_00088,china_2026_R,Chinese Grand Prix,1.0,gbdt,0.04216534082785433,china_2026_R,false_negative
china_2026_R_00089,china_2026_R,Chinese Grand Prix,1.0,gbdt,0.5217923568828453,china_2026_R,true_positive
china_2026_R_00090,china_2026_R,Chinese Grand Prix,0.0,gbdt,0.1107289488407058,china_2026_R,true_negative
china_2026_R_00091,china_2026_R,Chinese Grand Prix,0.0,gbdt,0.4784653087314982,china_2026_R,other
china_2026_R_00092,china_2026_R,Chinese Grand Prix,0.0,gbdt,0.18085082696345844,china_2026_R,true_negative
china_2026_R_00093,china_2026_R,Chinese Grand Prix,0.0,gbdt,0.07797008108564689,china_2026_R,true_negative
china_2026_R_00094,china_2026_R,Chinese Grand Prix,0.0,gbdt,0.1848636559475575,china_2026_R,true_negative
china_2026_R_00095,china_2026_R,Chinese Grand Prix,0.0,gbdt,0.3672154849503436,china_2026_R,other
china_2026_R_00096,china_2026_R,Chinese Grand Prix,1.0,gbdt,0.6704314103994705,china_2026_R,true_positive
china_2026_R_00097,china_2026_R,Chinese Grand Prix,0.0,gbdt,0.15469708837179605,china_2026_R,true_negative
china_2026_R_00098,china_2026_R,Chinese Grand Prix,1.0,gbdt,0.2534735787936487,china_2026_R,other
china_2026_R_00099,china_2026_R,Chinese Grand Prix,0.0,gbdt,0.5171976412873348,china_2026_R,false_positive
china_2026_R_00100,china_2026_R,Chinese Grand Prix,0.0,gbdt,0.15805288797930522,china_2026_R,true_negative
china_2026_R_00101,china_2026_R,Chinese Grand Prix,0.0,gbdt,0.6429114171356477,china_2026_R,false_positive
china_2026_R_00102,china_2026_R,Chinese Grand Prix,0.0,gbdt,0.5615568717436221,china_2026_R,false_positive
china_2026_R_00103,china_2026_R,Chinese Grand Prix,0.0,gbdt,0.25769289971637616,china_2026_R,other
china_2026_R_00104,china_2026_R,Chinese Grand Prix,1.0,gbdt,0.6542381847222125,china_2026_R,true_positive
china_2026_R_00105,china_2026_R,Chinese Grand Prix,0.0,gbdt,0.3721103622480682,china_2026_R,other
china_2026_R_00106,china_2026_R,Chinese Grand Prix,1.0,gbdt,0.5969396198764229,china_2026_R,true_positive
china_2026_R_00107,china_2026_R,Chinese Grand Prix,1.0,gbdt,0.12421470429311646,china_2026_R,false_negative
china_2026_R_00108,china_2026_R,Chinese Grand Prix,0.0,gbdt,0.6861946953441251,china_2026_R,false_positive
china_2026_R_00109,china_2026_R,Chinese Grand Prix,1.0,gbdt,0.8500100499224058,china_2026_R,true_positive
china_2026_R_00110,china_2026_R,Chinese Grand Prix,0.0,gbdt,0.7031800658261301,china_2026_R,false_positive
china_2026_R_00111,china_2026_R,Chinese Grand Prix,1.0,gbdt,0.49787770979296625,china_2026_R,other
china_2026_R_00112,china_2026_R,Chinese Grand Prix,1.0,gbdt,0.5270061442721523,china_2026_R,true_positive
china_2026_R_00113,china_2026_R,Chinese Grand Prix,0.0,gbdt,0.119901650073254,china_2026_R,true_negative
china_2026_R_00114,china_2026_R,Chinese Grand Prix,0.0,gbdt,0.3835509083796641,china_2026_R,other
china_2026_R_00115,china_2026_R,Chinese Grand Prix,0.0,gbdt,0.02843353826577923,china_2026_R,true_negative
china_2026_R_00116,china_2026_R,Chinese Grand Prix,1.0,gbdt,0.7907866831022972,china_2026_R,true_positive
china_2026_R_00117,china_2026_R,Chinese Grand Prix,0.0,gbdt,0.22950054950930074,china_2026_R,other
china_2026_R_00118,china_2026_R,Chinese Grand Prix,1.0,gbdt,0.7042223381539744,china_2026_R,true_positive
china_2026_R_00119,china_2026_R,Chinese Grand Prix,1.0,gbdt,0.5231900001865636,china_2026_R,true_positive
china_2026_R_00120,china_2026_R,Chinese Grand Prix,1.0,gbdt,0.19609024374872916,china_2026_R,false_negative
china_2026_R_00121,china_2026_R,Chinese Grand Prix,1.0,gbdt,0.07003520690528421,china_2026_R,false_negative
china_2026_R_00122,china_2026_R,Chinese Grand Prix,1.0,gbdt,0.9201213701249932,china_2026_R,true_positive
china_2026_R_00123,china_2026_R,Chinese Grand Prix,1.0,gbdt,0.58081166041271,china_2026_R,true_positive
china_2026_R_00124,china_2026_R,Chinese Grand Prix,1.0,gbdt,0.8924282637925526,china_2026_R,true_positive
china_2026_R_00125,china_2026_R,Chinese Grand Prix,1.0,gbdt,0.5975778788290039,china_2026_R,true_positive
china_2026_R_00126,china_2026_R,Chinese Grand Prix,1.0,gbdt,0.3170539710584054,china_2026_R,other
china_2026_R_00127,china_2026_R,Chinese Grand Prix,1.0,gbdt,0.44742154660543115,china_2026_R,other
china_2026_R_00128,china_2026_R,Chinese Grand Prix,1.0,gbdt,0.25321424989601915,china_2026_R,other
china_2026_R_00129,china_2026_R,Chinese Grand Prix,1.0,gbdt,0.5638310468183264,china_2026_R,true_positive
china_2026_R_00130,china_2026_R,Chinese Grand Prix,0.0,gbdt,0.5866544255587065,china_2026_R,false_positive
china_2026_R_00131,china_2026_R,Chinese Grand Prix,0.0,gbdt,0.2630852167310201,china_2026_R,other
china_2026_R_00132,china_2026_R,Chinese Grand Prix,1.0,gbdt,0.13249173313264723,china_2026_R,false_negative
china_2026_R_00133,china_2026_R,Chinese Grand Prix,0.0,gbdt,0.8786017573991793,china_2026_R,false_positive
china_2026_R_00134,china_2026_R,Chinese Grand Prix,0.0,gbdt,0.3189660473639859,china_2026_R,other
china_2026_R_00135,china_2026_R,Chinese Grand Prix,1.0,gbdt,0.8650440767979175,china_2026_R,true_positive
china_2026_R_00136,china_2026_R,Chinese Grand Prix,0.0,gbdt,0.29156194130542695,china_2026_R,other
china_2026_R_00138,china_2026_R,Chinese Grand Prix,1.0,gbdt,0.20891763865410168,china_2026_R,other
china_2026_R_00141,china_2026_R,Chinese Grand Prix,1.0,gbdt,0.189246615353085,china_2026_R,false_negative
china_2026_R_00146,china_2026_R,Chinese Grand Prix,0.0,gbdt,0.26895336813612636,china_2026_R,other
china_2026_R_00148,china_2026_R,Chinese Grand Prix,0.0,gbdt,0.17571733909984621,china_2026_R,true_negative
china_2026_R_00149,china_2026_R,Chinese Grand Prix,0.0,gbdt,0.13140324376145687,china_2026_R,true_negative
china_2026_R_00151,china_2026_R,Chinese Grand Prix,1.0,gbdt,0.31182578635822905,china_2026_R,other
china_2026_R_00152,china_2026_R,Chinese Grand Prix,0.0,gbdt,0.055637617846343516,china_2026_R,true_negative
china_2026_R_00153,china_2026_R,Chinese Grand Prix,1.0,gbdt,0.0651398823025795,china_2026_R,false_negative
china_2026_R_00154,china_2026_R,Chinese Grand Prix,1.0,gbdt,0.23476451079166374,china_2026_R,other
china_2026_R_00155,china_2026_R,Chinese Grand Prix,0.0,gbdt,0.038801895144776576,china_2026_R,true_negative
china_2026_R_00156,china_2026_R,Chinese Grand Prix,0.0,gbdt,0.3690577441816468,china_2026_R,other
china_2026_R_00157,china_2026_R,Chinese Grand Prix,1.0,gbdt,0.4859987588341715,china_2026_R,other
china_2026_R_00158,china_2026_R,Chinese Grand Prix,0.0,gbdt,0.046922239495911865,china_2026_R,true_negative
china_2026_R_00159,china_2026_R,Chinese Grand Prix,0.0,gbdt,0.19731032415157146,china_2026_R,true_negative
china_2026_R_00160,china_2026_R,Chinese Grand Prix,0.0,gbdt,0.6505861709752244,china_2026_R,false_positive
china_2026_R_00161,china_2026_R,Chinese Grand Prix,1.0,gbdt,0.03173331981950755,china_2026_R,false_negative
china_2026_R_00162,china_2026_R,Chinese Grand Prix,1.0,gbdt,0.7922107943624923,china_2026_R,true_positive
china_2026_R_00163,china_2026_R,Chinese Grand Prix,0.0,gbdt,0.186024861679283,china_2026_R,true_negative
china_2026_R_00164,china_2026_R,Chinese Grand Prix,0.0,gbdt,0.31426261970305547,china_2026_R,other
china_2026_R_00165,china_2026_R,Chinese Grand Prix,1.0,gbdt,0.1714973755249653,china_2026_R,false_negative
china_2026_R_00166,china_2026_R,Chinese Grand Prix,1.0,gbdt,0.9488353706554962,china_2026_R,true_positive
china_2026_R_00167,china_2026_R,Chinese Grand Prix,1.0,gbdt,0.5617259212484739,china_2026_R,true_positive
china_2026_R_00168,china_2026_R,Chinese Grand Prix,0.0,gbdt,0.06514840736234379,china_2026_R,true_negative
china_2026_R_00169,china_2026_R,Chinese Grand Prix,1.0,gbdt,0.9499726192625005,china_2026_R,true_positive
china_2026_R_00170,china_2026_R,Chinese Grand Prix,1.0,gbdt,0.3681401423403927,china_2026_R,other
china_2026_R_00171,china_2026_R,Chinese Grand Prix,1.0,gbdt,0.46144726332984193,china_2026_R,other
china_2026_R_00172,china_2026_R,Chinese Grand Prix,1.0,gbdt,0.7086636695455291,china_2026_R,true_positive
china_2026_R_00173,china_2026_R,Chinese Grand Prix,0.0,gbdt,0.9184237139260651,china_2026_R,false_positive
china_2026_R_00174,china_2026_R,Chinese Grand Prix,0.0,gbdt,0.21453897681621759,china_2026_R,other
china_2026_R_00175,china_2026_R,Chinese Grand Prix,0.0,gbdt,0.15866232175754721,china_2026_R,true_negative
china_2026_R_00176,china_2026_R,Chinese Grand Prix,1.0,gbdt,0.7444830918127985,china_2026_R,true_positive
china_2026_R_00177,china_2026_R,Chinese Grand Prix,1.0,gbdt,0.3867685484469166,china_2026_R,other
china_2026_R_00178,china_2026_R,Chinese Grand Prix,1.0,gbdt,0.8672314114951416,china_2026_R,true_positive
china_2026_R_00179,china_2026_R,Chinese Grand Prix,1.0,gbdt,0.17869900683626708,china_2026_R,false_negative
china_2026_R_00180,china_2026_R,Chinese Grand Prix,0.0,gbdt,0.474617455999695,china_2026_R,other
china_2026_R_00181,china_2026_R,Chinese Grand Prix,1.0,gbdt,0.6050630091506588,china_2026_R,true_positive
china_2026_R_00182,china_2026_R,Chinese Grand Prix,1.0,gbdt,0.8656905458361198,china_2026_R,true_positive
china_2026_R_00183,china_2026_R,Chinese Grand Prix,1.0,gbdt,0.8951563841718665,china_2026_R,true_positive
china_2026_R_00184,china_2026_R,Chinese Grand Prix,1.0,gbdt,0.8193581315818343,china_2026_R,true_positive
china_2026_R_00185,china_2026_R,Chinese Grand Prix,1.0,gbdt,0.7523231618827152,china_2026_R,true_positive
china_2026_R_00187,china_2026_R,Chinese Grand Prix,1.0,gbdt,0.9660333967883741,china_2026_R,true_positive
china_2026_R_00188,china_2026_R,Chinese Grand Prix,1.0,gbdt,0.8364692161046406,china_2026_R,true_positive
china_2026_R_00189,china_2026_R,Chinese Grand Prix,1.0,gbdt,0.33568983551098636,china_2026_R,other
china_2026_R_00190,china_2026_R,Chinese Grand Prix,1.0,gbdt,0.7744251680097868,china_2026_R,true_positive
china_2026_R_00191,china_2026_R,Chinese Grand Prix,1.0,gbdt,0.7367813006501387,china_2026_R,true_positive
china_2026_R_00193,china_2026_R,Chinese Grand Prix,0.0,gbdt,0.5385564496408716,china_2026_R,false_positive
china_2026_R_00194,china_2026_R,Chinese Grand Prix,1.0,gbdt,0.949949845768603,china_2026_R,true_positive
china_2026_R_00197,china_2026_R,Chinese Grand Prix,0.0,gbdt,0.15799530727738126,china_2026_R,true_negative
china_2026_R_00198,china_2026_R,Chinese Grand Prix,0.0,gbdt,0.12752895942225687,china_2026_R,true_negative
china_2026_R_00199,china_2026_R,Chinese Grand Prix,1.0,gbdt,0.9166492580264071,china_2026_R,true_positive
china_2026_R_00200,china_2026_R,Chinese Grand Prix,0.0,gbdt,0.11228858420735903,china_2026_R,true_negative
china_2026_R_00201,china_2026_R,Chinese Grand Prix,0.0,gbdt,0.11876125132665301,china_2026_R,true_negative
china_2026_R_00202,china_2026_R,Chinese Grand Prix,1.0,gbdt,0.9283836821973217,china_2026_R,true_positive
china_2026_R_00203,china_2026_R,Chinese Grand Prix,0.0,gbdt,0.11933220799620306,china_2026_R,true_negative
china_2026_R_00204,china_2026_R,Chinese Grand Prix,1.0,gbdt,0.32425746302276276,china_2026_R,other
china_2026_R_00205,china_2026_R,Chinese Grand Prix,0.0,gbdt,0.2052718677323512,china_2026_R,other
china_2026_R_00206,china_2026_R,Chinese Grand Prix,0.0,gbdt,0.5924936577710714,china_2026_R,false_positive
china_2026_R_00207,china_2026_R,Chinese Grand Prix,0.0,gbdt,0.13114632353022188,china_2026_R,true_negative
china_2026_R_00209,china_2026_R,Chinese Grand Prix,1.0,gbdt,0.2248443368973432,china_2026_R,other
china_2026_R_00210,china_2026_R,Chinese Grand Prix,0.0,gbdt,0.0400343840455569,china_2026_R,true_negative
china_2026_R_00211,china_2026_R,Chinese Grand Prix,0.0,gbdt,0.426024505378762,china_2026_R,other
china_2026_R_00212,china_2026_R,Chinese Grand Prix,0.0,gbdt,0.7112388786941772,china_2026_R,false_positive
china_2026_R_00214,china_2026_R,Chinese Grand Prix,0.0,gbdt,0.08151221851770246,china_2026_R,true_negative
china_2026_R_00215,china_2026_R,Chinese Grand Prix,1.0,gbdt,0.8623691178570688,china_2026_R,true_positive
china_2026_R_00216,china_2026_R,Chinese Grand Prix,1.0,gbdt,0.11551490340909713,china_2026_R,false_negative
china_2026_R_00217,china_2026_R,Chinese Grand Prix,0.0,gbdt,0.02698094835032535,china_2026_R,true_negative
china_2026_R_00218,china_2026_R,Chinese Grand Prix,0.0,gbdt,0.09338294865173095,china_2026_R,true_negative
china_2026_R_00219,china_2026_R,Chinese Grand Prix,1.0,gbdt,0.8239281502066329,china_2026_R,true_positive
china_2026_R_00220,china_2026_R,Chinese Grand Prix,1.0,gbdt,0.8351078036990273,china_2026_R,true_positive
china_2026_R_00221,china_2026_R,Chinese Grand Prix,1.0,gbdt,0.7973709640754688,china_2026_R,true_positive
china_2026_R_00222,china_2026_R,Chinese Grand Prix,1.0,gbdt,0.6407535777338415,china_2026_R,true_positive
china_2026_R_00223,china_2026_R,Chinese Grand Prix,0.0,gbdt,0.07602299674057499,china_2026_R,true_negative
china_2026_R_00224,china_2026_R,Chinese Grand Prix,0.0,gbdt,0.32986877647718793,china_2026_R,other
china_2026_R_00225,china_2026_R,Chinese Grand Prix,1.0,gbdt,0.06607039918901748,china_2026_R,false_negative
china_2026_R_00226,china_2026_R,Chinese Grand Prix,0.0,gbdt,0.5454216457849209,china_2026_R,false_positive
china_2026_R_00227,china_2026_R,Chinese Grand Prix,0.0,gbdt,0.06741034825145228,china_2026_R,true_negative
china_2026_R_00229,china_2026_R,Chinese Grand Prix,1.0,gbdt,0.6030026049571143,china_2026_R,true_positive
china_2026_R_00230,china_2026_R,Chinese Grand Prix,1.0,gbdt,0.14311793157944447,china_2026_R,false_negative
china_2026_R_00231,china_2026_R,Chinese Grand Prix,0.0,gbdt,0.8902944721749552,china_2026_R,false_positive
china_2026_R_00232,china_2026_R,Chinese Grand Prix,1.0,gbdt,0.2514063029265074,china_2026_R,other
china_2026_R_00233,china_2026_R,Chinese Grand Prix,1.0,gbdt,0.8263203054075193,china_2026_R,true_positive
china_2026_R_00234,china_2026_R,Chinese Grand Prix,0.0,gbdt,0.4489724543847624,china_2026_R,other
china_2026_R_00235,china_2026_R,Chinese Grand Prix,1.0,gbdt,0.8972883842267009,china_2026_R,true_positive
china_2026_R_00236,china_2026_R,Chinese Grand Prix,1.0,gbdt,0.9302846878698298,china_2026_R,true_positive
china_2026_R_00237,china_2026_R,Chinese Grand Prix,1.0,gbdt,0.9355948623101819,china_2026_R,true_positive
china_2026_R_00238,china_2026_R,Chinese Grand Prix,0.0,gbdt,0.415598252355239,china_2026_R,other
china_2026_R_00240,china_2026_R,Chinese Grand Prix,1.0,gbdt,0.9262666504608478,china_2026_R,true_positive
china_2026_R_00241,china_2026_R,Chinese Grand Prix,0.0,gbdt,0.24176206476796788,china_2026_R,other
china_2026_R_00242,china_2026_R,Chinese Grand Prix,0.0,gbdt,0.6357844533139095,china_2026_R,false_positive
china_2026_R_00244,china_2026_R,Chinese Grand Prix,0.0,gbdt,0.027277304705415308,china_2026_R,true_negative
china_2026_R_00245,china_2026_R,Chinese Grand Prix,1.0,gbdt,0.3524381885785742,china_2026_R,other
china_2026_R_00246,china_2026_R,Chinese Grand Prix,0.0,gbdt,0.3091629270644983,china_2026_R,other
china_2026_R_00247,china_2026_R,Chinese Grand Prix,0.0,gbdt,0.9111603718865284,china_2026_R,false_positive
china_2026_R_00248,china_2026_R,Chinese Grand Prix,0.0,gbdt,0.90707898661439,china_2026_R,false_positive
china_2026_R_00249,china_2026_R,Chinese Grand Prix,1.0,gbdt,0.8058212412787054,china_2026_R,true_positive
china_2026_R_00251,china_2026_R,Chinese Grand Prix,1.0,gbdt,0.517505441190709,china_2026_R,true_positive
china_2026_R_00252,china_2026_R,Chinese Grand Prix,0.0,gbdt,0.38038196384363443,china_2026_R,other
china_2026_R_00253,china_2026_R,Chinese Grand Prix,1.0,gbdt,0.8721634766939571,china_2026_R,true_positive
china_2026_R_00254,china_2026_R,Chinese Grand Prix,0.0,gbdt,0.22842750467096828,china_2026_R,other
china_2026_R_00256,china_2026_R,Chinese Grand Prix,0.0,gbdt,0.6453289051935422,china_2026_R,false_positive
china_2026_R_00257,china_2026_R,Chinese Grand Prix,1.0,gbdt,0.9339749348048045,china_2026_R,true_positive
china_2026_R_00260,china_2026_R,Chinese Grand Prix,1.0,gbdt,0.08288087167155987,china_2026_R,false_negative
china_2026_R_00261,china_2026_R,Chinese Grand Prix,0.0,gbdt,0.4094365884564632,china_2026_R,other
china_2026_R_00262,china_2026_R,Chinese Grand Prix,1.0,gbdt,0.8658231515964825,china_2026_R,true_positive
china_2026_R_00263,china_2026_R,Chinese Grand Prix,0.0,gbdt,0.021717552903648893,china_2026_R,true_negative
china_2026_R_00264,china_2026_R,Chinese Grand Prix,0.0,gbdt,0.057837533834898376,china_2026_R,true_negative
china_2026_R_00265,china_2026_R,Chinese Grand Prix,0.0,gbdt,0.32870303200642953,china_2026_R,other
china_2026_R_00266,china_2026_R,Chinese Grand Prix,0.0,gbdt,0.18959457721416367,china_2026_R,true_negative
china_2026_R_00267,china_2026_R,Chinese Grand Prix,0.0,gbdt,0.17831880584123602,china_2026_R,true_negative
china_2026_R_00268,china_2026_R,Chinese Grand Prix,0.0,gbdt,0.09545791678671409,china_2026_R,true_negative
china_2026_R_00269,china_2026_R,Chinese Grand Prix,0.0,gbdt,0.1326091664109819,china_2026_R,true_negative
china_2026_R_00270,china_2026_R,Chinese Grand Prix,1.0,gbdt,0.8024177308150957,china_2026_R,true_positive
china_2026_R_00271,china_2026_R,Chinese Grand Prix,0.0,gbdt,0.03442399260975751,china_2026_R,true_negative
china_2026_R_00272,china_2026_R,Chinese Grand Prix,1.0,gbdt,0.8019682923958494,china_2026_R,true_positive
china_2026_R_00273,china_2026_R,Chinese Grand Prix,1.0,gbdt,0.24937511032679283,china_2026_R,other
china_2026_R_00274,china_2026_R,Chinese Grand Prix,1.0,gbdt,0.443406496453491,china_2026_R,other
china_2026_R_00275,china_2026_R,Chinese Grand Prix,1.0,gbdt,0.8658231515964825,china_2026_R,true_positive
china_2026_R_00276,china_2026_R,Chinese Grand Prix,1.0,gbdt,0.6694602216924239,china_2026_R,true_positive
china_2026_R_00277,china_2026_R,Chinese Grand Prix,1.0,gbdt,0.8872694254472299,china_2026_R,true_positive
china_2026_R_00278,china_2026_R,Chinese Grand Prix,0.0,gbdt,0.1281645405392246,china_2026_R,true_negative
china_2026_R_00279,china_2026_R,Chinese Grand Prix,0.0,gbdt,0.04523985550758205,china_2026_R,true_negative
china_2026_R_00280,china_2026_R,Chinese Grand Prix,0.0,gbdt,0.2693266899475299,china_2026_R,other
china_2026_R_00281,china_2026_R,Chinese Grand Prix,1.0,gbdt,0.7719986812960229,china_2026_R,true_positive
china_2026_R_00282,china_2026_R,Chinese Grand Prix,0.0,gbdt,0.22387542315775072,china_2026_R,other
china_2026_R_00283,china_2026_R,Chinese Grand Prix,1.0,gbdt,0.451596121276885,china_2026_R,other
china_2026_R_00284,china_2026_R,Chinese Grand Prix,1.0,gbdt,0.5226006462085341,china_2026_R,true_positive
china_2026_R_00285,china_2026_R,Chinese Grand Prix,1.0,gbdt,0.8806073173254588,china_2026_R,true_positive
china_2026_R_00286,china_2026_R,Chinese Grand Prix,0.0,gbdt,0.14603707186961717,china_2026_R,true_negative
china_2026_R_00287,china_2026_R,Chinese Grand Prix,0.0,gbdt,0.023955834582169346,china_2026_R,true_negative
china_2026_R_00288,china_2026_R,Chinese Grand Prix,1.0,gbdt,0.8849092608185741,china_2026_R,true_positive
china_2026_R_00289,china_2026_R,Chinese Grand Prix,0.0,gbdt,0.14201016687412776,china_2026_R,true_negative
china_2026_R_00290,china_2026_R,Chinese Grand Prix,0.0,gbdt,0.15356985925852373,china_2026_R,true_negative
china_2026_R_00291,china_2026_R,Chinese Grand Prix,1.0,gbdt,0.4990540465277947,china_2026_R,other
china_2026_R_00292,china_2026_R,Chinese Grand Prix,0.0,gbdt,0.14754072777768887,china_2026_R,true_negative
china_2026_R_00293,china_2026_R,Chinese Grand Prix,1.0,gbdt,0.108018858937342,china_2026_R,false_negative
china_2026_R_00294,china_2026_R,Chinese Grand Prix,1.0,gbdt,0.8023678892632325,china_2026_R,true_positive
china_2026_R_00295,china_2026_R,Chinese Grand Prix,1.0,gbdt,0.16109277154680432,china_2026_R,false_negative
china_2026_R_00296,china_2026_R,Chinese Grand Prix,1.0,gbdt,0.8601960111840534,china_2026_R,true_positive
china_2026_R_00297,china_2026_R,Chinese Grand Prix,0.0,gbdt,0.31186031086976856,china_2026_R,other
china_2026_R_00298,china_2026_R,Chinese Grand Prix,1.0,gbdt,0.9306195920421136,china_2026_R,true_positive
china_2026_R_00299,china_2026_R,Chinese Grand Prix,1.0,gbdt,0.9461787155185787,china_2026_R,true_positive
china_2026_R_00300,china_2026_R,Chinese Grand Prix,0.0,gbdt,0.752492785546168,china_2026_R,false_positive
china_2026_R_00301,china_2026_R,Chinese Grand Prix,1.0,gbdt,0.15720546928925877,china_2026_R,false_negative
china_2026_R_00302,china_2026_R,Chinese Grand Prix,0.0,gbdt,0.6803782125913559,china_2026_R,false_positive
china_2026_R_00303,china_2026_R,Chinese Grand Prix,0.0,gbdt,0.8819163444538455,china_2026_R,false_positive
china_2026_R_00304,china_2026_R,Chinese Grand Prix,0.0,gbdt,0.6984628097626285,china_2026_R,false_positive
china_2026_R_00305,china_2026_R,Chinese Grand Prix,1.0,gbdt,0.08335827329493335,china_2026_R,false_negative
china_2026_R_00306,china_2026_R,Chinese Grand Prix,0.0,gbdt,0.08549224231808765,china_2026_R,true_negative
china_2026_R_00308,china_2026_R,Chinese Grand Prix,0.0,gbdt,0.3854635311902049,china_2026_R,other
china_2026_R_00309,china_2026_R,Chinese Grand Prix,1.0,gbdt,0.8142241125834409,china_2026_R,true_positive
china_2026_R_00310,china_2026_R,Chinese Grand Prix,0.0,gbdt,0.02173998522394083,china_2026_R,true_negative
china_2026_R_00311,china_2026_R,Chinese Grand Prix,0.0,gbdt,0.02059173097987627,china_2026_R,true_negative
china_2026_R_00312,china_2026_R,Chinese Grand Prix,0.0,gbdt,0.1451674604812302,china_2026_R,true_negative
china_2026_R_00313,china_2026_R,Chinese Grand Prix,1.0,gbdt,0.46271909167886915,china_2026_R,other
china_2026_R_00314,china_2026_R,Chinese Grand Prix,0.0,gbdt,0.025058251180263915,china_2026_R,true_negative
china_2026_R_00315,china_2026_R,Chinese Grand Prix,0.0,gbdt,0.09956571602762707,china_2026_R,true_negative
china_2026_R_00316,china_2026_R,Chinese Grand Prix,0.0,gbdt,0.13612030936961456,china_2026_R,true_negative
china_2026_R_00317,china_2026_R,Chinese Grand Prix,0.0,gbdt,0.11347686148828756,china_2026_R,true_negative
china_2026_R_00318,china_2026_R,Chinese Grand Prix,0.0,gbdt,0.4056055542850658,china_2026_R,other
china_2026_R_00319,china_2026_R,Chinese Grand Prix,0.0,gbdt,0.3393496585431603,china_2026_R,other
china_2026_R_00320,china_2026_R,Chinese Grand Prix,1.0,gbdt,0.21189740895794063,china_2026_R,other
china_2026_R_00321,china_2026_R,Chinese Grand Prix,0.0,gbdt,0.5552478750420031,china_2026_R,false_positive
china_2026_R_00322,china_2026_R,Chinese Grand Prix,0.0,gbdt,0.015618679027003384,china_2026_R,true_negative
china_2026_R_00323,china_2026_R,Chinese Grand Prix,1.0,gbdt,0.4627819965368252,china_2026_R,other
china_2026_R_00324,china_2026_R,Chinese Grand Prix,0.0,gbdt,0.03188758432047839,china_2026_R,true_negative
china_2026_R_00325,china_2026_R,Chinese Grand Prix,0.0,gbdt,0.30818509446844183,china_2026_R,other
china_2026_R_00326,china_2026_R,Chinese Grand Prix,1.0,gbdt,0.7481551778280654,china_2026_R,true_positive
china_2026_R_00327,china_2026_R,Chinese Grand Prix,1.0,gbdt,0.02166435813477642,china_2026_R,false_negative
china_2026_R_00328,china_2026_R,Chinese Grand Prix,0.0,gbdt,0.22497683046927952,china_2026_R,other
china_2026_R_00329,china_2026_R,Chinese Grand Prix,1.0,gbdt,0.5888735993867581,china_2026_R,true_positive
china_2026_R_00330,china_2026_R,Chinese Grand Prix,1.0,gbdt,0.775011078018383,china_2026_R,true_positive
china_2026_R_00331,china_2026_R,Chinese Grand Prix,1.0,gbdt,0.08271710284342715,china_2026_R,false_negative
china_2026_R_00332,china_2026_R,Chinese Grand Prix,0.0,gbdt,0.19168841413171142,china_2026_R,true_negative
china_2026_R_00333,china_2026_R,Chinese Grand Prix,0.0,gbdt,0.7820640290797167,china_2026_R,false_positive
china_2026_R_00334,china_2026_R,Chinese Grand Prix,0.0,gbdt,0.25178067634060125,china_2026_R,other
china_2026_R_00335,china_2026_R,Chinese Grand Prix,0.0,gbdt,0.19440220818500648,china_2026_R,true_negative
china_2026_R_00336,china_2026_R,Chinese Grand Prix,1.0,gbdt,0.48457724833603694,china_2026_R,other
china_2026_R_00337,china_2026_R,Chinese Grand Prix,1.0,gbdt,0.9022938905033032,china_2026_R,true_positive
china_2026_R_00338,china_2026_R,Chinese Grand Prix,0.0,gbdt,0.10951169171906984,china_2026_R,true_negative
china_2026_R_00339,china_2026_R,Chinese Grand Prix,1.0,gbdt,0.9457110960689813,china_2026_R,true_positive
china_2026_R_00340,china_2026_R,Chinese Grand Prix,0.0,gbdt,0.5074822639022676,china_2026_R,false_positive
china_2026_R_00341,china_2026_R,Chinese Grand Prix,1.0,gbdt,0.4437366676761905,china_2026_R,other
china_2026_R_00342,china_2026_R,Chinese Grand Prix,1.0,gbdt,0.6040992175268247,china_2026_R,true_positive
china_2026_R_00343,china_2026_R,Chinese Grand Prix,1.0,gbdt,0.5340882325538433,china_2026_R,true_positive
china_2026_R_00344,china_2026_R,Chinese Grand Prix,0.0,gbdt,0.10807126805388431,china_2026_R,true_negative
china_2026_R_00346,china_2026_R,Chinese Grand Prix,1.0,gbdt,0.8623350408823895,china_2026_R,true_positive
china_2026_R_00347,china_2026_R,Chinese Grand Prix,1.0,gbdt,0.10188514760739738,china_2026_R,false_negative
china_2026_R_00348,china_2026_R,Chinese Grand Prix,0.0,gbdt,0.11569705352821277,china_2026_R,true_negative
china_2026_R_00349,china_2026_R,Chinese Grand Prix,1.0,gbdt,0.21960249697232317,china_2026_R,other
china_2026_R_00351,china_2026_R,Chinese Grand Prix,1.0,gbdt,0.5141503717141228,china_2026_R,true_positive
china_2026_R_00352,china_2026_R,Chinese Grand Prix,0.0,gbdt,0.17534345409645885,china_2026_R,true_negative
china_2026_R_00353,china_2026_R,Chinese Grand Prix,0.0,gbdt,0.30683523363444226,china_2026_R,other
china_2026_R_00355,china_2026_R,Chinese Grand Prix,0.0,gbdt,0.14586078479670803,china_2026_R,true_negative
china_2026_R_00356,china_2026_R,Chinese Grand Prix,1.0,gbdt,0.10418909211639273,china_2026_R,false_negative
china_2026_R_00357,china_2026_R,Chinese Grand Prix,0.0,gbdt,0.19452364017329588,china_2026_R,true_negative
china_2026_R_00359,china_2026_R,Chinese Grand Prix,0.0,gbdt,0.20101363415100565,china_2026_R,other
china_2026_R_00360,china_2026_R,Chinese Grand Prix,0.0,gbdt,0.01739485036642272,china_2026_R,true_negative
china_2026_R_00361,china_2026_R,Chinese Grand Prix,0.0,gbdt,0.3996053328465262,china_2026_R,other
china_2026_R_00362,china_2026_R,Chinese Grand Prix,0.0,gbdt,0.025861261607610174,china_2026_R,true_negative
china_2026_R_00363,china_2026_R,Chinese Grand Prix,1.0,gbdt,0.722376966169981,china_2026_R,true_positive
china_2026_R_00364,china_2026_R,Chinese Grand Prix,0.0,gbdt,0.16197146264819334,china_2026_R,true_negative
china_2026_R_00365,china_2026_R,Chinese Grand Prix,0.0,gbdt,0.02823865158115433,china_2026_R,true_negative
china_2026_R_00366,china_2026_R,Chinese Grand Prix,1.0,gbdt,0.8934732165669802,china_2026_R,true_positive
china_2026_R_00367,china_2026_R,Chinese Grand Prix,0.0,gbdt,0.012595546198245563,china_2026_R,true_negative
china_2026_R_00368,china_2026_R,Chinese Grand Prix,1.0,gbdt,0.9316895888589445,china_2026_R,true_positive
china_2026_R_00369,china_2026_R,Chinese Grand Prix,0.0,gbdt,0.313185888112941,china_2026_R,other
china_2026_R_00370,china_2026_R,Chinese Grand Prix,1.0,gbdt,0.1146356084724685,china_2026_R,false_negative
china_2026_R_00371,china_2026_R,Chinese Grand Prix,1.0,gbdt,0.8719243407716336,china_2026_R,true_positive
china_2026_R_00372,china_2026_R,Chinese Grand Prix,1.0,gbdt,0.031127839968671786,china_2026_R,false_negative
china_2026_R_00373,china_2026_R,Chinese Grand Prix,0.0,gbdt,0.0824250577185939,china_2026_R,true_negative
china_2026_R_00374,china_2026_R,Chinese Grand Prix,1.0,gbdt,0.0857847043052784,china_2026_R,false_negative
china_2026_R_00375,china_2026_R,Chinese Grand Prix,1.0,gbdt,0.8937956830978936,china_2026_R,true_positive
china_2026_R_00376,china_2026_R,Chinese Grand Prix,1.0,gbdt,0.6085968114629029,china_2026_R,true_positive
china_2026_R_00377,china_2026_R,Chinese Grand Prix,0.0,gbdt,0.015608836762428874,china_2026_R,true_negative
china_2026_R_00378,china_2026_R,Chinese Grand Prix,1.0,gbdt,0.03792489983993561,china_2026_R,false_negative
china_2026_R_00379,china_2026_R,Chinese Grand Prix,1.0,gbdt,0.2823284162381473,china_2026_R,other
china_2026_R_00380,china_2026_R,Chinese Grand Prix,0.0,gbdt,0.8560316063992343,china_2026_R,false_positive
china_2026_R_00384,china_2026_R,Chinese Grand Prix,0.0,gbdt,0.2795287876744692,china_2026_R,other
china_2026_R_00385,china_2026_R,Chinese Grand Prix,1.0,gbdt,0.2365368486389041,china_2026_R,other
china_2026_R_00386,china_2026_R,Chinese Grand Prix,0.0,gbdt,0.6637393566933354,china_2026_R,false_positive
china_2026_R_00387,china_2026_R,Chinese Grand Prix,1.0,gbdt,0.7662586436053258,china_2026_R,true_positive
china_2026_R_00388,china_2026_R,Chinese Grand Prix,1.0,gbdt,0.6371695615181685,china_2026_R,true_positive
china_2026_R_00389,china_2026_R,Chinese Grand Prix,0.0,gbdt,0.019335583164280374,china_2026_R,true_negative
china_2026_R_00390,china_2026_R,Chinese Grand Prix,0.0,gbdt,0.10580392451064483,china_2026_R,true_negative
china_2026_R_00392,china_2026_R,Chinese Grand Prix,1.0,gbdt,0.12321988305559815,china_2026_R,false_negative
china_2026_R_00393,china_2026_R,Chinese Grand Prix,0.0,gbdt,0.11832911002655369,china_2026_R,true_negative
china_2026_R_00394,china_2026_R,Chinese Grand Prix,1.0,gbdt,0.2884327368782675,china_2026_R,other
china_2026_R_00398,china_2026_R,Chinese Grand Prix,0.0,gbdt,0.027941324267106528,china_2026_R,true_negative
china_2026_R_00399,china_2026_R,Chinese Grand Prix,0.0,gbdt,0.020730503498516014,china_2026_R,true_negative
china_2026_R_00401,china_2026_R,Chinese Grand Prix,0.0,gbdt,0.06333293565386176,china_2026_R,true_negative
china_2026_R_00403,china_2026_R,Chinese Grand Prix,0.0,gbdt,0.027574951239911133,china_2026_R,true_negative
china_2026_R_00404,china_2026_R,Chinese Grand Prix,0.0,gbdt,0.01712950023619663,china_2026_R,true_negative
china_2026_R_00405,china_2026_R,Chinese Grand Prix,0.0,gbdt,0.018538784912103964,china_2026_R,true_negative
china_2026_R_00408,china_2026_R,Chinese Grand Prix,1.0,gbdt,0.8851512217468833,china_2026_R,true_positive
china_2026_R_00409,china_2026_R,Chinese Grand Prix,0.0,gbdt,0.14162294435308237,china_2026_R,true_negative
china_2026_R_00410,china_2026_R,Chinese Grand Prix,1.0,gbdt,0.7265772911154701,china_2026_R,true_positive
china_2026_R_00416,china_2026_R,Chinese Grand Prix,0.0,gbdt,0.25937987593163525,china_2026_R,other
china_2026_R_00420,china_2026_R,Chinese Grand Prix,1.0,gbdt,0.9614643923303787,china_2026_R,true_positive
china_2026_R_00422,china_2026_R,Chinese Grand Prix,0.0,gbdt,0.48513959257083566,china_2026_R,other
china_2026_R_00427,china_2026_R,Chinese Grand Prix,0.0,gbdt,0.6917689480893309,china_2026_R,false_positive
china_2026_R_00430,china_2026_R,Chinese Grand Prix,1.0,gbdt,0.9463183074022863,china_2026_R,true_positive
china_2026_R_00631,china_2026_R,Chinese Grand Prix,0.0,gbdt,0.2623084755859768,china_2026_R,other
china_2026_R_00632,china_2026_R,Chinese Grand Prix,1.0,gbdt,0.32986510195786983,china_2026_R,other
china_2026_R_00633,china_2026_R,Chinese Grand Prix,1.0,gbdt,0.11505248713649802,china_2026_R,false_negative
china_2026_R_00634,china_2026_R,Chinese Grand Prix,0.0,gbdt,0.1549643962591766,china_2026_R,true_negative
china_2026_R_00635,china_2026_R,Chinese Grand Prix,1.0,gbdt,0.09965406757146146,china_2026_R,false_negative
china_2026_R_00636,china_2026_R,Chinese Grand Prix,1.0,gbdt,0.5732906777152439,china_2026_R,true_positive
china_2026_R_00637,china_2026_R,Chinese Grand Prix,1.0,gbdt,0.5529330343898643,china_2026_R,true_positive
china_2026_R_00638,china_2026_R,Chinese Grand Prix,0.0,gbdt,0.3730676905455948,china_2026_R,other
china_2026_R_00639,china_2026_R,Chinese Grand Prix,1.0,gbdt,0.540429776291783,china_2026_R,true_positive
china_2026_R_00640,china_2026_R,Chinese Grand Prix,1.0,gbdt,0.6111456148532993,china_2026_R,true_positive
china_2026_R_00641,china_2026_R,Chinese Grand Prix,0.0,gbdt,0.2808292408597769,china_2026_R,other
china_2026_R_00642,china_2026_R,Chinese Grand Prix,1.0,gbdt,0.43399012211885496,china_2026_R,other
china_2026_R_00643,china_2026_R,Chinese Grand Prix,0.0,gbdt,0.13080728597848806,china_2026_R,true_negative
china_2026_R_00644,china_2026_R,Chinese Grand Prix,0.0,gbdt,0.13982401985687098,china_2026_R,true_negative
china_2026_R_00645,china_2026_R,Chinese Grand Prix,1.0,gbdt,0.09540586694272929,china_2026_R,false_negative
china_2026_R_00646,china_2026_R,Chinese Grand Prix,0.0,gbdt,0.12248173063884672,china_2026_R,true_negative
china_2026_R_00647,china_2026_R,Chinese Grand Prix,1.0,gbdt,0.8739027777594836,china_2026_R,true_positive
china_2026_R_00648,china_2026_R,Chinese Grand Prix,1.0,gbdt,0.33707202949849147,china_2026_R,other
china_2026_R_00649,china_2026_R,Chinese Grand Prix,1.0,gbdt,0.2737528392516373,china_2026_R,other
china_2026_R_00650,china_2026_R,Chinese Grand Prix,0.0,gbdt,0.16596018548428526,china_2026_R,true_negative
china_2026_R_00651,china_2026_R,Chinese Grand Prix,1.0,gbdt,0.34010781231838244,china_2026_R,other
china_2026_R_00652,china_2026_R,Chinese Grand Prix,1.0,gbdt,0.8836995285811099,china_2026_R,true_positive
china_2026_R_00653,china_2026_R,Chinese Grand Prix,1.0,gbdt,0.5219368562410405,china_2026_R,true_positive
china_2026_R_00654,china_2026_R,Chinese Grand Prix,0.0,gbdt,0.3249965089819896,china_2026_R,other
china_2026_R_00655,china_2026_R,Chinese Grand Prix,1.0,gbdt,0.867094005040844,china_2026_R,true_positive
china_2026_R_00656,china_2026_R,Chinese Grand Prix,1.0,gbdt,0.556962266724506,china_2026_R,true_positive
china_2026_R_00657,china_2026_R,Chinese Grand Prix,0.0,gbdt,0.10488499918382521,china_2026_R,true_negative
china_2026_R_00658,china_2026_R,Chinese Grand Prix,1.0,gbdt,0.31272685520430654,china_2026_R,other
china_2026_R_00659,china_2026_R,Chinese Grand Prix,1.0,gbdt,0.9392111810804111,china_2026_R,true_positive
china_2026_R_00660,china_2026_R,Chinese Grand Prix,0.0,gbdt,0.15666486531171672,china_2026_R,true_negative
china_2026_R_00661,china_2026_R,Chinese Grand Prix,0.0,gbdt,0.6741913235477671,china_2026_R,false_positive
china_2026_R_00662,china_2026_R,Chinese Grand Prix,1.0,gbdt,0.6951747235261864,china_2026_R,true_positive
china_2026_R_00663,china_2026_R,Chinese Grand Prix,1.0,gbdt,0.7478589241473484,china_2026_R,true_positive
china_2026_R_00664,china_2026_R,Chinese Grand Prix,1.0,gbdt,0.8211357148177006,china_2026_R,true_positive
china_2026_R_00665,china_2026_R,Chinese Grand Prix,1.0,gbdt,0.36334643000470696,china_2026_R,other
china_2026_R_00666,china_2026_R,Chinese Grand Prix,1.0,gbdt,0.4905428054698322,china_2026_R,other
china_2026_R_00667,china_2026_R,Chinese Grand Prix,0.0,gbdt,0.6194190640234272,china_2026_R,false_positive
china_2026_R_00668,china_2026_R,Chinese Grand Prix,0.0,gbdt,0.48694588025385066,china_2026_R,other
china_2026_R_00669,china_2026_R,Chinese Grand Prix,0.0,gbdt,0.20216403172776634,china_2026_R,other
china_2026_R_00670,china_2026_R,Chinese Grand Prix,1.0,gbdt,0.18636676949509742,china_2026_R,false_negative
china_2026_R_00671,china_2026_R,Chinese Grand Prix,1.0,gbdt,0.2280865599234998,china_2026_R,other
china_2026_R_00672,china_2026_R,Chinese Grand Prix,0.0,gbdt,0.23234720170204626,china_2026_R,other
china_2026_R_00673,china_2026_R,Chinese Grand Prix,1.0,gbdt,0.5101071599826565,china_2026_R,true_positive
china_2026_R_00674,china_2026_R,Chinese Grand Prix,0.0,gbdt,0.1628643104252485,china_2026_R,true_negative
china_2026_R_00675,china_2026_R,Chinese Grand Prix,1.0,gbdt,0.20184758605591724,china_2026_R,other
china_2026_R_00676,china_2026_R,Chinese Grand Prix,1.0,gbdt,0.8140671638613368,china_2026_R,true_positive
china_2026_R_00677,china_2026_R,Chinese Grand Prix,0.0,gbdt,0.41921643835863326,china_2026_R,other
china_2026_R_00678,china_2026_R,Chinese Grand Prix,0.0,gbdt,0.15091298318637067,china_2026_R,true_negative
china_2026_R_00679,china_2026_R,Chinese Grand Prix,1.0,gbdt,0.7516797222483277,china_2026_R,true_positive
china_2026_R_00680,china_2026_R,Chinese Grand Prix,1.0,gbdt,0.9593513822183924,china_2026_R,true_positive
china_2026_R_00681,china_2026_R,Chinese Grand Prix,1.0,gbdt,0.7946811396621737,china_2026_R,true_positive
china_2026_R_00682,china_2026_R,Chinese Grand Prix,1.0,gbdt,0.5830380002738348,china_2026_R,true_positive
china_2026_R_00683,china_2026_R,Chinese Grand Prix,1.0,gbdt,0.09949898217563238,china_2026_R,false_negative
china_2026_R_00684,china_2026_R,Chinese Grand Prix,1.0,gbdt,0.311158261980316,china_2026_R,other
china_2026_R_00685,china_2026_R,Chinese Grand Prix,1.0,gbdt,0.1864260158232642,china_2026_R,false_negative
china_2026_R_00686,china_2026_R,Chinese Grand Prix,1.0,gbdt,0.13783243529886793,china_2026_R,false_negative
china_2026_R_00687,china_2026_R,Chinese Grand Prix,1.0,gbdt,0.5549469872062547,china_2026_R,true_positive
china_2026_R_00688,china_2026_R,Chinese Grand Prix,1.0,gbdt,0.18175828035492675,china_2026_R,false_negative
china_2026_R_00689,china_2026_R,Chinese Grand Prix,1.0,gbdt,0.5605075238788673,china_2026_R,true_positive
china_2026_R_00690,china_2026_R,Chinese Grand Prix,1.0,gbdt,0.5757319849123066,china_2026_R,true_positive
china_2026_R_00691,china_2026_R,Chinese Grand Prix,0.0,gbdt,0.7193579725880562,china_2026_R,false_positive
china_2026_R_00692,china_2026_R,Chinese Grand Prix,1.0,gbdt,0.7029850135612619,china_2026_R,true_positive
china_2026_R_00693,china_2026_R,Chinese Grand Prix,0.0,gbdt,0.7626748021048937,china_2026_R,false_positive
china_2026_R_00694,china_2026_R,Chinese Grand Prix,1.0,gbdt,0.6132895420144401,china_2026_R,true_positive
china_2026_R_00695,china_2026_R,Chinese Grand Prix,1.0,gbdt,0.6233245932459722,china_2026_R,true_positive
china_2026_R_00696,china_2026_R,Chinese Grand Prix,0.0,gbdt,0.7909439025494506,china_2026_R,false_positive
china_2026_R_00698,china_2026_R,Chinese Grand Prix,0.0,gbdt,0.26254979577432064,china_2026_R,other
china_2026_R_00699,china_2026_R,Chinese Grand Prix,0.0,gbdt,0.6029500119996447,china_2026_R,false_positive
china_2026_R_00700,china_2026_R,Chinese Grand Prix,0.0,gbdt,0.19194431403241383,china_2026_R,true_negative
china_2026_R_00701,china_2026_R,Chinese Grand Prix,1.0,gbdt,0.847589641531876,china_2026_R,true_positive
china_2026_R_00703,china_2026_R,Chinese Grand Prix,0.0,gbdt,0.07912194390360149,china_2026_R,true_negative
china_2026_R_00704,china_2026_R,Chinese Grand Prix,0.0,gbdt,0.1133681802478197,china_2026_R,true_negative
china_2026_R_00705,china_2026_R,Chinese Grand Prix,1.0,gbdt,0.1327467253685544,china_2026_R,false_negative
china_2026_R_00706,china_2026_R,Chinese Grand Prix,1.0,gbdt,0.11687314252498845,china_2026_R,false_negative
china_2026_R_00708,china_2026_R,Chinese Grand Prix,0.0,gbdt,0.3082763236763605,china_2026_R,other
china_2026_R_00709,china_2026_R,Chinese Grand Prix,0.0,gbdt,0.2913546925490677,china_2026_R,other
china_2026_R_00710,china_2026_R,Chinese Grand Prix,0.0,gbdt,0.0957467162501025,china_2026_R,true_negative
china_2026_R_00711,china_2026_R,Chinese Grand Prix,0.0,gbdt,0.3474164434635065,china_2026_R,other
china_2026_R_00712,china_2026_R,Chinese Grand Prix,1.0,gbdt,0.21322108545045393,china_2026_R,other
china_2026_R_00713,china_2026_R,Chinese Grand Prix,1.0,gbdt,0.19289284561467296,china_2026_R,false_negative
china_2026_R_00714,china_2026_R,Chinese Grand Prix,1.0,gbdt,0.15835397293890852,china_2026_R,false_negative
china_2026_R_00715,china_2026_R,Chinese Grand Prix,0.0,gbdt,0.27131520003647996,china_2026_R,other
china_2026_R_00716,china_2026_R,Chinese Grand Prix,0.0,gbdt,0.11253983526649006,china_2026_R,true_negative
china_2026_R_00717,china_2026_R,Chinese Grand Prix,1.0,gbdt,0.07450136314231379,china_2026_R,false_negative
china_2026_R_00718,china_2026_R,Chinese Grand Prix,0.0,gbdt,0.14125366791630467,china_2026_R,true_negative
china_2026_R_00719,china_2026_R,Chinese Grand Prix,0.0,gbdt,0.012651372982459743,china_2026_R,true_negative
china_2026_R_00720,china_2026_R,Chinese Grand Prix,0.0,gbdt,0.4588774633824138,china_2026_R,other
china_2026_R_00721,china_2026_R,Chinese Grand Prix,1.0,gbdt,0.7887269094145622,china_2026_R,true_positive
china_2026_R_00722,china_2026_R,Chinese Grand Prix,1.0,gbdt,0.16176830421853963,china_2026_R,false_negative
china_2026_R_00723,china_2026_R,Chinese Grand Prix,0.0,gbdt,0.12323173890947889,china_2026_R,true_negative
china_2026_R_00724,china_2026_R,Chinese Grand Prix,0.0,gbdt,0.08301677180636782,china_2026_R,true_negative
china_2026_R_00725,china_2026_R,Chinese Grand Prix,0.0,gbdt,0.5261644087487324,china_2026_R,false_positive
china_2026_R_00726,china_2026_R,Chinese Grand Prix,1.0,gbdt,0.15911044741453367,china_2026_R,false_negative
china_2026_R_00728,china_2026_R,Chinese Grand Prix,0.0,gbdt,0.14578929236686244,china_2026_R,true_negative
china_2026_R_00729,china_2026_R,Chinese Grand Prix,1.0,gbdt,0.7732730040708663,china_2026_R,true_positive
china_2026_R_00730,china_2026_R,Chinese Grand Prix,0.0,gbdt,0.45288571463819116,china_2026_R,other
china_2026_R_00731,china_2026_R,Chinese Grand Prix,0.0,gbdt,0.4476771044605237,china_2026_R,other
china_2026_R_00732,china_2026_R,Chinese Grand Prix,0.0,gbdt,0.3586418161759385,china_2026_R,other
china_2026_R_00733,china_2026_R,Chinese Grand Prix,0.0,gbdt,0.12164530012224595,china_2026_R,true_negative
china_2026_R_00734,china_2026_R,Chinese Grand Prix,1.0,gbdt,0.7154817162945989,china_2026_R,true_positive
china_2026_R_00735,china_2026_R,Chinese Grand Prix,1.0,gbdt,0.9127049339577837,china_2026_R,true_positive
china_2026_R_00736,china_2026_R,Chinese Grand Prix,0.0,gbdt,0.4650568873390811,china_2026_R,other
china_2026_R_00737,china_2026_R,Chinese Grand Prix,0.0,gbdt,0.08346227845628165,china_2026_R,true_negative
china_2026_R_00738,china_2026_R,Chinese Grand Prix,1.0,gbdt,0.5180213622152864,china_2026_R,true_positive
china_2026_R_00739,china_2026_R,Chinese Grand Prix,0.0,gbdt,0.10096288272108289,china_2026_R,true_negative
china_2026_R_00740,china_2026_R,Chinese Grand Prix,1.0,gbdt,0.9028490863195596,china_2026_R,true_positive
china_2026_R_00741,china_2026_R,Chinese Grand Prix,1.0,gbdt,0.5150310200839243,china_2026_R,true_positive
china_2026_R_00742,china_2026_R,Chinese Grand Prix,1.0,gbdt,0.4375579139564639,china_2026_R,other
china_2026_R_00743,china_2026_R,Chinese Grand Prix,1.0,gbdt,0.5444233934747124,china_2026_R,true_positive
china_2026_R_00744,china_2026_R,Chinese Grand Prix,0.0,gbdt,0.8760757039532804,china_2026_R,false_positive
china_2026_R_00745,china_2026_R,Chinese Grand Prix,0.0,gbdt,0.6642047821676736,china_2026_R,false_positive
china_2026_R_00746,china_2026_R,Chinese Grand Prix,0.0,gbdt,0.24413317351822883,china_2026_R,other
china_2026_R_00748,china_2026_R,Chinese Grand Prix,1.0,gbdt,0.5112341810954562,china_2026_R,true_positive
china_2026_R_00749,china_2026_R,Chinese Grand Prix,1.0,gbdt,0.11800429778515177,china_2026_R,false_negative
china_2026_R_00750,china_2026_R,Chinese Grand Prix,0.0,gbdt,0.10859523760900709,china_2026_R,true_negative
china_2026_R_00751,china_2026_R,Chinese Grand Prix,0.0,gbdt,0.22914886424864717,china_2026_R,other
china_2026_R_00752,china_2026_R,Chinese Grand Prix,1.0,gbdt,0.8109233532771929,china_2026_R,true_positive
china_2026_R_00753,china_2026_R,Chinese Grand Prix,0.0,gbdt,0.454015161497016,china_2026_R,other
china_2026_R_00754,china_2026_R,Chinese Grand Prix,1.0,gbdt,0.7431518282453144,china_2026_R,true_positive
china_2026_R_00755,china_2026_R,Chinese Grand Prix,1.0,gbdt,0.21379922260769577,china_2026_R,other
china_2026_R_00756,china_2026_R,Chinese Grand Prix,1.0,gbdt,0.37210908652230756,china_2026_R,other
china_2026_R_00757,china_2026_R,Chinese Grand Prix,1.0,gbdt,0.8429720645148016,china_2026_R,true_positive
china_2026_R_00758,china_2026_R,Chinese Grand Prix,1.0,gbdt,0.25930703333462346,china_2026_R,other
china_2026_R_00759,china_2026_R,Chinese Grand Prix,1.0,gbdt,0.26359408505993903,china_2026_R,other
china_2026_R_00761,china_2026_R,Chinese Grand Prix,0.0,gbdt,0.5277576754579276,china_2026_R,false_positive
china_2026_R_00762,china_2026_R,Chinese Grand Prix,1.0,gbdt,0.7925168295519955,china_2026_R,true_positive
china_2026_R_00763,china_2026_R,Chinese Grand Prix,0.0,gbdt,0.4601100426656141,china_2026_R,other
china_2026_R_00764,china_2026_R,Chinese Grand Prix,1.0,gbdt,0.7430237162596186,china_2026_R,true_positive
china_2026_R_00765,china_2026_R,Chinese Grand Prix,0.0,gbdt,0.7768160446856724,china_2026_R,false_positive
china_2026_R_00766,china_2026_R,Chinese Grand Prix,1.0,gbdt,0.6398865615155543,china_2026_R,true_positive
china_2026_R_00767,china_2026_R,Chinese Grand Prix,0.0,gbdt,0.8857341589392563,china_2026_R,false_positive
china_2026_R_00768,china_2026_R,Chinese Grand Prix,1.0,gbdt,0.5083413407049323,china_2026_R,true_positive
china_2026_R_00770,china_2026_R,Chinese Grand Prix,0.0,gbdt,0.4799860805648477,china_2026_R,other
china_2026_R_00771,china_2026_R,Chinese Grand Prix,1.0,gbdt,0.752443267016592,china_2026_R,true_positive
china_2026_R_00772,china_2026_R,Chinese Grand Prix,1.0,gbdt,0.5483107278654167,china_2026_R,true_positive
china_2026_R_00773,china_2026_R,Chinese Grand Prix,1.0,gbdt,0.9504725784362448,china_2026_R,true_positive
china_2026_R_00774,china_2026_R,Chinese Grand Prix,0.0,gbdt,0.09077294933163169,china_2026_R,true_negative
china_2026_R_00775,china_2026_R,Chinese Grand Prix,1.0,gbdt,0.47269842712974264,china_2026_R,other
china_2026_R_00776,china_2026_R,Chinese Grand Prix,0.0,gbdt,0.03400161948582026,china_2026_R,true_negative
china_2026_R_00777,china_2026_R,Chinese Grand Prix,1.0,gbdt,0.2062007001716534,china_2026_R,other
china_2026_R_00779,china_2026_R,Chinese Grand Prix,1.0,gbdt,0.9346180238839168,china_2026_R,true_positive
china_2026_R_00781,china_2026_R,Chinese Grand Prix,1.0,gbdt,0.0834320943887087,china_2026_R,false_negative
china_2026_R_00783,china_2026_R,Chinese Grand Prix,1.0,gbdt,0.2978394673723125,china_2026_R,other
china_2026_R_00784,china_2026_R,Chinese Grand Prix,1.0,gbdt,0.15133048264635973,china_2026_R,false_negative
china_2026_R_00785,china_2026_R,Chinese Grand Prix,0.0,gbdt,0.11149166127331217,china_2026_R,true_negative
china_2026_R_00786,china_2026_R,Chinese Grand Prix,1.0,gbdt,0.1036328280999553,china_2026_R,false_negative
china_2026_R_00788,china_2026_R,Chinese Grand Prix,1.0,gbdt,0.13748707772683627,china_2026_R,false_negative
china_2026_R_00789,china_2026_R,Chinese Grand Prix,0.0,gbdt,0.1589093513030501,china_2026_R,true_negative
china_2026_R_00790,china_2026_R,Chinese Grand Prix,0.0,gbdt,0.23777148134651627,china_2026_R,other
china_2026_R_00791,china_2026_R,Chinese Grand Prix,0.0,gbdt,0.10898944458843474,china_2026_R,true_negative
china_2026_R_00792,china_2026_R,Chinese Grand Prix,0.0,gbdt,0.14360731146674902,china_2026_R,true_negative
china_2026_R_00793,china_2026_R,Chinese Grand Prix,0.0,gbdt,0.018898037118418077,china_2026_R,true_negative
china_2026_R_00795,china_2026_R,Chinese Grand Prix,0.0,gbdt,0.016005993008306192,china_2026_R,true_negative
china_2026_R_00796,china_2026_R,Chinese Grand Prix,1.0,gbdt,0.14233721619697673,china_2026_R,false_negative
china_2026_R_00797,china_2026_R,Chinese Grand Prix,1.0,gbdt,0.2283203189790785,china_2026_R,other
china_2026_R_00798,china_2026_R,Chinese Grand Prix,1.0,gbdt,0.08056340965838844,china_2026_R,false_negative
china_2026_R_00799,china_2026_R,Chinese Grand Prix,0.0,gbdt,0.07452643323760659,china_2026_R,true_negative
china_2026_R_00800,china_2026_R,Chinese Grand Prix,0.0,gbdt,0.06552467014618629,china_2026_R,true_negative
china_2026_R_00801,china_2026_R,Chinese Grand Prix,0.0,gbdt,0.09428645206899769,china_2026_R,true_negative
china_2026_R_00802,china_2026_R,Chinese Grand Prix,1.0,gbdt,0.7507851053578657,china_2026_R,true_positive
china_2026_R_00803,china_2026_R,Chinese Grand Prix,0.0,gbdt,0.04819250708747455,china_2026_R,true_negative
china_2026_R_00804,china_2026_R,Chinese Grand Prix,1.0,gbdt,0.7561590443909096,china_2026_R,true_positive
china_2026_R_00805,china_2026_R,Chinese Grand Prix,0.0,gbdt,0.5506288730546423,china_2026_R,false_positive
china_2026_R_00806,china_2026_R,Chinese Grand Prix,1.0,gbdt,0.6076687926324732,china_2026_R,true_positive
china_2026_R_00807,china_2026_R,Chinese Grand Prix,1.0,gbdt,0.4170498636718109,china_2026_R,other
china_2026_R_00808,china_2026_R,Chinese Grand Prix,1.0,gbdt,0.6007196527387563,china_2026_R,true_positive
china_2026_R_00809,china_2026_R,Chinese Grand Prix,0.0,gbdt,0.005940868621693119,china_2026_R,true_negative
china_2026_R_00810,china_2026_R,Chinese Grand Prix,0.0,gbdt,0.20851866410384823,china_2026_R,other
china_2026_R_00811,china_2026_R,Chinese Grand Prix,0.0,gbdt,0.3888357495287132,china_2026_R,other
china_2026_R_00812,china_2026_R,Chinese Grand Prix,1.0,gbdt,0.6514363730845765,china_2026_R,true_positive
china_2026_R_00813,china_2026_R,Chinese Grand Prix,0.0,gbdt,0.12302689137604443,china_2026_R,true_negative
china_2026_R_00814,china_2026_R,Chinese Grand Prix,1.0,gbdt,0.8282586238163291,china_2026_R,true_positive
china_2026_R_00815,china_2026_R,Chinese Grand Prix,0.0,gbdt,0.21260206488338146,china_2026_R,other
china_2026_R_00816,china_2026_R,Chinese Grand Prix,0.0,gbdt,0.4527589631573228,china_2026_R,other
china_2026_R_00817,china_2026_R,Chinese Grand Prix,0.0,gbdt,0.2696751479878653,china_2026_R,other
china_2026_R_00818,china_2026_R,Chinese Grand Prix,0.0,gbdt,0.905303252528551,china_2026_R,false_positive
china_2026_R_00819,china_2026_R,Chinese Grand Prix,0.0,gbdt,0.3496350722546022,china_2026_R,other
china_2026_R_00820,china_2026_R,Chinese Grand Prix,1.0,gbdt,0.08231678073931832,china_2026_R,false_negative
china_2026_R_00821,china_2026_R,Chinese Grand Prix,1.0,gbdt,0.4897955832085388,china_2026_R,other
china_2026_R_00822,china_2026_R,Chinese Grand Prix,0.0,gbdt,0.02166046953781266,china_2026_R,true_negative
china_2026_R_00823,china_2026_R,Chinese Grand Prix,1.0,gbdt,0.9009287509928755,china_2026_R,true_positive
china_2026_R_00824,china_2026_R,Chinese Grand Prix,0.0,gbdt,0.1064284358811702,china_2026_R,true_negative
china_2026_R_00825,china_2026_R,Chinese Grand Prix,1.0,gbdt,0.4319504593996231,china_2026_R,other
china_2026_R_00826,china_2026_R,Chinese Grand Prix,1.0,gbdt,0.15728171547220696,china_2026_R,false_negative
china_2026_R_00827,china_2026_R,Chinese Grand Prix,0.0,gbdt,0.5279020417608755,china_2026_R,false_positive
china_2026_R_00828,china_2026_R,Chinese Grand Prix,1.0,gbdt,0.019610478032769527,china_2026_R,false_negative
china_2026_R_00829,china_2026_R,Chinese Grand Prix,1.0,gbdt,0.3381300833830654,china_2026_R,other
china_2026_R_00830,china_2026_R,Chinese Grand Prix,1.0,gbdt,0.6156617108915011,china_2026_R,true_positive
china_2026_R_00831,china_2026_R,Chinese Grand Prix,0.0,gbdt,0.149596376976394,china_2026_R,true_negative
china_2026_R_00832,china_2026_R,Chinese Grand Prix,0.0,gbdt,0.8620714580440235,china_2026_R,false_positive
china_2026_R_00834,china_2026_R,Chinese Grand Prix,0.0,gbdt,0.6347764784479266,china_2026_R,false_positive
china_2026_R_00835,china_2026_R,Chinese Grand Prix,1.0,gbdt,0.3628770407719568,china_2026_R,other
china_2026_R_00836,china_2026_R,Chinese Grand Prix,1.0,gbdt,0.263006117306669,china_2026_R,other
china_2026_R_00837,china_2026_R,Chinese Grand Prix,1.0,gbdt,0.5822951508982375,china_2026_R,true_positive
china_2026_R_00838,china_2026_R,Chinese Grand Prix,0.0,gbdt,0.17860530522668075,china_2026_R,true_negative
china_2026_R_00839,china_2026_R,Chinese Grand Prix,1.0,gbdt,0.7035877528425353,china_2026_R,true_positive
china_2026_R_00840,china_2026_R,Chinese Grand Prix,0.0,gbdt,0.3088812851988171,china_2026_R,other
china_2026_R_00841,china_2026_R,Chinese Grand Prix,1.0,gbdt,0.18526898608852227,china_2026_R,false_negative
china_2026_R_00843,china_2026_R,Chinese Grand Prix,1.0,gbdt,0.08812976078684559,china_2026_R,false_negative
china_2026_R_00844,china_2026_R,Chinese Grand Prix,1.0,gbdt,0.8413104347775385,china_2026_R,true_positive
china_2026_R_00845,china_2026_R,Chinese Grand Prix,1.0,gbdt,0.4144858731452573,china_2026_R,other
china_2026_R_00846,china_2026_R,Chinese Grand Prix,1.0,gbdt,0.1289999324372883,china_2026_R,false_negative
china_2026_R_00847,china_2026_R,Chinese Grand Prix,1.0,gbdt,0.9560747069146773,china_2026_R,true_positive
china_2026_R_00848,china_2026_R,Chinese Grand Prix,0.0,gbdt,0.043666263615617,china_2026_R,true_negative
china_2026_R_00849,china_2026_R,Chinese Grand Prix,1.0,gbdt,0.963800275310502,china_2026_R,true_positive
china_2026_R_00850,china_2026_R,Chinese Grand Prix,1.0,gbdt,0.23547354240790577,china_2026_R,other
china_2026_R_00851,china_2026_R,Chinese Grand Prix,0.0,gbdt,0.08422398394901423,china_2026_R,true_negative
china_2026_R_00853,china_2026_R,Chinese Grand Prix,0.0,gbdt,0.06502135267127608,china_2026_R,true_negative
china_2026_R_00863,china_2026_R,Chinese Grand Prix,0.0,gbdt,0.2904456266693902,china_2026_R,other
china_2026_R_00864,china_2026_R,Chinese Grand Prix,0.0,gbdt,0.20172777908479164,china_2026_R,other
china_2026_R_00867,china_2026_R,Chinese Grand Prix,0.0,gbdt,0.16267416357416842,china_2026_R,true_negative
china_2026_R_00872,china_2026_R,Chinese Grand Prix,1.0,gbdt,0.9472433969184216,china_2026_R,true_positive
china_2026_R_00874,china_2026_R,Chinese Grand Prix,1.0,gbdt,0.8566695131510427,china_2026_R,true_positive
china_2026_R_00878,china_2026_R,Chinese Grand Prix,1.0,gbdt,0.634786876820257,china_2026_R,true_positive
china_2026_R_00879,china_2026_R,Chinese Grand Prix,1.0,gbdt,0.03463358929089601,china_2026_R,false_negative
china_2026_R_00883,china_2026_R,Chinese Grand Prix,1.0,gbdt,0.8340397346840478,china_2026_R,true_positive
china_2026_R_00884,china_2026_R,Chinese Grand Prix,1.0,gbdt,0.31071710992215645,china_2026_R,other
china_2026_R_00889,china_2026_R,Chinese Grand Prix,0.0,gbdt,0.18528329994613232,china_2026_R,true_negative
china_2026_R_00892,china_2026_R,Chinese Grand Prix,1.0,gbdt,0.6753897316390954,china_2026_R,true_positive
china_2026_R_00894,china_2026_R,Chinese Grand Prix,0.0,gbdt,0.22023821417971376,china_2026_R,other
china_2026_R_00898,china_2026_R,Chinese Grand Prix,1.0,gbdt,0.9609605362736722,china_2026_R,true_positive
china_2026_R_00903,china_2026_R,Chinese Grand Prix,0.0,gbdt,0.7927009325681166,china_2026_R,false_positive
china_2026_R_00907,china_2026_R,Chinese Grand Prix,1.0,gbdt,0.41059832972258214,china_2026_R,other
china_2026_R_00908,china_2026_R,Chinese Grand Prix,1.0,gbdt,0.9659289955519043,china_2026_R,true_positive
china_2026_R_00911,china_2026_R,Chinese Grand Prix,1.0,gbdt,0.9594263567932404,china_2026_R,true_positive
china_2026_R_00912,china_2026_R,Chinese Grand Prix,1.0,gbdt,0.16502193572137022,china_2026_R,false_negative
china_2026_R_00915,china_2026_R,Chinese Grand Prix,1.0,gbdt,0.8180504104480001,china_2026_R,true_positive
china_2026_R_00979,china_2026_R,Chinese Grand Prix,0.0,gbdt,0.16207381015004793,china_2026_R,true_negative
china_2026_R_00980,china_2026_R,Chinese Grand Prix,1.0,gbdt,0.22084560492977687,china_2026_R,other
china_2026_R_00981,china_2026_R,Chinese Grand Prix,1.0,gbdt,0.39975264192833937,china_2026_R,other
china_2026_R_00982,china_2026_R,Chinese Grand Prix,0.0,gbdt,0.3271619116745748,china_2026_R,other
china_2026_R_00983,china_2026_R,Chinese Grand Prix,0.0,gbdt,0.09377649601729823,china_2026_R,true_negative
china_2026_R_00984,china_2026_R,Chinese Grand Prix,0.0,gbdt,0.1484860789227823,china_2026_R,true_negative
china_2026_R_00985,china_2026_R,Chinese Grand Prix,0.0,gbdt,0.271882716810533,china_2026_R,other
china_2026_R_00986,china_2026_R,Chinese Grand Prix,0.0,gbdt,0.07910315941357503,china_2026_R,true_negative
china_2026_R_00987,china_2026_R,Chinese Grand Prix,1.0,gbdt,0.6023857444420969,china_2026_R,true_positive
china_2026_R_00988,china_2026_R,Chinese Grand Prix,0.0,gbdt,0.016664013990682385,china_2026_R,true_negative
china_2026_R_00989,china_2026_R,Chinese Grand Prix,1.0,gbdt,0.882017367969362,china_2026_R,true_positive
china_2026_R_00990,china_2026_R,Chinese Grand Prix,0.0,gbdt,0.024266038289988485,china_2026_R,true_negative
china_2026_R_00991,china_2026_R,Chinese Grand Prix,0.0,gbdt,0.01216021252556334,china_2026_R,true_negative
china_2026_R_00992,china_2026_R,Chinese Grand Prix,0.0,gbdt,0.2821110025408874,china_2026_R,other
china_2026_R_00993,china_2026_R,Chinese Grand Prix,1.0,gbdt,0.7474137639856444,china_2026_R,true_positive
china_2026_R_00994,china_2026_R,Chinese Grand Prix,1.0,gbdt,0.6823242403229829,china_2026_R,true_positive
china_2026_R_00995,china_2026_R,Chinese Grand Prix,1.0,gbdt,0.832438592722205,china_2026_R,true_positive
china_2026_R_00996,china_2026_R,Chinese Grand Prix,1.0,gbdt,0.3934077418204559,china_2026_R,other
china_2026_R_00997,china_2026_R,Chinese Grand Prix,0.0,gbdt,0.292713811227787,china_2026_R,other
china_2026_R_00998,china_2026_R,Chinese Grand Prix,1.0,gbdt,0.8127220911060292,china_2026_R,true_positive
china_2026_R_00999,china_2026_R,Chinese Grand Prix,0.0,gbdt,0.34278393891455683,china_2026_R,other
china_2026_R_01000,china_2026_R,Chinese Grand Prix,1.0,gbdt,0.37336962797612333,china_2026_R,other
china_2026_R_01001,china_2026_R,Chinese Grand Prix,0.0,gbdt,0.01616443873127851,china_2026_R,true_negative
china_2026_R_01002,china_2026_R,Chinese Grand Prix,0.0,gbdt,0.06654505615130088,china_2026_R,true_negative
china_2026_R_01003,china_2026_R,Chinese Grand Prix,1.0,gbdt,0.9333927358987096,china_2026_R,true_positive
china_2026_R_01004,china_2026_R,Chinese Grand Prix,1.0,gbdt,0.42475445141077317,china_2026_R,other
china_2026_R_01005,china_2026_R,Chinese Grand Prix,0.0,gbdt,0.7855764075731395,china_2026_R,false_positive
china_2026_R_01006,china_2026_R,Chinese Grand Prix,1.0,gbdt,0.7437783343020938,china_2026_R,true_positive
china_2026_R_01007,china_2026_R,Chinese Grand Prix,1.0,gbdt,0.024308614176435324,china_2026_R,false_negative
china_2026_R_01008,china_2026_R,Chinese Grand Prix,0.0,gbdt,0.10629931340166328,china_2026_R,true_negative
china_2026_R_01010,china_2026_R,Chinese Grand Prix,1.0,gbdt,0.30024083391313183,china_2026_R,other
china_2026_R_01011,china_2026_R,Chinese Grand Prix,0.0,gbdt,0.7924194652100126,china_2026_R,false_positive
china_2026_R_01013,china_2026_R,Chinese Grand Prix,1.0,gbdt,0.9342221002550726,china_2026_R,true_positive
china_2026_R_01014,china_2026_R,Chinese Grand Prix,0.0,gbdt,0.10213293381068966,china_2026_R,true_negative
china_2026_R_01016,china_2026_R,Chinese Grand Prix,0.0,gbdt,0.15733075343111488,china_2026_R,true_negative
china_2026_R_01018,china_2026_R,Chinese Grand Prix,1.0,gbdt,0.7817356286802175,china_2026_R,true_positive
china_2026_R_01019,china_2026_R,Chinese Grand Prix,0.0,gbdt,0.02607364548646355,china_2026_R,true_negative
china_2026_R_01021,china_2026_R,Chinese Grand Prix,0.0,gbdt,0.23145208149920513,china_2026_R,other
china_2026_R_01022,china_2026_R,Chinese Grand Prix,0.0,gbdt,0.24613902742244528,china_2026_R,other
china_2026_R_01023,china_2026_R,Chinese Grand Prix,0.0,gbdt,0.10032702020801426,china_2026_R,true_negative
china_2026_R_01024,china_2026_R,Chinese Grand Prix,0.0,gbdt,0.39982637488109185,china_2026_R,other
china_2026_R_01025,china_2026_R,Chinese Grand Prix,1.0,gbdt,0.09689217398769945,china_2026_R,false_negative
china_2026_R_01026,china_2026_R,Chinese Grand Prix,1.0,gbdt,0.4764354254398626,china_2026_R,other
china_2026_R_01027,china_2026_R,Chinese Grand Prix,1.0,gbdt,0.07319763966608442,china_2026_R,false_negative
china_2026_R_01028,china_2026_R,Chinese Grand Prix,0.0,gbdt,0.11995720537435248,china_2026_R,true_negative
china_2026_R_01029,china_2026_R,Chinese Grand Prix,0.0,gbdt,0.29614194356649054,china_2026_R,other
china_2026_R_01030,china_2026_R,Chinese Grand Prix,0.0,gbdt,0.2907777271738631,china_2026_R,other
china_2026_R_01031,china_2026_R,Chinese Grand Prix,1.0,gbdt,0.04166343762773393,china_2026_R,false_negative
china_2026_R_01032,china_2026_R,Chinese Grand Prix,1.0,gbdt,0.7970064186802542,china_2026_R,true_positive
china_2026_R_01033,china_2026_R,Chinese Grand Prix,0.0,gbdt,0.03344104598741779,china_2026_R,true_negative
china_2026_R_01034,china_2026_R,Chinese Grand Prix,0.0,gbdt,0.051201570476055884,china_2026_R,true_negative
china_2026_R_01035,china_2026_R,Chinese Grand Prix,0.0,gbdt,0.026010322337114998,china_2026_R,true_negative
china_2026_R_01036,china_2026_R,Chinese Grand Prix,1.0,gbdt,0.19978414203823244,china_2026_R,false_negative
china_2026_R_01037,china_2026_R,Chinese Grand Prix,0.0,gbdt,0.44826459705907007,china_2026_R,other
china_2026_R_01038,china_2026_R,Chinese Grand Prix,0.0,gbdt,0.44591396083417784,china_2026_R,other
china_2026_R_01039,china_2026_R,Chinese Grand Prix,1.0,gbdt,0.8907864068172481,china_2026_R,true_positive
china_2026_R_01040,china_2026_R,Chinese Grand Prix,0.0,gbdt,0.013945473630429807,china_2026_R,true_negative
china_2026_R_01041,china_2026_R,Chinese Grand Prix,0.0,gbdt,0.326650853670924,china_2026_R,other
china_2026_R_01042,china_2026_R,Chinese Grand Prix,0.0,gbdt,0.3483623860013906,china_2026_R,other
china_2026_R_01043,china_2026_R,Chinese Grand Prix,1.0,gbdt,0.6047372982969111,china_2026_R,true_positive
china_2026_R_01044,china_2026_R,Chinese Grand Prix,0.0,gbdt,0.008415529248811162,china_2026_R,true_negative
china_2026_R_01045,china_2026_R,Chinese Grand Prix,1.0,gbdt,0.3636019720717603,china_2026_R,other
china_2026_R_01046,china_2026_R,Chinese Grand Prix,1.0,gbdt,0.8040125405869517,china_2026_R,true_positive
china_2026_R_01047,china_2026_R,Chinese Grand Prix,0.0,gbdt,0.2525823029314744,china_2026_R,other
china_2026_R_01048,china_2026_R,Chinese Grand Prix,1.0,gbdt,0.6427482228054872,china_2026_R,true_positive
china_2026_R_01049,china_2026_R,Chinese Grand Prix,1.0,gbdt,0.031215728200210603,china_2026_R,false_negative
china_2026_R_01050,china_2026_R,Chinese Grand Prix,1.0,gbdt,0.9544083188749348,china_2026_R,true_positive
china_2026_R_01052,china_2026_R,Chinese Grand Prix,0.0,gbdt,0.0758135146717271,china_2026_R,true_negative
china_2026_R_01053,china_2026_R,Chinese Grand Prix,0.0,gbdt,0.20506418910264512,china_2026_R,other
china_2026_R_01054,china_2026_R,Chinese Grand Prix,0.0,gbdt,0.07351563262525874,china_2026_R,true_negative
china_2026_R_01055,china_2026_R,Chinese Grand Prix,0.0,gbdt,0.5822951508982375,china_2026_R,false_positive
china_2026_R_01056,china_2026_R,Chinese Grand Prix,1.0,gbdt,0.5608824498494113,china_2026_R,true_positive
china_2026_R_01057,china_2026_R,Chinese Grand Prix,1.0,gbdt,0.513358473203946,china_2026_R,true_positive
china_2026_R_01058,china_2026_R,Chinese Grand Prix,1.0,gbdt,0.563277147910606,china_2026_R,true_positive
china_2026_R_01059,china_2026_R,Chinese Grand Prix,1.0,gbdt,0.23975307412153923,china_2026_R,other
china_2026_R_01060,china_2026_R,Chinese Grand Prix,0.0,gbdt,0.18408995323530217,china_2026_R,true_negative
china_2026_R_01061,china_2026_R,Chinese Grand Prix,0.0,gbdt,0.5315573921126305,china_2026_R,false_positive
china_2026_R_01062,china_2026_R,Chinese Grand Prix,0.0,gbdt,0.7895038762913071,china_2026_R,false_positive
china_2026_R_01063,china_2026_R,Chinese Grand Prix,1.0,gbdt,0.7646119725960548,china_2026_R,true_positive
china_2026_R_01067,china_2026_R,Chinese Grand Prix,1.0,gbdt,0.7869038597475714,china_2026_R,true_positive
china_2026_R_01068,china_2026_R,Chinese Grand Prix,1.0,gbdt,0.8696480556430012,china_2026_R,true_positive
china_2026_R_01069,china_2026_R,Chinese Grand Prix,1.0,gbdt,0.24320608102017607,china_2026_R,other
china_2026_R_01070,china_2026_R,Chinese Grand Prix,1.0,gbdt,0.09454701536797257,china_2026_R,false_negative
china_2026_R_01072,china_2026_R,Chinese Grand Prix,1.0,gbdt,0.3353556035082401,china_2026_R,other
china_2026_R_01073,china_2026_R,Chinese Grand Prix,1.0,gbdt,0.03918657236489268,china_2026_R,false_negative
china_2026_R_01074,china_2026_R,Chinese Grand Prix,1.0,gbdt,0.1686947003473724,china_2026_R,false_negative
china_2026_R_01075,china_2026_R,Chinese Grand Prix,0.0,gbdt,0.026695682482270784,china_2026_R,true_negative
china_2026_R_01077,china_2026_R,Chinese Grand Prix,0.0,gbdt,0.0666398238800232,china_2026_R,true_negative
china_2026_R_01078,china_2026_R,Chinese Grand Prix,0.0,gbdt,0.12751435041809567,china_2026_R,true_negative
china_2026_R_01079,china_2026_R,Chinese Grand Prix,1.0,gbdt,0.13020810540443345,china_2026_R,false_negative
china_2026_R_01080,china_2026_R,Chinese Grand Prix,0.0,gbdt,0.027733608228742143,china_2026_R,true_negative
china_2026_R_01082,china_2026_R,Chinese Grand Prix,1.0,gbdt,0.15262123511944356,china_2026_R,false_negative
china_2026_R_01083,china_2026_R,Chinese Grand Prix,1.0,gbdt,0.7155361847252285,china_2026_R,true_positive
china_2026_R_01084,china_2026_R,Chinese Grand Prix,1.0,gbdt,0.3610188887826557,china_2026_R,other
china_2026_R_01085,china_2026_R,Chinese Grand Prix,0.0,gbdt,0.030633789285127073,china_2026_R,true_negative
china_2026_R_01086,china_2026_R,Chinese Grand Prix,0.0,gbdt,0.1487457863579104,china_2026_R,true_negative
china_2026_R_01087,china_2026_R,Chinese Grand Prix,0.0,gbdt,0.49992295309967716,china_2026_R,other
china_2026_R_01088,china_2026_R,Chinese Grand Prix,0.0,gbdt,0.10008352485818327,china_2026_R,true_negative
china_2026_R_01089,china_2026_R,Chinese Grand Prix,0.0,gbdt,0.43473969040908383,china_2026_R,other
china_2026_R_01090,china_2026_R,Chinese Grand Prix,0.0,gbdt,0.23909618008957811,china_2026_R,other
china_2026_R_01091,china_2026_R,Chinese Grand Prix,0.0,gbdt,0.010064804673109164,china_2026_R,true_negative
china_2026_R_01092,china_2026_R,Chinese Grand Prix,1.0,gbdt,0.5663066599174468,china_2026_R,true_positive
china_2026_R_01093,china_2026_R,Chinese Grand Prix,1.0,gbdt,0.5914853817523317,china_2026_R,true_positive
china_2026_R_01094,china_2026_R,Chinese Grand Prix,1.0,gbdt,0.04367075661387348,china_2026_R,false_negative
china_2026_R_01095,china_2026_R,Chinese Grand Prix,1.0,gbdt,0.3539062029961078,china_2026_R,other
china_2026_R_01096,china_2026_R,Chinese Grand Prix,0.0,gbdt,0.024235457990289234,china_2026_R,true_negative
china_2026_R_01097,china_2026_R,Chinese Grand Prix,1.0,gbdt,0.16987701839460007,china_2026_R,false_negative
china_2026_R_01098,china_2026_R,Chinese Grand Prix,0.0,gbdt,0.05459309348081824,china_2026_R,true_negative
china_2026_R_01099,china_2026_R,Chinese Grand Prix,1.0,gbdt,0.5652417547488883,china_2026_R,true_positive
china_2026_R_01100,china_2026_R,Chinese Grand Prix,0.0,gbdt,0.08003102396737137,china_2026_R,true_negative
china_2026_R_01101,china_2026_R,Chinese Grand Prix,0.0,gbdt,0.14688756031485775,china_2026_R,true_negative
china_2026_R_01102,china_2026_R,Chinese Grand Prix,1.0,gbdt,0.5705800959863422,china_2026_R,true_positive
china_2026_R_01104,china_2026_R,Chinese Grand Prix,0.0,gbdt,0.6515683166161244,china_2026_R,false_positive
china_2026_R_01105,china_2026_R,Chinese Grand Prix,1.0,gbdt,0.2684219833601989,china_2026_R,other
china_2026_R_01106,china_2026_R,Chinese Grand Prix,0.0,gbdt,0.8803520070532067,china_2026_R,false_positive
china_2026_R_01108,china_2026_R,Chinese Grand Prix,1.0,gbdt,0.1591057276493947,china_2026_R,false_negative
china_2026_R_01109,china_2026_R,Chinese Grand Prix,0.0,gbdt,0.8288310801659963,china_2026_R,false_positive
china_2026_R_01110,china_2026_R,Chinese Grand Prix,0.0,gbdt,0.47905518158591515,china_2026_R,other
china_2026_R_01111,china_2026_R,Chinese Grand Prix,0.0,gbdt,0.015203892826589157,china_2026_R,true_negative
china_2026_R_01112,china_2026_R,Chinese Grand Prix,1.0,gbdt,0.9037636476286224,china_2026_R,true_positive
china_2026_R_01114,china_2026_R,Chinese Grand Prix,1.0,gbdt,0.8094889664712595,china_2026_R,true_positive
china_2026_R_01115,china_2026_R,Chinese Grand Prix,1.0,gbdt,0.9499906662993318,china_2026_R,true_positive
china_2026_R_01116,china_2026_R,Chinese Grand Prix,0.0,gbdt,0.173175821362901,china_2026_R,true_negative
china_2026_R_01117,china_2026_R,Chinese Grand Prix,0.0,gbdt,0.13971874970565862,china_2026_R,true_negative
china_2026_R_01118,china_2026_R,Chinese Grand Prix,1.0,gbdt,0.46562894796131715,china_2026_R,other
china_2026_R_01119,china_2026_R,Chinese Grand Prix,0.0,gbdt,0.2466005625980506,china_2026_R,other
china_2026_R_01120,china_2026_R,Chinese Grand Prix,0.0,gbdt,0.09674061561725193,china_2026_R,true_negative
china_2026_R_01121,china_2026_R,Chinese Grand Prix,1.0,gbdt,0.2501104319824859,china_2026_R,other
china_2026_R_01122,china_2026_R,Chinese Grand Prix,0.0,gbdt,0.07901891886683703,china_2026_R,true_negative
china_2026_R_01123,china_2026_R,Chinese Grand Prix,0.0,gbdt,0.033152297454702544,china_2026_R,true_negative
china_2026_R_01124,china_2026_R,Chinese Grand Prix,1.0,gbdt,0.3326298292557613,china_2026_R,other
china_2026_R_01125,china_2026_R,Chinese Grand Prix,0.0,gbdt,0.14489406612270767,china_2026_R,true_negative
china_2026_R_01126,china_2026_R,Chinese Grand Prix,0.0,gbdt,0.0314667427351854,china_2026_R,true_negative
china_2026_R_01127,china_2026_R,Chinese Grand Prix,1.0,gbdt,0.35363365693112353,china_2026_R,other
china_2026_R_01128,china_2026_R,Chinese Grand Prix,0.0,gbdt,0.010100135970755125,china_2026_R,true_negative
china_2026_R_01129,china_2026_R,Chinese Grand Prix,1.0,gbdt,0.06922904339916583,china_2026_R,false_negative
china_2026_R_01130,china_2026_R,Chinese Grand Prix,0.0,gbdt,0.17255599607662656,china_2026_R,true_negative
china_2026_R_01131,china_2026_R,Chinese Grand Prix,0.0,gbdt,0.7058508611615304,china_2026_R,false_positive
china_2026_R_01132,china_2026_R,Chinese Grand Prix,1.0,gbdt,0.8811372241555125,china_2026_R,true_positive
china_2026_R_01133,china_2026_R,Chinese Grand Prix,0.0,gbdt,0.004171118053538422,china_2026_R,true_negative
china_2026_R_01134,china_2026_R,Chinese Grand Prix,0.0,gbdt,0.012224387580528599,china_2026_R,true_negative
china_2026_R_01135,china_2026_R,Chinese Grand Prix,0.0,gbdt,0.08072050160442891,china_2026_R,true_negative
china_2026_R_01136,china_2026_R,Chinese Grand Prix,0.0,gbdt,0.43471546934881156,china_2026_R,other
china_2026_R_01137,china_2026_R,Chinese Grand Prix,0.0,gbdt,0.29532979945826193,china_2026_R,other
china_2026_R_01138,china_2026_R,Chinese Grand Prix,0.0,gbdt,0.08155153245561038,china_2026_R,true_negative
china_2026_R_01139,china_2026_R,Chinese Grand Prix,1.0,gbdt,0.7331696223909727,china_2026_R,true_positive
china_2026_R_01140,china_2026_R,Chinese Grand Prix,1.0,gbdt,0.05984478815698935,china_2026_R,false_negative
china_2026_R_01141,china_2026_R,Chinese Grand Prix,1.0,gbdt,0.9087776173503339,china_2026_R,true_positive
china_2026_R_01142,china_2026_R,Chinese Grand Prix,0.0,gbdt,0.15202454408735666,china_2026_R,true_negative
china_2026_R_01143,china_2026_R,Chinese Grand Prix,0.0,gbdt,0.006523203516465443,china_2026_R,true_negative
china_2026_R_01144,china_2026_R,Chinese Grand Prix,0.0,gbdt,0.12163200342135597,china_2026_R,true_negative
china_2026_R_01145,china_2026_R,Chinese Grand Prix,1.0,gbdt,0.8746683074991011,china_2026_R,true_positive
china_2026_R_01146,china_2026_R,Chinese Grand Prix,0.0,gbdt,0.06586716866408024,china_2026_R,true_negative
china_2026_R_01147,china_2026_R,Chinese Grand Prix,0.0,gbdt,0.4750399067353149,china_2026_R,other
china_2026_R_01148,china_2026_R,Chinese Grand Prix,1.0,gbdt,0.43984690840953494,china_2026_R,other
china_2026_R_01149,china_2026_R,Chinese Grand Prix,0.0,gbdt,0.5750715588395419,china_2026_R,false_positive
china_2026_R_01150,china_2026_R,Chinese Grand Prix,1.0,gbdt,0.6681784972028505,china_2026_R,true_positive
china_2026_R_01151,china_2026_R,Chinese Grand Prix,0.0,gbdt,0.011985380657958422,china_2026_R,true_negative
china_2026_R_01152,china_2026_R,Chinese Grand Prix,1.0,gbdt,0.09449569291042806,china_2026_R,false_negative
china_2026_R_01153,china_2026_R,Chinese Grand Prix,1.0,gbdt,0.7371676296234752,china_2026_R,true_positive
china_2026_R_01155,china_2026_R,Chinese Grand Prix,0.0,gbdt,0.0854816774130422,china_2026_R,true_negative
china_2026_R_01156,china_2026_R,Chinese Grand Prix,1.0,gbdt,0.9529156560079115,china_2026_R,true_positive
china_2026_R_01157,china_2026_R,Chinese Grand Prix,1.0,gbdt,0.18048269695565308,china_2026_R,false_negative
china_2026_R_01158,china_2026_R,Chinese Grand Prix,0.0,gbdt,0.16546943269097555,china_2026_R,true_negative
china_2026_R_01159,china_2026_R,Chinese Grand Prix,1.0,gbdt,0.9606332573776821,china_2026_R,true_positive
china_2026_R_01160,china_2026_R,Chinese Grand Prix,0.0,gbdt,0.6292352081119125,china_2026_R,false_positive
china_2026_R_01163,china_2026_R,Chinese Grand Prix,0.0,gbdt,0.04619251856572435,china_2026_R,true_negative
china_2026_R_01164,china_2026_R,Chinese Grand Prix,0.0,gbdt,0.204823785488023,china_2026_R,other
china_2026_R_01165,china_2026_R,Chinese Grand Prix,0.0,gbdt,0.014400332880108857,china_2026_R,true_negative
china_2026_R_01166,china_2026_R,Chinese Grand Prix,0.0,gbdt,0.015145382813220736,china_2026_R,true_negative
china_2026_R_01167,china_2026_R,Chinese Grand Prix,1.0,gbdt,0.6874622534241857,china_2026_R,true_positive
china_2026_R_01168,china_2026_R,Chinese Grand Prix,0.0,gbdt,0.22496722595808408,china_2026_R,other
china_2026_R_01169,china_2026_R,Chinese Grand Prix,1.0,gbdt,0.8394103093826714,china_2026_R,true_positive
china_2026_R_01170,china_2026_R,Chinese Grand Prix,1.0,gbdt,0.811327918722415,china_2026_R,true_positive
china_2026_R_01171,china_2026_R,Chinese Grand Prix,0.0,gbdt,0.412831483242113,china_2026_R,other
china_2026_R_01172,china_2026_R,Chinese Grand Prix,1.0,gbdt,0.80645461144148,china_2026_R,true_positive
china_2026_R_01173,china_2026_R,Chinese Grand Prix,1.0,gbdt,0.09351968286969471,china_2026_R,false_negative
china_2026_R_01174,china_2026_R,Chinese Grand Prix,0.0,gbdt,0.05319028555042357,china_2026_R,true_negative
china_2026_R_01175,china_2026_R,Chinese Grand Prix,0.0,gbdt,0.05836322214927612,china_2026_R,true_negative
china_2026_R_01176,china_2026_R,Chinese Grand Prix,1.0,gbdt,0.10974739127438408,china_2026_R,false_negative
china_2026_R_01177,china_2026_R,Chinese Grand Prix,1.0,gbdt,0.3913565432066319,china_2026_R,other
china_2026_R_01178,china_2026_R,Chinese Grand Prix,0.0,gbdt,0.34299596113543745,china_2026_R,other
china_2026_R_01179,china_2026_R,Chinese Grand Prix,0.0,gbdt,0.08519683388804247,china_2026_R,true_negative
china_2026_R_01180,china_2026_R,Chinese Grand Prix,0.0,gbdt,0.006678891536654378,china_2026_R,true_negative
china_2026_R_01181,china_2026_R,Chinese Grand Prix,1.0,gbdt,0.39304163975832973,china_2026_R,other
china_2026_R_01182,china_2026_R,Chinese Grand Prix,1.0,gbdt,0.8307018826221476,china_2026_R,true_positive
china_2026_R_01183,china_2026_R,Chinese Grand Prix,0.0,gbdt,0.7232297911591241,china_2026_R,false_positive
china_2026_R_01184,china_2026_R,Chinese Grand Prix,1.0,gbdt,0.5701036965959059,china_2026_R,true_positive
china_2026_R_01185,china_2026_R,Chinese Grand Prix,0.0,gbdt,0.61066553688636,china_2026_R,false_positive
china_2026_R_01186,china_2026_R,Chinese Grand Prix,1.0,gbdt,0.6407716058758537,china_2026_R,true_positive
china_2026_R_01187,china_2026_R,Chinese Grand Prix,0.0,gbdt,0.18942606845236779,china_2026_R,true_negative
china_2026_R_01188,china_2026_R,Chinese Grand Prix,1.0,gbdt,0.035384560953810575,china_2026_R,false_negative
china_2026_R_01189,china_2026_R,Chinese Grand Prix,0.0,gbdt,0.15293695857925135,china_2026_R,true_negative
china_2026_R_01190,china_2026_R,Chinese Grand Prix,0.0,gbdt,0.1180022181742428,china_2026_R,true_negative
china_2026_R_01191,china_2026_R,Chinese Grand Prix,1.0,gbdt,0.7371772559773077,china_2026_R,true_positive
china_2026_R_01192,china_2026_R,Chinese Grand Prix,1.0,gbdt,0.415269698638318,china_2026_R,other
china_2026_R_01193,china_2026_R,Chinese Grand Prix,1.0,gbdt,0.44466230272742724,china_2026_R,other
china_2026_R_01194,china_2026_R,Chinese Grand Prix,1.0,gbdt,0.9513599221531103,china_2026_R,true_positive
china_2026_R_01195,china_2026_R,Chinese Grand Prix,1.0,gbdt,0.666620110733676,china_2026_R,true_positive
china_2026_R_01196,china_2026_R,Chinese Grand Prix,0.0,gbdt,0.03309002977564084,china_2026_R,true_negative
china_2026_R_01197,china_2026_R,Chinese Grand Prix,0.0,gbdt,0.007062292730241137,china_2026_R,true_negative
china_2026_R_01198,china_2026_R,Chinese Grand Prix,1.0,gbdt,0.4264528445525093,china_2026_R,other
china_2026_R_01199,china_2026_R,Chinese Grand Prix,0.0,gbdt,0.13076818256827877,china_2026_R,true_negative
china_2026_R_01200,china_2026_R,Chinese Grand Prix,0.0,gbdt,0.2876297035415965,china_2026_R,other
china_2026_R_01201,china_2026_R,Chinese Grand Prix,1.0,gbdt,0.8105912223830266,china_2026_R,true_positive
china_2026_R_01202,china_2026_R,Chinese Grand Prix,1.0,gbdt,0.25043811362129115,china_2026_R,other
china_2026_R_01203,china_2026_R,Chinese Grand Prix,1.0,gbdt,0.4966327236800959,china_2026_R,other
china_2026_R_01204,china_2026_R,Chinese Grand Prix,1.0,gbdt,0.5354081896152417,china_2026_R,true_positive
china_2026_R_01205,china_2026_R,Chinese Grand Prix,1.0,gbdt,0.5510084103898389,china_2026_R,true_positive
china_2026_R_01206,china_2026_R,Chinese Grand Prix,1.0,gbdt,0.03841533386242834,china_2026_R,false_negative
china_2026_R_01207,china_2026_R,Chinese Grand Prix,0.0,gbdt,0.17126120929387484,china_2026_R,true_negative
china_2026_R_01208,china_2026_R,Chinese Grand Prix,1.0,gbdt,0.504917137593505,china_2026_R,true_positive
china_2026_R_01209,china_2026_R,Chinese Grand Prix,1.0,gbdt,0.0794403701589315,china_2026_R,false_negative
china_2026_R_01210,china_2026_R,Chinese Grand Prix,1.0,gbdt,0.9571750879390021,china_2026_R,true_positive
china_2026_R_01211,china_2026_R,Chinese Grand Prix,1.0,gbdt,0.16003729521764531,china_2026_R,false_negative
china_2026_R_01212,china_2026_R,Chinese Grand Prix,0.0,gbdt,0.8763747433777251,china_2026_R,false_positive
china_2026_R_01213,china_2026_R,Chinese Grand Prix,0.0,gbdt,0.06972966651057871,china_2026_R,true_negative
china_2026_R_01214,china_2026_R,Chinese Grand Prix,1.0,gbdt,0.31332694458272764,china_2026_R,other
china_2026_R_01216,china_2026_R,Chinese Grand Prix,1.0,gbdt,0.45919353047052386,china_2026_R,other
china_2026_R_01217,china_2026_R,Chinese Grand Prix,0.0,gbdt,0.06097908485117041,china_2026_R,true_negative
china_2026_R_01218,china_2026_R,Chinese Grand Prix,1.0,gbdt,0.07209328639622799,china_2026_R,false_negative
china_2026_R_01219,china_2026_R,Chinese Grand Prix,0.0,gbdt,0.16839782139079762,china_2026_R,true_negative
china_2026_R_01220,china_2026_R,Chinese Grand Prix,0.0,gbdt,0.015464669260334686,china_2026_R,true_negative
china_2026_R_01221,china_2026_R,Chinese Grand Prix,0.0,gbdt,0.006345920701530031,china_2026_R,true_negative
china_2026_R_01222,china_2026_R,Chinese Grand Prix,0.0,gbdt,0.2475569675546145,china_2026_R,other
china_2026_R_01223,china_2026_R,Chinese Grand Prix,0.0,gbdt,0.40316256954404867,china_2026_R,other
china_2026_R_01224,china_2026_R,Chinese Grand Prix,1.0,gbdt,0.8710929627982896,china_2026_R,true_positive
china_2026_R_01225,china_2026_R,Chinese Grand Prix,0.0,gbdt,0.4097864743438222,china_2026_R,other
china_2026_R_01226,china_2026_R,Chinese Grand Prix,1.0,gbdt,0.8006530028536762,china_2026_R,true_positive
china_2026_R_01227,china_2026_R,Chinese Grand Prix,0.0,gbdt,0.017534664333561392,china_2026_R,true_negative
china_2026_R_01228,china_2026_R,Chinese Grand Prix,0.0,gbdt,0.004849237960432106,china_2026_R,true_negative
china_2026_R_01229,china_2026_R,Chinese Grand Prix,1.0,gbdt,0.7912353883727192,china_2026_R,true_positive
china_2026_R_01230,china_2026_R,Chinese Grand Prix,0.0,gbdt,0.055334953817581585,china_2026_R,true_negative
china_2026_R_01231,china_2026_R,Chinese Grand Prix,0.0,gbdt,0.19022346150451921,china_2026_R,true_negative
china_2026_R_01232,china_2026_R,Chinese Grand Prix,1.0,gbdt,0.6269564430153505,china_2026_R,true_positive
china_2026_R_01233,china_2026_R,Chinese Grand Prix,1.0,gbdt,0.33459446544754373,china_2026_R,other
china_2026_R_01234,china_2026_R,Chinese Grand Prix,0.0,gbdt,0.04118653507961204,china_2026_R,true_negative
china_2026_R_01235,china_2026_R,Chinese Grand Prix,1.0,gbdt,0.8570071720867677,china_2026_R,true_positive
china_2026_R_01236,china_2026_R,Chinese Grand Prix,0.0,gbdt,0.01839023376698867,china_2026_R,true_negative
china_2026_R_01237,china_2026_R,Chinese Grand Prix,1.0,gbdt,0.33660684003255503,china_2026_R,other
china_2026_R_01238,china_2026_R,Chinese Grand Prix,0.0,gbdt,0.004506162352511486,china_2026_R,true_negative
china_2026_R_01239,china_2026_R,Chinese Grand Prix,1.0,gbdt,0.4859837141673287,china_2026_R,other
china_2026_R_01240,china_2026_R,Chinese Grand Prix,1.0,gbdt,0.8763494952545031,china_2026_R,true_positive
china_2026_R_01241,china_2026_R,Chinese Grand Prix,1.0,gbdt,0.24771347945157063,china_2026_R,other
china_2026_R_01242,china_2026_R,Chinese Grand Prix,0.0,gbdt,0.15976522780682093,china_2026_R,true_negative
china_2026_R_01243,china_2026_R,Chinese Grand Prix,0.0,gbdt,0.011138882351676363,china_2026_R,true_negative
china_2026_R_01244,china_2026_R,Chinese Grand Prix,0.0,gbdt,0.4780995714200339,china_2026_R,other
china_2026_R_01245,china_2026_R,Chinese Grand Prix,0.0,gbdt,0.710187247787696,china_2026_R,false_positive
china_2026_R_01246,china_2026_R,Chinese Grand Prix,1.0,gbdt,0.8887519736592923,china_2026_R,true_positive
china_2026_R_01247,china_2026_R,Chinese Grand Prix,1.0,gbdt,0.7505418294747391,china_2026_R,true_positive
china_2026_R_01248,china_2026_R,Chinese Grand Prix,1.0,gbdt,0.5955022729882874,china_2026_R,true_positive
china_2026_R_01249,china_2026_R,Chinese Grand Prix,0.0,gbdt,0.05712558919728688,china_2026_R,true_negative
china_2026_R_01250,china_2026_R,Chinese Grand Prix,0.0,gbdt,0.4368620325946524,china_2026_R,other
china_2026_R_01251,china_2026_R,Chinese Grand Prix,0.0,gbdt,0.4352159330349792,china_2026_R,other
china_2026_R_01252,china_2026_R,Chinese Grand Prix,1.0,gbdt,0.9598946057250797,china_2026_R,true_positive
china_2026_R_01253,china_2026_R,Chinese Grand Prix,0.0,gbdt,0.28315641905023275,china_2026_R,other
china_2026_R_01254,china_2026_R,Chinese Grand Prix,0.0,gbdt,0.012298332824905766,china_2026_R,true_negative
china_2026_R_01255,china_2026_R,Chinese Grand Prix,1.0,gbdt,0.2690437441349469,china_2026_R,other
china_2026_R_01257,china_2026_R,Chinese Grand Prix,0.0,gbdt,0.6369622497430097,china_2026_R,false_positive
china_2026_R_01258,china_2026_R,Chinese Grand Prix,0.0,gbdt,0.0853218573689246,china_2026_R,true_negative
china_2026_R_01259,china_2026_R,Chinese Grand Prix,1.0,gbdt,0.3057991608811284,china_2026_R,other
china_2026_R_01260,china_2026_R,Chinese Grand Prix,1.0,gbdt,0.15868569342102173,china_2026_R,false_negative
china_2026_R_01261,china_2026_R,Chinese Grand Prix,0.0,gbdt,0.02183885032548577,china_2026_R,true_negative
china_2026_R_01262,china_2026_R,Chinese Grand Prix,0.0,gbdt,0.05197824196528545,china_2026_R,true_negative
china_2026_R_01263,china_2026_R,Chinese Grand Prix,0.0,gbdt,0.31858192924318585,china_2026_R,other
china_2026_R_01265,china_2026_R,Chinese Grand Prix,0.0,gbdt,0.018218603809729096,china_2026_R,true_negative
china_2026_R_01266,china_2026_R,Chinese Grand Prix,1.0,gbdt,0.504346356526126,china_2026_R,true_positive
china_2026_R_01269,china_2026_R,Chinese Grand Prix,1.0,gbdt,0.17862280837720793,china_2026_R,false_negative
china_2026_R_01270,china_2026_R,Chinese Grand Prix,1.0,gbdt,0.3478078987921865,china_2026_R,other
china_2026_R_01271,china_2026_R,Chinese Grand Prix,1.0,gbdt,0.5335769979342802,china_2026_R,true_positive
china_2026_R_01272,china_2026_R,Chinese Grand Prix,1.0,gbdt,0.3981917130289454,china_2026_R,other
china_2026_R_01273,china_2026_R,Chinese Grand Prix,0.0,gbdt,0.14245365242766586,china_2026_R,true_negative
china_2026_R_01274,china_2026_R,Chinese Grand Prix,0.0,gbdt,0.03541996787974087,china_2026_R,true_negative
china_2026_R_01275,china_2026_R,Chinese Grand Prix,0.0,gbdt,0.024134265216600396,china_2026_R,true_negative
china_2026_R_01276,china_2026_R,Chinese Grand Prix,0.0,gbdt,0.45824079510627524,china_2026_R,other
china_2026_R_01277,china_2026_R,Chinese Grand Prix,0.0,gbdt,0.010033565873020468,china_2026_R,true_negative
china_2026_R_01278,china_2026_R,Chinese Grand Prix,0.0,gbdt,0.056284923174599634,china_2026_R,true_negative
china_2026_R_01279,china_2026_R,Chinese Grand Prix,0.0,gbdt,0.4083731866934233,china_2026_R,other
china_2026_R_01280,china_2026_R,Chinese Grand Prix,1.0,gbdt,0.7298914130985026,china_2026_R,true_positive
china_2026_R_01281,china_2026_R,Chinese Grand Prix,0.0,gbdt,0.016879871410308656,china_2026_R,true_negative
china_2026_R_01282,china_2026_R,Chinese Grand Prix,0.0,gbdt,0.36386187173517787,china_2026_R,other
china_2026_R_01283,china_2026_R,Chinese Grand Prix,1.0,gbdt,0.06532980829738597,china_2026_R,false_negative
china_2026_R_01284,china_2026_R,Chinese Grand Prix,0.0,gbdt,0.01655635924800745,china_2026_R,true_negative
china_2026_R_01285,china_2026_R,Chinese Grand Prix,0.0,gbdt,0.021455944377004595,china_2026_R,true_negative
china_2026_R_01286,china_2026_R,Chinese Grand Prix,0.0,gbdt,0.15565064878000884,china_2026_R,true_negative
china_2026_R_01287,china_2026_R,Chinese Grand Prix,0.0,gbdt,0.012703757555254333,china_2026_R,true_negative
china_2026_R_01288,china_2026_R,Chinese Grand Prix,1.0,gbdt,0.5724471188952853,china_2026_R,true_positive
china_2026_R_01289,china_2026_R,Chinese Grand Prix,0.0,gbdt,0.09175811569593631,china_2026_R,true_negative
china_2026_R_01290,china_2026_R,Chinese Grand Prix,0.0,gbdt,0.09484827704122976,china_2026_R,true_negative
china_2026_R_01291,china_2026_R,Chinese Grand Prix,0.0,gbdt,0.22668097818395727,china_2026_R,other
china_2026_R_01292,china_2026_R,Chinese Grand Prix,0.0,gbdt,0.09694291515604468,china_2026_R,true_negative
china_2026_R_01293,china_2026_R,Chinese Grand Prix,0.0,gbdt,0.017930288056041997,china_2026_R,true_negative
china_2026_R_01294,china_2026_R,Chinese Grand Prix,1.0,gbdt,0.6849502856281636,china_2026_R,true_positive
china_2026_R_01295,china_2026_R,Chinese Grand Prix,1.0,gbdt,0.9358928206586717,china_2026_R,true_positive
china_2026_R_01296,china_2026_R,Chinese Grand Prix,1.0,gbdt,0.9488201591543798,china_2026_R,true_positive
china_2026_R_01297,china_2026_R,Chinese Grand Prix,0.0,gbdt,0.04793023908159872,china_2026_R,true_negative
china_2026_R_01298,china_2026_R,Chinese Grand Prix,1.0,gbdt,0.431635587111495,china_2026_R,other
china_2026_R_01299,china_2026_R,Chinese Grand Prix,1.0,gbdt,0.6002879425098345,china_2026_R,true_positive
china_2026_R_01300,china_2026_R,Chinese Grand Prix,1.0,gbdt,0.9347398843602049,china_2026_R,true_positive
china_2026_R_01301,china_2026_R,Chinese Grand Prix,0.0,gbdt,0.1324291318940166,china_2026_R,true_negative
china_2026_R_01302,china_2026_R,Chinese Grand Prix,1.0,gbdt,0.6985027124012592,china_2026_R,true_positive
china_2026_R_01303,china_2026_R,Chinese Grand Prix,1.0,gbdt,0.5559969355365149,china_2026_R,true_positive
china_2026_R_01305,china_2026_R,Chinese Grand Prix,1.0,gbdt,0.5460051701709255,china_2026_R,true_positive
china_2026_R_01306,china_2026_R,Chinese Grand Prix,1.0,gbdt,0.6511840957987524,china_2026_R,true_positive
china_2026_R_01307,china_2026_R,Chinese Grand Prix,0.0,gbdt,0.02223657079916051,china_2026_R,true_negative
china_2026_R_01308,china_2026_R,Chinese Grand Prix,1.0,gbdt,0.3854711633931085,china_2026_R,other
china_2026_R_01309,china_2026_R,Chinese Grand Prix,0.0,gbdt,0.01833193645456513,china_2026_R,true_negative
china_2026_R_01310,china_2026_R,Chinese Grand Prix,0.0,gbdt,0.12651569707321875,china_2026_R,true_negative
china_2026_R_01311,china_2026_R,Chinese Grand Prix,0.0,gbdt,0.008711434513627067,china_2026_R,true_negative
china_2026_R_01312,china_2026_R,Chinese Grand Prix,0.0,gbdt,0.06675107966115601,china_2026_R,true_negative
china_2026_R_01313,china_2026_R,Chinese Grand Prix,1.0,gbdt,0.02726061528550159,china_2026_R,false_negative
china_2026_R_01314,china_2026_R,Chinese Grand Prix,0.0,gbdt,0.13826776983279576,china_2026_R,true_negative
china_2026_R_01315,china_2026_R,Chinese Grand Prix,1.0,gbdt,0.17406974322704408,china_2026_R,false_negative
china_2026_R_01316,china_2026_R,Chinese Grand Prix,1.0,gbdt,0.0978028582068669,china_2026_R,false_negative
china_2026_R_01317,china_2026_R,Chinese Grand Prix,0.0,gbdt,0.07095275203590569,china_2026_R,true_negative
china_2026_R_01318,china_2026_R,Chinese Grand Prix,1.0,gbdt,0.18631421463733425,china_2026_R,false_negative
china_2026_R_01319,china_2026_R,Chinese Grand Prix,0.0,gbdt,0.05651622354090508,china_2026_R,true_negative
china_2026_R_01320,china_2026_R,Chinese Grand Prix,0.0,gbdt,0.580600408633197,china_2026_R,false_positive
china_2026_R_01321,china_2026_R,Chinese Grand Prix,1.0,gbdt,0.5900635600442345,china_2026_R,true_positive
china_2026_R_01322,china_2026_R,Chinese Grand Prix,1.0,gbdt,0.9506772124285674,china_2026_R,true_positive
china_2026_R_01323,china_2026_R,Chinese Grand Prix,0.0,gbdt,0.15891831294275263,china_2026_R,true_negative
china_2026_R_01324,china_2026_R,Chinese Grand Prix,1.0,gbdt,0.46329179150344263,china_2026_R,other
china_2026_R_01325,china_2026_R,Chinese Grand Prix,1.0,gbdt,0.9095135109542353,china_2026_R,true_positive
china_2026_R_01326,china_2026_R,Chinese Grand Prix,0.0,gbdt,0.06956101857123159,china_2026_R,true_negative
china_2026_R_01327,china_2026_R,Chinese Grand Prix,1.0,gbdt,0.8442764190975856,china_2026_R,true_positive
china_2026_R_01328,china_2026_R,Chinese Grand Prix,0.0,gbdt,0.020572017047951262,china_2026_R,true_negative
china_2026_R_01329,china_2026_R,Chinese Grand Prix,1.0,gbdt,0.14001845499928356,china_2026_R,false_negative
china_2026_R_01331,china_2026_R,Chinese Grand Prix,0.0,gbdt,0.007902659674926732,china_2026_R,true_negative
china_2026_R_01332,china_2026_R,Chinese Grand Prix,1.0,gbdt,0.14325775215848785,china_2026_R,false_negative
china_2026_R_01333,china_2026_R,Chinese Grand Prix,1.0,gbdt,0.21042153633370986,china_2026_R,other
china_2026_R_01334,china_2026_R,Chinese Grand Prix,0.0,gbdt,0.10070725560003706,china_2026_R,true_negative
china_2026_R_01335,china_2026_R,Chinese Grand Prix,0.0,gbdt,0.1903655099902812,china_2026_R,true_negative
china_2026_R_01336,china_2026_R,Chinese Grand Prix,1.0,gbdt,0.14353307459990683,china_2026_R,false_negative
china_2026_R_01337,china_2026_R,Chinese Grand Prix,1.0,gbdt,0.3744429681435824,china_2026_R,other
china_2026_R_01338,china_2026_R,Chinese Grand Prix,1.0,gbdt,0.9048304236729982,china_2026_R,true_positive
china_2026_R_01339,china_2026_R,Chinese Grand Prix,1.0,gbdt,0.31387176932274274,china_2026_R,other
china_2026_R_01340,china_2026_R,Chinese Grand Prix,1.0,gbdt,0.11551056938676939,china_2026_R,false_negative
china_2026_R_01341,china_2026_R,Chinese Grand Prix,1.0,gbdt,0.6461713414105843,china_2026_R,true_positive
china_2026_R_01343,china_2026_R,Chinese Grand Prix,1.0,gbdt,0.6028955168097598,china_2026_R,true_positive
china_2026_R_01344,china_2026_R,Chinese Grand Prix,1.0,gbdt,0.6461713414105843,china_2026_R,true_positive
china_2026_R_01345,china_2026_R,Chinese Grand Prix,0.0,gbdt,0.021758507803657054,china_2026_R,true_negative
china_2026_R_01347,china_2026_R,Chinese Grand Prix,0.0,gbdt,0.4724275093989949,china_2026_R,other
china_2026_R_01348,china_2026_R,Chinese Grand Prix,0.0,gbdt,0.010625534368449466,china_2026_R,true_negative
china_2026_R_01349,china_2026_R,Chinese Grand Prix,0.0,gbdt,0.09762497788742906,china_2026_R,true_negative
china_2026_R_01350,china_2026_R,Chinese Grand Prix,0.0,gbdt,0.14396198852005873,china_2026_R,true_negative
china_2026_R_01351,china_2026_R,Chinese Grand Prix,1.0,gbdt,0.030714419996184343,china_2026_R,false_negative
china_2026_R_01353,china_2026_R,Chinese Grand Prix,1.0,gbdt,0.35652461962951176,china_2026_R,other
china_2026_R_01355,china_2026_R,Chinese Grand Prix,0.0,gbdt,0.26444968004101005,china_2026_R,other
china_2026_R_01356,china_2026_R,Chinese Grand Prix,0.0,gbdt,0.14591418412056278,china_2026_R,true_negative
china_2026_R_01358,china_2026_R,Chinese Grand Prix,0.0,gbdt,0.02091513787524025,china_2026_R,true_negative
china_2026_R_01359,china_2026_R,Chinese Grand Prix,0.0,gbdt,0.053306257976239106,china_2026_R,true_negative
china_2026_R_01370,china_2026_R,Chinese Grand Prix,0.0,gbdt,0.5437976738198057,china_2026_R,false_positive
china_2026_R_01373,china_2026_R,Chinese Grand Prix,0.0,gbdt,0.008351452303161469,china_2026_R,true_negative
china_2026_R_01398,china_2026_R,Chinese Grand Prix,0.0,gbdt,0.02439382045024054,china_2026_R,true_negative
china_2026_R_01400,china_2026_R,Chinese Grand Prix,0.0,gbdt,0.01706483724206683,china_2026_R,true_negative
china_2026_R_01401,china_2026_R,Chinese Grand Prix,0.0,gbdt,0.008690129532254107,china_2026_R,true_negative
china_2026_R_01403,china_2026_R,Chinese Grand Prix,0.0,gbdt,0.031167789379966886,china_2026_R,true_negative
china_2026_R_01409,china_2026_R,Chinese Grand Prix,0.0,gbdt,0.020372431718297897,china_2026_R,true_negative
china_2026_R_01410,china_2026_R,Chinese Grand Prix,0.0,gbdt,0.05258922803097658,china_2026_R,true_negative
china_2026_R_01416,china_2026_R,Chinese Grand Prix,1.0,gbdt,0.04405609130150033,china_2026_R,false_negative
china_2026_R_01417,china_2026_R,Chinese Grand Prix,0.0,gbdt,0.01646127939731135,china_2026_R,true_negative
china_2026_R_01419,china_2026_R,Chinese Grand Prix,0.0,gbdt,0.026261297914380446,china_2026_R,true_negative
china_2026_R_01420,china_2026_R,Chinese Grand Prix,1.0,gbdt,0.6720343174740696,china_2026_R,true_positive
china_2026_R_01421,china_2026_R,Chinese Grand Prix,0.0,gbdt,0.0142724598280221,china_2026_R,true_negative
china_2026_R_01422,china_2026_R,Chinese Grand Prix,0.0,gbdt,0.05394636052322733,china_2026_R,true_negative
china_2026_R_01424,china_2026_R,Chinese Grand Prix,1.0,gbdt,0.7723777434246364,china_2026_R,true_positive
china_2026_R_01425,china_2026_R,Chinese Grand Prix,0.0,gbdt,0.367914165478146,china_2026_R,other
china_2026_R_01427,china_2026_R,Chinese Grand Prix,1.0,gbdt,0.39742519847852964,china_2026_R,other
china_2026_R_01428,china_2026_R,Chinese Grand Prix,0.0,gbdt,0.019084408475023892,china_2026_R,true_negative
china_2026_R_01429,china_2026_R,Chinese Grand Prix,1.0,gbdt,0.3989529738540204,china_2026_R,other
china_2026_R_01430,china_2026_R,Chinese Grand Prix,0.0,gbdt,0.018327639864762744,china_2026_R,true_negative
china_2026_R_01431,china_2026_R,Chinese Grand Prix,0.0,gbdt,0.04722951555904289,china_2026_R,true_negative
china_2026_R_01432,china_2026_R,Chinese Grand Prix,0.0,gbdt,0.09973832214204592,china_2026_R,true_negative
china_2026_R_01433,china_2026_R,Chinese Grand Prix,1.0,gbdt,0.7533417756668388,china_2026_R,true_positive
china_2026_R_01434,china_2026_R,Chinese Grand Prix,0.0,gbdt,0.010013277782379518,china_2026_R,true_negative
china_2026_R_01435,china_2026_R,Chinese Grand Prix,1.0,gbdt,0.09915137908259546,china_2026_R,false_negative
china_2026_R_01436,china_2026_R,Chinese Grand Prix,0.0,gbdt,0.09737237241729031,china_2026_R,true_negative
china_2026_R_01437,china_2026_R,Chinese Grand Prix,0.0,gbdt,0.6255721797863393,china_2026_R,false_positive
china_2026_R_01438,china_2026_R,Chinese Grand Prix,1.0,gbdt,0.30536309861961675,china_2026_R,other
china_2026_R_01440,china_2026_R,Chinese Grand Prix,0.0,gbdt,0.7439215141982956,china_2026_R,false_positive
china_2026_R_01441,china_2026_R,Chinese Grand Prix,0.0,gbdt,0.015568781134803191,china_2026_R,true_negative
china_2026_R_01442,china_2026_R,Chinese Grand Prix,0.0,gbdt,0.01001867868290118,china_2026_R,true_negative
china_2026_R_01443,china_2026_R,Chinese Grand Prix,0.0,gbdt,0.09310018127959968,china_2026_R,true_negative
china_2026_R_01444,china_2026_R,Chinese Grand Prix,0.0,gbdt,0.03636261469668682,china_2026_R,true_negative
china_2026_R_01445,china_2026_R,Chinese Grand Prix,0.0,gbdt,0.02566928428321964,china_2026_R,true_negative
china_2026_R_01448,china_2026_R,Chinese Grand Prix,1.0,gbdt,0.9598898201235317,china_2026_R,true_positive
china_2026_R_01449,china_2026_R,Chinese Grand Prix,1.0,gbdt,0.516690859938708,china_2026_R,true_positive
china_2026_R_01451,china_2026_R,Chinese Grand Prix,0.0,gbdt,0.40113327776472996,china_2026_R,other
china_2026_R_01453,china_2026_R,Chinese Grand Prix,0.0,gbdt,0.010725189802364133,china_2026_R,true_negative
china_2026_R_01454,china_2026_R,Chinese Grand Prix,1.0,gbdt,0.03502911903225964,china_2026_R,false_negative
china_2026_R_01455,china_2026_R,Chinese Grand Prix,0.0,gbdt,0.019660895276890928,china_2026_R,true_negative
china_2026_R_01456,china_2026_R,Chinese Grand Prix,0.0,gbdt,0.03359932559598103,china_2026_R,true_negative
china_2026_R_01457,china_2026_R,Chinese Grand Prix,0.0,gbdt,0.011279998013235738,china_2026_R,true_negative
china_2026_R_01458,china_2026_R,Chinese Grand Prix,0.0,gbdt,0.013884627218324397,china_2026_R,true_negative
china_2026_R_01462,china_2026_R,Chinese Grand Prix,0.0,gbdt,0.20401887250133183,china_2026_R,other
china_2026_R_01463,china_2026_R,Chinese Grand Prix,1.0,gbdt,0.9439963354079668,china_2026_R,true_positive
china_2026_R_01464,china_2026_R,Chinese Grand Prix,0.0,gbdt,0.06088315191198257,china_2026_R,true_negative
china_2026_R_01465,china_2026_R,Chinese Grand Prix,0.0,gbdt,0.08776608941419357,china_2026_R,true_negative
china_2026_R_01466,china_2026_R,Chinese Grand Prix,0.0,gbdt,0.013738699708760795,china_2026_R,true_negative
china_2026_R_01467,china_2026_R,Chinese Grand Prix,1.0,gbdt,0.05233723415342019,china_2026_R,false_negative
china_2026_R_01470,china_2026_R,Chinese Grand Prix,0.0,gbdt,0.021867183409171043,china_2026_R,true_negative
china_2026_R_01472,china_2026_R,Chinese Grand Prix,0.0,gbdt,0.03183794473665003,china_2026_R,true_negative
china_2026_R_01473,china_2026_R,Chinese Grand Prix,1.0,gbdt,0.18717980047463004,china_2026_R,false_negative
china_2026_R_01476,china_2026_R,Chinese Grand Prix,0.0,gbdt,0.03211784111456235,china_2026_R,true_negative
china_2026_R_01477,china_2026_R,Chinese Grand Prix,1.0,gbdt,0.48683839252519284,china_2026_R,other
china_2026_R_01478,china_2026_R,Chinese Grand Prix,1.0,gbdt,0.4713178097288463,china_2026_R,other
china_2026_R_01479,china_2026_R,Chinese Grand Prix,0.0,gbdt,0.0950462904001999,china_2026_R,true_negative
china_2026_R_01480,china_2026_R,Chinese Grand Prix,1.0,gbdt,0.9055798945806339,china_2026_R,true_positive
china_2026_R_01481,china_2026_R,Chinese Grand Prix,0.0,gbdt,0.236875879959604,china_2026_R,other
china_2026_R_01482,china_2026_R,Chinese Grand Prix,0.0,gbdt,0.04734487102509992,china_2026_R,true_negative
china_2026_R_01483,china_2026_R,Chinese Grand Prix,0.0,gbdt,0.015607513503867914,china_2026_R,true_negative
china_2026_R_01484,china_2026_R,Chinese Grand Prix,0.0,gbdt,0.4844383536321273,china_2026_R,other
china_2026_R_01485,china_2026_R,Chinese Grand Prix,0.0,gbdt,0.02231444537772779,china_2026_R,true_negative
china_2026_R_01487,china_2026_R,Chinese Grand Prix,0.0,gbdt,0.6511060973694583,china_2026_R,false_positive
china_2026_R_01488,china_2026_R,Chinese Grand Prix,0.0,gbdt,0.0619707443825688,china_2026_R,true_negative
china_2026_R_01489,china_2026_R,Chinese Grand Prix,0.0,gbdt,0.01415883134407986,china_2026_R,true_negative
china_2026_R_01490,china_2026_R,Chinese Grand Prix,0.0,gbdt,0.14827751768835182,china_2026_R,true_negative
china_2026_R_01491,china_2026_R,Chinese Grand Prix,0.0,gbdt,0.050066320392203476,china_2026_R,true_negative
china_2026_R_01492,china_2026_R,Chinese Grand Prix,0.0,gbdt,0.009057555328159946,china_2026_R,true_negative
china_2026_R_01495,china_2026_R,Chinese Grand Prix,0.0,gbdt,0.08946024121310665,china_2026_R,true_negative
china_2026_R_01496,china_2026_R,Chinese Grand Prix,0.0,gbdt,0.005940868621693119,china_2026_R,true_negative
china_2026_R_01497,china_2026_R,Chinese Grand Prix,0.0,gbdt,0.11314379044335648,china_2026_R,true_negative
china_2026_R_01499,china_2026_R,Chinese Grand Prix,0.0,gbdt,0.008269764193732253,china_2026_R,true_negative
china_2026_R_01500,china_2026_R,Chinese Grand Prix,0.0,gbdt,0.00838118738287209,china_2026_R,true_negative
china_2026_R_01501,china_2026_R,Chinese Grand Prix,0.0,gbdt,0.036062607055252625,china_2026_R,true_negative
china_2026_R_01502,china_2026_R,Chinese Grand Prix,0.0,gbdt,0.0552469296239602,china_2026_R,true_negative
china_2026_R_01503,china_2026_R,Chinese Grand Prix,1.0,gbdt,0.08957699434763067,china_2026_R,false_negative
china_2026_R_01504,china_2026_R,Chinese Grand Prix,0.0,gbdt,0.008489493693946509,china_2026_R,true_negative
china_2026_R_01506,china_2026_R,Chinese Grand Prix,0.0,gbdt,0.3492840145976143,china_2026_R,other
china_2026_R_01526,china_2026_R,Chinese Grand Prix,0.0,gbdt,0.01110063771796508,china_2026_R,true_negative
china_2026_R_01530,china_2026_R,Chinese Grand Prix,0.0,gbdt,0.008057033964365242,china_2026_R,true_negative
china_2026_R_01534,china_2026_R,Chinese Grand Prix,0.0,gbdt,0.01050889484473423,china_2026_R,true_negative
china_2026_R_01536,china_2026_R,Chinese Grand Prix,0.0,gbdt,0.03449303329161593,china_2026_R,true_negative
china_2026_R_01537,china_2026_R,Chinese Grand Prix,0.0,gbdt,0.010525974935086608,china_2026_R,true_negative
china_2026_R_01538,china_2026_R,Chinese Grand Prix,0.0,gbdt,0.17126120929387484,china_2026_R,true_negative
china_2026_R_01539,china_2026_R,Chinese Grand Prix,0.0,gbdt,0.025455674078953185,china_2026_R,true_negative
china_2026_R_01540,china_2026_R,Chinese Grand Prix,0.0,gbdt,0.017221415736727957,china_2026_R,true_negative
china_2026_R_01541,china_2026_R,Chinese Grand Prix,0.0,gbdt,0.01575735377008286,china_2026_R,true_negative
china_2026_R_01542,china_2026_R,Chinese Grand Prix,0.0,gbdt,0.019628465101058055,china_2026_R,true_negative
china_2026_R_01544,china_2026_R,Chinese Grand Prix,0.0,gbdt,0.06088535915659967,china_2026_R,true_negative
china_2026_R_01545,china_2026_R,Chinese Grand Prix,0.0,gbdt,0.011113728564921205,china_2026_R,true_negative
china_2026_R_01546,china_2026_R,Chinese Grand Prix,0.0,gbdt,0.009312504344310942,china_2026_R,true_negative
china_2026_R_01547,china_2026_R,Chinese Grand Prix,0.0,gbdt,0.5104653772807459,china_2026_R,false_positive
china_2026_R_01548,china_2026_R,Chinese Grand Prix,0.0,gbdt,0.015925241084589543,china_2026_R,true_negative
china_2026_R_01549,china_2026_R,Chinese Grand Prix,0.0,gbdt,0.03129652312712454,china_2026_R,true_negative
china_2026_R_01551,china_2026_R,Chinese Grand Prix,0.0,gbdt,0.008856913025684829,china_2026_R,true_negative
china_2026_R_01552,china_2026_R,Chinese Grand Prix,0.0,gbdt,0.012605321333514882,china_2026_R,true_negative
china_2026_R_01553,china_2026_R,Chinese Grand Prix,1.0,gbdt,0.17708699488035443,china_2026_R,false_negative
china_2026_R_01554,china_2026_R,Chinese Grand Prix,0.0,gbdt,0.05077017218115985,china_2026_R,true_negative
china_2026_R_01555,china_2026_R,Chinese Grand Prix,0.0,gbdt,0.07400161239128271,china_2026_R,true_negative
china_2026_R_01557,china_2026_R,Chinese Grand Prix,0.0,gbdt,0.007139614126895183,china_2026_R,true_negative
china_2026_R_01558,china_2026_R,Chinese Grand Prix,0.0,gbdt,0.012019050824506876,china_2026_R,true_negative
china_2026_R_01559,china_2026_R,Chinese Grand Prix,0.0,gbdt,0.22811763048306297,china_2026_R,other
china_2026_R_01560,china_2026_R,Chinese Grand Prix,0.0,gbdt,0.010199181963491502,china_2026_R,true_negative
china_2026_R_01561,china_2026_R,Chinese Grand Prix,0.0,gbdt,0.009168029949787979,china_2026_R,true_negative
china_2026_R_01562,china_2026_R,Chinese Grand Prix,0.0,gbdt,0.5860747185843536,china_2026_R,false_positive
china_2026_R_01564,china_2026_R,Chinese Grand Prix,0.0,gbdt,0.021482284677341562,china_2026_R,true_negative
china_2026_R_01565,china_2026_R,Chinese Grand Prix,0.0,gbdt,0.17750436659902177,china_2026_R,true_negative
china_2026_R_01566,china_2026_R,Chinese Grand Prix,0.0,gbdt,0.014926260764807582,china_2026_R,true_negative
china_2026_R_01567,china_2026_R,Chinese Grand Prix,1.0,gbdt,0.18091331655730272,china_2026_R,false_negative
china_2026_R_01568,china_2026_R,Chinese Grand Prix,1.0,gbdt,0.9444940958496303,china_2026_R,true_positive
china_2026_R_01569,china_2026_R,Chinese Grand Prix,0.0,gbdt,0.011169605360263526,china_2026_R,true_negative
china_2026_R_01571,china_2026_R,Chinese Grand Prix,0.0,gbdt,0.016837051137791586,china_2026_R,true_negative
china_2026_R_01572,china_2026_R,Chinese Grand Prix,0.0,gbdt,0.22747662896794618,china_2026_R,other
china_2026_R_01573,china_2026_R,Chinese Grand Prix,0.0,gbdt,0.26496294790638547,china_2026_R,other
china_2026_R_01574,china_2026_R,Chinese Grand Prix,0.0,gbdt,0.00840497962912755,china_2026_R,true_negative
china_2026_R_01575,china_2026_R,Chinese Grand Prix,0.0,gbdt,0.0192631893697004,china_2026_R,true_negative
china_2026_R_01576,china_2026_R,Chinese Grand Prix,1.0,gbdt,0.359590670082992,china_2026_R,other
china_2026_R_01577,china_2026_R,Chinese Grand Prix,0.0,gbdt,0.007866624413786326,china_2026_R,true_negative
china_2026_R_01578,china_2026_R,Chinese Grand Prix,1.0,gbdt,0.6858071755770637,china_2026_R,true_positive
china_2026_R_01579,china_2026_R,Chinese Grand Prix,0.0,gbdt,0.011416485988927258,china_2026_R,true_negative
china_2026_R_01580,china_2026_R,Chinese Grand Prix,0.0,gbdt,0.4966260429449577,china_2026_R,other
china_2026_R_01581,china_2026_R,Chinese Grand Prix,1.0,gbdt,0.9401652608299285,china_2026_R,true_positive
china_2026_R_01582,china_2026_R,Chinese Grand Prix,1.0,gbdt,0.8484237690332814,china_2026_R,true_positive
china_2026_R_01583,china_2026_R,Chinese Grand Prix,0.0,gbdt,0.013970957575505118,china_2026_R,true_negative
china_2026_R_01584,china_2026_R,Chinese Grand Prix,0.0,gbdt,0.008350941937365077,china_2026_R,true_negative
china_2026_R_01585,china_2026_R,Chinese Grand Prix,0.0,gbdt,0.024670677367387907,china_2026_R,true_negative
china_2026_R_01586,china_2026_R,Chinese Grand Prix,0.0,gbdt,0.5723246835993715,china_2026_R,false_positive
china_2026_R_01587,china_2026_R,Chinese Grand Prix,0.0,gbdt,0.0383203259205519,china_2026_R,true_negative
china_2026_R_01588,china_2026_R,Chinese Grand Prix,0.0,gbdt,0.08748693104523467,china_2026_R,true_negative
china_2026_R_01589,china_2026_R,Chinese Grand Prix,0.0,gbdt,0.11780435556205499,china_2026_R,true_negative
china_2026_R_01590,china_2026_R,Chinese Grand Prix,0.0,gbdt,0.009075840271190523,china_2026_R,true_negative
china_2026_R_01591,china_2026_R,Chinese Grand Prix,0.0,gbdt,0.32192302313669424,china_2026_R,other
china_2026_R_01592,china_2026_R,Chinese Grand Prix,0.0,gbdt,0.01536278494624703,china_2026_R,true_negative
china_2026_R_01593,china_2026_R,Chinese Grand Prix,0.0,gbdt,0.016127936661287607,china_2026_R,true_negative
china_2026_R_01595,china_2026_R,Chinese Grand Prix,0.0,gbdt,0.020572017047951262,china_2026_R,true_negative
china_2026_R_01596,china_2026_R,Chinese Grand Prix,0.0,gbdt,0.013597831311802849,china_2026_R,true_negative
china_2026_R_01597,china_2026_R,Chinese Grand Prix,1.0,gbdt,0.8874760049897416,china_2026_R,true_positive
china_2026_R_01598,china_2026_R,Chinese Grand Prix,0.0,gbdt,0.2888686345196223,china_2026_R,other
china_2026_R_01599,china_2026_R,Chinese Grand Prix,0.0,gbdt,0.010156802487004582,china_2026_R,true_negative
china_2026_R_01600,china_2026_R,Chinese Grand Prix,1.0,gbdt,0.8785679477706251,china_2026_R,true_positive
china_2026_R_01601,china_2026_R,Chinese Grand Prix,0.0,gbdt,0.006347380141160698,china_2026_R,true_negative
china_2026_R_01602,china_2026_R,Chinese Grand Prix,1.0,gbdt,0.28013505163171865,china_2026_R,other
china_2026_R_01603,china_2026_R,Chinese Grand Prix,1.0,gbdt,0.5388546955500606,china_2026_R,true_positive
china_2026_R_01605,china_2026_R,Chinese Grand Prix,1.0,gbdt,0.1089123577265227,china_2026_R,false_negative
china_2026_R_01606,china_2026_R,Chinese Grand Prix,1.0,gbdt,0.9617717196827931,china_2026_R,true_positive
china_2026_R_01607,china_2026_R,Chinese Grand Prix,0.0,gbdt,0.07019571986234695,china_2026_R,true_negative
china_2026_R_01608,china_2026_R,Chinese Grand Prix,1.0,gbdt,0.9243317446264594,china_2026_R,true_positive
china_2026_R_01609,china_2026_R,Chinese Grand Prix,0.0,gbdt,0.35520335273617404,china_2026_R,other
china_2026_R_01610,china_2026_R,Chinese Grand Prix,0.0,gbdt,0.013902021970943724,china_2026_R,true_negative
china_2026_R_01611,china_2026_R,Chinese Grand Prix,0.0,gbdt,0.009449636709212825,china_2026_R,true_negative
china_2026_R_01612,china_2026_R,Chinese Grand Prix,1.0,gbdt,0.8149349416206556,china_2026_R,true_positive
china_2026_R_01613,china_2026_R,Chinese Grand Prix,1.0,gbdt,0.9027542989361803,china_2026_R,true_positive
china_2026_R_01614,china_2026_R,Chinese Grand Prix,0.0,gbdt,0.023556750329745278,china_2026_R,true_negative
china_2026_R_01615,china_2026_R,Chinese Grand Prix,0.0,gbdt,0.3447426081149127,china_2026_R,other
china_2026_R_01616,china_2026_R,Chinese Grand Prix,1.0,gbdt,0.7906924723250398,china_2026_R,true_positive
china_2026_R_01617,china_2026_R,Chinese Grand Prix,0.0,gbdt,0.005940868621693119,china_2026_R,true_negative
china_2026_R_01618,china_2026_R,Chinese Grand Prix,0.0,gbdt,0.017563423786479255,china_2026_R,true_negative
china_2026_R_01619,china_2026_R,Chinese Grand Prix,0.0,gbdt,0.18091331655730272,china_2026_R,true_negative
china_2026_R_01620,china_2026_R,Chinese Grand Prix,0.0,gbdt,0.2683136285273434,china_2026_R,other
china_2026_R_01621,china_2026_R,Chinese Grand Prix,0.0,gbdt,0.16303896687032124,china_2026_R,true_negative
china_2026_R_01622,china_2026_R,Chinese Grand Prix,0.0,gbdt,0.018505448836397886,china_2026_R,true_negative
china_2026_R_01623,china_2026_R,Chinese Grand Prix,1.0,gbdt,0.5813839341347818,china_2026_R,true_positive
china_2026_R_01624,china_2026_R,Chinese Grand Prix,1.0,gbdt,0.9598898201235317,china_2026_R,true_positive
china_2026_R_01625,china_2026_R,Chinese Grand Prix,0.0,gbdt,0.07518628126546703,china_2026_R,true_negative
china_2026_R_01626,china_2026_R,Chinese Grand Prix,0.0,gbdt,0.18493862702969513,china_2026_R,true_negative
china_2026_R_01627,china_2026_R,Chinese Grand Prix,0.0,gbdt,0.053108830134247526,china_2026_R,true_negative
china_2026_R_01628,china_2026_R,Chinese Grand Prix,0.0,gbdt,0.05148731509953197,china_2026_R,true_negative
china_2026_R_01629,china_2026_R,Chinese Grand Prix,0.0,gbdt,0.013590192473476181,china_2026_R,true_negative
china_2026_R_01630,china_2026_R,Chinese Grand Prix,0.0,gbdt,0.10888328977548124,china_2026_R,true_negative
china_2026_R_01631,china_2026_R,Chinese Grand Prix,1.0,gbdt,0.10046271284648449,china_2026_R,false_negative
china_2026_R_01633,china_2026_R,Chinese Grand Prix,0.0,gbdt,0.027967380721309533,china_2026_R,true_negative
china_2026_R_01634,china_2026_R,Chinese Grand Prix,0.0,gbdt,0.01498445575694199,china_2026_R,true_negative
china_2026_R_01635,china_2026_R,Chinese Grand Prix,0.0,gbdt,0.011566345572141281,china_2026_R,true_negative
china_2026_R_01636,china_2026_R,Chinese Grand Prix,0.0,gbdt,0.04055477571447243,china_2026_R,true_negative
china_2026_R_01637,china_2026_R,Chinese Grand Prix,0.0,gbdt,0.08198287417498776,china_2026_R,true_negative
china_2026_R_01638,china_2026_R,Chinese Grand Prix,0.0,gbdt,0.10892970234413457,china_2026_R,true_negative
china_2026_R_01640,china_2026_R,Chinese Grand Prix,1.0,gbdt,0.9570065915524667,china_2026_R,true_positive
china_2026_R_01642,china_2026_R,Chinese Grand Prix,0.0,gbdt,0.19168579262396937,china_2026_R,true_negative
china_2026_R_01643,china_2026_R,Chinese Grand Prix,0.0,gbdt,0.01401081853410211,china_2026_R,true_negative
china_2026_R_01644,china_2026_R,Chinese Grand Prix,0.0,gbdt,0.044072822588385,china_2026_R,true_negative
china_2026_R_01645,china_2026_R,Chinese Grand Prix,0.0,gbdt,0.10870919546568081,china_2026_R,true_negative
china_2026_R_01647,china_2026_R,Chinese Grand Prix,0.0,gbdt,0.013030773528638137,china_2026_R,true_negative
china_2026_R_01649,china_2026_R,Chinese Grand Prix,0.0,gbdt,0.05235590024617476,china_2026_R,true_negative
china_2026_R_01652,china_2026_R,Chinese Grand Prix,0.0,gbdt,0.01167626307407731,china_2026_R,true_negative
china_2026_R_01653,china_2026_R,Chinese Grand Prix,1.0,gbdt,0.4914359886839394,china_2026_R,other
china_2026_R_01654,china_2026_R,Chinese Grand Prix,0.0,gbdt,0.0328315309242907,china_2026_R,true_negative
china_2026_R_01656,china_2026_R,Chinese Grand Prix,0.0,gbdt,0.05059801967786763,china_2026_R,true_negative
china_2026_R_01657,china_2026_R,Chinese Grand Prix,0.0,gbdt,0.21428040005468155,china_2026_R,other
china_2026_R_01658,china_2026_R,Chinese Grand Prix,1.0,gbdt,0.9475341073015034,china_2026_R,true_positive
china_2026_R_01660,china_2026_R,Chinese Grand Prix,0.0,gbdt,0.012967284672485768,china_2026_R,true_negative
china_2026_R_01661,china_2026_R,Chinese Grand Prix,0.0,gbdt,0.00809100926353441,china_2026_R,true_negative
china_2026_R_01662,china_2026_R,Chinese Grand Prix,1.0,gbdt,0.0074441727846276005,china_2026_R,false_negative
china_2026_R_01663,china_2026_R,Chinese Grand Prix,0.0,gbdt,0.06456326725316479,china_2026_R,true_negative
china_2026_R_01665,china_2026_R,Chinese Grand Prix,0.0,gbdt,0.009791192594625598,china_2026_R,true_negative
china_2026_R_01667,china_2026_R,Chinese Grand Prix,1.0,gbdt,0.5904758296194295,china_2026_R,true_positive
china_2026_R_01668,china_2026_R,Chinese Grand Prix,0.0,gbdt,0.09484827704122976,china_2026_R,true_negative
china_2026_R_01669,china_2026_R,Chinese Grand Prix,0.0,gbdt,0.021455944377004595,china_2026_R,true_negative
china_2026_R_01670,china_2026_R,Chinese Grand Prix,0.0,gbdt,0.0082579440814409,china_2026_R,true_negative
china_2026_R_01673,china_2026_R,Chinese Grand Prix,0.0,gbdt,0.021455944377004595,china_2026_R,true_negative
china_2026_R_01674,china_2026_R,Chinese Grand Prix,0.0,gbdt,0.030102994222353407,china_2026_R,true_negative
china_2026_R_01677,china_2026_R,Chinese Grand Prix,0.0,gbdt,0.019793766316480284,china_2026_R,true_negative
china_2026_R_01678,china_2026_R,Chinese Grand Prix,0.0,gbdt,0.04549342434155325,china_2026_R,true_negative
china_2026_R_01680,china_2026_R,Chinese Grand Prix,0.0,gbdt,0.019003194012918286,china_2026_R,true_negative
china_2026_R_01681,china_2026_R,Chinese Grand Prix,0.0,gbdt,0.12761727217586005,china_2026_R,true_negative
china_2026_R_01682,china_2026_R,Chinese Grand Prix,1.0,gbdt,0.08840812240439547,china_2026_R,false_negative
china_2026_R_01684,china_2026_R,Chinese Grand Prix,0.0,gbdt,0.00818896223118017,china_2026_R,true_negative
china_2026_R_01685,china_2026_R,Chinese Grand Prix,0.0,gbdt,0.5154970613059334,china_2026_R,false_positive
china_2026_R_01688,china_2026_R,Chinese Grand Prix,0.0,gbdt,0.006871703030479674,china_2026_R,true_negative
china_2026_R_01690,china_2026_R,Chinese Grand Prix,0.0,gbdt,0.040828190552236236,china_2026_R,true_negative
china_2026_R_01691,china_2026_R,Chinese Grand Prix,0.0,gbdt,0.08500013282108172,china_2026_R,true_negative
china_2026_R_01693,china_2026_R,Chinese Grand Prix,1.0,gbdt,0.0200662383877878,china_2026_R,false_negative
china_2026_R_01694,china_2026_R,Chinese Grand Prix,0.0,gbdt,0.024293410316388788,china_2026_R,true_negative
china_2026_R_01696,china_2026_R,Chinese Grand Prix,0.0,gbdt,0.006215506144011881,china_2026_R,true_negative
china_2026_R_01697,china_2026_R,Chinese Grand Prix,0.0,gbdt,0.022401866173336872,china_2026_R,true_negative
china_2026_R_01698,china_2026_R,Chinese Grand Prix,0.0,gbdt,0.009668893983553558,china_2026_R,true_negative
china_2026_R_01699,china_2026_R,Chinese Grand Prix,0.0,gbdt,0.012692469046385829,china_2026_R,true_negative
china_2026_R_01701,china_2026_R,Chinese Grand Prix,0.0,gbdt,0.008196203410724396,china_2026_R,true_negative
china_2026_R_01702,china_2026_R,Chinese Grand Prix,0.0,gbdt,0.018113345230991944,china_2026_R,true_negative
china_2026_R_01703,china_2026_R,Chinese Grand Prix,0.0,gbdt,0.009518670379869209,china_2026_R,true_negative
china_2026_R_01704,china_2026_R,Chinese Grand Prix,0.0,gbdt,0.0415117945749228,china_2026_R,true_negative
china_2026_R_01705,china_2026_R,Chinese Grand Prix,0.0,gbdt,0.013606154348344727,china_2026_R,true_negative
china_2026_R_01707,china_2026_R,Chinese Grand Prix,0.0,gbdt,0.013912792725037293,china_2026_R,true_negative
china_2026_R_01708,china_2026_R,Chinese Grand Prix,0.0,gbdt,0.045774247948201764,china_2026_R,true_negative
china_2026_R_01709,china_2026_R,Chinese Grand Prix,0.0,gbdt,0.006746405924793499,china_2026_R,true_negative
china_2026_R_01711,china_2026_R,Chinese Grand Prix,0.0,gbdt,0.011479092167766537,china_2026_R,true_negative
china_2026_R_01713,china_2026_R,Chinese Grand Prix,0.0,gbdt,0.010068159308473988,china_2026_R,true_negative
china_2026_R_01714,china_2026_R,Chinese Grand Prix,1.0,gbdt,0.01707048892464278,china_2026_R,false_negative
china_2026_R_01716,china_2026_R,Chinese Grand Prix,1.0,gbdt,0.9413182084802514,china_2026_R,true_positive
china_2026_R_01718,china_2026_R,Chinese Grand Prix,1.0,gbdt,0.919899253373217,china_2026_R,true_positive
china_2026_R_01719,china_2026_R,Chinese Grand Prix,0.0,gbdt,0.009497474341202182,china_2026_R,true_negative
china_2026_R_01721,china_2026_R,Chinese Grand Prix,1.0,gbdt,0.9508966780770536,china_2026_R,true_positive
china_2026_R_01724,china_2026_R,Chinese Grand Prix,1.0,gbdt,0.8692895013691248,china_2026_R,true_positive
china_2026_R_01727,china_2026_R,Chinese Grand Prix,0.0,gbdt,0.07308244004235268,china_2026_R,true_negative
china_2026_R_01729,china_2026_R,Chinese Grand Prix,1.0,gbdt,0.8251336802400648,china_2026_R,true_positive
china_2026_R_01730,china_2026_R,Chinese Grand Prix,1.0,gbdt,0.0313425408757431,china_2026_R,false_negative
china_2026_R_01731,china_2026_R,Chinese Grand Prix,1.0,gbdt,0.8881387565964393,china_2026_R,true_positive
china_2026_R_01732,china_2026_R,Chinese Grand Prix,1.0,gbdt,0.6660174813274155,china_2026_R,true_positive
china_2026_R_01733,china_2026_R,Chinese Grand Prix,1.0,gbdt,0.593298691134496,china_2026_R,true_positive
china_2026_R_01734,china_2026_R,Chinese Grand Prix,0.0,gbdt,0.014123177502225576,china_2026_R,true_negative
china_2026_R_01735,china_2026_R,Chinese Grand Prix,0.0,gbdt,0.050066320392203476,china_2026_R,true_negative
china_2026_R_01736,china_2026_R,Chinese Grand Prix,0.0,gbdt,0.01437925040251493,china_2026_R,true_negative
china_2026_R_01737,china_2026_R,Chinese Grand Prix,1.0,gbdt,0.9675576098623707,china_2026_R,true_positive
china_2026_R_01738,china_2026_R,Chinese Grand Prix,1.0,gbdt,0.8765533903515963,china_2026_R,true_positive
china_2026_R_01740,china_2026_R,Chinese Grand Prix,0.0,gbdt,0.013063861017457299,china_2026_R,true_negative
china_2026_R_01742,china_2026_R,Chinese Grand Prix,1.0,gbdt,0.9552033371108016,china_2026_R,true_positive
china_2026_R_01743,china_2026_R,Chinese Grand Prix,1.0,gbdt,0.8606592538968726,china_2026_R,true_positive
china_2026_R_01749,china_2026_R,Chinese Grand Prix,0.0,gbdt,0.23844687863955163,china_2026_R,other
china_2026_R_01751,china_2026_R,Chinese Grand Prix,0.0,gbdt,0.19319166473481217,china_2026_R,true_negative
china_2026_R_01753,china_2026_R,Chinese Grand Prix,0.0,gbdt,0.032356821675807654,china_2026_R,true_negative
china_2026_R_01754,china_2026_R,Chinese Grand Prix,0.0,gbdt,0.05173565055011128,china_2026_R,true_negative
china_2026_R_01755,china_2026_R,Chinese Grand Prix,0.0,gbdt,0.1720369503812474,china_2026_R,true_negative
china_2026_R_01756,china_2026_R,Chinese Grand Prix,1.0,gbdt,0.9570065915524667,china_2026_R,true_positive
china_2026_R_01758,china_2026_R,Chinese Grand Prix,0.0,gbdt,0.24408213776736135,china_2026_R,other
china_2026_R_01760,china_2026_R,Chinese Grand Prix,0.0,gbdt,0.008221136997892347,china_2026_R,true_negative
china_2026_R_01761,china_2026_R,Chinese Grand Prix,0.0,gbdt,0.016257132922281526,china_2026_R,true_negative
china_2026_R_01762,china_2026_R,Chinese Grand Prix,0.0,gbdt,0.022654953647117587,china_2026_R,true_negative
china_2026_R_01763,china_2026_R,Chinese Grand Prix,0.0,gbdt,0.007098124365458787,china_2026_R,true_negative
china_2026_R_01764,china_2026_R,Chinese Grand Prix,0.0,gbdt,0.01596778963139615,china_2026_R,true_negative
china_2026_R_01767,china_2026_R,Chinese Grand Prix,0.0,gbdt,0.07458113545011207,china_2026_R,true_negative
china_2026_R_01768,china_2026_R,Chinese Grand Prix,0.0,gbdt,0.0074441727846276005,china_2026_R,true_negative
china_2026_R_01769,china_2026_R,Chinese Grand Prix,0.0,gbdt,0.4549523947169945,china_2026_R,other
china_2026_R_01771,china_2026_R,Chinese Grand Prix,0.0,gbdt,0.16884993218277178,china_2026_R,true_negative
japan_2026_R_00001,japan_2026_R,Japanese Grand Prix,0.0,gbdt,0.268816952839422,japan_2026_R,other
japan_2026_R_00002,japan_2026_R,Japanese Grand Prix,0.0,gbdt,0.3696021981471638,japan_2026_R,other
japan_2026_R_00003,japan_2026_R,Japanese Grand Prix,1.0,gbdt,0.3009765542653486,japan_2026_R,other
japan_2026_R_00004,japan_2026_R,Japanese Grand Prix,0.0,gbdt,0.3516551552982003,japan_2026_R,other
japan_2026_R_00005,japan_2026_R,Japanese Grand Prix,0.0,gbdt,0.09005625532969642,japan_2026_R,true_negative
japan_2026_R_00006,japan_2026_R,Japanese Grand Prix,1.0,gbdt,0.26329935095086615,japan_2026_R,other
japan_2026_R_00007,japan_2026_R,Japanese Grand Prix,0.0,gbdt,0.2602060183761449,japan_2026_R,other
japan_2026_R_00008,japan_2026_R,Japanese Grand Prix,0.0,gbdt,0.016803628086356142,japan_2026_R,true_negative
japan_2026_R_00009,japan_2026_R,Japanese Grand Prix,0.0,gbdt,0.36172853007650063,japan_2026_R,other
japan_2026_R_00010,japan_2026_R,Japanese Grand Prix,1.0,gbdt,0.5270107076221674,japan_2026_R,true_positive
japan_2026_R_00011,japan_2026_R,Japanese Grand Prix,0.0,gbdt,0.02255616803655083,japan_2026_R,true_negative
japan_2026_R_00012,japan_2026_R,Japanese Grand Prix,0.0,gbdt,0.38557629388546905,japan_2026_R,other
japan_2026_R_00013,japan_2026_R,Japanese Grand Prix,1.0,gbdt,0.30669381747898894,japan_2026_R,other
japan_2026_R_00014,japan_2026_R,Japanese Grand Prix,1.0,gbdt,0.2562622859361083,japan_2026_R,other
japan_2026_R_00015,japan_2026_R,Japanese Grand Prix,0.0,gbdt,0.23420723213312328,japan_2026_R,other
japan_2026_R_00016,japan_2026_R,Japanese Grand Prix,1.0,gbdt,0.29118678884496124,japan_2026_R,other
japan_2026_R_00017,japan_2026_R,Japanese Grand Prix,0.0,gbdt,0.2886182872861806,japan_2026_R,other
japan_2026_R_00018,japan_2026_R,Japanese Grand Prix,1.0,gbdt,0.13637616187310883,japan_2026_R,false_negative
japan_2026_R_00019,japan_2026_R,Japanese Grand Prix,1.0,gbdt,0.3748341471009484,japan_2026_R,other
japan_2026_R_00020,japan_2026_R,Japanese Grand Prix,0.0,gbdt,0.1473283611443016,japan_2026_R,true_negative
japan_2026_R_00021,japan_2026_R,Japanese Grand Prix,0.0,gbdt,0.3877963262139307,japan_2026_R,other
japan_2026_R_00022,japan_2026_R,Japanese Grand Prix,0.0,gbdt,0.5663026610161717,japan_2026_R,false_positive
japan_2026_R_00023,japan_2026_R,Japanese Grand Prix,0.0,gbdt,0.24104897236739364,japan_2026_R,other
japan_2026_R_00024,japan_2026_R,Japanese Grand Prix,0.0,gbdt,0.1606345282293623,japan_2026_R,true_negative
japan_2026_R_00025,japan_2026_R,Japanese Grand Prix,0.0,gbdt,0.12293453869138034,japan_2026_R,true_negative
japan_2026_R_00026,japan_2026_R,Japanese Grand Prix,1.0,gbdt,0.10920322610652643,japan_2026_R,false_negative
japan_2026_R_00027,japan_2026_R,Japanese Grand Prix,0.0,gbdt,0.9016116634930064,japan_2026_R,false_positive
japan_2026_R_00028,japan_2026_R,Japanese Grand Prix,0.0,gbdt,0.17747813373327997,japan_2026_R,true_negative
japan_2026_R_00029,japan_2026_R,Japanese Grand Prix,1.0,gbdt,0.2258456540302038,japan_2026_R,other
japan_2026_R_00030,japan_2026_R,Japanese Grand Prix,1.0,gbdt,0.4127302200677332,japan_2026_R,other
japan_2026_R_00031,japan_2026_R,Japanese Grand Prix,1.0,gbdt,0.21678926353189468,japan_2026_R,other
japan_2026_R_00032,japan_2026_R,Japanese Grand Prix,1.0,gbdt,0.5107478437295666,japan_2026_R,true_positive
japan_2026_R_00033,japan_2026_R,Japanese Grand Prix,1.0,gbdt,0.5566778452255146,japan_2026_R,true_positive
japan_2026_R_00034,japan_2026_R,Japanese Grand Prix,0.0,gbdt,0.8574188642789687,japan_2026_R,false_positive
japan_2026_R_00035,japan_2026_R,Japanese Grand Prix,0.0,gbdt,0.8096921328756301,japan_2026_R,false_positive
japan_2026_R_00036,japan_2026_R,Japanese Grand Prix,0.0,gbdt,0.7047374638145789,japan_2026_R,false_positive
japan_2026_R_00037,japan_2026_R,Japanese Grand Prix,1.0,gbdt,0.5390673379538761,japan_2026_R,true_positive
japan_2026_R_00038,japan_2026_R,Japanese Grand Prix,0.0,gbdt,0.36958389135930475,japan_2026_R,other
japan_2026_R_00039,japan_2026_R,Japanese Grand Prix,1.0,gbdt,0.45893727384940464,japan_2026_R,other
japan_2026_R_00040,japan_2026_R,Japanese Grand Prix,1.0,gbdt,0.6844960541305293,japan_2026_R,true_positive
japan_2026_R_00041,japan_2026_R,Japanese Grand Prix,0.0,gbdt,0.5756557518123503,japan_2026_R,false_positive
japan_2026_R_00042,japan_2026_R,Japanese Grand Prix,1.0,gbdt,0.33058003875738234,japan_2026_R,other
japan_2026_R_00043,japan_2026_R,Japanese Grand Prix,0.0,gbdt,0.20363744942137707,japan_2026_R,other
japan_2026_R_00044,japan_2026_R,Japanese Grand Prix,1.0,gbdt,0.6343759190116833,japan_2026_R,true_positive
japan_2026_R_00045,japan_2026_R,Japanese Grand Prix,0.0,gbdt,0.6853946897682865,japan_2026_R,false_positive
japan_2026_R_00046,japan_2026_R,Japanese Grand Prix,0.0,gbdt,0.41770179578289707,japan_2026_R,other
japan_2026_R_00047,japan_2026_R,Japanese Grand Prix,0.0,gbdt,0.10691961591937199,japan_2026_R,true_negative
japan_2026_R_00048,japan_2026_R,Japanese Grand Prix,0.0,gbdt,0.22484642305965077,japan_2026_R,other
japan_2026_R_00049,japan_2026_R,Japanese Grand Prix,1.0,gbdt,0.0861338010953741,japan_2026_R,false_negative
japan_2026_R_00050,japan_2026_R,Japanese Grand Prix,0.0,gbdt,0.16130623128269006,japan_2026_R,true_negative
japan_2026_R_00051,japan_2026_R,Japanese Grand Prix,1.0,gbdt,0.48678233725348885,japan_2026_R,other
japan_2026_R_00052,japan_2026_R,Japanese Grand Prix,0.0,gbdt,0.18585911055303025,japan_2026_R,true_negative
japan_2026_R_00053,japan_2026_R,Japanese Grand Prix,1.0,gbdt,0.7973783259346027,japan_2026_R,true_positive
japan_2026_R_00055,japan_2026_R,Japanese Grand Prix,1.0,gbdt,0.21659168509189763,japan_2026_R,other
japan_2026_R_00056,japan_2026_R,Japanese Grand Prix,0.0,gbdt,0.07760280745078037,japan_2026_R,true_negative
japan_2026_R_00057,japan_2026_R,Japanese Grand Prix,0.0,gbdt,0.7168741613995712,japan_2026_R,false_positive
japan_2026_R_00058,japan_2026_R,Japanese Grand Prix,0.0,gbdt,0.219678407989455,japan_2026_R,other
japan_2026_R_00059,japan_2026_R,Japanese Grand Prix,0.0,gbdt,0.351575223734237,japan_2026_R,other
japan_2026_R_00060,japan_2026_R,Japanese Grand Prix,1.0,gbdt,0.1961067047626824,japan_2026_R,false_negative
japan_2026_R_00061,japan_2026_R,Japanese Grand Prix,1.0,gbdt,0.881828742576386,japan_2026_R,true_positive
japan_2026_R_00062,japan_2026_R,Japanese Grand Prix,1.0,gbdt,0.3161381410064586,japan_2026_R,other
japan_2026_R_00063,japan_2026_R,Japanese Grand Prix,1.0,gbdt,0.9402327245669042,japan_2026_R,true_positive
japan_2026_R_00065,japan_2026_R,Japanese Grand Prix,1.0,gbdt,0.20599433649419793,japan_2026_R,other
japan_2026_R_00066,japan_2026_R,Japanese Grand Prix,0.0,gbdt,0.6493077882935853,japan_2026_R,false_positive
japan_2026_R_00067,japan_2026_R,Japanese Grand Prix,1.0,gbdt,0.17112492136674454,japan_2026_R,false_negative
japan_2026_R_00068,japan_2026_R,Japanese Grand Prix,0.0,gbdt,0.8358984989363208,japan_2026_R,false_positive
japan_2026_R_00069,japan_2026_R,Japanese Grand Prix,0.0,gbdt,0.5900090285202042,japan_2026_R,false_positive
japan_2026_R_00070,japan_2026_R,Japanese Grand Prix,0.0,gbdt,0.36227936927222015,japan_2026_R,other
japan_2026_R_00071,japan_2026_R,Japanese Grand Prix,1.0,gbdt,0.18513827186044582,japan_2026_R,false_negative
japan_2026_R_00072,japan_2026_R,Japanese Grand Prix,1.0,gbdt,0.23363038602505865,japan_2026_R,other
japan_2026_R_00073,japan_2026_R,Japanese Grand Prix,0.0,gbdt,0.7469703002632978,japan_2026_R,false_positive
japan_2026_R_00074,japan_2026_R,Japanese Grand Prix,1.0,gbdt,0.4449883101244726,japan_2026_R,other
japan_2026_R_00075,japan_2026_R,Japanese Grand Prix,1.0,gbdt,0.42647171463305084,japan_2026_R,other
japan_2026_R_00076,japan_2026_R,Japanese Grand Prix,1.0,gbdt,0.4366935577927374,japan_2026_R,other
japan_2026_R_00077,japan_2026_R,Japanese Grand Prix,0.0,gbdt,0.7255250805219617,japan_2026_R,false_positive
japan_2026_R_00078,japan_2026_R,Japanese Grand Prix,1.0,gbdt,0.4306779420356521,japan_2026_R,other
japan_2026_R_00079,japan_2026_R,Japanese Grand Prix,1.0,gbdt,0.5053900973602462,japan_2026_R,true_positive
japan_2026_R_00080,japan_2026_R,Japanese Grand Prix,1.0,gbdt,0.39919002640050427,japan_2026_R,other
japan_2026_R_00081,japan_2026_R,Japanese Grand Prix,1.0,gbdt,0.6844901796773077,japan_2026_R,true_positive
japan_2026_R_00082,japan_2026_R,Japanese Grand Prix,1.0,gbdt,0.4073019900642964,japan_2026_R,other
japan_2026_R_00083,japan_2026_R,Japanese Grand Prix,1.0,gbdt,0.16792466803403996,japan_2026_R,false_negative
japan_2026_R_00084,japan_2026_R,Japanese Grand Prix,1.0,gbdt,0.6225088419759702,japan_2026_R,true_positive
japan_2026_R_00085,japan_2026_R,Japanese Grand Prix,1.0,gbdt,0.5998560011116492,japan_2026_R,true_positive
japan_2026_R_00086,japan_2026_R,Japanese Grand Prix,1.0,gbdt,0.1370234153180593,japan_2026_R,false_negative
japan_2026_R_00088,japan_2026_R,Japanese Grand Prix,1.0,gbdt,0.7379056505042312,japan_2026_R,true_positive
japan_2026_R_00090,japan_2026_R,Japanese Grand Prix,1.0,gbdt,0.4778620320670231,japan_2026_R,other
japan_2026_R_00091,japan_2026_R,Japanese Grand Prix,1.0,gbdt,0.7303789671924112,japan_2026_R,true_positive
japan_2026_R_00092,japan_2026_R,Japanese Grand Prix,1.0,gbdt,0.8306047633053502,japan_2026_R,true_positive
japan_2026_R_00093,japan_2026_R,Japanese Grand Prix,0.0,gbdt,0.017267823134001173,japan_2026_R,true_negative
japan_2026_R_00094,japan_2026_R,Japanese Grand Prix,0.0,gbdt,0.6254695811246582,japan_2026_R,false_positive
japan_2026_R_00095,japan_2026_R,Japanese Grand Prix,1.0,gbdt,0.2665832086591648,japan_2026_R,other
japan_2026_R_00096,japan_2026_R,Japanese Grand Prix,0.0,gbdt,0.327591185491988,japan_2026_R,other
japan_2026_R_00097,japan_2026_R,Japanese Grand Prix,0.0,gbdt,0.13124206235190045,japan_2026_R,true_negative
japan_2026_R_00098,japan_2026_R,Japanese Grand Prix,0.0,gbdt,0.3109898482899041,japan_2026_R,other
japan_2026_R_00099,japan_2026_R,Japanese Grand Prix,0.0,gbdt,0.361572615521154,japan_2026_R,other
japan_2026_R_00100,japan_2026_R,Japanese Grand Prix,0.0,gbdt,0.35445591011836175,japan_2026_R,other
japan_2026_R_00101,japan_2026_R,Japanese Grand Prix,0.0,gbdt,0.23079682430131543,japan_2026_R,other
japan_2026_R_00102,japan_2026_R,Japanese Grand Prix,0.0,gbdt,0.15977889300120116,japan_2026_R,true_negative
japan_2026_R_00103,japan_2026_R,Japanese Grand Prix,0.0,gbdt,0.24383959246666215,japan_2026_R,other
japan_2026_R_00104,japan_2026_R,Japanese Grand Prix,1.0,gbdt,0.9068105568372178,japan_2026_R,true_positive
japan_2026_R_00105,japan_2026_R,Japanese Grand Prix,0.0,gbdt,0.2709787286047007,japan_2026_R,other
japan_2026_R_00106,japan_2026_R,Japanese Grand Prix,0.0,gbdt,0.23252834110399603,japan_2026_R,other
japan_2026_R_00107,japan_2026_R,Japanese Grand Prix,0.0,gbdt,0.08075761042277321,japan_2026_R,true_negative
japan_2026_R_00108,japan_2026_R,Japanese Grand Prix,0.0,gbdt,0.41184967938846934,japan_2026_R,other
japan_2026_R_00109,japan_2026_R,Japanese Grand Prix,0.0,gbdt,0.49122423155645883,japan_2026_R,other
japan_2026_R_00110,japan_2026_R,Japanese Grand Prix,0.0,gbdt,0.2905986838168308,japan_2026_R,other
japan_2026_R_00111,japan_2026_R,Japanese Grand Prix,0.0,gbdt,0.025219406014360807,japan_2026_R,true_negative
japan_2026_R_00112,japan_2026_R,Japanese Grand Prix,0.0,gbdt,0.35600564013853114,japan_2026_R,other
japan_2026_R_00113,japan_2026_R,Japanese Grand Prix,0.0,gbdt,0.11668422288914272,japan_2026_R,true_negative
japan_2026_R_00114,japan_2026_R,Japanese Grand Prix,0.0,gbdt,0.016623448175909498,japan_2026_R,true_negative
japan_2026_R_00115,japan_2026_R,Japanese Grand Prix,1.0,gbdt,0.4965955721870909,japan_2026_R,other
japan_2026_R_00116,japan_2026_R,Japanese Grand Prix,0.0,gbdt,0.36325519097926867,japan_2026_R,other
japan_2026_R_00117,japan_2026_R,Japanese Grand Prix,1.0,gbdt,0.7745980641260085,japan_2026_R,true_positive
japan_2026_R_00118,japan_2026_R,Japanese Grand Prix,0.0,gbdt,0.0743209825492219,japan_2026_R,true_negative
japan_2026_R_00119,japan_2026_R,Japanese Grand Prix,0.0,gbdt,0.027056932704481083,japan_2026_R,true_negative
japan_2026_R_00120,japan_2026_R,Japanese Grand Prix,0.0,gbdt,0.40455719135087825,japan_2026_R,other
japan_2026_R_00121,japan_2026_R,Japanese Grand Prix,0.0,gbdt,0.05467729054567913,japan_2026_R,true_negative
japan_2026_R_00122,japan_2026_R,Japanese Grand Prix,1.0,gbdt,0.01664914052378647,japan_2026_R,false_negative
japan_2026_R_00123,japan_2026_R,Japanese Grand Prix,0.0,gbdt,0.43154095610487336,japan_2026_R,other
japan_2026_R_00124,japan_2026_R,Japanese Grand Prix,0.0,gbdt,0.22455652394146372,japan_2026_R,other
japan_2026_R_00125,japan_2026_R,Japanese Grand Prix,1.0,gbdt,0.22612073877641858,japan_2026_R,other
japan_2026_R_00126,japan_2026_R,Japanese Grand Prix,1.0,gbdt,0.8371502389156581,japan_2026_R,true_positive
japan_2026_R_00127,japan_2026_R,Japanese Grand Prix,1.0,gbdt,0.2521007847205138,japan_2026_R,other
japan_2026_R_00128,japan_2026_R,Japanese Grand Prix,1.0,gbdt,0.7550395419602276,japan_2026_R,true_positive
japan_2026_R_00129,japan_2026_R,Japanese Grand Prix,1.0,gbdt,0.6272010662967441,japan_2026_R,true_positive
japan_2026_R_00130,japan_2026_R,Japanese Grand Prix,1.0,gbdt,0.7876419377037885,japan_2026_R,true_positive
japan_2026_R_00131,japan_2026_R,Japanese Grand Prix,0.0,gbdt,0.5152070158434902,japan_2026_R,false_positive
japan_2026_R_00132,japan_2026_R,Japanese Grand Prix,1.0,gbdt,0.6378302252956961,japan_2026_R,true_positive
japan_2026_R_00133,japan_2026_R,Japanese Grand Prix,0.0,gbdt,0.29712687578735625,japan_2026_R,other
japan_2026_R_00134,japan_2026_R,Japanese Grand Prix,0.0,gbdt,0.03461784921264692,japan_2026_R,true_negative
japan_2026_R_00135,japan_2026_R,Japanese Grand Prix,1.0,gbdt,0.462886051700488,japan_2026_R,other
japan_2026_R_00136,japan_2026_R,Japanese Grand Prix,1.0,gbdt,0.8511824897966082,japan_2026_R,true_positive
japan_2026_R_00137,japan_2026_R,Japanese Grand Prix,0.0,gbdt,0.029942590142146387,japan_2026_R,true_negative
japan_2026_R_00138,japan_2026_R,Japanese Grand Prix,0.0,gbdt,0.3876331219657487,japan_2026_R,other
japan_2026_R_00139,japan_2026_R,Japanese Grand Prix,1.0,gbdt,0.9405696436224548,japan_2026_R,true_positive
japan_2026_R_00140,japan_2026_R,Japanese Grand Prix,1.0,gbdt,0.2565061643714032,japan_2026_R,other
japan_2026_R_00141,japan_2026_R,Japanese Grand Prix,1.0,gbdt,0.8836306081808237,japan_2026_R,true_positive
japan_2026_R_00142,japan_2026_R,Japanese Grand Prix,0.0,gbdt,0.1637874247856945,japan_2026_R,true_negative
japan_2026_R_00143,japan_2026_R,Japanese Grand Prix,1.0,gbdt,0.6657680970938172,japan_2026_R,true_positive
japan_2026_R_00144,japan_2026_R,Japanese Grand Prix,1.0,gbdt,0.7416754712110029,japan_2026_R,true_positive
japan_2026_R_00145,japan_2026_R,Japanese Grand Prix,0.0,gbdt,0.1478517655494014,japan_2026_R,true_negative
japan_2026_R_00146,japan_2026_R,Japanese Grand Prix,1.0,gbdt,0.9347901467988071,japan_2026_R,true_positive
japan_2026_R_00147,japan_2026_R,Japanese Grand Prix,1.0,gbdt,0.6295221499052732,japan_2026_R,true_positive
japan_2026_R_00148,japan_2026_R,Japanese Grand Prix,0.0,gbdt,0.8692745985479298,japan_2026_R,false_positive
japan_2026_R_00149,japan_2026_R,Japanese Grand Prix,1.0,gbdt,0.19928871513287616,japan_2026_R,false_negative
japan_2026_R_00150,japan_2026_R,Japanese Grand Prix,0.0,gbdt,0.35148458135846394,japan_2026_R,other
japan_2026_R_00151,japan_2026_R,Japanese Grand Prix,1.0,gbdt,0.2136852487189575,japan_2026_R,other
japan_2026_R_00152,japan_2026_R,Japanese Grand Prix,0.0,gbdt,0.3810158394814214,japan_2026_R,other
japan_2026_R_00153,japan_2026_R,Japanese Grand Prix,0.0,gbdt,0.5681603453283838,japan_2026_R,false_positive
japan_2026_R_00154,japan_2026_R,Japanese Grand Prix,1.0,gbdt,0.15095000921383012,japan_2026_R,false_negative
japan_2026_R_00155,japan_2026_R,Japanese Grand Prix,1.0,gbdt,0.579589171783563,japan_2026_R,true_positive
japan_2026_R_00156,japan_2026_R,Japanese Grand Prix,1.0,gbdt,0.8592477355465101,japan_2026_R,true_positive
japan_2026_R_00157,japan_2026_R,Japanese Grand Prix,1.0,gbdt,0.6073998753189149,japan_2026_R,true_positive
japan_2026_R_00158,japan_2026_R,Japanese Grand Prix,0.0,gbdt,0.6120345069305895,japan_2026_R,false_positive
japan_2026_R_00159,japan_2026_R,Japanese Grand Prix,1.0,gbdt,0.6353233823303502,japan_2026_R,true_positive
japan_2026_R_00160,japan_2026_R,Japanese Grand Prix,1.0,gbdt,0.3671016060248859,japan_2026_R,other
japan_2026_R_00161,japan_2026_R,Japanese Grand Prix,1.0,gbdt,0.43328813829653146,japan_2026_R,other
japan_2026_R_00162,japan_2026_R,Japanese Grand Prix,1.0,gbdt,0.2934131703969162,japan_2026_R,other
japan_2026_R_00163,japan_2026_R,Japanese Grand Prix,1.0,gbdt,0.4382954423870291,japan_2026_R,other
japan_2026_R_00164,japan_2026_R,Japanese Grand Prix,0.0,gbdt,0.12621209203905567,japan_2026_R,true_negative
japan_2026_R_00165,japan_2026_R,Japanese Grand Prix,1.0,gbdt,0.5235971102068934,japan_2026_R,true_positive
japan_2026_R_00166,japan_2026_R,Japanese Grand Prix,1.0,gbdt,0.6813952458341342,japan_2026_R,true_positive
japan_2026_R_00167,japan_2026_R,Japanese Grand Prix,0.0,gbdt,0.16036384214750188,japan_2026_R,true_negative
japan_2026_R_00168,japan_2026_R,Japanese Grand Prix,1.0,gbdt,0.5660524972041612,japan_2026_R,true_positive
japan_2026_R_00169,japan_2026_R,Japanese Grand Prix,1.0,gbdt,0.4769510403359454,japan_2026_R,other
japan_2026_R_00170,japan_2026_R,Japanese Grand Prix,1.0,gbdt,0.9022952269053295,japan_2026_R,true_positive
japan_2026_R_00171,japan_2026_R,Japanese Grand Prix,1.0,gbdt,0.6253139304959928,japan_2026_R,true_positive
japan_2026_R_00172,japan_2026_R,Japanese Grand Prix,1.0,gbdt,0.7948006953019509,japan_2026_R,true_positive
japan_2026_R_00174,japan_2026_R,Japanese Grand Prix,1.0,gbdt,0.8765675675226835,japan_2026_R,true_positive
japan_2026_R_00175,japan_2026_R,Japanese Grand Prix,0.0,gbdt,0.6972843679874405,japan_2026_R,false_positive
japan_2026_R_00176,japan_2026_R,Japanese Grand Prix,1.0,gbdt,0.3553858024633685,japan_2026_R,other
japan_2026_R_00177,japan_2026_R,Japanese Grand Prix,0.0,gbdt,0.25176302349998425,japan_2026_R,other
japan_2026_R_00178,japan_2026_R,Japanese Grand Prix,1.0,gbdt,0.35756080153337577,japan_2026_R,other
japan_2026_R_00179,japan_2026_R,Japanese Grand Prix,0.0,gbdt,0.14086540570990633,japan_2026_R,true_negative
japan_2026_R_00180,japan_2026_R,Japanese Grand Prix,0.0,gbdt,0.7429420817493411,japan_2026_R,false_positive
japan_2026_R_00181,japan_2026_R,Japanese Grand Prix,1.0,gbdt,0.9274675090617828,japan_2026_R,true_positive
japan_2026_R_00182,japan_2026_R,Japanese Grand Prix,0.0,gbdt,0.4998640543334218,japan_2026_R,other
japan_2026_R_00183,japan_2026_R,Japanese Grand Prix,0.0,gbdt,0.021317735154584423,japan_2026_R,true_negative
japan_2026_R_00184,japan_2026_R,Japanese Grand Prix,1.0,gbdt,0.48435784196679893,japan_2026_R,other
japan_2026_R_00185,japan_2026_R,Japanese Grand Prix,0.0,gbdt,0.028687398483088787,japan_2026_R,true_negative
japan_2026_R_00186,japan_2026_R,Japanese Grand Prix,0.0,gbdt,0.013803300230643523,japan_2026_R,true_negative
japan_2026_R_00187,japan_2026_R,Japanese Grand Prix,0.0,gbdt,0.19060449992968173,japan_2026_R,true_negative
japan_2026_R_00188,japan_2026_R,Japanese Grand Prix,0.0,gbdt,0.7817074724599492,japan_2026_R,false_positive
japan_2026_R_00189,japan_2026_R,Japanese Grand Prix,0.0,gbdt,0.25316647449054236,japan_2026_R,other
japan_2026_R_00190,japan_2026_R,Japanese Grand Prix,0.0,gbdt,0.48183074014868854,japan_2026_R,other
japan_2026_R_00191,japan_2026_R,Japanese Grand Prix,0.0,gbdt,0.10306386998846848,japan_2026_R,true_negative
japan_2026_R_00192,japan_2026_R,Japanese Grand Prix,0.0,gbdt,0.13841007718295495,japan_2026_R,true_negative
japan_2026_R_00193,japan_2026_R,Japanese Grand Prix,1.0,gbdt,0.9266735790281523,japan_2026_R,true_positive
japan_2026_R_00194,japan_2026_R,Japanese Grand Prix,0.0,gbdt,0.24998411377683638,japan_2026_R,other
japan_2026_R_00195,japan_2026_R,Japanese Grand Prix,1.0,gbdt,0.08042813246910761,japan_2026_R,false_negative
japan_2026_R_00196,japan_2026_R,Japanese Grand Prix,0.0,gbdt,0.3321008423811236,japan_2026_R,other
japan_2026_R_00197,japan_2026_R,Japanese Grand Prix,0.0,gbdt,0.13790792067883476,japan_2026_R,true_negative
japan_2026_R_00198,japan_2026_R,Japanese Grand Prix,1.0,gbdt,0.21884624834691174,japan_2026_R,other
japan_2026_R_00199,japan_2026_R,Japanese Grand Prix,0.0,gbdt,0.02167839223637391,japan_2026_R,true_negative
japan_2026_R_00200,japan_2026_R,Japanese Grand Prix,1.0,gbdt,0.3473681029215303,japan_2026_R,other
japan_2026_R_00201,japan_2026_R,Japanese Grand Prix,1.0,gbdt,0.43877219283630686,japan_2026_R,other
japan_2026_R_00202,japan_2026_R,Japanese Grand Prix,1.0,gbdt,0.0911959126901088,japan_2026_R,false_negative
japan_2026_R_00203,japan_2026_R,Japanese Grand Prix,1.0,gbdt,0.3784553894286029,japan_2026_R,other
japan_2026_R_00204,japan_2026_R,Japanese Grand Prix,1.0,gbdt,0.5015167090466961,japan_2026_R,true_positive
japan_2026_R_00205,japan_2026_R,Japanese Grand Prix,1.0,gbdt,0.5565846536633373,japan_2026_R,true_positive
japan_2026_R_00206,japan_2026_R,Japanese Grand Prix,0.0,gbdt,0.8394311376457123,japan_2026_R,false_positive
japan_2026_R_00207,japan_2026_R,Japanese Grand Prix,1.0,gbdt,0.6714045400480922,japan_2026_R,true_positive
japan_2026_R_00208,japan_2026_R,Japanese Grand Prix,0.0,gbdt,0.12154074976679928,japan_2026_R,true_negative
japan_2026_R_00209,japan_2026_R,Japanese Grand Prix,1.0,gbdt,0.7613761847753143,japan_2026_R,true_positive
japan_2026_R_00210,japan_2026_R,Japanese Grand Prix,0.0,gbdt,0.3626454114056162,japan_2026_R,other
japan_2026_R_00211,japan_2026_R,Japanese Grand Prix,1.0,gbdt,0.8951820124168454,japan_2026_R,true_positive
japan_2026_R_00212,japan_2026_R,Japanese Grand Prix,1.0,gbdt,0.1395369416910627,japan_2026_R,false_negative
japan_2026_R_00213,japan_2026_R,Japanese Grand Prix,1.0,gbdt,0.21114329632304776,japan_2026_R,other
japan_2026_R_00214,japan_2026_R,Japanese Grand Prix,1.0,gbdt,0.8633670077630774,japan_2026_R,true_positive
japan_2026_R_00215,japan_2026_R,Japanese Grand Prix,0.0,gbdt,0.41783496875385273,japan_2026_R,other
japan_2026_R_00216,japan_2026_R,Japanese Grand Prix,1.0,gbdt,0.38772158206272805,japan_2026_R,other
japan_2026_R_00217,japan_2026_R,Japanese Grand Prix,0.0,gbdt,0.8609943206379425,japan_2026_R,false_positive
japan_2026_R_00218,japan_2026_R,Japanese Grand Prix,0.0,gbdt,0.6344976632942908,japan_2026_R,false_positive
japan_2026_R_00219,japan_2026_R,Japanese Grand Prix,1.0,gbdt,0.6965943890243648,japan_2026_R,true_positive
japan_2026_R_00220,japan_2026_R,Japanese Grand Prix,0.0,gbdt,0.7390893594848945,japan_2026_R,false_positive
japan_2026_R_00221,japan_2026_R,Japanese Grand Prix,1.0,gbdt,0.6575999806291377,japan_2026_R,true_positive
japan_2026_R_00222,japan_2026_R,Japanese Grand Prix,1.0,gbdt,0.5295582856119124,japan_2026_R,true_positive
japan_2026_R_00223,japan_2026_R,Japanese Grand Prix,0.0,gbdt,0.897592092836553,japan_2026_R,false_positive
japan_2026_R_00224,japan_2026_R,Japanese Grand Prix,1.0,gbdt,0.776896914458749,japan_2026_R,true_positive
japan_2026_R_00225,japan_2026_R,Japanese Grand Prix,0.0,gbdt,0.46857232488912487,japan_2026_R,other
japan_2026_R_00226,japan_2026_R,Japanese Grand Prix,1.0,gbdt,0.10272667014234793,japan_2026_R,false_negative
japan_2026_R_00227,japan_2026_R,Japanese Grand Prix,1.0,gbdt,0.8553386666214386,japan_2026_R,true_positive
japan_2026_R_00228,japan_2026_R,Japanese Grand Prix,1.0,gbdt,0.2863855985630812,japan_2026_R,other
japan_2026_R_00229,japan_2026_R,Japanese Grand Prix,0.0,gbdt,0.674895898636559,japan_2026_R,false_positive
japan_2026_R_00230,japan_2026_R,Japanese Grand Prix,0.0,gbdt,0.5541836136844854,japan_2026_R,false_positive
japan_2026_R_00231,japan_2026_R,Japanese Grand Prix,1.0,gbdt,0.14762447210666418,japan_2026_R,false_negative
japan_2026_R_00232,japan_2026_R,Japanese Grand Prix,0.0,gbdt,0.3697864955673945,japan_2026_R,other
japan_2026_R_00233,japan_2026_R,Japanese Grand Prix,1.0,gbdt,0.589455298967243,japan_2026_R,true_positive
japan_2026_R_00234,japan_2026_R,Japanese Grand Prix,1.0,gbdt,0.7047993449835944,japan_2026_R,true_positive
japan_2026_R_00235,japan_2026_R,Japanese Grand Prix,1.0,gbdt,0.40608119143497856,japan_2026_R,other
japan_2026_R_00236,japan_2026_R,Japanese Grand Prix,1.0,gbdt,0.2215062955205821,japan_2026_R,other
japan_2026_R_00237,japan_2026_R,Japanese Grand Prix,0.0,gbdt,0.7148065351554834,japan_2026_R,false_positive
japan_2026_R_00238,japan_2026_R,Japanese Grand Prix,1.0,gbdt,0.7423660040133115,japan_2026_R,true_positive
japan_2026_R_00239,japan_2026_R,Japanese Grand Prix,1.0,gbdt,0.7029550960891078,japan_2026_R,true_positive
japan_2026_R_00240,japan_2026_R,Japanese Grand Prix,1.0,gbdt,0.2738868462938524,japan_2026_R,other
japan_2026_R_00241,japan_2026_R,Japanese Grand Prix,0.0,gbdt,0.11566242437704355,japan_2026_R,true_negative
japan_2026_R_00242,japan_2026_R,Japanese Grand Prix,0.0,gbdt,0.47695762460023533,japan_2026_R,other
japan_2026_R_00243,japan_2026_R,Japanese Grand Prix,1.0,gbdt,0.24950976246795506,japan_2026_R,other
japan_2026_R_00244,japan_2026_R,Japanese Grand Prix,0.0,gbdt,0.8580566259026191,japan_2026_R,false_positive
japan_2026_R_00245,japan_2026_R,Japanese Grand Prix,1.0,gbdt,0.9288762221978367,japan_2026_R,true_positive
japan_2026_R_00246,japan_2026_R,Japanese Grand Prix,1.0,gbdt,0.38563028532825416,japan_2026_R,other
japan_2026_R_00247,japan_2026_R,Japanese Grand Prix,0.0,gbdt,0.5882338059483118,japan_2026_R,false_positive
japan_2026_R_00248,japan_2026_R,Japanese Grand Prix,0.0,gbdt,0.8416771235723615,japan_2026_R,false_positive
japan_2026_R_00249,japan_2026_R,Japanese Grand Prix,1.0,gbdt,0.5090068112327382,japan_2026_R,true_positive
japan_2026_R_00251,japan_2026_R,Japanese Grand Prix,1.0,gbdt,0.3719547004903888,japan_2026_R,other
japan_2026_R_00252,japan_2026_R,Japanese Grand Prix,1.0,gbdt,0.3583466843704755,japan_2026_R,other
japan_2026_R_00254,japan_2026_R,Japanese Grand Prix,1.0,gbdt,0.9473145435110238,japan_2026_R,true_positive
japan_2026_R_00256,japan_2026_R,Japanese Grand Prix,0.0,gbdt,0.44497117580248524,japan_2026_R,other
japan_2026_R_00257,japan_2026_R,Japanese Grand Prix,1.0,gbdt,0.9132978536495303,japan_2026_R,true_positive
japan_2026_R_00258,japan_2026_R,Japanese Grand Prix,0.0,gbdt,0.1870436887546036,japan_2026_R,true_negative
japan_2026_R_00259,japan_2026_R,Japanese Grand Prix,0.0,gbdt,0.6476879915692184,japan_2026_R,false_positive
japan_2026_R_00260,japan_2026_R,Japanese Grand Prix,0.0,gbdt,0.20764286420154898,japan_2026_R,other
japan_2026_R_00261,japan_2026_R,Japanese Grand Prix,1.0,gbdt,0.0909275486535692,japan_2026_R,false_negative
japan_2026_R_00262,japan_2026_R,Japanese Grand Prix,1.0,gbdt,0.2730711966126822,japan_2026_R,other
japan_2026_R_00263,japan_2026_R,Japanese Grand Prix,1.0,gbdt,0.472061014429805,japan_2026_R,other
japan_2026_R_00264,japan_2026_R,Japanese Grand Prix,0.0,gbdt,0.1964075471741977,japan_2026_R,true_negative
japan_2026_R_00265,japan_2026_R,Japanese Grand Prix,0.0,gbdt,0.20059632286212759,japan_2026_R,other
japan_2026_R_00266,japan_2026_R,Japanese Grand Prix,0.0,gbdt,0.3620683133452891,japan_2026_R,other
japan_2026_R_00267,japan_2026_R,Japanese Grand Prix,1.0,gbdt,0.8885037051817829,japan_2026_R,true_positive
japan_2026_R_00268,japan_2026_R,Japanese Grand Prix,0.0,gbdt,0.09776822648622667,japan_2026_R,true_negative
japan_2026_R_00269,japan_2026_R,Japanese Grand Prix,0.0,gbdt,0.2091479284685345,japan_2026_R,other
japan_2026_R_00270,japan_2026_R,Japanese Grand Prix,0.0,gbdt,0.01300170271464528,japan_2026_R,true_negative
japan_2026_R_00271,japan_2026_R,Japanese Grand Prix,0.0,gbdt,0.03411278082245508,japan_2026_R,true_negative
japan_2026_R_00272,japan_2026_R,Japanese Grand Prix,0.0,gbdt,0.21376250590996562,japan_2026_R,other
japan_2026_R_00273,japan_2026_R,Japanese Grand Prix,0.0,gbdt,0.08616595486206625,japan_2026_R,true_negative
japan_2026_R_00274,japan_2026_R,Japanese Grand Prix,0.0,gbdt,0.4908867593960671,japan_2026_R,other
japan_2026_R_00275,japan_2026_R,Japanese Grand Prix,0.0,gbdt,0.017109862353276065,japan_2026_R,true_negative
japan_2026_R_00276,japan_2026_R,Japanese Grand Prix,0.0,gbdt,0.012192368840716913,japan_2026_R,true_negative
japan_2026_R_00277,japan_2026_R,Japanese Grand Prix,1.0,gbdt,0.895671594186966,japan_2026_R,true_positive
japan_2026_R_00278,japan_2026_R,Japanese Grand Prix,0.0,gbdt,0.09883573735251346,japan_2026_R,true_negative
japan_2026_R_00279,japan_2026_R,Japanese Grand Prix,0.0,gbdt,0.165089639636753,japan_2026_R,true_negative
japan_2026_R_00280,japan_2026_R,Japanese Grand Prix,0.0,gbdt,0.24207283592897658,japan_2026_R,other
japan_2026_R_00281,japan_2026_R,Japanese Grand Prix,0.0,gbdt,0.030202339193088786,japan_2026_R,true_negative
japan_2026_R_00282,japan_2026_R,Japanese Grand Prix,1.0,gbdt,0.8059863851494201,japan_2026_R,true_positive
japan_2026_R_00283,japan_2026_R,Japanese Grand Prix,1.0,gbdt,0.6617848523993992,japan_2026_R,true_positive
japan_2026_R_00284,japan_2026_R,Japanese Grand Prix,1.0,gbdt,0.9249116734978335,japan_2026_R,true_positive
japan_2026_R_00285,japan_2026_R,Japanese Grand Prix,0.0,gbdt,0.14418291658623408,japan_2026_R,true_negative
japan_2026_R_00286,japan_2026_R,Japanese Grand Prix,1.0,gbdt,0.922421342648202,japan_2026_R,true_positive
japan_2026_R_00287,japan_2026_R,Japanese Grand Prix,1.0,gbdt,0.10233721013143023,japan_2026_R,false_negative
japan_2026_R_00288,japan_2026_R,Japanese Grand Prix,0.0,gbdt,0.2723980344038614,japan_2026_R,other
japan_2026_R_00289,japan_2026_R,Japanese Grand Prix,1.0,gbdt,0.01729863490199069,japan_2026_R,false_negative
japan_2026_R_00290,japan_2026_R,Japanese Grand Prix,0.0,gbdt,0.7200646282109543,japan_2026_R,false_positive
japan_2026_R_00291,japan_2026_R,Japanese Grand Prix,1.0,gbdt,0.886734611106611,japan_2026_R,true_positive
japan_2026_R_00292,japan_2026_R,Japanese Grand Prix,0.0,gbdt,0.06102688144151581,japan_2026_R,true_negative
japan_2026_R_00293,japan_2026_R,Japanese Grand Prix,1.0,gbdt,0.9422404598365679,japan_2026_R,true_positive
japan_2026_R_00294,japan_2026_R,Japanese Grand Prix,1.0,gbdt,0.17185877134592933,japan_2026_R,false_negative
japan_2026_R_00295,japan_2026_R,Japanese Grand Prix,1.0,gbdt,0.4895234725826653,japan_2026_R,other
japan_2026_R_00296,japan_2026_R,Japanese Grand Prix,0.0,gbdt,0.2663904644998719,japan_2026_R,other
japan_2026_R_00297,japan_2026_R,Japanese Grand Prix,0.0,gbdt,0.7658151853758146,japan_2026_R,false_positive
japan_2026_R_00298,japan_2026_R,Japanese Grand Prix,0.0,gbdt,0.7260519178962129,japan_2026_R,false_positive
japan_2026_R_00299,japan_2026_R,Japanese Grand Prix,1.0,gbdt,0.8303013042063887,japan_2026_R,true_positive
japan_2026_R_00300,japan_2026_R,Japanese Grand Prix,1.0,gbdt,0.7633319450123769,japan_2026_R,true_positive
japan_2026_R_00301,japan_2026_R,Japanese Grand Prix,1.0,gbdt,0.02989181755215263,japan_2026_R,false_negative
japan_2026_R_00302,japan_2026_R,Japanese Grand Prix,0.0,gbdt,0.06999455968944225,japan_2026_R,true_negative
japan_2026_R_00303,japan_2026_R,Japanese Grand Prix,0.0,gbdt,0.0710099663751278,japan_2026_R,true_negative
japan_2026_R_00304,japan_2026_R,Japanese Grand Prix,1.0,gbdt,0.9175627147334317,japan_2026_R,true_positive
japan_2026_R_00305,japan_2026_R,Japanese Grand Prix,1.0,gbdt,0.4932178801081756,japan_2026_R,other
japan_2026_R_00306,japan_2026_R,Japanese Grand Prix,1.0,gbdt,0.22290035700542585,japan_2026_R,other
japan_2026_R_00307,japan_2026_R,Japanese Grand Prix,1.0,gbdt,0.5639108430029056,japan_2026_R,true_positive
japan_2026_R_00308,japan_2026_R,Japanese Grand Prix,0.0,gbdt,0.8483384724529625,japan_2026_R,false_positive
japan_2026_R_00310,japan_2026_R,Japanese Grand Prix,1.0,gbdt,0.38266066562382073,japan_2026_R,other
japan_2026_R_00311,japan_2026_R,Japanese Grand Prix,1.0,gbdt,0.5276837998821506,japan_2026_R,true_positive
japan_2026_R_00312,japan_2026_R,Japanese Grand Prix,0.0,gbdt,0.5609120481120476,japan_2026_R,false_positive
japan_2026_R_00313,japan_2026_R,Japanese Grand Prix,1.0,gbdt,0.119153855519633,japan_2026_R,false_negative
japan_2026_R_00314,japan_2026_R,Japanese Grand Prix,1.0,gbdt,0.25819837154846215,japan_2026_R,other
japan_2026_R_00315,japan_2026_R,Japanese Grand Prix,1.0,gbdt,0.8351845831517631,japan_2026_R,true_positive
japan_2026_R_00316,japan_2026_R,Japanese Grand Prix,1.0,gbdt,0.13668893789960107,japan_2026_R,false_negative
japan_2026_R_00317,japan_2026_R,Japanese Grand Prix,0.0,gbdt,0.9011793924266235,japan_2026_R,false_positive
japan_2026_R_00318,japan_2026_R,Japanese Grand Prix,1.0,gbdt,0.5889849763199082,japan_2026_R,true_positive
japan_2026_R_00319,japan_2026_R,Japanese Grand Prix,0.0,gbdt,0.0967531510467886,japan_2026_R,true_negative
japan_2026_R_00320,japan_2026_R,Japanese Grand Prix,1.0,gbdt,0.6497677938197423,japan_2026_R,true_positive
japan_2026_R_00321,japan_2026_R,Japanese Grand Prix,1.0,gbdt,0.6479270578409057,japan_2026_R,true_positive
japan_2026_R_00322,japan_2026_R,Japanese Grand Prix,0.0,gbdt,0.4111264995518092,japan_2026_R,other
japan_2026_R_00324,japan_2026_R,Japanese Grand Prix,0.0,gbdt,0.6909110547931414,japan_2026_R,false_positive
japan_2026_R_00326,japan_2026_R,Japanese Grand Prix,1.0,gbdt,0.8293989078494188,japan_2026_R,true_positive
japan_2026_R_00327,japan_2026_R,Japanese Grand Prix,0.0,gbdt,0.2915232378532777,japan_2026_R,other
japan_2026_R_00329,japan_2026_R,Japanese Grand Prix,1.0,gbdt,0.4424375362732212,japan_2026_R,other
japan_2026_R_00330,japan_2026_R,Japanese Grand Prix,1.0,gbdt,0.9177877756320263,japan_2026_R,true_positive
japan_2026_R_00331,japan_2026_R,Japanese Grand Prix,0.0,gbdt,0.23779816735183731,japan_2026_R,other
japan_2026_R_00332,japan_2026_R,Japanese Grand Prix,0.0,gbdt,0.21734620923620032,japan_2026_R,other
japan_2026_R_00333,japan_2026_R,Japanese Grand Prix,1.0,gbdt,0.9531487284143831,japan_2026_R,true_positive
japan_2026_R_00334,japan_2026_R,Japanese Grand Prix,0.0,gbdt,0.4463834289290876,japan_2026_R,other
japan_2026_R_00335,japan_2026_R,Japanese Grand Prix,0.0,gbdt,0.2060800688360966,japan_2026_R,other
japan_2026_R_00336,japan_2026_R,Japanese Grand Prix,0.0,gbdt,0.19891432200734055,japan_2026_R,true_negative
japan_2026_R_00337,japan_2026_R,Japanese Grand Prix,0.0,gbdt,0.20668583530739287,japan_2026_R,other
japan_2026_R_00338,japan_2026_R,Japanese Grand Prix,0.0,gbdt,0.15931566688248242,japan_2026_R,true_negative
japan_2026_R_00339,japan_2026_R,Japanese Grand Prix,0.0,gbdt,0.612329630867495,japan_2026_R,false_positive
japan_2026_R_00340,japan_2026_R,Japanese Grand Prix,1.0,gbdt,0.014566815253911593,japan_2026_R,false_negative
japan_2026_R_00341,japan_2026_R,Japanese Grand Prix,1.0,gbdt,0.4140416591416799,japan_2026_R,other
japan_2026_R_00342,japan_2026_R,Japanese Grand Prix,1.0,gbdt,0.8866959043260475,japan_2026_R,true_positive
japan_2026_R_00343,japan_2026_R,Japanese Grand Prix,1.0,gbdt,0.37124408758644994,japan_2026_R,other
japan_2026_R_00344,japan_2026_R,Japanese Grand Prix,1.0,gbdt,0.23707697622870924,japan_2026_R,other
japan_2026_R_00345,japan_2026_R,Japanese Grand Prix,0.0,gbdt,0.12239821480431645,japan_2026_R,true_negative
japan_2026_R_00346,japan_2026_R,Japanese Grand Prix,0.0,gbdt,0.295955046673824,japan_2026_R,other
japan_2026_R_00347,japan_2026_R,Japanese Grand Prix,0.0,gbdt,0.06501548869651756,japan_2026_R,true_negative
japan_2026_R_00348,japan_2026_R,Japanese Grand Prix,0.0,gbdt,0.09277974873128719,japan_2026_R,true_negative
japan_2026_R_00349,japan_2026_R,Japanese Grand Prix,0.0,gbdt,0.2446092011346858,japan_2026_R,other
japan_2026_R_00350,japan_2026_R,Japanese Grand Prix,0.0,gbdt,0.1888160146174611,japan_2026_R,true_negative
japan_2026_R_00351,japan_2026_R,Japanese Grand Prix,1.0,gbdt,0.049654094109196766,japan_2026_R,false_negative
japan_2026_R_00352,japan_2026_R,Japanese Grand Prix,0.0,gbdt,0.012477163633118342,japan_2026_R,true_negative
japan_2026_R_00353,japan_2026_R,Japanese Grand Prix,0.0,gbdt,0.2552563351504045,japan_2026_R,other
japan_2026_R_00354,japan_2026_R,Japanese Grand Prix,0.0,gbdt,0.33763169180091845,japan_2026_R,other
japan_2026_R_00355,japan_2026_R,Japanese Grand Prix,0.0,gbdt,0.08184340230655635,japan_2026_R,true_negative
japan_2026_R_00356,japan_2026_R,Japanese Grand Prix,1.0,gbdt,0.9153430926030441,japan_2026_R,true_positive
japan_2026_R_00357,japan_2026_R,Japanese Grand Prix,0.0,gbdt,0.9352506184048494,japan_2026_R,false_positive
japan_2026_R_00358,japan_2026_R,Japanese Grand Prix,1.0,gbdt,0.27193096902525,japan_2026_R,other
japan_2026_R_00359,japan_2026_R,Japanese Grand Prix,1.0,gbdt,0.5966818712431551,japan_2026_R,true_positive
japan_2026_R_00360,japan_2026_R,Japanese Grand Prix,1.0,gbdt,0.12647799274174612,japan_2026_R,false_negative
japan_2026_R_00361,japan_2026_R,Japanese Grand Prix,0.0,gbdt,0.10044182738701933,japan_2026_R,true_negative
japan_2026_R_00362,japan_2026_R,Japanese Grand Prix,1.0,gbdt,0.9651391524522448,japan_2026_R,true_positive
japan_2026_R_00363,japan_2026_R,Japanese Grand Prix,1.0,gbdt,0.9379887837561075,japan_2026_R,true_positive
japan_2026_R_00364,japan_2026_R,Japanese Grand Prix,1.0,gbdt,0.4855405885083568,japan_2026_R,other
japan_2026_R_00365,japan_2026_R,Japanese Grand Prix,0.0,gbdt,0.20831829252306466,japan_2026_R,other
japan_2026_R_00366,japan_2026_R,Japanese Grand Prix,0.0,gbdt,0.590215656830889,japan_2026_R,false_positive
japan_2026_R_00367,japan_2026_R,Japanese Grand Prix,1.0,gbdt,0.8284847956515752,japan_2026_R,true_positive
japan_2026_R_00368,japan_2026_R,Japanese Grand Prix,0.0,gbdt,0.02654208143503119,japan_2026_R,true_negative
japan_2026_R_00369,japan_2026_R,Japanese Grand Prix,1.0,gbdt,0.23570844997794274,japan_2026_R,other
japan_2026_R_00370,japan_2026_R,Japanese Grand Prix,1.0,gbdt,0.5397067171029714,japan_2026_R,true_positive
japan_2026_R_00373,japan_2026_R,Japanese Grand Prix,0.0,gbdt,0.6881483387270438,japan_2026_R,false_positive
japan_2026_R_00374,japan_2026_R,Japanese Grand Prix,1.0,gbdt,0.712546181998414,japan_2026_R,true_positive
japan_2026_R_00375,japan_2026_R,Japanese Grand Prix,1.0,gbdt,0.0979945309484709,japan_2026_R,false_negative
japan_2026_R_00377,japan_2026_R,Japanese Grand Prix,1.0,gbdt,0.08216328733431509,japan_2026_R,false_negative
japan_2026_R_00378,japan_2026_R,Japanese Grand Prix,0.0,gbdt,0.8919299915360513,japan_2026_R,false_positive
japan_2026_R_00379,japan_2026_R,Japanese Grand Prix,1.0,gbdt,0.8164341665215333,japan_2026_R,true_positive
japan_2026_R_00380,japan_2026_R,Japanese Grand Prix,0.0,gbdt,0.40653607071431397,japan_2026_R,other
japan_2026_R_00381,japan_2026_R,Japanese Grand Prix,1.0,gbdt,0.4203108929633077,japan_2026_R,other
japan_2026_R_00382,japan_2026_R,Japanese Grand Prix,1.0,gbdt,0.9350803622170858,japan_2026_R,true_positive
japan_2026_R_00383,japan_2026_R,Japanese Grand Prix,1.0,gbdt,0.8271993368368581,japan_2026_R,true_positive
japan_2026_R_00384,japan_2026_R,Japanese Grand Prix,0.0,gbdt,0.5170230846875093,japan_2026_R,false_positive
japan_2026_R_00385,japan_2026_R,Japanese Grand Prix,1.0,gbdt,0.6414896781368594,japan_2026_R,true_positive
japan_2026_R_00387,japan_2026_R,Japanese Grand Prix,0.0,gbdt,0.33686805288860366,japan_2026_R,other
japan_2026_R_00388,japan_2026_R,Japanese Grand Prix,0.0,gbdt,0.47834049464695755,japan_2026_R,other
japan_2026_R_00389,japan_2026_R,Japanese Grand Prix,0.0,gbdt,0.27961602692246645,japan_2026_R,other
japan_2026_R_00390,japan_2026_R,Japanese Grand Prix,0.0,gbdt,0.2078783053157594,japan_2026_R,other
japan_2026_R_00391,japan_2026_R,Japanese Grand Prix,1.0,gbdt,0.010611074303385315,japan_2026_R,false_negative
japan_2026_R_00392,japan_2026_R,Japanese Grand Prix,0.0,gbdt,0.260145958849038,japan_2026_R,other
japan_2026_R_00393,japan_2026_R,Japanese Grand Prix,0.0,gbdt,0.009843456900115684,japan_2026_R,true_negative
japan_2026_R_00394,japan_2026_R,Japanese Grand Prix,0.0,gbdt,0.013074898648121306,japan_2026_R,true_negative
japan_2026_R_00395,japan_2026_R,Japanese Grand Prix,0.0,gbdt,0.008157455851214595,japan_2026_R,true_negative
japan_2026_R_00396,japan_2026_R,Japanese Grand Prix,1.0,gbdt,0.09166857228472175,japan_2026_R,false_negative
japan_2026_R_00397,japan_2026_R,Japanese Grand Prix,0.0,gbdt,0.18800941182999023,japan_2026_R,true_negative
japan_2026_R_00398,japan_2026_R,Japanese Grand Prix,1.0,gbdt,0.2722806731379618,japan_2026_R,other
japan_2026_R_00399,japan_2026_R,Japanese Grand Prix,0.0,gbdt,0.6872852766889809,japan_2026_R,false_positive
japan_2026_R_00400,japan_2026_R,Japanese Grand Prix,1.0,gbdt,0.2624605732364959,japan_2026_R,other
japan_2026_R_00401,japan_2026_R,Japanese Grand Prix,0.0,gbdt,0.17597137097449447,japan_2026_R,true_negative
japan_2026_R_00402,japan_2026_R,Japanese Grand Prix,0.0,gbdt,0.19610305630748442,japan_2026_R,true_negative
japan_2026_R_00403,japan_2026_R,Japanese Grand Prix,1.0,gbdt,0.663637180570597,japan_2026_R,true_positive
japan_2026_R_00404,japan_2026_R,Japanese Grand Prix,0.0,gbdt,0.31808815727014694,japan_2026_R,other
japan_2026_R_00405,japan_2026_R,Japanese Grand Prix,0.0,gbdt,0.32821129365360147,japan_2026_R,other
japan_2026_R_00406,japan_2026_R,Japanese Grand Prix,0.0,gbdt,0.26021748198580874,japan_2026_R,other
japan_2026_R_00407,japan_2026_R,Japanese Grand Prix,0.0,gbdt,0.009147990462797585,japan_2026_R,true_negative
japan_2026_R_00408,japan_2026_R,Japanese Grand Prix,0.0,gbdt,0.00951538110628146,japan_2026_R,true_negative
japan_2026_R_00409,japan_2026_R,Japanese Grand Prix,1.0,gbdt,0.5255349601524797,japan_2026_R,true_positive
japan_2026_R_00410,japan_2026_R,Japanese Grand Prix,0.0,gbdt,0.947781491908897,japan_2026_R,false_positive
japan_2026_R_00411,japan_2026_R,Japanese Grand Prix,0.0,gbdt,0.08028118698385772,japan_2026_R,true_negative
japan_2026_R_00412,japan_2026_R,Japanese Grand Prix,1.0,gbdt,0.12271386826864167,japan_2026_R,false_negative
japan_2026_R_00413,japan_2026_R,Japanese Grand Prix,0.0,gbdt,0.029868124814770376,japan_2026_R,true_negative
japan_2026_R_00414,japan_2026_R,Japanese Grand Prix,1.0,gbdt,0.43400312011159975,japan_2026_R,other
japan_2026_R_00415,japan_2026_R,Japanese Grand Prix,1.0,gbdt,0.600591480284263,japan_2026_R,true_positive
japan_2026_R_00416,japan_2026_R,Japanese Grand Prix,1.0,gbdt,0.8917661239973582,japan_2026_R,true_positive
japan_2026_R_00417,japan_2026_R,Japanese Grand Prix,0.0,gbdt,0.1539040161274412,japan_2026_R,true_negative
japan_2026_R_00418,japan_2026_R,Japanese Grand Prix,1.0,gbdt,0.7647948519863246,japan_2026_R,true_positive
japan_2026_R_00419,japan_2026_R,Japanese Grand Prix,0.0,gbdt,0.022870319926301425,japan_2026_R,true_negative
japan_2026_R_00420,japan_2026_R,Japanese Grand Prix,1.0,gbdt,0.7231343695541782,japan_2026_R,true_positive
japan_2026_R_00421,japan_2026_R,Japanese Grand Prix,0.0,gbdt,0.09705666377914718,japan_2026_R,true_negative
japan_2026_R_00422,japan_2026_R,Japanese Grand Prix,0.0,gbdt,0.0214892943061614,japan_2026_R,true_negative
japan_2026_R_00423,japan_2026_R,Japanese Grand Prix,0.0,gbdt,0.026152969093726584,japan_2026_R,true_negative
japan_2026_R_00424,japan_2026_R,Japanese Grand Prix,0.0,gbdt,0.022122621491079415,japan_2026_R,true_negative
japan_2026_R_00425,japan_2026_R,Japanese Grand Prix,0.0,gbdt,0.09515931495566916,japan_2026_R,true_negative
japan_2026_R_00426,japan_2026_R,Japanese Grand Prix,1.0,gbdt,0.7102644655690825,japan_2026_R,true_positive
japan_2026_R_00427,japan_2026_R,Japanese Grand Prix,0.0,gbdt,0.5706736615785947,japan_2026_R,false_positive
japan_2026_R_00428,japan_2026_R,Japanese Grand Prix,1.0,gbdt,0.8312569239303468,japan_2026_R,true_positive
japan_2026_R_00429,japan_2026_R,Japanese Grand Prix,0.0,gbdt,0.8492710102258855,japan_2026_R,false_positive
japan_2026_R_00430,japan_2026_R,Japanese Grand Prix,1.0,gbdt,0.3895727521750588,japan_2026_R,other
japan_2026_R_00431,japan_2026_R,Japanese Grand Prix,1.0,gbdt,0.8067382469941833,japan_2026_R,true_positive
japan_2026_R_00432,japan_2026_R,Japanese Grand Prix,1.0,gbdt,0.27500362415111035,japan_2026_R,other
japan_2026_R_00433,japan_2026_R,Japanese Grand Prix,1.0,gbdt,0.14683081576496781,japan_2026_R,false_negative
japan_2026_R_00434,japan_2026_R,Japanese Grand Prix,0.0,gbdt,0.8371605782282971,japan_2026_R,false_positive
japan_2026_R_00435,japan_2026_R,Japanese Grand Prix,1.0,gbdt,0.9397774312597557,japan_2026_R,true_positive
japan_2026_R_00436,japan_2026_R,Japanese Grand Prix,1.0,gbdt,0.8855324315486334,japan_2026_R,true_positive
japan_2026_R_00437,japan_2026_R,Japanese Grand Prix,0.0,gbdt,0.14135965272025172,japan_2026_R,true_negative
japan_2026_R_00438,japan_2026_R,Japanese Grand Prix,1.0,gbdt,0.9533970194056945,japan_2026_R,true_positive
japan_2026_R_00440,japan_2026_R,Japanese Grand Prix,1.0,gbdt,0.5846894184488954,japan_2026_R,true_positive
japan_2026_R_00441,japan_2026_R,Japanese Grand Prix,0.0,gbdt,0.2729098049134001,japan_2026_R,other
japan_2026_R_00442,japan_2026_R,Japanese Grand Prix,0.0,gbdt,0.2627241934096288,japan_2026_R,other
japan_2026_R_00443,japan_2026_R,Japanese Grand Prix,0.0,gbdt,0.062252983795099005,japan_2026_R,true_negative
japan_2026_R_00444,japan_2026_R,Japanese Grand Prix,0.0,gbdt,0.08885964309076459,japan_2026_R,true_negative
japan_2026_R_00445,japan_2026_R,Japanese Grand Prix,1.0,gbdt,0.8547652577044517,japan_2026_R,true_positive
japan_2026_R_00446,japan_2026_R,Japanese Grand Prix,0.0,gbdt,0.10976887690077075,japan_2026_R,true_negative
japan_2026_R_00447,japan_2026_R,Japanese Grand Prix,0.0,gbdt,0.09266527962931795,japan_2026_R,true_negative
japan_2026_R_00448,japan_2026_R,Japanese Grand Prix,1.0,gbdt,0.9208643878000684,japan_2026_R,true_positive
japan_2026_R_00449,japan_2026_R,Japanese Grand Prix,0.0,gbdt,0.024036486460483758,japan_2026_R,true_negative
japan_2026_R_00450,japan_2026_R,Japanese Grand Prix,0.0,gbdt,0.13042539589460525,japan_2026_R,true_negative
japan_2026_R_00452,japan_2026_R,Japanese Grand Prix,0.0,gbdt,0.15968047446570863,japan_2026_R,true_negative
japan_2026_R_00454,japan_2026_R,Japanese Grand Prix,1.0,gbdt,0.33056948443794315,japan_2026_R,other
japan_2026_R_00455,japan_2026_R,Japanese Grand Prix,1.0,gbdt,0.9642667584762402,japan_2026_R,true_positive
japan_2026_R_00456,japan_2026_R,Japanese Grand Prix,0.0,gbdt,0.1919852479510466,japan_2026_R,true_negative
japan_2026_R_00457,japan_2026_R,Japanese Grand Prix,0.0,gbdt,0.018506705560952543,japan_2026_R,true_negative
japan_2026_R_00458,japan_2026_R,Japanese Grand Prix,1.0,gbdt,0.27658782445481606,japan_2026_R,other
japan_2026_R_00459,japan_2026_R,Japanese Grand Prix,0.0,gbdt,0.139187303853945,japan_2026_R,true_negative
japan_2026_R_00460,japan_2026_R,Japanese Grand Prix,0.0,gbdt,0.2936298656231566,japan_2026_R,other
japan_2026_R_00461,japan_2026_R,Japanese Grand Prix,0.0,gbdt,0.23464554043269942,japan_2026_R,other
japan_2026_R_00462,japan_2026_R,Japanese Grand Prix,1.0,gbdt,0.2889872407066292,japan_2026_R,other
japan_2026_R_00463,japan_2026_R,Japanese Grand Prix,0.0,gbdt,0.8429367720561578,japan_2026_R,false_positive
japan_2026_R_00464,japan_2026_R,Japanese Grand Prix,0.0,gbdt,0.8977514344716725,japan_2026_R,false_positive
japan_2026_R_00465,japan_2026_R,Japanese Grand Prix,1.0,gbdt,0.4781078024629437,japan_2026_R,other
japan_2026_R_00466,japan_2026_R,Japanese Grand Prix,0.0,gbdt,0.6063979512133096,japan_2026_R,false_positive
japan_2026_R_00467,japan_2026_R,Japanese Grand Prix,1.0,gbdt,0.22646968787712096,japan_2026_R,other
japan_2026_R_00468,japan_2026_R,Japanese Grand Prix,0.0,gbdt,0.45308563798119433,japan_2026_R,other
japan_2026_R_00469,japan_2026_R,Japanese Grand Prix,1.0,gbdt,0.08746676451913728,japan_2026_R,false_negative
japan_2026_R_00470,japan_2026_R,Japanese Grand Prix,1.0,gbdt,0.5772516445847717,japan_2026_R,true_positive
japan_2026_R_00471,japan_2026_R,Japanese Grand Prix,1.0,gbdt,0.8015107281270611,japan_2026_R,true_positive
japan_2026_R_00472,japan_2026_R,Japanese Grand Prix,1.0,gbdt,0.6126775641046039,japan_2026_R,true_positive
japan_2026_R_00473,japan_2026_R,Japanese Grand Prix,1.0,gbdt,0.5303827242540694,japan_2026_R,true_positive
japan_2026_R_00474,japan_2026_R,Japanese Grand Prix,0.0,gbdt,0.15371253996889864,japan_2026_R,true_negative
japan_2026_R_00475,japan_2026_R,Japanese Grand Prix,0.0,gbdt,0.0968769585501394,japan_2026_R,true_negative
japan_2026_R_00476,japan_2026_R,Japanese Grand Prix,0.0,gbdt,0.033096594486304524,japan_2026_R,true_negative
japan_2026_R_00477,japan_2026_R,Japanese Grand Prix,0.0,gbdt,0.027207009135300837,japan_2026_R,true_negative
japan_2026_R_00478,japan_2026_R,Japanese Grand Prix,1.0,gbdt,0.19736268972251628,japan_2026_R,false_negative
japan_2026_R_00479,japan_2026_R,Japanese Grand Prix,0.0,gbdt,0.042152754782709176,japan_2026_R,true_negative
japan_2026_R_00480,japan_2026_R,Japanese Grand Prix,0.0,gbdt,0.10416688070738922,japan_2026_R,true_negative
japan_2026_R_00481,japan_2026_R,Japanese Grand Prix,0.0,gbdt,0.08685029201996758,japan_2026_R,true_negative
japan_2026_R_00482,japan_2026_R,Japanese Grand Prix,0.0,gbdt,0.04527326454028323,japan_2026_R,true_negative
japan_2026_R_00483,japan_2026_R,Japanese Grand Prix,0.0,gbdt,0.6927411617543962,japan_2026_R,false_positive
japan_2026_R_00484,japan_2026_R,Japanese Grand Prix,1.0,gbdt,0.6909110547931414,japan_2026_R,true_positive
japan_2026_R_00485,japan_2026_R,Japanese Grand Prix,1.0,gbdt,0.29571719828306053,japan_2026_R,other
japan_2026_R_00486,japan_2026_R,Japanese Grand Prix,1.0,gbdt,0.6433218318272836,japan_2026_R,true_positive
japan_2026_R_00487,japan_2026_R,Japanese Grand Prix,1.0,gbdt,0.8538740496514883,japan_2026_R,true_positive
japan_2026_R_00488,japan_2026_R,Japanese Grand Prix,0.0,gbdt,0.18256339777815592,japan_2026_R,true_negative
japan_2026_R_00489,japan_2026_R,Japanese Grand Prix,1.0,gbdt,0.13914007742964407,japan_2026_R,false_negative
japan_2026_R_00490,japan_2026_R,Japanese Grand Prix,0.0,gbdt,0.11322227961589607,japan_2026_R,true_negative
japan_2026_R_00491,japan_2026_R,Japanese Grand Prix,1.0,gbdt,0.9015257150155445,japan_2026_R,true_positive
japan_2026_R_00492,japan_2026_R,Japanese Grand Prix,1.0,gbdt,0.3702542939975264,japan_2026_R,other
japan_2026_R_00493,japan_2026_R,Japanese Grand Prix,0.0,gbdt,0.12113286696689309,japan_2026_R,true_negative
japan_2026_R_00494,japan_2026_R,Japanese Grand Prix,1.0,gbdt,0.9028172187506386,japan_2026_R,true_positive
japan_2026_R_00495,japan_2026_R,Japanese Grand Prix,1.0,gbdt,0.23621331417185393,japan_2026_R,other
japan_2026_R_00496,japan_2026_R,Japanese Grand Prix,1.0,gbdt,0.7786952750494383,japan_2026_R,true_positive
japan_2026_R_00497,japan_2026_R,Japanese Grand Prix,1.0,gbdt,0.0217995060428567,japan_2026_R,false_negative
japan_2026_R_00498,japan_2026_R,Japanese Grand Prix,0.0,gbdt,0.5775719163933386,japan_2026_R,false_positive
japan_2026_R_00499,japan_2026_R,Japanese Grand Prix,0.0,gbdt,0.8956938139447714,japan_2026_R,false_positive
japan_2026_R_00500,japan_2026_R,Japanese Grand Prix,1.0,gbdt,0.9500119926594166,japan_2026_R,true_positive
japan_2026_R_00501,japan_2026_R,Japanese Grand Prix,1.0,gbdt,0.4258444659567855,japan_2026_R,other
japan_2026_R_00502,japan_2026_R,Japanese Grand Prix,0.0,gbdt,0.4789400177641195,japan_2026_R,other
japan_2026_R_00503,japan_2026_R,Japanese Grand Prix,1.0,gbdt,0.9473099405554463,japan_2026_R,true_positive
japan_2026_R_00505,japan_2026_R,Japanese Grand Prix,0.0,gbdt,0.5100718964689288,japan_2026_R,false_positive
japan_2026_R_00507,japan_2026_R,Japanese Grand Prix,1.0,gbdt,0.9481669839416214,japan_2026_R,true_positive
japan_2026_R_00508,japan_2026_R,Japanese Grand Prix,0.0,gbdt,0.11353359654066063,japan_2026_R,true_negative
japan_2026_R_00509,japan_2026_R,Japanese Grand Prix,1.0,gbdt,0.1540424391387001,japan_2026_R,false_negative
japan_2026_R_00511,japan_2026_R,Japanese Grand Prix,0.0,gbdt,0.9096671654520082,japan_2026_R,false_positive
japan_2026_R_00512,japan_2026_R,Japanese Grand Prix,0.0,gbdt,0.35958921293989016,japan_2026_R,other
japan_2026_R_00513,japan_2026_R,Japanese Grand Prix,1.0,gbdt,0.013018039391207378,japan_2026_R,false_negative
japan_2026_R_00514,japan_2026_R,Japanese Grand Prix,1.0,gbdt,0.8408157137584198,japan_2026_R,true_positive
japan_2026_R_00515,japan_2026_R,Japanese Grand Prix,0.0,gbdt,0.2127928511854556,japan_2026_R,other
japan_2026_R_00516,japan_2026_R,Japanese Grand Prix,0.0,gbdt,0.040643206852670685,japan_2026_R,true_negative
japan_2026_R_00517,japan_2026_R,Japanese Grand Prix,0.0,gbdt,0.289697289137673,japan_2026_R,other
japan_2026_R_00518,japan_2026_R,Japanese Grand Prix,0.0,gbdt,0.16687820268275633,japan_2026_R,true_negative
japan_2026_R_00519,japan_2026_R,Japanese Grand Prix,0.0,gbdt,0.0076181520326727556,japan_2026_R,true_negative
japan_2026_R_00520,japan_2026_R,Japanese Grand Prix,0.0,gbdt,0.35115040623292565,japan_2026_R,other
japan_2026_R_00522,japan_2026_R,Japanese Grand Prix,0.0,gbdt,0.009732552590326916,japan_2026_R,true_negative
japan_2026_R_00523,japan_2026_R,Japanese Grand Prix,0.0,gbdt,0.24541969916804374,japan_2026_R,other
japan_2026_R_00524,japan_2026_R,Japanese Grand Prix,1.0,gbdt,0.7771381111051751,japan_2026_R,true_positive
japan_2026_R_00525,japan_2026_R,Japanese Grand Prix,0.0,gbdt,0.04223643491459407,japan_2026_R,true_negative
japan_2026_R_00526,japan_2026_R,Japanese Grand Prix,0.0,gbdt,0.5929684192867204,japan_2026_R,false_positive
japan_2026_R_00527,japan_2026_R,Japanese Grand Prix,1.0,gbdt,0.7243736078368554,japan_2026_R,true_positive
japan_2026_R_00528,japan_2026_R,Japanese Grand Prix,0.0,gbdt,0.16798999137693876,japan_2026_R,true_negative
japan_2026_R_00529,japan_2026_R,Japanese Grand Prix,1.0,gbdt,0.7635641248467105,japan_2026_R,true_positive
japan_2026_R_00530,japan_2026_R,Japanese Grand Prix,0.0,gbdt,0.11531345674821165,japan_2026_R,true_negative
japan_2026_R_00531,japan_2026_R,Japanese Grand Prix,1.0,gbdt,0.8659685526791496,japan_2026_R,true_positive
japan_2026_R_00532,japan_2026_R,Japanese Grand Prix,0.0,gbdt,0.03666886139275176,japan_2026_R,true_negative
japan_2026_R_00533,japan_2026_R,Japanese Grand Prix,0.0,gbdt,0.03191045440213384,japan_2026_R,true_negative
japan_2026_R_00534,japan_2026_R,Japanese Grand Prix,1.0,gbdt,0.20130907618945518,japan_2026_R,other
japan_2026_R_00535,japan_2026_R,Japanese Grand Prix,0.0,gbdt,0.2011219265674868,japan_2026_R,other
japan_2026_R_00536,japan_2026_R,Japanese Grand Prix,0.0,gbdt,0.7377520311832513,japan_2026_R,false_positive
japan_2026_R_00537,japan_2026_R,Japanese Grand Prix,0.0,gbdt,0.084668843784375,japan_2026_R,true_negative
japan_2026_R_00538,japan_2026_R,Japanese Grand Prix,1.0,gbdt,0.14132267405206547,japan_2026_R,false_negative
japan_2026_R_00539,japan_2026_R,Japanese Grand Prix,0.0,gbdt,0.12393968457333375,japan_2026_R,true_negative
japan_2026_R_00540,japan_2026_R,Japanese Grand Prix,1.0,gbdt,0.3757855934702588,japan_2026_R,other
japan_2026_R_00541,japan_2026_R,Japanese Grand Prix,0.0,gbdt,0.07524801785625469,japan_2026_R,true_negative
japan_2026_R_00542,japan_2026_R,Japanese Grand Prix,1.0,gbdt,0.8499595545076131,japan_2026_R,true_positive
japan_2026_R_00543,japan_2026_R,Japanese Grand Prix,1.0,gbdt,0.257239875974865,japan_2026_R,other
japan_2026_R_00545,japan_2026_R,Japanese Grand Prix,0.0,gbdt,0.5193443621139718,japan_2026_R,false_positive
japan_2026_R_00546,japan_2026_R,Japanese Grand Prix,1.0,gbdt,0.9442669634665731,japan_2026_R,true_positive
japan_2026_R_00547,japan_2026_R,Japanese Grand Prix,0.0,gbdt,0.1468541525317137,japan_2026_R,true_negative
japan_2026_R_00548,japan_2026_R,Japanese Grand Prix,1.0,gbdt,0.9362110217719073,japan_2026_R,true_positive
japan_2026_R_00549,japan_2026_R,Japanese Grand Prix,1.0,gbdt,0.7107582911631981,japan_2026_R,true_positive
japan_2026_R_00550,japan_2026_R,Japanese Grand Prix,1.0,gbdt,0.5137577043363595,japan_2026_R,true_positive
japan_2026_R_00551,japan_2026_R,Japanese Grand Prix,0.0,gbdt,0.7950725817568041,japan_2026_R,false_positive
japan_2026_R_00552,japan_2026_R,Japanese Grand Prix,0.0,gbdt,0.17227224949050687,japan_2026_R,true_negative
japan_2026_R_00553,japan_2026_R,Japanese Grand Prix,0.0,gbdt,0.8194438556052055,japan_2026_R,false_positive
japan_2026_R_00555,japan_2026_R,Japanese Grand Prix,1.0,gbdt,0.37483416640705336,japan_2026_R,other
japan_2026_R_00556,japan_2026_R,Japanese Grand Prix,1.0,gbdt,0.6671522265122749,japan_2026_R,true_positive
japan_2026_R_00557,japan_2026_R,Japanese Grand Prix,0.0,gbdt,0.1755416374454117,japan_2026_R,true_negative
japan_2026_R_00558,japan_2026_R,Japanese Grand Prix,0.0,gbdt,0.020088646540550825,japan_2026_R,true_negative
japan_2026_R_00559,japan_2026_R,Japanese Grand Prix,1.0,gbdt,0.3113177051198556,japan_2026_R,other
japan_2026_R_00560,japan_2026_R,Japanese Grand Prix,1.0,gbdt,0.04020808994972332,japan_2026_R,false_negative
japan_2026_R_00561,japan_2026_R,Japanese Grand Prix,1.0,gbdt,0.9179152601271456,japan_2026_R,true_positive
japan_2026_R_00562,japan_2026_R,Japanese Grand Prix,1.0,gbdt,0.8607932822318918,japan_2026_R,true_positive
japan_2026_R_00563,japan_2026_R,Japanese Grand Prix,1.0,gbdt,0.3481678262047856,japan_2026_R,other
japan_2026_R_00564,japan_2026_R,Japanese Grand Prix,0.0,gbdt,0.30604852482299055,japan_2026_R,other
japan_2026_R_00565,japan_2026_R,Japanese Grand Prix,0.0,gbdt,0.6217453401962704,japan_2026_R,false_positive
japan_2026_R_00566,japan_2026_R,Japanese Grand Prix,0.0,gbdt,0.1893156606603378,japan_2026_R,true_negative
japan_2026_R_00567,japan_2026_R,Japanese Grand Prix,1.0,gbdt,0.20133764207885851,japan_2026_R,other
japan_2026_R_00568,japan_2026_R,Japanese Grand Prix,0.0,gbdt,0.2961780722927549,japan_2026_R,other
japan_2026_R_00569,japan_2026_R,Japanese Grand Prix,0.0,gbdt,0.1834578677360969,japan_2026_R,true_negative
japan_2026_R_00570,japan_2026_R,Japanese Grand Prix,0.0,gbdt,0.17276074309908634,japan_2026_R,true_negative
japan_2026_R_00571,japan_2026_R,Japanese Grand Prix,0.0,gbdt,0.008676144854951157,japan_2026_R,true_negative
japan_2026_R_00572,japan_2026_R,Japanese Grand Prix,0.0,gbdt,0.17236407282266736,japan_2026_R,true_negative
japan_2026_R_00573,japan_2026_R,Japanese Grand Prix,1.0,gbdt,0.09269255277220148,japan_2026_R,false_negative
japan_2026_R_00574,japan_2026_R,Japanese Grand Prix,0.0,gbdt,0.008676144854951157,japan_2026_R,true_negative
japan_2026_R_00575,japan_2026_R,Japanese Grand Prix,0.0,gbdt,0.0131587962203316,japan_2026_R,true_negative
japan_2026_R_00576,japan_2026_R,Japanese Grand Prix,0.0,gbdt,0.00896544984388619,japan_2026_R,true_negative
japan_2026_R_00577,japan_2026_R,Japanese Grand Prix,0.0,gbdt,0.9177331892432035,japan_2026_R,false_positive
japan_2026_R_00578,japan_2026_R,Japanese Grand Prix,1.0,gbdt,0.5416365767221575,japan_2026_R,true_positive
japan_2026_R_00579,japan_2026_R,Japanese Grand Prix,0.0,gbdt,0.10109940870892616,japan_2026_R,true_negative
japan_2026_R_00580,japan_2026_R,Japanese Grand Prix,0.0,gbdt,0.6744469516194037,japan_2026_R,false_positive
japan_2026_R_00581,japan_2026_R,Japanese Grand Prix,0.0,gbdt,0.09691283790863917,japan_2026_R,true_negative
japan_2026_R_00582,japan_2026_R,Japanese Grand Prix,1.0,gbdt,0.7705871320597737,japan_2026_R,true_positive
japan_2026_R_00583,japan_2026_R,Japanese Grand Prix,0.0,gbdt,0.021021698407076607,japan_2026_R,true_negative
japan_2026_R_00584,japan_2026_R,Japanese Grand Prix,1.0,gbdt,0.9604813655304664,japan_2026_R,true_positive
japan_2026_R_00585,japan_2026_R,Japanese Grand Prix,0.0,gbdt,0.27915411138417584,japan_2026_R,other
japan_2026_R_00586,japan_2026_R,Japanese Grand Prix,0.0,gbdt,0.8875236658922856,japan_2026_R,false_positive
japan_2026_R_00587,japan_2026_R,Japanese Grand Prix,0.0,gbdt,0.037747772630927885,japan_2026_R,true_negative
japan_2026_R_00589,japan_2026_R,Japanese Grand Prix,1.0,gbdt,0.11598946856171327,japan_2026_R,false_negative
japan_2026_R_00590,japan_2026_R,Japanese Grand Prix,0.0,gbdt,0.6728035068022371,japan_2026_R,false_positive
japan_2026_R_00591,japan_2026_R,Japanese Grand Prix,1.0,gbdt,0.3052033758495026,japan_2026_R,other
japan_2026_R_00592,japan_2026_R,Japanese Grand Prix,1.0,gbdt,0.1508611967833023,japan_2026_R,false_negative
japan_2026_R_00593,japan_2026_R,Japanese Grand Prix,0.0,gbdt,0.01502199533335081,japan_2026_R,true_negative
japan_2026_R_00595,japan_2026_R,Japanese Grand Prix,1.0,gbdt,0.8817011452576453,japan_2026_R,true_positive
japan_2026_R_00596,japan_2026_R,Japanese Grand Prix,1.0,gbdt,0.43717877759606516,japan_2026_R,other
japan_2026_R_00598,japan_2026_R,Japanese Grand Prix,0.0,gbdt,0.2746592624305259,japan_2026_R,other
japan_2026_R_00599,japan_2026_R,Japanese Grand Prix,0.0,gbdt,0.033680794256739505,japan_2026_R,true_negative
japan_2026_R_00600,japan_2026_R,Japanese Grand Prix,0.0,gbdt,0.1611182072026498,japan_2026_R,true_negative
japan_2026_R_00601,japan_2026_R,Japanese Grand Prix,1.0,gbdt,0.4292008470195929,japan_2026_R,other
japan_2026_R_00602,japan_2026_R,Japanese Grand Prix,0.0,gbdt,0.009636456903599206,japan_2026_R,true_negative
japan_2026_R_00603,japan_2026_R,Japanese Grand Prix,0.0,gbdt,0.5685810620090808,japan_2026_R,false_positive
japan_2026_R_00604,japan_2026_R,Japanese Grand Prix,0.0,gbdt,0.1878580739303546,japan_2026_R,true_negative
japan_2026_R_00605,japan_2026_R,Japanese Grand Prix,0.0,gbdt,0.20633085361300488,japan_2026_R,other
japan_2026_R_00606,japan_2026_R,Japanese Grand Prix,0.0,gbdt,0.20258091300954553,japan_2026_R,other
japan_2026_R_00607,japan_2026_R,Japanese Grand Prix,1.0,gbdt,0.5056632657536244,japan_2026_R,true_positive
japan_2026_R_00608,japan_2026_R,Japanese Grand Prix,0.0,gbdt,0.06274016371650128,japan_2026_R,true_negative
japan_2026_R_00609,japan_2026_R,Japanese Grand Prix,0.0,gbdt,0.03725551930850623,japan_2026_R,true_negative
japan_2026_R_00610,japan_2026_R,Japanese Grand Prix,0.0,gbdt,0.19065580752880154,japan_2026_R,true_negative
japan_2026_R_00611,japan_2026_R,Japanese Grand Prix,1.0,gbdt,0.010487979782018849,japan_2026_R,false_negative
japan_2026_R_00612,japan_2026_R,Japanese Grand Prix,0.0,gbdt,0.15032179577791996,japan_2026_R,true_negative
japan_2026_R_00613,japan_2026_R,Japanese Grand Prix,0.0,gbdt,0.08260898194677357,japan_2026_R,true_negative
japan_2026_R_00614,japan_2026_R,Japanese Grand Prix,1.0,gbdt,0.8170019529721773,japan_2026_R,true_positive
japan_2026_R_00615,japan_2026_R,Japanese Grand Prix,1.0,gbdt,0.8839888212772743,japan_2026_R,true_positive
japan_2026_R_00616,japan_2026_R,Japanese Grand Prix,0.0,gbdt,0.19590208804144066,japan_2026_R,true_negative
japan_2026_R_00617,japan_2026_R,Japanese Grand Prix,0.0,gbdt,0.20251983544107902,japan_2026_R,other
japan_2026_R_00618,japan_2026_R,Japanese Grand Prix,0.0,gbdt,0.027077301697436402,japan_2026_R,true_negative
japan_2026_R_00620,japan_2026_R,Japanese Grand Prix,0.0,gbdt,0.013121639027640195,japan_2026_R,true_negative
japan_2026_R_00621,japan_2026_R,Japanese Grand Prix,0.0,gbdt,0.038137374934700485,japan_2026_R,true_negative
japan_2026_R_00622,japan_2026_R,Japanese Grand Prix,0.0,gbdt,0.28264363693169087,japan_2026_R,other
japan_2026_R_00624,japan_2026_R,Japanese Grand Prix,0.0,gbdt,0.0423205878196652,japan_2026_R,true_negative
japan_2026_R_00625,japan_2026_R,Japanese Grand Prix,1.0,gbdt,0.8259678746799872,japan_2026_R,true_positive
japan_2026_R_00626,japan_2026_R,Japanese Grand Prix,0.0,gbdt,0.014052151177881923,japan_2026_R,true_negative
japan_2026_R_00627,japan_2026_R,Japanese Grand Prix,0.0,gbdt,0.14949444308543625,japan_2026_R,true_negative
japan_2026_R_00628,japan_2026_R,Japanese Grand Prix,1.0,gbdt,0.14933940017236902,japan_2026_R,false_negative
japan_2026_R_00629,japan_2026_R,Japanese Grand Prix,0.0,gbdt,0.036951244400240175,japan_2026_R,true_negative
japan_2026_R_00630,japan_2026_R,Japanese Grand Prix,1.0,gbdt,0.7063130605504426,japan_2026_R,true_positive
japan_2026_R_00631,japan_2026_R,Japanese Grand Prix,0.0,gbdt,0.00955018903582044,japan_2026_R,true_negative
japan_2026_R_00632,japan_2026_R,Japanese Grand Prix,0.0,gbdt,0.033338026725772345,japan_2026_R,true_negative
japan_2026_R_00633,japan_2026_R,Japanese Grand Prix,0.0,gbdt,0.17858995965878502,japan_2026_R,true_negative
japan_2026_R_00634,japan_2026_R,Japanese Grand Prix,0.0,gbdt,0.7929720218268743,japan_2026_R,false_positive
japan_2026_R_00635,japan_2026_R,Japanese Grand Prix,0.0,gbdt,0.16458827287160072,japan_2026_R,true_negative
japan_2026_R_00636,japan_2026_R,Japanese Grand Prix,1.0,gbdt,0.3126017265773627,japan_2026_R,other
japan_2026_R_00637,japan_2026_R,Japanese Grand Prix,0.0,gbdt,0.026671544894464105,japan_2026_R,true_negative
japan_2026_R_00639,japan_2026_R,Japanese Grand Prix,0.0,gbdt,0.05801431997261555,japan_2026_R,true_negative
japan_2026_R_00640,japan_2026_R,Japanese Grand Prix,0.0,gbdt,0.013938756647205687,japan_2026_R,true_negative
japan_2026_R_00642,japan_2026_R,Japanese Grand Prix,0.0,gbdt,0.04400335596557388,japan_2026_R,true_negative
japan_2026_R_00643,japan_2026_R,Japanese Grand Prix,0.0,gbdt,0.1878580739303546,japan_2026_R,true_negative
japan_2026_R_00644,japan_2026_R,Japanese Grand Prix,0.0,gbdt,0.5351778039159012,japan_2026_R,false_positive
japan_2026_R_00645,japan_2026_R,Japanese Grand Prix,0.0,gbdt,0.662588657670195,japan_2026_R,false_positive
japan_2026_R_00646,japan_2026_R,Japanese Grand Prix,0.0,gbdt,0.16894921730332613,japan_2026_R,true_negative
japan_2026_R_00647,japan_2026_R,Japanese Grand Prix,0.0,gbdt,0.298055888521537,japan_2026_R,other
japan_2026_R_00650,japan_2026_R,Japanese Grand Prix,0.0,gbdt,0.10550473139939098,japan_2026_R,true_negative
japan_2026_R_00651,japan_2026_R,Japanese Grand Prix,0.0,gbdt,0.01164183877012135,japan_2026_R,true_negative
japan_2026_R_00652,japan_2026_R,Japanese Grand Prix,0.0,gbdt,0.4089019351742485,japan_2026_R,other
japan_2026_R_00655,japan_2026_R,Japanese Grand Prix,0.0,gbdt,0.0533545946289555,japan_2026_R,true_negative
japan_2026_R_00656,japan_2026_R,Japanese Grand Prix,0.0,gbdt,0.18461878805358978,japan_2026_R,true_negative
japan_2026_R_00657,japan_2026_R,Japanese Grand Prix,0.0,gbdt,0.021646514754369732,japan_2026_R,true_negative
japan_2026_R_00658,japan_2026_R,Japanese Grand Prix,0.0,gbdt,0.03608004923719424,japan_2026_R,true_negative
japan_2026_R_00659,japan_2026_R,Japanese Grand Prix,0.0,gbdt,0.016904127554969048,japan_2026_R,true_negative
japan_2026_R_00660,japan_2026_R,Japanese Grand Prix,0.0,gbdt,0.19888945842753852,japan_2026_R,true_negative
japan_2026_R_00661,japan_2026_R,Japanese Grand Prix,0.0,gbdt,0.6180805310731606,japan_2026_R,false_positive
japan_2026_R_00662,japan_2026_R,Japanese Grand Prix,0.0,gbdt,0.10695556399083452,japan_2026_R,true_negative
japan_2026_R_00663,japan_2026_R,Japanese Grand Prix,0.0,gbdt,0.02241268664210892,japan_2026_R,true_negative
japan_2026_R_00664,japan_2026_R,Japanese Grand Prix,0.0,gbdt,0.03160634874469537,japan_2026_R,true_negative
japan_2026_R_00665,japan_2026_R,Japanese Grand Prix,0.0,gbdt,0.02486400136310434,japan_2026_R,true_negative
japan_2026_R_00666,japan_2026_R,Japanese Grand Prix,1.0,gbdt,0.7971882614748403,japan_2026_R,true_positive
japan_2026_R_00667,japan_2026_R,Japanese Grand Prix,1.0,gbdt,0.609217652269169,japan_2026_R,true_positive
japan_2026_R_00668,japan_2026_R,Japanese Grand Prix,1.0,gbdt,0.13926139287960307,japan_2026_R,false_negative
japan_2026_R_00669,japan_2026_R,Japanese Grand Prix,0.0,gbdt,0.027370450296467945,japan_2026_R,true_negative
japan_2026_R_00670,japan_2026_R,Japanese Grand Prix,1.0,gbdt,0.8801629617211199,japan_2026_R,true_positive
japan_2026_R_00671,japan_2026_R,Japanese Grand Prix,0.0,gbdt,0.08264173883169469,japan_2026_R,true_negative
japan_2026_R_00672,japan_2026_R,Japanese Grand Prix,0.0,gbdt,0.01272056078749436,japan_2026_R,true_negative
japan_2026_R_00673,japan_2026_R,Japanese Grand Prix,0.0,gbdt,0.6624346942377454,japan_2026_R,false_positive
japan_2026_R_00674,japan_2026_R,Japanese Grand Prix,1.0,gbdt,0.8334686668693618,japan_2026_R,true_positive
japan_2026_R_00675,japan_2026_R,Japanese Grand Prix,0.0,gbdt,0.18346251458201857,japan_2026_R,true_negative
japan_2026_R_00676,japan_2026_R,Japanese Grand Prix,1.0,gbdt,0.6356034289438443,japan_2026_R,true_positive
japan_2026_R_00677,japan_2026_R,Japanese Grand Prix,0.0,gbdt,0.023229873470771892,japan_2026_R,true_negative
japan_2026_R_00678,japan_2026_R,Japanese Grand Prix,0.0,gbdt,0.1633040595349285,japan_2026_R,true_negative
japan_2026_R_00679,japan_2026_R,Japanese Grand Prix,0.0,gbdt,0.7427225939412849,japan_2026_R,false_positive
japan_2026_R_00681,japan_2026_R,Japanese Grand Prix,1.0,gbdt,0.6425582414389034,japan_2026_R,true_positive
japan_2026_R_00682,japan_2026_R,Japanese Grand Prix,1.0,gbdt,0.7286802273281958,japan_2026_R,true_positive
japan_2026_R_00683,japan_2026_R,Japanese Grand Prix,0.0,gbdt,0.06744941806376666,japan_2026_R,true_negative
japan_2026_R_00684,japan_2026_R,Japanese Grand Prix,0.0,gbdt,0.18808015588689278,japan_2026_R,true_negative
japan_2026_R_00685,japan_2026_R,Japanese Grand Prix,0.0,gbdt,0.0967240199823391,japan_2026_R,true_negative
japan_2026_R_00686,japan_2026_R,Japanese Grand Prix,1.0,gbdt,0.9576211829312197,japan_2026_R,true_positive
japan_2026_R_00687,japan_2026_R,Japanese Grand Prix,0.0,gbdt,0.10926196888299601,japan_2026_R,true_negative
japan_2026_R_00688,japan_2026_R,Japanese Grand Prix,0.0,gbdt,0.1571085871245415,japan_2026_R,true_negative
japan_2026_R_00689,japan_2026_R,Japanese Grand Prix,1.0,gbdt,0.37334578887744363,japan_2026_R,other
japan_2026_R_00691,japan_2026_R,Japanese Grand Prix,0.0,gbdt,0.6845894211601815,japan_2026_R,false_positive
japan_2026_R_00692,japan_2026_R,Japanese Grand Prix,0.0,gbdt,0.11969023930462773,japan_2026_R,true_negative
japan_2026_R_00693,japan_2026_R,Japanese Grand Prix,0.0,gbdt,0.4504483607065066,japan_2026_R,other
japan_2026_R_00694,japan_2026_R,Japanese Grand Prix,0.0,gbdt,0.16846078178040136,japan_2026_R,true_negative
japan_2026_R_00695,japan_2026_R,Japanese Grand Prix,0.0,gbdt,0.09358422169566864,japan_2026_R,true_negative
japan_2026_R_00696,japan_2026_R,Japanese Grand Prix,0.0,gbdt,0.13312133756823724,japan_2026_R,true_negative
japan_2026_R_00697,japan_2026_R,Japanese Grand Prix,0.0,gbdt,0.13609985955842335,japan_2026_R,true_negative
japan_2026_R_00698,japan_2026_R,Japanese Grand Prix,1.0,gbdt,0.5830344257868242,japan_2026_R,true_positive
japan_2026_R_00699,japan_2026_R,Japanese Grand Prix,0.0,gbdt,0.28408554123271007,japan_2026_R,other
japan_2026_R_00701,japan_2026_R,Japanese Grand Prix,0.0,gbdt,0.03362401252010923,japan_2026_R,true_negative
japan_2026_R_00702,japan_2026_R,Japanese Grand Prix,1.0,gbdt,0.8810028445678378,japan_2026_R,true_positive
japan_2026_R_00703,japan_2026_R,Japanese Grand Prix,0.0,gbdt,0.4816547609459819,japan_2026_R,other
japan_2026_R_00704,japan_2026_R,Japanese Grand Prix,0.0,gbdt,0.008676622364824166,japan_2026_R,true_negative
japan_2026_R_00705,japan_2026_R,Japanese Grand Prix,0.0,gbdt,0.03576732291839237,japan_2026_R,true_negative
japan_2026_R_00706,japan_2026_R,Japanese Grand Prix,1.0,gbdt,0.758888465036373,japan_2026_R,true_positive
japan_2026_R_00707,japan_2026_R,Japanese Grand Prix,1.0,gbdt,0.6891303783050305,japan_2026_R,true_positive
japan_2026_R_00708,japan_2026_R,Japanese Grand Prix,0.0,gbdt,0.170954802811087,japan_2026_R,true_negative
japan_2026_R_00709,japan_2026_R,Japanese Grand Prix,1.0,gbdt,0.6158215208825901,japan_2026_R,true_positive
japan_2026_R_00710,japan_2026_R,Japanese Grand Prix,0.0,gbdt,0.022482189753392345,japan_2026_R,true_negative
japan_2026_R_00711,japan_2026_R,Japanese Grand Prix,0.0,gbdt,0.4320264973997723,japan_2026_R,other
japan_2026_R_00712,japan_2026_R,Japanese Grand Prix,0.0,gbdt,0.0306918485178129,japan_2026_R,true_negative
japan_2026_R_00713,japan_2026_R,Japanese Grand Prix,0.0,gbdt,0.01798973933243859,japan_2026_R,true_negative
japan_2026_R_00714,japan_2026_R,Japanese Grand Prix,1.0,gbdt,0.13106346903127752,japan_2026_R,false_negative
japan_2026_R_00715,japan_2026_R,Japanese Grand Prix,1.0,gbdt,0.6680767094975817,japan_2026_R,true_positive
japan_2026_R_00716,japan_2026_R,Japanese Grand Prix,1.0,gbdt,0.6309493552803186,japan_2026_R,true_positive
japan_2026_R_00717,japan_2026_R,Japanese Grand Prix,0.0,gbdt,0.8079023750588245,japan_2026_R,false_positive
japan_2026_R_00718,japan_2026_R,Japanese Grand Prix,0.0,gbdt,0.010099997514838265,japan_2026_R,true_negative
japan_2026_R_00719,japan_2026_R,Japanese Grand Prix,1.0,gbdt,0.268037538058465,japan_2026_R,other
japan_2026_R_00720,japan_2026_R,Japanese Grand Prix,0.0,gbdt,0.005160238626091659,japan_2026_R,true_negative
japan_2026_R_00721,japan_2026_R,Japanese Grand Prix,0.0,gbdt,0.12856033272851597,japan_2026_R,true_negative
japan_2026_R_00722,japan_2026_R,Japanese Grand Prix,1.0,gbdt,0.9505371509025882,japan_2026_R,true_positive
japan_2026_R_00723,japan_2026_R,Japanese Grand Prix,0.0,gbdt,0.24602555406634935,japan_2026_R,other
japan_2026_R_00724,japan_2026_R,Japanese Grand Prix,0.0,gbdt,0.008971806802940645,japan_2026_R,true_negative
japan_2026_R_00726,japan_2026_R,Japanese Grand Prix,0.0,gbdt,0.029431139411033005,japan_2026_R,true_negative
japan_2026_R_00727,japan_2026_R,Japanese Grand Prix,0.0,gbdt,0.05405599003231658,japan_2026_R,true_negative
japan_2026_R_00728,japan_2026_R,Japanese Grand Prix,0.0,gbdt,0.1994159917140037,japan_2026_R,true_negative
japan_2026_R_00729,japan_2026_R,Japanese Grand Prix,1.0,gbdt,0.825150988784052,japan_2026_R,true_positive
japan_2026_R_00730,japan_2026_R,Japanese Grand Prix,0.0,gbdt,0.6631764725663213,japan_2026_R,false_positive
japan_2026_R_00731,japan_2026_R,Japanese Grand Prix,0.0,gbdt,0.10312998345089046,japan_2026_R,true_negative
japan_2026_R_00732,japan_2026_R,Japanese Grand Prix,0.0,gbdt,0.028888879377464285,japan_2026_R,true_negative
japan_2026_R_00733,japan_2026_R,Japanese Grand Prix,0.0,gbdt,0.15683469860689106,japan_2026_R,true_negative
japan_2026_R_00734,japan_2026_R,Japanese Grand Prix,0.0,gbdt,0.013718476825038356,japan_2026_R,true_negative
japan_2026_R_00735,japan_2026_R,Japanese Grand Prix,1.0,gbdt,0.8705903339327138,japan_2026_R,true_positive
japan_2026_R_00736,japan_2026_R,Japanese Grand Prix,0.0,gbdt,0.01642095232015218,japan_2026_R,true_negative
japan_2026_R_00737,japan_2026_R,Japanese Grand Prix,0.0,gbdt,0.015086847303438051,japan_2026_R,true_negative
japan_2026_R_00738,japan_2026_R,Japanese Grand Prix,0.0,gbdt,0.30486448491458273,japan_2026_R,other
japan_2026_R_00739,japan_2026_R,Japanese Grand Prix,0.0,gbdt,0.058573342677068305,japan_2026_R,true_negative
japan_2026_R_00740,japan_2026_R,Japanese Grand Prix,0.0,gbdt,0.06673402451569647,japan_2026_R,true_negative
japan_2026_R_00741,japan_2026_R,Japanese Grand Prix,0.0,gbdt,0.2999130085146706,japan_2026_R,other
japan_2026_R_00742,japan_2026_R,Japanese Grand Prix,0.0,gbdt,0.6482556202241614,japan_2026_R,false_positive
japan_2026_R_00743,japan_2026_R,Japanese Grand Prix,1.0,gbdt,0.83113742756071,japan_2026_R,true_positive
japan_2026_R_00744,japan_2026_R,Japanese Grand Prix,1.0,gbdt,0.38851839017851786,japan_2026_R,other
japan_2026_R_00745,japan_2026_R,Japanese Grand Prix,1.0,gbdt,0.6243113423460954,japan_2026_R,true_positive
japan_2026_R_00746,japan_2026_R,Japanese Grand Prix,1.0,gbdt,0.14521098619524644,japan_2026_R,false_negative
japan_2026_R_00747,japan_2026_R,Japanese Grand Prix,1.0,gbdt,0.3094529973404237,japan_2026_R,other
japan_2026_R_00748,japan_2026_R,Japanese Grand Prix,0.0,gbdt,0.00934518001000789,japan_2026_R,true_negative
japan_2026_R_00749,japan_2026_R,Japanese Grand Prix,0.0,gbdt,0.3137141544662579,japan_2026_R,other
japan_2026_R_00750,japan_2026_R,Japanese Grand Prix,1.0,gbdt,0.16769518947417858,japan_2026_R,false_negative
japan_2026_R_00751,japan_2026_R,Japanese Grand Prix,1.0,gbdt,0.0392206663957111,japan_2026_R,false_negative
japan_2026_R_00752,japan_2026_R,Japanese Grand Prix,0.0,gbdt,0.7685140806653457,japan_2026_R,false_positive
japan_2026_R_00753,japan_2026_R,Japanese Grand Prix,0.0,gbdt,0.010690740120131215,japan_2026_R,true_negative
japan_2026_R_00754,japan_2026_R,Japanese Grand Prix,0.0,gbdt,0.15072653945508105,japan_2026_R,true_negative
japan_2026_R_00755,japan_2026_R,Japanese Grand Prix,0.0,gbdt,0.17165064555306545,japan_2026_R,true_negative
japan_2026_R_00756,japan_2026_R,Japanese Grand Prix,1.0,gbdt,0.7392740920106674,japan_2026_R,true_positive
japan_2026_R_00757,japan_2026_R,Japanese Grand Prix,0.0,gbdt,0.15555018279032928,japan_2026_R,true_negative
japan_2026_R_00758,japan_2026_R,Japanese Grand Prix,0.0,gbdt,0.08153136984737484,japan_2026_R,true_negative
japan_2026_R_00759,japan_2026_R,Japanese Grand Prix,1.0,gbdt,0.1695014322727508,japan_2026_R,false_negative
japan_2026_R_00760,japan_2026_R,Japanese Grand Prix,0.0,gbdt,0.10413087063383175,japan_2026_R,true_negative
japan_2026_R_00761,japan_2026_R,Japanese Grand Prix,0.0,gbdt,0.07277484460840049,japan_2026_R,true_negative
japan_2026_R_00762,japan_2026_R,Japanese Grand Prix,0.0,gbdt,0.015952983360895026,japan_2026_R,true_negative
japan_2026_R_00763,japan_2026_R,Japanese Grand Prix,0.0,gbdt,0.018455483842989926,japan_2026_R,true_negative
japan_2026_R_00764,japan_2026_R,Japanese Grand Prix,0.0,gbdt,0.008591455157288883,japan_2026_R,true_negative
japan_2026_R_00765,japan_2026_R,Japanese Grand Prix,0.0,gbdt,0.08473290363160485,japan_2026_R,true_negative
japan_2026_R_00766,japan_2026_R,Japanese Grand Prix,1.0,gbdt,0.5409914100738494,japan_2026_R,true_positive
japan_2026_R_00767,japan_2026_R,Japanese Grand Prix,0.0,gbdt,0.8703162322262916,japan_2026_R,false_positive
japan_2026_R_00768,japan_2026_R,Japanese Grand Prix,0.0,gbdt,0.20011342690715375,japan_2026_R,other
japan_2026_R_00769,japan_2026_R,Japanese Grand Prix,0.0,gbdt,0.21358037964389612,japan_2026_R,other
japan_2026_R_00770,japan_2026_R,Japanese Grand Prix,1.0,gbdt,0.8498789353673667,japan_2026_R,true_positive
japan_2026_R_00772,japan_2026_R,Japanese Grand Prix,0.0,gbdt,0.12546744231350992,japan_2026_R,true_negative
japan_2026_R_00773,japan_2026_R,Japanese Grand Prix,0.0,gbdt,0.15700679643969054,japan_2026_R,true_negative
japan_2026_R_00774,japan_2026_R,Japanese Grand Prix,0.0,gbdt,0.030771660482548396,japan_2026_R,true_negative
japan_2026_R_00775,japan_2026_R,Japanese Grand Prix,0.0,gbdt,0.020171102983626725,japan_2026_R,true_negative
japan_2026_R_00776,japan_2026_R,Japanese Grand Prix,1.0,gbdt,0.518358880456373,japan_2026_R,true_positive
japan_2026_R_00778,japan_2026_R,Japanese Grand Prix,0.0,gbdt,0.8192315887869162,japan_2026_R,false_positive
japan_2026_R_00779,japan_2026_R,Japanese Grand Prix,1.0,gbdt,0.19913824713711273,japan_2026_R,false_negative
japan_2026_R_00781,japan_2026_R,Japanese Grand Prix,0.0,gbdt,0.0808035641274787,japan_2026_R,true_negative
japan_2026_R_00782,japan_2026_R,Japanese Grand Prix,1.0,gbdt,0.042350017409642296,japan_2026_R,false_negative
japan_2026_R_00783,japan_2026_R,Japanese Grand Prix,1.0,gbdt,0.958502784164422,japan_2026_R,true_positive
japan_2026_R_00784,japan_2026_R,Japanese Grand Prix,0.0,gbdt,0.43086323917013797,japan_2026_R,other
japan_2026_R_00785,japan_2026_R,Japanese Grand Prix,1.0,gbdt,0.6897406000839751,japan_2026_R,true_positive
japan_2026_R_00787,japan_2026_R,Japanese Grand Prix,0.0,gbdt,0.23815365014279366,japan_2026_R,other
japan_2026_R_00788,japan_2026_R,Japanese Grand Prix,0.0,gbdt,0.1341946323220739,japan_2026_R,true_negative
japan_2026_R_00789,japan_2026_R,Japanese Grand Prix,0.0,gbdt,0.007793005295969412,japan_2026_R,true_negative
japan_2026_R_00790,japan_2026_R,Japanese Grand Prix,1.0,gbdt,0.5246052033000711,japan_2026_R,true_positive
japan_2026_R_00792,japan_2026_R,Japanese Grand Prix,1.0,gbdt,0.8052380392277145,japan_2026_R,true_positive
japan_2026_R_00794,japan_2026_R,Japanese Grand Prix,1.0,gbdt,0.9576991505072726,japan_2026_R,true_positive
japan_2026_R_00795,japan_2026_R,Japanese Grand Prix,0.0,gbdt,0.029078211109276116,japan_2026_R,true_negative
japan_2026_R_00796,japan_2026_R,Japanese Grand Prix,1.0,gbdt,0.9438864961648549,japan_2026_R,true_positive
japan_2026_R_00797,japan_2026_R,Japanese Grand Prix,0.0,gbdt,0.004858429306601111,japan_2026_R,true_negative
japan_2026_R_00798,japan_2026_R,Japanese Grand Prix,0.0,gbdt,0.17483064104035995,japan_2026_R,true_negative
japan_2026_R_00802,japan_2026_R,Japanese Grand Prix,1.0,gbdt,0.9433377006538125,japan_2026_R,true_positive
japan_2026_R_00804,japan_2026_R,Japanese Grand Prix,1.0,gbdt,0.8401170930774403,japan_2026_R,true_positive
japan_2026_R_00805,japan_2026_R,Japanese Grand Prix,0.0,gbdt,0.07016439262535941,japan_2026_R,true_negative
japan_2026_R_00810,japan_2026_R,Japanese Grand Prix,0.0,gbdt,0.22907046069777562,japan_2026_R,other
japan_2026_R_00811,japan_2026_R,Japanese Grand Prix,1.0,gbdt,0.9518748269992865,japan_2026_R,true_positive
japan_2026_R_00812,japan_2026_R,Japanese Grand Prix,0.0,gbdt,0.08958419343907713,japan_2026_R,true_negative
japan_2026_R_00813,japan_2026_R,Japanese Grand Prix,0.0,gbdt,0.018129041563466546,japan_2026_R,true_negative
japan_2026_R_00814,japan_2026_R,Japanese Grand Prix,0.0,gbdt,0.03811059432659418,japan_2026_R,true_negative
japan_2026_R_00815,japan_2026_R,Japanese Grand Prix,0.0,gbdt,0.08892666977159859,japan_2026_R,true_negative
japan_2026_R_00820,japan_2026_R,Japanese Grand Prix,0.0,gbdt,0.8658696234154116,japan_2026_R,false_positive
japan_2026_R_00821,japan_2026_R,Japanese Grand Prix,1.0,gbdt,0.1715547063825589,japan_2026_R,false_negative
japan_2026_R_00822,japan_2026_R,Japanese Grand Prix,1.0,gbdt,0.015272144631952122,japan_2026_R,false_negative
japan_2026_R_00827,japan_2026_R,Japanese Grand Prix,0.0,gbdt,0.041197433997523826,japan_2026_R,true_negative
japan_2026_R_00828,japan_2026_R,Japanese Grand Prix,0.0,gbdt,0.008161678983637715,japan_2026_R,true_negative
japan_2026_R_00831,japan_2026_R,Japanese Grand Prix,1.0,gbdt,0.32179812193779783,japan_2026_R,other
japan_2026_R_00832,japan_2026_R,Japanese Grand Prix,0.0,gbdt,0.16614757107915246,japan_2026_R,true_negative
japan_2026_R_00833,japan_2026_R,Japanese Grand Prix,0.0,gbdt,0.475243768475517,japan_2026_R,other
japan_2026_R_00835,japan_2026_R,Japanese Grand Prix,1.0,gbdt,0.7681874734574858,japan_2026_R,true_positive
japan_2026_R_00836,japan_2026_R,Japanese Grand Prix,1.0,gbdt,0.03339623932381027,japan_2026_R,false_negative
japan_2026_R_00838,japan_2026_R,Japanese Grand Prix,1.0,gbdt,0.7111953754324668,japan_2026_R,true_positive
japan_2026_R_00839,japan_2026_R,Japanese Grand Prix,1.0,gbdt,0.9356912459399308,japan_2026_R,true_positive
japan_2026_R_00840,japan_2026_R,Japanese Grand Prix,1.0,gbdt,0.1129102165608872,japan_2026_R,false_negative
japan_2026_R_00843,japan_2026_R,Japanese Grand Prix,0.0,gbdt,0.07577393580605912,japan_2026_R,true_negative
japan_2026_R_00844,japan_2026_R,Japanese Grand Prix,1.0,gbdt,0.9325310231635955,japan_2026_R,true_positive
japan_2026_R_00845,japan_2026_R,Japanese Grand Prix,0.0,gbdt,0.028257237406037142,japan_2026_R,true_negative
japan_2026_R_00847,japan_2026_R,Japanese Grand Prix,0.0,gbdt,0.03369016402475808,japan_2026_R,true_negative
japan_2026_R_00848,japan_2026_R,Japanese Grand Prix,0.0,gbdt,0.3890549505293065,japan_2026_R,other
japan_2026_R_00850,japan_2026_R,Japanese Grand Prix,1.0,gbdt,0.9453689674502179,japan_2026_R,true_positive
japan_2026_R_00851,japan_2026_R,Japanese Grand Prix,1.0,gbdt,0.07468958316608024,japan_2026_R,false_negative
japan_2026_R_00852,japan_2026_R,Japanese Grand Prix,0.0,gbdt,0.8987766069389994,japan_2026_R,false_positive
japan_2026_R_00853,japan_2026_R,Japanese Grand Prix,0.0,gbdt,0.056913873728386195,japan_2026_R,true_negative
japan_2026_R_00860,japan_2026_R,Japanese Grand Prix,1.0,gbdt,0.5403579005089525,japan_2026_R,true_positive
japan_2026_R_00862,japan_2026_R,Japanese Grand Prix,0.0,gbdt,0.7099841719422831,japan_2026_R,false_positive
japan_2026_R_00863,japan_2026_R,Japanese Grand Prix,0.0,gbdt,0.02884187222374417,japan_2026_R,true_negative
japan_2026_R_00864,japan_2026_R,Japanese Grand Prix,0.0,gbdt,0.005966452620693939,japan_2026_R,true_negative
japan_2026_R_00868,japan_2026_R,Japanese Grand Prix,0.0,gbdt,0.0327850756015479,japan_2026_R,true_negative
japan_2026_R_00870,japan_2026_R,Japanese Grand Prix,0.0,gbdt,0.07577227045766312,japan_2026_R,true_negative
japan_2026_R_00871,japan_2026_R,Japanese Grand Prix,0.0,gbdt,0.0224549987323353,japan_2026_R,true_negative
japan_2026_R_00875,japan_2026_R,Japanese Grand Prix,0.0,gbdt,0.02885504888260156,japan_2026_R,true_negative
japan_2026_R_00876,japan_2026_R,Japanese Grand Prix,0.0,gbdt,0.030566114064663877,japan_2026_R,true_negative
japan_2026_R_00877,japan_2026_R,Japanese Grand Prix,0.0,gbdt,0.019964223115234693,japan_2026_R,true_negative
japan_2026_R_00880,japan_2026_R,Japanese Grand Prix,0.0,gbdt,0.020976666054796415,japan_2026_R,true_negative
japan_2026_R_00882,japan_2026_R,Japanese Grand Prix,0.0,gbdt,0.05798945749556186,japan_2026_R,true_negative
japan_2026_R_00885,japan_2026_R,Japanese Grand Prix,1.0,gbdt,0.9188498840889558,japan_2026_R,true_positive
japan_2026_R_00888,japan_2026_R,Japanese Grand Prix,1.0,gbdt,0.44470144792442595,japan_2026_R,other
japan_2026_R_00890,japan_2026_R,Japanese Grand Prix,0.0,gbdt,0.016332208616122744,japan_2026_R,true_negative
japan_2026_R_00891,japan_2026_R,Japanese Grand Prix,0.0,gbdt,0.006209448077434778,japan_2026_R,true_negative
japan_2026_R_00892,japan_2026_R,Japanese Grand Prix,0.0,gbdt,0.008639569217152138,japan_2026_R,true_negative
japan_2026_R_00893,japan_2026_R,Japanese Grand Prix,0.0,gbdt,0.019083119354701118,japan_2026_R,true_negative
japan_2026_R_00896,japan_2026_R,Japanese Grand Prix,0.0,gbdt,0.028094935552000405,japan_2026_R,true_negative
japan_2026_R_00897,japan_2026_R,Japanese Grand Prix,0.0,gbdt,0.0576251122619935,japan_2026_R,true_negative
japan_2026_R_00898,japan_2026_R,Japanese Grand Prix,0.0,gbdt,0.031867436426465716,japan_2026_R,true_negative
japan_2026_R_00899,japan_2026_R,Japanese Grand Prix,0.0,gbdt,0.03269142450977355,japan_2026_R,true_negative
japan_2026_R_00901,japan_2026_R,Japanese Grand Prix,0.0,gbdt,0.09395009362502903,japan_2026_R,true_negative
japan_2026_R_00902,japan_2026_R,Japanese Grand Prix,0.0,gbdt,0.02206628889448057,japan_2026_R,true_negative
japan_2026_R_00903,japan_2026_R,Japanese Grand Prix,0.0,gbdt,0.021252125074961745,japan_2026_R,true_negative
japan_2026_R_00904,japan_2026_R,Japanese Grand Prix,0.0,gbdt,0.013627927657502642,japan_2026_R,true_negative
japan_2026_R_00905,japan_2026_R,Japanese Grand Prix,1.0,gbdt,0.013223035217326946,japan_2026_R,false_negative
japan_2026_R_00906,japan_2026_R,Japanese Grand Prix,0.0,gbdt,0.04129691246509246,japan_2026_R,true_negative
japan_2026_R_00908,japan_2026_R,Japanese Grand Prix,0.0,gbdt,0.13639800769225963,japan_2026_R,true_negative
japan_2026_R_00911,japan_2026_R,Japanese Grand Prix,1.0,gbdt,0.5430355685902554,japan_2026_R,true_positive
japan_2026_R_00914,japan_2026_R,Japanese Grand Prix,0.0,gbdt,0.014286729950920148,japan_2026_R,true_negative
japan_2026_R_00916,japan_2026_R,Japanese Grand Prix,0.0,gbdt,0.19085633589070974,japan_2026_R,true_negative
japan_2026_R_00918,japan_2026_R,Japanese Grand Prix,0.0,gbdt,0.008195430746780996,japan_2026_R,true_negative
japan_2026_R_00919,japan_2026_R,Japanese Grand Prix,0.0,gbdt,0.027199544881746005,japan_2026_R,true_negative
japan_2026_R_00920,japan_2026_R,Japanese Grand Prix,1.0,gbdt,0.9355995303269244,japan_2026_R,true_positive
japan_2026_R_00921,japan_2026_R,Japanese Grand Prix,0.0,gbdt,0.33327059851138746,japan_2026_R,other
japan_2026_R_00922,japan_2026_R,Japanese Grand Prix,0.0,gbdt,0.028523380709606607,japan_2026_R,true_negative
japan_2026_R_00927,japan_2026_R,Japanese Grand Prix,0.0,gbdt,0.037173193640969486,japan_2026_R,true_negative
japan_2026_R_00930,japan_2026_R,Japanese Grand Prix,0.0,gbdt,0.7012316913171301,japan_2026_R,false_positive
japan_2026_R_00931,japan_2026_R,Japanese Grand Prix,0.0,gbdt,0.020852864087580154,japan_2026_R,true_negative
japan_2026_R_00932,japan_2026_R,Japanese Grand Prix,1.0,gbdt,0.01479006489112567,japan_2026_R,false_negative
japan_2026_R_00934,japan_2026_R,Japanese Grand Prix,0.0,gbdt,0.022145145054571824,japan_2026_R,true_negative
japan_2026_R_00937,japan_2026_R,Japanese Grand Prix,0.0,gbdt,0.16507705242809043,japan_2026_R,true_negative
japan_2026_R_00938,japan_2026_R,Japanese Grand Prix,0.0,gbdt,0.043570462453404436,japan_2026_R,true_negative
japan_2026_R_00941,japan_2026_R,Japanese Grand Prix,0.0,gbdt,0.015591650019892099,japan_2026_R,true_negative
japan_2026_R_00947,japan_2026_R,Japanese Grand Prix,0.0,gbdt,0.11187623593600919,japan_2026_R,true_negative
japan_2026_R_00949,japan_2026_R,Japanese Grand Prix,0.0,gbdt,0.024216625998267755,japan_2026_R,true_negative
japan_2026_R_00950,japan_2026_R,Japanese Grand Prix,0.0,gbdt,0.06745682780646628,japan_2026_R,true_negative
japan_2026_R_00955,japan_2026_R,Japanese Grand Prix,0.0,gbdt,0.038999732976947185,japan_2026_R,true_negative
japan_2026_R_01300,japan_2026_R,Japanese Grand Prix,0.0,gbdt,0.36402549641746984,japan_2026_R,other
japan_2026_R_01301,japan_2026_R,Japanese Grand Prix,0.0,gbdt,0.4955791416666906,japan_2026_R,other
japan_2026_R_01302,japan_2026_R,Japanese Grand Prix,0.0,gbdt,0.2727932653422247,japan_2026_R,other
japan_2026_R_01303,japan_2026_R,Japanese Grand Prix,1.0,gbdt,0.707155853033458,japan_2026_R,true_positive
japan_2026_R_01305,japan_2026_R,Japanese Grand Prix,1.0,gbdt,0.4431957845455219,japan_2026_R,other
japan_2026_R_01306,japan_2026_R,Japanese Grand Prix,0.0,gbdt,0.6509125631607874,japan_2026_R,false_positive
japan_2026_R_01307,japan_2026_R,Japanese Grand Prix,1.0,gbdt,0.31131152376684473,japan_2026_R,other
japan_2026_R_01308,japan_2026_R,Japanese Grand Prix,1.0,gbdt,0.5535664283663053,japan_2026_R,true_positive
japan_2026_R_01309,japan_2026_R,Japanese Grand Prix,0.0,gbdt,0.4296800750819416,japan_2026_R,other
japan_2026_R_01310,japan_2026_R,Japanese Grand Prix,1.0,gbdt,0.11538815878238869,japan_2026_R,false_negative
japan_2026_R_01311,japan_2026_R,Japanese Grand Prix,0.0,gbdt,0.017226552478566873,japan_2026_R,true_negative
japan_2026_R_01312,japan_2026_R,Japanese Grand Prix,0.0,gbdt,0.1685350401697415,japan_2026_R,true_negative
japan_2026_R_01313,japan_2026_R,Japanese Grand Prix,1.0,gbdt,0.18686196994404944,japan_2026_R,false_negative
japan_2026_R_01314,japan_2026_R,Japanese Grand Prix,1.0,gbdt,0.7590674961515533,japan_2026_R,true_positive
japan_2026_R_01315,japan_2026_R,Japanese Grand Prix,1.0,gbdt,0.08159634314574264,japan_2026_R,false_negative
japan_2026_R_01316,japan_2026_R,Japanese Grand Prix,0.0,gbdt,0.15900343189624425,japan_2026_R,true_negative
japan_2026_R_01317,japan_2026_R,Japanese Grand Prix,1.0,gbdt,0.40513878254931973,japan_2026_R,other
japan_2026_R_01318,japan_2026_R,Japanese Grand Prix,0.0,gbdt,0.3051103014045352,japan_2026_R,other
japan_2026_R_01319,japan_2026_R,Japanese Grand Prix,1.0,gbdt,0.2649411873992836,japan_2026_R,other
japan_2026_R_01320,japan_2026_R,Japanese Grand Prix,0.0,gbdt,0.45605889017058954,japan_2026_R,other
japan_2026_R_01321,japan_2026_R,Japanese Grand Prix,1.0,gbdt,0.8054506311044903,japan_2026_R,true_positive
japan_2026_R_01322,japan_2026_R,Japanese Grand Prix,1.0,gbdt,0.322792622501109,japan_2026_R,other
japan_2026_R_01323,japan_2026_R,Japanese Grand Prix,0.0,gbdt,0.1261375983782545,japan_2026_R,true_negative
japan_2026_R_01324,japan_2026_R,Japanese Grand Prix,0.0,gbdt,0.21336944276561218,japan_2026_R,other
japan_2026_R_01325,japan_2026_R,Japanese Grand Prix,0.0,gbdt,0.2040279017948845,japan_2026_R,other
japan_2026_R_01326,japan_2026_R,Japanese Grand Prix,0.0,gbdt,0.2168246697272752,japan_2026_R,other
japan_2026_R_01327,japan_2026_R,Japanese Grand Prix,1.0,gbdt,0.13932628478133227,japan_2026_R,false_negative
japan_2026_R_01328,japan_2026_R,Japanese Grand Prix,1.0,gbdt,0.9018609156710619,japan_2026_R,true_positive
japan_2026_R_01329,japan_2026_R,Japanese Grand Prix,1.0,gbdt,0.25860168409447437,japan_2026_R,other
japan_2026_R_01330,japan_2026_R,Japanese Grand Prix,1.0,gbdt,0.5410686702088044,japan_2026_R,true_positive
japan_2026_R_01331,japan_2026_R,Japanese Grand Prix,0.0,gbdt,0.26751925413513605,japan_2026_R,other
japan_2026_R_01332,japan_2026_R,Japanese Grand Prix,0.0,gbdt,0.2620819483630111,japan_2026_R,other
japan_2026_R_01333,japan_2026_R,Japanese Grand Prix,1.0,gbdt,0.5392653135134075,japan_2026_R,true_positive
japan_2026_R_01334,japan_2026_R,Japanese Grand Prix,0.0,gbdt,0.29842927959228743,japan_2026_R,other
japan_2026_R_01335,japan_2026_R,Japanese Grand Prix,1.0,gbdt,0.7747603305544923,japan_2026_R,true_positive
japan_2026_R_01336,japan_2026_R,Japanese Grand Prix,0.0,gbdt,0.18248879067163737,japan_2026_R,true_negative
japan_2026_R_01337,japan_2026_R,Japanese Grand Prix,1.0,gbdt,0.23259573261697974,japan_2026_R,other
japan_2026_R_01338,japan_2026_R,Japanese Grand Prix,1.0,gbdt,0.48065084082334075,japan_2026_R,other
japan_2026_R_01339,japan_2026_R,Japanese Grand Prix,1.0,gbdt,0.7419135058720604,japan_2026_R,true_positive
japan_2026_R_01340,japan_2026_R,Japanese Grand Prix,0.0,gbdt,0.10436415091656326,japan_2026_R,true_negative
japan_2026_R_01341,japan_2026_R,Japanese Grand Prix,0.0,gbdt,0.1465799782037356,japan_2026_R,true_negative
japan_2026_R_01342,japan_2026_R,Japanese Grand Prix,1.0,gbdt,0.8004198629976331,japan_2026_R,true_positive
japan_2026_R_01343,japan_2026_R,Japanese Grand Prix,1.0,gbdt,0.3208097757641718,japan_2026_R,other
japan_2026_R_01344,japan_2026_R,Japanese Grand Prix,1.0,gbdt,0.469011809815965,japan_2026_R,other
japan_2026_R_01345,japan_2026_R,Japanese Grand Prix,1.0,gbdt,0.9029754139508239,japan_2026_R,true_positive
japan_2026_R_01346,japan_2026_R,Japanese Grand Prix,0.0,gbdt,0.06306884385396287,japan_2026_R,true_negative
japan_2026_R_01347,japan_2026_R,Japanese Grand Prix,1.0,gbdt,0.7344347485363973,japan_2026_R,true_positive
japan_2026_R_01348,japan_2026_R,Japanese Grand Prix,1.0,gbdt,0.04544625917273684,japan_2026_R,false_negative
japan_2026_R_01349,japan_2026_R,Japanese Grand Prix,1.0,gbdt,0.9377733746412552,japan_2026_R,true_positive
japan_2026_R_01350,japan_2026_R,Japanese Grand Prix,0.0,gbdt,0.7169108810973646,japan_2026_R,false_positive
japan_2026_R_01351,japan_2026_R,Japanese Grand Prix,0.0,gbdt,0.26021867466163356,japan_2026_R,other
japan_2026_R_01352,japan_2026_R,Japanese Grand Prix,0.0,gbdt,0.4305245820167311,japan_2026_R,other
japan_2026_R_01353,japan_2026_R,Japanese Grand Prix,0.0,gbdt,0.7403060070814957,japan_2026_R,false_positive
japan_2026_R_01354,japan_2026_R,Japanese Grand Prix,0.0,gbdt,0.28370158236219617,japan_2026_R,other
japan_2026_R_01355,japan_2026_R,Japanese Grand Prix,0.0,gbdt,0.1727257372812385,japan_2026_R,true_negative
japan_2026_R_01356,japan_2026_R,Japanese Grand Prix,1.0,gbdt,0.36605004675006914,japan_2026_R,other
japan_2026_R_01357,japan_2026_R,Japanese Grand Prix,1.0,gbdt,0.7114104203453261,japan_2026_R,true_positive
japan_2026_R_01358,japan_2026_R,Japanese Grand Prix,1.0,gbdt,0.6801987787909829,japan_2026_R,true_positive
japan_2026_R_01359,japan_2026_R,Japanese Grand Prix,1.0,gbdt,0.7034111166049413,japan_2026_R,true_positive
japan_2026_R_01360,japan_2026_R,Japanese Grand Prix,1.0,gbdt,0.6012454369524286,japan_2026_R,true_positive
japan_2026_R_01361,japan_2026_R,Japanese Grand Prix,1.0,gbdt,0.8664835271259166,japan_2026_R,true_positive
japan_2026_R_01362,japan_2026_R,Japanese Grand Prix,0.0,gbdt,0.23557460755020798,japan_2026_R,other
japan_2026_R_01363,japan_2026_R,Japanese Grand Prix,0.0,gbdt,0.19898153674617422,japan_2026_R,true_negative
japan_2026_R_01364,japan_2026_R,Japanese Grand Prix,0.0,gbdt,0.7024241805651842,japan_2026_R,false_positive
japan_2026_R_01365,japan_2026_R,Japanese Grand Prix,1.0,gbdt,0.718111797117369,japan_2026_R,true_positive
japan_2026_R_01366,japan_2026_R,Japanese Grand Prix,1.0,gbdt,0.8473921673825846,japan_2026_R,true_positive
japan_2026_R_01367,japan_2026_R,Japanese Grand Prix,1.0,gbdt,0.05365045810357134,japan_2026_R,false_negative
japan_2026_R_01368,japan_2026_R,Japanese Grand Prix,1.0,gbdt,0.5707407936803073,japan_2026_R,true_positive
japan_2026_R_01369,japan_2026_R,Japanese Grand Prix,1.0,gbdt,0.3506583023984351,japan_2026_R,other
japan_2026_R_01370,japan_2026_R,Japanese Grand Prix,1.0,gbdt,0.85277413539618,japan_2026_R,true_positive
japan_2026_R_01371,japan_2026_R,Japanese Grand Prix,1.0,gbdt,0.9146300642235877,japan_2026_R,true_positive
japan_2026_R_01372,japan_2026_R,Japanese Grand Prix,1.0,gbdt,0.5199258496364518,japan_2026_R,true_positive
japan_2026_R_01373,japan_2026_R,Japanese Grand Prix,0.0,gbdt,0.6228577975875321,japan_2026_R,false_positive
japan_2026_R_01374,japan_2026_R,Japanese Grand Prix,0.0,gbdt,0.5147345642007718,japan_2026_R,false_positive
japan_2026_R_01375,japan_2026_R,Japanese Grand Prix,1.0,gbdt,0.8560797384739296,japan_2026_R,true_positive
japan_2026_R_01376,japan_2026_R,Japanese Grand Prix,1.0,gbdt,0.8317769773762713,japan_2026_R,true_positive
japan_2026_R_01377,japan_2026_R,Japanese Grand Prix,1.0,gbdt,0.7997077294307879,japan_2026_R,true_positive
japan_2026_R_01378,japan_2026_R,Japanese Grand Prix,1.0,gbdt,0.5743870561283703,japan_2026_R,true_positive
japan_2026_R_01379,japan_2026_R,Japanese Grand Prix,1.0,gbdt,0.7975224221410507,japan_2026_R,true_positive
japan_2026_R_01380,japan_2026_R,Japanese Grand Prix,1.0,gbdt,0.8427461449069357,japan_2026_R,true_positive
japan_2026_R_01382,japan_2026_R,Japanese Grand Prix,1.0,gbdt,0.8374145281448135,japan_2026_R,true_positive
japan_2026_R_01384,japan_2026_R,Japanese Grand Prix,1.0,gbdt,0.07717243956629809,japan_2026_R,false_negative
japan_2026_R_01385,japan_2026_R,Japanese Grand Prix,0.0,gbdt,0.019160648268625617,japan_2026_R,true_negative
japan_2026_R_01386,japan_2026_R,Japanese Grand Prix,0.0,gbdt,0.5167432583955827,japan_2026_R,false_positive
japan_2026_R_01388,japan_2026_R,Japanese Grand Prix,1.0,gbdt,0.9402877622295563,japan_2026_R,true_positive
japan_2026_R_01390,japan_2026_R,Japanese Grand Prix,0.0,gbdt,0.5995879501808026,japan_2026_R,false_positive
japan_2026_R_01391,japan_2026_R,Japanese Grand Prix,0.0,gbdt,0.14618569836606618,japan_2026_R,true_negative
japan_2026_R_01392,japan_2026_R,Japanese Grand Prix,0.0,gbdt,0.2746012253385058,japan_2026_R,other
japan_2026_R_01393,japan_2026_R,Japanese Grand Prix,1.0,gbdt,0.9388437669781399,japan_2026_R,true_positive
japan_2026_R_01394,japan_2026_R,Japanese Grand Prix,1.0,gbdt,0.43437199358837214,japan_2026_R,other
japan_2026_R_01395,japan_2026_R,Japanese Grand Prix,1.0,gbdt,0.9135085222639958,japan_2026_R,true_positive
japan_2026_R_01396,japan_2026_R,Japanese Grand Prix,1.0,gbdt,0.7075103533158444,japan_2026_R,true_positive
japan_2026_R_01397,japan_2026_R,Japanese Grand Prix,0.0,gbdt,0.26470463177640613,japan_2026_R,other
japan_2026_R_01398,japan_2026_R,Japanese Grand Prix,1.0,gbdt,0.5756176919816819,japan_2026_R,true_positive
japan_2026_R_01399,japan_2026_R,Japanese Grand Prix,0.0,gbdt,0.2817985561582282,japan_2026_R,other
japan_2026_R_01400,japan_2026_R,Japanese Grand Prix,0.0,gbdt,0.6238773679220135,japan_2026_R,false_positive
japan_2026_R_01402,japan_2026_R,Japanese Grand Prix,1.0,gbdt,0.25076769437361945,japan_2026_R,other
japan_2026_R_01403,japan_2026_R,Japanese Grand Prix,0.0,gbdt,0.15423100751883528,japan_2026_R,true_negative
japan_2026_R_01404,japan_2026_R,Japanese Grand Prix,1.0,gbdt,0.2863423070912038,japan_2026_R,other
japan_2026_R_01405,japan_2026_R,Japanese Grand Prix,1.0,gbdt,0.522304868045991,japan_2026_R,true_positive
japan_2026_R_01406,japan_2026_R,Japanese Grand Prix,0.0,gbdt,0.2823113194855118,japan_2026_R,other
japan_2026_R_01407,japan_2026_R,Japanese Grand Prix,0.0,gbdt,0.07232957891350801,japan_2026_R,true_negative
japan_2026_R_01408,japan_2026_R,Japanese Grand Prix,0.0,gbdt,0.019414269451913234,japan_2026_R,true_negative
japan_2026_R_01409,japan_2026_R,Japanese Grand Prix,0.0,gbdt,0.3302032007573598,japan_2026_R,other
japan_2026_R_01410,japan_2026_R,Japanese Grand Prix,0.0,gbdt,0.34528614337012636,japan_2026_R,other
japan_2026_R_01411,japan_2026_R,Japanese Grand Prix,0.0,gbdt,0.2693108347599035,japan_2026_R,other
japan_2026_R_01412,japan_2026_R,Japanese Grand Prix,1.0,gbdt,0.7673709774648891,japan_2026_R,true_positive
japan_2026_R_01413,japan_2026_R,Japanese Grand Prix,0.0,gbdt,0.8818199307006962,japan_2026_R,false_positive
japan_2026_R_01414,japan_2026_R,Japanese Grand Prix,0.0,gbdt,0.574114038317102,japan_2026_R,false_positive
japan_2026_R_01415,japan_2026_R,Japanese Grand Prix,0.0,gbdt,0.17993016981236168,japan_2026_R,true_negative
japan_2026_R_01416,japan_2026_R,Japanese Grand Prix,0.0,gbdt,0.221788253244723,japan_2026_R,other
japan_2026_R_01417,japan_2026_R,Japanese Grand Prix,0.0,gbdt,0.011042954577253935,japan_2026_R,true_negative
japan_2026_R_01418,japan_2026_R,Japanese Grand Prix,0.0,gbdt,0.3643204960469414,japan_2026_R,other
japan_2026_R_01419,japan_2026_R,Japanese Grand Prix,0.0,gbdt,0.9357965868491492,japan_2026_R,false_positive
japan_2026_R_01420,japan_2026_R,Japanese Grand Prix,0.0,gbdt,0.6585689069127346,japan_2026_R,false_positive
japan_2026_R_01421,japan_2026_R,Japanese Grand Prix,1.0,gbdt,0.4070514794866606,japan_2026_R,other
japan_2026_R_01422,japan_2026_R,Japanese Grand Prix,1.0,gbdt,0.3825561467589518,japan_2026_R,other
japan_2026_R_01423,japan_2026_R,Japanese Grand Prix,0.0,gbdt,0.11453823984076912,japan_2026_R,true_negative
japan_2026_R_01424,japan_2026_R,Japanese Grand Prix,0.0,gbdt,0.11755403664423207,japan_2026_R,true_negative
japan_2026_R_01425,japan_2026_R,Japanese Grand Prix,1.0,gbdt,0.5541855580971099,japan_2026_R,true_positive
japan_2026_R_01426,japan_2026_R,Japanese Grand Prix,1.0,gbdt,0.6930557400522482,japan_2026_R,true_positive
japan_2026_R_01427,japan_2026_R,Japanese Grand Prix,1.0,gbdt,0.1775930065395699,japan_2026_R,false_negative
japan_2026_R_01428,japan_2026_R,Japanese Grand Prix,0.0,gbdt,0.058183872509119064,japan_2026_R,true_negative
japan_2026_R_01429,japan_2026_R,Japanese Grand Prix,0.0,gbdt,0.2715561801965182,japan_2026_R,other
japan_2026_R_01430,japan_2026_R,Japanese Grand Prix,0.0,gbdt,0.045493281778675135,japan_2026_R,true_negative
japan_2026_R_01431,japan_2026_R,Japanese Grand Prix,0.0,gbdt,0.6384180482165679,japan_2026_R,false_positive
japan_2026_R_01432,japan_2026_R,Japanese Grand Prix,1.0,gbdt,0.3468848588006959,japan_2026_R,other
japan_2026_R_01433,japan_2026_R,Japanese Grand Prix,1.0,gbdt,0.9564019876481008,japan_2026_R,true_positive
japan_2026_R_01434,japan_2026_R,Japanese Grand Prix,0.0,gbdt,0.3041067789020526,japan_2026_R,other
japan_2026_R_01435,japan_2026_R,Japanese Grand Prix,0.0,gbdt,0.6104926095730789,japan_2026_R,false_positive
japan_2026_R_01436,japan_2026_R,Japanese Grand Prix,0.0,gbdt,0.3940133452846084,japan_2026_R,other
japan_2026_R_01437,japan_2026_R,Japanese Grand Prix,0.0,gbdt,0.704105632581109,japan_2026_R,false_positive
japan_2026_R_01438,japan_2026_R,Japanese Grand Prix,0.0,gbdt,0.8294827179888368,japan_2026_R,false_positive
japan_2026_R_01439,japan_2026_R,Japanese Grand Prix,0.0,gbdt,0.3940283034931689,japan_2026_R,other
japan_2026_R_01440,japan_2026_R,Japanese Grand Prix,1.0,gbdt,0.8219163065445514,japan_2026_R,true_positive
japan_2026_R_01441,japan_2026_R,Japanese Grand Prix,0.0,gbdt,0.386600824327387,japan_2026_R,other
japan_2026_R_01442,japan_2026_R,Japanese Grand Prix,1.0,gbdt,0.9359186427751167,japan_2026_R,true_positive
japan_2026_R_01443,japan_2026_R,Japanese Grand Prix,1.0,gbdt,0.5364161342871759,japan_2026_R,true_positive
japan_2026_R_01444,japan_2026_R,Japanese Grand Prix,0.0,gbdt,0.6324064306980803,japan_2026_R,false_positive
japan_2026_R_01445,japan_2026_R,Japanese Grand Prix,0.0,gbdt,0.03602448829049737,japan_2026_R,true_negative
japan_2026_R_01446,japan_2026_R,Japanese Grand Prix,0.0,gbdt,0.8079201742986026,japan_2026_R,false_positive
japan_2026_R_01447,japan_2026_R,Japanese Grand Prix,0.0,gbdt,0.266192305658461,japan_2026_R,other
japan_2026_R_01448,japan_2026_R,Japanese Grand Prix,1.0,gbdt,0.41154999078730814,japan_2026_R,other
japan_2026_R_01449,japan_2026_R,Japanese Grand Prix,0.0,gbdt,0.7505653044175091,japan_2026_R,false_positive
japan_2026_R_01450,japan_2026_R,Japanese Grand Prix,1.0,gbdt,0.6834386895048176,japan_2026_R,true_positive
japan_2026_R_01451,japan_2026_R,Japanese Grand Prix,1.0,gbdt,0.03586608453009308,japan_2026_R,false_negative
japan_2026_R_01452,japan_2026_R,Japanese Grand Prix,1.0,gbdt,0.48356413817186605,japan_2026_R,other
japan_2026_R_01453,japan_2026_R,Japanese Grand Prix,0.0,gbdt,0.03735848375414035,japan_2026_R,true_negative
japan_2026_R_01454,japan_2026_R,Japanese Grand Prix,1.0,gbdt,0.2880906249312831,japan_2026_R,other
japan_2026_R_01455,japan_2026_R,Japanese Grand Prix,1.0,gbdt,0.27794366850689356,japan_2026_R,other
japan_2026_R_01456,japan_2026_R,Japanese Grand Prix,0.0,gbdt,0.3583858194211128,japan_2026_R,other
japan_2026_R_01457,japan_2026_R,Japanese Grand Prix,1.0,gbdt,0.4074868443683348,japan_2026_R,other
japan_2026_R_01459,japan_2026_R,Japanese Grand Prix,0.0,gbdt,0.019760109544122603,japan_2026_R,true_negative
japan_2026_R_01460,japan_2026_R,Japanese Grand Prix,1.0,gbdt,0.4987640476478823,japan_2026_R,other
japan_2026_R_01461,japan_2026_R,Japanese Grand Prix,1.0,gbdt,0.6085735193035726,japan_2026_R,true_positive
japan_2026_R_01462,japan_2026_R,Japanese Grand Prix,0.0,gbdt,0.0481670207295122,japan_2026_R,true_negative
japan_2026_R_01463,japan_2026_R,Japanese Grand Prix,1.0,gbdt,0.9430636020905927,japan_2026_R,true_positive
japan_2026_R_01464,japan_2026_R,Japanese Grand Prix,0.0,gbdt,0.3884236900905321,japan_2026_R,other
japan_2026_R_01465,japan_2026_R,Japanese Grand Prix,0.0,gbdt,0.44315926297355496,japan_2026_R,other
japan_2026_R_01466,japan_2026_R,Japanese Grand Prix,1.0,gbdt,0.9391944773950304,japan_2026_R,true_positive
japan_2026_R_01467,japan_2026_R,Japanese Grand Prix,0.0,gbdt,0.15773953751893283,japan_2026_R,true_negative
japan_2026_R_01468,japan_2026_R,Japanese Grand Prix,0.0,gbdt,0.0984084668071413,japan_2026_R,true_negative
japan_2026_R_01469,japan_2026_R,Japanese Grand Prix,1.0,gbdt,0.31636219476419314,japan_2026_R,other
japan_2026_R_01471,japan_2026_R,Japanese Grand Prix,0.0,gbdt,0.2277155887720457,japan_2026_R,other
japan_2026_R_01472,japan_2026_R,Japanese Grand Prix,0.0,gbdt,0.327443235864218,japan_2026_R,other
japan_2026_R_01474,japan_2026_R,Japanese Grand Prix,0.0,gbdt,0.189200606006044,japan_2026_R,true_negative
japan_2026_R_01476,japan_2026_R,Japanese Grand Prix,0.0,gbdt,0.4144332306659846,japan_2026_R,other
japan_2026_R_01477,japan_2026_R,Japanese Grand Prix,0.0,gbdt,0.25470157857834813,japan_2026_R,other
japan_2026_R_01480,japan_2026_R,Japanese Grand Prix,0.0,gbdt,0.10586876423586995,japan_2026_R,true_negative
japan_2026_R_01481,japan_2026_R,Japanese Grand Prix,0.0,gbdt,0.3548363692049441,japan_2026_R,other
japan_2026_R_01482,japan_2026_R,Japanese Grand Prix,0.0,gbdt,0.01915825679280114,japan_2026_R,true_negative
japan_2026_R_01483,japan_2026_R,Japanese Grand Prix,0.0,gbdt,0.3039818467500497,japan_2026_R,other
japan_2026_R_01484,japan_2026_R,Japanese Grand Prix,0.0,gbdt,0.5573403943907365,japan_2026_R,false_positive
japan_2026_R_01486,japan_2026_R,Japanese Grand Prix,0.0,gbdt,0.018659598260933465,japan_2026_R,true_negative
japan_2026_R_01487,japan_2026_R,Japanese Grand Prix,0.0,gbdt,0.013760916799768114,japan_2026_R,true_negative
japan_2026_R_01489,japan_2026_R,Japanese Grand Prix,1.0,gbdt,0.23513369146737562,japan_2026_R,other
japan_2026_R_01490,japan_2026_R,Japanese Grand Prix,0.0,gbdt,0.7457683155342443,japan_2026_R,false_positive
japan_2026_R_01491,japan_2026_R,Japanese Grand Prix,0.0,gbdt,0.187237761749672,japan_2026_R,true_negative
japan_2026_R_01492,japan_2026_R,Japanese Grand Prix,0.0,gbdt,0.13759158423348386,japan_2026_R,true_negative
japan_2026_R_01493,japan_2026_R,Japanese Grand Prix,0.0,gbdt,0.544861059462917,japan_2026_R,false_positive
japan_2026_R_01494,japan_2026_R,Japanese Grand Prix,1.0,gbdt,0.5691944332619714,japan_2026_R,true_positive
japan_2026_R_01495,japan_2026_R,Japanese Grand Prix,0.0,gbdt,0.2316082463141662,japan_2026_R,other
japan_2026_R_01496,japan_2026_R,Japanese Grand Prix,0.0,gbdt,0.44908732743975494,japan_2026_R,other
japan_2026_R_01497,japan_2026_R,Japanese Grand Prix,1.0,gbdt,0.8318129150119474,japan_2026_R,true_positive
japan_2026_R_01499,japan_2026_R,Japanese Grand Prix,1.0,gbdt,0.6383478552529555,japan_2026_R,true_positive
japan_2026_R_01500,japan_2026_R,Japanese Grand Prix,1.0,gbdt,0.6337988652036798,japan_2026_R,true_positive
japan_2026_R_01501,japan_2026_R,Japanese Grand Prix,0.0,gbdt,0.262241171026804,japan_2026_R,other
japan_2026_R_01502,japan_2026_R,Japanese Grand Prix,0.0,gbdt,0.5880982988767385,japan_2026_R,false_positive
japan_2026_R_01503,japan_2026_R,Japanese Grand Prix,0.0,gbdt,0.054495784816359985,japan_2026_R,true_negative
japan_2026_R_01504,japan_2026_R,Japanese Grand Prix,0.0,gbdt,0.529253626575439,japan_2026_R,false_positive
japan_2026_R_01505,japan_2026_R,Japanese Grand Prix,1.0,gbdt,0.8030898846545391,japan_2026_R,true_positive
japan_2026_R_01506,japan_2026_R,Japanese Grand Prix,0.0,gbdt,0.3244679684713979,japan_2026_R,other
japan_2026_R_01507,japan_2026_R,Japanese Grand Prix,1.0,gbdt,0.5445205697627389,japan_2026_R,true_positive
japan_2026_R_01508,japan_2026_R,Japanese Grand Prix,1.0,gbdt,0.6708809216103306,japan_2026_R,true_positive
japan_2026_R_01509,japan_2026_R,Japanese Grand Prix,0.0,gbdt,0.02944897443916026,japan_2026_R,true_negative
japan_2026_R_01510,japan_2026_R,Japanese Grand Prix,1.0,gbdt,0.038142608424491506,japan_2026_R,false_negative
japan_2026_R_01512,japan_2026_R,Japanese Grand Prix,0.0,gbdt,0.025153356459342694,japan_2026_R,true_negative
japan_2026_R_01513,japan_2026_R,Japanese Grand Prix,0.0,gbdt,0.5042403655486454,japan_2026_R,false_positive
japan_2026_R_01514,japan_2026_R,Japanese Grand Prix,0.0,gbdt,0.3890454153680192,japan_2026_R,other
japan_2026_R_01515,japan_2026_R,Japanese Grand Prix,1.0,gbdt,0.4992363846446666,japan_2026_R,other
japan_2026_R_01516,japan_2026_R,Japanese Grand Prix,1.0,gbdt,0.5418808145622507,japan_2026_R,true_positive
japan_2026_R_01517,japan_2026_R,Japanese Grand Prix,1.0,gbdt,0.5304214553096971,japan_2026_R,true_positive
japan_2026_R_01518,japan_2026_R,Japanese Grand Prix,1.0,gbdt,0.9042165425966048,japan_2026_R,true_positive
japan_2026_R_01519,japan_2026_R,Japanese Grand Prix,1.0,gbdt,0.586699361313231,japan_2026_R,true_positive
japan_2026_R_01521,japan_2026_R,Japanese Grand Prix,0.0,gbdt,0.1238427399057925,japan_2026_R,true_negative
japan_2026_R_01522,japan_2026_R,Japanese Grand Prix,0.0,gbdt,0.1341592652947725,japan_2026_R,true_negative
japan_2026_R_01524,japan_2026_R,Japanese Grand Prix,1.0,gbdt,0.8174419928418614,japan_2026_R,true_positive
japan_2026_R_01525,japan_2026_R,Japanese Grand Prix,0.0,gbdt,0.09091117806078286,japan_2026_R,true_negative
japan_2026_R_01526,japan_2026_R,Japanese Grand Prix,1.0,gbdt,0.286752933904685,japan_2026_R,other
japan_2026_R_01527,japan_2026_R,Japanese Grand Prix,0.0,gbdt,0.03948248077894405,japan_2026_R,true_negative
japan_2026_R_01528,japan_2026_R,Japanese Grand Prix,0.0,gbdt,0.031017173635071265,japan_2026_R,true_negative
japan_2026_R_01529,japan_2026_R,Japanese Grand Prix,0.0,gbdt,0.080249837104708,japan_2026_R,true_negative
japan_2026_R_01530,japan_2026_R,Japanese Grand Prix,1.0,gbdt,0.4304742090021989,japan_2026_R,other
japan_2026_R_01531,japan_2026_R,Japanese Grand Prix,0.0,gbdt,0.14723843524535715,japan_2026_R,true_negative
japan_2026_R_01533,japan_2026_R,Japanese Grand Prix,1.0,gbdt,0.21676436275468677,japan_2026_R,other
japan_2026_R_01534,japan_2026_R,Japanese Grand Prix,1.0,gbdt,0.15125853712616233,japan_2026_R,false_negative
japan_2026_R_01535,japan_2026_R,Japanese Grand Prix,0.0,gbdt,0.6238675817119981,japan_2026_R,false_positive
japan_2026_R_01536,japan_2026_R,Japanese Grand Prix,0.0,gbdt,0.014457059679192833,japan_2026_R,true_negative
japan_2026_R_01537,japan_2026_R,Japanese Grand Prix,0.0,gbdt,0.6386937054741693,japan_2026_R,false_positive
japan_2026_R_01538,japan_2026_R,Japanese Grand Prix,0.0,gbdt,0.26326495593736526,japan_2026_R,other
japan_2026_R_01540,japan_2026_R,Japanese Grand Prix,0.0,gbdt,0.3176739276369218,japan_2026_R,other
japan_2026_R_01541,japan_2026_R,Japanese Grand Prix,1.0,gbdt,0.016155777531823495,japan_2026_R,false_negative
japan_2026_R_01542,japan_2026_R,Japanese Grand Prix,1.0,gbdt,0.3618946371712829,japan_2026_R,other
japan_2026_R_01543,japan_2026_R,Japanese Grand Prix,0.0,gbdt,0.1415955745211453,japan_2026_R,true_negative
japan_2026_R_01544,japan_2026_R,Japanese Grand Prix,0.0,gbdt,0.13828205642426245,japan_2026_R,true_negative
japan_2026_R_01545,japan_2026_R,Japanese Grand Prix,0.0,gbdt,0.08627821773189986,japan_2026_R,true_negative
japan_2026_R_01546,japan_2026_R,Japanese Grand Prix,1.0,gbdt,0.8032873788739276,japan_2026_R,true_positive
japan_2026_R_01547,japan_2026_R,Japanese Grand Prix,0.0,gbdt,0.067956360962239,japan_2026_R,true_negative
japan_2026_R_01548,japan_2026_R,Japanese Grand Prix,1.0,gbdt,0.9337473322977761,japan_2026_R,true_positive
japan_2026_R_01549,japan_2026_R,Japanese Grand Prix,1.0,gbdt,0.26476662823008384,japan_2026_R,other
japan_2026_R_01550,japan_2026_R,Japanese Grand Prix,0.0,gbdt,0.7852587559261487,japan_2026_R,false_positive
japan_2026_R_01551,japan_2026_R,Japanese Grand Prix,0.0,gbdt,0.06655904377797205,japan_2026_R,true_negative
japan_2026_R_01552,japan_2026_R,Japanese Grand Prix,0.0,gbdt,0.30085465865713396,japan_2026_R,other
japan_2026_R_01553,japan_2026_R,Japanese Grand Prix,1.0,gbdt,0.46709618470033165,japan_2026_R,other
japan_2026_R_01554,japan_2026_R,Japanese Grand Prix,1.0,gbdt,0.8403433154765003,japan_2026_R,true_positive
japan_2026_R_01555,japan_2026_R,Japanese Grand Prix,0.0,gbdt,0.10386367648463393,japan_2026_R,true_negative
japan_2026_R_01556,japan_2026_R,Japanese Grand Prix,1.0,gbdt,0.9764893756309598,japan_2026_R,true_positive
japan_2026_R_01557,japan_2026_R,Japanese Grand Prix,1.0,gbdt,0.048743405089720644,japan_2026_R,false_negative
japan_2026_R_01558,japan_2026_R,Japanese Grand Prix,0.0,gbdt,0.33193542049471686,japan_2026_R,other
japan_2026_R_01559,japan_2026_R,Japanese Grand Prix,1.0,gbdt,0.9444923697193939,japan_2026_R,true_positive
japan_2026_R_01560,japan_2026_R,Japanese Grand Prix,1.0,gbdt,0.841804597037472,japan_2026_R,true_positive
japan_2026_R_01561,japan_2026_R,Japanese Grand Prix,0.0,gbdt,0.7339902576340172,japan_2026_R,false_positive
japan_2026_R_01562,japan_2026_R,Japanese Grand Prix,0.0,gbdt,0.03330674098810972,japan_2026_R,true_negative
japan_2026_R_01563,japan_2026_R,Japanese Grand Prix,0.0,gbdt,0.899942537077955,japan_2026_R,false_positive
japan_2026_R_01564,japan_2026_R,Japanese Grand Prix,0.0,gbdt,0.1536099716760012,japan_2026_R,true_negative
japan_2026_R_01565,japan_2026_R,Japanese Grand Prix,0.0,gbdt,0.7006320945583753,japan_2026_R,false_positive
japan_2026_R_01566,japan_2026_R,Japanese Grand Prix,1.0,gbdt,0.3887482755845354,japan_2026_R,other
japan_2026_R_01567,japan_2026_R,Japanese Grand Prix,1.0,gbdt,0.9178489155849735,japan_2026_R,true_positive
japan_2026_R_01568,japan_2026_R,Japanese Grand Prix,1.0,gbdt,0.9178934817225798,japan_2026_R,true_positive
japan_2026_R_01569,japan_2026_R,Japanese Grand Prix,0.0,gbdt,0.09365648143449908,japan_2026_R,true_negative
japan_2026_R_01570,japan_2026_R,Japanese Grand Prix,0.0,gbdt,0.8344046405452679,japan_2026_R,false_positive
japan_2026_R_01571,japan_2026_R,Japanese Grand Prix,1.0,gbdt,0.5608063400571998,japan_2026_R,true_positive
japan_2026_R_01572,japan_2026_R,Japanese Grand Prix,0.0,gbdt,0.32361127405673873,japan_2026_R,other
japan_2026_R_01573,japan_2026_R,Japanese Grand Prix,1.0,gbdt,0.8631755982417114,japan_2026_R,true_positive
japan_2026_R_01574,japan_2026_R,Japanese Grand Prix,0.0,gbdt,0.3096793581805604,japan_2026_R,other
japan_2026_R_01575,japan_2026_R,Japanese Grand Prix,1.0,gbdt,0.48844270562933634,japan_2026_R,other
japan_2026_R_01576,japan_2026_R,Japanese Grand Prix,0.0,gbdt,0.27670027190318486,japan_2026_R,other
japan_2026_R_01577,japan_2026_R,Japanese Grand Prix,1.0,gbdt,0.8399201664007808,japan_2026_R,true_positive
japan_2026_R_01578,japan_2026_R,Japanese Grand Prix,0.0,gbdt,0.02227547460087562,japan_2026_R,true_negative
japan_2026_R_01579,japan_2026_R,Japanese Grand Prix,1.0,gbdt,0.9397299708370013,japan_2026_R,true_positive
japan_2026_R_01581,japan_2026_R,Japanese Grand Prix,0.0,gbdt,0.02034054818383291,japan_2026_R,true_negative
japan_2026_R_01582,japan_2026_R,Japanese Grand Prix,1.0,gbdt,0.9566346164046478,japan_2026_R,true_positive
japan_2026_R_01584,japan_2026_R,Japanese Grand Prix,1.0,gbdt,0.4992363846446666,japan_2026_R,other
japan_2026_R_01585,japan_2026_R,Japanese Grand Prix,0.0,gbdt,0.19894325653415876,japan_2026_R,true_negative
japan_2026_R_01586,japan_2026_R,Japanese Grand Prix,0.0,gbdt,0.6348089230118287,japan_2026_R,false_positive
japan_2026_R_01587,japan_2026_R,Japanese Grand Prix,0.0,gbdt,0.03215557587662081,japan_2026_R,true_negative
japan_2026_R_01588,japan_2026_R,Japanese Grand Prix,0.0,gbdt,0.35685302472270486,japan_2026_R,other
japan_2026_R_01589,japan_2026_R,Japanese Grand Prix,0.0,gbdt,0.15160274770039744,japan_2026_R,true_negative
japan_2026_R_01590,japan_2026_R,Japanese Grand Prix,0.0,gbdt,0.7614672261184073,japan_2026_R,false_positive
japan_2026_R_01591,japan_2026_R,Japanese Grand Prix,1.0,gbdt,0.47930968912282884,japan_2026_R,other
japan_2026_R_01592,japan_2026_R,Japanese Grand Prix,0.0,gbdt,0.6293339418522917,japan_2026_R,false_positive
japan_2026_R_01593,japan_2026_R,Japanese Grand Prix,0.0,gbdt,0.362268936784471,japan_2026_R,other
japan_2026_R_01594,japan_2026_R,Japanese Grand Prix,0.0,gbdt,0.05058216430224178,japan_2026_R,true_negative
japan_2026_R_01595,japan_2026_R,Japanese Grand Prix,0.0,gbdt,0.10941918037921017,japan_2026_R,true_negative
japan_2026_R_01596,japan_2026_R,Japanese Grand Prix,0.0,gbdt,0.9175575623634022,japan_2026_R,false_positive
japan_2026_R_01597,japan_2026_R,Japanese Grand Prix,1.0,gbdt,0.026295058865338963,japan_2026_R,false_negative
japan_2026_R_01598,japan_2026_R,Japanese Grand Prix,0.0,gbdt,0.30228287460691117,japan_2026_R,other
japan_2026_R_01599,japan_2026_R,Japanese Grand Prix,1.0,gbdt,0.7703764446964463,japan_2026_R,true_positive
japan_2026_R_01600,japan_2026_R,Japanese Grand Prix,0.0,gbdt,0.021936263550723124,japan_2026_R,true_negative
japan_2026_R_01601,japan_2026_R,Japanese Grand Prix,1.0,gbdt,0.4008587637295359,japan_2026_R,other
japan_2026_R_01602,japan_2026_R,Japanese Grand Prix,0.0,gbdt,0.9253827540874172,japan_2026_R,false_positive
japan_2026_R_01603,japan_2026_R,Japanese Grand Prix,1.0,gbdt,0.9352163866749597,japan_2026_R,true_positive
japan_2026_R_01604,japan_2026_R,Japanese Grand Prix,1.0,gbdt,0.04744705359740234,japan_2026_R,false_negative
japan_2026_R_01605,japan_2026_R,Japanese Grand Prix,1.0,gbdt,0.31377214031202794,japan_2026_R,other
japan_2026_R_01606,japan_2026_R,Japanese Grand Prix,1.0,gbdt,0.49149057722051626,japan_2026_R,other
japan_2026_R_01607,japan_2026_R,Japanese Grand Prix,0.0,gbdt,0.23515699824198993,japan_2026_R,other
japan_2026_R_01608,japan_2026_R,Japanese Grand Prix,0.0,gbdt,0.0307709226089107,japan_2026_R,true_negative
japan_2026_R_01609,japan_2026_R,Japanese Grand Prix,0.0,gbdt,0.5114654672581112,japan_2026_R,false_positive
japan_2026_R_01610,japan_2026_R,Japanese Grand Prix,0.0,gbdt,0.053376238863976785,japan_2026_R,true_negative
japan_2026_R_01611,japan_2026_R,Japanese Grand Prix,0.0,gbdt,0.1885092325185206,japan_2026_R,true_negative
japan_2026_R_01612,japan_2026_R,Japanese Grand Prix,0.0,gbdt,0.6112148760850653,japan_2026_R,false_positive
japan_2026_R_01613,japan_2026_R,Japanese Grand Prix,0.0,gbdt,0.32870591316315934,japan_2026_R,other
japan_2026_R_01614,japan_2026_R,Japanese Grand Prix,0.0,gbdt,0.03228253119332747,japan_2026_R,true_negative
japan_2026_R_01615,japan_2026_R,Japanese Grand Prix,1.0,gbdt,0.9158310758742418,japan_2026_R,true_positive
japan_2026_R_01616,japan_2026_R,Japanese Grand Prix,0.0,gbdt,0.5671115646637757,japan_2026_R,false_positive
japan_2026_R_01617,japan_2026_R,Japanese Grand Prix,0.0,gbdt,0.03459105457527892,japan_2026_R,true_negative
japan_2026_R_01618,japan_2026_R,Japanese Grand Prix,0.0,gbdt,0.36756309631585254,japan_2026_R,other
japan_2026_R_01619,japan_2026_R,Japanese Grand Prix,1.0,gbdt,0.043224922621084814,japan_2026_R,false_negative
japan_2026_R_01620,japan_2026_R,Japanese Grand Prix,0.0,gbdt,0.5729914596892441,japan_2026_R,false_positive
japan_2026_R_01621,japan_2026_R,Japanese Grand Prix,0.0,gbdt,0.20924438088791125,japan_2026_R,other
japan_2026_R_01622,japan_2026_R,Japanese Grand Prix,1.0,gbdt,0.6251652658914628,japan_2026_R,true_positive
japan_2026_R_01623,japan_2026_R,Japanese Grand Prix,0.0,gbdt,0.08891628785863662,japan_2026_R,true_negative
japan_2026_R_01624,japan_2026_R,Japanese Grand Prix,1.0,gbdt,0.8669823040367165,japan_2026_R,true_positive
japan_2026_R_01625,japan_2026_R,Japanese Grand Prix,0.0,gbdt,0.029398787837964672,japan_2026_R,true_negative
japan_2026_R_01626,japan_2026_R,Japanese Grand Prix,1.0,gbdt,0.8042605779819458,japan_2026_R,true_positive
japan_2026_R_01627,japan_2026_R,Japanese Grand Prix,0.0,gbdt,0.022698847950964218,japan_2026_R,true_negative
japan_2026_R_01628,japan_2026_R,Japanese Grand Prix,0.0,gbdt,0.015583217378694333,japan_2026_R,true_negative
japan_2026_R_01629,japan_2026_R,Japanese Grand Prix,0.0,gbdt,0.3199595209311909,japan_2026_R,other
japan_2026_R_01630,japan_2026_R,Japanese Grand Prix,0.0,gbdt,0.04438565950496134,japan_2026_R,true_negative
japan_2026_R_01632,japan_2026_R,Japanese Grand Prix,1.0,gbdt,0.09620766372995798,japan_2026_R,false_negative
japan_2026_R_01633,japan_2026_R,Japanese Grand Prix,1.0,gbdt,0.4038544576277903,japan_2026_R,other
japan_2026_R_01634,japan_2026_R,Japanese Grand Prix,0.0,gbdt,0.04969952782187571,japan_2026_R,true_negative
japan_2026_R_01635,japan_2026_R,Japanese Grand Prix,0.0,gbdt,0.01626523849568201,japan_2026_R,true_negative
japan_2026_R_01636,japan_2026_R,Japanese Grand Prix,0.0,gbdt,0.1707698276408164,japan_2026_R,true_negative
japan_2026_R_01637,japan_2026_R,Japanese Grand Prix,1.0,gbdt,0.5440942841765976,japan_2026_R,true_positive
japan_2026_R_01638,japan_2026_R,Japanese Grand Prix,1.0,gbdt,0.4693324479670599,japan_2026_R,other
japan_2026_R_01639,japan_2026_R,Japanese Grand Prix,0.0,gbdt,0.911173940178394,japan_2026_R,false_positive
japan_2026_R_01640,japan_2026_R,Japanese Grand Prix,0.0,gbdt,0.3366392817072361,japan_2026_R,other
japan_2026_R_01641,japan_2026_R,Japanese Grand Prix,0.0,gbdt,0.04624804548228276,japan_2026_R,true_negative
japan_2026_R_01642,japan_2026_R,Japanese Grand Prix,0.0,gbdt,0.24312777835833183,japan_2026_R,other
japan_2026_R_01643,japan_2026_R,Japanese Grand Prix,0.0,gbdt,0.5350481194541833,japan_2026_R,false_positive
japan_2026_R_01644,japan_2026_R,Japanese Grand Prix,1.0,gbdt,0.7578119480545047,japan_2026_R,true_positive
japan_2026_R_01645,japan_2026_R,Japanese Grand Prix,0.0,gbdt,0.05370718558247255,japan_2026_R,true_negative
japan_2026_R_01646,japan_2026_R,Japanese Grand Prix,0.0,gbdt,0.045720444320974794,japan_2026_R,true_negative
japan_2026_R_01647,japan_2026_R,Japanese Grand Prix,1.0,gbdt,0.18148046491629827,japan_2026_R,false_negative
japan_2026_R_01648,japan_2026_R,Japanese Grand Prix,1.0,gbdt,0.24955348062679164,japan_2026_R,other
japan_2026_R_01649,japan_2026_R,Japanese Grand Prix,1.0,gbdt,0.6746516850426427,japan_2026_R,true_positive
japan_2026_R_01650,japan_2026_R,Japanese Grand Prix,0.0,gbdt,0.04699199477760781,japan_2026_R,true_negative
japan_2026_R_01651,japan_2026_R,Japanese Grand Prix,1.0,gbdt,0.9602231485633103,japan_2026_R,true_positive
japan_2026_R_01652,japan_2026_R,Japanese Grand Prix,0.0,gbdt,0.8973197125094521,japan_2026_R,false_positive
japan_2026_R_01653,japan_2026_R,Japanese Grand Prix,1.0,gbdt,0.9661588430364156,japan_2026_R,true_positive
japan_2026_R_01654,japan_2026_R,Japanese Grand Prix,0.0,gbdt,0.1669741726229458,japan_2026_R,true_negative
japan_2026_R_01655,japan_2026_R,Japanese Grand Prix,0.0,gbdt,0.0875565258040027,japan_2026_R,true_negative
japan_2026_R_01656,japan_2026_R,Japanese Grand Prix,0.0,gbdt,0.3214216758879819,japan_2026_R,other
japan_2026_R_01657,japan_2026_R,Japanese Grand Prix,0.0,gbdt,0.1594577786547267,japan_2026_R,true_negative
japan_2026_R_01658,japan_2026_R,Japanese Grand Prix,0.0,gbdt,0.3019032971254924,japan_2026_R,other
japan_2026_R_01660,japan_2026_R,Japanese Grand Prix,0.0,gbdt,0.042350773888538175,japan_2026_R,true_negative
japan_2026_R_01661,japan_2026_R,Japanese Grand Prix,0.0,gbdt,0.018301228883708734,japan_2026_R,true_negative
japan_2026_R_01662,japan_2026_R,Japanese Grand Prix,0.0,gbdt,0.7693238054545168,japan_2026_R,false_positive
japan_2026_R_01663,japan_2026_R,Japanese Grand Prix,1.0,gbdt,0.9414857636536994,japan_2026_R,true_positive
japan_2026_R_01664,japan_2026_R,Japanese Grand Prix,0.0,gbdt,0.03395622773026105,japan_2026_R,true_negative
japan_2026_R_01665,japan_2026_R,Japanese Grand Prix,0.0,gbdt,0.23925902785084605,japan_2026_R,other
japan_2026_R_01666,japan_2026_R,Japanese Grand Prix,0.0,gbdt,0.05428132326469539,japan_2026_R,true_negative
japan_2026_R_01667,japan_2026_R,Japanese Grand Prix,0.0,gbdt,0.3347368914189294,japan_2026_R,other
japan_2026_R_01668,japan_2026_R,Japanese Grand Prix,0.0,gbdt,0.03720993851644034,japan_2026_R,true_negative
japan_2026_R_01669,japan_2026_R,Japanese Grand Prix,1.0,gbdt,0.9295377376032476,japan_2026_R,true_positive
japan_2026_R_01670,japan_2026_R,Japanese Grand Prix,0.0,gbdt,0.6274389279014295,japan_2026_R,false_positive
japan_2026_R_01671,japan_2026_R,Japanese Grand Prix,0.0,gbdt,0.0212108394119085,japan_2026_R,true_negative
japan_2026_R_01672,japan_2026_R,Japanese Grand Prix,0.0,gbdt,0.09217046583539484,japan_2026_R,true_negative
japan_2026_R_01673,japan_2026_R,Japanese Grand Prix,0.0,gbdt,0.23502597150945162,japan_2026_R,other
japan_2026_R_01674,japan_2026_R,Japanese Grand Prix,0.0,gbdt,0.21233542951647813,japan_2026_R,other
japan_2026_R_01675,japan_2026_R,Japanese Grand Prix,0.0,gbdt,0.0979439352696141,japan_2026_R,true_negative
japan_2026_R_01676,japan_2026_R,Japanese Grand Prix,1.0,gbdt,0.9424111381345203,japan_2026_R,true_positive
japan_2026_R_01677,japan_2026_R,Japanese Grand Prix,0.0,gbdt,0.023875814359918306,japan_2026_R,true_negative
japan_2026_R_01678,japan_2026_R,Japanese Grand Prix,0.0,gbdt,0.12220142844998376,japan_2026_R,true_negative
japan_2026_R_01680,japan_2026_R,Japanese Grand Prix,1.0,gbdt,0.8527017464620502,japan_2026_R,true_positive
japan_2026_R_01681,japan_2026_R,Japanese Grand Prix,0.0,gbdt,0.24683647359354283,japan_2026_R,other
japan_2026_R_01682,japan_2026_R,Japanese Grand Prix,0.0,gbdt,0.013872898255498629,japan_2026_R,true_negative
japan_2026_R_01684,japan_2026_R,Japanese Grand Prix,0.0,gbdt,0.15896031034685387,japan_2026_R,true_negative
japan_2026_R_01686,japan_2026_R,Japanese Grand Prix,1.0,gbdt,0.33001044594231455,japan_2026_R,other
japan_2026_R_01687,japan_2026_R,Japanese Grand Prix,1.0,gbdt,0.9163121857966235,japan_2026_R,true_positive
japan_2026_R_01688,japan_2026_R,Japanese Grand Prix,0.0,gbdt,0.051949575713543916,japan_2026_R,true_negative
japan_2026_R_01689,japan_2026_R,Japanese Grand Prix,0.0,gbdt,0.7399541312738314,japan_2026_R,false_positive
japan_2026_R_01690,japan_2026_R,Japanese Grand Prix,0.0,gbdt,0.4702674112907795,japan_2026_R,other
japan_2026_R_01691,japan_2026_R,Japanese Grand Prix,0.0,gbdt,0.17795457696083838,japan_2026_R,true_negative
japan_2026_R_01692,japan_2026_R,Japanese Grand Prix,0.0,gbdt,0.23400669975204022,japan_2026_R,other
japan_2026_R_01693,japan_2026_R,Japanese Grand Prix,0.0,gbdt,0.03070665863017277,japan_2026_R,true_negative
japan_2026_R_01694,japan_2026_R,Japanese Grand Prix,0.0,gbdt,0.647608564143082,japan_2026_R,false_positive
japan_2026_R_01695,japan_2026_R,Japanese Grand Prix,0.0,gbdt,0.06636811452413656,japan_2026_R,true_negative
japan_2026_R_01696,japan_2026_R,Japanese Grand Prix,1.0,gbdt,0.03794815749704586,japan_2026_R,false_negative
japan_2026_R_01697,japan_2026_R,Japanese Grand Prix,0.0,gbdt,0.10307368878796899,japan_2026_R,true_negative
japan_2026_R_01698,japan_2026_R,Japanese Grand Prix,0.0,gbdt,0.6971855317363339,japan_2026_R,false_positive
japan_2026_R_01699,japan_2026_R,Japanese Grand Prix,0.0,gbdt,0.7927259178549512,japan_2026_R,false_positive
japan_2026_R_01701,japan_2026_R,Japanese Grand Prix,0.0,gbdt,0.2105232994275836,japan_2026_R,other
japan_2026_R_01702,japan_2026_R,Japanese Grand Prix,0.0,gbdt,0.04607693380744656,japan_2026_R,true_negative
japan_2026_R_01703,japan_2026_R,Japanese Grand Prix,0.0,gbdt,0.34187936721477713,japan_2026_R,other
japan_2026_R_01705,japan_2026_R,Japanese Grand Prix,0.0,gbdt,0.023802583566232157,japan_2026_R,true_negative
japan_2026_R_01707,japan_2026_R,Japanese Grand Prix,1.0,gbdt,0.3478781789758984,japan_2026_R,other
japan_2026_R_01708,japan_2026_R,Japanese Grand Prix,1.0,gbdt,0.17922818238959917,japan_2026_R,false_negative
japan_2026_R_01709,japan_2026_R,Japanese Grand Prix,0.0,gbdt,0.16350374282618352,japan_2026_R,true_negative
japan_2026_R_01710,japan_2026_R,Japanese Grand Prix,0.0,gbdt,0.18902459059371796,japan_2026_R,true_negative
japan_2026_R_01711,japan_2026_R,Japanese Grand Prix,0.0,gbdt,0.2994195186033129,japan_2026_R,other
japan_2026_R_01712,japan_2026_R,Japanese Grand Prix,1.0,gbdt,0.7413206587307053,japan_2026_R,true_positive
japan_2026_R_01713,japan_2026_R,Japanese Grand Prix,1.0,gbdt,0.8578407376579545,japan_2026_R,true_positive
japan_2026_R_01714,japan_2026_R,Japanese Grand Prix,0.0,gbdt,0.03534085286649804,japan_2026_R,true_negative
japan_2026_R_01715,japan_2026_R,Japanese Grand Prix,0.0,gbdt,0.04241214642009422,japan_2026_R,true_negative
japan_2026_R_01716,japan_2026_R,Japanese Grand Prix,1.0,gbdt,0.9601830076016435,japan_2026_R,true_positive
japan_2026_R_01717,japan_2026_R,Japanese Grand Prix,0.0,gbdt,0.048179917793364925,japan_2026_R,true_negative
japan_2026_R_01718,japan_2026_R,Japanese Grand Prix,0.0,gbdt,0.03588283739972637,japan_2026_R,true_negative
japan_2026_R_01719,japan_2026_R,Japanese Grand Prix,0.0,gbdt,0.04743202356004018,japan_2026_R,true_negative
japan_2026_R_01720,japan_2026_R,Japanese Grand Prix,0.0,gbdt,0.5924474600472753,japan_2026_R,false_positive
japan_2026_R_01721,japan_2026_R,Japanese Grand Prix,1.0,gbdt,0.8881990932279323,japan_2026_R,true_positive
japan_2026_R_01722,japan_2026_R,Japanese Grand Prix,0.0,gbdt,0.1288941430954372,japan_2026_R,true_negative
japan_2026_R_01723,japan_2026_R,Japanese Grand Prix,0.0,gbdt,0.01337985468864644,japan_2026_R,true_negative
japan_2026_R_01724,japan_2026_R,Japanese Grand Prix,0.0,gbdt,0.0170539103176297,japan_2026_R,true_negative
japan_2026_R_01725,japan_2026_R,Japanese Grand Prix,0.0,gbdt,0.5269213447276975,japan_2026_R,false_positive
japan_2026_R_01726,japan_2026_R,Japanese Grand Prix,0.0,gbdt,0.4142203820253056,japan_2026_R,other
japan_2026_R_01727,japan_2026_R,Japanese Grand Prix,0.0,gbdt,0.09219659578050644,japan_2026_R,true_negative
japan_2026_R_01728,japan_2026_R,Japanese Grand Prix,0.0,gbdt,0.017376773099954636,japan_2026_R,true_negative
japan_2026_R_01730,japan_2026_R,Japanese Grand Prix,1.0,gbdt,0.12541139031698878,japan_2026_R,false_negative
japan_2026_R_01731,japan_2026_R,Japanese Grand Prix,0.0,gbdt,0.017158038608691167,japan_2026_R,true_negative
japan_2026_R_01732,japan_2026_R,Japanese Grand Prix,0.0,gbdt,0.11314382108829184,japan_2026_R,true_negative
japan_2026_R_01733,japan_2026_R,Japanese Grand Prix,0.0,gbdt,0.5072796957154673,japan_2026_R,false_positive
japan_2026_R_01734,japan_2026_R,Japanese Grand Prix,0.0,gbdt,0.03174695616467568,japan_2026_R,true_negative
japan_2026_R_01735,japan_2026_R,Japanese Grand Prix,0.0,gbdt,0.4242354238499354,japan_2026_R,other
japan_2026_R_01736,japan_2026_R,Japanese Grand Prix,1.0,gbdt,0.4104165778674408,japan_2026_R,other
japan_2026_R_01737,japan_2026_R,Japanese Grand Prix,0.0,gbdt,0.5898863206520366,japan_2026_R,false_positive
japan_2026_R_01738,japan_2026_R,Japanese Grand Prix,0.0,gbdt,0.025964210797973838,japan_2026_R,true_negative
japan_2026_R_01739,japan_2026_R,Japanese Grand Prix,0.0,gbdt,0.8388034013330528,japan_2026_R,false_positive
japan_2026_R_01740,japan_2026_R,Japanese Grand Prix,0.0,gbdt,0.03585925859984258,japan_2026_R,true_negative
japan_2026_R_01741,japan_2026_R,Japanese Grand Prix,0.0,gbdt,0.0313637790510725,japan_2026_R,true_negative
japan_2026_R_01742,japan_2026_R,Japanese Grand Prix,0.0,gbdt,0.24720774402442722,japan_2026_R,other
japan_2026_R_01743,japan_2026_R,Japanese Grand Prix,0.0,gbdt,0.5875912741445707,japan_2026_R,false_positive
japan_2026_R_01744,japan_2026_R,Japanese Grand Prix,0.0,gbdt,0.4429884784882117,japan_2026_R,other
japan_2026_R_01745,japan_2026_R,Japanese Grand Prix,0.0,gbdt,0.05136676752224453,japan_2026_R,true_negative
japan_2026_R_01746,japan_2026_R,Japanese Grand Prix,0.0,gbdt,0.01356510450994585,japan_2026_R,true_negative
japan_2026_R_01747,japan_2026_R,Japanese Grand Prix,0.0,gbdt,0.014777272595825657,japan_2026_R,true_negative
japan_2026_R_01748,japan_2026_R,Japanese Grand Prix,0.0,gbdt,0.024304719486868916,japan_2026_R,true_negative
japan_2026_R_01750,japan_2026_R,Japanese Grand Prix,1.0,gbdt,0.3590040145109438,japan_2026_R,other
japan_2026_R_01751,japan_2026_R,Japanese Grand Prix,0.0,gbdt,0.2548601572478181,japan_2026_R,other
japan_2026_R_01752,japan_2026_R,Japanese Grand Prix,0.0,gbdt,0.05401874293061451,japan_2026_R,true_negative
japan_2026_R_01753,japan_2026_R,Japanese Grand Prix,1.0,gbdt,0.9163121857966235,japan_2026_R,true_positive
japan_2026_R_01754,japan_2026_R,Japanese Grand Prix,0.0,gbdt,0.05025955601310567,japan_2026_R,true_negative
japan_2026_R_01755,japan_2026_R,Japanese Grand Prix,0.0,gbdt,0.0513995348779177,japan_2026_R,true_negative
japan_2026_R_01756,japan_2026_R,Japanese Grand Prix,0.0,gbdt,0.032040892454314684,japan_2026_R,true_negative
japan_2026_R_01757,japan_2026_R,Japanese Grand Prix,0.0,gbdt,0.040008166114573904,japan_2026_R,true_negative
japan_2026_R_01758,japan_2026_R,Japanese Grand Prix,0.0,gbdt,0.17936599801757658,japan_2026_R,true_negative
japan_2026_R_01759,japan_2026_R,Japanese Grand Prix,1.0,gbdt,0.9661560900385054,japan_2026_R,true_positive
japan_2026_R_01760,japan_2026_R,Japanese Grand Prix,0.0,gbdt,0.18386244807790694,japan_2026_R,true_negative
japan_2026_R_01761,japan_2026_R,Japanese Grand Prix,1.0,gbdt,0.44758144762536245,japan_2026_R,other
japan_2026_R_01762,japan_2026_R,Japanese Grand Prix,0.0,gbdt,0.838417126483827,japan_2026_R,false_positive
japan_2026_R_01763,japan_2026_R,Japanese Grand Prix,0.0,gbdt,0.05639187832934839,japan_2026_R,true_negative
japan_2026_R_01764,japan_2026_R,Japanese Grand Prix,1.0,gbdt,0.9006530897505991,japan_2026_R,true_positive
japan_2026_R_01765,japan_2026_R,Japanese Grand Prix,0.0,gbdt,0.02770017401216666,japan_2026_R,true_negative
japan_2026_R_01766,japan_2026_R,Japanese Grand Prix,0.0,gbdt,0.017223963461667775,japan_2026_R,true_negative
japan_2026_R_01767,japan_2026_R,Japanese Grand Prix,0.0,gbdt,0.020951772931333268,japan_2026_R,true_negative
japan_2026_R_01768,japan_2026_R,Japanese Grand Prix,0.0,gbdt,0.06706033213420738,japan_2026_R,true_negative
japan_2026_R_01769,japan_2026_R,Japanese Grand Prix,0.0,gbdt,0.30487380606300246,japan_2026_R,other
japan_2026_R_01770,japan_2026_R,Japanese Grand Prix,0.0,gbdt,0.6033179303205103,japan_2026_R,false_positive
japan_2026_R_01771,japan_2026_R,Japanese Grand Prix,0.0,gbdt,0.9289868045216452,japan_2026_R,false_positive
japan_2026_R_01772,japan_2026_R,Japanese Grand Prix,0.0,gbdt,0.7617713589194764,japan_2026_R,false_positive
japan_2026_R_01773,japan_2026_R,Japanese Grand Prix,1.0,gbdt,0.9454233662524598,japan_2026_R,true_positive
japan_2026_R_01774,japan_2026_R,Japanese Grand Prix,0.0,gbdt,0.07340016646257455,japan_2026_R,true_negative
japan_2026_R_01775,japan_2026_R,Japanese Grand Prix,0.0,gbdt,0.06907042095460683,japan_2026_R,true_negative
japan_2026_R_01776,japan_2026_R,Japanese Grand Prix,1.0,gbdt,0.836495694525828,japan_2026_R,true_positive
japan_2026_R_01777,japan_2026_R,Japanese Grand Prix,0.0,gbdt,0.06219772952012982,japan_2026_R,true_negative
japan_2026_R_01778,japan_2026_R,Japanese Grand Prix,0.0,gbdt,0.2663095457799686,japan_2026_R,other
japan_2026_R_01779,japan_2026_R,Japanese Grand Prix,0.0,gbdt,0.04416643582100201,japan_2026_R,true_negative
japan_2026_R_01780,japan_2026_R,Japanese Grand Prix,0.0,gbdt,0.06033102075276571,japan_2026_R,true_negative
japan_2026_R_01781,japan_2026_R,Japanese Grand Prix,0.0,gbdt,0.631350859687488,japan_2026_R,false_positive
japan_2026_R_01782,japan_2026_R,Japanese Grand Prix,0.0,gbdt,0.10216805600911498,japan_2026_R,true_negative
japan_2026_R_01783,japan_2026_R,Japanese Grand Prix,0.0,gbdt,0.04832523217966519,japan_2026_R,true_negative
japan_2026_R_01784,japan_2026_R,Japanese Grand Prix,1.0,gbdt,0.9341335388678418,japan_2026_R,true_positive
japan_2026_R_01785,japan_2026_R,Japanese Grand Prix,1.0,gbdt,0.5364107347873507,japan_2026_R,true_positive
japan_2026_R_01786,japan_2026_R,Japanese Grand Prix,0.0,gbdt,0.0254049010117762,japan_2026_R,true_negative
japan_2026_R_01787,japan_2026_R,Japanese Grand Prix,0.0,gbdt,0.0636032244433077,japan_2026_R,true_negative
japan_2026_R_01788,japan_2026_R,Japanese Grand Prix,0.0,gbdt,0.02731776461360484,japan_2026_R,true_negative
japan_2026_R_01789,japan_2026_R,Japanese Grand Prix,0.0,gbdt,0.012551060072626609,japan_2026_R,true_negative
japan_2026_R_01790,japan_2026_R,Japanese Grand Prix,0.0,gbdt,0.21503214943302731,japan_2026_R,other
japan_2026_R_01791,japan_2026_R,Japanese Grand Prix,0.0,gbdt,0.638973595925307,japan_2026_R,false_positive
japan_2026_R_01792,japan_2026_R,Japanese Grand Prix,1.0,gbdt,0.3358207006245311,japan_2026_R,other
japan_2026_R_01793,japan_2026_R,Japanese Grand Prix,0.0,gbdt,0.9003029011627245,japan_2026_R,false_positive
japan_2026_R_01794,japan_2026_R,Japanese Grand Prix,0.0,gbdt,0.048408094033670135,japan_2026_R,true_negative
japan_2026_R_01795,japan_2026_R,Japanese Grand Prix,1.0,gbdt,0.599764171638028,japan_2026_R,true_positive
japan_2026_R_01796,japan_2026_R,Japanese Grand Prix,0.0,gbdt,0.022843378298961145,japan_2026_R,true_negative
japan_2026_R_01797,japan_2026_R,Japanese Grand Prix,0.0,gbdt,0.032071754991137,japan_2026_R,true_negative
japan_2026_R_01798,japan_2026_R,Japanese Grand Prix,1.0,gbdt,0.9694341289784256,japan_2026_R,true_positive
japan_2026_R_01799,japan_2026_R,Japanese Grand Prix,0.0,gbdt,0.0344227800620527,japan_2026_R,true_negative
japan_2026_R_01800,japan_2026_R,Japanese Grand Prix,0.0,gbdt,0.04381884751581238,japan_2026_R,true_negative
japan_2026_R_01801,japan_2026_R,Japanese Grand Prix,0.0,gbdt,0.04420273866929897,japan_2026_R,true_negative
japan_2026_R_01802,japan_2026_R,Japanese Grand Prix,1.0,gbdt,0.6785664266703408,japan_2026_R,true_positive
japan_2026_R_01803,japan_2026_R,Japanese Grand Prix,0.0,gbdt,0.019930530496902136,japan_2026_R,true_negative
japan_2026_R_01804,japan_2026_R,Japanese Grand Prix,0.0,gbdt,0.01888306688458176,japan_2026_R,true_negative
japan_2026_R_01805,japan_2026_R,Japanese Grand Prix,0.0,gbdt,0.058549069597874634,japan_2026_R,true_negative
japan_2026_R_01806,japan_2026_R,Japanese Grand Prix,0.0,gbdt,0.026064011803294374,japan_2026_R,true_negative
japan_2026_R_01807,japan_2026_R,Japanese Grand Prix,0.0,gbdt,0.07721407498944237,japan_2026_R,true_negative
japan_2026_R_01808,japan_2026_R,Japanese Grand Prix,0.0,gbdt,0.04261973628785085,japan_2026_R,true_negative
japan_2026_R_01809,japan_2026_R,Japanese Grand Prix,0.0,gbdt,0.09136193362044874,japan_2026_R,true_negative
japan_2026_R_01810,japan_2026_R,Japanese Grand Prix,1.0,gbdt,0.039112768596318896,japan_2026_R,false_negative
japan_2026_R_01811,japan_2026_R,Japanese Grand Prix,0.0,gbdt,0.6184191087655239,japan_2026_R,false_positive
japan_2026_R_01812,japan_2026_R,Japanese Grand Prix,0.0,gbdt,0.9203788769395896,japan_2026_R,false_positive
japan_2026_R_01813,japan_2026_R,Japanese Grand Prix,1.0,gbdt,0.05816743321850917,japan_2026_R,false_negative
japan_2026_R_01814,japan_2026_R,Japanese Grand Prix,0.0,gbdt,0.018492964073251,japan_2026_R,true_negative
japan_2026_R_01815,japan_2026_R,Japanese Grand Prix,0.0,gbdt,0.041481432361287256,japan_2026_R,true_negative
japan_2026_R_01816,japan_2026_R,Japanese Grand Prix,0.0,gbdt,0.03350781938911295,japan_2026_R,true_negative
japan_2026_R_01817,japan_2026_R,Japanese Grand Prix,0.0,gbdt,0.05317965123543701,japan_2026_R,true_negative
japan_2026_R_01818,japan_2026_R,Japanese Grand Prix,0.0,gbdt,0.040276550033690885,japan_2026_R,true_negative
japan_2026_R_01819,japan_2026_R,Japanese Grand Prix,0.0,gbdt,0.6237891575113831,japan_2026_R,false_positive
japan_2026_R_01820,japan_2026_R,Japanese Grand Prix,0.0,gbdt,0.06557573040354435,japan_2026_R,true_negative
japan_2026_R_01821,japan_2026_R,Japanese Grand Prix,0.0,gbdt,0.05748987471396501,japan_2026_R,true_negative
japan_2026_R_01822,japan_2026_R,Japanese Grand Prix,0.0,gbdt,0.07437826918681016,japan_2026_R,true_negative
japan_2026_R_01823,japan_2026_R,Japanese Grand Prix,0.0,gbdt,0.29023272318499677,japan_2026_R,other
japan_2026_R_01824,japan_2026_R,Japanese Grand Prix,0.0,gbdt,0.24790710765391538,japan_2026_R,other
japan_2026_R_01825,japan_2026_R,Japanese Grand Prix,1.0,gbdt,0.014333228118335255,japan_2026_R,false_negative
japan_2026_R_01826,japan_2026_R,Japanese Grand Prix,0.0,gbdt,0.10406844753703189,japan_2026_R,true_negative
japan_2026_R_01827,japan_2026_R,Japanese Grand Prix,0.0,gbdt,0.014368746505038601,japan_2026_R,true_negative
japan_2026_R_01828,japan_2026_R,Japanese Grand Prix,0.0,gbdt,0.021286442348815913,japan_2026_R,true_negative
japan_2026_R_01829,japan_2026_R,Japanese Grand Prix,0.0,gbdt,0.7808566523050452,japan_2026_R,false_positive
japan_2026_R_01830,japan_2026_R,Japanese Grand Prix,0.0,gbdt,0.704860690633825,japan_2026_R,false_positive
japan_2026_R_01831,japan_2026_R,Japanese Grand Prix,1.0,gbdt,0.3081988065736369,japan_2026_R,other
japan_2026_R_01832,japan_2026_R,Japanese Grand Prix,0.0,gbdt,0.027001984958270248,japan_2026_R,true_negative
japan_2026_R_01833,japan_2026_R,Japanese Grand Prix,0.0,gbdt,0.741051710115701,japan_2026_R,false_positive
japan_2026_R_01834,japan_2026_R,Japanese Grand Prix,0.0,gbdt,0.014526957837057012,japan_2026_R,true_negative
japan_2026_R_01835,japan_2026_R,Japanese Grand Prix,0.0,gbdt,0.2938513538079463,japan_2026_R,other
japan_2026_R_01836,japan_2026_R,Japanese Grand Prix,0.0,gbdt,0.0378123476779156,japan_2026_R,true_negative
japan_2026_R_01837,japan_2026_R,Japanese Grand Prix,0.0,gbdt,0.08840362008288313,japan_2026_R,true_negative
japan_2026_R_01838,japan_2026_R,Japanese Grand Prix,0.0,gbdt,0.0772219742531781,japan_2026_R,true_negative
japan_2026_R_01839,japan_2026_R,Japanese Grand Prix,0.0,gbdt,0.05706174278583495,japan_2026_R,true_negative
japan_2026_R_01840,japan_2026_R,Japanese Grand Prix,0.0,gbdt,0.029244447870816835,japan_2026_R,true_negative
japan_2026_R_01841,japan_2026_R,Japanese Grand Prix,0.0,gbdt,0.12070872061668748,japan_2026_R,true_negative
japan_2026_R_01842,japan_2026_R,Japanese Grand Prix,0.0,gbdt,0.03306297830764523,japan_2026_R,true_negative
japan_2026_R_01843,japan_2026_R,Japanese Grand Prix,0.0,gbdt,0.025103683090374213,japan_2026_R,true_negative
japan_2026_R_01844,japan_2026_R,Japanese Grand Prix,1.0,gbdt,0.3476479715255547,japan_2026_R,other
japan_2026_R_01845,japan_2026_R,Japanese Grand Prix,0.0,gbdt,0.4506103631849381,japan_2026_R,other
japan_2026_R_01846,japan_2026_R,Japanese Grand Prix,0.0,gbdt,0.08395844023715589,japan_2026_R,true_negative
japan_2026_R_01847,japan_2026_R,Japanese Grand Prix,0.0,gbdt,0.018246806802218817,japan_2026_R,true_negative
japan_2026_R_01848,japan_2026_R,Japanese Grand Prix,0.0,gbdt,0.30752789269715375,japan_2026_R,other
japan_2026_R_01849,japan_2026_R,Japanese Grand Prix,0.0,gbdt,0.17226882073729324,japan_2026_R,true_negative
japan_2026_R_01850,japan_2026_R,Japanese Grand Prix,0.0,gbdt,0.06480845149420585,japan_2026_R,true_negative
japan_2026_R_01852,japan_2026_R,Japanese Grand Prix,1.0,gbdt,0.01436551939710329,japan_2026_R,false_negative
japan_2026_R_01853,japan_2026_R,Japanese Grand Prix,0.0,gbdt,0.03266282224401115,japan_2026_R,true_negative
japan_2026_R_01854,japan_2026_R,Japanese Grand Prix,0.0,gbdt,0.014687647177203314,japan_2026_R,true_negative
japan_2026_R_01855,japan_2026_R,Japanese Grand Prix,0.0,gbdt,0.06269643702807245,japan_2026_R,true_negative
japan_2026_R_01856,japan_2026_R,Japanese Grand Prix,0.0,gbdt,0.022414238419019142,japan_2026_R,true_negative
japan_2026_R_01857,japan_2026_R,Japanese Grand Prix,0.0,gbdt,0.04762947803286453,japan_2026_R,true_negative
japan_2026_R_01858,japan_2026_R,Japanese Grand Prix,0.0,gbdt,0.11047142552170358,japan_2026_R,true_negative
japan_2026_R_01859,japan_2026_R,Japanese Grand Prix,0.0,gbdt,0.03361825776702865,japan_2026_R,true_negative
japan_2026_R_01860,japan_2026_R,Japanese Grand Prix,0.0,gbdt,0.05923505666943919,japan_2026_R,true_negative
japan_2026_R_01861,japan_2026_R,Japanese Grand Prix,0.0,gbdt,0.052609592795601734,japan_2026_R,true_negative
japan_2026_R_01862,japan_2026_R,Japanese Grand Prix,0.0,gbdt,0.09533964210997703,japan_2026_R,true_negative
japan_2026_R_01863,japan_2026_R,Japanese Grand Prix,0.0,gbdt,0.4782031861738707,japan_2026_R,other
japan_2026_R_01864,japan_2026_R,Japanese Grand Prix,1.0,gbdt,0.04669452413452988,japan_2026_R,false_negative
japan_2026_R_01865,japan_2026_R,Japanese Grand Prix,1.0,gbdt,0.959224666327196,japan_2026_R,true_positive
japan_2026_R_01866,japan_2026_R,Japanese Grand Prix,0.0,gbdt,0.012682703743694774,japan_2026_R,true_negative
japan_2026_R_01867,japan_2026_R,Japanese Grand Prix,0.0,gbdt,0.05413309947006832,japan_2026_R,true_negative
japan_2026_R_01868,japan_2026_R,Japanese Grand Prix,1.0,gbdt,0.8100488625273837,japan_2026_R,true_positive
japan_2026_R_01869,japan_2026_R,Japanese Grand Prix,1.0,gbdt,0.35350491140811985,japan_2026_R,other
japan_2026_R_01870,japan_2026_R,Japanese Grand Prix,0.0,gbdt,0.06327322356396362,japan_2026_R,true_negative
japan_2026_R_01871,japan_2026_R,Japanese Grand Prix,1.0,gbdt,0.4706484727464026,japan_2026_R,other
japan_2026_R_01872,japan_2026_R,Japanese Grand Prix,0.0,gbdt,0.015946959604056336,japan_2026_R,true_negative
japan_2026_R_01873,japan_2026_R,Japanese Grand Prix,0.0,gbdt,0.023025312532143603,japan_2026_R,true_negative
japan_2026_R_01874,japan_2026_R,Japanese Grand Prix,1.0,gbdt,0.9603591288683627,japan_2026_R,true_positive
japan_2026_R_01875,japan_2026_R,Japanese Grand Prix,0.0,gbdt,0.9211967306040412,japan_2026_R,false_positive
japan_2026_R_01876,japan_2026_R,Japanese Grand Prix,0.0,gbdt,0.043519226438418906,japan_2026_R,true_negative
japan_2026_R_01877,japan_2026_R,Japanese Grand Prix,0.0,gbdt,0.05813248084442297,japan_2026_R,true_negative
japan_2026_R_01878,japan_2026_R,Japanese Grand Prix,0.0,gbdt,0.05628294363954303,japan_2026_R,true_negative
japan_2026_R_01879,japan_2026_R,Japanese Grand Prix,0.0,gbdt,0.036529177920780954,japan_2026_R,true_negative
japan_2026_R_01880,japan_2026_R,Japanese Grand Prix,0.0,gbdt,0.03113247716153894,japan_2026_R,true_negative
japan_2026_R_01881,japan_2026_R,Japanese Grand Prix,0.0,gbdt,0.03715282390631697,japan_2026_R,true_negative
japan_2026_R_01882,japan_2026_R,Japanese Grand Prix,0.0,gbdt,0.0365281205022438,japan_2026_R,true_negative
japan_2026_R_01884,japan_2026_R,Japanese Grand Prix,0.0,gbdt,0.04666892805134186,japan_2026_R,true_negative
japan_2026_R_01885,japan_2026_R,Japanese Grand Prix,1.0,gbdt,0.41046339849152014,japan_2026_R,other
japan_2026_R_01886,japan_2026_R,Japanese Grand Prix,0.0,gbdt,0.12470948117690799,japan_2026_R,true_negative
japan_2026_R_01887,japan_2026_R,Japanese Grand Prix,0.0,gbdt,0.30164215321923965,japan_2026_R,other
japan_2026_R_01888,japan_2026_R,Japanese Grand Prix,0.0,gbdt,0.03480133365801295,japan_2026_R,true_negative
japan_2026_R_01889,japan_2026_R,Japanese Grand Prix,0.0,gbdt,0.11500054643531496,japan_2026_R,true_negative
japan_2026_R_01890,japan_2026_R,Japanese Grand Prix,0.0,gbdt,0.02395834770285318,japan_2026_R,true_negative
japan_2026_R_01891,japan_2026_R,Japanese Grand Prix,0.0,gbdt,0.05705091420201186,japan_2026_R,true_negative
japan_2026_R_01892,japan_2026_R,Japanese Grand Prix,0.0,gbdt,0.06268712998309083,japan_2026_R,true_negative
japan_2026_R_01893,japan_2026_R,Japanese Grand Prix,1.0,gbdt,0.9328708412632198,japan_2026_R,true_positive
japan_2026_R_01894,japan_2026_R,Japanese Grand Prix,0.0,gbdt,0.26112687505149884,japan_2026_R,other
japan_2026_R_01895,japan_2026_R,Japanese Grand Prix,0.0,gbdt,0.014548150371304747,japan_2026_R,true_negative
japan_2026_R_01896,japan_2026_R,Japanese Grand Prix,0.0,gbdt,0.15136658391673818,japan_2026_R,true_negative
japan_2026_R_01897,japan_2026_R,Japanese Grand Prix,0.0,gbdt,0.28205418367384816,japan_2026_R,other
japan_2026_R_01899,japan_2026_R,Japanese Grand Prix,1.0,gbdt,0.5741018380090356,japan_2026_R,true_positive
japan_2026_R_01900,japan_2026_R,Japanese Grand Prix,0.0,gbdt,0.011216840035990557,japan_2026_R,true_negative
japan_2026_R_01903,japan_2026_R,Japanese Grand Prix,0.0,gbdt,0.03773995563935419,japan_2026_R,true_negative
japan_2026_R_01904,japan_2026_R,Japanese Grand Prix,0.0,gbdt,0.126355100701127,japan_2026_R,true_negative
japan_2026_R_01905,japan_2026_R,Japanese Grand Prix,0.0,gbdt,0.22723508383895308,japan_2026_R,other
japan_2026_R_01906,japan_2026_R,Japanese Grand Prix,0.0,gbdt,0.017787263878572497,japan_2026_R,true_negative
japan_2026_R_01907,japan_2026_R,Japanese Grand Prix,0.0,gbdt,0.039293981535672116,japan_2026_R,true_negative
japan_2026_R_01908,japan_2026_R,Japanese Grand Prix,0.0,gbdt,0.0971953742802016,japan_2026_R,true_negative
japan_2026_R_01910,japan_2026_R,Japanese Grand Prix,0.0,gbdt,0.040878123708287493,japan_2026_R,true_negative
japan_2026_R_01911,japan_2026_R,Japanese Grand Prix,0.0,gbdt,0.054123190869658076,japan_2026_R,true_negative
japan_2026_R_01912,japan_2026_R,Japanese Grand Prix,0.0,gbdt,0.09635833433006351,japan_2026_R,true_negative
japan_2026_R_01914,japan_2026_R,Japanese Grand Prix,1.0,gbdt,0.6043436629329424,japan_2026_R,true_positive
japan_2026_R_01915,japan_2026_R,Japanese Grand Prix,0.0,gbdt,0.34511519295101545,japan_2026_R,other
japan_2026_R_01916,japan_2026_R,Japanese Grand Prix,0.0,gbdt,0.024182959701347276,japan_2026_R,true_negative
japan_2026_R_01917,japan_2026_R,Japanese Grand Prix,0.0,gbdt,0.020575713106475733,japan_2026_R,true_negative
japan_2026_R_01918,japan_2026_R,Japanese Grand Prix,0.0,gbdt,0.017941344767659927,japan_2026_R,true_negative
japan_2026_R_01919,japan_2026_R,Japanese Grand Prix,0.0,gbdt,0.44232300708683525,japan_2026_R,other
japan_2026_R_01920,japan_2026_R,Japanese Grand Prix,0.0,gbdt,0.07036349405186092,japan_2026_R,true_negative
japan_2026_R_01923,japan_2026_R,Japanese Grand Prix,0.0,gbdt,0.016502208958556492,japan_2026_R,true_negative
japan_2026_R_01924,japan_2026_R,Japanese Grand Prix,0.0,gbdt,0.019721751258338558,japan_2026_R,true_negative
japan_2026_R_01925,japan_2026_R,Japanese Grand Prix,0.0,gbdt,0.03482584877375061,japan_2026_R,true_negative
japan_2026_R_01926,japan_2026_R,Japanese Grand Prix,1.0,gbdt,0.02376248091082153,japan_2026_R,false_negative
japan_2026_R_01927,japan_2026_R,Japanese Grand Prix,0.0,gbdt,0.019538575474973004,japan_2026_R,true_negative
japan_2026_R_01928,japan_2026_R,Japanese Grand Prix,0.0,gbdt,0.3506440825293484,japan_2026_R,other
japan_2026_R_01929,japan_2026_R,Japanese Grand Prix,1.0,gbdt,0.5959641223205706,japan_2026_R,true_positive
japan_2026_R_01930,japan_2026_R,Japanese Grand Prix,0.0,gbdt,0.024555936915019755,japan_2026_R,true_negative
japan_2026_R_01931,japan_2026_R,Japanese Grand Prix,1.0,gbdt,0.9338219951317104,japan_2026_R,true_positive
japan_2026_R_01932,japan_2026_R,Japanese Grand Prix,1.0,gbdt,0.8188541871874558,japan_2026_R,true_positive
japan_2026_R_01933,japan_2026_R,Japanese Grand Prix,0.0,gbdt,0.4031779694696042,japan_2026_R,other
japan_2026_R_01934,japan_2026_R,Japanese Grand Prix,0.0,gbdt,0.0366906301286807,japan_2026_R,true_negative
japan_2026_R_01935,japan_2026_R,Japanese Grand Prix,0.0,gbdt,0.21645625958795187,japan_2026_R,other
japan_2026_R_01936,japan_2026_R,Japanese Grand Prix,1.0,gbdt,0.1085953861858392,japan_2026_R,false_negative
japan_2026_R_01937,japan_2026_R,Japanese Grand Prix,0.0,gbdt,0.33007600295881645,japan_2026_R,other
japan_2026_R_01938,japan_2026_R,Japanese Grand Prix,0.0,gbdt,0.12651795521746512,japan_2026_R,true_negative
japan_2026_R_01939,japan_2026_R,Japanese Grand Prix,0.0,gbdt,0.05389392166341618,japan_2026_R,true_negative
japan_2026_R_01940,japan_2026_R,Japanese Grand Prix,0.0,gbdt,0.013930356031720933,japan_2026_R,true_negative
japan_2026_R_01941,japan_2026_R,Japanese Grand Prix,1.0,gbdt,0.4383834510757571,japan_2026_R,other
japan_2026_R_01942,japan_2026_R,Japanese Grand Prix,0.0,gbdt,0.04367317973711851,japan_2026_R,true_negative
japan_2026_R_01943,japan_2026_R,Japanese Grand Prix,0.0,gbdt,0.03692205697715314,japan_2026_R,true_negative
japan_2026_R_01944,japan_2026_R,Japanese Grand Prix,0.0,gbdt,0.04502244759558766,japan_2026_R,true_negative
japan_2026_R_01945,japan_2026_R,Japanese Grand Prix,0.0,gbdt,0.09004963421062759,japan_2026_R,true_negative
japan_2026_R_01946,japan_2026_R,Japanese Grand Prix,0.0,gbdt,0.2857241537577864,japan_2026_R,other
japan_2026_R_01947,japan_2026_R,Japanese Grand Prix,0.0,gbdt,0.20171574791232358,japan_2026_R,other
japan_2026_R_01948,japan_2026_R,Japanese Grand Prix,1.0,gbdt,0.7515838798037267,japan_2026_R,true_positive
japan_2026_R_01949,japan_2026_R,Japanese Grand Prix,0.0,gbdt,0.016797356786222725,japan_2026_R,true_negative
japan_2026_R_01951,japan_2026_R,Japanese Grand Prix,1.0,gbdt,0.8441505089505977,japan_2026_R,true_positive
japan_2026_R_01952,japan_2026_R,Japanese Grand Prix,0.0,gbdt,0.11867844713572401,japan_2026_R,true_negative
japan_2026_R_01953,japan_2026_R,Japanese Grand Prix,0.0,gbdt,0.04459041336462408,japan_2026_R,true_negative
japan_2026_R_01954,japan_2026_R,Japanese Grand Prix,0.0,gbdt,0.05329047155165187,japan_2026_R,true_negative
japan_2026_R_01955,japan_2026_R,Japanese Grand Prix,0.0,gbdt,0.018080063450258352,japan_2026_R,true_negative
japan_2026_R_01956,japan_2026_R,Japanese Grand Prix,0.0,gbdt,0.7265052472275405,japan_2026_R,false_positive
japan_2026_R_01957,japan_2026_R,Japanese Grand Prix,0.0,gbdt,0.05272284300472773,japan_2026_R,true_negative
japan_2026_R_01958,japan_2026_R,Japanese Grand Prix,0.0,gbdt,0.0730434396302718,japan_2026_R,true_negative
japan_2026_R_01959,japan_2026_R,Japanese Grand Prix,0.0,gbdt,0.027231505571672806,japan_2026_R,true_negative
japan_2026_R_01960,japan_2026_R,Japanese Grand Prix,0.0,gbdt,0.290336724444698,japan_2026_R,other
japan_2026_R_01961,japan_2026_R,Japanese Grand Prix,1.0,gbdt,0.660032026808249,japan_2026_R,true_positive
japan_2026_R_01962,japan_2026_R,Japanese Grand Prix,0.0,gbdt,0.7838903720670939,japan_2026_R,false_positive
japan_2026_R_01963,japan_2026_R,Japanese Grand Prix,1.0,gbdt,0.7041677032416348,japan_2026_R,true_positive
japan_2026_R_01964,japan_2026_R,Japanese Grand Prix,0.0,gbdt,0.48968821760222436,japan_2026_R,other
japan_2026_R_01965,japan_2026_R,Japanese Grand Prix,0.0,gbdt,0.5823352696674752,japan_2026_R,false_positive
japan_2026_R_01966,japan_2026_R,Japanese Grand Prix,0.0,gbdt,0.3135558475759369,japan_2026_R,other
japan_2026_R_01967,japan_2026_R,Japanese Grand Prix,0.0,gbdt,0.026089428892451152,japan_2026_R,true_negative
japan_2026_R_01969,japan_2026_R,Japanese Grand Prix,0.0,gbdt,0.3256445672372263,japan_2026_R,other
japan_2026_R_01970,japan_2026_R,Japanese Grand Prix,0.0,gbdt,0.797280294381765,japan_2026_R,false_positive
japan_2026_R_01971,japan_2026_R,Japanese Grand Prix,0.0,gbdt,0.060766942947716056,japan_2026_R,true_negative
japan_2026_R_01973,japan_2026_R,Japanese Grand Prix,0.0,gbdt,0.03194866538969255,japan_2026_R,true_negative
japan_2026_R_01974,japan_2026_R,Japanese Grand Prix,0.0,gbdt,0.05901547316244534,japan_2026_R,true_negative
japan_2026_R_01975,japan_2026_R,Japanese Grand Prix,0.0,gbdt,0.015969028955080736,japan_2026_R,true_negative
japan_2026_R_01976,japan_2026_R,Japanese Grand Prix,0.0,gbdt,0.030889762898641683,japan_2026_R,true_negative
japan_2026_R_01977,japan_2026_R,Japanese Grand Prix,0.0,gbdt,0.0525423096145448,japan_2026_R,true_negative
japan_2026_R_01979,japan_2026_R,Japanese Grand Prix,0.0,gbdt,0.7272480151946545,japan_2026_R,false_positive
japan_2026_R_01981,japan_2026_R,Japanese Grand Prix,0.0,gbdt,0.3259437769170843,japan_2026_R,other
japan_2026_R_01982,japan_2026_R,Japanese Grand Prix,0.0,gbdt,0.03627522416234053,japan_2026_R,true_negative
japan_2026_R_01983,japan_2026_R,Japanese Grand Prix,0.0,gbdt,0.07967251246928272,japan_2026_R,true_negative
japan_2026_R_01984,japan_2026_R,Japanese Grand Prix,0.0,gbdt,0.013181253578462277,japan_2026_R,true_negative
japan_2026_R_01985,japan_2026_R,Japanese Grand Prix,0.0,gbdt,0.03518677415238561,japan_2026_R,true_negative
japan_2026_R_01986,japan_2026_R,Japanese Grand Prix,0.0,gbdt,0.05705091420201186,japan_2026_R,true_negative
japan_2026_R_01988,japan_2026_R,Japanese Grand Prix,0.0,gbdt,0.026396169554513352,japan_2026_R,true_negative
japan_2026_R_01989,japan_2026_R,Japanese Grand Prix,0.0,gbdt,0.08570834569211953,japan_2026_R,true_negative
japan_2026_R_01990,japan_2026_R,Japanese Grand Prix,0.0,gbdt,0.03336962104182136,japan_2026_R,true_negative
japan_2026_R_01991,japan_2026_R,Japanese Grand Prix,0.0,gbdt,0.07026130743966456,japan_2026_R,true_negative
japan_2026_R_01992,japan_2026_R,Japanese Grand Prix,1.0,gbdt,0.13907247228704933,japan_2026_R,false_negative
japan_2026_R_01993,japan_2026_R,Japanese Grand Prix,0.0,gbdt,0.040966724418504144,japan_2026_R,true_negative
japan_2026_R_01994,japan_2026_R,Japanese Grand Prix,0.0,gbdt,0.012873332531952863,japan_2026_R,true_negative
japan_2026_R_01995,japan_2026_R,Japanese Grand Prix,0.0,gbdt,0.08051924730515617,japan_2026_R,true_negative
japan_2026_R_01996,japan_2026_R,Japanese Grand Prix,0.0,gbdt,0.01645042025197848,japan_2026_R,true_negative
japan_2026_R_01997,japan_2026_R,Japanese Grand Prix,0.0,gbdt,0.34349986439711644,japan_2026_R,other
japan_2026_R_01998,japan_2026_R,Japanese Grand Prix,0.0,gbdt,0.05705091420201186,japan_2026_R,true_negative
japan_2026_R_01999,japan_2026_R,Japanese Grand Prix,0.0,gbdt,0.797280294381765,japan_2026_R,false_positive
japan_2026_R_02000,japan_2026_R,Japanese Grand Prix,0.0,gbdt,0.013073439148798926,japan_2026_R,true_negative
japan_2026_R_02001,japan_2026_R,Japanese Grand Prix,0.0,gbdt,0.02849741321436898,japan_2026_R,true_negative
japan_2026_R_02002,japan_2026_R,Japanese Grand Prix,0.0,gbdt,0.023898840311468144,japan_2026_R,true_negative
japan_2026_R_02004,japan_2026_R,Japanese Grand Prix,0.0,gbdt,0.036214899296420786,japan_2026_R,true_negative
japan_2026_R_02006,japan_2026_R,Japanese Grand Prix,0.0,gbdt,0.03482572992593559,japan_2026_R,true_negative
japan_2026_R_02007,japan_2026_R,Japanese Grand Prix,0.0,gbdt,0.08035208084918619,japan_2026_R,true_negative
japan_2026_R_02008,japan_2026_R,Japanese Grand Prix,0.0,gbdt,0.04670284625525318,japan_2026_R,true_negative
canada_2026_R_00002,canada_2026_R,Canadian Grand Prix,0.0,gbdt,0.10662758107445316,canada_2026_R,true_negative
canada_2026_R_00003,canada_2026_R,Canadian Grand Prix,0.0,gbdt,0.1244945853679632,canada_2026_R,true_negative
canada_2026_R_00004,canada_2026_R,Canadian Grand Prix,0.0,gbdt,0.23216387501145264,canada_2026_R,other
canada_2026_R_00005,canada_2026_R,Canadian Grand Prix,0.0,gbdt,0.02081821343436786,canada_2026_R,true_negative
canada_2026_R_00006,canada_2026_R,Canadian Grand Prix,0.0,gbdt,0.034607351702657455,canada_2026_R,true_negative
canada_2026_R_00007,canada_2026_R,Canadian Grand Prix,0.0,gbdt,0.059510215950082136,canada_2026_R,true_negative
canada_2026_R_00008,canada_2026_R,Canadian Grand Prix,0.0,gbdt,0.2001108652546023,canada_2026_R,other
canada_2026_R_00011,canada_2026_R,Canadian Grand Prix,0.0,gbdt,0.24193761953716852,canada_2026_R,other
canada_2026_R_00013,canada_2026_R,Canadian Grand Prix,0.0,gbdt,0.15576461106283923,canada_2026_R,true_negative
canada_2026_R_00017,canada_2026_R,Canadian Grand Prix,0.0,gbdt,0.06184845071512136,canada_2026_R,true_negative
canada_2026_R_00018,canada_2026_R,Canadian Grand Prix,0.0,gbdt,0.1748840063340449,canada_2026_R,true_negative
canada_2026_R_00020,canada_2026_R,Canadian Grand Prix,0.0,gbdt,0.27206358447980566,canada_2026_R,other
canada_2026_R_00025,canada_2026_R,Canadian Grand Prix,0.0,gbdt,0.060237811581699725,canada_2026_R,true_negative
canada_2026_R_00026,canada_2026_R,Canadian Grand Prix,0.0,gbdt,0.24694497446672242,canada_2026_R,other
canada_2026_R_00027,canada_2026_R,Canadian Grand Prix,0.0,gbdt,0.05984678656447162,canada_2026_R,true_negative
canada_2026_R_00031,canada_2026_R,Canadian Grand Prix,1.0,gbdt,0.06555948527324978,canada_2026_R,false_negative
canada_2026_R_00032,canada_2026_R,Canadian Grand Prix,1.0,gbdt,0.25824198516111924,canada_2026_R,other
canada_2026_R_00034,canada_2026_R,Canadian Grand Prix,0.0,gbdt,0.0896632447078794,canada_2026_R,true_negative
canada_2026_R_00035,canada_2026_R,Canadian Grand Prix,0.0,gbdt,0.1967215557106147,canada_2026_R,true_negative
canada_2026_R_00038,canada_2026_R,Canadian Grand Prix,1.0,gbdt,0.8617707999407265,canada_2026_R,true_positive
canada_2026_R_00042,canada_2026_R,Canadian Grand Prix,0.0,gbdt,0.022018215273256706,canada_2026_R,true_negative
canada_2026_R_00044,canada_2026_R,Canadian Grand Prix,0.0,gbdt,0.2616366187447202,canada_2026_R,other
canada_2026_R_00047,canada_2026_R,Canadian Grand Prix,0.0,gbdt,0.1573231429820563,canada_2026_R,true_negative
canada_2026_R_00051,canada_2026_R,Canadian Grand Prix,0.0,gbdt,0.017257509642352696,canada_2026_R,true_negative
canada_2026_R_00052,canada_2026_R,Canadian Grand Prix,0.0,gbdt,0.1434163486970831,canada_2026_R,true_negative
canada_2026_R_00053,canada_2026_R,Canadian Grand Prix,0.0,gbdt,0.054633525242162306,canada_2026_R,true_negative
canada_2026_R_00054,canada_2026_R,Canadian Grand Prix,0.0,gbdt,0.02795861466006492,canada_2026_R,true_negative
canada_2026_R_00055,canada_2026_R,Canadian Grand Prix,1.0,gbdt,0.3388876945559515,canada_2026_R,other
canada_2026_R_00058,canada_2026_R,Canadian Grand Prix,0.0,gbdt,0.024321414831983502,canada_2026_R,true_negative
canada_2026_R_00062,canada_2026_R,Canadian Grand Prix,0.0,gbdt,0.0418579956374037,canada_2026_R,true_negative
canada_2026_R_00067,canada_2026_R,Canadian Grand Prix,0.0,gbdt,0.07381618340073695,canada_2026_R,true_negative
canada_2026_R_00068,canada_2026_R,Canadian Grand Prix,0.0,gbdt,0.10558336113454592,canada_2026_R,true_negative
canada_2026_R_00069,canada_2026_R,Canadian Grand Prix,0.0,gbdt,0.03125049150818402,canada_2026_R,true_negative
canada_2026_R_00070,canada_2026_R,Canadian Grand Prix,0.0,gbdt,0.36427094183312403,canada_2026_R,other
canada_2026_R_00073,canada_2026_R,Canadian Grand Prix,0.0,gbdt,0.024510597201469787,canada_2026_R,true_negative
canada_2026_R_00074,canada_2026_R,Canadian Grand Prix,0.0,gbdt,0.04065405024849494,canada_2026_R,true_negative
canada_2026_R_00075,canada_2026_R,Canadian Grand Prix,0.0,gbdt,0.016262700406573783,canada_2026_R,true_negative
canada_2026_R_00077,canada_2026_R,Canadian Grand Prix,0.0,gbdt,0.021973736001940407,canada_2026_R,true_negative
canada_2026_R_00080,canada_2026_R,Canadian Grand Prix,0.0,gbdt,0.022378042767805605,canada_2026_R,true_negative
canada_2026_R_00081,canada_2026_R,Canadian Grand Prix,0.0,gbdt,0.047896072741186305,canada_2026_R,true_negative
canada_2026_R_00082,canada_2026_R,Canadian Grand Prix,0.0,gbdt,0.14110679986333638,canada_2026_R,true_negative
canada_2026_R_00083,canada_2026_R,Canadian Grand Prix,1.0,gbdt,0.5593416909915919,canada_2026_R,true_positive
canada_2026_R_00084,canada_2026_R,Canadian Grand Prix,0.0,gbdt,0.021258313593721878,canada_2026_R,true_negative
canada_2026_R_00085,canada_2026_R,Canadian Grand Prix,0.0,gbdt,0.03187446055758404,canada_2026_R,true_negative
canada_2026_R_00086,canada_2026_R,Canadian Grand Prix,0.0,gbdt,0.08100683068437768,canada_2026_R,true_negative
canada_2026_R_00088,canada_2026_R,Canadian Grand Prix,0.0,gbdt,0.012891904135034318,canada_2026_R,true_negative
canada_2026_R_00089,canada_2026_R,Canadian Grand Prix,0.0,gbdt,0.15726545834032488,canada_2026_R,true_negative
canada_2026_R_00090,canada_2026_R,Canadian Grand Prix,0.0,gbdt,0.1726874446866968,canada_2026_R,true_negative
canada_2026_R_00091,canada_2026_R,Canadian Grand Prix,0.0,gbdt,0.038776926970668535,canada_2026_R,true_negative
canada_2026_R_00092,canada_2026_R,Canadian Grand Prix,0.0,gbdt,0.01655806231462882,canada_2026_R,true_negative
canada_2026_R_00093,canada_2026_R,Canadian Grand Prix,0.0,gbdt,0.05543049761334013,canada_2026_R,true_negative
canada_2026_R_00094,canada_2026_R,Canadian Grand Prix,0.0,gbdt,0.018466714587060163,canada_2026_R,true_negative
canada_2026_R_00095,canada_2026_R,Canadian Grand Prix,0.0,gbdt,0.09699827350786965,canada_2026_R,true_negative
canada_2026_R_00096,canada_2026_R,Canadian Grand Prix,0.0,gbdt,0.031480405049566514,canada_2026_R,true_negative
canada_2026_R_00097,canada_2026_R,Canadian Grand Prix,0.0,gbdt,0.03745249286762892,canada_2026_R,true_negative
canada_2026_R_00098,canada_2026_R,Canadian Grand Prix,0.0,gbdt,0.023979385752497043,canada_2026_R,true_negative
canada_2026_R_00099,canada_2026_R,Canadian Grand Prix,0.0,gbdt,0.015410999953813887,canada_2026_R,true_negative
canada_2026_R_00100,canada_2026_R,Canadian Grand Prix,0.0,gbdt,0.14327107271476472,canada_2026_R,true_negative
canada_2026_R_00101,canada_2026_R,Canadian Grand Prix,0.0,gbdt,0.33941646428013217,canada_2026_R,other
canada_2026_R_00102,canada_2026_R,Canadian Grand Prix,0.0,gbdt,0.019682674713347826,canada_2026_R,true_negative
canada_2026_R_00103,canada_2026_R,Canadian Grand Prix,1.0,gbdt,0.34820091039356904,canada_2026_R,other
canada_2026_R_00104,canada_2026_R,Canadian Grand Prix,0.0,gbdt,0.02371412879228082,canada_2026_R,true_negative
canada_2026_R_00105,canada_2026_R,Canadian Grand Prix,0.0,gbdt,0.03222176428445463,canada_2026_R,true_negative
canada_2026_R_00106,canada_2026_R,Canadian Grand Prix,0.0,gbdt,0.008194156008863474,canada_2026_R,true_negative
canada_2026_R_00107,canada_2026_R,Canadian Grand Prix,0.0,gbdt,0.02749608382074817,canada_2026_R,true_negative
canada_2026_R_00108,canada_2026_R,Canadian Grand Prix,0.0,gbdt,0.06469013944368063,canada_2026_R,true_negative
canada_2026_R_00110,canada_2026_R,Canadian Grand Prix,0.0,gbdt,0.013877872619043106,canada_2026_R,true_negative
canada_2026_R_00111,canada_2026_R,Canadian Grand Prix,0.0,gbdt,0.022812431921130298,canada_2026_R,true_negative
canada_2026_R_00112,canada_2026_R,Canadian Grand Prix,0.0,gbdt,0.030183604438506928,canada_2026_R,true_negative
canada_2026_R_00113,canada_2026_R,Canadian Grand Prix,0.0,gbdt,0.025062073408707725,canada_2026_R,true_negative
canada_2026_R_00114,canada_2026_R,Canadian Grand Prix,0.0,gbdt,0.017821406315314592,canada_2026_R,true_negative
canada_2026_R_00116,canada_2026_R,Canadian Grand Prix,0.0,gbdt,0.035810376555222845,canada_2026_R,true_negative
canada_2026_R_00117,canada_2026_R,Canadian Grand Prix,0.0,gbdt,0.03217018023225085,canada_2026_R,true_negative
canada_2026_R_00118,canada_2026_R,Canadian Grand Prix,0.0,gbdt,0.021455870080964574,canada_2026_R,true_negative
canada_2026_R_00119,canada_2026_R,Canadian Grand Prix,0.0,gbdt,0.01972326500808859,canada_2026_R,true_negative
canada_2026_R_00121,canada_2026_R,Canadian Grand Prix,0.0,gbdt,0.014440258321250315,canada_2026_R,true_negative
canada_2026_R_00123,canada_2026_R,Canadian Grand Prix,0.0,gbdt,0.06158718602276838,canada_2026_R,true_negative
canada_2026_R_00125,canada_2026_R,Canadian Grand Prix,1.0,gbdt,0.25650243113850657,canada_2026_R,other
canada_2026_R_00126,canada_2026_R,Canadian Grand Prix,0.0,gbdt,0.561598176028747,canada_2026_R,false_positive
canada_2026_R_00127,canada_2026_R,Canadian Grand Prix,0.0,gbdt,0.03217572823087731,canada_2026_R,true_negative
canada_2026_R_00128,canada_2026_R,Canadian Grand Prix,0.0,gbdt,0.4561500951808108,canada_2026_R,other
canada_2026_R_00129,canada_2026_R,Canadian Grand Prix,0.0,gbdt,0.014609910612862554,canada_2026_R,true_negative
canada_2026_R_00130,canada_2026_R,Canadian Grand Prix,0.0,gbdt,0.5228437559394684,canada_2026_R,false_positive
canada_2026_R_00131,canada_2026_R,Canadian Grand Prix,0.0,gbdt,0.017862561812068134,canada_2026_R,true_negative
canada_2026_R_00132,canada_2026_R,Canadian Grand Prix,0.0,gbdt,0.011982049279940038,canada_2026_R,true_negative
canada_2026_R_00133,canada_2026_R,Canadian Grand Prix,0.0,gbdt,0.01705492448256733,canada_2026_R,true_negative
canada_2026_R_00134,canada_2026_R,Canadian Grand Prix,0.0,gbdt,0.008173335186656949,canada_2026_R,true_negative
canada_2026_R_00136,canada_2026_R,Canadian Grand Prix,1.0,gbdt,0.09783767037260886,canada_2026_R,false_negative
canada_2026_R_00137,canada_2026_R,Canadian Grand Prix,0.0,gbdt,0.020717751705874525,canada_2026_R,true_negative
canada_2026_R_00138,canada_2026_R,Canadian Grand Prix,0.0,gbdt,0.021566610972549104,canada_2026_R,true_negative
canada_2026_R_00139,canada_2026_R,Canadian Grand Prix,0.0,gbdt,0.03093173619060884,canada_2026_R,true_negative
canada_2026_R_00140,canada_2026_R,Canadian Grand Prix,0.0,gbdt,0.05686419238953121,canada_2026_R,true_negative
canada_2026_R_00141,canada_2026_R,Canadian Grand Prix,0.0,gbdt,0.023748669955053345,canada_2026_R,true_negative
canada_2026_R_00142,canada_2026_R,Canadian Grand Prix,0.0,gbdt,0.010899208096322499,canada_2026_R,true_negative
canada_2026_R_00143,canada_2026_R,Canadian Grand Prix,0.0,gbdt,0.02861462501729746,canada_2026_R,true_negative
canada_2026_R_00144,canada_2026_R,Canadian Grand Prix,0.0,gbdt,0.007029832935825936,canada_2026_R,true_negative
canada_2026_R_00145,canada_2026_R,Canadian Grand Prix,0.0,gbdt,0.036420172450233726,canada_2026_R,true_negative
canada_2026_R_00146,canada_2026_R,Canadian Grand Prix,0.0,gbdt,0.01439438540982195,canada_2026_R,true_negative
canada_2026_R_00147,canada_2026_R,Canadian Grand Prix,0.0,gbdt,0.025697301394382022,canada_2026_R,true_negative
canada_2026_R_00148,canada_2026_R,Canadian Grand Prix,0.0,gbdt,0.18517086492595433,canada_2026_R,true_negative
canada_2026_R_00149,canada_2026_R,Canadian Grand Prix,0.0,gbdt,0.3370653080821623,canada_2026_R,other
canada_2026_R_00150,canada_2026_R,Canadian Grand Prix,0.0,gbdt,0.049243967837711164,canada_2026_R,true_negative
canada_2026_R_00151,canada_2026_R,Canadian Grand Prix,0.0,gbdt,0.02420991184813279,canada_2026_R,true_negative
canada_2026_R_00152,canada_2026_R,Canadian Grand Prix,0.0,gbdt,0.018364736742214244,canada_2026_R,true_negative
canada_2026_R_00153,canada_2026_R,Canadian Grand Prix,0.0,gbdt,0.011344235547873643,canada_2026_R,true_negative
canada_2026_R_00154,canada_2026_R,Canadian Grand Prix,0.0,gbdt,0.08967784058341217,canada_2026_R,true_negative
canada_2026_R_00155,canada_2026_R,Canadian Grand Prix,0.0,gbdt,0.018269382848923408,canada_2026_R,true_negative
canada_2026_R_00156,canada_2026_R,Canadian Grand Prix,1.0,gbdt,0.23937390623980015,canada_2026_R,other
canada_2026_R_00157,canada_2026_R,Canadian Grand Prix,0.0,gbdt,0.6179877690797481,canada_2026_R,false_positive
canada_2026_R_00158,canada_2026_R,Canadian Grand Prix,0.0,gbdt,0.01305729404065145,canada_2026_R,true_negative
canada_2026_R_00159,canada_2026_R,Canadian Grand Prix,0.0,gbdt,0.032859256343311695,canada_2026_R,true_negative
canada_2026_R_00161,canada_2026_R,Canadian Grand Prix,0.0,gbdt,0.07031957845559789,canada_2026_R,true_negative
canada_2026_R_00162,canada_2026_R,Canadian Grand Prix,0.0,gbdt,0.007968707471897084,canada_2026_R,true_negative
canada_2026_R_00163,canada_2026_R,Canadian Grand Prix,0.0,gbdt,0.03623788819751675,canada_2026_R,true_negative
canada_2026_R_00164,canada_2026_R,Canadian Grand Prix,1.0,gbdt,0.19849502458752374,canada_2026_R,false_negative
canada_2026_R_00165,canada_2026_R,Canadian Grand Prix,0.0,gbdt,0.21421856476770434,canada_2026_R,other
canada_2026_R_00166,canada_2026_R,Canadian Grand Prix,0.0,gbdt,0.008686243429699314,canada_2026_R,true_negative
canada_2026_R_00167,canada_2026_R,Canadian Grand Prix,0.0,gbdt,0.6253976938422086,canada_2026_R,false_positive
canada_2026_R_00168,canada_2026_R,Canadian Grand Prix,0.0,gbdt,0.1647452412702702,canada_2026_R,true_negative
canada_2026_R_00169,canada_2026_R,Canadian Grand Prix,0.0,gbdt,0.22564876209344742,canada_2026_R,other
canada_2026_R_00171,canada_2026_R,Canadian Grand Prix,0.0,gbdt,0.042904612893816294,canada_2026_R,true_negative
canada_2026_R_00172,canada_2026_R,Canadian Grand Prix,0.0,gbdt,0.01707412488045941,canada_2026_R,true_negative
canada_2026_R_00173,canada_2026_R,Canadian Grand Prix,0.0,gbdt,0.2942284907304843,canada_2026_R,other
canada_2026_R_00174,canada_2026_R,Canadian Grand Prix,0.0,gbdt,0.18074548015275155,canada_2026_R,true_negative
canada_2026_R_00175,canada_2026_R,Canadian Grand Prix,0.0,gbdt,0.02403113988628096,canada_2026_R,true_negative
canada_2026_R_00176,canada_2026_R,Canadian Grand Prix,0.0,gbdt,0.021595427192118467,canada_2026_R,true_negative
canada_2026_R_00177,canada_2026_R,Canadian Grand Prix,0.0,gbdt,0.02795073151669613,canada_2026_R,true_negative
canada_2026_R_00178,canada_2026_R,Canadian Grand Prix,0.0,gbdt,0.01864954121966553,canada_2026_R,true_negative
canada_2026_R_00179,canada_2026_R,Canadian Grand Prix,0.0,gbdt,0.020053137935069732,canada_2026_R,true_negative
canada_2026_R_00180,canada_2026_R,Canadian Grand Prix,0.0,gbdt,0.027316176373161822,canada_2026_R,true_negative
canada_2026_R_00181,canada_2026_R,Canadian Grand Prix,0.0,gbdt,0.15351517292911293,canada_2026_R,true_negative
canada_2026_R_00182,canada_2026_R,Canadian Grand Prix,0.0,gbdt,0.04438827715606393,canada_2026_R,true_negative
canada_2026_R_00183,canada_2026_R,Canadian Grand Prix,0.0,gbdt,0.012253656368985665,canada_2026_R,true_negative
canada_2026_R_00184,canada_2026_R,Canadian Grand Prix,0.0,gbdt,0.028635310612244516,canada_2026_R,true_negative
canada_2026_R_00185,canada_2026_R,Canadian Grand Prix,0.0,gbdt,0.01974026029968797,canada_2026_R,true_negative
canada_2026_R_00186,canada_2026_R,Canadian Grand Prix,0.0,gbdt,0.01181480536837391,canada_2026_R,true_negative
canada_2026_R_00187,canada_2026_R,Canadian Grand Prix,0.0,gbdt,0.02833573776268776,canada_2026_R,true_negative
canada_2026_R_00188,canada_2026_R,Canadian Grand Prix,0.0,gbdt,0.3465539756101204,canada_2026_R,other
canada_2026_R_00189,canada_2026_R,Canadian Grand Prix,0.0,gbdt,0.016265035884525457,canada_2026_R,true_negative
canada_2026_R_00191,canada_2026_R,Canadian Grand Prix,0.0,gbdt,0.014534250695922209,canada_2026_R,true_negative
canada_2026_R_00192,canada_2026_R,Canadian Grand Prix,0.0,gbdt,0.017184426739549983,canada_2026_R,true_negative
canada_2026_R_00193,canada_2026_R,Canadian Grand Prix,0.0,gbdt,0.057805837457832895,canada_2026_R,true_negative
canada_2026_R_00194,canada_2026_R,Canadian Grand Prix,0.0,gbdt,0.01336045542936552,canada_2026_R,true_negative
canada_2026_R_00195,canada_2026_R,Canadian Grand Prix,0.0,gbdt,0.02582716858148089,canada_2026_R,true_negative
canada_2026_R_00196,canada_2026_R,Canadian Grand Prix,0.0,gbdt,0.01662124238636267,canada_2026_R,true_negative
canada_2026_R_00197,canada_2026_R,Canadian Grand Prix,0.0,gbdt,0.0210085338586016,canada_2026_R,true_negative
canada_2026_R_00198,canada_2026_R,Canadian Grand Prix,0.0,gbdt,0.020641504249838436,canada_2026_R,true_negative
canada_2026_R_00199,canada_2026_R,Canadian Grand Prix,0.0,gbdt,0.008267995385692012,canada_2026_R,true_negative
canada_2026_R_00200,canada_2026_R,Canadian Grand Prix,0.0,gbdt,0.012867195182451314,canada_2026_R,true_negative
canada_2026_R_00201,canada_2026_R,Canadian Grand Prix,0.0,gbdt,0.0201695353355531,canada_2026_R,true_negative
canada_2026_R_00202,canada_2026_R,Canadian Grand Prix,0.0,gbdt,0.014017211454456264,canada_2026_R,true_negative
canada_2026_R_00203,canada_2026_R,Canadian Grand Prix,0.0,gbdt,0.014121539298511858,canada_2026_R,true_negative
canada_2026_R_00204,canada_2026_R,Canadian Grand Prix,0.0,gbdt,0.028703039371649714,canada_2026_R,true_negative
canada_2026_R_00205,canada_2026_R,Canadian Grand Prix,0.0,gbdt,0.12360296649708451,canada_2026_R,true_negative
canada_2026_R_00206,canada_2026_R,Canadian Grand Prix,0.0,gbdt,0.016871146409000722,canada_2026_R,true_negative
canada_2026_R_00207,canada_2026_R,Canadian Grand Prix,0.0,gbdt,0.021978876460547133,canada_2026_R,true_negative
canada_2026_R_00208,canada_2026_R,Canadian Grand Prix,0.0,gbdt,0.017483035953166092,canada_2026_R,true_negative
canada_2026_R_00209,canada_2026_R,Canadian Grand Prix,0.0,gbdt,0.020587582652949094,canada_2026_R,true_negative
canada_2026_R_00210,canada_2026_R,Canadian Grand Prix,0.0,gbdt,0.01118772491993914,canada_2026_R,true_negative
canada_2026_R_00211,canada_2026_R,Canadian Grand Prix,0.0,gbdt,0.01787860027844705,canada_2026_R,true_negative
canada_2026_R_00212,canada_2026_R,Canadian Grand Prix,0.0,gbdt,0.024574024652935164,canada_2026_R,true_negative
canada_2026_R_00213,canada_2026_R,Canadian Grand Prix,0.0,gbdt,0.016210796133613887,canada_2026_R,true_negative
canada_2026_R_00214,canada_2026_R,Canadian Grand Prix,0.0,gbdt,0.16212797808689838,canada_2026_R,true_negative
canada_2026_R_00215,canada_2026_R,Canadian Grand Prix,0.0,gbdt,0.042611227093827954,canada_2026_R,true_negative
canada_2026_R_00216,canada_2026_R,Canadian Grand Prix,0.0,gbdt,0.02184137103967051,canada_2026_R,true_negative
canada_2026_R_00217,canada_2026_R,Canadian Grand Prix,0.0,gbdt,0.021704877043865634,canada_2026_R,true_negative
canada_2026_R_00218,canada_2026_R,Canadian Grand Prix,0.0,gbdt,0.47589959037522417,canada_2026_R,other
canada_2026_R_00219,canada_2026_R,Canadian Grand Prix,0.0,gbdt,0.021814355934480008,canada_2026_R,true_negative
canada_2026_R_00220,canada_2026_R,Canadian Grand Prix,0.0,gbdt,0.1996602911646196,canada_2026_R,true_negative
canada_2026_R_00221,canada_2026_R,Canadian Grand Prix,1.0,gbdt,0.2463050272302903,canada_2026_R,other
canada_2026_R_00222,canada_2026_R,Canadian Grand Prix,0.0,gbdt,0.022382028695813922,canada_2026_R,true_negative
canada_2026_R_00224,canada_2026_R,Canadian Grand Prix,0.0,gbdt,0.24490647699453535,canada_2026_R,other
canada_2026_R_00228,canada_2026_R,Canadian Grand Prix,0.0,gbdt,0.02385782967471099,canada_2026_R,true_negative
canada_2026_R_00229,canada_2026_R,Canadian Grand Prix,0.0,gbdt,0.4850829553952519,canada_2026_R,other
canada_2026_R_00230,canada_2026_R,Canadian Grand Prix,0.0,gbdt,0.029161018873985388,canada_2026_R,true_negative
canada_2026_R_00232,canada_2026_R,Canadian Grand Prix,0.0,gbdt,0.45765684436858745,canada_2026_R,other
canada_2026_R_00233,canada_2026_R,Canadian Grand Prix,0.0,gbdt,0.019238274272816564,canada_2026_R,true_negative
canada_2026_R_00236,canada_2026_R,Canadian Grand Prix,0.0,gbdt,0.025858413239247938,canada_2026_R,true_negative
canada_2026_R_00265,canada_2026_R,Canadian Grand Prix,1.0,gbdt,0.7867755245036521,canada_2026_R,true_positive
canada_2026_R_00267,canada_2026_R,Canadian Grand Prix,0.0,gbdt,0.22673390493622161,canada_2026_R,other
canada_2026_R_00268,canada_2026_R,Canadian Grand Prix,0.0,gbdt,0.16039087687981798,canada_2026_R,true_negative
canada_2026_R_00270,canada_2026_R,Canadian Grand Prix,0.0,gbdt,0.09232323563044356,canada_2026_R,true_negative
canada_2026_R_00273,canada_2026_R,Canadian Grand Prix,0.0,gbdt,0.15059354273623726,canada_2026_R,true_negative
canada_2026_R_00275,canada_2026_R,Canadian Grand Prix,0.0,gbdt,0.27994440506888923,canada_2026_R,other
canada_2026_R_00276,canada_2026_R,Canadian Grand Prix,0.0,gbdt,0.02221331205750281,canada_2026_R,true_negative
canada_2026_R_00277,canada_2026_R,Canadian Grand Prix,0.0,gbdt,0.16169532743399082,canada_2026_R,true_negative
canada_2026_R_00278,canada_2026_R,Canadian Grand Prix,1.0,gbdt,0.48685225006807,canada_2026_R,other
canada_2026_R_00281,canada_2026_R,Canadian Grand Prix,0.0,gbdt,0.023681725118373406,canada_2026_R,true_negative
canada_2026_R_00283,canada_2026_R,Canadian Grand Prix,0.0,gbdt,0.023615407632715305,canada_2026_R,true_negative
canada_2026_R_00288,canada_2026_R,Canadian Grand Prix,0.0,gbdt,0.03645265166554294,canada_2026_R,true_negative
canada_2026_R_00289,canada_2026_R,Canadian Grand Prix,0.0,gbdt,0.012477397096299964,canada_2026_R,true_negative
canada_2026_R_00290,canada_2026_R,Canadian Grand Prix,0.0,gbdt,0.011749116206651972,canada_2026_R,true_negative
canada_2026_R_00293,canada_2026_R,Canadian Grand Prix,0.0,gbdt,0.039227239443061494,canada_2026_R,true_negative
canada_2026_R_00297,canada_2026_R,Canadian Grand Prix,1.0,gbdt,0.2055935608964286,canada_2026_R,other
canada_2026_R_00298,canada_2026_R,Canadian Grand Prix,0.0,gbdt,0.6859678307783319,canada_2026_R,false_positive
canada_2026_R_00299,canada_2026_R,Canadian Grand Prix,0.0,gbdt,0.1469775808068092,canada_2026_R,true_negative
canada_2026_R_00301,canada_2026_R,Canadian Grand Prix,0.0,gbdt,0.9327952126661867,canada_2026_R,false_positive
canada_2026_R_00302,canada_2026_R,Canadian Grand Prix,0.0,gbdt,0.16280380730032923,canada_2026_R,true_negative
canada_2026_R_00312,canada_2026_R,Canadian Grand Prix,0.0,gbdt,0.016821837386274966,canada_2026_R,true_negative
canada_2026_R_00314,canada_2026_R,Canadian Grand Prix,0.0,gbdt,0.011498010835494045,canada_2026_R,true_negative
canada_2026_R_00316,canada_2026_R,Canadian Grand Prix,0.0,gbdt,0.037447469408479886,canada_2026_R,true_negative
canada_2026_R_00318,canada_2026_R,Canadian Grand Prix,0.0,gbdt,0.03822675538215047,canada_2026_R,true_negative
canada_2026_R_00320,canada_2026_R,Canadian Grand Prix,0.0,gbdt,0.022483002848266664,canada_2026_R,true_negative
canada_2026_R_00325,canada_2026_R,Canadian Grand Prix,0.0,gbdt,0.011749116206651972,canada_2026_R,true_negative
canada_2026_R_00326,canada_2026_R,Canadian Grand Prix,0.0,gbdt,0.11995328358676509,canada_2026_R,true_negative
canada_2026_R_00327,canada_2026_R,Canadian Grand Prix,0.0,gbdt,0.02401662045500822,canada_2026_R,true_negative
canada_2026_R_00328,canada_2026_R,Canadian Grand Prix,0.0,gbdt,0.021189289681156114,canada_2026_R,true_negative
canada_2026_R_00329,canada_2026_R,Canadian Grand Prix,1.0,gbdt,0.516613395148775,canada_2026_R,true_positive
canada_2026_R_00330,canada_2026_R,Canadian Grand Prix,0.0,gbdt,0.03382250283164403,canada_2026_R,true_negative
canada_2026_R_00331,canada_2026_R,Canadian Grand Prix,0.0,gbdt,0.011348617068624096,canada_2026_R,true_negative
canada_2026_R_00332,canada_2026_R,Canadian Grand Prix,0.0,gbdt,0.1310650391642509,canada_2026_R,true_negative
canada_2026_R_00336,canada_2026_R,Canadian Grand Prix,0.0,gbdt,0.01375896482702337,canada_2026_R,true_negative
canada_2026_R_00337,canada_2026_R,Canadian Grand Prix,1.0,gbdt,0.5041060068837818,canada_2026_R,true_positive
canada_2026_R_00340,canada_2026_R,Canadian Grand Prix,0.0,gbdt,0.08206057621124788,canada_2026_R,true_negative
canada_2026_R_00342,canada_2026_R,Canadian Grand Prix,0.0,gbdt,0.13547736484328066,canada_2026_R,true_negative
canada_2026_R_00344,canada_2026_R,Canadian Grand Prix,0.0,gbdt,0.01442838328688884,canada_2026_R,true_negative
canada_2026_R_00346,canada_2026_R,Canadian Grand Prix,0.0,gbdt,0.018708645708214962,canada_2026_R,true_negative
canada_2026_R_00350,canada_2026_R,Canadian Grand Prix,0.0,gbdt,0.02385108485473453,canada_2026_R,true_negative
canada_2026_R_00351,canada_2026_R,Canadian Grand Prix,0.0,gbdt,0.051198786198968796,canada_2026_R,true_negative
canada_2026_R_00352,canada_2026_R,Canadian Grand Prix,0.0,gbdt,0.13370979694754084,canada_2026_R,true_negative
canada_2026_R_00353,canada_2026_R,Canadian Grand Prix,0.0,gbdt,0.03242999701363847,canada_2026_R,true_negative
canada_2026_R_00355,canada_2026_R,Canadian Grand Prix,0.0,gbdt,0.02247084877444927,canada_2026_R,true_negative
canada_2026_R_00357,canada_2026_R,Canadian Grand Prix,0.0,gbdt,0.014125531303089427,canada_2026_R,true_negative
canada_2026_R_00359,canada_2026_R,Canadian Grand Prix,0.0,gbdt,0.01479595135695009,canada_2026_R,true_negative
canada_2026_R_00360,canada_2026_R,Canadian Grand Prix,0.0,gbdt,0.04327362757378086,canada_2026_R,true_negative
canada_2026_R_00364,canada_2026_R,Canadian Grand Prix,0.0,gbdt,0.01844936561167053,canada_2026_R,true_negative
canada_2026_R_00365,canada_2026_R,Canadian Grand Prix,0.0,gbdt,0.021772902070119667,canada_2026_R,true_negative
canada_2026_R_00367,canada_2026_R,Canadian Grand Prix,0.0,gbdt,0.020676691649520375,canada_2026_R,true_negative
canada_2026_R_00368,canada_2026_R,Canadian Grand Prix,0.0,gbdt,0.07528143951842244,canada_2026_R,true_negative
canada_2026_R_00371,canada_2026_R,Canadian Grand Prix,0.0,gbdt,0.0437140693245562,canada_2026_R,true_negative
canada_2026_R_00372,canada_2026_R,Canadian Grand Prix,0.0,gbdt,0.017439459102455826,canada_2026_R,true_negative
canada_2026_R_00375,canada_2026_R,Canadian Grand Prix,0.0,gbdt,0.010499159571120777,canada_2026_R,true_negative
canada_2026_R_00376,canada_2026_R,Canadian Grand Prix,0.0,gbdt,0.018366579512036085,canada_2026_R,true_negative
canada_2026_R_00379,canada_2026_R,Canadian Grand Prix,0.0,gbdt,0.013008770419888299,canada_2026_R,true_negative
canada_2026_R_00380,canada_2026_R,Canadian Grand Prix,0.0,gbdt,0.37670207000194905,canada_2026_R,other
canada_2026_R_00381,canada_2026_R,Canadian Grand Prix,0.0,gbdt,0.03330347348324652,canada_2026_R,true_negative
canada_2026_R_00382,canada_2026_R,Canadian Grand Prix,0.0,gbdt,0.018618504903395262,canada_2026_R,true_negative
canada_2026_R_00384,canada_2026_R,Canadian Grand Prix,0.0,gbdt,0.012042541714714996,canada_2026_R,true_negative
canada_2026_R_00385,canada_2026_R,Canadian Grand Prix,0.0,gbdt,0.013307125038241127,canada_2026_R,true_negative
canada_2026_R_00388,canada_2026_R,Canadian Grand Prix,0.0,gbdt,0.03412458479333953,canada_2026_R,true_negative
canada_2026_R_00389,canada_2026_R,Canadian Grand Prix,0.0,gbdt,0.026674998113133605,canada_2026_R,true_negative
canada_2026_R_00390,canada_2026_R,Canadian Grand Prix,0.0,gbdt,0.021050801566108036,canada_2026_R,true_negative
canada_2026_R_00392,canada_2026_R,Canadian Grand Prix,0.0,gbdt,0.010490567124497528,canada_2026_R,true_negative
canada_2026_R_00393,canada_2026_R,Canadian Grand Prix,0.0,gbdt,0.028248746009756152,canada_2026_R,true_negative
canada_2026_R_00396,canada_2026_R,Canadian Grand Prix,0.0,gbdt,0.012948111622138861,canada_2026_R,true_negative
canada_2026_R_00397,canada_2026_R,Canadian Grand Prix,0.0,gbdt,0.01930934785514948,canada_2026_R,true_negative
canada_2026_R_00399,canada_2026_R,Canadian Grand Prix,1.0,gbdt,0.5687529175760379,canada_2026_R,true_positive
canada_2026_R_00400,canada_2026_R,Canadian Grand Prix,0.0,gbdt,0.015968244422767352,canada_2026_R,true_negative
canada_2026_R_00402,canada_2026_R,Canadian Grand Prix,1.0,gbdt,0.4663271788715037,canada_2026_R,other
canada_2026_R_00403,canada_2026_R,Canadian Grand Prix,0.0,gbdt,0.030873936939681424,canada_2026_R,true_negative
canada_2026_R_00405,canada_2026_R,Canadian Grand Prix,0.0,gbdt,0.018287690685594483,canada_2026_R,true_negative
canada_2026_R_00406,canada_2026_R,Canadian Grand Prix,0.0,gbdt,0.007300201207784134,canada_2026_R,true_negative
canada_2026_R_00407,canada_2026_R,Canadian Grand Prix,0.0,gbdt,0.016461426099545633,canada_2026_R,true_negative
canada_2026_R_00410,canada_2026_R,Canadian Grand Prix,0.0,gbdt,0.0356570138087455,canada_2026_R,true_negative
canada_2026_R_00411,canada_2026_R,Canadian Grand Prix,0.0,gbdt,0.016515568897951596,canada_2026_R,true_negative
canada_2026_R_00413,canada_2026_R,Canadian Grand Prix,0.0,gbdt,0.01260386178557965,canada_2026_R,true_negative
canada_2026_R_00414,canada_2026_R,Canadian Grand Prix,0.0,gbdt,0.0144917313668977,canada_2026_R,true_negative
canada_2026_R_00417,canada_2026_R,Canadian Grand Prix,0.0,gbdt,0.01903208953528551,canada_2026_R,true_negative
canada_2026_R_00418,canada_2026_R,Canadian Grand Prix,0.0,gbdt,0.012291842469054426,canada_2026_R,true_negative
canada_2026_R_00419,canada_2026_R,Canadian Grand Prix,0.0,gbdt,0.00805459055343,canada_2026_R,true_negative
canada_2026_R_00422,canada_2026_R,Canadian Grand Prix,0.0,gbdt,0.015681492189027466,canada_2026_R,true_negative
canada_2026_R_00423,canada_2026_R,Canadian Grand Prix,0.0,gbdt,0.018274670529604964,canada_2026_R,true_negative
canada_2026_R_00424,canada_2026_R,Canadian Grand Prix,0.0,gbdt,0.011545534460246702,canada_2026_R,true_negative
canada_2026_R_00428,canada_2026_R,Canadian Grand Prix,0.0,gbdt,0.03653586684044826,canada_2026_R,true_negative
canada_2026_R_00429,canada_2026_R,Canadian Grand Prix,0.0,gbdt,0.008742172635295411,canada_2026_R,true_negative
canada_2026_R_00430,canada_2026_R,Canadian Grand Prix,0.0,gbdt,0.34536768132833523,canada_2026_R,other
canada_2026_R_00431,canada_2026_R,Canadian Grand Prix,0.0,gbdt,0.012412647954575076,canada_2026_R,true_negative
canada_2026_R_00434,canada_2026_R,Canadian Grand Prix,1.0,gbdt,0.4970367435046729,canada_2026_R,other
canada_2026_R_00435,canada_2026_R,Canadian Grand Prix,0.0,gbdt,0.015487419549330372,canada_2026_R,true_negative
canada_2026_R_00436,canada_2026_R,Canadian Grand Prix,0.0,gbdt,0.0190913208419794,canada_2026_R,true_negative
canada_2026_R_00441,canada_2026_R,Canadian Grand Prix,0.0,gbdt,0.027844192570827552,canada_2026_R,true_negative
canada_2026_R_00474,canada_2026_R,Canadian Grand Prix,0.0,gbdt,0.025396812660963948,canada_2026_R,true_negative
canada_2026_R_00478,canada_2026_R,Canadian Grand Prix,0.0,gbdt,0.05454032367682456,canada_2026_R,true_negative
canada_2026_R_00483,canada_2026_R,Canadian Grand Prix,0.0,gbdt,0.04142371855050536,canada_2026_R,true_negative
canada_2026_R_00484,canada_2026_R,Canadian Grand Prix,0.0,gbdt,0.03607788712499069,canada_2026_R,true_negative
canada_2026_R_00486,canada_2026_R,Canadian Grand Prix,0.0,gbdt,0.06756619857122266,canada_2026_R,true_negative
canada_2026_R_00487,canada_2026_R,Canadian Grand Prix,0.0,gbdt,0.02518738950360452,canada_2026_R,true_negative
canada_2026_R_00489,canada_2026_R,Canadian Grand Prix,0.0,gbdt,0.02764146609256328,canada_2026_R,true_negative
canada_2026_R_00490,canada_2026_R,Canadian Grand Prix,0.0,gbdt,0.013395702793429465,canada_2026_R,true_negative
canada_2026_R_00494,canada_2026_R,Canadian Grand Prix,0.0,gbdt,0.020349666927673878,canada_2026_R,true_negative
canada_2026_R_00496,canada_2026_R,Canadian Grand Prix,0.0,gbdt,0.03678505530024552,canada_2026_R,true_negative
canada_2026_R_00499,canada_2026_R,Canadian Grand Prix,0.0,gbdt,0.019683052240508325,canada_2026_R,true_negative
canada_2026_R_00501,canada_2026_R,Canadian Grand Prix,0.0,gbdt,0.026212664121217,canada_2026_R,true_negative
canada_2026_R_00508,canada_2026_R,Canadian Grand Prix,0.0,gbdt,0.02963323414210247,canada_2026_R,true_negative
canada_2026_R_00509,canada_2026_R,Canadian Grand Prix,0.0,gbdt,0.026652405713243954,canada_2026_R,true_negative
canada_2026_R_00511,canada_2026_R,Canadian Grand Prix,0.0,gbdt,0.015860355878157387,canada_2026_R,true_negative
canada_2026_R_00514,canada_2026_R,Canadian Grand Prix,0.0,gbdt,0.0340198452477478,canada_2026_R,true_negative
canada_2026_R_00519,canada_2026_R,Canadian Grand Prix,0.0,gbdt,0.03436046233539628,canada_2026_R,true_negative
canada_2026_R_00520,canada_2026_R,Canadian Grand Prix,0.0,gbdt,0.5350533000935221,canada_2026_R,false_positive
canada_2026_R_00522,canada_2026_R,Canadian Grand Prix,0.0,gbdt,0.02975762112464988,canada_2026_R,true_negative
canada_2026_R_00523,canada_2026_R,Canadian Grand Prix,0.0,gbdt,0.012521693135650698,canada_2026_R,true_negative
canada_2026_R_00525,canada_2026_R,Canadian Grand Prix,0.0,gbdt,0.016039182262284634,canada_2026_R,true_negative
canada_2026_R_00526,canada_2026_R,Canadian Grand Prix,0.0,gbdt,0.11250027043676568,canada_2026_R,true_negative
canada_2026_R_00527,canada_2026_R,Canadian Grand Prix,0.0,gbdt,0.01710682017901029,canada_2026_R,true_negative
canada_2026_R_00529,canada_2026_R,Canadian Grand Prix,0.0,gbdt,0.10356768435695554,canada_2026_R,true_negative
canada_2026_R_00543,canada_2026_R,Canadian Grand Prix,0.0,gbdt,0.20959085183632528,canada_2026_R,other
canada_2026_R_00547,canada_2026_R,Canadian Grand Prix,0.0,gbdt,0.06315703645448331,canada_2026_R,true_negative
canada_2026_R_00548,canada_2026_R,Canadian Grand Prix,0.0,gbdt,0.4076510773966175,canada_2026_R,other
canada_2026_R_00550,canada_2026_R,Canadian Grand Prix,0.0,gbdt,0.0858462446178484,canada_2026_R,true_negative
canada_2026_R_00552,canada_2026_R,Canadian Grand Prix,0.0,gbdt,0.06447080289612576,canada_2026_R,true_negative
canada_2026_R_00553,canada_2026_R,Canadian Grand Prix,0.0,gbdt,0.04957245623092093,canada_2026_R,true_negative
canada_2026_R_00555,canada_2026_R,Canadian Grand Prix,0.0,gbdt,0.01559997350027601,canada_2026_R,true_negative
canada_2026_R_00559,canada_2026_R,Canadian Grand Prix,0.0,gbdt,0.015466605424250523,canada_2026_R,true_negative
canada_2026_R_00560,canada_2026_R,Canadian Grand Prix,0.0,gbdt,0.038378579055969676,canada_2026_R,true_negative
canada_2026_R_00562,canada_2026_R,Canadian Grand Prix,0.0,gbdt,0.01758470303246501,canada_2026_R,true_negative
canada_2026_R_00563,canada_2026_R,Canadian Grand Prix,0.0,gbdt,0.0520173185786399,canada_2026_R,true_negative
canada_2026_R_00566,canada_2026_R,Canadian Grand Prix,0.0,gbdt,0.032048976202979126,canada_2026_R,true_negative
canada_2026_R_00567,canada_2026_R,Canadian Grand Prix,0.0,gbdt,0.05239206073772576,canada_2026_R,true_negative
canada_2026_R_00569,canada_2026_R,Canadian Grand Prix,0.0,gbdt,0.013133619654659362,canada_2026_R,true_negative
canada_2026_R_00570,canada_2026_R,Canadian Grand Prix,0.0,gbdt,0.016479930504609087,canada_2026_R,true_negative
canada_2026_R_00572,canada_2026_R,Canadian Grand Prix,0.0,gbdt,0.01943800896115546,canada_2026_R,true_negative
canada_2026_R_00573,canada_2026_R,Canadian Grand Prix,0.0,gbdt,0.026819010309991165,canada_2026_R,true_negative
canada_2026_R_00575,canada_2026_R,Canadian Grand Prix,0.0,gbdt,0.0417466842138953,canada_2026_R,true_negative
canada_2026_R_00579,canada_2026_R,Canadian Grand Prix,0.0,gbdt,0.04980644518213012,canada_2026_R,true_negative
canada_2026_R_00592,canada_2026_R,Canadian Grand Prix,0.0,gbdt,0.020180448009507142,canada_2026_R,true_negative
canada_2026_R_00593,canada_2026_R,Canadian Grand Prix,0.0,gbdt,0.018407775832133894,canada_2026_R,true_negative
canada_2026_R_00594,canada_2026_R,Canadian Grand Prix,0.0,gbdt,0.03001522361600769,canada_2026_R,true_negative
canada_2026_R_00598,canada_2026_R,Canadian Grand Prix,0.0,gbdt,0.02025898725991642,canada_2026_R,true_negative
canada_2026_R_00599,canada_2026_R,Canadian Grand Prix,0.0,gbdt,0.01584706457149345,canada_2026_R,true_negative
canada_2026_R_00601,canada_2026_R,Canadian Grand Prix,0.0,gbdt,0.015611974809298584,canada_2026_R,true_negative
canada_2026_R_00603,canada_2026_R,Canadian Grand Prix,0.0,gbdt,0.025070040801332533,canada_2026_R,true_negative
canada_2026_R_00604,canada_2026_R,Canadian Grand Prix,0.0,gbdt,0.022536174256891407,canada_2026_R,true_negative
canada_2026_R_00605,canada_2026_R,Canadian Grand Prix,0.0,gbdt,0.020936010991446152,canada_2026_R,true_negative
canada_2026_R_00608,canada_2026_R,Canadian Grand Prix,0.0,gbdt,0.01715115680851283,canada_2026_R,true_negative
canada_2026_R_00610,canada_2026_R,Canadian Grand Prix,0.0,gbdt,0.01151615070828678,canada_2026_R,true_negative
canada_2026_R_00611,canada_2026_R,Canadian Grand Prix,0.0,gbdt,0.013334574857104086,canada_2026_R,true_negative
canada_2026_R_00613,canada_2026_R,Canadian Grand Prix,0.0,gbdt,0.023742598052049757,canada_2026_R,true_negative
canada_2026_R_00614,canada_2026_R,Canadian Grand Prix,0.0,gbdt,0.02156791614132679,canada_2026_R,true_negative
canada_2026_R_00615,canada_2026_R,Canadian Grand Prix,0.0,gbdt,0.023663716885891875,canada_2026_R,true_negative
canada_2026_R_00617,canada_2026_R,Canadian Grand Prix,0.0,gbdt,0.017393117598250532,canada_2026_R,true_negative
canada_2026_R_00618,canada_2026_R,Canadian Grand Prix,0.0,gbdt,0.06874764257055963,canada_2026_R,true_negative
canada_2026_R_00619,canada_2026_R,Canadian Grand Prix,0.0,gbdt,0.011113285432084782,canada_2026_R,true_negative
canada_2026_R_00623,canada_2026_R,Canadian Grand Prix,0.0,gbdt,0.023825067725134586,canada_2026_R,true_negative
canada_2026_R_00624,canada_2026_R,Canadian Grand Prix,0.0,gbdt,0.14870530976301746,canada_2026_R,true_negative
canada_2026_R_00625,canada_2026_R,Canadian Grand Prix,0.0,gbdt,0.01957158412618121,canada_2026_R,true_negative
canada_2026_R_00626,canada_2026_R,Canadian Grand Prix,0.0,gbdt,0.025416680363494825,canada_2026_R,true_negative
canada_2026_R_00628,canada_2026_R,Canadian Grand Prix,0.0,gbdt,0.03213095864274537,canada_2026_R,true_negative
canada_2026_R_00629,canada_2026_R,Canadian Grand Prix,0.0,gbdt,0.01482704765974079,canada_2026_R,true_negative
canada_2026_R_00630,canada_2026_R,Canadian Grand Prix,0.0,gbdt,0.016987590722145014,canada_2026_R,true_negative
canada_2026_R_00634,canada_2026_R,Canadian Grand Prix,0.0,gbdt,0.01531623033253414,canada_2026_R,true_negative
canada_2026_R_00664,canada_2026_R,Canadian Grand Prix,0.0,gbdt,0.14001669564530375,canada_2026_R,true_negative
canada_2026_R_00666,canada_2026_R,Canadian Grand Prix,0.0,gbdt,0.05552848251969516,canada_2026_R,true_negative
canada_2026_R_00675,canada_2026_R,Canadian Grand Prix,0.0,gbdt,0.018497932653198726,canada_2026_R,true_negative
canada_2026_R_00683,canada_2026_R,Canadian Grand Prix,0.0,gbdt,0.013682943065138415,canada_2026_R,true_negative
canada_2026_R_00684,canada_2026_R,Canadian Grand Prix,0.0,gbdt,0.15280254856257955,canada_2026_R,true_negative
canada_2026_R_00687,canada_2026_R,Canadian Grand Prix,0.0,gbdt,0.009622936133773139,canada_2026_R,true_negative
canada_2026_R_00691,canada_2026_R,Canadian Grand Prix,0.0,gbdt,0.22343177948634885,canada_2026_R,other
canada_2026_R_00693,canada_2026_R,Canadian Grand Prix,0.0,gbdt,0.02160483507101569,canada_2026_R,true_negative
canada_2026_R_00694,canada_2026_R,Canadian Grand Prix,0.0,gbdt,0.010977086627588626,canada_2026_R,true_negative
canada_2026_R_00700,canada_2026_R,Canadian Grand Prix,0.0,gbdt,0.013985234025560771,canada_2026_R,true_negative
canada_2026_R_00704,canada_2026_R,Canadian Grand Prix,0.0,gbdt,0.09562589557769934,canada_2026_R,true_negative
canada_2026_R_00709,canada_2026_R,Canadian Grand Prix,0.0,gbdt,0.2035057459705701,canada_2026_R,other
canada_2026_R_00710,canada_2026_R,Canadian Grand Prix,0.0,gbdt,0.5408116322606191,canada_2026_R,false_positive
canada_2026_R_00714,canada_2026_R,Canadian Grand Prix,0.0,gbdt,0.0590306394145485,canada_2026_R,true_negative
canada_2026_R_00716,canada_2026_R,Canadian Grand Prix,0.0,gbdt,0.25152837818169804,canada_2026_R,other
canada_2026_R_00721,canada_2026_R,Canadian Grand Prix,0.0,gbdt,0.02917695064438376,canada_2026_R,true_negative
canada_2026_R_00723,canada_2026_R,Canadian Grand Prix,0.0,gbdt,0.017123878848120663,canada_2026_R,true_negative
canada_2026_R_00725,canada_2026_R,Canadian Grand Prix,0.0,gbdt,0.017532775018720238,canada_2026_R,true_negative
canada_2026_R_00726,canada_2026_R,Canadian Grand Prix,0.0,gbdt,0.021680934678109907,canada_2026_R,true_negative
canada_2026_R_00727,canada_2026_R,Canadian Grand Prix,0.0,gbdt,0.20779481294319632,canada_2026_R,other
canada_2026_R_00728,canada_2026_R,Canadian Grand Prix,0.0,gbdt,0.01631274700776951,canada_2026_R,true_negative
canada_2026_R_00729,canada_2026_R,Canadian Grand Prix,0.0,gbdt,0.041282283777952164,canada_2026_R,true_negative
canada_2026_R_00730,canada_2026_R,Canadian Grand Prix,0.0,gbdt,0.07600280040501697,canada_2026_R,true_negative
monaco_2026_R_00001,monaco_2026_R,Monaco Grand Prix,0.0,gbdt,0.040119116822625596,monaco_2026_R,true_negative
monaco_2026_R_00002,monaco_2026_R,Monaco Grand Prix,0.0,gbdt,0.12382734364389504,monaco_2026_R,true_negative
monaco_2026_R_00003,monaco_2026_R,Monaco Grand Prix,0.0,gbdt,0.13096562123770678,monaco_2026_R,true_negative
monaco_2026_R_00004,monaco_2026_R,Monaco Grand Prix,0.0,gbdt,0.16653961457297636,monaco_2026_R,true_negative
monaco_2026_R_00005,monaco_2026_R,Monaco Grand Prix,0.0,gbdt,0.05709579916022564,monaco_2026_R,true_negative
monaco_2026_R_00006,monaco_2026_R,Monaco Grand Prix,0.0,gbdt,0.14896390563870923,monaco_2026_R,true_negative
monaco_2026_R_00007,monaco_2026_R,Monaco Grand Prix,0.0,gbdt,0.168228844788332,monaco_2026_R,true_negative
monaco_2026_R_00008,monaco_2026_R,Monaco Grand Prix,0.0,gbdt,0.11553150663244506,monaco_2026_R,true_negative
monaco_2026_R_00009,monaco_2026_R,Monaco Grand Prix,0.0,gbdt,0.11727339815721258,monaco_2026_R,true_negative
monaco_2026_R_00010,monaco_2026_R,Monaco Grand Prix,0.0,gbdt,0.1361633282722527,monaco_2026_R,true_negative
monaco_2026_R_00011,monaco_2026_R,Monaco Grand Prix,0.0,gbdt,0.24144033346717622,monaco_2026_R,other
monaco_2026_R_00012,monaco_2026_R,Monaco Grand Prix,0.0,gbdt,0.11997596854396178,monaco_2026_R,true_negative
monaco_2026_R_00013,monaco_2026_R,Monaco Grand Prix,0.0,gbdt,0.12872585113064408,monaco_2026_R,true_negative
monaco_2026_R_00014,monaco_2026_R,Monaco Grand Prix,0.0,gbdt,0.11553150663244506,monaco_2026_R,true_negative
monaco_2026_R_00015,monaco_2026_R,Monaco Grand Prix,0.0,gbdt,0.2539115856460438,monaco_2026_R,other
monaco_2026_R_00016,monaco_2026_R,Monaco Grand Prix,0.0,gbdt,0.12032048535410643,monaco_2026_R,true_negative
monaco_2026_R_00017,monaco_2026_R,Monaco Grand Prix,0.0,gbdt,0.061969836520121606,monaco_2026_R,true_negative
monaco_2026_R_00019,monaco_2026_R,Monaco Grand Prix,0.0,gbdt,0.05752044418566206,monaco_2026_R,true_negative
monaco_2026_R_00020,monaco_2026_R,Monaco Grand Prix,0.0,gbdt,0.19865335832489733,monaco_2026_R,true_negative
monaco_2026_R_00021,monaco_2026_R,Monaco Grand Prix,0.0,gbdt,0.10760801007714506,monaco_2026_R,true_negative
monaco_2026_R_00022,monaco_2026_R,Monaco Grand Prix,0.0,gbdt,0.17032347911939127,monaco_2026_R,true_negative
monaco_2026_R_00023,monaco_2026_R,Monaco Grand Prix,0.0,gbdt,0.1894653891049854,monaco_2026_R,true_negative
monaco_2026_R_00024,monaco_2026_R,Monaco Grand Prix,0.0,gbdt,0.12132929002044679,monaco_2026_R,true_negative
monaco_2026_R_00026,monaco_2026_R,Monaco Grand Prix,0.0,gbdt,0.040427282013246454,monaco_2026_R,true_negative
monaco_2026_R_00027,monaco_2026_R,Monaco Grand Prix,0.0,gbdt,0.042144615817522435,monaco_2026_R,true_negative
monaco_2026_R_00029,monaco_2026_R,Monaco Grand Prix,0.0,gbdt,0.029796681823703364,monaco_2026_R,true_negative
monaco_2026_R_00031,monaco_2026_R,Monaco Grand Prix,0.0,gbdt,0.0852918547815149,monaco_2026_R,true_negative
monaco_2026_R_00034,monaco_2026_R,Monaco Grand Prix,0.0,gbdt,0.05961461006364966,monaco_2026_R,true_negative
monaco_2026_R_00035,monaco_2026_R,Monaco Grand Prix,0.0,gbdt,0.07746244877410761,monaco_2026_R,true_negative
monaco_2026_R_00036,monaco_2026_R,Monaco Grand Prix,0.0,gbdt,0.08132365964901302,monaco_2026_R,true_negative
monaco_2026_R_00038,monaco_2026_R,Monaco Grand Prix,0.0,gbdt,0.07388127438392326,monaco_2026_R,true_negative
monaco_2026_R_00040,monaco_2026_R,Monaco Grand Prix,0.0,gbdt,0.03218855961455791,monaco_2026_R,true_negative
monaco_2026_R_00041,monaco_2026_R,Monaco Grand Prix,0.0,gbdt,0.038271298127573544,monaco_2026_R,true_negative
monaco_2026_R_00042,monaco_2026_R,Monaco Grand Prix,0.0,gbdt,0.06319041187734767,monaco_2026_R,true_negative
monaco_2026_R_00043,monaco_2026_R,Monaco Grand Prix,0.0,gbdt,0.15454803671720335,monaco_2026_R,true_negative
monaco_2026_R_00044,monaco_2026_R,Monaco Grand Prix,0.0,gbdt,0.061535388343620906,monaco_2026_R,true_negative
monaco_2026_R_00046,monaco_2026_R,Monaco Grand Prix,0.0,gbdt,0.0815200224128653,monaco_2026_R,true_negative
monaco_2026_R_00047,monaco_2026_R,Monaco Grand Prix,0.0,gbdt,0.028619598790647356,monaco_2026_R,true_negative
monaco_2026_R_00048,monaco_2026_R,Monaco Grand Prix,0.0,gbdt,0.1457554705651617,monaco_2026_R,true_negative
monaco_2026_R_00049,monaco_2026_R,Monaco Grand Prix,0.0,gbdt,0.14922686269331595,monaco_2026_R,true_negative
monaco_2026_R_00050,monaco_2026_R,Monaco Grand Prix,0.0,gbdt,0.152699360460144,monaco_2026_R,true_negative
monaco_2026_R_00051,monaco_2026_R,Monaco Grand Prix,0.0,gbdt,0.1109032791045334,monaco_2026_R,true_negative
monaco_2026_R_00053,monaco_2026_R,Monaco Grand Prix,0.0,gbdt,0.1133355332020005,monaco_2026_R,true_negative
monaco_2026_R_00054,monaco_2026_R,Monaco Grand Prix,0.0,gbdt,0.06870560108117875,monaco_2026_R,true_negative
monaco_2026_R_00055,monaco_2026_R,Monaco Grand Prix,0.0,gbdt,0.30254686427395144,monaco_2026_R,other
monaco_2026_R_00056,monaco_2026_R,Monaco Grand Prix,0.0,gbdt,0.059241281855629956,monaco_2026_R,true_negative
monaco_2026_R_00057,monaco_2026_R,Monaco Grand Prix,0.0,gbdt,0.2678671881779664,monaco_2026_R,other
monaco_2026_R_00058,monaco_2026_R,Monaco Grand Prix,0.0,gbdt,0.035859113274786664,monaco_2026_R,true_negative
monaco_2026_R_00059,monaco_2026_R,Monaco Grand Prix,0.0,gbdt,0.03959271254207852,monaco_2026_R,true_negative
monaco_2026_R_00060,monaco_2026_R,Monaco Grand Prix,0.0,gbdt,0.2334541450780302,monaco_2026_R,other
monaco_2026_R_00061,monaco_2026_R,Monaco Grand Prix,0.0,gbdt,0.0601819150933544,monaco_2026_R,true_negative
monaco_2026_R_00063,monaco_2026_R,Monaco Grand Prix,0.0,gbdt,0.2502667437532635,monaco_2026_R,other
monaco_2026_R_00066,monaco_2026_R,Monaco Grand Prix,0.0,gbdt,0.1398202760357902,monaco_2026_R,true_negative
monaco_2026_R_00068,monaco_2026_R,Monaco Grand Prix,0.0,gbdt,0.03751827815509922,monaco_2026_R,true_negative
monaco_2026_R_00069,monaco_2026_R,Monaco Grand Prix,0.0,gbdt,0.2090940934598314,monaco_2026_R,other
monaco_2026_R_00070,monaco_2026_R,Monaco Grand Prix,0.0,gbdt,0.09434568971103963,monaco_2026_R,true_negative
monaco_2026_R_00071,monaco_2026_R,Monaco Grand Prix,0.0,gbdt,0.09321325567354544,monaco_2026_R,true_negative
monaco_2026_R_00072,monaco_2026_R,Monaco Grand Prix,0.0,gbdt,0.1280312166256029,monaco_2026_R,true_negative
monaco_2026_R_00073,monaco_2026_R,Monaco Grand Prix,0.0,gbdt,0.08758355407185187,monaco_2026_R,true_negative
monaco_2026_R_00074,monaco_2026_R,Monaco Grand Prix,0.0,gbdt,0.05675073293830744,monaco_2026_R,true_negative
monaco_2026_R_00075,monaco_2026_R,Monaco Grand Prix,0.0,gbdt,0.039748250835852435,monaco_2026_R,true_negative
monaco_2026_R_00076,monaco_2026_R,Monaco Grand Prix,0.0,gbdt,0.037380507869029356,monaco_2026_R,true_negative
monaco_2026_R_00079,monaco_2026_R,Monaco Grand Prix,0.0,gbdt,0.05947589860058146,monaco_2026_R,true_negative
monaco_2026_R_00080,monaco_2026_R,Monaco Grand Prix,0.0,gbdt,0.03943515093583418,monaco_2026_R,true_negative
monaco_2026_R_00081,monaco_2026_R,Monaco Grand Prix,0.0,gbdt,0.23484846875602344,monaco_2026_R,other
monaco_2026_R_00082,monaco_2026_R,Monaco Grand Prix,0.0,gbdt,0.05304867002073635,monaco_2026_R,true_negative
monaco_2026_R_00083,monaco_2026_R,Monaco Grand Prix,0.0,gbdt,0.03418779993385065,monaco_2026_R,true_negative
monaco_2026_R_00084,monaco_2026_R,Monaco Grand Prix,0.0,gbdt,0.07371849656103925,monaco_2026_R,true_negative
monaco_2026_R_00085,monaco_2026_R,Monaco Grand Prix,0.0,gbdt,0.2262320866388155,monaco_2026_R,other
monaco_2026_R_00087,monaco_2026_R,Monaco Grand Prix,0.0,gbdt,0.3461606244375538,monaco_2026_R,other
monaco_2026_R_00088,monaco_2026_R,Monaco Grand Prix,0.0,gbdt,0.4260545289432247,monaco_2026_R,other
monaco_2026_R_00089,monaco_2026_R,Monaco Grand Prix,0.0,gbdt,0.06055080170901689,monaco_2026_R,true_negative
monaco_2026_R_00090,monaco_2026_R,Monaco Grand Prix,0.0,gbdt,0.47116316636656375,monaco_2026_R,other
monaco_2026_R_00091,monaco_2026_R,Monaco Grand Prix,0.0,gbdt,0.09440527436991425,monaco_2026_R,true_negative
monaco_2026_R_00092,monaco_2026_R,Monaco Grand Prix,0.0,gbdt,0.04213605170782104,monaco_2026_R,true_negative
monaco_2026_R_00093,monaco_2026_R,Monaco Grand Prix,0.0,gbdt,0.11133459747608866,monaco_2026_R,true_negative
monaco_2026_R_00094,monaco_2026_R,Monaco Grand Prix,0.0,gbdt,0.11377365128404318,monaco_2026_R,true_negative
monaco_2026_R_00095,monaco_2026_R,Monaco Grand Prix,0.0,gbdt,0.12463067105411978,monaco_2026_R,true_negative
monaco_2026_R_00096,monaco_2026_R,Monaco Grand Prix,0.0,gbdt,0.11040630478120711,monaco_2026_R,true_negative
monaco_2026_R_00097,monaco_2026_R,Monaco Grand Prix,0.0,gbdt,0.09402116309047805,monaco_2026_R,true_negative
monaco_2026_R_00098,monaco_2026_R,Monaco Grand Prix,0.0,gbdt,0.0675871121634727,monaco_2026_R,true_negative
monaco_2026_R_00099,monaco_2026_R,Monaco Grand Prix,0.0,gbdt,0.07935417402331439,monaco_2026_R,true_negative
monaco_2026_R_00100,monaco_2026_R,Monaco Grand Prix,0.0,gbdt,0.049528223660637735,monaco_2026_R,true_negative
monaco_2026_R_00101,monaco_2026_R,Monaco Grand Prix,0.0,gbdt,0.06882335955532148,monaco_2026_R,true_negative
monaco_2026_R_00102,monaco_2026_R,Monaco Grand Prix,0.0,gbdt,0.04497085808951792,monaco_2026_R,true_negative
monaco_2026_R_00103,monaco_2026_R,Monaco Grand Prix,0.0,gbdt,0.05489758830318723,monaco_2026_R,true_negative
monaco_2026_R_00104,monaco_2026_R,Monaco Grand Prix,0.0,gbdt,0.090163242383924,monaco_2026_R,true_negative
monaco_2026_R_00105,monaco_2026_R,Monaco Grand Prix,0.0,gbdt,0.03284265364624993,monaco_2026_R,true_negative
monaco_2026_R_00106,monaco_2026_R,Monaco Grand Prix,0.0,gbdt,0.029306645913379982,monaco_2026_R,true_negative
monaco_2026_R_00107,monaco_2026_R,Monaco Grand Prix,0.0,gbdt,0.2033294456499205,monaco_2026_R,other
monaco_2026_R_00108,monaco_2026_R,Monaco Grand Prix,0.0,gbdt,0.048080402012859624,monaco_2026_R,true_negative
monaco_2026_R_00109,monaco_2026_R,Monaco Grand Prix,0.0,gbdt,0.05811079531906071,monaco_2026_R,true_negative
monaco_2026_R_00110,monaco_2026_R,Monaco Grand Prix,0.0,gbdt,0.04973128075006034,monaco_2026_R,true_negative
monaco_2026_R_00111,monaco_2026_R,Monaco Grand Prix,0.0,gbdt,0.05423418440631456,monaco_2026_R,true_negative
monaco_2026_R_00112,monaco_2026_R,Monaco Grand Prix,0.0,gbdt,0.04960086779835305,monaco_2026_R,true_negative
monaco_2026_R_00113,monaco_2026_R,Monaco Grand Prix,0.0,gbdt,0.13035198877562648,monaco_2026_R,true_negative
monaco_2026_R_00114,monaco_2026_R,Monaco Grand Prix,0.0,gbdt,0.08569900283423336,monaco_2026_R,true_negative
monaco_2026_R_00115,monaco_2026_R,Monaco Grand Prix,0.0,gbdt,0.06572244611789266,monaco_2026_R,true_negative
monaco_2026_R_00116,monaco_2026_R,Monaco Grand Prix,0.0,gbdt,0.06963664092032106,monaco_2026_R,true_negative
monaco_2026_R_00117,monaco_2026_R,Monaco Grand Prix,0.0,gbdt,0.11940525960941815,monaco_2026_R,true_negative
monaco_2026_R_00118,monaco_2026_R,Monaco Grand Prix,0.0,gbdt,0.08521191853514272,monaco_2026_R,true_negative
monaco_2026_R_00119,monaco_2026_R,Monaco Grand Prix,0.0,gbdt,0.03851792559500697,monaco_2026_R,true_negative
monaco_2026_R_00120,monaco_2026_R,Monaco Grand Prix,0.0,gbdt,0.08645917556513609,monaco_2026_R,true_negative
monaco_2026_R_00121,monaco_2026_R,Monaco Grand Prix,0.0,gbdt,0.1887226616337945,monaco_2026_R,true_negative
monaco_2026_R_00122,monaco_2026_R,Monaco Grand Prix,0.0,gbdt,0.03488551644533976,monaco_2026_R,true_negative
monaco_2026_R_00123,monaco_2026_R,Monaco Grand Prix,0.0,gbdt,0.10519430619645428,monaco_2026_R,true_negative
monaco_2026_R_00124,monaco_2026_R,Monaco Grand Prix,0.0,gbdt,0.07268051996173558,monaco_2026_R,true_negative
monaco_2026_R_00125,monaco_2026_R,Monaco Grand Prix,0.0,gbdt,0.14833315281222878,monaco_2026_R,true_negative
monaco_2026_R_00126,monaco_2026_R,Monaco Grand Prix,0.0,gbdt,0.07270881426852377,monaco_2026_R,true_negative
monaco_2026_R_00127,monaco_2026_R,Monaco Grand Prix,0.0,gbdt,0.11749583834025108,monaco_2026_R,true_negative
monaco_2026_R_00128,monaco_2026_R,Monaco Grand Prix,0.0,gbdt,0.06181508145898267,monaco_2026_R,true_negative
monaco_2026_R_00129,monaco_2026_R,Monaco Grand Prix,0.0,gbdt,0.06829004554113281,monaco_2026_R,true_negative
monaco_2026_R_00130,monaco_2026_R,Monaco Grand Prix,0.0,gbdt,0.055126303006320335,monaco_2026_R,true_negative
monaco_2026_R_00131,monaco_2026_R,Monaco Grand Prix,0.0,gbdt,0.04122161545706444,monaco_2026_R,true_negative
monaco_2026_R_00132,monaco_2026_R,Monaco Grand Prix,0.0,gbdt,0.029373139292595392,monaco_2026_R,true_negative
monaco_2026_R_00133,monaco_2026_R,Monaco Grand Prix,0.0,gbdt,0.0856217020700294,monaco_2026_R,true_negative
monaco_2026_R_00134,monaco_2026_R,Monaco Grand Prix,0.0,gbdt,0.07717031745097482,monaco_2026_R,true_negative
monaco_2026_R_00135,monaco_2026_R,Monaco Grand Prix,0.0,gbdt,0.09666937032708381,monaco_2026_R,true_negative
monaco_2026_R_00136,monaco_2026_R,Monaco Grand Prix,0.0,gbdt,0.04007064349422303,monaco_2026_R,true_negative
monaco_2026_R_00137,monaco_2026_R,Monaco Grand Prix,0.0,gbdt,0.13188346630105074,monaco_2026_R,true_negative
monaco_2026_R_00138,monaco_2026_R,Monaco Grand Prix,0.0,gbdt,0.04458000344161517,monaco_2026_R,true_negative
monaco_2026_R_00139,monaco_2026_R,Monaco Grand Prix,0.0,gbdt,0.26446735579218805,monaco_2026_R,other
monaco_2026_R_00140,monaco_2026_R,Monaco Grand Prix,0.0,gbdt,0.0674347020247177,monaco_2026_R,true_negative
monaco_2026_R_00141,monaco_2026_R,Monaco Grand Prix,0.0,gbdt,0.04042549647249131,monaco_2026_R,true_negative
monaco_2026_R_00142,monaco_2026_R,Monaco Grand Prix,0.0,gbdt,0.174943124173839,monaco_2026_R,true_negative
monaco_2026_R_00143,monaco_2026_R,Monaco Grand Prix,0.0,gbdt,0.3740905543350309,monaco_2026_R,other
monaco_2026_R_00144,monaco_2026_R,Monaco Grand Prix,0.0,gbdt,0.07652269607193567,monaco_2026_R,true_negative
monaco_2026_R_00145,monaco_2026_R,Monaco Grand Prix,0.0,gbdt,0.34222396178212877,monaco_2026_R,other
monaco_2026_R_00146,monaco_2026_R,Monaco Grand Prix,0.0,gbdt,0.05107626018991367,monaco_2026_R,true_negative
monaco_2026_R_00147,monaco_2026_R,Monaco Grand Prix,0.0,gbdt,0.15272808611305666,monaco_2026_R,true_negative
monaco_2026_R_00148,monaco_2026_R,Monaco Grand Prix,1.0,gbdt,0.4496688359307238,monaco_2026_R,other
monaco_2026_R_00149,monaco_2026_R,Monaco Grand Prix,0.0,gbdt,0.06582761904467524,monaco_2026_R,true_negative
monaco_2026_R_00151,monaco_2026_R,Monaco Grand Prix,0.0,gbdt,0.07677106871943382,monaco_2026_R,true_negative
monaco_2026_R_00152,monaco_2026_R,Monaco Grand Prix,0.0,gbdt,0.06686924183538188,monaco_2026_R,true_negative
monaco_2026_R_00153,monaco_2026_R,Monaco Grand Prix,0.0,gbdt,0.07081515620338577,monaco_2026_R,true_negative
monaco_2026_R_00154,monaco_2026_R,Monaco Grand Prix,0.0,gbdt,0.06527848192400591,monaco_2026_R,true_negative
monaco_2026_R_00155,monaco_2026_R,Monaco Grand Prix,0.0,gbdt,0.035982264094285454,monaco_2026_R,true_negative
monaco_2026_R_00157,monaco_2026_R,Monaco Grand Prix,0.0,gbdt,0.11372119893136466,monaco_2026_R,true_negative
monaco_2026_R_00158,monaco_2026_R,Monaco Grand Prix,0.0,gbdt,0.03933294375935418,monaco_2026_R,true_negative
monaco_2026_R_00159,monaco_2026_R,Monaco Grand Prix,0.0,gbdt,0.07659117615418672,monaco_2026_R,true_negative
monaco_2026_R_00160,monaco_2026_R,Monaco Grand Prix,0.0,gbdt,0.20429699329915207,monaco_2026_R,other
monaco_2026_R_00161,monaco_2026_R,Monaco Grand Prix,0.0,gbdt,0.027031728048189728,monaco_2026_R,true_negative
monaco_2026_R_00163,monaco_2026_R,Monaco Grand Prix,0.0,gbdt,0.09500843682322664,monaco_2026_R,true_negative
monaco_2026_R_00164,monaco_2026_R,Monaco Grand Prix,0.0,gbdt,0.1326937722856245,monaco_2026_R,true_negative
monaco_2026_R_00165,monaco_2026_R,Monaco Grand Prix,0.0,gbdt,0.04845104910465291,monaco_2026_R,true_negative
monaco_2026_R_00166,monaco_2026_R,Monaco Grand Prix,0.0,gbdt,0.10587836484845267,monaco_2026_R,true_negative
monaco_2026_R_00167,monaco_2026_R,Monaco Grand Prix,0.0,gbdt,0.33565654494380237,monaco_2026_R,other
monaco_2026_R_00168,monaco_2026_R,Monaco Grand Prix,0.0,gbdt,0.40040609348582984,monaco_2026_R,other
monaco_2026_R_00169,monaco_2026_R,Monaco Grand Prix,0.0,gbdt,0.08580221806672803,monaco_2026_R,true_negative
monaco_2026_R_00170,monaco_2026_R,Monaco Grand Prix,0.0,gbdt,0.07699834750875151,monaco_2026_R,true_negative
monaco_2026_R_00171,monaco_2026_R,Monaco Grand Prix,0.0,gbdt,0.06580463143210934,monaco_2026_R,true_negative
monaco_2026_R_00173,monaco_2026_R,Monaco Grand Prix,0.0,gbdt,0.06582736065825188,monaco_2026_R,true_negative
monaco_2026_R_00174,monaco_2026_R,Monaco Grand Prix,0.0,gbdt,0.03293335222721482,monaco_2026_R,true_negative
monaco_2026_R_00176,monaco_2026_R,Monaco Grand Prix,0.0,gbdt,0.4437386480339447,monaco_2026_R,other
monaco_2026_R_00177,monaco_2026_R,Monaco Grand Prix,0.0,gbdt,0.08669118974267963,monaco_2026_R,true_negative
monaco_2026_R_00178,monaco_2026_R,Monaco Grand Prix,0.0,gbdt,0.14854083002642293,monaco_2026_R,true_negative
monaco_2026_R_00179,monaco_2026_R,Monaco Grand Prix,0.0,gbdt,0.04937788944797102,monaco_2026_R,true_negative
monaco_2026_R_00180,monaco_2026_R,Monaco Grand Prix,0.0,gbdt,0.12571647131093494,monaco_2026_R,true_negative
monaco_2026_R_00181,monaco_2026_R,Monaco Grand Prix,0.0,gbdt,0.07344473276549518,monaco_2026_R,true_negative
monaco_2026_R_00182,monaco_2026_R,Monaco Grand Prix,0.0,gbdt,0.022361317846203103,monaco_2026_R,true_negative
monaco_2026_R_00183,monaco_2026_R,Monaco Grand Prix,0.0,gbdt,0.07551080046766882,monaco_2026_R,true_negative
monaco_2026_R_00184,monaco_2026_R,Monaco Grand Prix,0.0,gbdt,0.1195613980398775,monaco_2026_R,true_negative
monaco_2026_R_00185,monaco_2026_R,Monaco Grand Prix,0.0,gbdt,0.10001249328905788,monaco_2026_R,true_negative
monaco_2026_R_00186,monaco_2026_R,Monaco Grand Prix,0.0,gbdt,0.15878820299188545,monaco_2026_R,true_negative
monaco_2026_R_00187,monaco_2026_R,Monaco Grand Prix,0.0,gbdt,0.08055114409441716,monaco_2026_R,true_negative
monaco_2026_R_00188,monaco_2026_R,Monaco Grand Prix,0.0,gbdt,0.07218829631673068,monaco_2026_R,true_negative
monaco_2026_R_00189,monaco_2026_R,Monaco Grand Prix,0.0,gbdt,0.07074400367885793,monaco_2026_R,true_negative
monaco_2026_R_00191,monaco_2026_R,Monaco Grand Prix,0.0,gbdt,0.018816243163939397,monaco_2026_R,true_negative
monaco_2026_R_00192,monaco_2026_R,Monaco Grand Prix,0.0,gbdt,0.07106055633930182,monaco_2026_R,true_negative
monaco_2026_R_00193,monaco_2026_R,Monaco Grand Prix,0.0,gbdt,0.15705524041270633,monaco_2026_R,true_negative
monaco_2026_R_00194,monaco_2026_R,Monaco Grand Prix,0.0,gbdt,0.040276149780242125,monaco_2026_R,true_negative
monaco_2026_R_00195,monaco_2026_R,Monaco Grand Prix,0.0,gbdt,0.4905256961224374,monaco_2026_R,other
monaco_2026_R_00196,monaco_2026_R,Monaco Grand Prix,0.0,gbdt,0.14356998141748983,monaco_2026_R,true_negative
monaco_2026_R_00197,monaco_2026_R,Monaco Grand Prix,0.0,gbdt,0.16199500987339088,monaco_2026_R,true_negative
monaco_2026_R_00198,monaco_2026_R,Monaco Grand Prix,0.0,gbdt,0.05121139587111888,monaco_2026_R,true_negative
monaco_2026_R_00199,monaco_2026_R,Monaco Grand Prix,0.0,gbdt,0.05262627956161115,monaco_2026_R,true_negative
monaco_2026_R_00201,monaco_2026_R,Monaco Grand Prix,0.0,gbdt,0.12690414479294262,monaco_2026_R,true_negative
monaco_2026_R_00202,monaco_2026_R,Monaco Grand Prix,0.0,gbdt,0.06005987576922185,monaco_2026_R,true_negative
monaco_2026_R_00203,monaco_2026_R,Monaco Grand Prix,0.0,gbdt,0.09614899636716583,monaco_2026_R,true_negative
monaco_2026_R_00204,monaco_2026_R,Monaco Grand Prix,0.0,gbdt,0.08492428624966003,monaco_2026_R,true_negative
monaco_2026_R_00205,monaco_2026_R,Monaco Grand Prix,0.0,gbdt,0.07452752659395163,monaco_2026_R,true_negative
monaco_2026_R_00206,monaco_2026_R,Monaco Grand Prix,0.0,gbdt,0.0776794381390778,monaco_2026_R,true_negative
monaco_2026_R_00207,monaco_2026_R,Monaco Grand Prix,0.0,gbdt,0.059603668971151075,monaco_2026_R,true_negative
monaco_2026_R_00211,monaco_2026_R,Monaco Grand Prix,0.0,gbdt,0.03827430226989096,monaco_2026_R,true_negative
monaco_2026_R_00212,monaco_2026_R,Monaco Grand Prix,0.0,gbdt,0.06254132619361692,monaco_2026_R,true_negative
monaco_2026_R_00213,monaco_2026_R,Monaco Grand Prix,0.0,gbdt,0.14224846672343527,monaco_2026_R,true_negative
monaco_2026_R_00214,monaco_2026_R,Monaco Grand Prix,0.0,gbdt,0.09994455785296774,monaco_2026_R,true_negative
monaco_2026_R_00216,monaco_2026_R,Monaco Grand Prix,0.0,gbdt,0.05880836701971055,monaco_2026_R,true_negative
monaco_2026_R_00218,monaco_2026_R,Monaco Grand Prix,0.0,gbdt,0.14098239929955905,monaco_2026_R,true_negative
monaco_2026_R_00219,monaco_2026_R,Monaco Grand Prix,0.0,gbdt,0.21278461247953726,monaco_2026_R,other
monaco_2026_R_00221,monaco_2026_R,Monaco Grand Prix,0.0,gbdt,0.07838270797089658,monaco_2026_R,true_negative
monaco_2026_R_00223,monaco_2026_R,Monaco Grand Prix,0.0,gbdt,0.052931913343598806,monaco_2026_R,true_negative
monaco_2026_R_00224,monaco_2026_R,Monaco Grand Prix,0.0,gbdt,0.15537034840073727,monaco_2026_R,true_negative
monaco_2026_R_00225,monaco_2026_R,Monaco Grand Prix,0.0,gbdt,0.08552057109667428,monaco_2026_R,true_negative
monaco_2026_R_00226,monaco_2026_R,Monaco Grand Prix,0.0,gbdt,0.0957256136767976,monaco_2026_R,true_negative
monaco_2026_R_00227,monaco_2026_R,Monaco Grand Prix,0.0,gbdt,0.052996960411904624,monaco_2026_R,true_negative
monaco_2026_R_00229,monaco_2026_R,Monaco Grand Prix,0.0,gbdt,0.04759090317112697,monaco_2026_R,true_negative
monaco_2026_R_00231,monaco_2026_R,Monaco Grand Prix,0.0,gbdt,0.06670837252214919,monaco_2026_R,true_negative
monaco_2026_R_00232,monaco_2026_R,Monaco Grand Prix,0.0,gbdt,0.17642816397340924,monaco_2026_R,true_negative
monaco_2026_R_00235,monaco_2026_R,Monaco Grand Prix,0.0,gbdt,0.06114103550742864,monaco_2026_R,true_negative
monaco_2026_R_00236,monaco_2026_R,Monaco Grand Prix,0.0,gbdt,0.1573025918460316,monaco_2026_R,true_negative
monaco_2026_R_00237,monaco_2026_R,Monaco Grand Prix,0.0,gbdt,0.03203971332916115,monaco_2026_R,true_negative
monaco_2026_R_00238,monaco_2026_R,Monaco Grand Prix,1.0,gbdt,0.22936884031489996,monaco_2026_R,other
monaco_2026_R_00239,monaco_2026_R,Monaco Grand Prix,0.0,gbdt,0.0728593136275915,monaco_2026_R,true_negative
monaco_2026_R_00240,monaco_2026_R,Monaco Grand Prix,0.0,gbdt,0.029042020094980307,monaco_2026_R,true_negative
monaco_2026_R_00241,monaco_2026_R,Monaco Grand Prix,0.0,gbdt,0.06118794012987362,monaco_2026_R,true_negative
monaco_2026_R_00243,monaco_2026_R,Monaco Grand Prix,0.0,gbdt,0.06670837252214919,monaco_2026_R,true_negative
monaco_2026_R_00244,monaco_2026_R,Monaco Grand Prix,0.0,gbdt,0.5265608923452857,monaco_2026_R,false_positive
monaco_2026_R_00246,monaco_2026_R,Monaco Grand Prix,0.0,gbdt,0.322058127295802,monaco_2026_R,other
monaco_2026_R_00247,monaco_2026_R,Monaco Grand Prix,0.0,gbdt,0.26874993861649377,monaco_2026_R,other
monaco_2026_R_00249,monaco_2026_R,Monaco Grand Prix,0.0,gbdt,0.06474551379661016,monaco_2026_R,true_negative
monaco_2026_R_00250,monaco_2026_R,Monaco Grand Prix,0.0,gbdt,0.04990940139838642,monaco_2026_R,true_negative
monaco_2026_R_00252,monaco_2026_R,Monaco Grand Prix,0.0,gbdt,0.10887210762704612,monaco_2026_R,true_negative
monaco_2026_R_00253,monaco_2026_R,Monaco Grand Prix,0.0,gbdt,0.04277953805149646,monaco_2026_R,true_negative
monaco_2026_R_00255,monaco_2026_R,Monaco Grand Prix,0.0,gbdt,0.03304387763177576,monaco_2026_R,true_negative
monaco_2026_R_00256,monaco_2026_R,Monaco Grand Prix,0.0,gbdt,0.0212922885871797,monaco_2026_R,true_negative
monaco_2026_R_00258,monaco_2026_R,Monaco Grand Prix,0.0,gbdt,0.07213226748165875,monaco_2026_R,true_negative
monaco_2026_R_00259,monaco_2026_R,Monaco Grand Prix,0.0,gbdt,0.18701966549118812,monaco_2026_R,true_negative
monaco_2026_R_00261,monaco_2026_R,Monaco Grand Prix,0.0,gbdt,0.07471233563887152,monaco_2026_R,true_negative
monaco_2026_R_00262,monaco_2026_R,Monaco Grand Prix,0.0,gbdt,0.04589219543491401,monaco_2026_R,true_negative
monaco_2026_R_00264,monaco_2026_R,Monaco Grand Prix,0.0,gbdt,0.07848192509563394,monaco_2026_R,true_negative
monaco_2026_R_00265,monaco_2026_R,Monaco Grand Prix,0.0,gbdt,0.11452210144706687,monaco_2026_R,true_negative
monaco_2026_R_00266,monaco_2026_R,Monaco Grand Prix,0.0,gbdt,0.033626604068972644,monaco_2026_R,true_negative
monaco_2026_R_00268,monaco_2026_R,Monaco Grand Prix,0.0,gbdt,0.05060672812951849,monaco_2026_R,true_negative
monaco_2026_R_00269,monaco_2026_R,Monaco Grand Prix,0.0,gbdt,0.12054768037821177,monaco_2026_R,true_negative
monaco_2026_R_00270,monaco_2026_R,Monaco Grand Prix,0.0,gbdt,0.05704999776932769,monaco_2026_R,true_negative
monaco_2026_R_00271,monaco_2026_R,Monaco Grand Prix,0.0,gbdt,0.04990030621861479,monaco_2026_R,true_negative
monaco_2026_R_00272,monaco_2026_R,Monaco Grand Prix,0.0,gbdt,0.11384953771604298,monaco_2026_R,true_negative
monaco_2026_R_00274,monaco_2026_R,Monaco Grand Prix,0.0,gbdt,0.03908807964040202,monaco_2026_R,true_negative
monaco_2026_R_00275,monaco_2026_R,Monaco Grand Prix,0.0,gbdt,0.1462802611237646,monaco_2026_R,true_negative
monaco_2026_R_00276,monaco_2026_R,Monaco Grand Prix,0.0,gbdt,0.04704266624207763,monaco_2026_R,true_negative
monaco_2026_R_00279,monaco_2026_R,Monaco Grand Prix,0.0,gbdt,0.1533578264694575,monaco_2026_R,true_negative
monaco_2026_R_00280,monaco_2026_R,Monaco Grand Prix,0.0,gbdt,0.08632052411870578,monaco_2026_R,true_negative
monaco_2026_R_00281,monaco_2026_R,Monaco Grand Prix,0.0,gbdt,0.04851397288677326,monaco_2026_R,true_negative
monaco_2026_R_00282,monaco_2026_R,Monaco Grand Prix,0.0,gbdt,0.30589263121342886,monaco_2026_R,other
monaco_2026_R_00284,monaco_2026_R,Monaco Grand Prix,0.0,gbdt,0.03567918242491971,monaco_2026_R,true_negative
monaco_2026_R_00286,monaco_2026_R,Monaco Grand Prix,0.0,gbdt,0.15871536279421086,monaco_2026_R,true_negative
monaco_2026_R_00287,monaco_2026_R,Monaco Grand Prix,0.0,gbdt,0.07064968545540086,monaco_2026_R,true_negative
monaco_2026_R_00288,monaco_2026_R,Monaco Grand Prix,0.0,gbdt,0.03315233984134681,monaco_2026_R,true_negative
monaco_2026_R_00289,monaco_2026_R,Monaco Grand Prix,0.0,gbdt,0.139541473101076,monaco_2026_R,true_negative
monaco_2026_R_00290,monaco_2026_R,Monaco Grand Prix,0.0,gbdt,0.36376472947773564,monaco_2026_R,other
monaco_2026_R_00291,monaco_2026_R,Monaco Grand Prix,0.0,gbdt,0.03587257572697854,monaco_2026_R,true_negative
monaco_2026_R_00293,monaco_2026_R,Monaco Grand Prix,0.0,gbdt,0.03629092116037715,monaco_2026_R,true_negative
monaco_2026_R_00294,monaco_2026_R,Monaco Grand Prix,0.0,gbdt,0.2641868412662259,monaco_2026_R,other
monaco_2026_R_00296,monaco_2026_R,Monaco Grand Prix,0.0,gbdt,0.05029264790659905,monaco_2026_R,true_negative
monaco_2026_R_00298,monaco_2026_R,Monaco Grand Prix,0.0,gbdt,0.10932542725931721,monaco_2026_R,true_negative
monaco_2026_R_00299,monaco_2026_R,Monaco Grand Prix,0.0,gbdt,0.036392020536457646,monaco_2026_R,true_negative
monaco_2026_R_00300,monaco_2026_R,Monaco Grand Prix,0.0,gbdt,0.013409957031004883,monaco_2026_R,true_negative
monaco_2026_R_00301,monaco_2026_R,Monaco Grand Prix,0.0,gbdt,0.05843167140746978,monaco_2026_R,true_negative
monaco_2026_R_00302,monaco_2026_R,Monaco Grand Prix,0.0,gbdt,0.030440703623130862,monaco_2026_R,true_negative
monaco_2026_R_00303,monaco_2026_R,Monaco Grand Prix,0.0,gbdt,0.04694429411456353,monaco_2026_R,true_negative
monaco_2026_R_00305,monaco_2026_R,Monaco Grand Prix,0.0,gbdt,0.0629966544140803,monaco_2026_R,true_negative
monaco_2026_R_00306,monaco_2026_R,Monaco Grand Prix,0.0,gbdt,0.026061437714328606,monaco_2026_R,true_negative
monaco_2026_R_00308,monaco_2026_R,Monaco Grand Prix,0.0,gbdt,0.1589818881165096,monaco_2026_R,true_negative
monaco_2026_R_00309,monaco_2026_R,Monaco Grand Prix,0.0,gbdt,0.019914425538751283,monaco_2026_R,true_negative
monaco_2026_R_00311,monaco_2026_R,Monaco Grand Prix,0.0,gbdt,0.07064968545540086,monaco_2026_R,true_negative
monaco_2026_R_00312,monaco_2026_R,Monaco Grand Prix,0.0,gbdt,0.03991430217436433,monaco_2026_R,true_negative
monaco_2026_R_00315,monaco_2026_R,Monaco Grand Prix,0.0,gbdt,0.04067441563171466,monaco_2026_R,true_negative
monaco_2026_R_00317,monaco_2026_R,Monaco Grand Prix,0.0,gbdt,0.05805180962493473,monaco_2026_R,true_negative
monaco_2026_R_00318,monaco_2026_R,Monaco Grand Prix,0.0,gbdt,0.12681201275622211,monaco_2026_R,true_negative
monaco_2026_R_00319,monaco_2026_R,Monaco Grand Prix,0.0,gbdt,0.05949244990591557,monaco_2026_R,true_negative
monaco_2026_R_00320,monaco_2026_R,Monaco Grand Prix,0.0,gbdt,0.05404145635572327,monaco_2026_R,true_negative
monaco_2026_R_00321,monaco_2026_R,Monaco Grand Prix,0.0,gbdt,0.04176377530419201,monaco_2026_R,true_negative
monaco_2026_R_00322,monaco_2026_R,Monaco Grand Prix,0.0,gbdt,0.17976553006543824,monaco_2026_R,true_negative
monaco_2026_R_00324,monaco_2026_R,Monaco Grand Prix,0.0,gbdt,0.04608459729294208,monaco_2026_R,true_negative
monaco_2026_R_00325,monaco_2026_R,Monaco Grand Prix,0.0,gbdt,0.03384520117550475,monaco_2026_R,true_negative
monaco_2026_R_00327,monaco_2026_R,Monaco Grand Prix,0.0,gbdt,0.08623332314852802,monaco_2026_R,true_negative
monaco_2026_R_00328,monaco_2026_R,Monaco Grand Prix,0.0,gbdt,0.032278194119405475,monaco_2026_R,true_negative
monaco_2026_R_00329,monaco_2026_R,Monaco Grand Prix,0.0,gbdt,0.05637629557285022,monaco_2026_R,true_negative
monaco_2026_R_00330,monaco_2026_R,Monaco Grand Prix,0.0,gbdt,0.07064968545540086,monaco_2026_R,true_negative
monaco_2026_R_00331,monaco_2026_R,Monaco Grand Prix,0.0,gbdt,0.06874830374334806,monaco_2026_R,true_negative
monaco_2026_R_00332,monaco_2026_R,Monaco Grand Prix,0.0,gbdt,0.0962717509363543,monaco_2026_R,true_negative
monaco_2026_R_00333,monaco_2026_R,Monaco Grand Prix,0.0,gbdt,0.04482804737306161,monaco_2026_R,true_negative
monaco_2026_R_00336,monaco_2026_R,Monaco Grand Prix,0.0,gbdt,0.03726051940105294,monaco_2026_R,true_negative
monaco_2026_R_00337,monaco_2026_R,Monaco Grand Prix,0.0,gbdt,0.05335284003440156,monaco_2026_R,true_negative
monaco_2026_R_00338,monaco_2026_R,Monaco Grand Prix,0.0,gbdt,0.17259518738635937,monaco_2026_R,true_negative
monaco_2026_R_00339,monaco_2026_R,Monaco Grand Prix,0.0,gbdt,0.06244130836112058,monaco_2026_R,true_negative
monaco_2026_R_00340,monaco_2026_R,Monaco Grand Prix,0.0,gbdt,0.07017646964781514,monaco_2026_R,true_negative
monaco_2026_R_00341,monaco_2026_R,Monaco Grand Prix,0.0,gbdt,0.0954924813812163,monaco_2026_R,true_negative
monaco_2026_R_00342,monaco_2026_R,Monaco Grand Prix,0.0,gbdt,0.05814170162293287,monaco_2026_R,true_negative
monaco_2026_R_00344,monaco_2026_R,Monaco Grand Prix,0.0,gbdt,0.033272189664316755,monaco_2026_R,true_negative
monaco_2026_R_00346,monaco_2026_R,Monaco Grand Prix,0.0,gbdt,0.05229668677564978,monaco_2026_R,true_negative
monaco_2026_R_00347,monaco_2026_R,Monaco Grand Prix,0.0,gbdt,0.05219548415079742,monaco_2026_R,true_negative
monaco_2026_R_00348,monaco_2026_R,Monaco Grand Prix,0.0,gbdt,0.0805259802483043,monaco_2026_R,true_negative
monaco_2026_R_00349,monaco_2026_R,Monaco Grand Prix,0.0,gbdt,0.049564012026600233,monaco_2026_R,true_negative
monaco_2026_R_00352,monaco_2026_R,Monaco Grand Prix,0.0,gbdt,0.02946043081334155,monaco_2026_R,true_negative
monaco_2026_R_00353,monaco_2026_R,Monaco Grand Prix,0.0,gbdt,0.04704266624207763,monaco_2026_R,true_negative
monaco_2026_R_00354,monaco_2026_R,Monaco Grand Prix,0.0,gbdt,0.03363566267309375,monaco_2026_R,true_negative
monaco_2026_R_00355,monaco_2026_R,Monaco Grand Prix,0.0,gbdt,0.06469388485972252,monaco_2026_R,true_negative
monaco_2026_R_00356,monaco_2026_R,Monaco Grand Prix,0.0,gbdt,0.05463476714047626,monaco_2026_R,true_negative
monaco_2026_R_00358,monaco_2026_R,Monaco Grand Prix,0.0,gbdt,0.0954924813812163,monaco_2026_R,true_negative
monaco_2026_R_00360,monaco_2026_R,Monaco Grand Prix,0.0,gbdt,0.06277931498215727,monaco_2026_R,true_negative
monaco_2026_R_00361,monaco_2026_R,Monaco Grand Prix,0.0,gbdt,0.05996174125214925,monaco_2026_R,true_negative
monaco_2026_R_00362,monaco_2026_R,Monaco Grand Prix,0.0,gbdt,0.03147742445574792,monaco_2026_R,true_negative
monaco_2026_R_00363,monaco_2026_R,Monaco Grand Prix,0.0,gbdt,0.0495707077233695,monaco_2026_R,true_negative
monaco_2026_R_00364,monaco_2026_R,Monaco Grand Prix,0.0,gbdt,0.0995557016094488,monaco_2026_R,true_negative
monaco_2026_R_00365,monaco_2026_R,Monaco Grand Prix,0.0,gbdt,0.04977383271283314,monaco_2026_R,true_negative
monaco_2026_R_00367,monaco_2026_R,Monaco Grand Prix,0.0,gbdt,0.03861126367174528,monaco_2026_R,true_negative
monaco_2026_R_00368,monaco_2026_R,Monaco Grand Prix,0.0,gbdt,0.06204134095116418,monaco_2026_R,true_negative
monaco_2026_R_00369,monaco_2026_R,Monaco Grand Prix,0.0,gbdt,0.061246342376165976,monaco_2026_R,true_negative
monaco_2026_R_00370,monaco_2026_R,Monaco Grand Prix,0.0,gbdt,0.054539666993074915,monaco_2026_R,true_negative
monaco_2026_R_00372,monaco_2026_R,Monaco Grand Prix,0.0,gbdt,0.03787043606449687,monaco_2026_R,true_negative
monaco_2026_R_00374,monaco_2026_R,Monaco Grand Prix,0.0,gbdt,0.06926228931445219,monaco_2026_R,true_negative
monaco_2026_R_00375,monaco_2026_R,Monaco Grand Prix,0.0,gbdt,0.056697117239781575,monaco_2026_R,true_negative
monaco_2026_R_00376,monaco_2026_R,Monaco Grand Prix,0.0,gbdt,0.019994825362741074,monaco_2026_R,true_negative
monaco_2026_R_00377,monaco_2026_R,Monaco Grand Prix,0.0,gbdt,0.07923891705969668,monaco_2026_R,true_negative
monaco_2026_R_00378,monaco_2026_R,Monaco Grand Prix,0.0,gbdt,0.0498211750247732,monaco_2026_R,true_negative
monaco_2026_R_00379,monaco_2026_R,Monaco Grand Prix,0.0,gbdt,0.031163026624893495,monaco_2026_R,true_negative
monaco_2026_R_00381,monaco_2026_R,Monaco Grand Prix,0.0,gbdt,0.030560808383106507,monaco_2026_R,true_negative
monaco_2026_R_00383,monaco_2026_R,Monaco Grand Prix,0.0,gbdt,0.04734792892065114,monaco_2026_R,true_negative
monaco_2026_R_00384,monaco_2026_R,Monaco Grand Prix,0.0,gbdt,0.048774619270104194,monaco_2026_R,true_negative
monaco_2026_R_00385,monaco_2026_R,Monaco Grand Prix,0.0,gbdt,0.05754069266254419,monaco_2026_R,true_negative
monaco_2026_R_00386,monaco_2026_R,Monaco Grand Prix,0.0,gbdt,0.2247280834355537,monaco_2026_R,other
monaco_2026_R_00387,monaco_2026_R,Monaco Grand Prix,0.0,gbdt,0.04763156929066624,monaco_2026_R,true_negative
monaco_2026_R_00389,monaco_2026_R,Monaco Grand Prix,0.0,gbdt,0.022811341404101505,monaco_2026_R,true_negative
monaco_2026_R_00391,monaco_2026_R,Monaco Grand Prix,0.0,gbdt,0.027242414223155098,monaco_2026_R,true_negative
monaco_2026_R_00392,monaco_2026_R,Monaco Grand Prix,0.0,gbdt,0.06293842160694389,monaco_2026_R,true_negative
monaco_2026_R_00393,monaco_2026_R,Monaco Grand Prix,0.0,gbdt,0.06479862906343918,monaco_2026_R,true_negative
monaco_2026_R_00394,monaco_2026_R,Monaco Grand Prix,0.0,gbdt,0.06829340035071597,monaco_2026_R,true_negative
monaco_2026_R_00396,monaco_2026_R,Monaco Grand Prix,0.0,gbdt,0.1185724942038493,monaco_2026_R,true_negative
monaco_2026_R_00397,monaco_2026_R,Monaco Grand Prix,0.0,gbdt,0.02049051521739588,monaco_2026_R,true_negative
monaco_2026_R_00399,monaco_2026_R,Monaco Grand Prix,0.0,gbdt,0.12890573344747636,monaco_2026_R,true_negative
monaco_2026_R_00400,monaco_2026_R,Monaco Grand Prix,0.0,gbdt,0.02700364731301074,monaco_2026_R,true_negative
monaco_2026_R_00401,monaco_2026_R,Monaco Grand Prix,0.0,gbdt,0.04688645709478955,monaco_2026_R,true_negative
monaco_2026_R_00402,monaco_2026_R,Monaco Grand Prix,0.0,gbdt,0.03985047589034894,monaco_2026_R,true_negative
monaco_2026_R_00403,monaco_2026_R,Monaco Grand Prix,0.0,gbdt,0.06365741176143823,monaco_2026_R,true_negative
monaco_2026_R_00405,monaco_2026_R,Monaco Grand Prix,0.0,gbdt,0.11278698507067014,monaco_2026_R,true_negative
monaco_2026_R_00406,monaco_2026_R,Monaco Grand Prix,0.0,gbdt,0.0272255729289706,monaco_2026_R,true_negative
monaco_2026_R_00408,monaco_2026_R,Monaco Grand Prix,0.0,gbdt,0.05746759340399087,monaco_2026_R,true_negative
monaco_2026_R_00409,monaco_2026_R,Monaco Grand Prix,0.0,gbdt,0.01725610532148594,monaco_2026_R,true_negative
monaco_2026_R_00410,monaco_2026_R,Monaco Grand Prix,0.0,gbdt,0.06994720729226306,monaco_2026_R,true_negative
monaco_2026_R_00411,monaco_2026_R,Monaco Grand Prix,0.0,gbdt,0.1185724942038493,monaco_2026_R,true_negative
monaco_2026_R_00413,monaco_2026_R,Monaco Grand Prix,0.0,gbdt,0.17749488334278749,monaco_2026_R,true_negative
monaco_2026_R_00414,monaco_2026_R,Monaco Grand Prix,0.0,gbdt,0.03523490734584288,monaco_2026_R,true_negative
monaco_2026_R_00415,monaco_2026_R,Monaco Grand Prix,0.0,gbdt,0.017269427725032472,monaco_2026_R,true_negative
monaco_2026_R_00416,monaco_2026_R,Monaco Grand Prix,0.0,gbdt,0.02862956489624422,monaco_2026_R,true_negative
monaco_2026_R_00417,monaco_2026_R,Monaco Grand Prix,0.0,gbdt,0.05517666759240562,monaco_2026_R,true_negative
monaco_2026_R_00418,monaco_2026_R,Monaco Grand Prix,0.0,gbdt,0.06009498559552743,monaco_2026_R,true_negative
monaco_2026_R_00419,monaco_2026_R,Monaco Grand Prix,0.0,gbdt,0.03943157772890835,monaco_2026_R,true_negative
monaco_2026_R_00421,monaco_2026_R,Monaco Grand Prix,0.0,gbdt,0.06117813263676822,monaco_2026_R,true_negative
monaco_2026_R_00422,monaco_2026_R,Monaco Grand Prix,0.0,gbdt,0.13022531194938555,monaco_2026_R,true_negative
monaco_2026_R_00423,monaco_2026_R,Monaco Grand Prix,0.0,gbdt,0.06532942222351976,monaco_2026_R,true_negative
monaco_2026_R_00424,monaco_2026_R,Monaco Grand Prix,0.0,gbdt,0.03392133935886713,monaco_2026_R,true_negative
monaco_2026_R_00425,monaco_2026_R,Monaco Grand Prix,0.0,gbdt,0.12363748897475121,monaco_2026_R,true_negative
monaco_2026_R_00426,monaco_2026_R,Monaco Grand Prix,0.0,gbdt,0.04806988310008152,monaco_2026_R,true_negative
monaco_2026_R_00428,monaco_2026_R,Monaco Grand Prix,0.0,gbdt,0.04362191888310817,monaco_2026_R,true_negative
monaco_2026_R_00429,monaco_2026_R,Monaco Grand Prix,0.0,gbdt,0.016506817166632774,monaco_2026_R,true_negative
monaco_2026_R_00430,monaco_2026_R,Monaco Grand Prix,0.0,gbdt,0.04797124260537221,monaco_2026_R,true_negative
monaco_2026_R_00431,monaco_2026_R,Monaco Grand Prix,0.0,gbdt,0.04612056104723889,monaco_2026_R,true_negative
monaco_2026_R_00432,monaco_2026_R,Monaco Grand Prix,0.0,gbdt,0.062099082405798534,monaco_2026_R,true_negative
monaco_2026_R_00433,monaco_2026_R,Monaco Grand Prix,0.0,gbdt,0.015225765323654918,monaco_2026_R,true_negative
monaco_2026_R_00435,monaco_2026_R,Monaco Grand Prix,0.0,gbdt,0.06217325843203198,monaco_2026_R,true_negative
monaco_2026_R_00436,monaco_2026_R,Monaco Grand Prix,0.0,gbdt,0.05746759340399087,monaco_2026_R,true_negative
monaco_2026_R_00437,monaco_2026_R,Monaco Grand Prix,0.0,gbdt,0.02280785948114157,monaco_2026_R,true_negative
monaco_2026_R_00438,monaco_2026_R,Monaco Grand Prix,0.0,gbdt,0.07434792987546285,monaco_2026_R,true_negative
monaco_2026_R_00439,monaco_2026_R,Monaco Grand Prix,0.0,gbdt,0.039503139730506544,monaco_2026_R,true_negative
monaco_2026_R_00440,monaco_2026_R,Monaco Grand Prix,0.0,gbdt,0.03744588837466808,monaco_2026_R,true_negative
monaco_2026_R_00442,monaco_2026_R,Monaco Grand Prix,0.0,gbdt,0.026898279775759315,monaco_2026_R,true_negative
monaco_2026_R_00446,monaco_2026_R,Monaco Grand Prix,0.0,gbdt,0.04328195818258268,monaco_2026_R,true_negative
monaco_2026_R_00447,monaco_2026_R,Monaco Grand Prix,0.0,gbdt,0.0499939514378678,monaco_2026_R,true_negative
monaco_2026_R_00448,monaco_2026_R,Monaco Grand Prix,0.0,gbdt,0.06265818090546982,monaco_2026_R,true_negative
monaco_2026_R_00449,monaco_2026_R,Monaco Grand Prix,0.0,gbdt,0.06539657939939589,monaco_2026_R,true_negative
monaco_2026_R_00450,monaco_2026_R,Monaco Grand Prix,0.0,gbdt,0.0666637719786307,monaco_2026_R,true_negative
monaco_2026_R_00453,monaco_2026_R,Monaco Grand Prix,0.0,gbdt,0.046967401184179594,monaco_2026_R,true_negative
monaco_2026_R_00456,monaco_2026_R,Monaco Grand Prix,0.0,gbdt,0.05868093609591001,monaco_2026_R,true_negative
monaco_2026_R_00457,monaco_2026_R,Monaco Grand Prix,0.0,gbdt,0.05388502893663885,monaco_2026_R,true_negative
monaco_2026_R_00458,monaco_2026_R,Monaco Grand Prix,0.0,gbdt,0.06429516548068157,monaco_2026_R,true_negative
monaco_2026_R_00460,monaco_2026_R,Monaco Grand Prix,0.0,gbdt,0.13409759453100914,monaco_2026_R,true_negative
monaco_2026_R_00461,monaco_2026_R,Monaco Grand Prix,0.0,gbdt,0.04636805245344274,monaco_2026_R,true_negative
monaco_2026_R_00462,monaco_2026_R,Monaco Grand Prix,0.0,gbdt,0.028137819341661943,monaco_2026_R,true_negative
monaco_2026_R_00465,monaco_2026_R,Monaco Grand Prix,0.0,gbdt,0.032417473506373536,monaco_2026_R,true_negative
monaco_2026_R_00466,monaco_2026_R,Monaco Grand Prix,0.0,gbdt,0.03138901031993644,monaco_2026_R,true_negative
monaco_2026_R_00468,monaco_2026_R,Monaco Grand Prix,0.0,gbdt,0.04081188596347632,monaco_2026_R,true_negative
monaco_2026_R_00470,monaco_2026_R,Monaco Grand Prix,0.0,gbdt,0.05538072845674654,monaco_2026_R,true_negative
monaco_2026_R_00471,monaco_2026_R,Monaco Grand Prix,0.0,gbdt,0.045929561859748044,monaco_2026_R,true_negative
monaco_2026_R_00474,monaco_2026_R,Monaco Grand Prix,0.0,gbdt,0.034896231145103866,monaco_2026_R,true_negative
monaco_2026_R_00476,monaco_2026_R,Monaco Grand Prix,0.0,gbdt,0.07346137664576771,monaco_2026_R,true_negative
monaco_2026_R_00477,monaco_2026_R,Monaco Grand Prix,0.0,gbdt,0.07716267772495448,monaco_2026_R,true_negative
monaco_2026_R_00478,monaco_2026_R,Monaco Grand Prix,0.0,gbdt,0.12514371458058884,monaco_2026_R,true_negative
monaco_2026_R_00479,monaco_2026_R,Monaco Grand Prix,0.0,gbdt,0.07281281150422092,monaco_2026_R,true_negative
monaco_2026_R_00480,monaco_2026_R,Monaco Grand Prix,0.0,gbdt,0.032029789839265625,monaco_2026_R,true_negative
monaco_2026_R_00481,monaco_2026_R,Monaco Grand Prix,0.0,gbdt,0.05256510814723895,monaco_2026_R,true_negative
monaco_2026_R_00482,monaco_2026_R,Monaco Grand Prix,0.0,gbdt,0.015402511238269875,monaco_2026_R,true_negative
monaco_2026_R_00483,monaco_2026_R,Monaco Grand Prix,0.0,gbdt,0.061873134957684685,monaco_2026_R,true_negative
monaco_2026_R_00484,monaco_2026_R,Monaco Grand Prix,0.0,gbdt,0.03689175555752227,monaco_2026_R,true_negative
monaco_2026_R_00486,monaco_2026_R,Monaco Grand Prix,0.0,gbdt,0.04470093939741134,monaco_2026_R,true_negative
monaco_2026_R_00488,monaco_2026_R,Monaco Grand Prix,0.0,gbdt,0.03238969777033179,monaco_2026_R,true_negative
monaco_2026_R_00489,monaco_2026_R,Monaco Grand Prix,0.0,gbdt,0.03452819987316499,monaco_2026_R,true_negative
monaco_2026_R_00490,monaco_2026_R,Monaco Grand Prix,0.0,gbdt,0.03655079776059796,monaco_2026_R,true_negative
monaco_2026_R_00491,monaco_2026_R,Monaco Grand Prix,0.0,gbdt,0.02123567938016979,monaco_2026_R,true_negative
monaco_2026_R_00493,monaco_2026_R,Monaco Grand Prix,0.0,gbdt,0.2244388026312304,monaco_2026_R,other
monaco_2026_R_00494,monaco_2026_R,Monaco Grand Prix,0.0,gbdt,0.034006453800692046,monaco_2026_R,true_negative
monaco_2026_R_00496,monaco_2026_R,Monaco Grand Prix,0.0,gbdt,0.0163579660758249,monaco_2026_R,true_negative
monaco_2026_R_00497,monaco_2026_R,Monaco Grand Prix,0.0,gbdt,0.12762687784813112,monaco_2026_R,true_negative
monaco_2026_R_00499,monaco_2026_R,Monaco Grand Prix,0.0,gbdt,0.06813732391338241,monaco_2026_R,true_negative
monaco_2026_R_00500,monaco_2026_R,Monaco Grand Prix,0.0,gbdt,0.11376418128676088,monaco_2026_R,true_negative
monaco_2026_R_00501,monaco_2026_R,Monaco Grand Prix,0.0,gbdt,0.05604347427432002,monaco_2026_R,true_negative
monaco_2026_R_00502,monaco_2026_R,Monaco Grand Prix,0.0,gbdt,0.03724010712398612,monaco_2026_R,true_negative
monaco_2026_R_00503,monaco_2026_R,Monaco Grand Prix,0.0,gbdt,0.03053290965653379,monaco_2026_R,true_negative
monaco_2026_R_00504,monaco_2026_R,Monaco Grand Prix,0.0,gbdt,0.020204564735223595,monaco_2026_R,true_negative
monaco_2026_R_00506,monaco_2026_R,Monaco Grand Prix,0.0,gbdt,0.05940159595584647,monaco_2026_R,true_negative
monaco_2026_R_00507,monaco_2026_R,Monaco Grand Prix,0.0,gbdt,0.12662250583502715,monaco_2026_R,true_negative
monaco_2026_R_00508,monaco_2026_R,Monaco Grand Prix,0.0,gbdt,0.030575783161508715,monaco_2026_R,true_negative
monaco_2026_R_00511,monaco_2026_R,Monaco Grand Prix,0.0,gbdt,0.06845387459292272,monaco_2026_R,true_negative
monaco_2026_R_00512,monaco_2026_R,Monaco Grand Prix,0.0,gbdt,0.07029104535225354,monaco_2026_R,true_negative
monaco_2026_R_00513,monaco_2026_R,Monaco Grand Prix,0.0,gbdt,0.121431063720612,monaco_2026_R,true_negative
monaco_2026_R_00515,monaco_2026_R,Monaco Grand Prix,0.0,gbdt,0.0535002773009848,monaco_2026_R,true_negative
monaco_2026_R_00516,monaco_2026_R,Monaco Grand Prix,0.0,gbdt,0.023268017614666164,monaco_2026_R,true_negative
monaco_2026_R_00517,monaco_2026_R,Monaco Grand Prix,0.0,gbdt,0.029430313059389576,monaco_2026_R,true_negative
monaco_2026_R_00519,monaco_2026_R,Monaco Grand Prix,0.0,gbdt,0.05182082646586471,monaco_2026_R,true_negative
monaco_2026_R_00520,monaco_2026_R,Monaco Grand Prix,0.0,gbdt,0.054878350653355217,monaco_2026_R,true_negative
monaco_2026_R_00522,monaco_2026_R,Monaco Grand Prix,0.0,gbdt,0.05710503907347589,monaco_2026_R,true_negative
monaco_2026_R_00524,monaco_2026_R,Monaco Grand Prix,0.0,gbdt,0.018035446304617186,monaco_2026_R,true_negative
monaco_2026_R_00525,monaco_2026_R,Monaco Grand Prix,0.0,gbdt,0.027813392029723917,monaco_2026_R,true_negative
monaco_2026_R_00526,monaco_2026_R,Monaco Grand Prix,0.0,gbdt,0.12621780945496683,monaco_2026_R,true_negative
monaco_2026_R_00530,monaco_2026_R,Monaco Grand Prix,0.0,gbdt,0.04647074238604747,monaco_2026_R,true_negative
monaco_2026_R_00531,monaco_2026_R,Monaco Grand Prix,0.0,gbdt,0.010532979064025658,monaco_2026_R,true_negative
monaco_2026_R_00533,monaco_2026_R,Monaco Grand Prix,0.0,gbdt,0.018043951092628904,monaco_2026_R,true_negative
monaco_2026_R_00534,monaco_2026_R,Monaco Grand Prix,0.0,gbdt,0.02454960969059756,monaco_2026_R,true_negative
monaco_2026_R_00535,monaco_2026_R,Monaco Grand Prix,0.0,gbdt,0.05656280128147849,monaco_2026_R,true_negative
monaco_2026_R_00539,monaco_2026_R,Monaco Grand Prix,0.0,gbdt,0.015390291788897384,monaco_2026_R,true_negative
monaco_2026_R_00540,monaco_2026_R,Monaco Grand Prix,0.0,gbdt,0.047131749729232474,monaco_2026_R,true_negative
monaco_2026_R_00541,monaco_2026_R,Monaco Grand Prix,0.0,gbdt,0.060854465943448434,monaco_2026_R,true_negative
monaco_2026_R_00542,monaco_2026_R,Monaco Grand Prix,0.0,gbdt,0.018462493322685788,monaco_2026_R,true_negative
monaco_2026_R_00544,monaco_2026_R,Monaco Grand Prix,0.0,gbdt,0.04762334062104883,monaco_2026_R,true_negative
monaco_2026_R_00545,monaco_2026_R,Monaco Grand Prix,0.0,gbdt,0.14885410599067467,monaco_2026_R,true_negative
monaco_2026_R_00549,monaco_2026_R,Monaco Grand Prix,0.0,gbdt,0.038000511120438625,monaco_2026_R,true_negative
monaco_2026_R_00550,monaco_2026_R,Monaco Grand Prix,0.0,gbdt,0.01992186824000489,monaco_2026_R,true_negative
monaco_2026_R_00553,monaco_2026_R,Monaco Grand Prix,0.0,gbdt,0.04347647619094307,monaco_2026_R,true_negative
monaco_2026_R_00554,monaco_2026_R,Monaco Grand Prix,0.0,gbdt,0.05288341108585561,monaco_2026_R,true_negative
monaco_2026_R_00556,monaco_2026_R,Monaco Grand Prix,0.0,gbdt,0.048176153964126445,monaco_2026_R,true_negative
monaco_2026_R_00557,monaco_2026_R,Monaco Grand Prix,0.0,gbdt,0.010943556815088558,monaco_2026_R,true_negative
monaco_2026_R_00559,monaco_2026_R,Monaco Grand Prix,0.0,gbdt,0.06117813263676822,monaco_2026_R,true_negative
monaco_2026_R_00562,monaco_2026_R,Monaco Grand Prix,0.0,gbdt,0.017360906615667707,monaco_2026_R,true_negative
monaco_2026_R_00563,monaco_2026_R,Monaco Grand Prix,0.0,gbdt,0.14843340234454627,monaco_2026_R,true_negative
monaco_2026_R_00564,monaco_2026_R,Monaco Grand Prix,0.0,gbdt,0.12246264234282467,monaco_2026_R,true_negative
monaco_2026_R_00566,monaco_2026_R,Monaco Grand Prix,0.0,gbdt,0.059356768035779925,monaco_2026_R,true_negative
monaco_2026_R_00567,monaco_2026_R,Monaco Grand Prix,0.0,gbdt,0.01479498161248304,monaco_2026_R,true_negative
monaco_2026_R_00568,monaco_2026_R,Monaco Grand Prix,0.0,gbdt,0.019880169808572448,monaco_2026_R,true_negative
monaco_2026_R_00570,monaco_2026_R,Monaco Grand Prix,1.0,gbdt,0.04340754385602007,monaco_2026_R,false_negative
monaco_2026_R_00571,monaco_2026_R,Monaco Grand Prix,0.0,gbdt,0.12360050417373851,monaco_2026_R,true_negative
monaco_2026_R_00572,monaco_2026_R,Monaco Grand Prix,0.0,gbdt,0.09154220055134044,monaco_2026_R,true_negative
monaco_2026_R_00574,monaco_2026_R,Monaco Grand Prix,0.0,gbdt,0.05489797468620141,monaco_2026_R,true_negative
monaco_2026_R_00576,monaco_2026_R,Monaco Grand Prix,0.0,gbdt,0.03793121571374317,monaco_2026_R,true_negative
monaco_2026_R_00577,monaco_2026_R,Monaco Grand Prix,0.0,gbdt,0.08223634475336386,monaco_2026_R,true_negative
monaco_2026_R_00578,monaco_2026_R,Monaco Grand Prix,0.0,gbdt,0.06990569647240256,monaco_2026_R,true_negative
monaco_2026_R_00581,monaco_2026_R,Monaco Grand Prix,0.0,gbdt,0.0873239798511863,monaco_2026_R,true_negative
monaco_2026_R_00582,monaco_2026_R,Monaco Grand Prix,0.0,gbdt,0.028932894459186516,monaco_2026_R,true_negative
monaco_2026_R_00584,monaco_2026_R,Monaco Grand Prix,0.0,gbdt,0.09927630094342822,monaco_2026_R,true_negative
monaco_2026_R_00586,monaco_2026_R,Monaco Grand Prix,0.0,gbdt,0.2945038720569435,monaco_2026_R,other
monaco_2026_R_00587,monaco_2026_R,Monaco Grand Prix,0.0,gbdt,0.2591905505788057,monaco_2026_R,other
monaco_2026_R_00588,monaco_2026_R,Monaco Grand Prix,0.0,gbdt,0.2038383682240341,monaco_2026_R,other
monaco_2026_R_00590,monaco_2026_R,Monaco Grand Prix,0.0,gbdt,0.04811569996712538,monaco_2026_R,true_negative
monaco_2026_R_00593,monaco_2026_R,Monaco Grand Prix,0.0,gbdt,0.14053607060840348,monaco_2026_R,true_negative
monaco_2026_R_00596,monaco_2026_R,Monaco Grand Prix,0.0,gbdt,0.08068551672815356,monaco_2026_R,true_negative
monaco_2026_R_00598,monaco_2026_R,Monaco Grand Prix,0.0,gbdt,0.10124180741741112,monaco_2026_R,true_negative
monaco_2026_R_00600,monaco_2026_R,Monaco Grand Prix,0.0,gbdt,0.10685114746455654,monaco_2026_R,true_negative
monaco_2026_R_00601,monaco_2026_R,Monaco Grand Prix,1.0,gbdt,0.4686355256216784,monaco_2026_R,other
monaco_2026_R_00602,monaco_2026_R,Monaco Grand Prix,0.0,gbdt,0.13544409381549558,monaco_2026_R,true_negative
monaco_2026_R_00603,monaco_2026_R,Monaco Grand Prix,0.0,gbdt,0.09767976368567065,monaco_2026_R,true_negative
monaco_2026_R_00604,monaco_2026_R,Monaco Grand Prix,1.0,gbdt,0.2965758474634418,monaco_2026_R,other
monaco_2026_R_00605,monaco_2026_R,Monaco Grand Prix,1.0,gbdt,0.4877304523557653,monaco_2026_R,other
monaco_2026_R_00606,monaco_2026_R,Monaco Grand Prix,1.0,gbdt,0.30524531462355214,monaco_2026_R,other
monaco_2026_R_00607,monaco_2026_R,Monaco Grand Prix,1.0,gbdt,0.5530161333021986,monaco_2026_R,true_positive
monaco_2026_R_00608,monaco_2026_R,Monaco Grand Prix,0.0,gbdt,0.058430633147274744,monaco_2026_R,true_negative
monaco_2026_R_00609,monaco_2026_R,Monaco Grand Prix,1.0,gbdt,0.7312014432431948,monaco_2026_R,true_positive
monaco_2026_R_00611,monaco_2026_R,Monaco Grand Prix,0.0,gbdt,0.06210440491491872,monaco_2026_R,true_negative
monaco_2026_R_00612,monaco_2026_R,Monaco Grand Prix,1.0,gbdt,0.25300440775695165,monaco_2026_R,other
monaco_2026_R_00614,monaco_2026_R,Monaco Grand Prix,0.0,gbdt,0.23215670462931806,monaco_2026_R,other
monaco_2026_R_00616,monaco_2026_R,Monaco Grand Prix,0.0,gbdt,0.0880826992457049,monaco_2026_R,true_negative
monaco_2026_R_00621,monaco_2026_R,Monaco Grand Prix,0.0,gbdt,0.3752547738187084,monaco_2026_R,other
monaco_2026_R_00623,monaco_2026_R,Monaco Grand Prix,0.0,gbdt,0.03755933424598755,monaco_2026_R,true_negative
monaco_2026_R_00624,monaco_2026_R,Monaco Grand Prix,0.0,gbdt,0.07430397716454111,monaco_2026_R,true_negative
monaco_2026_R_00627,monaco_2026_R,Monaco Grand Prix,0.0,gbdt,0.3730410916198257,monaco_2026_R,other
monaco_2026_R_00630,monaco_2026_R,Monaco Grand Prix,1.0,gbdt,0.24120873393959474,monaco_2026_R,other
monaco_2026_R_00631,monaco_2026_R,Monaco Grand Prix,0.0,gbdt,0.2936480877298418,monaco_2026_R,other
monaco_2026_R_00632,monaco_2026_R,Monaco Grand Prix,0.0,gbdt,0.028713603141365947,monaco_2026_R,true_negative
monaco_2026_R_00633,monaco_2026_R,Monaco Grand Prix,0.0,gbdt,0.17449885173295807,monaco_2026_R,true_negative
monaco_2026_R_00636,monaco_2026_R,Monaco Grand Prix,0.0,gbdt,0.4458442311963043,monaco_2026_R,other
monaco_2026_R_00637,monaco_2026_R,Monaco Grand Prix,0.0,gbdt,0.043599996030345665,monaco_2026_R,true_negative
monaco_2026_R_00638,monaco_2026_R,Monaco Grand Prix,0.0,gbdt,0.07664134731734937,monaco_2026_R,true_negative
monaco_2026_R_00640,monaco_2026_R,Monaco Grand Prix,0.0,gbdt,0.03882596866737871,monaco_2026_R,true_negative
monaco_2026_R_00642,monaco_2026_R,Monaco Grand Prix,0.0,gbdt,0.047513269146903944,monaco_2026_R,true_negative
monaco_2026_R_00643,monaco_2026_R,Monaco Grand Prix,0.0,gbdt,0.14429984587923456,monaco_2026_R,true_negative
monaco_2026_R_00644,monaco_2026_R,Monaco Grand Prix,1.0,gbdt,0.43088751507957274,monaco_2026_R,other
monaco_2026_R_00645,monaco_2026_R,Monaco Grand Prix,0.0,gbdt,0.07028811812998413,monaco_2026_R,true_negative
monaco_2026_R_00646,monaco_2026_R,Monaco Grand Prix,0.0,gbdt,0.05595743344394905,monaco_2026_R,true_negative
monaco_2026_R_00649,monaco_2026_R,Monaco Grand Prix,0.0,gbdt,0.025077129191999035,monaco_2026_R,true_negative
monaco_2026_R_00655,monaco_2026_R,Monaco Grand Prix,0.0,gbdt,0.053313020763355624,monaco_2026_R,true_negative
monaco_2026_R_00658,monaco_2026_R,Monaco Grand Prix,0.0,gbdt,0.06587684777932121,monaco_2026_R,true_negative
monaco_2026_R_00660,monaco_2026_R,Monaco Grand Prix,0.0,gbdt,0.02536017085147246,monaco_2026_R,true_negative
monaco_2026_R_00663,monaco_2026_R,Monaco Grand Prix,0.0,gbdt,0.06648298326103884,monaco_2026_R,true_negative
monaco_2026_R_00666,monaco_2026_R,Monaco Grand Prix,1.0,gbdt,0.03580778207778523,monaco_2026_R,false_negative
monaco_2026_R_00667,monaco_2026_R,Monaco Grand Prix,0.0,gbdt,0.05667222280920159,monaco_2026_R,true_negative
monaco_2026_R_00668,monaco_2026_R,Monaco Grand Prix,0.0,gbdt,0.8804587186649178,monaco_2026_R,false_positive
monaco_2026_R_00669,monaco_2026_R,Monaco Grand Prix,1.0,gbdt,0.657144891949645,monaco_2026_R,true_positive
monaco_2026_R_00673,monaco_2026_R,Monaco Grand Prix,0.0,gbdt,0.11006874964275867,monaco_2026_R,true_negative
monaco_2026_R_00674,monaco_2026_R,Monaco Grand Prix,0.0,gbdt,0.1353759954810329,monaco_2026_R,true_negative
monaco_2026_R_00677,monaco_2026_R,Monaco Grand Prix,0.0,gbdt,0.08639504280670725,monaco_2026_R,true_negative
monaco_2026_R_00679,monaco_2026_R,Monaco Grand Prix,0.0,gbdt,0.05057725289606833,monaco_2026_R,true_negative
monaco_2026_R_00681,monaco_2026_R,Monaco Grand Prix,0.0,gbdt,0.1303853505671529,monaco_2026_R,true_negative
monaco_2026_R_00683,monaco_2026_R,Monaco Grand Prix,0.0,gbdt,0.06936689838001567,monaco_2026_R,true_negative
monaco_2026_R_00686,monaco_2026_R,Monaco Grand Prix,0.0,gbdt,0.09391489926719106,monaco_2026_R,true_negative
monaco_2026_R_00688,monaco_2026_R,Monaco Grand Prix,1.0,gbdt,0.43558377655038144,monaco_2026_R,other
monaco_2026_R_00690,monaco_2026_R,Monaco Grand Prix,0.0,gbdt,0.033615293681004306,monaco_2026_R,true_negative
monaco_2026_R_00691,monaco_2026_R,Monaco Grand Prix,0.0,gbdt,0.5023529088629796,monaco_2026_R,false_positive
monaco_2026_R_00693,monaco_2026_R,Monaco Grand Prix,0.0,gbdt,0.09941207911961276,monaco_2026_R,true_negative
monaco_2026_R_00695,monaco_2026_R,Monaco Grand Prix,0.0,gbdt,0.01734290911485518,monaco_2026_R,true_negative
monaco_2026_R_00701,monaco_2026_R,Monaco Grand Prix,0.0,gbdt,0.012377071084341012,monaco_2026_R,true_negative
monaco_2026_R_00705,monaco_2026_R,Monaco Grand Prix,0.0,gbdt,0.1041900796020319,monaco_2026_R,true_negative
monaco_2026_R_00706,monaco_2026_R,Monaco Grand Prix,0.0,gbdt,0.05950381119206286,monaco_2026_R,true_negative
monaco_2026_R_00707,monaco_2026_R,Monaco Grand Prix,0.0,gbdt,0.0863814252472558,monaco_2026_R,true_negative
monaco_2026_R_00712,monaco_2026_R,Monaco Grand Prix,0.0,gbdt,0.02348170698133266,monaco_2026_R,true_negative
monaco_2026_R_00715,monaco_2026_R,Monaco Grand Prix,0.0,gbdt,0.028668982211298013,monaco_2026_R,true_negative
monaco_2026_R_00720,monaco_2026_R,Monaco Grand Prix,0.0,gbdt,0.02476547933837251,monaco_2026_R,true_negative
monaco_2026_R_00722,monaco_2026_R,Monaco Grand Prix,0.0,gbdt,0.028530457140325684,monaco_2026_R,true_negative
monaco_2026_R_00723,monaco_2026_R,Monaco Grand Prix,0.0,gbdt,0.04702200412218181,monaco_2026_R,true_negative
monaco_2026_R_00729,monaco_2026_R,Monaco Grand Prix,0.0,gbdt,0.17356064637034838,monaco_2026_R,true_negative
monaco_2026_R_00731,monaco_2026_R,Monaco Grand Prix,0.0,gbdt,0.30960252477654704,monaco_2026_R,other
monaco_2026_R_00732,monaco_2026_R,Monaco Grand Prix,0.0,gbdt,0.16687383676839251,monaco_2026_R,true_negative
monaco_2026_R_00733,monaco_2026_R,Monaco Grand Prix,0.0,gbdt,0.09597711645216893,monaco_2026_R,true_negative
monaco_2026_R_00734,monaco_2026_R,Monaco Grand Prix,0.0,gbdt,0.10745302144011627,monaco_2026_R,true_negative
monaco_2026_R_00736,monaco_2026_R,Monaco Grand Prix,0.0,gbdt,0.11881232396162425,monaco_2026_R,true_negative
monaco_2026_R_00737,monaco_2026_R,Monaco Grand Prix,0.0,gbdt,0.055391339421066,monaco_2026_R,true_negative
monaco_2026_R_00738,monaco_2026_R,Monaco Grand Prix,0.0,gbdt,0.10103689474901706,monaco_2026_R,true_negative
monaco_2026_R_00740,monaco_2026_R,Monaco Grand Prix,0.0,gbdt,0.18846563185787762,monaco_2026_R,true_negative
monaco_2026_R_00743,monaco_2026_R,Monaco Grand Prix,0.0,gbdt,0.09525525258260341,monaco_2026_R,true_negative
monaco_2026_R_00744,monaco_2026_R,Monaco Grand Prix,0.0,gbdt,0.03503101269618139,monaco_2026_R,true_negative
monaco_2026_R_00745,monaco_2026_R,Monaco Grand Prix,0.0,gbdt,0.15085203299450947,monaco_2026_R,true_negative
monaco_2026_R_00746,monaco_2026_R,Monaco Grand Prix,0.0,gbdt,0.06288781504317362,monaco_2026_R,true_negative
monaco_2026_R_00747,monaco_2026_R,Monaco Grand Prix,0.0,gbdt,0.09901019416825124,monaco_2026_R,true_negative
monaco_2026_R_00750,monaco_2026_R,Monaco Grand Prix,0.0,gbdt,0.08084509461782652,monaco_2026_R,true_negative
monaco_2026_R_00752,monaco_2026_R,Monaco Grand Prix,0.0,gbdt,0.4801512996789789,monaco_2026_R,other
monaco_2026_R_00754,monaco_2026_R,Monaco Grand Prix,0.0,gbdt,0.08899878168221365,monaco_2026_R,true_negative
monaco_2026_R_00756,monaco_2026_R,Monaco Grand Prix,0.0,gbdt,0.14521147081358632,monaco_2026_R,true_negative
monaco_2026_R_00758,monaco_2026_R,Monaco Grand Prix,0.0,gbdt,0.04748102019490897,monaco_2026_R,true_negative
monaco_2026_R_00759,monaco_2026_R,Monaco Grand Prix,0.0,gbdt,0.1414727411660248,monaco_2026_R,true_negative
monaco_2026_R_00760,monaco_2026_R,Monaco Grand Prix,0.0,gbdt,0.06328061580637294,monaco_2026_R,true_negative
monaco_2026_R_00763,monaco_2026_R,Monaco Grand Prix,0.0,gbdt,0.03186787579596909,monaco_2026_R,true_negative
monaco_2026_R_00766,monaco_2026_R,Monaco Grand Prix,0.0,gbdt,0.09100265817006502,monaco_2026_R,true_negative
monaco_2026_R_00769,monaco_2026_R,Monaco Grand Prix,0.0,gbdt,0.012590276062868453,monaco_2026_R,true_negative
monaco_2026_R_00771,monaco_2026_R,Monaco Grand Prix,0.0,gbdt,0.04917191236651069,monaco_2026_R,true_negative
monaco_2026_R_00773,monaco_2026_R,Monaco Grand Prix,0.0,gbdt,0.05547311208322967,monaco_2026_R,true_negative
monaco_2026_R_00774,monaco_2026_R,Monaco Grand Prix,0.0,gbdt,0.04964462065971864,monaco_2026_R,true_negative
monaco_2026_R_00776,monaco_2026_R,Monaco Grand Prix,0.0,gbdt,0.19271588888132243,monaco_2026_R,true_negative
monaco_2026_R_00777,monaco_2026_R,Monaco Grand Prix,0.0,gbdt,0.06700196988730647,monaco_2026_R,true_negative
monaco_2026_R_00778,monaco_2026_R,Monaco Grand Prix,0.0,gbdt,0.01778915474952968,monaco_2026_R,true_negative
monaco_2026_R_00780,monaco_2026_R,Monaco Grand Prix,0.0,gbdt,0.053939498984954856,monaco_2026_R,true_negative
monaco_2026_R_00782,monaco_2026_R,Monaco Grand Prix,0.0,gbdt,0.21441950443307187,monaco_2026_R,other
monaco_2026_R_00783,monaco_2026_R,Monaco Grand Prix,0.0,gbdt,0.3313429079057045,monaco_2026_R,other
monaco_2026_R_00784,monaco_2026_R,Monaco Grand Prix,0.0,gbdt,0.06700196988730647,monaco_2026_R,true_negative
monaco_2026_R_00786,monaco_2026_R,Monaco Grand Prix,0.0,gbdt,0.01772276726632832,monaco_2026_R,true_negative
monaco_2026_R_00789,monaco_2026_R,Monaco Grand Prix,0.0,gbdt,0.044238760082582367,monaco_2026_R,true_negative
monaco_2026_R_00792,monaco_2026_R,Monaco Grand Prix,0.0,gbdt,0.2441510804694102,monaco_2026_R,other
monaco_2026_R_00794,monaco_2026_R,Monaco Grand Prix,0.0,gbdt,0.015214288194227644,monaco_2026_R,true_negative
monaco_2026_R_00795,monaco_2026_R,Monaco Grand Prix,0.0,gbdt,0.08801724624918586,monaco_2026_R,true_negative
monaco_2026_R_00796,monaco_2026_R,Monaco Grand Prix,0.0,gbdt,0.4538064479447198,monaco_2026_R,other
monaco_2026_R_00797,monaco_2026_R,Monaco Grand Prix,0.0,gbdt,0.5091408153254774,monaco_2026_R,false_positive
monaco_2026_R_00799,monaco_2026_R,Monaco Grand Prix,0.0,gbdt,0.1613291422837755,monaco_2026_R,true_negative
monaco_2026_R_00800,monaco_2026_R,Monaco Grand Prix,0.0,gbdt,0.04706293601507822,monaco_2026_R,true_negative
monaco_2026_R_00801,monaco_2026_R,Monaco Grand Prix,0.0,gbdt,0.4873532703138045,monaco_2026_R,other
monaco_2026_R_00805,monaco_2026_R,Monaco Grand Prix,0.0,gbdt,0.16129284316681772,monaco_2026_R,true_negative
monaco_2026_R_00806,monaco_2026_R,Monaco Grand Prix,0.0,gbdt,0.27623476476649383,monaco_2026_R,other
monaco_2026_R_00807,monaco_2026_R,Monaco Grand Prix,0.0,gbdt,0.03452676829685999,monaco_2026_R,true_negative
monaco_2026_R_00808,monaco_2026_R,Monaco Grand Prix,0.0,gbdt,0.029436963433580474,monaco_2026_R,true_negative
monaco_2026_R_00809,monaco_2026_R,Monaco Grand Prix,0.0,gbdt,0.060854465943448434,monaco_2026_R,true_negative
monaco_2026_R_00811,monaco_2026_R,Monaco Grand Prix,0.0,gbdt,0.0731228239435537,monaco_2026_R,true_negative
monaco_2026_R_01042,monaco_2026_R,Monaco Grand Prix,0.0,gbdt,0.043070799377364,monaco_2026_R,true_negative
monaco_2026_R_01048,monaco_2026_R,Monaco Grand Prix,0.0,gbdt,0.028319614904007594,monaco_2026_R,true_negative
monaco_2026_R_01049,monaco_2026_R,Monaco Grand Prix,0.0,gbdt,0.14165930371644517,monaco_2026_R,true_negative
monaco_2026_R_01051,monaco_2026_R,Monaco Grand Prix,0.0,gbdt,0.30528761161497914,monaco_2026_R,other
monaco_2026_R_01052,monaco_2026_R,Monaco Grand Prix,0.0,gbdt,0.10655586972380579,monaco_2026_R,true_negative
monaco_2026_R_01054,monaco_2026_R,Monaco Grand Prix,0.0,gbdt,0.047325675125155765,monaco_2026_R,true_negative
monaco_2026_R_01055,monaco_2026_R,Monaco Grand Prix,0.0,gbdt,0.07438135126308142,monaco_2026_R,true_negative
monaco_2026_R_01057,monaco_2026_R,Monaco Grand Prix,0.0,gbdt,0.3097547868964631,monaco_2026_R,other
monaco_2026_R_01058,monaco_2026_R,Monaco Grand Prix,1.0,gbdt,0.4477683623088019,monaco_2026_R,other
monaco_2026_R_01060,monaco_2026_R,Monaco Grand Prix,0.0,gbdt,0.04002486848023363,monaco_2026_R,true_negative
monaco_2026_R_01062,monaco_2026_R,Monaco Grand Prix,1.0,gbdt,0.216478139989331,monaco_2026_R,other
monaco_2026_R_01064,monaco_2026_R,Monaco Grand Prix,0.0,gbdt,0.0187969556242385,monaco_2026_R,true_negative
monaco_2026_R_01066,monaco_2026_R,Monaco Grand Prix,0.0,gbdt,0.030341656373625528,monaco_2026_R,true_negative
monaco_2026_R_01067,monaco_2026_R,Monaco Grand Prix,0.0,gbdt,0.36858904151715277,monaco_2026_R,other
monaco_2026_R_01068,monaco_2026_R,Monaco Grand Prix,0.0,gbdt,0.29034873191806065,monaco_2026_R,other
monaco_2026_R_01071,monaco_2026_R,Monaco Grand Prix,1.0,gbdt,0.36989768554063013,monaco_2026_R,other
monaco_2026_R_01072,monaco_2026_R,Monaco Grand Prix,0.0,gbdt,0.04453773761132602,monaco_2026_R,true_negative
monaco_2026_R_01073,monaco_2026_R,Monaco Grand Prix,0.0,gbdt,0.0592614101061346,monaco_2026_R,true_negative
monaco_2026_R_01074,monaco_2026_R,Monaco Grand Prix,0.0,gbdt,0.034582679007585465,monaco_2026_R,true_negative
monaco_2026_R_01076,monaco_2026_R,Monaco Grand Prix,0.0,gbdt,0.1528815986773106,monaco_2026_R,true_negative
monaco_2026_R_01077,monaco_2026_R,Monaco Grand Prix,0.0,gbdt,0.197494156148355,monaco_2026_R,true_negative
monaco_2026_R_01080,monaco_2026_R,Monaco Grand Prix,0.0,gbdt,0.014640581742245277,monaco_2026_R,true_negative
monaco_2026_R_01081,monaco_2026_R,Monaco Grand Prix,0.0,gbdt,0.029772450828821007,monaco_2026_R,true_negative
monaco_2026_R_01082,monaco_2026_R,Monaco Grand Prix,0.0,gbdt,0.050569158321084086,monaco_2026_R,true_negative
monaco_2026_R_01083,monaco_2026_R,Monaco Grand Prix,0.0,gbdt,0.024986556295106967,monaco_2026_R,true_negative
monaco_2026_R_01084,monaco_2026_R,Monaco Grand Prix,0.0,gbdt,0.044716821607544935,monaco_2026_R,true_negative
monaco_2026_R_01085,monaco_2026_R,Monaco Grand Prix,0.0,gbdt,0.03364634605386376,monaco_2026_R,true_negative
monaco_2026_R_01086,monaco_2026_R,Monaco Grand Prix,0.0,gbdt,0.15580159717330355,monaco_2026_R,true_negative
monaco_2026_R_01087,monaco_2026_R,Monaco Grand Prix,0.0,gbdt,0.02147840204135672,monaco_2026_R,true_negative
monaco_2026_R_01088,monaco_2026_R,Monaco Grand Prix,0.0,gbdt,0.04534103251446282,monaco_2026_R,true_negative
monaco_2026_R_01089,monaco_2026_R,Monaco Grand Prix,0.0,gbdt,0.06492576840203206,monaco_2026_R,true_negative
monaco_2026_R_01090,monaco_2026_R,Monaco Grand Prix,0.0,gbdt,0.035735440073040074,monaco_2026_R,true_negative
monaco_2026_R_01091,monaco_2026_R,Monaco Grand Prix,0.0,gbdt,0.05509324552528699,monaco_2026_R,true_negative
monaco_2026_R_01092,monaco_2026_R,Monaco Grand Prix,0.0,gbdt,0.06936904922558278,monaco_2026_R,true_negative
monaco_2026_R_01093,monaco_2026_R,Monaco Grand Prix,0.0,gbdt,0.039151169096903374,monaco_2026_R,true_negative
monaco_2026_R_01094,monaco_2026_R,Monaco Grand Prix,0.0,gbdt,0.021813560774312114,monaco_2026_R,true_negative
monaco_2026_R_01095,monaco_2026_R,Monaco Grand Prix,0.0,gbdt,0.03340387581089512,monaco_2026_R,true_negative
monaco_2026_R_01096,monaco_2026_R,Monaco Grand Prix,0.0,gbdt,0.042227034571591014,monaco_2026_R,true_negative
monaco_2026_R_01097,monaco_2026_R,Monaco Grand Prix,0.0,gbdt,0.010173367064491089,monaco_2026_R,true_negative
monaco_2026_R_01098,monaco_2026_R,Monaco Grand Prix,0.0,gbdt,0.02064014828803011,monaco_2026_R,true_negative
monaco_2026_R_01099,monaco_2026_R,Monaco Grand Prix,0.0,gbdt,0.04558940611111579,monaco_2026_R,true_negative
monaco_2026_R_01100,monaco_2026_R,Monaco Grand Prix,0.0,gbdt,0.02578764516595169,monaco_2026_R,true_negative
monaco_2026_R_01101,monaco_2026_R,Monaco Grand Prix,0.0,gbdt,0.08353950039159203,monaco_2026_R,true_negative
monaco_2026_R_01102,monaco_2026_R,Monaco Grand Prix,0.0,gbdt,0.0683886813115306,monaco_2026_R,true_negative
monaco_2026_R_01103,monaco_2026_R,Monaco Grand Prix,0.0,gbdt,0.04387191987024175,monaco_2026_R,true_negative
monaco_2026_R_01104,monaco_2026_R,Monaco Grand Prix,0.0,gbdt,0.049579065467584504,monaco_2026_R,true_negative
monaco_2026_R_01105,monaco_2026_R,Monaco Grand Prix,0.0,gbdt,0.05447867483686434,monaco_2026_R,true_negative
monaco_2026_R_01106,monaco_2026_R,Monaco Grand Prix,0.0,gbdt,0.050310243956829086,monaco_2026_R,true_negative
monaco_2026_R_01107,monaco_2026_R,Monaco Grand Prix,0.0,gbdt,0.04492962834278973,monaco_2026_R,true_negative
monaco_2026_R_01108,monaco_2026_R,Monaco Grand Prix,0.0,gbdt,0.040518127330149804,monaco_2026_R,true_negative
monaco_2026_R_01109,monaco_2026_R,Monaco Grand Prix,0.0,gbdt,0.042274599173350705,monaco_2026_R,true_negative
monaco_2026_R_01110,monaco_2026_R,Monaco Grand Prix,0.0,gbdt,0.024016095805369505,monaco_2026_R,true_negative
monaco_2026_R_01111,monaco_2026_R,Monaco Grand Prix,0.0,gbdt,0.021678360160571127,monaco_2026_R,true_negative
monaco_2026_R_01112,monaco_2026_R,Monaco Grand Prix,0.0,gbdt,0.018412173872451656,monaco_2026_R,true_negative
monaco_2026_R_01113,monaco_2026_R,Monaco Grand Prix,0.0,gbdt,0.03286426642571774,monaco_2026_R,true_negative
monaco_2026_R_01114,monaco_2026_R,Monaco Grand Prix,0.0,gbdt,0.016926212460579813,monaco_2026_R,true_negative
monaco_2026_R_01115,monaco_2026_R,Monaco Grand Prix,0.0,gbdt,0.017079174919865665,monaco_2026_R,true_negative
monaco_2026_R_01116,monaco_2026_R,Monaco Grand Prix,0.0,gbdt,0.0436626222581253,monaco_2026_R,true_negative
monaco_2026_R_01117,monaco_2026_R,Monaco Grand Prix,0.0,gbdt,0.017052620554317777,monaco_2026_R,true_negative
monaco_2026_R_01118,monaco_2026_R,Monaco Grand Prix,0.0,gbdt,0.02686777522542751,monaco_2026_R,true_negative
monaco_2026_R_01119,monaco_2026_R,Monaco Grand Prix,0.0,gbdt,0.06670963243498401,monaco_2026_R,true_negative
monaco_2026_R_01120,monaco_2026_R,Monaco Grand Prix,0.0,gbdt,0.0694698205695571,monaco_2026_R,true_negative
monaco_2026_R_01121,monaco_2026_R,Monaco Grand Prix,0.0,gbdt,0.016771538310248617,monaco_2026_R,true_negative
monaco_2026_R_01122,monaco_2026_R,Monaco Grand Prix,0.0,gbdt,0.05127488016830254,monaco_2026_R,true_negative
monaco_2026_R_01123,monaco_2026_R,Monaco Grand Prix,0.0,gbdt,0.03766431735536474,monaco_2026_R,true_negative
monaco_2026_R_01124,monaco_2026_R,Monaco Grand Prix,0.0,gbdt,0.16335494510968743,monaco_2026_R,true_negative
monaco_2026_R_01125,monaco_2026_R,Monaco Grand Prix,0.0,gbdt,0.050676446175936564,monaco_2026_R,true_negative
monaco_2026_R_01126,monaco_2026_R,Monaco Grand Prix,0.0,gbdt,0.05859344007675898,monaco_2026_R,true_negative
monaco_2026_R_01127,monaco_2026_R,Monaco Grand Prix,0.0,gbdt,0.0202341508552197,monaco_2026_R,true_negative
monaco_2026_R_01128,monaco_2026_R,Monaco Grand Prix,0.0,gbdt,0.0160259841348982,monaco_2026_R,true_negative
monaco_2026_R_01129,monaco_2026_R,Monaco Grand Prix,0.0,gbdt,0.01664957493935895,monaco_2026_R,true_negative
monaco_2026_R_01130,monaco_2026_R,Monaco Grand Prix,0.0,gbdt,0.013374808472467619,monaco_2026_R,true_negative
monaco_2026_R_01131,monaco_2026_R,Monaco Grand Prix,0.0,gbdt,0.02607315673950919,monaco_2026_R,true_negative
monaco_2026_R_01132,monaco_2026_R,Monaco Grand Prix,0.0,gbdt,0.06366757101497686,monaco_2026_R,true_negative
monaco_2026_R_01133,monaco_2026_R,Monaco Grand Prix,0.0,gbdt,0.13267674570560203,monaco_2026_R,true_negative
monaco_2026_R_01134,monaco_2026_R,Monaco Grand Prix,0.0,gbdt,0.049660518041464305,monaco_2026_R,true_negative
monaco_2026_R_01135,monaco_2026_R,Monaco Grand Prix,0.0,gbdt,0.03612832215648406,monaco_2026_R,true_negative
monaco_2026_R_01136,monaco_2026_R,Monaco Grand Prix,0.0,gbdt,0.03565068743937726,monaco_2026_R,true_negative
monaco_2026_R_01137,monaco_2026_R,Monaco Grand Prix,0.0,gbdt,0.04424284573800131,monaco_2026_R,true_negative
monaco_2026_R_01138,monaco_2026_R,Monaco Grand Prix,0.0,gbdt,0.2102950769259015,monaco_2026_R,other
monaco_2026_R_01139,monaco_2026_R,Monaco Grand Prix,1.0,gbdt,0.4270238381761156,monaco_2026_R,other
monaco_2026_R_01140,monaco_2026_R,Monaco Grand Prix,0.0,gbdt,0.03493751568322289,monaco_2026_R,true_negative
monaco_2026_R_01141,monaco_2026_R,Monaco Grand Prix,0.0,gbdt,0.039206315496227225,monaco_2026_R,true_negative
monaco_2026_R_01142,monaco_2026_R,Monaco Grand Prix,0.0,gbdt,0.05812608602989257,monaco_2026_R,true_negative
monaco_2026_R_01144,monaco_2026_R,Monaco Grand Prix,0.0,gbdt,0.33207429364715946,monaco_2026_R,other
monaco_2026_R_01145,monaco_2026_R,Monaco Grand Prix,0.0,gbdt,0.2604537362129714,monaco_2026_R,other
monaco_2026_R_01146,monaco_2026_R,Monaco Grand Prix,0.0,gbdt,0.01106316376100946,monaco_2026_R,true_negative
monaco_2026_R_01147,monaco_2026_R,Monaco Grand Prix,0.0,gbdt,0.012681041044516969,monaco_2026_R,true_negative
monaco_2026_R_01148,monaco_2026_R,Monaco Grand Prix,0.0,gbdt,0.02686777522542751,monaco_2026_R,true_negative
monaco_2026_R_01149,monaco_2026_R,Monaco Grand Prix,0.0,gbdt,0.010390760824543056,monaco_2026_R,true_negative
monaco_2026_R_01150,monaco_2026_R,Monaco Grand Prix,0.0,gbdt,0.033897687868506124,monaco_2026_R,true_negative
monaco_2026_R_01151,monaco_2026_R,Monaco Grand Prix,0.0,gbdt,0.07176758073614806,monaco_2026_R,true_negative
monaco_2026_R_01152,monaco_2026_R,Monaco Grand Prix,0.0,gbdt,0.025820922549578417,monaco_2026_R,true_negative
monaco_2026_R_01153,monaco_2026_R,Monaco Grand Prix,0.0,gbdt,0.01935588073880589,monaco_2026_R,true_negative
monaco_2026_R_01154,monaco_2026_R,Monaco Grand Prix,0.0,gbdt,0.09886105326642533,monaco_2026_R,true_negative
monaco_2026_R_01155,monaco_2026_R,Monaco Grand Prix,0.0,gbdt,0.04511877298876862,monaco_2026_R,true_negative
monaco_2026_R_01156,monaco_2026_R,Monaco Grand Prix,0.0,gbdt,0.041662037574553175,monaco_2026_R,true_negative
monaco_2026_R_01157,monaco_2026_R,Monaco Grand Prix,0.0,gbdt,0.04313996729041784,monaco_2026_R,true_negative
austria_2026_R_00001,austria_2026_R,Austrian Grand Prix,1.0,gbdt,0.1469294775653291,austria_2026_R,false_negative
austria_2026_R_00002,austria_2026_R,Austrian Grand Prix,0.0,gbdt,0.16504348546639305,austria_2026_R,true_negative
austria_2026_R_00003,austria_2026_R,Austrian Grand Prix,0.0,gbdt,0.19594874169952456,austria_2026_R,true_negative
austria_2026_R_00004,austria_2026_R,Austrian Grand Prix,0.0,gbdt,0.19165008762927666,austria_2026_R,true_negative
austria_2026_R_00005,austria_2026_R,Austrian Grand Prix,1.0,gbdt,0.14170265736406032,austria_2026_R,false_negative
austria_2026_R_00006,austria_2026_R,Austrian Grand Prix,0.0,gbdt,0.20232981563422286,austria_2026_R,other
austria_2026_R_00007,austria_2026_R,Austrian Grand Prix,0.0,gbdt,0.1964425746124745,austria_2026_R,true_negative
austria_2026_R_00008,austria_2026_R,Austrian Grand Prix,1.0,gbdt,0.21061671717544989,austria_2026_R,other
austria_2026_R_00009,austria_2026_R,Austrian Grand Prix,0.0,gbdt,0.16505853352309885,austria_2026_R,true_negative
austria_2026_R_00011,austria_2026_R,Austrian Grand Prix,0.0,gbdt,0.1667722532053369,austria_2026_R,true_negative
austria_2026_R_00012,austria_2026_R,Austrian Grand Prix,0.0,gbdt,0.25405897205470557,austria_2026_R,other
austria_2026_R_00013,austria_2026_R,Austrian Grand Prix,0.0,gbdt,0.10823637661385813,austria_2026_R,true_negative
austria_2026_R_00014,austria_2026_R,Austrian Grand Prix,0.0,gbdt,0.16522364942092652,austria_2026_R,true_negative
austria_2026_R_00015,austria_2026_R,Austrian Grand Prix,0.0,gbdt,0.271623097092004,austria_2026_R,other
austria_2026_R_00016,austria_2026_R,Austrian Grand Prix,0.0,gbdt,0.22608318050524773,austria_2026_R,other
austria_2026_R_00019,austria_2026_R,Austrian Grand Prix,0.0,gbdt,0.5690764464250225,austria_2026_R,false_positive
austria_2026_R_00020,austria_2026_R,Austrian Grand Prix,0.0,gbdt,0.23915336084549693,austria_2026_R,other
austria_2026_R_00022,austria_2026_R,Austrian Grand Prix,1.0,gbdt,0.3157986782597213,austria_2026_R,other
austria_2026_R_00024,austria_2026_R,Austrian Grand Prix,0.0,gbdt,0.3258031357808643,austria_2026_R,other
austria_2026_R_00025,austria_2026_R,Austrian Grand Prix,0.0,gbdt,0.24656726185371064,austria_2026_R,other
austria_2026_R_00026,austria_2026_R,Austrian Grand Prix,0.0,gbdt,0.23914008011358412,austria_2026_R,other
austria_2026_R_00027,austria_2026_R,Austrian Grand Prix,0.0,gbdt,0.2934098123350995,austria_2026_R,other
austria_2026_R_00028,austria_2026_R,Austrian Grand Prix,0.0,gbdt,0.5016239786212525,austria_2026_R,false_positive
austria_2026_R_00029,austria_2026_R,Austrian Grand Prix,0.0,gbdt,0.43112003824626627,austria_2026_R,other
austria_2026_R_00030,austria_2026_R,Austrian Grand Prix,0.0,gbdt,0.40578100613399304,austria_2026_R,other
austria_2026_R_00031,austria_2026_R,Austrian Grand Prix,0.0,gbdt,0.4795255036899785,austria_2026_R,other
austria_2026_R_00032,austria_2026_R,Austrian Grand Prix,0.0,gbdt,0.26744009946420166,austria_2026_R,other
austria_2026_R_00034,austria_2026_R,Austrian Grand Prix,0.0,gbdt,0.5308276205632356,austria_2026_R,false_positive
austria_2026_R_00036,austria_2026_R,Austrian Grand Prix,0.0,gbdt,0.24936875691624125,austria_2026_R,other
austria_2026_R_00038,austria_2026_R,Austrian Grand Prix,1.0,gbdt,0.592551664780116,austria_2026_R,true_positive
austria_2026_R_00039,austria_2026_R,Austrian Grand Prix,0.0,gbdt,0.4891268387350581,austria_2026_R,other
austria_2026_R_00040,austria_2026_R,Austrian Grand Prix,0.0,gbdt,0.2055302165679278,austria_2026_R,other
austria_2026_R_00041,austria_2026_R,Austrian Grand Prix,0.0,gbdt,0.129591585372252,austria_2026_R,true_negative
austria_2026_R_00042,austria_2026_R,Austrian Grand Prix,0.0,gbdt,0.11452284388173671,austria_2026_R,true_negative
austria_2026_R_00043,austria_2026_R,Austrian Grand Prix,0.0,gbdt,0.15733652693803554,austria_2026_R,true_negative
austria_2026_R_00044,austria_2026_R,Austrian Grand Prix,0.0,gbdt,0.24828156110918592,austria_2026_R,other
austria_2026_R_00045,austria_2026_R,Austrian Grand Prix,0.0,gbdt,0.18356598299041055,austria_2026_R,true_negative
austria_2026_R_00046,austria_2026_R,Austrian Grand Prix,0.0,gbdt,0.09982139367519673,austria_2026_R,true_negative
austria_2026_R_00048,austria_2026_R,Austrian Grand Prix,0.0,gbdt,0.21750680113655665,austria_2026_R,other
austria_2026_R_00049,austria_2026_R,Austrian Grand Prix,0.0,gbdt,0.08744058080985519,austria_2026_R,true_negative
austria_2026_R_00050,austria_2026_R,Austrian Grand Prix,0.0,gbdt,0.3535682963330497,austria_2026_R,other
austria_2026_R_00051,austria_2026_R,Austrian Grand Prix,0.0,gbdt,0.20586789890063587,austria_2026_R,other
austria_2026_R_00052,austria_2026_R,Austrian Grand Prix,1.0,gbdt,0.5038504023712985,austria_2026_R,true_positive
austria_2026_R_00053,austria_2026_R,Austrian Grand Prix,0.0,gbdt,0.2166891394089814,austria_2026_R,other
austria_2026_R_00054,austria_2026_R,Austrian Grand Prix,0.0,gbdt,0.2891640256464634,austria_2026_R,other
austria_2026_R_00055,austria_2026_R,Austrian Grand Prix,0.0,gbdt,0.23839875921841847,austria_2026_R,other
austria_2026_R_00056,austria_2026_R,Austrian Grand Prix,0.0,gbdt,0.27845596644371695,austria_2026_R,other
austria_2026_R_00057,austria_2026_R,Austrian Grand Prix,0.0,gbdt,0.07517707135553701,austria_2026_R,true_negative
austria_2026_R_00058,austria_2026_R,Austrian Grand Prix,1.0,gbdt,0.4847990524643236,austria_2026_R,other
austria_2026_R_00059,austria_2026_R,Austrian Grand Prix,0.0,gbdt,0.06318428528795118,austria_2026_R,true_negative
austria_2026_R_00060,austria_2026_R,Austrian Grand Prix,0.0,gbdt,0.038231502416241535,austria_2026_R,true_negative
austria_2026_R_00061,austria_2026_R,Austrian Grand Prix,0.0,gbdt,0.08564476967087317,austria_2026_R,true_negative
austria_2026_R_00062,austria_2026_R,Austrian Grand Prix,0.0,gbdt,0.3812495710447565,austria_2026_R,other
austria_2026_R_00063,austria_2026_R,Austrian Grand Prix,0.0,gbdt,0.3345799805377759,austria_2026_R,other
austria_2026_R_00064,austria_2026_R,Austrian Grand Prix,0.0,gbdt,0.04900109353012507,austria_2026_R,true_negative
austria_2026_R_00065,austria_2026_R,Austrian Grand Prix,1.0,gbdt,0.644965388464254,austria_2026_R,true_positive
austria_2026_R_00066,austria_2026_R,Austrian Grand Prix,0.0,gbdt,0.25770000564742307,austria_2026_R,other
austria_2026_R_00069,austria_2026_R,Austrian Grand Prix,0.0,gbdt,0.40269242292548324,austria_2026_R,other
austria_2026_R_00070,austria_2026_R,Austrian Grand Prix,0.0,gbdt,0.059009342650175094,austria_2026_R,true_negative
austria_2026_R_00071,austria_2026_R,Austrian Grand Prix,0.0,gbdt,0.028642640825399017,austria_2026_R,true_negative
austria_2026_R_00072,austria_2026_R,Austrian Grand Prix,0.0,gbdt,0.4313621223903475,austria_2026_R,other
austria_2026_R_00074,austria_2026_R,Austrian Grand Prix,0.0,gbdt,0.02708578694141455,austria_2026_R,true_negative
austria_2026_R_00075,austria_2026_R,Austrian Grand Prix,0.0,gbdt,0.22520819474380588,austria_2026_R,other
austria_2026_R_00076,austria_2026_R,Austrian Grand Prix,0.0,gbdt,0.28530158630174607,austria_2026_R,other
austria_2026_R_00077,austria_2026_R,Austrian Grand Prix,1.0,gbdt,0.38957903383694176,austria_2026_R,other
austria_2026_R_00078,austria_2026_R,Austrian Grand Prix,0.0,gbdt,0.07836210832210866,austria_2026_R,true_negative
austria_2026_R_00079,austria_2026_R,Austrian Grand Prix,0.0,gbdt,0.41483704883390976,austria_2026_R,other
austria_2026_R_00080,austria_2026_R,Austrian Grand Prix,0.0,gbdt,0.24632779551409295,austria_2026_R,other
austria_2026_R_00081,austria_2026_R,Austrian Grand Prix,0.0,gbdt,0.04460436165801309,austria_2026_R,true_negative
austria_2026_R_00082,austria_2026_R,Austrian Grand Prix,0.0,gbdt,0.12058317344716152,austria_2026_R,true_negative
austria_2026_R_00083,austria_2026_R,Austrian Grand Prix,0.0,gbdt,0.07143842100484242,austria_2026_R,true_negative
austria_2026_R_00084,austria_2026_R,Austrian Grand Prix,0.0,gbdt,0.3411874617299951,austria_2026_R,other
austria_2026_R_00085,austria_2026_R,Austrian Grand Prix,0.0,gbdt,0.2925102341996842,austria_2026_R,other
austria_2026_R_00086,austria_2026_R,Austrian Grand Prix,0.0,gbdt,0.5872734987517745,austria_2026_R,false_positive
austria_2026_R_00087,austria_2026_R,Austrian Grand Prix,0.0,gbdt,0.13533507896526123,austria_2026_R,true_negative
austria_2026_R_00088,austria_2026_R,Austrian Grand Prix,0.0,gbdt,0.057439546789262996,austria_2026_R,true_negative
austria_2026_R_00089,austria_2026_R,Austrian Grand Prix,0.0,gbdt,0.11237675905299975,austria_2026_R,true_negative
austria_2026_R_00090,austria_2026_R,Austrian Grand Prix,0.0,gbdt,0.0679561416828133,austria_2026_R,true_negative
austria_2026_R_00091,austria_2026_R,Austrian Grand Prix,0.0,gbdt,0.0379686800529346,austria_2026_R,true_negative
austria_2026_R_00092,austria_2026_R,Austrian Grand Prix,0.0,gbdt,0.023514262652451327,austria_2026_R,true_negative
austria_2026_R_00093,austria_2026_R,Austrian Grand Prix,0.0,gbdt,0.08707635263116313,austria_2026_R,true_negative
austria_2026_R_00094,austria_2026_R,Austrian Grand Prix,0.0,gbdt,0.08545925550740895,austria_2026_R,true_negative
austria_2026_R_00095,austria_2026_R,Austrian Grand Prix,0.0,gbdt,0.04464824732739204,austria_2026_R,true_negative
austria_2026_R_00096,austria_2026_R,Austrian Grand Prix,0.0,gbdt,0.04529084027547663,austria_2026_R,true_negative
austria_2026_R_00097,austria_2026_R,Austrian Grand Prix,0.0,gbdt,0.2384898957579245,austria_2026_R,other
austria_2026_R_00098,austria_2026_R,Austrian Grand Prix,0.0,gbdt,0.2041381216569715,austria_2026_R,other
austria_2026_R_00099,austria_2026_R,Austrian Grand Prix,1.0,gbdt,0.40477696082887843,austria_2026_R,other
austria_2026_R_00100,austria_2026_R,Austrian Grand Prix,0.0,gbdt,0.0750467310930616,austria_2026_R,true_negative
austria_2026_R_00101,austria_2026_R,Austrian Grand Prix,0.0,gbdt,0.0466365301693569,austria_2026_R,true_negative
austria_2026_R_00102,austria_2026_R,Austrian Grand Prix,0.0,gbdt,0.03949889214504056,austria_2026_R,true_negative
austria_2026_R_00103,austria_2026_R,Austrian Grand Prix,0.0,gbdt,0.06256593565790387,austria_2026_R,true_negative
austria_2026_R_00104,austria_2026_R,Austrian Grand Prix,0.0,gbdt,0.12950811623230096,austria_2026_R,true_negative
austria_2026_R_00105,austria_2026_R,Austrian Grand Prix,0.0,gbdt,0.062348327566540684,austria_2026_R,true_negative
austria_2026_R_00106,austria_2026_R,Austrian Grand Prix,0.0,gbdt,0.07474284487898528,austria_2026_R,true_negative
austria_2026_R_00107,austria_2026_R,Austrian Grand Prix,0.0,gbdt,0.03289883602741011,austria_2026_R,true_negative
austria_2026_R_00109,austria_2026_R,Austrian Grand Prix,0.0,gbdt,0.033929198086150025,austria_2026_R,true_negative
austria_2026_R_00110,austria_2026_R,Austrian Grand Prix,0.0,gbdt,0.02062837158785517,austria_2026_R,true_negative
austria_2026_R_00111,austria_2026_R,Austrian Grand Prix,0.0,gbdt,0.028428805429858095,austria_2026_R,true_negative
austria_2026_R_00112,austria_2026_R,Austrian Grand Prix,0.0,gbdt,0.1283819802777681,austria_2026_R,true_negative
austria_2026_R_00113,austria_2026_R,Austrian Grand Prix,0.0,gbdt,0.033239543111271835,austria_2026_R,true_negative
austria_2026_R_00114,austria_2026_R,Austrian Grand Prix,0.0,gbdt,0.058891064232823614,austria_2026_R,true_negative
austria_2026_R_00115,austria_2026_R,Austrian Grand Prix,0.0,gbdt,0.28622817568846665,austria_2026_R,other
austria_2026_R_00116,austria_2026_R,Austrian Grand Prix,1.0,gbdt,0.24944489960700716,austria_2026_R,other
austria_2026_R_00117,austria_2026_R,Austrian Grand Prix,1.0,gbdt,0.4834915390914467,austria_2026_R,other
austria_2026_R_00118,austria_2026_R,Austrian Grand Prix,0.0,gbdt,0.1536442888159684,austria_2026_R,true_negative
austria_2026_R_00120,austria_2026_R,Austrian Grand Prix,0.0,gbdt,0.47306529924581636,austria_2026_R,other
austria_2026_R_00121,austria_2026_R,Austrian Grand Prix,1.0,gbdt,0.5326996436398035,austria_2026_R,true_positive
austria_2026_R_00122,austria_2026_R,Austrian Grand Prix,0.0,gbdt,0.2232926531348095,austria_2026_R,other
austria_2026_R_00123,austria_2026_R,Austrian Grand Prix,0.0,gbdt,0.07910513469285857,austria_2026_R,true_negative
austria_2026_R_00125,austria_2026_R,Austrian Grand Prix,0.0,gbdt,0.07473728230141376,austria_2026_R,true_negative
austria_2026_R_00126,austria_2026_R,Austrian Grand Prix,0.0,gbdt,0.02242853779934098,austria_2026_R,true_negative
austria_2026_R_00127,austria_2026_R,Austrian Grand Prix,0.0,gbdt,0.029976046371803455,austria_2026_R,true_negative
austria_2026_R_00128,austria_2026_R,Austrian Grand Prix,0.0,gbdt,0.019545704168535988,austria_2026_R,true_negative
austria_2026_R_00129,austria_2026_R,Austrian Grand Prix,0.0,gbdt,0.039763430625405737,austria_2026_R,true_negative
austria_2026_R_00130,austria_2026_R,Austrian Grand Prix,0.0,gbdt,0.03296609128090401,austria_2026_R,true_negative
austria_2026_R_00131,austria_2026_R,Austrian Grand Prix,0.0,gbdt,0.023775311479066898,austria_2026_R,true_negative
austria_2026_R_00132,austria_2026_R,Austrian Grand Prix,0.0,gbdt,0.10668998772114358,austria_2026_R,true_negative
austria_2026_R_00133,austria_2026_R,Austrian Grand Prix,0.0,gbdt,0.014986712769831413,austria_2026_R,true_negative
austria_2026_R_00134,austria_2026_R,Austrian Grand Prix,0.0,gbdt,0.037325720620332785,austria_2026_R,true_negative
austria_2026_R_00135,austria_2026_R,Austrian Grand Prix,0.0,gbdt,0.04185450268200965,austria_2026_R,true_negative
austria_2026_R_00136,austria_2026_R,Austrian Grand Prix,0.0,gbdt,0.06036660476571211,austria_2026_R,true_negative
austria_2026_R_00137,austria_2026_R,Austrian Grand Prix,0.0,gbdt,0.039404092300050514,austria_2026_R,true_negative
austria_2026_R_00138,austria_2026_R,Austrian Grand Prix,0.0,gbdt,0.05446528526881598,austria_2026_R,true_negative
austria_2026_R_00139,austria_2026_R,Austrian Grand Prix,0.0,gbdt,0.03181490180147559,austria_2026_R,true_negative
austria_2026_R_00140,austria_2026_R,Austrian Grand Prix,0.0,gbdt,0.0280313750254384,austria_2026_R,true_negative
austria_2026_R_00141,austria_2026_R,Austrian Grand Prix,0.0,gbdt,0.019017334202550196,austria_2026_R,true_negative
austria_2026_R_00142,austria_2026_R,Austrian Grand Prix,0.0,gbdt,0.0331008983255875,austria_2026_R,true_negative
austria_2026_R_00143,austria_2026_R,Austrian Grand Prix,0.0,gbdt,0.07871986679440089,austria_2026_R,true_negative
austria_2026_R_00144,austria_2026_R,Austrian Grand Prix,0.0,gbdt,0.03962913388637258,austria_2026_R,true_negative
austria_2026_R_00145,austria_2026_R,Austrian Grand Prix,0.0,gbdt,0.2662468676673535,austria_2026_R,other
austria_2026_R_00146,austria_2026_R,Austrian Grand Prix,1.0,gbdt,0.3369038459594492,austria_2026_R,other
austria_2026_R_00147,austria_2026_R,Austrian Grand Prix,0.0,gbdt,0.015488059177706848,austria_2026_R,true_negative
austria_2026_R_00148,austria_2026_R,Austrian Grand Prix,0.0,gbdt,0.01266158019314908,austria_2026_R,true_negative
austria_2026_R_00149,austria_2026_R,Austrian Grand Prix,0.0,gbdt,0.11724900482202666,austria_2026_R,true_negative
austria_2026_R_00150,austria_2026_R,Austrian Grand Prix,0.0,gbdt,0.039489606423819615,austria_2026_R,true_negative
austria_2026_R_00151,austria_2026_R,Austrian Grand Prix,0.0,gbdt,0.06960657051108993,austria_2026_R,true_negative
austria_2026_R_00152,austria_2026_R,Austrian Grand Prix,1.0,gbdt,0.5334197077565567,austria_2026_R,true_positive
austria_2026_R_00153,austria_2026_R,Austrian Grand Prix,0.0,gbdt,0.0390551946604073,austria_2026_R,true_negative
austria_2026_R_00154,austria_2026_R,Austrian Grand Prix,0.0,gbdt,0.29725308261618494,austria_2026_R,other
austria_2026_R_00155,austria_2026_R,Austrian Grand Prix,1.0,gbdt,0.5022065631271997,austria_2026_R,true_positive
austria_2026_R_00156,austria_2026_R,Austrian Grand Prix,0.0,gbdt,0.03406265860785432,austria_2026_R,true_negative
austria_2026_R_00157,austria_2026_R,Austrian Grand Prix,0.0,gbdt,0.03887808670024668,austria_2026_R,true_negative
austria_2026_R_00158,austria_2026_R,Austrian Grand Prix,0.0,gbdt,0.07491155348640155,austria_2026_R,true_negative
austria_2026_R_00159,austria_2026_R,Austrian Grand Prix,0.0,gbdt,0.017731264192077,austria_2026_R,true_negative
austria_2026_R_00160,austria_2026_R,Austrian Grand Prix,0.0,gbdt,0.03559121210921913,austria_2026_R,true_negative
austria_2026_R_00161,austria_2026_R,Austrian Grand Prix,0.0,gbdt,0.2824089951402187,austria_2026_R,other
austria_2026_R_00162,austria_2026_R,Austrian Grand Prix,0.0,gbdt,0.026997776759583474,austria_2026_R,true_negative
austria_2026_R_00163,austria_2026_R,Austrian Grand Prix,0.0,gbdt,0.023708683551246935,austria_2026_R,true_negative
austria_2026_R_00164,austria_2026_R,Austrian Grand Prix,0.0,gbdt,0.029490428889582185,austria_2026_R,true_negative
austria_2026_R_00165,austria_2026_R,Austrian Grand Prix,0.0,gbdt,0.058609708145415336,austria_2026_R,true_negative
austria_2026_R_00166,austria_2026_R,Austrian Grand Prix,0.0,gbdt,0.016018074106989095,austria_2026_R,true_negative
austria_2026_R_00167,austria_2026_R,Austrian Grand Prix,0.0,gbdt,0.0163653458444556,austria_2026_R,true_negative
austria_2026_R_00168,austria_2026_R,Austrian Grand Prix,0.0,gbdt,0.02438928548607378,austria_2026_R,true_negative
austria_2026_R_00169,austria_2026_R,Austrian Grand Prix,0.0,gbdt,0.023591629745957323,austria_2026_R,true_negative
austria_2026_R_00170,austria_2026_R,Austrian Grand Prix,0.0,gbdt,0.04341184277618895,austria_2026_R,true_negative
austria_2026_R_00171,austria_2026_R,Austrian Grand Prix,0.0,gbdt,0.03819393243069504,austria_2026_R,true_negative
austria_2026_R_00172,austria_2026_R,Austrian Grand Prix,0.0,gbdt,0.05592578329592071,austria_2026_R,true_negative
austria_2026_R_00173,austria_2026_R,Austrian Grand Prix,0.0,gbdt,0.03298572144126286,austria_2026_R,true_negative
austria_2026_R_00174,austria_2026_R,Austrian Grand Prix,0.0,gbdt,0.03857159620507734,austria_2026_R,true_negative
austria_2026_R_00175,austria_2026_R,Austrian Grand Prix,0.0,gbdt,0.030137232581622937,austria_2026_R,true_negative
austria_2026_R_00176,austria_2026_R,Austrian Grand Prix,0.0,gbdt,0.08853315039759124,austria_2026_R,true_negative
austria_2026_R_00177,austria_2026_R,Austrian Grand Prix,0.0,gbdt,0.0467560723053074,austria_2026_R,true_negative
austria_2026_R_00178,austria_2026_R,Austrian Grand Prix,0.0,gbdt,0.01772021263710393,austria_2026_R,true_negative
austria_2026_R_00179,austria_2026_R,Austrian Grand Prix,0.0,gbdt,0.018627479594788818,austria_2026_R,true_negative
austria_2026_R_00181,austria_2026_R,Austrian Grand Prix,0.0,gbdt,0.1024106110989758,austria_2026_R,true_negative
austria_2026_R_00182,austria_2026_R,Austrian Grand Prix,0.0,gbdt,0.016018074106989095,austria_2026_R,true_negative
austria_2026_R_00183,austria_2026_R,Austrian Grand Prix,0.0,gbdt,0.050260057513274205,austria_2026_R,true_negative
austria_2026_R_00184,austria_2026_R,Austrian Grand Prix,0.0,gbdt,0.07941412353192352,austria_2026_R,true_negative
austria_2026_R_00185,austria_2026_R,Austrian Grand Prix,1.0,gbdt,0.7011867110104473,austria_2026_R,true_positive
austria_2026_R_00186,austria_2026_R,Austrian Grand Prix,0.0,gbdt,0.030497686494266974,austria_2026_R,true_negative
austria_2026_R_00187,austria_2026_R,Austrian Grand Prix,0.0,gbdt,0.24959293499994076,austria_2026_R,other
austria_2026_R_00188,austria_2026_R,Austrian Grand Prix,0.0,gbdt,0.040290155855712176,austria_2026_R,true_negative
austria_2026_R_00189,austria_2026_R,Austrian Grand Prix,0.0,gbdt,0.03265760313629184,austria_2026_R,true_negative
austria_2026_R_00190,austria_2026_R,Austrian Grand Prix,0.0,gbdt,0.03924963442022532,austria_2026_R,true_negative
austria_2026_R_00191,austria_2026_R,Austrian Grand Prix,0.0,gbdt,0.5039232864642904,austria_2026_R,false_positive
austria_2026_R_00193,austria_2026_R,Austrian Grand Prix,0.0,gbdt,0.015740250735003673,austria_2026_R,true_negative
austria_2026_R_00194,austria_2026_R,Austrian Grand Prix,0.0,gbdt,0.021825821327929987,austria_2026_R,true_negative
austria_2026_R_00195,austria_2026_R,Austrian Grand Prix,0.0,gbdt,0.025413797650680293,austria_2026_R,true_negative
austria_2026_R_00196,austria_2026_R,Austrian Grand Prix,0.0,gbdt,0.037476020764564716,austria_2026_R,true_negative
austria_2026_R_00197,austria_2026_R,Austrian Grand Prix,0.0,gbdt,0.055175503001071775,austria_2026_R,true_negative
austria_2026_R_00198,austria_2026_R,Austrian Grand Prix,0.0,gbdt,0.02206573846603985,austria_2026_R,true_negative
austria_2026_R_00199,austria_2026_R,Austrian Grand Prix,0.0,gbdt,0.013042174148608384,austria_2026_R,true_negative
austria_2026_R_00200,austria_2026_R,Austrian Grand Prix,0.0,gbdt,0.03592031728422401,austria_2026_R,true_negative
austria_2026_R_00201,austria_2026_R,Austrian Grand Prix,0.0,gbdt,0.014593611194559403,austria_2026_R,true_negative
austria_2026_R_00202,austria_2026_R,Austrian Grand Prix,0.0,gbdt,0.14505014263418528,austria_2026_R,true_negative
austria_2026_R_00203,austria_2026_R,Austrian Grand Prix,0.0,gbdt,0.04651202682261871,austria_2026_R,true_negative
austria_2026_R_00204,austria_2026_R,Austrian Grand Prix,0.0,gbdt,0.01891086488155244,austria_2026_R,true_negative
austria_2026_R_00205,austria_2026_R,Austrian Grand Prix,0.0,gbdt,0.08958322538796526,austria_2026_R,true_negative
austria_2026_R_00206,austria_2026_R,Austrian Grand Prix,0.0,gbdt,0.02849766173305046,austria_2026_R,true_negative
austria_2026_R_00207,austria_2026_R,Austrian Grand Prix,0.0,gbdt,0.03262564542173999,austria_2026_R,true_negative
austria_2026_R_00208,austria_2026_R,Austrian Grand Prix,0.0,gbdt,0.02969638006161782,austria_2026_R,true_negative
austria_2026_R_00211,austria_2026_R,Austrian Grand Prix,0.0,gbdt,0.022261593308539652,austria_2026_R,true_negative
austria_2026_R_00217,austria_2026_R,Austrian Grand Prix,0.0,gbdt,0.02794253476945833,austria_2026_R,true_negative
austria_2026_R_00218,austria_2026_R,Austrian Grand Prix,0.0,gbdt,0.04177431360787312,austria_2026_R,true_negative
austria_2026_R_00220,austria_2026_R,Austrian Grand Prix,0.0,gbdt,0.019722708693194445,austria_2026_R,true_negative
austria_2026_R_00221,austria_2026_R,Austrian Grand Prix,0.0,gbdt,0.046130204506513235,austria_2026_R,true_negative
austria_2026_R_00222,austria_2026_R,Austrian Grand Prix,0.0,gbdt,0.013470713397461292,austria_2026_R,true_negative
austria_2026_R_00223,austria_2026_R,Austrian Grand Prix,0.0,gbdt,0.05355730668524882,austria_2026_R,true_negative
austria_2026_R_00225,austria_2026_R,Austrian Grand Prix,0.0,gbdt,0.019202321799195766,austria_2026_R,true_negative
austria_2026_R_00226,austria_2026_R,Austrian Grand Prix,0.0,gbdt,0.05174287731243098,austria_2026_R,true_negative
austria_2026_R_00228,austria_2026_R,Austrian Grand Prix,0.0,gbdt,0.04731042577991354,austria_2026_R,true_negative
austria_2026_R_00229,austria_2026_R,Austrian Grand Prix,0.0,gbdt,0.03123629690144936,austria_2026_R,true_negative
austria_2026_R_00230,austria_2026_R,Austrian Grand Prix,0.0,gbdt,0.03406541720617704,austria_2026_R,true_negative
austria_2026_R_00231,austria_2026_R,Austrian Grand Prix,0.0,gbdt,0.034673367108456636,austria_2026_R,true_negative
austria_2026_R_00233,austria_2026_R,Austrian Grand Prix,0.0,gbdt,0.02639713392024167,austria_2026_R,true_negative
austria_2026_R_00235,austria_2026_R,Austrian Grand Prix,0.0,gbdt,0.04395808129266922,austria_2026_R,true_negative
austria_2026_R_00237,austria_2026_R,Austrian Grand Prix,0.0,gbdt,0.307295809711162,austria_2026_R,other
austria_2026_R_00238,austria_2026_R,Austrian Grand Prix,0.0,gbdt,0.053913992108732975,austria_2026_R,true_negative
austria_2026_R_00239,austria_2026_R,Austrian Grand Prix,0.0,gbdt,0.02438461503772348,austria_2026_R,true_negative
austria_2026_R_00241,austria_2026_R,Austrian Grand Prix,0.0,gbdt,0.019500890278351748,austria_2026_R,true_negative
austria_2026_R_00242,austria_2026_R,Austrian Grand Prix,0.0,gbdt,0.02841383958767476,austria_2026_R,true_negative
austria_2026_R_00246,austria_2026_R,Austrian Grand Prix,0.0,gbdt,0.04457786811372364,austria_2026_R,true_negative
austria_2026_R_00247,austria_2026_R,Austrian Grand Prix,0.0,gbdt,0.03508413676593703,austria_2026_R,true_negative
austria_2026_R_00248,austria_2026_R,Austrian Grand Prix,0.0,gbdt,0.03187134174638516,austria_2026_R,true_negative
austria_2026_R_00250,austria_2026_R,Austrian Grand Prix,0.0,gbdt,0.028115539516382432,austria_2026_R,true_negative
austria_2026_R_00251,austria_2026_R,Austrian Grand Prix,0.0,gbdt,0.04511094129878284,austria_2026_R,true_negative
austria_2026_R_00252,austria_2026_R,Austrian Grand Prix,0.0,gbdt,0.028356592020851105,austria_2026_R,true_negative
austria_2026_R_00253,austria_2026_R,Austrian Grand Prix,0.0,gbdt,0.02816420805656754,austria_2026_R,true_negative
austria_2026_R_00254,austria_2026_R,Austrian Grand Prix,0.0,gbdt,0.028807928442696952,austria_2026_R,true_negative
austria_2026_R_00255,austria_2026_R,Austrian Grand Prix,0.0,gbdt,0.017771341305594775,austria_2026_R,true_negative
austria_2026_R_00257,austria_2026_R,Austrian Grand Prix,0.0,gbdt,0.03764271421793699,austria_2026_R,true_negative
austria_2026_R_00259,austria_2026_R,Austrian Grand Prix,0.0,gbdt,0.029790341559455872,austria_2026_R,true_negative
austria_2026_R_00260,austria_2026_R,Austrian Grand Prix,0.0,gbdt,0.013654388754287247,austria_2026_R,true_negative
austria_2026_R_00261,austria_2026_R,Austrian Grand Prix,0.0,gbdt,0.022926364737628543,austria_2026_R,true_negative
austria_2026_R_00264,austria_2026_R,Austrian Grand Prix,0.0,gbdt,0.01576424816556061,austria_2026_R,true_negative
austria_2026_R_00265,austria_2026_R,Austrian Grand Prix,0.0,gbdt,0.020932178450911713,austria_2026_R,true_negative
austria_2026_R_00266,austria_2026_R,Austrian Grand Prix,0.0,gbdt,0.043066600575673165,austria_2026_R,true_negative
austria_2026_R_00267,austria_2026_R,Austrian Grand Prix,0.0,gbdt,0.02885810103988959,austria_2026_R,true_negative
austria_2026_R_00268,austria_2026_R,Austrian Grand Prix,0.0,gbdt,0.015832319813019226,austria_2026_R,true_negative
austria_2026_R_00270,austria_2026_R,Austrian Grand Prix,0.0,gbdt,0.013192905894980964,austria_2026_R,true_negative
austria_2026_R_00272,austria_2026_R,Austrian Grand Prix,0.0,gbdt,0.028403800668762316,austria_2026_R,true_negative
austria_2026_R_00273,austria_2026_R,Austrian Grand Prix,0.0,gbdt,0.038267265265299576,austria_2026_R,true_negative
austria_2026_R_00274,austria_2026_R,Austrian Grand Prix,0.0,gbdt,0.046953809087720906,austria_2026_R,true_negative
austria_2026_R_00275,austria_2026_R,Austrian Grand Prix,0.0,gbdt,0.02808172813532556,austria_2026_R,true_negative
austria_2026_R_00276,austria_2026_R,Austrian Grand Prix,0.0,gbdt,0.01483738680477262,austria_2026_R,true_negative
austria_2026_R_00277,austria_2026_R,Austrian Grand Prix,0.0,gbdt,0.2738094625799447,austria_2026_R,other
austria_2026_R_00278,austria_2026_R,Austrian Grand Prix,0.0,gbdt,0.039543040503229494,austria_2026_R,true_negative
austria_2026_R_00279,austria_2026_R,Austrian Grand Prix,0.0,gbdt,0.033867574597410924,austria_2026_R,true_negative
austria_2026_R_00280,austria_2026_R,Austrian Grand Prix,0.0,gbdt,0.020501796634667408,austria_2026_R,true_negative
austria_2026_R_00281,austria_2026_R,Austrian Grand Prix,0.0,gbdt,0.04836067315721118,austria_2026_R,true_negative
austria_2026_R_00282,austria_2026_R,Austrian Grand Prix,0.0,gbdt,0.5969787158283533,austria_2026_R,false_positive
austria_2026_R_00283,austria_2026_R,Austrian Grand Prix,0.0,gbdt,0.016386826257510593,austria_2026_R,true_negative
austria_2026_R_00284,austria_2026_R,Austrian Grand Prix,0.0,gbdt,0.4601509428223041,austria_2026_R,other
austria_2026_R_00285,austria_2026_R,Austrian Grand Prix,0.0,gbdt,0.14189407744768312,austria_2026_R,true_negative
austria_2026_R_00286,austria_2026_R,Austrian Grand Prix,0.0,gbdt,0.042976702591290335,austria_2026_R,true_negative
austria_2026_R_00288,austria_2026_R,Austrian Grand Prix,0.0,gbdt,0.037392454973763006,austria_2026_R,true_negative
austria_2026_R_00289,austria_2026_R,Austrian Grand Prix,0.0,gbdt,0.021918312514980203,austria_2026_R,true_negative
austria_2026_R_00290,austria_2026_R,Austrian Grand Prix,0.0,gbdt,0.018112854153904928,austria_2026_R,true_negative
austria_2026_R_00291,austria_2026_R,Austrian Grand Prix,0.0,gbdt,0.01856817405714792,austria_2026_R,true_negative
austria_2026_R_00292,austria_2026_R,Austrian Grand Prix,0.0,gbdt,0.04049523562205761,austria_2026_R,true_negative
austria_2026_R_00295,austria_2026_R,Austrian Grand Prix,0.0,gbdt,0.03431306967652361,austria_2026_R,true_negative
austria_2026_R_00296,austria_2026_R,Austrian Grand Prix,0.0,gbdt,0.031048786221613847,austria_2026_R,true_negative
austria_2026_R_00297,austria_2026_R,Austrian Grand Prix,0.0,gbdt,0.10360007989163122,austria_2026_R,true_negative
austria_2026_R_00298,austria_2026_R,Austrian Grand Prix,0.0,gbdt,0.022135065320931326,austria_2026_R,true_negative
austria_2026_R_00299,austria_2026_R,Austrian Grand Prix,0.0,gbdt,0.41832259561200963,austria_2026_R,other
austria_2026_R_00301,austria_2026_R,Austrian Grand Prix,0.0,gbdt,0.014516370832339405,austria_2026_R,true_negative
austria_2026_R_00304,austria_2026_R,Austrian Grand Prix,0.0,gbdt,0.03939857879785617,austria_2026_R,true_negative
austria_2026_R_00306,austria_2026_R,Austrian Grand Prix,0.0,gbdt,0.44718134685555444,austria_2026_R,other
austria_2026_R_00311,austria_2026_R,Austrian Grand Prix,0.0,gbdt,0.028602778229262396,austria_2026_R,true_negative
austria_2026_R_00312,austria_2026_R,Austrian Grand Prix,0.0,gbdt,0.013888266036699431,austria_2026_R,true_negative
austria_2026_R_00316,austria_2026_R,Austrian Grand Prix,0.0,gbdt,0.0573272578675119,austria_2026_R,true_negative
austria_2026_R_00328,austria_2026_R,Austrian Grand Prix,0.0,gbdt,0.016696868548430187,austria_2026_R,true_negative
austria_2026_R_00331,austria_2026_R,Austrian Grand Prix,0.0,gbdt,0.24463134142961535,austria_2026_R,other
austria_2026_R_00334,austria_2026_R,Austrian Grand Prix,0.0,gbdt,0.02050086212077883,austria_2026_R,true_negative
austria_2026_R_00337,austria_2026_R,Austrian Grand Prix,0.0,gbdt,0.0730632489346583,austria_2026_R,true_negative
austria_2026_R_00339,austria_2026_R,Austrian Grand Prix,0.0,gbdt,0.08406276065803142,austria_2026_R,true_negative
austria_2026_R_00347,austria_2026_R,Austrian Grand Prix,1.0,gbdt,0.15408987323028125,austria_2026_R,false_negative
austria_2026_R_00349,austria_2026_R,Austrian Grand Prix,0.0,gbdt,0.09587141422863181,austria_2026_R,true_negative
austria_2026_R_00353,austria_2026_R,Austrian Grand Prix,0.0,gbdt,0.03960817321995286,austria_2026_R,true_negative
austria_2026_R_00358,austria_2026_R,Austrian Grand Prix,0.0,gbdt,0.28417704977567765,austria_2026_R,other
austria_2026_R_00359,austria_2026_R,Austrian Grand Prix,0.0,gbdt,0.015601831483198261,austria_2026_R,true_negative
austria_2026_R_00360,austria_2026_R,Austrian Grand Prix,0.0,gbdt,0.3364483893955791,austria_2026_R,other
austria_2026_R_00363,austria_2026_R,Austrian Grand Prix,0.0,gbdt,0.054348356787972424,austria_2026_R,true_negative
austria_2026_R_00364,austria_2026_R,Austrian Grand Prix,0.0,gbdt,0.01968179392453049,austria_2026_R,true_negative
austria_2026_R_00365,austria_2026_R,Austrian Grand Prix,0.0,gbdt,0.11660279281562079,austria_2026_R,true_negative
austria_2026_R_00368,austria_2026_R,Austrian Grand Prix,1.0,gbdt,0.6330368127124821,austria_2026_R,true_positive
austria_2026_R_00370,austria_2026_R,Austrian Grand Prix,0.0,gbdt,0.1445883671967976,austria_2026_R,true_negative
austria_2026_R_00371,austria_2026_R,Austrian Grand Prix,0.0,gbdt,0.013946625767688856,austria_2026_R,true_negative
austria_2026_R_00372,austria_2026_R,Austrian Grand Prix,0.0,gbdt,0.04447824558049588,austria_2026_R,true_negative
austria_2026_R_00378,austria_2026_R,Austrian Grand Prix,0.0,gbdt,0.053853607449336864,austria_2026_R,true_negative
austria_2026_R_00379,austria_2026_R,Austrian Grand Prix,0.0,gbdt,0.09491822572293972,austria_2026_R,true_negative
austria_2026_R_00381,austria_2026_R,Austrian Grand Prix,0.0,gbdt,0.01887561904626496,austria_2026_R,true_negative
austria_2026_R_00382,austria_2026_R,Austrian Grand Prix,0.0,gbdt,0.5274739275828778,austria_2026_R,false_positive
austria_2026_R_00386,austria_2026_R,Austrian Grand Prix,0.0,gbdt,0.2514477963730576,austria_2026_R,other
austria_2026_R_00387,austria_2026_R,Austrian Grand Prix,1.0,gbdt,0.4629087242775423,austria_2026_R,other
austria_2026_R_00388,austria_2026_R,Austrian Grand Prix,0.0,gbdt,0.05283083897172765,austria_2026_R,true_negative
austria_2026_R_00389,austria_2026_R,Austrian Grand Prix,0.0,gbdt,0.06803805666402318,austria_2026_R,true_negative
austria_2026_R_00391,austria_2026_R,Austrian Grand Prix,0.0,gbdt,0.031951116184863834,austria_2026_R,true_negative
austria_2026_R_00392,austria_2026_R,Austrian Grand Prix,0.0,gbdt,0.06857717024119642,austria_2026_R,true_negative
austria_2026_R_00393,austria_2026_R,Austrian Grand Prix,0.0,gbdt,0.6316411036730459,austria_2026_R,false_positive
austria_2026_R_00394,austria_2026_R,Austrian Grand Prix,0.0,gbdt,0.13457740446918343,austria_2026_R,true_negative
austria_2026_R_00395,austria_2026_R,Austrian Grand Prix,0.0,gbdt,0.030431357233153326,austria_2026_R,true_negative
austria_2026_R_00397,austria_2026_R,Austrian Grand Prix,0.0,gbdt,0.07758318261493712,austria_2026_R,true_negative
austria_2026_R_00398,austria_2026_R,Austrian Grand Prix,0.0,gbdt,0.04341830708603877,austria_2026_R,true_negative
austria_2026_R_00399,austria_2026_R,Austrian Grand Prix,0.0,gbdt,0.09773186797151431,austria_2026_R,true_negative
austria_2026_R_00400,austria_2026_R,Austrian Grand Prix,0.0,gbdt,0.05372461923608679,austria_2026_R,true_negative
austria_2026_R_00401,austria_2026_R,Austrian Grand Prix,0.0,gbdt,0.0932035644371408,austria_2026_R,true_negative
austria_2026_R_00402,austria_2026_R,Austrian Grand Prix,0.0,gbdt,0.29360011825370574,austria_2026_R,other
austria_2026_R_00403,austria_2026_R,Austrian Grand Prix,0.0,gbdt,0.5729791033878284,austria_2026_R,false_positive
austria_2026_R_00404,austria_2026_R,Austrian Grand Prix,0.0,gbdt,0.11457045317893912,austria_2026_R,true_negative
austria_2026_R_00405,austria_2026_R,Austrian Grand Prix,0.0,gbdt,0.06854921998221801,austria_2026_R,true_negative
austria_2026_R_00408,austria_2026_R,Austrian Grand Prix,0.0,gbdt,0.07342297076988018,austria_2026_R,true_negative
austria_2026_R_00410,austria_2026_R,Austrian Grand Prix,1.0,gbdt,0.6092490739454327,austria_2026_R,true_positive
austria_2026_R_00412,austria_2026_R,Austrian Grand Prix,0.0,gbdt,0.06601075485716006,austria_2026_R,true_negative
austria_2026_R_00416,austria_2026_R,Austrian Grand Prix,0.0,gbdt,0.12207117840715527,austria_2026_R,true_negative
austria_2026_R_00476,austria_2026_R,Austrian Grand Prix,0.0,gbdt,0.02378636191663964,austria_2026_R,true_negative
austria_2026_R_00477,austria_2026_R,Austrian Grand Prix,0.0,gbdt,0.012898116284085019,austria_2026_R,true_negative
austria_2026_R_00478,austria_2026_R,Austrian Grand Prix,0.0,gbdt,0.04250413382511601,austria_2026_R,true_negative
austria_2026_R_00479,austria_2026_R,Austrian Grand Prix,1.0,gbdt,0.5714331923034034,austria_2026_R,true_positive
austria_2026_R_00481,austria_2026_R,Austrian Grand Prix,0.0,gbdt,0.10135994034575377,austria_2026_R,true_negative
austria_2026_R_00482,austria_2026_R,Austrian Grand Prix,0.0,gbdt,0.03921778645143318,austria_2026_R,true_negative
austria_2026_R_00483,austria_2026_R,Austrian Grand Prix,0.0,gbdt,0.025484715180696223,austria_2026_R,true_negative
austria_2026_R_00484,austria_2026_R,Austrian Grand Prix,0.0,gbdt,0.014982868987516069,austria_2026_R,true_negative
austria_2026_R_00485,austria_2026_R,Austrian Grand Prix,0.0,gbdt,0.02334074111887884,austria_2026_R,true_negative
austria_2026_R_00486,austria_2026_R,Austrian Grand Prix,0.0,gbdt,0.07487768572952903,austria_2026_R,true_negative
austria_2026_R_00487,austria_2026_R,Austrian Grand Prix,0.0,gbdt,0.060459531207901665,austria_2026_R,true_negative
austria_2026_R_00488,austria_2026_R,Austrian Grand Prix,0.0,gbdt,0.06781383126693505,austria_2026_R,true_negative
austria_2026_R_00489,austria_2026_R,Austrian Grand Prix,0.0,gbdt,0.066889930618443,austria_2026_R,true_negative
austria_2026_R_00490,austria_2026_R,Austrian Grand Prix,0.0,gbdt,0.07371451106085963,austria_2026_R,true_negative
austria_2026_R_00491,austria_2026_R,Austrian Grand Prix,0.0,gbdt,0.017834650947813203,austria_2026_R,true_negative
austria_2026_R_00492,austria_2026_R,Austrian Grand Prix,0.0,gbdt,0.10604140058230993,austria_2026_R,true_negative
austria_2026_R_00493,austria_2026_R,Austrian Grand Prix,0.0,gbdt,0.025968778961677583,austria_2026_R,true_negative
austria_2026_R_00494,austria_2026_R,Austrian Grand Prix,0.0,gbdt,0.02101338656667773,austria_2026_R,true_negative
austria_2026_R_00495,austria_2026_R,Austrian Grand Prix,0.0,gbdt,0.054778147460786825,austria_2026_R,true_negative
austria_2026_R_00496,austria_2026_R,Austrian Grand Prix,0.0,gbdt,0.028009080322864324,austria_2026_R,true_negative
austria_2026_R_00497,austria_2026_R,Austrian Grand Prix,0.0,gbdt,0.028586611395000894,austria_2026_R,true_negative
austria_2026_R_00498,austria_2026_R,Austrian Grand Prix,0.0,gbdt,0.024622973591856983,austria_2026_R,true_negative
austria_2026_R_00499,austria_2026_R,Austrian Grand Prix,0.0,gbdt,0.029353852938902397,austria_2026_R,true_negative
austria_2026_R_00500,austria_2026_R,Austrian Grand Prix,0.0,gbdt,0.024147756726875715,austria_2026_R,true_negative
austria_2026_R_00501,austria_2026_R,Austrian Grand Prix,0.0,gbdt,0.02767022032738828,austria_2026_R,true_negative
austria_2026_R_00502,austria_2026_R,Austrian Grand Prix,0.0,gbdt,0.053818769791091924,austria_2026_R,true_negative
austria_2026_R_00503,austria_2026_R,Austrian Grand Prix,0.0,gbdt,0.021083321595603693,austria_2026_R,true_negative
austria_2026_R_00504,austria_2026_R,Austrian Grand Prix,0.0,gbdt,0.029851096837242498,austria_2026_R,true_negative
austria_2026_R_00505,austria_2026_R,Austrian Grand Prix,0.0,gbdt,0.6387895474297384,austria_2026_R,false_positive
austria_2026_R_00506,austria_2026_R,Austrian Grand Prix,0.0,gbdt,0.141909264386562,austria_2026_R,true_negative
austria_2026_R_00507,austria_2026_R,Austrian Grand Prix,0.0,gbdt,0.03329678210070963,austria_2026_R,true_negative
austria_2026_R_00508,austria_2026_R,Austrian Grand Prix,0.0,gbdt,0.0632823560091539,austria_2026_R,true_negative
austria_2026_R_00509,austria_2026_R,Austrian Grand Prix,1.0,gbdt,0.4282710412089516,austria_2026_R,other
austria_2026_R_00510,austria_2026_R,Austrian Grand Prix,0.0,gbdt,0.030211857373146665,austria_2026_R,true_negative
austria_2026_R_00511,austria_2026_R,Austrian Grand Prix,0.0,gbdt,0.02273744915353047,austria_2026_R,true_negative
austria_2026_R_00513,austria_2026_R,Austrian Grand Prix,0.0,gbdt,0.010510028789683644,austria_2026_R,true_negative
austria_2026_R_00514,austria_2026_R,Austrian Grand Prix,0.0,gbdt,0.4074608472276202,austria_2026_R,other
austria_2026_R_00515,austria_2026_R,Austrian Grand Prix,0.0,gbdt,0.028578409143241477,austria_2026_R,true_negative
austria_2026_R_00517,austria_2026_R,Austrian Grand Prix,0.0,gbdt,0.047493558147337626,austria_2026_R,true_negative
austria_2026_R_00518,austria_2026_R,Austrian Grand Prix,0.0,gbdt,0.08849892983784716,austria_2026_R,true_negative
austria_2026_R_00519,austria_2026_R,Austrian Grand Prix,0.0,gbdt,0.03206798627039023,austria_2026_R,true_negative
austria_2026_R_00520,austria_2026_R,Austrian Grand Prix,0.0,gbdt,0.031243903236099973,austria_2026_R,true_negative
austria_2026_R_00521,austria_2026_R,Austrian Grand Prix,0.0,gbdt,0.023532983626169332,austria_2026_R,true_negative
austria_2026_R_00522,austria_2026_R,Austrian Grand Prix,0.0,gbdt,0.02952281194110876,austria_2026_R,true_negative
austria_2026_R_00523,austria_2026_R,Austrian Grand Prix,0.0,gbdt,0.0205515327573191,austria_2026_R,true_negative
austria_2026_R_00524,austria_2026_R,Austrian Grand Prix,0.0,gbdt,0.030157966382997926,austria_2026_R,true_negative
austria_2026_R_00525,austria_2026_R,Austrian Grand Prix,0.0,gbdt,0.03564524795680423,austria_2026_R,true_negative
austria_2026_R_00526,austria_2026_R,Austrian Grand Prix,0.0,gbdt,0.010267567564983916,austria_2026_R,true_negative
austria_2026_R_00527,austria_2026_R,Austrian Grand Prix,0.0,gbdt,0.06205454838385925,austria_2026_R,true_negative
austria_2026_R_00529,austria_2026_R,Austrian Grand Prix,0.0,gbdt,0.039013289789610606,austria_2026_R,true_negative
austria_2026_R_00530,austria_2026_R,Austrian Grand Prix,0.0,gbdt,0.229505980453292,austria_2026_R,other
austria_2026_R_00531,austria_2026_R,Austrian Grand Prix,0.0,gbdt,0.10518392227051213,austria_2026_R,true_negative
austria_2026_R_00532,austria_2026_R,Austrian Grand Prix,0.0,gbdt,0.04217570902057858,austria_2026_R,true_negative
austria_2026_R_00534,austria_2026_R,Austrian Grand Prix,0.0,gbdt,0.04020053036836293,austria_2026_R,true_negative
austria_2026_R_00535,austria_2026_R,Austrian Grand Prix,0.0,gbdt,0.025468088998859873,austria_2026_R,true_negative
austria_2026_R_00536,austria_2026_R,Austrian Grand Prix,0.0,gbdt,0.023072515246083124,austria_2026_R,true_negative
austria_2026_R_00537,austria_2026_R,Austrian Grand Prix,0.0,gbdt,0.014751769132985376,austria_2026_R,true_negative
austria_2026_R_00538,austria_2026_R,Austrian Grand Prix,0.0,gbdt,0.009423489922715732,austria_2026_R,true_negative
austria_2026_R_00539,austria_2026_R,Austrian Grand Prix,0.0,gbdt,0.014567738552576426,austria_2026_R,true_negative
austria_2026_R_00542,austria_2026_R,Austrian Grand Prix,0.0,gbdt,0.0554313480075208,austria_2026_R,true_negative
austria_2026_R_00543,austria_2026_R,Austrian Grand Prix,0.0,gbdt,0.10629271727478018,austria_2026_R,true_negative
austria_2026_R_00544,austria_2026_R,Austrian Grand Prix,0.0,gbdt,0.07809353219367515,austria_2026_R,true_negative
austria_2026_R_00545,austria_2026_R,Austrian Grand Prix,0.0,gbdt,0.02536415513826274,austria_2026_R,true_negative
austria_2026_R_00546,austria_2026_R,Austrian Grand Prix,0.0,gbdt,0.10002047907576272,austria_2026_R,true_negative
austria_2026_R_00547,austria_2026_R,Austrian Grand Prix,0.0,gbdt,0.044246601847252195,austria_2026_R,true_negative
austria_2026_R_00548,austria_2026_R,Austrian Grand Prix,0.0,gbdt,0.06686582901094633,austria_2026_R,true_negative
austria_2026_R_00550,austria_2026_R,Austrian Grand Prix,0.0,gbdt,0.03508072330340081,austria_2026_R,true_negative
austria_2026_R_00552,austria_2026_R,Austrian Grand Prix,0.0,gbdt,0.009462504504178123,austria_2026_R,true_negative
austria_2026_R_00553,austria_2026_R,Austrian Grand Prix,0.0,gbdt,0.04396756387079506,austria_2026_R,true_negative
austria_2026_R_00554,austria_2026_R,Austrian Grand Prix,0.0,gbdt,0.01964348854477909,austria_2026_R,true_negative
austria_2026_R_00555,austria_2026_R,Austrian Grand Prix,0.0,gbdt,0.028321559938897976,austria_2026_R,true_negative
austria_2026_R_00556,austria_2026_R,Austrian Grand Prix,0.0,gbdt,0.02405196636212711,austria_2026_R,true_negative
austria_2026_R_00558,austria_2026_R,Austrian Grand Prix,0.0,gbdt,0.09966374946044597,austria_2026_R,true_negative
austria_2026_R_00559,austria_2026_R,Austrian Grand Prix,0.0,gbdt,0.04081490712184091,austria_2026_R,true_negative
austria_2026_R_00560,austria_2026_R,Austrian Grand Prix,0.0,gbdt,0.021826345829767498,austria_2026_R,true_negative
austria_2026_R_00561,austria_2026_R,Austrian Grand Prix,0.0,gbdt,0.05509435082002218,austria_2026_R,true_negative
austria_2026_R_00562,austria_2026_R,Austrian Grand Prix,0.0,gbdt,0.024782529446218827,austria_2026_R,true_negative
austria_2026_R_00564,austria_2026_R,Austrian Grand Prix,0.0,gbdt,0.06498401130824527,austria_2026_R,true_negative
austria_2026_R_00565,austria_2026_R,Austrian Grand Prix,0.0,gbdt,0.017491437571573506,austria_2026_R,true_negative
austria_2026_R_00567,austria_2026_R,Austrian Grand Prix,0.0,gbdt,0.041072385913973844,austria_2026_R,true_negative
austria_2026_R_00570,austria_2026_R,Austrian Grand Prix,0.0,gbdt,0.04858598399654661,austria_2026_R,true_negative
austria_2026_R_00571,austria_2026_R,Austrian Grand Prix,0.0,gbdt,0.020760977733947486,austria_2026_R,true_negative
austria_2026_R_00572,austria_2026_R,Austrian Grand Prix,0.0,gbdt,0.06430101091553284,austria_2026_R,true_negative
austria_2026_R_00573,austria_2026_R,Austrian Grand Prix,0.0,gbdt,0.016099054687969135,austria_2026_R,true_negative
austria_2026_R_00576,austria_2026_R,Austrian Grand Prix,0.0,gbdt,0.15571403544156834,austria_2026_R,true_negative
austria_2026_R_00578,austria_2026_R,Austrian Grand Prix,0.0,gbdt,0.022569123032291444,austria_2026_R,true_negative
austria_2026_R_00581,austria_2026_R,Austrian Grand Prix,0.0,gbdt,0.013837986703277154,austria_2026_R,true_negative
austria_2026_R_00582,austria_2026_R,Austrian Grand Prix,0.0,gbdt,0.042084643523755155,austria_2026_R,true_negative
austria_2026_R_00584,austria_2026_R,Austrian Grand Prix,0.0,gbdt,0.018782366758437058,austria_2026_R,true_negative
austria_2026_R_00585,austria_2026_R,Austrian Grand Prix,0.0,gbdt,0.02756796986776938,austria_2026_R,true_negative
austria_2026_R_00586,austria_2026_R,Austrian Grand Prix,0.0,gbdt,0.6543675039718828,austria_2026_R,false_positive
austria_2026_R_00591,austria_2026_R,Austrian Grand Prix,0.0,gbdt,0.031449430139926134,austria_2026_R,true_negative
austria_2026_R_00592,austria_2026_R,Austrian Grand Prix,0.0,gbdt,0.20815104171518237,austria_2026_R,other
austria_2026_R_00593,austria_2026_R,Austrian Grand Prix,0.0,gbdt,0.046502596129898516,austria_2026_R,true_negative
austria_2026_R_00594,austria_2026_R,Austrian Grand Prix,0.0,gbdt,0.05212796165343306,austria_2026_R,true_negative
austria_2026_R_00598,austria_2026_R,Austrian Grand Prix,0.0,gbdt,0.045569207553783506,austria_2026_R,true_negative
austria_2026_R_00600,austria_2026_R,Austrian Grand Prix,0.0,gbdt,0.016459419075876423,austria_2026_R,true_negative
austria_2026_R_00602,austria_2026_R,Austrian Grand Prix,0.0,gbdt,0.03529379595802682,austria_2026_R,true_negative
austria_2026_R_00604,austria_2026_R,Austrian Grand Prix,0.0,gbdt,0.015749733654979087,austria_2026_R,true_negative
austria_2026_R_00605,austria_2026_R,Austrian Grand Prix,0.0,gbdt,0.013873674397361424,austria_2026_R,true_negative
austria_2026_R_00606,austria_2026_R,Austrian Grand Prix,0.0,gbdt,0.029093660494393707,austria_2026_R,true_negative
austria_2026_R_00611,austria_2026_R,Austrian Grand Prix,0.0,gbdt,0.01298024622694302,austria_2026_R,true_negative
austria_2026_R_00614,austria_2026_R,Austrian Grand Prix,0.0,gbdt,0.026147676340181406,austria_2026_R,true_negative
austria_2026_R_00618,austria_2026_R,Austrian Grand Prix,0.0,gbdt,0.014316235840717109,austria_2026_R,true_negative
austria_2026_R_00619,austria_2026_R,Austrian Grand Prix,0.0,gbdt,0.02832300392513812,austria_2026_R,true_negative
austria_2026_R_00620,austria_2026_R,Austrian Grand Prix,0.0,gbdt,0.038661066376219785,austria_2026_R,true_negative
austria_2026_R_00623,austria_2026_R,Austrian Grand Prix,0.0,gbdt,0.040208656450771374,austria_2026_R,true_negative
austria_2026_R_00625,austria_2026_R,Austrian Grand Prix,0.0,gbdt,0.09802255095919221,austria_2026_R,true_negative
austria_2026_R_00636,austria_2026_R,Austrian Grand Prix,0.0,gbdt,0.20981745741331853,austria_2026_R,other
austria_2026_R_00640,austria_2026_R,Austrian Grand Prix,0.0,gbdt,0.0477566501951548,austria_2026_R,true_negative
austria_2026_R_00648,austria_2026_R,Austrian Grand Prix,0.0,gbdt,0.4172385569188255,austria_2026_R,other
austria_2026_R_00649,austria_2026_R,Austrian Grand Prix,0.0,gbdt,0.07664704200188187,austria_2026_R,true_negative
austria_2026_R_00650,austria_2026_R,Austrian Grand Prix,0.0,gbdt,0.052790868006837466,austria_2026_R,true_negative
austria_2026_R_00651,austria_2026_R,Austrian Grand Prix,0.0,gbdt,0.03325528077396372,austria_2026_R,true_negative
austria_2026_R_00653,austria_2026_R,Austrian Grand Prix,0.0,gbdt,0.043952691525571325,austria_2026_R,true_negative
austria_2026_R_00655,austria_2026_R,Austrian Grand Prix,0.0,gbdt,0.06690650256371825,austria_2026_R,true_negative
austria_2026_R_00657,austria_2026_R,Austrian Grand Prix,0.0,gbdt,0.018267515214096326,austria_2026_R,true_negative
austria_2026_R_00658,austria_2026_R,Austrian Grand Prix,0.0,gbdt,0.019498654584702357,austria_2026_R,true_negative
austria_2026_R_00660,austria_2026_R,Austrian Grand Prix,0.0,gbdt,0.048381694288090436,austria_2026_R,true_negative
austria_2026_R_00661,austria_2026_R,Austrian Grand Prix,0.0,gbdt,0.030782534575175227,austria_2026_R,true_negative
austria_2026_R_00663,austria_2026_R,Austrian Grand Prix,0.0,gbdt,0.11620426854792855,austria_2026_R,true_negative
austria_2026_R_00666,austria_2026_R,Austrian Grand Prix,0.0,gbdt,0.024073935610168806,austria_2026_R,true_negative
austria_2026_R_00667,austria_2026_R,Austrian Grand Prix,0.0,gbdt,0.02633855019824403,austria_2026_R,true_negative
austria_2026_R_00668,austria_2026_R,Austrian Grand Prix,0.0,gbdt,0.02393328801906513,austria_2026_R,true_negative
austria_2026_R_00671,austria_2026_R,Austrian Grand Prix,0.0,gbdt,0.026944461694069635,austria_2026_R,true_negative
austria_2026_R_00673,austria_2026_R,Austrian Grand Prix,0.0,gbdt,0.024297856245975167,austria_2026_R,true_negative
austria_2026_R_00674,austria_2026_R,Austrian Grand Prix,0.0,gbdt,0.025372151618524814,austria_2026_R,true_negative
austria_2026_R_00676,austria_2026_R,Austrian Grand Prix,0.0,gbdt,0.02655098620113446,austria_2026_R,true_negative
austria_2026_R_00677,austria_2026_R,Austrian Grand Prix,0.0,gbdt,0.025600043921318497,austria_2026_R,true_negative
austria_2026_R_00681,austria_2026_R,Austrian Grand Prix,0.0,gbdt,0.01959658536333936,austria_2026_R,true_negative
austria_2026_R_00686,austria_2026_R,Austrian Grand Prix,0.0,gbdt,0.5999983205986671,austria_2026_R,false_positive
austria_2026_R_00687,austria_2026_R,Austrian Grand Prix,0.0,gbdt,0.1457723083316497,austria_2026_R,true_negative
austria_2026_R_00693,austria_2026_R,Austrian Grand Prix,0.0,gbdt,0.05096401783046366,austria_2026_R,true_negative
austria_2026_R_00695,austria_2026_R,Austrian Grand Prix,0.0,gbdt,0.017399353567907404,austria_2026_R,true_negative
austria_2026_R_00697,austria_2026_R,Austrian Grand Prix,0.0,gbdt,0.01680521980385798,austria_2026_R,true_negative
austria_2026_R_00698,austria_2026_R,Austrian Grand Prix,0.0,gbdt,0.051910810386742924,austria_2026_R,true_negative
austria_2026_R_00700,austria_2026_R,Austrian Grand Prix,0.0,gbdt,0.12017809375995754,austria_2026_R,true_negative
austria_2026_R_00702,austria_2026_R,Austrian Grand Prix,0.0,gbdt,0.03827129672574944,austria_2026_R,true_negative
austria_2026_R_00706,austria_2026_R,Austrian Grand Prix,0.0,gbdt,0.0882596738752915,austria_2026_R,true_negative
austria_2026_R_00707,austria_2026_R,Austrian Grand Prix,0.0,gbdt,0.018828972138864315,austria_2026_R,true_negative
austria_2026_R_00710,austria_2026_R,Austrian Grand Prix,0.0,gbdt,0.30563961426316294,austria_2026_R,other
austria_2026_R_00711,austria_2026_R,Austrian Grand Prix,0.0,gbdt,0.03878721086597841,austria_2026_R,true_negative
austria_2026_R_00713,austria_2026_R,Austrian Grand Prix,0.0,gbdt,0.02666505456159204,austria_2026_R,true_negative
austria_2026_R_00717,austria_2026_R,Austrian Grand Prix,0.0,gbdt,0.013834619061385094,austria_2026_R,true_negative
austria_2026_R_00718,austria_2026_R,Austrian Grand Prix,0.0,gbdt,0.026450098838184402,austria_2026_R,true_negative
austria_2026_R_00719,austria_2026_R,Austrian Grand Prix,0.0,gbdt,0.07611141100391701,austria_2026_R,true_negative
austria_2026_R_00720,austria_2026_R,Austrian Grand Prix,0.0,gbdt,0.04298082723239027,austria_2026_R,true_negative
austria_2026_R_00723,austria_2026_R,Austrian Grand Prix,0.0,gbdt,0.052568699052856965,austria_2026_R,true_negative
austria_2026_R_00751,austria_2026_R,Austrian Grand Prix,0.0,gbdt,0.03750862779135428,austria_2026_R,true_negative
austria_2026_R_00754,austria_2026_R,Austrian Grand Prix,0.0,gbdt,0.019940541680201877,austria_2026_R,true_negative
austria_2026_R_00758,austria_2026_R,Austrian Grand Prix,0.0,gbdt,0.01789372066379801,austria_2026_R,true_negative
austria_2026_R_00759,austria_2026_R,Austrian Grand Prix,0.0,gbdt,0.0638030358017832,austria_2026_R,true_negative
austria_2026_R_00760,austria_2026_R,Austrian Grand Prix,0.0,gbdt,0.17210613091594806,austria_2026_R,true_negative
austria_2026_R_00761,austria_2026_R,Austrian Grand Prix,0.0,gbdt,0.020754673812965314,austria_2026_R,true_negative
austria_2026_R_00763,austria_2026_R,Austrian Grand Prix,0.0,gbdt,0.01906566115115051,austria_2026_R,true_negative
austria_2026_R_00764,austria_2026_R,Austrian Grand Prix,0.0,gbdt,0.03798522542989825,austria_2026_R,true_negative
austria_2026_R_00766,austria_2026_R,Austrian Grand Prix,0.0,gbdt,0.016637419759534422,austria_2026_R,true_negative
austria_2026_R_00767,austria_2026_R,Austrian Grand Prix,0.0,gbdt,0.06238519999819408,austria_2026_R,true_negative
austria_2026_R_00768,austria_2026_R,Austrian Grand Prix,0.0,gbdt,0.046838550714560716,austria_2026_R,true_negative
austria_2026_R_00769,austria_2026_R,Austrian Grand Prix,0.0,gbdt,0.03465052533533517,austria_2026_R,true_negative
austria_2026_R_00770,austria_2026_R,Austrian Grand Prix,0.0,gbdt,0.0252212288957635,austria_2026_R,true_negative
austria_2026_R_00772,austria_2026_R,Austrian Grand Prix,0.0,gbdt,0.5603596313356071,austria_2026_R,false_positive
austria_2026_R_00773,austria_2026_R,Austrian Grand Prix,0.0,gbdt,0.01963183789451604,austria_2026_R,true_negative
austria_2026_R_00774,austria_2026_R,Austrian Grand Prix,0.0,gbdt,0.019982640786941255,austria_2026_R,true_negative
austria_2026_R_00777,austria_2026_R,Austrian Grand Prix,0.0,gbdt,0.10038879322703911,austria_2026_R,true_negative
austria_2026_R_00779,austria_2026_R,Austrian Grand Prix,0.0,gbdt,0.45670992487794454,austria_2026_R,other
austria_2026_R_00783,austria_2026_R,Austrian Grand Prix,0.0,gbdt,0.028460077691559196,austria_2026_R,true_negative
austria_2026_R_00784,austria_2026_R,Austrian Grand Prix,0.0,gbdt,0.01748587628569094,austria_2026_R,true_negative
austria_2026_R_00789,austria_2026_R,Austrian Grand Prix,0.0,gbdt,0.03465206376743352,austria_2026_R,true_negative
austria_2026_R_00791,austria_2026_R,Austrian Grand Prix,0.0,gbdt,0.029422653016436404,austria_2026_R,true_negative
austria_2026_R_00792,austria_2026_R,Austrian Grand Prix,0.0,gbdt,0.06773408965340749,austria_2026_R,true_negative
austria_2026_R_00795,austria_2026_R,Austrian Grand Prix,0.0,gbdt,0.030185449469540878,austria_2026_R,true_negative
austria_2026_R_00796,austria_2026_R,Austrian Grand Prix,0.0,gbdt,0.029809432183872428,austria_2026_R,true_negative
austria_2026_R_00800,austria_2026_R,Austrian Grand Prix,0.0,gbdt,0.03315566292945866,austria_2026_R,true_negative
austria_2026_R_00806,austria_2026_R,Austrian Grand Prix,0.0,gbdt,0.013296072544201362,austria_2026_R,true_negative
austria_2026_R_00809,austria_2026_R,Austrian Grand Prix,0.0,gbdt,0.02886762531541255,austria_2026_R,true_negative
austria_2026_R_00810,austria_2026_R,Austrian Grand Prix,0.0,gbdt,0.025997567905082314,austria_2026_R,true_negative
austria_2026_R_00816,austria_2026_R,Austrian Grand Prix,0.0,gbdt,0.01741153183297358,austria_2026_R,true_negative
austria_2026_R_00821,austria_2026_R,Austrian Grand Prix,0.0,gbdt,0.013799218910117516,austria_2026_R,true_negative
austria_2026_R_00822,austria_2026_R,Austrian Grand Prix,0.0,gbdt,0.03421663472312497,austria_2026_R,true_negative
austria_2026_R_00824,austria_2026_R,Austrian Grand Prix,0.0,gbdt,0.024122843121028182,austria_2026_R,true_negative
austria_2026_R_00825,austria_2026_R,Austrian Grand Prix,0.0,gbdt,0.055912955018503824,austria_2026_R,true_negative
austria_2026_R_00827,austria_2026_R,Austrian Grand Prix,0.0,gbdt,0.0562743602717269,austria_2026_R,true_negative
austria_2026_R_00829,austria_2026_R,Austrian Grand Prix,0.0,gbdt,0.01504676697240013,austria_2026_R,true_negative
austria_2026_R_00831,austria_2026_R,Austrian Grand Prix,0.0,gbdt,0.08866125193229751,austria_2026_R,true_negative
austria_2026_R_00832,austria_2026_R,Austrian Grand Prix,0.0,gbdt,0.022769126128444582,austria_2026_R,true_negative
austria_2026_R_00834,austria_2026_R,Austrian Grand Prix,0.0,gbdt,0.013704967803616254,austria_2026_R,true_negative
austria_2026_R_00835,austria_2026_R,Austrian Grand Prix,0.0,gbdt,0.012318423623202889,austria_2026_R,true_negative
austria_2026_R_00836,austria_2026_R,Austrian Grand Prix,0.0,gbdt,0.03073427416039198,austria_2026_R,true_negative
austria_2026_R_00839,austria_2026_R,Austrian Grand Prix,0.0,gbdt,0.021498086834416504,austria_2026_R,true_negative
austria_2026_R_00842,austria_2026_R,Austrian Grand Prix,0.0,gbdt,0.01180071323862038,austria_2026_R,true_negative
austria_2026_R_00843,austria_2026_R,Austrian Grand Prix,0.0,gbdt,0.09561321391834979,austria_2026_R,true_negative
austria_2026_R_00844,austria_2026_R,Austrian Grand Prix,0.0,gbdt,0.00789708098187494,austria_2026_R,true_negative
austria_2026_R_00848,austria_2026_R,Austrian Grand Prix,0.0,gbdt,0.01462719332839145,austria_2026_R,true_negative
austria_2026_R_00849,austria_2026_R,Austrian Grand Prix,0.0,gbdt,0.0240306450549025,austria_2026_R,true_negative
austria_2026_R_00850,austria_2026_R,Austrian Grand Prix,0.0,gbdt,0.027551985993787286,austria_2026_R,true_negative
austria_2026_R_00852,austria_2026_R,Austrian Grand Prix,0.0,gbdt,0.021315071930633978,austria_2026_R,true_negative
austria_2026_R_00854,austria_2026_R,Austrian Grand Prix,0.0,gbdt,0.04108579333939332,austria_2026_R,true_negative
austria_2026_R_00857,austria_2026_R,Austrian Grand Prix,0.0,gbdt,0.01776532144834323,austria_2026_R,true_negative
austria_2026_R_00858,austria_2026_R,Austrian Grand Prix,0.0,gbdt,0.02831974276072615,austria_2026_R,true_negative
austria_2026_R_00860,austria_2026_R,Austrian Grand Prix,0.0,gbdt,0.02626880291895825,austria_2026_R,true_negative
austria_2026_R_00861,austria_2026_R,Austrian Grand Prix,0.0,gbdt,0.014232662439723421,austria_2026_R,true_negative
austria_2026_R_00862,austria_2026_R,Austrian Grand Prix,0.0,gbdt,0.02566898260658049,austria_2026_R,true_negative
austria_2026_R_00865,austria_2026_R,Austrian Grand Prix,0.0,gbdt,0.0318346492477097,austria_2026_R,true_negative
austria_2026_R_00866,austria_2026_R,Austrian Grand Prix,0.0,gbdt,0.06661681787898494,austria_2026_R,true_negative
austria_2026_R_00867,austria_2026_R,Austrian Grand Prix,0.0,gbdt,0.02226270277869655,austria_2026_R,true_negative
austria_2026_R_00869,austria_2026_R,Austrian Grand Prix,0.0,gbdt,0.01263153368259333,austria_2026_R,true_negative
austria_2026_R_00870,austria_2026_R,Austrian Grand Prix,0.0,gbdt,0.012637770740677156,austria_2026_R,true_negative
austria_2026_R_00871,austria_2026_R,Austrian Grand Prix,0.0,gbdt,0.018591620522564904,austria_2026_R,true_negative
austria_2026_R_00872,austria_2026_R,Austrian Grand Prix,0.0,gbdt,0.017442310867250604,austria_2026_R,true_negative
austria_2026_R_00873,austria_2026_R,Austrian Grand Prix,0.0,gbdt,0.02900025270591309,austria_2026_R,true_negative
austria_2026_R_00874,austria_2026_R,Austrian Grand Prix,0.0,gbdt,0.03623503085971293,austria_2026_R,true_negative
austria_2026_R_00875,austria_2026_R,Austrian Grand Prix,0.0,gbdt,0.011541347535813339,austria_2026_R,true_negative
austria_2026_R_00876,austria_2026_R,Austrian Grand Prix,0.0,gbdt,0.02280216415630683,austria_2026_R,true_negative
austria_2026_R_00878,austria_2026_R,Austrian Grand Prix,0.0,gbdt,0.017791960846976092,austria_2026_R,true_negative
austria_2026_R_00880,austria_2026_R,Austrian Grand Prix,0.0,gbdt,0.012763834691361269,austria_2026_R,true_negative
austria_2026_R_00882,austria_2026_R,Austrian Grand Prix,0.0,gbdt,0.02774760838631678,austria_2026_R,true_negative
austria_2026_R_00883,austria_2026_R,Austrian Grand Prix,0.0,gbdt,0.03863200853908935,austria_2026_R,true_negative
austria_2026_R_00884,austria_2026_R,Austrian Grand Prix,0.0,gbdt,0.022312536608368655,austria_2026_R,true_negative
austria_2026_R_00885,austria_2026_R,Austrian Grand Prix,0.0,gbdt,0.030692218925173202,austria_2026_R,true_negative
austria_2026_R_00886,austria_2026_R,Austrian Grand Prix,0.0,gbdt,0.01393961092030422,austria_2026_R,true_negative
austria_2026_R_00888,austria_2026_R,Austrian Grand Prix,0.0,gbdt,0.020273104721222374,austria_2026_R,true_negative
austria_2026_R_00889,austria_2026_R,Austrian Grand Prix,0.0,gbdt,0.01094909393628255,austria_2026_R,true_negative
austria_2026_R_00890,austria_2026_R,Austrian Grand Prix,0.0,gbdt,0.01599929290509291,austria_2026_R,true_negative
austria_2026_R_00894,austria_2026_R,Austrian Grand Prix,0.0,gbdt,0.04215171640681072,austria_2026_R,true_negative
austria_2026_R_00896,austria_2026_R,Austrian Grand Prix,0.0,gbdt,0.034985789735494544,austria_2026_R,true_negative
austria_2026_R_00897,austria_2026_R,Austrian Grand Prix,0.0,gbdt,0.022154975798548544,austria_2026_R,true_negative
austria_2026_R_00898,austria_2026_R,Austrian Grand Prix,0.0,gbdt,0.018379663346610477,austria_2026_R,true_negative
austria_2026_R_00901,austria_2026_R,Austrian Grand Prix,0.0,gbdt,0.011157764373182253,austria_2026_R,true_negative
austria_2026_R_00903,austria_2026_R,Austrian Grand Prix,0.0,gbdt,0.014611220575808478,austria_2026_R,true_negative
austria_2026_R_00904,austria_2026_R,Austrian Grand Prix,0.0,gbdt,0.015145572508566432,austria_2026_R,true_negative
austria_2026_R_00906,austria_2026_R,Austrian Grand Prix,0.0,gbdt,0.016528918454092323,austria_2026_R,true_negative
austria_2026_R_00908,austria_2026_R,Austrian Grand Prix,0.0,gbdt,0.014567184286016804,austria_2026_R,true_negative
netherlands_2026_R_00092,netherlands_2026_R,Dutch Grand Prix,0.0,gbdt,0.11893850015021498,netherlands_2026_R,true_negative
netherlands_2026_R_00093,netherlands_2026_R,Dutch Grand Prix,0.0,gbdt,0.025127080042088558,netherlands_2026_R,true_negative
netherlands_2026_R_00094,netherlands_2026_R,Dutch Grand Prix,0.0,gbdt,0.13279022269217877,netherlands_2026_R,true_negative
netherlands_2026_R_00095,netherlands_2026_R,Dutch Grand Prix,0.0,gbdt,0.10380800149041557,netherlands_2026_R,true_negative
netherlands_2026_R_00096,netherlands_2026_R,Dutch Grand Prix,0.0,gbdt,0.1889478135814815,netherlands_2026_R,true_negative
netherlands_2026_R_00097,netherlands_2026_R,Dutch Grand Prix,0.0,gbdt,0.05594098473620223,netherlands_2026_R,true_negative
netherlands_2026_R_00098,netherlands_2026_R,Dutch Grand Prix,1.0,gbdt,0.1539142730434836,netherlands_2026_R,false_negative
netherlands_2026_R_00099,netherlands_2026_R,Dutch Grand Prix,0.0,gbdt,0.30481674569160594,netherlands_2026_R,other
netherlands_2026_R_00100,netherlands_2026_R,Dutch Grand Prix,1.0,gbdt,0.4146376896055219,netherlands_2026_R,other
netherlands_2026_R_00101,netherlands_2026_R,Dutch Grand Prix,0.0,gbdt,0.4221152805056564,netherlands_2026_R,other
netherlands_2026_R_00102,netherlands_2026_R,Dutch Grand Prix,0.0,gbdt,0.269450509177901,netherlands_2026_R,other
netherlands_2026_R_00103,netherlands_2026_R,Dutch Grand Prix,0.0,gbdt,0.09123516190248586,netherlands_2026_R,true_negative
netherlands_2026_R_00104,netherlands_2026_R,Dutch Grand Prix,0.0,gbdt,0.12717079514795768,netherlands_2026_R,true_negative
netherlands_2026_R_00105,netherlands_2026_R,Dutch Grand Prix,0.0,gbdt,0.2852981082640493,netherlands_2026_R,other
netherlands_2026_R_00106,netherlands_2026_R,Dutch Grand Prix,0.0,gbdt,0.3184288637879834,netherlands_2026_R,other
netherlands_2026_R_00108,netherlands_2026_R,Dutch Grand Prix,1.0,gbdt,0.4845498357393708,netherlands_2026_R,other
netherlands_2026_R_00109,netherlands_2026_R,Dutch Grand Prix,0.0,gbdt,0.7326457714085788,netherlands_2026_R,false_positive
netherlands_2026_R_00110,netherlands_2026_R,Dutch Grand Prix,0.0,gbdt,0.11637739290057818,netherlands_2026_R,true_negative
netherlands_2026_R_00111,netherlands_2026_R,Dutch Grand Prix,0.0,gbdt,0.24361974585378396,netherlands_2026_R,other
netherlands_2026_R_00112,netherlands_2026_R,Dutch Grand Prix,0.0,gbdt,0.2174172639154225,netherlands_2026_R,other
netherlands_2026_R_00113,netherlands_2026_R,Dutch Grand Prix,0.0,gbdt,0.015937456829766182,netherlands_2026_R,true_negative
netherlands_2026_R_00114,netherlands_2026_R,Dutch Grand Prix,0.0,gbdt,0.011688185941200963,netherlands_2026_R,true_negative
netherlands_2026_R_00115,netherlands_2026_R,Dutch Grand Prix,0.0,gbdt,0.06308447542500673,netherlands_2026_R,true_negative
netherlands_2026_R_00116,netherlands_2026_R,Dutch Grand Prix,0.0,gbdt,0.11771201115514207,netherlands_2026_R,true_negative
netherlands_2026_R_00117,netherlands_2026_R,Dutch Grand Prix,0.0,gbdt,0.03910512319018647,netherlands_2026_R,true_negative
netherlands_2026_R_00118,netherlands_2026_R,Dutch Grand Prix,1.0,gbdt,0.18760053370927324,netherlands_2026_R,false_negative
netherlands_2026_R_00119,netherlands_2026_R,Dutch Grand Prix,1.0,gbdt,0.2241586536760491,netherlands_2026_R,other
netherlands_2026_R_00120,netherlands_2026_R,Dutch Grand Prix,0.0,gbdt,0.03286451649401199,netherlands_2026_R,true_negative
netherlands_2026_R_00121,netherlands_2026_R,Dutch Grand Prix,0.0,gbdt,0.11630765926472486,netherlands_2026_R,true_negative
netherlands_2026_R_00122,netherlands_2026_R,Dutch Grand Prix,1.0,gbdt,0.38811925670130426,netherlands_2026_R,other
netherlands_2026_R_00123,netherlands_2026_R,Dutch Grand Prix,0.0,gbdt,0.05514407166841538,netherlands_2026_R,true_negative
netherlands_2026_R_00124,netherlands_2026_R,Dutch Grand Prix,0.0,gbdt,0.07618552368409619,netherlands_2026_R,true_negative
netherlands_2026_R_00125,netherlands_2026_R,Dutch Grand Prix,0.0,gbdt,0.46986922394171443,netherlands_2026_R,other
netherlands_2026_R_00126,netherlands_2026_R,Dutch Grand Prix,1.0,gbdt,0.8802602155502061,netherlands_2026_R,true_positive
netherlands_2026_R_00127,netherlands_2026_R,Dutch Grand Prix,0.0,gbdt,0.41360681533814775,netherlands_2026_R,other
netherlands_2026_R_00128,netherlands_2026_R,Dutch Grand Prix,0.0,gbdt,0.01440373313292221,netherlands_2026_R,true_negative
netherlands_2026_R_00129,netherlands_2026_R,Dutch Grand Prix,0.0,gbdt,0.2555935068058174,netherlands_2026_R,other
netherlands_2026_R_00131,netherlands_2026_R,Dutch Grand Prix,0.0,gbdt,0.3729664228851534,netherlands_2026_R,other
netherlands_2026_R_00132,netherlands_2026_R,Dutch Grand Prix,0.0,gbdt,0.04863092672432632,netherlands_2026_R,true_negative
netherlands_2026_R_00135,netherlands_2026_R,Dutch Grand Prix,0.0,gbdt,0.0865601535736089,netherlands_2026_R,true_negative
netherlands_2026_R_00136,netherlands_2026_R,Dutch Grand Prix,0.0,gbdt,0.19569336051614655,netherlands_2026_R,true_negative
netherlands_2026_R_00137,netherlands_2026_R,Dutch Grand Prix,0.0,gbdt,0.043960379188497004,netherlands_2026_R,true_negative
netherlands_2026_R_00138,netherlands_2026_R,Dutch Grand Prix,0.0,gbdt,0.01707694427038314,netherlands_2026_R,true_negative
netherlands_2026_R_00139,netherlands_2026_R,Dutch Grand Prix,0.0,gbdt,0.020620706575431063,netherlands_2026_R,true_negative
netherlands_2026_R_00140,netherlands_2026_R,Dutch Grand Prix,0.0,gbdt,0.07040155724820162,netherlands_2026_R,true_negative
netherlands_2026_R_00141,netherlands_2026_R,Dutch Grand Prix,1.0,gbdt,0.6060358933767905,netherlands_2026_R,true_positive
netherlands_2026_R_00142,netherlands_2026_R,Dutch Grand Prix,1.0,gbdt,0.6521154206097165,netherlands_2026_R,true_positive
netherlands_2026_R_00143,netherlands_2026_R,Dutch Grand Prix,0.0,gbdt,0.05903570234918267,netherlands_2026_R,true_negative
netherlands_2026_R_00144,netherlands_2026_R,Dutch Grand Prix,0.0,gbdt,0.03665328525843169,netherlands_2026_R,true_negative
netherlands_2026_R_00145,netherlands_2026_R,Dutch Grand Prix,0.0,gbdt,0.03074742759205442,netherlands_2026_R,true_negative
netherlands_2026_R_00146,netherlands_2026_R,Dutch Grand Prix,0.0,gbdt,0.11658911625520231,netherlands_2026_R,true_negative
netherlands_2026_R_00147,netherlands_2026_R,Dutch Grand Prix,0.0,gbdt,0.19895172885892087,netherlands_2026_R,true_negative
netherlands_2026_R_00148,netherlands_2026_R,Dutch Grand Prix,0.0,gbdt,0.18670736605690208,netherlands_2026_R,true_negative
netherlands_2026_R_00149,netherlands_2026_R,Dutch Grand Prix,1.0,gbdt,0.20720492371522087,netherlands_2026_R,other
netherlands_2026_R_00150,netherlands_2026_R,Dutch Grand Prix,0.0,gbdt,0.022390084676456288,netherlands_2026_R,true_negative
netherlands_2026_R_00152,netherlands_2026_R,Dutch Grand Prix,0.0,gbdt,0.2545846747314985,netherlands_2026_R,other
netherlands_2026_R_00153,netherlands_2026_R,Dutch Grand Prix,0.0,gbdt,0.010449129593212222,netherlands_2026_R,true_negative
netherlands_2026_R_00155,netherlands_2026_R,Dutch Grand Prix,0.0,gbdt,0.18092609077427316,netherlands_2026_R,true_negative
netherlands_2026_R_00156,netherlands_2026_R,Dutch Grand Prix,0.0,gbdt,0.011126213807115532,netherlands_2026_R,true_negative
netherlands_2026_R_00157,netherlands_2026_R,Dutch Grand Prix,1.0,gbdt,0.5640236287523941,netherlands_2026_R,true_positive
netherlands_2026_R_00158,netherlands_2026_R,Dutch Grand Prix,0.0,gbdt,0.012905698562190364,netherlands_2026_R,true_negative
netherlands_2026_R_00159,netherlands_2026_R,Dutch Grand Prix,0.0,gbdt,0.005991030567587796,netherlands_2026_R,true_negative
netherlands_2026_R_00160,netherlands_2026_R,Dutch Grand Prix,0.0,gbdt,0.11048982549343257,netherlands_2026_R,true_negative
netherlands_2026_R_00161,netherlands_2026_R,Dutch Grand Prix,0.0,gbdt,0.1353841283197451,netherlands_2026_R,true_negative
netherlands_2026_R_00162,netherlands_2026_R,Dutch Grand Prix,0.0,gbdt,0.04908286975806316,netherlands_2026_R,true_negative
netherlands_2026_R_00163,netherlands_2026_R,Dutch Grand Prix,0.0,gbdt,0.16550046156433923,netherlands_2026_R,true_negative
netherlands_2026_R_00164,netherlands_2026_R,Dutch Grand Prix,0.0,gbdt,0.01254496913970651,netherlands_2026_R,true_negative
netherlands_2026_R_00165,netherlands_2026_R,Dutch Grand Prix,0.0,gbdt,0.009702704890366221,netherlands_2026_R,true_negative
netherlands_2026_R_00166,netherlands_2026_R,Dutch Grand Prix,0.0,gbdt,0.3778621243212193,netherlands_2026_R,other
netherlands_2026_R_00167,netherlands_2026_R,Dutch Grand Prix,0.0,gbdt,0.11824135990032511,netherlands_2026_R,true_negative
netherlands_2026_R_00168,netherlands_2026_R,Dutch Grand Prix,1.0,gbdt,0.20818961619238635,netherlands_2026_R,other
netherlands_2026_R_00169,netherlands_2026_R,Dutch Grand Prix,1.0,gbdt,0.0874590691412944,netherlands_2026_R,false_negative
netherlands_2026_R_00170,netherlands_2026_R,Dutch Grand Prix,0.0,gbdt,0.06184389816878827,netherlands_2026_R,true_negative
netherlands_2026_R_00171,netherlands_2026_R,Dutch Grand Prix,0.0,gbdt,0.016674893248625648,netherlands_2026_R,true_negative
netherlands_2026_R_00172,netherlands_2026_R,Dutch Grand Prix,0.0,gbdt,0.038687746986675584,netherlands_2026_R,true_negative
netherlands_2026_R_00173,netherlands_2026_R,Dutch Grand Prix,1.0,gbdt,0.8943929835324289,netherlands_2026_R,true_positive
netherlands_2026_R_00174,netherlands_2026_R,Dutch Grand Prix,1.0,gbdt,0.5049532789170792,netherlands_2026_R,true_positive
netherlands_2026_R_00175,netherlands_2026_R,Dutch Grand Prix,0.0,gbdt,0.029091175811525496,netherlands_2026_R,true_negative
netherlands_2026_R_00176,netherlands_2026_R,Dutch Grand Prix,1.0,gbdt,0.5701493971084997,netherlands_2026_R,true_positive
netherlands_2026_R_00177,netherlands_2026_R,Dutch Grand Prix,0.0,gbdt,0.03248272620517596,netherlands_2026_R,true_negative
netherlands_2026_R_00178,netherlands_2026_R,Dutch Grand Prix,0.0,gbdt,0.13948699889446284,netherlands_2026_R,true_negative
netherlands_2026_R_00179,netherlands_2026_R,Dutch Grand Prix,0.0,gbdt,0.23015212042451047,netherlands_2026_R,other
netherlands_2026_R_00180,netherlands_2026_R,Dutch Grand Prix,0.0,gbdt,0.1577504093925805,netherlands_2026_R,true_negative
netherlands_2026_R_00182,netherlands_2026_R,Dutch Grand Prix,1.0,gbdt,0.4955228185017922,netherlands_2026_R,other
netherlands_2026_R_00183,netherlands_2026_R,Dutch Grand Prix,0.0,gbdt,0.005382593065966085,netherlands_2026_R,true_negative
netherlands_2026_R_00184,netherlands_2026_R,Dutch Grand Prix,0.0,gbdt,0.04100289440119511,netherlands_2026_R,true_negative
netherlands_2026_R_00185,netherlands_2026_R,Dutch Grand Prix,0.0,gbdt,0.08968624436613727,netherlands_2026_R,true_negative
netherlands_2026_R_00186,netherlands_2026_R,Dutch Grand Prix,1.0,gbdt,0.4502458143166464,netherlands_2026_R,other
netherlands_2026_R_00187,netherlands_2026_R,Dutch Grand Prix,0.0,gbdt,0.12043869349324354,netherlands_2026_R,true_negative
netherlands_2026_R_00188,netherlands_2026_R,Dutch Grand Prix,0.0,gbdt,0.08749867400223718,netherlands_2026_R,true_negative
netherlands_2026_R_00189,netherlands_2026_R,Dutch Grand Prix,1.0,gbdt,0.527532081016716,netherlands_2026_R,true_positive
netherlands_2026_R_00190,netherlands_2026_R,Dutch Grand Prix,0.0,gbdt,0.01868986090445016,netherlands_2026_R,true_negative
netherlands_2026_R_00191,netherlands_2026_R,Dutch Grand Prix,1.0,gbdt,0.7322404492223861,netherlands_2026_R,true_positive
netherlands_2026_R_00192,netherlands_2026_R,Dutch Grand Prix,1.0,gbdt,0.3417441812780182,netherlands_2026_R,other
netherlands_2026_R_00193,netherlands_2026_R,Dutch Grand Prix,0.0,gbdt,0.01428745317734159,netherlands_2026_R,true_negative
netherlands_2026_R_00194,netherlands_2026_R,Dutch Grand Prix,0.0,gbdt,0.01914973980232839,netherlands_2026_R,true_negative
netherlands_2026_R_00195,netherlands_2026_R,Dutch Grand Prix,1.0,gbdt,0.13476656365078843,netherlands_2026_R,false_negative
netherlands_2026_R_00196,netherlands_2026_R,Dutch Grand Prix,0.0,gbdt,0.23296337980702375,netherlands_2026_R,other
netherlands_2026_R_00197,netherlands_2026_R,Dutch Grand Prix,1.0,gbdt,0.34430115154903773,netherlands_2026_R,other
netherlands_2026_R_00198,netherlands_2026_R,Dutch Grand Prix,0.0,gbdt,0.012814526974402824,netherlands_2026_R,true_negative
netherlands_2026_R_00199,netherlands_2026_R,Dutch Grand Prix,0.0,gbdt,0.025575944414498446,netherlands_2026_R,true_negative
netherlands_2026_R_00200,netherlands_2026_R,Dutch Grand Prix,0.0,gbdt,0.06777805828823437,netherlands_2026_R,true_negative
netherlands_2026_R_00201,netherlands_2026_R,Dutch Grand Prix,0.0,gbdt,0.3040536124870916,netherlands_2026_R,other
netherlands_2026_R_00202,netherlands_2026_R,Dutch Grand Prix,0.0,gbdt,0.011738128742320102,netherlands_2026_R,true_negative
netherlands_2026_R_00203,netherlands_2026_R,Dutch Grand Prix,0.0,gbdt,0.018772464332482898,netherlands_2026_R,true_negative
netherlands_2026_R_00204,netherlands_2026_R,Dutch Grand Prix,1.0,gbdt,0.5611603813099432,netherlands_2026_R,true_positive
netherlands_2026_R_00205,netherlands_2026_R,Dutch Grand Prix,1.0,gbdt,0.8354878991603591,netherlands_2026_R,true_positive
netherlands_2026_R_00206,netherlands_2026_R,Dutch Grand Prix,0.0,gbdt,0.016474504675104397,netherlands_2026_R,true_negative
netherlands_2026_R_00207,netherlands_2026_R,Dutch Grand Prix,0.0,gbdt,0.25602011161715876,netherlands_2026_R,other
netherlands_2026_R_00208,netherlands_2026_R,Dutch Grand Prix,1.0,gbdt,0.5654929962624884,netherlands_2026_R,true_positive
netherlands_2026_R_00209,netherlands_2026_R,Dutch Grand Prix,0.0,gbdt,0.0049960910847215425,netherlands_2026_R,true_negative
netherlands_2026_R_00211,netherlands_2026_R,Dutch Grand Prix,0.0,gbdt,0.009002064161890687,netherlands_2026_R,true_negative
netherlands_2026_R_00212,netherlands_2026_R,Dutch Grand Prix,0.0,gbdt,0.06312759336374164,netherlands_2026_R,true_negative
netherlands_2026_R_00213,netherlands_2026_R,Dutch Grand Prix,1.0,gbdt,0.3693314715256151,netherlands_2026_R,other
netherlands_2026_R_00214,netherlands_2026_R,Dutch Grand Prix,0.0,gbdt,0.01544434299464599,netherlands_2026_R,true_negative
netherlands_2026_R_00215,netherlands_2026_R,Dutch Grand Prix,1.0,gbdt,0.5086446435646852,netherlands_2026_R,true_positive
netherlands_2026_R_00216,netherlands_2026_R,Dutch Grand Prix,0.0,gbdt,0.10901412034085803,netherlands_2026_R,true_negative
netherlands_2026_R_00217,netherlands_2026_R,Dutch Grand Prix,0.0,gbdt,0.4031251516815643,netherlands_2026_R,other
netherlands_2026_R_00218,netherlands_2026_R,Dutch Grand Prix,1.0,gbdt,0.7162581805957343,netherlands_2026_R,true_positive
netherlands_2026_R_00219,netherlands_2026_R,Dutch Grand Prix,0.0,gbdt,0.27945768117792175,netherlands_2026_R,other
netherlands_2026_R_00220,netherlands_2026_R,Dutch Grand Prix,0.0,gbdt,0.04590697176549917,netherlands_2026_R,true_negative
netherlands_2026_R_00221,netherlands_2026_R,Dutch Grand Prix,1.0,gbdt,0.8633440650426604,netherlands_2026_R,true_positive
netherlands_2026_R_00222,netherlands_2026_R,Dutch Grand Prix,0.0,gbdt,0.0066208737928812956,netherlands_2026_R,true_negative
netherlands_2026_R_00223,netherlands_2026_R,Dutch Grand Prix,0.0,gbdt,0.04055735174675708,netherlands_2026_R,true_negative
netherlands_2026_R_00224,netherlands_2026_R,Dutch Grand Prix,0.0,gbdt,0.009764260922113934,netherlands_2026_R,true_negative
netherlands_2026_R_00225,netherlands_2026_R,Dutch Grand Prix,0.0,gbdt,0.05759712321946612,netherlands_2026_R,true_negative
netherlands_2026_R_00226,netherlands_2026_R,Dutch Grand Prix,0.0,gbdt,0.01642659707593153,netherlands_2026_R,true_negative
netherlands_2026_R_00227,netherlands_2026_R,Dutch Grand Prix,0.0,gbdt,0.041491390461307454,netherlands_2026_R,true_negative
netherlands_2026_R_00228,netherlands_2026_R,Dutch Grand Prix,1.0,gbdt,0.46067573358617875,netherlands_2026_R,other
netherlands_2026_R_00229,netherlands_2026_R,Dutch Grand Prix,0.0,gbdt,0.21762504546485675,netherlands_2026_R,other
netherlands_2026_R_00230,netherlands_2026_R,Dutch Grand Prix,0.0,gbdt,0.00983660822055498,netherlands_2026_R,true_negative
netherlands_2026_R_00231,netherlands_2026_R,Dutch Grand Prix,0.0,gbdt,0.12310411317649189,netherlands_2026_R,true_negative
netherlands_2026_R_00232,netherlands_2026_R,Dutch Grand Prix,1.0,gbdt,0.13980454447284443,netherlands_2026_R,false_negative
netherlands_2026_R_00233,netherlands_2026_R,Dutch Grand Prix,0.0,gbdt,0.014685809979537999,netherlands_2026_R,true_negative
netherlands_2026_R_00234,netherlands_2026_R,Dutch Grand Prix,1.0,gbdt,0.007059489360138631,netherlands_2026_R,false_negative
netherlands_2026_R_00235,netherlands_2026_R,Dutch Grand Prix,0.0,gbdt,0.05296865313504394,netherlands_2026_R,true_negative
netherlands_2026_R_00236,netherlands_2026_R,Dutch Grand Prix,0.0,gbdt,0.014786014270422636,netherlands_2026_R,true_negative
netherlands_2026_R_00237,netherlands_2026_R,Dutch Grand Prix,1.0,gbdt,0.3394969374735753,netherlands_2026_R,other
netherlands_2026_R_00238,netherlands_2026_R,Dutch Grand Prix,1.0,gbdt,0.48552131581999625,netherlands_2026_R,other
netherlands_2026_R_00239,netherlands_2026_R,Dutch Grand Prix,0.0,gbdt,0.5997395288933756,netherlands_2026_R,false_positive
netherlands_2026_R_00240,netherlands_2026_R,Dutch Grand Prix,0.0,gbdt,0.018959347608323646,netherlands_2026_R,true_negative
netherlands_2026_R_00241,netherlands_2026_R,Dutch Grand Prix,0.0,gbdt,0.1688117699203482,netherlands_2026_R,true_negative
netherlands_2026_R_00242,netherlands_2026_R,Dutch Grand Prix,0.0,gbdt,0.3190376429879047,netherlands_2026_R,other
netherlands_2026_R_00243,netherlands_2026_R,Dutch Grand Prix,0.0,gbdt,0.005028705623451304,netherlands_2026_R,true_negative
netherlands_2026_R_00244,netherlands_2026_R,Dutch Grand Prix,1.0,gbdt,0.5911814756944598,netherlands_2026_R,true_positive
netherlands_2026_R_00245,netherlands_2026_R,Dutch Grand Prix,0.0,gbdt,0.005770644368713412,netherlands_2026_R,true_negative
netherlands_2026_R_00246,netherlands_2026_R,Dutch Grand Prix,1.0,gbdt,0.3177841312553448,netherlands_2026_R,other
netherlands_2026_R_00247,netherlands_2026_R,Dutch Grand Prix,1.0,gbdt,0.8673572889647475,netherlands_2026_R,true_positive
netherlands_2026_R_00249,netherlands_2026_R,Dutch Grand Prix,0.0,gbdt,0.007207151643497166,netherlands_2026_R,true_negative
netherlands_2026_R_00250,netherlands_2026_R,Dutch Grand Prix,0.0,gbdt,0.09293681573196705,netherlands_2026_R,true_negative
netherlands_2026_R_00251,netherlands_2026_R,Dutch Grand Prix,0.0,gbdt,0.059907510012618695,netherlands_2026_R,true_negative
netherlands_2026_R_00252,netherlands_2026_R,Dutch Grand Prix,0.0,gbdt,0.35957084136308387,netherlands_2026_R,other
netherlands_2026_R_00253,netherlands_2026_R,Dutch Grand Prix,0.0,gbdt,0.008886471099258286,netherlands_2026_R,true_negative
netherlands_2026_R_00254,netherlands_2026_R,Dutch Grand Prix,1.0,gbdt,0.35288625709717847,netherlands_2026_R,other
netherlands_2026_R_00255,netherlands_2026_R,Dutch Grand Prix,1.0,gbdt,0.24788390157646303,netherlands_2026_R,other
netherlands_2026_R_00256,netherlands_2026_R,Dutch Grand Prix,1.0,gbdt,0.5228827872940705,netherlands_2026_R,true_positive
netherlands_2026_R_00257,netherlands_2026_R,Dutch Grand Prix,0.0,gbdt,0.010337350322234234,netherlands_2026_R,true_negative
netherlands_2026_R_00258,netherlands_2026_R,Dutch Grand Prix,0.0,gbdt,0.012185819708000065,netherlands_2026_R,true_negative
netherlands_2026_R_00259,netherlands_2026_R,Dutch Grand Prix,0.0,gbdt,0.05982644803800018,netherlands_2026_R,true_negative
netherlands_2026_R_00260,netherlands_2026_R,Dutch Grand Prix,0.0,gbdt,0.01341517892037997,netherlands_2026_R,true_negative
netherlands_2026_R_00261,netherlands_2026_R,Dutch Grand Prix,1.0,gbdt,0.5113842570429145,netherlands_2026_R,true_positive
netherlands_2026_R_00262,netherlands_2026_R,Dutch Grand Prix,0.0,gbdt,0.21646940483078392,netherlands_2026_R,other
netherlands_2026_R_00263,netherlands_2026_R,Dutch Grand Prix,0.0,gbdt,0.2387721459007028,netherlands_2026_R,other
netherlands_2026_R_00264,netherlands_2026_R,Dutch Grand Prix,1.0,gbdt,0.8954989873003856,netherlands_2026_R,true_positive
netherlands_2026_R_00265,netherlands_2026_R,Dutch Grand Prix,0.0,gbdt,0.010141644100153524,netherlands_2026_R,true_negative
netherlands_2026_R_00266,netherlands_2026_R,Dutch Grand Prix,0.0,gbdt,0.025874923757127095,netherlands_2026_R,true_negative
netherlands_2026_R_00267,netherlands_2026_R,Dutch Grand Prix,0.0,gbdt,0.16717260201401757,netherlands_2026_R,true_negative
netherlands_2026_R_00268,netherlands_2026_R,Dutch Grand Prix,1.0,gbdt,0.714293748452531,netherlands_2026_R,true_positive
netherlands_2026_R_00269,netherlands_2026_R,Dutch Grand Prix,0.0,gbdt,0.024325327804652266,netherlands_2026_R,true_negative
netherlands_2026_R_00270,netherlands_2026_R,Dutch Grand Prix,1.0,gbdt,0.3171552842798797,netherlands_2026_R,other
netherlands_2026_R_00271,netherlands_2026_R,Dutch Grand Prix,0.0,gbdt,0.07002512657568051,netherlands_2026_R,true_negative
netherlands_2026_R_00272,netherlands_2026_R,Dutch Grand Prix,0.0,gbdt,0.03770890689739999,netherlands_2026_R,true_negative
netherlands_2026_R_00273,netherlands_2026_R,Dutch Grand Prix,0.0,gbdt,0.009067492273270143,netherlands_2026_R,true_negative
netherlands_2026_R_00274,netherlands_2026_R,Dutch Grand Prix,0.0,gbdt,0.005689097449216081,netherlands_2026_R,true_negative
netherlands_2026_R_00275,netherlands_2026_R,Dutch Grand Prix,0.0,gbdt,0.012985865897240809,netherlands_2026_R,true_negative
netherlands_2026_R_00276,netherlands_2026_R,Dutch Grand Prix,1.0,gbdt,0.13954159389579934,netherlands_2026_R,false_negative
netherlands_2026_R_00277,netherlands_2026_R,Dutch Grand Prix,1.0,gbdt,0.4930204959421207,netherlands_2026_R,other
netherlands_2026_R_00278,netherlands_2026_R,Dutch Grand Prix,0.0,gbdt,0.07851535182157131,netherlands_2026_R,true_negative
netherlands_2026_R_00279,netherlands_2026_R,Dutch Grand Prix,0.0,gbdt,0.01850653710793782,netherlands_2026_R,true_negative
netherlands_2026_R_00280,netherlands_2026_R,Dutch Grand Prix,0.0,gbdt,0.05345493394496695,netherlands_2026_R,true_negative
netherlands_2026_R_00281,netherlands_2026_R,Dutch Grand Prix,1.0,gbdt,0.8372695861499159,netherlands_2026_R,true_positive
netherlands_2026_R_00282,netherlands_2026_R,Dutch Grand Prix,0.0,gbdt,0.008549029362449802,netherlands_2026_R,true_negative
netherlands_2026_R_00283,netherlands_2026_R,Dutch Grand Prix,0.0,gbdt,0.012736694134866682,netherlands_2026_R,true_negative
netherlands_2026_R_00284,netherlands_2026_R,Dutch Grand Prix,0.0,gbdt,0.24839772711913782,netherlands_2026_R,other
netherlands_2026_R_00285,netherlands_2026_R,Dutch Grand Prix,0.0,gbdt,0.19348100386885098,netherlands_2026_R,true_negative
netherlands_2026_R_00286,netherlands_2026_R,Dutch Grand Prix,0.0,gbdt,0.17049971419959928,netherlands_2026_R,true_negative
netherlands_2026_R_00287,netherlands_2026_R,Dutch Grand Prix,1.0,gbdt,0.28999654376796685,netherlands_2026_R,other
netherlands_2026_R_00288,netherlands_2026_R,Dutch Grand Prix,0.0,gbdt,0.049996626140094,netherlands_2026_R,true_negative
netherlands_2026_R_00289,netherlands_2026_R,Dutch Grand Prix,0.0,gbdt,0.005689097449216081,netherlands_2026_R,true_negative
netherlands_2026_R_00290,netherlands_2026_R,Dutch Grand Prix,0.0,gbdt,0.04121337811094278,netherlands_2026_R,true_negative
netherlands_2026_R_00291,netherlands_2026_R,Dutch Grand Prix,1.0,gbdt,0.25467718512646,netherlands_2026_R,other
netherlands_2026_R_00292,netherlands_2026_R,Dutch Grand Prix,0.0,gbdt,0.007038655422406434,netherlands_2026_R,true_negative
netherlands_2026_R_00294,netherlands_2026_R,Dutch Grand Prix,1.0,gbdt,0.8403136098721066,netherlands_2026_R,true_positive
netherlands_2026_R_00295,netherlands_2026_R,Dutch Grand Prix,0.0,gbdt,0.006067844246562825,netherlands_2026_R,true_negative
netherlands_2026_R_00296,netherlands_2026_R,Dutch Grand Prix,0.0,gbdt,0.0128670013217088,netherlands_2026_R,true_negative
netherlands_2026_R_00297,netherlands_2026_R,Dutch Grand Prix,0.0,gbdt,0.010235486811648178,netherlands_2026_R,true_negative
netherlands_2026_R_00298,netherlands_2026_R,Dutch Grand Prix,0.0,gbdt,0.33063111299852865,netherlands_2026_R,other
netherlands_2026_R_00299,netherlands_2026_R,Dutch Grand Prix,0.0,gbdt,0.013425065973887415,netherlands_2026_R,true_negative
netherlands_2026_R_00300,netherlands_2026_R,Dutch Grand Prix,0.0,gbdt,0.5884138302137167,netherlands_2026_R,false_positive
netherlands_2026_R_00301,netherlands_2026_R,Dutch Grand Prix,0.0,gbdt,0.029605488764438123,netherlands_2026_R,true_negative
netherlands_2026_R_00302,netherlands_2026_R,Dutch Grand Prix,0.0,gbdt,0.014699076917106478,netherlands_2026_R,true_negative
netherlands_2026_R_00303,netherlands_2026_R,Dutch Grand Prix,0.0,gbdt,0.012515811947638912,netherlands_2026_R,true_negative
netherlands_2026_R_00304,netherlands_2026_R,Dutch Grand Prix,0.0,gbdt,0.010989670914713819,netherlands_2026_R,true_negative
netherlands_2026_R_00305,netherlands_2026_R,Dutch Grand Prix,0.0,gbdt,0.5009914886804196,netherlands_2026_R,false_positive
netherlands_2026_R_00306,netherlands_2026_R,Dutch Grand Prix,1.0,gbdt,0.5804333656639732,netherlands_2026_R,true_positive
netherlands_2026_R_00308,netherlands_2026_R,Dutch Grand Prix,0.0,gbdt,0.011747959497282445,netherlands_2026_R,true_negative
netherlands_2026_R_00309,netherlands_2026_R,Dutch Grand Prix,1.0,gbdt,0.20305849194000133,netherlands_2026_R,other
netherlands_2026_R_00310,netherlands_2026_R,Dutch Grand Prix,0.0,gbdt,0.33873745196277644,netherlands_2026_R,other
netherlands_2026_R_00311,netherlands_2026_R,Dutch Grand Prix,0.0,gbdt,0.007038655422406434,netherlands_2026_R,true_negative
netherlands_2026_R_00313,netherlands_2026_R,Dutch Grand Prix,1.0,gbdt,0.23723750338038832,netherlands_2026_R,other
netherlands_2026_R_00315,netherlands_2026_R,Dutch Grand Prix,1.0,gbdt,0.8144338737853718,netherlands_2026_R,true_positive
netherlands_2026_R_00316,netherlands_2026_R,Dutch Grand Prix,0.0,gbdt,0.011752498298354314,netherlands_2026_R,true_negative
netherlands_2026_R_00317,netherlands_2026_R,Dutch Grand Prix,0.0,gbdt,0.004189049082116158,netherlands_2026_R,true_negative
netherlands_2026_R_00319,netherlands_2026_R,Dutch Grand Prix,0.0,gbdt,0.05744678231629616,netherlands_2026_R,true_negative
netherlands_2026_R_00320,netherlands_2026_R,Dutch Grand Prix,0.0,gbdt,0.025884890940136518,netherlands_2026_R,true_negative
netherlands_2026_R_00321,netherlands_2026_R,Dutch Grand Prix,0.0,gbdt,0.04198043765793921,netherlands_2026_R,true_negative
netherlands_2026_R_00322,netherlands_2026_R,Dutch Grand Prix,0.0,gbdt,0.24833290755533088,netherlands_2026_R,other
netherlands_2026_R_00323,netherlands_2026_R,Dutch Grand Prix,0.0,gbdt,0.007648491775039527,netherlands_2026_R,true_negative
netherlands_2026_R_00325,netherlands_2026_R,Dutch Grand Prix,0.0,gbdt,0.006057040869036785,netherlands_2026_R,true_negative
netherlands_2026_R_00326,netherlands_2026_R,Dutch Grand Prix,1.0,gbdt,0.17476757833249915,netherlands_2026_R,false_negative
netherlands_2026_R_00328,netherlands_2026_R,Dutch Grand Prix,1.0,gbdt,0.5804333656639732,netherlands_2026_R,true_positive
netherlands_2026_R_00329,netherlands_2026_R,Dutch Grand Prix,0.0,gbdt,0.4245487137600689,netherlands_2026_R,other
netherlands_2026_R_00331,netherlands_2026_R,Dutch Grand Prix,0.0,gbdt,0.01370263239998131,netherlands_2026_R,true_negative
netherlands_2026_R_00332,netherlands_2026_R,Dutch Grand Prix,0.0,gbdt,0.06563753010435919,netherlands_2026_R,true_negative
netherlands_2026_R_00334,netherlands_2026_R,Dutch Grand Prix,0.0,gbdt,0.10385032977824686,netherlands_2026_R,true_negative
netherlands_2026_R_00335,netherlands_2026_R,Dutch Grand Prix,0.0,gbdt,0.004688501200325002,netherlands_2026_R,true_negative
netherlands_2026_R_00337,netherlands_2026_R,Dutch Grand Prix,1.0,gbdt,0.22502260037512847,netherlands_2026_R,other
netherlands_2026_R_00338,netherlands_2026_R,Dutch Grand Prix,1.0,gbdt,0.8241302540156341,netherlands_2026_R,true_positive
netherlands_2026_R_00339,netherlands_2026_R,Dutch Grand Prix,0.0,gbdt,0.33985093248668546,netherlands_2026_R,other
netherlands_2026_R_00340,netherlands_2026_R,Dutch Grand Prix,0.0,gbdt,0.009353694764274945,netherlands_2026_R,true_negative
netherlands_2026_R_00341,netherlands_2026_R,Dutch Grand Prix,0.0,gbdt,0.006459822444353999,netherlands_2026_R,true_negative
netherlands_2026_R_00342,netherlands_2026_R,Dutch Grand Prix,1.0,gbdt,0.42403796926077764,netherlands_2026_R,other
netherlands_2026_R_00343,netherlands_2026_R,Dutch Grand Prix,0.0,gbdt,0.010612435784575125,netherlands_2026_R,true_negative
netherlands_2026_R_00344,netherlands_2026_R,Dutch Grand Prix,0.0,gbdt,0.11334186379892285,netherlands_2026_R,true_negative
netherlands_2026_R_00345,netherlands_2026_R,Dutch Grand Prix,0.0,gbdt,0.06093388174153461,netherlands_2026_R,true_negative
netherlands_2026_R_00348,netherlands_2026_R,Dutch Grand Prix,0.0,gbdt,0.1460641144478275,netherlands_2026_R,true_negative
netherlands_2026_R_00349,netherlands_2026_R,Dutch Grand Prix,0.0,gbdt,0.17809273866087103,netherlands_2026_R,true_negative
netherlands_2026_R_00350,netherlands_2026_R,Dutch Grand Prix,0.0,gbdt,0.011607612613620049,netherlands_2026_R,true_negative
netherlands_2026_R_00351,netherlands_2026_R,Dutch Grand Prix,1.0,gbdt,0.3412528493874297,netherlands_2026_R,other
netherlands_2026_R_00352,netherlands_2026_R,Dutch Grand Prix,1.0,gbdt,0.22584818154507186,netherlands_2026_R,other
netherlands_2026_R_00353,netherlands_2026_R,Dutch Grand Prix,1.0,gbdt,0.48552131581999625,netherlands_2026_R,other
netherlands_2026_R_00355,netherlands_2026_R,Dutch Grand Prix,0.0,gbdt,0.0699777173978859,netherlands_2026_R,true_negative
netherlands_2026_R_00356,netherlands_2026_R,Dutch Grand Prix,0.0,gbdt,0.1545077000789649,netherlands_2026_R,true_negative
netherlands_2026_R_00357,netherlands_2026_R,Dutch Grand Prix,0.0,gbdt,0.004793920107505629,netherlands_2026_R,true_negative
netherlands_2026_R_00359,netherlands_2026_R,Dutch Grand Prix,0.0,gbdt,0.006375792427990825,netherlands_2026_R,true_negative
netherlands_2026_R_00360,netherlands_2026_R,Dutch Grand Prix,0.0,gbdt,0.014302073445797212,netherlands_2026_R,true_negative
netherlands_2026_R_00361,netherlands_2026_R,Dutch Grand Prix,0.0,gbdt,0.31507231997547364,netherlands_2026_R,other
netherlands_2026_R_00362,netherlands_2026_R,Dutch Grand Prix,0.0,gbdt,0.3036172531745382,netherlands_2026_R,other
netherlands_2026_R_00364,netherlands_2026_R,Dutch Grand Prix,1.0,gbdt,0.840078310662303,netherlands_2026_R,true_positive
netherlands_2026_R_00367,netherlands_2026_R,Dutch Grand Prix,0.0,gbdt,0.02029006347625087,netherlands_2026_R,true_negative
netherlands_2026_R_00369,netherlands_2026_R,Dutch Grand Prix,1.0,gbdt,0.42403796926077764,netherlands_2026_R,other
netherlands_2026_R_00371,netherlands_2026_R,Dutch Grand Prix,0.0,gbdt,0.0474425947405088,netherlands_2026_R,true_negative
netherlands_2026_R_00372,netherlands_2026_R,Dutch Grand Prix,0.0,gbdt,0.034144514065509696,netherlands_2026_R,true_negative
netherlands_2026_R_00373,netherlands_2026_R,Dutch Grand Prix,1.0,gbdt,0.44232214054216534,netherlands_2026_R,other
netherlands_2026_R_00374,netherlands_2026_R,Dutch Grand Prix,0.0,gbdt,0.011751001029310107,netherlands_2026_R,true_negative
netherlands_2026_R_00376,netherlands_2026_R,Dutch Grand Prix,0.0,gbdt,0.00885600851261274,netherlands_2026_R,true_negative
netherlands_2026_R_00377,netherlands_2026_R,Dutch Grand Prix,0.0,gbdt,0.05631329814420248,netherlands_2026_R,true_negative
netherlands_2026_R_00379,netherlands_2026_R,Dutch Grand Prix,1.0,gbdt,0.3104108444626007,netherlands_2026_R,other
netherlands_2026_R_00380,netherlands_2026_R,Dutch Grand Prix,0.0,gbdt,0.005775838994192714,netherlands_2026_R,true_negative
netherlands_2026_R_00382,netherlands_2026_R,Dutch Grand Prix,1.0,gbdt,0.85406691046129,netherlands_2026_R,true_positive
netherlands_2026_R_00383,netherlands_2026_R,Dutch Grand Prix,0.0,gbdt,0.30536294276832504,netherlands_2026_R,other
netherlands_2026_R_00385,netherlands_2026_R,Dutch Grand Prix,0.0,gbdt,0.06515344951742354,netherlands_2026_R,true_negative
netherlands_2026_R_00388,netherlands_2026_R,Dutch Grand Prix,0.0,gbdt,0.007320159533940587,netherlands_2026_R,true_negative
netherlands_2026_R_00389,netherlands_2026_R,Dutch Grand Prix,0.0,gbdt,0.0640222190984474,netherlands_2026_R,true_negative
netherlands_2026_R_00390,netherlands_2026_R,Dutch Grand Prix,0.0,gbdt,0.014894882342778384,netherlands_2026_R,true_negative
netherlands_2026_R_00392,netherlands_2026_R,Dutch Grand Prix,1.0,gbdt,0.46571435788578064,netherlands_2026_R,other
netherlands_2026_R_00393,netherlands_2026_R,Dutch Grand Prix,0.0,gbdt,0.18786506586343538,netherlands_2026_R,true_negative
netherlands_2026_R_00394,netherlands_2026_R,Dutch Grand Prix,0.0,gbdt,0.050894006118967654,netherlands_2026_R,true_negative
netherlands_2026_R_00396,netherlands_2026_R,Dutch Grand Prix,1.0,gbdt,0.48385290596846736,netherlands_2026_R,other
netherlands_2026_R_00398,netherlands_2026_R,Dutch Grand Prix,0.0,gbdt,0.1117813275405721,netherlands_2026_R,true_negative
netherlands_2026_R_00399,netherlands_2026_R,Dutch Grand Prix,0.0,gbdt,0.18527453256231677,netherlands_2026_R,true_negative
netherlands_2026_R_00400,netherlands_2026_R,Dutch Grand Prix,0.0,gbdt,0.04552023466074794,netherlands_2026_R,true_negative
netherlands_2026_R_00404,netherlands_2026_R,Dutch Grand Prix,1.0,gbdt,0.2523234426579692,netherlands_2026_R,other
netherlands_2026_R_00405,netherlands_2026_R,Dutch Grand Prix,0.0,gbdt,0.006451228457935067,netherlands_2026_R,true_negative
netherlands_2026_R_00407,netherlands_2026_R,Dutch Grand Prix,0.0,gbdt,0.025428968333304228,netherlands_2026_R,true_negative
netherlands_2026_R_00410,netherlands_2026_R,Dutch Grand Prix,0.0,gbdt,0.37431365525917903,netherlands_2026_R,other
netherlands_2026_R_00411,netherlands_2026_R,Dutch Grand Prix,0.0,gbdt,0.0118688853343429,netherlands_2026_R,true_negative
netherlands_2026_R_00412,netherlands_2026_R,Dutch Grand Prix,1.0,gbdt,0.7691238638284751,netherlands_2026_R,true_positive
netherlands_2026_R_00415,netherlands_2026_R,Dutch Grand Prix,0.0,gbdt,0.054543325149736886,netherlands_2026_R,true_negative
netherlands_2026_R_00417,netherlands_2026_R,Dutch Grand Prix,0.0,gbdt,0.037010108710702636,netherlands_2026_R,true_negative
netherlands_2026_R_00419,netherlands_2026_R,Dutch Grand Prix,0.0,gbdt,0.10984313373717804,netherlands_2026_R,true_negative
netherlands_2026_R_00420,netherlands_2026_R,Dutch Grand Prix,0.0,gbdt,0.013069058714552651,netherlands_2026_R,true_negative
netherlands_2026_R_00422,netherlands_2026_R,Dutch Grand Prix,1.0,gbdt,0.26824491770102304,netherlands_2026_R,other
netherlands_2026_R_00423,netherlands_2026_R,Dutch Grand Prix,0.0,gbdt,0.04931604897801687,netherlands_2026_R,true_negative
netherlands_2026_R_00425,netherlands_2026_R,Dutch Grand Prix,0.0,gbdt,0.010106953669119687,netherlands_2026_R,true_negative
netherlands_2026_R_00428,netherlands_2026_R,Dutch Grand Prix,1.0,gbdt,0.43128736452037203,netherlands_2026_R,other
netherlands_2026_R_00429,netherlands_2026_R,Dutch Grand Prix,1.0,gbdt,0.06594964460545497,netherlands_2026_R,false_negative
netherlands_2026_R_00431,netherlands_2026_R,Dutch Grand Prix,0.0,gbdt,0.25390510413056055,netherlands_2026_R,other
netherlands_2026_R_00432,netherlands_2026_R,Dutch Grand Prix,1.0,gbdt,0.5396744668799068,netherlands_2026_R,true_positive
netherlands_2026_R_00434,netherlands_2026_R,Dutch Grand Prix,0.0,gbdt,0.16992215247876213,netherlands_2026_R,true_negative
netherlands_2026_R_00435,netherlands_2026_R,Dutch Grand Prix,0.0,gbdt,0.3777197638204696,netherlands_2026_R,other
netherlands_2026_R_00436,netherlands_2026_R,Dutch Grand Prix,0.0,gbdt,0.3007437913058479,netherlands_2026_R,other
netherlands_2026_R_00437,netherlands_2026_R,Dutch Grand Prix,1.0,gbdt,0.3035215712541235,netherlands_2026_R,other
netherlands_2026_R_00439,netherlands_2026_R,Dutch Grand Prix,1.0,gbdt,0.4630108272502462,netherlands_2026_R,other
netherlands_2026_R_00440,netherlands_2026_R,Dutch Grand Prix,1.0,gbdt,0.8830851797925943,netherlands_2026_R,true_positive
netherlands_2026_R_00442,netherlands_2026_R,Dutch Grand Prix,0.0,gbdt,0.18333432022651375,netherlands_2026_R,true_negative
netherlands_2026_R_00443,netherlands_2026_R,Dutch Grand Prix,1.0,gbdt,0.24241699743744646,netherlands_2026_R,other
netherlands_2026_R_00445,netherlands_2026_R,Dutch Grand Prix,0.0,gbdt,0.20104508802322457,netherlands_2026_R,other
netherlands_2026_R_00447,netherlands_2026_R,Dutch Grand Prix,1.0,gbdt,0.4879562542047415,netherlands_2026_R,other
netherlands_2026_R_00449,netherlands_2026_R,Dutch Grand Prix,0.0,gbdt,0.008712284039723957,netherlands_2026_R,true_negative
netherlands_2026_R_00450,netherlands_2026_R,Dutch Grand Prix,0.0,gbdt,0.13781206237417856,netherlands_2026_R,true_negative
netherlands_2026_R_00451,netherlands_2026_R,Dutch Grand Prix,0.0,gbdt,0.21437665769047468,netherlands_2026_R,other
netherlands_2026_R_00453,netherlands_2026_R,Dutch Grand Prix,1.0,gbdt,0.6101343938112362,netherlands_2026_R,true_positive
netherlands_2026_R_00454,netherlands_2026_R,Dutch Grand Prix,0.0,gbdt,0.19795092623745525,netherlands_2026_R,true_negative
netherlands_2026_R_00456,netherlands_2026_R,Dutch Grand Prix,0.0,gbdt,0.2751408183657459,netherlands_2026_R,other
netherlands_2026_R_00457,netherlands_2026_R,Dutch Grand Prix,0.0,gbdt,0.017851497621454958,netherlands_2026_R,true_negative
netherlands_2026_R_00458,netherlands_2026_R,Dutch Grand Prix,0.0,gbdt,0.2502654194097841,netherlands_2026_R,other
netherlands_2026_R_00459,netherlands_2026_R,Dutch Grand Prix,0.0,gbdt,0.25223577112702256,netherlands_2026_R,other
netherlands_2026_R_00460,netherlands_2026_R,Dutch Grand Prix,1.0,gbdt,0.19242309129724433,netherlands_2026_R,false_negative
netherlands_2026_R_00462,netherlands_2026_R,Dutch Grand Prix,1.0,gbdt,0.46181886212833423,netherlands_2026_R,other
netherlands_2026_R_00464,netherlands_2026_R,Dutch Grand Prix,0.0,gbdt,0.04637051884883893,netherlands_2026_R,true_negative
netherlands_2026_R_00471,netherlands_2026_R,Dutch Grand Prix,0.0,gbdt,0.17318947616144587,netherlands_2026_R,true_negative
netherlands_2026_R_00472,netherlands_2026_R,Dutch Grand Prix,1.0,gbdt,0.3373318541500062,netherlands_2026_R,other
netherlands_2026_R_00473,netherlands_2026_R,Dutch Grand Prix,1.0,gbdt,0.5453082381692427,netherlands_2026_R,true_positive
netherlands_2026_R_00474,netherlands_2026_R,Dutch Grand Prix,0.0,gbdt,0.20337183688348506,netherlands_2026_R,other
netherlands_2026_R_00476,netherlands_2026_R,Dutch Grand Prix,0.0,gbdt,0.1887268033691657,netherlands_2026_R,true_negative
netherlands_2026_R_00477,netherlands_2026_R,Dutch Grand Prix,1.0,gbdt,0.37576028798515715,netherlands_2026_R,other
netherlands_2026_R_00478,netherlands_2026_R,Dutch Grand Prix,0.0,gbdt,0.19838127168271633,netherlands_2026_R,true_negative
netherlands_2026_R_00479,netherlands_2026_R,Dutch Grand Prix,0.0,gbdt,0.009643179771609146,netherlands_2026_R,true_negative
netherlands_2026_R_00482,netherlands_2026_R,Dutch Grand Prix,0.0,gbdt,0.009140029737176461,netherlands_2026_R,true_negative
netherlands_2026_R_00483,netherlands_2026_R,Dutch Grand Prix,0.0,gbdt,0.0176460066035339,netherlands_2026_R,true_negative
netherlands_2026_R_00484,netherlands_2026_R,Dutch Grand Prix,0.0,gbdt,0.42328460247236266,netherlands_2026_R,other
netherlands_2026_R_00486,netherlands_2026_R,Dutch Grand Prix,1.0,gbdt,0.4497969880361659,netherlands_2026_R,other
netherlands_2026_R_00487,netherlands_2026_R,Dutch Grand Prix,0.0,gbdt,0.20002137323495614,netherlands_2026_R,other
netherlands_2026_R_00488,netherlands_2026_R,Dutch Grand Prix,0.0,gbdt,0.284323436940204,netherlands_2026_R,other
netherlands_2026_R_00490,netherlands_2026_R,Dutch Grand Prix,0.0,gbdt,0.14534737575357207,netherlands_2026_R,true_negative
netherlands_2026_R_00491,netherlands_2026_R,Dutch Grand Prix,1.0,gbdt,0.11868358905001655,netherlands_2026_R,false_negative
netherlands_2026_R_00492,netherlands_2026_R,Dutch Grand Prix,1.0,gbdt,0.2521375011730052,netherlands_2026_R,other
netherlands_2026_R_00493,netherlands_2026_R,Dutch Grand Prix,0.0,gbdt,0.035170760925795214,netherlands_2026_R,true_negative
netherlands_2026_R_00494,netherlands_2026_R,Dutch Grand Prix,0.0,gbdt,0.020478822888540173,netherlands_2026_R,true_negative
netherlands_2026_R_00495,netherlands_2026_R,Dutch Grand Prix,0.0,gbdt,0.14338576773929756,netherlands_2026_R,true_negative
netherlands_2026_R_00496,netherlands_2026_R,Dutch Grand Prix,0.0,gbdt,0.24215003206507843,netherlands_2026_R,other
netherlands_2026_R_00497,netherlands_2026_R,Dutch Grand Prix,0.0,gbdt,0.2271475281624112,netherlands_2026_R,other
netherlands_2026_R_00498,netherlands_2026_R,Dutch Grand Prix,0.0,gbdt,0.17136881582570837,netherlands_2026_R,true_negative
netherlands_2026_R_00499,netherlands_2026_R,Dutch Grand Prix,1.0,gbdt,0.3463610768875999,netherlands_2026_R,other
netherlands_2026_R_00500,netherlands_2026_R,Dutch Grand Prix,0.0,gbdt,0.04683058484163939,netherlands_2026_R,true_negative
netherlands_2026_R_00501,netherlands_2026_R,Dutch Grand Prix,0.0,gbdt,0.17544185884947314,netherlands_2026_R,true_negative
netherlands_2026_R_00502,netherlands_2026_R,Dutch Grand Prix,0.0,gbdt,0.3425682460241839,netherlands_2026_R,other
netherlands_2026_R_00503,netherlands_2026_R,Dutch Grand Prix,1.0,gbdt,0.3645997266001424,netherlands_2026_R,other
netherlands_2026_R_00504,netherlands_2026_R,Dutch Grand Prix,1.0,gbdt,0.6042100837023138,netherlands_2026_R,true_positive
netherlands_2026_R_00505,netherlands_2026_R,Dutch Grand Prix,0.0,gbdt,0.03969772612769509,netherlands_2026_R,true_negative
netherlands_2026_R_00506,netherlands_2026_R,Dutch Grand Prix,0.0,gbdt,0.08472236704798293,netherlands_2026_R,true_negative
netherlands_2026_R_00507,netherlands_2026_R,Dutch Grand Prix,0.0,gbdt,0.23301154547456684,netherlands_2026_R,other
netherlands_2026_R_00508,netherlands_2026_R,Dutch Grand Prix,1.0,gbdt,0.1413625840859782,netherlands_2026_R,false_negative
netherlands_2026_R_00509,netherlands_2026_R,Dutch Grand Prix,0.0,gbdt,0.14029278614329685,netherlands_2026_R,true_negative
netherlands_2026_R_00510,netherlands_2026_R,Dutch Grand Prix,0.0,gbdt,0.06297573945062768,netherlands_2026_R,true_negative
netherlands_2026_R_00511,netherlands_2026_R,Dutch Grand Prix,0.0,gbdt,0.03365599560337361,netherlands_2026_R,true_negative
netherlands_2026_R_00512,netherlands_2026_R,Dutch Grand Prix,1.0,gbdt,0.580667403046439,netherlands_2026_R,true_positive
netherlands_2026_R_00513,netherlands_2026_R,Dutch Grand Prix,0.0,gbdt,0.2866419516139642,netherlands_2026_R,other
netherlands_2026_R_00514,netherlands_2026_R,Dutch Grand Prix,0.0,gbdt,0.08170067789850881,netherlands_2026_R,true_negative
netherlands_2026_R_00515,netherlands_2026_R,Dutch Grand Prix,0.0,gbdt,0.020669090764413846,netherlands_2026_R,true_negative
netherlands_2026_R_00516,netherlands_2026_R,Dutch Grand Prix,0.0,gbdt,0.03761465997939745,netherlands_2026_R,true_negative
netherlands_2026_R_00518,netherlands_2026_R,Dutch Grand Prix,1.0,gbdt,0.9077078262951469,netherlands_2026_R,true_positive
netherlands_2026_R_00519,netherlands_2026_R,Dutch Grand Prix,0.0,gbdt,0.04565701189895669,netherlands_2026_R,true_negative
netherlands_2026_R_00520,netherlands_2026_R,Dutch Grand Prix,1.0,gbdt,0.40118348129946346,netherlands_2026_R,other
netherlands_2026_R_00521,netherlands_2026_R,Dutch Grand Prix,0.0,gbdt,0.04552769186163824,netherlands_2026_R,true_negative
netherlands_2026_R_00522,netherlands_2026_R,Dutch Grand Prix,0.0,gbdt,0.34480693026444664,netherlands_2026_R,other
netherlands_2026_R_00523,netherlands_2026_R,Dutch Grand Prix,1.0,gbdt,0.47009947477107233,netherlands_2026_R,other
netherlands_2026_R_00524,netherlands_2026_R,Dutch Grand Prix,0.0,gbdt,0.013291586991290226,netherlands_2026_R,true_negative
netherlands_2026_R_00525,netherlands_2026_R,Dutch Grand Prix,0.0,gbdt,0.0469442759054244,netherlands_2026_R,true_negative
netherlands_2026_R_00526,netherlands_2026_R,Dutch Grand Prix,0.0,gbdt,0.25395458428791157,netherlands_2026_R,other
netherlands_2026_R_00527,netherlands_2026_R,Dutch Grand Prix,0.0,gbdt,0.07971110488845941,netherlands_2026_R,true_negative
netherlands_2026_R_00528,netherlands_2026_R,Dutch Grand Prix,0.0,gbdt,0.06261233445255239,netherlands_2026_R,true_negative
netherlands_2026_R_00529,netherlands_2026_R,Dutch Grand Prix,1.0,gbdt,0.4930204959421207,netherlands_2026_R,other
netherlands_2026_R_00530,netherlands_2026_R,Dutch Grand Prix,0.0,gbdt,0.07316868543110198,netherlands_2026_R,true_negative
netherlands_2026_R_00531,netherlands_2026_R,Dutch Grand Prix,0.0,gbdt,0.1830397706150457,netherlands_2026_R,true_negative
netherlands_2026_R_00532,netherlands_2026_R,Dutch Grand Prix,0.0,gbdt,0.09887133119101817,netherlands_2026_R,true_negative
netherlands_2026_R_00533,netherlands_2026_R,Dutch Grand Prix,0.0,gbdt,0.14547660419096398,netherlands_2026_R,true_negative
netherlands_2026_R_00534,netherlands_2026_R,Dutch Grand Prix,0.0,gbdt,0.4852581004786429,netherlands_2026_R,other
netherlands_2026_R_00535,netherlands_2026_R,Dutch Grand Prix,1.0,gbdt,0.4568116238944142,netherlands_2026_R,other
netherlands_2026_R_00536,netherlands_2026_R,Dutch Grand Prix,1.0,gbdt,0.7411555788743414,netherlands_2026_R,true_positive
netherlands_2026_R_00537,netherlands_2026_R,Dutch Grand Prix,0.0,gbdt,0.19795092623745525,netherlands_2026_R,true_negative
netherlands_2026_R_00538,netherlands_2026_R,Dutch Grand Prix,0.0,gbdt,0.18905519589537007,netherlands_2026_R,true_negative
netherlands_2026_R_00539,netherlands_2026_R,Dutch Grand Prix,1.0,gbdt,0.5313579043520973,netherlands_2026_R,true_positive
netherlands_2026_R_00540,netherlands_2026_R,Dutch Grand Prix,0.0,gbdt,0.2686467282207484,netherlands_2026_R,other
netherlands_2026_R_00541,netherlands_2026_R,Dutch Grand Prix,1.0,gbdt,0.034105588097430264,netherlands_2026_R,false_negative
netherlands_2026_R_00542,netherlands_2026_R,Dutch Grand Prix,1.0,gbdt,0.30003961480276264,netherlands_2026_R,other
netherlands_2026_R_00543,netherlands_2026_R,Dutch Grand Prix,0.0,gbdt,0.03328272668412605,netherlands_2026_R,true_negative
netherlands_2026_R_00544,netherlands_2026_R,Dutch Grand Prix,1.0,gbdt,0.2549496528705327,netherlands_2026_R,other
netherlands_2026_R_00545,netherlands_2026_R,Dutch Grand Prix,0.0,gbdt,0.27767172170931004,netherlands_2026_R,other
netherlands_2026_R_00546,netherlands_2026_R,Dutch Grand Prix,0.0,gbdt,0.2553159386609221,netherlands_2026_R,other
netherlands_2026_R_00547,netherlands_2026_R,Dutch Grand Prix,0.0,gbdt,0.028352960375359473,netherlands_2026_R,true_negative
netherlands_2026_R_00548,netherlands_2026_R,Dutch Grand Prix,0.0,gbdt,0.5326252240574948,netherlands_2026_R,false_positive
netherlands_2026_R_00549,netherlands_2026_R,Dutch Grand Prix,0.0,gbdt,0.05991590698172457,netherlands_2026_R,true_negative
netherlands_2026_R_00550,netherlands_2026_R,Dutch Grand Prix,0.0,gbdt,0.299327710936834,netherlands_2026_R,other
netherlands_2026_R_00554,netherlands_2026_R,Dutch Grand Prix,1.0,gbdt,0.202729948026658,netherlands_2026_R,other
netherlands_2026_R_00555,netherlands_2026_R,Dutch Grand Prix,0.0,gbdt,0.09038587948949472,netherlands_2026_R,true_negative
netherlands_2026_R_00557,netherlands_2026_R,Dutch Grand Prix,1.0,gbdt,0.44720195256007667,netherlands_2026_R,other
netherlands_2026_R_00558,netherlands_2026_R,Dutch Grand Prix,0.0,gbdt,0.08642501409646847,netherlands_2026_R,true_negative
netherlands_2026_R_00559,netherlands_2026_R,Dutch Grand Prix,0.0,gbdt,0.10820529899320759,netherlands_2026_R,true_negative
netherlands_2026_R_00561,netherlands_2026_R,Dutch Grand Prix,0.0,gbdt,0.024947190733834446,netherlands_2026_R,true_negative
netherlands_2026_R_00562,netherlands_2026_R,Dutch Grand Prix,0.0,gbdt,0.3782532799561723,netherlands_2026_R,other
netherlands_2026_R_00563,netherlands_2026_R,Dutch Grand Prix,0.0,gbdt,0.037805514891650405,netherlands_2026_R,true_negative
netherlands_2026_R_00564,netherlands_2026_R,Dutch Grand Prix,0.0,gbdt,0.23104792833894425,netherlands_2026_R,other
netherlands_2026_R_00565,netherlands_2026_R,Dutch Grand Prix,0.0,gbdt,0.15208997223140244,netherlands_2026_R,true_negative
netherlands_2026_R_00566,netherlands_2026_R,Dutch Grand Prix,0.0,gbdt,0.13491208608159738,netherlands_2026_R,true_negative
netherlands_2026_R_00567,netherlands_2026_R,Dutch Grand Prix,1.0,gbdt,0.10788781061481108,netherlands_2026_R,false_negative
netherlands_2026_R_00568,netherlands_2026_R,Dutch Grand Prix,1.0,gbdt,0.7476408433709347,netherlands_2026_R,true_positive
netherlands_2026_R_00569,netherlands_2026_R,Dutch Grand Prix,0.0,gbdt,0.020082713441771077,netherlands_2026_R,true_negative
netherlands_2026_R_00570,netherlands_2026_R,Dutch Grand Prix,0.0,gbdt,0.010038627823387228,netherlands_2026_R,true_negative
netherlands_2026_R_00571,netherlands_2026_R,Dutch Grand Prix,1.0,gbdt,0.5731476202200679,netherlands_2026_R,true_positive
netherlands_2026_R_00573,netherlands_2026_R,Dutch Grand Prix,0.0,gbdt,0.03111191248950883,netherlands_2026_R,true_negative
netherlands_2026_R_00574,netherlands_2026_R,Dutch Grand Prix,0.0,gbdt,0.035410490039241724,netherlands_2026_R,true_negative
netherlands_2026_R_00575,netherlands_2026_R,Dutch Grand Prix,0.0,gbdt,0.2444306455948083,netherlands_2026_R,other
netherlands_2026_R_00576,netherlands_2026_R,Dutch Grand Prix,1.0,gbdt,0.31098264043907325,netherlands_2026_R,other
netherlands_2026_R_00577,netherlands_2026_R,Dutch Grand Prix,0.0,gbdt,0.17727315099896107,netherlands_2026_R,true_negative
netherlands_2026_R_00578,netherlands_2026_R,Dutch Grand Prix,0.0,gbdt,0.6644310775693567,netherlands_2026_R,false_positive
netherlands_2026_R_00579,netherlands_2026_R,Dutch Grand Prix,0.0,gbdt,0.2004393350824945,netherlands_2026_R,other
netherlands_2026_R_00580,netherlands_2026_R,Dutch Grand Prix,1.0,gbdt,0.22629006163490697,netherlands_2026_R,other
netherlands_2026_R_00581,netherlands_2026_R,Dutch Grand Prix,0.0,gbdt,0.4564655187395422,netherlands_2026_R,other
netherlands_2026_R_00582,netherlands_2026_R,Dutch Grand Prix,0.0,gbdt,0.013006711195257148,netherlands_2026_R,true_negative
netherlands_2026_R_00583,netherlands_2026_R,Dutch Grand Prix,0.0,gbdt,0.039383266654795135,netherlands_2026_R,true_negative
netherlands_2026_R_00584,netherlands_2026_R,Dutch Grand Prix,0.0,gbdt,0.04043124053359477,netherlands_2026_R,true_negative
netherlands_2026_R_00585,netherlands_2026_R,Dutch Grand Prix,0.0,gbdt,0.1019625520095889,netherlands_2026_R,true_negative
netherlands_2026_R_00586,netherlands_2026_R,Dutch Grand Prix,1.0,gbdt,0.5804333656639732,netherlands_2026_R,true_positive
netherlands_2026_R_00588,netherlands_2026_R,Dutch Grand Prix,0.0,gbdt,0.019168440543382743,netherlands_2026_R,true_negative
netherlands_2026_R_00590,netherlands_2026_R,Dutch Grand Prix,0.0,gbdt,0.02422886978697611,netherlands_2026_R,true_negative
netherlands_2026_R_00591,netherlands_2026_R,Dutch Grand Prix,1.0,gbdt,0.6371488863135776,netherlands_2026_R,true_positive
netherlands_2026_R_00592,netherlands_2026_R,Dutch Grand Prix,1.0,gbdt,0.8565986258507444,netherlands_2026_R,true_positive
netherlands_2026_R_00594,netherlands_2026_R,Dutch Grand Prix,0.0,gbdt,0.22199245119170613,netherlands_2026_R,other
netherlands_2026_R_00595,netherlands_2026_R,Dutch Grand Prix,0.0,gbdt,0.48723070401174523,netherlands_2026_R,other
netherlands_2026_R_00596,netherlands_2026_R,Dutch Grand Prix,0.0,gbdt,0.2788162827932359,netherlands_2026_R,other
netherlands_2026_R_00597,netherlands_2026_R,Dutch Grand Prix,0.0,gbdt,0.01976923573515442,netherlands_2026_R,true_negative
netherlands_2026_R_00598,netherlands_2026_R,Dutch Grand Prix,1.0,gbdt,0.47548003271761646,netherlands_2026_R,other
netherlands_2026_R_00599,netherlands_2026_R,Dutch Grand Prix,0.0,gbdt,0.036211952089653235,netherlands_2026_R,true_negative
netherlands_2026_R_00600,netherlands_2026_R,Dutch Grand Prix,0.0,gbdt,0.04969787786784771,netherlands_2026_R,true_negative
netherlands_2026_R_00601,netherlands_2026_R,Dutch Grand Prix,1.0,gbdt,0.4528715085845516,netherlands_2026_R,other
netherlands_2026_R_00602,netherlands_2026_R,Dutch Grand Prix,0.0,gbdt,0.1482149695163832,netherlands_2026_R,true_negative
netherlands_2026_R_00604,netherlands_2026_R,Dutch Grand Prix,0.0,gbdt,0.24012218870355886,netherlands_2026_R,other
netherlands_2026_R_00605,netherlands_2026_R,Dutch Grand Prix,1.0,gbdt,0.23486171657508034,netherlands_2026_R,other
netherlands_2026_R_00606,netherlands_2026_R,Dutch Grand Prix,1.0,gbdt,0.7796189399486929,netherlands_2026_R,true_positive
netherlands_2026_R_00608,netherlands_2026_R,Dutch Grand Prix,0.0,gbdt,0.021105464594276886,netherlands_2026_R,true_negative
netherlands_2026_R_00609,netherlands_2026_R,Dutch Grand Prix,0.0,gbdt,0.40671052963134213,netherlands_2026_R,other
netherlands_2026_R_00610,netherlands_2026_R,Dutch Grand Prix,0.0,gbdt,0.5008787276555283,netherlands_2026_R,false_positive
netherlands_2026_R_00611,netherlands_2026_R,Dutch Grand Prix,0.0,gbdt,0.06741679934053584,netherlands_2026_R,true_negative
netherlands_2026_R_00612,netherlands_2026_R,Dutch Grand Prix,0.0,gbdt,0.17759964939246028,netherlands_2026_R,true_negative
netherlands_2026_R_00613,netherlands_2026_R,Dutch Grand Prix,1.0,gbdt,0.2958010742225688,netherlands_2026_R,other
netherlands_2026_R_00614,netherlands_2026_R,Dutch Grand Prix,0.0,gbdt,0.02718634577105079,netherlands_2026_R,true_negative
netherlands_2026_R_00615,netherlands_2026_R,Dutch Grand Prix,0.0,gbdt,0.021416273047954373,netherlands_2026_R,true_negative
netherlands_2026_R_00616,netherlands_2026_R,Dutch Grand Prix,0.0,gbdt,0.02169633220159953,netherlands_2026_R,true_negative
netherlands_2026_R_00617,netherlands_2026_R,Dutch Grand Prix,1.0,gbdt,0.515670809438107,netherlands_2026_R,true_positive
netherlands_2026_R_00618,netherlands_2026_R,Dutch Grand Prix,1.0,gbdt,0.8841531713701328,netherlands_2026_R,true_positive
netherlands_2026_R_00620,netherlands_2026_R,Dutch Grand Prix,0.0,gbdt,0.1970146124936577,netherlands_2026_R,true_negative
netherlands_2026_R_00622,netherlands_2026_R,Dutch Grand Prix,0.0,gbdt,0.030085414518744653,netherlands_2026_R,true_negative
netherlands_2026_R_00624,netherlands_2026_R,Dutch Grand Prix,1.0,gbdt,0.18935759845642922,netherlands_2026_R,false_negative
netherlands_2026_R_00625,netherlands_2026_R,Dutch Grand Prix,0.0,gbdt,0.29765699600221107,netherlands_2026_R,other
netherlands_2026_R_00626,netherlands_2026_R,Dutch Grand Prix,1.0,gbdt,0.4930204959421207,netherlands_2026_R,other
netherlands_2026_R_00627,netherlands_2026_R,Dutch Grand Prix,1.0,gbdt,0.2906793564410588,netherlands_2026_R,other
netherlands_2026_R_00628,netherlands_2026_R,Dutch Grand Prix,1.0,gbdt,0.7636303780368862,netherlands_2026_R,true_positive
netherlands_2026_R_00629,netherlands_2026_R,Dutch Grand Prix,0.0,gbdt,0.020159929292135205,netherlands_2026_R,true_negative
netherlands_2026_R_00630,netherlands_2026_R,Dutch Grand Prix,0.0,gbdt,0.17300152995558865,netherlands_2026_R,true_negative
netherlands_2026_R_00631,netherlands_2026_R,Dutch Grand Prix,0.0,gbdt,0.158653743966099,netherlands_2026_R,true_negative
netherlands_2026_R_00633,netherlands_2026_R,Dutch Grand Prix,0.0,gbdt,0.2517701659738086,netherlands_2026_R,other
netherlands_2026_R_00634,netherlands_2026_R,Dutch Grand Prix,1.0,gbdt,0.5210707829075348,netherlands_2026_R,true_positive
netherlands_2026_R_00636,netherlands_2026_R,Dutch Grand Prix,1.0,gbdt,0.3212355603392647,netherlands_2026_R,other
netherlands_2026_R_00637,netherlands_2026_R,Dutch Grand Prix,0.0,gbdt,0.021918287614389274,netherlands_2026_R,true_negative
netherlands_2026_R_00638,netherlands_2026_R,Dutch Grand Prix,1.0,gbdt,0.5326252240574948,netherlands_2026_R,true_positive
netherlands_2026_R_00639,netherlands_2026_R,Dutch Grand Prix,1.0,gbdt,0.8714821324897296,netherlands_2026_R,true_positive
netherlands_2026_R_00640,netherlands_2026_R,Dutch Grand Prix,0.0,gbdt,0.08806647870885043,netherlands_2026_R,true_negative
netherlands_2026_R_00642,netherlands_2026_R,Dutch Grand Prix,0.0,gbdt,0.13917466741998374,netherlands_2026_R,true_negative
netherlands_2026_R_00643,netherlands_2026_R,Dutch Grand Prix,1.0,gbdt,0.3120168609238209,netherlands_2026_R,other
netherlands_2026_R_00644,netherlands_2026_R,Dutch Grand Prix,0.0,gbdt,0.013214967450429813,netherlands_2026_R,true_negative
netherlands_2026_R_00645,netherlands_2026_R,Dutch Grand Prix,1.0,gbdt,0.43386031820128956,netherlands_2026_R,other
netherlands_2026_R_00646,netherlands_2026_R,Dutch Grand Prix,0.0,gbdt,0.019433400750447066,netherlands_2026_R,true_negative
netherlands_2026_R_00647,netherlands_2026_R,Dutch Grand Prix,0.0,gbdt,0.28659144345888804,netherlands_2026_R,other
netherlands_2026_R_00648,netherlands_2026_R,Dutch Grand Prix,0.0,gbdt,0.03202781242765894,netherlands_2026_R,true_negative
netherlands_2026_R_00649,netherlands_2026_R,Dutch Grand Prix,0.0,gbdt,0.22351146582007428,netherlands_2026_R,other
netherlands_2026_R_00650,netherlands_2026_R,Dutch Grand Prix,0.0,gbdt,0.3142150496714098,netherlands_2026_R,other
netherlands_2026_R_00651,netherlands_2026_R,Dutch Grand Prix,1.0,gbdt,0.49237393499000615,netherlands_2026_R,other
netherlands_2026_R_00653,netherlands_2026_R,Dutch Grand Prix,1.0,gbdt,0.5476741604449981,netherlands_2026_R,true_positive
netherlands_2026_R_00654,netherlands_2026_R,Dutch Grand Prix,1.0,gbdt,0.32103548091791156,netherlands_2026_R,other
netherlands_2026_R_00655,netherlands_2026_R,Dutch Grand Prix,0.0,gbdt,0.09764553814621241,netherlands_2026_R,true_negative
netherlands_2026_R_00656,netherlands_2026_R,Dutch Grand Prix,1.0,gbdt,0.14074083416553715,netherlands_2026_R,false_negative
netherlands_2026_R_00657,netherlands_2026_R,Dutch Grand Prix,0.0,gbdt,0.023448479554146483,netherlands_2026_R,true_negative
netherlands_2026_R_00658,netherlands_2026_R,Dutch Grand Prix,0.0,gbdt,0.2495955057356659,netherlands_2026_R,other
netherlands_2026_R_00659,netherlands_2026_R,Dutch Grand Prix,0.0,gbdt,0.1463504615795917,netherlands_2026_R,true_negative
netherlands_2026_R_00660,netherlands_2026_R,Dutch Grand Prix,1.0,gbdt,0.7460178440187232,netherlands_2026_R,true_positive
netherlands_2026_R_00661,netherlands_2026_R,Dutch Grand Prix,0.0,gbdt,0.2613052466791177,netherlands_2026_R,other
netherlands_2026_R_00663,netherlands_2026_R,Dutch Grand Prix,1.0,gbdt,0.44326864787592096,netherlands_2026_R,other
netherlands_2026_R_00664,netherlands_2026_R,Dutch Grand Prix,0.0,gbdt,0.008945462347448023,netherlands_2026_R,true_negative
netherlands_2026_R_00665,netherlands_2026_R,Dutch Grand Prix,0.0,gbdt,0.01893498665706714,netherlands_2026_R,true_negative
netherlands_2026_R_00668,netherlands_2026_R,Dutch Grand Prix,0.0,gbdt,0.13689529228853511,netherlands_2026_R,true_negative
netherlands_2026_R_00669,netherlands_2026_R,Dutch Grand Prix,0.0,gbdt,0.2654922376492307,netherlands_2026_R,other
netherlands_2026_R_00672,netherlands_2026_R,Dutch Grand Prix,0.0,gbdt,0.19253687840200226,netherlands_2026_R,true_negative
netherlands_2026_R_00673,netherlands_2026_R,Dutch Grand Prix,0.0,gbdt,0.02371211020357527,netherlands_2026_R,true_negative
netherlands_2026_R_00674,netherlands_2026_R,Dutch Grand Prix,0.0,gbdt,0.02262268361378856,netherlands_2026_R,true_negative
netherlands_2026_R_00680,netherlands_2026_R,Dutch Grand Prix,0.0,gbdt,0.1393589595428147,netherlands_2026_R,true_negative
netherlands_2026_R_00681,netherlands_2026_R,Dutch Grand Prix,0.0,gbdt,0.017048922135430328,netherlands_2026_R,true_negative
netherlands_2026_R_00683,netherlands_2026_R,Dutch Grand Prix,0.0,gbdt,0.10673941672588708,netherlands_2026_R,true_negative
netherlands_2026_R_00684,netherlands_2026_R,Dutch Grand Prix,0.0,gbdt,0.019866540687044243,netherlands_2026_R,true_negative
netherlands_2026_R_00685,netherlands_2026_R,Dutch Grand Prix,0.0,gbdt,0.03432120642112346,netherlands_2026_R,true_negative
netherlands_2026_R_00686,netherlands_2026_R,Dutch Grand Prix,0.0,gbdt,0.03198622432115503,netherlands_2026_R,true_negative
netherlands_2026_R_00688,netherlands_2026_R,Dutch Grand Prix,0.0,gbdt,0.0328507266711341,netherlands_2026_R,true_negative
netherlands_2026_R_00689,netherlands_2026_R,Dutch Grand Prix,0.0,gbdt,0.032669118691523356,netherlands_2026_R,true_negative
netherlands_2026_R_00690,netherlands_2026_R,Dutch Grand Prix,0.0,gbdt,0.11621172563591081,netherlands_2026_R,true_negative
netherlands_2026_R_00693,netherlands_2026_R,Dutch Grand Prix,1.0,gbdt,0.7523804596978171,netherlands_2026_R,true_positive
netherlands_2026_R_00694,netherlands_2026_R,Dutch Grand Prix,0.0,gbdt,0.010738231984777408,netherlands_2026_R,true_negative
netherlands_2026_R_00695,netherlands_2026_R,Dutch Grand Prix,0.0,gbdt,0.014954135008705837,netherlands_2026_R,true_negative
netherlands_2026_R_00696,netherlands_2026_R,Dutch Grand Prix,0.0,gbdt,0.041305237290691584,netherlands_2026_R,true_negative
netherlands_2026_R_00698,netherlands_2026_R,Dutch Grand Prix,1.0,gbdt,0.5809665953877583,netherlands_2026_R,true_positive
netherlands_2026_R_00699,netherlands_2026_R,Dutch Grand Prix,0.0,gbdt,0.06406629248335009,netherlands_2026_R,true_negative
netherlands_2026_R_00700,netherlands_2026_R,Dutch Grand Prix,0.0,gbdt,0.03527491125147326,netherlands_2026_R,true_negative
netherlands_2026_R_00701,netherlands_2026_R,Dutch Grand Prix,1.0,gbdt,0.8414858906085726,netherlands_2026_R,true_positive
netherlands_2026_R_00702,netherlands_2026_R,Dutch Grand Prix,0.0,gbdt,0.053748457783805915,netherlands_2026_R,true_negative
netherlands_2026_R_00703,netherlands_2026_R,Dutch Grand Prix,0.0,gbdt,0.023261212618852774,netherlands_2026_R,true_negative
netherlands_2026_R_00706,netherlands_2026_R,Dutch Grand Prix,0.0,gbdt,0.058540609270959526,netherlands_2026_R,true_negative
netherlands_2026_R_00707,netherlands_2026_R,Dutch Grand Prix,0.0,gbdt,0.020367509023419324,netherlands_2026_R,true_negative
netherlands_2026_R_00708,netherlands_2026_R,Dutch Grand Prix,1.0,gbdt,0.21796521513315123,netherlands_2026_R,other
netherlands_2026_R_00709,netherlands_2026_R,Dutch Grand Prix,0.0,gbdt,0.32431580660881754,netherlands_2026_R,other
netherlands_2026_R_00710,netherlands_2026_R,Dutch Grand Prix,0.0,gbdt,0.012073237913398387,netherlands_2026_R,true_negative
netherlands_2026_R_00711,netherlands_2026_R,Dutch Grand Prix,0.0,gbdt,0.03277594834812085,netherlands_2026_R,true_negative
netherlands_2026_R_00712,netherlands_2026_R,Dutch Grand Prix,0.0,gbdt,0.19179422071158755,netherlands_2026_R,true_negative
netherlands_2026_R_00714,netherlands_2026_R,Dutch Grand Prix,0.0,gbdt,0.18719267747101473,netherlands_2026_R,true_negative
netherlands_2026_R_00715,netherlands_2026_R,Dutch Grand Prix,0.0,gbdt,0.43324582609279444,netherlands_2026_R,other
netherlands_2026_R_00718,netherlands_2026_R,Dutch Grand Prix,0.0,gbdt,0.03908664727413434,netherlands_2026_R,true_negative
netherlands_2026_R_00719,netherlands_2026_R,Dutch Grand Prix,0.0,gbdt,0.05241172964136119,netherlands_2026_R,true_negative
netherlands_2026_R_00721,netherlands_2026_R,Dutch Grand Prix,0.0,gbdt,0.008473691310561368,netherlands_2026_R,true_negative
netherlands_2026_R_00722,netherlands_2026_R,Dutch Grand Prix,0.0,gbdt,0.03769107105751943,netherlands_2026_R,true_negative
netherlands_2026_R_00724,netherlands_2026_R,Dutch Grand Prix,0.0,gbdt,0.017330802069852557,netherlands_2026_R,true_negative
netherlands_2026_R_00725,netherlands_2026_R,Dutch Grand Prix,0.0,gbdt,0.1182526292800339,netherlands_2026_R,true_negative
netherlands_2026_R_00726,netherlands_2026_R,Dutch Grand Prix,0.0,gbdt,0.26413126801895087,netherlands_2026_R,other
netherlands_2026_R_00729,netherlands_2026_R,Dutch Grand Prix,0.0,gbdt,0.05599100358327497,netherlands_2026_R,true_negative
netherlands_2026_R_00731,netherlands_2026_R,Dutch Grand Prix,0.0,gbdt,0.019832110430423284,netherlands_2026_R,true_negative
netherlands_2026_R_00732,netherlands_2026_R,Dutch Grand Prix,0.0,gbdt,0.020337789721775495,netherlands_2026_R,true_negative
netherlands_2026_R_00733,netherlands_2026_R,Dutch Grand Prix,0.0,gbdt,0.0314665387824418,netherlands_2026_R,true_negative
netherlands_2026_R_00734,netherlands_2026_R,Dutch Grand Prix,1.0,gbdt,0.8656770828572945,netherlands_2026_R,true_positive
netherlands_2026_R_00735,netherlands_2026_R,Dutch Grand Prix,1.0,gbdt,0.8217794425343418,netherlands_2026_R,true_positive
netherlands_2026_R_00737,netherlands_2026_R,Dutch Grand Prix,0.0,gbdt,0.22338324473569726,netherlands_2026_R,other
netherlands_2026_R_00739,netherlands_2026_R,Dutch Grand Prix,0.0,gbdt,0.06444306866883306,netherlands_2026_R,true_negative
netherlands_2026_R_00741,netherlands_2026_R,Dutch Grand Prix,0.0,gbdt,0.02072965232603507,netherlands_2026_R,true_negative
netherlands_2026_R_00743,netherlands_2026_R,Dutch Grand Prix,1.0,gbdt,0.613397010607608,netherlands_2026_R,true_positive
netherlands_2026_R_00744,netherlands_2026_R,Dutch Grand Prix,1.0,gbdt,0.6185754089403365,netherlands_2026_R,true_positive
netherlands_2026_R_00745,netherlands_2026_R,Dutch Grand Prix,0.0,gbdt,0.058596874920477715,netherlands_2026_R,true_negative
netherlands_2026_R_00746,netherlands_2026_R,Dutch Grand Prix,0.0,gbdt,0.024726646564347025,netherlands_2026_R,true_negative
netherlands_2026_R_00751,netherlands_2026_R,Dutch Grand Prix,0.0,gbdt,0.029507405259667236,netherlands_2026_R,true_negative
netherlands_2026_R_00753,netherlands_2026_R,Dutch Grand Prix,1.0,gbdt,0.4051211679916108,netherlands_2026_R,other
netherlands_2026_R_00754,netherlands_2026_R,Dutch Grand Prix,0.0,gbdt,0.11144921959322852,netherlands_2026_R,true_negative
netherlands_2026_R_00755,netherlands_2026_R,Dutch Grand Prix,0.0,gbdt,0.022394951254102142,netherlands_2026_R,true_negative
netherlands_2026_R_00758,netherlands_2026_R,Dutch Grand Prix,1.0,gbdt,0.6681746582604564,netherlands_2026_R,true_positive
netherlands_2026_R_00759,netherlands_2026_R,Dutch Grand Prix,0.0,gbdt,0.007582093433663586,netherlands_2026_R,true_negative
netherlands_2026_R_00762,netherlands_2026_R,Dutch Grand Prix,0.0,gbdt,0.04302853256434559,netherlands_2026_R,true_negative
netherlands_2026_R_00763,netherlands_2026_R,Dutch Grand Prix,0.0,gbdt,0.03537500065417864,netherlands_2026_R,true_negative
netherlands_2026_R_00774,netherlands_2026_R,Dutch Grand Prix,1.0,gbdt,0.29567633588953984,netherlands_2026_R,other
netherlands_2026_R_00776,netherlands_2026_R,Dutch Grand Prix,0.0,gbdt,0.013030013346878535,netherlands_2026_R,true_negative
netherlands_2026_R_00778,netherlands_2026_R,Dutch Grand Prix,0.0,gbdt,0.016334636150557552,netherlands_2026_R,true_negative
netherlands_2026_R_00781,netherlands_2026_R,Dutch Grand Prix,0.0,gbdt,0.04226048992817907,netherlands_2026_R,true_negative
netherlands_2026_R_00786,netherlands_2026_R,Dutch Grand Prix,0.0,gbdt,0.032846879819809216,netherlands_2026_R,true_negative
netherlands_2026_R_00787,netherlands_2026_R,Dutch Grand Prix,1.0,gbdt,0.42481566819888994,netherlands_2026_R,other
netherlands_2026_R_00788,netherlands_2026_R,Dutch Grand Prix,0.0,gbdt,0.018848620609487433,netherlands_2026_R,true_negative
netherlands_2026_R_00789,netherlands_2026_R,Dutch Grand Prix,0.0,gbdt,0.6295225686395444,netherlands_2026_R,false_positive
netherlands_2026_R_00793,netherlands_2026_R,Dutch Grand Prix,0.0,gbdt,0.21155864857025386,netherlands_2026_R,other
netherlands_2026_R_00794,netherlands_2026_R,Dutch Grand Prix,0.0,gbdt,0.01011934359973825,netherlands_2026_R,true_negative
netherlands_2026_R_00795,netherlands_2026_R,Dutch Grand Prix,1.0,gbdt,0.30141820145400233,netherlands_2026_R,other
netherlands_2026_R_00796,netherlands_2026_R,Dutch Grand Prix,0.0,gbdt,0.22851228155466358,netherlands_2026_R,other
netherlands_2026_R_00797,netherlands_2026_R,Dutch Grand Prix,0.0,gbdt,0.04226048992817907,netherlands_2026_R,true_negative
netherlands_2026_R_00798,netherlands_2026_R,Dutch Grand Prix,0.0,gbdt,0.021299337108526568,netherlands_2026_R,true_negative
netherlands_2026_R_00799,netherlands_2026_R,Dutch Grand Prix,0.0,gbdt,0.45759708975896524,netherlands_2026_R,other
netherlands_2026_R_00800,netherlands_2026_R,Dutch Grand Prix,0.0,gbdt,0.03508471871165751,netherlands_2026_R,true_negative
netherlands_2026_R_00801,netherlands_2026_R,Dutch Grand Prix,1.0,gbdt,0.33749192138348877,netherlands_2026_R,other
netherlands_2026_R_00802,netherlands_2026_R,Dutch Grand Prix,0.0,gbdt,0.7856540885785527,netherlands_2026_R,false_positive
netherlands_2026_R_00803,netherlands_2026_R,Dutch Grand Prix,0.0,gbdt,0.043284988578998346,netherlands_2026_R,true_negative
netherlands_2026_R_00804,netherlands_2026_R,Dutch Grand Prix,1.0,gbdt,0.5857786737508871,netherlands_2026_R,true_positive
netherlands_2026_R_00805,netherlands_2026_R,Dutch Grand Prix,0.0,gbdt,0.027670978785514642,netherlands_2026_R,true_negative
netherlands_2026_R_00808,netherlands_2026_R,Dutch Grand Prix,1.0,gbdt,0.3988064189406867,netherlands_2026_R,other
netherlands_2026_R_00809,netherlands_2026_R,Dutch Grand Prix,1.0,gbdt,0.32880615275373126,netherlands_2026_R,other
netherlands_2026_R_00810,netherlands_2026_R,Dutch Grand Prix,0.0,gbdt,0.020991058267948542,netherlands_2026_R,true_negative
netherlands_2026_R_00811,netherlands_2026_R,Dutch Grand Prix,0.0,gbdt,0.4303352752964909,netherlands_2026_R,other
netherlands_2026_R_00813,netherlands_2026_R,Dutch Grand Prix,1.0,gbdt,0.5210405531583814,netherlands_2026_R,true_positive
netherlands_2026_R_00814,netherlands_2026_R,Dutch Grand Prix,1.0,gbdt,0.6343233037941612,netherlands_2026_R,true_positive
netherlands_2026_R_00815,netherlands_2026_R,Dutch Grand Prix,0.0,gbdt,0.0746397605253097,netherlands_2026_R,true_negative
netherlands_2026_R_00816,netherlands_2026_R,Dutch Grand Prix,0.0,gbdt,0.20634764697133884,netherlands_2026_R,other
netherlands_2026_R_00818,netherlands_2026_R,Dutch Grand Prix,1.0,gbdt,0.9130321843541572,netherlands_2026_R,true_positive
netherlands_2026_R_00819,netherlands_2026_R,Dutch Grand Prix,1.0,gbdt,0.8574021810502204,netherlands_2026_R,true_positive
netherlands_2026_R_00820,netherlands_2026_R,Dutch Grand Prix,1.0,gbdt,0.6599968036410303,netherlands_2026_R,true_positive
netherlands_2026_R_00821,netherlands_2026_R,Dutch Grand Prix,0.0,gbdt,0.058584425841136725,netherlands_2026_R,true_negative
netherlands_2026_R_00822,netherlands_2026_R,Dutch Grand Prix,1.0,gbdt,0.36159632314401763,netherlands_2026_R,other
netherlands_2026_R_00823,netherlands_2026_R,Dutch Grand Prix,1.0,gbdt,0.26756687117792216,netherlands_2026_R,other
netherlands_2026_R_00828,netherlands_2026_R,Dutch Grand Prix,1.0,gbdt,0.16166911325199526,netherlands_2026_R,false_negative
netherlands_2026_R_00830,netherlands_2026_R,Dutch Grand Prix,0.0,gbdt,0.2981052940562802,netherlands_2026_R,other
netherlands_2026_R_00831,netherlands_2026_R,Dutch Grand Prix,0.0,gbdt,0.22380729787545825,netherlands_2026_R,other
netherlands_2026_R_00832,netherlands_2026_R,Dutch Grand Prix,0.0,gbdt,0.5210959438956361,netherlands_2026_R,false_positive
netherlands_2026_R_00833,netherlands_2026_R,Dutch Grand Prix,1.0,gbdt,0.33878146756503813,netherlands_2026_R,other
netherlands_2026_R_00840,netherlands_2026_R,Dutch Grand Prix,0.0,gbdt,0.39619938205355415,netherlands_2026_R,other
netherlands_2026_R_00841,netherlands_2026_R,Dutch Grand Prix,1.0,gbdt,0.4669097873280743,netherlands_2026_R,other
netherlands_2026_R_00842,netherlands_2026_R,Dutch Grand Prix,0.0,gbdt,0.19861512002336454,netherlands_2026_R,true_negative
netherlands_2026_R_00845,netherlands_2026_R,Dutch Grand Prix,1.0,gbdt,0.5247825706375125,netherlands_2026_R,true_positive
netherlands_2026_R_00848,netherlands_2026_R,Dutch Grand Prix,0.0,gbdt,0.15043108345873105,netherlands_2026_R,true_negative
netherlands_2026_R_00852,netherlands_2026_R,Dutch Grand Prix,0.0,gbdt,0.38913457445508676,netherlands_2026_R,other
netherlands_2026_R_00853,netherlands_2026_R,Dutch Grand Prix,1.0,gbdt,0.3019965369938232,netherlands_2026_R,other
netherlands_2026_R_00854,netherlands_2026_R,Dutch Grand Prix,0.0,gbdt,0.030016782252478853,netherlands_2026_R,true_negative
netherlands_2026_R_00855,netherlands_2026_R,Dutch Grand Prix,0.0,gbdt,0.16567764914924363,netherlands_2026_R,true_negative
netherlands_2026_R_00856,netherlands_2026_R,Dutch Grand Prix,0.0,gbdt,0.1750286139763696,netherlands_2026_R,true_negative
netherlands_2026_R_00858,netherlands_2026_R,Dutch Grand Prix,1.0,gbdt,0.8842861998620559,netherlands_2026_R,true_positive
netherlands_2026_R_00860,netherlands_2026_R,Dutch Grand Prix,0.0,gbdt,0.09982718619749409,netherlands_2026_R,true_negative
netherlands_2026_R_00861,netherlands_2026_R,Dutch Grand Prix,0.0,gbdt,0.06677501110789577,netherlands_2026_R,true_negative
netherlands_2026_R_00862,netherlands_2026_R,Dutch Grand Prix,1.0,gbdt,0.7906874482870145,netherlands_2026_R,true_positive
netherlands_2026_R_00863,netherlands_2026_R,Dutch Grand Prix,1.0,gbdt,0.7058970481876714,netherlands_2026_R,true_positive
netherlands_2026_R_00865,netherlands_2026_R,Dutch Grand Prix,1.0,gbdt,0.3004564880700779,netherlands_2026_R,other
netherlands_2026_R_00866,netherlands_2026_R,Dutch Grand Prix,1.0,gbdt,0.11140418510272279,netherlands_2026_R,false_negative
netherlands_2026_R_00867,netherlands_2026_R,Dutch Grand Prix,0.0,gbdt,0.06141966976970957,netherlands_2026_R,true_negative
netherlands_2026_R_00869,netherlands_2026_R,Dutch Grand Prix,1.0,gbdt,0.8813196849611236,netherlands_2026_R,true_positive
netherlands_2026_R_00870,netherlands_2026_R,Dutch Grand Prix,1.0,gbdt,0.7476363106247785,netherlands_2026_R,true_positive
netherlands_2026_R_00872,netherlands_2026_R,Dutch Grand Prix,0.0,gbdt,0.24650186283404063,netherlands_2026_R,other
netherlands_2026_R_00878,netherlands_2026_R,Dutch Grand Prix,0.0,gbdt,0.26289604872840117,netherlands_2026_R,other
netherlands_2026_R_00880,netherlands_2026_R,Dutch Grand Prix,1.0,gbdt,0.7437379840709949,netherlands_2026_R,true_positive
netherlands_2026_R_00882,netherlands_2026_R,Dutch Grand Prix,1.0,gbdt,0.5303374501826216,netherlands_2026_R,true_positive
netherlands_2026_R_00884,netherlands_2026_R,Dutch Grand Prix,0.0,gbdt,0.03453319182809178,netherlands_2026_R,true_negative
netherlands_2026_R_00885,netherlands_2026_R,Dutch Grand Prix,1.0,gbdt,0.13679492303963595,netherlands_2026_R,false_negative
netherlands_2026_R_00888,netherlands_2026_R,Dutch Grand Prix,0.0,gbdt,0.3166658395101493,netherlands_2026_R,other
netherlands_2026_R_00890,netherlands_2026_R,Dutch Grand Prix,0.0,gbdt,0.7053370792933937,netherlands_2026_R,false_positive
netherlands_2026_R_00893,netherlands_2026_R,Dutch Grand Prix,0.0,gbdt,0.32694493911409495,netherlands_2026_R,other
netherlands_2026_R_00895,netherlands_2026_R,Dutch Grand Prix,0.0,gbdt,0.1822905155621681,netherlands_2026_R,true_negative
netherlands_2026_R_00897,netherlands_2026_R,Dutch Grand Prix,0.0,gbdt,0.07467263680478618,netherlands_2026_R,true_negative
netherlands_2026_R_00898,netherlands_2026_R,Dutch Grand Prix,0.0,gbdt,0.18973996905989718,netherlands_2026_R,true_negative
netherlands_2026_R_00899,netherlands_2026_R,Dutch Grand Prix,0.0,gbdt,0.4005202601931655,netherlands_2026_R,other
netherlands_2026_R_00900,netherlands_2026_R,Dutch Grand Prix,1.0,gbdt,0.40219650608296525,netherlands_2026_R,other
netherlands_2026_R_00903,netherlands_2026_R,Dutch Grand Prix,0.0,gbdt,0.02894781397834847,netherlands_2026_R,true_negative
netherlands_2026_R_00904,netherlands_2026_R,Dutch Grand Prix,0.0,gbdt,0.03038091795019804,netherlands_2026_R,true_negative
netherlands_2026_R_00905,netherlands_2026_R,Dutch Grand Prix,1.0,gbdt,0.4181631968209115,netherlands_2026_R,other
netherlands_2026_R_00906,netherlands_2026_R,Dutch Grand Prix,1.0,gbdt,0.6409874039194582,netherlands_2026_R,true_positive
netherlands_2026_R_00907,netherlands_2026_R,Dutch Grand Prix,0.0,gbdt,0.26334333538069443,netherlands_2026_R,other
netherlands_2026_R_00908,netherlands_2026_R,Dutch Grand Prix,0.0,gbdt,0.6149724879915761,netherlands_2026_R,false_positive
netherlands_2026_R_00909,netherlands_2026_R,Dutch Grand Prix,1.0,gbdt,0.8587650049228472,netherlands_2026_R,true_positive
netherlands_2026_R_00910,netherlands_2026_R,Dutch Grand Prix,1.0,gbdt,0.8563466107595543,netherlands_2026_R,true_positive
netherlands_2026_R_00911,netherlands_2026_R,Dutch Grand Prix,0.0,gbdt,0.1591359299461908,netherlands_2026_R,true_negative
netherlands_2026_R_00912,netherlands_2026_R,Dutch Grand Prix,0.0,gbdt,0.012423255673459616,netherlands_2026_R,true_negative
netherlands_2026_R_00914,netherlands_2026_R,Dutch Grand Prix,0.0,gbdt,0.1571013228408949,netherlands_2026_R,true_negative
netherlands_2026_R_00920,netherlands_2026_R,Dutch Grand Prix,0.0,gbdt,0.18539579074635384,netherlands_2026_R,true_negative
netherlands_2026_R_00929,netherlands_2026_R,Dutch Grand Prix,0.0,gbdt,0.542957064404652,netherlands_2026_R,false_positive
netherlands_2026_R_00930,netherlands_2026_R,Dutch Grand Prix,0.0,gbdt,0.4755915162670462,netherlands_2026_R,other
netherlands_2026_R_00932,netherlands_2026_R,Dutch Grand Prix,0.0,gbdt,0.10714227959378622,netherlands_2026_R,true_negative
netherlands_2026_R_00933,netherlands_2026_R,Dutch Grand Prix,0.0,gbdt,0.01584922760505316,netherlands_2026_R,true_negative
netherlands_2026_R_00934,netherlands_2026_R,Dutch Grand Prix,0.0,gbdt,0.03228196183323538,netherlands_2026_R,true_negative
netherlands_2026_R_00943,netherlands_2026_R,Dutch Grand Prix,0.0,gbdt,0.03832929009681999,netherlands_2026_R,true_negative
netherlands_2026_R_00946,netherlands_2026_R,Dutch Grand Prix,0.0,gbdt,0.03810796105272472,netherlands_2026_R,true_negative
netherlands_2026_R_00947,netherlands_2026_R,Dutch Grand Prix,0.0,gbdt,0.01210571295913208,netherlands_2026_R,true_negative
netherlands_2026_R_00950,netherlands_2026_R,Dutch Grand Prix,0.0,gbdt,0.07650429924024836,netherlands_2026_R,true_negative
netherlands_2026_R_00952,netherlands_2026_R,Dutch Grand Prix,0.0,gbdt,0.014554932143201572,netherlands_2026_R,true_negative
netherlands_2026_R_00953,netherlands_2026_R,Dutch Grand Prix,0.0,gbdt,0.05612508118972005,netherlands_2026_R,true_negative
netherlands_2026_R_00954,netherlands_2026_R,Dutch Grand Prix,0.0,gbdt,0.03072641265301724,netherlands_2026_R,true_negative
netherlands_2026_R_00956,netherlands_2026_R,Dutch Grand Prix,0.0,gbdt,0.027323991652454166,netherlands_2026_R,true_negative
netherlands_2026_R_00958,netherlands_2026_R,Dutch Grand Prix,0.0,gbdt,0.025191543470679607,netherlands_2026_R,true_negative
netherlands_2026_R_00961,netherlands_2026_R,Dutch Grand Prix,0.0,gbdt,0.06545694127668444,netherlands_2026_R,true_negative
netherlands_2026_R_00962,netherlands_2026_R,Dutch Grand Prix,0.0,gbdt,0.013418664670269498,netherlands_2026_R,true_negative
netherlands_2026_R_00963,netherlands_2026_R,Dutch Grand Prix,0.0,gbdt,0.021277578476514174,netherlands_2026_R,true_negative
netherlands_2026_R_00967,netherlands_2026_R,Dutch Grand Prix,0.0,gbdt,0.03169277950284955,netherlands_2026_R,true_negative
netherlands_2026_R_00968,netherlands_2026_R,Dutch Grand Prix,0.0,gbdt,0.02642540527504346,netherlands_2026_R,true_negative
netherlands_2026_R_00969,netherlands_2026_R,Dutch Grand Prix,0.0,gbdt,0.27083882432360745,netherlands_2026_R,other
netherlands_2026_R_00972,netherlands_2026_R,Dutch Grand Prix,0.0,gbdt,0.026648974991684754,netherlands_2026_R,true_negative
netherlands_2026_R_00974,netherlands_2026_R,Dutch Grand Prix,0.0,gbdt,0.0517889314825466,netherlands_2026_R,true_negative
netherlands_2026_R_00975,netherlands_2026_R,Dutch Grand Prix,0.0,gbdt,0.18830548089091173,netherlands_2026_R,true_negative
netherlands_2026_R_00978,netherlands_2026_R,Dutch Grand Prix,0.0,gbdt,0.27859006930973906,netherlands_2026_R,other
netherlands_2026_R_00980,netherlands_2026_R,Dutch Grand Prix,0.0,gbdt,0.008251841163774533,netherlands_2026_R,true_negative
netherlands_2026_R_00981,netherlands_2026_R,Dutch Grand Prix,0.0,gbdt,0.1380635444301389,netherlands_2026_R,true_negative
netherlands_2026_R_00983,netherlands_2026_R,Dutch Grand Prix,0.0,gbdt,0.2624777560883847,netherlands_2026_R,other
netherlands_2026_R_00984,netherlands_2026_R,Dutch Grand Prix,0.0,gbdt,0.5502431859086263,netherlands_2026_R,false_positive
netherlands_2026_R_00985,netherlands_2026_R,Dutch Grand Prix,0.0,gbdt,0.03021118513617117,netherlands_2026_R,true_negative
netherlands_2026_R_00987,netherlands_2026_R,Dutch Grand Prix,0.0,gbdt,0.011810527883479338,netherlands_2026_R,true_negative
netherlands_2026_R_00990,netherlands_2026_R,Dutch Grand Prix,0.0,gbdt,0.11428004430057957,netherlands_2026_R,true_negative
netherlands_2026_R_00991,netherlands_2026_R,Dutch Grand Prix,0.0,gbdt,0.2857768816901435,netherlands_2026_R,other
netherlands_2026_R_00992,netherlands_2026_R,Dutch Grand Prix,0.0,gbdt,0.005704374623568542,netherlands_2026_R,true_negative
netherlands_2026_R_00994,netherlands_2026_R,Dutch Grand Prix,0.0,gbdt,0.0252027813427556,netherlands_2026_R,true_negative
netherlands_2026_R_00995,netherlands_2026_R,Dutch Grand Prix,0.0,gbdt,0.05384059367484596,netherlands_2026_R,true_negative
netherlands_2026_R_00998,netherlands_2026_R,Dutch Grand Prix,0.0,gbdt,0.01056334479778821,netherlands_2026_R,true_negative
netherlands_2026_R_01046,netherlands_2026_R,Dutch Grand Prix,0.0,gbdt,0.17588666856422644,netherlands_2026_R,true_negative
netherlands_2026_R_01049,netherlands_2026_R,Dutch Grand Prix,0.0,gbdt,0.047894052771907315,netherlands_2026_R,true_negative
netherlands_2026_R_01051,netherlands_2026_R,Dutch Grand Prix,1.0,gbdt,0.44169887921126316,netherlands_2026_R,other
netherlands_2026_R_01052,netherlands_2026_R,Dutch Grand Prix,0.0,gbdt,0.3638296840545648,netherlands_2026_R,other
netherlands_2026_R_01055,netherlands_2026_R,Dutch Grand Prix,1.0,gbdt,0.7882197639467888,netherlands_2026_R,true_positive
netherlands_2026_R_01057,netherlands_2026_R,Dutch Grand Prix,0.0,gbdt,0.005034536594270536,netherlands_2026_R,true_negative
netherlands_2026_R_01058,netherlands_2026_R,Dutch Grand Prix,1.0,gbdt,0.8396466995391234,netherlands_2026_R,true_positive
netherlands_2026_R_01059,netherlands_2026_R,Dutch Grand Prix,0.0,gbdt,0.00387976250799242,netherlands_2026_R,true_negative
netherlands_2026_R_01061,netherlands_2026_R,Dutch Grand Prix,0.0,gbdt,0.007655814683164615,netherlands_2026_R,true_negative
netherlands_2026_R_01062,netherlands_2026_R,Dutch Grand Prix,0.0,gbdt,0.034847601777014535,netherlands_2026_R,true_negative
netherlands_2026_R_01063,netherlands_2026_R,Dutch Grand Prix,0.0,gbdt,0.018976377023177907,netherlands_2026_R,true_negative
netherlands_2026_R_01064,netherlands_2026_R,Dutch Grand Prix,0.0,gbdt,0.039241609342022206,netherlands_2026_R,true_negative
netherlands_2026_R_01065,netherlands_2026_R,Dutch Grand Prix,0.0,gbdt,0.009474262884725186,netherlands_2026_R,true_negative
netherlands_2026_R_01067,netherlands_2026_R,Dutch Grand Prix,1.0,gbdt,0.04710138891097692,netherlands_2026_R,false_negative
netherlands_2026_R_01068,netherlands_2026_R,Dutch Grand Prix,0.0,gbdt,0.020893953460785885,netherlands_2026_R,true_negative
netherlands_2026_R_01070,netherlands_2026_R,Dutch Grand Prix,0.0,gbdt,0.03433009140521966,netherlands_2026_R,true_negative
netherlands_2026_R_01071,netherlands_2026_R,Dutch Grand Prix,0.0,gbdt,0.005407843505212498,netherlands_2026_R,true_negative
netherlands_2026_R_01072,netherlands_2026_R,Dutch Grand Prix,0.0,gbdt,0.09176512595046288,netherlands_2026_R,true_negative
netherlands_2026_R_01074,netherlands_2026_R,Dutch Grand Prix,0.0,gbdt,0.011000042517979945,netherlands_2026_R,true_negative
netherlands_2026_R_01076,netherlands_2026_R,Dutch Grand Prix,0.0,gbdt,0.009570684417581287,netherlands_2026_R,true_negative
netherlands_2026_R_01077,netherlands_2026_R,Dutch Grand Prix,1.0,gbdt,0.4902435563651934,netherlands_2026_R,other
netherlands_2026_R_01078,netherlands_2026_R,Dutch Grand Prix,0.0,gbdt,0.10955168808194383,netherlands_2026_R,true_negative
netherlands_2026_R_01079,netherlands_2026_R,Dutch Grand Prix,0.0,gbdt,0.008857115632504043,netherlands_2026_R,true_negative
netherlands_2026_R_01082,netherlands_2026_R,Dutch Grand Prix,1.0,gbdt,0.8504842070074451,netherlands_2026_R,true_positive
netherlands_2026_R_01083,netherlands_2026_R,Dutch Grand Prix,0.0,gbdt,0.007205819006514537,netherlands_2026_R,true_negative
netherlands_2026_R_01084,netherlands_2026_R,Dutch Grand Prix,1.0,gbdt,0.6146526974703593,netherlands_2026_R,true_positive
netherlands_2026_R_01085,netherlands_2026_R,Dutch Grand Prix,1.0,gbdt,0.7719428508485243,netherlands_2026_R,true_positive
netherlands_2026_R_01086,netherlands_2026_R,Dutch Grand Prix,0.0,gbdt,0.0291035310049462,netherlands_2026_R,true_negative
netherlands_2026_R_01087,netherlands_2026_R,Dutch Grand Prix,0.0,gbdt,0.004662946026602712,netherlands_2026_R,true_negative
netherlands_2026_R_01089,netherlands_2026_R,Dutch Grand Prix,0.0,gbdt,0.025317298649188805,netherlands_2026_R,true_negative
netherlands_2026_R_01090,netherlands_2026_R,Dutch Grand Prix,1.0,gbdt,0.7489749253987359,netherlands_2026_R,true_positive
netherlands_2026_R_01091,netherlands_2026_R,Dutch Grand Prix,0.0,gbdt,0.0085277504776429,netherlands_2026_R,true_negative
netherlands_2026_R_01092,netherlands_2026_R,Dutch Grand Prix,0.0,gbdt,0.009925711643254249,netherlands_2026_R,true_negative
netherlands_2026_R_01093,netherlands_2026_R,Dutch Grand Prix,0.0,gbdt,0.049816666738259324,netherlands_2026_R,true_negative
netherlands_2026_R_01094,netherlands_2026_R,Dutch Grand Prix,0.0,gbdt,0.1648897602603621,netherlands_2026_R,true_negative
netherlands_2026_R_01095,netherlands_2026_R,Dutch Grand Prix,0.0,gbdt,0.326060708592047,netherlands_2026_R,other
netherlands_2026_R_01096,netherlands_2026_R,Dutch Grand Prix,1.0,gbdt,0.41850472987552656,netherlands_2026_R,other
netherlands_2026_R_01098,netherlands_2026_R,Dutch Grand Prix,0.0,gbdt,0.007191445350619816,netherlands_2026_R,true_negative
netherlands_2026_R_01099,netherlands_2026_R,Dutch Grand Prix,0.0,gbdt,0.009817803189300815,netherlands_2026_R,true_negative
netherlands_2026_R_01100,netherlands_2026_R,Dutch Grand Prix,0.0,gbdt,0.015506347559928399,netherlands_2026_R,true_negative
netherlands_2026_R_01101,netherlands_2026_R,Dutch Grand Prix,1.0,gbdt,0.3767200583167293,netherlands_2026_R,other
netherlands_2026_R_01102,netherlands_2026_R,Dutch Grand Prix,0.0,gbdt,0.007537471390496968,netherlands_2026_R,true_negative
netherlands_2026_R_01104,netherlands_2026_R,Dutch Grand Prix,0.0,gbdt,0.07280533437134092,netherlands_2026_R,true_negative
netherlands_2026_R_01105,netherlands_2026_R,Dutch Grand Prix,0.0,gbdt,0.03321483205779818,netherlands_2026_R,true_negative
netherlands_2026_R_01106,netherlands_2026_R,Dutch Grand Prix,0.0,gbdt,0.01071913028765751,netherlands_2026_R,true_negative
netherlands_2026_R_01107,netherlands_2026_R,Dutch Grand Prix,0.0,gbdt,0.00489896472462909,netherlands_2026_R,true_negative
netherlands_2026_R_01108,netherlands_2026_R,Dutch Grand Prix,0.0,gbdt,0.02250092779127748,netherlands_2026_R,true_negative
netherlands_2026_R_01109,netherlands_2026_R,Dutch Grand Prix,0.0,gbdt,0.008480948334477783,netherlands_2026_R,true_negative
netherlands_2026_R_01110,netherlands_2026_R,Dutch Grand Prix,0.0,gbdt,0.008417110869666606,netherlands_2026_R,true_negative
netherlands_2026_R_01111,netherlands_2026_R,Dutch Grand Prix,0.0,gbdt,0.07554737306048918,netherlands_2026_R,true_negative
netherlands_2026_R_01112,netherlands_2026_R,Dutch Grand Prix,0.0,gbdt,0.042469972341714866,netherlands_2026_R,true_negative
netherlands_2026_R_01113,netherlands_2026_R,Dutch Grand Prix,0.0,gbdt,0.010807148621629563,netherlands_2026_R,true_negative
netherlands_2026_R_01114,netherlands_2026_R,Dutch Grand Prix,0.0,gbdt,0.005383741031852049,netherlands_2026_R,true_negative
netherlands_2026_R_01115,netherlands_2026_R,Dutch Grand Prix,0.0,gbdt,0.004355159635444717,netherlands_2026_R,true_negative
netherlands_2026_R_01116,netherlands_2026_R,Dutch Grand Prix,0.0,gbdt,0.05726322024768499,netherlands_2026_R,true_negative
netherlands_2026_R_01117,netherlands_2026_R,Dutch Grand Prix,0.0,gbdt,0.008795293895617413,netherlands_2026_R,true_negative
netherlands_2026_R_01118,netherlands_2026_R,Dutch Grand Prix,0.0,gbdt,0.010331110527858725,netherlands_2026_R,true_negative
netherlands_2026_R_01119,netherlands_2026_R,Dutch Grand Prix,0.0,gbdt,0.5166838292624322,netherlands_2026_R,false_positive
netherlands_2026_R_01120,netherlands_2026_R,Dutch Grand Prix,0.0,gbdt,0.012661535410777532,netherlands_2026_R,true_negative
netherlands_2026_R_01121,netherlands_2026_R,Dutch Grand Prix,0.0,gbdt,0.019422610550071145,netherlands_2026_R,true_negative
netherlands_2026_R_01122,netherlands_2026_R,Dutch Grand Prix,0.0,gbdt,0.004575671099704076,netherlands_2026_R,true_negative
netherlands_2026_R_01125,netherlands_2026_R,Dutch Grand Prix,0.0,gbdt,0.007739190355954749,netherlands_2026_R,true_negative
netherlands_2026_R_01126,netherlands_2026_R,Dutch Grand Prix,1.0,gbdt,0.3552530589700309,netherlands_2026_R,other
netherlands_2026_R_01127,netherlands_2026_R,Dutch Grand Prix,0.0,gbdt,0.02577981850313433,netherlands_2026_R,true_negative
netherlands_2026_R_01128,netherlands_2026_R,Dutch Grand Prix,0.0,gbdt,0.28102084306929104,netherlands_2026_R,other
netherlands_2026_R_01130,netherlands_2026_R,Dutch Grand Prix,0.0,gbdt,0.005492766040341784,netherlands_2026_R,true_negative
netherlands_2026_R_01132,netherlands_2026_R,Dutch Grand Prix,0.0,gbdt,0.0064089640315245465,netherlands_2026_R,true_negative
netherlands_2026_R_01133,netherlands_2026_R,Dutch Grand Prix,0.0,gbdt,0.010300949391756976,netherlands_2026_R,true_negative
netherlands_2026_R_01134,netherlands_2026_R,Dutch Grand Prix,0.0,gbdt,0.051522907558836116,netherlands_2026_R,true_negative
netherlands_2026_R_01135,netherlands_2026_R,Dutch Grand Prix,0.0,gbdt,0.3404517021296783,netherlands_2026_R,other
netherlands_2026_R_01136,netherlands_2026_R,Dutch Grand Prix,0.0,gbdt,0.6186178733522801,netherlands_2026_R,false_positive
netherlands_2026_R_01137,netherlands_2026_R,Dutch Grand Prix,0.0,gbdt,0.1387894846287616,netherlands_2026_R,true_negative
netherlands_2026_R_01141,netherlands_2026_R,Dutch Grand Prix,0.0,gbdt,0.05515906965272505,netherlands_2026_R,true_negative
netherlands_2026_R_01142,netherlands_2026_R,Dutch Grand Prix,0.0,gbdt,0.03931350366078019,netherlands_2026_R,true_negative
netherlands_2026_R_01145,netherlands_2026_R,Dutch Grand Prix,0.0,gbdt,0.03708122821450127,netherlands_2026_R,true_negative
netherlands_2026_R_01146,netherlands_2026_R,Dutch Grand Prix,0.0,gbdt,0.010067387686709242,netherlands_2026_R,true_negative
netherlands_2026_R_01148,netherlands_2026_R,Dutch Grand Prix,0.0,gbdt,0.014298553913777183,netherlands_2026_R,true_negative
netherlands_2026_R_01149,netherlands_2026_R,Dutch Grand Prix,0.0,gbdt,0.025111889810797643,netherlands_2026_R,true_negative
netherlands_2026_R_01151,netherlands_2026_R,Dutch Grand Prix,0.0,gbdt,0.04180687572766499,netherlands_2026_R,true_negative
netherlands_2026_R_01152,netherlands_2026_R,Dutch Grand Prix,0.0,gbdt,0.007739190355954749,netherlands_2026_R,true_negative
netherlands_2026_R_01154,netherlands_2026_R,Dutch Grand Prix,0.0,gbdt,0.09019534916386858,netherlands_2026_R,true_negative
netherlands_2026_R_01159,netherlands_2026_R,Dutch Grand Prix,0.0,gbdt,0.07021268280114241,netherlands_2026_R,true_negative
netherlands_2026_R_01160,netherlands_2026_R,Dutch Grand Prix,0.0,gbdt,0.01818769384744788,netherlands_2026_R,true_negative
netherlands_2026_R_01161,netherlands_2026_R,Dutch Grand Prix,0.0,gbdt,0.07124943183734836,netherlands_2026_R,true_negative
netherlands_2026_R_01162,netherlands_2026_R,Dutch Grand Prix,0.0,gbdt,0.01759903468623483,netherlands_2026_R,true_negative
