event_id,race_id,year,circuit,attacker,target,target_number,event_start_time,event_end_time,event_duration_s,in_band_duration_s,horizon_end_time,horizon_s_effective,event_start_lap,n_samples_in_episode,gap_at_start_m,gap_at_start_s_crude_audit,gap_min_in_episode_m,attacker_speed_at_start_kmh,target_speed_same_time_kmh_audit,relative_speed_same_time_kmh_audit,closing_speed_v1_kmh_audit,closing_speed_v1_window_s_audit,closing_speed_v1_available_audit,attacker_position,target_position,track_distance_at_start_m,zone_id,distance_to_next_corner_m,distance_to_next_straight_m,compound,tyre_age,stint,EstimatedEnergyIndex,LookaheadDeployProxy,LookaheadHarvestProxy,LookaheadCoveredM,lookahead_truncated,TrackStatus,freeze_flag,event_type,overtake_success,actual_swap_delay_s,pass_after_horizon,attacker_PositionChange_audit,target_speed_at_attacker_position_kmh,relative_speed_same_position_kmh,spatial_time_gap_s,spatial_alignment_ok,spatial_alignment_lag_raw_s,closing_speed_at_start_kmh,closing_speed_n_samples,closing_speed_available,closing_speed_window_s,zone_type,track_position_frac,circuit_length_m,corner_count,longest_straight_m,n_long_straights_over_500m,pair_id,cluster_id,reciprocal_event_id,window_crosses_start_finish,detector_version
monaco_2026_R_00001,monaco_2026_R,2026,Monaco Grand Prix,HAM,ANT,12,2026-06-07 13:04:37.400,2026-06-07 13:04:41.921,4.521,4.521,2026-06-07 13:05:07.400,30.0,2,18,94.69944444444442,1.3636719999999998,56.777499999999975,250.0,129.0,121.0,36.09954058193261,1.959,True,2.0,1.0,66.37916666666666,straight_01,156.87325837042522,216.87325837042522,MEDIUM,2.0,1.0,0.9723774488883183,15746.894086223556,57839.89125757988,400.0,False,1,False,CLOSE_INTERACTION_NO_PASS,0.0,,False,0.0,263.0,-13.0,1.836387,True,1.836387,27.1007105520615,11,True,3.0,straight,0.01904852321633675,3484.7408333333333,19,431.47976220214423,0,monaco_2026_R|ANT|HAM,monaco_2026_R|L2|monaco_2026_R|ANT|HAM,,False,v4_t0_anchored_30s_horizon
monaco_2026_R_00002,monaco_2026_R,2026,Monaco Grand Prix,LEC,HAM,44,2026-06-07 13:04:38.121,2026-06-07 13:08:28.482,230.361,230.361,2026-06-07 13:05:08.121,30.0,2,782,75.37083333333334,1.043596153846154,10.067222222218788,260.0,204.0,56.0,16.455851063833034,1.88,True,3.0,2.0,35.076666666666654,straight_01,188.17575837042523,248.17575837042523,MEDIUM,2.0,1.0,0.9689585046781557,15155.064862010064,65667.24182147061,400.0,False,1,False,CLOSE_INTERACTION_NO_PASS,0.0,,False,0.0,256.5929625984252,3.4070374015748257,1.168437,True,1.168437,9.974996352984414,11,True,3.0,straight,0.010065789206227433,3484.7408333333333,19,431.47976220214423,0,monaco_2026_R|HAM|LEC,monaco_2026_R|L2|monaco_2026_R|HAM|LEC,,False,v4_t0_anchored_30s_horizon
monaco_2026_R_00003,monaco_2026_R,2026,Monaco Grand Prix,HAD,LEC,16,2026-06-07 13:04:39.241,2026-06-07 13:05:18.961,39.72,39.72,2026-06-07 13:05:09.241,30.0,2,145,83.65972222222221,1.181078431372549,10.466388888889014,255.0,211.0,44.0,7.890277023351168,1.841,True,4.0,3.0,26.61388888888888,straight_01,196.638536148203,256.638536148203,MEDIUM,2.0,1.0,0.9645314853782239,14995.06105378665,67783.402780211,400.0,False,1,False,CLOSE_INTERACTION_NO_PASS,0.0,,False,0.0,260.0,-5.0,1.237176,True,1.237176,-25.96584469650898,12,True,3.0,straight,0.007637264910581982,3484.7408333333333,19,431.47976220214423,0,monaco_2026_R|HAD|LEC,monaco_2026_R|L2|monaco_2026_R|HAD|LEC,,False,v4_t0_anchored_30s_horizon
monaco_2026_R_00004,monaco_2026_R,2026,Monaco Grand Prix,RUS,HAD,6,2026-06-07 13:04:40.081,2026-06-07 13:05:20.161,40.08,40.08,2026-06-07 13:05:10.081,30.0,2,148,63.64027777777778,0.8612969924812031,26.784444444444034,266.0,238.0,28.0,-16.95765306122671,1.96,True,5.0,4.0,20.766666666666666,straight_01,202.48575837042523,262.48575837042523,MEDIUM,2.0,1.0,0.9710572774401527,14884.508957577667,69245.53066642792,400.0,False,1,False,CLOSE_INTERACTION_NO_PASS,0.0,,False,0.0,255.0,11.0,0.922549,True,0.922549,-4.521522510950596,12,True,3.0,straight,0.0059593145257813285,3484.7408333333333,19,431.47976220214423,0,monaco_2026_R|HAD|RUS,monaco_2026_R|L2|monaco_2026_R|HAD|RUS,,False,v4_t0_anchored_30s_horizon
monaco_2026_R_00005,monaco_2026_R,2026,Monaco Grand Prix,PIA,RUS,63,2026-06-07 13:04:42.201,2026-06-07 13:04:47.641,5.44,5.44,2026-06-07 13:05:12.201,30.0,2,22,92.93444444444441,1.3068906249999994,50.94749999999996,256.0,143.0,113.0,19.85978260871003,1.8399999999999999,True,6.0,5.0,51.52444444444444,straight_01,171.72798059264744,231.72798059264744,MEDIUM,2.0,1.0,0.976113920230556,15466.039243042189,61554.39068614154,400.0,False,1,False,CLOSE_INTERACTION_NO_PASS,0.0,,False,0.0,264.302687673772,-8.302687673772027,1.698923,True,1.698923,41.93452836036826,12,True,3.0,straight,0.014785732112869545,3484.7408333333333,19,431.47976220214423,0,monaco_2026_R|PIA|RUS,monaco_2026_R|L2|monaco_2026_R|PIA|RUS,,False,v4_t0_anchored_30s_horizon
monaco_2026_R_00006,monaco_2026_R,2026,Monaco Grand Prix,GAS,PIA,81,2026-06-07 13:04:42.761,2026-06-07 13:08:03.602,200.841,200.841,2026-06-07 13:05:12.761,30.0,2,735,48.13861111111111,0.6490599250936329,10.228611111111604,267.0,215.0,52.0,4.70053191488736,1.88,True,7.0,6.0,39.42277777777778,straight_01,183.8296472593141,243.8296472593141,MEDIUM,2.0,1.0,0.9699229537626047,15237.235792997511,64580.4744624326,400.0,False,1,False,CLOSE_INTERACTION_NO_PASS,0.0,,False,0.0,259.03892299107144,7.961077008928555,0.730179,True,0.730179,-8.39379319582222,12,True,3.0,straight,0.011312972660887344,3484.7408333333333,19,431.47976220214423,0,monaco_2026_R|GAS|PIA,monaco_2026_R|L2|monaco_2026_R|GAS|PIA,,False,v4_t0_anchored_30s_horizon
monaco_2026_R_00007,monaco_2026_R,2026,Monaco Grand Prix,NOR,GAS,10,2026-06-07 13:04:42.961,2026-06-07 13:14:23.483,580.522,579.201,2026-06-07 13:05:12.961,30.0,2,2108,39.148888888888884,0.5338484848484848,10.016666666666424,264.0,269.0,-5.0,5.325531914893314,1.88,True,8.0,7.0,15.305555555555554,straight_01,207.94686948153634,267.94686948153634,MEDIUM,2.0,1.0,0.9720059598094071,14781.256976035218,70611.10949032458,400.0,False,1,False,CLOSE_INTERACTION_NO_PASS,0.0,,False,0.0,,,,False,,-43.99013849632539,12,True,3.0,straight,0.004392164665202664,3484.7408333333333,19,431.47976220214423,0,monaco_2026_R|GAS|NOR,monaco_2026_R|L2|monaco_2026_R|GAS|NOR,,False,v4_t0_anchored_30s_horizon
monaco_2026_R_00008,monaco_2026_R,2026,Monaco Grand Prix,LAW,NOR,1,2026-06-07 13:04:43.960,2026-06-07 13:10:11.402,327.442,327.442,2026-06-07 13:05:13.960,30.0,2,1202,46.294722222222205,0.6289094339622638,13.339722222222463,265.0,229.0,36.0,-29.42239909039484,1.759,True,9.0,8.0,38.013333333333335,straight_01,185.23909170375856,245.23909170375856,MEDIUM,2.0,1.0,0.9724468504519139,15210.587748524142,64932.91326978009,400.0,False,1,False,CLOSE_INTERACTION_NO_PASS,0.0,,False,0.0,265.46135849056606,-0.46135849056605593,0.691271,True,0.691271,5.589033275061497,13,True,3.0,straight,0.0109085108911734,3484.7408333333333,19,431.47976220214423,0,monaco_2026_R|LAW|NOR,monaco_2026_R|L2|monaco_2026_R|LAW|NOR,,False,v4_t0_anchored_30s_horizon
monaco_2026_R_00009,monaco_2026_R,2026,Monaco Grand Prix,ALB,LAW,30,2026-06-07 13:04:44.761,2026-06-07 13:08:07.841,203.08,203.08,2026-06-07 13:05:14.761,30.0,2,700,50.89055555555555,0.6887443609022557,10.032222222222572,266.0,215.0,51.0,-0.6269999999981508,2.0,True,10.0,9.0,38.51805555555556,straight_01,184.7343694815363,244.7343694815363,MEDIUM,2.0,1.0,0.9673264234789126,15220.130416401185,64806.7048911931,400.0,False,1,False,CLOSE_INTERACTION_NO_PASS,0.0,,False,0.0,264.8607662835249,1.1392337164750757,0.794038,True,0.794038,-3.715881059658547,13,True,3.0,straight,0.011053348698735529,3484.7408333333333,19,431.47976220214423,0,monaco_2026_R|ALB|LAW,monaco_2026_R|L2|monaco_2026_R|ALB|LAW,,False,v4_t0_anchored_30s_horizon
monaco_2026_R_00010,monaco_2026_R,2026,Monaco Grand Prix,SAI,ALB,23,2026-06-07 13:04:45.721,2026-06-07 13:05:29.441,43.72,43.72,2026-06-07 13:05:15.721,30.0,2,160,83.755,1.1508320610687024,22.74861111111113,262.0,226.0,36.0,-77.19988642816257,1.7610000000000001,True,11.0,10.0,20.90361111111111,straight_01,202.34881392598078,262.3488139259808,MEDIUM,2.0,1.0,0.9710325297685869,14887.098134937813,69211.2870061949,400.0,False,1,False,CLOSE_INTERACTION_NO_PASS,0.0,,False,0.0,,,,False,,-43.23129280437845,13,True,3.0,straight,0.005998612841206827,3484.7408333333333,19,431.47976220214423,0,monaco_2026_R|ALB|SAI,monaco_2026_R|L2|monaco_2026_R|ALB|SAI,,False,v4_t0_anchored_30s_horizon
monaco_2026_R_00011,monaco_2026_R,2026,Monaco Grand Prix,HUL,SAI,55,2026-06-07 13:04:46.161,2026-06-07 13:15:32.643,646.482,646.482,2026-06-07 13:05:16.161,30.0,2,2299,31.675277777777783,0.42390706319702615,10.03055555555602,269.0,263.0,6.0,19.827499999996302,1.6,True,12.0,11.0,21.374999999999993,straight_01,201.87742503709188,261.8774250370919,MEDIUM,2.0,1.0,0.9696172179634152,14896.010577088247,69093.41379845572,400.0,False,1,False,CLOSE_INTERACTION_NO_PASS,0.0,,False,0.0,262.0322623574144,6.9677376425855755,0.433547,True,0.433547,-9.423076198978395,13,True,3.0,straight,0.006133885135886479,3484.7408333333333,19,431.47976220214423,0,monaco_2026_R|HUL|SAI,monaco_2026_R|L2|monaco_2026_R|HUL|SAI,,False,v4_t0_anchored_30s_horizon
monaco_2026_R_00012,monaco_2026_R,2026,Monaco Grand Prix,COL,HUL,27,2026-06-07 13:04:47.321,2026-06-07 13:09:29.602,282.281,282.281,2026-06-07 13:05:17.321,30.0,2,1005,64.28666666666666,0.8700451127819548,10.331944444444844,266.0,210.0,56.0,-20.788265306118596,1.96,True,13.0,12.0,34.91,straight_01,188.34242503709189,248.34242503709189,MEDIUM,2.0,1.0,0.968863521090037,15151.913733377027,65708.91767570957,400.0,False,1,False,CLOSE_INTERACTION_NO_PASS,0.0,,False,0.0,267.53691381495565,-1.5369138149556534,0.977771,True,0.977771,2.1879896628979827,12,True,3.0,straight,0.010017961641815065,3484.7408333333333,19,431.47976220214423,0,monaco_2026_R|COL|HUL,monaco_2026_R|L2|monaco_2026_R|COL|HUL,,False,v4_t0_anchored_30s_horizon
monaco_2026_R_00013,monaco_2026_R,2026,Monaco Grand Prix,PER,COL,43,2026-06-07 13:04:47.641,2026-06-07 13:08:41.802,234.161,234.161,2026-06-07 13:05:17.641,30.0,2,837,32.647777777777776,0.4451969696969697,10.10777777777821,264.0,263.0,1.0,-12.135937499999834,1.92,True,14.0,13.0,25.3675,straight_01,197.88492503709188,257.8849250370919,SOFT,2.0,1.0,0.9740794729601431,14971.495863492604,68095.06871016137,400.0,False,1,False,CLOSE_INTERACTION_NO_PASS,0.0,,False,0.0,264.6162862513426,-0.6162862513426148,0.449146,True,0.449146,-20.788243831638766,12,True,3.0,straight,0.007279594441384809,3484.7408333333333,19,431.47976220214423,0,monaco_2026_R|COL|PER,monaco_2026_R|L2|monaco_2026_R|COL|PER,,False,v4_t0_anchored_30s_horizon
monaco_2026_R_00014,monaco_2026_R,2026,Monaco Grand Prix,LIN,PER,11,2026-06-07 13:04:48.681,2026-06-07 13:08:41.802,233.121,229.241,2026-06-07 13:05:18.681,30.0,2,773,49.98277777777779,0.7028828125000002,10.040833333333921,256.0,214.0,42.0,46.29999999998859,1.6400000000000001,True,15.0,14.0,43.13805555555555,straight_01,180.11436948153633,240.11436948153633,MEDIUM,2.0,1.0,0.9827334857790274,15307.479702108918,63651.450211689065,400.0,False,1,False,CLOSE_INTERACTION_NO_PASS,0.0,,False,0.0,256.12918307086613,-0.12918307086613368,0.788133,True,0.788133,6.6775926197111115,11,True,3.0,straight,0.01237912878424643,3484.7408333333333,19,431.47976220214423,0,monaco_2026_R|LIN|PER,monaco_2026_R|L2|monaco_2026_R|LIN|PER,,False,v4_t0_anchored_30s_horizon
monaco_2026_R_00015,monaco_2026_R,2026,Monaco Grand Prix,OCO,LIN,41,2026-06-07 13:04:49.241,2026-06-07 13:08:41.802,232.561,232.561,2026-06-07 13:05:19.241,30.0,2,843,38.03805555555555,0.5128726591760299,10.201388888888005,267.0,224.0,43.0,-51.508333333329354,1.92,True,16.0,15.0,41.12527777777778,straight_01,182.12714725931409,242.12714725931409,MEDIUM,2.0,1.0,0.9735863838438911,15269.424571983964,64154.755611381595,400.0,False,1,False,CLOSE_INTERACTION_NO_PASS,0.0,,False,0.0,256.64328835227275,10.356711647727252,0.588304,True,0.588304,-2.7835410563862752,10,True,3.0,straight,0.011801531231359706,3484.7408333333333,19,431.47976220214423,0,monaco_2026_R|LIN|OCO,monaco_2026_R|L2|monaco_2026_R|LIN|OCO,,False,v4_t0_anchored_30s_horizon
monaco_2026_R_00016,monaco_2026_R,2026,Monaco Grand Prix,ALO,OCO,31,2026-06-07 13:04:49.841,2026-06-07 13:06:19.881,90.04,90.04,2026-06-07 13:05:19.841,30.0,2,329,46.92388888888888,0.6472260536398466,10.391111111111513,261.0,219.0,42.0,-44.29468085106186,1.88,True,17.0,16.0,32.821666666666665,straight_01,190.43075837042522,250.43075837042522,MEDIUM,2.0,1.0,0.9699883673036528,15112.430091605098,66231.11612932378,400.0,False,1,False,CLOSE_INTERACTION_NO_PASS,0.0,,False,0.0,267.62199334165626,-6.621993341656264,0.711958,True,0.711958,-17.469208213963935,10,True,3.0,straight,0.009418682259728067,3484.7408333333333,19,431.47976220214423,0,monaco_2026_R|ALO|OCO,monaco_2026_R|L2|monaco_2026_R|ALO|OCO,,False,v4_t0_anchored_30s_horizon
monaco_2026_R_00017,monaco_2026_R,2026,Monaco Grand Prix,STR,ALO,14,2026-06-07 13:04:52.121,2026-06-07 13:04:57.641,5.52,5.52,2026-06-07 13:05:22.121,30.0,2,22,96.57916666666668,1.3120188679245284,52.012500000000074,265.0,129.0,136.0,72.27376425855383,1.841,True,18.0,17.0,58.78527777777778,straight_01,164.46714725931412,224.46714725931412,MEDIUM,2.0,1.0,0.9614237239354286,15603.318161940364,59738.78209622113,400.0,False,1,False,CLOSE_INTERACTION_NO_PASS,0.0,,False,0.0,251.63180865603644,13.36819134396356,1.9061240000000002,True,1.9061240000000002,40.10896493879415,11,True,3.0,straight,0.016869339956494454,3484.7408333333333,19,431.47976220214423,0,monaco_2026_R|ALO|STR,monaco_2026_R|L2|monaco_2026_R|ALO|STR,,False,v4_t0_anchored_30s_horizon
monaco_2026_R_00018,monaco_2026_R,2026,Monaco Grand Prix,BOR,BOT,77,2026-06-07 13:05:11.681,2026-06-07 13:05:55.041,43.36,43.36,2026-06-07 13:05:41.681,30.0,2,162,12.603888888888891,0.7202222222222223,12.603888888888891,63.0,73.0,-10.0,,,False,20.0,19.0,12.598055555555556,straight_01,210.65436948153632,270.6543694815363,HARD,1.0,2.0,1.0,14730.066891391563,71288.13374243655,400.0,False,1,True,PIT_RELATED,,,False,0.0,61.1513986013986,1.848601398601403,0.658676,True,0.658676,2.199808604953491,12,True,3.0,straight,0.003615205881323711,3484.7408333333333,19,431.47976220214423,0,monaco_2026_R|BOR|BOT,monaco_2026_R|L2|monaco_2026_R|BOR|BOT,,False,v4_t0_anchored_30s_horizon
monaco_2026_R_00019,monaco_2026_R,2026,Monaco Grand Prix,HAM,ANT,12,2026-06-07 13:05:22.521,2026-06-07 13:05:27.201,4.68,4.68,2026-06-07 13:05:52.521,30.0,2,18,99.3583333333338,1.5757268722467035,53.92027777777821,227.0,87.0,140.0,137.40476190476053,1.6800000000000002,True,2.0,1.0,1955.7586111111107,straight_05,142.78853579436077,251.68627568592387,MEDIUM,2.0,1.0,0.886225750658325,8761.903941243007,68984.26160323666,399.9999999999998,False,1,False,CLOSE_INTERACTION_NO_PASS,0.0,,False,0.0,263.5244176706834,-36.52441767068342,2.49204,True,2.49204,103.91868214779655,12,True,3.0,straight,0.5612350256877862,3484.7408333333333,19,431.47976220214423,0,monaco_2026_R|ANT|HAM,monaco_2026_R|L2|monaco_2026_R|ANT|HAM,,False,v4_t0_anchored_30s_horizon
monaco_2026_R_00020,monaco_2026_R,2026,Monaco Grand Prix,HAD,LEC,16,2026-06-07 13:05:24.361,2026-06-07 13:05:35.961,11.6,11.6,2026-06-07 13:05:54.361,30.0,2,45,99.2988888888899,1.3239851851851987,26.64333333333434,270.0,168.0,102.0,36.345652173911574,1.8399999999999999,True,4.0,3.0,1904.239444444444,straight_05,194.30770246102747,303.2054423525906,MEDIUM,2.0,1.0,0.8795971397256405,10143.064101565917,74414.65814383939,400.0,False,1,False,CLOSE_INTERACTION_NO_PASS,0.0,,False,0.0,271.1801387032085,-1.180138703208513,1.600738,True,1.600738,10.310221816512795,13,True,3.0,straight,0.5464508081144563,3484.7408333333333,19,431.47976220214423,0,monaco_2026_R|HAD|LEC,monaco_2026_R|L2|monaco_2026_R|HAD|LEC,,False,v4_t0_anchored_30s_horizon
monaco_2026_R_00021,monaco_2026_R,2026,Monaco Grand Prix,RUS,HAD,6,2026-06-07 13:05:26.321,2026-06-07 13:05:54.481,28.16,28.16,2026-06-07 13:05:56.321,30.0,2,99,90.80805555555457,1.2382916666666535,38.574722222221226,264.0,148.0,116.0,60.75510204081676,1.96,True,5.0,4.0,1926.6800000000007,straight_05,171.8671469054707,280.7648867970338,MEDIUM,2.0,1.0,0.8803228931392905,9541.46273038339,72049.3032061994,400.0,False,1,False,CLOSE_INTERACTION_NO_PASS,0.0,,False,0.0,267.16341292134814,-3.16341292134814,1.65743,True,1.65743,31.35423502902754,11,True,3.0,straight,0.5528904708121529,3484.7408333333333,19,431.47976220214423,0,monaco_2026_R|HAD|RUS,monaco_2026_R|L2|monaco_2026_R|HAD|RUS,,False,v4_t0_anchored_30s_horizon
monaco_2026_R_00022,monaco_2026_R,2026,Monaco Grand Prix,PIA,RUS,63,2026-06-07 13:05:27.401,2026-06-07 13:05:57.921,30.52,30.52,2026-06-07 13:05:57.401,30.0,2,112,96.37305555555645,1.284974074074086,17.609999999998763,270.0,181.0,89.0,27.521739130434224,1.8399999999999999,True,6.0,5.0,1895.1880555555551,straight_05,203.3590913499163,312.2568312414794,MEDIUM,2.0,1.0,0.8813225424562833,10385.719768141586,75368.72308879271,400.0000000000002,False,1,False,CLOSE_INTERACTION_NO_PASS,0.0,,False,0.0,274.76451515151507,-4.76451515151507,1.508258,True,1.508258,9.514965583829039,11,True,3.0,straight,0.5438533728038278,3484.7408333333333,19,431.47976220214423,0,monaco_2026_R|PIA|RUS,monaco_2026_R|L2|monaco_2026_R|PIA|RUS,,False,v4_t0_anchored_30s_horizon
monaco_2026_R_00023,monaco_2026_R,2026,Monaco Grand Prix,SAI,ALB,23,2026-06-07 13:05:31.681,2026-06-07 13:08:07.081,155.4,155.4,2026-06-07 13:06:01.681,30.0,2,566,94.11388888888882,1.2410622710622703,10.849722222223136,273.0,197.0,76.0,14.266666666665515,1.8,True,11.0,10.0,1881.819444444444,straight_05,216.72770246102755,325.62544235259065,MEDIUM,2.0,1.0,0.8753116209045071,10744.11440571369,76777.84641565366,400.0,False,1,False,CLOSE_INTERACTION_NO_PASS,0.0,,False,0.0,272.3411070110701,0.6588929889298925,1.37411,True,1.37411,-1.5037924151699198,12,True,3.0,straight,0.5400170441497043,3484.7408333333333,19,431.47976220214423,0,monaco_2026_R|ALB|SAI,monaco_2026_R|L2|monaco_2026_R|ALB|SAI,,False,v4_t0_anchored_30s_horizon
monaco_2026_R_00024,monaco_2026_R,2026,Monaco Grand Prix,STR,ALO,14,2026-06-07 13:05:38.361,2026-06-07 13:06:10.162,31.801,31.801,2026-06-07 13:06:08.361,30.0,2,118,92.0319444444458,1.2180698529411944,22.850555555558458,272.0,134.0,138.0,81.00000000000023,1.44,True,18.0,17.0,1923.0488888888879,straight_05,175.49825801658358,284.3959979081467,MEDIUM,2.0,1.0,0.871560426132662,9638.807977382887,72432.04179636155,399.9999999999998,False,1,False,CLOSE_INTERACTION_NO_PASS,0.0,112.281,True,0.0,273.5944623161766,-1.594462316176589,1.658669,True,1.658669,28.289466320207367,9,True,3.0,straight,0.5518484676088216,3484.7408333333333,19,431.47976220214423,0,monaco_2026_R|ALO|STR,monaco_2026_R|L2|monaco_2026_R|ALO|STR,,False,v4_t0_anchored_30s_horizon
monaco_2026_R_00025,monaco_2026_R,2026,Monaco Grand Prix,BEA,BOR,5,2026-06-07 13:05:39.201,2026-06-07 13:05:54.641,15.44,15.44,2026-06-07 13:06:09.201,30.0,2,56,94.25277777777728,1.917005649717504,45.63416666666694,177.0,69.0,108.0,98.5714285714285,1.96,True,21.0,20.0,1020.5316666666668,straight_03,123.72877712058494,470.126752763136,HARD,1.0,2.0,1.0,2110.6946669213853,42645.4682803996,400.0,False,1,True,PIT_RELATED,,,False,0.0,165.70113168724242,11.298868312757577,3.728827,True,3.728827,94.0326943476285,9,True,3.0,straight,0.2928572641341812,3484.7408333333333,19,431.47976220214423,0,monaco_2026_R|BEA|BOR,monaco_2026_R|L2|monaco_2026_R|BEA|BOR,,False,v4_t0_anchored_30s_horizon
monaco_2026_R_00026,monaco_2026_R,2026,Monaco Grand Prix,HAD,LEC,16,2026-06-07 13:05:58.921,2026-06-07 13:06:03.442,4.521,4.521,2026-06-07 13:06:28.921,30.0,3,17,96.76388888888887,1.3346743295019154,54.55277777777775,261.0,127.0,134.0,53.56378189095368,1.999,True,4.0,3.0,63.596944444444446,straight_01,159.65548059264745,219.65548059264745,MEDIUM,3.0,1.0,0.9122057053352403,15694.291245576089,58535.60018434229,400.0,False,1,False,CLOSE_INTERACTION_NO_PASS,0.0,,False,0.0,263.88383049242424,-2.883830492424238,1.857587,True,1.857587,49.1395941575434,13,True,3.0,straight,0.01825012174107958,3484.7408333333333,19,431.47976220214423,0,monaco_2026_R|HAD|LEC,monaco_2026_R|L3|monaco_2026_R|HAD|LEC,,False,v4_t0_anchored_30s_horizon
monaco_2026_R_00027,monaco_2026_R,2026,Monaco Grand Prix,RUS,HAD,6,2026-06-07 13:06:00.601,2026-06-07 13:06:05.521,4.92,4.92,2026-06-07 13:06:30.601,30.0,3,19,97.27055555555555,1.3314600760456272,54.78166666666664,263.0,147.0,116.0,96.82806122448896,1.96,True,5.0,4.0,56.34,straight_01,166.91242503709188,226.91242503709188,MEDIUM,3.0,1.0,0.8997137391769813,15557.085853012686,60350.23633766378,400.0,False,1,False,CLOSE_INTERACTION_NO_PASS,0.0,,False,0.0,261.7149698960044,1.2850301039956094,1.780095,True,1.780095,24.961918756793025,11,True,3.0,straight,0.016167629873957628,3484.7408333333333,19,431.47976220214423,0,monaco_2026_R|HAD|RUS,monaco_2026_R|L3|monaco_2026_R|HAD|RUS,,False,v4_t0_anchored_30s_horizon
monaco_2026_R_00028,monaco_2026_R,2026,Monaco Grand Prix,BOR,BOT,77,2026-06-07 13:06:01.401,2026-06-07 13:10:22.842,261.441,245.24,2026-06-07 13:06:31.401,30.0,2,628,90.00861111111044,1.2559341085271223,10.032222222221776,258.0,143.0,115.0,67.92000000000044,2.0,True,20.0,19.0,1928.0872222222226,straight_05,170.4599246832488,279.3576645748119,HARD,1.0,2.0,1.0,9503.736979060015,71900.97443495085,399.9999999999998,False,1,True,PIT_RELATED,,,False,0.0,249.16041790159989,8.839582098400115,1.7123270000000002,True,1.7123270000000002,40.37407082682209,12,True,3.0,straight,0.5532942948810079,3484.7408333333333,19,431.47976220214423,0,monaco_2026_R|BOR|BOT,monaco_2026_R|L2|monaco_2026_R|BOR|BOT,,False,v4_t0_anchored_30s_horizon
monaco_2026_R_00029,monaco_2026_R,2026,Monaco Grand Prix,PIA,RUS,63,2026-06-07 13:06:03.081,2026-06-07 13:06:06.441,3.36,3.36,2026-06-07 13:06:33.081,30.0,3,13,93.31555555555556,1.4295148936170214,66.73611111111111,235.0,106.0,129.0,69.0160714285662,1.6800000000000002,True,6.0,5.0,80.29277777777777,straight_01,142.95964725931412,202.95964725931412,MEDIUM,3.0,1.0,0.9292255252952393,16009.955556390381,54360.72148595423,400.0,False,1,False,CLOSE_INTERACTION_NO_PASS,0.0,,False,0.0,249.9345725995316,-14.934572599531606,2.137745,True,2.137745,100.64707486209801,11,True,3.0,straight,0.023041248006088765,3484.7408333333333,19,431.47976220214423,0,monaco_2026_R|PIA|RUS,monaco_2026_R|L3|monaco_2026_R|PIA|RUS,,False,v4_t0_anchored_30s_horizon
monaco_2026_R_00030,monaco_2026_R,2026,Monaco Grand Prix,STR,ALO,14,2026-06-07 13:06:13.841,2026-06-07 13:06:20.201,6.36,6.36,2026-06-07 13:06:43.841,30.0,3,25,99.42055555555552,1.3872635658914723,45.77416666666667,258.0,163.0,95.0,28.476744186047878,1.72,True,17.0,18.0,31.367777777777782,straight_01,191.8846472593141,251.8846472593141,MEDIUM,3.0,1.0,0.893080178269348,15084.941746162925,66594.66849780166,400.0,False,1,False,PIT_RELATED,,76.801,True,-1.0,257.4886486486486,0.5113513513513794,1.671135,True,1.671135,-2.420609043370977,13,True,3.0,straight,0.009001466472837493,3484.7408333333333,19,431.47976220214423,0,monaco_2026_R|ALO|STR,monaco_2026_R|L3|monaco_2026_R|ALO|STR,,False,v4_t0_anchored_30s_horizon
monaco_2026_R_00031,monaco_2026_R,2026,Monaco Grand Prix,HAM,ANT,12,2026-06-07 13:06:15.481,2026-06-07 13:06:30.042,14.561,14.561,2026-06-07 13:06:45.481,30.0,3,53,96.14166666666608,1.7840721649484428,50.32916666666597,194.0,75.0,119.0,103.12195121951265,1.6400000000000001,True,2.0,1.0,1013.1113888888889,straight_03,131.1490548983628,477.54703054091385,MEDIUM,3.0,1.0,0.9306515217120007,2198.3544287513378,43765.09018816371,400.0000000000001,False,1,False,CLOSE_INTERACTION_NO_PASS,0.0,,False,0.0,197.40412371134005,-3.4041237113400484,3.212371,True,3.212371,64.80750370248514,12,True,3.0,straight,0.2907279012539351,3484.7408333333333,19,431.47976220214423,0,monaco_2026_R|ANT|HAM,monaco_2026_R|L3|monaco_2026_R|ANT|HAM,,False,v4_t0_anchored_30s_horizon
monaco_2026_R_00032,monaco_2026_R,2026,Monaco Grand Prix,ALO,OCO,31,2026-06-07 13:06:21.921,2026-06-07 13:06:51.321,29.4,29.4,2026-06-07 13:06:51.921,30.0,3,109,99.25638888888892,1.4466518218623485,21.40000000000009,247.0,226.0,21.0,2.4651162790697065,1.72,True,18.0,16.0,510.55305555555555,brake_T2,114.04750550250907,464.5446527979546,MEDIUM,3.0,1.0,0.9178728873006731,7795.198578909519,85362.64209828111,400.00000000000006,False,1,True,PIT_RELATED,,,False,1.0,253.24549567269867,-6.245495672698667,1.478268,True,1.478268,-12.065840401877187,8,True,3.0,brake,0.14651105490309457,3484.7408333333333,19,431.47976220214423,0,monaco_2026_R|ALO|OCO,monaco_2026_R|L3|monaco_2026_R|ALO|OCO,,False,v4_t0_anchored_30s_horizon
monaco_2026_R_00033,monaco_2026_R,2026,Monaco Grand Prix,BEA,BOR,5,2026-06-07 13:06:25.281,2026-06-07 13:06:31.161,5.88,5.88,2026-06-07 13:06:55.281,30.0,2,21,97.2147222222211,2.011339080459747,73.1924999999992,174.0,60.0,114.0,83.32517296434507,1.879,True,21.0,20.0,2780.772222222223,brake_T17,8.816070982440124,272.48884890896625,HARD,1.0,2.0,1.0,12148.691513602615,27571.384374324487,400.0,False,1,True,PIT_RELATED,,,False,0.0,173.02663793103466,0.9733620689653435,3.42489,True,3.42489,49.128540001969796,13,True,3.0,brake,0.7979853754467794,3484.7408333333333,19,431.47976220214423,0,monaco_2026_R|BEA|BOR,monaco_2026_R|L2|monaco_2026_R|BEA|BOR,,True,v4_t0_anchored_30s_horizon
monaco_2026_R_00034,monaco_2026_R,2026,Monaco Grand Prix,HAD,LEC,16,2026-06-07 13:06:43.562,2026-06-07 13:06:48.721,5.159,5.159,2026-06-07 13:07:13.562,30.0,3,16,94.45333333333247,1.4408135593220206,48.870833333333394,236.0,96.0,140.0,120.08068714211352,1.921,True,4.0,3.0,1956.3844444444453,straight_05,142.16270246102613,251.06044235258923,MEDIUM,3.0,1.0,0.8861692155498414,8745.126184091063,68918.29541262802,400.0,False,1,False,CLOSE_INTERACTION_NO_PASS,0.0,,False,0.0,262.60305343511396,-26.603053435113964,2.220297,True,2.220297,101.62462264936613,10,True,3.0,straight,0.561414618192155,3484.7408333333333,19,431.47976220214423,0,monaco_2026_R|HAD|LEC,monaco_2026_R|L3|monaco_2026_R|HAD|LEC,,False,v4_t0_anchored_30s_horizon
monaco_2026_R_00035,monaco_2026_R,2026,Monaco Grand Prix,RUS,HAD,6,2026-06-07 13:06:45.601,2026-06-07 13:06:51.041,5.44,5.44,2026-06-07 13:07:15.601,30.0,3,23,91.35861111111149,1.35905371900827,50.89194444444479,242.0,100.0,142.0,128.70835875533888,1.639,True,5.0,4.0,1948.7783333333334,straight_05,149.76881357213801,258.6665534637011,MEDIUM,3.0,1.0,0.8524746831011114,8949.035880643945,69720.0203266288,400.0000000000002,False,1,False,CLOSE_INTERACTION_NO_PASS,0.0,,False,0.0,243.61416843220414,-1.6141684322041385,2.155025,True,2.155025,86.33878337293748,11,True,3.0,straight,0.5592319275775889,3484.7408333333333,19,431.47976220214423,0,monaco_2026_R|HAD|RUS,monaco_2026_R|L3|monaco_2026_R|HAD|RUS,,False,v4_t0_anchored_30s_horizon
monaco_2026_R_00036,monaco_2026_R,2026,Monaco Grand Prix,PIA,RUS,63,2026-06-07 13:06:48.721,2026-06-07 13:06:52.641,3.92,3.92,2026-06-07 13:07:18.721,30.0,3,15,88.33944444444433,1.3250916666666648,47.598055555555675,240.0,69.0,171.0,173.81999999999948,2.0,True,6.0,5.0,1964.262777777778,straight_05,134.28436912769348,243.1821090192566,MEDIUM,3.0,1.0,0.9030118266037961,8533.918572753995,68087.87681607249,400.0,False,1,False,CLOSE_INTERACTION_NO_PASS,0.0,,False,0.0,210.29014925373096,29.70985074626904,2.8577909999999997,True,2.8577909999999997,153.0946862258464,13,True,3.0,straight,0.5636754271619275,3484.7408333333333,19,431.47976220214423,0,monaco_2026_R|PIA|RUS,monaco_2026_R|L3|monaco_2026_R|PIA|RUS,,True,v4_t0_anchored_30s_horizon
monaco_2026_R_00037,monaco_2026_R,2026,Monaco Grand Prix,ALO,OCO,31,2026-06-07 13:06:58.761,2026-06-07 13:07:05.121,6.36,6.36,2026-06-07 13:07:28.761,30.0,3,24,97.45777777777835,1.359875968992256,34.35777777777821,258.0,114.0,144.0,93.55080771234971,1.919,True,18.0,16.0,1922.149166666666,straight_05,176.39798023880553,285.29572013036864,MEDIUM,3.0,1.0,0.9178728873006731,9662.928330429944,72526.87734513266,400.0000000000002,False,1,True,PIT_RELATED,,,False,1.0,249.7739583333349,8.226041666665111,2.051833,True,2.051833,62.74482038094789,12,True,3.0,straight,0.5515902784736022,3484.7408333333333,19,431.47976220214423,0,monaco_2026_R|ALO|OCO,monaco_2026_R|L3|monaco_2026_R|ALO|OCO,,False,v4_t0_anchored_30s_horizon
monaco_2026_R_00038,monaco_2026_R,2026,Monaco Grand Prix,BEA,BOR,5,2026-06-07 13:06:58.761,2026-06-07 13:07:15.682,16.921,16.921,2026-06-07 13:07:28.761,30.0,3,61,99.93527777777831,1.807874371859306,44.390277777778465,199.0,84.0,115.0,54.40594059405895,1.919,True,21.0,20.0,990.9955555555553,straight_03,153.26488823169643,499.6628638742475,HARD,2.0,2.0,0.9393344444744223,2584.4621803516334,46551.919735456046,400.0,False,1,False,CLOSE_INTERACTION_NO_PASS,0.0,,False,0.0,193.09386346803444,5.906136531965558,2.736203,True,2.736203,21.218822053299295,12,True,3.0,straight,0.28438142259423554,3484.7408333333333,19,431.47976220214423,0,monaco_2026_R|BEA|BOR,monaco_2026_R|L3|monaco_2026_R|BEA|BOR,,False,v4_t0_anchored_30s_horizon
monaco_2026_R_00039,monaco_2026_R,2026,Monaco Grand Prix,STR,ALO,14,2026-06-07 13:07:00.201,2026-06-07 13:07:30.402,30.201,29.521,2026-06-07 13:07:30.201,30.0,3,108,94.58555555555517,1.3046283524904163,13.183055555554802,261.0,156.0,105.0,44.17777777777701,1.8,True,17.0,18.0,1908.421944444444,straight_05,190.12520246102736,299.02294235259046,MEDIUM,3.0,1.0,0.8800611104991416,10030.936853702491,73973.80020686964,400.0000000000002,False,1,False,PIT_RELATED,,30.441,True,-1.0,258.94627906976734,2.0537209302326573,1.631542,True,1.631542,19.751055265665645,11,True,3.0,straight,0.5476510408433848,3484.7408333333333,19,431.47976220214423,0,monaco_2026_R|ALO|STR,monaco_2026_R|L3|monaco_2026_R|ALO|STR,,False,v4_t0_anchored_30s_horizon
monaco_2026_R_00040,monaco_2026_R,2026,Monaco Grand Prix,RUS,HAD,6,2026-06-07 13:07:19.441,2026-06-07 13:07:23.082,3.641,3.641,2026-06-07 13:07:49.441,30.0,4,16,87.80722222222224,1.2396313725490198,59.751666666666665,255.0,115.0,140.0,157.60571768910626,1.679,True,5.0,4.0,85.43805555555555,straight_01,137.81436948153635,197.81436948153635,MEDIUM,4.0,1.0,0.8953362132409867,16107.23614917323,53074.118405840396,400.0,False,1,False,CLOSE_INTERACTION_NO_PASS,0.0,,False,0.0,250.9597891566265,4.040210843373501,2.07518,True,2.07518,83.08252411152543,8,True,3.0,straight,0.02451776463210599,3484.7408333333333,19,431.47976220214423,0,monaco_2026_R|HAD|RUS,monaco_2026_R|L4|monaco_2026_R|HAD|RUS,,False,v4_t0_anchored_30s_horizon
monaco_2026_R_00041,monaco_2026_R,2026,Monaco Grand Prix,HAD,LEC,16,2026-06-07 13:07:29.162,2026-06-07 13:07:33.321,4.159,4.159,2026-06-07 13:07:59.162,30.0,4,18,99.19194444444418,2.0405199999999946,87.14138888888886,175.0,150.0,25.0,61.39265680775129,1.9609999999999999,True,4.0,3.0,707.6658333333335,brake_T3,80.62442469815073,267.4318750201767,MEDIUM,4.0,1.0,0.9222818090227275,6002.616924061775,43416.0230355112,400.0,False,1,False,CLOSE_INTERACTION_NO_PASS,0.0,,False,0.0,164.87165637860073,10.128343621399267,2.378839,True,2.378839,73.4826417396924,12,True,3.0,brake,0.20307559935710193,3484.7408333333333,19,431.47976220214423,0,monaco_2026_R|HAD|LEC,monaco_2026_R|L4|monaco_2026_R|HAD|LEC,,False,v4_t0_anchored_30s_horizon
monaco_2026_R_00042,monaco_2026_R,2026,Monaco Grand Prix,HAM,ANT,12,2026-06-07 13:07:33.321,2026-06-07 13:07:46.681,13.36,13.36,2026-06-07 13:08:03.321,30.0,4,48,97.84583333333353,2.0243965517241422,56.58222222222298,174.0,91.0,83.0,102.23999999999992,2.0,True,2.0,1.0,1031.3166666666666,brake_T5,112.94377712058508,459.3417527631361,MEDIUM,4.0,1.0,0.9248182921973099,2172.8911173424717,40556.18637145881,400.0,False,1,False,CLOSE_INTERACTION_NO_PASS,0.0,,False,0.0,169.3326923076935,4.667307692306508,3.732326,True,3.732326,89.64622562681589,12,True,3.0,brake,0.29595218582730565,3484.7408333333333,19,431.47976220214423,0,monaco_2026_R|ANT|HAM,monaco_2026_R|L4|monaco_2026_R|ANT|HAM,,False,v4_t0_anchored_30s_horizon
monaco_2026_R_00043,monaco_2026_R,2026,Monaco Grand Prix,BEA,BOR,5,2026-06-07 13:07:38.081,2026-06-07 13:10:22.842,164.761,164.761,2026-06-07 13:08:08.081,30.0,3,577,99.30555555555657,1.7354368932039013,10.154722222221608,206.0,165.0,41.0,8.36368184092094,1.999,True,21.0,20.0,2501.9580555555544,brake_T13,19.34328867539034,551.3030155756346,HARD,2.0,2.0,0.9430387702903336,5995.863835622739,75748.49862313508,400.0,False,1,False,CLOSE_INTERACTION_NO_PASS,0.0,,False,0.0,196.0,10.0,1.853122,True,1.853122,-2.2078129645657345,12,True,3.0,brake,0.7179753603547909,3484.7408333333333,19,431.47976220214423,0,monaco_2026_R|BEA|BOR,monaco_2026_R|L3|monaco_2026_R|BEA|BOR,,True,v4_t0_anchored_30s_horizon
monaco_2026_R_00044,monaco_2026_R,2026,Monaco Grand Prix,PIA,RUS,63,2026-06-07 13:07:42.722,2026-06-07 13:07:55.482,12.76,12.76,2026-06-07 13:08:12.722,30.0,4,48,98.37000000000035,2.227245283018876,59.801111111111595,159.0,95.0,64.0,103.23765252760028,1.721,True,6.0,5.0,1033.9366666666663,brake_T5,110.32377712058542,456.72175276313646,MEDIUM,4.0,1.0,0.9727640489650656,2268.415573291947,39989.33271028793,400.0,False,1,False,CLOSE_INTERACTION_NO_PASS,0.0,,False,0.0,161.68669811320825,-2.6866981132082515,3.873566,True,3.873566,99.31375816104749,11,True,3.0,brake,0.29670403513986804,3484.7408333333333,19,431.47976220214423,0,monaco_2026_R|PIA|RUS,monaco_2026_R|L4|monaco_2026_R|PIA|RUS,,False,v4_t0_anchored_30s_horizon
monaco_2026_R_00045,monaco_2026_R,2026,Monaco Grand Prix,STR,OCO,31,2026-06-07 13:08:00.001,2026-06-07 13:08:08.562,8.561,8.561,2026-06-07 13:08:30.001,30.0,4,30,99.35611111111143,4.8335405405405565,63.95916666666653,74.0,52.0,22.0,13.068181818181404,1.76,True,17.0,15.0,1119.5822222222223,brake_T5,24.67822156502939,371.07619720758044,MEDIUM,4.0,1.0,0.9162942389480168,6010.741362182705,21459.372126437887,400.0,False,1,True,PIT_RELATED,,,False,0.0,81.61312003968277,-7.613120039682769,4.12713,True,4.12713,6.648858285764858,11,True,3.0,brake,0.32128134508966755,3484.7408333333333,19,431.47976220214423,0,monaco_2026_R|OCO|STR,monaco_2026_R|L4|monaco_2026_R|OCO|STR,,False,v4_t0_anchored_30s_horizon
monaco_2026_R_00046,monaco_2026_R,2026,Monaco Grand Prix,HAD,LEC,16,2026-06-07 13:08:01.201,2026-06-07 13:08:06.401,5.2,5.2,2026-06-07 13:08:31.201,30.0,4,21,95.99472222222198,1.3240651340996135,42.506111111111295,261.0,92.0,169.0,137.41860465116423,1.72,True,4.0,3.0,1946.9647222222216,straight_05,151.58242468324988,260.480164574813,MEDIUM,4.0,1.0,0.85662097990812,8997.656376180943,69911.18466683442,400.0,False,1,False,CLOSE_INTERACTION_NO_PASS,0.0,,False,0.0,270.4300675675674,-9.430067567567392,2.27927,True,2.27927,84.55494617695916,11,True,3.0,straight,0.5587114839641747,3484.7408333333333,19,431.47976220214423,0,monaco_2026_R|HAD|LEC,monaco_2026_R|L4|monaco_2026_R|HAD|LEC,,False,v4_t0_anchored_30s_horizon
monaco_2026_R_00047,monaco_2026_R,2026,Monaco Grand Prix,RUS,HAD,6,2026-06-07 13:08:03.922,2026-06-07 13:08:08.562,4.64,4.64,2026-06-07 13:08:33.922,30.0,4,17,97.48861111110887,1.4208866396760806,56.85055555555277,247.0,83.0,164.0,153.22222222222172,1.8,True,5.0,4.0,1958.51138888889,straight_05,140.03575801658144,248.93349790814455,MEDIUM,4.0,1.0,0.8788194096273674,8688.105639700392,68694.10405821624,400.0,False,1,False,CLOSE_INTERACTION_NO_PASS,0.0,,False,0.0,248.3268292682904,-1.3268292682903962,2.552024,True,2.552024,122.34129437830441,12,True,3.0,straight,0.5620249776266643,3484.7408333333333,19,431.47976220214423,0,monaco_2026_R|HAD|RUS,monaco_2026_R|L4|monaco_2026_R|HAD|RUS,,False,v4_t0_anchored_30s_horizon
monaco_2026_R_00048,monaco_2026_R,2026,Monaco Grand Prix,GAS,PIA,81,2026-06-07 13:08:08.282,2026-06-07 13:08:38.561,30.279,30.279,2026-06-07 13:08:38.282,30.0,4,111,95.68027777777775,1.257113138686131,28.670277777775937,274.0,190.0,84.0,23.88304093567284,1.881,True,7.0,6.0,1893.6702777777784,straight_05,204.876869127693,313.7746090192561,MEDIUM,4.0,1.0,0.8716054802247896,10426.409366489546,75528.70500867048,399.9999999999998,False,1,False,CLOSE_INTERACTION_NO_PASS,0.0,,False,0.0,271.57993259803925,2.4200674019607504,1.451408,True,1.451408,10.051541998134015,10,True,3.0,straight,0.5434178231172462,3484.7408333333333,19,431.47976220214423,0,monaco_2026_R|GAS|PIA,monaco_2026_R|L4|monaco_2026_R|GAS|PIA,,False,v4_t0_anchored_30s_horizon
monaco_2026_R_00049,monaco_2026_R,2026,Monaco Grand Prix,ALB,LAW,30,2026-06-07 13:08:10.882,2026-06-07 13:09:24.722,73.84,73.84,2026-06-07 13:08:40.882,30.0,4,269,96.93194444444589,1.287656826568285,20.205277777777155,271.0,197.0,74.0,14.750000000000227,1.92,True,10.0,9.0,1872.1099999999994,straight_05,226.437146905472,335.3348867970351,MEDIUM,4.0,1.0,0.8773124176537068,11004.411664252464,77801.27394629348,400.0000000000002,False,1,False,CLOSE_INTERACTION_NO_PASS,0.0,,False,0.0,279.1965992647064,-8.196599264706379,1.447863,True,1.447863,-0.7863651461938771,12,True,3.0,straight,0.5372307696722542,3484.7408333333333,19,431.47976220214423,0,monaco_2026_R|ALB|LAW,monaco_2026_R|L4|monaco_2026_R|ALB|LAW,,False,v4_t0_anchored_30s_horizon
monaco_2026_R_00050,monaco_2026_R,2026,Monaco Grand Prix,SAI,ALB,23,2026-06-07 13:08:12.881,2026-06-07 13:08:43.242,30.361,30.361,2026-06-07 13:08:42.881,30.0,4,104,99.400833333332,1.3155992647058647,28.715000000002874,272.0,166.0,106.0,36.238619309655135,1.999,True,11.0,10.0,1901.7041666666673,straight_05,196.8429802388041,305.7407201303672,MEDIUM,4.0,1.0,0.8753949079111376,10211.031518132899,74681.8900220835,400.0,False,1,False,CLOSE_INTERACTION_NO_PASS,0.0,,False,0.0,273.14851645242084,-1.1485164524208358,1.6093039999999998,True,1.6093039999999998,17.787226962229834,12,True,3.0,straight,0.5457232711471371,3484.7408333333333,19,431.47976220214423,0,monaco_2026_R|ALB|SAI,monaco_2026_R|L4|monaco_2026_R|ALB|SAI,,False,v4_t0_anchored_30s_horizon
monaco_2026_R_00051,monaco_2026_R,2026,Monaco Grand Prix,HAM,ANT,12,2026-06-07 13:08:16.962,2026-06-07 13:08:22.082,5.12,5.12,2026-06-07 13:08:46.962,30.0,4,21,94.5952777777793,1.8407729729730027,70.29527777777912,185.0,59.0,126.0,92.97777777777719,1.8,True,2.0,1.0,2775.483611111111,corner_T16,14.104682093552128,277.77746002007825,MEDIUM,4.0,1.0,0.920660817831143,11851.550473175512,28829.045796415492,400.0,False,1,False,CLOSE_INTERACTION_NO_PASS,0.0,,False,0.0,189.89459459459553,-4.894594594595532,3.538891,True,3.538891,64.64651960024281,9,True,3.0,corner,0.7964677271153673,3484.7408333333333,19,431.47976220214423,0,monaco_2026_R|ANT|HAM,monaco_2026_R|L4|monaco_2026_R|ANT|HAM,,True,v4_t0_anchored_30s_horizon
monaco_2026_R_00052,monaco_2026_R,2026,Monaco Grand Prix,BOT,ALO,14,2026-06-07 13:08:17.602,2026-06-07 13:08:33.401,15.799,15.799,2026-06-07 13:08:47.602,30.0,4,56,90.76749999999936,1.6503181818181702,41.93972222222169,198.0,69.0,129.0,96.93478260869551,1.8399999999999999,True,19.0,18.0,1011.150555555556,straight_03,133.10988823169566,479.5078638742467,MEDIUM,3.0,2.0,0.9394600115994246,2221.518815333053,44060.95403898184,399.9999999999999,False,1,False,PIT_RELATED,,,False,0.0,183.14788182916857,14.852118170831432,3.070742,True,3.070742,68.67787303727957,10,True,3.0,straight,0.2901652099586237,3484.7408333333333,19,431.47976220214423,0,monaco_2026_R|ALO|BOT,monaco_2026_R|L4|monaco_2026_R|ALO|BOT,,False,v4_t0_anchored_30s_horizon
monaco_2026_R_00053,monaco_2026_R,2026,Monaco Grand Prix,PIA,RUS,63,2026-06-07 13:08:27.121,2026-06-07 13:08:31.322,4.201,4.201,2026-06-07 13:08:57.121,30.0,4,16,95.81361111111119,1.9162722222222237,79.3641666666681,180.0,66.0,114.0,93.75510204081849,1.96,True,6.0,5.0,2774.8616666666667,corner_T16,14.726626537996253,278.3994044645224,MEDIUM,4.0,1.0,0.9730554176496862,11830.973132648476,28849.502764543053,400.0,False,1,False,CLOSE_INTERACTION_NO_PASS,0.0,,False,0.0,186.09764705882432,-6.097647058824322,3.9209519999999998,True,3.9209519999999998,76.03116446153298,12,True,3.0,corner,0.7962892505875019,3484.7408333333333,19,431.47976220214423,0,monaco_2026_R|PIA|RUS,monaco_2026_R|L4|monaco_2026_R|PIA|RUS,,True,v4_t0_anchored_30s_horizon
monaco_2026_R_00054,monaco_2026_R,2026,Monaco Grand Prix,LEC,HAM,44,2026-06-07 13:08:31.961,2026-06-07 13:09:11.002,39.041,39.041,2026-06-07 13:09:01.961,30.0,5,142,93.48694444444445,1.284553435114504,13.589722222222463,262.0,184.0,78.0,35.30506406345278,1.639,True,3.0,2.0,36.85138888888889,straight_01,186.401036148203,246.401036148203,MEDIUM,5.0,1.0,0.8888423474549729,15188.619130070834,65223.46343358272,400.0,False,1,False,CLOSE_INTERACTION_NO_PASS,0.0,,False,0.0,260.6219987228608,1.3780012771392194,1.48972,True,1.48972,-13.344582493532492,11,True,3.0,straight,0.010575073054611826,3484.7408333333333,19,431.47976220214423,0,monaco_2026_R|HAM|LEC,monaco_2026_R|L5|monaco_2026_R|HAM|LEC,,False,v4_t0_anchored_30s_horizon
monaco_2026_R_00055,monaco_2026_R,2026,Monaco Grand Prix,LIN,COL,43,2026-06-07 13:08:42.162,2026-06-07 13:08:47.201,5.039,5.039,2026-06-07 13:09:12.162,30.0,4,19,36.116111111105965,1.2501730769228987,32.32722222221719,104.0,74.0,30.0,,,False,14.0,13.0,2911.316111111114,corner_T18,81.94496002007509,141.9449600200751,MEDIUM,4.0,1.0,0.9934242581148612,20112.57695843343,2664.9872668392118,400.0,False,1,False,CLOSE_INTERACTION_NO_PASS,0.0,,False,-1.0,104.0,0.0,1.569634,True,1.569634,-25.417864992676797,10,True,3.0,corner,0.8354469529736278,3484.7408333333333,19,431.47976220214423,0,monaco_2026_R|COL|LIN,monaco_2026_R|L4|monaco_2026_R|COL|LIN,,True,v4_t0_anchored_30s_horizon
monaco_2026_R_00056,monaco_2026_R,2026,Monaco Grand Prix,GAS,PIA,81,2026-06-07 13:08:42.522,2026-06-07 13:09:21.242,38.72,38.72,2026-06-07 13:09:12.522,30.0,5,138,97.67305555555558,1.3369695817490497,10.380555555555475,263.0,181.0,82.0,31.31578947368004,1.881,True,7.0,6.0,28.027777777777782,straight_01,195.2246472593141,255.2246472593141,MEDIUM,5.0,1.0,0.910510077248909,15021.793128356898,67429.85261675046,400.0,False,1,False,CLOSE_INTERACTION_NO_PASS,0.0,,False,0.0,261.525572519084,1.474427480916006,1.535885,True,1.535885,12.333809674998458,9,True,3.0,straight,0.008043002082013593,3484.7408333333333,19,431.47976220214423,0,monaco_2026_R|GAS|PIA,monaco_2026_R|L5|monaco_2026_R|GAS|PIA,,False,v4_t0_anchored_30s_horizon
monaco_2026_R_00057,monaco_2026_R,2026,Monaco Grand Prix,OCO,LIN,41,2026-06-07 13:08:45.921,2026-06-07 13:15:24.163,398.242,398.242,2026-06-07 13:09:15.921,30.0,4,1493,39.741666666671335,1.4026470588236943,13.403888888889696,102.0,142.0,-40.0,,,False,15.0,14.0,2973.281388888887,brake_T19,19.97968224230226,79.97968224230226,MEDIUM,4.0,1.0,0.9943987211336419,23722.814493587903,133.5308943790811,400.0,False,1,False,CLOSE_INTERACTION_NO_PASS,0.0,,False,-1.0,90.72656249999032,11.273437500009678,1.144468,True,1.144468,-9.891077090108455,11,True,3.0,brake,0.8532288428591089,3484.7408333333333,19,431.47976220214423,0,monaco_2026_R|LIN|OCO,monaco_2026_R|L4|monaco_2026_R|LIN|OCO,,True,v4_t0_anchored_30s_horizon
monaco_2026_R_00058,monaco_2026_R,2026,Monaco Grand Prix,HAD,LEC,16,2026-06-07 13:08:45.921,2026-06-07 13:08:50.842,4.921,4.921,2026-06-07 13:09:15.921,30.0,5,20,98.74277777777763,1.7256019417475703,81.3161111111109,206.0,147.0,59.0,84.55862428348121,1.919,True,4.0,3.0,677.5938888888888,corner_T2,110.69636914259536,297.5038194646213,MEDIUM,5.0,1.0,0.9191180332965075,6014.174940579519,45743.36261964964,400.0,False,1,False,CLOSE_INTERACTION_NO_PASS,0.0,,False,0.0,191.8145637162586,14.18543628374141,2.252327,True,2.252327,82.107840988059,11,True,3.0,corner,0.19444599219757056,3484.7408333333333,19,431.47976220214423,0,monaco_2026_R|HAD|LEC,monaco_2026_R|L5|monaco_2026_R|HAD|LEC,,False,v4_t0_anchored_30s_horizon
monaco_2026_R_00059,monaco_2026_R,2026,Monaco Grand Prix,SAI,ALB,23,2026-06-07 13:08:48.042,2026-06-07 13:08:53.561,5.519,5.519,2026-06-07 13:09:18.042,30.0,5,23,93.13527777777774,1.279721374045801,49.91305555555553,262.0,140.0,122.0,63.397129186608396,1.881,True,11.0,10.0,58.82444444444444,straight_01,164.42798059264743,224.42798059264743,MEDIUM,5.0,1.0,0.9040011193753887,15604.05867716913,59728.98827047498,400.0,False,1,False,CLOSE_INTERACTION_NO_PASS,0.0,,False,0.0,262.2806106870229,-0.28061068702288594,1.7090610000000002,True,1.7090610000000002,30.017627994532354,11,True,3.0,straight,0.01688057943413136,3484.7408333333333,19,431.47976220214423,0,monaco_2026_R|ALB|SAI,monaco_2026_R|L5|monaco_2026_R|ALB|SAI,,False,v4_t0_anchored_30s_horizon
monaco_2026_R_00060,monaco_2026_R,2026,Monaco Grand Prix,HAM,ANT,12,2026-06-07 13:08:54.041,2026-06-07 13:08:59.601,5.56,5.56,2026-06-07 13:09:24.041,30.0,5,21,98.89777777777817,4.045818181818198,64.63944444444473,88.0,49.0,39.0,19.116279069767664,1.72,True,2.0,1.0,1125.5416666666665,brake_T5,18.718777120585173,365.1167527631362,MEDIUM,5.0,1.0,0.9107828641006505,6355.706372511667,20170.00842343098,400.0,False,1,False,CLOSE_INTERACTION_NO_PASS,0.0,,False,0.0,81.5428571428565,6.457142857143495,4.082714,True,4.082714,4.365494801162858,13,True,3.0,brake,0.3229914993678391,3484.7408333333333,19,431.47976220214423,0,monaco_2026_R|ANT|HAM,monaco_2026_R|L5|monaco_2026_R|ANT|HAM,,False,v4_t0_anchored_30s_horizon
monaco_2026_R_00061,monaco_2026_R,2026,Monaco Grand Prix,RUS,HAD,6,2026-06-07 13:08:56.402,2026-06-07 13:09:11.602,15.2,15.2,2026-06-07 13:09:26.402,30.0,5,55,98.88111111111073,1.7114038461538394,45.549166666666224,208.0,79.0,129.0,93.18604651162818,1.72,True,5.0,4.0,1009.1074999999997,straight_03,135.15294378725196,481.550919429803,MEDIUM,5.0,1.0,0.9222503793499566,2245.6545375753885,44369.22413712162,399.9999999999999,False,1,False,CLOSE_INTERACTION_NO_PASS,0.0,,False,0.0,210.66518562401265,-2.6651856240126506,2.921355,True,2.921355,47.88080921040809,11,True,3.0,straight,0.2895789237315352,3484.7408333333333,19,431.47976220214423,0,monaco_2026_R|HAD|RUS,monaco_2026_R|L5|monaco_2026_R|HAD|RUS,,False,v4_t0_anchored_30s_horizon
monaco_2026_R_00062,monaco_2026_R,2026,Monaco Grand Prix,STR,PER,11,2026-06-07 13:09:04.602,2026-06-07 13:09:12.081,7.479,7.479,2026-06-07 13:09:34.602,30.0,4,30,69.89944444444245,125.81899999999641,69.89944444444245,2.0,8.0,-6.0,,,False,17.0,16.0,3097.7847222222244,straight_07,,,MEDIUM,4.0,1.0,0.9162942389480168,25031.476657660223,154.1004567313788,386.95611111110884,True,1,True,PIT_RELATED,,,False,0.0,,,,False,10.821439999999999,-0.23703593482715035,10,True,3.0,straight,0.8889569900264389,3484.7408333333333,19,431.47976220214423,0,monaco_2026_R|PER|STR,monaco_2026_R|L4|monaco_2026_R|PER|STR,,True,v4_t0_anchored_30s_horizon
monaco_2026_R_00063,monaco_2026_R,2026,Monaco Grand Prix,PIA,RUS,63,2026-06-07 13:09:06.041,2026-06-07 13:09:09.122,3.081,3.081,2026-06-07 13:09:36.041,30.0,5,13,99.23611111111109,2.8353174603174596,88.59166666666692,126.0,55.0,71.0,48.14175104228708,1.679,True,6.0,5.0,1147.5675,corner_T5,114.75964944112388,343.0909194298026,MEDIUM,5.0,1.0,0.9736326954376243,7620.056688380593,15540.253416178159,400.0,False,1,False,CLOSE_INTERACTION_NO_PASS,0.0,,False,0.0,109.27499422281069,16.72500577718931,4.898398,True,4.898398,37.431191765442165,11,True,3.0,corner,0.32931215114275597,3484.7408333333333,19,431.47976220214423,0,monaco_2026_R|PIA|RUS,monaco_2026_R|L5|monaco_2026_R|PIA|RUS,,False,v4_t0_anchored_30s_horizon
monaco_2026_R_00064,monaco_2026_R,2026,Monaco Grand Prix,STR,ALO,14,2026-06-07 13:09:13.481,2026-06-07 13:09:21.482,8.001,8.001,2026-06-07 13:09:43.481,30.0,4,30,17.734999999997854,1.082135593220208,17.734999999997854,59.0,248.0,-189.0,-188.99999999999764,0.28,True,17.0,18.0,3227.456666666669,straight_07,,,MEDIUM,4.0,1.0,0.9162942389480168,16643.23789540296,102.46021823829237,257.2841666666641,True,1,True,PIT_RELATED,,,False,0.0,243.4682459677425,-184.4682459677425,0.253778,True,0.253778,-166.37454299532422,12,True,3.0,straight,0.9261683496788028,3484.7408333333333,19,431.47976220214423,0,monaco_2026_R|ALO|STR,monaco_2026_R|L4|monaco_2026_R|ALO|STR,,True,v4_t0_anchored_30s_horizon
monaco_2026_R_00065,monaco_2026_R,2026,Monaco Grand Prix,ALO,PER,11,2026-06-07 13:09:14.042,2026-06-07 13:09:18.242,4.2,4.2,2026-06-07 13:09:44.042,30.0,4,12,99.59305555555511,1.41155511811023,79.15305555555562,254.0,148.0,106.0,94.72770511296399,0.841,True,18.0,16.0,3284.165277777779,straight_07,,,SOFT,1.0,2.0,0.9178728873006731,12974.862504612225,79.87671943339835,200.57555555555427,True,1,True,PIT_RELATED,,,False,0.0,,,,False,,89.7058002203992,12,True,3.0,straight,0.9424417581827187,3484.7408333333333,19,431.47976220214423,0,monaco_2026_R|ALO|PER,monaco_2026_R|L4|monaco_2026_R|ALO|PER,,True,v4_t0_anchored_30s_horizon
monaco_2026_R_00066,monaco_2026_R,2026,Monaco Grand Prix,LEC,HAM,44,2026-06-07 13:09:15.202,2026-06-07 13:09:44.522,29.32,29.32,2026-06-07 13:09:45.202,30.0,5,108,98.88388888888858,1.3184518518518478,20.81388888888887,270.0,213.0,57.0,16.061011040093064,1.721,True,3.0,2.0,1867.6861111111111,straight_05,230.8610357943603,339.7587756859234,MEDIUM,5.0,1.0,0.8399654414077701,11123.010226348011,78267.5755670798,400.0,False,1,False,CLOSE_INTERACTION_NO_PASS,0.0,,False,0.0,261.2384303435115,8.761569656488518,1.442851,True,1.442851,6.300205780694605,13,True,3.0,straight,0.5359612666875354,3484.7408333333333,19,431.47976220214423,0,monaco_2026_R|HAM|LEC,monaco_2026_R|L5|monaco_2026_R|HAM|LEC,,False,v4_t0_anchored_30s_horizon
monaco_2026_R_00067,monaco_2026_R,2026,Monaco Grand Prix,BOT,STR,18,2026-06-07 13:09:17.322,2026-06-07 13:09:24.722,7.4,7.4,2026-06-07 13:09:47.322,30.0,4,26,94.88416666666944,1.3395411764706275,56.58250000000001,255.0,154.0,101.0,115.89583333333339,1.92,True,19.0,18.0,3236.878611111111,straight_07,,,MEDIUM,3.0,2.0,0.927379510322952,16033.749698528116,98.70804609138646,247.8622222222225,True,1,False,PIT_RELATED,,,False,0.0,,,,False,,122.34980314041572,12,True,3.0,straight,0.9288721216076405,3484.7408333333333,19,431.47976220214423,0,monaco_2026_R|BOT|STR,monaco_2026_R|L4|monaco_2026_R|BOT|STR,,True,v4_t0_anchored_30s_horizon
monaco_2026_R_00068,monaco_2026_R,2026,Monaco Grand Prix,HAD,LEC,16,2026-06-07 13:09:18.841,2026-06-07 13:09:23.962,5.121,5.121,2026-06-07 13:09:48.841,30.0,5,20,91.27194444444558,1.3982085106383153,47.005277777779156,235.0,90.0,145.0,138.91165513571167,1.879,True,4.0,3.0,1962.8305555555544,straight_05,135.71659134991705,244.61433124148016,MEDIUM,5.0,1.0,0.8814061904509256,8572.314540741269,68238.84072143334,400.0,False,1,False,CLOSE_INTERACTION_NO_PASS,0.0,,False,0.0,239.94782608695851,-4.947826086958514,2.338478,True,2.338478,104.90835789589553,12,True,3.0,straight,0.5632644289584102,3484.7408333333333,19,431.47976220214423,0,monaco_2026_R|HAD|LEC,monaco_2026_R|L5|monaco_2026_R|HAD|LEC,,False,v4_t0_anchored_30s_horizon
monaco_2026_R_00069,monaco_2026_R,2026,Monaco Grand Prix,GAS,PIA,81,2026-06-07 13:09:27.842,2026-06-07 13:09:34.202,6.36,6.36,2026-06-07 13:09:57.842,30.0,5,24,83.09027777777715,1.1373574144486605,27.72361111111013,263.0,116.0,147.0,88.60020822488279,1.921,True,7.0,6.0,1935.190000000001,straight_05,163.35714690547047,272.2548867970336,MEDIUM,5.0,1.0,0.8762127342339804,9313.320978006152,71152.30355440904,400.0,False,1,False,CLOSE_INTERACTION_NO_PASS,0.0,,False,0.0,261.0225738396612,1.97742616033878,1.736662,True,1.736662,53.24904291613575,11,True,3.0,straight,0.5553325462510486,3484.7408333333333,19,431.47976220214423,0,monaco_2026_R|GAS|PIA,monaco_2026_R|L5|monaco_2026_R|GAS|PIA,,False,v4_t0_anchored_30s_horizon
monaco_2026_R_00070,monaco_2026_R,2026,Monaco Grand Prix,ALB,LAW,30,2026-06-07 13:09:31.162,2026-06-07 13:10:00.762,29.6,29.6,2026-06-07 13:10:01.162,30.0,5,112,97.19972222222077,1.2864669117646867,37.37583333333396,272.0,143.0,129.0,59.4042553191492,1.88,True,10.0,9.0,1916.8708333333343,straight_05,181.67631357213713,290.57405346370024,MEDIUM,5.0,1.0,0.8727130588024149,9804.433408725763,73083.24199402,400.0,False,1,False,CLOSE_INTERACTION_NO_PASS,0.0,,False,0.0,267.2604521780298,4.739547821970177,1.709049,True,1.709049,28.837711290417385,12,True,3.0,straight,0.5500755795086629,3484.7408333333333,19,431.47976220214423,0,monaco_2026_R|ALB|LAW,monaco_2026_R|L5|monaco_2026_R|ALB|LAW,,False,v4_t0_anchored_30s_horizon
monaco_2026_R_00071,monaco_2026_R,2026,Monaco Grand Prix,SAI,ALB,23,2026-06-07 13:09:33.081,2026-06-07 13:09:44.522,11.441,11.441,2026-06-07 13:10:03.081,30.0,5,38,98.54388888888957,1.294737226277381,36.83611111111304,274.0,127.0,147.0,81.60031266284598,1.919,True,11.0,10.0,1919.2455555555557,straight_05,179.30159134991573,288.19933124147883,MEDIUM,5.0,1.0,0.8536929709026511,9740.770272511103,72832.93353262972,400.0,False,1,False,CLOSE_INTERACTION_NO_PASS,0.0,,False,0.0,270.1192200000006,3.8807799999993904,1.884804,True,1.884804,42.34655068278809,13,True,3.0,straight,0.5507570425889317,3484.7408333333333,19,431.47976220214423,0,monaco_2026_R|ALB|SAI,monaco_2026_R|L5|monaco_2026_R|ALB|SAI,,False,v4_t0_anchored_30s_horizon
monaco_2026_R_00072,monaco_2026_R,2026,Monaco Grand Prix,HAM,ANT,12,2026-06-07 13:09:34.362,2026-06-07 13:09:37.642,3.28,3.28,2026-06-07 13:10:04.362,30.0,5,13,96.85111111111291,2.027116279069805,88.52888888889083,172.0,78.0,94.0,100.4220532319394,1.841,True,2.0,1.0,2789.605555555555,corner_T17,117.4594183084946,263.6555155756341,MEDIUM,5.0,1.0,0.8737322187882436,12645.636262058944,25464.165488459163,400.0,False,1,False,CLOSE_INTERACTION_NO_PASS,0.0,,False,0.0,181.41804733728262,-9.418047337282616,4.042786,True,4.042786,85.17203244758387,12,True,3.0,corner,0.8005202363606346,3484.7408333333333,19,431.47976220214423,0,monaco_2026_R|ANT|HAM,monaco_2026_R|L5|monaco_2026_R|ANT|HAM,,True,v4_t0_anchored_30s_horizon
monaco_2026_R_00073,monaco_2026_R,2026,Monaco Grand Prix,COL,HUL,27,2026-06-07 13:09:34.842,2026-06-07 13:10:51.162,76.32,76.32,2026-06-07 13:10:04.842,30.0,5,287,94.25444444444315,1.2161863799282988,15.433055555555256,279.0,160.0,119.0,61.203019260802286,1.921,True,13.0,12.0,1896.5375000000008,straight_05,202.00964690547062,310.9073867970337,MEDIUM,5.0,1.0,0.8520143898923227,10349.542961996864,75226.48440526996,400.0,False,1,False,CLOSE_INTERACTION_NO_PASS,0.0,,False,0.0,273.43179104477554,5.568208955224463,1.6967940000000001,True,1.6967940000000001,27.53454280273083,13,True,3.0,straight,0.5442406166503537,3484.7408333333333,19,431.47976220214423,0,monaco_2026_R|COL|HUL,monaco_2026_R|L5|monaco_2026_R|COL|HUL,,False,v4_t0_anchored_30s_horizon
monaco_2026_R_00074,monaco_2026_R,2026,Monaco Grand Prix,RUS,HAD,6,2026-06-07 13:09:40.802,2026-06-07 13:09:47.362,6.56,6.56,2026-06-07 13:10:10.802,30.0,5,29,86.27055555555535,1.634599999999996,55.326111111111004,190.0,65.0,125.0,75.53946621238077,1.7610000000000001,True,5.0,4.0,2776.574999999999,brake_T17,13.013293204664024,276.68607113119015,MEDIUM,5.0,1.0,0.9330195468826599,11912.630851378755,28571.631027536598,400.0,False,1,False,CLOSE_INTERACTION_NO_PASS,0.0,,False,0.0,184.75130890052267,5.248691099477327,2.719057,True,2.719057,23.044259678778957,11,True,3.0,brake,0.7967809179496607,3484.7408333333333,19,431.47976220214423,0,monaco_2026_R|HAD|RUS,monaco_2026_R|L5|monaco_2026_R|HAD|RUS,,True,v4_t0_anchored_30s_horizon
monaco_2026_R_00075,monaco_2026_R,2026,Monaco Grand Prix,LEC,HAM,44,2026-06-07 13:09:50.122,2026-06-07 13:09:54.122,4.0,4.0,2026-06-07 13:10:20.122,30.0,6,17,98.62722222222223,1.3603754789272031,60.71611111111113,261.0,115.0,146.0,71.06063829787149,1.88,True,3.0,2.0,73.38222222222223,straight_01,149.87020281486966,209.87020281486966,MEDIUM,6.0,1.0,0.8497503198988667,15879.299259502637,56088.74132221574,400.0,False,1,False,CLOSE_INTERACTION_NO_PASS,0.0,,False,0.0,254.98311023622048,6.016889763779517,2.076622,True,2.076622,81.80703582659916,12,True,3.0,straight,0.021058157760337193,3484.7408333333333,19,431.47976220214423,0,monaco_2026_R|HAM|LEC,monaco_2026_R|L6|monaco_2026_R|HAM|LEC,,False,v4_t0_anchored_30s_horizon
monaco_2026_R_00076,monaco_2026_R,2026,Monaco Grand Prix,HAD,LEC,16,2026-06-07 13:09:52.362,2026-06-07 13:09:56.122,3.76,3.76,2026-06-07 13:10:22.362,30.0,6,17,90.54583333333332,1.2782941176470588,60.138888888888886,255.0,111.0,144.0,118.96576086956115,1.8399999999999999,True,4.0,3.0,89.04444444444442,straight_01,134.20798059264746,194.20798059264746,MEDIUM,6.0,1.0,0.9079045116171682,16175.421320911057,52172.32237986632,400.0,False,1,False,CLOSE_INTERACTION_NO_PASS,0.0,,False,0.0,248.66600000000003,6.333999999999975,2.005066,True,2.005066,70.66073535508121,11,True,3.0,straight,0.025552673413382323,3484.7408333333333,19,431.47976220214423,0,monaco_2026_R|HAD|LEC,monaco_2026_R|L6|monaco_2026_R|HAD|LEC,,False,v4_t0_anchored_30s_horizon
monaco_2026_R_00077,monaco_2026_R,2026,Monaco Grand Prix,ALO,PER,11,2026-06-07 13:10:01.082,2026-06-07 13:10:05.082,4.0,4.0,2026-06-07 13:10:31.082,30.0,5,15,91.92972222222215,1.679934010152283,63.063055555555366,197.0,77.0,120.0,139.50699999999966,2.0,True,17.0,16.0,1971.0577777777776,straight_05,127.48936912769386,236.38710901925697,SOFT,2.0,2.0,0.9168322405624003,8351.753683517427,67371.64736437859,400.0,False,1,False,PIT_RELATED,,,False,-1.0,206.95358009708707,-9.95358009708707,2.690898,True,2.690898,126.99195350885253,10,True,3.0,straight,0.5656253569630197,3484.7408333333333,19,431.47976220214423,0,monaco_2026_R|ALO|PER,monaco_2026_R|L5|monaco_2026_R|ALO|PER,,False,v4_t0_anchored_30s_horizon
monaco_2026_R_00078,monaco_2026_R,2026,Monaco Grand Prix,STR,ALO,14,2026-06-07 13:10:04.442,2026-06-07 13:10:07.762,3.32,3.32,2026-06-07 13:10:34.442,30.0,5,14,95.4411111111117,1.5203008849557615,59.42361111111131,226.0,58.0,168.0,182.49999999999943,1.6,True,18.0,17.0,1969.2611111111105,straight_05,129.28603579436094,238.18377568592405,SOFT,1.0,2.0,0.9162942389480168,8399.91992109336,67561.02566924154,400.0,False,1,True,PIT_RELATED,,,False,1.0,199.4624365482239,26.537563451776094,3.392832,True,3.392832,169.59272244859275,10,True,3.0,straight,0.5651097758186543,3484.7408333333333,19,431.47976220214423,0,monaco_2026_R|ALO|STR,monaco_2026_R|L5|monaco_2026_R|ALO|STR,,False,v4_t0_anchored_30s_horizon
monaco_2026_R_00079,monaco_2026_R,2026,Monaco Grand Prix,ALB,LAW,30,2026-06-07 13:10:06.001,2026-06-07 13:10:12.002,6.001,6.001,2026-06-07 13:10:36.001,30.0,6,23,92.065,1.2554318181818183,49.926944444444416,264.0,145.0,119.0,66.36447166921724,1.959,True,10.0,9.0,59.22916666666667,straight_01,164.0232583704252,224.0232583704252,MEDIUM,6.0,1.0,0.9037503364220693,15611.71066786635,59627.785404431364,400.0,False,1,False,CLOSE_INTERACTION_NO_PASS,0.0,,False,0.0,257.5790588235294,6.420941176470592,1.6879520000000001,True,1.6879520000000001,44.76562857578882,11,True,3.0,straight,0.01699672070304607,3484.7408333333333,19,431.47976220214423,0,monaco_2026_R|ALB|LAW,monaco_2026_R|L6|monaco_2026_R|ALB|LAW,,False,v4_t0_anchored_30s_horizon
monaco_2026_R_00080,monaco_2026_R,2026,Monaco Grand Prix,SAI,ALB,23,2026-06-07 13:10:08.202,2026-06-07 13:10:12.202,4.0,4.0,2026-06-07 13:10:38.202,30.0,6,16,92.91083333333334,1.3065585937500002,59.01083333333335,256.0,121.0,135.0,97.18926103137537,1.881,True,11.0,10.0,77.36,straight_01,145.89242503709187,205.89242503709187,MEDIUM,6.0,1.0,0.8496598242865553,15954.506196211074,55094.077601045836,400.0,False,1,False,CLOSE_INTERACTION_NO_PASS,0.0,,False,0.0,259.2564680232558,-3.2564680232558203,1.9480110000000002,True,1.9480110000000002,69.74186050634384,11,True,3.0,straight,0.02219964229764576,3484.7408333333333,19,431.47976220214423,0,monaco_2026_R|ALB|SAI,monaco_2026_R|L6|monaco_2026_R|ALB|SAI,,False,v4_t0_anchored_30s_horizon
monaco_2026_R_00081,monaco_2026_R,2026,Monaco Grand Prix,HAM,ANT,12,2026-06-07 13:10:10.842,2026-06-07 13:10:19.401,8.559,8.559,2026-06-07 13:10:40.842,30.0,6,33,99.66083333333404,4.271178571428602,62.939722222223054,84.0,49.0,35.0,16.939999999999056,2.0,True,2.0,1.0,1121.0075,brake_T5,23.252943787251752,369.6509194298028,MEDIUM,6.0,1.0,0.8538395734696708,6093.244180677988,21151.004215552828,400.0,False,1,False,CLOSE_INTERACTION_NO_PASS,0.0,,False,0.0,82.46295333679869,1.5370466632013091,4.124101,True,4.124101,10.200996433427568,11,True,3.0,brake,0.3216903504780006,3484.7408333333333,19,431.47976220214423,0,monaco_2026_R|ANT|HAM,monaco_2026_R|L6|monaco_2026_R|ANT|HAM,,False,v4_t0_anchored_30s_horizon
monaco_2026_R_00082,monaco_2026_R,2026,Monaco Grand Prix,RUS,HAD,6,2026-06-07 13:10:13.602,2026-06-07 13:10:28.922,15.32,15.32,2026-06-07 13:10:43.602,30.0,6,58,97.39916666666659,1.653948113207546,48.973055555554765,212.0,81.0,131.0,84.19388888888898,1.8,True,5.0,4.0,1003.636111111111,straight_03,140.62433267614074,487.0223083186918,MEDIUM,6.0,1.0,0.9063521129116191,2310.291019017553,45194.78445296893,400.0,False,1,False,CLOSE_INTERACTION_NO_PASS,0.0,,False,0.0,209.98992890995262,2.0100710900473757,2.789383,True,2.789383,47.35725303155454,12,True,3.0,straight,0.28800882450448445,3484.7408333333333,19,431.47976220214423,0,monaco_2026_R|HAD|RUS,monaco_2026_R|L6|monaco_2026_R|HAD|RUS,,False,v4_t0_anchored_30s_horizon
monaco_2026_R_00083,monaco_2026_R,2026,Monaco Grand Prix,LAW,NOR,1,2026-06-07 13:10:13.842,2026-06-07 13:10:41.482,27.64,27.64,2026-06-07 13:10:43.842,30.0,6,102,99.0913888888889,1.3720346153846157,24.528611111111104,260.0,219.0,41.0,4.421195652174082,1.8399999999999999,True,9.0,8.0,543.6772222222222,brake_T2,80.9233388358424,431.42048613128793,MEDIUM,6.0,1.0,0.9020276453082284,7310.144923306807,79852.03850041574,400.0,False,1,False,CLOSE_INTERACTION_NO_PASS,0.0,,False,0.0,260.7168263090677,-0.7168263090676987,1.467961,True,1.467961,-8.40953669844127,13,True,3.0,brake,0.1560165441922311,3484.7408333333333,19,431.47976220214423,0,monaco_2026_R|LAW|NOR,monaco_2026_R|L6|monaco_2026_R|LAW|NOR,,False,v4_t0_anchored_30s_horizon
monaco_2026_R_00084,monaco_2026_R,2026,Monaco Grand Prix,GAS,PIA,81,2026-06-07 13:10:21.282,2026-06-07 13:10:37.122,15.84,15.84,2026-06-07 13:10:51.282,30.0,6,60,90.2574999999996,1.5621490384615315,40.15444444444438,208.0,79.0,129.0,81.19085592769737,1.881,True,7.0,6.0,1003.4716666666669,straight_03,140.78877712058477,487.1867527631358,MEDIUM,6.0,1.0,0.9271244029159366,2312.23369033875,45219.59694761179,399.9999999999999,False,1,False,CLOSE_INTERACTION_NO_PASS,0.0,,False,0.0,197.96316580755973,10.036834192440267,2.766469,True,2.766469,38.10545676610266,12,True,3.0,straight,0.28796163464093105,3484.7408333333333,19,431.47976220214423,0,monaco_2026_R|GAS|PIA,monaco_2026_R|L6|monaco_2026_R|GAS|PIA,,False,v4_t0_anchored_30s_horizon
monaco_2026_R_00085,monaco_2026_R,2026,Monaco Grand Prix,PIA,RUS,63,2026-06-07 13:10:23.442,2026-06-07 13:10:26.922,3.48,3.48,2026-06-07 13:10:53.442,30.0,6,14,97.32694444444473,3.0467565217391397,83.88250000000039,115.0,57.0,58.0,40.12244897959182,1.96,True,6.0,5.0,1146.7127777777778,corner_T5,115.61437166334622,343.94564165202496,MEDIUM,6.0,1.0,0.9860183710492894,7573.326680092149,15690.112477101518,400.0,False,1,False,CLOSE_INTERACTION_NO_PASS,0.0,,False,0.0,105.26226415094357,9.737735849056435,4.854754,True,4.854754,33.39677285143186,10,True,3.0,corner,0.32906687544992785,3484.7408333333333,19,431.47976220214423,0,monaco_2026_R|PIA|RUS,monaco_2026_R|L6|monaco_2026_R|PIA|RUS,,False,v4_t0_anchored_30s_horizon
monaco_2026_R_00086,monaco_2026_R,2026,Monaco Grand Prix,BOR,STR,18,2026-06-07 13:10:27.722,2026-06-07 13:10:31.282,3.56,3.56,2026-06-07 13:10:57.722,30.0,5,16,57.065555555556784,1.6434880000000354,47.65444444444529,125.0,57.0,68.0,,,False,20.0,18.0,2814.5705555555555,corner_T17,92.494418308494,238.69051557563353,HARD,4.0,2.0,0.9942559335673877,14251.299196177624,16429.550605024328,400.0,False,1,False,PIT_RELATED,,,False,0.0,145.68316993464236,-20.683169934642365,2.42347,True,2.42347,59.99718101679647,12,True,3.0,corner,0.8076843272339638,3484.7408333333333,19,431.47976220214423,0,monaco_2026_R|BOR|STR,monaco_2026_R|L5|monaco_2026_R|BOR|STR,,True,v4_t0_anchored_30s_horizon
monaco_2026_R_00087,monaco_2026_R,2026,Monaco Grand Prix,BEA,BOT,77,2026-06-07 13:10:27.722,2026-06-07 13:10:31.282,3.56,3.56,2026-06-07 13:10:57.722,30.0,5,8,18.81000000000222,0.46065306122454414,10.187777777779047,147.0,102.0,45.0,,,False,21.0,19.0,2794.9797222222205,corner_T17,112.08525164182902,258.28134890896854,HARD,4.0,2.0,0.9952596167313793,12991.284177878728,23519.30163295285,400.0,False,1,False,CLOSE_INTERACTION_NO_PASS,0.0,,False,0.0,144.14776785714525,2.8522321428547457,0.590607,True,0.590607,-3.380817186136493,12,True,3.0,corner,0.8020624361751112,3484.7408333333333,19,431.47976220214423,0,monaco_2026_R|BEA|BOT,monaco_2026_R|L5|monaco_2026_R|BEA|BOT,,True,v4_t0_anchored_30s_horizon
monaco_2026_R_00088,monaco_2026_R,2026,Monaco Grand Prix,BEA,BOR,5,2026-06-07 13:10:31.522,2026-06-07 13:14:11.483,219.961,219.961,2026-06-07 13:11:01.522,30.0,5,645,15.31861111111266,0.7878142857143654,10.004999999999654,70.0,79.0,-9.0,,,False,21.0,20.0,2877.6352777777756,brake_T18,29.429696086273907,175.62579335341343,HARD,4.0,2.0,0.99786771879535,18140.0788438419,3318.3151087906267,400.0,False,1,False,CLOSE_INTERACTION_NO_PASS,0.0,,False,0.0,58.652048022598436,11.347951977401564,0.763508,True,0.763508,2.3190056385922295,13,True,3.0,brake,0.8257817196193525,3484.7408333333333,19,431.47976220214423,0,monaco_2026_R|BEA|BOR,monaco_2026_R|L5|monaco_2026_R|BEA|BOR,,True,v4_t0_anchored_30s_horizon
monaco_2026_R_00089,monaco_2026_R,2026,Monaco Grand Prix,LEC,HAM,44,2026-06-07 13:10:34.122,2026-06-07 13:10:39.122,5.0,5.0,2026-06-07 13:11:04.122,30.0,6,20,94.33138888888925,1.3804593495935014,42.45361111111197,246.0,103.0,143.0,135.39285714285506,1.12,True,3.0,2.0,1945.8266666666657,straight_05,152.72048023880575,261.61822013036885,MEDIUM,6.0,1.0,0.822273391970146,9028.166128090132,70031.1418274751,400.0000000000002,False,1,False,CLOSE_INTERACTION_NO_PASS,0.0,,False,0.0,247.291093117409,-1.291093117408991,2.368732,True,2.368732,100.57199166069478,10,True,3.0,straight,0.5583849014118455,3484.7408333333333,19,431.47976220214423,0,monaco_2026_R|HAM|LEC,monaco_2026_R|L6|monaco_2026_R|HAM|LEC,,True,v4_t0_anchored_30s_horizon
monaco_2026_R_00090,monaco_2026_R,2026,Monaco Grand Prix,BOR,BOT,77,2026-06-07 13:10:35.362,2026-06-07 13:14:11.483,216.121,214.801,2026-06-07 13:11:05.362,30.0,5,630,11.702500000000327,0.3795405405405512,10.02055555555512,111.0,143.0,-32.0,-20.84000000000042,2.0,True,20.0,19.0,2984.1705555555554,brake_T19,9.090515575633617,69.09051557563362,HARD,4.0,2.0,0.9883653909802701,24183.213038841557,134.54999888154458,400.0,False,1,False,CLOSE_INTERACTION_NO_PASS,0.0,,False,0.0,119.0,-8.0,0.293428,True,0.293428,-17.544723778295566,11,True,3.0,brake,0.8563536567799916,3484.7408333333333,19,431.47976220214423,0,monaco_2026_R|BOR|BOT,monaco_2026_R|L5|monaco_2026_R|BOR|BOT,,True,v4_t0_anchored_30s_horizon
monaco_2026_R_00091,monaco_2026_R,2026,Monaco Grand Prix,HAD,LEC,16,2026-06-07 13:10:35.722,2026-06-07 13:10:46.882,11.16,11.16,2026-06-07 13:11:05.722,30.0,6,39,97.2916666666656,1.2876838235293977,36.2583333333323,272.0,127.0,145.0,84.58695652173917,1.8399999999999999,True,4.0,3.0,1926.2097222222226,straight_05,172.33742468324886,281.23516457481196,MEDIUM,6.0,1.0,0.8877058695989342,9554.070250515751,72098.87300677664,400.0000000000002,False,1,False,CLOSE_INTERACTION_NO_PASS,0.0,,False,0.0,253.57218379446616,18.427816205533844,1.885774,True,1.885774,51.67279023089767,12,True,3.0,straight,0.5527555173679025,3484.7408333333333,19,431.47976220214423,0,monaco_2026_R|HAD|LEC,monaco_2026_R|L6|monaco_2026_R|HAD|LEC,,False,v4_t0_anchored_30s_horizon
monaco_2026_R_00092,monaco_2026_R,2026,Monaco Grand Prix,BOT,STR,18,2026-06-07 13:10:40.722,2026-06-07 13:10:44.922,4.2,4.2,2026-06-07 13:11:10.722,30.0,6,18,92.28666666666666,1.3236334661354583,58.38666666666671,251.0,124.0,127.0,124.47656250000004,1.92,True,19.0,18.0,74.56444444444443,straight_01,148.68798059264745,208.68798059264745,MEDIUM,5.0,2.0,0.8867416431815354,15901.651265272965,55793.12059614737,400.0,False,1,False,CLOSE_INTERACTION_NO_PASS,0.0,,False,0.0,259.5777027027027,-8.577702702702709,1.8524319999999999,True,1.8524319999999999,75.3325622492523,11,True,3.0,straight,0.0213974146172356,3484.7408333333333,19,431.47976220214423,0,monaco_2026_R|BOT|STR,monaco_2026_R|L6|monaco_2026_R|BOT|STR,,False,v4_t0_anchored_30s_horizon
monaco_2026_R_00093,monaco_2026_R,2026,Monaco Grand Prix,LAW,NOR,1,2026-06-07 13:10:49.362,2026-06-07 13:10:55.442,6.08,6.08,2026-06-07 13:11:19.362,30.0,6,24,99.27388888888868,1.3692950191570852,38.04055555555533,261.0,111.0,150.0,117.47826086956485,1.8399999999999999,True,9.0,8.0,1929.7416666666666,straight_05,168.80548023880488,277.703220130368,MEDIUM,6.0,1.0,0.8868927400201463,9459.383529616285,71726.5871152597,400.0000000000002,False,1,False,CLOSE_INTERACTION_NO_PASS,0.0,,False,0.0,256.071314741036,4.928685258963981,2.215235,True,2.215235,71.2372960372969,10,True,3.0,straight,0.5537690631704079,3484.7408333333333,19,431.47976220214423,0,monaco_2026_R|LAW|NOR,monaco_2026_R|L6|monaco_2026_R|LAW|NOR,,False,v4_t0_anchored_30s_horizon
monaco_2026_R_00094,monaco_2026_R,2026,Monaco Grand Prix,ALB,LAW,30,2026-06-07 13:10:50.762,2026-06-07 13:11:21.282,30.52,30.52,2026-06-07 13:11:20.762,30.0,6,114,96.50888888888903,1.286785185185187,26.222222222221262,270.0,153.0,117.0,70.54285714285788,1.4,True,10.0,9.0,1910.426111111111,straight_05,188.12103579436052,297.01877568592363,MEDIUM,6.0,1.0,0.8655503822479119,9977.207817816541,73762.55028887544,400.0,False,1,False,CLOSE_INTERACTION_NO_PASS,0.0,,False,0.0,263.3977931034483,6.6022068965517064,1.6664210000000002,True,1.6664210000000002,26.387220026350015,9,True,3.0,straight,0.5482261673054436,3484.7408333333333,19,431.47976220214423,0,monaco_2026_R|ALB|LAW,monaco_2026_R|L6|monaco_2026_R|ALB|LAW,,False,v4_t0_anchored_30s_horizon
monaco_2026_R_00095,monaco_2026_R,2026,Monaco Grand Prix,HAM,ANT,12,2026-06-07 13:10:51.162,2026-06-07 13:10:54.242,3.08,3.08,2026-06-07 13:11:21.162,30.0,6,14,97.9438888888867,1.9698212290502355,90.62166666666462,179.0,81.0,98.0,104.7333333333363,1.8,True,2.0,1.0,2790.6877777777795,corner_T17,116.37719608627003,262.57329335340955,MEDIUM,6.0,1.0,0.7771126631753544,12715.241073142683,25072.51874317201,400.0,False,1,False,CLOSE_INTERACTION_NO_PASS,0.0,,False,0.0,183.85086705202195,-4.850867052021954,4.097017,True,4.097017,89.04982571253188,10,True,3.0,corner,0.8008307966788863,3484.7408333333333,19,431.47976220214423,0,monaco_2026_R|ANT|HAM,monaco_2026_R|L6|monaco_2026_R|ANT|HAM,,True,v4_t0_anchored_30s_horizon
monaco_2026_R_00096,monaco_2026_R,2026,Monaco Grand Prix,SAI,ALB,23,2026-06-07 13:10:52.602,2026-06-07 13:10:59.242,6.64,6.64,2026-06-07 13:11:22.602,30.0,6,25,99.10638888888889,1.3021277372262774,34.24472222222221,274.0,138.0,136.0,67.34782608695696,1.8399999999999999,True,11.0,10.0,1914.6924999999997,straight_05,183.85464690547178,292.7523867970349,MEDIUM,6.0,1.0,0.8255218946134748,9862.831620703284,73312.85001299584,400.0,False,1,False,CLOSE_INTERACTION_NO_PASS,0.0,,False,0.0,269.42690298507466,4.573097014925338,1.78269,True,1.78269,36.09563641225925,12,True,3.0,straight,0.5494504732417929,3484.7408333333333,19,431.47976220214423,0,monaco_2026_R|ALB|SAI,monaco_2026_R|L6|monaco_2026_R|ALB|SAI,,False,v4_t0_anchored_30s_horizon
monaco_2026_R_00097,monaco_2026_R,2026,Monaco Grand Prix,COL,HUL,27,2026-06-07 13:10:54.042,2026-06-07 13:12:08.522,74.48,74.48,2026-06-07 13:11:24.042,30.0,6,277,96.6869444444435,1.2475734767024969,16.489166666667643,279.0,205.0,74.0,14.139285714286185,1.96,True,13.0,12.0,1877.4691666666668,straight_05,221.07798023880468,329.9757201303678,MEDIUM,6.0,1.0,0.8778526014314293,10860.739552076768,77236.38903044302,400.0,False,1,False,CLOSE_INTERACTION_NO_PASS,0.0,,False,0.0,283.71636040308226,-4.716360403082263,1.42291,True,1.42291,-1.4808604319134617,13,True,3.0,straight,0.5387686650059342,3484.7408333333333,19,431.47976220214423,0,monaco_2026_R|COL|HUL,monaco_2026_R|L6|monaco_2026_R|COL|HUL,,False,v4_t0_anchored_30s_horizon
monaco_2026_R_00098,monaco_2026_R,2026,Monaco Grand Prix,ALO,PER,11,2026-06-07 13:10:54.682,2026-06-07 13:11:11.522,16.84,16.84,2026-06-07 13:11:24.682,30.0,6,64,91.02361111111009,1.6302736318407778,33.0408333333321,201.0,75.0,126.0,83.94671016857023,1.839,True,17.0,16.0,996.764444444445,straight_03,147.49599934280673,493.8939749853578,SOFT,3.0,2.0,0.9551876252936246,2436.7282995288538,46032.180459992655,400.0,False,1,False,CLOSE_INTERACTION_NO_PASS,0.0,,False,0.0,187.64720670390994,13.352793296090056,2.932944,True,2.932944,39.879003013945834,13,True,3.0,straight,0.28603689402376264,3484.7408333333333,19,431.47976220214423,0,monaco_2026_R|ALO|PER,monaco_2026_R|L6|monaco_2026_R|ALO|PER,,False,v4_t0_anchored_30s_horizon
monaco_2026_R_00099,monaco_2026_R,2026,Monaco Grand Prix,RUS,HAD,6,2026-06-07 13:10:57.762,2026-06-07 13:11:05.282,7.52,7.52,2026-06-07 13:11:27.762,30.0,6,32,90.10388888888974,1.792121546961343,50.38694444444582,181.0,76.0,105.0,27.437499999999773,1.92,True,5.0,4.0,2761.251388888888,corner_T16,28.336904315774973,292.0096822423011,MEDIUM,6.0,1.0,0.9489760925293869,11380.670339524897,29297.17139667634,400.0,False,1,False,CLOSE_INTERACTION_NO_PASS,0.0,,False,0.0,175.84364640883888,5.156353591161121,2.457502,True,2.457502,-5.23871497244457,10,True,3.0,corner,0.7923835719649801,3484.7408333333333,19,431.47976220214423,0,monaco_2026_R|HAD|RUS,monaco_2026_R|L6|monaco_2026_R|HAD|RUS,,True,v4_t0_anchored_30s_horizon
monaco_2026_R_00100,monaco_2026_R,2026,Monaco Grand Prix,STR,ALO,14,2026-06-07 13:10:58.522,2026-06-07 13:11:13.163,14.641,14.641,2026-06-07 13:11:28.522,30.0,6,56,99.43222222222278,1.817035532994934,50.98833333333482,197.0,71.0,126.0,106.32608695652173,1.8399999999999999,True,18.0,17.0,1011.5908333333333,straight_03,132.66961045391838,479.0675860964694,SOFT,2.0,2.0,0.9132584845662662,2216.3175753936857,43994.52193761531,399.9999999999999,False,1,False,CLOSE_INTERACTION_NO_PASS,0.0,,False,0.0,189.79230484189767,7.207695158102325,3.549918,True,3.549918,78.64664987762924,12,True,3.0,straight,0.2902915544412796,3484.7408333333333,19,431.47976220214423,0,monaco_2026_R|ALO|STR,monaco_2026_R|L6|monaco_2026_R|ALO|STR,,False,v4_t0_anchored_30s_horizon
monaco_2026_R_00101,monaco_2026_R,2026,Monaco Grand Prix,GAS,PIA,81,2026-06-07 13:11:06.203,2026-06-07 13:11:13.163,6.96,6.96,2026-06-07 13:11:36.203,30.0,6,26,89.64166666666824,1.7829281767956113,60.54861111111222,181.0,64.0,117.0,68.30200977729271,1.841,True,7.0,6.0,2771.337222222222,corner_T16,18.25107098244098,281.9238489089671,MEDIUM,6.0,1.0,0.9435020578507626,11714.365139523346,28965.428629483908,400.0,False,1,False,CLOSE_INTERACTION_NO_PASS,0.0,,False,0.0,179.2915425531909,1.708457446809092,2.874521,True,2.874521,26.732261886165972,12,True,3.0,corner,0.7952778570253949,3484.7408333333333,19,431.47976220214423,0,monaco_2026_R|GAS|PIA,monaco_2026_R|L6|monaco_2026_R|GAS|PIA,,True,v4_t0_anchored_30s_horizon
monaco_2026_R_00102,monaco_2026_R,2026,Monaco Grand Prix,HAD,LEC,16,2026-06-07 13:11:09.642,2026-06-07 13:11:14.602,4.96,4.96,2026-06-07 13:11:39.642,30.0,7,20,96.2861111111111,1.3031203007518795,52.230555555555526,266.0,133.0,133.0,59.667187499995194,1.92,True,4.0,3.0,66.11722222222222,straight_01,157.13520281486967,217.13520281486967,MEDIUM,7.0,1.0,0.9033274346319712,15741.941562388634,57905.39180849211,400.0,False,1,False,CLOSE_INTERACTION_NO_PASS,0.0,,False,0.0,258.3260504201681,7.673949579831913,1.872823,True,1.872823,61.412895827165634,10,True,3.0,straight,0.018973354227601973,3484.7408333333333,19,431.47976220214423,0,monaco_2026_R|HAD|LEC,monaco_2026_R|L7|monaco_2026_R|HAD|LEC,,False,v4_t0_anchored_30s_horizon
monaco_2026_R_00103,monaco_2026_R,2026,Monaco Grand Prix,ALB,LAW,30,2026-06-07 13:11:25.082,2026-06-07 13:11:31.322,6.24,6.24,2026-06-07 13:11:55.082,30.0,7,27,94.50638888888889,1.2838603773584905,45.59666666666672,265.0,172.0,93.0,37.09886363636271,1.76,True,10.0,9.0,38.119166666666665,straight_01,185.1332583704252,245.1332583704252,MEDIUM,7.0,1.0,0.8983741589363214,15212.58871520612,64906.44910233835,400.0,False,1,False,CLOSE_INTERACTION_NO_PASS,0.0,,False,0.0,261.74986538461536,3.2501346153846384,1.516657,True,1.516657,-25.389371031148297,14,True,3.0,straight,0.010938881394575254,3484.7408333333333,19,431.47976220214423,0,monaco_2026_R|ALB|LAW,monaco_2026_R|L7|monaco_2026_R|ALB|LAW,,False,v4_t0_anchored_30s_horizon
monaco_2026_R_00104,monaco_2026_R,2026,Monaco Grand Prix,LEC,HAM,44,2026-06-07 13:11:26.882,2026-06-07 13:11:41.522,14.64,14.64,2026-06-07 13:11:56.882,30.0,7,57,91.82472222222248,1.589274038461543,45.29138888888974,208.0,73.0,135.0,102.4566666666667,1.8,True,3.0,2.0,1013.461111111111,straight_03,130.7993326761407,477.19730831869174,MEDIUM,7.0,1.0,0.8368866261350115,2194.222970654384,43712.32172404982,400.0,False,1,False,CLOSE_INTERACTION_NO_PASS,0.0,,False,0.0,197.10125000000008,10.898749999999922,3.09275,True,3.09275,63.0314731441068,13,True,3.0,straight,0.2908282594265937,3484.7408333333333,19,431.47976220214423,0,monaco_2026_R|HAM|LEC,monaco_2026_R|L7|monaco_2026_R|HAM|LEC,,False,v4_t0_anchored_30s_horizon
monaco_2026_R_00105,monaco_2026_R,2026,Monaco Grand Prix,BOT,STR,18,2026-06-07 13:11:27.482,2026-06-07 13:11:31.002,3.52,3.52,2026-06-07 13:11:57.482,30.0,6,16,97.55861111111176,1.8103659793814555,70.50305555555587,194.0,69.0,125.0,146.93400745077219,1.879,True,19.0,18.0,1973.1358333333326,straight_05,125.41131357213885,234.30905346370196,MEDIUM,5.0,2.0,0.869275504242984,8340.031030427292,66821.11018937388,400.0000000000002,False,1,False,CLOSE_INTERACTION_NO_PASS,0.0,,False,0.0,211.78454332552707,-17.784543325527068,3.148655,True,3.148655,139.60423760624758,12,True,3.0,straight,0.5662216869786345,3484.7408333333333,19,431.47976220214423,0,monaco_2026_R|BOT|STR,monaco_2026_R|L6|monaco_2026_R|BOT|STR,,False,v4_t0_anchored_30s_horizon
monaco_2026_R_00106,monaco_2026_R,2026,Monaco Grand Prix,SAI,ALB,23,2026-06-07 13:11:28.082,2026-06-07 13:11:31.322,3.24,3.24,2026-06-07 13:11:58.082,30.0,7,16,92.17416666666665,1.322019920318725,64.46305555555551,251.0,105.0,146.0,122.32404775440301,1.759,True,11.0,10.0,90.16916666666667,straight_01,133.0832583704252,193.0832583704252,MEDIUM,7.0,1.0,0.8559535660673192,16196.68618730299,51891.07982351037,400.0,False,1,False,CLOSE_INTERACTION_NO_PASS,0.0,,False,0.0,247.38703893442622,3.612961065573785,2.2777089999999998,True,2.2777089999999998,91.68636211657035,12,True,3.0,straight,0.025875429760558472,3484.7408333333333,19,431.47976220214423,0,monaco_2026_R|ALB|SAI,monaco_2026_R|L7|monaco_2026_R|ALB|SAI,,False,v4_t0_anchored_30s_horizon
monaco_2026_R_00107,monaco_2026_R,2026,Monaco Grand Prix,HAM,ANT,12,2026-06-07 13:11:28.082,2026-06-07 13:11:32.683,4.601,4.601,2026-06-07 13:11:58.082,30.0,7,21,99.50555555555502,3.5821999999999807,73.31666666666615,100.0,44.0,56.0,32.50881182490061,1.759,True,2.0,1.0,1134.4900000000002,brake_T5,9.770443787251452,356.1684194298025,MEDIUM,7.0,1.0,0.771247330341942,6873.684504456203,18233.97960229423,400.0,False,1,False,CLOSE_INTERACTION_NO_PASS,0.0,,False,0.0,94.8954166666682,5.104583333331803,4.427614,True,4.427614,20.944910847738814,12,True,3.0,brake,0.3255593613011394,3484.7408333333333,19,431.47976220214423,0,monaco_2026_R|ANT|HAM,monaco_2026_R|L7|monaco_2026_R|ANT|HAM,,False,v4_t0_anchored_30s_horizon
monaco_2026_R_00108,monaco_2026_R,2026,Monaco Grand Prix,RUS,HAD,6,2026-06-07 13:11:30.762,2026-06-07 13:11:46.643,15.881,15.881,2026-06-07 13:12:00.762,30.0,7,61,98.54861111111143,1.7222087378640831,49.72916666666697,206.0,89.0,117.0,54.5208333333325,1.92,True,5.0,4.0,996.8663888888885,straight_03,147.39405489836315,493.7920305409142,MEDIUM,7.0,1.0,0.9201601962261685,2434.117632432288,46022.99593023085,400.0000000000001,False,1,False,CLOSE_INTERACTION_NO_PASS,0.0,,False,0.0,204.06549107142857,1.9345089285714323,2.571004,True,2.571004,22.903664059282985,13,True,3.0,straight,0.2860661485506613,3484.7408333333333,19,431.47976220214423,0,monaco_2026_R|HAD|RUS,monaco_2026_R|L7|monaco_2026_R|HAD|RUS,,False,v4_t0_anchored_30s_horizon
monaco_2026_R_00109,monaco_2026_R,2026,Monaco Grand Prix,ALO,PER,11,2026-06-07 13:11:35.242,2026-06-07 13:11:47.362,12.12,12.12,2026-06-07 13:12:05.242,30.0,6,40,98.39083333333292,1.624802752293571,44.186111111111586,218.0,112.0,106.0,85.61080540270102,1.999,True,17.0,16.0,2565.060000000001,corner_T13,16.241344230943923,488.2010711311882,SOFT,3.0,2.0,0.8998389087140046,4275.464028812247,69671.56211183128,400.0,False,1,False,CLOSE_INTERACTION_NO_PASS,0.0,,False,0.0,200.8276515151519,17.1723484848481,2.596702,True,2.596702,68.32101641204665,13,True,3.0,corner,0.7360834342295663,3484.7408333333333,19,431.47976220214423,0,monaco_2026_R|ALO|PER,monaco_2026_R|L6|monaco_2026_R|ALO|PER,,True,v4_t0_anchored_30s_horizon
monaco_2026_R_00110,monaco_2026_R,2026,Monaco Grand Prix,GAS,PIA,81,2026-06-07 13:11:39.563,2026-06-07 13:11:55.722,16.159,16.159,2026-06-07 13:12:09.563,30.0,7,62,95.10666666666646,1.6949702970296994,31.200833333333094,202.0,82.0,120.0,82.10359536867738,1.641,True,7.0,6.0,993.4188888888888,straight_03,150.84155489836292,497.23953054091396,MEDIUM,7.0,1.0,0.9183498116533686,2522.4037069166448,46333.59320236946,400.0000000000001,False,1,False,CLOSE_INTERACTION_NO_PASS,0.0,,False,0.0,203.490109223301,-1.4901092233010047,2.887053,True,2.887053,42.31529274688204,8,True,3.0,straight,0.2850768353807915,3484.7408333333333,19,431.47976220214423,0,monaco_2026_R|GAS|PIA,monaco_2026_R|L7|monaco_2026_R|GAS|PIA,,False,v4_t0_anchored_30s_horizon
monaco_2026_R_00111,monaco_2026_R,2026,Monaco Grand Prix,LAW,NOR,1,2026-06-07 13:11:43.642,2026-06-07 13:11:58.683,15.041,15.041,2026-06-07 13:12:13.642,30.0,7,57,93.3011111111116,1.7313608247422771,45.092500000000655,194.0,76.0,118.0,95.69387755102024,1.96,True,9.0,8.0,1016.8844444444444,straight_03,127.37599934280729,473.77397498535834,MEDIUM,7.0,1.0,0.9304932573200997,2153.7812791636375,43195.78594030089,400.0,False,1,False,CLOSE_INTERACTION_NO_PASS,0.0,,False,0.0,195.50721649484544,-1.5072164948454372,3.100288,True,3.100288,66.84007815958634,12,True,3.0,straight,0.29181063759962383,3484.7408333333333,19,431.47976220214423,0,monaco_2026_R|LAW|NOR,monaco_2026_R|L7|monaco_2026_R|LAW|NOR,,False,v4_t0_anchored_30s_horizon
monaco_2026_R_00112,monaco_2026_R,2026,Monaco Grand Prix,STR,ALO,14,2026-06-07 13:11:44.162,2026-06-07 13:11:49.962,5.8,5.8,2026-06-07 13:12:14.162,30.0,6,25,94.25833333333276,1.8956983240223348,66.89444444444416,179.0,58.0,121.0,89.68181818182003,1.76,True,18.0,17.0,2776.1675000000005,brake_T17,13.42079320466246,277.0935711311886,SOFT,2.0,2.0,0.9056797047838688,11889.712188805563,28668.74299578649,400.0,False,1,False,CLOSE_INTERACTION_NO_PASS,0.0,,False,0.0,180.82800561797745,-1.8280056179774533,3.548533,True,3.548533,56.21417967750268,12,True,3.0,brake,0.7966639795546729,3484.7408333333333,19,431.47976220214423,0,monaco_2026_R|ALO|STR,monaco_2026_R|L6|monaco_2026_R|ALO|STR,,True,v4_t0_anchored_30s_horizon
monaco_2026_R_00113,monaco_2026_R,2026,Monaco Grand Prix,HAD,LEC,16,2026-06-07 13:11:52.923,2026-06-07 13:12:04.562,11.639,11.639,2026-06-07 13:12:22.923,30.0,7,44,99.50222222222214,1.3169411764705872,27.963055555555,272.0,161.0,111.0,59.9167244968772,1.441,True,4.0,3.0,1909.0844444444444,straight_05,189.462702461027,298.3604423525901,MEDIUM,7.0,1.0,0.8943731746767426,10013.176112110246,73903.96915289649,400.0000000000002,False,1,False,CLOSE_INTERACTION_NO_PASS,0.0,,False,0.0,255.59644957983193,16.403550420168074,1.6636739999999999,True,1.6636739999999999,27.672214114128533,9,True,3.0,straight,0.547841155411924,3484.7408333333333,19,431.47976220214423,0,monaco_2026_R|HAD|LEC,monaco_2026_R|L7|monaco_2026_R|HAD|LEC,,False,v4_t0_anchored_30s_horizon
monaco_2026_R_00114,monaco_2026_R,2026,Monaco Grand Prix,ALB,LAW,30,2026-06-07 13:12:10.402,2026-06-07 13:12:21.522,11.12,11.12,2026-06-07 13:12:40.402,30.0,7,34,94.17888888888706,1.3243906249999742,52.772777777776355,256.0,113.0,143.0,98.10638297872345,1.88,True,10.0,9.0,1936.350277777779,straight_05,162.19686912769248,271.0946090192556,MEDIUM,7.0,1.0,0.8573798682017002,9282.215477951318,71030.00405233537,400.0,False,1,False,CLOSE_INTERACTION_NO_PASS,0.0,,False,0.0,259.11569390401985,-3.1156939040198495,1.94347,True,1.94347,64.23858483365738,12,True,3.0,straight,0.5556655058119662,3484.7408333333333,19,431.47976220214423,0,monaco_2026_R|ALB|LAW,monaco_2026_R|L7|monaco_2026_R|ALB|LAW,,False,v4_t0_anchored_30s_horizon
monaco_2026_R_00115,monaco_2026_R,2026,Monaco Grand Prix,SAI,ALB,23,2026-06-07 13:12:12.403,2026-06-07 13:12:18.443,6.04,6.04,2026-06-07 13:12:42.403,30.0,7,23,91.59305555555602,1.2034124087591302,21.128611111111695,274.0,101.0,173.0,146.62683324280286,1.841,True,11.0,10.0,1920.1075000000005,straight_05,178.4396469054709,287.337386797034,MEDIUM,7.0,1.0,0.8422256373040518,9717.662691311638,72742.07996429486,400.0,False,1,False,CLOSE_INTERACTION_NO_PASS,0.0,,False,0.0,268.23646763392895,5.763532366071047,2.2294140000000002,True,2.2294140000000002,100.86120888628709,8,True,3.0,straight,0.551004390809551,3484.7408333333333,19,431.47976220214423,0,monaco_2026_R|ALB|SAI,monaco_2026_R|L7|monaco_2026_R|ALB|SAI,,False,v4_t0_anchored_30s_horizon
monaco_2026_R_00116,monaco_2026_R,2026,Monaco Grand Prix,COL,HUL,27,2026-06-07 13:12:13.962,2026-06-07 13:12:45.803,31.841,31.841,2026-06-07 13:12:43.962,30.0,7,121,94.70361111111129,1.239756363636366,27.247222222220444,275.0,166.0,109.0,59.67652075042612,1.759,True,13.0,12.0,1898.3377777777769,straight_05,200.20936912769457,309.1071090192577,MEDIUM,7.0,1.0,0.8918788698070307,10301.27991534732,75036.72546992436,400.0,False,1,False,CLOSE_INTERACTION_NO_PASS,0.0,,False,0.0,271.5623574144495,3.4376425855505204,1.644623,True,1.644623,50.82884339923268,9,True,3.0,straight,0.5447572340586142,3484.7408333333333,19,431.47976220214423,0,monaco_2026_R|COL|HUL,monaco_2026_R|L7|monaco_2026_R|COL|HUL,,False,v4_t0_anchored_30s_horizon
monaco_2026_R_00117,monaco_2026_R,2026,Monaco Grand Prix,ALO,PER,11,2026-06-07 13:12:14.242,2026-06-07 13:12:28.962,14.72,14.72,2026-06-07 13:12:44.242,30.0,7,56,96.09027777777646,1.679247572815511,39.925555555553956,206.0,73.0,133.0,90.2441544317573,1.839,True,17.0,16.0,999.6816666666668,straight_03,144.57877712058485,490.9767527631359,SOFT,4.0,2.0,0.9259651078922081,2362.0219620673543,45769.357758195896,400.0,False,1,False,CLOSE_INTERACTION_NO_PASS,0.0,,False,0.0,178.88844916263335,27.11155083736665,3.260268,True,3.260268,75.67947225750873,10,True,3.0,straight,0.28687403582619375,3484.7408333333333,19,431.47976220214423,0,monaco_2026_R|ALO|PER,monaco_2026_R|L7|monaco_2026_R|ALO|PER,,False,v4_t0_anchored_30s_horizon
monaco_2026_R_00118,monaco_2026_R,2026,Monaco Grand Prix,RUS,HAD,6,2026-06-07 13:12:15.122,2026-06-07 13:12:22.082,6.96,6.96,2026-06-07 13:12:45.122,30.0,7,27,96.99527777777985,1.8186614583333722,65.0508333333355,192.0,76.0,116.0,36.794897448722395,1.999,True,5.0,4.0,2764.4199999999987,corner_T16,25.168293204664224,288.84107113119035,MEDIUM,7.0,1.0,0.9205405380180769,11485.505410267182,29192.949585407416,400.0,False,1,False,CLOSE_INTERACTION_NO_PASS,0.0,,False,0.0,170.23171428571342,21.768285714286577,2.606154,True,2.606154,-5.803868177163432,12,True,3.0,corner,0.7932928536770665,3484.7408333333333,19,431.47976220214423,0,monaco_2026_R|HAD|RUS,monaco_2026_R|L7|monaco_2026_R|HAD|RUS,,True,v4_t0_anchored_30s_horizon
monaco_2026_R_00119,monaco_2026_R,2026,Monaco Grand Prix,STR,ALO,14,2026-06-07 13:12:18.443,2026-06-07 13:12:32.123,13.68,13.68,2026-06-07 13:12:48.443,30.0,7,54,94.51166666666677,1.9897192982456162,59.50722222222248,171.0,82.0,89.0,107.37320574162673,1.881,True,18.0,17.0,1029.4472222222223,brake_T5,114.81322156502938,461.2111972075804,SOFT,3.0,2.0,0.8830796065216155,2133.321474804223,40960.65256523322,400.0,False,1,False,CLOSE_INTERACTION_NO_PASS,0.0,,False,0.0,173.05436950146617,-2.0543695014661694,3.6152189999999997,True,3.6152189999999997,90.11705073292671,11,True,3.0,brake,0.2954157199798136,3484.7408333333333,19,431.47976220214423,0,monaco_2026_R|ALO|STR,monaco_2026_R|L7|monaco_2026_R|ALO|STR,,False,v4_t0_anchored_30s_horizon
monaco_2026_R_00120,monaco_2026_R,2026,Monaco Grand Prix,GAS,PIA,81,2026-06-07 13:12:23.842,2026-06-07 13:12:31.082,7.24,7.24,2026-06-07 13:12:53.842,30.0,7,29,93.47083333333467,2.289081632653094,42.49583333333521,147.0,68.0,79.0,36.13636363636333,1.76,True,7.0,6.0,2745.105833333333,corner_T15,10.145098113941913,308.155237797856,MEDIUM,7.0,1.0,0.9603709938682369,10871.689442368337,29493.22023856887,400.0,False,1,False,CLOSE_INTERACTION_NO_PASS,0.0,,False,0.0,181.54613583138087,-34.546135831380866,2.873923,True,2.873923,5.495944615029455,12,True,3.0,corner,0.7877503563751392,3484.7408333333333,19,431.47976220214423,0,monaco_2026_R|GAS|PIA,monaco_2026_R|L7|monaco_2026_R|GAS|PIA,,True,v4_t0_anchored_30s_horizon
monaco_2026_R_00121,monaco_2026_R,2026,Monaco Grand Prix,BOT,STR,18,2026-06-07 13:12:27.003,2026-06-07 13:12:31.683,4.68,4.68,2026-06-07 13:12:57.003,30.0,7,20,96.29277777777816,3.537285714285728,72.76777777777806,98.0,46.0,52.0,29.391304347825457,1.8399999999999999,True,19.0,18.0,1135.7180555555558,brake_T5,8.542388231695895,354.94036387424694,MEDIUM,6.0,2.0,0.9159881814645102,6944.771029610691,17968.281973367513,400.0,False,1,False,CLOSE_INTERACTION_NO_PASS,0.0,,False,0.0,95.71417525773224,2.2858247422677636,4.492432,True,4.492432,21.239481545847188,11,True,3.0,brake,0.3259117707382512,3484.7408333333333,19,431.47976220214423,0,monaco_2026_R|BOT|STR,monaco_2026_R|L7|monaco_2026_R|BOT|STR,,False,v4_t0_anchored_30s_horizon
monaco_2026_R_00122,monaco_2026_R,2026,Monaco Grand Prix,HAD,LEC,16,2026-06-07 13:12:27.283,2026-06-07 13:12:31.082,3.799,3.799,2026-06-07 13:12:57.283,30.0,8,17,92.03472222222223,1.2550189393939395,58.29527777777781,264.0,115.0,149.0,70.72602040816082,1.96,True,4.0,3.0,81.55333333333334,straight_01,141.69909170375854,201.69909170375854,MEDIUM,8.0,1.0,0.9043977532901281,16033.788592618239,54045.51310839354,400.0,False,1,False,CLOSE_INTERACTION_NO_PASS,0.0,,False,0.0,256.0135498046875,7.9864501953125,1.960722,True,1.960722,92.15771378623786,11,True,3.0,straight,0.023402983818260996,3484.7408333333333,19,431.47976220214423,0,monaco_2026_R|HAD|LEC,monaco_2026_R|L8|monaco_2026_R|HAD|LEC,,False,v4_t0_anchored_30s_horizon
monaco_2026_R_00123,monaco_2026_R,2026,Monaco Grand Prix,LAW,NOR,1,2026-06-07 13:12:29.122,2026-06-07 13:12:33.203,4.081,4.081,2026-06-07 13:12:59.122,30.0,7,17,99.95611111111293,2.2212469135802873,85.94500000000198,162.0,62.0,100.0,103.34475258292592,1.839,True,9.0,8.0,2789.65,corner_T17,117.41497386404944,263.61107113118896,MEDIUM,7.0,1.0,0.9301245818583687,12648.494775861192,25448.081433211006,400.0,False,1,False,CLOSE_INTERACTION_NO_PASS,0.0,,False,0.0,178.1313622754513,-16.131362275451295,3.926215,True,3.926215,81.11095370086949,13,True,3.0,corner,0.8005329903778114,3484.7408333333333,19,431.47976220214423,0,monaco_2026_R|LAW|NOR,monaco_2026_R|L7|monaco_2026_R|LAW|NOR,,True,v4_t0_anchored_30s_horizon
monaco_2026_R_00124,monaco_2026_R,2026,Monaco Grand Prix,ALB,LAW,30,2026-06-07 13:12:43.762,2026-06-07 13:13:22.722,38.96,38.96,2026-06-07 13:13:13.762,30.0,8,160,95.29361111111112,1.2994583333333336,21.189166666667006,264.0,208.0,56.0,51.42968750000039,1.92,True,10.0,9.0,18.444444444444443,straight_01,204.80798059264743,264.8079805926474,MEDIUM,8.0,1.0,0.8348728961880567,14840.60323195738,69826.2142354908,400.0,False,1,False,CLOSE_INTERACTION_NO_PASS,0.0,,False,0.0,261.7332061068702,2.2667938931297726,1.4133580000000001,True,1.4133580000000001,-12.279621513073886,12,True,3.0,straight,0.005292917128302304,3484.7408333333333,19,431.47976220214423,0,monaco_2026_R|ALB|LAW,monaco_2026_R|L8|monaco_2026_R|ALB|LAW,,False,v4_t0_anchored_30s_horizon
monaco_2026_R_00125,monaco_2026_R,2026,Monaco Grand Prix,HAM,ANT,12,2026-06-07 13:12:44.563,2026-06-07 13:12:48.482,3.919,3.919,2026-06-07 13:13:14.563,30.0,8,17,98.24138888888865,3.5724141414141326,77.31916666666598,99.0,49.0,50.0,34.112441436751276,1.921,True,2.0,1.0,1136.9294444444447,brake_T5,7.33099934280699,353.72897498535804,MEDIUM,8.0,1.0,0.7161373784698839,7014.89279758145,17706.19028376122,400.0,False,1,False,CLOSE_INTERACTION_NO_PASS,0.0,,False,0.0,100.83643564356453,-1.8364356435645277,4.724089,True,4.724089,29.526257425806104,12,True,3.0,brake,0.3262593974189218,3484.7408333333333,19,431.47976220214423,0,monaco_2026_R|ANT|HAM,monaco_2026_R|L8|monaco_2026_R|ANT|HAM,,False,v4_t0_anchored_30s_horizon
monaco_2026_R_00126,monaco_2026_R,2026,Monaco Grand Prix,LEC,HAM,44,2026-06-07 13:12:44.563,2026-06-07 13:12:56.722,12.159,12.159,2026-06-07 13:13:14.563,30.0,8,45,95.84083333333342,2.0660299401197624,58.802777777778374,167.0,99.0,68.0,104.50182196772512,1.921,True,3.0,2.0,1041.1294444444445,brake_T5,103.13099934280717,449.5289749853582,MEDIUM,8.0,1.0,0.8057254549652049,2530.6622084018063,38433.12949756936,400.0,False,1,False,CLOSE_INTERACTION_NO_PASS,0.0,,False,0.0,156.58672178517637,10.413278214823634,3.704715,True,3.704715,98.63719942845432,12,True,3.0,brake,0.29876811339469134,3484.7408333333333,19,431.47976220214423,0,monaco_2026_R|HAM|LEC,monaco_2026_R|L8|monaco_2026_R|HAM|LEC,,False,v4_t0_anchored_30s_horizon
monaco_2026_R_00127,monaco_2026_R,2026,Monaco Grand Prix,COL,HUL,27,2026-06-07 13:12:48.482,2026-06-07 13:14:47.483,119.001,119.001,2026-06-07 13:13:18.482,30.0,8,454,84.0336111111111,1.1459128787878787,12.829999999999927,264.0,194.0,70.0,37.361680840417485,1.999,True,13.0,12.0,31.352222222222224,straight_01,191.90020281486966,251.90020281486966,MEDIUM,8.0,1.0,0.9088995181634365,15084.64764082384,66598.5582441973,400.0,False,1,False,CLOSE_INTERACTION_NO_PASS,0.0,,False,0.0,256.1064,7.893599999999992,1.323256,True,1.323256,8.05443399289038,13,True,3.0,straight,0.00899700256682567,3484.7408333333333,19,431.47976220214423,0,monaco_2026_R|COL|HUL,monaco_2026_R|L8|monaco_2026_R|COL|HUL,,False,v4_t0_anchored_30s_horizon
monaco_2026_R_00128,monaco_2026_R,2026,Monaco Grand Prix,GAS,PIA,81,2026-06-07 13:12:58.563,2026-06-07 13:13:10.923,12.36,12.36,2026-06-07 13:13:28.563,30.0,8,52,97.18583333333322,1.9766610169491503,57.59027777777783,177.0,94.0,83.0,106.09777294948427,1.841,True,7.0,6.0,1029.8872222222221,brake_T5,114.37322156502955,460.7711972075806,MEDIUM,8.0,1.0,0.9350659281148287,2138.9777456844727,40865.45576717402,400.0,False,1,False,CLOSE_INTERACTION_NO_PASS,0.0,,False,0.0,163.45328125000043,13.54671874999957,3.767043,True,3.767043,90.42362110251217,13,True,3.0,brake,0.2955419847498622,3484.7408333333333,19,431.47976220214423,0,monaco_2026_R|GAS|PIA,monaco_2026_R|L8|monaco_2026_R|GAS|PIA,,False,v4_t0_anchored_30s_horizon
monaco_2026_R_00129,monaco_2026_R,2026,Monaco Grand Prix,ALO,PER,11,2026-06-07 13:12:59.563,2026-06-07 13:13:04.763,5.2,5.2,2026-06-07 13:13:29.563,30.0,7,22,98.66944444444243,2.065174418604609,67.28583333333154,172.0,67.0,105.0,73.59755449229225,1.881,True,17.0,16.0,2760.473611111111,corner_T16,29.11468209355189,292.787460020078,SOFT,4.0,2.0,0.9199171965670752,11354.93717584662,29322.75402765317,400.0,False,1,False,CLOSE_INTERACTION_NO_PASS,0.0,,False,0.0,183.020244565218,-11.020244565218007,3.79938,True,3.79938,54.82198071433099,13,True,3.0,corner,0.7921603766643893,3484.7408333333333,19,431.47976220214423,0,monaco_2026_R|ALO|PER,monaco_2026_R|L7|monaco_2026_R|ALO|PER,,True,v4_t0_anchored_30s_horizon
monaco_2026_R_00130,monaco_2026_R,2026,Monaco Grand Prix,LAW,NOR,1,2026-06-07 13:13:02.722,2026-06-07 13:13:16.442,13.72,13.72,2026-06-07 13:13:32.722,30.0,8,59,99.4841666666664,2.070190751445081,54.59472222222189,173.0,84.0,89.0,102.79189594797424,1.999,True,9.0,8.0,1024.0391666666665,straight_03,120.22127712058523,466.6192527631363,MEDIUM,8.0,1.0,0.9086159200445995,2069.258668994283,42116.232858345305,400.0,False,1,False,CLOSE_INTERACTION_NO_PASS,0.0,,False,0.0,175.7717919075144,-2.771791907514398,3.713647,True,3.713647,88.61028815588573,13,True,3.0,straight,0.2938637952272395,3484.7408333333333,19,431.47976220214423,0,monaco_2026_R|LAW|NOR,monaco_2026_R|L8|monaco_2026_R|LAW|NOR,,False,v4_t0_anchored_30s_horizon
monaco_2026_R_00131,monaco_2026_R,2026,Monaco Grand Prix,SAI,ALB,23,2026-06-07 13:13:06.403,2026-06-07 13:13:22.322,15.919,15.919,2026-06-07 13:13:36.403,30.0,8,69,94.82027777777785,1.6732990196078443,42.12027777777689,204.0,84.0,120.0,64.38775510204123,1.96,True,11.0,10.0,999.2563888888888,straight_03,145.00405489836294,491.402030540914,MEDIUM,8.0,1.0,0.919577134696723,2372.9127831160736,45807.67251314269,400.0,False,1,False,CLOSE_INTERACTION_NO_PASS,0.0,,False,0.0,200.8100060096153,3.189993990384693,2.690163,True,2.690163,30.79261104027185,12,True,3.0,straight,0.28675199582433475,3484.7408333333333,19,431.47976220214423,0,monaco_2026_R|ALB|SAI,monaco_2026_R|L8|monaco_2026_R|ALB|SAI,,False,v4_t0_anchored_30s_horizon
monaco_2026_R_00132,monaco_2026_R,2026,Monaco Grand Prix,HAD,LEC,16,2026-06-07 13:13:11.603,2026-06-07 13:13:15.922,4.319,4.319,2026-06-07 13:13:41.603,30.0,8,20,92.42055555555658,1.4098050847457781,52.009444444445535,236.0,84.0,152.0,148.4908901613736,1.921,True,4.0,3.0,1966.0763888888875,straight_05,132.4707580165839,241.368497908147,MEDIUM,8.0,1.0,0.8979457000471107,8485.298077217058,67896.7124758671,400.0000000000002,False,1,False,CLOSE_INTERACTION_NO_PASS,0.0,,False,0.0,223.75653044871984,12.243469551280157,2.532889,True,2.532889,121.8252302499073,12,True,3.0,straight,0.5641958707753411,3484.7408333333333,19,431.47976220214423,0,monaco_2026_R|HAD|LEC,monaco_2026_R|L8|monaco_2026_R|HAD|LEC,,True,v4_t0_anchored_30s_horizon
monaco_2026_R_00133,monaco_2026_R,2026,Monaco Grand Prix,RUS,HAD,6,2026-06-07 13:13:13.003,2026-06-07 13:13:23.762,10.759,10.759,2026-06-07 13:13:43.003,30.0,8,44,96.787777777776,1.3001343283581852,43.378888888887104,268.0,120.0,148.0,87.80851063829799,1.88,True,5.0,4.0,1932.5702777777783,straight_05,165.97686912769313,274.87460901925624,MEDIUM,8.0,1.0,0.8393673563710412,9383.552237526652,71428.43633009895,400.0,False,1,False,CLOSE_INTERACTION_NO_PASS,0.0,,False,0.0,269.40940520446054,-1.4094052044605405,1.9072930000000001,True,1.9072930000000001,54.54163729997395,12,True,3.0,straight,0.5545807766510934,3484.7408333333333,19,431.47976220214423,0,monaco_2026_R|HAD|RUS,monaco_2026_R|L8|monaco_2026_R|HAD|RUS,,False,v4_t0_anchored_30s_horizon
monaco_2026_R_00134,monaco_2026_R,2026,Monaco Grand Prix,LEC,HAM,44,2026-06-07 13:13:27.923,2026-06-07 13:13:33.003,5.08,5.08,2026-06-07 13:13:57.923,30.0,8,20,95.9688888888877,1.90877348066296,71.7788888888872,181.0,65.0,116.0,86.39583333333378,1.92,True,3.0,2.0,2777.8363888888903,brake_T17,11.751904315772663,275.4246822422988,MEDIUM,8.0,1.0,0.7801438495463561,11983.574032527678,28271.027450286878,400.0,False,1,False,CLOSE_INTERACTION_NO_PASS,0.0,,False,0.0,178.7443965517239,2.255603448276105,3.629775,True,3.629775,63.10591603053758,11,True,3.0,brake,0.7971428928996557,3484.7408333333333,19,431.47976220214423,0,monaco_2026_R|HAM|LEC,monaco_2026_R|L8|monaco_2026_R|HAM|LEC,,True,v4_t0_anchored_30s_horizon
monaco_2026_R_00135,monaco_2026_R,2026,Monaco Grand Prix,ALB,LAW,30,2026-06-07 13:13:28.682,2026-06-07 13:14:42.362,73.68,73.68,2026-06-07 13:13:58.682,30.0,8,265,92.03694444444523,1.204847272727283,10.126944444445371,275.0,154.0,121.0,54.56466205428441,1.879,True,10.0,9.0,1911.7111111111105,straight_05,186.8360357943609,295.733775685924,MEDIUM,8.0,1.0,0.8032483319127856,9942.758681294259,73627.10439550884,400.0000000000002,False,1,False,CLOSE_INTERACTION_NO_PASS,0.0,,False,0.0,267.5079331046314,7.492066895368623,1.596641,True,1.596641,26.90716784184932,12,True,3.0,straight,0.5485949178270628,3484.7408333333333,19,431.47976220214423,0,monaco_2026_R|ALB|LAW,monaco_2026_R|L8|monaco_2026_R|ALB|LAW,,False,v4_t0_anchored_30s_horizon
monaco_2026_R_00136,monaco_2026_R,2026,Monaco Grand Prix,STR,ALO,14,2026-06-07 13:13:38.043,2026-06-07 13:13:50.363,12.32,12.32,2026-06-07 13:14:08.043,30.0,8,47,94.42972222222284,2.0855644171779275,61.74611111111176,163.0,94.0,69.0,108.78268448576348,1.721,True,18.0,17.0,1034.7086111111112,brake_T5,109.55183267614052,455.94980831869157,SOFT,4.0,2.0,0.8676809885895448,2296.560448512874,39822.31762076344,400.0,False,1,False,CLOSE_INTERACTION_NO_PASS,0.0,,False,0.0,159.14123263888916,3.8587673611108357,3.780236,True,3.780236,97.66496900606968,12,True,3.0,brake,0.2969255564757048,3484.7408333333333,19,431.47976220214423,0,monaco_2026_R|ALO|STR,monaco_2026_R|L8|monaco_2026_R|ALO|STR,,False,v4_t0_anchored_30s_horizon
monaco_2026_R_00137,monaco_2026_R,2026,Monaco Grand Prix,ALO,PER,11,2026-06-07 13:13:38.323,2026-06-07 13:13:42.442,4.119,4.119,2026-06-07 13:14:08.323,30.0,8,17,99.19583333333276,3.571049999999979,78.92916666666565,100.0,49.0,51.0,33.74446337308346,1.7610000000000001,True,17.0,16.0,1137.0816666666674,brake_T5,7.1787771205843,353.57675276313535,SOFT,5.0,2.0,0.9309962419589414,7023.704246526209,17673.256037967898,400.0,False,1,False,CLOSE_INTERACTION_NO_PASS,0.0,,False,0.0,99.33150000000063,0.6684999999993693,4.82674,True,4.82674,26.186255601468197,12,True,3.0,brake,0.32630307992775187,3484.7408333333333,19,431.47976220214423,0,monaco_2026_R|ALO|PER,monaco_2026_R|L8|monaco_2026_R|ALO|PER,,False,v4_t0_anchored_30s_horizon
monaco_2026_R_00138,monaco_2026_R,2026,Monaco Grand Prix,RUS,HAD,6,2026-06-07 13:13:46.323,2026-06-07 13:13:51.283,4.96,4.96,2026-06-07 13:14:16.323,30.0,9,21,97.93250000000002,1.330403773584906,54.34416666666675,265.0,146.0,119.0,63.430729166659646,1.92,True,5.0,4.0,57.94166666666667,straight_01,165.31075837042522,225.31075837042522,MEDIUM,9.0,1.0,0.8821963721512219,15587.368199176151,59949.73137842735,400.0,False,1,False,CLOSE_INTERACTION_NO_PASS,0.0,,False,0.0,263.9106376262626,1.0893623737374014,1.690723,True,1.690723,36.038372589927526,10,True,3.0,straight,0.016627252767960506,3484.7408333333333,19,431.47976220214423,0,monaco_2026_R|HAD|RUS,monaco_2026_R|L9|monaco_2026_R|HAD|RUS,,False,v4_t0_anchored_30s_horizon
monaco_2026_R_00139,monaco_2026_R,2026,Monaco Grand Prix,LAW,NOR,1,2026-06-07 13:13:47.723,2026-06-07 13:13:51.923,4.2,4.2,2026-06-07 13:14:17.723,30.0,8,17,95.5286111111077,1.8589351351350687,80.29555555555226,185.0,74.0,111.0,96.28888888888923,1.8,True,9.0,8.0,2777.8638888888904,brake_T17,11.724404315772517,275.39718224229864,MEDIUM,8.0,1.0,0.9131340479695002,11985.120690738153,28264.473881877315,400.0,False,1,False,CLOSE_INTERACTION_NO_PASS,0.0,,False,0.0,153.60028497596673,31.39971502403327,4.092127,True,4.092127,80.74456044995522,12,True,3.0,brake,0.7971507844477838,3484.7408333333333,19,431.47976220214423,0,monaco_2026_R|LAW|NOR,monaco_2026_R|L8|monaco_2026_R|LAW|NOR,,True,v4_t0_anchored_30s_horizon
monaco_2026_R_00140,monaco_2026_R,2026,Monaco Grand Prix,SAI,ALB,23,2026-06-07 13:13:51.283,2026-06-07 13:13:58.603,7.32,7.32,2026-06-07 13:14:21.283,30.0,8,24,97.90138888888669,2.230664556961975,43.768055555552564,158.0,72.0,86.0,30.305385896724804,1.8010000000000002,True,11.0,10.0,2744.863055555555,corner_T15,10.387875891719887,308.39801557563396,MEDIUM,8.0,1.0,0.9164609276412782,10864.26013645836,29493.18869980459,400.0,False,1,False,CLOSE_INTERACTION_NO_PASS,0.0,,False,0.0,167.6499819364167,-9.649981936416708,2.765572,True,2.765572,-3.927246517949217,11,True,3.0,corner,0.7876806875563118,3484.7408333333333,19,431.47976220214423,0,monaco_2026_R|ALB|SAI,monaco_2026_R|L8|monaco_2026_R|ALB|SAI,,True,v4_t0_anchored_30s_horizon
monaco_2026_R_00141,monaco_2026_R,2026,Monaco Grand Prix,HAD,LEC,16,2026-06-07 13:14:03.563,2026-06-07 13:14:19.083,15.52,15.52,2026-06-07 13:14:33.563,30.0,9,64,91.2772222222219,1.5951359223300914,38.65333333333342,206.0,80.0,126.0,80.9787234042549,1.88,True,4.0,3.0,1003.6997222222226,straight_03,140.5607215650291,486.95869720758014,MEDIUM,9.0,1.0,0.9132788953221913,2309.5395464963376,45185.1863764938,400.0,False,1,False,CLOSE_INTERACTION_NO_PASS,0.0,,False,0.0,203.96622536945796,2.033774630542041,2.691532,True,2.691532,34.280247243001675,14,True,3.0,straight,0.2880270786915687,3484.7408333333333,19,431.47976220214423,0,monaco_2026_R|HAD|LEC,monaco_2026_R|L9|monaco_2026_R|HAD|LEC,,False,v4_t0_anchored_30s_horizon
monaco_2026_R_00142,monaco_2026_R,2026,Monaco Grand Prix,LEC,HAM,44,2026-06-07 13:14:05.083,2026-06-07 13:14:12.763,7.68,7.68,2026-06-07 13:14:35.083,30.0,9,34,98.21722222222184,3.7615106382978576,63.683888888888305,94.0,50.0,44.0,17.167129372570404,1.8010000000000002,True,3.0,2.0,1127.3224999999998,brake_T5,16.937943787251925,363.33591942980297,MEDIUM,9.0,1.0,0.7659396133603332,6458.790677593188,19784.71380704349,400.0,False,1,False,CLOSE_INTERACTION_NO_PASS,0.0,,False,0.0,88.82744565217386,5.172554347826136,3.846902,True,3.846902,0.5689116203813828,14,True,3.0,brake,0.32350253689358527,3484.7408333333333,19,431.47976220214423,0,monaco_2026_R|HAM|LEC,monaco_2026_R|L9|monaco_2026_R|HAM|LEC,,False,v4_t0_anchored_30s_horizon
monaco_2026_R_00143,monaco_2026_R,2026,Monaco Grand Prix,BEA,BOR,5,2026-06-07 13:14:14.563,2026-06-07 13:14:23.082,8.519,8.519,2026-06-07 13:14:44.563,30.0,8,28,14.6102777777769,0.7107702702702277,14.6102777777769,74.0,88.0,-14.0,,,False,21.0,20.0,2088.069444444445,brake_T10,10.477702461026638,119.37544235258974,HARD,7.0,2.0,0.9932063027214864,12932.799808911026,35894.218927243455,400.0,False,1,False,CLOSE_INTERACTION_NO_PASS,0.0,,False,0.0,71.55447368421144,2.4455263157885554,0.628184,True,0.628184,-2.861529839651649,13,True,3.0,brake,0.5992036551100127,3484.7408333333333,19,431.47976220214423,0,monaco_2026_R|BEA|BOR,monaco_2026_R|L8|monaco_2026_R|BEA|BOR,,True,v4_t0_anchored_30s_horizon
monaco_2026_R_00144,monaco_2026_R,2026,Monaco Grand Prix,STR,ALO,14,2026-06-07 13:14:23.082,2026-06-07 13:14:28.083,5.001,5.001,2026-06-07 13:14:53.082,30.0,8,20,87.9988888888879,1.7502541436463892,71.11916666666593,181.0,61.0,120.0,113.214285714287,1.12,True,18.0,17.0,2786.3919444444455,brake_T17,3.196348760217461,266.8691266867436,SOFT,4.0,2.0,0.8785790947664475,12464.756586895097,26232.13950065621,400.0,False,1,False,CLOSE_INTERACTION_NO_PASS,0.0,,False,0.0,183.86671686746953,-2.8667168674695347,3.644867,True,3.644867,80.79381326489754,7,True,3.0,brake,0.7995980412061573,3484.7408333333333,19,431.47976220214423,0,monaco_2026_R|ALO|STR,monaco_2026_R|L8|monaco_2026_R|ALO|STR,,True,v4_t0_anchored_30s_horizon
monaco_2026_R_00145,monaco_2026_R,2026,Monaco Grand Prix,BEA,BOT,77,2026-06-07 13:14:23.483,2026-06-07 13:14:37.243,13.76,7.16,2026-06-07 13:14:53.483,30.0,8,21,24.635277777779265,0.44566331658294145,10.124166666668316,199.0,205.0,-6.0,,,False,21.0,19.0,2504.9922222222226,brake_T13,16.30912200872217,548.2688489089664,HARD,7.0,2.0,0.9712802893486215,5895.56661420978,75794.5501348184,400.0,False,1,False,CLOSE_INTERACTION_NO_PASS,0.0,,False,0.0,197.5715564738289,1.428443526171094,0.432419,True,0.432419,-0.4682322612989505,7,True,3.0,brake,0.7188460611649186,3484.7408333333333,19,431.47976220214423,0,monaco_2026_R|BEA|BOT,monaco_2026_R|L8|monaco_2026_R|BEA|BOT,,True,v4_t0_anchored_30s_horizon
monaco_2026_R_00146,monaco_2026_R,2026,Monaco Grand Prix,SAI,ALB,23,2026-06-07 13:14:25.763,2026-06-07 13:14:40.603,14.84,14.84,2026-06-07 13:14:55.763,30.0,9,56,96.30805555555582,1.74225628140704,50.87277777777763,199.0,73.0,126.0,100.34782608695565,1.8399999999999999,True,11.0,10.0,1013.5999999999996,straight_03,130.66044378725212,477.05841942980317,MEDIUM,9.0,1.0,0.8857121250265928,2192.5822009574226,43691.365225196045,399.9999999999999,False,1,False,CLOSE_INTERACTION_NO_PASS,0.0,,False,0.0,197.0,2.0,3.225761,True,3.225761,76.7989893808964,11,True,3.0,straight,0.2908681157302706,3484.7408333333333,19,431.47976220214423,0,monaco_2026_R|ALB|SAI,monaco_2026_R|L9|monaco_2026_R|ALB|SAI,,False,v4_t0_anchored_30s_horizon
monaco_2026_R_00147,monaco_2026_R,2026,Monaco Grand Prix,LAW,NOR,1,2026-06-07 13:14:26.403,2026-06-07 13:14:30.203,3.8,3.8,2026-06-07 13:14:56.403,30.0,9,16,93.96333333333268,2.6635275590550997,79.65222222222178,127.0,47.0,80.0,,,False,9.0,8.0,1150.6855555555562,corner_T5,111.64159388556777,339.9728638742465,MEDIUM,9.0,1.0,0.9078794237310096,7790.529338051643,14993.562496820083,400.0,False,1,False,CLOSE_INTERACTION_NO_PASS,0.0,,False,0.0,109.9236598266881,17.076340173311905,4.588086,True,4.588086,33.4874604847238,12,True,3.0,corner,0.33020692516030425,3484.7408333333333,19,431.47976220214423,0,monaco_2026_R|LAW|NOR,monaco_2026_R|L9|monaco_2026_R|LAW|NOR,,False,v4_t0_anchored_30s_horizon
monaco_2026_R_00148,monaco_2026_R,2026,Monaco Grand Prix,NOR,GAS,10,2026-06-07 13:14:30.203,2026-06-07 13:15:02.562,32.359,31.36,2026-06-07 13:15:00.203,30.0,9,85,10.733333333333348,0.449302325581396,10.130277777778247,86.0,106.0,-20.0,-13.586931818182133,1.76,True,8.0,7.0,1328.3966666666663,brake_T7,11.648528971965106,162.26175276313643,MEDIUM,9.0,1.0,0.9979866886252758,18644.07593811625,3678.83558701871,400.0,False,1,False,ON_TRACK_PASS,1.0,14.68,False,0.0,110.68022718267088,-24.680227182670876,0.34661,True,0.34661,-3.577248345511437,12,True,3.0,brake,0.3812038628410672,3484.7408333333333,19,431.47976220214423,0,monaco_2026_R|GAS|NOR,monaco_2026_R|L9|monaco_2026_R|GAS|NOR,,False,v4_t0_anchored_30s_horizon
monaco_2026_R_00149,monaco_2026_R,2026,Monaco Grand Prix,RUS,HAD,6,2026-06-07 13:14:30.483,2026-06-07 13:14:36.322,5.839,5.839,2026-06-07 13:15:00.483,30.0,9,22,93.84833333333336,1.2895190839694661,50.70388888888829,262.0,116.0,146.0,102.17906008328436,1.681,True,5.0,4.0,1944.2227777777773,straight_05,154.32436912769413,263.22210901925723,MEDIUM,9.0,1.0,0.816895465732053,9071.164250502507,70200.20032040605,399.9999999999998,False,1,False,CLOSE_INTERACTION_NO_PASS,0.0,,False,0.0,261.59605623878383,0.40394376121616915,1.918383,True,1.918383,56.23668661799956,12,True,3.0,straight,0.5579246408169839,3484.7408333333333,19,431.47976220214423,0,monaco_2026_R|HAD|RUS,monaco_2026_R|L9|monaco_2026_R|HAD|RUS,,False,v4_t0_anchored_30s_horizon
monaco_2026_R_00150,monaco_2026_R,2026,Monaco Grand Prix,BOR,BOT,77,2026-06-07 13:14:38.443,2026-06-07 13:15:52.043,73.6,59.88,2026-06-07 13:15:08.443,30.0,8,169,10.01861111111566,0.3249279279280755,10.01861111111566,111.0,152.0,-41.0,-38.1818181818188,0.88,True,20.0,19.0,2990.951666666664,brake_T19,2.3094044645249596,62.30940446452496,HARD,7.0,2.0,0.9905547755843757,24469.92126788485,135.1846352202636,400.0,False,1,False,UNCERTAIN,,73.84,True,0.0,139.49537852112329,-28.495378521123286,0.240147,True,0.240147,-17.555889484146032,12,True,3.0,brake,0.8582996009507156,3484.7408333333333,19,431.47976220214423,0,monaco_2026_R|BOR|BOT,monaco_2026_R|L8|monaco_2026_R|BOR|BOT,,True,v4_t0_anchored_30s_horizon
monaco_2026_R_00151,monaco_2026_R,2026,Monaco Grand Prix,ALB,LAW,30,2026-06-07 13:14:46.923,2026-06-07 13:15:18.923,32.0,32.0,2026-06-07 13:15:16.923,30.0,9,117,97.82444444444513,1.2899926739926832,24.395555555555802,273.0,203.0,70.0,23.599999999999,1.8,True,10.0,9.0,1877.972499999999,straight_05,220.5746469054725,329.4723867970356,MEDIUM,9.0,1.0,0.8269521733200165,10847.245856577792,77183.33499698434,400.0,False,1,False,CLOSE_INTERACTION_NO_PASS,0.0,,False,0.0,271.5852284663865,1.4147715336134752,1.476136,True,1.476136,8.851582237824939,12,True,3.0,straight,0.5389131042504592,3484.7408333333333,19,431.47976220214423,0,monaco_2026_R|ALB|LAW,monaco_2026_R|L9|monaco_2026_R|ALB|LAW,,False,v4_t0_anchored_30s_horizon
monaco_2026_R_00152,monaco_2026_R,2026,Monaco Grand Prix,HAD,LEC,16,2026-06-07 13:14:47.483,2026-06-07 13:14:54.963,7.48,7.48,2026-06-07 13:15:17.483,30.0,9,28,94.82111111111135,2.1334750000000056,41.7697222222223,160.0,67.0,93.0,25.00000000000199,1.92,True,4.0,3.0,2755.294999999999,corner_T16,34.29329320466377,297.9660711311899,MEDIUM,9.0,1.0,0.9790183595581337,11183.600257827078,29493.08866668947,400.0,False,1,False,CLOSE_INTERACTION_NO_PASS,0.0,,False,0.0,171.52023121387285,-11.520231213872847,2.65919,True,2.65919,-10.559235369758891,13,True,3.0,corner,0.7906742945254893,3484.7408333333333,19,431.47976220214423,0,monaco_2026_R|HAD|LEC,monaco_2026_R|L9|monaco_2026_R|HAD|LEC,,True,v4_t0_anchored_30s_horizon
monaco_2026_R_00153,monaco_2026_R,2026,Monaco Grand Prix,COL,HUL,27,2026-06-07 13:14:52.483,2026-06-07 13:18:43.244,230.761,230.761,2026-06-07 13:15:22.483,30.0,9,818,97.7341666666673,1.2840985401459937,10.015000000000555,274.0,192.0,82.0,40.937500000000284,1.92,True,13.0,12.0,1870.664999999999,straight_05,227.88214690547238,336.7798867970355,MEDIUM,9.0,1.0,0.8989867255409295,11043.150187423458,77953.58469797819,400.0,False,1,False,CLOSE_INTERACTION_NO_PASS,0.0,,False,0.0,280.0,-6.0,1.6088170000000002,True,1.6088170000000002,13.838595228301518,10,True,3.0,straight,0.5368161046887989,3484.7408333333333,19,431.47976220214423,0,monaco_2026_R|COL|HUL,monaco_2026_R|L9|monaco_2026_R|COL|HUL,,False,v4_t0_anchored_30s_horizon
monaco_2026_R_00154,monaco_2026_R,2026,Monaco Grand Prix,STR,ALO,14,2026-06-07 13:14:56.603,2026-06-07 13:15:11.003,14.4,14.4,2026-06-07 13:15:26.603,30.0,9,55,97.69277777777756,1.7673065326633126,51.0544444444447,199.0,75.0,124.0,105.80714285714325,1.96,True,17.0,16.0,1016.2041666666665,straight_03,128.05627712058515,474.4542527631362,SOFT,5.0,2.0,0.8369129383366178,2161.8177691393616,43298.4308716869,399.9999999999999,False,1,False,CLOSE_INTERACTION_NO_PASS,0.0,,False,-1.0,188.06102941176465,10.93897058823535,3.557029,True,3.557029,82.32186960794238,11,True,3.0,straight,0.291615421424214,3484.7408333333333,19,431.47976220214423,0,monaco_2026_R|ALO|STR,monaco_2026_R|L9|monaco_2026_R|ALO|STR,,False,v4_t0_anchored_30s_horizon
monaco_2026_R_00155,monaco_2026_R,2026,Monaco Grand Prix,RUS,HAD,6,2026-06-07 13:15:03.803,2026-06-07 13:15:08.443,4.64,4.64,2026-06-07 13:15:33.803,30.0,10,17,95.22388888888891,1.2936075471698116,56.85722222222222,265.0,145.0,120.0,87.64799999999853,2.0,True,5.0,4.0,67.34444444444445,straight_01,155.90798059264745,215.90798059264745,MEDIUM,10.0,1.0,0.8322630199967955,15765.144372889881,57598.518601779215,400.0,False,1,False,CLOSE_INTERACTION_NO_PASS,0.0,,False,0.0,265.18646616541355,-0.18646616541354888,1.707789,True,1.707789,42.15173274797219,13,True,3.0,straight,0.01932552452689173,3484.7408333333333,19,431.47976220214423,0,monaco_2026_R|HAD|RUS,monaco_2026_R|L10|monaco_2026_R|HAD|RUS,,False,v4_t0_anchored_30s_horizon
monaco_2026_R_00156,monaco_2026_R,2026,Monaco Grand Prix,NOR,GAS,10,2026-06-07 13:15:10.203,2026-06-07 13:45:18.530,1808.327,1808.327,2026-06-07 13:15:40.203,30.0,9,6370,11.497499999999945,0.32336718749999843,10.00555555555502,128.0,162.0,-34.0,-31.03281250000066,1.28,True,8.0,7.0,3000.3494444444455,corner_T19,,52.9116266867436,MEDIUM,9.0,1.0,0.988742452371562,24722.054707512376,138.2236261888787,400.0,False,1,False,UNCERTAIN,,,False,0.0,151.51719135802486,-23.51719135802486,0.246654,True,0.246654,-14.172235068394231,12,True,3.0,corner,0.8609964378827155,3484.7408333333333,19,431.47976220214423,0,monaco_2026_R|GAS|NOR,monaco_2026_R|L9|monaco_2026_R|GAS|NOR,,True,v4_t0_anchored_30s_horizon
monaco_2026_R_00157,monaco_2026_R,2026,Monaco Grand Prix,SAI,ALB,23,2026-06-07 13:15:11.563,2026-06-07 13:15:15.763,4.2,4.2,2026-06-07 13:15:41.563,30.0,9,16,91.61166666666395,1.9867590361445195,80.74499999999716,166.0,63.0,103.0,104.09090909091054,1.76,True,11.0,10.0,2783.987777777776,brake_T17,5.600515426886886,269.273293353413,MEDIUM,9.0,1.0,0.8587990978733724,12329.54116455565,26805.08025403525,400.0,False,1,False,CLOSE_INTERACTION_NO_PASS,0.0,,False,0.0,175.04421695402232,-9.044216954022318,3.727735,True,3.727735,81.0632899819813,12,True,3.0,brake,0.798908128589508,3484.7408333333333,19,431.47976220214423,0,monaco_2026_R|ALB|SAI,monaco_2026_R|L9|monaco_2026_R|ALB|SAI,,True,v4_t0_anchored_30s_horizon
monaco_2026_R_00158,monaco_2026_R,2026,Monaco Grand Prix,HAD,LEC,16,2026-06-07 13:15:20.803,2026-06-07 13:15:36.044,15.241,15.241,2026-06-07 13:15:50.803,30.0,10,59,94.52333333333331,1.6203999999999998,41.07888888888874,210.0,77.0,133.0,89.34042553191449,1.88,True,4.0,3.0,1009.2566666666668,straight_03,135.0037771205849,481.40175276313596,MEDIUM,10.0,1.0,0.938324771121925,2243.8923509208457,44346.71685735257,399.9999999999999,False,1,False,CLOSE_INTERACTION_NO_PASS,0.0,,False,0.0,205.9375247524752,4.062475247524787,2.796876,True,2.796876,37.48462853164022,13,True,3.0,straight,0.2896217294016844,3484.7408333333333,19,431.47976220214423,0,monaco_2026_R|HAD|LEC,monaco_2026_R|L10|monaco_2026_R|HAD|LEC,,False,v4_t0_anchored_30s_horizon
monaco_2026_R_00159,monaco_2026_R,2026,Monaco Grand Prix,ALB,LAW,30,2026-06-07 13:15:21.123,2026-06-07 13:15:28.603,7.48,7.48,2026-06-07 13:15:51.123,30.0,10,31,99.60388888888887,1.363399239543726,41.13722222222225,263.0,204.0,59.0,2.5831521739237715,1.8399999999999999,True,10.0,9.0,16.272777777777783,straight_01,206.9796472593141,266.9796472593141,MEDIUM,10.0,1.0,0.8456890054433326,14799.544025868932,70369.2506162245,400.0,False,1,False,CLOSE_INTERACTION_NO_PASS,0.0,,False,0.0,262.65026615969583,0.3497338403041681,1.463315,True,1.463315,-8.843834858170728,13,True,3.0,straight,0.004669723964009121,3484.7408333333333,19,431.47976220214423,0,monaco_2026_R|ALB|LAW,monaco_2026_R|L10|monaco_2026_R|ALB|LAW,,False,v4_t0_anchored_30s_horizon
monaco_2026_R_00160,monaco_2026_R,2026,Monaco Grand Prix,LEC,HAM,44,2026-06-07 13:15:21.763,2026-06-07 13:15:27.723,5.96,5.96,2026-06-07 13:15:51.763,30.0,10,24,98.93444444444458,4.452050000000006,65.19000000000005,80.0,52.0,28.0,15.711111111111679,1.8,True,3.0,2.0,1124.3036111111112,brake_T5,19.956832676140493,366.35480831869154,MEDIUM,10.0,1.0,0.7360623999543076,6284.040993046954,20437.869615949898,400.0,False,1,False,CLOSE_INTERACTION_NO_PASS,0.0,,False,0.0,87.66666666666652,-7.666666666666515,3.915555,True,3.915555,6.890308317397722,13,True,3.0,brake,0.3226362202768626,3484.7408333333333,19,431.47976220214423,0,monaco_2026_R|HAM|LEC,monaco_2026_R|L10|monaco_2026_R|HAM|LEC,,False,v4_t0_anchored_30s_horizon
monaco_2026_R_00161,monaco_2026_R,2026,Monaco Grand Prix,HUL,SAI,55,2026-06-07 13:15:36.363,2026-06-07 13:16:03.843,27.48,27.48,2026-06-07 13:16:06.363,30.0,10,100,97.34305555555568,1.3274053030303048,24.885277777777446,264.0,196.0,68.0,25.258510638297942,1.88,True,12.0,11.0,555.4836111111111,brake_T2,69.11694994695347,419.614097242399,MEDIUM,10.0,1.0,0.8665516965657379,7182.4202920694825,77863.36497440618,400.0,False,1,False,CLOSE_INTERACTION_NO_PASS,0.0,,False,0.0,257.2188160676533,6.781183932346721,1.554573,True,1.554573,8.805156585610666,10,True,3.0,brake,0.15940456914259607,3484.7408333333333,19,431.47976220214423,0,monaco_2026_R|HUL|SAI,monaco_2026_R|L10|monaco_2026_R|HUL|SAI,,False,v4_t0_anchored_30s_horizon
monaco_2026_R_00162,monaco_2026_R,2026,Monaco Grand Prix,ALO,PER,11,2026-06-07 13:15:40.123,2026-06-07 13:15:48.804,8.681,8.44,2026-06-07 13:16:10.123,30.0,9,32,99.90472222221888,3.7858631578946103,16.287777777775318,95.0,58.0,37.0,81.33333333333485,1.8,True,16.0,18.0,2826.921666666669,corner_T17,80.14330719738064,226.33940446452016,SOFT,6.0,2.0,0.9789684097219996,15045.680181809332,11959.791651632802,400.0,False,1,False,PIT_RELATED,,9.121,False,-1.0,103.47590909090337,-8.475909090903372,5.529411,True,5.529411,90.68485706892862,12,True,3.0,corner,0.8112286686073504,3484.7408333333333,19,431.47976220214423,0,monaco_2026_R|ALO|PER,monaco_2026_R|L9|monaco_2026_R|ALO|PER,,True,v4_t0_anchored_30s_horizon
monaco_2026_R_00163,monaco_2026_R,2026,Monaco Grand Prix,STR,ALO,14,2026-06-07 13:15:42.164,2026-06-07 13:15:47.803,5.639,5.639,2026-06-07 13:16:12.164,30.0,9,21,87.84000000000697,1.8069942857144292,64.97916666667379,175.0,58.0,117.0,92.81749049429453,1.841,True,17.0,16.0,2775.364999999996,corner_T16,14.223293204666788,277.8960711311929,SOFT,5.0,2.0,0.8315444524759135,11847.626165714453,28832.947147639585,400.0,False,1,False,CLOSE_INTERACTION_NO_PASS,0.0,,False,-1.0,174.52924050633635,0.47075949366364966,3.501531,True,3.501531,59.28691664992144,13,True,3.0,corner,0.7964336898320261,3484.7408333333333,19,431.47976220214423,0,monaco_2026_R|ALO|STR,monaco_2026_R|L9|monaco_2026_R|ALO|STR,,True,v4_t0_anchored_30s_horizon
monaco_2026_R_00164,monaco_2026_R,2026,Monaco Grand Prix,LAW,NOR,1,2026-06-07 13:15:44.443,2026-06-07 13:15:48.563,4.12,4.12,2026-06-07 13:16:14.443,30.0,10,16,97.11972222222266,3.4277549019608,81.05305555555583,102.0,56.0,46.0,34.50353452963575,1.839,True,9.0,8.0,1140.0149999999996,brake_T5,4.245443787252043,350.6434194298031,MEDIUM,10.0,1.0,0.934483602654951,7193.501510862587,17038.610717573167,400.0,False,1,False,CLOSE_INTERACTION_NO_PASS,0.0,,False,0.0,110.63493303571288,-8.634933035712876,4.824267,True,4.824267,30.68103303195154,11,True,3.0,brake,0.3271448450614093,3484.7408333333333,19,431.47976220214423,0,monaco_2026_R|LAW|NOR,monaco_2026_R|L10|monaco_2026_R|LAW|NOR,,False,v4_t0_anchored_30s_horizon
monaco_2026_R_00165,monaco_2026_R,2026,Monaco Grand Prix,SAI,ALB,23,2026-06-07 13:15:44.883,2026-06-07 13:15:59.043,14.16,14.16,2026-06-07 13:16:14.883,30.0,10,55,97.82333333333361,1.873212765957452,52.170277777777756,188.0,77.0,111.0,103.23913043478237,1.8399999999999999,True,11.0,10.0,1017.019444444444,straight_03,127.24099934280764,473.6389749853587,MEDIUM,10.0,1.0,0.8413045116327005,2152.1864510181954,43175.41622341503,400.0000000000001,False,1,False,CLOSE_INTERACTION_NO_PASS,0.0,,False,0.0,186.10439560439661,1.8956043956033852,3.5542030000000002,True,3.5542030000000002,84.87482456504216,10,True,3.0,straight,0.2918493779267977,3484.7408333333333,19,431.47976220214423,0,monaco_2026_R|ALB|SAI,monaco_2026_R|L10|monaco_2026_R|ALB|SAI,,False,v4_t0_anchored_30s_horizon
monaco_2026_R_00166,monaco_2026_R,2026,Monaco Grand Prix,RUS,HAD,6,2026-06-07 13:15:47.803,2026-06-07 13:15:53.603,5.8,5.8,2026-06-07 13:16:17.803,30.0,10,23,97.2552777777787,1.2967370370370495,48.507222222223845,270.0,105.0,165.0,114.4893617021279,1.88,True,5.0,4.0,1941.749444444444,straight_05,156.79770246102748,265.6954423525906,MEDIUM,10.0,1.0,0.8011530685237492,9137.471019113516,70460.90292190562,399.9999999999998,False,1,False,CLOSE_INTERACTION_NO_PASS,0.0,,False,0.0,259.84042457091346,10.159575429086544,2.106479,True,2.106479,68.42744959513159,12,True,3.0,straight,0.5572148797611044,3484.7408333333333,19,431.47976220214423,0,monaco_2026_R|HAD|RUS,monaco_2026_R|L10|monaco_2026_R|HAD|RUS,,False,v4_t0_anchored_30s_horizon
monaco_2026_R_00167,monaco_2026_R,2026,Monaco Grand Prix,BEA,BOR,5,2026-06-07 13:15:54.123,2026-06-07 13:16:11.603,17.48,17.48,2026-06-07 13:16:24.123,30.0,9,62,11.194444444445708,0.7462962962963805,11.194444444445708,54.0,53.0,1.0,,,False,21.0,20.0,2864.4208333333318,brake_T18,42.64414053071778,188.8402377978573,HARD,8.0,2.0,0.999798025569771,17369.00769275529,3524.9739664923877,400.0,False,1,False,CLOSE_INTERACTION_NO_PASS,0.0,,False,0.0,61.478234649125675,-7.478234649125675,0.724719,True,0.724719,5.0411499182705075,12,True,3.0,brake,0.8219896314623106,3484.7408333333333,19,431.47976220214423,0,monaco_2026_R|BEA|BOR,monaco_2026_R|L9|monaco_2026_R|BEA|BOR,,True,v4_t0_anchored_30s_horizon
monaco_2026_R_00168,monaco_2026_R,2026,Monaco Grand Prix,BOR,BOT,77,2026-06-07 13:15:58.763,2026-06-07 13:17:27.764,89.001,89.001,2026-06-07 13:16:28.763,30.0,9,205,10.304999999998472,0.4168314606740955,10.019722222223209,89.0,119.0,-30.0,-12.489795918366847,1.96,True,20.0,19.0,2978.190555555557,brake_T19,15.070515575632271,75.07051557563227,HARD,8.0,2.0,0.9940667530119485,23930.37612442058,133.99033760430612,400.0,False,1,False,CLOSE_INTERACTION_NO_PASS,0.0,,False,0.0,106.71493055555781,-17.714930555557814,0.314268,True,0.314268,-4.39562883377284,12,True,3.0,brake,0.8546376037688762,3484.7408333333333,19,431.47976220214423,0,monaco_2026_R|BOR|BOT,monaco_2026_R|L9|monaco_2026_R|BOR|BOT,,True,v4_t0_anchored_30s_horizon
monaco_2026_R_00169,monaco_2026_R,2026,Monaco Grand Prix,HAD,LEC,16,2026-06-07 13:16:04.923,2026-06-07 13:16:11.323,6.4,6.4,2026-06-07 13:16:34.923,30.0,10,26,97.6866666666674,1.9646480446927523,57.17555555555646,179.0,61.0,118.0,65.33333333333333,1.92,True,4.0,3.0,2761.7697222222228,corner_T16,27.81857098244018,291.4913489089663,MEDIUM,10.0,1.0,0.9467779751406936,11397.819655033418,29280.122400461,400.0,False,1,False,CLOSE_INTERACTION_NO_PASS,0.0,,False,0.0,172.00130480497575,6.998695195024254,3.307642,True,3.307642,36.12259263244493,9,True,3.0,corner,0.792532315690303,3484.7408333333333,19,431.47976220214423,0,monaco_2026_R|HAD|LEC,monaco_2026_R|L10|monaco_2026_R|HAD|LEC,,True,v4_t0_anchored_30s_horizon
monaco_2026_R_00170,monaco_2026_R,2026,Monaco Grand Prix,ALB,LAW,30,2026-06-07 13:16:05.723,2026-06-07 13:16:35.444,29.721,29.721,2026-06-07 13:16:35.723,30.0,10,110,95.71194444444495,1.2529563636363703,32.78055555555602,275.0,184.0,91.0,26.6595744680851,1.88,True,10.0,9.0,1896.0252777777773,straight_05,202.52186912769412,311.4196090192572,MEDIUM,10.0,1.0,0.8129578215960974,10363.274956754161,75280.47537530212,400.0,False,1,False,CLOSE_INTERACTION_NO_PASS,0.0,,False,0.0,272.9552849264706,2.044715073529403,1.469268,True,1.469268,9.196714539908735,11,True,3.0,straight,0.5440936266023927,3484.7408333333333,19,431.47976220214423,0,monaco_2026_R|ALB|LAW,monaco_2026_R|L10|monaco_2026_R|ALB|LAW,,False,v4_t0_anchored_30s_horizon
monaco_2026_R_00171,monaco_2026_R,2026,Monaco Grand Prix,HUL,SAI,55,2026-06-07 13:16:11.963,2026-06-07 13:16:17.443,5.48,5.48,2026-06-07 13:16:41.963,30.0,10,23,96.82722222222105,1.3943119999999831,43.08277777777653,250.0,100.0,150.0,118.86000000000035,2.0,True,12.0,11.0,1940.2513888888896,straight_05,158.29575801658189,267.193497908145,MEDIUM,10.0,1.0,0.8893778145321021,9177.63189098222,70618.80601376179,400.0000000000002,False,1,False,CLOSE_INTERACTION_NO_PASS,0.0,,False,0.0,267.01334110957083,-17.01334110957083,2.159736,True,2.159736,84.06448178850472,11,True,3.0,straight,0.5567849896696448,3484.7408333333333,19,431.47976220214423,0,monaco_2026_R|HUL|SAI,monaco_2026_R|L10|monaco_2026_R|HUL|SAI,,False,v4_t0_anchored_30s_horizon
monaco_2026_R_00172,monaco_2026_R,2026,Monaco Grand Prix,ALO,OCO,31,2026-06-07 13:16:11.963,2026-06-07 13:16:28.644,16.681,16.681,2026-06-07 13:16:41.963,30.0,10,60,99.20916666666653,1.8409948453608225,41.96472222222178,194.0,94.0,100.0,26.660000000000036,2.0,True,16.0,15.0,981.9497222222224,straight_03,162.31072156502933,508.70869720758037,SOFT,7.0,2.0,0.9399462406077256,2816.114425584341,47366.89033953261,400.0,False,1,False,PIT_RELATED,,,False,0.0,188.22641752577343,5.773582474226572,2.465963,True,2.465963,-7.921098963812772,11,True,3.0,straight,0.2817855815357543,3484.7408333333333,19,431.47976220214423,0,monaco_2026_R|ALO|OCO,monaco_2026_R|L10|monaco_2026_R|ALO|OCO,,False,v4_t0_anchored_30s_horizon
monaco_2026_R_00173,monaco_2026_R,2026,Monaco Grand Prix,STR,ALO,14,2026-06-07 13:16:15.644,2026-06-07 13:16:31.363,15.719,15.719,2026-06-07 13:16:45.644,30.0,10,58,99.06027777777831,1.7481225490196173,33.351944444444825,204.0,69.0,135.0,89.74076002082182,1.921,True,17.0,16.0,1005.9430555555554,straight_03,138.31738823169633,484.7153638742474,SOFT,6.0,2.0,0.7941519844696632,2283.0378343509988,44846.69700700701,400.0000000000001,False,1,False,CLOSE_INTERACTION_NO_PASS,0.0,,False,0.0,202.86742857142923,1.1325714285707704,3.252565,True,3.252565,55.784773343534944,11,True,3.0,straight,0.288670837708559,3484.7408333333333,19,431.47976220214423,0,monaco_2026_R|ALO|STR,monaco_2026_R|L10|monaco_2026_R|ALO|STR,,False,v4_t0_anchored_30s_horizon
monaco_2026_R_00174,monaco_2026_R,2026,Monaco Grand Prix,RUS,HAD,6,2026-06-07 13:16:21.083,2026-06-07 13:16:25.483,4.4,4.4,2026-06-07 13:16:51.083,30.0,11,17,95.83444444444442,1.3019018867924523,57.846666666666664,265.0,132.0,133.0,111.79521276595341,1.88,True,5.0,4.0,71.39555555555556,straight_01,151.8568694815363,211.8568694815363,MEDIUM,11.0,1.0,0.7935681115537381,15841.737806196857,56585.51750474417,400.0,False,1,False,CLOSE_INTERACTION_NO_PASS,0.0,,False,0.0,263.5589503816794,1.4410496183206192,1.79179,True,1.79179,37.38360242862365,11,True,3.0,straight,0.02048805319254174,3484.7408333333333,19,431.47976220214423,0,monaco_2026_R|HAD|RUS,monaco_2026_R|L11|monaco_2026_R|HAD|RUS,,False,v4_t0_anchored_30s_horizon
monaco_2026_R_00175,monaco_2026_R,2026,Monaco Grand Prix,BOT,PER,11,2026-06-07 13:16:24.203,2026-06-07 13:16:37.083,12.88,12.88,2026-06-07 13:16:54.203,30.0,10,46,98.51305555555552,1.8665631578947361,54.03583333333381,190.0,88.0,102.0,41.78843147472581,1.919,True,19.0,18.0,990.6108333333333,straight_03,153.6496104539184,500.04758609646944,MEDIUM,9.0,2.0,0.8539141970581708,2594.3144253891605,46586.58069927134,399.9999999999999,False,1,False,PIT_RELATED,,,False,0.0,192.06087179706572,-2.0608717970657153,2.554948,True,2.554948,7.251775372217261,12,True,3.0,straight,0.28427102063305043,3484.7408333333333,19,431.47976220214423,0,monaco_2026_R|BOT|PER,monaco_2026_R|L10|monaco_2026_R|BOT|PER,,False,v4_t0_anchored_30s_horizon
monaco_2026_R_00176,monaco_2026_R,2026,Monaco Grand Prix,LAW,NOR,1,2026-06-07 13:16:24.803,2026-06-07 13:16:28.644,3.841,3.841,2026-06-07 13:16:54.803,30.0,10,12,96.89333333333434,1.8554042553191683,80.34888888888963,188.0,83.0,105.0,92.49821337417008,1.959,True,9.0,8.0,2783.6838888888883,brake_T17,5.904404315774627,269.57718224230075,MEDIUM,10.0,1.0,0.8969348453052264,12312.449810189546,26877.50049484329,400.0,False,1,False,CLOSE_INTERACTION_NO_PASS,0.0,,False,0.0,148.71725543478354,39.28274456521646,4.430528,True,4.430528,78.82509801114664,12,True,3.0,brake,0.7988209229970632,3484.7408333333333,19,431.47976220214423,0,monaco_2026_R|LAW|NOR,monaco_2026_R|L10|monaco_2026_R|LAW|NOR,,True,v4_t0_anchored_30s_horizon
monaco_2026_R_00177,monaco_2026_R,2026,Monaco Grand Prix,SAI,ALB,23,2026-06-07 13:16:29.404,2026-06-07 13:16:35.444,6.04,6.04,2026-06-07 13:16:59.404,30.0,10,24,94.19833333333372,1.8839666666666743,57.07194444444485,180.0,57.0,123.0,75.90111642743129,1.881,True,11.0,10.0,2759.627499999998,corner_T16,29.96079320466515,293.6335711311913,MEDIUM,10.0,1.0,0.856027434328641,11326.943169930793,29350.584275494497,400.0,False,1,False,CLOSE_INTERACTION_NO_PASS,0.0,,False,0.0,178.54573770491746,1.4542622950825432,3.469475,True,3.469475,61.28295278199572,9,True,3.0,corner,0.7919175720623886,3484.7408333333333,19,431.47976220214423,0,monaco_2026_R|ALB|SAI,monaco_2026_R|L10|monaco_2026_R|ALB|SAI,,True,v4_t0_anchored_30s_horizon
monaco_2026_R_00178,monaco_2026_R,2026,Monaco Grand Prix,HAM,ANT,12,2026-06-07 13:16:34.924,2026-06-07 13:16:42.124,7.2,7.2,2026-06-07 13:17:04.924,30.0,11,22,97.03888888888878,3.6389583333333295,70.8172222222222,96.0,43.0,53.0,34.36823319452645,1.681,True,2.0,1.0,1134.0316666666668,brake_T5,10.228777120584937,356.626752763136,MEDIUM,11.0,1.0,0.6649326289293317,6847.153681903625,18333.142933605974,400.0,False,1,False,CLOSE_INTERACTION_NO_PASS,0.0,,False,0.0,91.38393617021283,4.616063829787166,4.675744,True,4.675744,27.985528473435533,11,True,3.0,brake,0.32542783549900534,3484.7408333333333,19,431.47976220214423,0,monaco_2026_R|ANT|HAM,monaco_2026_R|L11|monaco_2026_R|ANT|HAM,,False,v4_t0_anchored_30s_horizon
monaco_2026_R_00179,monaco_2026_R,2026,Monaco Grand Prix,HAD,LEC,16,2026-06-07 13:16:37.963,2026-06-07 13:16:52.843,14.88,14.88,2026-06-07 13:17:07.963,30.0,11,56,92.47833333333324,1.5778293838862545,42.07083333333253,211.0,73.0,138.0,100.6128330614466,1.839,True,4.0,3.0,1010.2897222222223,straight_03,133.9707215650294,480.36869720758045,MEDIUM,11.0,1.0,0.9127323837149779,2231.688305914837,44190.84241887787,400.0,False,1,False,CLOSE_INTERACTION_NO_PASS,0.0,,False,0.0,205.1840968586389,5.815903141361105,2.985994,True,2.985994,68.78120450725451,12,True,3.0,straight,0.2899181805884337,3484.7408333333333,19,431.47976220214423,0,monaco_2026_R|HAD|LEC,monaco_2026_R|L11|monaco_2026_R|HAD|LEC,,False,v4_t0_anchored_30s_horizon
monaco_2026_R_00180,monaco_2026_R,2026,Monaco Grand Prix,LEC,HAM,44,2026-06-07 13:16:39.403,2026-06-07 13:16:43.763,4.36,4.36,2026-06-07 13:17:09.403,30.0,11,15,98.50111111111119,3.442757281553401,75.12333333333322,103.0,46.0,57.0,32.95744680850998,1.88,True,3.0,2.0,1137.5427777777777,brake_T5,6.717666009473987,353.11564165202503,MEDIUM,11.0,1.0,0.6511276145920737,7050.395861942687,17573.49171676962,400.0,False,1,False,CLOSE_INTERACTION_NO_PASS,0.0,,False,0.0,100.38888888888873,2.6111111111112706,4.361962,True,4.361962,23.205048928322825,11,True,3.0,brake,0.32643540285595923,3484.7408333333333,19,431.47976220214423,0,monaco_2026_R|HAM|LEC,monaco_2026_R|L11|monaco_2026_R|HAM|LEC,,False,v4_t0_anchored_30s_horizon
monaco_2026_R_00181,monaco_2026_R,2026,Monaco Grand Prix,ALB,LAW,30,2026-06-07 13:16:39.603,2026-06-07 13:16:46.723,7.12,7.12,2026-06-07 13:17:09.603,30.0,11,26,99.38666666666666,1.3656183206106869,48.1586111111111,262.0,202.0,60.0,39.34184782608784,1.8399999999999999,True,10.0,9.0,15.808333333333328,straight_01,207.44409170375855,267.44409170375855,MEDIUM,11.0,1.0,0.8656661865634447,14790.762880744873,70485.38733003706,400.0,False,1,False,CLOSE_INTERACTION_NO_PASS,0.0,,False,0.0,262.01898674242426,-0.018986742424260683,1.4769619999999999,True,1.4769619999999999,-11.019581428879057,12,True,3.0,straight,0.004536444484513314,3484.7408333333333,19,431.47976220214423,0,monaco_2026_R|ALB|LAW,monaco_2026_R|L11|monaco_2026_R|ALB|LAW,,False,v4_t0_anchored_30s_horizon
monaco_2026_R_00182,monaco_2026_R,2026,Monaco Grand Prix,HUL,SAI,55,2026-06-07 13:16:59.363,2026-06-07 13:17:02.444,3.081,3.081,2026-06-07 13:17:29.363,30.0,11,13,99.73861111111137,2.393726666666673,88.93250000000035,150.0,141.0,9.0,20.162790697674403,1.72,True,12.0,11.0,732.9391666666666,brake_T3,55.35109136481765,242.1585416868436,MEDIUM,11.0,1.0,0.9564105195495823,5964.8887808148775,44916.82427464798,400.0,False,1,False,CLOSE_INTERACTION_NO_PASS,0.0,,False,0.0,149.2075062371191,0.7924937628808948,2.538442,True,2.538442,36.27802569136669,10,True,3.0,brake,0.21032817122459366,3484.7408333333333,19,431.47976220214423,0,monaco_2026_R|HUL|SAI,monaco_2026_R|L11|monaco_2026_R|HUL|SAI,,False,v4_t0_anchored_30s_horizon
monaco_2026_R_00183,monaco_2026_R,2026,Monaco Grand Prix,STR,ALO,14,2026-06-07 13:17:00.603,2026-06-07 13:17:08.524,7.921,7.921,2026-06-07 13:17:30.603,30.0,10,29,97.80333333333238,2.256999999999978,46.706666666666024,156.0,70.0,86.0,21.266666666669153,1.8,True,17.0,16.0,2733.485555555556,corner_T15,21.76537589171903,319.7755155756331,SOFT,6.0,2.0,0.8365437527998815,10516.094300341116,29491.71067206297,400.0,False,1,False,CLOSE_INTERACTION_NO_PASS,0.0,,False,0.0,164.2700303030316,-8.270030303031604,2.77123,True,2.77123,-14.586565979404703,13,True,3.0,corner,0.7844157388717017,3484.7408333333333,19,431.47976220214423,0,monaco_2026_R|ALO|STR,monaco_2026_R|L10|monaco_2026_R|ALO|STR,,True,v4_t0_anchored_30s_horizon
monaco_2026_R_00184,monaco_2026_R,2026,Monaco Grand Prix,LAW,NOR,1,2026-06-07 13:17:02.764,2026-06-07 13:17:07.123,4.359,4.359,2026-06-07 13:17:32.764,30.0,11,17,95.89944444444404,3.226523364485968,78.35083333333318,107.0,48.0,59.0,38.609782030834616,1.881,True,9.0,8.0,1140.5480555555553,brake_T5,3.7123882316964227,350.11036387424747,MEDIUM,11.0,1.0,0.9377715571538816,7224.357661455547,16923.280758308203,400.0,False,1,False,CLOSE_INTERACTION_NO_PASS,0.0,,False,0.0,104.07928134556613,2.9207186544338697,4.697266,True,4.697266,32.49754854773102,11,True,3.0,brake,0.32729781355492155,3484.7408333333333,19,431.47976220214423,0,monaco_2026_R|LAW|NOR,monaco_2026_R|L11|monaco_2026_R|LAW|NOR,,False,v4_t0_anchored_30s_horizon
monaco_2026_R_00185,monaco_2026_R,2026,Monaco Grand Prix,RUS,HAD,6,2026-06-07 13:17:04.883,2026-06-07 13:17:33.643,28.76,28.76,2026-06-07 13:17:34.883,30.0,11,94,92.41555555555738,1.2322074074074316,33.15666666666948,270.0,119.0,151.0,98.84991662034608,1.799,True,5.0,4.0,1940.5461111111101,straight_05,158.00103579436131,266.8987756859244,MEDIUM,11.0,1.0,0.7514141301915581,9169.730781200557,70587.74071050588,399.9999999999998,False,1,False,CLOSE_INTERACTION_NO_PASS,0.0,,False,0.0,256.80189950980446,13.198100490195543,1.881372,True,1.881372,65.12899577886103,11,True,3.0,straight,0.5568695647460469,3484.7408333333333,19,431.47976220214423,0,monaco_2026_R|HAD|RUS,monaco_2026_R|L11|monaco_2026_R|HAD|RUS,,False,v4_t0_anchored_30s_horizon
monaco_2026_R_00186,monaco_2026_R,2026,Monaco Grand Prix,SAI,ALB,23,2026-06-07 13:17:07.403,2026-06-07 13:17:15.644,8.241,8.241,2026-06-07 13:17:37.403,30.0,11,32,98.19250000000011,4.776932432432438,61.17972222222261,74.0,50.0,24.0,7.857142857142115,1.96,True,11.0,10.0,1116.6158333333333,brake_T5,27.644610453918403,374.04258609646945,MEDIUM,11.0,1.0,0.8922894643014873,5839.030662765194,22101.16922648505,400.0,False,1,False,CLOSE_INTERACTION_NO_PASS,0.0,,False,0.0,78.33031249999996,-4.3303124999999625,4.012575,True,4.012575,-4.608745642469615,12,True,3.0,brake,0.32043009415573465,3484.7408333333333,19,431.47976220214423,0,monaco_2026_R|ALB|SAI,monaco_2026_R|L11|monaco_2026_R|ALB|SAI,,False,v4_t0_anchored_30s_horizon
monaco_2026_R_00187,monaco_2026_R,2026,Monaco Grand Prix,HAM,ANT,12,2026-06-07 13:17:14.964,2026-06-07 13:17:19.363,4.399,4.399,2026-06-07 13:17:44.964,30.0,11,16,96.16472222222365,1.8814836956522019,65.86472222222346,184.0,73.0,111.0,92.45588985211727,1.9609999999999999,True,2.0,1.0,2782.6608333333306,brake_T17,6.927459871332303,270.6002377978584,MEDIUM,11.0,1.0,0.6357855514416044,12254.911000198023,27121.306479210354,400.0,False,1,False,CLOSE_INTERACTION_NO_PASS,0.0,,False,0.0,180.3800847457661,3.619915254233888,4.086067,True,4.086067,77.97997113775673,12,True,3.0,brake,0.7985273414641779,3484.7408333333333,19,431.47976220214423,0,monaco_2026_R|ANT|HAM,monaco_2026_R|L11|monaco_2026_R|ANT|HAM,,True,v4_t0_anchored_30s_horizon
monaco_2026_R_00188,monaco_2026_R,2026,Monaco Grand Prix,HAD,LEC,16,2026-06-07 13:17:23.004,2026-06-07 13:17:27.003,3.999,3.999,2026-06-07 13:17:53.004,30.0,11,16,97.25555555555411,1.8823655913978217,81.47277777777526,186.0,64.0,122.0,110.52380952380805,1.6800000000000002,True,4.0,3.0,2785.3513888888892,brake_T17,4.2369043157737,267.9096822422998,MEDIUM,11.0,1.0,0.9378868426083958,12406.233539860628,26480.115937647177,400.0,False,1,False,CLOSE_INTERACTION_NO_PASS,0.0,,False,0.0,185.25870967741963,0.7412903225803689,3.8751290000000003,True,3.8751290000000003,81.40978870522497,11,True,3.0,brake,0.7992994377790091,3484.7408333333333,19,431.47976220214423,0,monaco_2026_R|HAD|LEC,monaco_2026_R|L11|monaco_2026_R|HAD|LEC,,True,v4_t0_anchored_30s_horizon
monaco_2026_R_00189,monaco_2026_R,2026,Monaco Grand Prix,ALB,LAW,30,2026-06-07 13:17:24.323,2026-06-07 13:17:55.764,31.441,31.441,2026-06-07 13:17:54.323,30.0,11,108,95.88833333333332,1.259846715328467,25.58972222221928,274.0,173.0,101.0,45.1864695849909,1.759,True,10.0,9.0,1907.0483333333334,straight_05,191.49881357213803,300.39655346370114,MEDIUM,11.0,1.0,0.8144770875317195,10067.761535955557,74118.58618670049,399.9999999999998,False,1,False,CLOSE_INTERACTION_NO_PASS,0.0,,False,0.0,271.2566981132076,2.7433018867923806,1.569267,True,1.569267,18.044420683154247,13,True,3.0,straight,0.5472568620000197,3484.7408333333333,19,431.47976220214423,0,monaco_2026_R|ALB|LAW,monaco_2026_R|L11|monaco_2026_R|ALB|LAW,,False,v4_t0_anchored_30s_horizon
monaco_2026_R_00190,monaco_2026_R,2026,Monaco Grand Prix,BOR,HAM,44,2026-06-07 13:17:28.684,2026-06-07 13:17:48.884,20.2,20.2,2026-06-07 13:17:58.684,30.0,11,67,10.973611111111111,0.16810638297872343,10.511388888888945,235.0,261.0,-26.0,-25.999999999999996,0.28,True,20.0,2.0,44.72444444444445,straight_01,178.52798059264742,238.52798059264742,HARD,10.0,2.0,0.9256164911017274,15337.473194814356,63254.765539091204,400.0,False,1,False,LAPPED_UNLAPPED,,,False,0.0,264.7354406130268,-29.73544061302681,0.149417,True,0.149417,-29.22497474384272,11,True,3.0,straight,0.012834367484844842,3484.7408333333333,19,431.47976220214423,0,monaco_2026_R|BOR|HAM,monaco_2026_R|L11|monaco_2026_R|BOR|HAM,,False,v4_t0_anchored_30s_horizon
monaco_2026_R_00191,monaco_2026_R,2026,Monaco Grand Prix,HUL,SAI,55,2026-06-07 13:17:31.763,2026-06-07 13:17:35.684,3.921,3.921,2026-06-07 13:18:01.763,30.0,11,12,96.79055555555442,1.5417964601769731,65.7683333333323,226.0,82.0,144.0,156.61522086216044,1.879,True,12.0,11.0,1955.8616666666674,straight_05,142.68548023880408,251.58322013036718,MEDIUM,11.0,1.0,0.8979195206225108,8759.141159217523,68973.39899484084,400.0000000000002,False,1,False,CLOSE_INTERACTION_NO_PASS,0.0,,False,0.0,249.5080199114989,-23.508019911498906,2.722584,True,2.722584,134.46080668743997,10,True,3.0,straight,0.5612645990651148,3484.7408333333333,19,431.47976220214423,0,monaco_2026_R|HUL|SAI,monaco_2026_R|L11|monaco_2026_R|HUL|SAI,,False,v4_t0_anchored_30s_horizon
monaco_2026_R_00192,monaco_2026_R,2026,Monaco Grand Prix,STR,ALO,14,2026-06-07 13:17:35.124,2026-06-07 13:17:51.123,15.999,15.999,2026-06-07 13:18:05.124,30.0,11,59,93.46722222222286,1.657546798029568,37.122222222222945,203.0,74.0,129.0,90.17717206132788,1.7610000000000001,True,17.0,16.0,993.8949999999995,straight_03,150.36544378725216,496.7634194298032,SOFT,7.0,2.0,0.7676507072138934,2510.211109086809,46290.69869552511,400.0,False,1,False,CLOSE_INTERACTION_NO_PASS,0.0,,False,0.0,190.7174174174178,12.282582582582194,3.042141,True,3.042141,79.47914457435665,8,True,3.0,straight,0.28521346278979604,3484.7408333333333,19,431.47976220214423,0,monaco_2026_R|ALO|STR,monaco_2026_R|L11|monaco_2026_R|ALO|STR,,False,v4_t0_anchored_30s_horizon
monaco_2026_R_00193,monaco_2026_R,2026,Monaco Grand Prix,ALO,OCO,31,2026-06-07 13:17:37.563,2026-06-07 13:17:41.564,4.001,4.001,2026-06-07 13:18:07.563,30.0,11,16,92.98416666666662,2.635771653543306,76.1841666666669,127.0,44.0,83.0,44.830761043108325,1.879,True,16.0,15.0,1148.109166666667,corner_T5,114.21798277445691,342.54925276313566,SOFT,8.0,2.0,0.9683474010877018,7649.671090773349,15445.282610588078,400.0,False,1,False,CLOSE_INTERACTION_NO_PASS,0.0,,False,0.0,105.15981308411243,21.84018691588757,4.253532,True,4.253532,26.54346401883146,11,True,3.0,corner,0.3294675907270963,3484.7408333333333,19,431.47976220214423,0,monaco_2026_R|ALO|OCO,monaco_2026_R|L11|monaco_2026_R|ALO|OCO,,False,v4_t0_anchored_30s_horizon
monaco_2026_R_00194,monaco_2026_R,2026,Monaco Grand Prix,RUS,HAD,6,2026-06-07 13:17:38.443,2026-06-07 13:17:44.403,5.96,5.96,2026-06-07 13:18:08.443,30.0,12,23,87.79555555555558,1.1926943396226417,50.42888888888896,265.0,139.0,126.0,61.21337417050214,1.959,True,5.0,4.0,71.5,straight_01,151.75242503709188,211.75242503709188,MEDIUM,12.0,1.0,0.7946402691815929,15843.71251347356,56559.400636087754,400.0,False,1,False,CLOSE_INTERACTION_NO_PASS,0.0,,False,0.0,266.3352059925094,-1.3352059925093727,1.625367,True,1.625367,32.73763276546679,11,True,3.0,straight,0.020518025132906823,3484.7408333333333,19,431.47976220214423,0,monaco_2026_R|HAD|RUS,monaco_2026_R|L12|monaco_2026_R|HAD|RUS,,False,v4_t0_anchored_30s_horizon
monaco_2026_R_00195,monaco_2026_R,2026,Monaco Grand Prix,BOR,BOT,77,2026-06-07 13:17:49.284,2026-06-07 13:20:10.044,140.76,140.76,2026-06-07 13:18:19.284,30.0,11,423,50.068611111111636,0.9243435897435994,10.132777777778301,195.0,101.0,94.0,,,False,20.0,19.0,1004.668333333333,straight_03,139.59211045391874,485.9900860964698,HARD,10.0,2.0,0.9369848094937443,2298.0968186297277,45039.03575348739,400.0000000000001,False,1,False,CLOSE_INTERACTION_NO_PASS,0.0,,False,0.0,153.9705357142864,41.0294642857136,1.479326,True,1.479326,11.06591847140324,11,True,3.0,straight,0.28830503655341166,3484.7408333333333,19,431.47976220214423,0,monaco_2026_R|BOR|BOT,monaco_2026_R|L11|monaco_2026_R|BOR|BOT,,False,v4_t0_anchored_30s_horizon
monaco_2026_R_00196,monaco_2026_R,2026,Monaco Grand Prix,HAM,ANT,12,2026-06-07 13:17:52.563,2026-06-07 13:17:56.604,4.041,4.041,2026-06-07 13:18:22.563,30.0,12,14,99.14583333333326,3.7179687499999976,83.17111111111103,96.0,46.0,50.0,30.830886351277798,1.839,True,2.0,1.0,1134.4386111111114,brake_T5,9.821832676140275,356.2198083186913,MEDIUM,12.0,1.0,0.6448295870092455,6870.709836473039,18245.09791519886,400.0,False,1,False,CLOSE_INTERACTION_NO_PASS,0.0,,False,0.0,96.6492346938778,-0.6492346938778013,4.65303,True,4.65303,25.034803316212837,11,True,3.0,brake,0.3255446144687789,3484.7408333333333,19,431.47976220214423,0,monaco_2026_R|ANT|HAM,monaco_2026_R|L12|monaco_2026_R|ANT|HAM,,False,v4_t0_anchored_30s_horizon
monaco_2026_R_00197,monaco_2026_R,2026,Monaco Grand Prix,LEC,HAM,44,2026-06-07 13:17:55.764,2026-06-07 13:18:04.004,8.24,8.24,2026-06-07 13:18:25.764,30.0,12,31,99.0322222222228,4.456450000000026,61.09750000000008,80.0,55.0,25.0,3.279069767440782,1.72,True,3.0,2.0,1116.708888888889,brake_T5,27.55155489836261,373.94953054091366,MEDIUM,12.0,1.0,0.6097390737379975,5844.4172237077,22081.036065279288,400.0,False,1,False,CLOSE_INTERACTION_NO_PASS,0.0,,False,0.0,74.22470238095268,5.775297619047322,3.915607,True,3.915607,-8.671425754769702,9,True,3.0,brake,0.3204567978791983,3484.7408333333333,19,431.47976220214423,0,monaco_2026_R|HAM|LEC,monaco_2026_R|L12|monaco_2026_R|HAM|LEC,,False,v4_t0_anchored_30s_horizon
monaco_2026_R_00198,monaco_2026_R,2026,Monaco Grand Prix,HAD,LEC,16,2026-06-07 13:17:55.764,2026-06-07 13:18:09.964,14.2,14.2,2026-06-07 13:18:25.764,30.0,12,51,98.15083333333348,1.7579253731343312,51.67777777777815,201.0,80.0,121.0,111.30232558139589,1.72,True,4.0,3.0,1018.4038888888888,straight_03,125.8565548983629,472.25453054091395,MEDIUM,12.0,1.0,0.9285460182589105,2135.831258678862,42966.52184284013,400.0,False,1,False,CLOSE_INTERACTION_NO_PASS,0.0,,False,0.0,189.12197336561783,11.878026634382167,3.627276,True,3.627276,95.52106449087442,9,True,3.0,straight,0.2922466655618499,3484.7408333333333,19,431.47976220214423,0,monaco_2026_R|HAD|LEC,monaco_2026_R|L12|monaco_2026_R|HAD|LEC,,False,v4_t0_anchored_30s_horizon
monaco_2026_R_00199,monaco_2026_R,2026,Monaco Grand Prix,ALB,LAW,30,2026-06-07 13:17:58.443,2026-06-07 13:18:05.083,6.64,6.64,2026-06-07 13:18:28.443,30.0,12,25,94.56694444444446,1.279853383458647,45.124444444444435,266.0,181.0,85.0,19.00870038063408,1.839,True,10.0,9.0,35.07138888888888,straight_01,188.181036148203,248.181036148203,MEDIUM,12.0,1.0,0.8727042063944935,15154.965076270015,65668.56155685484,400.0,False,1,False,CLOSE_INTERACTION_NO_PASS,0.0,,False,0.0,264.16923180592994,1.8307681940700604,1.511615,True,1.511615,-2.213969374048872,11,True,3.0,straight,0.01006427466668771,3484.7408333333333,19,431.47976220214423,0,monaco_2026_R|ALB|LAW,monaco_2026_R|L12|monaco_2026_R|ALB|LAW,,False,v4_t0_anchored_30s_horizon
monaco_2026_R_00200,monaco_2026_R,2026,Monaco Grand Prix,HUL,SAI,55,2026-06-07 13:18:16.284,2026-06-07 13:18:43.724,27.44,27.44,2026-06-07 13:18:46.284,30.0,12,98,99.555833333333,1.8285765306122388,16.158055555555393,196.0,,,78.62000000000026,2.0,True,14.0,,662.7719444444446,corner_T2,125.51831358703964,312.3257639090656,MEDIUM,12.0,1.0,0.8526617061374603,5965.787344499771,53564.05458790509,400.0000000000001,False,1,True,INVALID,,,False,2.0,,,,False,,,0,False,3.0,corner,0.19019260718177117,3484.7408333333333,19,431.47976220214423,0,monaco_2026_R|HUL|SAI,monaco_2026_R|L12|monaco_2026_R|HUL|SAI,,False,v4_t0_anchored_30s_horizon
monaco_2026_R_00201,monaco_2026_R,2026,Monaco Grand Prix,LAW,NOR,1,2026-06-07 13:18:20.764,2026-06-07 13:18:25.883,5.119,5.119,2026-06-07 13:18:50.764,30.0,12,18,96.66833333333398,4.094188235294145,73.62388888888927,85.0,45.0,40.0,29.85663295657354,1.681,True,9.0,8.0,1129.354722222222,brake_T5,14.90572156502958,361.3036972075806,MEDIUM,12.0,1.0,0.9536849084760406,6576.426736862645,19345.029605906202,400.0,False,1,False,CLOSE_INTERACTION_NO_PASS,0.0,,False,0.0,98.6312499999986,-13.631249999998602,4.3473749999999995,True,4.3473749999999995,24.885548790334898,11,True,3.0,brake,0.3240857143289868,3484.7408333333333,19,431.47976220214423,0,monaco_2026_R|LAW|NOR,monaco_2026_R|L12|monaco_2026_R|LAW|NOR,,False,v4_t0_anchored_30s_horizon
monaco_2026_R_00202,monaco_2026_R,2026,Monaco Grand Prix,STR,ALO,14,2026-06-07 13:18:20.764,2026-06-07 13:18:27.764,7.0,7.0,2026-06-07 13:18:50.764,30.0,11,25,89.72027777777885,1.8248192090395698,58.60916666666708,177.0,66.0,111.0,59.49137418203262,1.681,True,17.0,16.0,2756.325277777776,corner_T16,33.263015426886795,296.9357933534129,SOFT,7.0,2.0,0.8046883367553176,11217.687509285206,29459.200817299083,400.0,False,1,False,CLOSE_INTERACTION_NO_PASS,0.0,,False,0.0,178.95043478260828,-1.9504347826082835,2.773478,True,2.773478,4.148097167838313,11,True,3.0,corner,0.7909699485861649,3484.7408333333333,19,431.47976220214423,0,monaco_2026_R|ALO|STR,monaco_2026_R|L11|monaco_2026_R|ALO|STR,,True,v4_t0_anchored_30s_horizon
monaco_2026_R_00203,monaco_2026_R,2026,Monaco Grand Prix,RUS,HAD,6,2026-06-07 13:18:22.004,2026-06-07 13:18:50.324,28.32,28.32,2026-06-07 13:18:52.004,30.0,12,99,99.3013888888895,1.2952355072463848,45.431111111111704,276.0,163.0,113.0,60.81395348837184,1.72,True,5.0,4.0,1919.0052777777776,straight_05,179.54186912769387,288.439609019257,MEDIUM,12.0,1.0,0.7611353260527175,9747.21179933597,72858.26009937465,399.9999999999998,False,1,False,CLOSE_INTERACTION_NO_PASS,0.0,,False,0.0,266.09578431372574,9.904215686274256,1.683831,True,1.683831,28.273671814946827,11,True,3.0,straight,0.5506880911835703,3484.7408333333333,19,431.47976220214423,0,monaco_2026_R|HAD|RUS,monaco_2026_R|L12|monaco_2026_R|HAD|RUS,,False,v4_t0_anchored_30s_horizon
monaco_2026_R_00204,monaco_2026_R,2026,Monaco Grand Prix,BEA,BOR,5,2026-06-07 13:18:32.003,2026-06-07 13:19:45.524,73.521,73.521,2026-06-07 13:19:02.003,30.0,11,270,93.08249999999816,1.5881374407582627,15.633055555555757,211.0,128.0,83.0,42.20238772029501,1.759,True,21.0,20.0,2536.382222222222,corner_T13,44.91912200872275,516.878848908967,HARD,10.0,2.0,0.9566764737379023,4968.101266710294,74124.40770352536,400.0,False,1,False,CLOSE_INTERACTION_NO_PASS,0.0,,False,0.0,203.24339024390267,7.756609756097333,1.993214,True,1.993214,18.411656832625503,12,True,3.0,corner,0.7278539046463443,3484.7408333333333,19,431.47976220214423,0,monaco_2026_R|BEA|BOR,monaco_2026_R|L11|monaco_2026_R|BEA|BOR,,True,v4_t0_anchored_30s_horizon
monaco_2026_R_00205,monaco_2026_R,2026,Monaco Grand Prix,HAM,ANT,12,2026-06-07 13:18:32.203,2026-06-07 13:18:36.284,4.081,4.081,2026-06-07 13:19:02.203,30.0,12,14,98.86444444444442,1.9772888888888884,84.44027777777819,180.0,72.0,108.0,95.05615109750019,1.959,True,2.0,1.0,2783.079444444444,brake_T17,6.508848760218825,270.18162668674495,MEDIUM,12.0,1.0,0.5854015368883559,12278.454575179705,27021.546604531424,400.0,False,1,False,CLOSE_INTERACTION_NO_PASS,0.0,,False,0.0,177.59973544973536,2.4002645502646374,4.054994,True,4.054994,78.12299054404512,12,True,3.0,brake,0.798647468363461,3484.7408333333333,19,431.47976220214423,0,monaco_2026_R|ANT|HAM,monaco_2026_R|L12|monaco_2026_R|ANT|HAM,,True,v4_t0_anchored_30s_horizon
monaco_2026_R_00206,monaco_2026_R,2026,Monaco Grand Prix,HAD,LEC,16,2026-06-07 13:18:40.724,2026-06-07 13:18:44.164,3.44,3.44,2026-06-07 13:19:10.724,30.0,12,15,98.2033333333361,1.9750391061453072,86.03666666666868,179.0,71.0,108.0,107.7279954571256,1.7610000000000001,True,4.0,3.0,2793.8649999999984,corner_T17,113.19997386405112,259.39607113119064,MEDIUM,12.0,1.0,0.9499296762663104,12919.58907857729,23922.709843639135,400.0,False,1,False,CLOSE_INTERACTION_NO_PASS,0.0,,False,0.0,182.9813469387778,-3.98134693877779,3.848308,True,3.848308,86.22914995223594,12,True,3.0,corner,0.8017425494817999,3484.7408333333333,19,431.47976220214423,0,monaco_2026_R|HAD|LEC,monaco_2026_R|L12|monaco_2026_R|HAD|LEC,,True,v4_t0_anchored_30s_horizon
monaco_2026_R_00207,monaco_2026_R,2026,Monaco Grand Prix,ALB,LAW,30,2026-06-07 13:18:43.084,2026-06-07 13:19:13.004,29.92,29.92,2026-06-07 13:19:13.084,30.0,12,108,94.57166666666558,1.2516838235293974,36.144166666665114,272.0,149.0,123.0,58.26086956521749,1.8399999999999999,True,10.0,9.0,1920.741944444445,straight_05,177.8052024610265,286.7029423525896,MEDIUM,12.0,1.0,0.8279497426848771,9700.65408175329,72675.20611638098,400.0,False,1,False,CLOSE_INTERACTION_NO_PASS,0.0,,False,0.0,268.9501879699245,3.0498120300754863,1.657011,True,1.657011,29.73020292337927,12,True,3.0,straight,0.5511864544047475,3484.7408333333333,19,431.47976220214423,0,monaco_2026_R|ALB|LAW,monaco_2026_R|L12|monaco_2026_R|ALB|LAW,,False,v4_t0_anchored_30s_horizon
monaco_2026_R_00208,monaco_2026_R,2026,Monaco Grand Prix,HUL,SAI,55,2026-06-07 13:18:49.484,2026-06-07 13:19:15.964,26.48,26.48,2026-06-07 13:19:19.484,30.0,12,99,65.12944444444474,1.1493431372549072,21.660833333332903,204.0,,,89.40000000000009,1.8,True,14.0,,1950.7438888888878,straight_05,147.80325801658364,256.70099790814675,MEDIUM,12.0,1.0,0.8526617061374603,8896.341957161101,69512.8402268747,400.0,False,1,True,INVALID,,,False,2.0,,,,False,,,0,False,3.0,straight,0.5597959739872251,3484.7408333333333,19,431.47976220214423,0,monaco_2026_R|HUL|SAI,monaco_2026_R|L12|monaco_2026_R|HUL|SAI,,False,v4_t0_anchored_30s_horizon
monaco_2026_R_00209,monaco_2026_R,2026,Monaco Grand Prix,COL,HUL,27,2026-06-07 13:18:50.324,2026-06-07 13:19:02.324,12.0,12.0,2026-06-07 13:19:20.324,30.0,12,40,95.90249999999924,1.2113999999999903,11.503888888888241,285.0,149.0,136.0,116.71428571428578,0.84,True,12.0,14.0,1894.005,straight_05,204.54214690547133,313.43988679703443,MEDIUM,12.0,1.0,0.8625504432165556,10417.435910045688,75493.42349083514,400.0,False,1,False,PIT_RELATED,,25.8,False,-1.0,259.5394454656851,25.460554534314895,1.8412739999999999,True,1.8412739999999999,63.390789131002045,8,True,3.0,straight,0.5435138768091076,3484.7408333333333,19,431.47976220214423,0,monaco_2026_R|COL|HUL,monaco_2026_R|L12|monaco_2026_R|COL|HUL,monaco_2026_R_00217,False,v4_t0_anchored_30s_horizon
monaco_2026_R_00210,monaco_2026_R,2026,Monaco Grand Prix,BOT,LEC,16,2026-06-07 13:18:50.564,2026-06-07 13:19:28.004,37.44,37.44,2026-06-07 13:19:20.564,30.0,12,142,10.798611111111114,0.16130705394190875,10.798611111111114,241.0,267.0,-26.0,-25.999999999999908,0.24,True,19.0,3.0,53.272777777777776,straight_01,169.9796472593141,229.9796472593141,MEDIUM,11.0,2.0,0.8638200847759443,15499.094582402728,61117.21097517482,400.0,False,1,False,LAPPED_UNLAPPED,,,False,0.0,266.3925717852684,-25.392571785268387,0.145782,True,0.145782,-28.46007515423195,8,True,3.0,straight,0.015287443263555307,3484.7408333333333,19,431.47976220214423,0,monaco_2026_R|BOT|LEC,monaco_2026_R|L12|monaco_2026_R|BOT|LEC,,False,v4_t0_anchored_30s_horizon
monaco_2026_R_00211,monaco_2026_R,2026,Monaco Grand Prix,STR,ALO,14,2026-06-07 13:18:54.644,2026-06-07 13:19:10.324,15.68,15.68,2026-06-07 13:19:24.644,30.0,12,55,90.90555555555511,1.6200990099009822,43.113333333332776,202.0,75.0,127.0,85.13690786048966,1.921,True,17.0,16.0,1009.5694444444443,straight_03,134.69099934280734,481.0889749853584,SOFT,8.0,2.0,0.7848770511037815,2240.1973375632892,44299.5228219338,400.0,False,1,False,CLOSE_INTERACTION_NO_PASS,0.0,,False,0.0,200.01957070707047,1.9804292929295286,2.833313,True,2.833313,42.268144126067476,13,True,3.0,straight,0.2897114857975649,3484.7408333333333,19,431.47976220214423,0,monaco_2026_R|ALO|STR,monaco_2026_R|L12|monaco_2026_R|ALO|STR,,False,v4_t0_anchored_30s_horizon
monaco_2026_R_00212,monaco_2026_R,2026,Monaco Grand Prix,RUS,HAD,6,2026-06-07 13:18:55.444,2026-06-07 13:19:02.964,7.52,7.52,2026-06-07 13:19:25.444,30.0,13,28,98.20500000000001,1.3493816793893132,45.78277777777777,262.0,197.0,65.0,63.96734693877397,1.96,True,5.0,4.0,27.78027777777777,straight_01,195.4721472593141,255.4721472593141,MEDIUM,13.0,1.0,0.8192808145819446,15017.113702336843,67491.74126029533,400.0,False,1,False,CLOSE_INTERACTION_NO_PASS,0.0,,False,0.0,262.8795627376426,-0.8795627376425728,1.508904,True,1.508904,-19.22936910261935,11,True,3.0,straight,0.00797197814886122,3484.7408333333333,19,431.47976220214423,0,monaco_2026_R|HAD|RUS,monaco_2026_R|L13|monaco_2026_R|HAD|RUS,,False,v4_t0_anchored_30s_horizon
monaco_2026_R_00213,monaco_2026_R,2026,Monaco Grand Prix,HAM,ANT,12,2026-06-07 13:19:09.004,2026-06-07 13:19:18.403,9.399,9.399,2026-06-07 13:19:39.004,30.0,13,39,98.60472222222279,4.127639534883745,62.038055555556184,86.0,51.0,35.0,17.363636363636232,1.76,True,2.0,1.0,1128.386388888889,brake_T5,15.874054898362601,362.27203054091365,MEDIUM,13.0,1.0,0.6073215935590117,6520.374344487963,19554.534680422876,400.0,False,1,False,CLOSE_INTERACTION_NO_PASS,0.0,,False,0.0,83.37367576243953,2.6263242375604676,3.983561,True,3.983561,3.439727489332132,13,True,3.0,brake,0.323807836179751,3484.7408333333333,19,431.47976220214423,0,monaco_2026_R|ANT|HAM,monaco_2026_R|L13|monaco_2026_R|ANT|HAM,,False,v4_t0_anchored_30s_horizon
monaco_2026_R_00214,monaco_2026_R,2026,Monaco Grand Prix,LEC,HAM,44,2026-06-07 13:19:14.204,2026-06-07 13:19:18.403,4.199,4.199,2026-06-07 13:19:44.204,30.0,13,18,94.74111111111165,3.0726846846847025,76.77444444444518,111.0,51.0,60.0,39.82272456870818,1.681,True,3.0,2.0,1148.7213888888887,corner_T5,113.60576055223532,341.93703054091407,MEDIUM,13.0,1.0,0.5681607603674043,7683.14295891362,15337.941248782845,400.0,False,1,False,CLOSE_INTERACTION_NO_PASS,0.0,,False,0.0,111.81057692307638,-0.8105769230763826,4.492256,True,4.492256,27.17283056218142,14,True,3.0,corner,0.3296432773137042,3484.7408333333333,19,431.47976220214423,0,monaco_2026_R|HAM|LEC,monaco_2026_R|L13|monaco_2026_R|HAM|LEC,,False,v4_t0_anchored_30s_horizon
monaco_2026_R_00215,monaco_2026_R,2026,Monaco Grand Prix,LIN,HUL,27,2026-06-07 13:19:16.124,2026-06-07 13:19:20.084,3.96,3.039,2026-06-07 13:19:46.124,30.0,12,13,34.2305555555522,2.0886440677964053,10.69388888888443,59.0,56.0,3.0,,,False,13.0,14.0,2884.540833333336,brake_T18,22.52414053071334,168.72023779785286,MEDIUM,12.0,1.0,0.998992101162254,18543.02235716965,3210.320086456697,400.0,False,1,False,PIT_RELATED,,4.32,False,-1.0,66.95847457626527,-7.958474576265274,2.238338,True,2.238338,9.919065525580303,13,True,3.0,brake,0.8277633750381732,3484.7408333333333,19,431.47976220214423,0,monaco_2026_R|HUL|LIN,monaco_2026_R|L12|monaco_2026_R|HUL|LIN,,True,v4_t0_anchored_30s_horizon
monaco_2026_R_00216,monaco_2026_R,2026,Monaco Grand Prix,ALB,LAW,30,2026-06-07 13:19:16.644,2026-06-07 13:19:54.284,37.64,37.64,2026-06-07 13:19:46.644,30.0,13,139,94.72000000000001,1.2965475285171104,32.92388888888854,263.0,208.0,55.0,28.58699999999879,2.0,True,10.0,9.0,23.101666666666674,straight_01,200.1507583704252,260.1507583704252,MEDIUM,13.0,1.0,0.8426477051564073,14928.656269726493,68661.65194854006,400.0,False,1,False,CLOSE_INTERACTION_NO_PASS,0.0,,False,0.0,262.48120791245793,0.5187920875420673,1.393382,True,1.393382,-8.874036654131732,13,True,3.0,straight,0.006629378703198638,3484.7408333333333,19,431.47976220214423,0,monaco_2026_R|ALB|LAW,monaco_2026_R|L13|monaco_2026_R|ALB|LAW,,False,v4_t0_anchored_30s_horizon
monaco_2026_R_00217,monaco_2026_R,2026,Monaco Grand Prix,HUL,COL,43,2026-06-07 13:19:16.844,2026-06-07 13:19:20.084,3.24,3.24,2026-06-07 13:19:46.844,30.0,12,14,10.072777777778356,0.6475357142857514,10.072777777778356,56.0,88.0,-32.0,-39.555555555557476,0.72,True,14.0,12.0,2930.2358333333323,corner_T18,63.02523779785679,123.02523779785679,MEDIUM,12.0,1.0,0.8526617061374603,21248.599607754742,1805.6789999249788,400.0,False,1,True,PIT_RELATED,,,False,2.0,102.9190217391315,-46.919021739131495,0.41838,True,0.41838,-26.81500608854232,13,True,3.0,corner,0.8408762583731116,3484.7408333333333,19,431.47976220214423,0,monaco_2026_R|COL|HUL,monaco_2026_R|L12|monaco_2026_R|COL|HUL,monaco_2026_R_00209,True,v4_t0_anchored_30s_horizon
monaco_2026_R_00218,monaco_2026_R,2026,Monaco Grand Prix,HAD,LEC,16,2026-06-07 13:19:18.164,2026-06-07 13:19:22.484,4.32,4.32,2026-06-07 13:19:48.164,30.0,13,17,97.67472222222204,3.588051020408157,75.59888888888827,98.0,45.0,53.0,29.955555555554838,1.8,True,4.0,3.0,1140.1575,brake_T5,4.102943787251661,350.5009194298027,MEDIUM,13.0,1.0,0.9971033210271516,7201.750184783498,17007.779936383446,400.0,False,1,False,CLOSE_INTERACTION_NO_PASS,0.0,,False,0.0,99.42717717717741,-1.4271771771774127,4.237747,True,4.237747,16.572504940713383,13,True,3.0,brake,0.327185737628982,3484.7408333333333,19,431.47976220214423,0,monaco_2026_R|HAD|LEC,monaco_2026_R|L13|monaco_2026_R|HAD|LEC,,False,v4_t0_anchored_30s_horizon
monaco_2026_R_00219,monaco_2026_R,2026,Monaco Grand Prix,LIN,COL,43,2026-06-07 13:19:20.444,2026-06-07 13:20:41.124,80.68,80.68,2026-06-07 13:19:50.444,30.0,12,294,58.82777777777483,1.857719298245521,10.213333333332912,114.0,173.0,-59.0,,,False,13.0,12.0,2989.19416666667,brake_T19,4.066904464519212,64.06690446451921,MEDIUM,12.0,1.0,0.9926063634527075,24395.613428906,135.02015282983828,400.0,False,1,False,CLOSE_INTERACTION_NO_PASS,0.0,,False,-1.0,103.64285714286156,10.357142857138442,1.486714,True,1.486714,-27.074098722355796,12,True,3.0,brake,0.8577952592839888,3484.7408333333333,19,431.47976220214423,0,monaco_2026_R|COL|LIN,monaco_2026_R|L12|monaco_2026_R|COL|LIN,,True,v4_t0_anchored_30s_horizon
monaco_2026_R_00220,monaco_2026_R,2026,Monaco Grand Prix,BOT,LEC,16,2026-06-07 13:19:36.724,2026-06-07 13:19:41.084,4.36,4.36,2026-06-07 13:20:06.724,30.0,12,16,94.56805555555479,1.5063938053097223,53.03972222222069,226.0,91.0,135.0,129.75000000000068,1.6,True,19.0,3.0,1955.5616666666667,straight_05,142.9854802388047,251.88322013036782,MEDIUM,11.0,2.0,0.8614594651285188,8767.18375918383,69005.0206041871,399.9999999999998,False,1,False,LAPPED_UNLAPPED,,,False,0.0,246.05575647980672,-20.055756479806718,2.333561,True,2.333561,93.3475043852667,11,True,3.0,straight,0.5611785094491724,3484.7408333333333,19,431.47976220214423,0,monaco_2026_R|BOT|LEC,monaco_2026_R|L12|monaco_2026_R|BOT|LEC,,False,v4_t0_anchored_30s_horizon
monaco_2026_R_00221,monaco_2026_R,2026,Monaco Grand Prix,STR,ALO,14,2026-06-07 13:19:40.364,2026-06-07 13:19:46.844,6.48,6.48,2026-06-07 13:20:10.364,30.0,12,28,93.06444444444423,1.8510055248618742,58.48666666666577,181.0,57.0,124.0,85.79299999999886,2.0,True,17.0,16.0,2773.2533333333336,corner_T16,16.334959871329374,280.0077377978555,SOFT,8.0,2.0,0.8070860689338991,11777.760626327989,28902.40399074162,400.0,False,1,False,CLOSE_INTERACTION_NO_PASS,0.0,,False,0.0,178.0,3.0,3.148674,True,3.148674,30.32745000163983,10,True,3.0,corner,0.7958277145909225,3484.7408333333333,19,431.47976220214423,0,monaco_2026_R|ALO|STR,monaco_2026_R|L12|monaco_2026_R|ALO|STR,,True,v4_t0_anchored_30s_horizon
monaco_2026_R_00222,monaco_2026_R,2026,Monaco Grand Prix,OCO,HUL,27,2026-06-07 13:19:43.004,2026-06-07 13:19:47.684,4.68,4.68,2026-06-07 13:20:13.004,30.0,12,13,97.0572222222213,1.3756141732283333,82.60166666666555,254.0,186.0,68.0,93.68750000000178,1.92,True,15.0,14.0,3246.0563888888896,straight_07,,,HARD,3.0,2.0,0.9433236210078529,15440.056192683214,95.05311028155062,238.68444444444367,True,1,False,PIT_RELATED,,,False,0.0,,,,False,,101.96796377054682,13,True,3.0,straight,0.9315058261546154,3484.7408333333333,19,431.47976220214423,0,monaco_2026_R|HUL|OCO,monaco_2026_R|L12|monaco_2026_R|HUL|OCO,,True,v4_t0_anchored_30s_horizon
monaco_2026_R_00223,monaco_2026_R,2026,Monaco Grand Prix,COL,SAI,55,2026-06-07 13:19:44.484,2026-06-07 13:19:58.765,14.281,14.281,2026-06-07 13:20:14.484,30.0,13,56,95.80416666666622,1.9485593220338893,56.32638888888914,177.0,67.0,110.0,113.31111111111159,1.8,True,12.0,11.0,1018.8405555555555,straight_03,125.41988823169618,471.8178638742472,MEDIUM,13.0,1.0,0.9310226839033059,2130.6726787516095,42900.63461044371,400.0,False,1,False,CLOSE_INTERACTION_NO_PASS,0.0,,False,0.0,204.04889705882346,-27.048897058823457,3.401955,True,3.401955,82.05302901023843,13,True,3.0,straight,0.2923719737806103,3484.7408333333333,19,431.47976220214423,0,monaco_2026_R|COL|SAI,monaco_2026_R|L13|monaco_2026_R|COL|SAI,,False,v4_t0_anchored_30s_horizon
monaco_2026_R_00224,monaco_2026_R,2026,Monaco Grand Prix,SAI,ALB,23,2026-06-07 13:19:44.804,2026-06-07 13:19:53.204,8.4,8.4,2026-06-07 13:20:14.804,30.0,13,31,98.7286111111116,4.738973333333357,62.72861111111183,75.0,51.0,24.0,13.84444444444398,1.8,True,11.0,10.0,1121.284722222222,brake_T5,22.975721565029744,369.3736972075808,MEDIUM,13.0,1.0,0.8794510499342588,6109.29130850068,21091.025424856456,400.0,False,1,False,CLOSE_INTERACTION_NO_PASS,0.0,,False,0.0,78.35560344827528,-3.355603448275275,4.190517,True,4.190517,5.617785184063403,12,True,3.0,brake,0.3217699036601398,3484.7408333333333,19,431.47976220214423,0,monaco_2026_R|ALB|SAI,monaco_2026_R|L13|monaco_2026_R|ALB|SAI,,False,v4_t0_anchored_30s_horizon
monaco_2026_R_00225,monaco_2026_R,2026,Monaco Grand Prix,HAM,ANT,12,2026-06-07 13:19:49.244,2026-06-07 13:19:53.724,4.48,4.48,2026-06-07 13:20:19.244,30.0,13,19,94.73611111110858,1.8947222222221718,77.64722222221963,180.0,65.0,115.0,95.37500000000024,1.92,True,2.0,1.0,2785.0697222222225,brake_T17,4.518570982440451,268.1913489089666,MEDIUM,13.0,1.0,0.5841004113155742,12390.392010310994,26547.24036559933,400.0,False,1,False,CLOSE_INTERACTION_NO_PASS,0.0,,False,0.0,184.15019337016395,-4.150193370163947,3.777276,True,3.777276,71.86812643475166,11,True,3.0,brake,0.7992186091951522,3484.7408333333333,19,431.47976220214423,0,monaco_2026_R|ANT|HAM,monaco_2026_R|L13|monaco_2026_R|ANT|HAM,,True,v4_t0_anchored_30s_horizon
monaco_2026_R_00226,monaco_2026_R,2026,Monaco Grand Prix,BEA,BOR,5,2026-06-07 13:20:01.924,2026-06-07 13:20:05.644,3.72,3.72,2026-06-07 13:20:31.924,30.0,12,12,94.27694444444614,2.3246369863014116,86.38805555555791,146.0,65.0,81.0,101.6744186046526,1.72,True,21.0,20.0,2787.1522222222225,brake_T17,2.4360709824404694,266.1088489089666,HARD,11.0,2.0,0.9563968454429911,12507.516218430887,26050.95650331421,400.0,False,1,False,CLOSE_INTERACTION_NO_PASS,0.0,,False,0.0,161.9666139240515,-15.9666139240515,3.9730879999999997,True,3.9730879999999997,87.77066713422141,12,True,3.0,brake,0.7998162146124849,3484.7408333333333,19,431.47976220214423,0,monaco_2026_R|BEA|BOR,monaco_2026_R|L12|monaco_2026_R|BEA|BOR,,True,v4_t0_anchored_30s_horizon
monaco_2026_R_00227,monaco_2026_R,2026,Monaco Grand Prix,ALB,LAW,30,2026-06-07 13:20:02.484,2026-06-07 13:20:07.844,5.36,5.36,2026-06-07 13:20:32.484,30.0,13,18,89.5241666666659,1.5494567307692175,55.62416666666695,208.0,103.0,105.0,104.58695652173952,1.8399999999999999,True,10.0,9.0,1961.8769444444445,straight_05,136.67020246102697,245.56794235259008,MEDIUM,13.0,1.0,0.8176749444226701,8597.879583041504,68339.35644817936,399.9999999999998,False,1,False,CLOSE_INTERACTION_NO_PASS,0.0,,False,0.0,239.56447368420982,-31.564473684209815,2.030473,True,2.030473,74.27855801630857,13,True,3.0,straight,0.5629907755773644,3484.7408333333333,19,431.47976220214423,0,monaco_2026_R|ALB|LAW,monaco_2026_R|L13|monaco_2026_R|ALB|LAW,,False,v4_t0_anchored_30s_horizon
monaco_2026_R_00228,monaco_2026_R,2026,Monaco Grand Prix,BOR,HAD,6,2026-06-07 13:20:13.124,2026-06-07 13:20:49.724,36.6,36.6,2026-06-07 13:20:43.124,30.0,13,139,13.050555555555562,0.21551376146789,10.506111111111125,218.0,247.0,-29.0,-29.000000000000057,0.44,True,20.0,4.0,59.6561111111111,straight_01,163.59631392598078,223.59631392598078,HARD,12.0,2.0,0.9335466812230848,15619.782809047972,59521.02575782256,400.0,False,1,False,LAPPED_UNLAPPED,,,False,0.0,252.63133971291865,-34.631339712918646,0.190599,True,0.190599,-30.935910425530395,11,True,3.0,straight,0.017119238980549085,3484.7408333333333,19,431.47976220214423,0,monaco_2026_R|BOR|HAD,monaco_2026_R|L13|monaco_2026_R|BOR|HAD,,False,v4_t0_anchored_30s_horizon
monaco_2026_R_00229,monaco_2026_R,2026,Monaco Grand Prix,STR,ALO,14,2026-06-07 13:20:13.764,2026-06-07 13:20:29.604,15.84,15.84,2026-06-07 13:20:43.764,30.0,13,61,97.52277777777829,1.7380297029703062,35.51805555555575,202.0,73.0,129.0,83.37683523654077,1.839,True,17.0,16.0,997.709722222222,straight_03,146.55072156502968,492.9486972075807,SOFT,9.0,2.0,0.752101396523086,2412.520942227262,45947.01709547029,399.9999999999999,False,1,False,CLOSE_INTERACTION_NO_PASS,0.0,,False,0.0,203.07289644012943,-1.0728964401294263,3.007728,True,3.007728,43.36932814028393,11,True,3.0,straight,0.28630815602658793,3484.7408333333333,19,431.47976220214423,0,monaco_2026_R|ALO|STR,monaco_2026_R|L13|monaco_2026_R|ALO|STR,,False,v4_t0_anchored_30s_horizon
monaco_2026_R_00230,monaco_2026_R,2026,Monaco Grand Prix,BEA,RUS,63,2026-06-07 13:20:15.604,2026-06-07 13:20:19.884,4.28,4.28,2026-06-07 13:20:45.604,30.0,13,18,95.38972222222223,1.2861535580524346,50.68972222222223,267.0,136.0,131.0,125.66666666666663,0.36,True,21.0,5.0,55.20555555555555,straight_01,168.04686948153633,228.04686948153633,HARD,12.0,2.0,0.8847127371976231,15535.637170783823,60633.909985516984,400.0,False,1,False,LAPPED_UNLAPPED,,,False,0.0,255.75187007874015,11.248129921259846,1.889464,True,1.889464,44.44646183375885,12,True,3.0,straight,0.015842083585524094,3484.7408333333333,19,431.47976220214423,0,monaco_2026_R|BEA|RUS,monaco_2026_R|L13|monaco_2026_R|BEA|RUS,,False,v4_t0_anchored_30s_horizon
monaco_2026_R_00231,monaco_2026_R,2026,Monaco Grand Prix,SAI,ALB,23,2026-06-07 13:20:26.084,2026-06-07 13:20:30.804,4.72,4.72,2026-06-07 13:20:56.084,30.0,13,21,96.60999999999922,1.9539101123595348,72.28777777777668,178.0,68.0,110.0,91.46010638297838,1.88,True,11.0,10.0,2770.3161111111135,corner_T16,19.272182093549418,282.94496002007554,MEDIUM,13.0,1.0,0.8529770696032551,11680.581171780059,28999.01496929487,400.0,False,1,False,CLOSE_INTERACTION_NO_PASS,0.0,,False,0.0,179.286921296294,-1.2869212962939969,4.023419,True,4.023419,75.39599801177077,10,True,3.0,corner,0.7949848334807625,3484.7408333333333,19,431.47976220214423,0,monaco_2026_R|ALB|SAI,monaco_2026_R|L13|monaco_2026_R|ALB|SAI,,True,v4_t0_anchored_30s_horizon
monaco_2026_R_00232,monaco_2026_R,2026,Monaco Grand Prix,HAM,ANT,12,2026-06-07 13:20:26.604,2026-06-07 13:20:34.804,8.2,8.2,2026-06-07 13:20:56.604,30.0,14,34,97.54055555555556,3.476693069306931,65.41833333333352,101.0,48.0,53.0,27.094897959183463,1.96,True,2.0,1.0,1130.6797222222226,brake_T5,13.58072156502908,359.9786972075801,MEDIUM,14.0,1.0,0.5866474586357171,6653.124932969191,19058.35742993223,400.0,False,1,False,CLOSE_INTERACTION_NO_PASS,0.0,,False,0.0,87.97038352272729,13.029616477272711,4.281579,True,4.281579,18.134181308206358,10,True,3.0,brake,0.3244659434660653,3484.7408333333333,19,431.47976220214423,0,monaco_2026_R|ANT|HAM,monaco_2026_R|L14|monaco_2026_R|ANT|HAM,,False,v4_t0_anchored_30s_horizon
monaco_2026_R_00233,monaco_2026_R,2026,Monaco Grand Prix,PER,ANT,12,2026-06-07 13:20:28.124,2026-06-07 13:20:31.364,3.24,3.24,2026-06-07 13:20:58.124,30.0,13,14,99.91611111111092,3.2999816513761404,88.16055555555545,109.0,59.0,50.0,35.52272727272799,1.76,True,18.0,1.0,1149.1158333333337,corner_T5,113.21131610779025,341.542586096469,MEDIUM,9.0,3.0,0.9228597017875788,7704.708318604776,15268.783021122304,400.0,False,1,False,LAPPED_UNLAPPED,,,False,0.0,107.9737794612795,1.0262205387204943,5.160824,True,5.160824,29.958513359265456,13,True,3.0,corner,0.329756469216147,3484.7408333333333,19,431.47976220214423,0,monaco_2026_R|ANT|PER,monaco_2026_R|L13|monaco_2026_R|ANT|PER,,False,v4_t0_anchored_30s_horizon
monaco_2026_R_00234,monaco_2026_R,2026,Monaco Grand Prix,OCO,HUL,27,2026-06-07 13:20:28.764,2026-06-07 13:20:34.284,5.52,5.52,2026-06-07 13:20:58.764,30.0,13,22,97.31166666666786,1.424073170731725,47.99972222222368,246.0,113.0,133.0,97.304347826087,1.8399999999999999,True,15.0,14.0,1940.3274999999985,straight_05,158.21964690547293,267.11738679703603,HARD,4.0,2.0,0.8819585976813926,9175.59145358342,70610.78349435373,400.0,False,1,False,PIT_RELATED,,,False,0.0,267.19017175572606,-21.190171755726055,1.978404,True,1.978404,57.77615478657943,14,True,3.0,straight,0.5568068309240592,3484.7408333333333,19,431.47976220214423,0,monaco_2026_R|HUL|OCO,monaco_2026_R|L13|monaco_2026_R|HUL|OCO,,False,v4_t0_anchored_30s_horizon
monaco_2026_R_00235,monaco_2026_R,2026,Monaco Grand Prix,COL,SAI,55,2026-06-07 13:20:29.604,2026-06-07 13:20:35.044,5.44,5.44,2026-06-07 13:20:59.604,30.0,13,22,93.08638888889254,1.9040397727273477,70.91972222222557,176.0,56.0,120.0,89.10416666666607,1.92,True,12.0,11.0,2777.6786111111105,brake_T17,11.90968209355242,275.58246002007854,MEDIUM,13.0,1.0,0.9365437779233743,11974.700276330143,28308.627721566252,400.0,False,1,False,CLOSE_INTERACTION_NO_PASS,0.0,,False,0.0,181.086762422359,-5.086762422358987,3.375951,True,3.375951,55.05637544273617,14,True,3.0,brake,0.7970976161386781,3484.7408333333333,19,431.47976220214423,0,monaco_2026_R|COL|SAI,monaco_2026_R|L13|monaco_2026_R|COL|SAI,,True,v4_t0_anchored_30s_horizon
monaco_2026_R_00236,monaco_2026_R,2026,Monaco Grand Prix,LEC,HAM,44,2026-06-07 13:20:30.444,2026-06-07 13:20:36.084,5.64,5.64,2026-06-07 13:21:00.444,30.0,14,22,98.85444444444488,4.287662650602429,66.41972222222284,83.0,48.0,35.0,18.469387755100975,1.96,True,3.0,2.0,1124.1661111111111,brake_T5,20.09433267614054,366.4923083186916,MEDIUM,14.0,1.0,0.48645468350561244,6276.081746281181,20467.618615343425,400.0,False,1,False,CLOSE_INTERACTION_NO_PASS,0.0,,False,0.0,91.32632013201271,-8.326320132012711,4.072168,True,4.072168,12.09955719557732,14,True,3.0,brake,0.32259676253622244,3484.7408333333333,19,431.47976220214423,0,monaco_2026_R|HAM|LEC,monaco_2026_R|L14|monaco_2026_R|HAM|LEC,,False,v4_t0_anchored_30s_horizon
monaco_2026_R_00237,monaco_2026_R,2026,Monaco Grand Prix,LIN,COL,43,2026-06-07 13:20:45.445,2026-06-07 13:20:49.524,4.079,4.079,2026-06-07 13:21:15.445,30.0,14,15,88.89638888888888,1.2699484126984126,54.16361111111115,252.0,126.0,126.0,50.94950546590586,1.921,True,13.0,12.0,73.15555555555555,straight_01,150.09686948153632,210.09686948153632,MEDIUM,14.0,1.0,0.9157116535257591,15875.013724561708,56145.42048398073,400.0,False,1,False,CLOSE_INTERACTION_NO_PASS,0.0,,False,0.0,266.3045582706767,-14.304558270676694,1.809729,True,1.809729,49.0196189783141,11,True,3.0,straight,0.020993112272736366,3484.7408333333333,19,431.47976220214423,0,monaco_2026_R|COL|LIN,monaco_2026_R|L14|monaco_2026_R|COL|LIN,,False,v4_t0_anchored_30s_horizon
monaco_2026_R_00238,monaco_2026_R,2026,Monaco Grand Prix,BOR,BOT,77,2026-06-07 13:20:58.765,2026-06-07 13:21:21.644,22.879,15.479,2026-06-07 13:21:28.765,30.0,13,43,97.05527777777729,1.2798498168498105,10.070555555555075,273.0,162.0,111.0,65.73503383654315,1.921,True,20.0,19.0,1859.020277777778,straight_05,239.52686912769354,348.42460901925665,HARD,12.0,2.0,0.8796939364716778,11355.329662596618,79181.00088816941,399.9999999999998,False,1,False,ON_TRACK_PASS,1.0,23.039,False,0.0,244.4553941908709,28.54460580912911,1.790107,True,1.790107,43.03096018074204,13,True,3.0,straight,0.5334744724759143,3484.7408333333333,19,431.47976220214423,0,monaco_2026_R|BOR|BOT,monaco_2026_R|L13|monaco_2026_R|BOR|BOT,,False,v4_t0_anchored_30s_horizon
monaco_2026_R_00239,monaco_2026_R,2026,Monaco Grand Prix,STR,ALO,14,2026-06-07 13:20:59.604,2026-06-07 13:21:05.565,5.961,5.961,2026-06-07 13:21:29.604,30.0,13,22,91.48500000000013,1.809593406593409,63.88499999999931,182.0,58.0,124.0,81.81377551020545,1.96,True,17.0,16.0,2775.2997222222207,corner_T16,14.288570982442252,277.9613489089684,SOFT,9.0,2.0,0.7691327467841601,11845.46641804867,28835.09426131078,400.0,False,1,False,CLOSE_INTERACTION_NO_PASS,0.0,,False,0.0,178.64107891061423,3.358921089385774,3.296407,True,3.296407,52.2778550825313,13,True,3.0,corner,0.7964149573692986,3484.7408333333333,19,431.47976220214423,0,monaco_2026_R|ALO|STR,monaco_2026_R|L13|monaco_2026_R|ALO|STR,,True,v4_t0_anchored_30s_horizon
monaco_2026_R_00240,monaco_2026_R,2026,Monaco Grand Prix,OCO,HUL,27,2026-06-07 13:21:02.564,2026-06-07 13:21:05.565,3.001,3.001,2026-06-07 13:21:32.564,30.0,14,11,95.2961111111111,1.3889311740890686,70.9961111111111,247.0,113.0,134.0,118.29895833333553,1.92,True,15.0,14.0,83.3,straight_01,139.95242503709187,199.95242503709187,HARD,5.0,2.0,0.9174522943291746,16066.812420692448,53608.75015596921,400.0,False,1,False,CLOSE_INTERACTION_NO_PASS,0.0,,False,0.0,265.62629343629345,-18.62629343629345,2.06725,True,2.06725,80.65631036703464,12,True,3.0,straight,0.023904216693302633,3484.7408333333333,19,431.47976220214423,0,monaco_2026_R|HUL|OCO,monaco_2026_R|L14|monaco_2026_R|HUL|OCO,,False,v4_t0_anchored_30s_horizon
monaco_2026_R_00241,monaco_2026_R,2026,Monaco Grand Prix,COL,SAI,55,2026-06-07 13:21:02.564,2026-06-07 13:21:18.285,15.721,15.721,2026-06-07 13:21:32.564,30.0,14,58,96.92138888888815,1.6855893719806634,43.789999999999736,207.0,73.0,134.0,90.91666666666761,1.92,True,12.0,11.0,1001.36,straight_03,142.90044378725167,489.2984194298027,MEDIUM,14.0,1.0,0.9087743861683336,2337.1799528113834,45538.219556185286,400.0000000000001,False,1,False,CLOSE_INTERACTION_NO_PASS,0.0,,False,0.0,194.88341247748494,12.116587522515061,3.058421,True,3.058421,51.89488087572721,12,True,3.0,straight,0.28735565939982627,3484.7408333333333,19,431.47976220214423,0,monaco_2026_R|COL|SAI,monaco_2026_R|L14|monaco_2026_R|COL|SAI,,False,v4_t0_anchored_30s_horizon
monaco_2026_R_00242,monaco_2026_R,2026,Monaco Grand Prix,SAI,ALB,23,2026-06-07 13:21:03.484,2026-06-07 13:21:09.764,6.28,6.28,2026-06-07 13:21:33.484,30.0,14,23,97.91805555555538,4.763581081081073,61.91166666666595,74.0,,,13.234042553190484,1.88,True,11.0,,1117.4013888888883,brake_T5,26.85905489836341,373.25703054091446,MEDIUM,14.0,1.0,0.8640140393511774,5884.502884691625,21931.209286515765,400.0,False,1,False,INVALID,,,False,0.0,,,,False,,,0,False,3.0,brake,0.32065552140933146,3484.7408333333333,19,431.47976220214423,0,monaco_2026_R|ALB|SAI,monaco_2026_R|L14|monaco_2026_R|ALB|SAI,,False,v4_t0_anchored_30s_horizon
monaco_2026_R_00243,monaco_2026_R,2026,Monaco Grand Prix,HAM,ANT,12,2026-06-07 13:21:06.244,2026-06-07 13:21:11.125,4.881,4.881,2026-06-07 13:21:36.244,30.0,14,19,94.97250000000258,1.8381774193548888,76.51694444444729,186.0,60.0,126.0,95.45106382978663,1.88,True,2.0,1.0,2772.20361111111,corner_T16,17.384682093552783,281.0574600200789,MEDIUM,14.0,1.0,0.5429049668978211,11743.030045777836,28936.931405906496,400.0,False,1,False,CLOSE_INTERACTION_NO_PASS,0.0,,False,0.0,188.69412110523183,-2.6941211052318295,3.707529,True,3.707529,74.5406235480657,10,True,3.0,corner,0.7955264806477317,3484.7408333333333,19,431.47976220214423,0,monaco_2026_R|ANT|HAM,monaco_2026_R|L14|monaco_2026_R|ANT|HAM,,True,v4_t0_anchored_30s_horizon
monaco_2026_R_00244,monaco_2026_R,2026,Monaco Grand Prix,LEC,HAM,44,2026-06-07 13:21:11.125,2026-06-07 13:21:14.244,3.119,3.119,2026-06-07 13:21:41.125,30.0,14,12,98.70388888888647,1.941715846994488,86.85944444444158,183.0,104.0,79.0,85.16693248272126,1.881,True,3.0,2.0,2798.1583333333347,corner_T17,108.90664053071487,255.1027377978544,MEDIUM,14.0,1.0,0.41267401688530553,13195.72151187006,22368.99010669118,400.0,False,1,False,CLOSE_INTERACTION_NO_PASS,0.0,,False,0.0,143.40018796992013,39.599812030079875,4.259669,True,4.259669,75.67353799632917,11,True,3.0,corner,0.8029745875410633,3484.7408333333333,19,431.47976220214423,0,monaco_2026_R|HAM|LEC,monaco_2026_R|L14|monaco_2026_R|HAM|LEC,,True,v4_t0_anchored_30s_horizon
monaco_2026_R_00245,monaco_2026_R,2026,Monaco Grand Prix,BOR,HAD,6,2026-06-07 13:21:21.804,2026-06-07 13:21:26.684,4.88,4.88,2026-06-07 13:21:51.804,30.0,13,13,55.30361111111142,2.0738854166666787,55.30361111111142,96.0,74.0,22.0,,,False,20.0,4.0,2833.5736111111123,corner_T17,73.49136275293722,219.68746002007674,HARD,12.0,2.0,0.9961398166889448,15473.510369442385,9552.511207749416,400.0,False,1,False,LAPPED_UNLAPPED,,,False,0.0,96.4993749999996,-0.49937499999960266,2.947875,True,2.947875,79.07611072205104,11,True,3.0,corner,0.8131375464156552,3484.7408333333333,19,431.47976220214423,0,monaco_2026_R|BOR|HAD,monaco_2026_R|L13|monaco_2026_R|BOR|HAD,,True,v4_t0_anchored_30s_horizon
monaco_2026_R_00246,monaco_2026_R,2026,Monaco Grand Prix,BEA,BOT,77,2026-06-07 13:21:21.804,2026-06-07 13:21:27.884,6.08,6.08,2026-06-07 13:21:51.804,30.0,13,16,22.977777777776737,0.617313432835793,13.288888888887413,134.0,84.0,50.0,,,False,21.0,19.0,2810.2600000000007,corner_T17,96.80497386404886,243.00107113118838,HARD,12.0,2.0,0.9528744674440157,13974.059088786733,17989.502913379532,400.0,False,1,False,CLOSE_INTERACTION_NO_PASS,0.0,,False,0.0,119.68975155279486,14.31024844720514,0.862626,True,0.862626,12.474863843710544,11,True,3.0,corner,0.8064473469930453,3484.7408333333333,19,431.47976220214423,0,monaco_2026_R|BEA|BOT,monaco_2026_R|L13|monaco_2026_R|BEA|BOT,,True,v4_t0_anchored_30s_horizon
monaco_2026_R_00247,monaco_2026_R,2026,Monaco Grand Prix,BEA,BOR,5,2026-06-07 13:21:28.244,2026-06-07 13:24:14.725,166.481,166.481,2026-06-07 13:21:58.244,30.0,13,473,16.453888888889196,0.8226944444444598,10.034444444444034,72.0,80.0,-8.0,,,False,21.0,20.0,2954.702777777779,corner_T18,38.558293353410136,98.55829335341014,HARD,12.0,2.0,0.9768580979096141,22717.701676068235,694.4233810367663,400.0,False,1,False,CLOSE_INTERACTION_NO_PASS,0.0,,False,0.0,70.4712987012991,1.528701298700895,0.771842,True,0.771842,6.126715591733919,8,True,3.0,corner,0.8478974245414556,3484.7408333333333,19,431.47976220214423,0,monaco_2026_R|BEA|BOR,monaco_2026_R|L13|monaco_2026_R|BEA|BOR,,True,v4_t0_anchored_30s_horizon
monaco_2026_R_00248,monaco_2026_R,2026,Monaco Grand Prix,BOR,BOT,77,2026-06-07 13:21:29.164,2026-06-07 13:24:24.445,175.281,175.281,2026-06-07 13:21:59.164,30.0,13,598,11.047777777775991,0.3583063063062484,10.01472222222219,111.0,148.0,-37.0,-32.739130434783085,0.92,True,20.0,19.0,2996.0997222222245,corner_T19,,57.161348908964555,HARD,12.0,2.0,0.9917393328615794,24629.4321606839,136.53122718904046,400.0,False,1,False,UNCERTAIN,,,False,0.0,131.43323308270766,-20.43323308270766,0.278338,True,0.278338,-16.694380518821212,11,True,3.0,corner,0.8597769147028077,3484.7408333333333,19,431.47976220214423,0,monaco_2026_R|BOR|BOT,monaco_2026_R|L13|monaco_2026_R|BOR|BOT,,True,v4_t0_anchored_30s_horizon
monaco_2026_R_00249,monaco_2026_R,2026,Monaco Grand Prix,LIN,COL,43,2026-06-07 13:21:29.364,2026-06-07 13:21:58.725,29.361,29.361,2026-06-07 13:21:59.364,30.0,14,107,95.6016666666685,1.3036590909091161,21.485555555557767,264.0,148.0,116.0,58.89130434782547,1.8399999999999999,True,13.0,12.0,1908.2280555555544,straight_05,190.31909134991702,299.2168312414801,MEDIUM,14.0,1.0,0.897071944099867,10036.134756273319,73994.2371358731,400.0,False,1,False,CLOSE_INTERACTION_NO_PASS,0.0,,False,0.0,273.34054940549424,-9.340549405494244,1.690649,True,1.690649,28.508731033311236,11,True,3.0,straight,0.5475954014434515,3484.7408333333333,19,431.47976220214423,0,monaco_2026_R|COL|LIN,monaco_2026_R|L14|monaco_2026_R|COL|LIN,,False,v4_t0_anchored_30s_horizon
monaco_2026_R_00250,monaco_2026_R,2026,Monaco Grand Prix,STR,ALO,14,2026-06-07 13:21:33.125,2026-06-07 13:21:48.124,14.999,14.999,2026-06-07 13:22:03.125,30.0,14,53,98.57916666666677,1.7833417085427152,46.2730555555554,199.0,67.0,132.0,90.99999999999964,1.96,True,17.0,16.0,1002.6016666666667,straight_03,141.658777120585,488.05675276313605,SOFT,10.0,2.0,0.6848605631060835,2322.5114717205315,45350.868456432145,400.0,False,1,False,CLOSE_INTERACTION_NO_PASS,0.0,,False,0.0,205.72172459893025,-6.721724598930251,3.286283,True,3.286283,72.26222293448272,12,True,3.0,straight,0.2877119747546984,3484.7408333333333,19,431.47976220214423,0,monaco_2026_R|ALO|STR,monaco_2026_R|L14|monaco_2026_R|ALO|STR,,False,v4_t0_anchored_30s_horizon
monaco_2026_R_00251,monaco_2026_R,2026,Monaco Grand Prix,BOT,RUS,63,2026-06-07 13:21:34.324,2026-06-07 13:21:38.285,3.961,3.961,2026-06-07 13:22:04.324,30.0,14,16,95.22972222222221,1.410810699588477,58.59638888888887,243.0,125.0,118.0,115.09090909090907,0.44,True,19.0,5.0,68.75444444444445,straight_01,154.49798059264742,214.49798059264742,MEDIUM,13.0,2.0,0.9014718553491781,15791.802921125363,57245.9408749176,400.0,False,1,False,LAPPED_UNLAPPED,,,False,0.0,271.4374074074074,-28.43740740740742,1.8739919999999999,True,1.8739919999999999,66.21792854967357,13,True,3.0,straight,0.01973014572182038,3484.7408333333333,19,431.47976220214423,0,monaco_2026_R|BOT|RUS,monaco_2026_R|L14|monaco_2026_R|BOT|RUS,,False,v4_t0_anchored_30s_horizon
monaco_2026_R_00252,monaco_2026_R,2026,Monaco Grand Prix,HAM,ANT,12,2026-06-07 13:21:39.365,2026-06-07 13:21:53.285,13.92,13.92,2026-06-07 13:22:09.365,30.0,15,52,92.73944444444464,1.7479685863874384,54.34555555555562,191.0,84.0,107.0,108.98000000000006,2.0,True,2.0,1.0,1030.0308333333332,brake_T5,114.22961045391844,460.6275860964695,MEDIUM,15.0,1.0,0.5159216551385188,2140.8238896523326,40834.38459002967,400.0,False,1,False,CLOSE_INTERACTION_NO_PASS,0.0,,False,0.0,165.66738993710678,25.332610062893224,3.551496,True,3.551496,96.6975949013588,10,True,3.0,brake,0.2955831961678642,3484.7408333333333,19,431.47976220214423,0,monaco_2026_R|ANT|HAM,monaco_2026_R|L15|monaco_2026_R|ANT|HAM,,False,v4_t0_anchored_30s_horizon
monaco_2026_R_00253,monaco_2026_R,2026,Monaco Grand Prix,COL,SAI,55,2026-06-07 13:21:42.204,2026-06-07 13:21:55.724,13.52,13.52,2026-06-07 13:22:12.204,30.0,14,50,99.66611111111297,1.6309000000000304,35.14222222222406,220.0,120.0,100.0,78.99999999999822,1.76,True,12.0,11.0,2543.641388888889,corner_T13,37.65995534205558,509.61968224229986,MEDIUM,14.0,1.0,0.9200735690849152,4792.774949992062,72997.26498899856,400.0,False,1,False,CLOSE_INTERACTION_NO_PASS,0.0,,False,0.0,210.91434468524307,9.085655314756934,2.384852,True,2.384852,51.69968796693951,11,True,3.0,corner,0.7299370342143251,3484.7408333333333,19,431.47976220214423,0,monaco_2026_R|COL|SAI,monaco_2026_R|L14|monaco_2026_R|COL|SAI,,True,v4_t0_anchored_30s_horizon
monaco_2026_R_00254,monaco_2026_R,2026,Monaco Grand Prix,PER,HAM,44,2026-06-07 13:21:42.204,2026-06-07 13:21:56.804,14.6,14.6,2026-06-07 13:22:12.204,30.0,14,57,95.03805555555516,1.8102486772486697,50.88500000000022,189.0,73.0,116.0,101.25000000000071,1.76,True,18.0,2.0,1015.6019444444445,straight_03,128.6584993428072,475.05647498535825,MEDIUM,10.0,3.0,0.8526027631286993,2168.932146545395,43389.29825071704,400.0000000000001,False,1,False,LAPPED_UNLAPPED,,,False,0.0,204.59790575916233,-15.59790575916233,3.110958,True,3.110958,70.51132900367037,11,True,3.0,straight,0.29144260449147064,3484.7408333333333,19,431.47976220214423,0,monaco_2026_R|HAM|PER,monaco_2026_R|L14|monaco_2026_R|HAM|PER,,False,v4_t0_anchored_30s_horizon
monaco_2026_R_00255,monaco_2026_R,2026,Monaco Grand Prix,OCO,HUL,27,2026-06-07 13:21:46.485,2026-06-07 13:21:50.925,4.44,4.44,2026-06-07 13:22:16.485,30.0,14,19,93.82472222222123,1.395739669421473,48.421111111109894,242.0,84.0,158.0,167.5434782608689,1.8399999999999999,True,15.0,14.0,1953.9422222222229,straight_05,144.60492468324856,253.50266457481166,HARD,5.0,2.0,0.8846572072014635,8810.598905298168,69175.71873612134,400.0,False,1,False,CLOSE_INTERACTION_NO_PASS,0.0,,False,0.0,247.99584210256063,-5.99584210256063,2.616533,True,2.616533,141.34219247726674,9,True,3.0,straight,0.560713784948299,3484.7408333333333,19,431.47976220214423,0,monaco_2026_R|HUL|OCO,monaco_2026_R|L14|monaco_2026_R|HUL|OCO,,True,v4_t0_anchored_30s_horizon
monaco_2026_R_00256,monaco_2026_R,2026,Monaco Grand Prix,ALB,LAW,30,2026-06-07 13:21:54.964,2026-06-07 13:21:59.205,4.241,4.241,2026-06-07 13:22:24.964,30.0,15,19,96.80833333333332,1.300410447761194,58.34166666666667,268.0,122.0,146.0,128.2666666666666,0.6,True,10.0,9.0,71.49777777777777,straight_01,151.7546472593141,211.7546472593141,MEDIUM,15.0,1.0,0.8202161638759571,15843.670498425116,56559.95631414428,400.0,False,1,False,CLOSE_INTERACTION_NO_PASS,0.0,,False,0.0,261.5202517788725,6.479748221127522,1.911835,True,1.911835,117.72514619882338,5,True,3.0,straight,0.02051738743204799,3484.7408333333333,19,431.47976220214423,0,monaco_2026_R|ALB|LAW,monaco_2026_R|L15|monaco_2026_R|ALB|LAW,,False,v4_t0_anchored_30s_horizon
monaco_2026_R_00257,monaco_2026_R,2026,Monaco Grand Prix,LIN,COL,43,2026-06-07 13:22:03.725,2026-06-07 13:22:07.924,4.199,4.199,2026-06-07 13:22:33.725,30.0,15,18,94.14250000000001,1.3035115384615388,53.62027777777777,260.0,,,65.87729039423105,1.8010000000000002,True,13.0,,70.04472222222222,straight_01,153.20770281486966,213.20770281486966,MEDIUM,15.0,1.0,0.9102157261440262,15816.197908626107,56923.30030335097,400.0,False,1,False,INVALID,,,False,0.0,,,,False,,,1,False,3.0,straight,0.020100410782979476,3484.7408333333333,19,431.47976220214423,0,monaco_2026_R|COL|LIN,monaco_2026_R|L15|monaco_2026_R|COL|LIN,,False,v4_t0_anchored_30s_horizon
monaco_2026_R_00258,monaco_2026_R,2026,Monaco Grand Prix,HAM,ANT,12,2026-06-07 13:22:22.724,2026-06-07 13:22:29.204,6.48,6.48,2026-06-07 13:22:52.724,30.0,15,26,94.16916666666475,1.9595895953756826,58.411388888885995,173.0,61.0,112.0,76.06818181818271,1.76,True,2.0,1.0,2762.3749999999986,corner_T16,27.213293204664296,290.8860711311904,MEDIUM,15.0,1.0,0.482606279290957,11417.845570624435,29260.213631568713,400.0,False,1,False,CLOSE_INTERACTION_NO_PASS,0.0,,False,0.0,183.52232620320936,-10.52232620320936,3.138106,True,3.138106,31.627880462194202,10,True,3.0,corner,0.7927060094617266,3484.7408333333333,19,431.47976220214423,0,monaco_2026_R|ANT|HAM,monaco_2026_R|L15|monaco_2026_R|ANT|HAM,,True,v4_t0_anchored_30s_horizon
monaco_2026_R_00259,monaco_2026_R,2026,Monaco Grand Prix,SAI,ALB,23,2026-06-07 13:22:23.645,2026-06-07 13:22:27.324,3.679,3.679,2026-06-07 13:22:53.645,30.0,15,15,97.48527777777645,3.2798785046728525,79.7963888888878,107.0,48.0,59.0,37.967952199892146,1.841,True,11.0,10.0,1138.6302777777782,brake_T5,5.630166009473442,352.0281416520245,MEDIUM,15.0,1.0,0.7996908242800251,7113.346268181085,17338.20417611171,400.0,False,1,False,CLOSE_INTERACTION_NO_PASS,0.0,,False,0.0,95.72020000000188,11.279799999998119,4.84228,True,4.84228,30.681637977656717,9,True,3.0,brake,0.32674747771375007,3484.7408333333333,19,431.47976220214423,0,monaco_2026_R|ALB|SAI,monaco_2026_R|L15|monaco_2026_R|ALB|SAI,,False,v4_t0_anchored_30s_horizon
monaco_2026_R_00260,monaco_2026_R,2026,Monaco Grand Prix,STR,ANT,12,2026-06-07 13:22:34.244,2026-06-07 13:23:12.325,38.081,38.081,2026-06-07 13:23:04.244,30.0,15,139,70.11083333333335,0.9524490566037738,12.27638888888805,265.0,220.0,45.0,,,False,17.0,1.0,29.5825,straight_01,193.66992503709187,253.66992503709187,SOFT,11.0,2.0,0.612930540620868,15051.18790662206,67041.086356458,400.0,False,1,False,LAPPED_UNLAPPED,,,False,0.0,263.9106037735849,1.08939622641509,1.027939,True,1.027939,-30.032317901833064,13,True,3.0,straight,0.008489153545373652,3484.7408333333333,19,431.47976220214423,0,monaco_2026_R|ANT|STR,monaco_2026_R|L15|monaco_2026_R|ANT|STR,,False,v4_t0_anchored_30s_horizon
monaco_2026_R_00261,monaco_2026_R,2026,Monaco Grand Prix,OCO,HUL,27,2026-06-07 13:22:39.125,2026-06-07 13:22:52.485,13.36,13.36,2026-06-07 13:23:09.125,30.0,15,49,98.10972222222233,1.9842415730337102,58.20555555555575,178.0,79.0,99.0,108.90476190476184,1.6800000000000002,True,15.0,14.0,1020.7399999999999,straight_03,123.52044378725179,469.91841942980284,HARD,6.0,2.0,0.9429767150253661,2108.2335123759412,42614.03353211889,399.9999999999999,False,1,False,CLOSE_INTERACTION_NO_PASS,0.0,,False,0.0,203.3129729729735,-25.312972972973512,3.464129,True,3.464129,80.92147641828993,11,True,3.0,straight,0.29291704858969664,3484.7408333333333,19,431.47976220214423,0,monaco_2026_R|HUL|OCO,monaco_2026_R|L15|monaco_2026_R|HUL|OCO,,False,v4_t0_anchored_30s_horizon
monaco_2026_R_00262,monaco_2026_R,2026,Monaco Grand Prix,ALB,LAW,30,2026-06-07 13:22:39.645,2026-06-07 13:22:45.365,5.72,5.72,2026-06-07 13:23:09.645,30.0,15,22,88.98444444444453,1.3988820960698705,47.482499999999845,229.0,103.0,126.0,122.41463414634092,1.6400000000000001,True,10.0,9.0,1949.6519444444443,straight_05,148.8952024610271,257.7929423525902,MEDIUM,15.0,1.0,0.8047070450436543,8925.615531668025,69627.93702904158,400.0,False,1,False,CLOSE_INTERACTION_NO_PASS,0.0,,False,0.0,242.90379648760276,-13.903796487602762,2.04964,True,2.04964,81.86448770870146,11,True,3.0,straight,0.5594826237277171,3484.7408333333333,19,431.47976220214423,0,monaco_2026_R|ALB|LAW,monaco_2026_R|L15|monaco_2026_R|ALB|LAW,,False,v4_t0_anchored_30s_horizon
monaco_2026_R_00263,monaco_2026_R,2026,Monaco Grand Prix,LIN,COL,43,2026-06-07 13:22:47.484,2026-06-07 13:23:18.165,30.681,30.681,2026-06-07 13:23:17.484,30.0,15,110,96.43916666666814,1.2717252747252943,28.359722222225628,273.0,,,36.12563956793554,1.759,True,13.0,,1907.3233333333333,straight_05,191.22381357213817,300.1215534637013,MEDIUM,15.0,1.0,0.8615950225992132,10060.389152653124,74089.59971146644,400.0,False,1,False,INVALID,,,False,0.0,,,,False,,,0,False,3.0,straight,0.5473357774813,3484.7408333333333,19,431.47976220214423,0,monaco_2026_R|COL|LIN,monaco_2026_R|L15|monaco_2026_R|COL|LIN,,False,v4_t0_anchored_30s_horizon
monaco_2026_R_00264,monaco_2026_R,2026,Monaco Grand Prix,HAM,ANT,12,2026-06-07 13:22:55.964,2026-06-07 13:23:11.125,15.161,15.161,2026-06-07 13:23:25.964,30.0,16,54,91.99027777777735,1.6075970873786334,37.89583333333303,206.0,75.0,131.0,98.59060745278217,1.959,True,2.0,1.0,1010.3283333333333,straight_03,133.93211045391843,480.3300860964695,MEDIUM,16.0,1.0,0.425021006487438,2231.2321719390843,44185.01651219654,400.0000000000001,False,1,False,CLOSE_INTERACTION_NO_PASS,0.0,,False,0.0,190.01956521739135,15.980434782608654,3.131608,True,3.131608,72.860250703056,11,True,3.0,straight,0.2899292606408559,3484.7408333333333,19,431.47976220214423,0,monaco_2026_R|ANT|HAM,monaco_2026_R|L16|monaco_2026_R|ANT|HAM,,False,v4_t0_anchored_30s_horizon
monaco_2026_R_00265,monaco_2026_R,2026,Monaco Grand Prix,LEC,HAM,44,2026-06-07 13:23:05.565,2026-06-07 13:23:09.324,3.759,3.759,2026-06-07 13:23:35.565,30.0,16,17,98.4736111111115,3.441796116504868,81.66250000000059,103.0,57.0,46.0,34.15999999999976,2.0,True,3.0,2.0,1144.1113888888888,brake_T5,0.14905489836291963,346.54703054091397,MEDIUM,16.0,1.0,0.29629926980251614,7430.622747336982,16152.330931601105,400.0,False,1,False,CLOSE_INTERACTION_NO_PASS,0.0,,False,0.0,110.88146040777626,-7.88146040777626,4.804153,True,4.804153,30.93440289534535,12,True,3.0,brake,0.32832036688205807,3484.7408333333333,19,431.47976220214423,0,monaco_2026_R|HAM|LEC,monaco_2026_R|L16|monaco_2026_R|HAM|LEC,,False,v4_t0_anchored_30s_horizon
monaco_2026_R_00266,monaco_2026_R,2026,Monaco Grand Prix,ALB,LAW,30,2026-06-07 13:23:13.325,2026-06-07 13:23:17.365,4.04,4.04,2026-06-07 13:23:43.325,30.0,16,13,96.31555555555555,1.303518796992481,63.60027777777779,266.0,131.0,135.0,72.05978260869756,1.8399999999999999,True,10.0,9.0,64.27777777777777,straight_01,158.9746472593141,218.9746472593141,MEDIUM,16.0,1.0,0.8045285852091436,15707.163606042037,58365.35431977613,400.0,False,1,False,CLOSE_INTERACTION_NO_PASS,0.0,,False,0.0,258.94248366013073,7.057516339869267,1.836549,True,1.836549,58.12870714182381,12,True,3.0,straight,0.01844549734170411,3484.7408333333333,19,431.47976220214423,0,monaco_2026_R|ALB|LAW,monaco_2026_R|L16|monaco_2026_R|ALB|LAW,,False,v4_t0_anchored_30s_horizon
monaco_2026_R_00267,monaco_2026_R,2026,Monaco Grand Prix,STR,ANT,12,2026-06-07 13:23:20.125,2026-06-07 13:23:24.565,4.44,4.44,2026-06-07 13:23:50.125,30.0,15,17,90.77583333333246,1.7760489130434614,61.691388888887104,184.0,93.0,91.0,104.36734693877484,1.96,True,17.0,1.0,1939.2966666666669,straight_05,159.25048023880458,268.1482201303677,SOFT,11.0,2.0,0.6418494778069228,9203.226720689785,70719.43885757968,400.0000000000002,False,1,False,LAPPED_UNLAPPED,,,False,0.0,249.49180812757106,-65.49180812757106,2.191633,True,2.191633,87.14424703892033,11,True,3.0,straight,0.5565110174381692,3484.7408333333333,19,431.47976220214423,0,monaco_2026_R|ANT|STR,monaco_2026_R|L15|monaco_2026_R|ANT|STR,,False,v4_t0_anchored_30s_horizon
monaco_2026_R_00268,monaco_2026_R,2026,Monaco Grand Prix,LIN,COL,43,2026-06-07 13:23:21.524,2026-06-07 13:23:28.724,7.2,7.2,2026-06-07 13:23:51.524,30.0,16,29,94.51333333333334,1.2986564885496186,40.416666666666686,262.0,201.0,61.0,27.488557743483753,1.879,True,13.0,12.0,25.25888888888888,straight_01,197.993536148203,257.993536148203,MEDIUM,16.0,1.0,0.8949362048791347,14969.442378000074,68122.22747517376,400.0,False,1,False,CLOSE_INTERACTION_NO_PASS,0.0,,False,0.0,264.0807232704403,-2.0807232704402736,1.379626,True,1.379626,54.799499214140546,12,True,3.0,straight,0.007248426811909412,3484.7408333333333,19,431.47976220214423,0,monaco_2026_R|COL|LIN,monaco_2026_R|L16|monaco_2026_R|COL|LIN,,False,v4_t0_anchored_30s_horizon
monaco_2026_R_00269,monaco_2026_R,2026,Monaco Grand Prix,OCO,HUL,27,2026-06-07 13:23:23.205,2026-06-07 13:23:27.285,4.08,4.08,2026-06-07 13:23:53.205,30.0,15,18,94.04472222222557,1.8300594594595248,80.20027777778068,185.0,70.0,115.0,91.84051036682531,1.881,True,15.0,14.0,2780.9961111111097,brake_T17,8.59218209355322,272.26496002007934,HARD,6.0,2.0,0.9562579166738564,12161.283498629133,27518.029059798908,400.0,False,1,False,CLOSE_INTERACTION_NO_PASS,0.0,,False,0.0,187.6314516129042,-2.6314516129041863,3.825258,True,3.825258,71.12140625983211,11,True,3.0,brake,0.7980496238083061,3484.7408333333333,19,431.47976220214423,0,monaco_2026_R|HUL|OCO,monaco_2026_R|L15|monaco_2026_R|HUL|OCO,,True,v4_t0_anchored_30s_horizon
monaco_2026_R_00270,monaco_2026_R,2026,Monaco Grand Prix,COL,SAI,55,2026-06-07 13:23:39.365,2026-06-07 13:23:56.165,16.8,16.8,2026-06-07 13:24:09.365,30.0,16,62,97.74888888888881,1.7683216080401996,31.057777777777574,199.0,83.0,116.0,39.30000000000007,2.0,True,12.0,11.0,980.6574999999998,straight_03,163.6029437872519,510.00091942980293,MEDIUM,16.0,1.0,0.9333673248163894,2849.206587255549,47483.3111364055,400.0,False,1,False,CLOSE_INTERACTION_NO_PASS,0.0,,False,0.0,198.3874542682927,0.6125457317073142,2.502287,True,2.502287,-8.261941903616158,13,True,3.0,straight,0.2814147584863436,3484.7408333333333,19,431.47976220214423,0,monaco_2026_R|COL|SAI,monaco_2026_R|L16|monaco_2026_R|COL|SAI,,False,v4_t0_anchored_30s_horizon
monaco_2026_R_00271,monaco_2026_R,2026,Monaco Grand Prix,HAM,ANT,12,2026-06-07 13:23:39.725,2026-06-07 13:23:46.685,6.96,6.96,2026-06-07 13:24:09.725,30.0,16,30,90.90083333333223,1.9025755813953258,48.99333333333243,172.0,65.0,107.0,60.77777777777646,1.8,True,2.0,1.0,2754.6286111111135,corner_T15,0.6223203361614651,298.63246002007554,MEDIUM,16.0,1.0,0.42628753510233797,11163.098441459517,29494.457323142175,400.0,False,1,False,CLOSE_INTERACTION_NO_PASS,0.0,,False,0.0,181.2039802631589,-9.203980263158911,2.872747,True,2.872747,19.70876432332032,12,True,3.0,corner,0.7904830639804482,3484.7408333333333,19,431.47976220214423,0,monaco_2026_R|ANT|HAM,monaco_2026_R|L16|monaco_2026_R|ANT|HAM,,True,v4_t0_anchored_30s_horizon
monaco_2026_R_00272,monaco_2026_R,2026,Monaco Grand Prix,SAI,ALB,23,2026-06-07 13:23:41.924,2026-06-07 13:23:46.485,4.561,4.561,2026-06-07 13:24:11.924,30.0,16,20,93.83944444444455,3.344772277227727,72.13138888888898,101.0,42.0,59.0,33.91353996737422,1.839,True,11.0,10.0,1135.1713888888887,brake_T5,9.089054898362974,355.487030540914,MEDIUM,16.0,1.0,0.7853375576470849,6913.1269939843305,18086.556783077573,400.0,False,1,False,CLOSE_INTERACTION_NO_PASS,0.0,,False,0.0,102.83074324324315,-1.8307432432431483,4.536846,True,4.536846,24.459789803870024,12,True,3.0,brake,0.3257548963269785,3484.7408333333333,19,431.47976220214423,0,monaco_2026_R|ALB|SAI,monaco_2026_R|L16|monaco_2026_R|ALB|SAI,,False,v4_t0_anchored_30s_horizon
monaco_2026_R_00273,monaco_2026_R,2026,Monaco Grand Prix,STR,HAM,44,2026-06-07 13:23:56.645,2026-06-07 13:23:59.765,3.12,3.12,2026-06-07 13:24:26.645,30.0,16,14,99.06611111111113,1.4497479674796752,73.34388888888887,246.0,107.0,139.0,145.2631578947368,0.76,True,17.0,2.0,84.64333333333335,straight_01,138.60909170375854,198.60909170375854,SOFT,12.0,2.0,0.6368962179800127,16092.210517474707,53272.842770803174,400.0,False,1,False,LAPPED_UNLAPPED,,,False,0.0,248.51133603238867,-2.5113360323886695,2.340453,True,2.340453,101.41766786974291,10,True,3.0,straight,0.024289706862466343,3484.7408333333333,19,431.47976220214423,0,monaco_2026_R|HAM|STR,monaco_2026_R|L16|monaco_2026_R|HAM|STR,,False,v4_t0_anchored_30s_horizon
monaco_2026_R_00274,monaco_2026_R,2026,Monaco Grand Prix,ALB,LAW,30,2026-06-07 13:23:58.365,2026-06-07 13:24:04.325,5.96,5.96,2026-06-07 13:24:28.365,30.0,16,23,84.6516666666671,1.3604732142857212,48.129444444444744,224.0,97.0,127.0,112.50000000000085,1.92,True,10.0,9.0,1958.7124999999994,straight_05,139.83464690547203,248.73238679703513,MEDIUM,16.0,1.0,0.7907920013275259,8682.714118982294,68672.9058682473,400.0000000000002,False,1,False,CLOSE_INTERACTION_NO_PASS,0.0,,False,0.0,245.6258150563135,-21.625815056313513,2.006348,True,2.006348,84.63043516360487,12,True,3.0,straight,0.562082689554388,3484.7408333333333,19,431.47976220214423,0,monaco_2026_R|ALB|LAW,monaco_2026_R|L16|monaco_2026_R|ALB|LAW,,False,v4_t0_anchored_30s_horizon
monaco_2026_R_00275,monaco_2026_R,2026,Monaco Grand Prix,OCO,HUL,27,2026-06-07 13:24:01.045,2026-06-07 13:24:04.925,3.88,3.88,2026-06-07 13:24:31.045,30.0,16,14,98.22055555555562,3.335792452830191,82.26555555555547,106.0,55.0,51.0,35.68085106382999,1.88,True,15.0,14.0,1141.6122222222223,brake_T5,2.6482215650294165,349.04619720758046,HARD,7.0,2.0,0.978022862233356,7285.9574076367135,16693.04153269893,400.0,False,1,False,CLOSE_INTERACTION_NO_PASS,0.0,,False,0.0,108.23959899749383,-2.239598997493829,4.72407,True,4.72407,30.68611196254302,13,True,3.0,brake,0.32760319255369463,3484.7408333333333,19,431.47976220214423,0,monaco_2026_R|HUL|OCO,monaco_2026_R|L16|monaco_2026_R|HUL|OCO,,False,v4_t0_anchored_30s_horizon
monaco_2026_R_00276,monaco_2026_R,2026,Monaco Grand Prix,HAM,ANT,12,2026-06-07 13:24:13.205,2026-06-07 13:24:27.925,14.72,14.72,2026-06-07 13:24:43.205,30.0,17,56,98.49944444444498,1.7641691542288653,50.07111111111226,201.0,75.0,126.0,99.59999999999967,2.0,True,2.0,1.0,1007.5966666666667,straight_03,136.663777120585,483.06175276313604,MEDIUM,17.0,1.0,0.37787997148008806,2263.502830338953,44597.18893165342,400.0000000000001,False,1,False,CLOSE_INTERACTION_NO_PASS,0.0,,False,0.0,199.61104060913712,1.3889593908628797,3.285329,True,3.285329,69.71087849904173,13,True,3.0,straight,0.28914536686013714,3484.7408333333333,19,431.47976220214423,0,monaco_2026_R|ANT|HAM,monaco_2026_R|L17|monaco_2026_R|ANT|HAM,,False,v4_t0_anchored_30s_horizon
monaco_2026_R_00277,monaco_2026_R,2026,Monaco Grand Prix,BEA,PIA,81,2026-06-07 13:24:18.005,2026-06-07 13:24:25.445,7.44,7.44,2026-06-07 13:24:48.005,30.0,16,27,41.23249999999999,0.5477380073800737,19.776944444444467,271.0,258.0,13.0,,,False,21.0,6.0,29.10972222222222,straight_01,194.14270281486966,254.14270281486966,HARD,15.0,2.0,0.9098288058174274,15042.249205066353,67159.30686298253,400.0,False,1,False,LAPPED_UNLAPPED,,,False,0.0,269.664274691358,1.3357253086419973,0.560574,True,0.560574,1.223154641661721,12,True,3.0,straight,0.008353482687657229,3484.7408333333333,19,431.47976220214423,0,monaco_2026_R|BEA|PIA,monaco_2026_R|L16|monaco_2026_R|BEA|PIA,,False,v4_t0_anchored_30s_horizon
monaco_2026_R_00278,monaco_2026_R,2026,Monaco Grand Prix,PER,LEC,16,2026-06-07 13:24:21.085,2026-06-07 13:24:36.045,14.96,14.96,2026-06-07 13:24:51.085,30.0,16,61,94.37277777777763,1.6987099999999973,40.117222222221926,200.0,73.0,127.0,109.7291666666667,1.92,True,18.0,3.0,1009.6730555555557,straight_03,134.58738823169597,480.985363874247,MEDIUM,12.0,3.0,0.8564341213520071,2238.973323369352,44283.88927378881,400.0,False,1,False,LAPPED_UNLAPPED,,,False,0.0,208.21022727272722,-8.210227272727224,3.105272,True,3.105272,76.1407433426323,8,True,3.0,straight,0.289741218600108,3484.7408333333333,19,431.47976220214423,0,monaco_2026_R|LEC|PER,monaco_2026_R|L16|monaco_2026_R|LEC|PER,,False,v4_t0_anchored_30s_horizon
monaco_2026_R_00279,monaco_2026_R,2026,Monaco Grand Prix,LEC,HAM,44,2026-06-07 13:24:22.045,2026-06-07 13:24:26.805,4.76,4.76,2026-06-07 13:24:52.045,30.0,17,20,99.38944444444405,4.259547619047602,73.8338888888884,84.0,46.0,38.0,28.461538461537764,1.56,True,3.0,2.0,1125.1958333333332,brake_T5,19.064610453918476,365.4625860964695,MEDIUM,17.0,1.0,0.22181522971257453,6335.687660949276,20244.83166432981,400.0,False,1,False,CLOSE_INTERACTION_NO_PASS,0.0,,False,0.0,94.19545454545491,-10.195454545454908,4.684727,True,4.684727,25.294683119514147,8,True,3.0,brake,0.32289225717168346,3484.7408333333333,19,431.47976220214423,0,monaco_2026_R|HAM|LEC,monaco_2026_R|L17|monaco_2026_R|HAM|LEC,,False,v4_t0_anchored_30s_horizon
monaco_2026_R_00280,monaco_2026_R,2026,Monaco Grand Prix,SAI,ALB,23,2026-06-07 13:24:22.565,2026-06-07 13:24:26.245,3.68,3.68,2026-06-07 13:24:52.565,30.0,16,16,95.18249999999853,1.8931325966850536,80.8602777777769,181.0,85.0,96.0,94.71428571428824,1.6800000000000002,True,11.0,10.0,2772.265833333332,corner_T16,17.32245987133092,280.99523779785704,MEDIUM,16.0,1.0,0.7363424614700126,11745.088698872089,28934.884795428363,400.0,False,1,False,CLOSE_INTERACTION_NO_PASS,0.0,,False,0.0,163.07265624999908,17.927343750000915,4.358812,True,4.358812,91.20624303233195,9,True,3.0,corner,0.7955443362717788,3484.7408333333333,19,431.47976220214423,0,monaco_2026_R|ALB|SAI,monaco_2026_R|L16|monaco_2026_R|ALB|SAI,,True,v4_t0_anchored_30s_horizon
monaco_2026_R_00281,monaco_2026_R,2026,Monaco Grand Prix,COL,SAI,55,2026-06-07 13:24:25.005,2026-06-07 13:24:31.725,6.72,6.72,2026-06-07 13:24:55.005,30.0,16,27,91.4599999999964,1.8090989010988299,62.493333333330156,182.0,65.0,117.0,64.85106382978834,1.88,True,12.0,11.0,2753.3300000000017,corner_T15,1.920931447273233,299.9310711311873,MEDIUM,16.0,1.0,0.9025958485921945,11123.359305156162,29494.288623230263,400.0,False,1,False,CLOSE_INTERACTION_NO_PASS,0.0,,False,0.0,180.22606177606426,1.773938223935744,2.81367,True,2.81367,16.87091507191494,13,True,3.0,corner,0.7901104075410682,3484.7408333333333,19,431.47976220214423,0,monaco_2026_R|COL|SAI,monaco_2026_R|L16|monaco_2026_R|COL|SAI,,True,v4_t0_anchored_30s_horizon
monaco_2026_R_00282,monaco_2026_R,2026,Monaco Grand Prix,BEA,BOR,5,2026-06-07 13:24:25.765,2026-06-07 13:25:27.886,62.121,62.121,2026-06-07 13:24:55.765,30.0,16,240,40.83527777777772,0.6336508620689646,18.96583333333433,232.0,219.0,13.0,,,False,21.0,20.0,377.6097222222224,straight_02,246.99083883584223,597.4879861312877,HARD,15.0,2.0,0.9075158406047944,14548.30569684903,79489.64611177865,400.00000000000006,False,1,False,CLOSE_INTERACTION_NO_PASS,0.0,,False,0.0,199.80849753694585,32.19150246305415,0.68766,True,0.68766,20.245861540748596,13,True,3.0,straight,0.1083609198739234,3484.7408333333333,19,431.47976220214423,0,monaco_2026_R|BEA|BOR,monaco_2026_R|L16|monaco_2026_R|BEA|BOR,,False,v4_t0_anchored_30s_horizon
monaco_2026_R_00283,monaco_2026_R,2026,Monaco Grand Prix,BOR,BOT,77,2026-06-07 13:24:27.925,2026-06-07 13:25:27.886,59.961,53.401,2026-06-07 13:24:57.925,30.0,16,190,95.00583333333304,1.346539370078736,10.0302777777772,254.0,,,35.166666666666835,1.92,True,20.0,,563.2861111111113,brake_T2,61.314449946953346,411.8115972423989,HARD,15.0,2.0,0.9106890936397066,7098.010787638613,76549.10831788585,400.0,False,1,False,INVALID,,,False,0.0,,,,False,,,0,False,3.0,brake,0.1616436165705612,3484.7408333333333,19,431.47976220214423,0,monaco_2026_R|BOR|BOT,monaco_2026_R|L16|monaco_2026_R|BOR|BOT,,False,v4_t0_anchored_30s_horizon
monaco_2026_R_00284,monaco_2026_R,2026,Monaco Grand Prix,ALB,LAW,30,2026-06-07 13:24:32.045,2026-06-07 13:24:36.605,4.56,4.56,2026-06-07 13:25:02.045,30.0,17,20,96.65055555555553,1.2982910447761191,56.983888888888885,268.0,132.0,136.0,148.62282608695728,1.8399999999999999,True,10.0,9.0,62.44611111111111,straight_01,160.80631392598076,220.80631392598076,MEDIUM,17.0,1.0,0.7560547965528809,15672.53270236498,58823.37195786233,400.0,False,1,False,CLOSE_INTERACTION_NO_PASS,0.0,,False,0.0,261.42349137931035,6.576508620689651,1.867103,True,1.867103,51.719385992570025,12,True,3.0,straight,0.017919872408812165,3484.7408333333333,19,431.47976220214423,0,monaco_2026_R|ALB|LAW,monaco_2026_R|L17|monaco_2026_R|ALB|LAW,,False,v4_t0_anchored_30s_horizon
monaco_2026_R_00285,monaco_2026_R,2026,Monaco Grand Prix,STR,HAM,44,2026-06-07 13:24:42.045,2026-06-07 13:24:45.245,3.2,3.2,2026-06-07 13:25:12.045,30.0,16,16,88.65333333333297,1.1908656716417862,57.89777777777749,268.0,66.0,202.0,192.47760416666682,1.92,True,17.0,2.0,1977.8458333333338,straight_05,120.70131357213768,229.59905346370078,SOFT,12.0,2.0,0.5775013867587528,8383.288221257784,65047.060166191644,400.0,False,1,False,LAPPED_UNLAPPED,,,False,0.0,183.75409836065535,84.24590163934465,3.292065,True,3.292065,180.83318477900386,11,True,3.0,straight,0.5675732939489284,3484.7408333333333,19,431.47976220214423,0,monaco_2026_R|HAM|STR,monaco_2026_R|L16|monaco_2026_R|HAM|STR,,True,v4_t0_anchored_30s_horizon
monaco_2026_R_00286,monaco_2026_R,2026,Monaco Grand Prix,GAS,PIA,81,2026-06-07 13:24:47.045,2026-06-07 13:24:51.405,4.36,4.36,2026-06-07 13:25:17.045,30.0,17,16,99.63749999999868,4.32162650602404,80.08499999999867,83.0,51.0,32.0,27.560000000000038,2.0,True,7.0,6.0,1132.6519444444452,brake_T5,11.608499342806454,358.0064749853575,MEDIUM,17.0,1.0,0.8485135052444933,6767.287866377237,18631.654610348414,400.0,False,1,False,CLOSE_INTERACTION_NO_PASS,0.0,,False,0.0,102.06337719298416,-19.063377192984163,4.817096,True,4.817096,28.613266553799892,15,True,3.0,brake,0.32503190297827844,3484.7408333333333,19,431.47976220214423,0,monaco_2026_R|GAS|PIA,monaco_2026_R|L17|monaco_2026_R|GAS|PIA,,False,v4_t0_anchored_30s_horizon
monaco_2026_R_00287,monaco_2026_R,2026,Monaco Grand Prix,HAM,ANT,12,2026-06-07 13:24:57.445,2026-06-07 13:25:02.605,5.16,5.16,2026-06-07 13:25:27.445,30.0,17,20,95.45722222222321,1.9525340909091111,76.85722222222284,176.0,58.0,118.0,91.82608695652097,1.8399999999999999,True,2.0,1.0,2770.4311111111106,corner_T16,19.157182093552365,282.8299600200785,MEDIUM,17.0,1.0,0.37961687178525494,11684.38600383811,28995.232394571958,400.0,False,1,False,CLOSE_INTERACTION_NO_PASS,0.0,,False,0.0,186.08354129530582,-10.083541295305821,3.362481,True,3.362481,53.84393051094516,14,True,3.0,corner,0.7950178345002062,3484.7408333333333,19,431.47976220214423,0,monaco_2026_R|ANT|HAM,monaco_2026_R|L17|monaco_2026_R|ANT|HAM,,True,v4_t0_anchored_30s_horizon
monaco_2026_R_00288,monaco_2026_R,2026,Monaco Grand Prix,COL,SAI,55,2026-06-07 13:24:58.285,2026-06-07 13:25:14.766,16.481,16.481,2026-06-07 13:25:28.285,30.0,17,62,88.03166666666675,1.5236250000000013,35.97805555555624,208.0,74.0,134.0,83.87234042553227,1.88,True,12.0,11.0,1001.0519444444443,straight_03,143.2084993428074,489.60647498535843,MEDIUM,17.0,1.0,0.8658449775629414,2340.8191799992496,45584.701070643074,400.0000000000001,False,1,False,CLOSE_INTERACTION_NO_PASS,0.0,,False,0.0,205.1000600961537,2.8999399038463025,2.6127979999999997,True,2.6127979999999997,32.65329141147456,13,True,3.0,straight,0.2872672581182707,3484.7408333333333,19,431.47976220214423,0,monaco_2026_R|COL|SAI,monaco_2026_R|L17|monaco_2026_R|COL|SAI,,False,v4_t0_anchored_30s_horizon
monaco_2026_R_00289,monaco_2026_R,2026,Monaco Grand Prix,SAI,ALB,23,2026-06-07 13:24:59.765,2026-06-07 13:25:05.405,5.64,5.64,2026-06-07 13:25:29.765,30.0,17,22,98.32555555555541,4.4246499999999935,64.72999999999956,80.0,47.0,33.0,18.282608695652602,1.8399999999999999,True,11.0,10.0,1118.991388888889,brake_T5,25.269054898362583,371.66703054091363,MEDIUM,17.0,1.0,0.7447847499455973,5976.540720019493,21587.202675346954,400.0,False,1,False,CLOSE_INTERACTION_NO_PASS,0.0,,False,0.0,80.22246127366653,-0.22246127366652502,4.315542,True,4.315542,8.21090672364488,11,True,3.0,brake,0.32111179637382575,3484.7408333333333,19,431.47976220214423,0,monaco_2026_R|ALB|SAI,monaco_2026_R|L17|monaco_2026_R|ALB|SAI,,False,v4_t0_anchored_30s_horizon
monaco_2026_R_00290,monaco_2026_R,2026,Monaco Grand Prix,PER,STR,18,2026-06-07 13:25:06.325,2026-06-07 13:25:12.965,6.64,6.64,2026-06-07 13:25:36.325,30.0,16,25,97.2977777777769,1.9568268156424404,64.41388888888696,179.0,53.0,126.0,81.85714285714191,1.96,True,18.0,17.0,2775.0805555555567,corner_T16,14.507737649106275,278.1805155756324,MEDIUM,12.0,3.0,0.8648800982900249,11838.215180140836,28842.303081253813,400.0,False,1,False,CLOSE_INTERACTION_NO_PASS,0.0,,False,0.0,114.21233445731279,64.78766554268721,4.255245,True,4.255245,61.00708725029296,13,True,3.0,corner,0.7963520641220971,3484.7408333333333,19,431.47976220214423,0,monaco_2026_R|PER|STR,monaco_2026_R|L16|monaco_2026_R|PER|STR,,True,v4_t0_anchored_30s_horizon
monaco_2026_R_00291,monaco_2026_R,2026,Monaco Grand Prix,ALB,LAW,30,2026-06-07 13:25:17.125,2026-06-07 13:25:27.205,10.08,10.08,2026-06-07 13:25:47.125,30.0,17,33,89.50500000000034,1.3829098712446406,49.060555555555084,233.0,98.0,135.0,126.41326808047877,1.839,True,10.0,9.0,1952.9791666666665,straight_05,145.56798023880492,254.46572013036803,MEDIUM,17.0,1.0,0.7387799748043109,8836.41714056036,69277.22995797667,400.0,False,1,False,CLOSE_INTERACTION_NO_PASS,0.0,,False,0.0,248.16244897959226,-15.162448979592256,2.142248,True,2.142248,91.62471425994511,12,True,3.0,straight,0.5604374213386026,3484.7408333333333,19,431.47976220214423,0,monaco_2026_R|ALB|LAW,monaco_2026_R|L17|monaco_2026_R|ALB|LAW,,False,v4_t0_anchored_30s_horizon
monaco_2026_R_00292,monaco_2026_R,2026,Monaco Grand Prix,BEA,BOT,77,2026-06-07 13:25:28.326,2026-06-07 13:25:32.405,4.079,3.199,2026-06-07 13:25:58.326,30.0,16,12,21.016111111111968,0.9955000000000406,13.130833333333157,76.0,,,,,False,21.0,,2828.7688888888874,corner_T17,78.2960849751621,224.49218224230162,HARD,15.0,2.0,1.0,15164.48716171306,11291.298105393396,400.0,False,1,False,INVALID,,,False,0.0,,,,False,,,0,False,3.0,corner,0.8117587574462531,3484.7408333333333,19,431.47976220214423,0,monaco_2026_R|BEA|BOT,monaco_2026_R|L16|monaco_2026_R|BEA|BOT,,True,v4_t0_anchored_30s_horizon
monaco_2026_R_00293,monaco_2026_R,2026,Monaco Grand Prix,HAM,ANT,12,2026-06-07 13:25:30.605,2026-06-07 13:25:44.485,13.88,13.88,2026-06-07 13:26:00.605,30.0,18,54,94.64083333333338,1.903391061452515,52.63166666666757,179.0,81.0,98.0,105.54507556018712,1.919,True,2.0,1.0,1026.0061111111113,brake_T5,118.2543326761404,464.65230831869144,MEDIUM,18.0,1.0,0.3512380713389199,2089.085437137204,41705.1588369238,400.0,False,1,False,CLOSE_INTERACTION_NO_PASS,0.0,,False,0.0,178.1335380116957,0.8664619883043088,3.483923,True,3.483923,93.58322528916419,10,True,3.0,brake,0.29442824019991287,3484.7408333333333,19,431.47976220214423,0,monaco_2026_R|ANT|HAM,monaco_2026_R|L18|monaco_2026_R|ANT|HAM,,False,v4_t0_anchored_30s_horizon
monaco_2026_R_00294,monaco_2026_R,2026,Monaco Grand Prix,BEA,BOR,5,2026-06-07 13:25:32.645,2026-06-07 13:26:13.806,41.161,41.161,2026-06-07 13:26:02.645,30.0,16,154,22.33027777777852,0.9347558139535194,16.765277777777783,86.0,85.0,1.0,,,False,21.0,20.0,2912.8855555555547,corner_T18,80.37551557563438,140.37551557563438,HARD,15.0,2.0,0.996705555528153,20206.813248733844,2593.7052168317996,400.0,False,1,False,CLOSE_INTERACTION_NO_PASS,0.0,,False,0.0,99.2723081683162,-13.2723081683162,0.87898,True,0.87898,-6.980282868635893,11,True,3.0,corner,0.8358973292051766,3484.7408333333333,19,431.47976220214423,0,monaco_2026_R|BEA|BOR,monaco_2026_R|L16|monaco_2026_R|BEA|BOR,,True,v4_t0_anchored_30s_horizon
monaco_2026_R_00295,monaco_2026_R,2026,Monaco Grand Prix,ALO,ANT,12,2026-06-07 13:25:36.565,2026-06-07 13:25:39.645,3.08,3.08,2026-06-07 13:26:06.565,30.0,17,14,97.72194444444494,2.9074297520661307,87.08861111111196,121.0,57.0,64.0,42.642522146951464,1.919,True,16.0,1.0,1149.7380555555555,corner_T5,112.58909388556845,340.9203638742472,SOFT,14.0,2.0,0.9155852155683446,7738.726914173847,15159.68835213691,400.0,False,1,False,LAPPED_UNLAPPED,,,False,0.0,114.32759999999924,6.6724000000007635,4.933448,True,4.933448,32.48196343564119,12,True,3.0,corner,0.32993502545661973,3484.7408333333333,19,431.47976220214423,0,monaco_2026_R|ALO|ANT,monaco_2026_R|L17|monaco_2026_R|ALO|ANT,,False,v4_t0_anchored_30s_horizon
monaco_2026_R_00296,monaco_2026_R,2026,Monaco Grand Prix,COL,SAI,55,2026-06-07 13:25:37.965,2026-06-07 13:25:50.765,12.8,12.8,2026-06-07 13:26:07.965,30.0,17,46,99.18111111111193,1.5798761061947033,45.596944444444034,226.0,121.0,105.0,80.43999999999997,2.0,True,12.0,11.0,2551.6897222222233,corner_T13,29.611622008721497,501.5713489089658,MEDIUM,17.0,1.0,0.8411862633670752,4598.388362130196,71747.58707177897,400.0,False,1,False,CLOSE_INTERACTION_NO_PASS,0.0,,False,0.0,218.57264554794517,7.4273544520548285,2.415753,True,2.415753,59.006422601351545,12,True,3.0,corner,0.7322466272997987,3484.7408333333333,19,431.47976220214423,0,monaco_2026_R|COL|SAI,monaco_2026_R|L17|monaco_2026_R|COL|SAI,,True,v4_t0_anchored_30s_horizon
monaco_2026_R_00297,monaco_2026_R,2026,Monaco Grand Prix,PER,STR,18,2026-06-07 13:25:39.445,2026-06-07 13:25:56.885,17.44,17.44,2026-06-07 13:26:09.445,30.0,17,71,97.0374999999998,1.8100259067357476,33.270277777776755,193.0,,,30.80851063829801,1.88,True,18.0,,980.8188888888888,straight_03,163.44155489836294,509.839530540914,MEDIUM,13.0,3.0,0.8355279130569933,2845.0736238138093,47468.771049779716,400.0,False,1,False,INVALID,,,False,0.0,,,,False,,,0,False,3.0,straight,0.2814610715112163,3484.7408333333333,19,431.47976220214423,0,monaco_2026_R|PER|STR,monaco_2026_R|L17|monaco_2026_R|PER|STR,,False,v4_t0_anchored_30s_horizon
monaco_2026_R_00298,monaco_2026_R,2026,Monaco Grand Prix,SAI,ALB,23,2026-06-07 13:25:41.206,2026-06-07 13:25:45.005,3.799,3.799,2026-06-07 13:26:11.206,30.0,17,16,93.32416666666677,1.8358852459016415,82.42416666666668,183.0,72.0,111.0,101.04742478327287,1.9609999999999999,True,11.0,10.0,2782.7080555555567,brake_T17,6.8802376491062205,270.55301557563234,MEDIUM,17.0,1.0,0.7015657902387957,12257.566877933385,27110.052876890044,400.0,False,1,False,CLOSE_INTERACTION_NO_PASS,0.0,,False,0.0,172.90757194244472,10.092428057555281,4.167568,True,4.167568,85.45005392694647,12,True,3.0,brake,0.7985408926074292,3484.7408333333333,19,431.47976220214423,0,monaco_2026_R|ALB|SAI,monaco_2026_R|L17|monaco_2026_R|ALB|SAI,,True,v4_t0_anchored_30s_horizon
monaco_2026_R_00299,monaco_2026_R,2026,Monaco Grand Prix,ALB,LAW,30,2026-06-07 13:25:50.765,2026-06-07 13:25:55.406,4.641,4.641,2026-06-07 13:26:20.765,30.0,18,20,96.42499999999998,1.3049999999999997,55.95833333333334,266.0,130.0,136.0,104.72996020466262,1.759,True,10.0,9.0,61.90583333333333,straight_01,161.34659170375855,221.34659170375855,MEDIUM,18.0,1.0,0.7473180581347522,15662.317793712891,58958.47118535363,400.0,False,1,False,CLOSE_INTERACTION_NO_PASS,0.0,,False,0.0,258.8956031976744,7.104396802325596,1.799941,True,1.799941,53.610010927235,12,True,3.0,straight,0.017764831387508728,3484.7408333333333,19,431.47976220214423,0,monaco_2026_R|ALB|LAW,monaco_2026_R|L18|monaco_2026_R|ALB|LAW,,False,v4_t0_anchored_30s_horizon
monaco_2026_R_00300,monaco_2026_R,2026,Monaco Grand Prix,COL,SAI,55,2026-06-07 13:26:09.006,2026-06-07 13:26:13.485,4.479,4.479,2026-06-07 13:26:39.006,30.0,18,14,97.87194444444435,2.0366416184971077,86.67527777777775,173.0,144.0,29.0,71.80000000000041,1.8,True,12.0,11.0,695.3569444444444,brake_T3,92.93331358703983,279.7407639090658,MEDIUM,18.0,1.0,0.870978799766148,6020.99168757576,42685.08677739292,399.9999999999999,False,1,False,CLOSE_INTERACTION_NO_PASS,0.0,,False,0.0,180.7556144067797,-7.755614406779699,2.361299,True,2.361299,82.76888971684976,10,True,3.0,brake,0.1995433743000336,3484.7408333333333,19,431.47976220214423,0,monaco_2026_R|COL|SAI,monaco_2026_R|L18|monaco_2026_R|COL|SAI,,False,v4_t0_anchored_30s_horizon
monaco_2026_R_00301,monaco_2026_R,2026,Monaco Grand Prix,HAM,ANT,12,2026-06-07 13:26:14.486,2026-06-07 13:26:18.725,4.239,4.239,2026-06-07 13:26:44.486,30.0,18,16,98.7433333333297,1.9424918032786174,82.66555555555215,183.0,58.0,125.0,100.89210675752646,1.7610000000000001,True,2.0,1.0,2776.3733333333353,brake_T17,13.214959871327665,276.8877377978538,MEDIUM,18.0,1.0,0.31876585513830863,11901.288691168837,28619.69052920574,400.0,False,1,False,CLOSE_INTERACTION_NO_PASS,0.0,,False,0.0,188.6571428571446,-5.657142857144606,3.691285,True,3.691285,75.89265294317275,12,True,3.0,brake,0.7967230465967227,3484.7408333333333,19,431.47976220214423,0,monaco_2026_R|ANT|HAM,monaco_2026_R|L18|monaco_2026_R|ANT|HAM,,True,v4_t0_anchored_30s_horizon
monaco_2026_R_00302,monaco_2026_R,2026,Monaco Grand Prix,SAI,ALB,23,2026-06-07 13:26:14.806,2026-06-07 13:26:27.766,12.96,12.96,2026-06-07 13:26:44.806,30.0,18,53,94.61250000000041,2.1155590062111895,53.98055555555652,161.0,95.0,66.0,106.47846889952152,1.881,True,11.0,10.0,1035.6566666666665,brake_T5,108.60377712058516,455.0017527631362,MEDIUM,18.0,1.0,0.6881400094557623,2331.1262848313145,39617.19977241993,400.0,False,1,False,CLOSE_INTERACTION_NO_PASS,0.0,,False,0.0,154.79782516891925,6.202174831080754,3.8260199999999998,True,3.8260199999999998,102.16658828730858,12,True,3.0,brake,0.2971976156046037,3484.7408333333333,19,431.47976220214423,0,monaco_2026_R|ALB|SAI,monaco_2026_R|L18|monaco_2026_R|ALB|SAI,,False,v4_t0_anchored_30s_horizon
monaco_2026_R_00303,monaco_2026_R,2026,Monaco Grand Prix,LIN,COL,43,2026-06-07 13:26:19.045,2026-06-07 13:26:36.006,16.961,16.961,2026-06-07 13:26:49.045,30.0,18,70,92.43388888888865,1.6232292682926788,24.324444444444453,205.0,79.0,126.0,65.85714285714317,1.96,True,13.0,12.0,993.1350000000001,straight_03,151.12544378725158,497.52341942980263,MEDIUM,18.0,1.0,0.9089084340047446,2529.6737389948776,46359.169740289486,400.0000000000001,False,1,False,CLOSE_INTERACTION_NO_PASS,0.0,,False,0.0,197.5274133083411,7.472586691658904,2.670412,True,2.670412,22.496492221451433,12,True,3.0,straight,0.2849953690960758,3484.7408333333333,19,431.47976220214423,0,monaco_2026_R|COL|LIN,monaco_2026_R|L18|monaco_2026_R|COL|LIN,,False,v4_t0_anchored_30s_horizon
monaco_2026_R_00304,monaco_2026_R,2026,Monaco Grand Prix,PER,STR,18,2026-06-07 13:26:20.366,2026-06-07 13:26:33.005,12.639,12.639,2026-06-07 13:26:50.366,30.0,17,46,96.91888888888525,1.6937281553397423,46.908888888887304,206.0,,,91.47418101054933,1.8010000000000002,True,18.0,,2571.3241666666677,corner_T13,9.977177564277099,481.9369044645214,MEDIUM,13.0,3.0,0.8366867113915952,4199.829404535925,68505.06927348083,400.0,False,1,False,INVALID,,,False,0.0,,,,False,,,0,False,3.0,corner,0.7378810332380054,3484.7408333333333,19,431.47976220214423,0,monaco_2026_R|PER|STR,monaco_2026_R|L17|monaco_2026_R|PER|STR,,True,v4_t0_anchored_30s_horizon
monaco_2026_R_00305,monaco_2026_R,2026,Monaco Grand Prix,ALB,LAW,30,2026-06-07 13:26:35.686,2026-06-07 13:26:46.205,10.519,10.519,2026-06-07 13:27:05.686,30.0,18,32,95.45027777777773,1.3318643410852706,50.39361111111066,258.0,113.0,145.0,112.34782608695741,1.8399999999999999,True,10.0,9.0,1934.5866666666673,straight_05,163.96048023880417,272.8582201303673,MEDIUM,18.0,1.0,0.7360864686459089,9329.495540160597,71215.89812431659,399.9999999999998,False,1,False,CLOSE_INTERACTION_NO_PASS,0.0,,False,0.0,255.94653061224506,2.0534693877549444,2.05893,True,2.05893,72.57614237418785,12,True,3.0,straight,0.5551594104678758,3484.7408333333333,19,431.47976220214423,0,monaco_2026_R|ALB|LAW,monaco_2026_R|L18|monaco_2026_R|ALB|LAW,,False,v4_t0_anchored_30s_horizon
monaco_2026_R_00306,monaco_2026_R,2026,Monaco Grand Prix,COL,SAI,55,2026-06-07 13:26:42.206,2026-06-07 13:26:46.566,4.36,4.36,2026-06-07 13:27:12.206,30.0,18,18,98.27388888888936,1.4802761506276223,54.64972222222286,239.0,86.0,153.0,157.10869565217294,1.8399999999999999,True,12.0,11.0,1946.7902777777779,straight_05,151.75686912769356,260.65460901925667,MEDIUM,18.0,1.0,0.8042868575335738,9002.33299912429,69929.57204708393,400.0000000000002,False,1,False,CLOSE_INTERACTION_NO_PASS,0.0,,False,0.0,252.18911564625878,-13.189115646258784,2.573066,True,2.573066,136.91278154269364,11,True,3.0,straight,0.5586614244467567,3484.7408333333333,19,431.47976220214423,0,monaco_2026_R|COL|SAI,monaco_2026_R|L18|monaco_2026_R|COL|SAI,,False,v4_t0_anchored_30s_horizon
monaco_2026_R_00307,monaco_2026_R,2026,Monaco Grand Prix,BEA,BOR,5,2026-06-07 13:26:49.246,2026-06-07 13:26:52.405,3.159,3.159,2026-06-07 13:27:19.246,30.0,17,12,96.42111111111444,2.053940828402438,88.1883333333376,169.0,,,108.9130434782588,1.8399999999999999,True,20.0,,2798.0808333333316,corner_T17,108.98414053071792,255.18023779785744,HARD,16.0,2.0,0.9654490369746411,13190.736978427278,22397.03667803081,400.0,False,1,False,INVALID,,,False,-1.0,,,,False,,,0,False,3.0,corner,0.8029523477236107,3484.7408333333333,19,431.47976220214423,0,monaco_2026_R|BEA|BOR,monaco_2026_R|L17|monaco_2026_R|BEA|BOR,,True,v4_t0_anchored_30s_horizon
monaco_2026_R_00308,monaco_2026_R,2026,Monaco Grand Prix,HAM,ANT,12,2026-06-07 13:26:50.725,2026-06-07 13:27:00.446,9.721,9.721,2026-06-07 13:27:20.725,30.0,19,39,99.32055555555553,4.767386666666666,56.81222222222232,75.0,54.0,21.0,2.8943338437975217,1.959,True,2.0,1.0,1112.1572222222221,brake_T5,32.10322156502957,378.5011972075806,MEDIUM,19.0,1.0,0.31291240412398214,5580.942036831082,23065.818093687667,400.0,False,1,False,CLOSE_INTERACTION_NO_PASS,0.0,,False,0.0,74.68644444444448,0.3135555555555243,3.8554399999999998,True,3.8554399999999998,-3.045764615898925,13,True,3.0,brake,0.3191506270950964,3484.7408333333333,19,431.47976220214423,0,monaco_2026_R|ANT|HAM,monaco_2026_R|L19|monaco_2026_R|ANT|HAM,,False,v4_t0_anchored_30s_horizon
monaco_2026_R_00309,monaco_2026_R,2026,Monaco Grand Prix,PER,STR,18,2026-06-07 13:26:51.405,2026-06-07 13:26:56.246,4.841,4.841,2026-06-07 13:27:21.405,30.0,18,18,99.94611111111158,1.934440860215063,83.31916666666746,186.0,139.0,47.0,73.30973922299032,1.879,True,18.0,17.0,683.673611111111,corner_T2,104.61664692037323,291.42409724239917,MEDIUM,14.0,3.0,0.8507649355353875,6034.022750984462,42535.44108609004,399.9999999999999,False,1,False,CLOSE_INTERACTION_NO_PASS,0.0,,False,0.0,193.0491071428574,-7.049107142857395,2.402583,True,2.402583,74.93296533916934,13,True,3.0,corner,0.19619066203472643,3484.7408333333333,19,431.47976220214423,0,monaco_2026_R|PER|STR,monaco_2026_R|L18|monaco_2026_R|PER|STR,,False,v4_t0_anchored_30s_horizon
monaco_2026_R_00310,monaco_2026_R,2026,Monaco Grand Prix,ALO,HAM,44,2026-06-07 13:26:56.046,2026-06-07 13:27:00.606,4.56,4.56,2026-06-07 13:27:26.046,30.0,18,21,92.12972222222243,2.9879909909909976,70.80500000000029,111.0,46.0,65.0,35.36956521739132,1.8399999999999999,True,16.0,2.0,1143.254444444444,brake_T5,1.0059993428076268,347.4039749853587,SOFT,15.0,2.0,0.9006580112914094,7381.018148806861,16337.736311659728,400.0,False,1,False,LAPPED_UNLAPPED,,,False,0.0,106.51260080645136,4.48739919354864,4.159145,True,4.159145,18.606615830881875,12,True,3.0,brake,0.32807445348837105,3484.7408333333333,19,431.47976220214423,0,monaco_2026_R|ALO|HAM,monaco_2026_R|L18|monaco_2026_R|ALO|HAM,,False,v4_t0_anchored_30s_horizon
monaco_2026_R_00311,monaco_2026_R,2026,Monaco Grand Prix,SAI,ALB,23,2026-06-07 13:26:58.925,2026-06-07 13:27:05.005,6.08,6.08,2026-06-07 13:27:28.925,30.0,18,26,96.52361111110895,1.9631920903954363,62.00527777777552,177.0,57.0,120.0,74.44897959183668,1.96,True,11.0,10.0,2749.634166666668,corner_T15,5.6167647806069,303.626904464521,MEDIUM,18.0,1.0,0.693764701069676,11010.262148254367,29493.808505085235,400.0,False,1,False,CLOSE_INTERACTION_NO_PASS,0.0,,False,0.0,183.0860248447216,-6.0860248447216065,3.547434,True,3.547434,52.77947094975179,14,True,3.0,corner,0.7890498313002239,3484.7408333333333,19,431.47976220214423,0,monaco_2026_R|ALB|SAI,monaco_2026_R|L18|monaco_2026_R|ALB|SAI,,True,v4_t0_anchored_30s_horizon
monaco_2026_R_00312,monaco_2026_R,2026,Monaco Grand Prix,LIN,COL,43,2026-06-07 13:26:58.925,2026-06-07 13:27:12.245,13.32,13.32,2026-06-07 13:27:28.925,30.0,18,52,97.89777777778,1.609278538812822,27.245833333335668,219.0,118.0,101.0,70.4693877551006,1.96,True,13.0,12.0,2557.844444444443,corner_T13,23.456899786501708,495.416626686746,MEDIUM,18.0,1.0,0.8857310872249617,4449.737032412059,70791.93325760691,400.0,False,1,False,CLOSE_INTERACTION_NO_PASS,0.0,,False,0.0,219.58695527522974,-0.5869552752297409,2.3636369999999998,True,2.3636369999999998,45.53716150128649,14,True,3.0,corner,0.7340128195409394,3484.7408333333333,19,431.47976220214423,0,monaco_2026_R|COL|LIN,monaco_2026_R|L18|monaco_2026_R|COL|LIN,,True,v4_t0_anchored_30s_horizon
monaco_2026_R_00313,monaco_2026_R,2026,Monaco Grand Prix,STR,LEC,16,2026-06-07 13:27:00.966,2026-06-07 13:27:07.046,6.08,6.08,2026-06-07 13:27:30.966,30.0,18,24,98.96666666666556,4.191529411764659,63.088888888887595,85.0,52.0,33.0,6.547049441787183,1.881,True,17.0,3.0,1128.2516666666675,brake_T5,16.008777120584227,362.4067527631353,SOFT,14.0,2.0,0.6457544666093892,6512.575890586182,19583.682689929527,400.0,False,1,False,LAPPED_UNLAPPED,,,False,0.0,83.12737654321128,1.8726234567887161,3.865922,True,3.865922,-5.4653715249621015,14,True,3.0,brake,0.32376917556518453,3484.7408333333333,19,431.47976220214423,0,monaco_2026_R|LEC|STR,monaco_2026_R|L18|monaco_2026_R|LEC|STR,,False,v4_t0_anchored_30s_horizon
monaco_2026_R_00314,monaco_2026_R,2026,Monaco Grand Prix,BEA,NOR,1,2026-06-07 13:27:02.566,2026-06-07 13:29:46.886,164.32,164.32,2026-06-07 13:27:32.566,30.0,18,595,59.66611111111111,0.8075112781954887,15.313611111110731,266.0,208.0,58.0,,,False,20.0,8.0,44.07305555555555,straight_01,179.17936948153633,239.17936948153633,HARD,17.0,2.0,0.9057401933169441,15325.157533740243,63417.64866940848,400.0,False,1,False,LAPPED_UNLAPPED,,,False,0.0,270.27734962406015,-4.27734962406015,0.931093,True,0.931093,-9.581819676027612,13,True,3.0,straight,0.012647441420599825,3484.7408333333333,19,431.47976220214423,0,monaco_2026_R|BEA|NOR,monaco_2026_R|L18|monaco_2026_R|BEA|NOR,,False,v4_t0_anchored_30s_horizon
monaco_2026_R_00315,monaco_2026_R,2026,Monaco Grand Prix,ALB,LAW,30,2026-06-07 13:27:09.486,2026-06-07 13:27:14.766,5.28,5.28,2026-06-07 13:27:39.486,30.0,19,20,94.7202777777778,1.2819285714285718,52.66861111111112,266.0,145.0,121.0,85.68444444444259,1.8,True,10.0,9.0,54.42722222222221,straight_01,168.82520281486967,228.82520281486967,MEDIUM,19.0,1.0,0.7533299196827205,15520.921400067553,60828.53622481294,400.0,False,1,False,CLOSE_INTERACTION_NO_PASS,0.0,,False,0.0,263.33944866920154,2.660551330798455,1.6671550000000002,True,1.6671550000000002,16.249586368902992,11,True,3.0,straight,0.015618728859718323,3484.7408333333333,19,431.47976220214423,0,monaco_2026_R|ALB|LAW,monaco_2026_R|L19|monaco_2026_R|ALB|LAW,,False,v4_t0_anchored_30s_horizon
monaco_2026_R_00316,monaco_2026_R,2026,Monaco Grand Prix,BOR,PIA,81,2026-06-07 13:27:18.645,2026-06-07 13:27:33.046,14.401,14.401,2026-06-07 13:27:48.645,30.0,18,52,90.67138888888871,1.8134277777777743,43.71111111111122,180.0,77.0,103.0,114.03467879476939,1.759,True,19.0,6.0,1025.9480555555556,brake_T5,118.3123882316961,464.71036387424715,HARD,17.0,2.0,0.9511100224291705,2088.3391236182797,41717.71952555665,400.0,False,1,False,LAPPED_UNLAPPED,,,False,-1.0,169.24783950617257,10.752160493827432,3.459839,True,3.459839,88.94155557713133,10,True,3.0,brake,0.2944115802649759,3484.7408333333333,19,431.47976220214423,0,monaco_2026_R|BOR|PIA,monaco_2026_R|L18|monaco_2026_R|BOR|PIA,,False,v4_t0_anchored_30s_horizon
monaco_2026_R_00317,monaco_2026_R,2026,Monaco Grand Prix,PER,STR,18,2026-06-07 13:27:24.245,2026-06-07 13:27:35.046,10.801,10.801,2026-06-07 13:27:54.245,30.0,18,35,92.90250000000015,1.348584677419357,32.373611111111586,248.0,104.0,144.0,117.05316653635658,1.279,True,18.0,17.0,1929.121111111111,straight_05,169.42603579436036,278.32377568592347,MEDIUM,14.0,3.0,0.7937848504673196,9476.019796583598,71791.99699977784,400.0,False,1,False,CLOSE_INTERACTION_NO_PASS,0.0,,False,0.0,254.89961159530102,-6.899611595301025,2.084605,True,2.084605,67.16833493969276,10,True,3.0,straight,0.5535909852055793,3484.7408333333333,19,431.47976220214423,0,monaco_2026_R|PER|STR,monaco_2026_R|L18|monaco_2026_R|PER|STR,,False,v4_t0_anchored_30s_horizon
monaco_2026_R_00318,monaco_2026_R,2026,Monaco Grand Prix,HAM,ANT,12,2026-06-07 13:27:31.645,2026-06-07 13:27:35.046,3.401,3.401,2026-06-07 13:28:01.645,30.0,19,13,93.45416666666642,1.8284510869565171,79.43499999999949,184.0,88.0,96.0,88.91610213652798,1.919,True,2.0,1.0,2783.952222222221,brake_T17,5.6360709824421065,269.30884890896823,MEDIUM,19.0,1.0,0.2754685236277735,12327.541444849207,26813.55355460506,400.0,False,1,False,CLOSE_INTERACTION_NO_PASS,0.0,,False,0.0,163.11676879084976,20.88323120915024,4.153904,True,4.153904,79.59369313778105,11,True,3.0,brake,0.7988979253757669,3484.7408333333333,19,431.47976220214423,0,monaco_2026_R|ANT|HAM,monaco_2026_R|L19|monaco_2026_R|ANT|HAM,,True,v4_t0_anchored_30s_horizon
monaco_2026_R_00319,monaco_2026_R,2026,Monaco Grand Prix,SAI,ALB,23,2026-06-07 13:27:32.886,2026-06-07 13:27:47.566,14.68,14.68,2026-06-07 13:28:02.886,30.0,19,51,91.38499999999988,1.722439790575914,48.72805555555601,191.0,76.0,115.0,106.03639326453009,1.841,True,11.0,10.0,1021.4583333333329,straight_03,122.80211045391877,469.2000860964698,MEDIUM,19.0,1.0,0.654666979855941,2099.7474515032554,42505.646520047,400.0000000000001,False,1,False,CLOSE_INTERACTION_NO_PASS,0.0,,False,0.0,169.3215625000002,21.678437499999802,3.506431,True,3.506431,81.72047593050928,12,True,3.0,straight,0.29312318539231386,3484.7408333333333,19,431.47976220214423,0,monaco_2026_R|ALB|SAI,monaco_2026_R|L19|monaco_2026_R|ALB|SAI,,False,v4_t0_anchored_30s_horizon
monaco_2026_R_00320,monaco_2026_R,2026,Monaco Grand Prix,COL,SAI,55,2026-06-07 13:27:34.726,2026-06-07 13:27:51.605,16.879,16.879,2026-06-07 13:28:04.726,30.0,19,62,96.38388888888835,1.8071979166666567,31.29333333333284,192.0,88.0,104.0,46.32608695652158,1.8399999999999999,True,12.0,11.0,985.1925000000002,straight_03,159.06794378725147,505.4659194298025,MEDIUM,19.0,1.0,0.8477954722478346,2733.071025896122,47074.73720481771,399.9999999999999,False,1,False,CLOSE_INTERACTION_NO_PASS,0.0,,False,0.0,194.15832270408194,-2.1583227040819395,2.499933,True,2.499933,1.0802006373892048,11,True,3.0,straight,0.28271614651400434,3484.7408333333333,19,431.47976220214423,0,monaco_2026_R|COL|SAI,monaco_2026_R|L19|monaco_2026_R|COL|SAI,,False,v4_t0_anchored_30s_horizon
monaco_2026_R_00321,monaco_2026_R,2026,Monaco Grand Prix,LIN,COL,43,2026-06-07 13:27:37.525,2026-06-07 13:27:54.766,17.241,17.241,2026-06-07 13:28:07.525,30.0,19,68,94.01722222222259,1.6923100000000064,30.26361111111055,200.0,83.0,117.0,57.45622811405688,1.999,True,13.0,12.0,994.4577777777777,straight_03,149.80266600947402,496.20064165202507,MEDIUM,19.0,1.0,0.8638911954162816,2495.7990885481386,46239.99608708475,400.0,False,1,False,CLOSE_INTERACTION_NO_PASS,0.0,,False,0.0,197.16011757425724,2.8398824257427577,2.633876,True,2.633876,26.42882969263578,9,True,3.0,straight,0.2853749605322953,3484.7408333333333,19,431.47976220214423,0,monaco_2026_R|COL|LIN,monaco_2026_R|L19|monaco_2026_R|COL|LIN,,False,v4_t0_anchored_30s_horizon
monaco_2026_R_00322,monaco_2026_R,2026,Monaco Grand Prix,HUL,LIN,41,2026-06-07 13:27:46.846,2026-06-07 13:27:51.205,4.359,4.359,2026-06-07 13:28:16.846,30.0,19,19,95.43055555555634,2.9616379310345073,74.99722222222294,116.0,44.0,72.0,42.480804387568206,1.641,True,14.0,13.0,1142.7627777777775,brake_T5,1.4976660094741874,347.89564165202523,HARD,7.0,2.0,0.4870099522337357,7352.557811886839,16444.11152161227,400.0,False,1,False,CLOSE_INTERACTION_NO_PASS,0.0,,False,0.0,101.5762499999996,14.423750000000396,4.409384,True,4.409384,25.826335635124998,12,True,3.0,brake,0.3279333621733546,3484.7408333333333,19,431.47976220214423,0,monaco_2026_R|HUL|LIN,monaco_2026_R|L19|monaco_2026_R|HUL|LIN,,False,v4_t0_anchored_30s_horizon
monaco_2026_R_00323,monaco_2026_R,2026,Monaco Grand Prix,ALO,LEC,16,2026-06-07 13:27:52.005,2026-06-07 13:28:29.366,37.361,37.361,2026-06-07 13:28:22.005,30.0,19,143,45.619166666666665,0.63165,22.990555555555545,260.0,269.0,-9.0,,,False,16.0,3.0,28.182222222222222,straight_01,195.07020281486967,255.07020281486967,SOFT,16.0,2.0,0.8502072951611862,15024.71317422351,67391.23299182235,400.0,False,1,False,LAPPED_UNLAPPED,,,False,0.0,266.7642634207241,-6.764263420724092,0.616576,True,0.616576,-24.854685993091124,13,True,3.0,straight,0.008087322291702387,3484.7408333333333,19,431.47976220214423,0,monaco_2026_R|ALO|LEC,monaco_2026_R|L19|monaco_2026_R|ALO|LEC,,False,v4_t0_anchored_30s_horizon
monaco_2026_R_00324,monaco_2026_R,2026,Monaco Grand Prix,ALB,LAW,30,2026-06-07 13:27:54.326,2026-06-07 13:28:05.486,11.16,11.16,2026-06-07 13:28:24.326,30.0,19,42,96.06611111111238,1.3778406374502175,48.35611111111257,251.0,127.0,124.0,79.8723404255317,1.88,True,10.0,9.0,1923.5944444444438,straight_05,174.95270246102768,283.8504423525908,MEDIUM,19.0,1.0,0.7192204248506662,9624.182360407136,72374.53731418,400.0000000000002,False,1,False,CLOSE_INTERACTION_NO_PASS,0.0,,False,0.0,262.48647959183785,-11.486479591837849,1.839783,True,1.839783,44.33203895850452,14,True,3.0,straight,0.5520050231696648,3484.7408333333333,19,431.47976220214423,0,monaco_2026_R|ALB|LAW,monaco_2026_R|L19|monaco_2026_R|ALB|LAW,,False,v4_t0_anchored_30s_horizon
monaco_2026_R_00325,monaco_2026_R,2026,Monaco Grand Prix,PER,STR,18,2026-06-07 13:27:58.445,2026-06-07 13:28:03.886,5.441,5.441,2026-06-07 13:28:28.445,30.0,19,23,88.96499999999995,1.2224198473282437,50.40111111111102,262.0,143.0,119.0,31.96465470364891,1.839,True,18.0,17.0,66.51027777777779,straight_01,156.7421472593141,216.7421472593141,MEDIUM,15.0,3.0,0.8292929785214648,15749.372974081543,57807.10625224522,400.0,False,1,False,CLOSE_INTERACTION_NO_PASS,0.0,,False,0.0,262.7728136882129,-0.7728136882129206,1.684437,True,1.684437,39.272272505324295,10,True,3.0,straight,0.019086147567007817,3484.7408333333333,19,431.47976220214423,0,monaco_2026_R|PER|STR,monaco_2026_R|L19|monaco_2026_R|PER|STR,,False,v4_t0_anchored_30s_horizon
monaco_2026_R_00326,monaco_2026_R,2026,Monaco Grand Prix,BOR,PIA,81,2026-06-07 13:28:03.006,2026-06-07 13:28:09.126,6.12,6.12,2026-06-07 13:28:33.006,30.0,18,23,91.97499999999673,1.8293370165745204,65.44722222221799,181.0,56.0,125.0,83.31250000000183,1.92,True,19.0,6.0,2767.2402777777793,corner_T16,22.34801542688365,286.0207933534098,HARD,17.0,2.0,0.9608846778064598,11578.81569984793,29100.18513815445,400.0,False,1,False,LAPPED_UNLAPPED,,,False,-1.0,182.03863198458208,-1.0386319845820822,3.526867,True,3.526867,53.29359193763717,14,True,3.0,corner,0.7941021757795319,3484.7408333333333,19,431.47976220214423,0,monaco_2026_R|BOR|PIA,monaco_2026_R|L18|monaco_2026_R|BOR|PIA,,True,v4_t0_anchored_30s_horizon
monaco_2026_R_00327,monaco_2026_R,2026,Monaco Grand Prix,HAM,ANT,12,2026-06-07 13:28:09.406,2026-06-07 13:28:12.486,3.08,3.08,2026-06-07 13:28:39.406,30.0,20,13,96.42027777777798,3.018373913043485,83.28694444444454,115.0,64.0,51.0,38.428571428570585,1.96,True,2.0,1.0,1147.7625,corner_T5,114.56464944112395,342.8959194298027,MEDIUM,20.0,1.0,0.2939430080241827,7630.717873241976,15506.06392616576,400.0,False,1,False,CLOSE_INTERACTION_NO_PASS,0.0,,False,0.0,118.18906250000033,-3.1890625000003325,4.97173,True,4.97173,34.01957886959172,11,True,3.0,corner,0.32936810939311845,3484.7408333333333,19,431.47976220214423,0,monaco_2026_R|ANT|HAM,monaco_2026_R|L20|monaco_2026_R|ANT|HAM,,False,v4_t0_anchored_30s_horizon
monaco_2026_R_00328,monaco_2026_R,2026,Monaco Grand Prix,STR,ALO,14,2026-06-07 13:28:16.686,2026-06-07 13:28:29.926,13.24,13.24,2026-06-07 13:28:46.686,30.0,19,48,99.88972222222287,2.1404940476190615,57.545555555556575,168.0,91.0,77.0,103.71999999999946,2.0,True,17.0,16.0,1027.4061111111107,brake_T5,116.85433267614098,463.25230831869203,SOFT,15.0,2.0,0.5352265574044854,2107.0826626652706,41402.25993400815,400.0,False,1,False,CLOSE_INTERACTION_NO_PASS,0.0,,False,0.0,166.62379679144394,1.3762032085560634,3.966705,True,3.966705,97.67004307835514,11,True,3.0,brake,0.2948299917409766,3484.7408333333333,19,431.47976220214423,0,monaco_2026_R|ALO|STR,monaco_2026_R|L19|monaco_2026_R|ALO|STR,,False,v4_t0_anchored_30s_horizon
monaco_2026_R_00329,monaco_2026_R,2026,Monaco Grand Prix,LIN,COL,43,2026-06-07 13:28:17.566,2026-06-07 13:28:30.806,13.24,13.24,2026-06-07 13:28:47.566,30.0,19,52,91.65277777777374,1.4729910714285064,40.100555555552546,224.0,114.0,110.0,81.3409090909114,1.76,True,13.0,12.0,2563.8408333333364,corner_T13,17.4605108976084,489.4202377978527,MEDIUM,19.0,1.0,0.8499724040715281,4304.909833123841,69860.86411979244,400.0,False,1,False,CLOSE_INTERACTION_NO_PASS,0.0,,False,0.0,216.08825231481418,7.911747685185816,2.28706,True,2.28706,51.667381303321775,13,True,3.0,corner,0.7357335755958905,3484.7408333333333,19,431.47976220214423,0,monaco_2026_R|COL|LIN,monaco_2026_R|L19|monaco_2026_R|COL|LIN,,True,v4_t0_anchored_30s_horizon
monaco_2026_R_00330,monaco_2026_R,2026,Monaco Grand Prix,SAI,ALB,23,2026-06-07 13:28:17.566,2026-06-07 13:28:23.886,6.32,6.32,2026-06-07 13:28:47.566,30.0,19,25,93.96083333333354,1.9440172413793149,57.90555555555602,174.0,55.0,119.0,78.88636363636445,1.76,True,11.0,10.0,2753.0961111111105,corner_T15,2.1548203361644482,300.1649600200785,MEDIUM,19.0,1.0,0.6717275561832468,11116.202010446486,29494.258239203347,400.0,False,1,False,CLOSE_INTERACTION_NO_PASS,0.0,,False,0.0,182.13527027027013,-8.135270270270127,3.394589,True,3.394589,45.460895975700744,13,True,3.0,corner,0.7900432895256756,3484.7408333333333,19,431.47976220214423,0,monaco_2026_R|ALB|SAI,monaco_2026_R|L19|monaco_2026_R|ALB|SAI,,True,v4_t0_anchored_30s_horizon
monaco_2026_R_00331,monaco_2026_R,2026,Monaco Grand Prix,COL,SAI,55,2026-06-07 13:28:19.966,2026-06-07 13:28:27.686,7.72,7.72,2026-06-07 13:28:49.966,30.0,19,32,99.89972222222195,2.192920731707311,45.49972222222141,164.0,75.0,89.0,15.455608718765902,1.881,True,12.0,11.0,2739.7438888888883,corner_T15,15.507042558386729,313.5171822423008,MEDIUM,19.0,1.0,0.8635241848482743,10707.607186098112,29492.523679338992,400.0,False,1,False,CLOSE_INTERACTION_NO_PASS,0.0,,False,0.0,165.12044334975363,-1.1204433497536286,2.676252,True,2.676252,-19.988475241765173,12,True,3.0,corner,0.7862116639153859,3484.7408333333333,19,431.47976220214423,0,monaco_2026_R|COL|SAI,monaco_2026_R|L19|monaco_2026_R|COL|SAI,,True,v4_t0_anchored_30s_horizon
monaco_2026_R_00332,monaco_2026_R,2026,Monaco Grand Prix,HUL,LIN,41,2026-06-07 13:28:26.126,2026-06-07 13:28:31.926,5.8,5.8,2026-06-07 13:28:56.126,30.0,19,24,98.75361111111351,1.9011390374332013,70.63138888889125,187.0,59.0,128.0,84.45051020408339,1.96,True,14.0,13.0,2767.3663888888887,corner_T16,22.22190431577428,285.8946822423004,HARD,7.0,2.0,0.426824802945903,11582.98814853,29096.03709727469,400.0,False,1,False,CLOSE_INTERACTION_NO_PASS,0.0,,False,0.0,181.22720720720616,5.772792792793837,3.426367,True,3.426367,54.23864521650397,14,True,3.0,corner,0.7941383653032702,3484.7408333333333,19,431.47976220214423,0,monaco_2026_R|HUL|LIN,monaco_2026_R|L19|monaco_2026_R|HUL|LIN,,True,v4_t0_anchored_30s_horizon
monaco_2026_R_00333,monaco_2026_R,2026,Monaco Grand Prix,ALB,LAW,30,2026-06-07 13:28:28.326,2026-06-07 13:28:34.646,6.32,6.32,2026-06-07 13:28:58.326,30.0,20,27,93.04305555555555,1.254513108614232,46.320833333333326,267.0,157.0,110.0,65.06847826086798,1.8399999999999999,True,10.0,9.0,52.961111111111116,straight_01,170.29131392598077,230.29131392598077,MEDIUM,20.0,1.0,0.74456278655501,15493.201971858953,61195.14482260168,400.0,False,1,False,CLOSE_INTERACTION_NO_PASS,0.0,,False,0.0,263.3138953488372,3.6861046511627933,1.5836510000000001,True,1.5836510000000001,4.225066040032668,13,True,3.0,straight,0.015198005718104177,3484.7408333333333,19,431.47976220214423,0,monaco_2026_R|ALB|LAW,monaco_2026_R|L20|monaco_2026_R|ALB|LAW,,False,v4_t0_anchored_30s_horizon
monaco_2026_R_00334,monaco_2026_R,2026,Monaco Grand Prix,BOR,PIA,81,2026-06-07 13:28:36.566,2026-06-07 13:28:51.406,14.84,14.84,2026-06-07 13:29:06.566,30.0,19,57,94.3805555555557,1.6820297029702997,41.67416666666736,202.0,70.0,132.0,110.95833333333319,1.92,True,19.0,6.0,1014.9730555555557,straight_03,129.287388231696,475.68536387424706,HARD,18.0,2.0,0.9206824864042021,2176.361551733241,43484.18927752711,400.0,False,1,False,LAPPED_UNLAPPED,,,False,0.0,191.44261049723772,10.557389502762277,3.412823,True,3.412823,85.23853211009514,10,True,3.0,straight,0.2912621351484213,3484.7408333333333,19,431.47976220214423,0,monaco_2026_R|BOR|PIA,monaco_2026_R|L19|monaco_2026_R|BOR|PIA,,False,v4_t0_anchored_30s_horizon
monaco_2026_R_00335,monaco_2026_R,2026,Monaco Grand Prix,ALO,LEC,16,2026-06-07 13:28:38.165,2026-06-07 13:28:42.926,4.761,4.761,2026-06-07 13:29:08.165,30.0,19,19,93.93472222222226,1.2571189591078074,48.63527777777858,269.0,88.0,181.0,138.6654507556022,1.919,True,16.0,3.0,1953.873611111111,straight_05,144.67353579436053,253.57127568592364,SOFT,16.0,2.0,0.8151426338439427,8812.438277697891,69182.95071529607,400.0000000000002,False,1,False,LAPPED_UNLAPPED,,,False,0.0,243.12592592592605,25.874074074073945,2.325296,True,2.325296,111.73883023740342,12,True,3.0,straight,0.5606940959342823,3484.7408333333333,19,431.47976220214423,0,monaco_2026_R|ALO|LEC,monaco_2026_R|L19|monaco_2026_R|ALO|LEC,,False,v4_t0_anchored_30s_horizon
monaco_2026_R_00336,monaco_2026_R,2026,Monaco Grand Prix,LIN,COL,43,2026-06-07 13:28:48.126,2026-06-07 13:29:14.686,26.56,26.56,2026-06-07 13:29:18.126,30.0,20,94,98.30916666666656,1.6461069767441843,10.016666666665287,215.0,141.0,74.0,87.12500000000007,1.92,True,13.0,12.0,659.938888888889,corner_T2,128.35136914259522,315.15881946462116,MEDIUM,20.0,1.0,0.8510042542768168,5956.538574987271,55058.89589647976,399.9999999999999,False,1,False,CLOSE_INTERACTION_NO_PASS,0.0,,False,0.0,201.5992300724635,13.400769927536487,2.221701,True,2.221701,83.46005095707955,10,True,3.0,corner,0.18937961829936822,3484.7408333333333,19,431.47976220214423,0,monaco_2026_R|COL|LIN,monaco_2026_R|L20|monaco_2026_R|COL|LIN,,False,v4_t0_anchored_30s_horizon
monaco_2026_R_00337,monaco_2026_R,2026,Monaco Grand Prix,SAI,ALB,23,2026-06-07 13:28:51.406,2026-06-07 13:29:05.966,14.56,14.56,2026-06-07 13:29:21.406,30.0,20,52,97.59138888888936,1.697241545893728,49.97888888888883,207.0,72.0,135.0,105.04347826086975,1.8399999999999999,True,11.0,10.0,1013.7524999999997,straight_03,130.50794378725197,476.905919429803,MEDIUM,20.0,1.0,0.6395238092649991,2190.780635830156,43668.35498945453,399.9999999999999,False,1,False,CLOSE_INTERACTION_NO_PASS,0.0,,False,0.0,196.87664414414468,10.123355855855323,3.44767,True,3.44767,80.07584716038923,12,True,3.0,straight,0.290911877951708,3484.7408333333333,19,431.47976220214423,0,monaco_2026_R|ALB|SAI,monaco_2026_R|L20|monaco_2026_R|ALB|SAI,,False,v4_t0_anchored_30s_horizon
monaco_2026_R_00338,monaco_2026_R,2026,Monaco Grand Prix,COL,SAI,55,2026-06-07 13:28:54.446,2026-06-07 13:29:09.766,15.32,15.32,2026-06-07 13:29:24.446,30.0,20,58,82.90333333333342,1.7871377245509001,43.883888888889715,167.0,70.0,97.0,94.72727272727255,1.76,True,12.0,11.0,1015.8591666666665,straight_03,128.40127712058518,474.7992527631362,MEDIUM,20.0,1.0,0.8521661797358645,2165.893441066622,43350.486814839795,400.0000000000001,False,1,False,CLOSE_INTERACTION_NO_PASS,0.0,,False,0.0,202.21212121212093,-35.212121212120934,2.993185,True,2.993185,75.72893081761016,8,True,3.0,straight,0.2915164183658803,3484.7408333333333,19,431.47976220214423,0,monaco_2026_R|COL|SAI,monaco_2026_R|L20|monaco_2026_R|COL|SAI,,False,v4_t0_anchored_30s_horizon
monaco_2026_R_00339,monaco_2026_R,2026,Monaco Grand Prix,HUL,LIN,41,2026-06-07 13:28:59.406,2026-06-07 13:29:14.686,15.28,15.28,2026-06-07 13:29:29.406,30.0,20,58,94.46694444444529,1.6752758620689805,45.35277777777924,203.0,75.0,128.0,93.89349999999949,2.0,True,14.0,13.0,1015.2888888888882,straight_03,128.97155489836348,475.3695305409145,HARD,8.0,2.0,0.3926567729996852,2172.6304414423585,43436.534199133646,400.0000000000001,False,1,False,CLOSE_INTERACTION_NO_PASS,0.0,,False,0.0,204.53382352941196,-1.5338235294119613,3.035588,True,3.035588,55.7042096167513,12,True,3.0,straight,0.2913527683829825,3484.7408333333333,19,431.47976220214423,0,monaco_2026_R|HUL|LIN,monaco_2026_R|L20|monaco_2026_R|HUL|LIN,,False,v4_t0_anchored_30s_horizon
monaco_2026_R_00340,monaco_2026_R,2026,Monaco Grand Prix,STR,ALO,14,2026-06-07 13:29:01.926,2026-06-07 13:29:07.246,5.32,5.32,2026-06-07 13:29:31.926,30.0,19,20,93.16250000000218,1.8031451612903648,71.64027777778028,186.0,60.0,126.0,95.04166666666322,1.92,True,17.0,16.0,2774.5769444444413,corner_T16,15.011348760221608,278.68412668674773,SOFT,15.0,2.0,0.5384146828434628,11821.552956658994,28858.86783481147,400.0,False,1,False,CLOSE_INTERACTION_NO_PASS,0.0,,False,0.0,178.7953682981435,7.204631701856499,3.68493,True,3.68493,73.02274798177667,12,True,3.0,corner,0.7962075451649632,3484.7408333333333,19,431.47976220214423,0,monaco_2026_R|ALO|STR,monaco_2026_R|L19|monaco_2026_R|ALO|STR,,True,v4_t0_anchored_30s_horizon
monaco_2026_R_00341,monaco_2026_R,2026,Monaco Grand Prix,ALB,LAW,30,2026-06-07 13:29:13.126,2026-06-07 13:29:42.886,29.76,29.76,2026-06-07 13:29:43.126,30.0,20,112,91.58666666666545,1.2256951672862293,36.941111111109876,269.0,123.0,146.0,87.77350000000015,2.0,True,10.0,9.0,1930.0533333333342,straight_05,168.49381357213724,277.39155346370035,MEDIUM,20.0,1.0,0.7005279772574255,9451.028161873493,71693.73577666088,400.0,False,1,False,CLOSE_INTERACTION_NO_PASS,0.0,,False,0.0,257.4746163047657,11.525383695234325,1.841174,True,1.841174,59.247577252472986,11,True,3.0,straight,0.5538585007158593,3484.7408333333333,19,431.47976220214423,0,monaco_2026_R|ALB|LAW,monaco_2026_R|L20|monaco_2026_R|ALB|LAW,,False,v4_t0_anchored_30s_horizon
monaco_2026_R_00342,monaco_2026_R,2026,Monaco Grand Prix,LIN,COL,43,2026-06-07 13:29:20.846,2026-06-07 13:29:32.646,11.8,11.8,2026-06-07 13:29:50.846,30.0,20,46,99.34249999999906,1.305229927007287,21.94249999999829,274.0,147.0,127.0,52.199999999999186,2.0,True,13.0,12.0,1892.685833333334,straight_05,205.86131357213753,314.75905346370064,MEDIUM,20.0,1.0,0.8019398736675081,10452.801009341913,75632.47073415511,400.0,False,1,False,CLOSE_INTERACTION_NO_PASS,0.0,,False,0.0,275.3697222222219,-1.3697222222219239,1.734788,True,1.734788,31.780747813003014,10,True,3.0,straight,0.5431353216367838,3484.7408333333333,19,431.47976220214423,0,monaco_2026_R|COL|LIN,monaco_2026_R|L20|monaco_2026_R|COL|LIN,,False,v4_t0_anchored_30s_horizon
monaco_2026_R_00343,monaco_2026_R,2026,Monaco Grand Prix,BOR,PIA,81,2026-06-07 13:29:20.846,2026-06-07 13:29:27.286,6.44,6.44,2026-06-07 13:29:50.846,30.0,19,26,93.44277777778143,1.9672163742690827,57.15388888889265,171.0,59.0,112.0,64.5599999999994,2.0,True,19.0,6.0,2762.351666666665,corner_T16,27.236626537997836,290.90940446452396,HARD,18.0,2.0,0.9064207458367668,11417.07357571408,29260.98111049803,400.0,False,1,False,LAPPED_UNLAPPED,,,False,0.0,181.33477477477322,-10.334774774773223,3.3656639999999998,True,3.3656639999999998,47.10755319735637,10,True,3.0,corner,0.7926993136027088,3484.7408333333333,19,431.47976220214423,0,monaco_2026_R|BOR|PIA,monaco_2026_R|L19|monaco_2026_R|BOR|PIA,,True,v4_t0_anchored_30s_horizon
monaco_2026_R_00344,monaco_2026_R,2026,Monaco Grand Prix,STR,ALO,14,2026-06-07 13:29:35.806,2026-06-07 13:29:49.286,13.48,13.48,2026-06-07 13:30:05.806,30.0,20,52,97.5397222222224,1.9727134831460709,53.61638888888979,178.0,78.0,100.0,115.70731707317071,1.6400000000000001,True,17.0,16.0,1022.4944444444445,straight_03,121.76599934280716,468.1639749853582,SOFT,16.0,2.0,0.5066528134439736,2087.507309563903,42349.31103859743,400.0,False,1,False,CLOSE_INTERACTION_NO_PASS,0.0,,False,0.0,184.79149650489845,-6.791496504898447,3.737173,True,3.737173,98.48021876553148,11,True,3.0,straight,0.2934205134177442,3484.7408333333333,19,431.47976220214423,0,monaco_2026_R|ALO|STR,monaco_2026_R|L20|monaco_2026_R|ALO|STR,,False,v4_t0_anchored_30s_horizon
monaco_2026_R_00345,monaco_2026_R,2026,Monaco Grand Prix,ALO,LEC,16,2026-06-07 13:29:36.326,2026-06-07 13:29:40.806,4.48,4.48,2026-06-07 13:30:06.326,30.0,20,17,98.85333333333347,3.707000000000005,73.1080555555559,96.0,44.0,52.0,25.739130434782187,1.8399999999999999,True,16.0,3.0,1133.3466666666668,brake_T5,10.913777120584882,357.3117527631359,SOFT,17.0,2.0,0.8792786412951641,6807.5021616523345,18481.347039675467,400.0,False,1,False,LAPPED_UNLAPPED,,,False,0.0,96.51698252522762,-0.5169825252276183,4.267205,True,4.267205,11.998136782121396,12,True,3.0,brake,0.3252312642092705,3484.7408333333333,19,431.47976220214423,0,monaco_2026_R|ALO|LEC,monaco_2026_R|L20|monaco_2026_R|ALO|LEC,,False,v4_t0_anchored_30s_horizon
monaco_2026_R_00346,monaco_2026_R,2026,Monaco Grand Prix,SAI,ALB,23,2026-06-07 13:29:36.806,2026-06-07 13:29:41.246,4.44,4.44,2026-06-07 13:30:06.806,30.0,20,16,95.93888888888932,1.8976923076923162,79.74250000000029,182.0,60.0,122.0,98.68749999999977,1.92,True,11.0,10.0,2767.081944444444,corner_T16,22.50634876021877,286.1791266867449,MEDIUM,20.0,1.0,0.6454519631020348,11573.577162956215,29105.393030889085,400.0,False,1,False,CLOSE_INTERACTION_NO_PASS,0.0,,False,0.0,178.44843462246746,3.5515653775325404,3.833093,True,3.833093,82.79648140742952,12,True,3.0,corner,0.7940567395933397,3484.7408333333333,19,431.47976220214423,0,monaco_2026_R|ALB|SAI,monaco_2026_R|L20|monaco_2026_R|ALB|SAI,,True,v4_t0_anchored_30s_horizon
monaco_2026_R_00347,monaco_2026_R,2026,Monaco Grand Prix,COL,SAI,55,2026-06-07 13:29:38.727,2026-06-07 13:29:46.406,7.679,7.679,2026-06-07 13:30:08.727,30.0,20,31,91.65638888889043,1.999775757575791,43.13000000000193,165.0,73.0,92.0,22.82665278500715,1.921,True,12.0,11.0,2733.233333333332,corner_T15,22.017598113942768,320.02773779785684,MEDIUM,20.0,1.0,0.8712795896280602,10508.37598253071,29491.67790639024,400.0,False,1,False,CLOSE_INTERACTION_NO_PASS,0.0,,False,0.0,167.7110714285711,-2.7110714285711026,2.595371,True,2.595371,-13.928870544007548,11,True,3.0,corner,0.7843433598242239,3484.7408333333333,19,431.47976220214423,0,monaco_2026_R|COL|SAI,monaco_2026_R|L20|monaco_2026_R|COL|SAI,,True,v4_t0_anchored_30s_horizon
monaco_2026_R_00348,monaco_2026_R,2026,Monaco Grand Prix,HUL,LIN,41,2026-06-07 13:29:43.766,2026-06-07 13:29:50.686,6.92,6.92,2026-06-07 13:30:13.766,30.0,20,27,95.92583333333596,1.9185166666667193,55.999166666669225,180.0,69.0,111.0,45.06249999999995,1.92,True,14.0,13.0,2762.0961111111096,corner_T16,27.49218209355331,291.16496002007943,HARD,8.0,2.0,0.3616865040806769,11408.618393362638,29269.386832104705,400.0,False,1,False,CLOSE_INTERACTION_NO_PASS,0.0,,False,0.0,172.97428821178625,7.025711788213755,2.729016,True,2.729016,4.254000154600221,13,True,3.0,corner,0.7926259780039433,3484.7408333333333,19,431.47976220214423,0,monaco_2026_R|HUL|LIN,monaco_2026_R|L20|monaco_2026_R|HUL|LIN,,True,v4_t0_anchored_30s_horizon
monaco_2026_R_00349,monaco_2026_R,2026,Monaco Grand Prix,ALB,LAW,30,2026-06-07 13:29:46.886,2026-06-07 13:29:53.206,6.32,6.32,2026-06-07 13:30:16.886,30.0,21,27,89.36055555555555,1.209390977443609,43.149444444444384,266.0,175.0,91.0,44.302151075534226,1.999,True,10.0,9.0,40.82777777777778,straight_01,182.4246472593141,242.4246472593141,MEDIUM,21.0,1.0,0.7259759469052113,15263.799807373995,64229.14701119815,400.0,False,1,False,CLOSE_INTERACTION_NO_PASS,0.0,,False,0.0,262.1813786699965,3.8186213300035092,1.452057,True,1.452057,13.10414239772055,11,True,3.0,straight,0.011716159028883625,3484.7408333333333,19,431.47976220214423,0,monaco_2026_R|ALB|LAW,monaco_2026_R|L21|monaco_2026_R|ALB|LAW,,False,v4_t0_anchored_30s_horizon
monaco_2026_R_00350,monaco_2026_R,2026,Monaco Grand Prix,BEA,NOR,1,2026-06-07 13:29:50.166,2026-06-07 13:30:19.846,29.68,29.68,2026-06-07 13:30:20.166,30.0,20,111,95.53861111111132,1.3228423076923108,18.66611111111115,260.0,191.0,69.0,23.958333333333005,1.92,True,20.0,8.0,574.7994444444445,brake_T2,49.80111661362014,400.29826390906567,HARD,19.0,2.0,0.8087287474554806,6973.45650875184,74609.79720323412,400.0,False,1,False,LAPPED_UNLAPPED,,,False,0.0,266.4426535087719,-6.442653508771912,1.546236,True,1.546236,4.164362497324228,12,True,3.0,brake,0.1649475447201677,3484.7408333333333,19,431.47976220214423,0,monaco_2026_R|BEA|NOR,monaco_2026_R|L20|monaco_2026_R|BEA|NOR,,False,v4_t0_anchored_30s_horizon
monaco_2026_R_00351,monaco_2026_R,2026,Monaco Grand Prix,BOR,PIA,81,2026-06-07 13:29:54.646,2026-06-07 13:30:09.046,14.4,14.4,2026-06-07 13:30:24.646,30.0,20,54,89.3916666666662,1.7301612903225716,44.323611111110495,186.0,71.0,115.0,111.2045454545457,1.76,True,19.0,6.0,1025.1533333333332,brake_T5,119.1071104539185,465.50508609646954,HARD,19.0,2.0,0.8853672074819219,2078.122841428631,41889.66273215233,400.0,False,1,False,LAPPED_UNLAPPED,,,False,0.0,179.1900843881856,6.809915611814404,3.310164,True,3.310164,82.38462251772509,14,True,3.0,brake,0.2941835224953362,3484.7408333333333,19,431.47976220214423,0,monaco_2026_R|BOR|PIA,monaco_2026_R|L20|monaco_2026_R|BOR|PIA,,False,v4_t0_anchored_30s_horizon
monaco_2026_R_00352,monaco_2026_R,2026,Monaco Grand Prix,LIN,COL,43,2026-06-07 13:29:55.526,2026-06-07 13:29:59.406,3.88,3.88,2026-06-07 13:30:25.526,30.0,21,17,97.55805555555553,1.361275193798449,56.53138888888884,258.0,121.0,137.0,51.6651041666558,1.92,True,13.0,12.0,68.62305555555555,straight_01,154.62936948153634,214.62936948153634,MEDIUM,21.0,1.0,0.8399280189667102,15789.318781386317,57278.79534000932,400.0,False,1,False,CLOSE_INTERACTION_NO_PASS,0.0,,False,0.0,266.2341729323308,-8.234172932330807,1.943417,True,1.943417,43.019150264567266,14,True,3.0,straight,0.01969244165854196,3484.7408333333333,19,431.47976220214423,0,monaco_2026_R|COL|LIN,monaco_2026_R|L21|monaco_2026_R|COL|LIN,,False,v4_t0_anchored_30s_horizon
monaco_2026_R_00353,monaco_2026_R,2026,Monaco Grand Prix,SAI,ALB,23,2026-06-07 13:30:09.926,2026-06-07 13:30:25.487,15.561,15.561,2026-06-07 13:30:39.926,30.0,21,56,96.84833333333336,1.7007512195121957,38.258055555555984,205.0,73.0,132.0,104.18604651162825,1.72,True,11.0,10.0,1007.1677777777779,straight_03,137.09266600947376,483.4906416520248,MEDIUM,21.0,1.0,0.6100652447307945,2268.569527163172,44661.90260011399,400.0,False,1,False,CLOSE_INTERACTION_NO_PASS,0.0,,False,0.0,199.64021464646459,5.359785353535415,3.171217,True,3.171217,61.95410525195109,9,True,3.0,straight,0.28902229059438267,3484.7408333333333,19,431.47976220214423,0,monaco_2026_R|ALB|SAI,monaco_2026_R|L21|monaco_2026_R|ALB|SAI,,False,v4_t0_anchored_30s_horizon
monaco_2026_R_00354,monaco_2026_R,2026,Monaco Grand Prix,COL,SAI,55,2026-06-07 13:30:12.646,2026-06-07 13:30:28.646,16.0,16.0,2026-06-07 13:30:42.646,30.0,21,58,90.03277777777771,1.5966403940886689,41.157777777777255,203.0,76.0,127.0,87.6594656054577,1.759,True,12.0,11.0,1006.6683333333333,straight_03,137.5921104539184,483.99008609646944,MEDIUM,21.0,1.0,0.8467099750119212,2274.4697349934536,44737.26216999235,400.0,False,1,False,CLOSE_INTERACTION_NO_PASS,0.0,,False,0.0,204.6910310421285,-1.6910310421284862,2.72877,True,2.72877,49.01019700065864,12,True,3.0,straight,0.2888789673263602,3484.7408333333333,19,431.47976220214423,0,monaco_2026_R|COL|SAI,monaco_2026_R|L21|monaco_2026_R|COL|SAI,,False,v4_t0_anchored_30s_horizon
monaco_2026_R_00355,monaco_2026_R,2026,Monaco Grand Prix,HUL,LIN,41,2026-06-07 13:30:17.087,2026-06-07 13:30:33.206,16.119,16.119,2026-06-07 13:30:47.087,30.0,21,61,91.2338888888894,1.527637209302334,45.924166666666906,215.0,83.0,132.0,86.05371642723243,1.601,True,14.0,13.0,1004.0305555555553,straight_03,140.22988823169635,486.6278638742474,HARD,9.0,2.0,0.3007755752551067,2305.631233078178,45135.267996224095,400.0,False,1,False,CLOSE_INTERACTION_NO_PASS,0.0,,False,0.0,203.24616755793215,11.753832442067846,2.5017300000000002,True,2.5017300000000002,26.940700676367914,11,True,3.0,straight,0.2881220164069271,3484.7408333333333,19,431.47976220214423,0,monaco_2026_R|HUL|LIN,monaco_2026_R|L21|monaco_2026_R|HUL|LIN,,False,v4_t0_anchored_30s_horizon
monaco_2026_R_00356,monaco_2026_R,2026,Monaco Grand Prix,STR,ALO,14,2026-06-07 13:30:20.966,2026-06-07 13:30:26.246,5.28,5.28,2026-06-07 13:30:50.966,30.0,20,19,98.55388888888956,1.9074946236559271,75.27611111111173,186.0,55.0,131.0,92.24161788185289,1.879,True,17.0,16.0,2765.461944444444,corner_T16,24.126348760219116,287.79912668674524,SOFT,16.0,2.0,0.48780769821765885,11519.978659180535,29158.677996552324,400.0,False,1,False,CLOSE_INTERACTION_NO_PASS,0.0,,False,0.0,182.10843243243136,3.891567567568643,3.561616,True,3.561616,62.05845644734224,12,True,3.0,corner,0.7935918556672513,3484.7408333333333,19,431.47976220214423,0,monaco_2026_R|ALO|STR,monaco_2026_R|L20|monaco_2026_R|ALO|STR,,True,v4_t0_anchored_30s_horizon
monaco_2026_R_00357,monaco_2026_R,2026,Monaco Grand Prix,BEA,NOR,1,2026-06-07 13:30:24.167,2026-06-07 13:31:37.047,72.88,72.88,2026-06-07 13:30:54.167,30.0,20,275,93.63444444444372,1.2302335766423262,14.383333333333667,274.0,177.0,97.0,38.85736595523122,1.921,True,20.0,8.0,1885.2630555555563,straight_05,213.28409134991512,322.1818312414782,HARD,19.0,2.0,0.7813994914450619,10651.795783693136,76414.8713313329,399.9999999999998,False,1,False,LAPPED_UNLAPPED,,,False,0.0,283.0,-9.0,1.5569570000000001,True,1.5569570000000001,14.473685963885936,10,True,3.0,straight,0.5410052413430716,3484.7408333333333,19,431.47976220214423,0,monaco_2026_R|BEA|NOR,monaco_2026_R|L20|monaco_2026_R|BEA|NOR,,False,v4_t0_anchored_30s_horizon
monaco_2026_R_00358,monaco_2026_R,2026,Monaco Grand Prix,ALB,LAW,30,2026-06-07 13:30:32.167,2026-06-07 13:31:01.086,28.919,28.919,2026-06-07 13:31:02.167,30.0,21,109,89.9413888888871,1.1860402930402696,39.264166666665915,273.0,121.0,152.0,85.71428571428669,1.96,True,10.0,9.0,1932.9347222222225,straight_05,165.61242468324895,274.51016457481205,MEDIUM,21.0,1.0,0.6899999531214388,9373.781967937972,71390.02193059673,399.9999999999998,False,1,False,CLOSE_INTERACTION_NO_PASS,0.0,,False,0.0,259.6471253229971,13.352874677002887,1.7990620000000002,True,1.7990620000000002,52.922427630368105,13,True,3.0,straight,0.5546853595919417,3484.7408333333333,19,431.47976220214423,0,monaco_2026_R|ALB|LAW,monaco_2026_R|L21|monaco_2026_R|ALB|LAW,,False,v4_t0_anchored_30s_horizon
monaco_2026_R_00359,monaco_2026_R,2026,Monaco Grand Prix,BOR,PIA,81,2026-06-07 13:30:39.447,2026-06-07 13:30:45.047,5.6,5.6,2026-06-07 13:31:09.447,30.0,20,23,94.8133333333326,1.928406779661002,69.82388888888818,177.0,58.0,119.0,79.48979591836745,1.96,True,19.0,6.0,2776.611666666668,brake_T17,12.976626537994889,276.649404464521,HARD,19.0,2.0,0.8543372067301779,11914.693062326183,28562.892936323304,400.0,False,1,False,LAPPED_UNLAPPED,,,False,0.0,184.74209039547915,-7.742090395479153,3.595841,True,3.595841,58.34801885038633,12,True,3.0,brake,0.7967914400138322,3484.7408333333333,19,431.47976220214423,0,monaco_2026_R|BOR|PIA,monaco_2026_R|L20|monaco_2026_R|BOR|PIA,,True,v4_t0_anchored_30s_horizon
monaco_2026_R_00360,monaco_2026_R,2026,Monaco Grand Prix,LIN,COL,43,2026-06-07 13:30:39.646,2026-06-07 13:30:51.287,11.641,11.641,2026-06-07 13:31:09.646,30.0,21,47,98.37388888888813,1.3363999999999896,28.184999999999036,265.0,129.0,136.0,81.67367822626511,1.759,True,13.0,12.0,1917.724444444445,straight_05,180.82270246102644,289.72044235258954,MEDIUM,21.0,1.0,0.8007942188718273,9781.549233080937,72993.26680372262,400.0,False,1,False,CLOSE_INTERACTION_NO_PASS,0.0,,False,0.0,274.4221715328467,-9.422171532846676,1.843434,True,1.843434,40.249670751819785,13,True,3.0,straight,0.5503205363510615,3484.7408333333333,19,431.47976220214423,0,monaco_2026_R|COL|LIN,monaco_2026_R|L21|monaco_2026_R|COL|LIN,,False,v4_t0_anchored_30s_horizon
monaco_2026_R_00361,monaco_2026_R,2026,Monaco Grand Prix,SAI,ALB,23,2026-06-07 13:30:54.766,2026-06-07 13:31:02.006,7.24,7.24,2026-06-07 13:31:24.766,30.0,21,28,96.61444444444669,2.070309523809572,53.57583333333514,168.0,62.0,106.0,60.91843393148396,1.839,True,11.0,10.0,2750.6166666666663,corner_T15,4.634264780608646,302.6444044645227,MEDIUM,21.0,1.0,0.5980892093265273,11040.327886244664,29493.936139649606,400.0,False,1,False,CLOSE_INTERACTION_NO_PASS,0.0,,False,0.0,173.99999999999855,-5.9999999999985505,3.109,True,3.109,20.158108023884783,11,True,3.0,corner,0.7893317747924342,3484.7408333333333,19,431.47976220214423,0,monaco_2026_R|ALB|SAI,monaco_2026_R|L21|monaco_2026_R|ALB|SAI,,True,v4_t0_anchored_30s_horizon
monaco_2026_R_00362,monaco_2026_R,2026,Monaco Grand Prix,STR,ALO,14,2026-06-07 13:30:54.766,2026-06-07 13:31:08.646,13.88,13.88,2026-06-07 13:31:24.766,30.0,21,54,91.82805555555638,1.816379120879137,45.64333333333434,182.0,74.0,108.0,109.23599782490426,1.839,True,17.0,16.0,1016.8483333333334,straight_03,127.41211045391833,473.8100860964694,SOFT,17.0,2.0,0.4394264536674276,2154.207879284847,43201.23463000287,400.0,False,1,False,CLOSE_INTERACTION_NO_PASS,0.0,,False,0.0,182.4475308641979,-0.447530864197887,3.420728,True,3.420728,82.16084643025006,11,True,3.0,straight,0.2918002749606678,3484.7408333333333,19,431.47976220214423,0,monaco_2026_R|ALO|STR,monaco_2026_R|L21|monaco_2026_R|ALO|STR,,False,v4_t0_anchored_30s_horizon
monaco_2026_R_00363,monaco_2026_R,2026,Monaco Grand Prix,COL,SAI,55,2026-06-07 13:30:57.767,2026-06-07 13:31:05.007,7.24,7.24,2026-06-07 13:31:27.767,30.0,21,28,92.95361111110833,1.8590722222221665,58.109166666663896,180.0,70.0,110.0,54.4975013881173,1.8010000000000002,True,12.0,11.0,2759.220555555558,corner_T16,30.367737649105038,294.04051557563116,MEDIUM,21.0,1.0,0.8842628831345849,11313.479211077829,29363.969473487592,400.0,False,1,False,CLOSE_INTERACTION_NO_PASS,0.0,,False,0.0,174.19480000000195,5.805199999998052,2.824005,True,2.824005,11.438854446705353,12,True,3.0,corner,0.7918007930926163,3484.7408333333333,19,431.47976220214423,0,monaco_2026_R|COL|SAI,monaco_2026_R|L21|monaco_2026_R|COL|SAI,,True,v4_t0_anchored_30s_horizon
monaco_2026_R_00364,monaco_2026_R,2026,Monaco Grand Prix,HUL,LIN,41,2026-06-07 13:31:01.566,2026-06-07 13:31:09.086,7.52,7.52,2026-06-07 13:31:31.566,30.0,21,30,99.24194444444493,2.0415485714285815,62.46472222222292,175.0,88.0,87.0,9.466564573762254,1.959,True,14.0,13.0,2745.0997222222227,corner_T15,10.151209225052298,308.1613489089664,HARD,9.0,2.0,0.30643351124401624,10871.50243466811,29493.21944468693,400.0,False,1,False,CLOSE_INTERACTION_NO_PASS,0.0,,False,0.0,156.66249999999854,18.337500000001455,2.477384,True,2.477384,-0.17633091515212412,10,True,3.0,corner,0.7877486026977777,3484.7408333333333,19,431.47976220214423,0,monaco_2026_R|HUL|LIN,monaco_2026_R|L21|monaco_2026_R|HUL|LIN,,True,v4_t0_anchored_30s_horizon
monaco_2026_R_00365,monaco_2026_R,2026,Monaco Grand Prix,ALB,LAW,30,2026-06-07 13:31:06.047,2026-06-07 13:31:11.727,5.68,5.68,2026-06-07 13:31:36.047,30.0,22,22,97.78055555555557,1.3283396226415096,49.98166666666668,265.0,172.0,93.0,58.68776595744914,1.88,True,10.0,9.0,44.01111111111111,straight_01,179.24131392598076,239.24131392598076,MEDIUM,22.0,1.0,0.719900132840838,15323.986364264967,63433.138195233965,400.0,False,1,False,CLOSE_INTERACTION_NO_PASS,0.0,,False,0.0,264.54752358490566,0.45247641509433834,1.6082640000000001,True,1.6082640000000001,4.175486514176437,12,True,3.0,straight,0.012629665509159897,3484.7408333333333,19,431.47976220214423,0,monaco_2026_R|ALB|LAW,monaco_2026_R|L22|monaco_2026_R|ALB|LAW,,False,v4_t0_anchored_30s_horizon
monaco_2026_R_00366,monaco_2026_R,2026,Monaco Grand Prix,BOR,PIA,81,2026-06-07 13:31:12.647,2026-06-07 13:31:27.726,15.079,15.079,2026-06-07 13:31:42.647,30.0,21,53,95.53388888888946,1.6377238095238196,41.39416666666693,210.0,70.0,140.0,99.27659574468063,1.88,True,19.0,6.0,1012.871111111111,straight_03,131.38933267614073,477.78730831869177,HARD,20.0,2.0,0.8176454000466996,2201.1929603270855,43801.344931180836,400.0000000000001,False,1,False,LAPPED_UNLAPPED,,,False,0.0,192.2958957553064,17.70410424469361,3.367016,True,3.367016,72.73884442756656,13,True,3.0,straight,0.29065894984857393,3484.7408333333333,19,431.47976220214423,0,monaco_2026_R|BOR|PIA,monaco_2026_R|L21|monaco_2026_R|BOR|PIA,,False,v4_t0_anchored_30s_horizon
monaco_2026_R_00367,monaco_2026_R,2026,Monaco Grand Prix,LIN,COL,43,2026-06-07 13:31:13.846,2026-06-07 13:31:18.287,4.441,4.441,2026-06-07 13:31:43.846,30.0,22,15,95.65444444444444,1.3347131782945734,58.23222222222216,258.0,140.0,118.0,27.168706758917015,1.879,True,13.0,12.0,57.98194444444446,straight_01,165.27048059264743,225.27048059264743,MEDIUM,22.0,1.0,0.8464613971611108,15588.129721929137,59939.65971365294,400.0,False,1,False,CLOSE_INTERACTION_NO_PASS,0.0,,False,0.0,267.48258706467664,-9.482587064676636,1.701089,True,1.701089,23.31101338205278,12,True,3.0,straight,0.016638811096026832,3484.7408333333333,19,431.47976220214423,0,monaco_2026_R|COL|LIN,monaco_2026_R|L22|monaco_2026_R|COL|LIN,,False,v4_t0_anchored_30s_horizon
monaco_2026_R_00368,monaco_2026_R,2026,Monaco Grand Prix,SAI,ALB,23,2026-06-07 13:31:28.886,2026-06-07 13:31:44.047,15.161,15.161,2026-06-07 13:31:58.886,30.0,22,58,99.72416666666663,1.7343333333333328,45.30305555555515,207.0,75.0,132.0,92.50000000000007,1.92,True,11.0,10.0,1005.8436111111114,straight_03,138.4168326761403,484.81480831869135,MEDIUM,22.0,1.0,0.5774727787251744,2284.2126254540162,44861.70186018628,400.0,False,1,False,CLOSE_INTERACTION_NO_PASS,0.0,,False,0.0,207.9635416666668,-0.9635416666667993,3.24025,True,3.24025,62.69765096126727,11,True,3.0,straight,0.2886423005951264,3484.7408333333333,19,431.47976220214423,0,monaco_2026_R|ALB|SAI,monaco_2026_R|L22|monaco_2026_R|ALB|SAI,,False,v4_t0_anchored_30s_horizon
monaco_2026_R_00369,monaco_2026_R,2026,Monaco Grand Prix,COL,SAI,55,2026-06-07 13:31:30.807,2026-06-07 13:31:48.326,17.519,17.519,2026-06-07 13:32:00.807,30.0,22,69,93.23472222222267,1.7212564102564187,28.883333333333894,195.0,88.0,107.0,36.203539823008555,1.921,True,12.0,11.0,980.6458333333333,straight_03,163.61461045391843,510.0125860964695,MEDIUM,22.0,1.0,0.8531514170154721,2849.505355697118,47484.36222700494,400.0,False,1,False,CLOSE_INTERACTION_NO_PASS,0.0,,False,0.0,193.39880952380938,1.6011904761906237,2.365857,True,2.365857,-4.207602805253624,11,True,3.0,straight,0.2814114105568348,3484.7408333333333,19,431.47976220214423,0,monaco_2026_R|COL|SAI,monaco_2026_R|L22|monaco_2026_R|COL|SAI,,False,v4_t0_anchored_30s_horizon
monaco_2026_R_00370,monaco_2026_R,2026,Monaco Grand Prix,STR,ALO,14,2026-06-07 13:31:40.366,2026-06-07 13:31:45.887,5.521,5.521,2026-06-07 13:32:10.366,30.0,21,20,95.16416666666737,1.892767955801119,70.84194444444483,181.0,59.0,122.0,93.2914752424739,1.959,True,17.0,16.0,2765.4888888888886,corner_T16,24.099404315774336,287.77218224230046,SOFT,17.0,2.0,0.4090035621803429,11520.870129493687,29157.791741122044,400.0,False,1,False,CLOSE_INTERACTION_NO_PASS,0.0,,False,0.0,181.91851851851823,-0.9185185185182263,3.647666,True,3.647666,71.09060118888596,13,True,3.0,corner,0.7935995877901648,3484.7408333333333,19,431.47976220214423,0,monaco_2026_R|ALO|STR,monaco_2026_R|L21|monaco_2026_R|ALO|STR,,True,v4_t0_anchored_30s_horizon
monaco_2026_R_00371,monaco_2026_R,2026,Monaco Grand Prix,BEA,NOR,1,2026-06-07 13:31:43.247,2026-06-07 13:32:14.086,30.839,30.839,2026-06-07 13:32:13.247,30.0,21,110,97.14027777777801,1.280970695970699,22.473333333333358,273.0,140.0,133.0,74.47529150471935,1.8010000000000002,True,20.0,8.0,1905.707777777777,straight_05,192.83936912769445,301.73710901925756,HARD,20.0,2.0,0.7424321195634226,10103.700042842003,74259.88793364992,399.9999999999998,False,1,False,LAPPED_UNLAPPED,,,False,0.0,277.26305882352943,-4.263058823529434,1.7865250000000001,True,1.7865250000000001,37.54315011129062,12,True,3.0,straight,0.5468721689569292,3484.7408333333333,19,431.47976220214423,0,monaco_2026_R|BEA|NOR,monaco_2026_R|L21|monaco_2026_R|BEA|NOR,,False,v4_t0_anchored_30s_horizon
monaco_2026_R_00372,monaco_2026_R,2026,Monaco Grand Prix,ALB,LAW,30,2026-06-07 13:31:51.807,2026-06-07 13:31:57.327,5.52,5.52,2026-06-07 13:32:21.807,30.0,22,21,87.06611111111079,1.4055515695067213,48.13888888888914,223.0,89.0,134.0,129.02173913043504,1.8399999999999999,True,10.0,9.0,1960.9258333333341,straight_05,137.6213135721373,246.5190534637004,MEDIUM,22.0,1.0,0.7092277276191009,8623.377603675366,68439.6086615143,400.0,False,1,False,CLOSE_INTERACTION_NO_PASS,0.0,,False,0.0,233.22819383259838,-10.228193832598379,2.222281,True,2.222281,98.0156850284969,12,True,3.0,straight,0.5627178396097847,3484.7408333333333,19,431.47976220214423,0,monaco_2026_R|ALB|LAW,monaco_2026_R|L22|monaco_2026_R|ALB|LAW,,False,v4_t0_anchored_30s_horizon
monaco_2026_R_00373,monaco_2026_R,2026,Monaco Grand Prix,BOR,PIA,81,2026-06-07 13:31:57.527,2026-06-07 13:32:03.367,5.84,5.84,2026-06-07 13:32:27.527,30.0,21,20,94.12527777777768,1.9252897727272709,65.814166666667,176.0,58.0,118.0,79.9781363872989,1.921,True,19.0,6.0,2772.580277777778,corner_T16,17.008015426884867,280.680793353411,HARD,20.0,2.0,0.8155615743328908,11755.492249330655,28924.542103190517,400.0,False,1,False,LAPPED_UNLAPPED,,,False,0.0,185.2728597449909,-9.27285974499091,3.5373710000000003,True,3.5373710000000003,56.925660755395185,12,True,3.0,corner,0.7956345709433039,3484.7408333333333,19,431.47976220214423,0,monaco_2026_R|BOR|PIA,monaco_2026_R|L21|monaco_2026_R|BOR|PIA,,True,v4_t0_anchored_30s_horizon
monaco_2026_R_00374,monaco_2026_R,2026,Monaco Grand Prix,LIN,COL,43,2026-06-07 13:31:58.047,2026-06-07 13:32:09.127,11.08,11.08,2026-06-07 13:32:28.047,30.0,22,33,99.0677777777787,1.3111911764706004,35.31972222222339,272.0,153.0,119.0,47.15555555555511,1.8,True,13.0,12.0,1907.7744444444443,straight_05,190.77270246102717,299.67044235259027,MEDIUM,22.0,1.0,0.8031925509530289,10048.295465296404,74042.05018037534,400.0,False,1,False,CLOSE_INTERACTION_NO_PASS,0.0,,False,0.0,276.8059386281588,-4.805938628158799,1.6388120000000002,True,1.6388120000000002,19.88500699543593,12,True,3.0,straight,0.5474652307556428,3484.7408333333333,19,431.47976220214423,0,monaco_2026_R|COL|LIN,monaco_2026_R|L22|monaco_2026_R|COL|LIN,,False,v4_t0_anchored_30s_horizon
monaco_2026_R_00375,monaco_2026_R,2026,Monaco Grand Prix,HUL,LIN,41,2026-06-07 13:32:00.646,2026-06-07 13:32:30.447,29.801,29.801,2026-06-07 13:32:30.646,30.0,22,98,92.41583333333324,1.363512295081966,21.920833333331757,244.0,96.0,148.0,117.22461230615319,1.999,True,14.0,13.0,1943.3824999999995,straight_05,155.16464690547195,264.06238679703506,HARD,10.0,2.0,0.22787820227475797,9093.69097725996,70288.77010584375,400.0000000000002,False,1,False,CLOSE_INTERACTION_NO_PASS,0.0,,False,0.0,249.80482365145212,-5.804823651452125,2.099626,True,2.099626,85.38434078988114,11,True,3.0,straight,0.5576835101797383,3484.7408333333333,19,431.47976220214423,0,monaco_2026_R|HUL|LIN,monaco_2026_R|L22|monaco_2026_R|HUL|LIN,,False,v4_t0_anchored_30s_horizon
monaco_2026_R_00376,monaco_2026_R,2026,Monaco Grand Prix,PER,STR,18,2026-06-07 13:32:06.807,2026-06-07 13:32:33.447,26.64,26.64,2026-06-07 13:32:36.807,30.0,22,96,99.23055555555561,1.6237727272727283,23.640555555556375,220.0,154.0,66.0,38.32653061224481,1.96,True,18.0,17.0,616.698611111111,brake_T2,7.901949946953664,358.3990972423992,MEDIUM,18.0,3.0,0.8378472807548996,6028.451250442798,73822.6207267867,400.0,False,1,False,CLOSE_INTERACTION_NO_PASS,0.0,,False,0.0,238.66483180428142,-18.66483180428142,1.909972,True,1.909972,17.036103170269406,11,True,3.0,brake,0.17697115527561547,3484.7408333333333,19,431.47976220214423,0,monaco_2026_R|PER|STR,monaco_2026_R|L22|monaco_2026_R|PER|STR,,False,v4_t0_anchored_30s_horizon
monaco_2026_R_00377,monaco_2026_R,2026,Monaco Grand Prix,COL,SAI,55,2026-06-07 13:32:11.207,2026-06-07 13:32:25.127,13.92,13.92,2026-06-07 13:32:41.207,30.0,22,55,92.39138888888874,1.47826222222222,29.91305555555573,225.0,123.0,102.0,72.97826086956559,1.8399999999999999,True,12.0,11.0,2556.5291666666676,corner_T13,24.77217756427717,496.73190446452145,MEDIUM,22.0,1.0,0.8247552869029111,4481.504150984719,70996.15859542784,400.0,False,1,False,CLOSE_INTERACTION_NO_PASS,0.0,,False,0.0,214.59470899470895,10.405291005291048,2.17837,True,2.17837,45.77664026189509,12,True,3.0,corner,0.7336353803451192,3484.7408333333333,19,431.47976220214423,0,monaco_2026_R|COL|SAI,monaco_2026_R|L22|monaco_2026_R|COL|SAI,,True,v4_t0_anchored_30s_horizon
monaco_2026_R_00378,monaco_2026_R,2026,Monaco Grand Prix,SAI,ALB,23,2026-06-07 13:32:13.807,2026-06-07 13:32:21.526,7.719,7.719,2026-06-07 13:32:43.807,30.0,22,32,97.46138888889118,2.1792608695652684,47.487500000001546,161.0,71.0,90.0,26.02083333333241,1.92,True,11.0,10.0,2740.9647222222225,corner_T15,14.286209225052517,312.2963489089666,MEDIUM,22.0,1.0,0.572218752798283,10744.966224398278,29492.68227529896,400.0,False,1,False,CLOSE_INTERACTION_NO_PASS,0.0,,False,0.0,164.24432773109066,-3.2443277310906637,2.761158,True,2.761158,-5.114641355017939,12,True,3.0,corner,0.7865620008247067,3484.7408333333333,19,431.47976220214423,0,monaco_2026_R|ALB|SAI,monaco_2026_R|L22|monaco_2026_R|ALB|SAI,,True,v4_t0_anchored_30s_horizon
monaco_2026_R_00379,monaco_2026_R,2026,Monaco Grand Prix,STR,ALO,14,2026-06-07 13:32:14.086,2026-06-07 13:32:27.287,13.201,13.201,2026-06-07 13:32:44.086,30.0,22,51,96.96333333333291,1.7541105527638114,54.41694444444397,199.0,74.0,125.0,107.30328295987506,1.919,True,17.0,16.0,1015.502777777778,straight_03,128.75766600947372,475.15564165202477,SOFT,18.0,2.0,0.3551213741645907,2170.103656109023,43404.261190898644,400.0,False,1,False,CLOSE_INTERACTION_NO_PASS,0.0,,False,0.0,193.3442129629627,5.6557870370373,3.5473879999999998,True,3.5473879999999998,85.19461154712258,12,True,3.0,straight,0.29141414709064534,3484.7408333333333,19,431.47976220214423,0,monaco_2026_R|ALO|STR,monaco_2026_R|L22|monaco_2026_R|ALO|STR,,False,v4_t0_anchored_30s_horizon
monaco_2026_R_00380,monaco_2026_R,2026,Monaco Grand Prix,BEA,NOR,1,2026-06-07 13:32:17.807,2026-06-07 13:32:22.167,4.36,4.36,2026-06-07 13:32:47.807,30.0,22,19,94.54250000000002,1.2843509433962266,57.531388888888955,265.0,133.0,132.0,38.05957446808474,1.88,True,20.0,8.0,70.45666666666666,straight_01,152.79575837042523,212.79575837042523,HARD,21.0,2.0,0.7616380057746763,15823.986448230758,56820.29148362367,400.0,False,1,False,LAPPED_UNLAPPED,,,False,0.0,271.3588619402985,-6.358861940298482,1.814354,True,1.814354,46.38844923882966,13,True,3.0,straight,0.020218624579685384,3484.7408333333333,19,431.47976220214423,0,monaco_2026_R|BEA|NOR,monaco_2026_R|L22|monaco_2026_R|BEA|NOR,,False,v4_t0_anchored_30s_horizon
monaco_2026_R_00381,monaco_2026_R,2026,Monaco Grand Prix,ALB,LAW,30,2026-06-07 13:32:26.127,2026-06-07 13:32:29.687,3.56,3.56,2026-06-07 13:32:56.127,30.0,23,13,93.63499999999995,1.2624943820224712,62.95805555555549,267.0,113.0,154.0,138.1936170212735,1.88,True,10.0,9.0,83.61666666666666,straight_01,139.6357583704252,199.6357583704252,MEDIUM,23.0,1.0,0.7016623001722406,16072.799565095214,53529.56603291519,400.0,False,1,False,CLOSE_INTERACTION_NO_PASS,0.0,,False,0.0,254.0622427983539,12.937757201646093,2.08823,True,2.08823,84.48840126601067,10,True,3.0,straight,0.023995089065686138,3484.7408333333333,19,431.47976220214423,0,monaco_2026_R|ALB|LAW,monaco_2026_R|L23|monaco_2026_R|ALB|LAW,,False,v4_t0_anchored_30s_horizon
monaco_2026_R_00382,monaco_2026_R,2026,Monaco Grand Prix,BOR,PIA,81,2026-06-07 13:32:31.327,2026-06-07 13:32:46.047,14.72,14.72,2026-06-07 13:33:01.327,30.0,22,57,97.9461111111109,1.7369753694581243,48.7966666666664,203.0,74.0,129.0,110.02173913043482,1.8399999999999999,True,19.0,6.0,1018.3455555555556,straight_03,125.91488823169607,472.3128638742471,HARD,21.0,2.0,0.7653623029772813,2136.5203819515846,42975.3235723587,400.0,False,1,False,LAPPED_UNLAPPED,,,False,0.0,183.62506720272978,19.37493279727022,3.594692,True,3.594692,86.76841198560683,12,True,3.0,straight,0.29222992591430563,3484.7408333333333,19,431.47976220214423,0,monaco_2026_R|BOR|PIA,monaco_2026_R|L22|monaco_2026_R|BOR|PIA,,False,v4_t0_anchored_30s_horizon
monaco_2026_R_00383,monaco_2026_R,2026,Monaco Grand Prix,LIN,COL,43,2026-06-07 13:32:32.327,2026-06-07 13:32:38.487,6.16,6.16,2026-06-07 13:33:02.327,30.0,23,26,94.70083333333335,1.2913750000000004,42.07361111111112,264.0,160.0,104.0,75.3808510638307,1.88,True,13.0,12.0,44.31777777777776,straight_01,178.93464725931412,238.93464725931412,MEDIUM,23.0,1.0,0.8290433077521884,15329.784440949754,63356.45462343428,400.0,False,1,False,CLOSE_INTERACTION_NO_PASS,0.0,,False,0.0,265.7567415730337,-1.7567415730337075,1.57946,True,1.57946,12.003086622746915,12,True,3.0,straight,0.012717668227678653,3484.7408333333333,19,431.47976220214423,0,monaco_2026_R|COL|LIN,monaco_2026_R|L23|monaco_2026_R|COL|LIN,,False,v4_t0_anchored_30s_horizon
monaco_2026_R_00384,monaco_2026_R,2026,Monaco Grand Prix,HUL,LIN,41,2026-06-07 13:32:34.486,2026-06-07 13:32:39.847,5.361,5.361,2026-06-07 13:33:04.486,30.0,23,21,92.50027777777777,1.247194756554307,55.227222222222196,267.0,128.0,139.0,39.46656457376093,1.959,True,14.0,13.0,72.20333333333332,straight_01,151.04909170375856,211.04909170375856,HARD,11.0,2.0,0.2247188502253425,15857.010276304967,56383.528531199336,400.0,False,1,False,CLOSE_INTERACTION_NO_PASS,0.0,,False,0.0,258.5713953488372,8.4286046511628,1.775325,True,1.775325,57.50605514838522,13,True,3.0,straight,0.02071985745472702,3484.7408333333333,19,431.47976220214423,0,monaco_2026_R|HUL|LIN,monaco_2026_R|L23|monaco_2026_R|HUL|LIN,,False,v4_t0_anchored_30s_horizon
monaco_2026_R_00385,monaco_2026_R,2026,Monaco Grand Prix,PER,STR,18,2026-06-07 13:32:41.526,2026-06-07 13:32:47.327,5.801,5.801,2026-06-07 13:33:11.526,30.0,22,24,95.6800000000012,1.4292448132780262,39.12861111111238,241.0,92.0,149.0,108.02450229708946,1.959,True,18.0,17.0,1927.703888888888,straight_05,170.84325801658338,279.7409979081465,MEDIUM,18.0,3.0,0.7997512259978765,9514.013634572544,71941.37982467138,400.0000000000002,False,1,False,CLOSE_INTERACTION_NO_PASS,0.0,,False,0.0,263.5182613168734,-22.518261316873406,2.221633,True,2.221633,76.25182239514774,10,True,3.0,straight,0.5531842914828591,3484.7408333333333,19,431.47976220214423,0,monaco_2026_R|PER|STR,monaco_2026_R|L22|monaco_2026_R|PER|STR,,False,v4_t0_anchored_30s_horizon
monaco_2026_R_00386,monaco_2026_R,2026,Monaco Grand Prix,COL,SAI,55,2026-06-07 13:32:41.767,2026-06-07 13:33:08.007,26.24,26.24,2026-06-07 13:33:11.767,30.0,23,99,98.48916666666673,1.5282801724137942,26.21000000000049,232.0,142.0,90.0,91.18020833333304,1.92,True,12.0,11.0,640.8055555555554,corner_T2,147.48470247592877,334.2921527979547,MEDIUM,23.0,1.0,0.8084137907571172,5894.076054738146,65154.461082736,400.0,False,1,False,CLOSE_INTERACTION_NO_PASS,0.0,,False,0.0,201.56566220238105,30.43433779761895,2.163489,True,2.163489,76.29176309829158,11,True,3.0,corner,0.18388901390482806,3484.7408333333333,19,431.47976220214423,0,monaco_2026_R|COL|SAI,monaco_2026_R|L23|monaco_2026_R|COL|SAI,,False,v4_t0_anchored_30s_horizon
monaco_2026_R_00387,monaco_2026_R,2026,Monaco Grand Prix,SAI,ALB,23,2026-06-07 13:32:48.367,2026-06-07 13:33:03.967,15.6,15.6,2026-06-07 13:33:18.367,30.0,23,59,94.01583333333338,1.762796875000001,46.04583333333335,192.0,73.0,119.0,92.99999999999967,1.88,True,11.0,10.0,1008.7550000000003,straight_03,135.50544378725135,481.9034194298024,MEDIUM,23.0,1.0,0.5613445157328326,2249.8188110662754,44422.41173121253,400.0,False,1,False,CLOSE_INTERACTION_NO_PASS,0.0,,False,0.0,202.1860824742266,-10.186082474226595,3.083721,True,3.083721,57.435705548635106,13,True,3.0,straight,0.2894777684328032,3484.7408333333333,19,431.47976220214423,0,monaco_2026_R|ALB|SAI,monaco_2026_R|L23|monaco_2026_R|ALB|SAI,,False,v4_t0_anchored_30s_horizon
monaco_2026_R_00388,monaco_2026_R,2026,Monaco Grand Prix,BEA,NOR,1,2026-06-07 13:33:01.767,2026-06-07 13:33:31.127,29.36,29.36,2026-06-07 13:33:31.767,30.0,22,114,94.26333333333287,1.2384963503649573,23.38777777777841,274.0,140.0,134.0,94.49939024390206,1.6400000000000001,True,20.0,8.0,1917.6772222222223,straight_05,180.8699246832491,289.7676645748122,HARD,21.0,2.0,0.7180571883581973,9782.81519789046,72998.244279268,400.0000000000002,False,1,False,LAPPED_UNLAPPED,,,False,0.0,262.5587701612896,11.441229838710399,1.8341159999999999,True,1.8341159999999999,47.553950085592035,11,True,3.0,straight,0.5503069852078112,3484.7408333333333,19,431.47976220214423,0,monaco_2026_R|BEA|NOR,monaco_2026_R|L22|monaco_2026_R|BEA|NOR,,False,v4_t0_anchored_30s_horizon
monaco_2026_R_00389,monaco_2026_R,2026,Monaco Grand Prix,ALB,LAW,30,2026-06-07 13:33:11.087,2026-06-07 13:33:16.167,5.08,5.08,2026-06-07 13:33:41.087,30.0,23,20,95.31194444444372,1.3948089430894204,50.10083333333273,246.0,89.0,157.0,147.44444444444525,1.8,True,10.0,9.0,1956.1461111111118,straight_05,142.4010357943596,251.2987756859227,MEDIUM,23.0,1.0,0.664866072241141,8751.515582953183,68943.41702449767,400.0000000000002,False,1,False,CLOSE_INTERACTION_NO_PASS,0.0,,False,0.0,236.24418454935596,9.755815450644036,2.41269,True,2.41269,120.1569533222351,12,True,3.0,straight,0.5613462247750453,3484.7408333333333,19,431.47976220214423,0,monaco_2026_R|ALB|LAW,monaco_2026_R|L23|monaco_2026_R|ALB|LAW,,False,v4_t0_anchored_30s_horizon
monaco_2026_R_00390,monaco_2026_R,2026,Monaco Grand Prix,BOR,PIA,81,2026-06-07 13:33:15.407,2026-06-07 13:33:22.487,7.08,7.08,2026-06-07 13:33:45.407,30.0,22,27,95.51444444444405,2.046738095238087,51.214444444443416,168.0,62.0,106.0,57.37806122448909,1.96,True,19.0,6.0,2748.223888888888,corner_T15,7.027042558387166,305.03718224230124,HARD,21.0,2.0,0.7512029380274381,10967.105871246371,29493.625298785173,400.0,False,1,False,LAPPED_UNLAPPED,,,False,0.0,179.57786499215095,-11.57786499215095,3.226065,True,3.226065,28.75430384274347,12,True,3.0,corner,0.7886451303926871,3484.7408333333333,19,431.47976220214423,0,monaco_2026_R|BOR|PIA,monaco_2026_R|L22|monaco_2026_R|BOR|PIA,,True,v4_t0_anchored_30s_horizon
monaco_2026_R_00391,monaco_2026_R,2026,Monaco Grand Prix,PER,STR,18,2026-06-07 13:33:15.887,2026-06-07 13:33:20.167,4.28,4.28,2026-06-07 13:33:45.887,30.0,23,17,98.88222222222224,1.3691384615384619,58.115555555555574,260.0,125.0,135.0,66.71951219512185,1.6400000000000001,True,18.0,17.0,62.83055555555555,straight_01,160.42186948153633,220.42186948153633,MEDIUM,19.0,3.0,0.8266192119743948,15679.80130574518,58727.23965408446,400.0,False,1,False,CLOSE_INTERACTION_NO_PASS,0.0,,False,0.0,260.94045977011496,-0.9404597701149555,2.051908,True,2.051908,65.44587639638125,12,True,3.0,straight,0.01803019465739003,3484.7408333333333,19,431.47976220214423,0,monaco_2026_R|PER|STR,monaco_2026_R|L23|monaco_2026_R|PER|STR,,False,v4_t0_anchored_30s_horizon
monaco_2026_R_00392,monaco_2026_R,2026,Monaco Grand Prix,COL,SAI,55,2026-06-07 13:33:15.887,2026-06-07 13:33:21.368,5.481,5.481,2026-06-07 13:33:45.887,30.0,23,21,96.72111111111235,1.2801323529411928,44.28777777777941,272.0,110.0,162.0,117.24573170731678,1.6400000000000001,True,12.0,11.0,1929.6002777777762,straight_05,168.9468691276952,277.8446090192583,MEDIUM,23.0,1.0,0.7559214199638624,9463.173977193026,71741.49026262765,400.0,False,1,False,CLOSE_INTERACTION_NO_PASS,0.0,,False,0.0,269.0,3.0,1.984769,True,1.984769,59.61568025788037,12,True,3.0,straight,0.5537284894532644,3484.7408333333333,19,431.47976220214423,0,monaco_2026_R|COL|SAI,monaco_2026_R|L23|monaco_2026_R|COL|SAI,,False,v4_t0_anchored_30s_horizon
monaco_2026_R_00393,monaco_2026_R,2026,Monaco Grand Prix,HUL,LIN,41,2026-06-07 13:33:18.047,2026-06-07 13:33:49.607,31.56,31.56,2026-06-07 13:33:48.047,30.0,23,116,93.84250000000111,1.2284836363636509,28.15138888888896,275.0,176.0,99.0,37.042553191488906,1.88,True,14.0,13.0,1892.8019444444437,straight_05,205.7452024610277,314.6429423525908,HARD,11.0,2.0,0.174449597000865,10449.688225280912,75620.23200016745,399.9999999999998,False,1,False,CLOSE_INTERACTION_NO_PASS,0.0,,False,0.0,272.84664179104504,2.1533582089549554,1.513865,True,1.513865,11.645240850144809,12,True,3.0,straight,0.5431686415066573,3484.7408333333333,19,431.47976220214423,0,monaco_2026_R|HUL|LIN,monaco_2026_R|L23|monaco_2026_R|HUL|LIN,,False,v4_t0_anchored_30s_horizon
monaco_2026_R_00394,monaco_2026_R,2026,Monaco Grand Prix,SAI,ALB,23,2026-06-07 13:33:33.687,2026-06-07 13:33:40.367,6.68,6.68,2026-06-07 13:34:03.687,30.0,23,27,90.44055555555587,1.8604914285714353,55.02805555555642,175.0,65.0,110.0,72.76744186046652,1.72,True,11.0,10.0,2762.8555555555563,corner_T16,26.73273764910664,290.40551557563276,MEDIUM,23.0,1.0,0.5511884318459056,11433.744989611458,29244.407220286517,400.0,False,1,False,CLOSE_INTERACTION_NO_PASS,0.0,,False,0.0,175.60405027932921,-0.6040502793292148,3.112446,True,3.112446,37.33072228801841,10,True,3.0,corner,0.7928439122724497,3484.7408333333333,19,431.47976220214423,0,monaco_2026_R|ALB|SAI,monaco_2026_R|L23|monaco_2026_R|ALB|SAI,,True,v4_t0_anchored_30s_horizon
monaco_2026_R_00395,monaco_2026_R,2026,Monaco Grand Prix,BEA,NOR,1,2026-06-07 13:33:36.367,2026-06-07 13:33:40.127,3.76,3.76,2026-06-07 13:34:06.367,30.0,23,15,96.16944444444442,1.3015413533834583,63.04722222222219,266.0,120.0,146.0,65.77038519259709,1.999,True,20.0,8.0,76.98416666666665,straight_01,146.26825837042523,206.26825837042523,HARD,22.0,2.0,0.7276640723230349,15947.400401143577,55188.0566523547,400.0,False,1,False,LAPPED_UNLAPPED,,,False,0.0,254.28595175649218,11.714048243507818,2.021932,True,2.021932,77.25772246094668,12,True,3.0,straight,0.022091791139895862,3484.7408333333333,19,431.47976220214423,0,monaco_2026_R|BEA|NOR,monaco_2026_R|L23|monaco_2026_R|BEA|NOR,,False,v4_t0_anchored_30s_horizon
monaco_2026_R_00396,monaco_2026_R,2026,Monaco Grand Prix,STR,ALO,14,2026-06-07 13:33:37.367,2026-06-07 13:33:43.407,6.04,6.04,2026-06-07 13:34:07.367,30.0,23,22,98.61444444444464,4.493822784810136,62.55888888888899,79.0,51.0,28.0,8.375000000000057,1.92,True,17.0,16.0,1117.2997222222227,brake_T5,26.960721565028962,373.35869720758,SOFT,19.0,2.0,0.37257656174670317,5878.617865870939,21953.205516370122,400.0,False,1,False,CLOSE_INTERACTION_NO_PASS,0.0,,False,0.0,77.26398809523874,1.7360119047612557,3.94944,True,3.94944,-4.525487815252208,13,True,3.0,brake,0.32062634659504025,3484.7408333333333,19,431.47976220214423,0,monaco_2026_R|ALO|STR,monaco_2026_R|L23|monaco_2026_R|ALO|STR,,False,v4_t0_anchored_30s_horizon
monaco_2026_R_00397,monaco_2026_R,2026,Monaco Grand Prix,ALB,LAW,30,2026-06-07 13:33:45.247,2026-06-07 13:33:48.608,3.361,3.361,2026-06-07 13:34:15.247,30.0,24,14,97.68722222222225,1.3900158102766802,67.465,253.0,110.0,143.0,130.60271739130104,1.8399999999999999,True,10.0,9.0,82.00277777777777,straight_01,141.24964725931412,201.24964725931412,MEDIUM,24.0,1.0,0.6932739620277628,16042.286136165321,53933.12722146248,400.0,False,1,False,CLOSE_INTERACTION_NO_PASS,0.0,,False,0.0,255.00772849462365,-2.007728494623649,2.208185,True,2.208185,83.6169520836825,11,True,3.0,straight,0.023531958816959683,3484.7408333333333,19,431.47976220214423,0,monaco_2026_R|ALB|LAW,monaco_2026_R|L24|monaco_2026_R|ALB|LAW,,False,v4_t0_anchored_30s_horizon
monaco_2026_R_00398,monaco_2026_R,2026,Monaco Grand Prix,BOR,PIA,81,2026-06-07 13:33:49.607,2026-06-07 13:34:03.847,14.24,14.24,2026-06-07 13:34:19.607,30.0,23,56,91.25638888888966,1.8560621468926712,50.56666666666797,177.0,76.0,101.0,107.76212353241434,1.959,True,19.0,6.0,1026.8927777777772,brake_T5,117.36766600947453,463.7656416520256,HARD,22.0,2.0,0.7207210529803447,2100.4836799716404,41513.32286507732,400.0,False,1,False,LAPPED_UNLAPPED,,,False,0.0,176.37725929054199,0.6227407094580144,3.473128,True,3.473128,85.79831131501936,11,True,3.0,brake,0.2946826828425865,3484.7408333333333,19,431.47976220214423,0,monaco_2026_R|BOR|PIA,monaco_2026_R|L23|monaco_2026_R|BOR|PIA,,False,v4_t0_anchored_30s_horizon
monaco_2026_R_00399,monaco_2026_R,2026,Monaco Grand Prix,PIA,RUS,63,2026-06-07 13:33:50.047,2026-06-07 13:33:54.728,4.681,4.681,2026-06-07 13:34:20.047,30.0,24,19,97.54749999999831,3.9457415730336396,73.04749999999831,89.0,43.0,46.0,30.380767092830425,1.799,True,6.0,5.0,1128.4713888888894,brake_T5,15.789054898362338,362.1870305409134,MEDIUM,24.0,1.0,0.9918865672322583,6525.294606125,19536.14438988865,400.0,False,1,False,CLOSE_INTERACTION_NO_PASS,0.0,,False,0.0,97.97297979798144,-8.972979797981438,4.629343,True,4.629343,26.71228731168745,11,True,3.0,brake,0.32383222823760144,3484.7408333333333,19,431.47976220214423,0,monaco_2026_R|PIA|RUS,monaco_2026_R|L24|monaco_2026_R|PIA|RUS,,False,v4_t0_anchored_30s_horizon
monaco_2026_R_00400,monaco_2026_R,2026,Monaco Grand Prix,COL,SAI,55,2026-06-07 13:33:50.487,2026-06-07 13:33:54.168,3.681,3.681,2026-06-07 13:34:20.487,30.0,24,15,90.43222222222217,1.291888888888888,64.42111111111103,252.0,114.0,138.0,111.05481639169757,1.879,True,12.0,11.0,88.64833333333333,straight_01,134.60409170375857,194.60409170375857,MEDIUM,24.0,1.0,0.8003207215537801,16167.932138526541,52271.37199344092,400.0,False,1,False,CLOSE_INTERACTION_NO_PASS,0.0,,False,0.0,258.754593175853,-6.754593175853017,2.021637,True,2.021637,72.15245201354686,11,True,3.0,straight,0.025439003235295594,3484.7408333333333,19,431.47976220214423,0,monaco_2026_R|COL|SAI,monaco_2026_R|L24|monaco_2026_R|COL|SAI,,False,v4_t0_anchored_30s_horizon
monaco_2026_R_00401,monaco_2026_R,2026,Monaco Grand Prix,HUL,LIN,41,2026-06-07 13:33:52.527,2026-06-07 13:40:26.409,393.882,393.882,2026-06-07 13:34:22.527,30.0,24,1449,89.51055555555553,1.2114210526315785,10.630555555555475,266.0,185.0,81.0,34.38809523809738,1.6800000000000002,True,14.0,13.0,45.74444444444444,straight_01,177.50798059264744,237.50798059264744,HARD,12.0,2.0,0.18705818382980274,15356.75810204853,62999.709311148756,400.0,False,1,False,CLOSE_INTERACTION_NO_PASS,0.0,,False,0.0,261.8199612403101,4.180038759689921,1.432798,True,1.432798,24.644802339173477,13,True,3.0,straight,0.013127072179048545,3484.7408333333333,19,431.47976220214423,0,monaco_2026_R|HUL|LIN,monaco_2026_R|L24|monaco_2026_R|HUL|LIN,,False,v4_t0_anchored_30s_horizon
monaco_2026_R_00402,monaco_2026_R,2026,Monaco Grand Prix,PER,STR,18,2026-06-07 13:34:00.768,2026-06-07 13:34:11.687,10.919,10.919,2026-06-07 13:34:30.768,30.0,23,39,91.32722222222287,1.3364959349593593,33.46972222222303,246.0,112.0,134.0,84.75525269732965,1.7610000000000001,True,18.0,17.0,1922.7983333333325,straight_05,175.74881357213894,284.64655346370205,MEDIUM,19.0,3.0,0.7992729307947947,9645.5250377251,72458.45169601927,399.9999999999998,False,1,False,CLOSE_INTERACTION_NO_PASS,0.0,,False,0.0,268.0,-22.0,1.871992,True,1.871992,41.013183218191706,11,True,3.0,straight,0.5517765668369884,3484.7408333333333,19,431.47976220214423,0,monaco_2026_R|PER|STR,monaco_2026_R|L23|monaco_2026_R|PER|STR,,False,v4_t0_anchored_30s_horizon
monaco_2026_R_00403,monaco_2026_R,2026,Monaco Grand Prix,SAI,ALB,23,2026-06-07 13:34:07.448,2026-06-07 13:34:23.127,15.679,15.679,2026-06-07 13:34:37.448,30.0,24,64,95.8352777777784,1.7164527363184192,40.27666666666755,201.0,74.0,127.0,83.40404040404051,1.881,True,11.0,10.0,999.3716666666664,straight_03,144.88877712058525,491.2867527631363,MEDIUM,24.0,1.0,0.524986091801996,2369.9606663719774,45797.28673698143,400.0,False,1,False,CLOSE_INTERACTION_NO_PASS,0.0,,False,0.0,188.61181902123758,12.38818097876242,3.079035,True,3.079035,62.0961972950449,12,True,3.0,straight,0.28678507655638663,3484.7408333333333,19,431.47976220214423,0,monaco_2026_R|ALB|SAI,monaco_2026_R|L24|monaco_2026_R|ALB|SAI,,False,v4_t0_anchored_30s_horizon
monaco_2026_R_00404,monaco_2026_R,2026,Monaco Grand Prix,BEA,NOR,1,2026-06-07 13:34:20.928,2026-06-07 13:34:26.607,5.679,5.679,2026-06-07 13:34:50.928,30.0,23,21,92.7252777777801,1.2838884615384938,41.95166666666864,260.0,93.0,167.0,133.67933368037458,1.921,True,20.0,8.0,1943.569444444442,straight_05,154.97770246102937,263.8754423525925,HARD,22.0,2.0,0.6776891697425473,9088.679245984713,70269.06515853827,400.0,False,1,False,LAPPED_UNLAPPED,,,False,0.0,234.18524774775142,25.81475225224858,2.264355,True,2.264355,104.74490162279479,13,True,3.0,straight,0.5577371567644869,3484.7408333333333,19,431.47976220214423,0,monaco_2026_R|BEA|NOR,monaco_2026_R|L23|monaco_2026_R|BEA|NOR,,False,v4_t0_anchored_30s_horizon
monaco_2026_R_00405,monaco_2026_R,2026,Monaco Grand Prix,PIA,RUS,63,2026-06-07 13:34:30.327,2026-06-07 13:34:35.048,4.721,4.721,2026-06-07 13:35:00.327,30.0,24,18,98.97583333333296,1.926016216216209,76.94249999999965,185.0,68.0,117.0,94.85318107667163,1.839,True,6.0,5.0,2763.762222222221,corner_T16,25.826070982441706,289.49884890896783,MEDIUM,24.0,1.0,0.9813251684419092,11463.742506127826,29214.585181890692,400.0,False,1,False,CLOSE_INTERACTION_NO_PASS,0.0,,False,0.0,165.0,20.0,4.143878,True,4.143878,70.2697055301257,12,True,3.0,corner,0.7931040942228524,3484.7408333333333,19,431.47976220214423,0,monaco_2026_R|PIA|RUS,monaco_2026_R|L24|monaco_2026_R|PIA|RUS,,True,v4_t0_anchored_30s_horizon
monaco_2026_R_00406,monaco_2026_R,2026,Monaco Grand Prix,ALB,LAW,30,2026-06-07 13:34:30.327,2026-06-07 13:34:34.648,4.321,4.321,2026-06-07 13:35:00.327,30.0,24,17,99.65555555555443,1.5735087719298069,60.99999999999932,228.0,83.0,145.0,153.52202283849877,1.839,True,10.0,9.0,1953.4127777777783,straight_05,145.13436912769316,254.03210901925627,MEDIUM,24.0,1.0,0.6790692009002344,8824.792604868318,69231.52502076408,400.0000000000002,False,1,False,CLOSE_INTERACTION_NO_PASS,0.0,,False,0.0,233.38976608187008,-5.3897660818700786,2.679846,True,2.679846,120.98972088188113,12,True,3.0,straight,0.5605618527186823,3484.7408333333333,19,431.47976220214423,0,monaco_2026_R|ALB|LAW,monaco_2026_R|L24|monaco_2026_R|ALB|LAW,,False,v4_t0_anchored_30s_horizon
monaco_2026_R_00407,monaco_2026_R,2026,Monaco Grand Prix,BOR,PIA,81,2026-06-07 13:34:33.848,2026-06-07 13:34:39.767,5.919,5.919,2026-06-07 13:35:03.848,30.0,23,24,96.84083333333365,1.9696440677966167,66.92972222222306,177.0,57.0,120.0,78.93232691306645,1.921,True,19.0,6.0,2766.949722222221,corner_T16,22.638570982441706,286.31134890896783,HARD,22.0,2.0,0.688118102459234,11569.20252513088,29109.742078155177,400.0,False,1,False,LAPPED_UNLAPPED,,,False,0.0,183.11973314606752,-6.119733146067517,3.456533,True,3.456533,48.87618589422876,12,True,3.0,corner,0.794018796392239,3484.7408333333333,19,431.47976220214423,0,monaco_2026_R|BOR|PIA,monaco_2026_R|L23|monaco_2026_R|BOR|PIA,,True,v4_t0_anchored_30s_horizon
monaco_2026_R_00408,monaco_2026_R,2026,Monaco Grand Prix,COL,SAI,55,2026-06-07 13:34:34.648,2026-06-07 13:35:03.567,28.919,28.919,2026-06-07 13:35:04.648,30.0,24,101,96.06777777777666,1.276177121771203,36.59472222222166,271.0,129.0,142.0,77.41866394696618,1.9609999999999999,True,12.0,11.0,1918.6261111111119,straight_05,179.92103579435957,288.8187756859227,MEDIUM,24.0,1.0,0.7608739757348681,9757.37675207112,72898.22630007612,399.9999999999998,False,1,False,CLOSE_INTERACTION_NO_PASS,0.0,,False,0.0,269.24820112320054,1.7517988767994552,1.8216130000000001,True,1.8216130000000001,47.26152238266676,11,True,3.0,straight,0.5505792834745324,3484.7408333333333,19,431.47976220214423,0,monaco_2026_R|COL|SAI,monaco_2026_R|L24|monaco_2026_R|COL|SAI,,False,v4_t0_anchored_30s_horizon
monaco_2026_R_00409,monaco_2026_R,2026,Monaco Grand Prix,PER,STR,18,2026-06-07 13:34:35.648,2026-06-07 13:34:39.567,3.919,3.919,2026-06-07 13:35:05.648,30.0,24,16,93.59333333333335,1.3059534883720931,62.32694444444448,258.0,111.0,147.0,83.07777777778372,1.8,True,18.0,17.0,81.6711111111111,straight_01,141.5813139259808,201.5813139259808,MEDIUM,20.0,3.0,0.8152485119860032,16036.015390185581,54016.062171398014,400.0,False,1,False,CLOSE_INTERACTION_NO_PASS,0.0,,False,0.0,261.7025641025641,-3.7025641025641107,2.077025,True,2.077025,82.82908177725027,12,True,3.0,straight,0.023436781963779067,3484.7408333333333,19,431.47976220214423,0,monaco_2026_R|PER|STR,monaco_2026_R|L24|monaco_2026_R|PER|STR,,False,v4_t0_anchored_30s_horizon
monaco_2026_R_00410,monaco_2026_R,2026,Monaco Grand Prix,SAI,ALB,23,2026-06-07 13:34:52.487,2026-06-07 13:34:59.607,7.12,7.12,2026-06-07 13:35:22.487,30.0,24,24,95.86499999999933,2.1172638036809666,48.722499999998945,163.0,66.0,97.0,53.673913043478386,1.8399999999999999,True,11.0,10.0,2746.9091666666664,corner_T15,8.341764780608628,306.3519044645227,MEDIUM,24.0,1.0,0.5478125299281381,10926.873714642397,29493.454505911788,400.0,False,1,False,CLOSE_INTERACTION_NO_PASS,0.0,,False,0.0,170.7007272049235,-7.70072720492351,2.978317,True,2.978317,14.121786558851223,10,True,3.0,corner,0.788267850622081,3484.7408333333333,19,431.47976220214423,0,monaco_2026_R|ALB|SAI,monaco_2026_R|L24|monaco_2026_R|ALB|SAI,,True,v4_t0_anchored_30s_horizon
monaco_2026_R_00411,monaco_2026_R,2026,Monaco Grand Prix,STR,ALO,14,2026-06-07 13:34:56.447,2026-06-07 13:35:02.688,6.241,6.241,2026-06-07 13:35:26.447,30.0,24,26,97.06638888888892,4.722148648648651,60.85527777777793,74.0,52.0,22.0,12.973922299094573,1.879,True,17.0,16.0,1116.6905555555556,brake_T5,27.56988823169604,373.9678638742471,SOFT,20.0,2.0,0.3016030712849151,5843.355990805591,22085.002598531777,400.0,False,1,False,CLOSE_INTERACTION_NO_PASS,0.0,,False,0.0,72.93135118306341,1.0686488169365873,3.966041,True,3.966041,2.3913579507238376,7,True,3.0,brake,0.3204515368471129,3484.7408333333333,19,431.47976220214423,0,monaco_2026_R|ALO|STR,monaco_2026_R|L24|monaco_2026_R|ALO|STR,,False,v4_t0_anchored_30s_horizon
monaco_2026_R_00412,monaco_2026_R,2026,Monaco Grand Prix,BOR,PIA,81,2026-06-07 13:35:07.088,2026-06-07 13:35:22.368,15.28,15.28,2026-06-07 13:35:37.088,30.0,24,57,97.86138888888945,1.7019371980676425,41.29027777777719,207.0,74.0,133.0,92.17092561044872,1.7610000000000001,True,19.0,6.0,1003.5341666666664,straight_03,140.72627712058534,487.1242527631364,HARD,23.0,2.0,0.6701856288475384,2311.4953439751253,45210.16652312766,400.0,False,1,False,LAPPED_UNLAPPED,,,False,0.0,194.00819736842158,12.991802631578423,3.21531,True,3.21531,57.39436422916995,14,True,3.0,straight,0.2879795699775855,3484.7408333333333,19,431.47976220214423,0,monaco_2026_R|BOR|PIA,monaco_2026_R|L24|monaco_2026_R|BOR|PIA,,False,v4_t0_anchored_30s_horizon
monaco_2026_R_00413,monaco_2026_R,2026,Monaco Grand Prix,PIA,RUS,63,2026-06-07 13:35:07.408,2026-06-07 13:35:16.567,9.159,9.159,2026-06-07 13:35:37.408,30.0,25,36,99.77277777777681,4.920301369862965,60.453611111110604,73.0,52.0,21.0,10.327539380770784,1.841,True,6.0,5.0,1107.566666666667,brake_T5,36.69377712058463,383.0917527631357,MEDIUM,25.0,1.0,0.965198906768822,5315.215749859141,24059.0139805102,400.0,False,1,False,CLOSE_INTERACTION_NO_PASS,0.0,,False,0.0,75.11215189873519,-2.112151898735192,4.035392,True,4.035392,2.313155163331367,13,True,3.0,brake,0.31783329654596515,3484.7408333333333,19,431.47976220214423,0,monaco_2026_R|PIA|RUS,monaco_2026_R|L25|monaco_2026_R|PIA|RUS,,False,v4_t0_anchored_30s_horizon
monaco_2026_R_00414,monaco_2026_R,2026,Monaco Grand Prix,COL,SAI,55,2026-06-07 13:35:09.168,2026-06-07 13:35:13.888,4.72,4.72,2026-06-07 13:35:39.168,30.0,25,21,99.01666666666664,1.3502272727272724,54.48694444444442,264.0,128.0,136.0,87.13579545454223,1.76,True,12.0,11.0,58.90444444444445,straight_01,164.34798059264745,224.34798059264745,MEDIUM,25.0,1.0,0.7589845115484054,15605.571218912984,59708.983860440276,400.0,False,1,False,CLOSE_INTERACTION_NO_PASS,0.0,,False,0.0,264.56174528301887,-0.5617452830188654,1.9002409999999998,True,1.9002409999999998,59.975971703122596,11,True,3.0,straight,0.0169035366650493,3484.7408333333333,19,431.47976220214423,0,monaco_2026_R|COL|SAI,monaco_2026_R|L25|monaco_2026_R|COL|SAI,,False,v4_t0_anchored_30s_horizon
monaco_2026_R_00415,monaco_2026_R,2026,Monaco Grand Prix,ALB,LAW,30,2026-06-07 13:35:16.208,2026-06-07 13:35:20.288,4.08,4.08,2026-06-07 13:35:46.208,30.0,25,18,99.03138888888907,2.134808383233537,87.09083333333353,167.0,145.0,22.0,53.21428571428555,1.6800000000000002,True,10.0,9.0,704.2988888888887,brake_T3,83.99136914259554,270.7988194646215,MEDIUM,25.0,1.0,0.7180611751073704,6007.643113548889,43216.08445488624,399.9999999999999,False,1,False,CLOSE_INTERACTION_NO_PASS,0.0,,False,0.0,166.36203416149073,0.6379658385092739,2.462987,True,2.462987,74.16839579602998,11,True,3.0,brake,0.2021094028433646,3484.7408333333333,19,431.47976220214423,0,monaco_2026_R|ALB|LAW,monaco_2026_R|L25|monaco_2026_R|ALB|LAW,,False,v4_t0_anchored_30s_horizon
monaco_2026_R_00416,monaco_2026_R,2026,Monaco Grand Prix,PER,STR,18,2026-06-07 13:35:21.088,2026-06-07 13:35:25.327,4.239,4.239,2026-06-07 13:35:51.088,30.0,24,15,90.7580555555553,1.6755333333333287,62.825833333333094,195.0,78.0,117.0,137.16085372201908,1.921,True,18.0,17.0,1962.7694444444442,straight_05,135.77770246102727,244.67544235259038,MEDIUM,20.0,3.0,0.7561415403283928,8573.952848141787,68245.28216037416,400.0,False,1,False,CLOSE_INTERACTION_NO_PASS,0.0,,False,0.0,269.0,-74.0,2.598494,True,2.598494,112.47591632096145,12,True,3.0,straight,0.5632468921847925,3484.7408333333333,19,431.47976220214423,0,monaco_2026_R|PER|STR,monaco_2026_R|L24|monaco_2026_R|PER|STR,,False,v4_t0_anchored_30s_horizon
monaco_2026_R_00417,monaco_2026_R,2026,Monaco Grand Prix,SAI,ALB,23,2026-06-07 13:35:27.128,2026-06-07 13:35:41.528,14.4,14.4,2026-06-07 13:35:57.128,30.0,25,54,98.80083333333323,1.9982191011235935,55.77138888888908,178.0,71.0,107.0,104.06885063853426,1.8010000000000002,True,11.0,10.0,1015.7463888888888,straight_03,128.51405489836293,474.912030540914,MEDIUM,25.0,1.0,0.5297061947923009,2167.225746060554,43367.50349190908,400.0,False,1,False,CLOSE_INTERACTION_NO_PASS,0.0,,False,0.0,201.4297487437185,-23.429748743718505,3.5017430000000003,True,3.5017430000000003,77.11693442012573,12,True,3.0,straight,0.29148405504729463,3484.7408333333333,19,431.47976220214423,0,monaco_2026_R|ALB|SAI,monaco_2026_R|L25|monaco_2026_R|ALB|SAI,,False,v4_t0_anchored_30s_horizon
monaco_2026_R_00418,monaco_2026_R,2026,Monaco Grand Prix,PIA,RUS,63,2026-06-07 13:35:48.328,2026-06-07 13:35:55.648,7.32,7.32,2026-06-07 13:36:18.328,30.0,25,31,91.13888888888596,1.9075581395348225,45.864722222219825,172.0,62.0,110.0,58.41304347826231,1.8399999999999999,True,6.0,5.0,2745.612500000001,corner_T15,9.638431447273888,307.64857113118796,MEDIUM,25.0,1.0,0.9780052163316265,10887.194080789188,29493.28605859867,400.0,False,1,False,CLOSE_INTERACTION_NO_PASS,0.0,,False,0.0,175.04510655090908,-3.0451065509090824,2.958895,True,2.958895,19.052888626933733,10,True,3.0,corner,0.7878957521709533,3484.7408333333333,19,431.47976220214423,0,monaco_2026_R|PIA|RUS,monaco_2026_R|L25|monaco_2026_R|PIA|RUS,,True,v4_t0_anchored_30s_horizon
monaco_2026_R_00419,monaco_2026_R,2026,Monaco Grand Prix,ALB,LAW,30,2026-06-07 13:35:49.288,2026-06-07 13:35:54.088,4.8,4.8,2026-06-07 13:36:19.288,30.0,25,20,96.3624999999995,1.3711660079051313,45.241666666665196,253.0,79.0,174.0,159.43181818181796,1.76,True,10.0,9.0,1949.2697222222223,straight_05,149.27742468324914,258.17516457481224,MEDIUM,25.0,1.0,0.6328325884530926,8935.862399773225,69668.2253016902,400.0,False,1,False,CLOSE_INTERACTION_NO_PASS,0.0,,False,0.0,230.34079545454506,22.65920454545494,2.577877,True,2.577877,131.0475435816202,11,True,3.0,straight,0.5593729391799981,3484.7408333333333,19,431.47976220214423,0,monaco_2026_R|ALB|LAW,monaco_2026_R|L25|monaco_2026_R|ALB|LAW,,False,v4_t0_anchored_30s_horizon
monaco_2026_R_00420,monaco_2026_R,2026,Monaco Grand Prix,BOR,PIA,81,2026-06-07 13:35:51.847,2026-06-07 13:35:58.407,6.56,6.56,2026-06-07 13:36:21.847,30.0,24,28,94.57472222222214,1.934482954545453,60.8133333333335,176.0,60.0,116.0,67.9801980198025,1.919,True,19.0,6.0,2761.5294444444444,corner_T16,28.058848760218552,291.7316266867447,HARD,23.0,2.0,0.6425773684802423,11389.86994553992,29288.02560610209,400.0,False,1,False,LAPPED_UNLAPPED,,,False,0.0,180.0,-4.0,3.200661,True,3.200661,33.00132987422971,14,True,3.0,corner,0.7924633642849417,3484.7408333333333,19,431.47976220214423,0,monaco_2026_R|BOR|PIA,monaco_2026_R|L24|monaco_2026_R|BOR|PIA,,True,v4_t0_anchored_30s_horizon
monaco_2026_R_00421,monaco_2026_R,2026,Monaco Grand Prix,COL,SAI,55,2026-06-07 13:35:53.848,2026-06-07 13:36:23.967,30.119,30.119,2026-06-07 13:36:23.848,30.0,25,114,96.4808333333342,1.2722747252747368,28.099166666665496,273.0,132.0,141.0,69.77513073794258,1.721,True,12.0,11.0,1911.7149999999986,straight_05,186.83214690547288,295.729886797036,MEDIUM,25.0,1.0,0.7194431503486279,9942.654425368788,73626.69448575804,399.9999999999998,False,1,False,CLOSE_INTERACTION_NO_PASS,0.0,,False,0.0,271.90697413768964,1.0930258623103555,1.713539,True,1.713539,32.869099618004164,11,True,3.0,straight,0.5485960338035656,3484.7408333333333,19,431.47976220214423,0,monaco_2026_R|COL|SAI,monaco_2026_R|L25|monaco_2026_R|COL|SAI,,False,v4_t0_anchored_30s_horizon
monaco_2026_R_00422,monaco_2026_R,2026,Monaco Grand Prix,LEC,HAM,44,2026-06-07 13:35:58.087,2026-06-07 13:36:02.608,4.521,4.521,2026-06-07 13:36:28.087,30.0,26,18,97.21694444444438,3.397873786407765,73.93305555555526,103.0,45.0,58.0,31.557211282596885,1.879,True,3.0,2.0,1141.7947222222226,brake_T5,2.465721565029071,348.8636972075801,MEDIUM,26.0,1.0,0.07327990392289861,7296.521498798575,16653.556497140195,400.0,False,1,False,CLOSE_INTERACTION_NO_PASS,0.0,,False,0.0,97.73545792079261,5.264542079207388,4.343465,True,4.343465,20.059280271325225,14,True,3.0,brake,0.3276555637367263,3484.7408333333333,19,431.47976220214423,0,monaco_2026_R|HAM|LEC,monaco_2026_R|L26|monaco_2026_R|HAM|LEC,,False,v4_t0_anchored_30s_horizon
monaco_2026_R_00423,monaco_2026_R,2026,Monaco Grand Prix,SAI,ALB,23,2026-06-07 13:36:12.528,2026-06-07 13:36:18.167,5.639,5.639,2026-06-07 13:36:42.528,30.0,25,24,95.09583333333376,1.8810164835164918,68.76250000000027,182.0,54.0,128.0,95.72061328790446,1.7610000000000001,True,11.0,10.0,2773.926666666664,corner_T16,15.661626537998927,279.33440446452505,MEDIUM,25.0,1.0,0.5275526740204218,11800.038193740826,28880.256741638892,400.0,False,1,False,CLOSE_INTERACTION_NO_PASS,0.0,,False,0.0,187.21030075187915,-5.210300751879146,3.5510099999999998,True,3.5510099999999998,60.30528667551354,12,True,3.0,corner,0.7960209379511477,3484.7408333333333,19,431.47976220214423,0,monaco_2026_R|ALB|SAI,monaco_2026_R|L25|monaco_2026_R|ALB|SAI,,True,v4_t0_anchored_30s_horizon
monaco_2026_R_00424,monaco_2026_R,2026,Monaco Grand Prix,PER,STR,18,2026-06-07 13:36:14.088,2026-06-07 13:36:30.807,16.719,16.719,2026-06-07 13:36:44.088,30.0,25,65,96.78722222222245,1.7421700000000042,31.060833333333676,200.0,78.0,122.0,63.610402855686054,1.9609999999999999,True,18.0,17.0,992.6025,straight_03,151.65794378725172,498.05591942980277,MEDIUM,21.0,3.0,0.715420792973885,2543.31038429232,46407.14451836458,400.0,False,1,False,CLOSE_INTERACTION_NO_PASS,0.0,,False,0.0,198.4328676470588,1.5671323529412007,2.683441,True,2.683441,25.629520800076488,13,True,3.0,straight,0.28484256002777825,3484.7408333333333,19,431.47976220214423,0,monaco_2026_R|PER|STR,monaco_2026_R|L25|monaco_2026_R|PER|STR,,False,v4_t0_anchored_30s_horizon
monaco_2026_R_00425,monaco_2026_R,2026,Monaco Grand Prix,STR,ALO,14,2026-06-07 13:36:16.048,2026-06-07 13:36:21.128,5.08,5.08,2026-06-07 13:36:46.048,30.0,25,20,96.34388888888816,3.650926315789446,65.1436111111102,95.0,46.0,49.0,22.75510204081721,1.96,True,17.0,16.0,1131.340555555556,brake_T5,12.919888231695722,359.31786387424677,SOFT,21.0,2.0,0.2002428339524113,6691.377555304077,18915.38193587734,400.0,False,1,False,CLOSE_INTERACTION_NO_PASS,0.0,,False,0.0,90.13905775076034,4.860942249239656,4.137212,True,4.137212,9.536048959939032,13,True,3.0,brake,0.32465557975896037,3484.7408333333333,19,431.47976220214423,0,monaco_2026_R|ALO|STR,monaco_2026_R|L25|monaco_2026_R|ALO|STR,,False,v4_t0_anchored_30s_horizon
monaco_2026_R_00426,monaco_2026_R,2026,Monaco Grand Prix,PIA,RUS,63,2026-06-07 13:36:22.488,2026-06-07 13:36:37.527,15.039,15.039,2026-06-07 13:36:52.488,30.0,26,62,92.02277777777738,1.7344607329842856,45.56833333333316,191.0,69.0,122.0,98.56000000000027,2.0,True,6.0,5.0,1015.4597222222224,straight_03,128.80072156502933,475.1986972075804,MEDIUM,26.0,1.0,0.9497146215884998,2170.6122947150825,43410.757705543336,400.0,False,1,False,CLOSE_INTERACTION_NO_PASS,0.0,,False,0.0,189.51312154696046,1.4868784530395374,3.257292,True,3.257292,67.86840871568765,10,True,3.0,straight,0.2914017916365054,3484.7408333333333,19,431.47976220214423,0,monaco_2026_R|PIA|RUS,monaco_2026_R|L26|monaco_2026_R|PIA|RUS,,False,v4_t0_anchored_30s_horizon
monaco_2026_R_00427,monaco_2026_R,2026,Monaco Grand Prix,BOR,PIA,81,2026-06-07 13:36:25.608,2026-06-07 13:36:40.968,15.36,15.36,2026-06-07 13:36:55.608,30.0,25,64,91.62638888888887,1.7090932642487044,46.04500000000007,193.0,69.0,124.0,98.56683673469414,1.96,True,19.0,6.0,1013.2294444444443,straight_03,131.03099934280738,477.4289749853584,HARD,24.0,2.0,0.5926638562297762,2196.959774508917,43747.27716413798,399.9999999999999,False,1,False,LAPPED_UNLAPPED,,,False,0.0,190.842362565445,2.1576374345549993,3.162036,True,3.162036,71.29464351142549,13,True,3.0,straight,0.2907617791120605,3484.7408333333333,19,431.47976220214423,0,monaco_2026_R|BOR|PIA,monaco_2026_R|L25|monaco_2026_R|BOR|PIA,,False,v4_t0_anchored_30s_horizon
monaco_2026_R_00428,monaco_2026_R,2026,Monaco Grand Prix,COL,SAI,55,2026-06-07 13:36:28.208,2026-06-07 13:36:34.128,5.92,5.92,2026-06-07 13:36:58.208,30.0,26,24,96.06388888888893,1.2952434456928843,48.408333333333445,267.0,154.0,113.0,39.52346938775183,1.96,True,12.0,11.0,52.34166666666667,straight_01,170.9107583704252,230.9107583704252,MEDIUM,26.0,1.0,0.7648325296129309,15481.490277106173,61350.04008085649,400.0,False,1,False,CLOSE_INTERACTION_NO_PASS,0.0,,False,0.0,263.8146750524109,3.185324947589095,1.6133579999999998,True,1.6133579999999998,-16.229916830909644,13,True,3.0,straight,0.015020246603704867,3484.7408333333333,19,431.47976220214423,0,monaco_2026_R|COL|SAI,monaco_2026_R|L26|monaco_2026_R|COL|SAI,,False,v4_t0_anchored_30s_horizon
monaco_2026_R_00429,monaco_2026_R,2026,Monaco Grand Prix,ALB,LAW,30,2026-06-07 13:36:35.248,2026-06-07 13:36:39.328,4.08,4.08,2026-06-07 13:37:05.248,30.0,26,17,98.82499999999993,2.143192771084336,88.8505555555555,166.0,141.0,25.0,62.102040816326365,1.96,True,10.0,9.0,704.1194444444443,brake_T3,84.1708135870399,270.97826390906584,MEDIUM,26.0,1.0,0.7049636253930296,6007.910989005425,43205.42854175338,400.0,False,1,False,CLOSE_INTERACTION_NO_PASS,0.0,,False,0.0,164.84506172839514,1.1549382716048626,2.445351,True,2.445351,75.58323494686549,14,True,3.0,brake,0.20205790849901395,3484.7408333333333,19,431.47976220214423,0,monaco_2026_R|ALB|LAW,monaco_2026_R|L26|monaco_2026_R|ALB|LAW,,False,v4_t0_anchored_30s_horizon
monaco_2026_R_00430,monaco_2026_R,2026,Monaco Grand Prix,SAI,ALB,23,2026-06-07 13:36:46.208,2026-06-07 13:37:00.968,14.76,14.76,2026-06-07 13:37:16.208,30.0,26,53,96.07999999999925,1.712316831683155,48.52972222222161,202.0,70.0,132.0,100.59436469962847,1.881,True,11.0,10.0,1014.2716666666668,straight_03,129.98877712058493,476.386752763136,MEDIUM,26.0,1.0,0.519252261327125,2184.647438702905,43590.0195967389,400.0,False,1,False,CLOSE_INTERACTION_NO_PASS,0.0,,False,0.0,199.48859126984092,2.5114087301590757,3.423756,True,3.423756,71.04050916995583,13,True,3.0,straight,0.2910608608148526,3484.7408333333333,19,431.47976220214423,0,monaco_2026_R|ALB|SAI,monaco_2026_R|L26|monaco_2026_R|ALB|SAI,,False,v4_t0_anchored_30s_horizon
monaco_2026_R_00431,monaco_2026_R,2026,Monaco Grand Prix,PER,STR,18,2026-06-07 13:36:59.128,2026-06-07 13:37:06.728,7.6,7.6,2026-06-07 13:37:29.128,30.0,25,24,98.98055555555129,2.4076351351350316,43.44722222221799,148.0,76.0,72.0,11.64948979591957,1.96,True,18.0,17.0,2722.9930555555584,corner_T15,32.257875891716594,330.26801557563067,MEDIUM,21.0,3.0,0.746433364370517,10195.010579360263,29490.347612860252,400.0,False,1,False,CLOSE_INTERACTION_NO_PASS,0.0,,False,0.0,154.81268237935288,-6.812682379352879,2.7460240000000002,True,2.7460240000000002,-14.372110080540624,10,True,3.0,corner,0.7814047545541216,3484.7408333333333,19,431.47976220214423,0,monaco_2026_R|PER|STR,monaco_2026_R|L25|monaco_2026_R|PER|STR,,True,v4_t0_anchored_30s_horizon
monaco_2026_R_00432,monaco_2026_R,2026,Monaco Grand Prix,PIA,RUS,63,2026-06-07 13:37:06.728,2026-06-07 13:37:14.368,7.64,7.64,2026-06-07 13:37:36.728,30.0,26,28,99.25666666666802,2.2615443037974994,44.76777777777943,158.0,72.0,86.0,31.739130434784293,1.8399999999999999,True,6.0,5.0,2733.307777777778,corner_T15,21.94315366949695,319.953293353411,MEDIUM,26.0,1.0,0.9893871330704109,10510.654076333809,29491.687577315668,400.0,False,1,False,CLOSE_INTERACTION_NO_PASS,0.0,,False,0.0,169.30354278074773,-11.303542780747733,2.813323,True,2.813323,4.637819610269533,11,True,3.0,corner,0.7843647228029951,3484.7408333333333,19,431.47976220214423,0,monaco_2026_R|PIA|RUS,monaco_2026_R|L26|monaco_2026_R|PIA|RUS,,True,v4_t0_anchored_30s_horizon
monaco_2026_R_00433,monaco_2026_R,2026,Monaco Grand Prix,ALB,LAW,30,2026-06-07 13:37:08.768,2026-06-07 13:37:12.488,3.72,3.72,2026-06-07 13:37:38.768,30.0,26,13,96.14305555555507,1.5949999999999918,59.5208333333328,217.0,67.0,150.0,170.3863636363631,1.76,True,10.0,9.0,1964.9791666666667,straight_05,133.5679802388047,242.4657201303678,MEDIUM,26.0,1.0,0.6403909149827703,8514.713141908562,68012.36558412429,400.0000000000002,False,1,False,CLOSE_INTERACTION_NO_PASS,0.0,,False,0.0,218.05840220385616,-1.0584022038561613,2.887737,True,2.887737,150.04237051236072,12,True,3.0,straight,0.5638810059762933,3484.7408333333333,19,431.47976220214423,0,monaco_2026_R|ALB|LAW,monaco_2026_R|L26|monaco_2026_R|ALB|LAW,,False,v4_t0_anchored_30s_horizon
monaco_2026_R_00434,monaco_2026_R,2026,Monaco Grand Prix,BOR,PIA,81,2026-06-07 13:37:10.568,2026-06-07 13:37:16.688,6.12,6.12,2026-06-07 13:37:40.568,30.0,25,22,95.27749999999969,1.8743114754098302,68.48472222222199,183.0,60.0,123.0,83.8888888888896,1.8,True,19.0,6.0,2763.145277777778,corner_T16,26.443015426884813,290.11579335341094,HARD,24.0,2.0,0.574978944612485,11443.330593081613,29234.87769024765,400.0,False,1,False,LAPPED_UNLAPPED,,,False,0.0,180.55957883923972,2.4404211607602804,3.231553,True,3.231553,43.5306226032004,12,True,3.0,corner,0.7929270525219196,3484.7408333333333,19,431.47976220214423,0,monaco_2026_R|BOR|PIA,monaco_2026_R|L25|monaco_2026_R|BOR|PIA,,True,v4_t0_anchored_30s_horizon
monaco_2026_R_00435,monaco_2026_R,2026,Monaco Grand Prix,LEC,HAM,44,2026-06-07 13:37:10.888,2026-06-07 13:37:25.328,14.44,14.44,2026-06-07 13:37:40.888,30.0,27,53,99.211111111111,1.8410309278350494,53.831944444443934,194.0,83.0,111.0,109.63829787234027,1.88,True,3.0,2.0,1021.1569444444445,straight_03,123.10349934280714,469.5014749853582,MEDIUM,27.0,1.0,0.025744604111713018,2103.3079217456557,42551.1221225597,399.9999999999999,False,1,False,CLOSE_INTERACTION_NO_PASS,0.0,,False,0.0,183.11943793911007,10.880562060889929,3.605573,True,3.605573,84.39226040055316,12,True,3.0,straight,0.293036697213335,3484.7408333333333,19,431.47976220214423,0,monaco_2026_R|HAM|LEC,monaco_2026_R|L27|monaco_2026_R|HAM|LEC,,False,v4_t0_anchored_30s_horizon
monaco_2026_R_00436,monaco_2026_R,2026,Monaco Grand Prix,COL,SAI,55,2026-06-07 13:37:13.088,2026-06-07 13:37:24.408,11.32,11.32,2026-06-07 13:37:43.088,30.0,26,37,95.20611111111089,1.2647306273062702,40.239444444444416,271.0,128.0,143.0,81.11111111111096,1.881,True,12.0,11.0,1921.1483333333344,straight_05,177.398813572137,286.2965534637001,MEDIUM,26.0,1.0,0.7393905944373319,9689.759337539674,72632.37054742384,400.0,False,1,False,CLOSE_INTERACTION_NO_PASS,0.0,,False,0.0,270.7835298042699,0.2164701957300963,1.81864,True,1.81864,47.22654866548125,10,True,3.0,straight,0.5513030739493064,3484.7408333333333,19,431.47976220214423,0,monaco_2026_R|COL|SAI,monaco_2026_R|L26|monaco_2026_R|COL|SAI,,False,v4_t0_anchored_30s_horizon
monaco_2026_R_00437,monaco_2026_R,2026,Monaco Grand Prix,STR,ALO,14,2026-06-07 13:37:31.209,2026-06-07 13:37:44.489,13.28,13.28,2026-06-07 13:38:01.209,30.0,26,42,96.3061111111108,2.2660261437908424,56.66083333333381,153.0,95.0,58.0,110.66705403834997,1.721,True,17.0,16.0,1036.3613888888895,brake_T5,107.89905489836224,454.2970305409133,SOFT,22.0,2.0,0.14812422758526866,2356.8202569203827,39464.728638154425,400.0,False,1,False,CLOSE_INTERACTION_NO_PASS,0.0,,False,0.0,156.84017241379212,-3.840172413792118,3.918868,True,3.918868,106.97340913130384,11,True,3.0,brake,0.29739984648946094,3484.7408333333333,19,431.47976220214423,0,monaco_2026_R|ALO|STR,monaco_2026_R|L26|monaco_2026_R|ALO|STR,,False,v4_t0_anchored_30s_horizon
monaco_2026_R_00438,monaco_2026_R,2026,Monaco Grand Prix,SAI,ALB,23,2026-06-07 13:37:31.488,2026-06-07 13:37:37.849,6.361,6.361,2026-06-07 13:38:01.488,30.0,26,23,92.47000000000162,1.809195652173945,61.558888888890124,184.0,56.0,128.0,76.69099999999935,2.0,True,11.0,10.0,2771.9924999999994,corner_T16,17.59579320466355,281.2685711311897,MEDIUM,26.0,1.0,0.5411411948110331,11736.045329922308,28943.87526288592,400.0,False,1,False,CLOSE_INTERACTION_NO_PASS,0.0,,False,0.0,179.0,5.0,3.274793,True,3.274793,45.00737452865657,12,True,3.0,corner,0.7954658990661427,3484.7408333333333,19,431.47976220214423,0,monaco_2026_R|ALB|SAI,monaco_2026_R|L26|monaco_2026_R|ALB|SAI,,True,v4_t0_anchored_30s_horizon
monaco_2026_R_00439,monaco_2026_R,2026,Monaco Grand Prix,PER,STR,18,2026-06-07 13:37:33.568,2026-06-07 13:37:49.008,15.44,15.44,2026-06-07 13:38:03.568,30.0,26,55,93.83583333333354,1.7235153061224529,42.24305555555634,196.0,71.0,125.0,92.52173913043525,1.8399999999999999,True,18.0,17.0,1004.452222222222,straight_03,139.80822156502973,486.2061972075808,MEDIUM,22.0,3.0,0.6989215573735085,2300.6498562781985,45071.644065703906,400.0,False,1,False,CLOSE_INTERACTION_NO_PASS,0.0,,False,0.0,205.4516908212559,-9.451690821255909,3.003864,True,3.003864,57.63297825706855,12,True,3.0,straight,0.28824302014489034,3484.7408333333333,19,431.47976220214423,0,monaco_2026_R|PER|STR,monaco_2026_R|L26|monaco_2026_R|PER|STR,,False,v4_t0_anchored_30s_horizon
monaco_2026_R_00440,monaco_2026_R,2026,Monaco Grand Prix,PIA,RUS,63,2026-06-07 13:37:40.568,2026-06-07 13:37:56.408,15.84,15.84,2026-06-07 13:38:10.568,30.0,27,58,98.47999999999979,1.7126956521739094,42.44638888888858,207.0,77.0,130.0,74.34782608695674,1.8399999999999999,True,6.0,5.0,989.9052777777779,straight_03,154.3551660094738,500.75314165202485,MEDIUM,27.0,1.0,0.9413479328229195,2612.3828025699067,46650.14665457165,400.0,False,1,False,CLOSE_INTERACTION_NO_PASS,0.0,,False,0.0,201.44178791383163,5.558212086168368,2.856126,True,2.856126,41.92232440778056,11,True,3.0,straight,0.28406855061037145,3484.7408333333333,19,431.47976220214423,0,monaco_2026_R|PIA|RUS,monaco_2026_R|L27|monaco_2026_R|PIA|RUS,,False,v4_t0_anchored_30s_horizon
monaco_2026_R_00441,monaco_2026_R,2026,Monaco Grand Prix,BOR,PIA,81,2026-06-07 13:37:43.368,2026-06-07 13:38:00.088,16.72,16.72,2026-06-07 13:38:13.368,30.0,26,64,95.44111111111101,1.7619897435897418,27.400277777777546,195.0,78.0,117.0,63.73913043478308,1.8399999999999999,True,19.0,6.0,988.0877777777778,straight_03,156.17266600947391,502.57064165202496,HARD,25.0,2.0,0.515040274777267,2658.9266576461478,46813.89155438659,400.0,False,1,False,LAPPED_UNLAPPED,,,False,0.0,205.2220108695651,-10.22201086956511,2.831608,True,2.831608,21.0236581987983,10,True,3.0,straight,0.2835469910204545,3484.7408333333333,19,431.47976220214423,0,monaco_2026_R|BOR|PIA,monaco_2026_R|L26|monaco_2026_R|BOR|PIA,,False,v4_t0_anchored_30s_horizon
monaco_2026_R_00442,monaco_2026_R,2026,Monaco Grand Prix,COL,SAI,55,2026-06-07 13:37:48.008,2026-06-07 13:37:51.609,3.601,3.601,2026-06-07 13:38:18.008,30.0,27,15,86.75083333333332,1.4325825688073393,66.92861111111108,218.0,116.0,102.0,92.03457446808285,1.88,True,12.0,11.0,95.555,straight_01,127.69742503709188,187.69742503709188,MEDIUM,27.0,1.0,0.7980648276654932,16298.514909079517,50544.32459377831,400.0,False,1,False,CLOSE_INTERACTION_NO_PASS,0.0,,False,0.0,258.0,-40.0,1.861395,True,1.861395,71.74143624551456,11,True,3.0,straight,0.027420977504544218,3484.7408333333333,19,431.47976220214423,0,monaco_2026_R|COL|SAI,monaco_2026_R|L27|monaco_2026_R|COL|SAI,,False,v4_t0_anchored_30s_horizon
monaco_2026_R_00443,monaco_2026_R,2026,Monaco Grand Prix,BEA,NOR,1,2026-06-07 13:37:52.128,2026-06-07 13:38:06.968,14.84,14.84,2026-06-07 13:38:22.128,30.0,26,54,95.62166666666701,1.6629855072463828,44.696111111110895,207.0,74.0,133.0,95.39166666666567,1.92,True,20.0,8.0,1010.0058333333333,straight_03,134.25461045391842,480.65258609646946,HARD,25.0,2.0,0.7193106478052382,2235.042039175429,44233.677502535094,399.9999999999999,False,1,False,LAPPED_UNLAPPED,,,False,0.0,201.53620512820507,5.463794871794931,3.213374,True,3.213374,66.6118288869139,12,True,3.0,straight,0.28983671430371793,3484.7408333333333,19,431.47976220214423,0,monaco_2026_R|BEA|NOR,monaco_2026_R|L26|monaco_2026_R|BEA|NOR,,False,v4_t0_anchored_30s_horizon
monaco_2026_R_00444,monaco_2026_R,2026,Monaco Grand Prix,LEC,HAM,44,2026-06-07 13:37:54.768,2026-06-07 13:38:01.328,6.56,6.56,2026-06-07 13:38:24.768,30.0,27,24,96.94111111111079,1.9606067415730273,61.20777777777721,178.0,65.0,113.0,55.779999999999475,2.0,True,3.0,2.0,2762.6886111111116,corner_T16,26.89968209355129,290.5724600200774,MEDIUM,27.0,1.0,0.06451966216963181,11428.221549836215,29249.898349292627,400.0,False,1,False,PIT_RELATED,,87.32,True,0.0,179.04636441877895,-1.0463644187789498,3.024795,True,3.024795,18.894757455364363,12,True,3.0,corner,0.7927960049954298,3484.7408333333333,19,431.47976220214423,0,monaco_2026_R|HAM|LEC,monaco_2026_R|L27|monaco_2026_R|HAM|LEC,,True,v4_t0_anchored_30s_horizon
monaco_2026_R_00445,monaco_2026_R,2026,Monaco Grand Prix,OCO,ANT,12,2026-06-07 13:37:56.888,2026-06-07 13:38:00.088,3.2,3.2,2026-06-07 13:38:26.888,30.0,27,13,99.65361111111112,1.40137890625,66.84833333333333,256.0,116.0,140.0,143.99999999999991,0.48,True,15.0,1.0,73.18166666666666,straight_01,150.0707583704252,210.0707583704252,HARD,18.0,2.0,0.9085829121080101,15875.507401380884,56138.89126681663,400.0,False,1,False,LAPPED_UNLAPPED,,,False,0.0,266.8044889892716,-10.80448898927159,2.097683,True,2.097683,75.96659896066798,11,True,3.0,straight,0.021000605257827636,3484.7408333333333,19,431.47976220214423,0,monaco_2026_R|ANT|OCO,monaco_2026_R|L27|monaco_2026_R|ANT|OCO,,False,v4_t0_anchored_30s_horizon
monaco_2026_R_00446,monaco_2026_R,2026,Monaco Grand Prix,ALB,LAW,30,2026-06-07 13:38:02.088,2026-06-07 13:38:17.689,15.601,15.601,2026-06-07 13:38:32.088,30.0,27,56,90.08305555555614,1.581946341463425,47.47555555555664,205.0,78.0,127.0,80.19999999999936,2.0,True,10.0,9.0,1006.1933333333333,straight_03,138.06711045391842,484.46508609646946,MEDIUM,27.0,1.0,0.6755219423797005,2280.0811673570656,44808.93339607242,399.9999999999999,False,1,False,CLOSE_INTERACTION_NO_PASS,0.0,,False,0.0,195.1573145604398,9.8426854395602,2.871379,True,2.871379,42.6668165545395,10,True,3.0,straight,0.288742658767785,3484.7408333333333,19,431.47976220214423,0,monaco_2026_R|ALB|LAW,monaco_2026_R|L27|monaco_2026_R|ALB|LAW,,False,v4_t0_anchored_30s_horizon
monaco_2026_R_00447,monaco_2026_R,2026,Monaco Grand Prix,SAI,ALB,23,2026-06-07 13:38:04.809,2026-06-07 13:38:21.128,16.319,16.319,2026-06-07 13:38:34.809,30.0,27,59,96.33000000000015,1.7784000000000029,33.76222222222191,195.0,78.0,117.0,67.24362311296137,1.921,True,11.0,10.0,993.3144444444442,straight_03,150.94599934280745,497.3439749853585,MEDIUM,27.0,1.0,0.4994575992767076,2525.0783958221436,46343.00296583124,400.0,False,1,False,CLOSE_INTERACTION_NO_PASS,0.0,,False,0.0,198.7804390243902,-3.780439024390205,2.947165,True,2.947165,45.41681227850512,10,True,3.0,straight,0.28504686344042635,3484.7408333333333,19,431.47976220214423,0,monaco_2026_R|ALB|SAI,monaco_2026_R|L27|monaco_2026_R|ALB|SAI,,False,v4_t0_anchored_30s_horizon
monaco_2026_R_00448,monaco_2026_R,2026,Monaco Grand Prix,STR,ALO,14,2026-06-07 13:38:15.728,2026-06-07 13:38:20.928,5.2,5.2,2026-06-07 13:38:45.728,30.0,26,21,98.95111111111282,2.0355657142857497,71.19472222222385,175.0,60.0,115.0,95.52173913043274,1.8399999999999999,True,17.0,16.0,2762.1466666666665,corner_T16,27.4416265379964,291.1144044645225,SOFT,22.0,2.0,0.11529954214704258,11410.291049001773,29267.723961091164,400.0,False,1,False,CLOSE_INTERACTION_NO_PASS,0.0,,False,0.0,184.55344237352492,-9.553442373524916,3.7130900000000002,True,3.7130900000000002,71.39533735060233,8,True,3.0,corner,0.7926404856984821,3484.7408333333333,19,431.47976220214423,0,monaco_2026_R|ALO|STR,monaco_2026_R|L26|monaco_2026_R|ALO|STR,,True,v4_t0_anchored_30s_horizon
monaco_2026_R_00449,monaco_2026_R,2026,Monaco Grand Prix,PER,STR,18,2026-06-07 13:38:19.208,2026-06-07 13:38:25.488,6.28,6.28,2026-06-07 13:38:49.208,30.0,26,24,92.08555555555677,1.9386432748538267,72.81888888889034,171.0,58.0,113.0,90.10872894333869,1.959,True,18.0,17.0,2771.4513888888873,corner_T16,18.13690431577561,281.80968224230173,MEDIUM,22.0,3.0,0.6643660766362072,11718.142400334655,28961.673464722706,400.0,False,1,False,CLOSE_INTERACTION_NO_PASS,0.0,,False,0.0,180.3681089743582,-9.368108974358194,3.29595,True,3.29595,60.807716711321,12,True,3.0,corner,0.7953106189070169,3484.7408333333333,19,431.47976220214423,0,monaco_2026_R|PER|STR,monaco_2026_R|L26|monaco_2026_R|PER|STR,,True,v4_t0_anchored_30s_horizon
monaco_2026_R_00450,monaco_2026_R,2026,Monaco Grand Prix,PIA,RUS,63,2026-06-07 13:38:20.928,2026-06-07 13:38:33.688,12.76,12.76,2026-06-07 13:38:50.928,30.0,27,45,99.52777777777692,1.6821596244131312,42.88277777777785,213.0,107.0,106.0,96.97674418604493,1.72,True,6.0,5.0,2564.555833333334,corner_T13,16.745510897610984,488.70523779785526,MEDIUM,27.0,1.0,0.9584929038305776,4287.640865181735,69749.84489707858,400.0,False,1,False,CLOSE_INTERACTION_NO_PASS,0.0,,False,0.0,201.79327777777723,11.206722222222766,2.64866,True,2.64866,73.65751859060705,11,True,3.0,corner,0.7359387558472188,3484.7408333333333,19,431.47976220214423,0,monaco_2026_R|PIA|RUS,monaco_2026_R|L27|monaco_2026_R|PIA|RUS,,True,v4_t0_anchored_30s_horizon
monaco_2026_R_00451,monaco_2026_R,2026,Monaco Grand Prix,BOR,PIA,81,2026-06-07 13:38:22.888,2026-06-07 13:38:36.808,13.92,13.92,2026-06-07 13:38:52.888,30.0,26,54,92.28638888889054,1.4507903930131265,26.261944444443998,229.0,120.0,109.0,68.69387755102058,1.96,True,19.0,6.0,2552.7930555555545,corner_T13,28.508288675390304,500.4680155756346,HARD,25.0,2.0,0.4586875961918464,4571.740211133241,71576.27069546965,400.0,False,1,False,LAPPED_UNLAPPED,,,False,0.0,220.81029510395814,8.18970489604186,2.158807,True,2.158807,38.587726481734016,11,True,3.0,corner,0.732563245776208,3484.7408333333333,19,431.47976220214423,0,monaco_2026_R|BOR|PIA,monaco_2026_R|L26|monaco_2026_R|BOR|PIA,,True,v4_t0_anchored_30s_horizon
monaco_2026_R_00452,monaco_2026_R,2026,Monaco Grand Prix,LEC,HAM,44,2026-06-07 13:38:27.488,2026-06-07 13:38:43.448,15.96,15.96,2026-06-07 13:38:57.488,30.0,28,58,95.76249999999993,1.6899264705882342,37.77666666666687,204.0,81.0,123.0,53.54000000000076,2.0,True,2.0,3.0,995.1341666666666,straight_03,149.1262771205851,495.52425276313613,MEDIUM,28.0,1.0,0.03262537539087695,2478.477632471317,46179.05785828308,400.0000000000001,False,1,False,PIT_RELATED,,54.6,True,-1.0,196.7745555555555,7.225444444444491,2.584145,True,2.584145,14.446170929400992,13,True,3.0,straight,0.28556906073120214,3484.7408333333333,19,431.47976220214423,0,monaco_2026_R|HAM|LEC,monaco_2026_R|L28|monaco_2026_R|HAM|LEC,,False,v4_t0_anchored_30s_horizon
monaco_2026_R_00453,monaco_2026_R,2026,Monaco Grand Prix,COL,SAI,55,2026-06-07 13:38:32.648,2026-06-07 13:38:38.049,5.401,5.401,2026-06-07 13:39:02.648,30.0,27,19,95.66222222222223,1.478042918454936,52.60666666666748,233.0,102.0,131.0,108.1433038040654,1.919,True,12.0,11.0,1939.6519444444448,straight_05,158.89520246102666,267.79294235258976,MEDIUM,27.0,1.0,0.7609658916430546,9193.702197211174,70681.99067391855,400.0,False,1,False,CLOSE_INTERACTION_NO_PASS,0.0,,False,0.0,258.7907949790791,-25.790794979079124,2.0773260000000002,True,2.0773260000000002,76.98888461489034,13,True,3.0,straight,0.5566129698629749,3484.7408333333333,19,431.47976220214423,0,monaco_2026_R|COL|SAI,monaco_2026_R|L27|monaco_2026_R|COL|SAI,,False,v4_t0_anchored_30s_horizon
monaco_2026_R_00454,monaco_2026_R,2026,Monaco Grand Prix,BEA,NOR,1,2026-06-07 13:38:36.808,2026-06-07 13:38:43.929,7.121,7.121,2026-06-07 13:39:06.808,30.0,26,25,91.28416666666817,1.9445147928994404,50.26000000000067,169.0,59.0,110.0,63.44000000000015,2.0,True,20.0,8.0,2753.1072222222215,corner_T15,2.143709225053499,300.1538489089676,HARD,25.0,2.0,0.7565223453751707,11116.542024446939,29494.259682625056,400.0,False,1,False,LAPPED_UNLAPPED,,,False,0.0,185.0,-16.0,3.217308,True,3.217308,35.88295165394152,10,True,3.0,corner,0.7900464780299696,3484.7408333333333,19,431.47976220214423,0,monaco_2026_R|BEA|NOR,monaco_2026_R|L26|monaco_2026_R|BEA|NOR,,True,v4_t0_anchored_30s_horizon
monaco_2026_R_00455,monaco_2026_R,2026,Monaco Grand Prix,OCO,ANT,12,2026-06-07 13:38:41.928,2026-06-07 13:38:45.569,3.641,3.641,2026-06-07 13:39:11.928,30.0,27,15,80.52722222222292,1.3937403846153966,55.59388888888952,208.0,59.0,149.0,172.59999999999965,2.0,True,15.0,1.0,1982.4380555555563,brake_T10,116.10909134991516,225.00683124147827,HARD,18.0,2.0,0.9115346203292681,8568.961517685062,63754.88691059713,400.0,False,1,False,LAPPED_UNLAPPED,,,False,0.0,190.28772276684035,17.712277233159654,2.943054,True,2.943054,165.86970781796626,10,True,3.0,brake,0.568891102773704,3484.7408333333333,19,431.47976220214423,0,monaco_2026_R|ANT|OCO,monaco_2026_R|L27|monaco_2026_R|ANT|OCO,,True,v4_t0_anchored_30s_horizon
monaco_2026_R_00456,monaco_2026_R,2026,Monaco Grand Prix,ALB,LAW,30,2026-06-07 13:38:47.208,2026-06-07 13:38:54.168,6.96,6.96,2026-06-07 13:39:17.208,30.0,27,28,91.32138888889267,1.8786114285715065,55.31027777778081,175.0,67.0,108.0,63.46809596733027,1.959,True,10.0,9.0,2762.1908333333313,corner_T16,27.397459871331648,291.07023779785777,MEDIUM,27.0,1.0,0.6925832816459826,11411.752325082014,29266.2712331179,400.0,False,1,False,CLOSE_INTERACTION_NO_PASS,0.0,,False,0.0,182.0626132246362,-7.062613224636209,2.971994,True,2.971994,27.860842501125322,11,True,3.0,corner,0.7926531600030509,3484.7408333333333,19,431.47976220214423,0,monaco_2026_R|ALB|LAW,monaco_2026_R|L27|monaco_2026_R|ALB|LAW,,True,v4_t0_anchored_30s_horizon
monaco_2026_R_00457,monaco_2026_R,2026,Monaco Grand Prix,SAI,ALB,23,2026-06-07 13:38:50.249,2026-06-07 13:38:57.049,6.8,6.8,2026-06-07 13:39:20.249,30.0,27,28,94.11527777777474,1.969854651162727,54.50416666666388,172.0,61.0,111.0,66.86598523566074,1.7610000000000001,True,11.0,10.0,2759.7869444444455,corner_T16,29.80134876021748,293.4741266867436,MEDIUM,27.0,1.0,0.509786305554871,11332.218468484953,29345.339836144132,400.0,False,1,False,CLOSE_INTERACTION_NO_PASS,0.0,,False,0.0,173.86673809523953,-1.8667380952395263,3.090451,True,3.090451,37.93632933904165,11,True,3.0,corner,0.7919633270990106,3484.7408333333333,19,431.47976220214423,0,monaco_2026_R|ALB|SAI,monaco_2026_R|L27|monaco_2026_R|ALB|SAI,,True,v4_t0_anchored_30s_horizon
monaco_2026_R_00458,monaco_2026_R,2026,Monaco Grand Prix,PER,STR,18,2026-06-07 13:38:51.689,2026-06-07 13:39:09.448,17.759,17.759,2026-06-07 13:39:21.689,30.0,27,65,97.00527777777745,1.8477195767195704,26.034444444443352,189.0,102.0,87.0,15.473070516380599,1.8010000000000002,True,18.0,17.0,974.616388888889,corner_T4,169.6440548983627,0.4813194646211514,MEDIUM,23.0,3.0,0.6121444780613562,3009.6010011822336,47955.02849478215,400.0000000000001,False,1,False,CLOSE_INTERACTION_NO_PASS,0.0,,False,0.0,188.74845360824744,0.2515463917525551,2.244381,True,2.244381,-22.301197281283173,13,True,3.0,corner,0.27968116870161,3484.7408333333333,19,431.47976220214423,0,monaco_2026_R|PER|STR,monaco_2026_R|L27|monaco_2026_R|PER|STR,,False,v4_t0_anchored_30s_horizon
monaco_2026_R_00459,monaco_2026_R,2026,Monaco Grand Prix,BOR,PIA,81,2026-06-07 13:38:53.448,2026-06-07 13:39:20.168,26.72,26.72,2026-06-07 13:39:23.448,30.0,27,96,94.20611111111123,1.5415545454545474,16.75999999999931,220.0,148.0,72.0,82.99583116206334,1.919,True,19.0,6.0,655.2566666666664,corner_T2,133.03359136481777,319.8410416868437,HARD,26.0,2.0,0.44184787689201754,5941.253031414111,57529.43664531173,400.0,False,1,False,LAPPED_UNLAPPED,,,False,0.0,206.86157635467993,13.138423645320074,2.014054,True,2.014054,73.58384921603827,13,True,3.0,corner,0.18803598258980994,3484.7408333333333,19,431.47976220214423,0,monaco_2026_R|BOR|PIA,monaco_2026_R|L27|monaco_2026_R|BOR|PIA,,False,v4_t0_anchored_30s_horizon
monaco_2026_R_00460,monaco_2026_R,2026,Monaco Grand Prix,STR,ALO,14,2026-06-07 13:38:54.008,2026-06-07 13:38:59.408,5.4,5.4,2026-06-07 13:39:24.008,30.0,27,22,99.18694444444532,4.354548780487843,69.0202777777788,82.0,45.0,37.0,21.800454803865126,1.759,True,17.0,16.0,1122.1299999999999,brake_T5,22.130443787251806,368.52841942980285,SOFT,23.0,2.0,0.12890870408323304,6158.220577002185,20908.144202322153,400.0,False,1,False,CLOSE_INTERACTION_NO_PASS,0.0,,False,0.0,90.42165898617479,-8.42165898617479,4.192193,True,4.192193,15.751157437453912,13,True,3.0,brake,0.3220124691243179,3484.7408333333333,19,431.47976220214423,0,monaco_2026_R|ALO|STR,monaco_2026_R|L27|monaco_2026_R|ALO|STR,,False,v4_t0_anchored_30s_horizon
monaco_2026_R_00461,monaco_2026_R,2026,Monaco Grand Prix,PIA,RUS,63,2026-06-07 13:38:59.248,2026-06-07 13:39:15.888,16.64,16.64,2026-06-07 13:39:29.248,30.0,28,61,95.24083333333374,1.6725219512195193,40.814444444444916,205.0,84.0,121.0,56.71048430015901,1.879,True,6.0,5.0,986.8816666666662,straight_03,157.37877712058548,503.7767527631365,MEDIUM,28.0,1.0,0.9500069929886265,2689.8136236771884,46922.55430159684,400.0,False,1,False,CLOSE_INTERACTION_NO_PASS,0.0,,False,0.0,191.16657031827063,13.83342968172937,2.548963,True,2.548963,20.202893073327857,11,True,3.0,straight,0.2832008788793235,3484.7408333333333,19,431.47976220214423,0,monaco_2026_R|PIA|RUS,monaco_2026_R|L28|monaco_2026_R|PIA|RUS,,False,v4_t0_anchored_30s_horizon
monaco_2026_R_00462,monaco_2026_R,2026,Monaco Grand Prix,COL,SAI,55,2026-06-07 13:39:06.728,2026-06-07 13:39:10.769,4.041,4.041,2026-06-07 13:39:36.728,30.0,28,15,98.77444444444446,1.3418415094339624,63.0855555555556,265.0,121.0,144.0,96.67952058363974,1.919,True,12.0,11.0,68.32666666666668,straight_01,154.9257583704252,214.9257583704252,MEDIUM,28.0,1.0,0.7799570680572181,15783.71502430057,57352.9089007976,400.0,False,1,False,CLOSE_INTERACTION_NO_PASS,0.0,,False,0.0,267.0,-2.0,1.9316740000000001,True,1.9316740000000001,39.974684839747916,12,True,3.0,straight,0.019607388306495298,3484.7408333333333,19,431.47976220214423,0,monaco_2026_R|COL|SAI,monaco_2026_R|L28|monaco_2026_R|COL|SAI,,False,v4_t0_anchored_30s_horizon
monaco_2026_R_00463,monaco_2026_R,2026,Monaco Grand Prix,BEA,NOR,1,2026-06-07 13:39:10.969,2026-06-07 13:39:25.329,14.36,14.36,2026-06-07 13:39:40.969,30.0,27,55,97.83805555555637,1.8936397849462523,45.84027777777874,186.0,73.0,113.0,110.8852924474723,1.7610000000000001,True,20.0,8.0,1020.1408333333331,straight_03,124.11961045391854,470.5175860964696,HARD,26.0,2.0,0.7315605439407659,2115.3117928486427,42704.439868174275,400.0,False,1,False,LAPPED_UNLAPPED,,,False,0.0,197.59983240223593,-11.599832402235933,3.556787,True,3.556787,83.49101656729194,12,True,3.0,straight,0.2927451084956341,3484.7408333333333,19,431.47976220214423,0,monaco_2026_R|BEA|NOR,monaco_2026_R|L27|monaco_2026_R|BEA|NOR,,False,v4_t0_anchored_30s_horizon
monaco_2026_R_00464,monaco_2026_R,2026,Monaco Grand Prix,LEC,HAM,44,2026-06-07 13:39:12.289,2026-06-07 13:39:21.568,9.279,8.879,2026-06-07 13:39:42.289,30.0,28,33,96.02000000000135,1.9311284916201388,16.054722222223518,179.0,63.0,116.0,57.204081632652546,1.96,True,2.0,3.0,2770.088333333332,corner_T16,19.499959871331157,283.1727377978573,MEDIUM,28.0,1.0,0.06334247880876137,11673.045030988424,29006.507025509647,400.0,False,1,False,PIT_RELATED,,9.799,False,-1.0,179.06775956284073,-0.06775956284073459,3.076934,True,3.076934,25.263516176444398,13,True,3.0,corner,0.7949194691427311,3484.7408333333333,19,431.47976220214423,0,monaco_2026_R|HAM|LEC,monaco_2026_R|L28|monaco_2026_R|HAM|LEC,,True,v4_t0_anchored_30s_horizon
monaco_2026_R_00465,monaco_2026_R,2026,Monaco Grand Prix,ALB,LAW,30,2026-06-07 13:39:20.968,2026-06-07 13:39:35.968,15.0,15.0,2026-06-07 13:39:50.968,30.0,28,55,93.40222222222178,1.6322718446601865,49.69944444444445,206.0,77.0,129.0,83.58754466564605,1.959,True,10.0,9.0,1007.7886111111111,straight_03,136.4718326761406,482.86980831869164,MEDIUM,28.0,1.0,0.6555152610052016,2261.235286617749,44568.227050237445,400.0,False,1,False,CLOSE_INTERACTION_NO_PASS,0.0,,False,0.0,194.49570262140105,11.504297378598949,2.8974349999999998,True,2.8974349999999998,61.78749789577598,10,True,3.0,straight,0.28920044827181873,3484.7408333333333,19,431.47976220214423,0,monaco_2026_R|ALB|LAW,monaco_2026_R|L28|monaco_2026_R|ALB|LAW,,False,v4_t0_anchored_30s_horizon
monaco_2026_R_00466,monaco_2026_R,2026,Monaco Grand Prix,SAI,ALB,23,2026-06-07 13:39:24.049,2026-06-07 13:39:39.209,15.16,15.16,2026-06-07 13:39:54.049,30.0,28,56,91.80111111111091,1.6279999999999966,40.59638888888776,203.0,74.0,129.0,91.13819479857234,1.9609999999999999,True,11.0,10.0,1008.6119444444445,straight_03,135.6484993428072,482.04647498535826,MEDIUM,28.0,1.0,0.47562373364162475,2251.508803854149,44443.996925032,399.9999999999999,False,1,False,CLOSE_INTERACTION_NO_PASS,0.0,,False,0.0,204.31772972972962,-1.3177297297296207,3.064978,True,3.064978,62.85807589971201,11,True,3.0,straight,0.28943671644001584,3484.7408333333333,19,431.47976220214423,0,monaco_2026_R|ALB|SAI,monaco_2026_R|L28|monaco_2026_R|ALB|SAI,,False,v4_t0_anchored_30s_horizon
monaco_2026_R_00467,monaco_2026_R,2026,Monaco Grand Prix,BOR,PIA,81,2026-06-07 13:39:26.608,2026-06-07 13:39:57.049,30.441,30.441,2026-06-07 13:39:56.608,30.0,27,110,85.88805555555496,1.128456204379554,18.35416666666697,274.0,136.0,138.0,74.76365492598157,1.959,True,19.0,6.0,1924.2102777777768,straight_05,174.33686912769463,283.23460901925773,HARD,26.0,2.0,0.3838132498347107,9607.672689920777,72309.6251772163,400.0,False,1,False,LAPPED_UNLAPPED,,,False,0.0,262.48884313725426,11.511156862745736,1.65516,True,1.65516,43.71356398951603,12,True,3.0,straight,0.5521817460201685,3484.7408333333333,19,431.47976220214423,0,monaco_2026_R|BOR|PIA,monaco_2026_R|L27|monaco_2026_R|BOR|PIA,,False,v4_t0_anchored_30s_horizon
monaco_2026_R_00468,monaco_2026_R,2026,Monaco Grand Prix,PER,STR,18,2026-06-07 13:39:31.769,2026-06-07 13:39:45.649,13.88,13.88,2026-06-07 13:40:01.769,30.0,27,49,99.77583333333223,1.610730941704018,36.45833333333212,223.0,125.0,98.0,45.06249999999909,1.92,True,18.0,17.0,2529.8236111111123,corner_T13,51.477733119832465,523.4374600200767,MEDIUM,23.0,3.0,0.5717292089008681,5126.507483525546,75142.77400791766,400.0,False,1,False,CLOSE_INTERACTION_NO_PASS,0.0,,False,0.0,223.88958116995553,-0.8895811699555338,2.115644,True,2.115644,16.013804697198296,14,True,3.0,corner,0.7259718102741105,3484.7408333333333,19,431.47976220214423,0,monaco_2026_R|PER|STR,monaco_2026_R|L27|monaco_2026_R|PER|STR,,True,v4_t0_anchored_30s_horizon
monaco_2026_R_00469,monaco_2026_R,2026,Monaco Grand Prix,OCO,ANT,12,2026-06-07 13:39:39.209,2026-06-07 13:39:43.689,4.48,4.48,2026-06-07 13:40:09.209,30.0,28,16,96.53083333333257,3.4407029702970027,75.51694444444388,101.0,47.0,54.0,33.897959183674246,1.96,True,15.0,1.0,1138.2622222222226,brake_T5,5.998221565029098,352.39619720758014,HARD,19.0,2.0,0.9778674274859985,7092.041213707048,17417.835336104472,400.0,False,1,False,LAPPED_UNLAPPED,,,False,0.0,99.33395061728451,1.6660493827154852,4.5809809999999995,True,4.5809809999999995,26.1801622489722,12,True,3.0,brake,0.32664185850900607,3484.7408333333333,19,431.47976220214423,0,monaco_2026_R|ANT|OCO,monaco_2026_R|L28|monaco_2026_R|ANT|OCO,,False,v4_t0_anchored_30s_horizon
monaco_2026_R_00470,monaco_2026_R,2026,Monaco Grand Prix,PIA,RUS,63,2026-06-07 13:39:44.649,2026-06-07 13:39:51.809,7.16,7.16,2026-06-07 13:40:14.649,30.0,28,28,87.21194444444518,1.7063206521739276,53.483333333334485,184.0,73.0,111.0,48.43478260869639,1.8399999999999999,True,6.0,5.0,2755.71861111111,corner_T16,33.86968209355291,297.54246002007903,MEDIUM,28.0,1.0,0.985366743590846,11197.615641616147,29479.15526946101,400.0,False,1,False,CLOSE_INTERACTION_NO_PASS,0.0,,False,0.0,171.6562499999994,12.343750000000597,2.527875,True,2.527875,4.623872543457956,11,True,3.0,corner,0.790795856251704,3484.7408333333333,19,431.47976220214423,0,monaco_2026_R|PIA|RUS,monaco_2026_R|L28|monaco_2026_R|PIA|RUS,,True,v4_t0_anchored_30s_horizon
monaco_2026_R_00471,monaco_2026_R,2026,Monaco Grand Prix,COL,SAI,55,2026-06-07 13:39:51.249,2026-06-07 13:39:57.649,6.4,6.4,2026-06-07 13:40:21.249,30.0,28,24,93.81638888889051,1.2281418181818395,35.65027777777982,275.0,110.0,165.0,108.16471188169334,1.9609999999999999,True,12.0,11.0,1920.8288888888883,straight_05,177.71825801658315,286.61599790814626,MEDIUM,28.0,1.0,0.7285945840042704,9698.323217133458,72666.04170552426,400.0,False,1,False,CLOSE_INTERACTION_NO_PASS,0.0,,False,0.0,275.0,0.0,2.013741,True,2.013741,75.2627514714333,11,True,3.0,straight,0.5512114044508489,3484.7408333333333,19,431.47976220214423,0,monaco_2026_R|COL|SAI,monaco_2026_R|L28|monaco_2026_R|COL|SAI,,False,v4_t0_anchored_30s_horizon
monaco_2026_R_00472,monaco_2026_R,2026,Monaco Grand Prix,BEA,NOR,1,2026-06-07 13:39:55.528,2026-06-07 13:40:01.968,6.44,6.44,2026-06-07 13:40:25.528,30.0,27,22,95.56138888888881,1.9771321839080447,60.16166666666595,174.0,53.0,121.0,76.08000000000038,2.0,True,20.0,8.0,2757.0886111111113,corner_T16,32.499682093551655,296.1724600200778,HARD,26.0,2.0,0.7455586783760669,11242.942771352402,29434.09329232602,400.0,False,1,False,LAPPED_UNLAPPED,,,False,0.0,176.08788759689935,-2.0878875968993498,3.604273,True,3.604273,52.96323478356634,12,True,3.0,corner,0.7911889988311741,3484.7408333333333,19,431.47976220214423,0,monaco_2026_R|BEA|NOR,monaco_2026_R|L27|monaco_2026_R|BEA|NOR,,True,v4_t0_anchored_30s_horizon
monaco_2026_R_00473,monaco_2026_R,2026,Monaco Grand Prix,BOR,PIA,81,2026-06-07 13:40:00.648,2026-06-07 13:40:06.089,5.441,5.441,2026-06-07 13:40:30.648,30.0,28,22,76.81861111111111,1.0475265151515152,32.898055555555544,264.0,144.0,120.0,60.644606565920206,1.919,True,19.0,6.0,64.5322222222222,straight_01,158.72020281486968,218.72020281486968,HARD,27.0,2.0,0.4092690740991326,15711.974329088473,58301.72918230465,400.0,False,1,False,LAPPED_UNLAPPED,,,False,0.0,263.8931558935361,0.10684410646388187,1.562361,True,1.562361,77.40248635806793,10,True,3.0,straight,0.018518514090040326,3484.7408333333333,19,431.47976220214423,0,monaco_2026_R|BOR|PIA,monaco_2026_R|L28|monaco_2026_R|BOR|PIA,,False,v4_t0_anchored_30s_horizon
monaco_2026_R_00474,monaco_2026_R,2026,Monaco Grand Prix,PER,STR,18,2026-06-07 13:40:02.489,2026-06-07 13:40:28.809,26.32,26.32,2026-06-07 13:40:32.489,30.0,28,98,96.25388888888892,1.567936651583711,18.953333333333376,221.0,148.0,73.0,71.21835958718094,1.841,True,18.0,17.0,635.538611111111,corner_T2,152.75164692037322,339.55909724239916,MEDIUM,24.0,3.0,0.5713485782249865,5876.881631880369,67933.52629029413,400.0000000000001,False,1,False,CLOSE_INTERACTION_NO_PASS,0.0,,False,0.0,223.69363425925937,-2.693634259259369,1.980884,True,1.980884,69.36149715002135,9,True,3.0,corner,0.1823775831567898,3484.7408333333333,19,431.47976220214423,0,monaco_2026_R|PER|STR,monaco_2026_R|L28|monaco_2026_R|PER|STR,,False,v4_t0_anchored_30s_horizon
monaco_2026_R_00475,monaco_2026_R,2026,Monaco Grand Prix,ALO,HAM,44,2026-06-07 13:40:04.969,2026-06-07 13:40:20.129,15.16,15.16,2026-06-07 13:40:34.969,30.0,28,53,97.46777777777766,1.7632361809045203,54.14166666666597,199.0,77.0,122.0,79.1800000000005,2.0,True,16.0,3.0,1008.9433333333334,straight_03,135.3171104539183,481.71508609646935,SOFT,25.0,2.0,0.6940560285275105,2247.593927357197,44393.994718766786,400.0,False,1,False,PIT_RELATED,,,False,0.0,195.50596465390282,3.494035346097178,2.861556,True,2.861556,51.95215063357689,12,True,3.0,straight,0.2895318135805891,3484.7408333333333,19,431.47976220214423,0,monaco_2026_R|ALO|HAM,monaco_2026_R|L28|monaco_2026_R|ALO|HAM,,False,v4_t0_anchored_30s_horizon
monaco_2026_R_00476,monaco_2026_R,2026,Monaco Grand Prix,ALB,LAW,30,2026-06-07 13:40:06.529,2026-06-07 13:40:12.369,5.84,5.84,2026-06-07 13:40:36.529,30.0,28,21,85.20527777777852,1.6946906077348214,66.20055555555655,181.0,56.0,125.0,95.34090909091043,1.76,True,10.0,9.0,2783.0747222222226,brake_T17,6.513570982440342,270.18634890896647,MEDIUM,28.0,1.0,0.6864576237821511,12278.188987406229,27022.671964763198,400.0,False,1,False,CLOSE_INTERACTION_NO_PASS,0.0,,False,0.0,176.06990606936438,4.930093930635621,3.244653,True,3.244653,66.04863537633057,10,True,3.0,brake,0.7986461132491363,3484.7408333333333,19,431.47976220214423,0,monaco_2026_R|ALB|LAW,monaco_2026_R|L28|monaco_2026_R|ALB|LAW,,True,v4_t0_anchored_30s_horizon
monaco_2026_R_00477,monaco_2026_R,2026,Monaco Grand Prix,SAI,ALB,23,2026-06-07 13:40:09.049,2026-06-07 13:40:15.729,6.68,6.68,2026-06-07 13:40:39.049,30.0,28,28,99.48055555555356,1.9896111111110713,59.213888888886686,180.0,63.0,117.0,66.48464341489007,1.921,True,11.0,10.0,2750.9900000000016,corner_T15,4.260931447273379,302.27107113118745,MEDIUM,28.0,1.0,0.4948562076033246,11051.752356660058,29493.984638618935,400.0,False,1,False,CLOSE_INTERACTION_NO_PASS,0.0,,False,0.0,169.49110991379382,10.50889008620618,3.16612,True,3.16612,27.7120918435893,9,True,3.0,corner,0.7894389085367185,3484.7408333333333,19,431.47976220214423,0,monaco_2026_R|ALB|SAI,monaco_2026_R|L28|monaco_2026_R|ALB|SAI,,True,v4_t0_anchored_30s_horizon
monaco_2026_R_00478,monaco_2026_R,2026,Monaco Grand Prix,STR,ALO,14,2026-06-07 13:40:13.568,2026-06-07 13:40:18.529,4.961,4.961,2026-06-07 13:40:43.568,30.0,28,19,97.81000000000063,3.7064842105263396,68.08777777777846,95.0,44.0,51.0,24.906953476738064,1.999,True,17.0,16.0,1126.8011111111111,brake_T5,17.459332676140548,363.8573083186916,SOFT,24.0,2.0,0.06337046785780168,6428.609857028856,19897.51960878409,400.0,False,1,False,CLOSE_INTERACTION_NO_PASS,0.0,,False,0.0,88.71619850187234,6.283801498127659,4.28873,True,4.28873,14.187638874263394,13,True,3.0,brake,0.323352916329582,3484.7408333333333,19,431.47976220214423,0,monaco_2026_R|ALO|STR,monaco_2026_R|L28|monaco_2026_R|ALO|STR,,False,v4_t0_anchored_30s_horizon
monaco_2026_R_00479,monaco_2026_R,2026,Monaco Grand Prix,PIA,RUS,63,2026-06-07 13:40:17.849,2026-06-07 13:40:34.168,16.319,16.319,2026-06-07 13:40:47.849,30.0,29,60,98.58472222222224,1.7483004926108379,44.58333333333235,203.0,85.0,118.0,52.86363636363611,1.76,True,6.0,5.0,976.2288888888888,straight_03,168.03155489836286,514.4295305409139,MEDIUM,29.0,1.0,0.8942484512581704,2962.617664969203,47882.30012276487,400.0,False,1,False,CLOSE_INTERACTION_NO_PASS,0.0,,False,0.0,189.82857142857154,13.171428571428464,2.525,True,2.525,6.193620064287828,11,True,3.0,straight,0.28014390038729964,3484.7408333333333,19,431.47976220214423,0,monaco_2026_R|PIA|RUS,monaco_2026_R|L29|monaco_2026_R|PIA|RUS,,False,v4_t0_anchored_30s_horizon
monaco_2026_R_00480,monaco_2026_R,2026,Monaco Grand Prix,COL,SAI,55,2026-06-07 13:40:25.409,2026-06-07 13:40:29.969,4.56,4.56,2026-06-07 13:40:55.409,30.0,29,20,99.6088888888889,1.338029850746269,55.55222222222227,268.0,130.0,138.0,90.3818181818235,1.76,True,12.0,11.0,63.31555555555555,straight_01,159.93686948153635,219.93686948153635,MEDIUM,29.0,1.0,0.7589277485970767,15688.971090067314,58605.962918249075,400.0,False,1,False,CLOSE_INTERACTION_NO_PASS,0.0,,False,0.0,264.4951515151515,3.5048484848484804,1.85903,True,1.85903,39.26210782966225,12,True,3.0,straight,0.018169372869830027,3484.7408333333333,19,431.47976220214423,0,monaco_2026_R|COL|SAI,monaco_2026_R|L29|monaco_2026_R|COL|SAI,,False,v4_t0_anchored_30s_horizon
monaco_2026_R_00481,monaco_2026_R,2026,Monaco Grand Prix,PER,STR,18,2026-06-07 13:40:36.049,2026-06-07 13:41:06.129,30.08,30.08,2026-06-07 13:41:06.049,30.0,28,99,98.64999999999964,1.3659230769230721,21.41749999999911,260.0,120.0,140.0,76.35140882509347,1.881,True,18.0,17.0,1907.426111111111,straight_05,191.12103579436052,300.01877568592363,MEDIUM,24.0,3.0,0.5390328087862337,10057.63381747949,74078.76638233855,400.0,False,1,False,CLOSE_INTERACTION_NO_PASS,0.0,,False,0.0,269.0,-9.0,1.924371,True,1.924371,37.28001093991223,11,True,3.0,straight,0.547365271146021,3484.7408333333333,19,431.47976220214423,0,monaco_2026_R|PER|STR,monaco_2026_R|L28|monaco_2026_R|PER|STR,,False,v4_t0_anchored_30s_horizon
monaco_2026_R_00482,monaco_2026_R,2026,Monaco Grand Prix,LIN,COL,43,2026-06-07 13:40:37.129,2026-06-07 13:41:04.049,26.92,26.92,2026-06-07 13:41:07.129,30.0,29,98,97.73611111111109,1.3584942084942082,29.54472222222239,259.0,174.0,85.0,39.47267048412271,1.921,True,13.0,12.0,602.5450000000001,brake_T2,22.05556105806454,372.55270835351007,MEDIUM,29.0,1.0,0.8288320231977674,6348.866592806929,74073.34404602755,400.0,False,1,False,CLOSE_INTERACTION_NO_PASS,0.0,,False,0.0,261.57097352454497,-2.570973524544968,1.679957,True,1.679957,17.701345932300633,10,True,3.0,brake,0.1729095587931097,3484.7408333333333,19,431.47976220214423,0,monaco_2026_R|COL|LIN,monaco_2026_R|L29|monaco_2026_R|COL|LIN,,False,v4_t0_anchored_30s_horizon
monaco_2026_R_00483,monaco_2026_R,2026,Monaco Grand Prix,ALB,LAW,30,2026-06-07 13:40:39.809,2026-06-07 13:40:55.089,15.28,15.28,2026-06-07 13:41:09.809,30.0,29,54,99.51055555555536,1.7475024390243867,45.143333333333885,205.0,77.0,128.0,82.21276595744715,1.88,True,10.0,9.0,993.9133333333331,straight_03,150.34711045391862,496.74508609646966,MEDIUM,29.0,1.0,0.5893270650750109,2509.7416158214774,46289.04698172594,399.9999999999999,False,1,False,CLOSE_INTERACTION_NO_PASS,0.0,,False,0.0,200.3318181818184,4.668181818181608,3.030333,True,3.030333,51.628815741077915,10,True,3.0,straight,0.28521872382188146,3484.7408333333333,19,431.47976220214423,0,monaco_2026_R|ALB|LAW,monaco_2026_R|L29|monaco_2026_R|ALB|LAW,,False,v4_t0_anchored_30s_horizon
monaco_2026_R_00484,monaco_2026_R,2026,Monaco Grand Prix,SAI,ALB,23,2026-06-07 13:40:42.729,2026-06-07 13:40:59.049,16.32,16.32,2026-06-07 13:41:12.729,30.0,29,59,98.55916666666656,1.714072463768114,40.092222222221835,207.0,79.0,128.0,81.16102165463631,1.8010000000000002,True,11.0,10.0,995.015833333333,straight_03,149.24461045391865,495.6425860964697,MEDIUM,29.0,1.0,0.48694136564057716,2481.5079980929754,46189.71892007755,399.9999999999999,False,1,False,CLOSE_INTERACTION_NO_PASS,0.0,,False,0.0,205.37980861244017,1.620191387559828,2.901009,True,2.901009,34.75258163614632,12,True,3.0,straight,0.28553510316046926,3484.7408333333333,19,431.47976220214423,0,monaco_2026_R|ALB|SAI,monaco_2026_R|L29|monaco_2026_R|ALB|SAI,,False,v4_t0_anchored_30s_horizon
monaco_2026_R_00485,monaco_2026_R,2026,Monaco Grand Prix,BOR,PIA,81,2026-06-07 13:40:45.089,2026-06-07 13:41:15.169,30.08,30.08,2026-06-07 13:41:15.089,30.0,28,107,98.37722222222419,1.2925474452555004,10.159166666671808,274.0,140.0,134.0,67.97872340425403,1.88,True,19.0,6.0,1901.5152777777769,straight_05,197.03186912769456,305.92960901925767,HARD,27.0,2.0,0.36337126645894546,10216.095377370977,74701.79992426463,399.9999999999998,False,1,False,LAPPED_UNLAPPED,,,False,0.0,270.57069444444477,3.4293055555552314,1.750437,True,1.750437,32.5154364044448,12,True,3.0,straight,0.545669066574136,3484.7408333333333,19,431.47976220214423,0,monaco_2026_R|BOR|PIA,monaco_2026_R|L28|monaco_2026_R|BOR|PIA,,False,v4_t0_anchored_30s_horizon
monaco_2026_R_00486,monaco_2026_R,2026,Monaco Grand Prix,STR,ALO,14,2026-06-07 13:40:54.888,2026-06-07 13:40:58.689,3.801,3.801,2026-06-07 13:41:24.888,30.0,28,17,96.12083333333385,1.9224166666666769,85.52083333333394,180.0,76.0,104.0,98.99782490483898,1.839,True,17.0,16.0,2767.6322222222216,corner_T16,21.95607098244136,285.6288489089675,SOFT,24.0,2.0,0.07121851016198154,11591.783376258605,29087.29331947297,400.0,False,1,False,CLOSE_INTERACTION_NO_PASS,0.0,,False,0.0,181.182320441989,-1.1823204419889919,4.257342,True,4.257342,78.01734164154178,11,True,3.0,corner,0.7942146502685078,3484.7408333333333,19,431.47976220214423,0,monaco_2026_R|ALO|STR,monaco_2026_R|L28|monaco_2026_R|ALO|STR,,True,v4_t0_anchored_30s_horizon
monaco_2026_R_00487,monaco_2026_R,2026,Monaco Grand Prix,OCO,HUL,27,2026-06-07 13:40:57.889,2026-06-07 13:41:01.969,4.08,4.08,2026-06-07 13:41:27.889,30.0,29,17,97.38999999999987,3.471326732673263,77.97888888888929,101.0,,,33.07999999999993,2.0,True,15.0,,1137.8944444444446,brake_T5,6.365999342807072,352.7639749853581,HARD,20.0,2.0,0.9693788151916019,7070.7522385194,17497.406397108578,400.0,False,1,False,INVALID,,,False,0.0,,,,False,,,0,False,3.0,brake,0.3265363190168694,3484.7408333333333,19,431.47976220214423,0,monaco_2026_R|HUL|OCO,monaco_2026_R|L29|monaco_2026_R|HUL|OCO,,False,v4_t0_anchored_30s_horizon
monaco_2026_R_00488,monaco_2026_R,2026,Monaco Grand Prix,PIA,RUS,63,2026-06-07 13:40:57.889,2026-06-07 13:41:11.209,13.32,13.32,2026-06-07 13:41:27.889,30.0,29,50,98.74555555555435,1.6381751152073531,41.560833333332084,217.0,116.0,101.0,70.09999999999982,2.0,True,6.0,5.0,2543.7683333333334,corner_T13,37.53301089761135,509.4927377978556,MEDIUM,29.0,1.0,0.9171442864354644,4789.708936647245,72977.55411690054,400.0,False,1,False,CLOSE_INTERACTION_NO_PASS,0.0,,False,0.0,218.0,-1.0,2.294788,True,2.294788,46.36101108925153,12,True,3.0,corner,0.7299734628758858,3484.7408333333333,19,431.47976220214423,0,monaco_2026_R|PIA|RUS,monaco_2026_R|L29|monaco_2026_R|PIA|RUS,,True,v4_t0_anchored_30s_horizon
monaco_2026_R_00489,monaco_2026_R,2026,Monaco Grand Prix,COL,SAI,55,2026-06-07 13:41:10.249,2026-06-07 13:41:16.289,6.04,6.04,2026-06-07 13:41:40.249,30.0,29,26,95.876944444444,1.2505688405797044,37.02138888888885,276.0,112.0,164.0,106.38297872340314,1.88,True,12.0,11.0,1923.6286111111115,straight_05,174.91853579435997,283.8162756859231,MEDIUM,29.0,1.0,0.7362906903482085,9623.266397633164,72370.93596422645,399.9999999999998,False,1,False,CLOSE_INTERACTION_NO_PASS,0.0,,False,0.0,273.0,3.0,2.001278,True,2.001278,74.50655638287644,12,True,3.0,straight,0.5520148278203697,3484.7408333333333,19,431.47976220214423,0,monaco_2026_R|COL|SAI,monaco_2026_R|L29|monaco_2026_R|COL|SAI,,False,v4_t0_anchored_30s_horizon
monaco_2026_R_00490,monaco_2026_R,2026,Monaco Grand Prix,PER,STR,18,2026-06-07 13:41:10.449,2026-06-07 13:41:15.609,5.16,5.16,2026-06-07 13:41:40.449,30.0,29,22,99.50333333333333,1.3724597701149426,53.22555555555559,261.0,148.0,113.0,24.671874999995254,1.92,True,18.0,17.0,54.620555555555555,straight_01,168.63186948153634,228.63186948153634,MEDIUM,25.0,3.0,0.5539349917085142,15524.576709281871,60780.192233895745,400.0,False,1,False,CLOSE_INTERACTION_NO_PASS,0.0,,False,0.0,262.0,-1.0,1.7005219999999999,True,1.7005219999999999,45.18959333274697,13,True,3.0,straight,0.015674208834436675,3484.7408333333333,19,431.47976220214423,0,monaco_2026_R|PER|STR,monaco_2026_R|L29|monaco_2026_R|PER|STR,,False,v4_t0_anchored_30s_horizon
monaco_2026_R_00491,monaco_2026_R,2026,Monaco Grand Prix,LIN,COL,43,2026-06-07 13:41:13.569,2026-06-07 13:41:18.049,4.48,4.48,2026-06-07 13:41:43.569,30.0,29,20,96.05694444444521,1.3943750000000112,46.53388888888958,248.0,76.0,172.0,171.6888888888884,1.8,True,13.0,12.0,1958.510833333333,straight_05,140.0363135721384,248.9340534637015,MEDIUM,29.0,1.0,0.8042289660050779,8688.120533404068,68694.16261675215,399.9999999999998,False,1,False,CLOSE_INTERACTION_NO_PASS,0.0,,False,0.0,228.52720264317355,19.472797356826447,2.8099730000000003,True,2.8099730000000003,149.43908652894868,12,True,3.0,straight,0.5620248182014491,3484.7408333333333,19,431.47976220214423,0,monaco_2026_R|COL|LIN,monaco_2026_R|L29|monaco_2026_R|COL|LIN,,False,v4_t0_anchored_30s_horizon
monaco_2026_R_00492,monaco_2026_R,2026,Monaco Grand Prix,BOR,PIA,81,2026-06-07 13:41:19.889,2026-06-07 13:41:23.689,3.8,3.8,2026-06-07 13:41:49.889,30.0,29,13,86.1175,1.1743295454545457,64.10472222222222,264.0,113.0,151.0,68.08913043479168,1.8399999999999999,True,19.0,6.0,87.48444444444442,straight_01,135.76798059264746,195.76798059264746,HARD,28.0,2.0,0.3753460307052862,16145.926756905847,52562.408375543004,400.0,False,1,False,LAPPED_UNLAPPED,,,False,0.0,240.57402777777781,23.425972222222185,1.982391,True,1.982391,74.25852963457079,11,True,3.0,straight,0.025105007410482535,3484.7408333333333,19,431.47976220214423,0,monaco_2026_R|BOR|PIA,monaco_2026_R|L29|monaco_2026_R|BOR|PIA,,False,v4_t0_anchored_30s_horizon
monaco_2026_R_00493,monaco_2026_R,2026,Monaco Grand Prix,SAI,ALB,23,2026-06-07 13:41:23.289,2026-06-07 13:41:35.689,12.4,12.4,2026-06-07 13:41:53.289,30.0,29,40,89.42305555555458,1.5703560975609585,36.653055555555056,205.0,109.0,96.0,92.27659574468257,1.88,True,11.0,10.0,2575.789166666666,corner_T13,5.5121775642787725,477.47190446452305,MEDIUM,29.0,1.0,0.47107693105881493,4171.304925159185,67608.569247788,400.0,False,1,False,CLOSE_INTERACTION_NO_PASS,0.0,,False,0.0,167.30292307692326,37.697076923076736,2.571256,True,2.571256,86.28372967732419,10,True,3.0,corner,0.7391623336886123,3484.7408333333333,19,431.47976220214423,0,monaco_2026_R|ALB|SAI,monaco_2026_R|L29|monaco_2026_R|ALB|SAI,,True,v4_t0_anchored_30s_horizon
monaco_2026_R_00494,monaco_2026_R,2026,Monaco Grand Prix,ALB,LAW,30,2026-06-07 13:41:25.969,2026-06-07 13:41:30.409,4.44,4.44,2026-06-07 13:41:55.969,30.0,29,19,93.54277777777816,2.0916397515528034,83.28722222222268,161.0,61.0,100.0,102.43478260869533,1.8399999999999999,True,10.0,9.0,2779.2869444444427,brake_T17,10.301348760220208,273.97412668674633,MEDIUM,29.0,1.0,0.6193762042891303,12065.156347427073,27925.34326610022,400.0,False,1,False,CLOSE_INTERACTION_NO_PASS,0.0,,False,0.0,173.5051207513422,-12.50512075134219,3.751151,True,3.751151,84.4099763631868,10,True,3.0,brake,0.7975591521352572,3484.7408333333333,19,431.47976220214423,0,monaco_2026_R|ALB|LAW,monaco_2026_R|L29|monaco_2026_R|ALB|LAW,,True,v4_t0_anchored_30s_horizon
monaco_2026_R_00495,monaco_2026_R,2026,Monaco Grand Prix,ALO,HAM,44,2026-06-07 13:41:28.129,2026-06-07 13:41:33.729,5.6,5.6,2026-06-07 13:41:58.129,30.0,29,22,98.44250000000056,4.375222222222248,65.39805555555586,81.0,52.0,29.0,8.025531914892996,1.88,True,16.0,3.0,1118.333333333333,brake_T5,25.927110453918658,372.3250860964697,SOFT,26.0,2.0,0.6554131002142981,5938.448890548532,21729.577179515214,400.0,False,1,False,LAPPED_UNLAPPED,,,False,0.0,85.16660326086955,-4.16660326086955,3.903706,True,3.903706,-8.125730200771653,12,True,3.0,brake,0.3209229572070041,3484.7408333333333,19,431.47976220214423,0,monaco_2026_R|ALO|HAM,monaco_2026_R|L29|monaco_2026_R|ALO|HAM,,False,v4_t0_anchored_30s_horizon
monaco_2026_R_00496,monaco_2026_R,2026,Monaco Grand Prix,PIA,RUS,63,2026-06-07 13:41:29.449,2026-06-07 13:41:33.929,4.48,4.48,2026-06-07 13:41:59.449,30.0,30,16,99.0611111111109,2.0854970760233873,86.59444444444398,171.0,146.0,25.0,70.74659090909105,1.76,True,6.0,5.0,699.8488888888887,brake_T3,88.44136914259548,275.2488194646214,MEDIUM,30.0,1.0,0.9601948807476534,6014.286093136678,42951.83100536798,400.0,False,1,False,CLOSE_INTERACTION_NO_PASS,0.0,,False,0.0,172.6356266432954,-1.63562664329541,2.4297969999999998,True,2.4297969999999998,85.24465149943863,14,True,3.0,brake,0.20083240687355433,3484.7408333333333,19,431.47976220214423,0,monaco_2026_R|PIA|RUS,monaco_2026_R|L30|monaco_2026_R|PIA|RUS,,False,v4_t0_anchored_30s_horizon
monaco_2026_R_00497,monaco_2026_R,2026,Monaco Grand Prix,STR,ALO,14,2026-06-07 13:41:32.049,2026-06-07 13:41:41.449,9.4,9.4,2026-06-07 13:42:02.049,30.0,29,29,98.97805555555533,4.510392405063281,61.92249999999967,79.0,48.0,31.0,14.000000000000057,1.92,True,17.0,16.0,1113.282777777778,brake_T5,30.97766600947375,377.3756416520248,SOFT,25.0,2.0,0.0824688433683419,5646.095305305648,22822.296991581512,400.0,False,1,False,CLOSE_INTERACTION_NO_PASS,0.0,,False,0.0,76.34296398750098,2.65703601249902,4.144469,True,4.144469,2.37308020476808,13,True,3.0,brake,0.3194736225800947,3484.7408333333333,19,431.47976220214423,0,monaco_2026_R|ALO|STR,monaco_2026_R|L29|monaco_2026_R|ALO|STR,,False,v4_t0_anchored_30s_horizon
monaco_2026_R_00498,monaco_2026_R,2026,Monaco Grand Prix,COL,ANT,12,2026-06-07 13:41:44.809,2026-06-07 13:42:23.049,38.24,38.24,2026-06-07 13:42:14.809,30.0,30,145,14.512777777777774,0.21412295081967211,11.707777777778801,244.0,274.0,-30.0,,,False,12.0,1.0,28.508888888888883,straight_01,194.743536148203,254.743536148203,MEDIUM,30.0,1.0,0.787449204384635,15030.889386344257,67309.548317514,400.0,False,1,False,LAPPED_UNLAPPED,,,False,0.0,271.5874080882353,-27.587408088235293,0.193007,True,0.193007,-18.67783963488702,12,True,3.0,straight,0.008181064317950631,3484.7408333333333,19,431.47976220214423,0,monaco_2026_R|ANT|COL,monaco_2026_R|L30|monaco_2026_R|ANT|COL,,False,v4_t0_anchored_30s_horizon
monaco_2026_R_00499,monaco_2026_R,2026,Monaco Grand Prix,LIN,COL,43,2026-06-07 13:41:47.609,2026-06-07 13:41:52.369,4.76,4.76,2026-06-07 13:42:17.609,30.0,30,20,91.54777777777777,1.277410852713178,49.61861111111108,258.0,113.0,145.0,77.53163265306785,1.96,True,13.0,12.0,74.58277777777778,straight_01,148.6696472593141,208.6696472593141,MEDIUM,30.0,1.0,0.8244395190796582,15901.997889422599,55788.53625218108,400.0,False,1,False,CLOSE_INTERACTION_NO_PASS,0.0,,False,0.0,230.97718061674007,27.02281938325993,2.092572,True,2.092572,76.34264305767606,11,True,3.0,straight,0.021402675649320965,3484.7408333333333,19,431.47976220214423,0,monaco_2026_R|COL|LIN,monaco_2026_R|L30|monaco_2026_R|COL|LIN,,False,v4_t0_anchored_30s_horizon
monaco_2026_R_00500,monaco_2026_R,2026,Monaco Grand Prix,HUL,LIN,41,2026-06-07 13:41:47.970,2026-06-07 13:44:22.250,154.28,154.28,2026-06-07 13:42:17.970,30.0,30,592,54.824999999999996,0.7177090909090909,10.178611111111195,275.0,251.0,24.0,,,False,14.0,13.0,44.841944444444444,straight_01,178.41048059264745,238.41048059264745,HARD,18.0,2.0,0.11616588589503436,15339.694740500647,63225.38406185274,400.0,False,1,False,CLOSE_INTERACTION_NO_PASS,0.0,,False,0.0,264.0,11.0,0.773829,True,0.773829,,2,False,3.0,straight,0.01286808591775556,3484.7408333333333,19,431.47976220214423,0,monaco_2026_R|HUL|LIN,monaco_2026_R|L30|monaco_2026_R|HUL|LIN,,False,v4_t0_anchored_30s_horizon
monaco_2026_R_00501,monaco_2026_R,2026,Monaco Grand Prix,PER,STR,18,2026-06-07 13:41:55.209,2026-06-07 13:42:06.529,11.32,11.32,2026-06-07 13:42:25.209,30.0,29,43,90.59138888888742,1.268984435797645,37.091388888887195,257.0,119.0,138.0,75.52865853658543,1.6400000000000001,True,18.0,17.0,1927.9227777777787,straight_05,170.62436912769272,279.5221090192558,MEDIUM,25.0,3.0,0.5069920336531518,9508.145515337825,71918.3077615555,400.0,False,1,False,CLOSE_INTERACTION_NO_PASS,0.0,,False,0.0,269.0,-12.0,1.731609,True,1.731609,32.88977760455655,12,True,3.0,straight,0.5532471050174546,3484.7408333333333,19,431.47976220214423,0,monaco_2026_R|PER|STR,monaco_2026_R|L29|monaco_2026_R|PER|STR,,False,v4_t0_anchored_30s_horizon
monaco_2026_R_00502,monaco_2026_R,2026,Monaco Grand Prix,ALB,LAW,30,2026-06-07 13:41:58.889,2026-06-07 13:42:13.649,14.76,14.76,2026-06-07 13:42:28.889,30.0,30,55,92.8041666666669,1.6297317073170774,47.84638888888844,205.0,75.0,130.0,85.85999999999989,2.0,True,10.0,9.0,1010.8113888888888,straight_03,133.44905489836287,479.8470305409139,MEDIUM,30.0,1.0,0.6083253020309736,2225.5255749330454,44112.12980918295,400.0,False,1,False,CLOSE_INTERACTION_NO_PASS,0.0,,False,0.0,184.5785256410255,20.421474358974507,2.924203,True,2.924203,56.61555787508029,12,True,3.0,straight,0.29006788086504437,3484.7408333333333,19,431.47976220214423,0,monaco_2026_R|ALB|LAW,monaco_2026_R|L30|monaco_2026_R|ALB|LAW,,False,v4_t0_anchored_30s_horizon
monaco_2026_R_00503,monaco_2026_R,2026,Monaco Grand Prix,SAI,ALB,23,2026-06-07 13:42:01.769,2026-06-07 13:42:17.969,16.2,16.2,2026-06-07 13:42:31.769,30.0,30,59,94.21777777777788,1.646524271844662,37.806666666666615,206.0,75.0,131.0,89.84666666666658,1.8,True,11.0,10.0,1000.9102777777777,straight_03,143.35016600947404,489.7481416520251,MEDIUM,30.0,1.0,0.4860278698612956,2342.4927650901477,45606.07669947397,399.9999999999999,False,1,False,CLOSE_INTERACTION_NO_PASS,0.0,,False,0.0,200.65317073170732,5.34682926829268,3.053873,True,3.053873,50.66115438382714,12,True,3.0,straight,0.2872266046885202,3484.7408333333333,19,431.47976220214423,0,monaco_2026_R|ALB|SAI,monaco_2026_R|L30|monaco_2026_R|ALB|SAI,,False,v4_t0_anchored_30s_horizon
monaco_2026_R_00504,monaco_2026_R,2026,Monaco Grand Prix,PIA,RUS,63,2026-06-07 13:42:02.929,2026-06-07 13:42:06.849,3.92,3.92,2026-06-07 13:42:32.929,30.0,30,14,91.32722222222151,1.7581711229946386,69.63833333333264,187.0,75.0,112.0,143.1115557778894,1.999,True,6.0,5.0,1971.1483333333342,straight_05,127.39881357213721,236.29655346370032,MEDIUM,30.0,1.0,0.933551566389232,8349.32600982387,67362.10232303882,400.0000000000002,False,1,False,CLOSE_INTERACTION_NO_PASS,0.0,106.84,True,0.0,216.9854737231673,-29.985473723167303,2.748637,True,2.748637,132.40312825974758,12,True,3.0,straight,0.5656513432730175,3484.7408333333333,19,431.47976220214423,0,monaco_2026_R|PIA|RUS,monaco_2026_R|L30|monaco_2026_R|PIA|RUS,,False,v4_t0_anchored_30s_horizon
monaco_2026_R_00505,monaco_2026_R,2026,Monaco Grand Prix,BOR,PIA,81,2026-06-07 13:42:03.889,2026-06-07 13:42:10.329,6.44,6.44,2026-06-07 13:42:33.889,30.0,29,24,96.14555555555535,1.26322627737226,40.14555555555535,274.0,122.0,152.0,97.93617021276586,1.88,True,19.0,6.0,1912.5097222222234,straight_05,186.037424683248,294.9351645748111,HARD,28.0,2.0,0.298633720124806,9921.348982309855,73542.926500258,400.0,False,1,False,LAPPED_UNLAPPED,,,False,0.0,263.43280852417286,10.567191475827144,1.948774,True,1.948774,59.88595250482424,11,True,3.0,straight,0.548824091573206,3484.7408333333333,19,431.47976220214423,0,monaco_2026_R|BOR|PIA,monaco_2026_R|L29|monaco_2026_R|BOR|PIA,,False,v4_t0_anchored_30s_horizon
monaco_2026_R_00506,monaco_2026_R,2026,Monaco Grand Prix,STR,ALO,14,2026-06-07 13:42:13.249,2026-06-07 13:42:18.809,5.56,5.56,2026-06-07 13:42:43.249,30.0,29,21,97.2827777777793,2.024381502890205,67.61527777777928,173.0,59.0,114.0,78.44680851063923,1.88,True,17.0,16.0,2755.286944444442,corner_T16,34.30134876022112,297.97412668674724,SOFT,25.0,2.0,0.0593256501988656,11183.333735774635,29493.35362965322,400.0,False,1,False,CLOSE_INTERACTION_NO_PASS,0.0,,False,0.0,179.0,-6.0,3.631949,True,3.631949,50.27108457397648,12,True,3.0,corner,0.7906719828598756,3484.7408333333333,19,431.47976220214423,0,monaco_2026_R|ALO|STR,monaco_2026_R|L29|monaco_2026_R|ALO|STR,,True,v4_t0_anchored_30s_horizon
monaco_2026_R_00507,monaco_2026_R,2026,Monaco Grand Prix,OCO,HUL,27,2026-06-07 13:42:16.929,2026-06-07 13:42:20.489,3.56,3.56,2026-06-07 13:42:46.929,30.0,30,14,96.79861111111063,3.1970183486238373,84.33194444444439,109.0,52.0,57.0,41.599999999999,1.8,True,15.0,14.0,1143.8658333333333,brake_T5,0.39461045391840344,346.79258609646945,HARD,21.0,2.0,0.9588425291756657,7416.408658163367,16205.458437588699,400.0,False,1,False,CLOSE_INTERACTION_NO_PASS,0.0,,False,0.0,105.94534534534624,3.05465465465376,4.795819,True,4.795819,32.17565195971589,11,True,3.0,brake,0.3282499009371572,3484.7408333333333,19,431.47976220214423,0,monaco_2026_R|HUL|OCO,monaco_2026_R|L30|monaco_2026_R|HUL|OCO,,False,v4_t0_anchored_30s_horizon
monaco_2026_R_00508,monaco_2026_R,2026,Monaco Grand Prix,PER,STR,18,2026-06-07 13:42:29.369,2026-06-07 13:42:34.890,5.521,5.521,2026-06-07 13:42:59.369,30.0,30,24,94.91583333333338,1.3041870229007642,52.10472222222222,262.0,154.0,108.0,49.924961715155966,1.959,True,18.0,17.0,58.03833333333333,straight_01,165.21409170375856,225.21409170375856,MEDIUM,26.0,3.0,0.5207601486417203,15589.195853783309,59925.55938296875,400.0,False,1,False,CLOSE_INTERACTION_NO_PASS,0.0,,False,0.0,261.91707858048164,0.08292141951835674,1.60895,True,1.60895,24.030448439842807,13,True,3.0,straight,0.01665499275531968,3484.7408333333333,19,431.47976220214423,0,monaco_2026_R|PER|STR,monaco_2026_R|L30|monaco_2026_R|PER|STR,,False,v4_t0_anchored_30s_horizon
monaco_2026_R_00509,monaco_2026_R,2026,Monaco Grand Prix,COL,ANT,12,2026-06-07 13:42:30.969,2026-06-07 13:42:36.329,5.36,5.36,2026-06-07 13:43:00.969,30.0,30,24,93.62527777777882,1.2256400000000136,36.06972222222339,275.0,93.0,182.0,143.4666666666667,1.8,True,12.0,1.0,1936.7622222222221,straight_05,161.7849246832493,270.6826645748124,MEDIUM,30.0,1.0,0.72823519463859,9271.17179670134,70986.58289802015,400.0,False,1,False,LAPPED_UNLAPPED,,,False,0.0,244.75998752642099,30.240012473579014,2.310152,True,2.310152,99.91499191657932,12,True,3.0,straight,0.5557837196086717,3484.7408333333333,19,431.47976220214423,0,monaco_2026_R|ANT|COL,monaco_2026_R|L30|monaco_2026_R|ANT|COL,,False,v4_t0_anchored_30s_horizon
monaco_2026_R_00510,monaco_2026_R,2026,Monaco Grand Prix,PIA,RUS,63,2026-06-07 13:42:36.329,2026-06-07 13:42:39.969,3.64,3.64,2026-06-07 13:43:06.329,30.0,31,14,97.23249999999999,1.3462961538461538,64.1325,260.0,110.0,150.0,134.44614599285103,1.959,True,5.0,8.0,75.80722222222222,straight_01,147.44520281486967,207.44520281486967,MEDIUM,31.0,1.0,0.9124948384442068,15925.148181113296,55482.357643038835,400.0,False,1,False,PIT_RELATED,,73.161,True,-1.0,260.98136951631045,-0.9813695163104512,2.089318,True,2.089318,102.51026975075938,14,True,3.0,straight,0.02175404882253718,3484.7408333333333,19,431.47976220214423,0,monaco_2026_R|PIA|RUS,monaco_2026_R|L31|monaco_2026_R|PIA|RUS,,False,v4_t0_anchored_30s_horizon
monaco_2026_R_00511,monaco_2026_R,2026,Monaco Grand Prix,COL,SAI,55,2026-06-07 13:42:44.489,2026-06-07 13:43:00.090,15.601,15.601,2026-06-07 13:43:14.489,30.0,30,60,99.47388888889145,1.7134258373206182,29.671111111113987,209.0,172.0,37.0,3.795918367346827,1.96,True,12.0,11.0,2493.8597222222206,brake_T13,27.441622008724153,559.4013489089684,MEDIUM,30.0,1.0,0.7827334040328182,6263.561830044797,75625.5849756376,400.0,False,1,False,CLOSE_INTERACTION_NO_PASS,0.0,,False,0.0,196.41211734693897,12.58788265306103,1.818908,True,1.818908,-12.499175816715601,14,True,3.0,brake,0.7156514189999937,3484.7408333333333,19,431.47976220214423,0,monaco_2026_R|COL|SAI,monaco_2026_R|L30|monaco_2026_R|COL|SAI,,True,v4_t0_anchored_30s_horizon
monaco_2026_R_00512,monaco_2026_R,2026,Monaco Grand Prix,ALB,LAW,30,2026-06-07 13:42:44.649,2026-06-07 13:42:48.810,4.161,4.161,2026-06-07 13:43:14.649,30.0,30,17,99.01194444444263,1.9061122994652058,80.32305555555422,187.0,61.0,126.0,100.02127659574428,1.88,True,10.0,9.0,2777.2183333333346,brake_T17,12.36995987132832,276.04273779785444,MEDIUM,30.0,1.0,0.615030646915755,11948.813279817687,28418.31724534951,400.0,False,1,False,CLOSE_INTERACTION_NO_PASS,0.0,,False,0.0,172.91518072288898,14.084819277111023,3.794253,True,3.794253,73.55695278347547,14,True,3.0,brake,0.7969655323482931,3484.7408333333333,19,431.47976220214423,0,monaco_2026_R|ALB|LAW,monaco_2026_R|L30|monaco_2026_R|ALB|LAW,,True,v4_t0_anchored_30s_horizon
monaco_2026_R_00513,monaco_2026_R,2026,Monaco Grand Prix,STR,ALO,14,2026-06-07 13:42:51.089,2026-06-07 13:42:57.729,6.64,6.64,2026-06-07 13:43:21.089,30.0,30,25,98.44972222222214,4.322182926829265,58.58888888888919,82.0,50.0,32.0,9.522727272727295,1.76,True,17.0,16.0,1117.1405555555552,brake_T5,27.11988823169645,373.5178638742475,SOFT,26.0,2.0,0.08709162847461797,5869.404434766271,21987.642236880365,400.0,False,1,False,CLOSE_INTERACTION_NO_PASS,0.0,,False,0.0,79.28406250000005,2.715937499999953,3.867637,True,3.867637,-6.869371726176322,11,True,3.0,brake,0.3205806712710262,3484.7408333333333,19,431.47976220214423,0,monaco_2026_R|ALO|STR,monaco_2026_R|L30|monaco_2026_R|ALO|STR,,False,v4_t0_anchored_30s_horizon
monaco_2026_R_00514,monaco_2026_R,2026,Monaco Grand Prix,SAI,ANT,12,2026-06-07 13:43:03.449,2026-06-07 13:43:07.770,4.321,4.321,2026-06-07 13:43:33.449,30.0,31,17,96.53083333333336,1.3015393258426968,54.78638888888892,267.0,135.0,132.0,118.87499999999989,0.64,True,11.0,1.0,60.47222222222223,straight_01,162.78020281486965,222.78020281486965,MEDIUM,31.0,1.0,0.43011551257277575,15635.212835587736,59316.95299156577,400.0,False,1,False,LAPPED_UNLAPPED,,,False,0.0,267.4289800995025,-0.42898009950249616,1.776044,True,1.776044,16.31633154816229,14,True,3.0,straight,0.017353434620954997,3484.7408333333333,19,431.47976220214423,0,monaco_2026_R|ANT|SAI,monaco_2026_R|L31|monaco_2026_R|ANT|SAI,,False,v4_t0_anchored_30s_horizon
monaco_2026_R_00515,monaco_2026_R,2026,Monaco Grand Prix,PER,STR,18,2026-06-07 13:43:13.410,2026-06-07 13:43:55.450,42.04,42.04,2026-06-07 13:43:43.410,30.0,30,164,98.97083333333285,1.365114942528729,15.77305555555813,261.0,169.0,92.0,24.13666496685396,1.9609999999999999,True,18.0,17.0,1884.9697222222217,straight_05,213.57742468324977,322.4751645748129,MEDIUM,26.0,3.0,0.4733436587751783,10659.659659215775,76445.79023824948,400.0,False,1,False,CLOSE_INTERACTION_NO_PASS,0.0,,False,0.0,267.8979244114003,-6.897924411400311,1.5732490000000001,True,1.5732490000000001,8.51894239186516,13,True,3.0,straight,0.5409210648297054,3484.7408333333333,19,431.47976220214423,0,monaco_2026_R|PER|STR,monaco_2026_R|L30|monaco_2026_R|PER|STR,,False,v4_t0_anchored_30s_horizon
monaco_2026_R_00516,monaco_2026_R,2026,Monaco Grand Prix,COL,SAI,55,2026-06-07 13:43:16.209,2026-06-07 13:43:42.050,25.841,25.841,2026-06-07 13:43:46.209,30.0,31,101,94.75472222222231,1.5365630630630647,30.246944444443898,222.0,150.0,72.0,78.18186555497651,1.919,True,12.0,11.0,643.121111111111,corner_T2,145.16914692037324,331.9765972423992,MEDIUM,31.0,1.0,0.7647490933254839,5901.635398071431,63932.674912692026,400.0000000000001,False,1,False,CLOSE_INTERACTION_NO_PASS,0.0,,False,0.0,218.28387096774202,3.7161290322579816,1.957516,True,1.957516,63.57959630337978,13,True,3.0,corner,0.18455349819973058,3484.7408333333333,19,431.47976220214423,0,monaco_2026_R|COL|SAI,monaco_2026_R|L31|monaco_2026_R|COL|SAI,,False,v4_t0_anchored_30s_horizon
monaco_2026_R_00517,monaco_2026_R,2026,Monaco Grand Prix,ALB,LAW,30,2026-06-07 13:43:18.409,2026-06-07 13:43:31.209,12.8,12.8,2026-06-07 13:43:48.409,30.0,31,52,95.53305555555494,1.8590216216216098,57.824166666665406,185.0,81.0,104.0,112.82978723404277,1.88,True,10.0,9.0,1024.4947222222224,brake_T5,119.76572156502925,466.1636972075803,MEDIUM,31.0,1.0,0.6124806576788938,2069.6562894986623,42032.157434297755,400.0,False,1,False,CLOSE_INTERACTION_NO_PASS,0.0,,False,0.0,173.12733333333264,11.872666666667357,3.672884,True,3.672884,90.55181567683623,10,True,3.0,brake,0.29399452390330005,3484.7408333333333,19,431.47976220214423,0,monaco_2026_R|ALB|LAW,monaco_2026_R|L31|monaco_2026_R|ALB|LAW,,False,v4_t0_anchored_30s_horizon
monaco_2026_R_00518,monaco_2026_R,2026,Monaco Grand Prix,PIA,RUS,63,2026-06-07 13:43:20.890,2026-06-07 13:43:26.490,5.6,5.6,2026-06-07 13:43:50.890,30.0,31,22,97.43722222222164,1.4375983606557292,46.52749999999946,244.0,97.0,147.0,121.05726184279035,1.921,True,5.0,8.0,1937.6650000000006,straight_05,160.8821469054708,269.7798867970339,MEDIUM,31.0,1.0,0.8942930050961128,9246.969528284231,70891.42527730207,400.0000000000002,False,1,False,PIT_RELATED,,28.6,False,-1.0,256.7951020408146,-12.795102040814584,2.238951,True,2.238951,95.05660832039284,14,True,3.0,straight,0.5560427855825723,3484.7408333333333,19,431.47976220214423,0,monaco_2026_R|PIA|RUS,monaco_2026_R|L31|monaco_2026_R|PIA|RUS,,False,v4_t0_anchored_30s_horizon
monaco_2026_R_00519,monaco_2026_R,2026,Monaco Grand Prix,OCO,HUL,27,2026-06-07 13:43:31.209,2026-06-07 13:43:43.889,12.68,12.68,2026-06-07 13:44:01.209,30.0,31,46,97.70388888888851,2.2989150326797296,60.110277777777355,153.0,105.0,48.0,98.07868681604994,1.919,True,15.0,14.0,1040.2705555555556,brake_T5,103.98988823169611,450.38786387424716,HARD,22.0,2.0,0.9313690289587688,2499.347363427693,38618.95557054866,400.0,False,1,False,CLOSE_INTERACTION_NO_PASS,0.0,,False,0.0,145.1210743801648,7.878925619835201,4.030239,True,4.030239,96.00084692848766,13,True,3.0,brake,0.2985216420127529,3484.7408333333333,19,431.47976220214423,0,monaco_2026_R|HUL|OCO,monaco_2026_R|L31|monaco_2026_R|HUL|OCO,,False,v4_t0_anchored_30s_horizon
monaco_2026_R_00520,monaco_2026_R,2026,Monaco Grand Prix,STR,ALO,14,2026-06-07 13:43:32.689,2026-06-07 13:43:37.329,4.64,4.64,2026-06-07 13:44:02.689,30.0,30,18,97.1258333333335,1.94251666666667,79.91972222222239,180.0,61.0,119.0,98.23255813953597,1.72,True,17.0,16.0,2764.472222222223,corner_T16,25.11607098243985,288.788848908966,SOFT,26.0,2.0,0.06921052714363082,11487.233208399939,29191.23189447033,400.0,False,1,False,CLOSE_INTERACTION_NO_PASS,0.0,,False,0.0,183.95090163934424,-3.950901639344238,3.74918,True,3.74918,66.3493902439106,12,True,3.0,corner,0.7933078396472496,3484.7408333333333,19,431.47976220214423,0,monaco_2026_R|ALO|STR,monaco_2026_R|L30|monaco_2026_R|ALO|STR,,True,v4_t0_anchored_30s_horizon
monaco_2026_R_00521,monaco_2026_R,2026,Monaco Grand Prix,SAI,ANT,12,2026-06-07 13:43:48.650,2026-06-07 13:43:52.169,3.519,3.519,2026-06-07 13:44:18.650,30.0,31,15,97.83222222222389,1.6305370370370649,65.4591666666679,216.0,71.0,145.0,172.46000000000126,2.0,True,11.0,1.0,1963.5327777777768,straight_05,135.01436912769464,243.91210901925774,MEDIUM,31.0,1.0,0.40869494181036775,8553.488899338674,68164.82273214858,399.9999999999998,False,1,False,LAPPED_UNLAPPED,,,False,0.0,232.48452380953088,-16.484523809530884,2.946809,True,2.946809,156.11547015527043,12,True,3.0,straight,0.563465942429801,3484.7408333333333,19,431.47976220214423,0,monaco_2026_R|ANT|SAI,monaco_2026_R|L31|monaco_2026_R|ANT|SAI,,False,v4_t0_anchored_30s_horizon
monaco_2026_R_00522,monaco_2026_R,2026,Monaco Grand Prix,COL,SAI,55,2026-06-07 13:43:50.729,2026-06-07 13:43:55.450,4.721,4.721,2026-06-07 13:44:20.729,30.0,31,18,95.61916666666457,1.5097763157894406,54.068888888886704,228.0,90.0,138.0,141.2376291462765,1.839,True,12.0,11.0,1945.0538888888898,straight_05,153.49325801658165,262.39099790814475,MEDIUM,31.0,1.0,0.7320819673915758,9048.883269855105,70112.59675080946,399.9999999999998,False,1,False,CLOSE_INTERACTION_NO_PASS,0.0,,False,0.0,275.0,-47.0,2.372396,True,2.372396,100.03359614588075,14,True,3.0,straight,0.5581631409381874,3484.7408333333333,19,431.47976220214423,0,monaco_2026_R|COL|SAI,monaco_2026_R|L31|monaco_2026_R|COL|SAI,,False,v4_t0_anchored_30s_horizon
monaco_2026_R_00523,monaco_2026_R,2026,Monaco Grand Prix,BOR,PIA,81,2026-06-07 13:43:56.849,2026-06-07 13:44:00.930,4.081,4.081,2026-06-07 13:44:26.849,30.0,31,14,96.44388888888886,1.3101811320754713,55.44388888888892,265.0,121.0,144.0,138.18181818181816,0.44,True,19.0,4.0,68.9086111111111,straight_01,154.34381392598078,214.34381392598078,HARD,30.0,2.0,0.3173694660006065,15794.717715110919,57207.39070974656,400.0,False,1,False,LAPPED_UNLAPPED,,,False,0.0,261.3835164835165,3.6164835164835267,1.9564759999999999,True,1.9564759999999999,126.90054798962974,4,True,3.0,straight,0.019774386218901818,3484.7408333333333,19,431.47976220214423,0,monaco_2026_R|BOR|PIA,monaco_2026_R|L31|monaco_2026_R|BOR|PIA,,False,v4_t0_anchored_30s_horizon
monaco_2026_R_00524,monaco_2026_R,2026,Monaco Grand Prix,PER,STR,18,2026-06-07 13:43:58.049,2026-06-07 13:44:25.810,27.761,27.761,2026-06-07 13:44:28.049,30.0,31,106,99.1144444444443,1.438758064516127,25.45333333333315,248.0,213.0,35.0,7.243902439024664,1.6400000000000001,True,18.0,17.0,567.8213888888889,brake_T2,56.779172169175695,407.2763194646212,MEDIUM,27.0,3.0,0.4752879888176558,7048.946955574718,75785.18406173555,400.0,False,1,False,CLOSE_INTERACTION_NO_PASS,0.0,,False,0.0,254.93073529411765,-6.930735294117653,1.491082,True,1.491082,-3.4545355884156344,12,True,3.0,brake,0.16294508431082913,3484.7408333333333,19,431.47976220214423,0,monaco_2026_R|PER|STR,monaco_2026_R|L31|monaco_2026_R|PER|STR,,False,v4_t0_anchored_30s_horizon
monaco_2026_R_00525,monaco_2026_R,2026,Monaco Grand Prix,STR,ALO,14,2026-06-07 13:44:06.530,2026-06-07 13:44:19.970,13.44,13.44,2026-06-07 13:44:36.530,30.0,31,54,95.16722222222211,1.9466022727272705,54.48805555555509,176.0,80.0,96.0,110.24827219564126,1.881,True,17.0,16.0,1024.7622222222224,brake_T5,119.49822156502933,465.89619720758037,SOFT,27.0,2.0,0.05004868666421311,2073.095045090633,41974.282108204934,400.0,False,1,False,CLOSE_INTERACTION_NO_PASS,0.0,,False,0.0,176.7406441717793,-0.7406441717793086,3.743208,True,3.743208,90.37774484281884,12,True,3.0,brake,0.2940712871441819,3484.7408333333333,19,431.47976220214423,0,monaco_2026_R|ALO|STR,monaco_2026_R|L31|monaco_2026_R|ALO|STR,,False,v4_t0_anchored_30s_horizon
monaco_2026_R_00526,monaco_2026_R,2026,Monaco Grand Prix,OCO,HUL,27,2026-06-07 13:44:10.249,2026-06-07 13:44:24.489,14.24,14.24,2026-06-07 13:44:40.249,30.0,31,57,95.9958333333334,1.529137168141594,35.219999999999345,226.0,116.0,110.0,88.69292176689801,1.879,True,15.0,14.0,2559.2961111111103,corner_T13,22.00523311983443,493.9649600200787,HARD,22.0,2.0,0.8938201614281751,4414.675794468853,70566.53059330818,400.0,False,1,False,CLOSE_INTERACTION_NO_PASS,0.0,,False,0.0,201.35167504187632,24.64832495812368,2.4201,True,2.4201,64.46043756027474,12,True,3.0,corner,0.7344293976269715,3484.7408333333333,19,431.47976220214423,0,monaco_2026_R|HUL|OCO,monaco_2026_R|L31|monaco_2026_R|HUL|OCO,,True,v4_t0_anchored_30s_horizon
monaco_2026_R_00527,monaco_2026_R,2026,Monaco Grand Prix,LAW,RUS,63,2026-06-07 13:44:12.490,2026-06-07 13:44:18.729,6.239,6.239,2026-06-07 13:44:42.490,30.0,31,23,98.87861111111033,1.385070038910495,60.93166666666664,257.0,167.0,90.0,110.86690464048995,1.9609999999999999,True,9.0,8.0,3252.0355555555557,straight_07,,,MEDIUM,31.0,1.0,0.8682681093884627,15053.274936227139,92.67198154950763,232.7052777777776,True,1,False,PIT_RELATED,,,False,0.0,,,,False,,119.64569305041249,12,True,3.0,straight,0.933221640027909,3484.7408333333333,19,431.47976220214423,0,monaco_2026_R|LAW|RUS,monaco_2026_R|L31|monaco_2026_R|LAW|RUS,,True,v4_t0_anchored_30s_horizon
monaco_2026_R_00528,monaco_2026_R,2026,Monaco Grand Prix,PIA,HAD,6,2026-06-07 13:44:13.850,2026-06-07 13:44:29.770,15.92,15.92,2026-06-07 13:44:43.850,30.0,32,60,94.0158333333336,1.6510097560975658,44.77305555555631,205.0,86.0,119.0,56.61040285568536,1.9609999999999999,True,4.0,7.0,1002.7463888888885,straight_03,141.51405489836316,487.9120305409142,MEDIUM,32.0,1.0,0.9491219711010072,2320.8017896963006,45329.031784626524,400.0,False,1,False,PIT_RELATED,,54.52,True,-1.0,198.9668198529411,6.033180147058914,2.509436,True,2.509436,19.766963593994195,12,True,3.0,straight,0.2877535050231297,3484.7408333333333,19,431.47976220214423,0,monaco_2026_R|HAD|PIA,monaco_2026_R|L32|monaco_2026_R|HAD|PIA,,False,v4_t0_anchored_30s_horizon
monaco_2026_R_00529,monaco_2026_R,2026,Monaco Grand Prix,ALB,ANT,12,2026-06-07 13:44:18.729,2026-06-07 13:44:56.530,37.801,37.801,2026-06-07 13:44:48.729,30.0,32,133,11.4861111111111,0.18626126126126108,10.600833333333327,222.0,,,-49.36842105263152,0.76,True,10.0,,69.48055555555557,straight_01,153.77186948153633,213.77186948153633,MEDIUM,32.0,1.0,0.5742961580841132,15805.531338203284,57064.37306994985,400.0,False,1,False,INVALID,,,False,0.0,,,,False,,-53.247458147535525,8,True,3.0,straight,0.019938514477443606,3484.7408333333333,19,431.47976220214423,0,monaco_2026_R|ALB|ANT,monaco_2026_R|L32|monaco_2026_R|ALB|ANT,,False,v4_t0_anchored_30s_horizon
monaco_2026_R_00530,monaco_2026_R,2026,Monaco Grand Prix,PER,STR,18,2026-06-07 13:44:33.330,2026-06-07 13:44:39.450,6.12,6.12,2026-06-07 13:45:03.330,30.0,31,25,98.60111111111041,1.543321739130424,46.63444444444349,230.0,113.0,117.0,60.719937532535624,1.921,True,18.0,17.0,1919.4541666666673,straight_05,179.0929802388041,287.9907201303672,MEDIUM,27.0,3.0,0.47910901685566554,9735.177686793786,72810.94480242679,400.0,False,1,False,CLOSE_INTERACTION_NO_PASS,0.0,,False,0.0,269.0,-39.0,1.924022,True,1.924022,36.42045403029481,12,True,3.0,straight,0.5508169067570546,3484.7408333333333,19,431.47976220214423,0,monaco_2026_R|PER|STR,monaco_2026_R|L31|monaco_2026_R|PER|STR,,False,v4_t0_anchored_30s_horizon
monaco_2026_R_00531,monaco_2026_R,2026,Monaco Grand Prix,COL,SAI,55,2026-06-07 13:44:36.530,2026-06-07 13:44:41.010,4.48,4.48,2026-06-07 13:45:06.530,30.0,32,18,98.22638888888889,2.0440173410404623,87.39222222222224,173.0,140.0,33.0,74.63265306122469,1.96,True,12.0,11.0,695.883611111111,brake_T3,92.40664692037319,279.21409724239913,MEDIUM,32.0,1.0,0.7879148257162257,6020.205477257506,42716.36171748572,399.9999999999999,False,1,False,CLOSE_INTERACTION_NO_PASS,0.0,,False,0.0,170.5172546012271,2.4827453987728916,2.440552,True,2.440552,85.7564475159576,13,True,3.0,brake,0.1996945094035767,3484.7408333333333,19,431.47976220214423,0,monaco_2026_R|COL|SAI,monaco_2026_R|L32|monaco_2026_R|COL|SAI,,False,v4_t0_anchored_30s_horizon
monaco_2026_R_00532,monaco_2026_R,2026,Monaco Grand Prix,BOR,PIA,81,2026-06-07 13:44:40.770,2026-06-07 13:44:52.330,11.56,11.56,2026-06-07 13:45:10.770,30.0,31,40,94.92666666666605,1.2426763636363556,27.087777777777774,275.0,142.0,133.0,73.44680851063929,1.88,True,19.0,4.0,1915.1247222222225,straight_05,183.4224246832489,292.320164574812,HARD,30.0,2.0,0.2839174919982661,9851.244319270347,73267.29147212282,400.0000000000002,False,1,False,LAPPED_UNLAPPED,,,False,0.0,270.5999177631578,4.400082236842195,1.770281,True,1.770281,43.699880496169264,12,True,3.0,straight,0.5495745060588358,3484.7408333333333,19,431.47976220214423,0,monaco_2026_R|BOR|PIA,monaco_2026_R|L31|monaco_2026_R|BOR|PIA,,False,v4_t0_anchored_30s_horizon
monaco_2026_R_00533,monaco_2026_R,2026,Monaco Grand Prix,HUL,LIN,41,2026-06-07 13:44:40.770,2026-06-07 13:44:44.129,3.359,3.359,2026-06-07 13:45:10.770,30.0,32,14,99.69305555555525,2.330487012987006,89.55972222222192,154.0,145.0,9.0,32.38297872340434,1.88,True,14.0,13.0,720.547777777778,brake_T3,67.74248025370616,254.5499305757321,HARD,20.0,2.0,0.15443687288820582,5983.386700692008,44180.98893572409,400.0,False,1,False,CLOSE_INTERACTION_NO_PASS,0.0,,False,0.0,155.88519607843128,-1.885196078431278,2.513346,True,2.513346,45.89622526035658,12,True,3.0,brake,0.2067722715231414,3484.7408333333333,19,431.47976220214423,0,monaco_2026_R|HUL|LIN,monaco_2026_R|L32|monaco_2026_R|HUL|LIN,,False,v4_t0_anchored_30s_horizon
monaco_2026_R_00534,monaco_2026_R,2026,Monaco Grand Prix,SAI,ALB,23,2026-06-07 13:44:41.490,2026-06-07 13:44:57.729,16.239,16.239,2026-06-07 13:45:11.490,30.0,32,58,93.48361111111126,1.6258019323671524,39.24999999999977,207.0,76.0,131.0,88.90243902438974,1.6400000000000001,True,11.0,10.0,998.8238888888889,straight_03,145.43655489836283,491.8345305409139,MEDIUM,32.0,1.0,0.4554264134832448,2383.988556057184,45846.637943222435,400.0,False,1,False,CLOSE_INTERACTION_NO_PASS,0.0,,False,0.0,205.46376811594212,1.5362318840578837,2.917811,True,2.917811,46.45532394520044,12,True,3.0,straight,0.2866278832946847,3484.7408333333333,19,431.47976220214423,0,monaco_2026_R|ALB|SAI,monaco_2026_R|L32|monaco_2026_R|ALB|SAI,,False,v4_t0_anchored_30s_horizon
monaco_2026_R_00535,monaco_2026_R,2026,Monaco Grand Prix,STR,ALO,14,2026-06-07 13:44:51.449,2026-06-07 13:44:57.089,5.64,5.64,2026-06-07 13:45:21.449,30.0,31,21,97.53027777777925,1.9949375000000302,70.23527777777872,176.0,58.0,118.0,76.96698349174504,1.999,True,17.0,16.0,2749.6169444444404,corner_T15,5.633987002834601,303.6441266867487,SOFT,27.0,2.0,0.05564064452511171,11009.73512655349,29493.806267781587,400.0,False,1,False,CLOSE_INTERACTION_NO_PASS,0.0,,False,0.0,180.1636645962713,-4.163664596271303,3.6966520000000003,True,3.6966520000000003,63.8054572073623,11,True,3.0,corner,0.7890448891185663,3484.7408333333333,19,431.47976220214423,0,monaco_2026_R|ALO|STR,monaco_2026_R|L31|monaco_2026_R|ALO|STR,,True,v4_t0_anchored_30s_horizon
monaco_2026_R_00536,monaco_2026_R,2026,Monaco Grand Prix,PIA,HAD,6,2026-06-07 13:44:58.650,2026-06-07 13:45:07.970,9.32,9.32,2026-06-07 13:45:28.650,30.0,32,36,97.02055555555899,1.8879675675676344,11.74805555555804,185.0,88.0,97.0,28.85116279069682,1.72,True,4.0,7.0,2759.5305555555515,corner_T16,30.05773764911146,293.7305155756376,MEDIUM,32.0,1.0,0.9491131706579425,11323.735714886541,29353.772967712743,400.0,False,1,False,PIT_RELATED,,9.72,False,-1.0,159.30348484848054,25.696515151519463,2.450206,True,2.450206,-8.652118369819954,13,True,3.0,corner,0.7918897523624214,3484.7408333333333,19,431.47976220214423,0,monaco_2026_R|HAD|PIA,monaco_2026_R|L32|monaco_2026_R|HAD|PIA,,True,v4_t0_anchored_30s_horizon
monaco_2026_R_00537,monaco_2026_R,2026,Monaco Grand Prix,LAW,RUS,63,2026-06-07 13:44:58.970,2026-06-07 13:45:03.730,4.76,4.76,2026-06-07 13:45:28.970,30.0,32,18,93.8116666666665,1.578140186915885,57.40055555555455,214.0,98.0,116.0,109.95215311004793,1.881,True,9.0,8.0,1960.5833333333326,straight_05,137.96381357213886,246.86155346370197,MEDIUM,32.0,1.0,0.8468947781701449,8632.559571970261,68475.7099988515,400.0,False,1,False,PIT_RELATED,,,False,0.0,256.35517999999945,-42.35517999999945,2.137772,True,2.137772,76.79607896065889,13,True,3.0,straight,0.5626195539649168,3484.7408333333333,19,431.47976220214423,0,monaco_2026_R|LAW|RUS,monaco_2026_R|L32|monaco_2026_R|LAW|RUS,,False,v4_t0_anchored_30s_horizon
monaco_2026_R_00538,monaco_2026_R,2026,Monaco Grand Prix,ALB,ANT,12,2026-06-07 13:45:04.729,2026-06-07 13:45:09.930,5.201,5.201,2026-06-07 13:45:34.729,30.0,32,21,94.50916666666694,1.3501309523809564,45.56333333333373,252.0,,,144.01071975497652,1.959,True,10.0,,1947.0963888888894,straight_05,151.45075801658209,260.3484979081452,MEDIUM,32.0,1.0,0.5284986671364087,8994.126568417925,69897.30629384337,399.9999999999998,False,1,False,INVALID,,,False,0.0,,,,False,,,0,False,3.0,straight,0.5587492677400608,3484.7408333333333,19,431.47976220214423,0,monaco_2026_R|ALB|ANT,monaco_2026_R|L32|monaco_2026_R|ALB|ANT,,False,v4_t0_anchored_30s_horizon
monaco_2026_R_00539,monaco_2026_R,2026,Monaco Grand Prix,PER,STR,18,2026-06-07 13:45:07.970,2026-06-07 13:45:11.810,3.84,3.84,2026-06-07 13:45:37.970,30.0,32,16,89.3886111111111,1.2769801587301586,59.75527777777776,252.0,117.0,135.0,110.73316326529958,1.96,True,18.0,17.0,83.53777777777778,straight_01,139.71464725931412,199.71464725931412,MEDIUM,28.0,3.0,0.49617865459139476,16071.308030875574,53549.292603921625,400.0,False,1,False,CLOSE_INTERACTION_NO_PASS,0.0,,False,0.0,260.58375244140626,-8.583752441406261,1.849542,True,1.849542,57.922729516309765,12,True,3.0,straight,0.023972450685197617,3484.7408333333333,19,431.47976220214423,0,monaco_2026_R|PER|STR,monaco_2026_R|L32|monaco_2026_R|PER|STR,,False,v4_t0_anchored_30s_horizon
monaco_2026_R_00540,monaco_2026_R,2026,Monaco Grand Prix,COL,SAI,55,2026-06-07 13:45:09.930,2026-06-07 13:45:14.730,4.8,4.8,2026-06-07 13:45:39.930,30.0,32,20,88.28916666666646,1.2513425196850365,44.211111111110085,254.0,85.0,169.0,158.02040816326527,1.96,True,12.0,11.0,1955.934166666667,straight_05,142.61298023880454,251.51072013036764,MEDIUM,32.0,1.0,0.7098222409976764,8757.197530892345,68965.75710591547,400.0,False,1,False,CLOSE_INTERACTION_NO_PASS,0.0,,False,0.0,227.3894977168944,26.610502283105603,2.483634,True,2.483634,129.9800767325245,11,True,3.0,straight,0.5612854040556341,3484.7408333333333,19,431.47976220214423,0,monaco_2026_R|COL|SAI,monaco_2026_R|L32|monaco_2026_R|COL|SAI,,False,v4_t0_anchored_30s_horizon
monaco_2026_R_00541,monaco_2026_R,2026,Monaco Grand Prix,OCO,HUL,27,2026-06-07 13:45:13.530,2026-06-07 13:45:54.330,40.8,40.8,2026-06-07 13:45:43.530,30.0,32,140,97.80166666666696,1.2944338235294157,10.751666666667006,272.0,215.0,57.0,6.8878123406425615,1.9609999999999999,True,15.0,14.0,1854.8130555555558,straight_05,243.73409134991562,352.6318312414787,HARD,23.0,2.0,0.8833213972048946,11468.119680272082,79624.46467998353,400.0,False,1,False,CLOSE_INTERACTION_NO_PASS,0.0,,False,0.0,273.08333609820835,-1.083336098208349,1.363332,True,1.363332,-2.039190747346487,12,True,3.0,straight,0.5322671453249314,3484.7408333333333,19,431.47976220214423,0,monaco_2026_R|HUL|OCO,monaco_2026_R|L32|monaco_2026_R|HUL|OCO,,False,v4_t0_anchored_30s_horizon
monaco_2026_R_00542,monaco_2026_R,2026,Monaco Grand Prix,HUL,LIN,41,2026-06-07 13:45:13.690,2026-06-07 13:45:17.969,4.279,4.279,2026-06-07 13:45:43.690,30.0,32,17,98.36749999999961,1.770614999999993,63.289722222221826,200.0,83.0,117.0,145.74468085106292,1.88,True,14.0,13.0,1959.466666666667,straight_05,139.0804802388045,247.97822013036762,HARD,20.0,2.0,0.10438397006394141,8662.495916289223,68593.41265586272,400.0000000000002,False,1,False,CLOSE_INTERACTION_NO_PASS,0.0,,False,0.0,230.78076233183813,-30.780762331838133,2.693905,True,2.693905,134.0099774916095,12,True,3.0,straight,0.5622991092833542,3484.7408333333333,19,431.47976220214423,0,monaco_2026_R|HUL|LIN,monaco_2026_R|L32|monaco_2026_R|HUL|LIN,,False,v4_t0_anchored_30s_horizon
monaco_2026_R_00543,monaco_2026_R,2026,Monaco Grand Prix,BOR,PIA,81,2026-06-07 13:45:15.250,2026-06-07 13:45:18.730,3.48,3.48,2026-06-07 13:45:45.250,30.0,32,14,95.94277777777779,1.2936104868913858,61.89833333333331,267.0,113.0,154.0,75.44427083332806,1.92,True,19.0,4.0,77.74444444444445,straight_01,145.5079805926474,205.5079805926474,HARD,31.0,2.0,0.3037227125074977,15961.774799591276,54997.94529726796,400.0,False,1,False,LAPPED_UNLAPPED,,,False,0.0,259.9478260869565,7.052173913043475,2.058956,True,2.058956,94.40571697448277,12,True,3.0,straight,0.02230996454622363,3484.7408333333333,19,431.47976220214423,0,monaco_2026_R|BOR|PIA,monaco_2026_R|L32|monaco_2026_R|BOR|PIA,,False,v4_t0_anchored_30s_horizon
monaco_2026_R_00544,monaco_2026_R,2026,Monaco Grand Prix,SAI,ALB,23,2026-06-07 13:45:26.410,2026-06-07 13:45:35.010,8.6,8.6,2026-06-07 13:45:56.410,30.0,32,31,97.32000000000244,2.2315414012739416,41.89777777777999,157.0,71.0,86.0,7.227944926057473,1.9609999999999999,True,11.0,10.0,2735.704999999999,corner_T15,19.54593144727596,317.55607113119004,MEDIUM,32.0,1.0,0.4887098164912173,10584.012096932225,29491.998995548784,400.0,False,1,False,CLOSE_INTERACTION_NO_PASS,0.0,,False,0.0,159.804441117762,-2.8044411177619963,2.596994,True,2.596994,-19.089778117279643,11,True,3.0,corner,0.7850526426044593,3484.7408333333333,19,431.47976220214423,0,monaco_2026_R|ALB|SAI,monaco_2026_R|L32|monaco_2026_R|ALB|SAI,,True,v4_t0_anchored_30s_horizon
monaco_2026_R_00545,monaco_2026_R,2026,Monaco Grand Prix,STR,ALO,14,2026-06-07 13:45:29.370,2026-06-07 13:45:35.250,5.88,5.88,2026-06-07 13:45:59.370,30.0,32,20,96.85972222222222,3.874388888888889,61.6574999999998,90.0,48.0,42.0,12.559999999999354,2.0,True,17.0,16.0,1125.7438888888885,brake_T5,18.51655489836321,364.91453054091426,SOFT,28.0,2.0,0.08933717880605734,6367.412093007573,20126.256359676536,400.0,False,1,False,CLOSE_INTERACTION_NO_PASS,0.0,,False,0.0,79.76349085365855,10.236509146341447,3.95928,True,3.95928,-3.3722337330195256,13,True,3.0,brake,0.32304953014599275,3484.7408333333333,19,431.47976220214423,0,monaco_2026_R|ALO|STR,monaco_2026_R|L32|monaco_2026_R|ALO|STR,,False,v4_t0_anchored_30s_horizon
monaco_2026_R_00546,monaco_2026_R,2026,Monaco Grand Prix,HAD,RUS,63,2026-06-07 13:45:30.770,2026-06-07 13:46:08.210,37.44,37.44,2026-06-07 13:46:00.770,30.0,33,135,17.03861111111111,0.4350283687943262,12.002777777777766,141.0,239.0,-98.0,-105.08333333333346,0.48,True,8.0,7.0,81.37777777777777,straight_01,141.87464725931412,201.87464725931412,HARD,1.0,2.0,0.3750045309468543,16030.469403791438,54089.41167485859,400.0,False,1,True,PIT_RELATED,,,False,1.0,244.5464136282128,-103.5464136282128,0.258832,True,0.258832,-152.8416054281362,13,True,3.0,straight,0.023352605450413295,3484.7408333333333,19,431.47976220214423,0,monaco_2026_R|HAD|RUS,monaco_2026_R|L33|monaco_2026_R|HAD|RUS,,False,v4_t0_anchored_30s_horizon
monaco_2026_R_00547,monaco_2026_R,2026,Monaco Grand Prix,LAW,HAD,6,2026-06-07 13:45:33.450,2026-06-07 13:45:37.769,4.319,4.319,2026-06-07 13:46:03.450,30.0,33,16,92.71055555555557,1.3906583333333336,66.88833333333332,240.0,109.0,131.0,89.48214285714256,1.96,True,9.0,8.0,96.35555555555554,straight_01,126.89686948153634,186.89686948153633,MEDIUM,33.0,1.0,0.8616766505811165,16313.650830280196,50344.14157391716,400.0,False,1,False,PIT_RELATED,,,False,0.0,155.1353483509172,84.86465164908279,2.333736,True,2.333736,117.40413768312509,9,True,3.0,straight,0.0276507092389383,3484.7408333333333,19,431.47976220214423,0,monaco_2026_R|HAD|LAW,monaco_2026_R|L33|monaco_2026_R|HAD|LAW,,False,v4_t0_anchored_30s_horizon
monaco_2026_R_00548,monaco_2026_R,2026,Monaco Grand Prix,HUL,LIN,41,2026-06-07 13:45:47.890,2026-06-07 13:45:51.290,3.4,3.4,2026-06-07 13:46:17.890,30.0,33,13,88.96444444444448,1.3628595744680858,64.16444444444446,235.0,,,175.2368055555481,1.44,True,14.0,,96.87666666666667,straight_01,126.37575837042522,186.37575837042522,HARD,21.0,2.0,0.07869436319386078,16323.503359139488,50213.835069663335,400.0,False,1,False,INVALID,,,False,0.0,,,,False,,,0,False,3.0,straight,0.02780025009033431,3484.7408333333333,19,431.47976220214423,0,monaco_2026_R|HUL|LIN,monaco_2026_R|L33|monaco_2026_R|HUL|LIN,,False,v4_t0_anchored_30s_horizon
monaco_2026_R_00549,monaco_2026_R,2026,Monaco Grand Prix,PER,STR,18,2026-06-07 13:45:53.330,2026-06-07 13:45:57.490,4.16,4.16,2026-06-07 13:46:23.330,30.0,32,17,94.69222222222197,1.748164102564098,65.74777777777786,195.0,76.0,119.0,129.83333333333297,1.6800000000000002,True,18.0,17.0,1946.8561111111103,straight_05,151.69103579436114,260.58877568592425,MEDIUM,28.0,3.0,0.48120240627177513,9000.56809524282,69922.63286058852,400.0,False,1,False,CLOSE_INTERACTION_NO_PASS,0.0,,False,0.0,249.46923076923065,-54.46923076923065,2.537504,True,2.537504,108.85763637679645,11,True,3.0,straight,0.5586803163346993,3484.7408333333333,19,431.47976220214423,0,monaco_2026_R|PER|STR,monaco_2026_R|L32|monaco_2026_R|PER|STR,,False,v4_t0_anchored_30s_horizon
monaco_2026_R_00550,monaco_2026_R,2026,Monaco Grand Prix,OCO,HUL,27,2026-06-07 13:45:58.770,2026-06-07 13:46:27.090,28.32,28.32,2026-06-07 13:46:28.770,30.0,33,109,98.15333333333331,1.364293436293436,22.12805555555542,259.0,184.0,75.0,38.17380952380956,1.6800000000000002,True,15.0,14.0,580.4097222222222,brake_T2,44.19083883584244,394.68798613128797,HARD,24.0,2.0,0.8925128500055095,6849.9742290005,74465.45813431179,400.0,False,1,False,CLOSE_INTERACTION_NO_PASS,0.0,,False,0.0,261.56798076923076,-2.5679807692307577,1.6281569999999999,True,1.6281569999999999,9.501945696630166,12,True,3.0,brake,0.1665575002508954,3484.7408333333333,19,431.47976220214423,0,monaco_2026_R|HUL|OCO,monaco_2026_R|L33|monaco_2026_R|HUL|OCO,,False,v4_t0_anchored_30s_horizon
monaco_2026_R_00551,monaco_2026_R,2026,Monaco Grand Prix,BOR,PIA,81,2026-06-07 13:45:59.010,2026-06-07 13:46:09.730,10.72,10.72,2026-06-07 13:46:29.010,30.0,32,40,98.10027777777805,1.2936300366300402,30.411388888889178,273.0,128.0,145.0,81.32864583333188,1.92,True,19.0,4.0,1913.8080555555543,straight_05,184.7390913499171,293.6368312414802,HARD,31.0,2.0,0.2536369365968154,9886.542396900237,73406.07520203173,400.0,False,1,False,LAPPED_UNLAPPED,,,False,0.0,270.18530701754383,2.8146929824561653,1.880894,True,1.880894,52.74848783224958,11,True,3.0,straight,0.5491966682999776,3484.7408333333333,19,431.47976220214423,0,monaco_2026_R|BOR|PIA,monaco_2026_R|L32|monaco_2026_R|BOR|PIA,,False,v4_t0_anchored_30s_horizon
monaco_2026_R_00552,monaco_2026_R,2026,Monaco Grand Prix,ALB,ANT,12,2026-06-07 13:46:03.170,2026-06-07 13:46:07.610,4.44,4.44,2026-06-07 13:46:33.170,30.0,33,19,99.76666666666551,4.225411764705834,77.70833333333235,85.0,45.0,40.0,30.44680851063891,1.88,True,10.0,1.0,1125.9472222222223,brake_T5,18.31322156502938,364.7111972075804,MEDIUM,33.0,1.0,0.6175120170598174,6379.182130649106,20082.26389996723,400.0,False,1,False,LAPPED_UNLAPPED,,,False,0.0,89.35689320388462,-4.356893203884624,4.741077,True,4.741077,27.33547862831707,11,True,3.0,brake,0.32310787977457595,3484.7408333333333,19,431.47976220214423,0,monaco_2026_R|ALB|ANT,monaco_2026_R|L33|monaco_2026_R|ALB|ANT,,False,v4_t0_anchored_30s_horizon
monaco_2026_R_00553,monaco_2026_R,2026,Monaco Grand Prix,COL,SAI,55,2026-06-07 13:46:03.490,2026-06-07 13:46:19.650,16.16,16.16,2026-06-07 13:46:33.490,30.0,33,63,98.95055555555575,1.754788177339905,40.98361111111103,203.0,74.0,129.0,75.03999999999996,2.0,True,12.0,11.0,993.8552777777776,straight_03,150.4051660094741,496.80314165202515,MEDIUM,33.0,1.0,0.7575868223201374,2511.2283444950103,46294.27740875656,400.0000000000001,False,1,False,CLOSE_INTERACTION_NO_PASS,0.0,,False,0.0,203.06205882352913,-0.06205882352912795,2.940843,True,2.940843,41.625014293531585,12,True,3.0,straight,0.2852020638869445,3484.7408333333333,19,431.47976220214423,0,monaco_2026_R|COL|SAI,monaco_2026_R|L33|monaco_2026_R|COL|SAI,,False,v4_t0_anchored_30s_horizon
monaco_2026_R_00554,monaco_2026_R,2026,Monaco Grand Prix,STR,ALO,14,2026-06-07 13:46:10.851,2026-06-07 13:46:15.010,4.159,4.159,2026-06-07 13:46:40.851,30.0,32,18,96.93333333333248,2.089580838323335,80.51166666666631,167.0,64.0,103.0,104.62954915806911,1.841,True,17.0,16.0,2781.987777777776,brake_T17,7.600515426886886,271.273293353413,SOFT,28.0,2.0,0.07529109378145116,12217.056931067156,27281.703411091785,400.0,False,1,False,CLOSE_INTERACTION_NO_PASS,0.0,,False,0.0,179.80317796610146,-12.803177966101458,3.870502,True,3.870502,82.9058083509973,12,True,3.0,brake,0.7983341978165596,3484.7408333333333,19,431.47976220214423,0,monaco_2026_R|ALO|STR,monaco_2026_R|L32|monaco_2026_R|ALO|STR,,True,v4_t0_anchored_30s_horizon
monaco_2026_R_00555,monaco_2026_R,2026,Monaco Grand Prix,HAD,RUS,63,2026-06-07 13:46:17.531,2026-06-07 13:46:21.490,3.959,3.959,2026-06-07 13:46:47.531,30.0,33,16,97.0202777777763,1.5523244444444209,57.46138888888686,225.0,77.0,148.0,167.57978421351478,1.7610000000000001,True,8.0,7.0,1962.8994444444443,straight_05,135.64770246102717,244.54544235259027,HARD,1.0,2.0,0.3750045309468543,8570.467721489722,68231.57946299076,400.0,False,1,True,PIT_RELATED,,,False,1.0,235.46378723404013,-10.463787234040126,2.8054170000000003,True,2.8054170000000003,144.5565917764586,11,True,3.0,straight,0.5632841976850342,3484.7408333333333,19,431.47976220214423,0,monaco_2026_R|HAD|RUS,monaco_2026_R|L33|monaco_2026_R|HAD|RUS,,True,v4_t0_anchored_30s_horizon
monaco_2026_R_00556,monaco_2026_R,2026,Monaco Grand Prix,SAI,ALB,23,2026-06-07 13:46:26.090,2026-06-07 13:46:32.770,6.68,6.68,2026-06-07 13:46:56.090,30.0,33,27,94.25472222222311,1.2614014869888597,32.588055555556366,269.0,135.0,134.0,73.06279936136129,1.879,True,11.0,10.0,1913.8877777777766,straight_05,184.65936912769484,293.55710901925795,MEDIUM,33.0,1.0,0.40387321411938165,9884.40515042771,73397.67205214061,400.0,False,1,False,CLOSE_INTERACTION_NO_PASS,0.0,,False,0.0,273.0,-4.0,1.752468,True,1.752468,45.93541370896239,10,True,3.0,straight,0.5492195458182882,3484.7408333333333,19,431.47976220214423,0,monaco_2026_R|ALB|SAI,monaco_2026_R|L33|monaco_2026_R|ALB|SAI,,False,v4_t0_anchored_30s_horizon
monaco_2026_R_00557,monaco_2026_R,2026,Monaco Grand Prix,PER,STR,18,2026-06-07 13:46:27.730,2026-06-07 13:46:30.731,3.001,3.001,2026-06-07 13:46:57.730,30.0,33,12,95.84500000000004,1.449756302521009,72.56722222222226,238.0,104.0,134.0,184.83888888888893,1.8,True,18.0,17.0,89.30555555555556,straight_01,133.94686948153634,193.94686948153634,MEDIUM,29.0,3.0,0.47407686425403717,16180.35808910281,52107.03020822527,400.0,False,1,False,CLOSE_INTERACTION_NO_PASS,0.0,,False,0.0,231.57676187054668,6.423238129453324,2.375271,True,2.375271,126.57533482143248,10,True,3.0,straight,0.025627603264295043,3484.7408333333333,19,431.47976220214423,0,monaco_2026_R|PER|STR,monaco_2026_R|L33|monaco_2026_R|PER|STR,,False,v4_t0_anchored_30s_horizon
monaco_2026_R_00558,monaco_2026_R,2026,Monaco Grand Prix,HUL,LIN,41,2026-06-07 13:46:31.650,2026-06-07 13:56:36.453,604.803,604.803,2026-06-07 13:47:01.650,30.0,33,2141,94.83333333333303,1.24598540145985,10.018888888888796,274.0,,,89.40585106382966,1.88,True,14.0,,1921.7347222222227,straight_05,176.81242468324876,285.71016457481187,HARD,21.0,2.0,0.00019358547011865302,9674.03903334631,72570.56201285898,399.9999999999998,False,1,False,INVALID,,,False,0.0,,,,False,,,0,False,3.0,straight,0.5514713472634305,3484.7408333333333,19,431.47976220214423,0,monaco_2026_R|HUL|LIN,monaco_2026_R|L33|monaco_2026_R|HUL|LIN,,False,v4_t0_anchored_30s_horizon
monaco_2026_R_00559,monaco_2026_R,2026,Monaco Grand Prix,OCO,HUL,27,2026-06-07 13:46:33.130,2026-06-07 13:47:14.970,41.84,41.84,2026-06-07 13:47:03.130,30.0,33,157,95.69194444444429,1.2481557971014472,16.776111111113096,276.0,148.0,128.0,51.98882384247094,1.879,True,15.0,14.0,1910.3783333333336,straight_05,188.16881357213788,297.066553463701,HARD,24.0,2.0,0.8666527964353574,9978.488676329682,73767.58632295649,400.0,False,1,False,CLOSE_INTERACTION_NO_PASS,0.0,,False,0.0,275.2486027547873,0.7513972452126723,1.629208,True,1.629208,30.407175388008607,13,True,3.0,straight,0.5482124567369788,3484.7408333333333,19,431.47976220214423,0,monaco_2026_R|HUL|OCO,monaco_2026_R|L33|monaco_2026_R|HUL|OCO,,False,v4_t0_anchored_30s_horizon
monaco_2026_R_00560,monaco_2026_R,2026,Monaco Grand Prix,BOR,PIA,81,2026-06-07 13:46:33.410,2026-06-07 13:46:37.131,3.721,3.721,2026-06-07 13:47:03.410,30.0,33,16,93.12916666666663,1.2556741573033703,59.37361111111116,267.0,114.0,153.0,95.11805902951852,1.999,True,19.0,4.0,82.6888888888889,straight_01,140.56353614820299,200.56353614820299,HARD,32.0,2.0,0.24988383355470198,16055.258282371315,53761.561621512075,400.0,False,1,False,LAPPED_UNLAPPED,,,False,0.0,254.4499752964427,12.550024703557312,2.032142,True,2.032142,71.96142873075448,14,True,3.0,straight,0.023728848957123946,3484.7408333333333,19,431.47976220214423,0,monaco_2026_R|BOR|PIA,monaco_2026_R|L33|monaco_2026_R|BOR|PIA,,False,v4_t0_anchored_30s_horizon
monaco_2026_R_00561,monaco_2026_R,2026,Monaco Grand Prix,LAW,HAD,6,2026-06-07 13:46:34.650,2026-06-07 13:47:34.370,59.72,59.72,2026-06-07 13:47:04.650,30.0,33,223,97.62944444444429,1.6979033816425093,23.676666666666733,207.0,119.0,88.0,62.872340425532215,1.88,True,9.0,8.0,2569.4755555555566,corner_T13,11.82578867538814,483.7855155756324,MEDIUM,33.0,1.0,0.877549912471833,4211.639184942312,68876.24058559902,400.0,False,1,False,PIT_RELATED,,,False,0.0,220.8318636363636,-13.831863636363607,2.246372,True,2.246372,29.710196612088353,13,True,3.0,corner,0.7373505458360649,3484.7408333333333,19,431.47976220214423,0,monaco_2026_R|HAD|LAW,monaco_2026_R|L33|monaco_2026_R|HAD|LAW,,True,v4_t0_anchored_30s_horizon
monaco_2026_R_00562,monaco_2026_R,2026,Monaco Grand Prix,NOR,GAS,10,2026-06-07 13:46:40.010,2026-06-07 13:46:43.690,3.68,3.68,2026-06-07 13:47:10.010,30.0,34,15,96.63333333333333,1.38597609561753,64.96666666666667,251.0,109.0,142.0,139.11111111111111,0.72,True,6.0,5.0,82.6072222222222,straight_01,140.64520281486966,200.64520281486966,MEDIUM,34.0,1.0,0.9171102530560479,16053.71422934113,53781.982790089176,400.0,False,1,False,CLOSE_INTERACTION_NO_PASS,0.0,64.561,True,0.0,259.3618257261411,-8.361825726141092,2.13324,True,2.13324,134.65306122451486,5,True,3.0,straight,0.023705413450561878,3484.7408333333333,19,431.47976220214423,0,monaco_2026_R|GAS|NOR,monaco_2026_R|L34|monaco_2026_R|GAS|NOR,,False,v4_t0_anchored_30s_horizon
monaco_2026_R_00563,monaco_2026_R,2026,Monaco Grand Prix,COL,SAI,55,2026-06-07 13:46:44.451,2026-06-07 13:49:38.651,174.2,174.2,2026-06-07 13:47:14.451,30.0,33,586,85.00055555555491,1.4434056603773475,10.01388888888846,212.0,107.0,105.0,98.15589353612232,1.841,True,12.0,11.0,2572.2200000000007,corner_T13,9.081344230944069,481.04107113118835,MEDIUM,33.0,1.0,0.7654265966388403,4194.106408020435,68325.20038068132,400.0,False,1,False,CLOSE_INTERACTION_NO_PASS,0.0,,False,0.0,179.07375478927162,32.92624521072838,2.393212,True,2.393212,78.08312923172615,10,True,3.0,corner,0.7381381063967217,3484.7408333333333,19,431.47976220214423,0,monaco_2026_R|COL|SAI,monaco_2026_R|L33|monaco_2026_R|COL|SAI,,True,v4_t0_anchored_30s_horizon
monaco_2026_R_00564,monaco_2026_R,2026,Monaco Grand Prix,STR,ALO,14,2026-06-07 13:46:49.170,2026-06-07 13:46:53.490,4.32,4.32,2026-06-07 13:47:19.170,30.0,33,18,98.24749999999926,3.501891089108885,74.90222222222178,101.0,42.0,59.0,32.22448979591844,1.96,True,17.0,16.0,1139.026666666667,brake_T5,5.233777120584591,351.63175276313564,SOFT,29.0,2.0,0.09241963620012436,7136.291409867457,17252.442919274254,400.0,False,1,False,CLOSE_INTERACTION_NO_PASS,0.0,,False,0.0,93.76546391752623,7.234536082473767,4.448381,True,4.448381,19.041757125850836,14,True,3.0,brake,0.3268612276044442,3484.7408333333333,19,431.47976220214423,0,monaco_2026_R|ALO|STR,monaco_2026_R|L33|monaco_2026_R|ALO|STR,,False,v4_t0_anchored_30s_horizon
monaco_2026_R_00565,monaco_2026_R,2026,Monaco Grand Prix,HAD,ANT,12,2026-06-07 13:46:53.010,2026-06-07 13:47:01.410,8.4,8.4,2026-06-07 13:47:23.010,30.0,34,31,76.09722222222223,1.0743137254901962,32.508333333333326,255.0,236.0,19.0,,,False,8.0,1.0,19.372500000000002,straight_01,203.87992503709188,263.8799250370919,HARD,2.0,2.0,0.37204456084867127,14858.14976656233,69594.14918713685,400.0,False,1,False,LAPPED_UNLAPPED,,,False,0.0,270.42991655910015,-15.42991655910015,1.046952,True,1.046952,-28.41469964732369,12,True,3.0,straight,0.005559236949471853,3484.7408333333333,19,431.47976220214423,0,monaco_2026_R|ANT|HAD,monaco_2026_R|L34|monaco_2026_R|ANT|HAD,,False,v4_t0_anchored_30s_horizon
monaco_2026_R_00566,monaco_2026_R,2026,Monaco Grand Prix,LIN,COL,43,2026-06-07 13:47:04.451,2026-06-07 13:49:38.651,154.2,149.759,2026-06-07 13:47:34.451,30.0,34,424,77.54499999999999,1.0614524714828895,10.081944444444389,263.0,242.0,21.0,,,False,13.0,12.0,16.809166666666663,straight_01,206.4432583704252,266.4432583704252,MEDIUM,34.0,1.0,0.7896577087209666,14809.68540818625,70235.12382533209,400.0,False,1,False,CLOSE_INTERACTION_NO_PASS,0.0,,False,0.0,263.7580944297749,-0.7580944297749284,1.058299,True,1.058299,,2,False,3.0,straight,0.004823649008809597,3484.7408333333333,19,431.47976220214423,0,monaco_2026_R|COL|LIN,monaco_2026_R|L34|monaco_2026_R|COL|LIN,,False,v4_t0_anchored_30s_horizon
monaco_2026_R_00567,monaco_2026_R,2026,Monaco Grand Prix,PER,STR,18,2026-06-07 13:47:13.410,2026-06-07 13:47:16.611,3.201,3.201,2026-06-07 13:47:43.410,30.0,33,12,98.09166666666601,1.8585789473684087,72.70277777777687,190.0,67.0,123.0,150.93173527878963,1.919,True,18.0,17.0,1956.697222222223,straight_05,141.84992468324845,250.74766457481155,MEDIUM,29.0,3.0,0.4601176769285425,8736.741028941022,68885.32695695772,400.0,False,1,False,CLOSE_INTERACTION_NO_PASS,0.0,,False,0.0,229.4355335533539,-39.435533553353906,3.191742,True,3.191742,147.81784815749285,10,True,3.0,straight,0.5615043745880355,3484.7408333333333,19,431.47976220214423,0,monaco_2026_R|PER|STR,monaco_2026_R|L33|monaco_2026_R|PER|STR,,True,v4_t0_anchored_30s_horizon
monaco_2026_R_00568,monaco_2026_R,2026,Monaco Grand Prix,OCO,HUL,27,2026-06-07 13:47:17.251,2026-06-07 13:49:39.451,142.2,142.2,2026-06-07 13:47:47.251,30.0,34,497,95.98527777777781,1.3341583011583016,10.64055555555251,259.0,209.0,50.0,8.105794790005378,1.881,True,15.0,14.0,554.6230555555557,brake_T2,69.97750550250896,420.4746527979545,HARD,25.0,2.0,0.9031196712383022,7191.730009208819,78008.31734444071,400.0,False,1,False,CLOSE_INTERACTION_NO_PASS,0.0,,False,0.0,259.4790874524715,-0.47908745247150364,1.437882,True,1.437882,-5.47631220962249,11,True,3.0,brake,0.15915761948501353,3484.7408333333333,19,431.47976220214423,0,monaco_2026_R|HUL|OCO,monaco_2026_R|L34|monaco_2026_R|HUL|OCO,,False,v4_t0_anchored_30s_horizon
monaco_2026_R_00569,monaco_2026_R,2026,Monaco Grand Prix,BOR,PIA,81,2026-06-07 13:47:17.251,2026-06-07 13:47:28.250,10.999,10.999,2026-06-07 13:47:47.251,30.0,33,40,94.04444444444721,1.2356204379562405,32.75083333333623,274.0,129.0,145.0,80.00744284954723,1.881,True,19.0,4.0,1917.3969444444426,straight_05,181.1502024610288,290.0479423525919,HARD,32.0,2.0,0.1925624594011144,9790.329071377544,73027.78706059264,400.0000000000002,False,1,False,LAPPED_UNLAPPED,,,False,0.0,266.9961466165418,7.003853383458193,1.800691,True,1.800691,42.259296696296595,11,True,3.0,straight,0.5502265551869905,3484.7408333333333,19,431.47976220214423,0,monaco_2026_R|BOR|PIA,monaco_2026_R|L33|monaco_2026_R|BOR|PIA,,False,v4_t0_anchored_30s_horizon
monaco_2026_R_00570,monaco_2026_R,2026,Monaco Grand Prix,NOR,GAS,10,2026-06-07 13:47:22.930,2026-06-07 13:47:44.211,21.281,20.561,2026-06-07 13:47:52.930,30.0,34,72,94.67944444444493,1.262392592592599,10.693888888888523,270.0,203.0,67.0,14.404255319148318,1.88,True,6.0,5.0,1872.1905555555552,straight_05,226.35659134991624,335.25433124147935,MEDIUM,34.0,1.0,0.8817885520231331,11002.252077224464,77792.78295859852,399.9999999999998,False,1,False,ON_TRACK_PASS,1.0,21.641,False,0.0,273.6651003649635,-3.665100364963507,1.400375,True,1.400375,1.6699672540060113,10,True,3.0,straight,0.537253886328387,3484.7408333333333,19,431.47976220214423,0,monaco_2026_R|GAS|NOR,monaco_2026_R|L34|monaco_2026_R|GAS|NOR,,False,v4_t0_anchored_30s_horizon
monaco_2026_R_00571,monaco_2026_R,2026,Monaco Grand Prix,ALB,LAW,30,2026-06-07 13:47:23.130,2026-06-07 13:47:27.810,4.68,4.68,2026-06-07 13:47:53.130,30.0,34,19,98.90555555555557,3.6332653061224494,74.38805555555564,98.0,49.0,49.0,27.166666666666973,1.92,True,10.0,9.0,1136.9805555555554,brake_T5,7.2798882316963045,353.67786387424735,MEDIUM,34.0,1.0,0.5922282857569655,7017.8513862781965,17695.132069845342,400.0,False,1,False,CLOSE_INTERACTION_NO_PASS,0.0,,False,0.0,94.42071744862938,3.579282551370625,4.427039,True,4.427039,18.1870960821713,11,True,3.0,brake,0.3262740645386748,3484.7408333333333,19,431.47976220214423,0,monaco_2026_R|ALB|LAW,monaco_2026_R|L34|monaco_2026_R|ALB|LAW,,False,v4_t0_anchored_30s_horizon
monaco_2026_R_00572,monaco_2026_R,2026,Monaco Grand Prix,SAI,ALB,23,2026-06-07 13:47:28.250,2026-06-07 13:47:31.611,3.361,3.361,2026-06-07 13:47:58.250,30.0,34,12,98.54305555555538,3.3154672897196207,86.53194444444443,107.0,56.0,51.0,36.64583333333298,1.92,True,11.0,10.0,1140.595833333333,brake_T5,3.6646104539186126,350.06258609646966,MEDIUM,34.0,1.0,0.4961541861558246,7227.1232987155745,16912.943732256306,400.0,False,1,False,CLOSE_INTERACTION_NO_PASS,0.0,,False,0.0,103.89136175028283,3.108638249717174,5.001681,True,5.001681,29.49459860989579,12,True,3.0,brake,0.32731152412338643,3484.7408333333333,19,431.47976220214423,0,monaco_2026_R|ALB|SAI,monaco_2026_R|L34|monaco_2026_R|ALB|SAI,,False,v4_t0_anchored_30s_horizon
monaco_2026_R_00573,monaco_2026_R,2026,Monaco Grand Prix,HAD,ANT,12,2026-06-07 13:47:38.011,2026-06-07 13:47:44.051,6.04,6.04,2026-06-07 13:48:08.011,30.0,34,23,91.24083333333328,1.2210669144981408,15.16555555555533,269.0,101.0,168.0,149.6923076923069,1.56,True,8.0,1.0,1922.7972222222222,straight_05,175.74992468324922,284.6476645748123,HARD,2.0,2.0,0.3318315460902564,9645.554825132367,72458.56881309095,400.0000000000002,False,1,False,LAPPED_UNLAPPED,,,False,0.0,283.5791077738516,-14.579107773851604,2.173657,True,2.173657,73.47611494367969,7,True,3.0,straight,0.5517762479865592,3484.7408333333333,19,431.47976220214423,0,monaco_2026_R|ANT|HAD,monaco_2026_R|L34|monaco_2026_R|ANT|HAD,,True,v4_t0_anchored_30s_horizon
monaco_2026_R_00574,monaco_2026_R,2026,Monaco Grand Prix,LAW,HAD,6,2026-06-07 13:47:39.210,2026-06-07 13:48:09.010,29.8,29.8,2026-06-07 13:48:09.210,30.0,34,116,95.9036111111111,1.2834684014869888,38.913611111111095,269.0,198.0,71.0,31.3002502085086,1.199,True,9.0,8.0,1906.1508333333331,straight_05,192.3963135721383,301.2940534637014,MEDIUM,34.0,1.0,0.8810863302436865,10091.822314188064,74213.18750132828,400.0,False,1,False,CLOSE_INTERACTION_NO_PASS,0.0,,False,0.0,267.781688545539,1.218311454461002,1.421776,True,1.421776,6.310948233469843,8,True,3.0,straight,0.546999310565659,3484.7408333333333,19,431.47976220214423,0,monaco_2026_R|HAD|LAW,monaco_2026_R|L34|monaco_2026_R|HAD|LAW,,False,v4_t0_anchored_30s_horizon
monaco_2026_R_00575,monaco_2026_R,2026,Monaco Grand Prix,BOR,PIA,81,2026-06-07 13:47:51.251,2026-06-07 13:47:56.571,5.32,5.32,2026-06-07 13:48:21.251,30.0,34,24,93.77305555555554,1.2643558052434454,49.10027777777776,267.0,134.0,133.0,72.38092809791442,1.9609999999999999,True,19.0,4.0,60.97111111111111,straight_01,162.28131392598078,222.28131392598078,HARD,33.0,2.0,0.19406917392951756,15644.64521396262,59192.20326787714,400.0,False,1,False,LAPPED_UNLAPPED,,,False,0.0,266.39950437924443,0.6004956207555665,1.7708249999999999,True,1.7708249999999999,55.18570810337022,12,True,3.0,straight,0.017496598463762687,3484.7408333333333,19,431.47976220214423,0,monaco_2026_R|BOR|PIA,monaco_2026_R|L34|monaco_2026_R|BOR|PIA,,False,v4_t0_anchored_30s_horizon
monaco_2026_R_00576,monaco_2026_R,2026,Monaco Grand Prix,PER,STR,18,2026-06-07 13:48:06.810,2026-06-07 13:48:21.570,14.76,14.76,2026-06-07 13:48:36.810,30.0,34,57,99.53333333333319,1.8096969696969671,48.164999999999964,198.0,69.0,129.0,96.26680562793139,1.919,True,18.0,17.0,1003.7583333333336,straight_03,140.50211045391814,486.9000860964692,MEDIUM,30.0,3.0,0.45635091252617305,2308.8471416842226,45176.34273397751,400.0000000000001,False,1,False,CLOSE_INTERACTION_NO_PASS,0.0,,False,0.0,201.86116838487945,-3.8611683848794485,3.354835,True,3.354835,65.97019253630215,11,True,3.0,straight,0.2880438980517203,3484.7408333333333,19,431.47976220214423,0,monaco_2026_R|PER|STR,monaco_2026_R|L34|monaco_2026_R|PER|STR,,False,v4_t0_anchored_30s_horizon
monaco_2026_R_00577,monaco_2026_R,2026,Monaco Grand Prix,STR,ALO,14,2026-06-07 13:48:08.010,2026-06-07 13:48:12.411,4.401,4.401,2026-06-07 13:48:38.010,30.0,34,16,98.0150000000001,3.6376701030927876,76.02333333333354,97.0,45.0,52.0,31.791666666666604,1.92,True,17.0,16.0,1130.7794444444442,brake_T5,13.480999342807536,359.8789749853586,SOFT,30.0,2.0,0.09412407677489457,6658.897396785134,19036.781892998497,400.0,False,1,False,CLOSE_INTERACTION_NO_PASS,0.0,,False,0.0,100.0419556171983,-3.0419556171982975,4.641825,True,4.641825,25.6771449989516,12,True,3.0,brake,0.32449456029210516,3484.7408333333333,19,431.47976220214423,0,monaco_2026_R|ALO|STR,monaco_2026_R|L34|monaco_2026_R|ALO|STR,,False,v4_t0_anchored_30s_horizon
monaco_2026_R_00578,monaco_2026_R,2026,Monaco Grand Prix,LAW,HAD,6,2026-06-07 13:48:13.890,2026-06-07 13:48:19.131,5.241,5.241,2026-06-07 13:48:43.890,30.0,35,22,99.08694444444446,1.341026315789474,53.2108333333334,266.0,183.0,83.0,49.571768910064115,1.679,True,9.0,8.0,42.19277777777777,straight_01,181.05964725931412,241.05964725931412,MEDIUM,35.0,1.0,0.9075544750673797,15289.607550878556,63887.82176498104,400.0,False,1,False,CLOSE_INTERACTION_NO_PASS,0.0,,False,0.0,252.0,14.0,1.552781,True,1.552781,15.88715453116641,13,True,3.0,straight,0.012107866781420935,3484.7408333333333,19,431.47976220214423,0,monaco_2026_R|HAD|LAW,monaco_2026_R|L35|monaco_2026_R|HAD|LAW,,False,v4_t0_anchored_30s_horizon
monaco_2026_R_00579,monaco_2026_R,2026,Monaco Grand Prix,HAD,ANT,12,2026-06-07 13:48:34.450,2026-06-07 13:48:44.251,9.801,9.801,2026-06-07 13:49:04.450,30.0,35,36,99.61777777777752,4.427456790123445,58.007222222222026,81.0,61.0,20.0,10.88208269525302,1.959,True,8.0,1.0,1103.616388888889,brake_T5,40.64405489836258,387.04203054091363,HARD,3.0,2.0,0.3668075595416949,5086.552218028781,24913.68169843985,400.0,False,1,False,LAPPED_UNLAPPED,,,False,0.0,73.0,8.0,3.892547,True,3.892547,19.70906273742121,12,True,3.0,brake,0.31669970355678456,3484.7408333333333,19,431.47976220214423,0,monaco_2026_R|ANT|HAD,monaco_2026_R|L35|monaco_2026_R|ANT|HAD,,False,v4_t0_anchored_30s_horizon
monaco_2026_R_00580,monaco_2026_R,2026,Monaco Grand Prix,BOR,PIA,81,2026-06-07 13:48:34.890,2026-06-07 13:49:08.971,34.081,34.081,2026-06-07 13:49:04.890,30.0,34,115,96.64111111111106,1.2697372262773716,19.62749999999869,274.0,186.0,88.0,28.272727272727913,1.76,True,19.0,4.0,1883.0019444444442,straight_05,215.5452024610272,324.4429423525903,HARD,33.0,2.0,0.14095498276599802,10712.413157513201,76653.20457214693,400.0,False,1,False,LAPPED_UNLAPPED,,,False,0.0,272.8766941391941,1.1233058608058855,1.479457,True,1.479457,5.787266975060205,13,True,3.0,straight,0.5403563807192101,3484.7408333333333,19,431.47976220214423,0,monaco_2026_R|BOR|PIA,monaco_2026_R|L34|monaco_2026_R|BOR|PIA,,False,v4_t0_anchored_30s_horizon
monaco_2026_R_00581,monaco_2026_R,2026,Monaco Grand Prix,ALB,LAW,30,2026-06-07 13:48:43.051,2026-06-07 13:48:46.970,3.919,3.919,2026-06-07 13:49:13.051,30.0,35,15,97.15750000000003,3.331114285714287,78.63527777777767,105.0,48.0,57.0,34.8438475952531,1.601,True,10.0,9.0,1141.526111111111,brake_T5,2.734332676140639,349.1323083186917,MEDIUM,35.0,1.0,0.6061984087246596,7280.972828854103,16711.67221918782,400.0,False,1,False,CLOSE_INTERACTION_NO_PASS,0.0,,False,0.0,101.45641339869286,3.5435866013071404,4.658637,True,4.658637,27.722351351698364,10,True,3.0,brake,0.32757848164541487,3484.7408333333333,19,431.47976220214423,0,monaco_2026_R|ALB|LAW,monaco_2026_R|L35|monaco_2026_R|ALB|LAW,,False,v4_t0_anchored_30s_horizon
monaco_2026_R_00582,monaco_2026_R,2026,Monaco Grand Prix,LAW,HAD,6,2026-06-07 13:48:59.171,2026-06-07 13:49:04.131,4.96,4.96,2026-06-07 13:49:29.171,30.0,35,19,93.17138888889076,1.3746598360656015,50.65833333333467,244.0,97.0,147.0,129.73333333333358,1.8,True,9.0,8.0,1950.400555555555,straight_05,148.14659134991643,257.04433124147954,MEDIUM,35.0,1.0,0.8938359793805355,8905.546266011403,69549.02940201541,400.0,False,1,False,CLOSE_INTERACTION_NO_PASS,0.0,,False,0.0,241.18661598303007,2.813384016969934,2.277054,True,2.277054,103.14561884303623,10,True,3.0,straight,0.5596974492045358,3484.7408333333333,19,431.47976220214423,0,monaco_2026_R|HAD|LAW,monaco_2026_R|L35|monaco_2026_R|HAD|LAW,,False,v4_t0_anchored_30s_horizon
monaco_2026_R_00583,monaco_2026_R,2026,Monaco Grand Prix,BOR,PER,11,2026-06-07 13:49:08.210,2026-06-07 13:49:35.611,27.401,21.681,2026-06-07 13:49:38.210,30.0,34,65,92.3072222222263,1.2930194552529755,10.979722222221767,257.0,,,,,False,19.0,,3245.0836111111103,straight_07,,,HARD,33.0,2.0,0.18492806246625626,15502.983391759242,95.44050692822326,239.65722222222303,True,1,False,INVALID,,,False,0.0,,,,False,,-1.0733944953973684,4,True,3.0,straight,0.9312266726036614,3484.7408333333333,19,431.47976220214423,0,monaco_2026_R|BOR|PER,monaco_2026_R|L34|monaco_2026_R|BOR|PER,,True,v4_t0_anchored_30s_horizon
monaco_2026_R_00584,monaco_2026_R,2026,Monaco Grand Prix,STR,ALO,14,2026-06-07 13:49:27.051,2026-06-07 13:49:31.211,4.16,4.16,2026-06-07 13:49:57.051,30.0,35,18,98.5566666666673,3.6577731958763122,79.11777777777843,97.0,48.0,49.0,33.91999999999998,2.0,True,17.0,16.0,1132.8283333333331,brake_T5,11.43211045391854,357.8300860964696,SOFT,31.0,2.0,0.09109414705567835,6777.498213238319,18593.49175254078,400.0,False,1,False,CLOSE_INTERACTION_NO_PASS,0.0,,False,0.0,103.37995762711779,-6.37995762711779,4.724889,True,4.724889,28.894188151569775,12,True,3.0,brake,0.3250825204839479,3484.7408333333333,19,431.47976220214423,0,monaco_2026_R|ALO|STR,monaco_2026_R|L35|monaco_2026_R|ALO|STR,,False,v4_t0_anchored_30s_horizon
monaco_2026_R_00585,monaco_2026_R,2026,Monaco Grand Prix,BOR,PIA,81,2026-06-07 13:49:35.771,2026-06-07 13:49:46.891,11.12,11.12,2026-06-07 13:50:05.771,30.0,35,40,28.49722222222067,1.1929069767441212,22.597222222220807,86.0,48.0,38.0,,,False,19.0,4.0,1192.518055555556,corner_T5,69.80909388556802,298.14036387424676,HARD,34.0,2.0,0.25326329354026067,10077.626854533271,7659.040235568156,400.0,False,1,False,LAPPED_UNLAPPED,,,False,0.0,76.95058876811324,9.049411231886765,1.792289,True,1.792289,37.389679743562205,11,True,3.0,corner,0.342211404689987,3484.7408333333333,19,431.47976220214423,0,monaco_2026_R|BOR|PIA,monaco_2026_R|L35|monaco_2026_R|BOR|PIA,,False,v4_t0_anchored_30s_horizon
monaco_2026_R_00586,monaco_2026_R,2026,Monaco Grand Prix,LIN,SAI,55,2026-06-07 13:49:39.011,2026-06-07 13:53:51.732,252.721,252.721,2026-06-07 13:50:09.011,30.0,35,636,28.468055555556475,0.9668396226415407,10.079999999999472,106.0,80.0,26.0,,,False,12.0,11.0,2909.621666666665,corner_T18,83.63940446452398,143.63940446452398,MEDIUM,35.0,1.0,0.9480658309477767,20010.835122887343,2741.946648263529,400.0,False,1,False,CLOSE_INTERACTION_NO_PASS,0.0,,False,-1.0,104.09438280166466,1.9056171983353352,1.153213,True,1.153213,-19.12566200596472,12,True,3.0,corner,0.8349607060687675,3484.7408333333333,19,431.47976220214423,0,monaco_2026_R|LIN|SAI,monaco_2026_R|L35|monaco_2026_R|LIN|SAI,,True,v4_t0_anchored_30s_horizon
monaco_2026_R_00587,monaco_2026_R,2026,Monaco Grand Prix,OCO,HUL,27,2026-06-07 13:49:43.491,2026-06-07 13:53:12.572,209.081,209.081,2026-06-07 13:50:13.491,30.0,35,755,36.48361111111308,1.042388888888945,10.004444444443834,126.0,163.0,-37.0,,,False,14.0,13.0,2987.460555555556,brake_T19,5.800515575633199,65.8005155756332,HARD,26.0,2.0,0.9891611486158683,24322.31562219361,134.85790617286818,400.0,False,1,False,CLOSE_INTERACTION_NO_PASS,0.0,,False,-1.0,123.30999999999712,2.6900000000028825,0.8738,True,0.8738,-23.51207435005343,12,True,3.0,brake,0.857297772901492,3484.7408333333333,19,431.47976220214423,0,monaco_2026_R|HUL|OCO,monaco_2026_R|L35|monaco_2026_R|HUL|OCO,,True,v4_t0_anchored_30s_horizon
monaco_2026_R_00588,monaco_2026_R,2026,Monaco Grand Prix,RUS,NOR,1,2026-06-07 13:49:44.251,2026-06-07 13:49:47.490,3.239,3.239,2026-06-07 13:50:14.251,30.0,36,15,98.99416666666662,2.8510319999999987,86.90527777777811,125.0,59.0,66.0,44.99999999999918,2.0,True,7.0,6.0,1146.3794444444443,corner_T5,115.9477049966797,344.27897498535845,HARD,5.0,2.0,0.9128728241727547,7555.10243246584,15748.55604977233,400.0,False,1,False,CLOSE_INTERACTION_NO_PASS,0.0,,False,0.0,102.78387850467317,22.21612149532683,5.128644,True,5.128644,37.873157353441584,12,True,3.0,corner,0.32897122032110304,3484.7408333333333,19,431.47976220214423,0,monaco_2026_R|NOR|RUS,monaco_2026_R|L36|monaco_2026_R|NOR|RUS,,False,v4_t0_anchored_30s_horizon
monaco_2026_R_00589,monaco_2026_R,2026,Monaco Grand Prix,BOR,PER,11,2026-06-07 13:49:48.211,2026-06-07 13:49:55.731,7.52,6.84,2026-06-07 13:50:18.211,30.0,35,25,10.446388888888578,0.24741447368420316,10.446388888888578,152.0,,,-44.11373092926396,0.721,True,19.0,,1471.643611111111,corner_T8,295.030277353781,19.01480831869162,HARD,34.0,2.0,0.24291853415722905,25033.04241811246,16961.859847056006,400.0,False,1,False,INVALID,,,False,0.0,,,,False,,,0,False,3.0,corner,0.42231077761481867,3484.7408333333333,19,431.47976220214423,0,monaco_2026_R|BOR|PER,monaco_2026_R|L35|monaco_2026_R|BOR|PER,,False,v4_t0_anchored_30s_horizon
monaco_2026_R_00590,monaco_2026_R,2026,Monaco Grand Prix,LAW,HAD,6,2026-06-07 13:49:52.891,2026-06-07 13:50:07.331,14.44,14.44,2026-06-07 13:50:22.891,30.0,36,53,95.57749999999987,2.048089285714283,49.128333333332876,168.0,77.0,91.0,106.62500000000057,1.6,True,9.0,8.0,1026.4463888888886,brake_T5,117.81405489836311,464.21203054091416,MEDIUM,36.0,1.0,0.9598453615429643,2094.74527889553,41609.901939875985,400.0,False,1,False,CLOSE_INTERACTION_NO_PASS,0.0,,False,0.0,192.96779661016978,-24.967796610169785,3.279677,True,3.279677,75.73832002282559,11,True,3.0,brake,0.2945545846825688,3484.7408333333333,19,431.47976220214423,0,monaco_2026_R|HAD|LAW,monaco_2026_R|L36|monaco_2026_R|HAD|LAW,,False,v4_t0_anchored_30s_horizon
monaco_2026_R_00591,monaco_2026_R,2026,Monaco Grand Prix,HAD,ANT,12,2026-06-07 13:49:54.051,2026-06-07 13:49:57.091,3.04,3.04,2026-06-07 13:50:24.051,30.0,36,8,99.71027777777772,3.6258282828282806,86.98583333333318,99.0,72.0,27.0,29.795918367346847,1.96,True,8.0,1.0,1149.9416666666662,corner_T5,112.38548277445784,340.7167527631366,HARD,4.0,2.0,0.3016175076559679,7749.858892098885,15123.989069830594,400.0,False,1,False,PIT_RELATED,,48.96,True,0.0,120.21638111888133,-21.21638111888133,5.253223,True,5.253223,32.205879166525975,11,True,3.0,corner,0.32999345479781,3484.7408333333333,19,431.47976220214423,0,monaco_2026_R|ANT|HAD,monaco_2026_R|L36|monaco_2026_R|ANT|HAD,,False,v4_t0_anchored_30s_horizon
monaco_2026_R_00592,monaco_2026_R,2026,Monaco Grand Prix,BOR,PIA,81,2026-06-07 13:50:15.811,2026-06-07 13:50:21.931,6.12,6.12,2026-06-07 13:50:45.811,30.0,35,26,65.98277777777412,1.5730993377482572,53.71611111110724,151.0,57.0,94.0,,,False,19.0,4.0,2792.8766666666656,corner_T17,114.18830719738389,260.3844044645234,HARD,34.0,2.0,0.17802176482866083,12856.022877900888,24280.379022214052,400.0,False,1,False,LAPPED_UNLAPPED,,,False,0.0,145.45999999999685,5.540000000003147,2.964727,True,2.964727,76.94556524506561,13,True,3.0,corner,0.8014589320248346,3484.7408333333333,19,431.47976220214423,0,monaco_2026_R|BOR|PIA,monaco_2026_R|L35|monaco_2026_R|BOR|PIA,,True,v4_t0_anchored_30s_horizon
monaco_2026_R_00593,monaco_2026_R,2026,Monaco Grand Prix,RUS,NOR,1,2026-06-07 13:50:23.171,2026-06-07 13:50:28.651,5.48,5.48,2026-06-07 13:50:53.171,30.0,36,21,93.10805555555817,1.7457760416667158,71.94138888889165,192.0,61.0,131.0,101.081632653062,1.96,True,7.0,6.0,2777.5430555555545,brake_T17,12.045237649108458,275.7180155756346,HARD,5.0,2.0,0.8904000165448647,11967.076344949226,28340.932179989086,400.0,False,1,False,CLOSE_INTERACTION_NO_PASS,0.0,,False,0.0,180.63439306358663,11.365606936413371,3.752687,True,3.752687,73.9686942105455,12,True,3.0,brake,0.7970587163862892,3484.7408333333333,19,431.47976220214423,0,monaco_2026_R|NOR|RUS,monaco_2026_R|L36|monaco_2026_R|NOR|RUS,,True,v4_t0_anchored_30s_horizon
monaco_2026_R_00594,monaco_2026_R,2026,Monaco Grand Prix,BOR,PER,11,2026-06-07 13:50:25.211,2026-06-07 13:50:51.131,25.92,24.24,2026-06-07 13:50:55.211,30.0,35,84,12.086111111108949,0.2351891891891471,10.261944444444566,185.0,,,-36.714285714286426,1.12,True,19.0,,3041.38,corner_T19,,11.881071131188946,HARD,34.0,2.0,0.18184509378946334,25616.31422722201,154.56353443557305,400.0,False,1,False,INVALID,,,False,0.0,,,,False,,,0,False,3.0,corner,0.8727707871149673,3484.7408333333333,19,431.47976220214423,0,monaco_2026_R|BOR|PER,monaco_2026_R|L35|monaco_2026_R|BOR|PER,,True,v4_t0_anchored_30s_horizon
monaco_2026_R_00595,monaco_2026_R,2026,Monaco Grand Prix,HAD,ANT,12,2026-06-07 13:50:35.051,2026-06-07 13:50:41.172,6.121,6.121,2026-06-07 13:51:05.051,30.0,36,24,96.25527777778052,2.6054060150376683,41.56194444444691,133.0,60.0,73.0,113.34836956521556,1.8399999999999999,True,8.0,1.0,2827.771111111108,corner_T17,79.29386275294155,225.48996002008107,HARD,4.0,2.0,0.2406350945529468,15100.313526853548,11652.385145709299,400.0,False,1,False,PIT_RELATED,,7.96,False,0.0,90.16363636363977,42.83636363636023,5.712,True,5.712,108.3277242911772,12,True,3.0,corner,0.8114724297606373,3484.7408333333333,19,431.47976220214423,0,monaco_2026_R|ANT|HAD,monaco_2026_R|L36|monaco_2026_R|ANT|HAD,,True,v4_t0_anchored_30s_horizon
monaco_2026_R_00596,monaco_2026_R,2026,Monaco Grand Prix,LAW,HAD,6,2026-06-07 13:50:37.771,2026-06-07 13:50:42.571,4.8,4.8,2026-06-07 13:51:07.771,30.0,36,20,92.85972222221972,1.8780617977527583,74.83749999999782,178.0,58.0,120.0,94.08510638297938,1.88,True,9.0,8.0,2792.638055555556,corner_T17,114.42691830849344,260.62301557563296,MEDIUM,36.0,1.0,0.9384111153760625,12840.676231925423,24366.730293825636,400.0,False,1,False,CLOSE_INTERACTION_NO_PASS,0.0,,False,0.0,181.46216216216388,-3.462162162163878,3.5005129999999998,True,3.5005129999999998,64.27487621786554,12,True,3.0,corner,0.8013904588951181,3484.7408333333333,19,431.47976220214423,0,monaco_2026_R|HAD|LAW,monaco_2026_R|L36|monaco_2026_R|HAD|LAW,,True,v4_t0_anchored_30s_horizon
monaco_2026_R_00597,monaco_2026_R,2026,Monaco Grand Prix,LAW,ANT,12,2026-06-07 13:50:43.891,2026-06-07 13:50:47.212,3.321,3.12,2026-06-07 13:51:13.891,30.0,36,12,66.89972222222332,2.7682643678161374,13.955277777779429,87.0,8.0,79.0,,,False,9.0,1.0,2943.1269444444442,corner_T18,50.13412668674482,110.13412668674482,MEDIUM,36.0,1.0,0.9787521985325086,22022.638149395854,1220.1821190839014,400.0,False,1,False,PIT_RELATED,,3.681,False,0.0,59.46246973365618,27.537530266343822,7.689491,True,7.689491,82.96654220876283,9,True,3.0,corner,0.844575561055194,3484.7408333333333,19,431.47976220214423,0,monaco_2026_R|ANT|LAW,monaco_2026_R|L36|monaco_2026_R|ANT|LAW,,True,v4_t0_anchored_30s_horizon
monaco_2026_R_00598,monaco_2026_R,2026,Monaco Grand Prix,STR,ALO,14,2026-06-07 13:50:45.651,2026-06-07 13:50:50.731,5.08,5.08,2026-06-07 13:51:15.651,30.0,36,20,98.06388888888978,4.011704545454582,70.36138888888968,88.0,42.0,46.0,24.727272727271945,1.76,True,17.0,16.0,1123.9866666666662,brake_T5,20.273777120585464,366.6717527631365,SOFT,32.0,2.0,0.08186263358721037,6265.694527269663,20506.44256202678,400.0,False,1,False,CLOSE_INTERACTION_NO_PASS,0.0,,False,0.0,91.4692313307535,-3.4692313307535017,4.463398,True,4.463398,21.164648910407106,8,True,3.0,brake,0.3225452681918716,3484.7408333333333,19,431.47976220214423,0,monaco_2026_R|ALO|STR,monaco_2026_R|L36|monaco_2026_R|ALO|STR,,False,v4_t0_anchored_30s_horizon
monaco_2026_R_00599,monaco_2026_R,2026,Monaco Grand Prix,BOR,PIA,81,2026-06-07 13:50:51.451,2026-06-07 13:51:03.331,11.88,11.88,2026-06-07 13:51:21.451,30.0,36,40,87.82388888888931,3.8092289156626693,48.813611111111186,83.0,103.0,-20.0,,,False,19.0,4.0,1092.1438888888886,brake_T5,52.11655489836312,398.51453054091417,HARD,35.0,2.0,0.20155355375609044,4422.461610608363,27395.83002965514,400.0,False,1,False,LAPPED_UNLAPPED,,,False,0.0,77.9660867650297,5.033913234970299,3.437473,True,3.437473,26.582983001279896,12,True,3.0,brake,0.3134074931604589,3484.7408333333333,19,431.47976220214423,0,monaco_2026_R|BOR|PIA,monaco_2026_R|L36|monaco_2026_R|BOR|PIA,,False,v4_t0_anchored_30s_horizon
monaco_2026_R_00600,monaco_2026_R,2026,Monaco Grand Prix,RUS,NOR,1,2026-06-07 13:50:55.651,2026-06-07 13:51:11.211,15.56,15.56,2026-06-07 13:51:25.651,30.0,37,60,96.79750000000058,1.6437311320754817,46.17694444444555,212.0,76.0,136.0,100.2340678975578,1.679,True,7.0,6.0,1004.3208333333329,straight_03,139.93961045391882,486.33758609646986,HARD,6.0,2.0,0.8578488715254752,2302.202024411526,45091.468913619654,399.9999999999999,False,1,False,CLOSE_INTERACTION_NO_PASS,0.0,,False,0.0,200.81691666666677,11.18308333333323,3.09803,True,3.09803,54.43474171123926,13,True,3.0,straight,0.2882053160816119,3484.7408333333333,19,431.47976220214423,0,monaco_2026_R|NOR|RUS,monaco_2026_R|L37|monaco_2026_R|NOR|RUS,,False,v4_t0_anchored_30s_horizon
monaco_2026_R_00601,monaco_2026_R,2026,Monaco Grand Prix,BOR,PER,11,2026-06-07 13:51:06.771,2026-06-07 13:51:16.131,9.36,8.48,2026-06-07 13:51:36.771,30.0,36,33,10.564444444446508,0.3278620689655813,10.564444444446508,116.0,162.0,-46.0,-42.45454545454715,0.88,True,19.0,18.0,1433.5197222222214,corner_T8,333.1541662426707,57.138697207581345,HARD,35.0,2.0,0.2039731316115895,25071.16114517533,2602.266223464738,400.0,False,1,False,ON_TRACK_PASS,1.0,9.52,False,0.0,147.17549668873968,-31.175496688739685,0.240132,True,0.240132,-18.10406576317184,12,True,3.0,corner,0.41137054110591814,3484.7408333333333,19,431.47976220214423,0,monaco_2026_R|BOR|PER,monaco_2026_R|L36|monaco_2026_R|BOR|PER,monaco_2026_R_00604,False,v4_t0_anchored_30s_horizon
monaco_2026_R_00602,monaco_2026_R,2026,Monaco Grand Prix,LAW,HAD,6,2026-06-07 13:51:15.851,2026-06-07 13:51:20.092,4.241,4.241,2026-06-07 13:51:45.851,30.0,37,18,98.77250000000095,3.452242718446635,75.70583333333434,103.0,42.0,61.0,30.34456355283233,1.959,True,9.0,8.0,1138.831666666666,brake_T5,5.428777120585664,351.8267527631367,MEDIUM,37.0,1.0,0.9467312021184715,7125.003750817756,17294.632409323473,400.0,False,1,False,CLOSE_INTERACTION_NO_PASS,0.0,,False,0.0,95.45914702581304,7.540852974186961,4.37105,True,4.37105,19.998460157864937,13,True,3.0,brake,0.3268052693540814,3484.7408333333333,19,431.47976220214423,0,monaco_2026_R|HAD|LAW,monaco_2026_R|L37|monaco_2026_R|HAD|LAW,,False,v4_t0_anchored_30s_horizon
monaco_2026_R_00603,monaco_2026_R,2026,Monaco Grand Prix,RUS,NOR,1,2026-06-07 13:51:34.772,2026-06-07 13:51:49.131,14.359,14.359,2026-06-07 13:52:04.772,30.0,37,57,94.5397222222241,1.4482680851064118,32.32388888889045,235.0,116.0,119.0,89.15576820839884,1.881,True,7.0,6.0,2552.813888888888,corner_T13,28.48745534205682,500.4471822423011,HARD,6.0,2.0,0.8161014139874789,4571.237036076647,71573.03586963296,400.0,False,1,False,CLOSE_INTERACTION_NO_PASS,0.0,,False,0.0,222.7498768472922,12.2501231527078,2.32827,True,2.32827,53.29114303381918,13,True,3.0,corner,0.7325692242217596,3484.7408333333333,19,431.47976220214423,0,monaco_2026_R|NOR|RUS,monaco_2026_R|L37|monaco_2026_R|NOR|RUS,,True,v4_t0_anchored_30s_horizon
monaco_2026_R_00604,monaco_2026_R,2026,Monaco Grand Prix,PER,BOR,5,2026-06-07 13:51:36.571,2026-06-07 13:51:43.291,6.72,5.92,2026-06-07 13:52:06.571,30.0,36,21,12.251944444442415,0.6891718749998859,10.42972222222079,64.0,88.0,-24.0,-29.896551724137556,1.16,True,18.0,19.0,2820.541944444447,corner_T17,86.52302941960261,232.71912668674213,MEDIUM,32.0,3.0,0.5474488336168336,14635.358391214708,14268.557257123095,400.0,False,1,False,ON_TRACK_PASS,1.0,7.0,False,0.0,107.2225188780952,-43.2225188780952,0.492417,True,0.492417,-14.32969661802293,10,True,3.0,corner,0.8093979091542524,3484.7408333333333,19,431.47976220214423,0,monaco_2026_R|BOR|PER,monaco_2026_R|L36|monaco_2026_R|BOR|PER,monaco_2026_R_00601,True,v4_t0_anchored_30s_horizon
monaco_2026_R_00605,monaco_2026_R,2026,Monaco Grand Prix,BOR,PER,11,2026-06-07 13:51:44.811,2026-06-07 13:52:10.571,25.76,24.52,2026-06-07 13:52:14.811,30.0,36,92,11.968055555557385,0.23803867403318554,11.968055555557385,181.0,210.0,-29.0,-34.354838709676535,1.24,True,19.0,18.0,3043.833333333334,corner_T19,,9.427737797855116,HARD,35.0,2.0,0.19271465955364114,25669.78454120263,155.54054391113218,400.0,False,1,False,ON_TRACK_PASS,1.0,26.12,False,0.0,203.84671428571315,-22.846714285713148,0.205109,True,0.205109,-33.73331809150398,13,True,3.0,corner,0.8734748088631175,3484.7408333333333,19,431.47976220214423,0,monaco_2026_R|BOR|PER,monaco_2026_R|L36|monaco_2026_R|BOR|PER,monaco_2026_R_00604,True,v4_t0_anchored_30s_horizon
monaco_2026_R_00606,monaco_2026_R,2026,Monaco Grand Prix,PER,BOR,5,2026-06-07 13:52:15.212,2026-06-07 13:52:26.052,10.84,9.519,2026-06-07 13:52:45.212,30.0,37,14,10.09166666666647,0.5859677419354724,10.09166666666647,62.0,88.0,-26.0,-29.850000000000477,0.8,True,18.0,19.0,1186.3694444444445,corner_T5,75.95770499667947,304.2889749853582,MEDIUM,33.0,3.0,0.5135818759941086,9741.465420193119,8737.08063645809,400.0,False,1,False,ON_TRACK_PASS,1.0,11.16,False,0.0,104.46487771739093,-42.464877717390934,0.409934,True,0.409934,-14.886828375458222,8,True,3.0,corner,0.34044696612620723,3484.7408333333333,19,431.47976220214423,0,monaco_2026_R|BOR|PER,monaco_2026_R|L37|monaco_2026_R|BOR|PER,monaco_2026_R_00607,False,v4_t0_anchored_30s_horizon
monaco_2026_R_00607,monaco_2026_R,2026,Monaco Grand Prix,BOR,PER,11,2026-06-07 13:52:27.132,2026-06-07 13:52:35.292,8.16,7.24,2026-06-07 13:52:57.132,30.0,37,29,12.750833333333276,0.3060199999999986,12.750833333333276,150.0,195.0,-45.0,-45.684210526317685,0.76,True,19.0,18.0,1462.2680555555553,corner_T8,304.4058329093368,28.39036387424744,HARD,36.0,2.0,0.17335805860680314,25042.416704254327,13430.50006984242,400.0,False,1,False,ON_TRACK_PASS,1.0,8.36,False,0.0,186.28480769230774,-36.28480769230774,0.232405,True,0.232405,-32.07086847889249,13,True,3.0,corner,0.41962031769140806,3484.7408333333333,19,431.47976220214423,0,monaco_2026_R|BOR|PER,monaco_2026_R|L37|monaco_2026_R|BOR|PER,monaco_2026_R_00606,False,v4_t0_anchored_30s_horizon
monaco_2026_R_00608,monaco_2026_R,2026,Monaco Grand Prix,LAW,HAD,6,2026-06-07 13:52:34.812,2026-06-07 13:52:38.091,3.279,3.279,2026-06-07 13:53:04.812,30.0,38,15,95.39083333333338,2.8148114754098374,85.24638888888921,122.0,59.0,63.0,44.73469387755112,1.96,True,9.0,8.0,1157.8344444444444,corner_T5,104.49270499667955,332.8239749853583,MEDIUM,38.0,1.0,0.9349928517269709,8181.378702143664,13740.142674940742,400.0,False,1,False,CLOSE_INTERACTION_NO_PASS,0.0,,False,0.0,119.02596899224822,2.974031007751776,4.80048,True,4.80048,34.21314166257041,11,True,3.0,corner,0.3322584088231653,3484.7408333333333,19,431.47976220214423,0,monaco_2026_R|HAD|LAW,monaco_2026_R|L38|monaco_2026_R|HAD|LAW,,False,v4_t0_anchored_30s_horizon
monaco_2026_R_00609,monaco_2026_R,2026,Monaco Grand Prix,PER,BOR,5,2026-06-07 13:52:49.811,2026-06-07 13:53:03.691,13.88,12.841,2026-06-07 13:53:19.811,30.0,37,44,10.025833333333594,0.27137593984963115,10.025833333333594,133.0,157.0,-24.0,-33.71845672575663,0.959,True,18.0,19.0,2590.811944444444,corner_T14,104.4389870028308,462.4491266867449,MEDIUM,33.0,3.0,0.48199404815944447,4347.53675978002,59913.31232992877,400.0,False,1,False,ON_TRACK_PASS,1.0,14.08,False,0.0,179.60756112595084,-46.60756112595084,0.233611,True,0.233611,-17.882376295440068,11,True,3.0,corner,0.7434733509195287,3484.7408333333333,19,431.47976220214423,0,monaco_2026_R|BOR|PER,monaco_2026_R|L37|monaco_2026_R|BOR|PER,monaco_2026_R_00607,True,v4_t0_anchored_30s_horizon
monaco_2026_R_00610,monaco_2026_R,2026,Monaco Grand Prix,BOR,PER,11,2026-06-07 13:53:04.931,2026-06-07 13:53:35.172,30.241,29.281,2026-06-07 13:53:34.931,30.0,37,99,10.856388888888887,0.21125945945945943,10.007777777777846,185.0,219.0,-34.0,-36.99999999999521,1.04,True,19.0,18.0,3062.293055555555,straight_07,,,HARD,36.0,2.0,0.14360232944007809,25875.261755949163,159.29502318895393,400.0,False,1,False,UNCERTAIN,,30.961,True,0.0,213.34946183953002,-28.349461839530022,0.175794,True,0.175794,-37.83634931148389,13,True,3.0,straight,0.8787721101848239,3484.7408333333333,19,431.47976220214423,0,monaco_2026_R|BOR|PER,monaco_2026_R|L37|monaco_2026_R|BOR|PER,monaco_2026_R_00609,True,v4_t0_anchored_30s_horizon
monaco_2026_R_00611,monaco_2026_R,2026,Monaco Grand Prix,OCO,HUL,27,2026-06-07 13:53:18.412,2026-06-07 13:53:24.611,6.199,6.199,2026-06-07 13:53:48.412,30.0,38,23,89.06833333333225,1.4913767441860284,38.74611111111062,215.0,101.0,114.0,91.25163593099366,1.681,True,14.0,13.0,1934.3252777777782,straight_05,164.22186912769325,273.11960901925636,HARD,29.0,2.0,0.9429087354678949,9336.503027723827,71243.44991542299,399.9999999999998,False,1,False,CLOSE_INTERACTION_NO_PASS,0.0,,False,0.0,246.54605654691443,-31.54605654691443,1.986914,True,1.986914,51.72031895590872,12,True,3.0,straight,0.5550844009043556,3484.7408333333333,19,431.47976220214423,0,monaco_2026_R|HUL|OCO,monaco_2026_R|L38|monaco_2026_R|HUL|OCO,,False,v4_t0_anchored_30s_horizon
monaco_2026_R_00612,monaco_2026_R,2026,Monaco Grand Prix,BOR,PER,11,2026-06-07 13:53:45.852,2026-06-07 13:53:55.652,9.8,9.12,2026-06-07 13:54:15.852,30.0,38,36,12.178611111110968,0.47655434782608136,12.121111111111304,92.0,138.0,-46.0,-21.813870474248134,1.9609999999999999,True,19.0,18.0,1417.4311111111108,brake_T8,13.22730831869194,73.22730831869194,HARD,37.0,2.0,0.17530596520194944,24457.464882145738,23.741481237839704,400.0,False,1,False,ON_TRACK_PASS,1.0,9.96,False,0.0,122.54534883720926,-30.54534883720926,0.319162,True,0.319162,-9.58959243125551,13,True,3.0,brake,0.4067536666005848,3484.7408333333333,19,431.47976220214423,0,monaco_2026_R|BOR|PER,monaco_2026_R|L38|monaco_2026_R|BOR|PER,,False,v4_t0_anchored_30s_horizon
monaco_2026_R_00613,monaco_2026_R,2026,Monaco Grand Prix,LIN,HAM,44,2026-06-07 13:53:53.572,2026-06-07 13:53:59.252,5.68,5.68,2026-06-07 13:54:23.572,30.0,39,23,10.018333333333374,0.25220979020979123,10.018333333333374,143.0,147.0,-4.0,-21.948717948718034,1.56,True,12.0,2.0,145.74805555555554,brake_T1,77.50436948153634,137.50436948153634,MEDIUM,39.0,1.0,0.9876794224187245,18457.688667406503,38350.37683102653,400.0,False,1,False,LAPPED_UNLAPPED,,,False,0.0,164.17434782608703,-21.17434782608703,0.245347,True,0.245347,-23.51285842458665,13,True,3.0,brake,0.04182464709036627,3484.7408333333333,19,431.47976220214423,0,monaco_2026_R|HAM|LIN,monaco_2026_R|L39|monaco_2026_R|HAM|LIN,,False,v4_t0_anchored_30s_horizon
monaco_2026_R_00614,monaco_2026_R,2026,Monaco Grand Prix,LIN,SAI,55,2026-06-07 13:53:59.452,2026-06-07 13:57:05.253,185.801,184.161,2026-06-07 13:54:29.452,30.0,39,509,42.475555555555616,0.6826428571428581,10.033333333330575,224.0,196.0,28.0,,,False,12.0,11.0,374.4916666666666,straight_02,250.108894391398,600.6060416868436,MEDIUM,39.0,1.0,0.9582857196161516,14726.644016496708,79000.62524055532,399.99999999999994,False,1,False,CLOSE_INTERACTION_NO_PASS,0.0,,False,0.0,197.92720481049562,26.072795189504376,0.779872,True,0.779872,-5.541989080107146,12,True,3.0,straight,0.10746614585637525,3484.7408333333333,19,431.47976220214423,0,monaco_2026_R|LIN|SAI,monaco_2026_R|L39|monaco_2026_R|LIN|SAI,,False,v4_t0_anchored_30s_horizon
monaco_2026_R_00615,monaco_2026_R,2026,Monaco Grand Prix,BOR,RUS,63,2026-06-07 13:54:30.572,2026-06-07 13:54:58.332,27.76,26.521,2026-06-07 13:55:00.572,30.0,39,89,16.812777777777775,0.2666343612334801,10.550833333333316,227.0,271.0,-44.0,,,False,19.0,7.0,25.0675,straight_01,198.1849250370919,258.1849250370919,HARD,38.0,2.0,0.13684506439152358,14965.823831953141,68170.0852477915,400.0,False,1,False,LAPPED_UNLAPPED,,,False,0.0,269.8078515785158,-42.807851578515795,0.214586,True,0.214586,-75.31456486255645,11,True,3.0,straight,0.007193504825442542,3484.7408333333333,19,431.47976220214423,0,monaco_2026_R|BOR|RUS,monaco_2026_R|L39|monaco_2026_R|BOR|RUS,,False,v4_t0_anchored_30s_horizon
monaco_2026_R_00616,monaco_2026_R,2026,Monaco Grand Prix,STR,ALO,14,2026-06-07 13:54:43.452,2026-06-07 13:54:46.772,3.32,3.32,2026-06-07 13:55:13.452,30.0,39,15,98.78250000000003,3.4193942307692318,84.8116666666665,104.0,58.0,46.0,36.17500000000052,1.6,True,17.0,16.0,1141.9505555555556,brake_T5,2.30988823169605,348.7078638742471,SOFT,35.0,2.0,0.10063568669390692,7305.541978466428,16619.84096449428,400.0,False,1,False,CLOSE_INTERACTION_NO_PASS,0.0,,False,0.0,107.14505853994497,-3.1450585399449693,4.957446,True,4.957446,27.14100630047097,10,True,3.0,brake,0.32770028250945177,3484.7408333333333,19,431.47976220214423,0,monaco_2026_R|ALO|STR,monaco_2026_R|L39|monaco_2026_R|ALO|STR,,False,v4_t0_anchored_30s_horizon
monaco_2026_R_00617,monaco_2026_R,2026,Monaco Grand Prix,BOR,RUS,63,2026-06-07 13:55:01.812,2026-06-07 13:55:38.293,36.481,35.601,2026-06-07 13:55:31.812,30.0,39,113,11.28694444444318,0.6064626865670962,10.223333333331539,67.0,85.0,-18.0,-30.148148148148266,1.08,True,19.0,7.0,1262.0366666666675,brake_T6,0.29048277445645,228.6217527631352,HARD,38.0,2.0,0.2034115590623559,14271.572651707997,4399.535144435351,400.0,False,1,False,LAPPED_UNLAPPED,,,False,0.0,90.07584269662851,-23.075842696628513,0.446067,True,0.446067,-22.25867149692099,10,True,3.0,brake,0.36216083979463826,3484.7408333333333,19,431.47976220214423,0,monaco_2026_R|BOR|RUS,monaco_2026_R|L39|monaco_2026_R|BOR|RUS,,False,v4_t0_anchored_30s_horizon
monaco_2026_R_00618,monaco_2026_R,2026,Monaco Grand Prix,COL,LEC,16,2026-06-07 13:55:21.492,2026-06-07 13:55:25.172,3.68,3.68,2026-06-07 13:55:51.492,30.0,40,14,97.04444444444444,1.3133834586466164,62.06666666666666,266.0,124.0,142.0,122.00000000000014,0.8,True,15.0,3.0,73.22222222222223,straight_01,150.03020281486965,210.03020281486965,HARD,5.0,2.0,0.7404635332426871,15876.274176014922,56128.75014228514,400.0,False,1,False,LAPPED_UNLAPPED,,,False,0.0,252.7089430894309,13.291056910569097,1.8889909999999999,True,1.8889909999999999,50.48906150842931,13,True,3.0,straight,0.021012243298501317,3484.7408333333333,19,431.47976220214423,0,monaco_2026_R|COL|LEC,monaco_2026_R|L40|monaco_2026_R|COL|LEC,,False,v4_t0_anchored_30s_horizon
monaco_2026_R_00619,monaco_2026_R,2026,Monaco Grand Prix,BOR,RUS,63,2026-06-07 13:55:44.533,2026-06-07 13:55:56.132,11.599,11.599,2026-06-07 13:56:14.533,30.0,39,46,12.350833333333867,0.5774415584415834,12.350833333333867,77.0,133.0,-56.0,-14.31015752308601,1.841,True,19.0,7.0,2956.560833333334,corner_T18,36.70023779785515,96.70023779785515,HARD,38.0,2.0,0.2002340900878788,22829.267436390495,610.0330036030373,400.0,False,1,False,LAPPED_UNLAPPED,,,False,0.0,114.54065040650333,-37.54065040650333,0.329186,True,0.329186,0.5058620327879116,13,True,3.0,corner,0.848430622172046,3484.7408333333333,19,431.47976220214423,0,monaco_2026_R|BOR|RUS,monaco_2026_R|L39|monaco_2026_R|BOR|RUS,,True,v4_t0_anchored_30s_horizon
monaco_2026_R_00620,monaco_2026_R,2026,Monaco Grand Prix,PER,GAS,10,2026-06-07 13:55:48.892,2026-06-07 13:55:57.013,8.121,8.121,2026-06-07 13:56:18.892,30.0,40,32,27.29611111111111,0.46793333333333337,25.89638888888888,210.0,272.0,-62.0,,,False,18.0,5.0,26.265555555555558,straight_01,196.98686948153633,256.9868694815363,MEDIUM,36.0,3.0,0.40182611324163375,14988.475194943609,67870.50531557044,400.00000000000006,False,1,False,LAPPED_UNLAPPED,,,False,0.0,268.4163970588235,-58.41639705882352,0.35836,True,0.35836,-84.65181955587764,10,True,3.0,straight,0.007537305300960131,3484.7408333333333,19,431.47976220214423,0,monaco_2026_R|GAS|PER,monaco_2026_R|L40|monaco_2026_R|GAS|PER,,False,v4_t0_anchored_30s_horizon
monaco_2026_R_00621,monaco_2026_R,2026,Monaco Grand Prix,BOR,PER,11,2026-06-07 13:55:57.013,2026-06-07 13:58:41.893,164.88,164.88,2026-06-07 13:56:27.013,30.0,40,530,43.26222222222236,0.8284255319148963,10.054999999998927,188.0,178.0,10.0,,,False,19.0,18.0,300.3997222222222,straight_02,324.20083883584243,674.697986131288,HARD,39.0,2.0,0.16941701220150648,18964.359681346818,67380.40020694667,400.0,False,1,False,CLOSE_INTERACTION_NO_PASS,0.0,,False,0.0,142.07667487150704,45.92332512849296,0.879123,True,0.879123,-7.029330091289764,11,True,3.0,straight,0.08620432238424872,3484.7408333333333,19,431.47976220214423,0,monaco_2026_R|BOR|PER,monaco_2026_R|L40|monaco_2026_R|BOR|PER,,False,v4_t0_anchored_30s_horizon
monaco_2026_R_00622,monaco_2026_R,2026,Monaco Grand Prix,COL,LEC,16,2026-06-07 13:56:06.892,2026-06-07 13:56:09.893,3.001,3.001,2026-06-07 13:56:36.892,30.0,40,13,89.10861111111012,1.854283236994199,71.2197222222203,173.0,64.0,109.0,150.60922734852687,1.799,True,15.0,3.0,1982.1319444444455,brake_T10,116.41520246102596,225.31294235258906,HARD,5.0,2.0,0.7712577737289428,8554.860694738061,63835.7647064142,399.9999999999998,False,1,False,LAPPED_UNLAPPED,,,False,0.0,201.017685439559,-28.01768543955899,2.9956199999999997,True,2.9956199999999997,154.44873313921616,11,True,3.0,brake,0.5688032594804,3484.7408333333333,19,431.47976220214423,0,monaco_2026_R|COL|LEC,monaco_2026_R|L40|monaco_2026_R|COL|LEC,,True,v4_t0_anchored_30s_horizon
monaco_2026_R_00623,monaco_2026_R,2026,Monaco Grand Prix,OCO,HUL,27,2026-06-07 13:56:17.893,2026-06-07 14:06:05.734,587.841,587.841,2026-06-07 13:56:47.893,30.0,40,1982,97.92333333333545,1.7196292682927201,10.015000000001692,205.0,118.0,87.0,52.51111111111004,1.8,True,14.0,13.0,2518.078055555554,brake_T13,3.2232886753909042,535.1830155756352,HARD,31.0,2.0,0.9568724539760264,5444.348920684621,76321.12956398235,400.0,False,1,False,CLOSE_INTERACTION_NO_PASS,0.0,,False,0.0,201.47787747524745,3.5221225247525467,2.208079,True,2.208079,28.299489080197016,10,True,3.0,brake,0.7226012423847552,3484.7408333333333,19,431.47976220214423,0,monaco_2026_R|HUL|OCO,monaco_2026_R|L40|monaco_2026_R|HUL|OCO,,True,v4_t0_anchored_30s_horizon
monaco_2026_R_00624,monaco_2026_R,2026,Monaco Grand Prix,COL,OCO,31,2026-06-07 13:56:20.372,2026-06-07 13:56:35.172,14.8,14.8,2026-06-07 13:56:50.372,30.0,40,58,99.58722222221786,1.7236249999999245,38.3222222222189,208.0,120.0,88.0,56.43021510755418,1.999,True,15.0,14.0,2528.378611111114,corner_T13,52.92273311983081,524.8824600200751,HARD,5.0,2.0,0.7778921850311414,5161.407705450589,75367.14152794832,400.0,False,1,False,CLOSE_INTERACTION_NO_PASS,0.0,,False,0.0,205.74641706924348,2.2535829307565223,2.299859,True,2.299859,36.40249829239017,9,True,3.0,corner,0.7255571452906557,3484.7408333333333,19,431.47976220214423,0,monaco_2026_R|COL|OCO,monaco_2026_R|L40|monaco_2026_R|COL|OCO,,True,v4_t0_anchored_30s_horizon
monaco_2026_R_00625,monaco_2026_R,2026,Monaco Grand Prix,HUL,LEC,16,2026-06-07 13:56:36.893,2026-06-07 13:56:44.493,7.6,7.6,2026-06-07 13:57:06.893,30.0,41,32,14.837222222222223,0.2292446351931331,14.837222222222223,233.0,268.0,-35.0,,,False,13.0,3.0,18.14972222222222,straight_01,205.10270281486967,265.10270281486964,HARD,29.0,2.0,0.3475408255381941,14835.030986157963,69899.9110377367,400.0,False,1,False,LAPPED_UNLAPPED,,,False,0.0,265.5203358208955,-32.520335820895525,0.198373,True,0.198373,-42.65073132399088,12,True,3.0,straight,0.005208342051899762,3484.7408333333333,19,431.47976220214423,0,monaco_2026_R|HUL|LEC,monaco_2026_R|L41|monaco_2026_R|HUL|LEC,,False,v4_t0_anchored_30s_horizon
monaco_2026_R_00626,monaco_2026_R,2026,Monaco Grand Prix,PER,GAS,10,2026-06-07 13:56:37.173,2026-06-07 13:56:41.172,3.999,3.999,2026-06-07 13:57:07.173,30.0,40,17,98.361388888889,1.5950495495495514,60.51777777777738,222.0,72.0,150.0,158.4736556219443,1.841,True,18.0,5.0,1963.3158333333326,straight_05,135.2313135721388,244.1290534637019,MEDIUM,36.0,3.0,0.38672982435478875,8559.304890610592,68187.68984038885,400.0,False,1,False,LAPPED_UNLAPPED,,,False,0.0,231.2700000000005,-9.270000000000493,2.8938,True,2.8938,139.69077520475622,12,True,3.0,straight,0.5634036868834577,3484.7408333333333,19,431.47976220214423,0,monaco_2026_R|GAS|PER,monaco_2026_R|L40|monaco_2026_R|GAS|PER,,True,v4_t0_anchored_30s_horizon
monaco_2026_R_00627,monaco_2026_R,2026,Monaco Grand Prix,HUL,LIN,41,2026-06-07 13:56:44.693,2026-06-07 13:57:05.253,20.56,20.56,2026-06-07 13:57:14.693,30.0,41,69,46.89249999999987,0.7673318181818161,10.149444444444384,220.0,182.0,38.0,,,False,13.0,12.0,365.8355555555557,straight_02,258.7650055025089,609.2621527979545,HARD,29.0,2.0,0.3735938127372863,15221.733434479831,77643.04231057229,399.99999999999994,False,1,False,CLOSE_INTERACTION_NO_PASS,0.0,,False,0.0,177.0,43.0,0.935621,True,0.935621,2.5548411390698123,14,True,3.0,straight,0.10498214158601149,3484.7408333333333,19,431.47976220214423,0,monaco_2026_R|HUL|LIN,monaco_2026_R|L41|monaco_2026_R|HUL|LIN,,False,v4_t0_anchored_30s_horizon
monaco_2026_R_00628,monaco_2026_R,2026,Monaco Grand Prix,PER,RUS,63,2026-06-07 13:57:11.053,2026-06-07 13:58:37.773,86.72,86.72,2026-06-07 13:57:41.053,30.0,41,313,72.93277777777777,1.0098384615384617,10.051388888884958,260.0,209.0,51.0,,,False,18.0,7.0,20.00805555555555,straight_01,203.24436948153632,263.24436948153635,MEDIUM,37.0,3.0,0.3940645428240981,14870.166070416302,69435.22526297226,399.99999999999994,False,1,False,LAPPED_UNLAPPED,,,False,0.0,,,,False,,-88.37699930823354,11,True,3.0,straight,0.005741619395097689,3484.7408333333333,19,431.47976220214423,0,monaco_2026_R|PER|RUS,monaco_2026_R|L41|monaco_2026_R|PER|RUS,,False,v4_t0_anchored_30s_horizon
monaco_2026_R_00629,monaco_2026_R,2026,Monaco Grand Prix,STR,PIA,81,2026-06-07 13:57:13.492,2026-06-07 13:57:16.733,3.241,3.241,2026-06-07 13:57:43.492,30.0,41,14,99.9780555555559,2.208104294478535,94.98750000000052,163.0,147.0,16.0,55.26959421901027,1.799,True,17.0,4.0,714.1449999999999,brake_T3,74.14525803148433,260.9527083535103,SOFT,37.0,2.0,0.06857030754569561,5992.944795542103,43800.77407858324,400.0000000000001,False,1,False,LAPPED_UNLAPPED,,,False,0.0,158.8656645569622,4.1343354430377985,2.473626,True,2.473626,75.6805364705708,12,True,3.0,brake,0.20493489592363273,3484.7408333333333,19,431.47976220214423,0,monaco_2026_R|PIA|STR,monaco_2026_R|L41|monaco_2026_R|PIA|STR,,False,v4_t0_anchored_30s_horizon
monaco_2026_R_00630,monaco_2026_R,2026,Monaco Grand Prix,LIN,SAI,55,2026-06-07 13:57:15.253,2026-06-07 13:57:25.013,9.76,8.36,2026-06-07 13:57:45.253,30.0,41,32,11.540833333334149,0.35816379310347357,11.540833333334149,116.0,146.0,-30.0,-19.372768995410766,1.9609999999999999,True,12.0,11.0,1434.6827777777771,corner_T8,331.991110687115,55.975641652025615,MEDIUM,41.0,1.0,0.9932480847573215,25069.99824709296,3040.338141786469,400.0,False,1,False,ON_TRACK_PASS,1.0,9.92,False,0.0,128.4566842484711,-12.456684248471106,0.287869,True,0.287869,-11.681319443954377,13,True,3.0,corner,0.4117042977929092,3484.7408333333333,19,431.47976220214423,0,monaco_2026_R|LIN|SAI,monaco_2026_R|L41|monaco_2026_R|LIN|SAI,,False,v4_t0_anchored_30s_horizon
monaco_2026_R_00631,monaco_2026_R,2026,Monaco Grand Prix,HUL,LIN,41,2026-06-07 13:57:28.413,2026-06-07 13:57:45.373,16.96,16.96,2026-06-07 13:57:58.413,30.0,41,59,12.714444444445235,0.7041846153846593,12.714444444445235,65.0,72.0,-7.0,,,False,13.0,12.0,2083.0330555555543,brake_T10,15.51409134991718,124.41183124148029,HARD,29.0,2.0,0.41099717106532513,12745.824723595157,37220.55765344019,400.0,False,1,False,CLOSE_INTERACTION_NO_PASS,0.0,,False,0.0,62.170264158699965,2.8297358413000353,0.625055,True,0.625055,2.4134610288110907,9,True,3.0,brake,0.5977583858260778,3484.7408333333333,19,431.47976220214423,0,monaco_2026_R|HUL|LIN,monaco_2026_R|L41|monaco_2026_R|HUL|LIN,,True,v4_t0_anchored_30s_horizon
monaco_2026_R_00632,monaco_2026_R,2026,Monaco Grand Prix,NOR,GAS,10,2026-06-07 13:57:29.893,2026-06-07 13:57:46.133,16.24,16.24,2026-06-07 13:57:59.893,30.0,42,60,94.67083333333414,1.6955970149253878,33.929722222222836,201.0,79.0,122.0,81.29729729729647,1.48,True,6.0,5.0,990.9980555555551,straight_03,153.2623882316966,499.66036387424765,MEDIUM,42.0,1.0,0.9576185524072541,2584.3981585427296,46551.69450175618,400.0,False,1,False,CLOSE_INTERACTION_NO_PASS,0.0,,False,0.0,198.4554579207916,2.544542079208412,2.8844,True,2.8844,39.80561071604504,10,True,3.0,straight,0.2843821400077017,3484.7408333333333,19,431.47976220214423,0,monaco_2026_R|GAS|NOR,monaco_2026_R|L42|monaco_2026_R|GAS|NOR,,False,v4_t0_anchored_30s_horizon
monaco_2026_R_00633,monaco_2026_R,2026,Monaco Grand Prix,HAD,RUS,63,2026-06-07 13:57:35.173,2026-06-07 13:57:49.333,14.16,14.16,2026-06-07 13:58:05.173,30.0,42,55,99.29055555555533,1.891248677248673,47.71472222222155,189.0,91.0,98.0,112.37533227006953,1.881,True,8.0,7.0,1026.67,brake_T5,117.59044378725162,463.98841942980266,HARD,10.0,2.0,0.00838346024704826,2097.6198357507137,41561.52225399352,400.0,False,1,False,CLOSE_INTERACTION_NO_PASS,0.0,,False,0.0,153.02581081081044,35.97418918918956,4.083763,True,4.083763,97.69757644892975,12,True,3.0,brake,0.2946187533314888,3484.7408333333333,19,431.47976220214423,0,monaco_2026_R|HAD|RUS,monaco_2026_R|L42|monaco_2026_R|HAD|RUS,,False,v4_t0_anchored_30s_horizon
monaco_2026_R_00634,monaco_2026_R,2026,Monaco Grand Prix,HUL,SAI,55,2026-06-07 13:57:45.533,2026-06-07 13:57:52.333,6.8,6.8,2026-06-07 13:58:15.533,30.0,41,20,15.797222222224264,0.4442968750000574,10.022777777779993,128.0,88.0,40.0,,,False,13.0,11.0,2808.3616666666644,corner_T17,98.70330719738513,244.89940446452465,HARD,29.0,2.0,0.4239723966548444,13851.964818010047,18676.49312315642,400.0,False,1,False,UNCERTAIN,,,False,0.0,123.87104166667052,4.128958333329479,0.552866,True,0.552866,4.920905750052497,11,True,3.0,corner,0.8059025910343877,3484.7408333333333,19,431.47976220214423,0,monaco_2026_R|HUL|SAI,monaco_2026_R|L41|monaco_2026_R|HUL|SAI,,True,v4_t0_anchored_30s_horizon
monaco_2026_R_00635,monaco_2026_R,2026,Monaco Grand Prix,STR,PIA,81,2026-06-07 13:57:46.493,2026-06-07 13:57:50.613,4.12,4.12,2026-06-07 13:58:16.493,30.0,41,17,99.63555555555581,1.3235719557195607,55.78972222222251,271.0,74.0,197.0,166.2448979591834,1.96,True,17.0,4.0,1946.3650000000005,straight_05,152.18214690547097,261.0798867970341,SOFT,37.0,2.0,0.0,9013.734129261684,69974.39860625908,400.0000000000002,False,1,False,LAPPED_UNLAPPED,,,False,0.0,227.1565031982953,43.8434968017047,2.825159,True,2.825159,151.40482773934048,12,True,3.0,straight,0.5585393844448979,3484.7408333333333,19,431.47976220214423,0,monaco_2026_R|PIA|STR,monaco_2026_R|L41|monaco_2026_R|PIA|STR,,False,v4_t0_anchored_30s_horizon
monaco_2026_R_00636,monaco_2026_R,2026,Monaco Grand Prix,LIN,SAI,55,2026-06-07 13:57:53.932,2026-06-07 14:02:54.814,300.882,300.882,2026-06-07 13:58:23.932,30.0,41,1010,10.671111111111713,0.27245390070923525,10.024722222222863,141.0,170.0,-29.0,-24.906176700548386,1.279,True,12.0,11.0,3020.098888888889,corner_T19,,33.16218224229988,MEDIUM,41.0,1.0,0.9875239734258162,25152.49315671903,146.08859671574527,400.0,False,1,False,CLOSE_INTERACTION_NO_PASS,0.0,,False,0.0,159.58753327417884,-18.58753327417884,0.230422,True,0.230422,-17.020023338440037,13,True,3.0,corner,0.8666638448403664,3484.7408333333333,19,431.47976220214423,0,monaco_2026_R|LIN|SAI,monaco_2026_R|L41|monaco_2026_R|LIN|SAI,,True,v4_t0_anchored_30s_horizon
monaco_2026_R_00637,monaco_2026_R,2026,Monaco Grand Prix,NOR,GAS,10,2026-06-07 13:58:16.133,2026-06-07 13:58:21.853,5.72,5.72,2026-06-07 13:58:46.133,30.0,42,24,89.32388888889,1.757191256830623,64.52388888888981,183.0,59.0,124.0,106.67729930887856,1.881,True,6.0,5.0,2767.2074999999986,corner_T16,22.380793204664315,286.05357113119044,MEDIUM,42.0,1.0,0.9414050480049045,11577.731230807105,29101.26326331714,400.0,False,1,False,CLOSE_INTERACTION_NO_PASS,0.0,,False,0.0,182.9385416666672,0.06145833333280848,3.534333,True,3.534333,82.90863436051482,7,True,3.0,corner,0.7940927696918634,3484.7408333333333,19,431.47976220214423,0,monaco_2026_R|GAS|NOR,monaco_2026_R|L42|monaco_2026_R|GAS|NOR,,True,v4_t0_anchored_30s_horizon
monaco_2026_R_00638,monaco_2026_R,2026,Monaco Grand Prix,HAD,RUS,63,2026-06-07 13:58:19.133,2026-06-07 13:58:26.813,7.68,7.68,2026-06-07 13:58:49.133,30.0,42,32,96.15611111111002,2.150074534161466,43.47388888888645,161.0,68.0,93.0,41.76086956521738,1.8399999999999999,True,8.0,7.0,2733.565833333332,corner_T15,21.685098113942786,319.69523779785686,HARD,10.0,2.0,0.04203945021123478,10518.550901494365,29491.7211007848,400.0,False,1,False,CLOSE_INTERACTION_NO_PASS,0.0,,False,0.0,172.54844373503616,-11.548443735036159,2.920715,True,2.920715,5.375168236875552,12,True,3.0,corner,0.7844387758152265,3484.7408333333333,19,431.47976220214423,0,monaco_2026_R|HAD|RUS,monaco_2026_R|L42|monaco_2026_R|HAD|RUS,,True,v4_t0_anchored_30s_horizon
monaco_2026_R_00639,monaco_2026_R,2026,Monaco Grand Prix,PER,RUS,63,2026-06-07 13:58:43.053,2026-06-07 13:59:09.013,25.96,25.96,2026-06-07 13:59:13.053,30.0,42,103,95.79638888888906,1.4133893442622976,26.793888888888432,244.0,161.0,83.0,60.87234042553181,1.88,True,18.0,7.0,613.1183333333332,brake_T2,11.482227724731388,361.9793750201769,MEDIUM,38.0,3.0,0.40525011405984945,6109.503069721963,73886.04334884419,400.0,False,1,False,LAPPED_UNLAPPED,,,False,0.0,233.62489082969444,10.375109170305564,1.812497,True,1.812497,35.544074044274105,13,True,3.0,brake,0.1759437394794304,3484.7408333333333,19,431.47976220214423,0,monaco_2026_R|PER|RUS,monaco_2026_R|L42|monaco_2026_R|PER|RUS,,False,v4_t0_anchored_30s_horizon
monaco_2026_R_00640,monaco_2026_R,2026,Monaco Grand Prix,BOR,PER,11,2026-06-07 13:58:45.333,2026-06-07 13:59:22.853,37.52,34.881,2026-06-07 13:59:15.333,30.0,42,130,96.8602777777777,1.6684066985645918,10.37500000000091,209.0,149.0,60.0,44.20408163265295,1.96,True,19.0,18.0,633.123611111111,corner_T2,155.16664692037318,341.9740972423991,HARD,41.0,2.0,0.1738576650491529,5868.997643044047,69207.7836034374,400.0000000000001,False,1,False,CLOSE_INTERACTION_NO_PASS,0.0,37.84,True,0.0,221.83507412398916,-12.835074123989159,1.955382,True,1.955382,17.575732651718706,13,True,3.0,corner,0.18168456174845457,3484.7408333333333,19,431.47976220214423,0,monaco_2026_R|BOR|PER,monaco_2026_R|L42|monaco_2026_R|BOR|PER,,False,v4_t0_anchored_30s_horizon
monaco_2026_R_00641,monaco_2026_R,2026,Monaco Grand Prix,LAW,ANT,12,2026-06-07 13:58:45.613,2026-06-07 13:58:49.853,4.24,4.24,2026-06-07 13:59:15.613,30.0,43,18,96.76249999999997,1.3295610687022898,55.804444444444414,262.0,135.0,127.0,127.00000000000003,0.28,True,9.0,1.0,56.58694444444444,straight_01,166.66548059264744,226.66548059264744,MEDIUM,43.0,1.0,0.8632709771482104,15561.75477527063,60288.48661363305,400.0,False,1,False,LAPPED_UNLAPPED,,,False,0.0,267.0,-5.0,1.740161,True,1.740161,18.04591036711512,13,True,3.0,straight,0.01623849438189529,3484.7408333333333,19,431.47976220214423,0,monaco_2026_R|ANT|LAW,monaco_2026_R|L43|monaco_2026_R|ANT|LAW,,False,v4_t0_anchored_30s_horizon
monaco_2026_R_00642,monaco_2026_R,2026,Monaco Grand Prix,HAD,RUS,63,2026-06-07 13:58:52.973,2026-06-07 13:59:09.653,16.68,16.68,2026-06-07 13:59:22.973,30.0,43,66,98.26083333333338,1.7775829145728652,31.566111111110786,199.0,77.0,122.0,79.33333333333385,1.6800000000000002,True,8.0,7.0,991.0225000000002,straight_03,153.23794378725154,499.6359194298026,HARD,11.0,2.0,0.02033201546272974,2583.7721675222774,46549.492216690596,399.9999999999999,False,1,False,CLOSE_INTERACTION_NO_PASS,0.0,,False,0.0,199.7152915291529,-0.7152915291528927,2.8628109999999998,True,2.8628109999999998,32.318965082454305,12,True,3.0,straight,0.28438915471714904,3484.7408333333333,19,431.47976220214423,0,monaco_2026_R|HAD|RUS,monaco_2026_R|L43|monaco_2026_R|HAD|RUS,,False,v4_t0_anchored_30s_horizon
monaco_2026_R_00643,monaco_2026_R,2026,Monaco Grand Prix,NOR,GAS,10,2026-06-07 13:58:54.373,2026-06-07 13:58:59.853,5.48,5.48,2026-06-07 13:59:24.373,30.0,43,23,97.80055555555577,4.40102500000001,67.77833333333388,80.0,46.0,34.0,20.64222222222179,1.8,True,6.0,5.0,1134.7183333333335,brake_T5,9.542110453918212,355.94008609646926,MEDIUM,43.0,1.0,0.9986543076334905,6886.901677873295,18184.578233604414,400.0,False,1,False,CLOSE_INTERACTION_NO_PASS,0.0,,False,0.0,86.5559659090908,-6.555965909090801,4.217761,True,4.217761,10.26085518473704,13,True,3.0,brake,0.3256248850643843,3484.7408333333333,19,431.47976220214423,0,monaco_2026_R|GAS|NOR,monaco_2026_R|L43|monaco_2026_R|GAS|NOR,,False,v4_t0_anchored_30s_horizon
monaco_2026_R_00644,monaco_2026_R,2026,Monaco Grand Prix,BOR,PER,11,2026-06-07 13:59:27.574,2026-06-07 14:00:22.413,54.839,52.68,2026-06-07 13:59:57.574,30.0,42,126,10.749444444444634,0.2359634146341505,10.101111111111095,164.0,191.0,-27.0,-18.195545898967634,1.841,True,19.0,18.0,2175.0344444444445,corner_T11,196.87927597906446,32.41044235259005,HARD,41.0,2.0,0.20586247098280253,13324.852479668622,43952.54696644351,400.0,False,1,False,ON_TRACK_PASS,1.0,15.599,False,0.0,180.99424083769617,-16.994240837696168,0.200115,True,0.200115,-15.857350494252994,12,True,3.0,corner,0.6241595999447432,3484.7408333333333,19,431.47976220214423,0,monaco_2026_R|BOR|PER,monaco_2026_R|L42|monaco_2026_R|BOR|PER,,True,v4_t0_anchored_30s_horizon
monaco_2026_R_00645,monaco_2026_R,2026,Monaco Grand Prix,HAD,RUS,63,2026-06-07 13:59:33.374,2026-06-07 13:59:46.494,13.12,13.12,2026-06-07 14:00:03.374,30.0,43,47,92.94166666666615,1.4870666666666583,32.25777777777739,225.0,111.0,114.0,91.08120386144,1.7610000000000001,True,8.0,7.0,2567.300555555556,corner_T13,14.000788675388776,485.96051557563305,HARD,11.0,2.0,0.05527822855076921,4225.534088110162,69312.9455253265,400.0,False,1,False,CLOSE_INTERACTION_NO_PASS,0.0,,False,0.0,213.99478260869384,11.00521739130616,2.375934,True,2.375934,57.50006687164528,12,True,3.0,corner,0.7367263961204832,3484.7408333333333,19,431.47976220214423,0,monaco_2026_R|HAD|RUS,monaco_2026_R|L43|monaco_2026_R|HAD|RUS,,True,v4_t0_anchored_30s_horizon
monaco_2026_R_00646,monaco_2026_R,2026,Monaco Grand Prix,NOR,GAS,10,2026-06-07 13:59:35.813,2026-06-07 13:59:38.893,3.08,3.08,2026-06-07 14:00:05.813,30.0,43,12,99.67361111111313,2.123224852071049,90.32916666666824,169.0,74.0,95.0,102.91526288922728,1.959,True,6.0,5.0,2788.0047222222233,brake_T17,1.5835709824395963,265.2563489089657,MEDIUM,43.0,1.0,0.9608291439195297,12555.462622955405,25847.795882618655,400.0,False,1,False,CLOSE_INTERACTION_NO_PASS,0.0,,False,0.0,172.65542168674983,-3.6554216867498326,4.299831,True,4.299831,91.81292052356766,11,True,3.0,brake,0.8000608526044544,3484.7408333333333,19,431.47976220214423,0,monaco_2026_R|GAS|NOR,monaco_2026_R|L43|monaco_2026_R|GAS|NOR,,True,v4_t0_anchored_30s_horizon
monaco_2026_R_00647,monaco_2026_R,2026,Monaco Grand Prix,PER,HAD,6,2026-06-07 13:59:54.534,2026-06-07 13:59:58.693,4.159,4.159,2026-06-07 14:00:24.534,30.0,43,17,98.66916666666665,1.3353721804511278,57.694722222222225,266.0,139.0,127.0,116.20000000000013,0.4,True,18.0,8.0,60.673611111111114,straight_01,162.57881392598077,222.57881392598077,MEDIUM,39.0,3.0,0.43651528722581007,15639.020449352653,59266.59466769369,400.0,False,1,False,LAPPED_UNLAPPED,,,False,0.0,261.0,5.0,1.738436,True,1.738436,16.30040980263368,14,True,3.0,straight,0.01741122626128661,3484.7408333333333,19,431.47976220214423,0,monaco_2026_R|HAD|PER,monaco_2026_R|L43|monaco_2026_R|HAD|PER,,False,v4_t0_anchored_30s_horizon
monaco_2026_R_00648,monaco_2026_R,2026,Monaco Grand Prix,STR,PIA,81,2026-06-07 13:59:59.053,2026-06-07 14:00:14.654,15.601,15.601,2026-06-07 14:00:29.053,30.0,43,61,92.11305555555555,1.5866363636363634,47.61555555555583,209.0,73.0,136.0,89.97916666666613,1.92,True,17.0,4.0,1009.0983333333331,straight_03,135.16211045391856,481.5600860964696,SOFT,39.0,2.0,0.047427680067849066,2245.7628283753893,44370.60726604596,400.0,False,1,False,LAPPED_UNLAPPED,,,False,0.0,185.34910714285712,23.65089285714288,3.057428,True,3.057428,56.825650501916755,13,True,3.0,straight,0.28957629321549255,3484.7408333333333,19,431.47976220214423,0,monaco_2026_R|PIA|STR,monaco_2026_R|L43|monaco_2026_R|PIA|STR,,False,v4_t0_anchored_30s_horizon
monaco_2026_R_00649,monaco_2026_R,2026,Monaco Grand Prix,HAD,RUS,63,2026-06-07 14:00:05.493,2026-06-07 14:00:08.573,3.08,3.08,2026-06-07 14:00:35.493,30.0,44,13,99.16611111111115,2.203691358024692,88.89361111111111,162.0,133.0,29.0,43.91666666666687,1.92,True,8.0,7.0,741.4391666666667,brake_T3,46.851091364817535,233.65854168684348,HARD,12.0,2.0,0.05486104777651261,5952.199943400002,45421.57805462671,399.9999999999999,False,1,False,CLOSE_INTERACTION_NO_PASS,0.0,,False,0.0,148.51388888888897,13.486111111111029,2.4927770000000002,True,2.4927770000000002,57.66205821729091,13,True,3.0,brake,0.2127673770096246,3484.7408333333333,19,431.47976220214423,0,monaco_2026_R|HAD|RUS,monaco_2026_R|L44|monaco_2026_R|HAD|RUS,,False,v4_t0_anchored_30s_horizon
monaco_2026_R_00650,monaco_2026_R,2026,Monaco Grand Prix,BOR,PER,11,2026-06-07 14:00:29.093,2026-06-07 14:00:43.853,14.76,12.761,2026-06-07 14:00:59.093,30.0,43,35,10.756388888888978,0.4555647058823567,10.023055555555857,85.0,110.0,-25.0,-14.331149493746,1.679,True,19.0,18.0,1325.8069444444448,brake_T7,14.23825119418666,164.85147498535798,HARD,42.0,2.0,0.17929666965827232,18499.44833786342,3681.6732516356988,400.0,False,1,True,PIT_RELATED,,15.04,False,0.0,95.58333333333326,-10.583333333333258,0.363333,True,0.363333,-6.0759233611795125,11,True,3.0,brake,0.38046070220270656,3484.7408333333333,19,431.47976220214423,0,monaco_2026_R|BOR|PER,monaco_2026_R|L43|monaco_2026_R|BOR|PER,,False,v4_t0_anchored_30s_horizon
monaco_2026_R_00651,monaco_2026_R,2026,Monaco Grand Prix,HAD,NOR,1,2026-06-07 14:00:34.094,2026-06-07 14:00:45.533,11.439,10.639,2026-06-07 14:01:04.094,30.0,44,31,99.43944444444492,1.3875271317829523,12.239444444445326,258.0,,,44.97251717676431,1.601,True,8.0,,1736.3477777777775,brake_T9,30.32611068711458,90.32611068711458,HARD,12.0,2.0,0.007239343212099773,13797.349994795231,88918.76204667547,400.0,False,1,False,INVALID,,,False,0.0,,,,False,,,0,False,3.0,brake,0.49827171110365526,3484.7408333333333,19,431.47976220214423,0,monaco_2026_R|HAD|NOR,monaco_2026_R|L44|monaco_2026_R|HAD|NOR,,False,v4_t0_anchored_30s_horizon
monaco_2026_R_00652,monaco_2026_R,2026,Monaco Grand Prix,SAI,ALB,23,2026-06-07 14:00:39.734,2026-06-07 14:01:19.854,40.12,40.12,2026-06-07 14:01:09.734,30.0,43,142,97.10583333333807,1.3983240000000683,41.51388888888914,250.0,132.0,118.0,129.95587453482256,1.881,True,11.0,10.0,3206.010833333332,straight_07,,,MEDIUM,43.0,1.0,0.7446037337332253,18030.529273089363,111.00075453364339,278.7300000000014,True,1,False,PIT_RELATED,,,False,0.0,59.0,191.0,4.229762,True,4.229762,131.7670690415485,10,True,3.0,straight,0.9200141378280399,3484.7408333333333,19,431.47976220214423,0,monaco_2026_R|ALB|SAI,monaco_2026_R|L43|monaco_2026_R|ALB|SAI,,True,v4_t0_anchored_30s_horizon
monaco_2026_R_00653,monaco_2026_R,2026,Monaco Grand Prix,STR,PIA,81,2026-06-07 14:00:45.133,2026-06-07 14:00:50.373,5.24,5.24,2026-06-07 14:01:15.133,30.0,43,20,89.775000000001,2.071730769230792,76.43750000000091,156.0,58.0,98.0,104.82926829268375,1.6400000000000001,True,17.0,4.0,2786.059722222222,brake_T17,3.528570982441124,267.20134890896725,SOFT,39.0,2.0,0.05848247634681594,12446.07170588776,26311.3119028565,400.0,False,1,False,LAPPED_UNLAPPED,,,False,0.0,179.7939106145258,-23.7939106145258,3.745463,True,3.745463,80.18696325951709,11,True,3.0,brake,0.7995027049277615,3484.7408333333333,19,431.47976220214423,0,monaco_2026_R|PIA|STR,monaco_2026_R|L43|monaco_2026_R|PIA|STR,,True,v4_t0_anchored_30s_horizon
monaco_2026_R_00654,monaco_2026_R,2026,Monaco Grand Prix,PER,NOR,1,2026-06-07 14:00:53.334,2026-06-07 14:01:06.694,13.36,13.04,2026-06-07 14:01:23.334,30.0,43,46,99.3791666666666,1.7451951219512185,10.481111111112114,205.0,,,46.490412550843295,1.721,True,18.0,,2430.0441666666666,corner_T12,91.25717756427821,623.2169044645225,MEDIUM,39.0,3.0,0.5324158616785828,8506.356705090107,67888.20781512545,400.0,False,1,False,INVALID,,,False,0.0,,,,False,,,0,False,3.0,corner,0.697338563436927,3484.7408333333333,19,431.47976220214423,0,monaco_2026_R|NOR|PER,monaco_2026_R|L43|monaco_2026_R|NOR|PER,,True,v4_t0_anchored_30s_horizon
monaco_2026_R_00655,monaco_2026_R,2026,Monaco Grand Prix,HAD,RUS,63,2026-06-07 14:00:57.133,2026-06-07 14:01:04.053,6.92,6.92,2026-06-07 14:01:27.133,30.0,44,24,93.01499999999987,1.9355722543352574,48.28222222222212,173.0,69.0,104.0,44.9728113104938,1.839,True,8.0,7.0,2750.676666666666,corner_T15,4.574264780609155,302.58440446452323,HARD,12.0,2.0,0.06338959887762347,11042.163961847113,29493.94393412682,400.0,False,1,False,CLOSE_INTERACTION_NO_PASS,0.0,,False,0.0,171.65937499999998,1.340625000000017,2.741416,True,2.741416,1.010142956838511,13,True,3.0,corner,0.7893489927156225,3484.7408333333333,19,431.47976220214423,0,monaco_2026_R|HAD|RUS,monaco_2026_R|L44|monaco_2026_R|HAD|RUS,,True,v4_t0_anchored_30s_horizon
monaco_2026_R_00656,monaco_2026_R,2026,Monaco Grand Prix,STR,PIA,81,2026-06-07 14:01:18.173,2026-06-07 14:01:34.414,16.241,16.241,2026-06-07 14:01:48.173,30.0,44,63,99.76138888888863,1.7867711442786025,39.60333333333301,201.0,74.0,127.0,85.31111111111159,1.8,True,17.0,4.0,995.6316666666669,straight_03,148.6287771205848,495.02675276313585,SOFT,40.0,2.0,0.05166392527351599,2465.737292498584,46134.23635200633,400.0,False,1,False,LAPPED_UNLAPPED,,,False,0.0,193.08533163265315,7.914668367346849,3.115586,True,3.115586,48.78067815176456,13,True,3.0,straight,0.28571182601097317,3484.7408333333333,19,431.47976220214423,0,monaco_2026_R|PIA|STR,monaco_2026_R|L44|monaco_2026_R|PIA|STR,,False,v4_t0_anchored_30s_horizon
monaco_2026_R_00657,monaco_2026_R,2026,Monaco Grand Prix,SAI,ALB,23,2026-06-07 14:01:26.894,2026-06-07 14:01:37.653,10.759,10.759,2026-06-07 14:01:56.894,30.0,44,37,96.60500000000047,1.3855697211155449,55.243055555556566,251.0,161.0,90.0,45.2926829268295,1.6400000000000001,True,11.0,10.0,1924.8747222222223,straight_05,173.67242468324912,282.5701645748122,MEDIUM,44.0,1.0,0.6517913283304481,9589.85982036577,72239.58916836769,400.0,False,1,False,PIT_RELATED,,94.4,True,0.0,269.23634680134677,-18.23634680134677,1.5360070000000001,True,1.5360070000000001,19.53440861966591,12,True,3.0,straight,0.5523724185769594,3484.7408333333333,19,431.47976220214423,0,monaco_2026_R|ALB|SAI,monaco_2026_R|L44|monaco_2026_R|ALB|SAI,,False,v4_t0_anchored_30s_horizon
monaco_2026_R_00658,monaco_2026_R,2026,Monaco Grand Prix,HAD,RUS,63,2026-06-07 14:01:29.813,2026-06-07 14:01:47.014,17.201,17.201,2026-06-07 14:01:59.813,30.0,45,61,94.57861111111083,1.7920157894736788,24.1924999999992,190.0,93.0,97.0,44.90994371482124,1.599,True,6.0,5.0,977.6830555555557,straight_03,166.57738823169598,512.975363874247,HARD,13.0,2.0,0.025534305269913283,2925.3783127876136,47751.28918733291,400.0,False,1,False,CLOSE_INTERACTION_NO_PASS,0.0,,False,-2.0,198.41237623762404,-8.412376237624045,2.306628,True,2.306628,-10.98214448085783,12,True,3.0,straight,0.2805611958867976,3484.7408333333333,19,431.47976220214423,0,monaco_2026_R|HAD|RUS,monaco_2026_R|L45|monaco_2026_R|HAD|RUS,,False,v4_t0_anchored_30s_horizon
monaco_2026_R_00659,monaco_2026_R,2026,Monaco Grand Prix,RUS,GAS,10,2026-06-07 14:01:32.574,2026-06-07 14:01:40.454,7.88,7.88,2026-06-07 14:02:02.574,30.0,45,31,94.74222222222284,3.3438431372549235,65.65333333333433,102.0,43.0,59.0,33.29558745348132,1.881,True,5.0,7.0,1135.4027777777774,brake_T5,8.857666009474315,355.25564165202536,HARD,14.0,2.0,0.9856607667960671,6926.521039551766,18036.494325512376,400.0,False,1,False,PIT_RELATED,,48.28,True,-2.0,94.66276041666652,7.337239583333485,4.253489,True,4.253489,21.866193062115055,10,True,3.0,brake,0.32582129692890427,3484.7408333333333,19,431.47976220214423,0,monaco_2026_R|GAS|RUS,monaco_2026_R|L45|monaco_2026_R|GAS|RUS,,False,v4_t0_anchored_30s_horizon
monaco_2026_R_00660,monaco_2026_R,2026,Monaco Grand Prix,SAI,ALB,23,2026-06-07 14:02:01.254,2026-06-07 14:02:07.214,5.96,5.96,2026-06-07 14:02:31.254,30.0,45,24,92.89888888888886,1.2620226415094336,43.59055555555554,265.0,155.0,110.0,128.60284090909275,1.76,True,9.0,10.0,48.42222222222223,straight_01,174.83020281486966,234.83020281486966,MEDIUM,45.0,1.0,0.6787891854373833,15407.386235419295,62330.11725304276,400.0,False,1,False,CLOSE_INTERACTION_NO_PASS,0.0,54.6,True,-2.0,261.1460076045627,3.853992395437274,1.582479,True,1.582479,12.329825560123998,12,True,3.0,straight,0.01389550171394063,3484.7408333333333,19,431.47976220214423,0,monaco_2026_R|ALB|SAI,monaco_2026_R|L45|monaco_2026_R|ALB|SAI,,False,v4_t0_anchored_30s_horizon
monaco_2026_R_00661,monaco_2026_R,2026,Monaco Grand Prix,STR,PIA,81,2026-06-07 14:02:03.613,2026-06-07 14:02:11.093,7.48,7.48,2026-06-07 14:02:33.613,30.0,44,29,96.56416666666973,2.0448882352941826,52.48833333333596,170.0,64.0,106.0,51.206492815326726,1.879,True,17.0,4.0,2746.107777777776,corner_T15,9.143153669499043,307.1532933534131,SOFT,40.0,2.0,0.060070300835086375,10902.350204859438,29493.350399121227,400.0,False,1,False,LAPPED_UNLAPPED,,,False,0.0,174.5607541899424,-4.560754189942401,3.037379,True,3.037379,14.163737508433847,12,True,3.0,corner,0.7880378797498645,3484.7408333333333,19,431.47976220214423,0,monaco_2026_R|PIA|STR,monaco_2026_R|L44|monaco_2026_R|PIA|STR,,True,v4_t0_anchored_30s_horizon
monaco_2026_R_00662,monaco_2026_R,2026,Monaco Grand Prix,RUS,GAS,10,2026-06-07 14:02:11.494,2026-06-07 14:02:20.614,9.12,8.68,2026-06-07 14:02:41.494,30.0,45,33,99.19361111111539,2.190779141104389,11.52361111111668,163.0,70.0,93.0,41.21124361158368,1.7610000000000001,True,5.0,7.0,2737.982499999997,corner_T15,17.26843144727809,315.27857113119217,HARD,14.0,2.0,0.9477256313689603,10653.706466675696,29492.294860913018,400.0,False,1,False,PIT_RELATED,,9.36,False,-2.0,166.25981710596668,-3.2598171059666754,2.940284,True,2.940284,1.3028949156089873,11,True,3.0,corner,0.7857062062721537,3484.7408333333333,19,431.47976220214423,0,monaco_2026_R|GAS|RUS,monaco_2026_R|L45|monaco_2026_R|GAS|RUS,,True,v4_t0_anchored_30s_horizon
monaco_2026_R_00663,monaco_2026_R,2026,Monaco Grand Prix,HAD,RUS,63,2026-06-07 14:02:14.454,2026-06-07 14:02:20.614,6.16,6.16,2026-06-07 14:02:44.454,30.0,45,24,96.1594444444404,2.1909746835442117,42.40888888888503,158.0,71.0,87.0,24.729166666665776,1.92,True,6.0,5.0,2749.2369444444457,corner_T15,6.0139870028292535,304.02412668674333,HARD,13.0,2.0,0.07110891405727271,10998.106647738048,29493.756902759236,400.0,False,1,False,CLOSE_INTERACTION_NO_PASS,0.0,,False,-2.0,174.4451977401173,-16.445197740117294,2.731096,True,2.731096,-7.943797666002795,12,True,3.0,corner,0.7889358422717077,3484.7408333333333,19,431.47976220214423,0,monaco_2026_R|HAD|RUS,monaco_2026_R|L45|monaco_2026_R|HAD|RUS,,True,v4_t0_anchored_30s_horizon
monaco_2026_R_00664,monaco_2026_R,2026,Monaco Grand Prix,HAD,GAS,10,2026-06-07 14:02:20.854,2026-06-07 14:02:24.734,3.88,3.64,2026-06-07 14:02:50.854,30.0,45,15,63.773333333334904,2.31903030303036,16.401666666667552,99.0,60.0,39.0,,,False,6.0,7.0,2933.9722222222226,corner_T18,59.28884890896643,119.28884890896643,HARD,13.0,2.0,0.10082806363039071,21472.948694628085,1635.9772557387198,400.0,False,1,False,PIT_RELATED,,4.24,False,-2.0,60.0,39.0,3.829183,True,3.829183,17.89617121626434,13,True,3.0,corner,0.84194847265463,3484.7408333333333,19,431.47976220214423,0,monaco_2026_R|GAS|HAD,monaco_2026_R|L45|monaco_2026_R|GAS|HAD,,True,v4_t0_anchored_30s_horizon
monaco_2026_R_00665,monaco_2026_R,2026,Monaco Grand Prix,STR,PIA,81,2026-06-07 14:02:37.814,2026-06-07 14:02:53.734,15.92,15.92,2026-06-07 14:03:07.814,30.0,45,64,94.21194444444393,1.6958149999999907,41.74277777777752,200.0,72.0,128.0,88.25624999999988,1.92,True,16.0,4.0,1004.618888888889,straight_03,139.64155489836264,486.0395305409137,SOFT,41.0,2.0,0.05454902528715685,2298.68093264184,45046.49626707926,400.0000000000001,False,1,False,LAPPED_UNLAPPED,,,False,-1.0,204.5082499999998,-4.508249999999805,3.02033,True,3.02033,54.637720682896436,13,True,3.0,straight,0.28829084770930286,3484.7408333333333,19,431.47976220214423,0,monaco_2026_R|PIA|STR,monaco_2026_R|L45|monaco_2026_R|PIA|STR,,False,v4_t0_anchored_30s_horizon
monaco_2026_R_00666,monaco_2026_R,2026,Monaco Grand Prix,SAI,ALB,23,2026-06-07 14:02:47.054,2026-06-07 14:02:54.814,7.76,7.32,2026-06-07 14:03:17.054,30.0,45,31,87.56888888888898,1.4073571428571443,20.24888888888927,224.0,98.0,126.0,119.14285714285694,1.6800000000000002,True,9.0,10.0,1947.699166666667,straight_05,150.84798023880444,259.74572013036754,MEDIUM,45.0,1.0,0.6609578280121254,8977.966899967138,69833.77028247176,400.0000000000002,False,1,False,ON_TRACK_PASS,1.0,8.8,False,-2.0,248.78731707317078,-24.787317073170783,2.117873,True,2.117873,76.94888915384006,12,True,3.0,straight,0.5589222440980188,3484.7408333333333,19,431.47976220214423,0,monaco_2026_R|ALB|SAI,monaco_2026_R|L45|monaco_2026_R|ALB|SAI,monaco_2026_R_00668,False,v4_t0_anchored_30s_horizon
monaco_2026_R_00667,monaco_2026_R,2026,Monaco Grand Prix,HAD,RUS,63,2026-06-07 14:02:48.214,2026-06-07 14:03:02.734,14.52,14.52,2026-06-07 14:03:18.214,30.0,46,55,99.09166666666636,1.7068421052631524,46.063888888889096,209.0,70.0,139.0,108.75555555555547,1.8,True,6.0,5.0,1013.4352777777777,straight_03,130.82516600947395,477.223141652025,HARD,14.0,2.0,0.01858370493632558,2194.5281538180166,43716.21963283661,399.9999999999999,False,1,False,CLOSE_INTERACTION_NO_PASS,0.0,,False,0.0,209.89110576923105,-0.8911057692310465,3.317822,True,3.317822,75.66980378975336,12,True,3.0,straight,0.2908208461541098,3484.7408333333333,19,431.47976220214423,0,monaco_2026_R|HAD|RUS,monaco_2026_R|L46|monaco_2026_R|HAD|RUS,,False,v4_t0_anchored_30s_horizon
monaco_2026_R_00668,monaco_2026_R,2026,Monaco Grand Prix,ALB,SAI,55,2026-06-07 14:02:55.854,2026-06-07 14:03:18.494,22.64,22.64,2026-06-07 14:03:25.854,30.0,45,87,10.42888888888865,0.28228571428570787,10.42888888888865,133.0,199.0,-66.0,,,False,10.0,9.0,2249.6230555555553,straight_06,122.29066486795364,803.6380155756337,SOFT,2.0,2.0,0.41647381898436014,9877.066610710192,76936.10213840843,400.0,False,1,False,CLOSE_INTERACTION_NO_PASS,0.0,,False,0.0,198.09480092771548,-65.09480092771548,0.188281,True,0.188281,-72.42241327477846,9,True,3.0,straight,0.6455639495588186,3484.7408333333333,19,431.47976220214423,0,monaco_2026_R|ALB|SAI,monaco_2026_R|L45|monaco_2026_R|ALB|SAI,monaco_2026_R_00666,True,v4_t0_anchored_30s_horizon
monaco_2026_R_00669,monaco_2026_R,2026,Monaco Grand Prix,LIN,ALB,23,2026-06-07 14:02:55.854,2026-06-07 14:05:48.214,172.36,171.48,2026-06-07 14:03:25.854,30.0,45,374,25.20972222222099,0.44928217821779987,10.025000000000205,202.0,133.0,69.0,,,False,11.0,10.0,2224.457222222223,straight_06,147.45649820128574,828.8038489089658,MEDIUM,45.0,1.0,0.9698620326338979,11041.471191890372,74571.59969710212,400.0,False,1,False,ON_TRACK_PASS,1.0,16.0,False,-1.0,110.73063909774531,91.26936090225469,0.68118,True,0.68118,42.96506944027068,9,True,3.0,straight,0.6383422264703731,3484.7408333333333,19,431.47976220214423,0,monaco_2026_R|ALB|LIN,monaco_2026_R|L45|monaco_2026_R|ALB|LIN,,True,v4_t0_anchored_30s_horizon
monaco_2026_R_00670,monaco_2026_R,2026,Monaco Grand Prix,PER,ANT,12,2026-06-07 14:03:01.014,2026-06-07 14:03:05.454,4.44,4.44,2026-06-07 14:03:31.014,30.0,45,19,97.45055555555587,3.8980222222222345,73.73944444444464,90.0,44.0,46.0,24.612244897959354,1.96,True,17.0,1.0,1136.5102777777777,brake_T5,7.750166009474015,354.14814165202506,MEDIUM,41.0,3.0,0.6412110998427824,6990.629154410626,17796.87965767001,400.0,False,1,False,LAPPED_UNLAPPED,,,False,-1.0,96.37730185425634,-6.377301854256345,4.434168,True,4.434168,17.267007205053908,13,True,3.0,brake,0.32613911109442456,3484.7408333333333,19,431.47976220214423,0,monaco_2026_R|ANT|PER,monaco_2026_R|L45|monaco_2026_R|ANT|PER,,False,v4_t0_anchored_30s_horizon
monaco_2026_R_00671,monaco_2026_R,2026,Monaco Grand Prix,BOR,HAM,44,2026-06-07 14:03:14.814,2026-06-07 14:03:27.494,12.68,12.68,2026-06-07 14:03:44.814,30.0,45,48,97.33166666666625,2.085678571428563,58.55388888888797,168.0,83.0,85.0,109.55319148936213,1.88,True,18.0,2.0,1031.8475000000005,brake_T5,112.41294378725115,458.8109194298022,MEDIUM,2.0,3.0,0.19451223154705008,2192.2451499251347,40441.337204103125,400.0,False,1,False,LAPPED_UNLAPPED,,,False,-1.0,178.43076923076833,-10.430769230768334,3.621461,True,3.621461,91.84866468840703,12,True,3.0,brake,0.29610451661995923,3484.7408333333333,19,431.47976220214423,0,monaco_2026_R|BOR|HAM,monaco_2026_R|L45|monaco_2026_R|BOR|HAM,,False,v4_t0_anchored_30s_horizon
monaco_2026_R_00672,monaco_2026_R,2026,Monaco Grand Prix,STR,PIA,81,2026-06-07 14:03:22.934,2026-06-07 14:03:30.455,7.521,7.521,2026-06-07 14:03:52.934,30.0,45,31,98.30361111111051,1.9338415300546332,55.536944444445,183.0,64.0,119.0,67.68181818181739,1.76,True,16.0,4.0,2751.760000000001,corner_T15,3.4909314472738515,301.5010711311879,SOFT,41.0,2.0,0.06794925129463637,11075.315326891665,29494.084667743176,400.0,False,1,False,LAPPED_UNLAPPED,,,False,-1.0,171.6661404893464,11.33385951065361,3.09779,True,3.09779,27.526519402280865,12,True,3.0,corner,0.7896598718843035,3484.7408333333333,19,431.47976220214423,0,monaco_2026_R|PIA|STR,monaco_2026_R|L45|monaco_2026_R|PIA|STR,,True,v4_t0_anchored_30s_horizon
monaco_2026_R_00673,monaco_2026_R,2026,Monaco Grand Prix,HAD,RUS,63,2026-06-07 14:03:32.894,2026-06-07 14:03:36.735,3.841,3.841,2026-06-07 14:04:02.894,30.0,46,15,92.90472222222525,1.7981559139785532,82.4713888888923,186.0,71.0,115.0,100.51999999999998,2.0,True,6.0,5.0,2788.810555555556,brake_T17,0.7777376491067116,264.45051557563283,HARD,14.0,2.0,0.06737205297089009,12600.784395365117,25655.756468921394,400.0,False,1,False,CLOSE_INTERACTION_NO_PASS,0.0,,False,0.0,175.21213991769844,10.787860082301563,3.9464930000000003,True,3.9464930000000003,88.87697846075366,11,True,3.0,brake,0.800292098878388,3484.7408333333333,19,431.47976220214423,0,monaco_2026_R|HAD|RUS,monaco_2026_R|L46|monaco_2026_R|HAD|RUS,,True,v4_t0_anchored_30s_horizon
monaco_2026_R_00674,monaco_2026_R,2026,Monaco Grand Prix,ALO,COL,43,2026-06-07 14:03:53.974,2026-06-07 14:04:03.735,9.761,9.761,2026-06-07 14:04:23.974,30.0,46,35,97.79305555555516,4.141823529411748,60.303888888889105,85.0,41.0,44.0,23.209302325581543,1.72,True,15.0,14.0,1123.0525000000002,brake_T5,21.207943787251452,367.6059194298025,SOFT,43.0,2.0,0.4833483553402268,6211.6198871216475,20708.555460936503,400.0,False,1,False,CLOSE_INTERACTION_NO_PASS,0.0,,False,0.0,75.33221450617351,9.667785493826486,4.459098,True,4.459098,10.416124171171711,11,True,3.0,brake,0.3222771946933405,3484.7408333333333,19,431.47976220214423,0,monaco_2026_R|ALO|COL,monaco_2026_R|L46|monaco_2026_R|ALO|COL,,False,v4_t0_anchored_30s_horizon
monaco_2026_R_00675,monaco_2026_R,2026,Monaco Grand Prix,STR,PIA,81,2026-06-07 14:03:56.775,2026-06-07 14:04:13.694,16.919,16.919,2026-06-07 14:04:26.775,30.0,46,60,92.13361111111078,1.6338965517241322,30.67472222222159,203.0,77.0,126.0,72.67363590005152,1.9609999999999999,True,16.0,4.0,996.898888888889,straight_03,147.36155489836267,493.7595305409137,SOFT,42.0,2.0,0.04657433973420595,2433.2853489164686,46020.06789213231,399.9999999999999,False,1,False,LAPPED_UNLAPPED,,,False,0.0,197.0,6.0,2.697847,True,2.697847,38.97296669026405,11,True,3.0,straight,0.28607547492572183,3484.7408333333333,19,431.47976220214423,0,monaco_2026_R|PIA|STR,monaco_2026_R|L46|monaco_2026_R|PIA|STR,,False,v4_t0_anchored_30s_horizon
monaco_2026_R_00676,monaco_2026_R,2026,Monaco Grand Prix,BOR,HAM,44,2026-06-07 14:03:58.694,2026-06-07 14:04:02.814,4.12,4.12,2026-06-07 14:04:28.694,30.0,45,14,99.09916666666277,1.9077914438501924,81.63249999999562,187.0,68.0,119.0,93.81813444502369,1.919,True,18.0,2.0,2782.9583333333358,brake_T17,6.6299598713271735,270.3027377978533,MEDIUM,2.0,3.0,0.1810043483879641,12271.643029929724,27050.408784596973,400.0,False,1,False,LAPPED_UNLAPPED,,,False,-1.0,180.02856673241004,6.971433267589958,3.803591,True,3.803591,72.5226821319773,12,True,3.0,brake,0.7986127136666555,3484.7408333333333,19,431.47976220214423,0,monaco_2026_R|BOR|HAM,monaco_2026_R|L45|monaco_2026_R|BOR|HAM,,True,v4_t0_anchored_30s_horizon
monaco_2026_R_00677,monaco_2026_R,2026,Monaco Grand Prix,HAD,RUS,63,2026-06-07 14:04:06.174,2026-06-07 14:04:18.414,12.24,12.24,2026-06-07 14:04:36.174,30.0,47,45,97.6411111111106,2.1832795031055787,54.05138888888882,161.0,115.0,46.0,98.15707853927017,1.999,True,6.0,5.0,1046.3688888888887,brake_T5,97.89155489836298,444.28953054091403,HARD,15.0,2.0,0.031714834750022854,2721.690864902988,37299.54237320485,400.0,False,1,False,CLOSE_INTERACTION_NO_PASS,0.0,,False,0.0,134.81903890600915,26.180961093990845,3.940906,True,3.940906,100.74367308691559,10,True,3.0,brake,0.3002716525946015,3484.7408333333333,19,431.47976220214423,0,monaco_2026_R|HAD|RUS,monaco_2026_R|L47|monaco_2026_R|HAD|RUS,,False,v4_t0_anchored_30s_horizon
monaco_2026_R_00678,monaco_2026_R,2026,Monaco Grand Prix,BOR,HAM,44,2026-06-07 14:04:31.734,2026-06-07 14:04:44.894,13.16,13.16,2026-06-07 14:05:01.734,30.0,46,48,98.8627777777782,1.7975050505050583,54.18000000000097,198.0,84.0,114.0,108.23762376237654,1.919,True,18.0,2.0,1021.9049999999995,straight_03,122.35544378725217,468.7534194298032,MEDIUM,3.0,3.0,0.10912600240045009,2094.470736157821,42438.25041973313,400.0,False,1,False,LAPPED_UNLAPPED,,,False,0.0,182.7011740331495,15.298825966850501,3.638883,True,3.638883,84.52384205697287,15,True,3.0,straight,0.293251363264939,3484.7408333333333,19,431.47976220214423,0,monaco_2026_R|BOR|HAM,monaco_2026_R|L46|monaco_2026_R|BOR|HAM,,False,v4_t0_anchored_30s_horizon
monaco_2026_R_00679,monaco_2026_R,2026,Monaco Grand Prix,ALO,COL,43,2026-06-07 14:04:35.614,2026-06-07 14:04:42.895,7.281,7.281,2026-06-07 14:05:05.614,30.0,46,24,99.47638888888969,2.094239766081888,60.223055555556584,171.0,63.0,108.0,60.78260869565206,1.8399999999999999,True,15.0,14.0,2756.4136111111106,corner_T16,33.17468209355229,296.8474600200784,SOFT,43.0,2.0,0.4358406476745103,11220.610061445852,29456.295361352382,400.0,False,1,False,CLOSE_INTERACTION_NO_PASS,0.0,,False,0.0,169.12061403508775,1.8793859649122453,3.195175,True,3.195175,22.82058086395096,12,True,3.0,corner,0.7909952971953038,3484.7408333333333,19,431.47976220214423,0,monaco_2026_R|ALO|COL,monaco_2026_R|L46|monaco_2026_R|ALO|COL,,True,v4_t0_anchored_30s_horizon
monaco_2026_R_00680,monaco_2026_R,2026,Monaco Grand Prix,STR,PIA,81,2026-06-07 14:04:37.535,2026-06-07 14:04:50.735,13.2,13.2,2026-06-07 14:05:07.535,30.0,46,44,95.16138888889009,1.647024038461559,28.823888888888632,208.0,110.0,98.0,96.18063508589367,1.921,True,16.0,4.0,2584.586388888889,corner_T14,110.66454255838607,468.67468224230015,SOFT,42.0,2.0,0.015320557023667726,4209.125951654059,64226.08703164814,400.0,False,1,False,LAPPED_UNLAPPED,,94.6,True,0.0,192.52426303855145,15.475736961448547,2.602116,True,2.602116,80.14889497975096,12,True,3.0,corner,0.741686831963512,3484.7408333333333,19,431.47976220214423,0,monaco_2026_R|PIA|STR,monaco_2026_R|L46|monaco_2026_R|PIA|STR,,True,v4_t0_anchored_30s_horizon
monaco_2026_R_00681,monaco_2026_R,2026,Monaco Grand Prix,HAD,RUS,63,2026-06-07 14:04:49.895,2026-06-07 14:04:53.894,3.999,3.999,2026-06-07 14:05:19.895,30.0,47,16,95.39055555555615,1.929247191011248,72.25083333333396,178.0,94.0,84.0,81.92095869454414,1.9609999999999999,True,6.0,5.0,2783.954999999999,brake_T17,5.633293204663914,269.30607113119004,HARD,15.0,2.0,0.05244242525984398,12327.697672951297,26812.89157799794,400.0,False,1,False,CLOSE_INTERACTION_NO_PASS,0.0,,False,0.0,158.1337500000037,19.866249999996313,4.248625,True,4.248625,73.6380160275497,11,True,3.0,brake,0.7988987225018405,3484.7408333333333,19,431.47976220214423,0,monaco_2026_R|HAD|RUS,monaco_2026_R|L47|monaco_2026_R|HAD|RUS,,True,v4_t0_anchored_30s_horizon
monaco_2026_R_00682,monaco_2026_R,2026,Monaco Grand Prix,STR,PIA,81,2026-06-07 14:05:09.055,2026-06-07 14:05:13.254,4.199,4.199,2026-06-07 14:05:39.055,30.0,47,15,98.87388888888881,1.9774777777777763,88.12305555555542,180.0,143.0,37.0,70.05050505050505,1.881,True,16.0,6.0,706.0252777777777,brake_T3,82.26498025370654,269.0724305757325,SOFT,43.0,2.0,0.05719881738802707,6005.065952616424,43318.602256931,400.0000000000001,False,1,False,PIT_RELATED,,63.08,True,0.0,161.74741935483866,18.252580645161345,2.4708959999999998,True,2.4708959999999998,82.35977438130051,10,True,3.0,brake,0.20260481669806943,3484.7408333333333,19,431.47976220214423,0,monaco_2026_R|PIA|STR,monaco_2026_R|L47|monaco_2026_R|PIA|STR,,False,v4_t0_anchored_30s_horizon
monaco_2026_R_00683,monaco_2026_R,2026,Monaco Grand Prix,ALO,COL,43,2026-06-07 14:05:09.535,2026-06-07 14:05:28.575,19.04,19.04,2026-06-07 14:05:39.535,30.0,47,71,98.79583333333312,1.90195187165775,31.468611111110704,187.0,86.0,101.0,44.646862853970426,1.8010000000000002,True,15.0,14.0,978.0786111111112,straight_03,166.18183267614052,512.5798083186916,SOFT,44.0,2.0,0.4133627996093895,2915.248639911479,47715.652210818094,399.9999999999999,False,1,False,CLOSE_INTERACTION_NO_PASS,0.0,,False,0.0,178.57090460526334,8.429095394736663,2.642331,True,2.642331,11.23848049915147,10,True,3.0,straight,0.28067470663966965,3484.7408333333333,19,431.47976220214423,0,monaco_2026_R|ALO|COL,monaco_2026_R|L47|monaco_2026_R|ALO|COL,,False,v4_t0_anchored_30s_horizon
monaco_2026_R_00684,monaco_2026_R,2026,Monaco Grand Prix,BOR,HAM,44,2026-06-07 14:05:15.374,2026-06-07 14:05:20.734,5.36,5.36,2026-06-07 14:05:45.374,30.0,46,22,99.40555555555693,1.9662637362637634,71.38250000000153,182.0,59.0,123.0,83.02040816326665,1.96,True,18.0,2.0,2767.4494444444426,corner_T16,22.1388487602203,285.8116266867464,MEDIUM,3.0,3.0,0.07663862418125715,11585.736082794167,29093.30523775257,400.0,False,1,False,LAPPED_UNLAPPED,,,False,0.0,183.56666666666771,-1.5666666666677145,3.547,True,3.547,58.84435105868335,11,True,3.0,corner,0.7941621993728685,3484.7408333333333,19,431.47976220214423,0,monaco_2026_R|BOR|HAM,monaco_2026_R|L46|monaco_2026_R|BOR|HAM,,True,v4_t0_anchored_30s_horizon
monaco_2026_R_00685,monaco_2026_R,2026,Monaco Grand Prix,RUS,PIA,81,2026-06-07 14:05:18.175,2026-06-07 14:05:32.814,14.639,14.639,2026-06-07 14:05:48.175,30.0,48,55,96.10111111111064,1.7925595854922194,47.14888888888822,193.0,83.0,110.0,110.34000000000033,2.0,True,4.0,6.0,1023.2661111111113,straight_03,120.9943326761404,467.39230831869145,HARD,17.0,2.0,0.9388803450633918,2078.391193127575,42232.87673096561,400.0,False,1,False,PIT_RELATED,,53.0,True,-1.0,162.6240704113917,30.3759295886083,3.871462,True,3.871462,95.33437763169887,12,True,3.0,straight,0.2936419550409735,3484.7408333333333,19,431.47976220214423,0,monaco_2026_R|PIA|RUS,monaco_2026_R|L48|monaco_2026_R|PIA|RUS,,False,v4_t0_anchored_30s_horizon
monaco_2026_R_00686,monaco_2026_R,2026,Monaco Grand Prix,HAD,RUS,63,2026-06-07 14:05:27.814,2026-06-07 14:05:30.975,3.161,3.161,2026-06-07 14:05:57.814,30.0,48,12,97.06611111111124,2.8642459016393484,85.04527777777798,122.0,56.0,66.0,44.75510204081613,1.96,True,5.0,4.0,1151.815833333333,corner_T5,110.51131610779089,338.84258609646963,HARD,16.0,2.0,0.05836501293947821,7852.324724377775,14795.39008248905,400.0,False,1,False,CLOSE_INTERACTION_NO_PASS,0.0,,False,-1.0,115.96224173553712,6.03775826446288,4.954148,True,4.954148,37.07905560897191,12,True,3.0,corner,0.3305312757596272,3484.7408333333333,19,431.47976220214423,0,monaco_2026_R|HAD|RUS,monaco_2026_R|L48|monaco_2026_R|HAD|RUS,,False,v4_t0_anchored_30s_horizon
monaco_2026_R_00687,monaco_2026_R,2026,Monaco Grand Prix,STR,PIA,81,2026-06-07 14:05:42.215,2026-06-07 14:05:47.094,4.879,4.879,2026-06-07 14:06:12.215,30.0,47,18,98.72250000000031,1.6302798165137666,49.24472222222221,218.0,89.0,129.0,128.87676935886824,1.201,True,16.0,6.0,1923.8136111111107,straight_05,174.7335357943607,283.6312756859238,SOFT,43.0,2.0,0.06102175554048779,9618.30679432064,72351.43597179635,400.0,False,1,False,PIT_RELATED,,29.92,False,0.0,258.51862139917677,-40.518621399176766,2.703572,True,2.703572,115.40490233952083,8,True,3.0,straight,0.5520679164168671,3484.7408333333333,19,431.47976220214423,0,monaco_2026_R|PIA|STR,monaco_2026_R|L47|monaco_2026_R|PIA|STR,,False,v4_t0_anchored_30s_horizon
monaco_2026_R_00688,monaco_2026_R,2026,Monaco Grand Prix,HUL,ALB,23,2026-06-07 14:05:48.535,2026-06-07 14:06:05.734,17.199,5.679,2026-06-07 14:06:18.535,30.0,47,5,11.381666666666206,0.23548275862068013,10.105555555555839,174.0,130.0,44.0,,,False,12.0,11.0,2597.5261111111095,corner_T14,97.72482033616552,455.7349600200796,HARD,35.0,2.0,0.6672255339516081,4584.18199109826,55260.751286745064,400.0,False,1,False,ON_TRACK_PASS,1.0,7.12,False,0.0,139.60843517852797,34.39156482147203,0.30843,True,0.30843,21.34800724298174,13,True,3.0,corner,0.7454000843518807,3484.7408333333333,19,431.47976220214423,0,monaco_2026_R|ALB|HUL,monaco_2026_R|L47|monaco_2026_R|ALB|HUL,,True,v4_t0_anchored_30s_horizon
monaco_2026_R_00689,monaco_2026_R,2026,Monaco Grand Prix,BOR,HAM,44,2026-06-07 14:05:48.535,2026-06-07 14:06:02.415,13.88,13.88,2026-06-07 14:06:18.535,30.0,47,54,98.10777777777832,1.8588842105263261,52.546944444444534,190.0,78.0,112.0,107.67567567567501,1.9609999999999999,True,18.0,2.0,1017.2486111111108,straight_03,127.0118326761409,473.40980831869194,MEDIUM,4.0,3.0,0.0132950026094809,2149.4791810182014,43140.83800030622,399.9999999999999,False,1,False,LAPPED_UNLAPPED,,,False,0.0,191.8602819548876,-1.860281954887597,3.447352,True,3.447352,84.16419739216552,13,True,3.0,straight,0.29191514082786474,3484.7408333333333,19,431.47976220214423,0,monaco_2026_R|BOR|HAM,monaco_2026_R|L47|monaco_2026_R|BOR|HAM,,False,v4_t0_anchored_30s_horizon
monaco_2026_R_00690,monaco_2026_R,2026,Monaco Grand Prix,ALO,COL,43,2026-06-07 14:05:51.375,2026-06-07 14:06:05.455,14.08,14.08,2026-06-07 14:06:21.375,30.0,47,51,99.62944444444474,1.6604907407407457,51.66333333333341,216.0,117.0,99.0,68.64000000000225,2.0,True,15.0,14.0,2551.7397222222226,corner_T13,29.561622008722225,501.5213489089665,SOFT,44.0,2.0,0.415689263019567,4597.180741994398,71739.8234897711,400.0,False,1,False,CLOSE_INTERACTION_NO_PASS,0.0,,False,0.0,211.79170579029721,4.208294209702785,2.344995,True,2.344995,44.45895291202693,13,True,3.0,corner,0.7322609755691222,3484.7408333333333,19,431.47976220214423,0,monaco_2026_R|ALO|COL,monaco_2026_R|L47|monaco_2026_R|ALO|COL,,True,v4_t0_anchored_30s_horizon
monaco_2026_R_00691,monaco_2026_R,2026,Monaco Grand Prix,ALB,LIN,41,2026-06-07 14:05:55.375,2026-06-07 14:06:05.734,10.359,10.359,2026-06-07 14:06:25.375,30.0,47,24,10.120833333333394,0.560538461538465,10.120833333333394,65.0,77.0,-12.0,-20.1299278178789,1.8010000000000002,True,11.0,10.0,2842.7619444444417,corner_T17,64.30302941960781,210.49912668674733,SOFT,4.0,2.0,0.4275796215833328,16064.472366624594,6227.33383593863,400.0,False,1,False,CLOSE_INTERACTION_NO_PASS,0.0,,False,1.0,92.06839479696035,-27.068394796960348,0.45282,True,0.45282,-17.540926546329374,12,True,3.0,corner,0.815774280041708,3484.7408333333333,19,431.47976220214423,0,monaco_2026_R|ALB|LIN,monaco_2026_R|L47|monaco_2026_R|ALB|LIN,,True,v4_t0_anchored_30s_horizon
monaco_2026_R_00692,monaco_2026_R,2026,Monaco Grand Prix,RUS,PIA,81,2026-06-07 14:06:02.855,2026-06-07 14:06:11.015,8.16,7.0,2026-06-07 14:06:32.855,30.0,48,29,94.07250000000113,1.9804736842105501,10.39638888888976,171.0,58.0,113.0,65.0893947806781,1.8010000000000002,True,4.0,6.0,2743.6808333333324,corner_T15,11.57009811394255,309.5802377978566,HARD,17.0,2.0,0.986297275484668,10828.082646809793,29493.035119735046,400.0,False,1,False,PIT_RELATED,,8.32,False,-1.0,176.155833333332,-5.155833333331998,3.274766,True,3.274766,36.04322478100909,12,True,3.0,corner,0.7873414306994133,3484.7408333333333,19,431.47976220214423,0,monaco_2026_R|PIA|RUS,monaco_2026_R|L48|monaco_2026_R|PIA|RUS,,True,v4_t0_anchored_30s_horizon
monaco_2026_R_00693,monaco_2026_R,2026,Monaco Grand Prix,OCO,HUL,27,2026-06-07 14:06:08.575,2026-06-07 14:09:45.136,216.561,216.561,2026-06-07 14:06:38.575,30.0,48,786,30.603055555555557,0.4442379032258065,10.435277777781721,248.0,235.0,13.0,,,False,13.0,12.0,32.327222222222225,straight_01,190.92520281486966,250.92520281486966,HARD,39.0,2.0,0.9283821054965055,15103.081743327097,66354.75449689935,400.0,False,1,False,CLOSE_INTERACTION_NO_PASS,0.0,,False,0.0,248.99752824858757,-0.9975282485875709,0.47194,True,0.47194,-3.62847353873982,12,True,3.0,straight,0.009276793818638036,3484.7408333333333,19,431.47976220214423,0,monaco_2026_R|HUL|OCO,monaco_2026_R|L48|monaco_2026_R|HUL|OCO,,False,v4_t0_anchored_30s_horizon
monaco_2026_R_00694,monaco_2026_R,2026,Monaco Grand Prix,STR,RUS,63,2026-06-07 14:06:19.334,2026-06-07 14:06:22.855,3.521,3.521,2026-06-07 14:06:49.334,30.0,48,15,99.78027777777777,1.37627969348659,62.62472222222226,261.0,122.0,139.0,139.0,0.399,True,16.0,4.0,64.65305555555555,straight_01,158.5993694815363,218.5993694815363,SOFT,44.0,2.0,0.061752602523202395,15714.258897347421,58271.5141879814,400.0,False,1,False,LAPPED_UNLAPPED,,,False,0.0,266.44942259675406,-5.4494225967540615,1.931138,True,1.931138,48.802434659611464,11,True,3.0,straight,0.0185531890742393,3484.7408333333333,19,431.47976220214423,0,monaco_2026_R|RUS|STR,monaco_2026_R|L48|monaco_2026_R|RUS|STR,,False,v4_t0_anchored_30s_horizon
monaco_2026_R_00695,monaco_2026_R,2026,Monaco Grand Prix,ALO,COL,43,2026-06-07 14:06:22.055,2026-06-07 14:07:39.055,77.0,77.0,2026-06-07 14:06:52.055,30.0,48,269,99.00000000000023,1.4727272727272762,10.110833333334085,242.0,154.0,88.0,65.45681694731059,1.841,True,15.0,14.0,597.4747222222222,brake_T2,27.125838835842387,377.6229861312879,SOFT,45.0,2.0,0.40733280703371627,6463.649652571274,74163.16118625685,400.0,False,1,False,CLOSE_INTERACTION_NO_PASS,0.0,58.039,True,0.0,244.2819156293222,-2.2819156293222136,1.8972609999999999,True,1.8972609999999999,40.18182769250076,12,True,3.0,brake,0.17145456457107802,3484.7408333333333,19,431.47976220214423,0,monaco_2026_R|ALO|COL,monaco_2026_R|L48|monaco_2026_R|ALO|COL,,False,v4_t0_anchored_30s_horizon
monaco_2026_R_00696,monaco_2026_R,2026,Monaco Grand Prix,HAD,ANT,12,2026-06-07 14:06:22.855,2026-06-07 14:06:28.415,5.56,5.56,2026-06-07 14:06:52.855,30.0,49,21,98.75972222222222,1.367442307692308,44.75972222222222,260.0,177.0,83.0,,,False,5.0,1.0,33.201388888888886,straight_01,190.051036148203,250.051036148203,HARD,17.0,2.0,0.009267919406472227,15119.609413007365,66136.16464141599,400.0,False,1,False,LAPPED_UNLAPPED,,,False,0.0,266.2051498127341,-6.205149812734078,1.55897,True,1.55897,-20.157283412480478,12,True,3.0,straight,0.009527649393980916,3484.7408333333333,19,431.47976220214423,0,monaco_2026_R|ANT|HAD,monaco_2026_R|L49|monaco_2026_R|ANT|HAD,,False,v4_t0_anchored_30s_horizon
monaco_2026_R_00697,monaco_2026_R,2026,Monaco Grand Prix,BOR,HAM,44,2026-06-07 14:06:32.215,2026-06-07 14:06:38.215,6.0,6.0,2026-06-07 14:07:02.215,30.0,47,25,93.76361111111237,1.85466483516486,63.15722222222348,182.0,60.0,122.0,74.63829787233931,1.88,True,18.0,2.0,2767.06888888889,corner_T16,22.519404315773045,286.19218224229917,MEDIUM,4.0,3.0,0.06460946210765153,11573.145213423086,29105.8224536233,400.0,False,1,False,LAPPED_UNLAPPED,,,False,0.0,182.18225995316155,-0.18225995316154808,3.188967,True,3.188967,41.23240231442566,12,True,3.0,corner,0.7940529931007945,3484.7408333333333,19,431.47976220214423,0,monaco_2026_R|BOR|HAM,monaco_2026_R|L47|monaco_2026_R|BOR|HAM,,True,v4_t0_anchored_30s_horizon
monaco_2026_R_00698,monaco_2026_R,2026,Monaco Grand Prix,PER,PIA,81,2026-06-07 14:06:32.215,2026-06-07 14:07:52.415,80.2,80.2,2026-06-07 14:07:02.215,30.0,47,303,93.59138888889129,1.3922685950413582,18.906666666666297,242.0,92.0,150.0,151.6595744680865,1.88,True,17.0,6.0,3160.9486111111096,straight_07,,,MEDIUM,43.0,3.0,0.6687712338744054,20945.521261351245,128.94622386823013,323.7922222222237,True,1,False,PIT_RELATED,,,False,0.0,59.0,183.0,5.279983,True,5.279983,139.1082234445157,12,True,3.0,straight,0.9070828398126526,3484.7408333333333,19,431.47976220214423,0,monaco_2026_R|PER|PIA,monaco_2026_R|L47|monaco_2026_R|PER|PIA,,True,v4_t0_anchored_30s_horizon
monaco_2026_R_00699,monaco_2026_R,2026,Monaco Grand Prix,BOR,GAS,10,2026-06-07 14:07:04.615,2026-06-07 14:08:59.256,114.641,114.641,2026-06-07 14:07:34.615,30.0,48,402,96.93527777777751,1.8366684210526265,10.068888888888978,190.0,85.0,105.0,52.93750000000024,1.92,True,18.0,7.0,982.2594444444444,straight_03,162.0009993428073,508.39897498535834,MEDIUM,5.0,3.0,0.04309791731495846,2808.182834814057,47338.9863867138,400.0,False,1,False,LAPPED_UNLAPPED,,,False,0.0,138.9535144927536,51.04648550724639,2.950702,True,2.950702,26.831353776769223,13,True,3.0,straight,0.2818744610929539,3484.7408333333333,19,431.47976220214423,0,monaco_2026_R|BOR|GAS,monaco_2026_R|L48|monaco_2026_R|BOR|GAS,,False,v4_t0_anchored_30s_horizon
monaco_2026_R_00700,monaco_2026_R,2026,Monaco Grand Prix,HAD,ANT,12,2026-06-07 14:07:06.974,2026-06-07 14:07:17.935,10.961,10.961,2026-06-07 14:07:36.974,30.0,49,40,88.32861111110992,1.1820929368029582,20.060833333332084,269.0,119.0,150.0,106.55464926590662,1.839,True,5.0,1.0,1923.0052777777785,straight_05,175.54186912769296,284.43960901925607,HARD,17.0,2.0,0.0,9639.97713311868,72436.63864142373,399.9999999999998,False,1,False,LAPPED_UNLAPPED,,,False,0.0,238.27399789029522,30.72600210970478,1.940919,True,1.940919,74.32886587663315,10,True,3.0,straight,0.5518359527294675,3484.7408333333333,19,431.47976220214423,0,monaco_2026_R|ANT|HAD,monaco_2026_R|L49|monaco_2026_R|ANT|HAD,,False,v4_t0_anchored_30s_horizon
monaco_2026_R_00701,monaco_2026_R,2026,Monaco Grand Prix,ALO,COL,43,2026-06-07 14:07:42.815,2026-06-07 14:08:10.535,27.72,27.72,2026-06-07 14:08:12.815,30.0,49,105,95.60444444444443,1.3392062256809336,21.91694444444488,257.0,179.0,78.0,29.079999999999814,2.0,True,15.0,14.0,593.2794444444445,brake_T2,31.32111661362012,381.81826390906565,SOFT,46.0,2.0,0.3545395743927327,6558.6240979567365,74237.47818997587,400.0,False,1,False,CLOSE_INTERACTION_NO_PASS,0.0,,False,0.0,260.0958976833977,-3.095897683397709,1.596895,True,1.596895,10.632320605894021,13,True,3.0,brake,0.17025066506221131,3484.7408333333333,19,431.47976220214423,0,monaco_2026_R|ALO|COL,monaco_2026_R|L49|monaco_2026_R|ALO|COL,,False,v4_t0_anchored_30s_horizon
monaco_2026_R_00702,monaco_2026_R,2026,Monaco Grand Prix,STR,HAD,6,2026-06-07 14:07:43.175,2026-06-07 14:07:46.654,3.479,3.479,2026-06-07 14:08:13.175,30.0,49,14,97.13361111111116,1.3606264591439696,67.07805555555564,257.0,125.0,132.0,114.28571428571412,0.84,True,16.0,5.0,74.32833333333332,straight_01,148.92409170375856,208.92409170375856,SOFT,45.0,2.0,0.06128136212786152,15897.187166376163,55852.16138965257,400.0,False,1,False,LAPPED_UNLAPPED,,,False,0.0,258.0,-1.0,1.8543910000000001,True,1.8543910000000001,38.34884179065756,12,True,3.0,straight,0.021329658900984743,3484.7408333333333,19,431.47976220214423,0,monaco_2026_R|HAD|STR,monaco_2026_R|L49|monaco_2026_R|HAD|STR,,False,v4_t0_anchored_30s_horizon
monaco_2026_R_00703,monaco_2026_R,2026,Monaco Grand Prix,PER,PIA,81,2026-06-07 14:07:55.695,2026-06-07 14:08:02.895,7.2,7.2,2026-06-07 14:08:25.695,30.0,49,30,79.89916666666664,1.0854226415094337,37.5102777777777,265.0,188.0,77.0,52.00904255319267,1.88,True,17.0,6.0,43.26111111111112,straight_01,179.99131392598076,239.99131392598076,MEDIUM,45.0,3.0,0.7022040904968626,15309.806285416309,63620.67953930929,400.0,False,1,False,LAPPED_UNLAPPED,,,False,0.0,265.8426948051948,-0.8426948051948102,1.257977,True,1.257977,-1.4505380106982695,12,True,3.0,straight,0.012414441469304233,3484.7408333333333,19,431.47976220214423,0,monaco_2026_R|PER|PIA,monaco_2026_R|L49|monaco_2026_R|PER|PIA,,False,v4_t0_anchored_30s_horizon
monaco_2026_R_00704,monaco_2026_R,2026,Monaco Grand Prix,HAD,ANT,12,2026-06-07 14:08:00.096,2026-06-07 14:08:15.095,14.999,14.999,2026-06-07 14:08:30.096,30.0,50,54,97.66833333333295,1.740623762376231,34.43416666666667,202.0,75.0,127.0,94.94948397609956,1.841,True,5.0,1.0,1010.0869444444446,straight_03,134.17349934280708,480.5714749853581,HARD,18.0,2.0,0.014507598720085087,2234.0838296724037,44221.43890720443,400.0000000000001,False,1,False,LAPPED_UNLAPPED,,,False,0.0,210.26057558945897,-8.260575589458966,3.080296,True,3.080296,57.190441304128896,13,True,3.0,straight,0.2898599903850654,3484.7408333333333,19,431.47976220214423,0,monaco_2026_R|ANT|HAD,monaco_2026_R|L50|monaco_2026_R|ANT|HAD,,False,v4_t0_anchored_30s_horizon
monaco_2026_R_00705,monaco_2026_R,2026,Monaco Grand Prix,ALB,LIN,41,2026-06-07 14:08:12.615,2026-06-07 14:08:24.335,11.72,11.72,2026-06-07 14:08:42.615,30.0,49,38,93.20527777777738,1.266184905660372,38.89833333333263,265.0,176.0,89.0,30.17391304347825,1.8399999999999999,True,11.0,10.0,1912.8869444444445,straight_05,185.66020246102698,294.5579423525901,SOFT,6.0,2.0,0.3106877726898992,9911.236157537454,73503.16525443194,400.0,False,1,False,CLOSE_INTERACTION_NO_PASS,0.0,,False,0.0,271.5550184501844,-6.555018450184377,1.495501,True,1.495501,6.9153881780933695,12,True,3.0,straight,0.5489323412939923,3484.7408333333333,19,431.47976220214423,0,monaco_2026_R|ALB|LIN,monaco_2026_R|L49|monaco_2026_R|ALB|LIN,,False,v4_t0_anchored_30s_horizon
monaco_2026_R_00706,monaco_2026_R,2026,Monaco Grand Prix,COL,OCO,31,2026-06-07 14:08:15.815,2026-06-07 14:08:27.775,11.96,11.96,2026-06-07 14:08:45.815,30.0,49,42,97.96138888888709,1.3208277153557808,33.10583333333079,267.0,144.0,123.0,70.10869565217422,1.8399999999999999,True,14.0,13.0,1902.8180555555566,straight_05,195.72909134991482,304.62683124147793,HARD,14.0,2.0,0.8617464584593618,10181.169642332106,74564.48015775127,399.9999999999998,False,1,False,CLOSE_INTERACTION_NO_PASS,0.0,,False,0.0,270.0409226190456,-3.0409226190456025,1.808654,True,1.808654,36.99388533308812,10,True,3.0,straight,0.5460429187026266,3484.7408333333333,19,431.47976220214423,0,monaco_2026_R|COL|OCO,monaco_2026_R|L49|monaco_2026_R|COL|OCO,,False,v4_t0_anchored_30s_horizon
monaco_2026_R_00707,monaco_2026_R,2026,Monaco Grand Prix,ALO,COL,43,2026-06-07 14:08:19.535,2026-06-07 14:08:23.615,4.08,4.08,2026-06-07 14:08:49.535,30.0,49,14,84.8977777777784,1.1446891385767874,49.77055555555626,267.0,73.0,194.0,177.23999999999964,2.0,True,15.0,14.0,1966.5147222222229,straight_05,132.03242468324856,240.93016457481167,SOFT,46.0,2.0,0.3547357288766875,8473.546945044029,67850.50979109979,400.0000000000002,False,1,False,CLOSE_INTERACTION_NO_PASS,0.0,,False,0.0,206.51243523316094,60.48756476683906,2.740165,True,2.740165,153.79425722833156,9,True,3.0,straight,0.5643216572697461,3484.7408333333333,19,431.47976220214423,0,monaco_2026_R|ALO|COL,monaco_2026_R|L49|monaco_2026_R|ALO|COL,,False,v4_t0_anchored_30s_horizon
monaco_2026_R_00708,monaco_2026_R,2026,Monaco Grand Prix,GAS,HAM,44,2026-06-07 14:08:22.215,2026-06-07 14:08:33.815,11.6,11.6,2026-06-07 14:08:52.215,30.0,50,43,93.2966666666664,1.9083409090909036,59.821666666666715,176.0,73.0,103.0,100.06789178152067,1.959,True,7.0,2.0,1019.8155555555556,straight_03,124.44488823169604,470.8428638742471,HARD,5.0,2.0,0.5540659144133665,2119.154475478927,42753.519988489876,400.0,False,1,False,LAPPED_UNLAPPED,,,False,0.0,199.6791919191919,-23.679191919191908,3.083959,True,3.083959,67.36417872231014,11,True,3.0,straight,0.29265176503242274,3484.7408333333333,19,431.47976220214423,0,monaco_2026_R|GAS|HAM,monaco_2026_R|L50|monaco_2026_R|GAS|HAM,,False,v4_t0_anchored_30s_horizon
monaco_2026_R_00709,monaco_2026_R,2026,Monaco Grand Prix,PER,PIA,81,2026-06-07 14:08:41.615,2026-06-07 14:08:46.696,5.081,5.081,2026-06-07 14:09:11.615,30.0,49,19,88.8286111111097,1.3903608695651952,44.728611111109785,230.0,100.0,130.0,115.08355508249151,1.879,True,17.0,6.0,1960.4161111111125,straight_05,138.13103579435892,247.02877568592203,MEDIUM,45.0,3.0,0.7597123475463499,8637.042576766233,68493.33611813505,400.0,False,1,False,LAPPED_UNLAPPED,,,False,0.0,248.87435581140207,-18.87435581140207,2.109337,True,2.109337,82.16951457906852,11,True,3.0,straight,0.5625715669752904,3484.7408333333333,19,431.47976220214423,0,monaco_2026_R|PER|PIA,monaco_2026_R|L49|monaco_2026_R|PER|PIA,,False,v4_t0_anchored_30s_horizon
monaco_2026_R_00710,monaco_2026_R,2026,Monaco Grand Prix,HAD,ANT,12,2026-06-07 14:08:44.335,2026-06-07 14:08:49.535,5.2,5.2,2026-06-07 14:09:14.335,30.0,50,22,99.95750000000089,2.06808620689657,70.66861111111257,174.0,62.0,112.0,86.79069767442057,1.72,True,5.0,1.0,2768.384722222222,corner_T16,21.20357098244085,284.876348908967,HARD,18.0,2.0,0.05093809885175277,11616.680212117382,29062.54212400284,400.0,False,1,False,LAPPED_UNLAPPED,,,False,0.0,182.05933483236615,-8.059334832366147,3.888265,True,3.888265,61.81785403722358,10,True,3.0,corner,0.7944305917218297,3484.7408333333333,19,431.47976220214423,0,monaco_2026_R|ANT|HAD,monaco_2026_R|L50|monaco_2026_R|ANT|HAD,,True,v4_t0_anchored_30s_horizon
monaco_2026_R_00711,monaco_2026_R,2026,Monaco Grand Prix,STR,HAD,6,2026-06-07 14:08:48.215,2026-06-07 14:08:53.536,5.321,5.321,2026-06-07 14:09:18.215,30.0,49,21,95.0663888888871,1.8804340659340306,69.47749999999769,182.0,58.0,124.0,81.87227248536277,1.879,True,16.0,5.0,2786.685000000001,brake_T17,2.903293204662077,266.5760711311882,SOFT,45.0,2.0,0.0839560301967432,12481.238651663192,26162.300968615327,400.0,False,1,False,LAPPED_UNLAPPED,,,False,0.0,181.3637481371093,0.6362518628907026,3.519994,True,3.519994,52.351169191009085,14,True,3.0,brake,0.7996821380069157,3484.7408333333333,19,431.47976220214423,0,monaco_2026_R|HAD|STR,monaco_2026_R|L49|monaco_2026_R|HAD|STR,,True,v4_t0_anchored_30s_horizon
monaco_2026_R_00712,monaco_2026_R,2026,Monaco Grand Prix,ALB,LIN,41,2026-06-07 14:08:48.215,2026-06-07 14:08:51.855,3.64,3.64,2026-06-07 14:09:18.215,30.0,50,15,95.97638888888885,1.3988461538461532,66.73194444444442,247.0,106.0,141.0,139.02075572112904,1.879,True,11.0,10.0,88.65722222222223,straight_01,134.59520281486965,194.59520281486965,SOFT,7.0,2.0,0.3222932920215539,16168.100198720305,52269.149281214835,400.0,False,1,False,CLOSE_INTERACTION_NO_PASS,0.0,,False,0.0,257.3580981648199,-10.358098164819921,2.149039,True,2.149039,88.35394560008426,14,True,3.0,straight,0.025441554038730923,3484.7408333333333,19,431.47976220214423,0,monaco_2026_R|ALB|LIN,monaco_2026_R|L50|monaco_2026_R|ALB|LIN,,False,v4_t0_anchored_30s_horizon
monaco_2026_R_00713,monaco_2026_R,2026,Monaco Grand Prix,COL,RUS,63,2026-06-07 14:08:51.855,2026-06-07 14:09:29.975,38.12,38.12,2026-06-07 14:09:21.855,30.0,50,127,11.239166666666662,0.1782422907488986,10.661666666666179,227.0,251.0,-24.0,-27.111111111111104,0.72,True,14.0,4.0,72.62916666666666,straight_01,150.62325837042522,210.62325837042522,HARD,15.0,2.0,0.9411480159720869,15865.06140996237,56277.04672361878,400.0,False,1,False,LAPPED_UNLAPPED,,,False,0.0,259.64122083096186,-32.641220830961856,0.161302,True,0.161302,-29.726207006744264,11,True,3.0,straight,0.02084205688180063,3484.7408333333333,19,431.47976220214423,0,monaco_2026_R|COL|RUS,monaco_2026_R|L50|monaco_2026_R|COL|RUS,,False,v4_t0_anchored_30s_horizon
monaco_2026_R_00714,monaco_2026_R,2026,Monaco Grand Prix,BOR,GAS,10,2026-06-07 14:09:02.815,2026-06-07 14:10:26.856,84.041,84.041,2026-06-07 14:09:32.815,30.0,49,309,97.21805555555466,1.5417841409691486,11.95194444444519,227.0,135.0,92.0,30.979591836734915,1.96,True,18.0,7.0,2523.786666666667,corner_T13,57.51467756427792,529.4744044645222,MEDIUM,6.0,3.0,0.04320698445786416,5272.314196923844,76080.14027336032,400.0,False,1,False,LAPPED_UNLAPPED,,,False,0.0,219.48203619909518,7.517963800904823,1.911796,True,1.911796,3.943663922994031,13,True,3.0,corner,0.7242394161784868,3484.7408333333333,19,431.47976220214423,0,monaco_2026_R|BOR|GAS,monaco_2026_R|L49|monaco_2026_R|BOR|GAS,,True,v4_t0_anchored_30s_horizon
monaco_2026_R_00715,monaco_2026_R,2026,Monaco Grand Prix,ALO,COL,43,2026-06-07 14:09:15.135,2026-06-07 14:09:30.815,15.68,15.68,2026-06-07 14:09:45.135,30.0,50,59,96.64055555555592,1.870462365591405,56.15861111111144,186.0,72.0,114.0,100.992496248124,1.999,True,15.0,14.0,1020.4452777777778,straight_03,123.81516600947384,470.2131416520249,SOFT,47.0,2.0,0.3694219837904959,2111.7152256728964,42658.503222686675,400.0,False,1,False,CLOSE_INTERACTION_NO_PASS,0.0,,False,0.0,191.85401785714296,-5.8540178571429635,3.363857,True,3.363857,78.03246114305487,10,True,3.0,straight,0.2928324735132941,3484.7408333333333,19,431.47976220214423,0,monaco_2026_R|ALO|COL,monaco_2026_R|L50|monaco_2026_R|ALO|COL,,False,v4_t0_anchored_30s_horizon
monaco_2026_R_00716,monaco_2026_R,2026,Monaco Grand Prix,PER,HAM,44,2026-06-07 14:09:16.855,2026-06-07 14:09:54.016,37.161,37.161,2026-06-07 14:09:46.855,30.0,50,136,10.354166666666657,0.17020547945205466,10.354166666666657,219.0,255.0,-36.0,-35.999999999999964,0.28,True,17.0,2.0,49.53333333333333,straight_01,173.71909170375855,233.71909170375855,MEDIUM,46.0,3.0,0.8390165642740383,15428.39375963953,62052.27822478301,400.0,False,1,False,LAPPED_UNLAPPED,,,False,0.0,258.65382352941174,-39.65382352941174,0.146152,True,0.146152,-55.77257389963621,10,True,3.0,straight,0.014214352143356429,3484.7408333333333,19,431.47976220214423,0,monaco_2026_R|HAM|PER,monaco_2026_R|L50|monaco_2026_R|HAM|PER,,False,v4_t0_anchored_30s_horizon
monaco_2026_R_00717,monaco_2026_R,2026,Monaco Grand Prix,HAD,ANT,12,2026-06-07 14:09:22.095,2026-06-07 14:09:26.576,4.481,4.481,2026-06-07 14:09:52.095,30.0,51,18,98.17666666666719,3.8003870967742137,75.21000000000049,93.0,44.0,49.0,34.24960917144412,1.919,True,5.0,1.0,1132.8744444444442,brake_T5,11.385999342807509,357.78397498535855,HARD,19.0,2.0,0.0499537071248911,6780.167374779967,18583.515320420956,400.0,False,1,False,LAPPED_UNLAPPED,,,False,0.0,94.317961165048,-1.317961165048004,4.803097,True,4.803097,30.377278427244743,12,True,3.0,brake,0.32509575277676867,3484.7408333333333,19,431.47976220214423,0,monaco_2026_R|ANT|HAD,monaco_2026_R|L51|monaco_2026_R|ANT|HAD,,False,v4_t0_anchored_30s_horizon
monaco_2026_R_00718,monaco_2026_R,2026,Monaco Grand Prix,GAS,LEC,16,2026-06-07 14:09:22.375,2026-06-07 14:09:59.256,36.881,36.881,2026-06-07 14:09:52.375,30.0,51,137,11.390277777777769,0.20814720812182724,11.390277777777769,197.0,224.0,-27.0,-29.916666666666654,0.96,True,7.0,3.0,96.36333333333333,straight_01,126.88909170375855,186.88909170375854,HARD,6.0,2.0,0.563236277009628,16313.797882949739,50342.19670071934,400.0,False,1,False,LAPPED_UNLAPPED,,,False,0.0,241.3834024234694,-44.38340242346939,0.180272,True,0.180272,-29.712368579340293,12,True,3.0,straight,0.02765294119194421,3484.7408333333333,19,431.47976220214423,0,monaco_2026_R|GAS|LEC,monaco_2026_R|L51|monaco_2026_R|GAS|LEC,,False,v4_t0_anchored_30s_horizon
monaco_2026_R_00719,monaco_2026_R,2026,Monaco Grand Prix,STR,HAD,6,2026-06-07 14:09:26.376,2026-06-07 14:09:31.295,4.919,4.919,2026-06-07 14:09:56.376,30.0,50,21,99.10444444444511,4.45970000000003,72.79638888888985,80.0,43.0,37.0,20.817323709049468,1.8010000000000002,True,16.0,5.0,1132.3024999999996,brake_T5,11.957943787252134,358.3559194298032,SOFT,46.0,2.0,0.12956200316304584,6747.060124091631,18707.25913810028,400.0,False,1,False,LAPPED_UNLAPPED,,,False,0.0,92.3358064516127,-12.335806451612697,4.303139,True,4.303139,15.440280016957528,12,True,3.0,brake,0.3249316245182268,3484.7408333333333,19,431.47976220214423,0,monaco_2026_R|HAD|STR,monaco_2026_R|L50|monaco_2026_R|HAD|STR,,False,v4_t0_anchored_30s_horizon
monaco_2026_R_00720,monaco_2026_R,2026,Monaco Grand Prix,ALB,LIN,41,2026-06-07 14:09:33.416,2026-06-07 14:09:37.295,3.879,3.879,2026-06-07 14:10:03.416,30.0,50,12,89.41138888888804,1.6941105263157734,67.10805555555498,190.0,82.0,108.0,140.68441064638853,1.841,True,11.0,10.0,1974.7474999999995,straight_05,123.79964690547195,232.69738679703505,SOFT,7.0,2.0,0.35093738205007363,8354.832765576995,66214.06617931831,400.0,False,1,False,CLOSE_INTERACTION_NO_PASS,0.0,,False,0.0,218.6304281345565,-28.630428134556496,2.608963,True,2.608963,129.00036614804574,11,True,3.0,straight,0.5666841795265022,3484.7408333333333,19,431.47976220214423,0,monaco_2026_R|ALB|LIN,monaco_2026_R|L50|monaco_2026_R|ALB|LIN,,False,v4_t0_anchored_30s_horizon
monaco_2026_R_00721,monaco_2026_R,2026,Monaco Grand Prix,COL,RUS,63,2026-06-07 14:09:38.335,2026-06-07 14:09:42.895,4.56,4.56,2026-06-07 14:10:08.335,30.0,50,18,87.16222222222177,1.3525172413793034,45.77277777777772,232.0,80.0,152.0,159.20930232558223,1.72,True,14.0,4.0,1956.5869444444447,straight_05,141.9602024610267,250.85794235258982,HARD,15.0,2.0,0.9072538215504807,8739.69742911383,68896.95082631933,400.0,False,1,False,LAPPED_UNLAPPED,,,False,0.0,218.1768498942916,13.823150105708407,2.554093,True,2.554093,133.00100057609262,11,True,3.0,straight,0.5614727286829159,3484.7408333333333,19,431.47976220214423,0,monaco_2026_R|COL|RUS,monaco_2026_R|L50|monaco_2026_R|COL|RUS,,True,v4_t0_anchored_30s_horizon
monaco_2026_R_00722,monaco_2026_R,2026,Monaco Grand Prix,OCO,HUL,27,2026-06-07 14:09:50.335,2026-06-07 14:10:06.896,16.561,16.561,2026-06-07 14:10:20.335,30.0,50,65,93.65388888888583,1.5754859813083597,39.057222222217206,214.0,111.0,103.0,73.66666666666731,1.92,True,13.0,12.0,2537.8508333333352,corner_T13,43.45051089760955,515.4102377978538,HARD,41.0,2.0,0.9381123903306969,4932.630779721026,73896.37404754589,400.0,False,1,False,CLOSE_INTERACTION_NO_PASS,0.0,,False,0.0,211.28790665895895,2.7120933410410544,2.30391,True,2.30391,48.99362494951488,11,True,3.0,corner,0.7282753452014251,3484.7408333333333,19,431.47976220214423,0,monaco_2026_R|HUL|OCO,monaco_2026_R|L50|monaco_2026_R|HUL|OCO,,True,v4_t0_anchored_30s_horizon
monaco_2026_R_00723,monaco_2026_R,2026,Monaco Grand Prix,COL,OCO,31,2026-06-07 14:09:52.176,2026-06-07 14:10:07.256,15.08,15.08,2026-06-07 14:10:22.176,30.0,50,60,97.57666666666864,1.6969855072464113,16.286388888890997,207.0,125.0,82.0,50.7034220532304,1.841,True,14.0,13.0,2519.0516666666663,brake_T13,2.2496775642784996,534.2094044645228,HARD,15.0,2.0,0.9496127006983208,5410.516256581382,76364.90062500085,400.0,False,1,False,CLOSE_INTERACTION_NO_PASS,0.0,,False,0.0,210.57037914691924,-3.5703791469192367,2.158331,True,2.158331,25.60892402215032,11,True,3.0,brake,0.7228806350735312,3484.7408333333333,19,431.47976220214423,0,monaco_2026_R|COL|OCO,monaco_2026_R|L50|monaco_2026_R|COL|OCO,,True,v4_t0_anchored_30s_horizon
monaco_2026_R_00724,monaco_2026_R,2026,Monaco Grand Prix,ALO,COL,43,2026-06-07 14:09:55.535,2026-06-07 14:10:08.855,13.32,13.32,2026-06-07 14:10:25.535,30.0,50,50,97.59194444444483,1.5143577586206958,38.71472222222337,232.0,115.0,117.0,93.55586436909444,1.799,True,15.0,14.0,2572.055555555555,corner_T13,9.245788675389576,481.20551557563385,SOFT,47.0,2.0,0.28140425562129534,4195.156954977704,68358.2181743365,400.0,False,1,False,UNCERTAIN,,,False,0.0,213.03137500000037,18.968624999999633,2.46793,True,2.46793,65.35968118520414,11,True,3.0,corner,0.7380909165331679,3484.7408333333333,19,431.47976220214423,0,monaco_2026_R|ALO|COL,monaco_2026_R|L50|monaco_2026_R|ALO|COL,,True,v4_t0_anchored_30s_horizon
monaco_2026_R_00725,monaco_2026_R,2026,Monaco Grand Prix,PER,HAM,44,2026-06-07 14:10:03.615,2026-06-07 14:10:07.256,3.641,3.641,2026-06-07 14:10:33.615,30.0,50,17,99.99749999999881,1.6900985915492757,65.4916666666652,213.0,84.0,129.0,142.36000000000055,2.0,True,17.0,2.0,1964.8680555555563,straight_05,133.6790913499151,242.5768312414782,MEDIUM,46.0,3.0,0.8621511942869599,8517.6918826368,68024.07729128952,400.0000000000002,False,1,False,LAPPED_UNLAPPED,,,False,0.0,244.275568181818,-31.275568181817988,2.70325,True,2.70325,131.29227176609004,11,True,3.0,straight,0.5638491209333519,3484.7408333333333,19,431.47976220214423,0,monaco_2026_R|HAM|PER,monaco_2026_R|L50|monaco_2026_R|HAM|PER,,True,v4_t0_anchored_30s_horizon
monaco_2026_R_00726,monaco_2026_R,2026,Monaco Grand Prix,GAS,LEC,16,2026-06-07 14:10:07.256,2026-06-07 14:10:12.976,5.72,5.72,2026-06-07 14:10:37.256,30.0,51,24,94.28500000000008,1.3363228346456704,42.12166666666599,254.0,106.0,148.0,105.77083333333277,1.92,True,7.0,3.0,1942.0508333333328,straight_05,156.49631357213866,265.39405346370177,HARD,6.0,2.0,0.510258756352989,9129.391184888122,70429.13491621982,400.0,False,1,False,LAPPED_UNLAPPED,,,False,0.0,252.31023333333337,1.6897666666666282,1.9992079999999999,True,1.9992079999999999,69.22724525044823,14,True,3.0,straight,0.5573013679400833,3484.7408333333333,19,431.47976220214423,0,monaco_2026_R|GAS|LEC,monaco_2026_R|L51|monaco_2026_R|GAS|LEC,,False,v4_t0_anchored_30s_horizon
monaco_2026_R_00727,monaco_2026_R,2026,Monaco Grand Prix,HUL,RUS,63,2026-06-07 14:10:08.415,2026-06-07 14:10:27.536,19.121,19.121,2026-06-07 14:10:38.415,30.0,51,74,11.753611111111105,0.17557261410788375,10.60861111111106,241.0,270.0,-29.0,,,False,12.0,4.0,18.70361111111111,straight_01,204.54881392598077,264.54881392598077,HARD,39.0,2.0,0.7052478289444069,14845.503236981749,69761.40828214922,400.0,False,1,False,LAPPED_UNLAPPED,,,False,0.0,269.037662037037,-28.037662037037023,0.153974,True,0.153974,-46.40614685503098,13,True,3.0,straight,0.005367288990963539,3484.7408333333333,19,431.47976220214423,0,monaco_2026_R|HUL|RUS,monaco_2026_R|L51|monaco_2026_R|HUL|RUS,,False,v4_t0_anchored_30s_horizon
monaco_2026_R_00728,monaco_2026_R,2026,Monaco Grand Prix,OCO,ANT,12,2026-06-07 14:10:10.695,2026-06-07 14:10:30.375,19.68,19.68,2026-06-07 14:10:40.695,30.0,51,71,10.45305555555555,0.1594533898305084,10.085555555555516,236.0,273.0,-37.0,-37.69230769230768,0.52,True,13.0,1.0,52.76805555555555,straight_01,170.48436948153633,230.48436948153633,HARD,42.0,2.0,0.9307623324631803,15489.551914525684,61243.41935376181,400.0,False,1,False,LAPPED_UNLAPPED,,,False,0.0,273.0,-37.0,0.137901,True,0.137901,-48.36718350710573,13,True,3.0,straight,0.015142605455993179,3484.7408333333333,19,431.47976220214423,0,monaco_2026_R|ANT|OCO,monaco_2026_R|L51|monaco_2026_R|ANT|OCO,,False,v4_t0_anchored_30s_horizon
monaco_2026_R_00729,monaco_2026_R,2026,Monaco Grand Prix,HUL,ALB,23,2026-06-07 14:10:27.736,2026-06-07 14:17:40.697,432.961,432.961,2026-06-07 14:10:57.736,30.0,51,1297,51.32777777777744,1.2485135135135055,10.039722222222053,148.0,145.0,3.0,,,False,12.0,11.0,943.0130555555558,corner_T4,201.24738823169594,32.08465279795439,HARD,39.0,2.0,0.7610322601629245,4192.478247322567,46038.8383075487,399.9999999999999,False,1,False,CLOSE_INTERACTION_NO_PASS,0.0,,False,0.0,140.4429577464789,7.557042253521104,1.306845,True,1.306845,-9.744668415532743,12,True,3.0,corner,0.2706121059377364,3484.7408333333333,19,431.47976220214423,0,monaco_2026_R|ALB|HUL,monaco_2026_R|L51|monaco_2026_R|ALB|HUL,,False,v4_t0_anchored_30s_horizon
monaco_2026_R_00730,monaco_2026_R,2026,Monaco Grand Prix,BOR,GAS,10,2026-06-07 14:10:29.935,2026-06-07 14:10:35.415,5.48,5.48,2026-06-07 14:10:59.935,30.0,50,21,97.25305555555815,3.0711491228070997,76.7205555555579,114.0,59.0,55.0,33.4982133741714,1.959,True,18.0,7.0,2770.562499999997,corner_T16,19.025793204666115,282.69857113119224,MEDIUM,7.0,3.0,0.11653641841225054,11688.733070416536,28990.910757267742,400.0,False,1,False,LAPPED_UNLAPPED,,,False,0.0,182.0019607843121,-68.0019607843121,3.228941,True,3.228941,8.714577934705998,13,True,3.0,corner,0.7950555385634839,3484.7408333333333,19,431.47976220214423,0,monaco_2026_R|BOR|GAS,monaco_2026_R|L50|monaco_2026_R|BOR|GAS,,True,v4_t0_anchored_30s_horizon
monaco_2026_R_00731,monaco_2026_R,2026,Monaco Grand Prix,OCO,HUL,27,2026-06-07 14:10:30.775,2026-06-07 14:14:52.296,261.521,261.521,2026-06-07 14:11:00.775,30.0,51,938,56.27388888888936,1.0442577319587716,10.49194444444447,194.0,105.0,89.0,,,False,13.0,12.0,1004.8024999999998,straight_03,139.4579437872519,485.85591942980295,HARD,42.0,2.0,0.9634745529473908,2296.511835102457,45018.79177559457,400.0,False,1,False,CLOSE_INTERACTION_NO_PASS,0.0,,False,0.0,156.8100328947371,37.189967105262895,1.633921,True,1.633921,9.202427228234237,11,True,3.0,straight,0.28834353774276367,3484.7408333333333,19,431.47976220214423,0,monaco_2026_R|HUL|OCO,monaco_2026_R|L51|monaco_2026_R|HUL|OCO,,False,v4_t0_anchored_30s_horizon
monaco_2026_R_00732,monaco_2026_R,2026,Monaco Grand Prix,ALB,LIN,41,2026-06-07 14:10:32.416,2026-06-07 14:10:37.856,5.44,5.44,2026-06-07 14:11:02.416,30.0,51,22,99.08555555555517,4.886410958904091,72.57444444444377,73.0,49.0,24.0,15.8263254113345,1.641,True,11.0,10.0,1121.4294444444447,brake_T5,22.83099934280699,369.22897498535804,SOFT,8.0,2.0,0.4450663832687488,6117.668616712765,21059.71385175731,400.0,False,1,False,CLOSE_INTERACTION_NO_PASS,0.0,,False,0.0,85.52511627907018,-12.525116279070176,4.263744,True,4.263744,9.201220758102481,11,True,3.0,brake,0.32181143392857137,3484.7408333333333,19,431.47976220214423,0,monaco_2026_R|ALB|LIN,monaco_2026_R|L51|monaco_2026_R|ALB|LIN,,False,v4_t0_anchored_30s_horizon
monaco_2026_R_00733,monaco_2026_R,2026,Monaco Grand Prix,ALO,COL,43,2026-06-07 14:10:35.615,2026-06-07 14:10:49.375,13.76,13.76,2026-06-07 14:11:05.615,30.0,51,51,98.31111111111125,3.2770370370370414,58.574166666666315,108.0,74.0,34.0,45.101250744491395,1.679,True,15.0,14.0,1008.452222222222,straight_03,135.80822156502973,482.2061972075808,SOFT,48.0,2.0,0.36598060387146736,2253.395689005662,44468.096898713935,400.0,False,1,False,CLOSE_INTERACTION_NO_PASS,0.0,,False,0.0,187.29110962566858,-79.29110962566858,3.5261649999999998,True,3.5261649999999998,48.51621149883358,12,True,3.0,straight,0.28939088169078725,3484.7408333333333,19,431.47976220214423,0,monaco_2026_R|ALO|COL,monaco_2026_R|L51|monaco_2026_R|ALO|COL,,False,v4_t0_anchored_30s_horizon
monaco_2026_R_00734,monaco_2026_R,2026,Monaco Grand Prix,STR,ALO,14,2026-06-07 14:10:46.696,2026-06-07 14:10:49.975,3.279,3.279,2026-06-07 14:11:16.696,30.0,51,14,99.40638888888861,3.2831467889908166,86.2063888888888,109.0,73.0,36.0,30.880000000000837,2.0,True,16.0,15.0,1151.4847222222224,corner_T5,110.84242721890155,339.1736972075803,SOFT,47.0,2.0,0.10194236970848228,7834.221971735675,14853.44403134195,400.0,False,1,False,CLOSE_INTERACTION_NO_PASS,0.0,,False,0.0,123.47500000000032,-14.475000000000321,5.381,True,5.381,29.22915697658196,12,True,3.0,corner,0.3304362583316614,3484.7408333333333,19,431.47976220214423,0,monaco_2026_R|ALO|STR,monaco_2026_R|L51|monaco_2026_R|ALO|STR,,False,v4_t0_anchored_30s_horizon
monaco_2026_R_00735,monaco_2026_R,2026,Monaco Grand Prix,GAS,LEC,16,2026-06-07 14:11:00.096,2026-06-07 14:11:14.176,14.08,14.08,2026-06-07 14:11:30.096,30.0,52,55,99.27138888888953,1.734839805825254,45.442500000001246,206.0,75.0,131.0,99.04166666666663,1.92,True,7.0,3.0,1003.9369444444442,straight_03,140.3234993428075,486.72147498535855,HARD,7.0,2.0,0.6007533873626472,2306.7371118539318,45149.39267645158,400.0,False,1,False,LAPPED_UNLAPPED,,,False,0.0,205.72512254901966,0.2748774509803411,3.208014,True,3.208014,72.13263861708289,8,True,3.0,straight,0.28809515325824875,3484.7408333333333,19,431.47976220214423,0,monaco_2026_R|GAS|LEC,monaco_2026_R|L52|monaco_2026_R|GAS|LEC,,False,v4_t0_anchored_30s_horizon
monaco_2026_R_00736,monaco_2026_R,2026,Monaco Grand Prix,LEC,HAM,44,2026-06-07 14:11:01.416,2026-06-07 14:11:05.616,4.2,4.2,2026-06-07 14:11:31.416,30.0,53,20,97.28916666666578,3.2429722222221926,75.95361111110992,108.0,50.0,58.0,38.61224489795943,1.96,True,3.0,2.0,1137.3147222222226,brake_T5,6.945721565029089,353.34369720758014,HARD,18.0,2.0,0.07247296912130674,7037.1947678120105,17622.832986470683,400.0,False,1,False,CLOSE_INTERACTION_NO_PASS,0.0,,False,0.0,100.67289644013002,7.3271035598699825,4.640786,True,4.640786,31.449382129255454,9,True,3.0,brake,0.32636995880532177,3484.7408333333333,19,431.47976220214423,0,monaco_2026_R|HAM|LEC,monaco_2026_R|L53|monaco_2026_R|HAM|LEC,,False,v4_t0_anchored_30s_horizon
monaco_2026_R_00737,monaco_2026_R,2026,Monaco Grand Prix,ALO,COL,43,2026-06-07 14:11:22.216,2026-06-07 14:11:27.136,4.92,4.92,2026-06-07 14:11:52.216,30.0,51,20,86.60611111111211,1.7417988826815844,71.89916666666795,179.0,68.0,111.0,94.91489361702116,1.88,True,15.0,14.0,2776.382222222223,brake_T17,13.206070982439996,276.8788489089661,SOFT,48.0,2.0,0.3512718065792498,11901.788621095382,28617.57220406356,400.0,False,1,False,CLOSE_INTERACTION_NO_PASS,0.0,,False,0.0,159.29607843137362,19.703921568626384,3.847895,True,3.847895,77.77632201304475,10,True,3.0,brake,0.7967255974001576,3484.7408333333333,19,431.47976220214423,0,monaco_2026_R|ALO|COL,monaco_2026_R|L51|monaco_2026_R|ALO|COL,,True,v4_t0_anchored_30s_horizon
monaco_2026_R_00738,monaco_2026_R,2026,Monaco Grand Prix,COL,OCO,31,2026-06-07 14:11:32.136,2026-06-07 14:12:12.136,40.0,40.0,2026-06-07 14:12:02.136,30.0,52,142,67.39388888888888,0.9225019011406843,10.349999999999454,263.0,201.0,62.0,71.03806818181266,1.76,True,14.0,13.0,42.42722222222222,straight_01,180.82520281486967,240.82520281486967,HARD,17.0,2.0,0.878869351748813,15294.040138489023,63829.19773001823,400.0,False,1,False,CLOSE_INTERACTION_NO_PASS,0.0,,False,0.0,267.29309881847473,-4.293098818474732,1.072413,True,1.072413,-22.243147543053773,12,True,3.0,straight,0.01217514422202767,3484.7408333333333,19,431.47976220214423,0,monaco_2026_R|COL|OCO,monaco_2026_R|L52|monaco_2026_R|COL|OCO,,False,v4_t0_anchored_30s_horizon
monaco_2026_R_00739,monaco_2026_R,2026,Monaco Grand Prix,ALO,HAD,6,2026-06-07 14:11:36.695,2026-06-07 14:11:39.976,3.281,3.281,2026-06-07 14:12:06.695,30.0,52,11,99.32111111111112,1.375215384615385,71.6922222222222,260.0,117.0,143.0,131.04545454545445,0.88,True,15.0,5.0,81.33472222222221,straight_01,141.91770281486967,201.91770281486967,SOFT,49.0,2.0,0.29183327166851847,16029.655362227908,54100.17793720365,400.0,False,1,False,LAPPED_UNLAPPED,,,False,0.0,252.0,8.0,2.057202,True,2.057202,69.0658986858365,13,True,3.0,straight,0.023340249996273432,3484.7408333333333,19,431.47976220214423,0,monaco_2026_R|ALO|HAD,monaco_2026_R|L52|monaco_2026_R|ALO|HAD,,False,v4_t0_anchored_30s_horizon
monaco_2026_R_00740,monaco_2026_R,2026,Monaco Grand Prix,LEC,HAM,44,2026-06-07 14:11:40.856,2026-06-07 14:11:44.096,3.24,3.24,2026-06-07 14:12:10.856,30.0,53,14,99.31111111110886,1.881684210526273,88.08888888888623,190.0,84.0,106.0,100.9318181818191,1.76,True,3.0,2.0,2789.385000000001,brake_T17,0.20329320466180434,263.8760711311879,HARD,18.0,2.0,0.0620477599926764,12633.092366872672,25518.859706588937,400.0,False,1,False,CLOSE_INTERACTION_NO_PASS,0.0,,False,0.0,165.75391304347548,24.246086956524522,4.228913,True,4.228913,81.33959811597501,11,True,3.0,brake,0.8004569445503961,3484.7408333333333,19,431.47976220214423,0,monaco_2026_R|HAM|LEC,monaco_2026_R|L53|monaco_2026_R|HAM|LEC,,True,v4_t0_anchored_30s_horizon
monaco_2026_R_00741,monaco_2026_R,2026,Monaco Grand Prix,BOR,PER,11,2026-06-07 14:11:44.696,2026-06-07 14:11:57.816,13.12,13.12,2026-06-07 14:12:14.696,30.0,51,46,95.13250000000107,1.535771300448448,30.373611111114315,223.0,,,112.24645088018336,1.7610000000000001,True,18.0,,2574.2105555555554,corner_T13,7.090788675389376,479.05051557563365,MEDIUM,8.0,3.0,0.0540548168872876,4181.389821034389,67925.52891221581,400.0,False,1,False,INVALID,,,False,0.0,,,,False,,,0,False,3.0,corner,0.7387093269410199,3484.7408333333333,19,431.47976220214423,0,monaco_2026_R|BOR|PER,monaco_2026_R|L51|monaco_2026_R|BOR|PER,,True,v4_t0_anchored_30s_horizon
monaco_2026_R_00742,monaco_2026_R,2026,Monaco Grand Prix,ALB,ANT,12,2026-06-07 14:11:49.775,2026-06-07 14:12:02.656,12.881,12.881,2026-06-07 14:12:19.775,30.0,52,49,94.24972222222277,1.906174157303382,53.13388888888903,178.0,79.0,99.0,112.83268482490247,1.799,True,11.0,1.0,1024.333333333333,brake_T5,119.92711045391866,466.3250860964697,SOFT,9.0,2.0,0.4176294786790864,2067.581609333614,42067.074946717315,400.0,False,1,False,LAPPED_UNLAPPED,,,False,0.0,182.5386666666671,-4.538666666667098,3.548866,True,3.548866,93.55159240916814,11,True,3.0,brake,0.29394821087842726,3484.7408333333333,19,431.47976220214423,0,monaco_2026_R|ALB|ANT,monaco_2026_R|L52|monaco_2026_R|ALB|ANT,,False,v4_t0_anchored_30s_horizon
monaco_2026_R_00743,monaco_2026_R,2026,Monaco Grand Prix,STR,ALO,14,2026-06-07 14:12:06.296,2026-06-07 14:12:09.575,3.279,3.279,2026-06-07 14:12:36.296,30.0,52,13,96.61416666666605,3.2204722222222015,84.62527777777723,108.0,69.0,39.0,32.50000000000071,1.92,True,16.0,15.0,1152.7563888888885,corner_T5,109.57076055223547,337.9020305409142,SOFT,48.0,2.0,0.10152978726441451,7903.747476429979,14630.481801603006,400.0,False,1,False,CLOSE_INTERACTION_NO_PASS,0.0,,False,0.0,123.49418339416076,-15.494183394160757,5.168124,True,5.168124,29.755866425991304,12,True,3.0,corner,0.33080118264812763,3484.7408333333333,19,431.47976220214423,0,monaco_2026_R|ALO|STR,monaco_2026_R|L52|monaco_2026_R|ALO|STR,,False,v4_t0_anchored_30s_horizon
monaco_2026_R_00744,monaco_2026_R,2026,Monaco Grand Prix,BOR,PER,11,2026-06-07 14:12:14.936,2026-06-07 14:16:30.377,255.441,249.081,2026-06-07 14:12:44.936,30.0,52,698,97.3747222222222,1.6229120370370367,10.000000000000455,216.0,143.0,73.0,90.75510204081641,1.96,True,18.0,17.0,651.8016666666667,corner_T2,136.48859136481747,323.2960416868434,MEDIUM,9.0,3.0,0.05167302354826583,5929.973867261112,59352.44244941513,400.0,False,1,False,CLOSE_INTERACTION_NO_PASS,0.0,,False,0.0,197.79263959390858,18.207360406091425,2.191705,True,2.191705,84.30153917139681,11,True,3.0,corner,0.1870445171795416,3484.7408333333333,19,431.47976220214423,0,monaco_2026_R|BOR|PER,monaco_2026_R|L52|monaco_2026_R|BOR|PER,,False,v4_t0_anchored_30s_horizon
monaco_2026_R_00745,monaco_2026_R,2026,Monaco Grand Prix,LEC,HAM,44,2026-06-07 14:12:17.176,2026-06-07 14:12:24.696,7.52,7.52,2026-06-07 14:12:47.176,30.0,54,28,97.63666666666563,3.7392765957446414,62.403333333332284,94.0,49.0,45.0,19.397826086956826,1.8399999999999999,True,3.0,2.0,1128.287222222223,brake_T5,15.97322156502878,362.3711972075798,HARD,19.0,2.0,0.05857946203658013,6514.634039244799,19575.990019379307,400.0,False,1,False,CLOSE_INTERACTION_NO_PASS,0.0,,False,0.0,86.86553030303119,7.134469696968807,3.88084,True,3.88084,0.4707998731062014,11,True,3.0,brake,0.3237793787789258,3484.7408333333333,19,431.47976220214423,0,monaco_2026_R|HAM|LEC,monaco_2026_R|L54|monaco_2026_R|HAM|LEC,,False,v4_t0_anchored_30s_horizon
monaco_2026_R_00746,monaco_2026_R,2026,Monaco Grand Prix,COL,OCO,31,2026-06-07 14:12:18.616,2026-06-07 14:12:24.056,5.44,5.44,2026-06-07 14:12:48.616,30.0,52,21,97.41361111111087,1.419793522267203,46.55805555555503,247.0,102.0,145.0,111.72340425531914,1.88,True,14.0,13.0,1932.560833333333,straight_05,165.98631357213844,274.88405346370155,HARD,17.0,2.0,0.8871714020276594,9383.805430488577,71429.43182520808,400.0,False,1,False,CLOSE_INTERACTION_NO_PASS,0.0,,False,0.0,245.0504869876212,1.9495130123787874,2.224154,True,2.224154,75.50572505512072,12,True,3.0,straight,0.5545780664224431,3484.7408333333333,19,431.47976220214423,0,monaco_2026_R|COL|OCO,monaco_2026_R|L52|monaco_2026_R|COL|OCO,,False,v4_t0_anchored_30s_horizon
monaco_2026_R_00747,monaco_2026_R,2026,Monaco Grand Prix,ALO,COL,43,2026-06-07 14:12:21.736,2026-06-07 14:12:26.616,4.88,4.88,2026-06-07 14:12:51.736,30.0,52,19,92.11583333333397,1.265713740458024,49.71583333333456,262.0,76.0,186.0,169.43478260869415,1.8399999999999999,True,15.0,14.0,1954.7247222222213,straight_05,143.82242468325012,252.72016457481323,SOFT,49.0,2.0,0.2608671912237744,8789.621123719457,69093.23903840988,400.0,False,1,False,CLOSE_INTERACTION_NO_PASS,0.0,,False,0.0,205.7079166666676,56.292083333332414,2.73785,True,2.73785,144.03136987916844,12,True,3.0,straight,0.5609383353632146,3484.7408333333333,19,431.47976220214423,0,monaco_2026_R|ALO|COL,monaco_2026_R|L52|monaco_2026_R|ALO|COL,,False,v4_t0_anchored_30s_horizon
monaco_2026_R_00748,monaco_2026_R,2026,Monaco Grand Prix,GAS,LEC,16,2026-06-07 14:12:22.416,2026-06-07 14:12:25.896,3.48,3.48,2026-06-07 14:12:52.416,30.0,53,14,99.4397222222226,3.544386138613875,82.67305555555618,101.0,57.0,44.0,31.6200000000003,2.0,True,7.0,3.0,1143.088611111111,brake_T5,1.1718326761406388,347.5698083186917,HARD,8.0,2.0,0.6579638512006627,7371.4188148287685,16373.615407897896,400.0,False,1,False,LAPPED_UNLAPPED,,,False,0.0,113.0014245014237,-12.001424501423699,4.759957,True,4.759957,28.053502920538012,11,True,3.0,brake,0.32802686506178086,3484.7408333333333,19,431.47976220214423,0,monaco_2026_R|GAS|LEC,monaco_2026_R|L53|monaco_2026_R|GAS|LEC,,False,v4_t0_anchored_30s_horizon
monaco_2026_R_00749,monaco_2026_R,2026,Monaco Grand Prix,PER,GAS,10,2026-06-07 14:12:25.696,2026-06-07 14:12:31.696,6.0,6.0,2026-06-07 14:12:55.696,30.0,52,23,98.3166666666666,4.424249999999997,63.53888888888878,80.0,49.0,31.0,8.46808510638297,1.88,True,17.0,7.0,1126.147777777778,brake_T5,18.11266600947374,364.5106416520248,MEDIUM,48.0,3.0,0.9986112806956026,6390.791375426657,20038.87243014476,400.0,False,1,False,LAPPED_UNLAPPED,,,False,0.0,81.08419540229902,-1.0841954022990166,3.916632,True,3.916632,-4.440170508137628,11,True,3.0,brake,0.32316543227708555,3484.7408333333333,19,431.47976220214423,0,monaco_2026_R|GAS|PER,monaco_2026_R|L52|monaco_2026_R|GAS|PER,,False,v4_t0_anchored_30s_horizon
monaco_2026_R_00750,monaco_2026_R,2026,Monaco Grand Prix,ALB,LIN,41,2026-06-07 14:12:35.616,2026-06-07 14:12:38.976,3.36,3.36,2026-06-07 14:13:05.616,30.0,52,13,94.05333333333328,2.22757894736842,88.78222222222166,152.0,82.0,70.0,101.00000000000071,1.6800000000000002,True,11.0,9.0,2800.6350000000007,corner_T17,106.42997386404886,252.62607113118838,SOFT,9.0,2.0,0.4522331495249802,13355.012193497652,21472.70612800233,400.0,False,1,False,CLOSE_INTERACTION_NO_PASS,0.0,,False,0.0,160.2237136465324,-8.223713646532389,4.402026,True,4.402026,95.3670640031733,10,True,3.0,corner,0.803685305148231,3484.7408333333333,19,431.47976220214423,0,monaco_2026_R|ALB|LIN,monaco_2026_R|L52|monaco_2026_R|ALB|LIN,,True,v4_t0_anchored_30s_horizon
monaco_2026_R_00751,monaco_2026_R,2026,Monaco Grand Prix,ALB,SAI,55,2026-06-07 14:12:46.656,2026-06-07 14:13:43.017,56.361,56.361,2026-06-07 14:13:16.656,30.0,52,203,95.82138888888949,1.5399866071428667,10.076944444444962,224.0,59.0,165.0,147.44444444444343,1.8,True,11.0,10.0,3142.870000000001,straight_07,,,SOFT,9.0,2.0,0.4364233909641638,22114.99324806112,136.14580580865052,341.8708333333325,True,1,False,PIT_RELATED,,,False,0.0,59.29463276836164,164.70536723163838,5.830711,True,5.830711,125.3780541320281,11,True,3.0,straight,0.9018949041882361,3484.7408333333333,19,431.47976220214423,0,monaco_2026_R|ALB|SAI,monaco_2026_R|L52|monaco_2026_R|ALB|SAI,,True,v4_t0_anchored_30s_horizon
monaco_2026_R_00752,monaco_2026_R,2026,Monaco Grand Prix,STR,ALO,14,2026-06-07 14:12:47.056,2026-06-07 14:12:50.376,3.32,3.32,2026-06-07 14:13:17.056,30.0,52,12,99.88749999999936,1.8535824742267923,75.55416666666633,194.0,102.0,92.0,80.48000000000103,2.0,True,16.0,15.0,2811.661944444443,corner_T17,95.40302941960636,241.59912668674588,SOFT,48.0,2.0,0.0365278881548577,14064.227333534775,17482.15149565437,400.0,False,1,False,CLOSE_INTERACTION_NO_PASS,0.0,,False,0.0,135.1377952755908,58.862204724409196,4.590236,True,4.590236,71.3228076219654,11,True,3.0,corner,0.8068496565223602,3484.7408333333333,19,431.47976220214423,0,monaco_2026_R|ALO|STR,monaco_2026_R|L52|monaco_2026_R|ALO|STR,,True,v4_t0_anchored_30s_horizon
monaco_2026_R_00753,monaco_2026_R,2026,Monaco Grand Prix,COL,HAD,6,2026-06-07 14:12:53.016,2026-06-07 14:13:10.097,17.081,17.081,2026-06-07 14:13:23.016,30.0,53,58,94.6975,1.3011870229007636,46.119722222222265,262.0,214.0,48.0,,,False,14.0,5.0,31.39388888888888,straight_01,191.858536148203,251.858536148203,HARD,18.0,2.0,0.9089805857587525,15085.4354229821,66588.13928063755,400.0,False,1,False,LAPPED_UNLAPPED,,,False,0.0,260.8717816091954,1.1282183908045909,1.377095,True,1.377095,-6.753355996914725,11,True,3.0,straight,0.00900895945792876,3484.7408333333333,19,431.47976220214423,0,monaco_2026_R|COL|HAD,monaco_2026_R|L53|monaco_2026_R|COL|HAD,,False,v4_t0_anchored_30s_horizon
monaco_2026_R_00754,monaco_2026_R,2026,Monaco Grand Prix,LEC,HAM,44,2026-06-07 14:12:56.856,2026-06-07 14:13:01.096,4.24,4.24,2026-06-07 14:13:26.856,30.0,54,17,99.21111111111304,1.879789473684247,80.22222222222399,190.0,63.0,127.0,98.25677083333206,1.92,True,3.0,2.0,2779.7127777777782,brake_T17,9.875515426884704,273.5482933534108,HARD,19.0,2.0,0.047385205757142446,12089.10611547412,27823.862252243078,400.0,False,1,False,CLOSE_INTERACTION_NO_PASS,0.0,,False,0.0,185.5342229729732,4.465777027026803,3.765475,True,3.765475,73.32921646941352,13,True,3.0,brake,0.7976813515623313,3484.7408333333333,19,431.47976220214423,0,monaco_2026_R|HAM|LEC,monaco_2026_R|L54|monaco_2026_R|HAM|LEC,,True,v4_t0_anchored_30s_horizon
monaco_2026_R_00755,monaco_2026_R,2026,Monaco Grand Prix,LIN,ANT,12,2026-06-07 14:13:04.776,2026-06-07 14:13:17.816,13.04,13.04,2026-06-07 14:13:34.776,30.0,53,45,98.50555555555616,1.6886666666666772,57.711944444444725,210.0,75.0,135.0,89.44822411205557,1.999,True,9.0,1.0,1008.4458333333332,straight_03,135.81461045391848,482.2125860964695,MEDIUM,53.0,1.0,0.8059743187120589,2253.471164411721,44469.0608976612,400.0,False,1,False,LAPPED_UNLAPPED,,,False,0.0,208.83765297202802,1.1623470279719754,3.122855,True,3.122855,54.819902634582355,12,True,3.0,straight,0.28938904830081813,3484.7408333333333,19,431.47976220214423,0,monaco_2026_R|ANT|LIN,monaco_2026_R|L53|monaco_2026_R|ANT|LIN,,False,v4_t0_anchored_30s_horizon
monaco_2026_R_00756,monaco_2026_R,2026,Monaco Grand Prix,COL,OCO,31,2026-06-07 14:13:10.376,2026-06-07 14:17:31.137,260.761,260.761,2026-06-07 14:13:40.376,30.0,53,916,58.21388888888896,1.6900806451612924,10.016388888890106,124.0,132.0,-8.0,,,False,14.0,13.0,893.6638888888889,brake_T4,21.43381946462125,81.43381946462125,HARD,18.0,2.0,0.9457007496508437,5194.103013323543,45824.20046741086,399.9999999999999,False,1,False,CLOSE_INTERACTION_NO_PASS,0.0,,False,0.0,119.70267857142854,4.297321428571465,1.61665,True,1.61665,6.323284205106581,12,True,3.0,brake,0.2564506032530556,3484.7408333333333,19,431.47976220214423,0,monaco_2026_R|COL|OCO,monaco_2026_R|L53|monaco_2026_R|COL|OCO,,False,v4_t0_anchored_30s_horizon
monaco_2026_R_00757,monaco_2026_R,2026,Monaco Grand Prix,SAI,LIN,41,2026-06-07 14:13:14.576,2026-06-07 14:13:18.256,3.68,3.68,2026-06-07 14:13:44.576,30.0,53,14,95.77250000000004,3.283628571428573,81.54527777777798,105.0,57.0,48.0,32.714285714284706,1.6800000000000002,True,10.0,9.0,1145.849722222222,corner_T5,116.477427218902,344.80869720758074,SOFT,1.0,2.0,0.430462505094063,7526.141065613041,15841.432627341666,400.0,False,1,True,PIT_RELATED,,,False,0.0,112.11370967741867,-7.113709677418669,4.756346,True,4.756346,24.26734174472595,12,True,3.0,corner,0.32881920837887907,3484.7408333333333,19,431.47976220214423,0,monaco_2026_R|LIN|SAI,monaco_2026_R|L53|monaco_2026_R|LIN|SAI,,False,v4_t0_anchored_30s_horizon
monaco_2026_R_00758,monaco_2026_R,2026,Monaco Grand Prix,ALO,COL,43,2026-06-07 14:13:15.056,2026-06-07 14:13:32.376,17.32,17.32,2026-06-07 14:13:45.056,30.0,53,63,97.97805555555544,1.772467336683415,34.96138888888822,199.0,81.0,118.0,49.85999999999988,2.0,True,15.0,14.0,981.7283333333331,straight_03,162.53211045391856,508.9300860964696,SOFT,50.0,2.0,0.3030724432503154,2821.7839124398847,47386.83603495562,399.9999999999999,False,1,False,CLOSE_INTERACTION_NO_PASS,0.0,,False,0.0,191.98144329896905,7.0185567010309455,2.7214840000000002,True,2.7214840000000002,18.868153089871516,12,True,3.0,straight,0.2817220505876931,3484.7408333333333,19,431.47976220214423,0,monaco_2026_R|ALO|COL,monaco_2026_R|L53|monaco_2026_R|ALO|COL,,False,v4_t0_anchored_30s_horizon
monaco_2026_R_00759,monaco_2026_R,2026,Monaco Grand Prix,STR,ALO,14,2026-06-07 14:13:24.216,2026-06-07 14:13:30.137,5.921,5.921,2026-06-07 14:13:54.216,30.0,53,22,99.66000000000076,5.605875000000043,68.44888888888977,64.0,43.0,21.0,27.43433769186959,1.759,True,16.0,15.0,1118.9583333333326,brake_T5,25.302110453919113,371.70008609647016,SOFT,49.0,2.0,0.11761353406901635,5974.627284938372,21594.354454999342,400.0,False,1,False,CLOSE_INTERACTION_NO_PASS,0.0,,False,0.0,83.9758169934636,-19.975816993463596,4.55687,True,4.55687,36.25123396039254,11,True,3.0,brake,0.3211023105735503,3484.7408333333333,19,431.47976220214423,0,monaco_2026_R|ALO|STR,monaco_2026_R|L53|monaco_2026_R|ALO|STR,,False,v4_t0_anchored_30s_horizon
monaco_2026_R_00760,monaco_2026_R,2026,Monaco Grand Prix,LEC,HAM,44,2026-06-07 14:13:29.137,2026-06-07 14:13:43.417,14.28,14.28,2026-06-07 14:13:59.137,30.0,55,53,92.43500000000006,1.577090047393366,41.98138888888934,211.0,74.0,137.0,106.121599111605,1.8010000000000002,True,3.0,2.0,1014.051111111111,straight_03,130.20933267614066,476.6073083186917,HARD,20.0,2.0,0.025933852365408405,2187.252980981683,43623.29851691879,399.9999999999999,False,1,False,CLOSE_INTERACTION_NO_PASS,0.0,,False,0.0,196.88518518518538,14.114814814814622,3.136174,True,3.136174,86.93596659044708,11,True,3.0,straight,0.2909975690046135,3484.7408333333333,19,431.47976220214423,0,monaco_2026_R|HAM|LEC,monaco_2026_R|L55|monaco_2026_R|HAM|LEC,,False,v4_t0_anchored_30s_horizon
monaco_2026_R_00761,monaco_2026_R,2026,Monaco Grand Prix,LIN,RUS,63,2026-06-07 14:13:30.576,2026-06-07 14:13:34.776,4.2,4.2,2026-06-07 14:14:00.576,30.0,53,18,93.31527777777819,1.5132207207207276,52.21527777777874,222.0,66.0,156.0,174.76598110061238,1.799,True,9.0,4.0,1959.4444444444448,straight_05,139.10270246102664,248.00044235258974,MEDIUM,53.0,1.0,0.7471109638445972,8663.09166443487,68595.7549972957,400.0,False,1,False,LAPPED_UNLAPPED,,,False,0.0,213.55122422680515,8.448775773194853,3.013788,True,3.013788,161.8259092500594,11,True,3.0,straight,0.562292732274766,3484.7408333333333,19,431.47976220214423,0,monaco_2026_R|LIN|RUS,monaco_2026_R|L53|monaco_2026_R|LIN|RUS,,True,v4_t0_anchored_30s_horizon
monaco_2026_R_00762,monaco_2026_R,2026,Monaco Grand Prix,SAI,LIN,41,2026-06-07 14:13:55.497,2026-06-07 14:13:58.616,3.119,3.119,2026-06-07 14:14:25.497,30.0,53,12,97.0144444444436,2.169267080745323,89.39222222222224,161.0,102.0,59.0,91.13798977853826,1.7610000000000001,True,10.0,9.0,2808.1397222222217,corner_T17,98.9252516418278,245.12134890896732,SOFT,1.0,2.0,0.430462505094063,13837.690114710422,18756.812874049963,400.0,False,1,True,PIT_RELATED,,,False,0.0,149.31744402985362,11.682555970146382,4.545164,True,4.545164,87.15929662559394,12,True,3.0,corner,0.8058389006611123,3484.7408333333333,19,431.47976220214423,0,monaco_2026_R|LIN|SAI,monaco_2026_R|L53|monaco_2026_R|LIN|SAI,,True,v4_t0_anchored_30s_horizon
monaco_2026_R_00763,monaco_2026_R,2026,Monaco Grand Prix,ALO,COL,43,2026-06-07 14:13:56.297,2026-06-07 14:14:09.817,13.52,13.52,2026-06-07 14:14:26.297,30.0,53,48,95.21999999999662,1.6018317757008778,47.245277777774845,214.0,112.0,102.0,90.68821292775714,1.841,True,15.0,14.0,2551.798333333334,corner_T13,29.503010897610693,501.46273779785497,SOFT,50.0,2.0,0.22467442711162938,4595.76514283518,71730.72284641722,400.0,False,1,False,CLOSE_INTERACTION_NO_PASS,0.0,,False,0.0,211.0543478260841,2.945652173915903,2.4420859999999998,True,2.4420859999999998,63.70596484217078,12,True,3.0,corner,0.732277794929274,3484.7408333333333,19,431.47976220214423,0,monaco_2026_R|ALO|COL,monaco_2026_R|L53|monaco_2026_R|ALO|COL,,True,v4_t0_anchored_30s_horizon
monaco_2026_R_00764,monaco_2026_R,2026,Monaco Grand Prix,ALB,SAI,55,2026-06-07 14:13:58.136,2026-06-07 14:14:03.377,5.241,5.241,2026-06-07 14:14:28.136,30.0,53,14,96.96611111110951,2.053399999999966,78.9105555555534,170.0,62.0,108.0,90.7090810222951,1.839,True,11.0,10.0,2775.6011111111115,brake_T17,13.987182093551382,277.6599600200775,SOFT,10.0,2.0,0.4734612304120702,11857.857278794028,28803.720025958486,400.0,False,1,False,PIT_RELATED,,,False,0.0,183.0,-13.0,3.323699,True,3.323699,55.07810873653086,12,True,3.0,brake,0.7965014455482782,3484.7408333333333,19,431.47976220214423,0,monaco_2026_R|ALB|SAI,monaco_2026_R|L53|monaco_2026_R|ALB|SAI,,True,v4_t0_anchored_30s_horizon
monaco_2026_R_00765,monaco_2026_R,2026,Monaco Grand Prix,ALB,HAD,6,2026-06-07 14:14:11.496,2026-06-07 14:14:48.657,37.161,37.161,2026-06-07 14:14:41.496,30.0,54,142,87.78805555555556,1.2155269230769232,33.07277777777722,260.0,250.0,10.0,,,False,11.0,5.0,19.243055555555557,straight_01,204.00936948153634,264.00936948153634,SOFT,11.0,2.0,0.42630042928654943,14855.70238999067,69626.5174339291,400.0,False,1,False,LAPPED_UNLAPPED,,,False,0.0,258.09475546975546,1.9052445302445449,1.227629,True,1.227629,-19.028680029416474,11,True,3.0,straight,0.005522090874444912,3484.7408333333333,19,431.47976220214423,0,monaco_2026_R|ALB|HAD,monaco_2026_R|L54|monaco_2026_R|ALB|HAD,,False,v4_t0_anchored_30s_horizon
monaco_2026_R_00766,monaco_2026_R,2026,Monaco Grand Prix,LEC,HAM,44,2026-06-07 14:14:12.696,2026-06-07 14:14:19.136,6.44,6.44,2026-06-07 14:14:42.696,30.0,55,26,94.69472222222612,1.823000000000075,59.705833333336614,187.0,63.0,124.0,77.49999999999862,1.8399999999999999,True,3.0,2.0,2772.3347222222196,corner_T16,17.253570982443307,280.92634890896943,HARD,20.0,2.0,0.04980943253833523,11747.367921940695,28932.618905256168,400.0,False,1,False,CLOSE_INTERACTION_NO_PASS,0.0,,False,0.0,178.16816666666617,8.831833333333833,3.123244,True,3.123244,41.30408743281445,12,True,3.0,corner,0.7955641049984022,3484.7408333333333,19,431.47976220214423,0,monaco_2026_R|HAM|LEC,monaco_2026_R|L55|monaco_2026_R|HAM|LEC,,True,v4_t0_anchored_30s_horizon
monaco_2026_R_00767,monaco_2026_R,2026,Monaco Grand Prix,RUS,ANT,12,2026-06-07 14:14:19.776,2026-06-07 14:14:34.737,14.961,14.961,2026-06-07 14:14:49.776,30.0,55,60,92.00944444444428,1.5478224299065395,39.24388888888825,214.0,77.0,137.0,93.53061224489795,1.96,True,4.0,1.0,1008.0166666666667,straight_03,136.24377712058504,482.6417527631361,HARD,24.0,2.0,0.8625703373197374,2258.541142775335,44533.81647911947,400.0,False,1,False,LAPPED_UNLAPPED,,,False,0.0,204.10011049723732,9.899889502762676,2.9277509999999998,True,2.9277509999999998,66.33790475196597,12,True,3.0,straight,0.2892658923224563,3484.7408333333333,19,431.47976220214423,0,monaco_2026_R|ANT|RUS,monaco_2026_R|L55|monaco_2026_R|ANT|RUS,,False,v4_t0_anchored_30s_horizon
monaco_2026_R_00768,monaco_2026_R,2026,Monaco Grand Prix,STR,PIA,81,2026-06-07 14:14:22.697,2026-06-07 14:14:27.456,4.759,4.759,2026-06-07 14:14:52.697,30.0,54,19,91.38999999999999,1.2557404580152671,50.64361111111111,262.0,146.0,116.0,104.8000000000001,0.6,True,16.0,6.0,58.97555555555556,straight_01,164.27686948153632,224.27686948153632,SOFT,50.0,2.0,0.0349138996563655,15606.91570046308,59691.20216263165,400.0,False,1,False,LAPPED_UNLAPPED,,,False,0.0,267.61833688699363,-5.618336886993632,1.627865,True,1.627865,3.2637697049590604,14,True,3.0,straight,0.01692394309253191,3484.7408333333333,19,431.47976220214423,0,monaco_2026_R|PIA|STR,monaco_2026_R|L54|monaco_2026_R|PIA|STR,,False,v4_t0_anchored_30s_horizon
monaco_2026_R_00769,monaco_2026_R,2026,Monaco Grand Prix,ALO,COL,43,2026-06-07 14:14:26.536,2026-06-07 14:14:54.817,28.281,28.281,2026-06-07 14:14:56.536,30.0,54,103,96.07472222222248,1.4844163090128797,24.960555555555857,233.0,157.0,76.0,61.539999999999864,2.0,True,15.0,14.0,623.8880555555555,brake_T2,0.7125055025090887,351.2096527979546,SOFT,51.0,2.0,0.21818351247049433,5865.69361318751,73695.26373213295,400.0,False,1,False,CLOSE_INTERACTION_NO_PASS,0.0,,False,0.0,237.31838739862778,-4.318387398627777,1.857008,True,1.857008,39.26886195586568,13,True,3.0,brake,0.17903427697915045,3484.7408333333333,19,431.47976220214423,0,monaco_2026_R|ALO|COL,monaco_2026_R|L54|monaco_2026_R|ALO|COL,,False,v4_t0_anchored_30s_horizon
monaco_2026_R_00770,monaco_2026_R,2026,Monaco Grand Prix,LIN,RUS,63,2026-06-07 14:14:26.896,2026-06-07 14:14:36.257,9.361,9.361,2026-06-07 14:14:56.896,30.0,54,37,99.75083333333328,4.788039999999998,58.18555555555554,75.0,59.0,16.0,2.441860465115962,1.72,True,9.0,4.0,1109.0488888888888,brake_T5,35.21155489836292,381.60953054091397,MEDIUM,54.0,1.0,0.8212925544899361,5401.014822065479,23738.3257769471,400.0,False,1,False,LAPPED_UNLAPPED,,,False,0.0,72.19009009008985,2.8099099099101466,3.761891,True,3.761891,5.788164638160635,13,True,3.0,brake,0.3182586430188057,3484.7408333333333,19,431.47976220214423,0,monaco_2026_R|LIN|RUS,monaco_2026_R|L54|monaco_2026_R|LIN|RUS,,False,v4_t0_anchored_30s_horizon
monaco_2026_R_00771,monaco_2026_R,2026,Monaco Grand Prix,LEC,HAM,44,2026-06-07 14:14:45.256,2026-06-07 14:15:00.736,15.48,15.48,2026-06-07 14:15:15.256,30.0,56,56,86.56749999999977,1.49828365384615,38.119444444445435,208.0,79.0,129.0,84.31399680681285,1.879,True,3.0,2.0,1010.8969444444444,straight_03,133.36349934280724,479.7614749853583,HARD,21.0,2.0,0.02724725730796042,2224.5148607997153,44099.220605888986,400.0,False,1,False,CLOSE_INTERACTION_NO_PASS,0.0,,False,0.0,194.5365815412186,13.463418458781405,2.611682,True,2.611682,47.46415323245254,9,True,3.0,straight,0.29009243234810944,3484.7408333333333,19,431.47976220214423,0,monaco_2026_R|HAM|LEC,monaco_2026_R|L56|monaco_2026_R|HAM|LEC,,False,v4_t0_anchored_30s_horizon
monaco_2026_R_00772,monaco_2026_R,2026,Monaco Grand Prix,ALB,HAD,6,2026-06-07 14:14:56.577,2026-06-07 14:15:02.297,5.72,5.72,2026-06-07 14:15:26.577,30.0,54,21,98.6494444444429,1.3008717948717747,53.21944444444307,273.0,117.0,156.0,96.91836734693918,1.96,True,11.0,5.0,1941.244166666668,straight_05,157.30298023880346,266.20072013036656,SOFT,11.0,2.0,0.3703790239004627,9151.016842575224,70514.16191023977,400.0000000000002,False,1,False,LAPPED_UNLAPPED,,,False,0.0,268.0,5.0,2.011108,True,2.011108,66.43148689761229,12,True,3.0,straight,0.557069882528328,3484.7408333333333,19,431.47976220214423,0,monaco_2026_R|ALB|HAD,monaco_2026_R|L54|monaco_2026_R|ALB|HAD,,False,v4_t0_anchored_30s_horizon
monaco_2026_R_00773,monaco_2026_R,2026,Monaco Grand Prix,OCO,HUL,27,2026-06-07 14:14:58.056,2026-06-07 14:15:09.097,11.041,11.041,2026-06-07 14:15:28.056,30.0,54,34,98.63499999999976,1.2681642857142827,35.293611111111886,280.0,164.0,116.0,46.13027618551399,1.919,True,13.0,12.0,1899.5875000000012,straight_05,198.9596469054702,307.8573867970333,HARD,45.0,2.0,0.8764785740280264,10267.77652900619,74904.99804358248,400.0000000000002,False,1,False,CLOSE_INTERACTION_NO_PASS,0.0,,False,0.0,286.0,-6.0,1.606867,True,1.606867,20.30085249192553,12,True,3.0,straight,0.5451158610791003,3484.7408333333333,19,431.47976220214423,0,monaco_2026_R|HUL|OCO,monaco_2026_R|L54|monaco_2026_R|HUL|OCO,,False,v4_t0_anchored_30s_horizon
monaco_2026_R_00774,monaco_2026_R,2026,Monaco Grand Prix,ALO,COL,43,2026-06-07 14:15:00.456,2026-06-07 14:15:12.176,11.72,11.72,2026-06-07 14:15:30.456,30.0,54,43,99.69666666666762,1.3243837638376512,24.761666666667224,271.0,174.0,97.0,65.88888888888884,1.08,True,15.0,14.0,1883.1613888888878,straight_05,215.38575801658362,324.2834979081467,SOFT,51.0,2.0,0.180990389567058,10708.138664568174,76636.3982723648,400.0,False,1,False,CLOSE_INTERACTION_NO_PASS,0.0,,False,0.0,270.83246722846457,0.16753277153543422,1.605595,True,1.605595,14.832985954392926,10,True,3.0,straight,0.5404021357558311,3484.7408333333333,19,431.47976220214423,0,monaco_2026_R|ALO|COL,monaco_2026_R|L54|monaco_2026_R|ALO|COL,,False,v4_t0_anchored_30s_horizon
monaco_2026_R_00775,monaco_2026_R,2026,Monaco Grand Prix,RUS,ANT,12,2026-06-07 14:15:03.897,2026-06-07 14:15:07.176,3.279,3.279,2026-06-07 14:15:33.897,30.0,55,14,97.45361111110651,1.896394594594505,85.48027777777315,185.0,69.0,116.0,101.42857142857301,1.96,True,4.0,1.0,2773.237222222225,corner_T16,16.35107098243816,280.0238489089643,HARD,24.0,2.0,0.8739647643209796,11777.2275822233,28902.93391666892,400.0,False,1,False,LAPPED_UNLAPPED,,,False,0.0,190.23110795453934,-5.23110795453934,3.880681,True,3.880681,76.86344269281548,12,True,3.0,corner,0.7958230912596966,3484.7408333333333,19,431.47976220214423,0,monaco_2026_R|ANT|RUS,monaco_2026_R|L55|monaco_2026_R|ANT|RUS,,True,v4_t0_anchored_30s_horizon
monaco_2026_R_00776,monaco_2026_R,2026,Monaco Grand Prix,ALB,SAI,55,2026-06-07 14:15:29.737,2026-06-07 14:17:40.697,130.96,130.28,2026-06-07 14:15:59.737,30.0,55,466,97.59277777777775,1.3257886792452827,10.07222222222299,265.0,162.0,103.0,81.32329545454287,1.76,True,11.0,10.0,25.368055555555554,straight_01,197.88436948153634,257.88436948153634,SOFT,12.0,2.0,0.4022724384407728,14971.506367254713,68094.92979064723,400.0,False,1,False,CLOSE_INTERACTION_NO_PASS,0.0,,False,0.0,228.11480263157895,36.885197368421046,1.801328,True,1.801328,64.12935439667925,10,True,3.0,straight,0.007279753866599516,3484.7408333333333,19,431.47976220214423,0,monaco_2026_R|ALB|SAI,monaco_2026_R|L55|monaco_2026_R|ALB|SAI,,False,v4_t0_anchored_30s_horizon
monaco_2026_R_00777,monaco_2026_R,2026,Monaco Grand Prix,LEC,HAM,44,2026-06-07 14:15:29.737,2026-06-07 14:15:35.337,5.6,5.6,2026-06-07 14:15:59.737,30.0,56,21,94.85388888888929,1.8659781420765107,66.476111111112,183.0,61.0,122.0,87.31818181818178,1.76,True,3.0,2.0,2773.4047222222216,corner_T16,16.183570982441324,279.85634890896745,HARD,21.0,2.0,0.059829547646207175,11782.76940282963,28897.42451435508,400.0,False,1,False,CLOSE_INTERACTION_NO_PASS,0.0,,False,0.0,185.8685393258432,-2.8685393258431873,3.477056,True,3.477056,58.92795909539833,10,True,3.0,corner,0.7958711579619302,3484.7408333333333,19,431.47976220214423,0,monaco_2026_R|HAM|LEC,monaco_2026_R|L56|monaco_2026_R|HAM|LEC,,True,v4_t0_anchored_30s_horizon
monaco_2026_R_00778,monaco_2026_R,2026,Monaco Grand Prix,OCO,HUL,27,2026-06-07 14:15:33.136,2026-06-07 14:15:36.417,3.281,3.281,2026-06-07 14:16:03.136,30.0,55,13,90.86805555555556,1.2929841897233203,61.81055555555557,253.0,110.0,143.0,117.55497655028523,1.919,True,13.0,12.0,84.5186111111111,straight_01,138.73381392598077,198.73381392598077,HARD,46.0,2.0,0.9160842451479962,16089.852422880987,53304.030201725334,400.0,False,1,False,CLOSE_INTERACTION_NO_PASS,0.0,,False,0.0,255.76281250000002,-2.762812500000024,2.019165,True,2.019165,76.2828751934169,11,True,3.0,straight,0.02425391590176441,3484.7408333333333,19,431.47976220214423,0,monaco_2026_R|HUL|OCO,monaco_2026_R|L55|monaco_2026_R|HUL|OCO,,False,v4_t0_anchored_30s_horizon
monaco_2026_R_00779,monaco_2026_R,2026,Monaco Grand Prix,RUS,ANT,12,2026-06-07 14:15:40.497,2026-06-07 14:15:47.937,7.44,7.44,2026-06-07 14:16:10.497,30.0,56,31,87.83555555555563,3.0404615384615408,57.20222222222219,104.0,46.0,58.0,41.73651334469013,1.7610000000000001,True,4.0,1.0,1139.8672222222224,brake_T5,4.393221565029307,350.79119720758035,HARD,25.0,2.0,0.8905391593435615,7184.947330500212,17070.5833795475,400.0,False,1,False,LAPPED_UNLAPPED,,,False,0.0,104.04299568965556,-0.042995689655555225,3.918853,True,3.918853,22.991118473595098,8,True,3.0,brake,0.32710243795429716,3484.7408333333333,19,431.47976220214423,0,monaco_2026_R|ANT|RUS,monaco_2026_R|L56|monaco_2026_R|ANT|RUS,,False,v4_t0_anchored_30s_horizon
monaco_2026_R_00780,monaco_2026_R,2026,Monaco Grand Prix,LEC,HAM,44,2026-06-07 14:16:02.697,2026-06-07 14:16:17.017,14.32,14.32,2026-06-07 14:16:32.697,30.0,57,51,87.7741666666675,1.6988548387096936,44.451666666667506,186.0,82.0,104.0,105.20833333333286,1.92,True,3.0,2.0,1026.7236111111106,brake_T5,117.5368326761411,463.93480831869215,HARD,22.0,2.0,0.033429302956534734,2098.3090152203326,41549.92314917962,400.0,False,1,False,CLOSE_INTERACTION_NO_PASS,0.0,,False,0.0,176.27747252747318,9.72252747252682,3.256846,True,3.256846,82.84465890983435,12,True,3.0,brake,0.29463413786470793,3484.7408333333333,19,431.47976220214423,0,monaco_2026_R|HAM|LEC,monaco_2026_R|L57|monaco_2026_R|HAM|LEC,,False,v4_t0_anchored_30s_horizon
monaco_2026_R_00781,monaco_2026_R,2026,Monaco Grand Prix,STR,LEC,16,2026-06-07 14:16:04.977,2026-06-07 14:16:19.897,14.92,14.92,2026-06-07 14:16:34.977,30.0,55,53,96.20111111111112,1.6976666666666669,40.09361111111116,204.0,79.0,125.0,71.18749999999963,1.92,True,16.0,3.0,1000.488611111111,straight_03,143.77183267614066,490.1698083186917,SOFT,51.0,2.0,0.07468079331338055,2347.474141890127,45669.70062999416,399.9999999999999,False,1,False,LAPPED_UNLAPPED,,,False,0.0,200.02005597014937,3.9799440298506283,2.7827159999999997,True,2.7827159999999997,43.903682335614356,11,True,3.0,straight,0.28710560095055687,3484.7408333333333,19,431.47976220214423,0,monaco_2026_R|LEC|STR,monaco_2026_R|L55|monaco_2026_R|LEC|STR,,False,v4_t0_anchored_30s_horizon
monaco_2026_R_00782,monaco_2026_R,2026,Monaco Grand Prix,OCO,HUL,27,2026-06-07 14:16:17.857,2026-06-07 14:16:23.657,5.8,5.8,2026-06-07 14:16:47.857,30.0,55,21,81.70555555555529,1.2255833333333293,33.71722222222161,240.0,85.0,155.0,149.9285714285715,1.6800000000000002,True,13.0,12.0,1950.5258333333334,straight_05,148.02131357213807,256.9190534637012,HARD,46.0,2.0,0.892883871193996,8902.187735840274,69535.82445218643,399.9999999999998,False,1,False,CLOSE_INTERACTION_NO_PASS,0.0,,False,0.0,215.11011904761904,24.889880952380963,2.22299,True,2.22299,113.37303618282439,11,True,3.0,straight,0.5597333995904525,3484.7408333333333,19,431.47976220214423,0,monaco_2026_R|HUL|OCO,monaco_2026_R|L55|monaco_2026_R|HUL|OCO,,False,v4_t0_anchored_30s_horizon
monaco_2026_R_00783,monaco_2026_R,2026,Monaco Grand Prix,BOR,PER,11,2026-06-07 14:16:40.937,2026-06-07 14:16:45.097,4.16,4.16,2026-06-07 14:17:10.937,30.0,55,16,11.873055555555766,0.5855205479452158,11.873055555555766,73.0,127.0,-54.0,-28.6893990546928,1.4809999999999999,True,18.0,17.0,1426.744722222222,brake_T8,3.9136972075807535,63.91369720758075,MEDIUM,12.0,3.0,0.2984401308957001,24985.55414719102,50.42144489667205,400.0,False,1,False,CLOSE_INTERACTION_NO_PASS,0.0,,False,0.0,113.4838456284152,-40.483845628415196,0.317221,True,0.317221,-11.289540606146012,13,True,3.0,brake,0.40942635061255545,3484.7408333333333,19,431.47976220214423,0,monaco_2026_R|BOR|PER,monaco_2026_R|L55|monaco_2026_R|BOR|PER,,False,v4_t0_anchored_30s_horizon
monaco_2026_R_00784,monaco_2026_R,2026,Monaco Grand Prix,LEC,HAM,44,2026-06-07 14:16:45.936,2026-06-07 14:16:52.137,6.201,6.201,2026-06-07 14:17:15.936,30.0,57,22,95.7852777777789,1.8843005464481097,62.20500000000038,183.0,59.0,124.0,78.56226209896823,1.839,True,3.0,2.0,2764.2066666666674,corner_T16,25.381626537995544,289.05440446452167,HARD,22.0,2.0,0.0679509357147198,11478.447171086915,29199.966535618143,400.0,False,1,False,CLOSE_INTERACTION_NO_PASS,0.0,,False,0.0,179.18207650273172,3.817923497268282,3.269896,True,3.269896,41.35050119783431,12,True,3.0,corner,0.7932316343946192,3484.7408333333333,19,431.47976220214423,0,monaco_2026_R|HAM|LEC,monaco_2026_R|L57|monaco_2026_R|HAM|LEC,,True,v4_t0_anchored_30s_horizon
monaco_2026_R_00785,monaco_2026_R,2026,Monaco Grand Prix,STR,LEC,16,2026-06-07 14:16:50.737,2026-06-07 14:16:54.737,4.0,4.0,2026-06-07 14:17:20.737,30.0,55,15,97.75388888888665,1.8920107526881287,76.14277777777625,186.0,88.0,98.0,86.32558139534996,1.72,True,16.0,3.0,2793.560000000003,corner_T17,113.5049738640464,259.7010711311859,SOFT,51.0,2.0,0.05916216393344164,12899.97252760999,24033.086672776124,400.0,False,1,False,LAPPED_UNLAPPED,,,False,0.0,179.38349415947087,6.616505840529129,4.218748,True,4.218748,71.33888778942939,12,True,3.0,corner,0.8016550250389266,3484.7408333333333,19,431.47976220214423,0,monaco_2026_R|LEC|STR,monaco_2026_R|L55|monaco_2026_R|LEC|STR,,True,v4_t0_anchored_30s_horizon
monaco_2026_R_00786,monaco_2026_R,2026,Monaco Grand Prix,OCO,HUL,27,2026-06-07 14:16:52.337,2026-06-07 14:16:55.337,3.0,3.0,2026-06-07 14:17:22.337,30.0,56,12,98.51555555555557,1.390807843137255,71.93777777777782,255.0,106.0,149.0,126.09255319148878,1.88,True,13.0,12.0,83.77222222222223,straight_01,139.48020281486964,199.48020281486964,HARD,47.0,2.0,0.915795933021435,16075.740618486045,53490.66856895883,400.0,False,1,False,CLOSE_INTERACTION_NO_PASS,0.0,,False,0.0,259.8868852459016,-4.886885245901624,2.358868,True,2.358868,110.54953946799905,11,True,3.0,straight,0.024039728125804353,3484.7408333333333,19,431.47976220214423,0,monaco_2026_R|HUL|OCO,monaco_2026_R|L56|monaco_2026_R|HUL|OCO,,False,v4_t0_anchored_30s_horizon
monaco_2026_R_00787,monaco_2026_R,2026,Monaco Grand Prix,RUS,ANT,12,2026-06-07 14:16:56.057,2026-06-07 14:17:00.337,4.28,4.28,2026-06-07 14:17:26.057,30.0,57,16,99.59111111111088,3.6961649484535997,75.16888888888889,97.0,44.0,53.0,31.99999999999978,1.88,True,4.0,1.0,1129.5302777777774,brake_T5,14.73016600947426,361.1281416520253,HARD,26.0,2.0,0.8550608546160108,6586.588845864584,19307.04704506443,400.0,False,1,False,LAPPED_UNLAPPED,,,False,0.0,95.68435814455255,1.3156418554474527,4.508116,True,4.508116,24.924213295581865,12,True,3.0,brake,0.32413609269683447,3484.7408333333333,19,431.47976220214423,0,monaco_2026_R|ANT|RUS,monaco_2026_R|L57|monaco_2026_R|ANT|RUS,,False,v4_t0_anchored_30s_horizon
monaco_2026_R_00788,monaco_2026_R,2026,Monaco Grand Prix,SAI,HAD,6,2026-06-07 14:16:59.457,2026-06-07 14:17:03.897,4.44,4.44,2026-06-07 14:17:29.457,30.0,56,16,99.25777777777739,1.9108449197860888,87.64666666666642,187.0,148.0,39.0,64.27659574468161,1.88,True,11.0,5.0,680.895277777778,corner_T2,107.3949802537062,294.20243057573214,SOFT,4.0,2.0,0.39665725428487103,6024.9526271817385,44001.40860921611,400.0000000000001,False,1,False,LAPPED_UNLAPPED,,,False,1.0,203.13548245614015,-16.135482456140153,2.158163,True,2.158163,64.97176350661786,11,True,3.0,corner,0.19539337653597233,3484.7408333333333,19,431.47976220214423,0,monaco_2026_R|HAD|SAI,monaco_2026_R|L56|monaco_2026_R|HAD|SAI,,False,v4_t0_anchored_30s_horizon
monaco_2026_R_00789,monaco_2026_R,2026,Monaco Grand Prix,LEC,HAM,44,2026-06-07 14:17:18.737,2026-06-07 14:17:33.417,14.68,14.68,2026-06-07 14:17:48.737,30.0,58,56,98.49027777777758,1.7128743961352622,41.08166666666648,207.0,73.0,134.0,91.06122448979593,1.96,True,3.0,2.0,1004.616388888889,straight_03,139.6440548983627,486.04203054091374,HARD,23.0,2.0,0.026160610273778123,2298.7104664963863,45046.87348405864,400.0000000000001,False,1,False,CLOSE_INTERACTION_NO_PASS,0.0,,False,0.0,205.32188118811877,1.6781188118812338,3.086094,True,3.086094,57.7662335057968,13,True,3.0,straight,0.2882901302958366,3484.7408333333333,19,431.47976220214423,0,monaco_2026_R|HAM|LEC,monaco_2026_R|L58|monaco_2026_R|HAM|LEC,,False,v4_t0_anchored_30s_horizon
monaco_2026_R_00790,monaco_2026_R,2026,Monaco Grand Prix,ALO,PIA,81,2026-06-07 14:17:21.417,2026-06-07 14:17:25.818,4.401,4.401,2026-06-07 14:17:51.417,30.0,56,19,97.1888888888891,4.543896103896113,62.666666666666515,77.0,50.0,27.0,11.217391304348302,1.8399999999999999,True,15.0,6.0,1118.8538888888886,brake_T5,25.406554898363083,371.80453054091413,SOFT,53.0,2.0,0.2583334386708288,5968.581473253694,21616.951674740576,400.0,False,1,False,LAPPED_UNLAPPED,,,False,0.0,83.05459183673455,-6.054591836734545,4.004119,True,4.004119,-1.5617694217742646,11,True,3.0,brake,0.3210723386331854,3484.7408333333333,19,431.47976220214423,0,monaco_2026_R|ALO|PIA,monaco_2026_R|L56|monaco_2026_R|ALO|PIA,,False,v4_t0_anchored_30s_horizon
monaco_2026_R_00791,monaco_2026_R,2026,Monaco Grand Prix,PER,LAW,30,2026-06-07 14:17:24.657,2026-06-07 14:17:30.137,5.48,5.48,2026-06-07 14:17:54.657,30.0,56,22,96.15388888888886,1.3161749049429654,46.19749999999999,263.0,177.0,86.0,86.00000000000028,0.28,True,17.0,8.0,38.41333333333334,straight_01,184.83909170375853,244.83909170375853,MEDIUM,52.0,3.0,0.9091996424085725,15218.150457243428,64832.89121960658,400.0,False,1,False,LAPPED_UNLAPPED,,,False,0.0,266.12097378277156,-3.120973782771557,1.540644,True,1.540644,1.5345691599823552,13,True,3.0,straight,0.01102329704576309,3484.7408333333333,19,431.47976220214423,0,monaco_2026_R|LAW|PER,monaco_2026_R|L56|monaco_2026_R|LAW|PER,,False,v4_t0_anchored_30s_horizon
monaco_2026_R_00792,monaco_2026_R,2026,Monaco Grand Prix,ALO,COL,43,2026-06-07 14:17:26.058,2026-06-07 14:17:30.777,4.719,4.719,2026-06-07 14:17:56.058,30.0,56,19,77.67583333333391,6.078978260869611,77.67583333333391,46.0,60.0,-14.0,,,False,15.0,14.0,1224.5897222222218,brake_T6,37.73742721890221,266.06869720758095,SOFT,53.0,2.0,0.27200314903605616,11919.719497028711,5176.686949600916,400.0,False,1,False,CLOSE_INTERACTION_NO_PASS,0.0,,False,0.0,44.664956958393425,1.3350430416065748,4.997024,True,4.997024,8.161245652976982,13,True,3.0,brake,0.3514148629098592,3484.7408333333333,19,431.47976220214423,0,monaco_2026_R|ALO|COL,monaco_2026_R|L56|monaco_2026_R|ALO|COL,,False,v4_t0_anchored_30s_horizon
monaco_2026_R_00793,monaco_2026_R,2026,Monaco Grand Prix,SAI,HAD,6,2026-06-07 14:17:32.778,2026-06-07 14:17:37.097,4.319,4.319,2026-06-07 14:18:02.778,30.0,56,18,99.0736111111114,1.5049156118143505,57.2094444444449,237.0,84.0,153.0,163.64229128580095,1.641,True,11.0,5.0,1962.4033333333332,straight_05,136.14381357213824,245.04155346370135,SOFT,4.0,2.0,0.3479660875475863,8583.76779884139,68283.87223548382,400.0,False,1,False,LAPPED_UNLAPPED,,,False,1.0,225.97876529052002,11.021234709479984,2.741784,True,2.741784,136.7198351970286,12,True,3.0,straight,0.5631418309683001,3484.7408333333333,19,431.47976220214423,0,monaco_2026_R|HAD|SAI,monaco_2026_R|L56|monaco_2026_R|HAD|SAI,,False,v4_t0_anchored_30s_horizon
monaco_2026_R_00794,monaco_2026_R,2026,Monaco Grand Prix,OCO,HUL,27,2026-06-07 14:17:37.377,2026-06-07 14:17:41.577,4.2,4.2,2026-06-07 14:18:07.377,30.0,56,16,93.02277777777704,1.5291415525114034,54.655833333332566,219.0,69.0,150.0,172.66666666666723,1.92,True,13.0,12.0,1962.5925000000009,straight_05,135.95464690547055,244.85238679703366,HARD,47.0,2.0,0.9012830189522417,8578.696492751502,68263.93305403473,399.9999999999998,False,1,False,CLOSE_INTERACTION_NO_PASS,0.0,,False,0.0,220.56311154598677,-1.5631115459867715,2.89621,True,2.89621,157.75608334549685,13,True,3.0,straight,0.5631961152539084,3484.7408333333333,19,431.47976220214423,0,monaco_2026_R|HUL|OCO,monaco_2026_R|L56|monaco_2026_R|HUL|OCO,,False,v4_t0_anchored_30s_horizon
monaco_2026_R_00795,monaco_2026_R,2026,Monaco Grand Prix,COL,OCO,31,2026-06-07 14:17:40.697,2026-06-07 14:17:44.697,4.0,4.0,2026-06-07 14:18:10.697,30.0,56,16,96.04250000000025,2.1745471698113263,71.9536111111106,159.0,66.0,93.0,103.34855899945667,1.839,True,14.0,13.0,1970.905833333333,straight_05,127.64131357213842,236.53905346370152,HARD,21.0,2.0,0.9683369140330585,8355.827111463324,67387.66312392721,400.0000000000002,False,1,False,CLOSE_INTERACTION_NO_PASS,0.0,,False,0.0,207.12380952381122,-48.12380952381122,3.16165,True,3.16165,100.77679382964635,12,True,3.0,straight,0.5655817541667971,3484.7408333333333,19,431.47976220214423,0,monaco_2026_R|COL|OCO,monaco_2026_R|L56|monaco_2026_R|COL|OCO,,False,v4_t0_anchored_30s_horizon
monaco_2026_R_00796,monaco_2026_R,2026,Monaco Grand Prix,HUL,SAI,55,2026-06-07 14:17:40.937,2026-06-07 14:19:25.498,104.561,104.561,2026-06-07 14:18:10.937,30.0,56,393,52.27472222222332,1.2380855263158155,10.098333333332903,152.0,157.0,-5.0,,,False,12.0,11.0,2147.6244444444446,corner_T10,10.922702461026802,59.82044235258991,HARD,44.0,2.0,0.882736035694338,13648.04387157805,38443.1773855507,400.0,False,1,False,CLOSE_INTERACTION_NO_PASS,0.0,,False,0.0,108.89392201834866,43.10607798165134,1.327486,True,1.327486,-15.084111176023963,12,True,3.0,corner,0.6162938787014849,3484.7408333333333,19,431.47976220214423,0,monaco_2026_R|HUL|SAI,monaco_2026_R|L56|monaco_2026_R|HUL|SAI,,True,v4_t0_anchored_30s_horizon
monaco_2026_R_00797,monaco_2026_R,2026,Monaco Grand Prix,SAI,ALB,23,2026-06-07 14:17:42.137,2026-06-07 14:20:25.698,163.561,163.561,2026-06-07 14:18:12.137,30.0,56,599,11.027777777776464,0.2169398907103567,10.377222222221462,183.0,202.0,-19.0,-32.73333333333176,1.2,True,11.0,10.0,2260.0363888888896,brake_T12,111.87733153461932,793.2246822422994,SOFT,4.0,2.0,0.39568250144163913,9709.574560197252,75805.78484023246,400.0,False,1,False,CLOSE_INTERACTION_NO_PASS,0.0,,False,1.0,215.3275459688817,-32.32754596888171,0.196405,True,0.196405,-36.250076339793196,11,True,3.0,brake,0.6485522157833037,3484.7408333333333,19,431.47976220214423,0,monaco_2026_R|ALB|SAI,monaco_2026_R|L56|monaco_2026_R|ALB|SAI,,True,v4_t0_anchored_30s_horizon
monaco_2026_R_00798,monaco_2026_R,2026,Monaco Grand Prix,ALB,HAD,6,2026-06-07 14:17:53.297,2026-06-07 14:17:56.937,3.64,3.64,2026-06-07 14:18:23.297,30.0,56,13,93.1908333333331,1.9734529411764656,83.04638888888849,170.0,60.0,110.0,98.88400000000038,2.0,True,10.0,5.0,2788.7475000000004,brake_T17,0.8407932046625319,264.51357113118866,SOFT,13.0,2.0,0.41214990114405586,12597.238017448173,25670.783337900877,400.0,False,1,False,LAPPED_UNLAPPED,,,False,-1.0,183.28697916666633,-13.286979166666328,3.650366,True,3.650366,83.0975399598972,11,True,3.0,brake,0.8002740041165186,3484.7408333333333,19,431.47976220214423,0,monaco_2026_R|ALB|HAD,monaco_2026_R|L56|monaco_2026_R|ALB|HAD,,True,v4_t0_anchored_30s_horizon
monaco_2026_R_00799,monaco_2026_R,2026,Monaco Grand Prix,LEC,HAM,44,2026-06-07 14:18:02.497,2026-06-07 14:18:09.777,7.28,7.28,2026-06-07 14:18:32.497,30.0,58,30,74.83861111111173,1.4407433155080334,41.33861111111173,187.0,59.0,128.0,90.15217391304306,1.8399999999999999,True,3.0,2.0,2772.4252777777765,corner_T16,17.16301542688643,280.83579335341256,HARD,23.0,2.0,0.07037313881634101,11750.363997426142,28929.6403560781,400.0,False,1,False,CLOSE_INTERACTION_NO_PASS,0.0,,False,0.0,179.36096452310943,7.6390354768905695,2.76177,True,2.76177,43.226111131917676,9,True,3.0,corner,0.7955900913084,3484.7408333333333,19,431.47976220214423,0,monaco_2026_R|HAM|LEC,monaco_2026_R|L58|monaco_2026_R|HAM|LEC,,True,v4_t0_anchored_30s_horizon
monaco_2026_R_00800,monaco_2026_R,2026,Monaco Grand Prix,ALO,COL,43,2026-06-07 14:18:04.297,2026-06-07 14:18:10.577,6.28,6.28,2026-06-07 14:18:34.297,30.0,56,27,98.21555555555597,2.008954545454554,63.380555555555475,176.0,62.0,114.0,66.91111111111059,1.8,True,15.0,14.0,2757.32,corner_T16,32.26829320466277,295.9410711311889,SOFT,53.0,2.0,0.26513269174752874,11250.598387546699,29426.4824596104,400.0,False,1,False,CLOSE_INTERACTION_NO_PASS,0.0,,False,0.0,174.06723163841806,1.9327683615819353,3.386638,True,3.386638,36.496894409945874,8,True,3.0,corner,0.7912553994331,3484.7408333333333,19,431.47976220214423,0,monaco_2026_R|ALO|COL,monaco_2026_R|L56|monaco_2026_R|ALO|COL,,True,v4_t0_anchored_30s_horizon
monaco_2026_R_00801,monaco_2026_R,2026,Monaco Grand Prix,STR,ALO,14,2026-06-07 14:18:10.257,2026-06-07 14:18:13.697,3.44,3.44,2026-06-07 14:18:40.257,30.0,56,13,99.65388888889038,1.8881789473684492,73.54277777777861,190.0,100.0,90.0,70.39999999999955,2.0,True,16.0,15.0,2811.9808333333326,corner_T17,95.08414053071692,241.28023779785644,SOFT,52.0,2.0,0.04531701378464475,14084.737170065597,17366.74839925051,400.0,False,1,False,CLOSE_INTERACTION_NO_PASS,0.0,,False,0.0,124.1680311890862,65.8319688109138,4.645385,True,4.645385,65.07112661606048,14,True,3.0,corner,0.8069411665956027,3484.7408333333333,19,431.47976220214423,0,monaco_2026_R|ALO|STR,monaco_2026_R|L56|monaco_2026_R|ALO|STR,,True,v4_t0_anchored_30s_horizon
monaco_2026_R_00802,monaco_2026_R,2026,Monaco Grand Prix,PER,LAW,30,2026-06-07 14:18:10.577,2026-06-07 14:18:14.737,4.16,4.16,2026-06-07 14:18:40.577,30.0,56,16,91.03166666666698,1.5458207547169864,54.28861111111087,212.0,76.0,136.0,156.1304347826073,1.8399999999999999,True,17.0,8.0,1971.0313888888888,straight_05,127.5157580165826,236.4134979081457,MEDIUM,52.0,3.0,0.9304993079091353,8352.46113444038,67374.42889483027,399.9999999999998,False,1,False,LAPPED_UNLAPPED,,,False,0.0,219.54934579439248,-7.5493457943924795,2.660897,True,2.660897,133.71109819754466,14,True,3.0,straight,0.5656177842653212,3484.7408333333333,19,431.47976220214423,0,monaco_2026_R|LAW|PER,monaco_2026_R|L56|monaco_2026_R|LAW|PER,,True,v4_t0_anchored_30s_horizon
monaco_2026_R_00803,monaco_2026_R,2026,Monaco Grand Prix,RUS,ANT,12,2026-06-07 14:18:11.778,2026-06-07 14:18:16.657,4.879,4.879,2026-06-07 14:18:41.778,30.0,58,20,98.69611111111158,3.7798510638298053,71.30722222222289,94.0,45.0,49.0,29.50653038046557,1.7610000000000001,True,4.0,1.0,1133.3761111111103,brake_T5,10.884332676141412,357.28230831869246,HARD,27.0,2.0,0.8315464351245567,6809.206566010201,18474.976546876256,400.0,False,1,False,LAPPED_UNLAPPED,,,False,0.0,94.36764705882236,-0.3676470588223566,4.374705,True,4.374705,21.181432302054393,13,True,3.0,brake,0.32523971374564975,3484.7408333333333,19,431.47976220214423,0,monaco_2026_R|ANT|RUS,monaco_2026_R|L58|monaco_2026_R|ANT|RUS,,False,v4_t0_anchored_30s_horizon
monaco_2026_R_00804,monaco_2026_R,2026,Monaco Grand Prix,OCO,HAM,44,2026-06-07 14:18:13.697,2026-06-07 14:18:50.817,37.12,37.12,2026-06-07 14:18:43.697,30.0,57,140,14.765833333333333,0.2224142259414226,12.743611111111107,239.0,264.0,-25.0,,,False,13.0,2.0,47.195833333333326,straight_01,176.05659170375856,236.05659170375856,HARD,48.0,2.0,0.9189948880916506,15384.199180561214,62636.78208048446,400.0,False,1,False,LAPPED_UNLAPPED,,,False,0.0,265.8537654448816,-26.853765444881617,0.20345,True,0.20345,-16.038530939157944,11,True,3.0,straight,0.013543570552472935,3484.7408333333333,19,431.47976220214423,0,monaco_2026_R|HAM|OCO,monaco_2026_R|L57|monaco_2026_R|HAM|OCO,,False,v4_t0_anchored_30s_horizon
monaco_2026_R_00805,monaco_2026_R,2026,Monaco Grand Prix,COL,OCO,31,2026-06-07 14:18:15.057,2026-06-07 14:18:21.257,6.2,6.2,2026-06-07 14:18:45.057,30.0,57,24,96.84472222222223,1.3106804511278196,42.51138888888889,266.0,170.0,96.0,43.864924958311725,1.799,True,14.0,13.0,27.927777777777777,straight_01,195.3246472593141,255.3246472593141,HARD,22.0,2.0,0.9101970715415327,15019.90245117708,67454.85812929383,400.0,False,1,False,CLOSE_INTERACTION_NO_PASS,0.0,,False,0.0,237.6777670818997,28.322232918100298,1.65023,True,1.65023,2.7092662494939748,12,True,3.0,straight,0.008014305543366169,3484.7408333333333,19,431.47976220214423,0,monaco_2026_R|COL|OCO,monaco_2026_R|L57|monaco_2026_R|COL|OCO,,False,v4_t0_anchored_30s_horizon
monaco_2026_R_00806,monaco_2026_R,2026,Monaco Grand Prix,ALB,LIN,41,2026-06-07 14:18:26.058,2026-06-07 14:18:42.457,16.399,16.399,2026-06-07 14:18:56.058,30.0,57,61,97.88527777777733,1.678033333333326,39.24083333333306,210.0,67.0,143.0,106.55821371610858,1.881,True,10.0,9.0,1002.4533333333335,straight_03,141.8071104539182,488.20508609646924,SOFT,14.0,2.0,0.3926438731103954,2324.2638137568842,45373.249997208,399.9999999999999,False,1,False,CLOSE_INTERACTION_NO_PASS,0.0,,False,0.0,131.25937499999972,78.74062500000028,3.835078,True,3.835078,83.00687372684469,12,True,3.0,straight,0.2876694082223714,3484.7408333333333,19,431.47976220214423,0,monaco_2026_R|ALB|LIN,monaco_2026_R|L57|monaco_2026_R|ALB|LIN,,False,v4_t0_anchored_30s_horizon
monaco_2026_R_00807,monaco_2026_R,2026,Monaco Grand Prix,LEC,HAM,44,2026-06-07 14:18:35.297,2026-06-07 14:18:50.417,15.12,15.12,2026-06-07 14:19:05.297,30.0,59,59,85.89055555555535,1.538338308457708,40.38583333333395,201.0,74.0,127.0,95.74614156466178,1.879,True,3.0,2.0,1017.8613888888891,straight_03,126.39905489836258,472.7970305409136,HARD,24.0,2.0,0.043030281196811834,2142.240105115194,43048.37792736309,399.9999999999999,False,1,False,CLOSE_INTERACTION_NO_PASS,0.0,,False,0.0,203.569027093596,-2.5690270935959916,2.730044,True,2.730044,51.85087558770252,11,True,3.0,straight,0.2920909868396877,3484.7408333333333,19,431.47976220214423,0,monaco_2026_R|HAM|LEC,monaco_2026_R|L59|monaco_2026_R|HAM|LEC,,False,v4_t0_anchored_30s_horizon
monaco_2026_R_00808,monaco_2026_R,2026,Monaco Grand Prix,ALO,COL,43,2026-06-07 14:18:38.618,2026-06-07 14:18:54.937,16.319,16.319,2026-06-07 14:19:08.618,30.0,57,65,95.19166666666672,1.6555072463768126,41.12916666666706,207.0,79.0,128.0,78.3307984790868,1.841,True,15.0,14.0,995.2399999999999,straight_03,149.0204437872518,495.41841942980284,SOFT,54.0,2.0,0.20920311133420846,2475.767375894205,46169.52296498802,399.9999999999999,False,1,False,CLOSE_INTERACTION_NO_PASS,0.0,,False,0.0,204.80418848167517,2.195811518324831,2.7970829999999998,True,2.7970829999999998,41.11959113792181,11,True,3.0,straight,0.28559943123460396,3484.7408333333333,19,431.47976220214423,0,monaco_2026_R|ALO|COL,monaco_2026_R|L57|monaco_2026_R|ALO|COL,,False,v4_t0_anchored_30s_horizon
monaco_2026_R_00809,monaco_2026_R,2026,Monaco Grand Prix,COL,OCO,31,2026-06-07 14:19:00.338,2026-06-07 14:21:09.097,128.759,128.759,2026-06-07 14:19:30.338,30.0,57,472,97.73000000000025,1.30306666666667,10.378333333334467,270.0,236.0,34.0,5.386363636363853,1.76,True,14.0,13.0,1840.7849999999999,straight_05,257.7621469054716,366.6598867970347,HARD,22.0,2.0,0.88482996242979,11413.541878246358,83992.2177155462,400.0,False,1,False,CLOSE_INTERACTION_NO_PASS,0.0,,False,0.0,264.5078651685393,5.492134831460703,1.35937,True,1.35937,0.24026841615270575,11,True,3.0,straight,0.5282415789409495,3484.7408333333333,19,431.47976220214423,0,monaco_2026_R|COL|OCO,monaco_2026_R|L57|monaco_2026_R|COL|OCO,,False,v4_t0_anchored_30s_horizon
monaco_2026_R_00810,monaco_2026_R,2026,Monaco Grand Prix,PER,LAW,30,2026-06-07 14:19:09.617,2026-06-07 14:19:12.858,3.241,3.241,2026-06-07 14:19:39.617,30.0,57,13,97.71750000000134,3.0858157894737266,87.15083333333496,114.0,58.0,56.0,36.72916666666595,1.92,True,16.0,8.0,1145.765833333333,corner_T5,116.56131610779107,344.8925860964698,MEDIUM,53.0,3.0,0.917608898594956,7521.554629960411,15856.140926463848,400.0,False,124,True,INVALID,,,False,-1.0,109.5862499999988,4.413750000001201,4.710416,True,4.710416,28.01372151315026,12,True,3.0,corner,0.32879513517145814,3484.7408333333333,19,431.47976220214423,0,monaco_2026_R|LAW|PER,monaco_2026_R|L57|monaco_2026_R|LAW|PER,,False,v4_t0_anchored_30s_horizon
monaco_2026_R_00811,monaco_2026_R,2026,Monaco Grand Prix,ALB,LIN,41,2026-06-07 14:19:10.577,2026-06-07 14:19:19.138,8.561,8.561,2026-06-07 14:19:40.577,30.0,57,38,95.12999999999874,2.0027368421052367,42.9569444444428,171.0,86.0,85.0,20.142857142857338,1.6800000000000002,True,10.0,9.0,2744.500555555556,corner_T15,10.750375891719159,308.76051557563324,SOFT,14.0,2.0,0.42133313889356033,10853.167179693493,29493.14160817142,400.0,False,1,False,CLOSE_INTERACTION_NO_PASS,0.0,,False,0.0,161.9527272727281,9.047272727271888,2.451418,True,2.451418,-20.655398905316446,11,True,3.0,corner,0.7875766626037152,3484.7408333333333,19,431.47976220214423,0,monaco_2026_R|ALB|LIN,monaco_2026_R|L57|monaco_2026_R|ALB|LIN,,True,v4_t0_anchored_30s_horizon
monaco_2026_R_00812,monaco_2026_R,2026,Monaco Grand Prix,BOR,PER,11,2026-06-07 14:19:13.218,2026-06-07 14:19:21.497,8.279,8.279,2026-06-07 14:19:43.218,30.0,57,35,96.95583333333298,4.363012499999984,64.29666666666617,80.0,48.0,32.0,25.938775510203737,1.96,True,17.0,16.0,1125.3841666666665,brake_T5,18.8762771205852,365.27425276313625,MEDIUM,14.0,3.0,0.2841429704404979,6346.589417125419,20204.08455000901,400.0,False,124,True,INVALID,,,False,-1.0,86.75574374079542,-6.755743740795424,4.301762,True,4.301762,24.565039215846753,11,True,3.0,brake,0.3229463023194694,3484.7408333333333,19,431.47976220214423,0,monaco_2026_R|BOR|PER,monaco_2026_R|L57|monaco_2026_R|BOR|PER,,False,v4_t0_anchored_30s_horizon
monaco_2026_R_00813,monaco_2026_R,2026,Monaco Grand Prix,LEC,HAM,44,2026-06-07 14:19:18.898,2026-06-07 14:19:25.178,6.28,6.28,2026-06-07 14:19:48.898,30.0,59,22,90.53499999999985,1.7810163934426202,53.423888888889906,183.0,63.0,120.0,59.93727689954174,1.9609999999999999,True,3.0,2.0,2769.3916666666682,corner_T16,20.19662653799469,283.8694044645208,HARD,24.0,2.0,0.06358976584670213,11649.995468665245,29029.421753541676,400.0,False,1,False,PIT_RELATED,,,False,0.0,186.3375668449209,-3.3375668449209,2.891598,True,2.891598,25.155293679289297,13,True,3.0,corner,0.7947195499234884,3484.7408333333333,19,431.47976220214423,0,monaco_2026_R|HAM|LEC,monaco_2026_R|L59|monaco_2026_R|HAM|LEC,,True,v4_t0_anchored_30s_horizon
monaco_2026_R_00814,monaco_2026_R,2026,Monaco Grand Prix,ALO,COL,43,2026-06-07 14:19:24.178,2026-06-07 14:19:31.178,7.0,7.0,2026-06-07 14:19:54.178,30.0,57,24,97.46527777777601,1.9069293478260525,66.02083333333167,184.0,68.0,116.0,64.7529812606468,1.7610000000000001,True,15.0,14.0,2754.81638888889,corner_T15,0.43454255838514655,298.4446822422992,SOFT,54.0,2.0,0.2331056686075943,11168.844678067184,29494.48171696901,400.0,False,1,False,PIT_RELATED,,,False,0.0,174.90652831672404,9.093471683275965,2.880016,True,2.880016,27.662292955567032,11,True,3.0,corner,0.790536949703019,3484.7408333333333,19,431.47976220214423,0,monaco_2026_R|ALO|COL,monaco_2026_R|L57|monaco_2026_R|ALO|COL,,True,v4_t0_anchored_30s_horizon
monaco_2026_R_00815,monaco_2026_R,2026,Monaco Grand Prix,RUS,ANT,12,2026-06-07 14:19:27.338,2026-06-07 14:19:32.338,5.0,5.0,2026-06-07 14:19:57.338,30.0,59,18,98.6827777777778,4.1795058823529425,66.12222222222249,85.0,46.0,39.0,22.695652173913313,1.8399999999999999,True,4.0,1.0,1125.948611111111,brake_T5,18.31183267614074,364.7098083186918,HARD,28.0,2.0,0.8037172437077841,6379.262527081068,20081.963405023915,400.0,False,124,True,INVALID,,,False,0.0,86.14982269503535,-1.149822695035354,4.243606,True,4.243606,15.93504344228507,10,True,3.0,brake,0.3231082783376127,3484.7408333333333,19,431.47976220214423,0,monaco_2026_R|ANT|RUS,monaco_2026_R|L59|monaco_2026_R|ANT|RUS,,False,v4_t0_anchored_30s_horizon
monaco_2026_R_00816,monaco_2026_R,2026,Monaco Grand Prix,HUL,SAI,55,2026-06-07 14:19:28.257,2026-06-07 14:19:31.858,3.601,3.601,2026-06-07 14:19:58.257,30.0,58,13,94.54972222222227,1.8105265957446819,69.1830555555556,188.0,123.0,65.0,33.22403480151865,1.839,True,12.0,11.0,71.30944444444444,straight_01,151.94298059264744,211.94298059264744,HARD,46.0,2.0,0.8588806417744269,15840.10972306979,56607.0500294343,400.0,False,124,True,PIT_RELATED,,,False,0.0,263.1812978927203,-75.1812978927203,1.9387159999999999,True,1.9387159999999999,6.378794801743643,10,True,3.0,straight,0.020463342284262012,3484.7408333333333,19,431.47976220214423,0,monaco_2026_R|HUL|SAI,monaco_2026_R|L58|monaco_2026_R|HUL|SAI,,False,v4_t0_anchored_30s_horizon
monaco_2026_R_00817,monaco_2026_R,2026,Monaco Grand Prix,LIN,HAD,6,2026-06-07 14:19:42.577,2026-06-07 14:19:57.778,15.201,15.201,2026-06-07 14:20:12.577,30.0,58,55,91.0836111111114,1.60735784313726,40.32277777777858,204.0,77.0,127.0,90.03099510603558,1.839,True,9.0,5.0,1014.4144444444443,straight_03,129.84599934280743,476.2439749853585,MEDIUM,58.0,1.0,0.6171530418721741,2182.9607274544287,43568.476315917214,399.9999999999999,False,124,True,INVALID,,,False,0.0,206.35455486542438,-2.354554865424376,2.9151439999999997,True,2.9151439999999997,52.34002482214502,11,True,3.0,straight,0.29110183309503246,3484.7408333333333,19,431.47976220214423,0,monaco_2026_R|HAD|LIN,monaco_2026_R|L58|monaco_2026_R|HAD|LIN,,False,v4_t0_anchored_30s_horizon
monaco_2026_R_00818,monaco_2026_R,2026,Monaco Grand Prix,LEC,HAM,44,2026-06-07 14:19:51.138,2026-06-07 14:20:20.058,28.92,28.92,2026-06-07 14:20:21.138,30.0,60,104,98.38916666666682,1.7888939393939423,22.444444444445253,198.0,88.0,110.0,51.98086124401842,1.881,True,3.0,2.0,986.6802777777776,straight_03,157.58016600947406,503.9781416520251,HARD,25.0,2.0,0.021902151571489545,2694.970936061449,46940.698127420714,399.9999999999999,False,124,True,PIT_RELATED,,79.6,True,0.0,195.5709558823529,2.429044117647095,2.5457739999999998,True,2.5457739999999998,9.022260991215862,11,True,3.0,straight,0.283143087238992,3484.7408333333333,19,431.47976220214423,0,monaco_2026_R|HAM|LEC,monaco_2026_R|L60|monaco_2026_R|HAM|LEC,,False,v4_t0_anchored_30s_horizon
monaco_2026_R_00819,monaco_2026_R,2026,Monaco Grand Prix,BOR,PER,11,2026-06-07 14:19:53.418,2026-06-07 14:20:01.378,7.96,7.96,2026-06-07 14:20:23.418,30.0,57,29,97.02916666666079,2.0547352941175228,48.63555555555058,170.0,60.0,110.0,58.32608695652268,1.8399999999999999,True,17.0,16.0,2750.78666666667,corner_T15,4.464264780604935,302.474404464519,MEDIUM,14.0,3.0,0.2841429704404979,11045.53010045176,29493.95822400171,400.0,False,124,True,INVALID,,,False,-1.0,167.56952201884152,2.430477981158475,3.145597,True,3.145597,33.781520692990746,11,True,3.0,corner,0.789380558908136,3484.7408333333333,19,431.47976220214423,0,monaco_2026_R|BOR|PER,monaco_2026_R|L57|monaco_2026_R|BOR|PER,,True,v4_t0_anchored_30s_horizon
monaco_2026_R_00820,monaco_2026_R,2026,Monaco Grand Prix,ALO,COL,43,2026-06-07 14:19:57.498,2026-06-07 14:20:24.578,27.08,27.08,2026-06-07 14:20:27.498,30.0,58,98,94.79222222222256,1.8750109890109956,14.367777777778429,182.0,93.0,89.0,59.06993006993026,1.001,True,15.0,14.0,964.0694444444445,corner_T4,180.19099934280723,11.028263909065686,SOFT,55.0,2.0,0.1960660822740672,3404.36127751299,47315.54052569425,399.9999999999999,False,124,True,PIT_RELATED,,,False,0.0,181.32475564636346,0.6752443536365433,2.577796,True,2.577796,4.615817782533542,9,True,3.0,corner,0.27665456071298783,3484.7408333333333,19,431.47976220214423,0,monaco_2026_R|ALO|COL,monaco_2026_R|L58|monaco_2026_R|ALO|COL,,False,v4_t0_anchored_30s_horizon
monaco_2026_R_00821,monaco_2026_R,2026,Monaco Grand Prix,OCO,LEC,16,2026-06-07 14:20:00.658,2026-06-07 14:20:03.778,3.12,3.12,2026-06-07 14:20:30.658,30.0,58,13,95.50805555555553,2.6246488549618316,82.62527777777791,131.0,50.0,81.0,53.23809523809473,1.6800000000000002,True,13.0,3.0,1154.0941666666663,corner_T5,108.2329827744577,336.56425276313644,HARD,49.0,2.0,0.9129414175108697,7976.887456903531,14395.928263284251,400.0,False,124,True,PIT_RELATED,,69.56,True,0.0,116.51839080459769,14.481609195402314,4.422873,True,4.422873,31.057057461388727,12,True,3.0,corner,0.3311850785651443,3484.7408333333333,19,431.47976220214423,0,monaco_2026_R|LEC|OCO,monaco_2026_R|L58|monaco_2026_R|LEC|OCO,,False,v4_t0_anchored_30s_horizon
monaco_2026_R_00822,monaco_2026_R,2026,Monaco Grand Prix,LEC,HAM,44,2026-06-07 14:20:23.858,2026-06-07 14:20:30.858,7.0,7.0,2026-06-07 14:20:53.858,30.0,60,28,91.7113888888889,2.201073333333334,52.13361111111021,150.0,117.0,33.0,25.024477307496756,1.9609999999999999,True,3.0,2.0,1915.1197222222222,straight_05,183.42742468324923,292.32516457481233,HARD,25.0,2.0,0.021902151571489545,9851.378362603125,73267.81849894524,400.0,False,124,True,PIT_RELATED,,46.88,True,0.0,195.92979910714297,-45.92979910714297,2.24226,True,2.24226,15.30635489495203,11,True,3.0,straight,0.5495730712319034,3484.7408333333333,19,431.47976220214423,0,monaco_2026_R|HAM|LEC,monaco_2026_R|L60|monaco_2026_R|HAM|LEC,,False,v4_t0_anchored_30s_horizon
monaco_2026_R_00823,monaco_2026_R,2026,Monaco Grand Prix,ALB,LIN,41,2026-06-07 14:20:32.498,2026-06-07 14:20:56.738,24.24,24.24,2026-06-07 14:21:02.498,30.0,58,91,99.01861111110884,1.8761421052631149,45.14472222222048,190.0,104.0,86.0,52.8200000000008,2.0,True,10.0,9.0,2521.6719444444443,corner_T13,59.62939978650047,531.5891266867447,SOFT,15.0,2.0,0.3767386253579358,5323.389819668114,76408.4966612872,400.0,False,124,True,INVALID,,,False,0.0,141.0,49.0,2.730836,True,2.730836,41.79523956324455,12,True,3.0,corner,0.723632564098701,3484.7408333333333,19,431.47976220214423,0,monaco_2026_R|ALB|LIN,monaco_2026_R|L58|monaco_2026_R|ALB|LIN,,True,v4_t0_anchored_30s_horizon
monaco_2026_R_00824,monaco_2026_R,2026,Monaco Grand Prix,ALO,COL,43,2026-06-07 14:20:32.698,2026-06-07 14:21:12.258,39.56,39.56,2026-06-07 14:21:02.698,30.0,58,146,95.9738888888894,1.5220528634361314,10.411388888888723,227.0,129.0,98.0,70.02173913043502,1.8399999999999999,True,15.0,14.0,1862.154166666666,straight_05,236.39298023880542,345.2907201303685,SOFT,55.0,2.0,0.1960660822740672,11271.314280356148,78850.67218757232,400.0000000000002,False,124,True,PIT_RELATED,,,False,0.0,140.57380952380962,86.42619047619038,2.583285,True,2.583285,53.60593721079919,12,True,3.0,straight,0.5343737901120813,3484.7408333333333,19,431.47976220214423,0,monaco_2026_R|ALO|COL,monaco_2026_R|L58|monaco_2026_R|ALO|COL,,False,v4_t0_anchored_30s_horizon
monaco_2026_R_00825,monaco_2026_R,2026,Monaco Grand Prix,SAI,ALB,23,2026-06-07 14:20:35.617,2026-06-07 14:21:10.938,35.321,35.321,2026-06-07 14:21:05.617,30.0,58,134,96.29444444444289,2.0758083832334995,22.032499999999345,167.0,83.0,84.0,59.26913456728287,1.999,True,11.0,10.0,2541.61888888889,corner_T13,39.68245534205471,511.642182242299,SOFT,6.0,2.0,0.4020485264401488,4841.6231844857975,73311.30188122162,400.0,False,124,True,INVALID,,,False,0.0,193.83565934065956,-26.83565934065956,2.747671,True,2.747671,40.180913849926476,12,True,3.0,corner,0.7293566467201813,3484.7408333333333,19,431.47976220214423,0,monaco_2026_R|ALB|SAI,monaco_2026_R|L58|monaco_2026_R|ALB|SAI,,True,v4_t0_anchored_30s_horizon
monaco_2026_R_00826,monaco_2026_R,2026,Monaco Grand Prix,LIN,HAD,6,2026-06-07 14:20:38.298,2026-06-07 14:20:47.378,9.08,9.08,2026-06-07 14:21:08.298,30.0,58,32,94.77805555555688,2.472471014492788,62.75388888889074,138.0,41.0,97.0,87.65909090909149,1.76,True,9.0,5.0,2783.146388888886,brake_T17,6.44190431577681,270.11468224230293,MEDIUM,58.0,1.0,0.6171530418721741,12282.21967243939,27005.592968302753,400.0,False,124,True,INVALID,,,False,0.0,156.64314096499896,-18.643140964998963,4.938754,True,4.938754,70.43084364097597,13,True,3.0,brake,0.7986666791018326,3484.7408333333333,19,431.47976220214423,0,monaco_2026_R|HAD|LIN,monaco_2026_R|L58|monaco_2026_R|HAD|LIN,,True,v4_t0_anchored_30s_horizon
monaco_2026_R_00827,monaco_2026_R,2026,Monaco Grand Prix,BOR,PER,11,2026-06-07 14:20:38.738,2026-06-07 14:21:00.058,21.32,21.32,2026-06-07 14:21:08.738,30.0,58,79,99.4891666666673,2.340921568627466,24.72499999999991,153.0,62.0,91.0,62.4285714285713,1.96,True,17.0,16.0,992.8361111111109,straight_03,151.4243326761408,497.82230831869185,MEDIUM,15.0,3.0,0.2841429704404979,2537.3279019265733,46386.09768040885,399.9999999999999,False,4,True,PIT_RELATED,,,False,0.0,122.0,31.0,3.859868,True,3.859868,43.89053280647139,13,True,3.0,straight,0.28490959833056284,3484.7408333333333,19,431.47976220214423,0,monaco_2026_R|BOR|PER,monaco_2026_R|L58|monaco_2026_R|BOR|PER,,False,v4_t0_anchored_30s_horizon
monaco_2026_R_00828,monaco_2026_R,2026,Monaco Grand Prix,HUL,SAI,55,2026-06-07 14:20:47.058,2026-06-07 14:20:55.498,8.44,8.44,2026-06-07 14:21:17.058,30.0,58,32,97.27805555555778,2.466204225352169,72.52805555555688,142.0,53.0,89.0,80.06666666666752,1.8,True,12.0,11.0,2772.98472222222,corner_T16,16.60357098244276,280.2763489089689,HARD,46.0,2.0,0.8588806417744269,11768.873494443298,28911.23913508263,400.0,False,124,True,PIT_RELATED,,,False,0.0,130.98398268398157,11.016017316018434,4.312121,True,4.312121,64.58667388947714,12,True,3.0,corner,0.7957506324996106,3484.7408333333333,19,431.47976220214423,0,monaco_2026_R|HUL|SAI,monaco_2026_R|L58|monaco_2026_R|HUL|SAI,,True,v4_t0_anchored_30s_horizon
monaco_2026_R_00829,monaco_2026_R,2026,Monaco Grand Prix,RUS,ANT,12,2026-06-07 14:20:54.618,2026-06-07 14:22:19.778,85.16,85.16,2026-06-07 14:21:24.618,30.0,60,312,99.79000000000053,2.1905121951219626,20.31833333333384,164.0,65.0,99.0,57.53061224489749,1.96,True,5.0,1.0,981.042222222222,straight_03,163.2182215650297,509.61619720758074,HARD,29.0,2.0,0.8037172437077841,2839.3543422180155,47448.65017259017,399.9999999999999,False,4,True,PIT_RELATED,,,False,1.0,130.41563909774425,33.58436090225575,3.409218,True,3.409218,33.62457070328764,10,True,3.0,straight,0.28152516044752884,3484.7408333333333,19,431.47976220214423,0,monaco_2026_R|ANT|RUS,monaco_2026_R|L60|monaco_2026_R|ANT|RUS,,False,v4_t0_anchored_30s_horizon
monaco_2026_R_00830,monaco_2026_R,2026,Monaco Grand Prix,OCO,LEC,16,2026-06-07 14:20:59.098,2026-06-07 14:21:09.898,10.8,10.6,2026-06-07 14:21:29.098,30.0,58,43,98.77833333333729,5.47080000000022,11.0419444444492,65.0,35.0,30.0,36.14285714285824,1.96,True,13.0,3.0,2837.5130555555547,corner_T17,69.5519183084948,215.74801557563433,HARD,49.0,2.0,0.9129414175108697,15726.881886584815,8126.860760714638,400.0,False,124,True,PIT_RELATED,,11.12,False,0.0,92.42904589372336,-27.429045893723355,7.255445,True,7.255445,44.179263673222735,13,True,3.0,corner,0.8142680306131483,3484.7408333333333,19,431.47976220214423,0,monaco_2026_R|LEC|OCO,monaco_2026_R|L58|monaco_2026_R|LEC|OCO,,True,v4_t0_anchored_30s_horizon
monaco_2026_R_00831,monaco_2026_R,2026,Monaco Grand Prix,PIA,OCO,31,2026-06-07 14:21:09.097,2026-06-07 14:21:12.258,3.161,3.161,2026-06-07 14:21:39.097,30.0,59,13,10.9502777777775,,10.9502777777775,0.0,109.0,-109.0,-108.99999999999986,0.359,True,7.0,13.0,3000.9136111111115,corner_T19,,52.347460020077506,HARD,11.0,2.0,0.9143769884988312,24734.35070023141,138.44829854450123,400.0,False,124,True,PIT_RELATED,,,False,1.0,99.91392857142877,-99.91392857142877,0.36382,True,0.36382,-79.83872714052359,11,True,3.0,corner,0.8611583341882512,3484.7408333333333,19,431.47976220214423,0,monaco_2026_R|OCO|PIA,monaco_2026_R|L59|monaco_2026_R|OCO|PIA,,True,v4_t0_anchored_30s_horizon
monaco_2026_R_00832,monaco_2026_R,2026,Monaco Grand Prix,OCO,HUL,27,2026-06-07 14:21:10.218,2026-06-07 14:21:16.138,5.92,5.48,2026-06-07 14:21:40.218,30.0,58,21,87.32638888888778,2.514999999999968,21.481944444444252,125.0,58.0,67.0,,,False,13.0,12.0,3049.1938888888894,corner_T19,,4.067182242299623,HARD,49.0,2.0,0.9129414175108697,25786.61766158281,157.67531846495189,400.0,False,124,True,PIT_RELATED,,6.12,False,0.0,59.0,66.0,5.355677,True,5.355677,45.720431242381004,11,True,3.0,corner,0.875013102759834,3484.7408333333333,19,431.47976220214423,0,monaco_2026_R|HUL|OCO,monaco_2026_R|L58|monaco_2026_R|HUL|OCO,monaco_2026_R_00839,True,v4_t0_anchored_30s_horizon
monaco_2026_R_00833,monaco_2026_R,2026,Monaco Grand Prix,PIA,COL,43,2026-06-07 14:21:13.018,2026-06-07 14:21:17.178,4.16,4.16,2026-06-07 14:21:43.018,30.0,59,15,15.79555555555362,0.9637966101693733,15.79555555555362,59.0,146.0,-87.0,-83.57142857142564,0.56,True,7.0,14.0,3045.395,corner_T19,,7.866071131189074,HARD,11.0,2.0,0.9143769884988312,25703.821011447064,156.16245823083213,400.0,False,124,True,PIT_RELATED,,,False,1.0,137.14136690647584,-78.14136690647584,0.394345,True,0.394345,-62.042091341647065,12,True,3.0,corner,0.8739229531416612,3484.7408333333333,19,431.47976220214423,0,monaco_2026_R|COL|PIA,monaco_2026_R|L59|monaco_2026_R|COL|PIA,,True,v4_t0_anchored_30s_horizon
monaco_2026_R_00834,monaco_2026_R,2026,Monaco Grand Prix,COL,OCO,31,2026-06-07 14:21:13.018,2026-06-07 14:21:16.138,3.12,3.12,2026-06-07 14:21:43.018,30.0,58,11,53.727777777780375,1.3247945205480092,33.5166666666687,146.0,68.0,78.0,,,False,14.0,13.0,3061.2433333333315,straight_07,,,HARD,23.0,2.0,0.9146373613979384,25875.261755949163,159.29502318895393,400.0,False,124,True,INVALID,,,False,0.0,115.62041719342716,30.37958280657284,2.426743,True,2.426743,30.629328809840157,12,True,3.0,straight,0.878470876241633,3484.7408333333333,19,431.47976220214423,0,monaco_2026_R|COL|OCO,monaco_2026_R|L58|monaco_2026_R|COL|OCO,,True,v4_t0_anchored_30s_horizon
monaco_2026_R_00835,monaco_2026_R,2026,Monaco Grand Prix,ALO,HAM,44,2026-06-07 14:21:13.298,2026-06-07 14:21:22.778,9.48,9.48,2026-06-07 14:21:43.298,30.0,58,33,37.59055555555642,2.2936610169492053,25.535000000000764,59.0,11.0,48.0,,,False,15.0,2.0,3012.308888888888,corner_T19,,40.952182242301205,SOFT,55.0,2.0,0.1960660822740672,24982.710379853943,142.98632613913983,400.0,False,124,True,PIT_RELATED,,,False,0.0,,,,False,12.580566,57.690429042874875,12,True,3.0,corner,0.8644283844797319,3484.7408333333333,19,431.47976220214423,0,monaco_2026_R|ALO|HAM,monaco_2026_R|L58|monaco_2026_R|ALO|HAM,,True,v4_t0_anchored_30s_horizon
monaco_2026_R_00836,monaco_2026_R,2026,Monaco Grand Prix,GAS,HAM,44,2026-06-07 14:21:14.058,2026-06-07 14:21:18.618,4.56,3.88,2026-06-07 14:21:44.058,30.0,59,13,97.03138888888861,4.596223684210513,11.398055555555857,76.0,26.0,50.0,48.315789473683346,0.76,True,6.0,2.0,2957.5547222222217,corner_T18,35.70634890896736,95.70634890896736,HARD,14.0,2.0,0.5800159817636665,22888.944860584357,564.8919106956305,400.0,False,124,True,PIT_RELATED,,5.0,False,-1.0,,,,False,16.62915,45.22662006419582,11,True,3.0,corner,0.8487158338811581,3484.7408333333333,19,431.47976220214423,0,monaco_2026_R|GAS|HAM,monaco_2026_R|L59|monaco_2026_R|GAS|HAM,,True,v4_t0_anchored_30s_horizon
monaco_2026_R_00837,monaco_2026_R,2026,Monaco Grand Prix,SAI,ALB,23,2026-06-07 14:21:16.338,2026-06-07 14:21:23.578,7.24,7.24,2026-06-07 14:21:46.338,30.0,59,27,98.54694444444453,1.5837901785714301,80.99138888888888,224.0,160.0,64.0,41.06521739130389,1.8399999999999999,True,11.0,10.0,594.8874999999998,brake_T2,29.713061058064795,380.2102083535103,SOFT,7.0,2.0,0.4020485264401488,6522.220266642668,74208.99238354474,400.0,False,4,True,PIT_RELATED,,,False,0.0,223.8996331023237,0.10036689767630946,1.938959,True,1.938959,25.771082119601058,10,True,3.0,brake,0.17071212134618327,3484.7408333333333,19,431.47976220214423,0,monaco_2026_R|ALB|SAI,monaco_2026_R|L59|monaco_2026_R|ALB|SAI,,False,v4_t0_anchored_30s_horizon
monaco_2026_R_00838,monaco_2026_R,2026,Monaco Grand Prix,COL,HUL,27,2026-06-07 14:21:16.338,2026-06-07 14:23:14.138,117.8,117.8,2026-06-07 14:21:46.338,30.0,58,412,51.77638888889078,1.5663445378151832,10.501944444444689,119.0,59.0,60.0,,,False,14.0,12.0,3184.1877777777763,straight_07,,,HARD,23.0,2.0,0.9146373613979384,19442.22246012592,119.69151488558353,300.55305555555697,True,124,True,PIT_RELATED,,,False,0.0,58.0,61.0,3.153224,True,3.153224,70.13000161063134,10,True,3.0,straight,0.9137516762564915,3484.7408333333333,19,431.47976220214423,0,monaco_2026_R|COL|HUL,monaco_2026_R|L58|monaco_2026_R|COL|HUL,,True,v4_t0_anchored_30s_horizon
monaco_2026_R_00839,monaco_2026_R,2026,Monaco Grand Prix,HUL,OCO,31,2026-06-07 14:21:17.538,2026-06-07 14:22:10.138,52.6,52.6,2026-06-07 14:21:47.538,30.0,59,184,18.282222222222224,0.8775466666666668,12.83055555555552,75.0,231.0,-156.0,-49.692499999999974,1.2,True,13.0,12.0,20.006666666666668,straight_01,203.24575837042522,263.2457583704252,HARD,47.0,3.0,0.8588806417744269,14870.139811011028,69435.5725617576,400.0,False,4,True,PIT_RELATED,,,False,1.0,225.91746031746032,-150.91746031746032,0.304952,True,0.304952,-132.83301752244876,11,True,3.0,straight,0.005741220832060921,3484.7408333333333,19,431.47976220214423,0,monaco_2026_R|HUL|OCO,monaco_2026_R|L59|monaco_2026_R|HUL|OCO,monaco_2026_R_00832,False,v4_t0_anchored_30s_horizon
monaco_2026_R_00840,monaco_2026_R,2026,Monaco Grand Prix,ALB,LIN,41,2026-06-07 14:21:23.578,2026-06-07 14:22:42.499,78.921,78.921,2026-06-07 14:21:53.578,30.0,59,284,96.5094444444444,1.951876404494381,35.229722222220516,178.0,96.0,82.0,26.00340909090955,1.76,True,10.0,9.0,974.4252777777776,corner_T4,169.83516600947405,0.6724305757325055,SOFT,16.0,2.0,0.3767386253579358,3016.754075272041,47943.44094381338,400.0,False,4,True,PIT_RELATED,,,False,0.0,157.4905660377358,20.50943396226421,2.500377,True,2.500377,-10.598062239443319,11,True,3.0,corner,0.2796263264277504,3484.7408333333333,19,431.47976220214423,0,monaco_2026_R|ALB|LIN,monaco_2026_R|L59|monaco_2026_R|ALB|LIN,,False,v4_t0_anchored_30s_horizon
monaco_2026_R_00841,monaco_2026_R,2026,Monaco Grand Prix,ALO,LEC,16,2026-06-07 14:21:24.338,2026-06-07 14:21:32.978,8.64,8.64,2026-06-07 14:21:54.338,30.0,58,32,10.647500000005948,3.8331000000021413,10.647500000005948,10.0,59.0,-49.0,-51.72727272727157,0.44,True,15.0,3.0,3096.608888888888,straight_07,,,SOFT,55.0,2.0,0.1960660822740672,25107.539145863848,154.56871772662922,388.13194444444525,True,124,True,PIT_RELATED,,,False,0.0,60.0,-50.0,0.6458,True,0.6458,-43.761284851188016,11,True,3.0,straight,0.8886195665595088,3484.7408333333333,19,431.47976220214423,0,monaco_2026_R|ALO|LEC,monaco_2026_R|L58|monaco_2026_R|ALO|LEC,,True,v4_t0_anchored_30s_horizon
monaco_2026_R_00842,monaco_2026_R,2026,Monaco Grand Prix,LIN,HAD,6,2026-06-07 14:21:26.618,2026-06-07 14:21:39.298,12.68,12.68,2026-06-07 14:21:56.618,30.0,59,46,99.43361111111199,4.365378048780526,67.73361111111194,82.0,42.0,40.0,26.979166666665865,1.92,True,9.0,4.0,1136.6536111111106,brake_T5,7.606832676141039,354.0048083186921,MEDIUM,59.0,1.0,0.6171530418721741,6998.926066190681,17765.868579514427,400.0,False,4,True,PIT_RELATED,,,False,0.0,79.91035156249949,2.0896484375005144,4.805737,True,4.805737,21.964094120140484,13,True,3.0,brake,0.3261802427998191,3484.7408333333333,19,431.47976220214423,0,monaco_2026_R|HAD|LIN,monaco_2026_R|L59|monaco_2026_R|HAD|LIN,,False,v4_t0_anchored_30s_horizon
monaco_2026_R_00843,monaco_2026_R,2026,Monaco Grand Prix,PIA,GAS,10,2026-06-07 14:21:52.818,2026-06-07 14:22:21.058,28.24,28.24,2026-06-07 14:22:22.818,30.0,60,98,99.02111111111128,2.475527777777782,53.951666666667734,144.0,64.0,80.0,82.66666666666616,1.92,True,7.0,6.0,1019.7302777777776,straight_03,124.5301660094741,470.92814165202515,SOFT,5.0,3.0,0.9143769884988312,2120.1619080728674,42766.38727878618,400.0000000000001,False,4,True,PIT_RELATED,,,False,0.0,165.32160493827183,-21.321604938271832,3.898648,True,3.898648,71.18134043624306,10,True,3.0,straight,0.292627293261965,3484.7408333333333,19,431.47976220214423,0,monaco_2026_R|GAS|PIA,monaco_2026_R|L60|monaco_2026_R|GAS|PIA,,False,v4_t0_anchored_30s_horizon
monaco_2026_R_00844,monaco_2026_R,2026,Monaco Grand Prix,SAI,ALB,23,2026-06-07 14:21:58.538,2026-06-07 14:29:35.060,456.522,456.522,2026-06-07 14:22:28.538,30.0,59,1679,99.90555555555693,1.6650925925926154,10.161111111111268,216.0,132.0,84.0,38.75609756097613,1.6400000000000001,True,11.0,10.0,1829.546388888889,straight_05,269.0007580165825,377.8984979081456,SOFT,7.0,2.0,0.4020485264401488,11279.930318981671,88094.47700110843,400.0,False,4,True,PIT_RELATED,,,False,0.0,228.0086940836939,-12.00869408369391,1.998956,True,1.998956,-7.712221677479872,11,True,3.0,straight,0.525016486560016,3484.7408333333333,19,431.47976220214423,0,monaco_2026_R|ALB|SAI,monaco_2026_R|L59|monaco_2026_R|ALB|SAI,,False,v4_t0_anchored_30s_horizon
monaco_2026_R_00845,monaco_2026_R,2026,Monaco Grand Prix,ALO,HAM,44,2026-06-07 14:22:05.978,2026-06-07 14:22:09.778,3.8,3.8,2026-06-07 14:22:35.978,30.0,59,13,97.34861111111059,3.047434782608679,88.81527777777706,115.0,50.0,65.0,44.32608695652176,1.8399999999999999,True,15.0,2.0,1166.0416666666667,corner_T5,96.28548277445725,324.616752763136,SOFT,1.0,3.0,0.1960660822740672,8630.090052449228,12301.164509831524,400.0,False,4,True,PIT_RELATED,,,False,0.0,81.60786897590414,33.39213102409586,5.889096,True,5.889096,33.33897960370588,9,True,3.0,corner,0.33461359752004516,3484.7408333333333,19,431.47976220214423,0,monaco_2026_R|ALO|HAM,monaco_2026_R|L59|monaco_2026_R|ALO|HAM,,False,v4_t0_anchored_30s_horizon
monaco_2026_R_00846,monaco_2026_R,2026,Monaco Grand Prix,HUL,OCO,31,2026-06-07 14:22:17.178,2026-06-07 14:33:52.381,695.203,695.203,2026-06-07 14:22:47.178,30.0,59,2520,96.23083333333352,1.8427180851063867,10.027777777776464,188.0,92.0,96.0,91.58467952058326,1.919,True,13.0,12.0,1920.6844444444444,straight_05,177.86270246102708,286.7604423525902,HARD,47.0,3.0,0.8588806417744269,9702.195580080175,72681.26692483903,399.9999999999998,False,4,True,PIT_RELATED,,,False,1.0,147.36900383141784,40.63099616858216,3.318765,True,3.318765,84.40137756842387,12,True,3.0,straight,0.551169953895025,3484.7408333333333,19,431.47976220214423,0,monaco_2026_R|HUL|OCO,monaco_2026_R|L59|monaco_2026_R|HUL|OCO,,False,v4_t0_anchored_30s_horizon
monaco_2026_R_00847,monaco_2026_R,2026,Monaco Grand Prix,LIN,HAD,6,2026-06-07 14:22:22.699,2026-06-07 14:22:34.618,11.919,11.919,2026-06-07 14:22:52.699,30.0,59,47,99.19999999999845,2.429387755102003,60.96499999999787,147.0,42.0,105.0,86.90838423098396,1.8010000000000002,True,9.0,4.0,2782.6155555555556,brake_T17,6.97273764910733,270.64551557563345,MEDIUM,59.0,1.0,0.6171530418721741,12252.364482134479,27132.09669790417,400.0,False,4,True,PIT_RELATED,,,False,0.0,161.5245481927712,-14.524548192771192,4.500018,True,4.500018,67.05349706906188,13,True,3.0,brake,0.79851434830918,3484.7408333333333,19,431.47976220214423,0,monaco_2026_R|HAD|LIN,monaco_2026_R|L59|monaco_2026_R|HAD|LIN,,True,v4_t0_anchored_30s_horizon
monaco_2026_R_00848,monaco_2026_R,2026,Monaco Grand Prix,RUS,ANT,12,2026-06-07 14:22:22.939,2026-06-07 14:22:31.058,8.119,8.119,2026-06-07 14:22:52.939,30.0,60,25,25.561666666668316,5.413058823529761,19.87666666666837,17.0,6.0,11.0,,,False,5.0,1.0,2992.6969444444435,brake_T19,0.564126686745567,60.56412668674557,HARD,29.0,2.0,0.8037172437077841,24543.712346169348,135.34797374706096,400.0,False,4,True,PIT_RELATED,,,False,1.0,58.91758620689707,-41.91758620689707,5.544517,True,5.544517,24.175213953758284,13,True,3.0,brake,0.858800435262721,3484.7408333333333,19,431.47976220214423,0,monaco_2026_R|ANT|RUS,monaco_2026_R|L60|monaco_2026_R|ANT|RUS,,True,v4_t0_anchored_30s_horizon
monaco_2026_R_00849,monaco_2026_R,2026,Monaco Grand Prix,HAD,RUS,63,2026-06-07 14:22:24.018,2026-06-07 14:22:29.219,5.201,5.201,2026-06-07 14:22:54.018,30.0,60,20,97.21250000000009,6.249375000000006,37.446666666667625,56.0,12.0,44.0,32.18839808408727,1.879,True,4.0,5.0,2899.646666666666,brake_T18,7.418307197383456,153.61440446452298,HARD,28.0,2.0,0.009513094021654284,19424.45724044623,2974.0820611334534,400.0,False,4,True,PIT_RELATED,,7.48,False,-1.0,,,,False,11.186386,27.47297690218208,14,True,3.0,brake,0.8320982263386874,3484.7408333333333,19,431.47976220214423,0,monaco_2026_R|HAD|RUS,monaco_2026_R|L60|monaco_2026_R|HAD|RUS,monaco_2026_R_00852,True,v4_t0_anchored_30s_horizon
monaco_2026_R_00850,monaco_2026_R,2026,Monaco Grand Prix,PIA,GAS,10,2026-06-07 14:22:24.858,2026-06-07 14:22:41.339,16.481,16.481,2026-06-07 14:22:54.858,30.0,60,64,93.76638888888988,2.0213113772455302,42.93027777777843,167.0,87.0,80.0,53.760291818656206,1.919,True,7.0,6.0,1941.141944444443,straight_05,157.40520246102847,266.3029423525916,SOFT,5.0,3.0,0.9143769884988312,9153.757284045289,70524.936680832,399.9999999999998,False,4,True,PIT_RELATED,,,False,0.0,224.99216589862053,-57.99216589862053,2.390041,True,2.390041,23.82545970330712,13,True,3.0,straight,0.557040548288821,3484.7408333333333,19,431.47976220214423,0,monaco_2026_R|GAS|PIA,monaco_2026_R|L60|monaco_2026_R|GAS|PIA,,False,v4_t0_anchored_30s_horizon
monaco_2026_R_00851,monaco_2026_R,2026,Monaco Grand Prix,HAD,ANT,12,2026-06-07 14:22:29.579,2026-06-07 14:22:40.658,11.079,11.079,2026-06-07 14:22:59.579,30.0,60,44,98.52194444444694,5.911316666666816,96.32222222222617,60.0,59.0,1.0,,,False,4.0,1.0,2984.8188888888876,brake_T19,8.442182242301442,68.44218224230144,HARD,28.0,2.0,0.009513094021654284,24210.624844780687,134.61067564766648,400.0,False,4,True,PIT_RELATED,,,False,-1.0,,,,False,12.665491,1.0684412853032017,11,True,3.0,brake,0.8565397060055554,3484.7408333333333,19,431.47976220214423,0,monaco_2026_R|ANT|HAD,monaco_2026_R|L60|monaco_2026_R|ANT|HAD,,True,v4_t0_anchored_30s_horizon
monaco_2026_R_00852,monaco_2026_R,2026,Monaco Grand Prix,RUS,HAD,6,2026-06-07 14:22:32.298,2026-06-07 14:22:42.499,10.201,10.201,2026-06-07 14:23:02.298,30.0,60,41,13.63666666666586,,13.63666666666586,0.0,60.0,-60.0,-60.00000000000068,0.8,True,5.0,4.0,3016.210555555555,corner_T19,,37.05051557563411,HARD,29.0,2.0,0.8037172437077841,25067.747068052733,144.5401163444956,400.0,False,4,True,PIT_RELATED,,,False,1.0,59.95113636363646,-59.95113636363646,0.8215,True,0.8215,-59.60656420385677,12,True,3.0,corner,0.8655480277626256,3484.7408333333333,19,431.47976220214423,0,monaco_2026_R|HAD|RUS,monaco_2026_R|L60|monaco_2026_R|HAD|RUS,monaco_2026_R_00849,True,v4_t0_anchored_30s_horizon
monaco_2026_R_00853,monaco_2026_R,2026,Monaco Grand Prix,ALB,LIN,41,2026-06-07 14:22:45.418,2026-06-07 14:26:43.299,237.881,237.881,2026-06-07 14:23:15.418,30.0,59,833,42.83916666666437,2.570349999999862,10.040277777778556,60.0,54.0,6.0,,,False,10.0,9.0,3129.496666666669,straight_07,,,SOFT,16.0,2.0,0.3767386253579358,22980.08949943491,141.4715694172672,355.2441666666641,True,4,True,PIT_RELATED,,,False,0.0,60.0,0.0,2.74615,True,2.74615,1.4537967023290819,12,True,3.0,straight,0.8980572204197881,3484.7408333333333,19,431.47976220214423,0,monaco_2026_R|ALB|LIN,monaco_2026_R|L59|monaco_2026_R|ALB|LIN,,True,v4_t0_anchored_30s_horizon
monaco_2026_R_00854,monaco_2026_R,2026,Monaco Grand Prix,LIN,RUS,63,2026-06-07 14:22:50.618,2026-06-07 14:26:43.299,232.681,226.881,2026-06-07 14:23:20.618,30.0,60,623,16.0775,0.96465,10.01861111110884,60.0,73.0,-13.0,-25.180193976520478,1.959,True,9.0,5.0,7.578611111111112,straight_01,215.67381392598077,275.67381392598077,MEDIUM,60.0,2.0,0.6171530418721741,14635.165400726655,72543.27155259995,400.0,False,4,True,PIT_RELATED,,,False,0.0,59.0,1.0,0.868576,True,0.868576,-4.590344202854562,12,True,3.0,straight,0.002174799066437828,3484.7408333333333,19,431.47976220214423,0,monaco_2026_R|LIN|RUS,monaco_2026_R|L60|monaco_2026_R|LIN|RUS,,False,v4_t0_anchored_30s_horizon
monaco_2026_R_00855,monaco_2026_R,2026,Monaco Grand Prix,HAD,ANT,12,2026-06-07 14:22:59.778,2026-06-07 14:26:45.700,225.922,224.962,2026-06-07 14:23:29.778,30.0,61,780,94.4844444444443,1.7178989898989874,10.029722222221153,198.0,108.0,90.0,107.23913043478267,1.8399999999999999,True,4.0,1.0,547.9577777777777,brake_T2,76.64278328028695,427.1399305757325,HARD,29.0,3.0,0.009513094021654284,7263.836743475568,79131.01977148351,400.0,False,4,True,PIT_RELATED,,,False,0.0,115.25894736842106,82.74105263157894,2.941947,True,2.941947,109.22083202969773,12,True,3.0,brake,0.15724491547155545,3484.7408333333333,19,431.47976220214423,0,monaco_2026_R|ANT|HAD,monaco_2026_R|L61|monaco_2026_R|ANT|HAD,,False,v4_t0_anchored_30s_horizon
monaco_2026_R_00856,monaco_2026_R,2026,Monaco Grand Prix,ALO,HAM,44,2026-06-07 14:23:01.379,2026-06-07 14:23:41.939,40.56,40.56,2026-06-07 14:23:31.379,30.0,59,139,99.80916666666326,3.9055760869563887,10.22666666666666,92.0,39.0,53.0,80.96810207336698,1.881,True,15.0,2.0,2833.4411111111103,corner_T17,73.6238627529392,219.81996002007872,SOFT,1.0,3.0,0.1960660822740672,15464.98842516945,9600.461797457929,400.0,False,4,True,PIT_RELATED,,,False,0.0,91.83882428940359,0.16117571059641023,7.491197,True,7.491197,94.1244083449662,11,True,3.0,corner,0.8130995235019468,3484.7408333333333,19,431.47976220214423,0,monaco_2026_R|ALO|HAM,monaco_2026_R|L59|monaco_2026_R|ALO|HAM,,True,v4_t0_anchored_30s_horizon
monaco_2026_R_00857,monaco_2026_R,2026,Monaco Grand Prix,LEC,HAM,44,2026-06-07 14:23:02.939,2026-06-07 14:23:40.418,37.479,37.479,2026-06-07 14:23:32.939,30.0,61,141,95.83527777777272,4.312587499999772,25.720277777777778,80.0,37.0,43.0,67.87500000000051,1.92,True,3.0,2.0,2854.0327777777784,brake_T18,53.03219608627114,199.22829335341066,SOFT,5.0,3.0,0.021902151571489545,16762.858112389084,3687.431321690223,400.0,False,4,True,PIT_RELATED,,,False,0.0,69.47126865671189,10.528731343288115,8.09885,True,8.09885,78.8414972590312,11,True,3.0,brake,0.8190086190850956,3484.7408333333333,19,431.47976220214423,0,monaco_2026_R|HAM|LEC,monaco_2026_R|L61|monaco_2026_R|HAM|LEC,,True,v4_t0_anchored_30s_horizon
monaco_2026_R_00858,monaco_2026_R,2026,Monaco Grand Prix,RUS,HAD,6,2026-06-07 14:23:05.938,2026-06-07 14:26:43.299,217.361,217.361,2026-06-07 14:23:35.938,30.0,61,805,98.6338888888888,2.6900151515151496,19.684444444444125,132.0,97.0,35.0,67.75510204081617,1.96,True,5.0,4.0,666.2175000000001,corner_T2,122.07275803148411,308.88020835351006,SOFT,5.0,3.0,0.8037172437077841,5977.035676398293,51746.03207672159,400.0000000000001,False,4,True,PIT_RELATED,,,False,0.0,143.0043390287767,-11.004339028776712,3.4975680000000002,True,3.4975680000000002,85.95983890215739,11,True,3.0,corner,0.19118136236338956,3484.7408333333333,19,431.47976220214423,0,monaco_2026_R|HAD|RUS,monaco_2026_R|L61|monaco_2026_R|HAD|RUS,,False,v4_t0_anchored_30s_horizon
monaco_2026_R_00859,monaco_2026_R,2026,Monaco Grand Prix,PER,LAW,30,2026-06-07 14:23:18.298,2026-06-07 14:23:42.139,23.841,23.841,2026-06-07 14:23:48.298,30.0,59,89,96.57444444444627,2.333342281879239,58.03638888889009,149.0,50.0,99.0,98.59866592551371,1.799,True,16.0,8.0,2794.819444444443,corner_T17,112.24552941960656,258.4416266867461,MEDIUM,55.0,3.0,0.917608898594956,12980.975662479555,23577.304757190494,400.0,False,4,True,PIT_RELATED,,,False,0.0,112.5602272727278,36.4397727272722,5.696545,True,5.696545,87.02826073360691,14,True,3.0,corner,0.802016442000668,3484.7408333333333,19,431.47976220214423,0,monaco_2026_R|LAW|PER,monaco_2026_R|L59|monaco_2026_R|LAW|PER,,True,v4_t0_anchored_30s_horizon
monaco_2026_R_00860,monaco_2026_R,2026,Monaco Grand Prix,COL,HUL,27,2026-06-07 14:23:43.979,2026-06-07 14:23:50.379,6.4,6.4,2026-06-07 14:24:13.979,30.0,60,26,99.59944444444409,4.979972222222204,64.57805555555547,72.0,48.0,24.0,13.760869565217334,1.8399999999999999,True,14.0,13.0,1125.6402777777773,brake_T5,18.62016600947436,365.0181416520254,HARD,25.0,3.0,0.9146373613979384,6361.41451918205,20148.67328245186,400.0,False,4,True,PIT_RELATED,,,False,0.0,75.89391025641055,-3.8939102564105497,4.245243,True,4.245243,4.400792101284562,12,True,3.0,brake,0.3230197973434497,3484.7408333333333,19,431.47976220214423,0,monaco_2026_R|COL|HUL,monaco_2026_R|L60|monaco_2026_R|COL|HUL,,False,v4_t0_anchored_30s_horizon
monaco_2026_R_00861,monaco_2026_R,2026,Monaco Grand Prix,PIA,GAS,10,2026-06-07 14:23:45.978,2026-06-07 14:24:01.219,15.241,15.241,2026-06-07 14:24:15.978,30.0,61,58,96.33527777777795,2.2667124183006577,49.171111111110804,153.0,66.0,87.0,85.50675337668838,1.999,True,7.0,6.0,1024.4652777777778,brake_T5,119.79516600947386,466.1931416520249,SOFT,6.0,4.0,0.9143769884988312,2069.277776422078,42038.52792709721,400.0,False,4,True,PIT_RELATED,,,False,0.0,164.8225806451615,-11.822580645161509,3.6354509999999998,True,3.6354509999999998,71.83439955533862,12,True,3.0,brake,0.2939860743669205,3484.7408333333333,19,431.47976220214423,0,monaco_2026_R|GAS|PIA,monaco_2026_R|L61|monaco_2026_R|GAS|PIA,,False,v4_t0_anchored_30s_horizon
monaco_2026_R_00862,monaco_2026_R,2026,Monaco Grand Prix,ALO,HAM,44,2026-06-07 14:23:47.059,2026-06-07 14:24:17.459,30.4,30.4,2026-06-07 14:24:17.059,30.0,60,110,96.18777777777791,1.5528071748878947,28.718333333334613,223.0,158.0,65.0,58.26453014665957,1.841,True,15.0,2.0,605.5094444444445,brake_T2,19.091116613620102,369.58826390906563,SOFT,2.0,4.0,0.1960660822740672,6281.756264981088,74020.83056766636,400.0,False,4,True,PIT_RELATED,,,False,0.0,221.01871559633037,1.9812844036696333,1.9080819999999998,True,1.9080819999999998,39.31670707821075,11,True,3.0,brake,0.17376025173879106,3484.7408333333333,19,431.47976220214423,0,monaco_2026_R|ALO|HAM,monaco_2026_R|L60|monaco_2026_R|ALO|HAM,,False,v4_t0_anchored_30s_horizon
monaco_2026_R_00863,monaco_2026_R,2026,Monaco Grand Prix,OCO,SAI,55,2026-06-07 14:24:01.539,2026-06-07 14:31:08.941,427.402,427.402,2026-06-07 14:24:31.539,30.0,60,1472,96.51361111111237,1.9196077348066547,10.014444444444962,181.0,54.0,127.0,172.0158082610921,1.9609999999999999,True,12.0,11.0,1979.7358333333318,brake_T10,118.81131357213962,227.70905346370273,HARD,51.0,3.0,0.9129414175108697,8444.485287532088,64468.84262539742,400.0,False,4,True,PIT_RELATED,,,False,0.0,96.28067251462046,84.71932748537954,4.811726,True,4.811726,181.8443272213549,12,True,3.0,brake,0.5681156585293642,3484.7408333333333,19,431.47976220214423,0,monaco_2026_R|OCO|SAI,monaco_2026_R|L60|monaco_2026_R|OCO|SAI,,False,v4_t0_anchored_30s_horizon
monaco_2026_R_00864,monaco_2026_R,2026,Monaco Grand Prix,LEC,HAM,44,2026-06-07 14:24:03.739,2026-06-07 14:24:13.098,9.359,9.359,2026-06-07 14:24:33.739,30.0,62,34,99.29694444444476,4.6424545454545605,64.44694444444485,77.0,51.0,26.0,5.195652173913063,1.8399999999999999,True,3.0,2.0,1131.2750000000003,brake_T5,12.98544378725137,359.3834194298024,SOFT,6.0,4.0,0.021902151571489545,6687.582843714734,18929.565297204368,400.0,False,4,True,PIT_RELATED,,,False,0.0,73.82635135135129,3.173648648648708,4.188783,True,4.188783,-7.499355370127591,11,True,3.0,brake,0.3246367675836248,3484.7408333333333,19,431.47976220214423,0,monaco_2026_R|HAM|LEC,monaco_2026_R|L62|monaco_2026_R|HAM|LEC,,False,v4_t0_anchored_30s_horizon
monaco_2026_R_00865,monaco_2026_R,2026,Monaco Grand Prix,ALO,HAM,44,2026-06-07 14:24:23.059,2026-06-07 14:24:34.659,11.6,11.6,2026-06-07 14:24:53.059,30.0,60,43,90.4025000000006,1.2053666666666747,31.756666666666206,270.0,180.0,90.0,42.4375000000002,1.92,True,15.0,2.0,1908.7208333333326,straight_05,189.82631357213882,298.7240534637019,SOFT,2.0,4.0,0.1960660822740672,10022.92404114349,73942.295714595,400.0000000000002,False,4,True,PIT_RELATED,,,False,0.0,251.44415160642595,18.555848393574053,1.5182120000000001,True,1.5182120000000001,22.660100424867252,13,True,3.0,straight,0.5477368116088975,3484.7408333333333,19,431.47976220214423,0,monaco_2026_R|ALO|HAM,monaco_2026_R|L60|monaco_2026_R|ALO|HAM,,False,v4_t0_anchored_30s_horizon
monaco_2026_R_00866,monaco_2026_R,2026,Monaco Grand Prix,COL,HUL,27,2026-06-07 14:24:26.899,2026-06-07 14:28:14.699,227.8,227.8,2026-06-07 14:24:56.899,30.0,60,823,95.83416666666608,3.0263421052631396,10.125555555553092,114.0,66.0,48.0,32.253513794899725,1.921,True,14.0,13.0,2709.151388888889,corner_T15,46.09954255838602,344.1096822423001,HARD,25.0,3.0,0.9146373613979384,9771.438138291705,29488.54947026974,400.0,False,4,True,PIT_RELATED,,,False,0.0,105.23376623376629,8.76623376623371,3.666909,True,3.666909,25.34706694780171,12,True,3.0,corner,0.7774326753296734,3484.7408333333333,19,431.47976220214423,0,monaco_2026_R|COL|HUL,monaco_2026_R|L60|monaco_2026_R|COL|HUL,,True,v4_t0_anchored_30s_horizon
monaco_2026_R_00867,monaco_2026_R,2026,Monaco Grand Prix,PIA,GAS,10,2026-06-07 14:24:34.299,2026-06-07 14:25:05.418,31.119,31.119,2026-06-07 14:25:04.299,30.0,61,117,96.42666666666219,2.2252307692306657,29.453333333333347,156.0,58.0,98.0,53.56778309409988,1.881,True,7.0,6.0,2756.4611111111135,corner_T16,33.127182093549436,296.79996002007556,SOFT,6.0,4.0,0.9143769884988312,11222.181622513443,29454.732993531918,400.0,False,4,True,PIT_RELATED,,,False,0.0,171.11097142857417,-15.110971428574175,3.289634,True,3.289634,21.391348522129316,13,True,3.0,corner,0.7910089280511622,3484.7408333333333,19,431.47976220214423,0,monaco_2026_R|GAS|PIA,monaco_2026_R|L61|monaco_2026_R|GAS|PIA,,True,v4_t0_anchored_30s_horizon
monaco_2026_R_00868,monaco_2026_R,2026,Monaco Grand Prix,LAW,LEC,16,2026-06-07 14:24:53.939,2026-06-07 14:24:57.299,3.36,3.36,2026-06-07 14:25:23.939,30.0,61,12,94.67611111110728,2.582075757575653,89.26499999999533,132.0,62.0,70.0,94.94408090422574,1.681,True,8.0,3.0,2802.8841666666676,corner_T17,104.18080719738191,250.37690446452143,SOFT,21.0,3.0,0.92483423909381,13499.670857600287,20658.75240711332,400.0,False,4,True,PIT_RELATED,,,False,0.0,158.87284768211578,-26.872847682115776,4.077456,True,4.077456,80.93896062078197,11,True,3.0,corner,0.804330738129976,3484.7408333333333,19,431.47976220214423,0,monaco_2026_R|LAW|LEC,monaco_2026_R|L61|monaco_2026_R|LAW|LEC,,True,v4_t0_anchored_30s_horizon
monaco_2026_R_00869,monaco_2026_R,2026,Monaco Grand Prix,PIA,GAS,10,2026-06-07 14:25:09.379,2026-06-07 14:26:52.740,103.361,103.361,2026-06-07 14:25:39.379,30.0,62,386,95.26111111111152,1.8537297297297377,19.586111111111904,185.0,111.0,74.0,59.260869565217625,1.8399999999999999,True,7.0,6.0,588.3266666666665,brake_T2,36.27389439139813,386.77104168684366,SOFT,7.0,4.0,0.9143769884988312,6670.747143790207,74325.21388330236,400.0,False,4,True,INVALID,,,False,0.0,195.90054644808825,-10.90054644808825,2.5690049999999998,True,2.5690049999999998,31.416396850119916,12,True,3.0,brake,0.16882938927309032,3484.7408333333333,19,431.47976220214423,0,monaco_2026_R|GAS|PIA,monaco_2026_R|L62|monaco_2026_R|GAS|PIA,,False,v4_t0_anchored_30s_horizon
monaco_2026_R_00870,monaco_2026_R,2026,Monaco Grand Prix,BOR,PER,11,2026-06-07 14:25:16.099,2026-06-07 14:25:21.979,5.88,5.88,2026-06-07 14:25:46.099,30.0,60,26,96.64805555555358,2.058775147928952,75.8702777777753,169.0,60.0,109.0,90.50000000000091,2.0,True,17.0,16.0,2781.1363888888877,brake_T17,8.45190431577521,272.12468224230133,SOFT,1.0,5.0,0.2841429704404979,12169.173017783545,27484.599241144195,400.0,False,4,True,PIT_RELATED,,,False,0.0,138.62620029499453,30.373799705005467,4.085669,True,4.085669,69.80616759101224,13,True,3.0,brake,0.7980898786750199,3484.7408333333333,19,431.47976220214423,0,monaco_2026_R|BOR|PER,monaco_2026_R|L60|monaco_2026_R|BOR|PER,,True,v4_t0_anchored_30s_horizon
monaco_2026_R_00871,monaco_2026_R,2026,Monaco Grand Prix,LEC,HAM,44,2026-06-07 14:25:26.779,2026-06-07 14:25:48.979,22.2,22.2,2026-06-07 14:25:56.779,30.0,63,84,91.49777777777808,2.0332839506172906,32.83111111111157,162.0,71.0,91.0,62.030434782608495,1.8399999999999999,True,3.0,2.0,989.2874999999997,straight_03,154.972943787252,501.37091942980305,SOFT,7.0,4.0,0.021902151571489545,2628.203302904558,46705.80440440944,400.0,False,4,True,INVALID,,,False,0.0,121.50884074941447,40.491159250585525,3.217524,True,3.217524,37.21906149048744,11,True,3.0,straight,0.2838912697716161,3484.7408333333333,19,431.47976220214423,0,monaco_2026_R|HAM|LEC,monaco_2026_R|L63|monaco_2026_R|HAM|LEC,,False,v4_t0_anchored_30s_horizon
monaco_2026_R_00872,monaco_2026_R,2026,Monaco Grand Prix,BOR,PER,11,2026-06-07 14:25:50.299,2026-06-07 14:26:06.739,16.44,16.44,2026-06-07 14:26:20.299,30.0,61,65,91.92222222222165,1.6301477832512214,35.00999999999908,203.0,73.0,130.0,82.00000000000011,1.96,True,17.0,16.0,1004.6836111111114,straight_03,139.57683267614027,485.9748083186913,SOFT,2.0,5.0,0.2841429704404979,2297.9163339630536,45036.73053861337,400.0000000000001,False,4,True,INVALID,,,False,0.0,184.34051059730177,18.659489402698227,3.014872,True,3.014872,52.64676264649704,10,True,3.0,straight,0.28830942074681637,3484.7408333333333,19,431.47976220214423,0,monaco_2026_R|BOR|PER,monaco_2026_R|L61|monaco_2026_R|BOR|PER,,False,v4_t0_anchored_30s_horizon
monaco_2026_R_00873,monaco_2026_R,2026,Monaco Grand Prix,LEC,HAM,44,2026-06-07 14:25:57.499,2026-06-07 14:26:17.139,19.64,19.64,2026-06-07 14:26:27.499,30.0,63,72,98.6811111111108,1.7762599999999942,45.396944444444216,200.0,94.0,106.0,94.83673469387817,1.96,True,3.0,2.0,1835.5141666666668,straight_05,263.0329802388046,371.9307201303677,SOFT,7.0,4.0,0.021902151571489545,11350.878951899998,85916.14984297249,400.0,False,4,True,INVALID,,,False,0.0,209.90264423076923,-9.902644230769226,2.340528,True,2.340528,69.34517402227375,13,True,3.0,straight,0.5267290322164083,3484.7408333333333,19,431.47976220214423,0,monaco_2026_R|HAM|LEC,monaco_2026_R|L63|monaco_2026_R|HAM|LEC,,False,v4_t0_anchored_30s_horizon
monaco_2026_R_00874,monaco_2026_R,2026,Monaco Grand Prix,PER,LAW,30,2026-06-07 14:26:37.499,2026-06-07 14:26:46.460,8.961,8.961,2026-06-07 14:27:07.499,30.0,61,34,90.95361111111379,1.972487951807287,50.3122222222255,166.0,47.0,119.0,91.92000000000071,2.0,True,16.0,8.0,2766.606388888886,corner_T16,22.981904315776774,286.6546822423029,SOFT,2.0,4.0,0.917608898594956,11557.843171449971,29121.034982400728,400.0,False,4,True,INVALID,,18.68,False,0.0,48.18406250000168,117.81593749999831,6.076812,True,6.076812,72.07393835959317,10,True,3.0,corner,0.793920271609549,3484.7408333333333,19,431.47976220214423,0,monaco_2026_R|LAW|PER,monaco_2026_R|L61|monaco_2026_R|LAW|PER,,True,v4_t0_anchored_30s_horizon
monaco_2026_R_00875,monaco_2026_R,2026,Monaco Grand Prix,ALB,RUS,63,2026-06-07 14:26:42.099,2026-06-07 14:26:53.779,11.68,11.68,2026-06-07 14:27:12.099,30.0,61,45,30.069722222221117,1.0717920792078814,17.000000000000057,101.0,85.0,16.0,,,False,10.0,5.0,3255.049166666668,straight_07,,,SOFT,18.0,3.0,0.3767386253579358,14858.329995400465,91.4718484199398,229.69166666666524,True,4,True,INVALID,,,False,0.0,104.36056277056302,-3.360562770563021,1.180676,True,1.180676,-4.44253353306119,10,True,3.0,straight,0.9340864421050924,3484.7408333333333,19,431.47976220214423,0,monaco_2026_R|ALB|RUS,monaco_2026_R|L61|monaco_2026_R|ALB|RUS,,True,v4_t0_anchored_30s_horizon
monaco_2026_R_00876,monaco_2026_R,2026,Monaco Grand Prix,RUS,LIN,41,2026-06-07 14:26:46.460,2026-06-07 14:26:51.380,4.92,4.92,2026-06-07 14:27:16.460,30.0,63,17,10.183611111111105,0.4166022727272725,10.183611111111105,88.0,93.0,-5.0,-7.093023255813977,1.72,True,5.0,9.0,137.01722222222222,brake_T1,86.23520281486967,146.23520281486967,SOFT,7.0,3.0,0.8037172437077841,18047.133541931995,40413.54235917071,400.0,False,4,True,INVALID,,,False,0.0,103.74142156862744,-15.741421568627445,0.389656,True,0.389656,-10.50133148495086,13,True,3.0,brake,0.03931920012862426,3484.7408333333333,19,431.47976220214423,0,monaco_2026_R|LIN|RUS,monaco_2026_R|L63|monaco_2026_R|LIN|RUS,,False,v4_t0_anchored_30s_horizon
monaco_2026_R_00877,monaco_2026_R,2026,Monaco Grand Prix,ANT,HAD,6,2026-06-07 14:26:47.619,2026-06-07 14:26:51.380,3.761,3.761,2026-06-07 14:27:17.619,30.0,64,14,10.417500000000018,0.6818727272727285,10.417500000000018,55.0,72.0,-17.0,-21.045375218150173,1.7189999999999999,True,1.0,4.0,180.00444444444446,brake_T1,43.24798059264742,103.24798059264742,SOFT,7.0,3.0,0.8201855704714747,20068.547047314663,30255.31900826159,400.00000000000006,False,4,True,INVALID,,,False,0.0,78.90239448051946,-23.90239448051946,0.521753,True,0.521753,-25.257587455972562,13,True,3.0,brake,0.051655044967077506,3484.7408333333333,19,431.47976220214423,0,monaco_2026_R|ANT|HAD,monaco_2026_R|L64|monaco_2026_R|ANT|HAD,,False,v4_t0_anchored_30s_horizon
monaco_2026_R_00878,monaco_2026_R,2026,Monaco Grand Prix,HAM,ALO,14,2026-06-07 14:26:50.419,2026-06-07 14:26:57.059,6.64,6.64,2026-06-07 14:27:20.419,30.0,64,28,15.685000000000002,0.688609756097561,15.685000000000002,82.0,145.0,-63.0,-66.37499999999999,0.64,True,2.0,15.0,40.42666666666666,straight_01,182.8257583704252,242.8257583704252,SOFT,8.0,4.0,0.021619858044417985,15256.216091130493,64329.44690039992,400.0,False,4,True,INVALID,,,False,0.0,150.78710344827587,-68.78710344827587,0.385806,True,0.385806,-60.2353714887916,11,True,3.0,straight,0.01160105402386452,3484.7408333333333,19,431.47976220214423,0,monaco_2026_R|ALO|HAM,monaco_2026_R|L64|monaco_2026_R|ALO|HAM,,False,v4_t0_anchored_30s_horizon
monaco_2026_R_00879,monaco_2026_R,2026,Monaco Grand Prix,LIN,HAD,6,2026-06-07 14:26:51.540,2026-06-07 14:27:25.740,34.2,34.2,2026-06-07 14:27:21.540,30.0,62,131,33.13000000000005,1.1146542056074784,17.427499999999554,107.0,134.0,-27.0,,,False,9.0,4.0,255.57305555555553,corner_T1,369.0275055025091,27.679369481536355,MEDIUM,62.0,2.0,0.6171530418721741,20975.139501710426,43306.28301006618,400.00000000000006,False,4,True,INVALID,,,False,0.0,104.39711664482307,2.602883355176928,0.96988,True,0.96988,-18.227218072966973,11,True,3.0,corner,0.07334062065989762,3484.7408333333333,19,431.47976220214423,0,monaco_2026_R|HAD|LIN,monaco_2026_R|L62|monaco_2026_R|HAD|LIN,,False,v4_t0_anchored_30s_horizon
monaco_2026_R_00880,monaco_2026_R,2026,Monaco Grand Prix,ALO,GAS,10,2026-06-07 14:26:52.900,2026-06-07 14:27:02.819,9.919,9.919,2026-06-07 14:27:22.900,30.0,62,40,24.225833333333327,0.8550294117647057,14.388888888888886,102.0,76.0,26.0,,,False,15.0,6.0,139.19083333333336,brake_T1,84.06159170375852,144.06159170375852,SOFT,4.0,4.0,0.1960660822740672,18149.34453925432,39899.900723278486,400.0,False,4,True,INVALID,,,False,0.0,88.69923469387756,13.300765306122443,1.099297,True,1.099297,35.174801224861696,13,True,3.0,brake,0.03994295128116893,3484.7408333333333,19,431.47976220214423,0,monaco_2026_R|ALO|GAS,monaco_2026_R|L62|monaco_2026_R|ALO|GAS,,False,v4_t0_anchored_30s_horizon
monaco_2026_R_00881,monaco_2026_R,2026,Monaco Grand Prix,PIA,ALO,14,2026-06-07 14:26:56.179,2026-06-07 14:27:30.780,34.601,33.96,2026-06-07 14:27:26.179,30.0,63,125,10.331666666666678,0.590380952380953,10.331666666666678,63.0,71.0,-8.0,-6.8863636363637095,1.76,True,7.0,15.0,202.5075,brake_T1,20.74492503709189,80.74492503709189,SOFT,8.0,4.0,0.9143769884988312,21126.72150151006,24937.66756222142,399.99999999999994,False,4,True,INVALID,,34.841,True,0.0,69.18083333333333,-6.180833333333325,0.5166,True,0.5166,-9.274054661179301,11,True,3.0,brake,0.05811264300142837,3484.7408333333333,19,431.47976220214423,0,monaco_2026_R|ALO|PIA,monaco_2026_R|L63|monaco_2026_R|ALO|PIA,,False,v4_t0_anchored_30s_horizon
monaco_2026_R_00882,monaco_2026_R,2026,Monaco Grand Prix,BOR,LAW,30,2026-06-07 14:26:56.179,2026-06-07 14:27:06.020,9.841,8.841,2026-06-07 14:27:26.179,30.0,62,31,39.897777777777776,1.7099047619047618,10.143055555555605,84.0,47.0,37.0,,,False,17.0,8.0,66.62277777777777,straight_01,156.6296472593141,216.6296472593141,SOFT,3.0,5.0,0.2841429704404979,15751.499985908838,57778.975050633926,400.0,False,4,True,INVALID,,10.321,False,0.0,98.5623469387755,-14.562346938775505,2.096234,True,2.096234,32.3330213403296,11,True,3.0,straight,0.019118431172986162,3484.7408333333333,19,431.47976220214423,0,monaco_2026_R|BOR|LAW,monaco_2026_R|L62|monaco_2026_R|BOR|LAW,monaco_2026_R_00886,False,v4_t0_anchored_30s_horizon
monaco_2026_R_00883,monaco_2026_R,2026,Monaco Grand Prix,HAM,PER,11,2026-06-07 14:26:58.140,2026-06-07 14:27:12.820,14.68,12.039,2026-06-07 14:27:28.140,30.0,64,44,10.734722222222189,0.603828124999998,10.734722222222189,64.0,101.0,-37.0,-47.596754057428186,0.801,True,2.0,16.0,160.81777777777776,brake_T1,62.43464725931412,122.43464725931412,SOFT,8.0,4.0,0.021619858044417985,19166.321103921975,34789.28131808231,400.0,False,4,True,INVALID,,,False,0.0,109.87641770762552,-45.87641770762552,0.367216,True,0.367216,-68.89069176626857,12,True,3.0,brake,0.04614913575192543,3484.7408333333333,19,431.47976220214423,0,monaco_2026_R|HAM|PER,monaco_2026_R|L64|monaco_2026_R|HAM|PER,,False,v4_t0_anchored_30s_horizon
monaco_2026_R_00884,monaco_2026_R,2026,Monaco Grand Prix,BOR,LEC,16,2026-06-07 14:27:06.500,2026-06-07 14:27:16.499,9.999,7.839,2026-06-07 14:27:36.500,30.0,62,27,61.626388888888755,1.4313225806451582,11.46388888888896,155.0,178.0,-23.0,,,False,17.0,3.0,286.86583333333334,straight_02,337.7347277247313,688.2318750201769,SOFT,3.0,5.0,0.2841429704404979,19738.435370422427,65257.81001650206,399.99999999999994,False,4,True,INVALID,,10.279,False,0.0,132.72126865671652,22.278731343283482,1.371149,True,1.371149,-32.96174498116374,11,True,3.0,straight,0.08232056472874956,3484.7408333333333,19,431.47976220214423,0,monaco_2026_R|BOR|LEC,monaco_2026_R|L62|monaco_2026_R|BOR|LEC,monaco_2026_R_00894,False,v4_t0_anchored_30s_horizon
monaco_2026_R_00885,monaco_2026_R,2026,Monaco Grand Prix,PER,ANT,12,2026-06-07 14:27:07.499,2026-06-07 14:27:12.820,5.321,4.521,2026-06-07 14:27:37.499,30.0,62,17,83.6844444444447,1.5939894179894227,10.362222222222613,189.0,91.0,98.0,,,False,16.0,1.0,565.9099999999999,brake_T2,58.69056105806476,409.1877083535103,SOFT,3.0,4.0,0.917608898594956,7069.624865076262,76107.13927742557,400.0,False,4,True,INVALID,,5.641,False,0.0,95.39079861111108,93.60920138888892,3.229656,True,3.229656,114.21550506041706,9,True,3.0,brake,0.16239658185962655,3484.7408333333333,19,431.47976220214423,0,monaco_2026_R|ANT|PER,monaco_2026_R|L62|monaco_2026_R|ANT|PER,monaco_2026_R_00890,False,v4_t0_anchored_30s_horizon
monaco_2026_R_00886,monaco_2026_R,2026,Monaco Grand Prix,LAW,BOR,5,2026-06-07 14:27:07.499,2026-06-07 14:27:16.499,9.0,9.0,2026-06-07 14:27:37.499,30.0,63,36,21.42805555555543,0.5756791044776086,21.42805555555543,134.0,198.0,-64.0,-63.99999999999976,0.999,True,8.0,17.0,320.39361111111117,straight_02,304.20694994695344,654.704097242399,SOFT,23.0,3.0,0.92483423909381,17820.801946683117,70516.1457988317,399.99999999999994,False,4,True,INVALID,,,False,0.0,181.23886512775408,-47.23886512775408,0.389404,True,0.389404,-38.50491475671886,9,True,3.0,straight,0.09194187643637139,3484.7408333333333,19,431.47976220214423,0,monaco_2026_R|BOR|LAW,monaco_2026_R|L63|monaco_2026_R|BOR|LAW,monaco_2026_R_00882,False,v4_t0_anchored_30s_horizon
monaco_2026_R_00887,monaco_2026_R,2026,Monaco Grand Prix,ANT,PIA,81,2026-06-07 14:27:08.659,2026-06-07 14:27:12.820,4.161,4.161,2026-06-07 14:27:38.659,30.0,64,18,12.44555555555553,0.5333809523809513,12.44555555555553,84.0,118.0,-34.0,-37.68965517241398,1.16,True,1.0,7.0,677.1133333333335,corner_T2,111.17692469815074,297.9843750201767,SOFT,7.0,3.0,0.8201855704714747,6012.606122925178,45996.92428881655,400.0,False,4,True,INVALID,,,False,0.0,121.9833898305084,-37.9833898305084,0.398338,True,0.398338,-41.99799953419427,7,True,3.0,corner,0.19430808938684827,3484.7408333333333,19,431.47976220214423,0,monaco_2026_R|ANT|PIA,monaco_2026_R|L64|monaco_2026_R|ANT|PIA,,False,v4_t0_anchored_30s_horizon
monaco_2026_R_00888,monaco_2026_R,2026,Monaco Grand Prix,LEC,HAM,44,2026-06-07 14:27:10.179,2026-06-07 14:27:16.499,6.32,6.32,2026-06-07 14:27:40.179,30.0,64,27,95.83972222222258,1.4375958333333385,25.81027777777797,240.0,166.0,74.0,30.458333333333062,1.92,True,3.0,2.0,568.6924999999999,brake_T2,55.90806105806473,406.40520835351026,SOFT,8.0,4.0,0.021902151571489545,7039.523045649297,75638.45370911184,400.0,False,4,True,INVALID,,,False,0.0,219.84097477064225,20.159025229357752,1.765463,True,1.765463,17.486951983315315,10,True,3.0,brake,0.16319506304749107,3484.7408333333333,19,431.47976220214423,0,monaco_2026_R|HAM|LEC,monaco_2026_R|L64|monaco_2026_R|HAM|LEC,,False,v4_t0_anchored_30s_horizon
monaco_2026_R_00889,monaco_2026_R,2026,Monaco Grand Prix,PER,PIA,81,2026-06-07 14:27:13.140,2026-06-07 14:27:17.219,4.079,4.079,2026-06-07 14:27:43.140,30.0,62,18,68.83000000000038,2.4292941176470726,68.83000000000038,102.0,124.0,-22.0,,,False,16.0,7.0,764.9519444444442,brake_T3,23.338313587040034,210.14576390906598,SOFT,3.0,4.0,0.917608898594956,5983.575304097202,45968.95049734136,399.9999999999999,False,4,True,INVALID,,,False,0.0,111.75175531403298,-9.751755314032977,2.190414,True,2.190414,-5.146296987983189,13,True,3.0,brake,0.219514730371707,3484.7408333333333,19,431.47976220214423,0,monaco_2026_R|PER|PIA,monaco_2026_R|L62|monaco_2026_R|PER|PIA,,False,v4_t0_anchored_30s_horizon
monaco_2026_R_00890,monaco_2026_R,2026,Monaco Grand Prix,ANT,PER,11,2026-06-07 14:27:14.579,2026-06-07 14:27:36.539,21.96,21.96,2026-06-07 14:27:44.579,30.0,64,72,10.073055555555129,0.40292222222220514,10.073055555555129,90.0,95.0,-5.0,-21.3252258512857,1.439,True,1.0,16.0,794.6358333333335,corner_T3,120.46187502017665,180.46187502017665,SOFT,7.0,3.0,0.8201855704714747,5998.684475282044,47058.95033223723,400.0,False,4,True,INVALID,,,False,0.0,99.91887626262617,-9.91887626262617,0.38702,True,0.38702,-31.38094583502691,12,True,3.0,corner,0.22803297901876496,3484.7408333333333,19,431.47976220214423,0,monaco_2026_R|ANT|PER,monaco_2026_R|L64|monaco_2026_R|ANT|PER,monaco_2026_R_00885,False,v4_t0_anchored_30s_horizon
monaco_2026_R_00891,monaco_2026_R,2026,Monaco Grand Prix,HAM,ANT,12,2026-06-07 14:27:14.899,2026-06-07 14:27:27.539,12.64,12.64,2026-06-07 14:27:44.899,30.0,64,43,10.591666666666697,0.4650000000000013,10.349999999999909,82.0,98.0,-16.0,-5.099488345650954,1.759,True,2.0,1.0,793.1808333333335,corner_T3,121.91687502017669,181.9168750201767,SOFT,8.0,4.0,0.021619858044417985,6004.423698286042,46907.25545316896,399.9999999999999,False,4,True,INVALID,,,False,0.0,88.78749999999997,-6.787499999999966,0.3782,True,0.3782,6.916242084191623,13,True,3.0,corner,0.22761544438144496,3484.7408333333333,19,431.47976220214423,0,monaco_2026_R|ANT|HAM,monaco_2026_R|L64|monaco_2026_R|ANT|HAM,,False,v4_t0_anchored_30s_horizon
monaco_2026_R_00892,monaco_2026_R,2026,Monaco Grand Prix,LAW,LEC,16,2026-06-07 14:27:16.779,2026-06-07 14:27:50.139,33.36,32.72,2026-06-07 14:27:46.779,30.0,63,119,34.301666666667074,1.1873653846153986,10.331944444445753,104.0,90.0,14.0,,,False,8.0,3.0,778.033333333333,brake_T3,10.256924698151238,197.06437502017718,SOFT,23.0,3.0,0.92483423909381,6006.073772184825,46209.08759951417,399.9999999999999,False,4,True,INVALID,,33.761,True,0.0,96.54030075187981,7.459699248120188,1.335642,True,1.335642,24.760393131500848,13,True,3.0,brake,0.22326863618982654,3484.7408333333333,19,431.47976220214423,0,monaco_2026_R|LAW|LEC,monaco_2026_R|L63|monaco_2026_R|LAW|LEC,,False,v4_t0_anchored_30s_horizon
monaco_2026_R_00893,monaco_2026_R,2026,Monaco Grand Prix,BOR,HAM,44,2026-06-07 14:27:16.779,2026-06-07 14:27:27.539,10.76,8.961,2026-06-07 14:27:46.779,30.0,62,31,25.140833333333717,0.8153783783783909,10.26166666666711,111.0,91.0,20.0,,,False,17.0,2.0,813.204722222222,corner_T3,101.89298613128813,161.89298613128813,SOFT,3.0,5.0,0.2841429704404979,5886.4379106433,47613.04253115315,400.0,False,4,True,INVALID,,11.16,False,0.0,83.08478991596624,27.91521008403376,1.018752,True,1.018752,31.6418637345021,13,True,3.0,corner,0.23336160739516174,3484.7408333333333,19,431.47976220214423,0,monaco_2026_R|BOR|HAM,monaco_2026_R|L62|monaco_2026_R|BOR|HAM,monaco_2026_R_00896,False,v4_t0_anchored_30s_horizon
monaco_2026_R_00894,monaco_2026_R,2026,Monaco Grand Prix,LEC,BOR,5,2026-06-07 14:27:18.940,2026-06-07 14:27:27.539,8.599,8.599,2026-06-07 14:27:48.940,30.0,64,30,10.06194444444418,0.540641791044762,10.06194444444418,67.0,83.0,-16.0,-14.713411524732223,1.9609999999999999,True,3.0,17.0,860.5483333333335,brake_T4,54.549375020176626,114.54937502017663,SOFT,8.0,4.0,0.021902151571489545,5475.460649836564,45918.123730983025,400.0000000000001,False,4,True,INVALID,,,False,0.0,93.14518072289133,-26.145180722891325,0.442698,True,0.442698,-15.914002595031803,12,True,3.0,brake,0.24694758505474707,3484.7408333333333,19,431.47976220214423,0,monaco_2026_R|BOR|LEC,monaco_2026_R|L64|monaco_2026_R|BOR|LEC,monaco_2026_R_00884,False,v4_t0_anchored_30s_horizon
monaco_2026_R_00895,monaco_2026_R,2026,Monaco Grand Prix,BOR,ANT,12,2026-06-07 14:27:27.939,2026-06-07 14:27:36.539,8.6,4.761,2026-06-07 14:27:57.939,30.0,62,20,16.117222222223063,0.8660000000000452,10.399444444445862,67.0,53.0,14.0,,,False,17.0,1.0,1104.6049999999996,brake_T5,39.655443787252125,386.05341942980317,SOFT,3.0,5.0,0.2841429704404979,5143.7783983103145,24699.78939775006,400.0,False,4,True,INVALID,,8.96,False,0.0,56.542857142857464,10.457142857142536,1.043142,True,1.043142,19.262883769481437,7,True,3.0,brake,0.3169834007263571,3484.7408333333333,19,431.47976220214423,0,monaco_2026_R|ANT|BOR,monaco_2026_R|L62|monaco_2026_R|ANT|BOR,monaco_2026_R_00901,False,v4_t0_anchored_30s_horizon
monaco_2026_R_00896,monaco_2026_R,2026,Monaco Grand Prix,HAM,BOR,5,2026-06-07 14:27:30.780,2026-06-07 14:27:36.539,5.759,5.759,2026-06-07 14:28:00.780,30.0,64,21,10.246111111109713,0.4918133333332662,10.246111111109713,75.0,85.0,-10.0,-5.61612720045437,1.7610000000000001,True,2.0,17.0,1146.9294444444452,corner_T5,115.39770499667884,343.7289749853576,SOFT,8.0,4.0,0.021619858044417985,7585.172441049283,15652.124154865383,400.0,False,4,True,INVALID,,,False,0.0,75.3672500000018,-0.3672500000018033,0.435425,True,0.435425,-8.204003183748624,13,True,3.0,corner,0.32912905128366415,3484.7408333333333,19,431.47976220214423,0,monaco_2026_R|BOR|HAM,monaco_2026_R|L64|monaco_2026_R|BOR|HAM,monaco_2026_R_00893,False,v4_t0_anchored_30s_horizon
monaco_2026_R_00897,monaco_2026_R,2026,Monaco Grand Prix,PIA,GAS,10,2026-06-07 14:27:31.020,2026-06-07 14:27:36.539,5.519,5.519,2026-06-07 14:28:01.020,30.0,63,20,59.30833333333362,2.482674418604663,59.30833333333362,86.0,98.0,-12.0,,,False,7.0,6.0,1290.2816666666665,corner_T6,49.76352897196489,200.3767527631362,SOFT,8.0,4.0,0.9143769884988312,16161.418889561097,4063.651916093764,400.0,False,4,True,INVALID,,,False,0.0,77.70065166150601,8.299348338493985,2.839376,True,2.839376,-16.29597603198208,13,True,3.0,corner,0.37026617713560234,3484.7408333333333,19,431.47976220214423,0,monaco_2026_R|GAS|PIA,monaco_2026_R|L63|monaco_2026_R|GAS|PIA,,False,v4_t0_anchored_30s_horizon
monaco_2026_R_00898,monaco_2026_R,2026,Monaco Grand Prix,PER,ALO,14,2026-06-07 14:27:31.020,2026-06-07 14:27:42.539,11.519,11.519,2026-06-07 14:28:01.020,30.0,62,40,44.413611111112004,3.401893617021345,32.60638888889048,47.0,27.0,20.0,,,False,16.0,15.0,1244.2174999999993,brake_T6,18.109649441124702,246.44091942980344,SOFT,3.0,4.0,0.917608898594956,13078.41167933808,4767.750493252605,400.0,False,4,True,INVALID,,,False,0.0,42.9337306471459,4.0662693528541,3.68893,True,3.68893,18.048373910895425,13,True,3.0,brake,0.35704735574548924,3484.7408333333333,19,431.47976220214423,0,monaco_2026_R|ALO|PER,monaco_2026_R|L62|monaco_2026_R|ALO|PER,,False,v4_t0_anchored_30s_horizon
monaco_2026_R_00899,monaco_2026_R,2026,Monaco Grand Prix,ALO,PIA,81,2026-06-07 14:27:31.820,2026-06-07 14:34:50.421,438.601,438.601,2026-06-07 14:28:01.820,30.0,62,1635,11.020555555555575,1.1668823529411785,10.007222222221117,34.0,71.0,-37.0,-43.55000000000064,0.8,True,15.0,7.0,1295.5411111111114,corner_T6,44.504084527520035,195.11730831869136,SOFT,4.0,4.0,0.1960660822740672,16513.25132872697,4001.585709756184,400.0,False,4,True,INVALID,,,False,0.0,80.60569800569756,-46.60569800569756,0.557256,True,0.557256,-37.61791571746405,13,True,3.0,corner,0.37177545564324216,3484.7408333333333,19,431.47976220214423,0,monaco_2026_R|ALO|PIA,monaco_2026_R|L62|monaco_2026_R|ALO|PIA,,False,v4_t0_anchored_30s_horizon
monaco_2026_R_00900,monaco_2026_R,2026,Monaco Grand Prix,LIN,HAD,6,2026-06-07 14:27:35.739,2026-06-07 14:27:40.779,5.04,5.04,2026-06-07 14:28:05.739,30.0,62,20,99.21972222222053,1.5264572649572388,48.31527777777592,234.0,81.0,153.0,144.52380952380977,1.6800000000000002,True,9.0,4.0,1959.5944444444456,straight_05,138.95270246102586,247.85044235258897,MEDIUM,62.0,2.0,0.6171530418721741,8659.070364451705,68579.94419262254,400.0000000000002,False,4,True,INVALID,,,False,0.0,227.3138888888879,6.686111111112098,2.691888,True,2.691888,113.12109599009125,10,True,3.0,straight,0.5623357770827373,3484.7408333333333,19,431.47976220214423,0,monaco_2026_R|HAD|LIN,monaco_2026_R|L62|monaco_2026_R|HAD|LIN,,False,v4_t0_anchored_30s_horizon
monaco_2026_R_00901,monaco_2026_R,2026,Monaco Grand Prix,ANT,BOR,5,2026-06-07 14:27:38.260,2026-06-07 14:27:49.499,11.239,11.239,2026-06-07 14:28:08.260,30.0,64,43,12.88361111111044,0.946551020408114,12.88361111111044,49.0,86.0,-37.0,-32.38060249816404,1.361,True,1.0,17.0,1278.96,corner_T6,61.085195638631376,211.6984194298027,SOFT,7.0,3.0,0.8201855704714747,15404.05190131133,4197.2578333804895,400.0,False,4,True,INVALID,,,False,0.0,75.96960526315924,-26.969605263159238,0.560868,True,0.560868,-20.181390294015493,11,True,3.0,corner,0.3670172506850701,3484.7408333333333,19,431.47976220214423,0,monaco_2026_R|ANT|BOR,monaco_2026_R|L64|monaco_2026_R|ANT|BOR,monaco_2026_R_00895,False,v4_t0_anchored_30s_horizon
monaco_2026_R_00902,monaco_2026_R,2026,Monaco Grand Prix,LEC,HAM,44,2026-06-07 14:27:53.620,2026-06-07 14:28:54.859,61.239,61.239,2026-06-07 14:28:23.620,30.0,64,230,56.27138888888862,2.0462323232323136,14.669166666668389,99.0,97.0,2.0,,,False,3.0,2.0,1557.062222222223,straight_04,209.61166624266912,269.6116662426691,SOFT,8.0,4.0,0.021902151571489545,23524.88641796977,49135.29700667904,400.0,False,4,True,INVALID,,,False,0.0,119.42264344262321,-20.42264344262321,1.988729,True,1.988729,-4.380982061124808,10,True,3.0,straight,0.4468229623644101,3484.7408333333333,19,431.47976220214423,0,monaco_2026_R|HAM|LEC,monaco_2026_R|L64|monaco_2026_R|HAM|LEC,,False,v4_t0_anchored_30s_horizon
monaco_2026_R_00903,monaco_2026_R,2026,Monaco Grand Prix,HAM,ANT,12,2026-06-07 14:27:55.419,2026-06-07 14:31:42.141,226.722,226.722,2026-06-07 14:28:25.419,30.0,64,691,22.839722222222008,0.8140891089108835,10.079444444445471,101.0,100.0,1.0,,,False,2.0,1.0,1670.2263888888892,brake_T9,96.44749957600288,156.44749957600288,SOFT,8.0,4.0,0.021619858044417985,17389.429605186568,81445.69041770315,400.0,False,4,True,INVALID,,,False,0.0,92.85033244680854,8.149667553191463,0.823946,True,0.823946,14.685499976676933,10,True,3.0,brake,0.47929716118694315,3484.7408333333333,19,431.47976220214423,0,monaco_2026_R|ANT|HAM,monaco_2026_R|L64|monaco_2026_R|ANT|HAM,,False,v4_t0_anchored_30s_horizon
monaco_2026_R_00904,monaco_2026_R,2026,Monaco Grand Prix,ANT,LAW,30,2026-06-07 14:27:56.059,2026-06-07 14:28:07.300,11.241,11.241,2026-06-07 14:28:26.059,30.0,64,42,13.213055555553638,0.44043518518512126,13.213055555553638,108.0,157.0,-49.0,-51.62499999999824,0.64,True,1.0,8.0,1711.2405555555558,brake_T9,55.433332909336286,115.43333290933629,SOFT,7.0,3.0,0.8201855704714747,14894.694707656523,88921.39844809905,400.0000000000002,False,4,True,INVALID,,,False,0.0,157.0,-49.0,0.311917,True,0.311917,-69.59657179664362,10,True,3.0,brake,0.49106680737536124,3484.7408333333333,19,431.47976220214423,0,monaco_2026_R|ANT|LAW,monaco_2026_R|L64|monaco_2026_R|ANT|LAW,,False,v4_t0_anchored_30s_horizon
monaco_2026_R_00905,monaco_2026_R,2026,Monaco Grand Prix,PIA,GAS,10,2026-06-07 14:28:01.939,2026-06-07 14:28:17.380,15.441,15.441,2026-06-07 14:28:31.939,30.0,63,57,96.78694444444591,1.683251207729494,30.497499999999945,207.0,106.0,101.0,76.93860147811165,1.759,True,7.0,6.0,2567.1166666666663,corner_T13,14.184677564278445,486.1444044645227,SOFT,8.0,4.0,0.9143769884988312,4226.708855146836,69349.86744998815,400.0,False,4,True,INVALID,,,False,0.0,203.25386847195435,3.7461315280456517,2.491872,True,2.491872,46.159115725151835,12,True,3.0,corner,0.7366736263744147,3484.7408333333333,19,431.47976220214423,0,monaco_2026_R|GAS|PIA,monaco_2026_R|L63|monaco_2026_R|GAS|PIA,,True,v4_t0_anchored_30s_horizon
monaco_2026_R_00906,monaco_2026_R,2026,Monaco Grand Prix,BOR,PER,11,2026-06-07 14:28:13.500,2026-06-07 14:28:21.139,7.639,7.639,2026-06-07 14:28:43.500,30.0,62,28,97.64416666666739,2.117584337349413,49.816944444444744,166.0,57.0,109.0,72.26315789473539,1.52,True,17.0,16.0,2764.800833333331,corner_T16,24.787459871331976,288.4602377978581,SOFT,3.0,5.0,0.2841429704404979,11498.105470053917,29180.423232882713,400.0,False,4,True,INVALID,,,False,0.0,155.30799716914353,10.692002830856467,3.70556,True,3.70556,41.70251880355124,9,True,3.0,corner,0.7934021396617484,3484.7408333333333,19,431.47976220214423,0,monaco_2026_R|BOR|PER,monaco_2026_R|L62|monaco_2026_R|BOR|PER,,True,v4_t0_anchored_30s_horizon
monaco_2026_R_00907,monaco_2026_R,2026,Monaco Grand Prix,ALB,RUS,63,2026-06-07 14:28:14.699,2026-06-07 14:28:21.379,6.68,6.68,2026-06-07 14:28:44.699,30.0,63,24,97.30833333333334,1.3791732283464566,41.20666666666662,254.0,163.0,91.0,11.14956610515617,1.959,True,10.0,5.0,35.33888888888889,straight_01,187.91353614820298,247.91353614820298,SOFT,20.0,3.0,0.3767386253579358,15160.02263772604,65601.6718108013,400.0,False,4,True,INVALID,,,False,0.0,258.85072115384617,-4.850721153846166,1.622884,True,1.622884,13.923891728768458,11,True,3.0,straight,0.010141037907569565,3484.7408333333333,19,431.47976220214423,0,monaco_2026_R|ALB|RUS,monaco_2026_R|L63|monaco_2026_R|ALB|RUS,,False,v4_t0_anchored_30s_horizon
monaco_2026_R_00908,monaco_2026_R,2026,Monaco Grand Prix,COL,HUL,27,2026-06-07 14:28:19.020,2026-06-07 14:28:25.620,6.6,6.6,2026-06-07 14:28:49.020,30.0,63,28,93.58388888888888,1.3316284584980238,43.405555555555566,253.0,159.0,94.0,62.60499999999495,1.8,True,14.0,13.0,38.22388888888889,straight_01,185.028536148203,245.028536148203,HARD,28.0,3.0,0.9146373613979384,15214.568674363878,64880.26277392487,400.0,False,4,True,INVALID,,,False,0.0,263.8117965367965,-10.811796536796521,1.633099,True,1.633099,-15.125298068007519,10,True,3.0,straight,0.010968933047547693,3484.7408333333333,19,431.47976220214423,0,monaco_2026_R|COL|HUL,monaco_2026_R|L63|monaco_2026_R|COL|HUL,,False,v4_t0_anchored_30s_horizon
monaco_2026_R_00909,monaco_2026_R,2026,Monaco Grand Prix,PER,ALO,14,2026-06-07 14:28:25.620,2026-06-07 14:28:30.140,4.52,4.52,2026-06-07 14:28:55.620,30.0,63,18,93.20444444444442,1.3751475409836063,55.4711111111111,244.0,119.0,125.0,102.92074468085646,1.88,True,16.0,15.0,69.11972222222224,straight_01,154.13270281486965,214.13270281486965,SOFT,4.0,4.0,0.917608898594956,15798.70914471276,57154.6012943772,400.0,False,4,True,INVALID,,,False,0.0,258.6611191860465,-14.661119186046506,1.950519,True,1.950519,61.72938696867543,13,True,3.0,straight,0.01983496780049083,3484.7408333333333,19,431.47976220214423,0,monaco_2026_R|ALO|PER,monaco_2026_R|L63|monaco_2026_R|ALO|PER,,False,v4_t0_anchored_30s_horizon
monaco_2026_R_00910,monaco_2026_R,2026,Monaco Grand Prix,LIN,HAD,6,2026-06-07 14:28:36.419,2026-06-07 14:28:42.059,5.64,5.64,2026-06-07 14:29:06.419,30.0,63,21,98.88777777777773,4.341414634146339,65.76333333333332,82.0,46.0,36.0,16.6304347826087,1.8399999999999999,True,9.0,4.0,1130.3302777777776,brake_T5,13.930166009474078,360.3281416520251,MEDIUM,63.0,2.0,0.6171530418721741,6632.897190683624,19133.961957683947,400.0,False,4,True,INVALID,,,False,0.0,81.84422757475059,0.1557724252494097,4.08829,True,4.08829,2.4378967069207853,12,True,3.0,brake,0.3243656650060139,3484.7408333333333,19,431.47976220214423,0,monaco_2026_R|HAD|LIN,monaco_2026_R|L63|monaco_2026_R|HAD|LIN,,False,v4_t0_anchored_30s_horizon
monaco_2026_R_00911,monaco_2026_R,2026,Monaco Grand Prix,BOR,PER,11,2026-06-07 14:28:47.820,2026-06-07 14:29:05.780,17.96,17.96,2026-06-07 14:29:17.820,30.0,63,71,97.01333333333355,1.828523560209428,23.695000000000164,191.0,85.0,106.0,33.039999999999694,2.0,True,17.0,16.0,983.2947222222222,straight_03,160.96572156502953,507.36369720758057,SOFT,4.0,5.0,0.2841429704404979,2781.6706923917523,47245.714608995586,400.0,False,4,True,INVALID,,,False,0.0,193.53883928571418,-2.5388392857141753,2.5762549999999997,True,2.5762549999999997,-1.3093042089388396,13,True,3.0,straight,0.28217154998056204,3484.7408333333333,19,431.47976220214423,0,monaco_2026_R|BOR|PER,monaco_2026_R|L63|monaco_2026_R|BOR|PER,,False,v4_t0_anchored_30s_horizon
monaco_2026_R_00912,monaco_2026_R,2026,Monaco Grand Prix,ALB,LIN,41,2026-06-07 14:28:52.420,2026-06-07 14:29:34.460,42.04,42.04,2026-06-07 14:29:22.420,30.0,63,156,72.96388888888896,3.2833750000000035,28.72611111111064,80.0,70.0,10.0,,,False,10.0,9.0,1395.5908333333323,corner_T7,35.06758609647045,95.06758609647045,SOFT,20.0,3.0,0.3767386253579358,23151.94786403375,294.5369177086553,400.0,False,4,True,INVALID,,,False,0.0,68.01223262032094,11.987767379679056,3.682794,True,3.682794,14.59022861047729,13,True,3.0,corner,0.40048626284738026,3484.7408333333333,19,431.47976220214423,0,monaco_2026_R|ALB|LIN,monaco_2026_R|L63|monaco_2026_R|ALB|LIN,,False,v4_t0_anchored_30s_horizon
monaco_2026_R_00913,monaco_2026_R,2026,Monaco Grand Prix,COL,HUL,27,2026-06-07 14:29:08.140,2026-06-07 14:29:12.820,4.68,4.68,2026-06-07 14:29:38.140,30.0,63,17,91.60333333333392,1.6571457286432267,53.88555555555649,199.0,71.0,128.0,139.93478260869503,1.8399999999999999,True,14.0,13.0,1957.7772222222225,straight_05,140.76992468324897,249.66766457481208,HARD,28.0,3.0,0.9146373613979384,8707.787669062376,68771.48916331105,400.0,False,4,True,INVALID,,,False,0.0,189.93857906799218,9.06142093200782,2.954283,True,2.954283,127.07451264140049,12,True,3.0,straight,0.5618142972054275,3484.7408333333333,19,431.47976220214423,0,monaco_2026_R|COL|HUL,monaco_2026_R|L63|monaco_2026_R|COL|HUL,,False,v4_t0_anchored_30s_horizon
monaco_2026_R_00914,monaco_2026_R,2026,Monaco Grand Prix,PER,ALO,14,2026-06-07 14:29:10.700,2026-06-07 14:29:54.540,43.84,43.84,2026-06-07 14:29:40.700,30.0,63,155,94.8127777777795,1.2595055350553737,10.129444444445653,271.0,168.0,103.0,49.48780487804804,1.681,True,16.0,15.0,1870.470277777777,straight_05,228.0768691276944,336.9746090192575,SOFT,4.0,4.0,0.917608898594956,11048.370430549725,77974.10946478536,400.0,False,4,True,INVALID,,,False,0.0,270.46130030959745,0.5386996904025523,1.5977350000000001,True,1.5977350000000001,15.520471242757495,10,True,3.0,straight,0.5367602261510439,3484.7408333333333,19,431.47976220214423,0,monaco_2026_R|ALO|PER,monaco_2026_R|L63|monaco_2026_R|ALO|PER,,False,v4_t0_anchored_30s_horizon
monaco_2026_R_00915,monaco_2026_R,2026,Monaco Grand Prix,ALB,LIN,41,2026-06-07 14:29:38.180,2026-06-07 14:29:44.740,6.56,6.56,2026-06-07 14:30:08.180,30.0,64,26,96.80194444444444,1.3507248062015502,45.81305555555559,258.0,164.0,94.0,40.019680851061885,1.88,True,10.0,9.0,45.530833333333334,straight_01,177.72159170375855,237.72159170375855,SOFT,21.0,3.0,0.3767386253579358,15352.719405517193,63053.12386433169,400.0,False,412,True,INVALID,,,False,0.0,260.90862450787404,-2.9086245078740376,1.635822,True,1.635822,-8.461839129153784,13,True,3.0,straight,0.013065773183993358,3484.7408333333333,19,431.47976220214423,0,monaco_2026_R|ALB|LIN,monaco_2026_R|L64|monaco_2026_R|ALB|LIN,,False,v4_t0_anchored_30s_horizon
monaco_2026_R_00916,monaco_2026_R,2026,Monaco Grand Prix,SAI,ALB,23,2026-06-07 14:29:40.780,2026-06-07 14:29:44.740,3.96,3.96,2026-06-07 14:30:10.780,30.0,64,16,95.09888888888887,1.5148495575221235,61.84916666666666,226.0,108.0,118.0,86.68255813953927,1.72,True,11.0,10.0,79.28444444444443,straight_01,143.96798059264745,203.96798059264745,SOFT,12.0,3.0,0.4020485264401488,15990.891228160519,54612.860404099956,400.0,False,412,True,INVALID,,,False,0.0,249.96857429718875,-23.968574297188752,2.118742,True,2.118742,75.81183547206668,12,True,3.0,straight,0.022751891241393925,3484.7408333333333,19,431.47976220214423,0,monaco_2026_R|ALB|SAI,monaco_2026_R|L64|monaco_2026_R|ALB|SAI,,False,v4_t0_anchored_30s_horizon
monaco_2026_R_00917,monaco_2026_R,2026,Monaco Grand Prix,COL,HUL,27,2026-06-07 14:29:44.180,2026-06-07 14:29:48.300,4.12,4.12,2026-06-07 14:30:14.180,30.0,64,17,99.47777777777775,1.4324799999999995,59.37777777777774,250.0,105.0,145.0,105.21249999999803,1.8399999999999999,True,14.0,13.0,70.64,straight_01,152.6124250370919,212.6124250370919,HARD,29.0,3.0,0.9146373613979384,15827.452689727097,56774.4480439608,400.0,False,412,True,INVALID,,,False,0.0,245.56921077065923,4.430789229340775,2.285013,True,2.285013,115.77431832444123,12,True,3.0,straight,0.020271234900538993,3484.7408333333333,19,431.47976220214423,0,monaco_2026_R|COL|HUL,monaco_2026_R|L64|monaco_2026_R|COL|HUL,,False,v4_t0_anchored_30s_horizon
monaco_2026_R_00918,monaco_2026_R,2026,Monaco Grand Prix,PIA,GAS,10,2026-06-07 14:29:46.220,2026-06-07 14:30:29.980,43.76,43.76,2026-06-07 14:30:16.220,30.0,65,158,98.85333333333334,1.3531254752851711,19.523888888888223,263.0,174.0,89.0,19.423837209300913,1.72,True,6.0,5.0,26.566666666666666,straight_01,196.68575837042522,256.6857583704252,SOFT,10.0,4.0,0.9143769884988312,14994.168234007291,67795.21093891203,400.0,False,412,True,INVALID,,,False,-1.0,259.0567307692308,3.9432692307692037,1.5931920000000002,True,1.5931920000000002,-14.883138316043489,12,True,3.0,straight,0.0076237137673318125,3484.7408333333333,19,431.47976220214423,0,monaco_2026_R|GAS|PIA,monaco_2026_R|L65|monaco_2026_R|GAS|PIA,,False,v4_t0_anchored_30s_horizon
monaco_2026_R_00919,monaco_2026_R,2026,Monaco Grand Prix,RUS,HAD,6,2026-06-07 14:29:57.100,2026-06-07 14:30:02.061,4.961,4.961,2026-06-07 14:30:27.100,30.0,65,19,96.5569444444443,3.3748058252427136,71.71249999999986,103.0,41.0,62.0,34.82978723404295,1.88,True,4.0,3.0,1142.6341666666665,brake_T5,1.6262771205852005,348.02425276313625,SOFT,9.0,3.0,0.8037172437077841,7345.113102285731,16471.9373533682,400.0,False,412,True,INVALID,,,False,-1.0,96.03956582633138,6.960434173668617,4.526892,True,4.526892,24.946837135669554,12,True,3.0,brake,0.32789645523614974,3484.7408333333333,19,431.47976220214423,0,monaco_2026_R|HAD|RUS,monaco_2026_R|L65|monaco_2026_R|HAD|RUS,,False,v4_t0_anchored_30s_horizon
monaco_2026_R_00920,monaco_2026_R,2026,Monaco Grand Prix,PER,ALO,14,2026-06-07 14:29:59.940,2026-06-07 14:32:49.981,170.041,170.041,2026-06-07 14:30:29.940,30.0,64,587,97.33749999999986,1.4186842105263138,10.112500000003365,247.0,149.0,98.0,72.91304347826073,1.8399999999999999,True,16.0,15.0,594.0233333333333,brake_T2,30.5772277247313,381.07437502017683,SOFT,5.0,4.0,0.917608898594956,6541.783631510186,74224.30061360299,400.0,False,412,True,INVALID,,,False,0.0,236.4628070175435,10.537192982456503,1.9457849999999999,True,1.9457849999999999,47.86737588654541,11,True,3.0,brake,0.17046413542470518,3484.7408333333333,19,431.47976220214423,0,monaco_2026_R|ALO|PER,monaco_2026_R|L64|monaco_2026_R|ALO|PER,,False,v4_t0_anchored_30s_horizon
monaco_2026_R_00921,monaco_2026_R,2026,Monaco Grand Prix,LIN,RUS,63,2026-06-07 14:30:01.060,2026-06-07 14:30:06.180,5.12,5.12,2026-06-07 14:30:31.060,30.0,64,18,99.51388888888891,4.6525974025974035,73.2255555555555,77.0,47.0,30.0,23.062499999999062,1.92,True,9.0,4.0,1128.6202777777776,brake_T5,15.640166009474115,362.03814165202516,MEDIUM,64.0,2.0,0.6171530418721741,6533.913103632947,19503.931331959655,400.0,False,412,True,INVALID,,,False,0.0,86.42782738095255,-9.42782738095255,4.46802,True,4.46802,20.623009591221447,11,True,3.0,brake,0.32387495419514295,3484.7408333333333,19,431.47976220214423,0,monaco_2026_R|LIN|RUS,monaco_2026_R|L64|monaco_2026_R|LIN|RUS,,False,v4_t0_anchored_30s_horizon
monaco_2026_R_00922,monaco_2026_R,2026,Monaco Grand Prix,ALB,LIN,41,2026-06-07 14:30:24.180,2026-06-07 14:33:05.740,161.56,161.56,2026-06-07 14:30:54.180,30.0,64,611,95.51416666666705,1.2735222222222273,14.845277777777767,270.0,148.0,122.0,76.3476263399694,1.959,True,10.0,9.0,1901.148611111111,straight_05,197.39853579436044,306.29627568592355,SOFT,21.0,3.0,0.3767386253579358,10225.925221774205,74740.44855791003,399.9999999999998,False,412,True,INVALID,,,False,0.0,271.346102398524,-1.3461023985240104,1.854376,True,1.854376,44.96044192450536,9,True,3.0,straight,0.545563845932429,3484.7408333333333,19,431.47976220214423,0,monaco_2026_R|ALB|LIN,monaco_2026_R|L64|monaco_2026_R|ALB|LIN,,False,v4_t0_anchored_30s_horizon
monaco_2026_R_00923,monaco_2026_R,2026,Monaco Grand Prix,SAI,ALB,23,2026-06-07 14:30:26.220,2026-06-07 14:30:37.500,11.28,11.28,2026-06-07 14:30:56.220,30.0,64,41,99.75944444444372,1.3450711610486792,40.22888888888838,267.0,140.0,127.0,73.89130434782473,1.8399999999999999,True,11.0,10.0,1914.2861111111117,straight_05,184.2610357943597,293.1587756859228,SOFT,12.0,3.0,0.4020485264401488,9873.726364916854,73355.68558195277,399.9999999999998,False,412,True,INVALID,,,False,0.0,270.0,-3.0,1.864833,True,1.864833,58.59485694820007,12,True,3.0,straight,0.5493338536972343,3484.7408333333333,19,431.47976220214423,0,monaco_2026_R|ALB|SAI,monaco_2026_R|L64|monaco_2026_R|ALB|SAI,,False,v4_t0_anchored_30s_horizon
monaco_2026_R_00924,monaco_2026_R,2026,Monaco Grand Prix,HAD,LEC,16,2026-06-07 14:30:28.661,2026-06-07 14:30:47.060,18.399,11.919,2026-06-07 14:30:58.661,30.0,65,46,97.675555555556,3.0313103448276,11.659166666668625,116.0,,,48.427721594289096,1.681,True,3.0,,2439.1052777777777,brake_T13,82.19606645316708,614.1557933534114,HARD,33.0,3.0,0.009513094021654284,8136.062230026795,71164.77226210733,400.0,False,412,True,INVALID,,,False,-1.0,,,,False,,,0,False,3.0,brake,0.6999387886888129,3484.7408333333333,19,431.47976220214423,0,monaco_2026_R|HAD|LEC,monaco_2026_R|L65|monaco_2026_R|HAD|LEC,,True,v4_t0_anchored_30s_horizon
monaco_2026_R_00925,monaco_2026_R,2026,Monaco Grand Prix,COL,HUL,27,2026-06-07 14:30:29.980,2026-06-07 14:31:02.461,32.481,32.481,2026-06-07 14:30:59.980,30.0,64,114,99.60499999999979,1.3183014705882325,13.400833333334958,272.0,140.0,132.0,65.95899999999983,2.0,True,14.0,13.0,1903.6372222222221,straight_05,194.9099246832493,303.8076645748124,HARD,29.0,3.0,0.9146373613979384,10159.208876313061,74478.13559667527,400.0,False,412,True,INVALID,,,False,0.0,274.17837591240874,-2.1783759124087396,1.835675,True,1.835675,36.407097903092556,13,True,3.0,straight,0.546277991181713,3484.7408333333333,19,431.47976220214423,0,monaco_2026_R|COL|HUL,monaco_2026_R|L64|monaco_2026_R|COL|HUL,,False,v4_t0_anchored_30s_horizon
monaco_2026_R_00926,monaco_2026_R,2026,Monaco Grand Prix,PIA,GAS,10,2026-06-07 14:30:32.260,2026-06-07 14:31:03.220,30.96,30.96,2026-06-07 14:31:02.260,30.0,65,109,98.36444444444373,1.3413333333333237,29.848333333334267,264.0,211.0,53.0,6.934782608696167,1.8399999999999999,True,6.0,5.0,1864.8572222222224,straight_05,233.68992468324905,342.58766457481215,SOFT,10.0,4.0,0.9143769884988312,11198.84896528944,78565.75563150832,400.0,False,412,True,INVALID,,,False,-1.0,272.31467490842493,-8.314674908424934,1.419304,True,1.419304,-4.498584362137059,11,True,3.0,straight,0.5351494734942428,3484.7408333333333,19,431.47976220214423,0,monaco_2026_R|GAS|PIA,monaco_2026_R|L65|monaco_2026_R|GAS|PIA,,False,v4_t0_anchored_30s_horizon
monaco_2026_R_00927,monaco_2026_R,2026,Monaco Grand Prix,LIN,RUS,63,2026-06-07 14:30:43.020,2026-06-07 14:30:50.580,7.56,7.56,2026-06-07 14:31:13.020,30.0,64,26,95.43861111110846,2.021052941176414,55.2274999999986,170.0,69.0,101.0,76.84488636363673,1.76,True,9.0,4.0,2755.795277777778,corner_T16,33.79301542688472,297.46579335341085,MEDIUM,64.0,2.0,0.6171530418721741,11200.15219632163,29476.633552978958,400.0,False,412,True,INVALID,,,False,0.0,159.17653374233245,10.823466257667548,3.192938,True,3.192938,43.078752024269754,7,True,3.0,corner,0.7908178569313342,3484.7408333333333,19,431.47976220214423,0,monaco_2026_R|LIN|RUS,monaco_2026_R|L64|monaco_2026_R|LIN|RUS,,True,v4_t0_anchored_30s_horizon
monaco_2026_R_00928,monaco_2026_R,2026,Monaco Grand Prix,HAD,HAM,44,2026-06-07 14:30:54.861,2026-06-07 14:31:00.300,5.439,5.439,2026-06-07 14:31:24.861,30.0,66,21,92.62694444444442,1.312822834645669,46.128888888888895,254.0,136.0,118.0,72.37220197813673,1.921,True,3.0,2.0,55.74194444444444,straight_01,167.51048059264744,227.51048059264744,HARD,34.0,3.0,0.009513094021654284,15545.778553101145,60499.78319462459,400.0,False,24,True,PIT_RELATED,,,False,0.0,241.26005639097744,12.73994360902256,1.847267,True,1.847267,48.75303850393483,12,True,3.0,straight,0.015996008630324573,3484.7408333333333,19,431.47976220214423,0,monaco_2026_R|HAD|HAM,monaco_2026_R|L66|monaco_2026_R|HAD|HAM,,False,v4_t0_anchored_30s_horizon
monaco_2026_R_00929,monaco_2026_R,2026,Monaco Grand Prix,COL,HUL,27,2026-06-07 14:31:06.020,2026-06-07 14:31:09.301,3.281,3.281,2026-06-07 14:31:36.020,30.0,65,13,96.23055555555555,1.8725945945945948,79.24166666666667,185.0,118.0,67.0,24.932142857144907,1.6800000000000002,True,13.0,12.0,67.75277777777777,straight_01,155.49964725931412,215.49964725931412,HARD,30.0,3.0,0.9146373613979384,15772.864638040817,57496.41275889376,400.0,False,24,True,PIT_RELATED,,,False,-1.0,258.29625850340136,-73.29625850340136,1.99911,True,1.99911,52.82804039981438,9,True,3.0,straight,0.01944270205970203,3484.7408333333333,19,431.47976220214423,0,monaco_2026_R|COL|HUL,monaco_2026_R|L65|monaco_2026_R|COL|HUL,,False,v4_t0_anchored_30s_horizon
monaco_2026_R_00930,monaco_2026_R,2026,Monaco Grand Prix,PIA,GAS,10,2026-06-07 14:31:09.501,2026-06-07 14:31:13.260,3.759,3.759,2026-06-07 14:31:39.501,30.0,66,16,94.94416666666667,1.4123925619834714,65.54166666666669,242.0,108.0,134.0,114.23939570017352,1.721,True,6.0,5.0,83.2025,straight_01,140.0499250370919,200.0499250370919,SOFT,11.0,4.0,0.9143769884988312,16064.969010442119,53633.13053069901,400.0,False,24,True,PIT_RELATED,,,False,0.0,228.7415364047717,13.258463595228307,2.203203,True,2.203203,109.7047169172759,11,True,3.0,straight,0.0238762375681214,3484.7408333333333,19,431.47976220214423,0,monaco_2026_R|GAS|PIA,monaco_2026_R|L66|monaco_2026_R|GAS|PIA,,False,v4_t0_anchored_30s_horizon
monaco_2026_R_00931,monaco_2026_R,2026,Monaco Grand Prix,SAI,ALB,23,2026-06-07 14:31:12.420,2026-06-07 14:32:05.220,52.8,52.8,2026-06-07 14:31:42.420,30.0,65,199,95.18583333333277,1.6087746478873144,41.28638888888827,213.0,148.0,65.0,83.23404255319167,1.88,True,10.0,9.0,637.7788888888892,corner_T2,150.51136914259496,337.3188194646209,SOFT,13.0,3.0,0.4020485264401488,5884.195224008842,66751.45989617138,400.0,False,24,True,PIT_RELATED,,,False,-1.0,197.45340659340644,15.546593406593558,2.051738,True,2.051738,74.0925222676572,13,True,3.0,corner,0.18302046533509955,3484.7408333333333,19,431.47976220214423,0,monaco_2026_R|ALB|SAI,monaco_2026_R|L65|monaco_2026_R|ALB|SAI,,False,v4_t0_anchored_30s_horizon
monaco_2026_R_00932,monaco_2026_R,2026,Monaco Grand Prix,BOR,PER,11,2026-06-07 14:31:13.020,2026-06-07 14:31:16.980,3.96,3.96,2026-06-07 14:31:43.020,30.0,65,17,89.40194444444442,1.3522983193277307,58.05916666666664,238.0,101.0,137.0,111.82784090910104,1.76,True,16.0,15.0,91.23166666666667,straight_01,132.0207583704252,192.0207583704252,SOFT,6.0,5.0,0.2841429704404979,16216.774632338587,51625.396252736995,400.0,False,24,True,PIT_RELATED,,97.201,True,-1.0,222.4725,15.527500000000003,2.2063,True,2.2063,105.62822611769137,12,True,3.0,straight,0.026180330483687335,3484.7408333333333,19,431.47976220214423,0,monaco_2026_R|BOR|PER,monaco_2026_R|L65|monaco_2026_R|BOR|PER,,False,v4_t0_anchored_30s_horizon
monaco_2026_R_00933,monaco_2026_R,2026,Monaco Grand Prix,OCO,SAI,55,2026-06-07 14:31:13.260,2026-06-07 14:34:38.902,205.642,205.642,2026-06-07 14:31:43.260,30.0,65,792,95.64527777777835,1.3609604743083086,13.31583333333083,253.0,179.0,74.0,35.99999999999949,2.0,True,11.0,10.0,587.7702777777777,brake_T2,36.83028328028695,387.3274305757325,HARD,56.0,3.0,0.9129414175108697,6683.342907155568,74335.07000185159,400.0,False,24,True,PIT_RELATED,,,False,-1.0,260.8905938697318,-7.890593869731788,1.6218810000000001,True,1.6218810000000001,15.772249656141895,13,True,3.0,brake,0.16866972492056037,3484.7408333333333,19,431.47976220214423,0,monaco_2026_R|OCO|SAI,monaco_2026_R|L65|monaco_2026_R|OCO|SAI,,False,v4_t0_anchored_30s_horizon
monaco_2026_R_00934,monaco_2026_R,2026,Monaco Grand Prix,LIN,RUS,63,2026-06-07 14:31:18.780,2026-06-07 14:31:49.301,30.521,30.521,2026-06-07 14:31:48.780,30.0,65,116,92.62138888888853,1.6588905472636752,16.84777777777731,201.0,71.0,130.0,102.08888888888919,1.8,True,8.0,4.0,1015.335,straight_03,128.92544378725165,475.3234194298027,MEDIUM,65.0,2.0,0.6171530418721741,2172.0857059029568,43429.57664151407,400.0,False,24,True,PIT_RELATED,,,False,-1.0,177.28835227272648,23.711647727273515,3.423791,True,3.423791,75.29289313731189,12,True,3.0,straight,0.2913660006758035,3484.7408333333333,19,431.47976220214423,0,monaco_2026_R|LIN|RUS,monaco_2026_R|L65|monaco_2026_R|LIN|RUS,,False,v4_t0_anchored_30s_horizon
monaco_2026_R_00935,monaco_2026_R,2026,Monaco Grand Prix,HAM,ANT,12,2026-06-07 14:31:46.900,2026-06-07 14:32:46.901,60.001,60.001,2026-06-07 14:32:16.900,30.0,66,187,90.60611111111325,1.3099678714859746,10.04166666666788,249.0,151.0,98.0,56.130434782609555,1.8399999999999999,True,2.0,1.0,1880.4105555555539,straight_05,218.13659134991758,327.0343312414807,SOFT,10.0,4.0,0.021619858044417985,10781.884838148026,76926.35086250979,400.0,False,24,True,PIT_RELATED,,24.68,False,0.0,212.78099449685553,36.21900550314447,1.7874379999999999,True,1.7874379999999999,33.10391129302484,10,True,3.0,straight,0.5396127418052047,3484.7408333333333,19,431.47976220214423,0,monaco_2026_R|ANT|HAM,monaco_2026_R|L66|monaco_2026_R|ANT|HAM,,False,v4_t0_anchored_30s_horizon
monaco_2026_R_00936,monaco_2026_R,2026,Monaco Grand Prix,LIN,RUS,63,2026-06-07 14:31:55.061,2026-06-07 14:32:02.101,7.04,7.04,2026-06-07 14:32:25.061,30.0,65,25,99.74111111111029,1.5958577777777645,33.82333333333236,225.0,100.0,125.0,90.10789324247541,1.7610000000000001,True,8.0,4.0,1907.4341666666662,straight_05,191.11298023880522,300.0107201303683,MEDIUM,65.0,2.0,0.6171530418721741,10057.417858776695,74077.91728356903,399.9999999999998,False,24,True,PIT_RELATED,,,False,-1.0,176.4447240259739,48.5552759740261,2.59213,True,2.59213,57.41209098948323,11,True,3.0,straight,0.5473675828116341,3484.7408333333333,19,431.47976220214423,0,monaco_2026_R|LIN|RUS,monaco_2026_R|L65|monaco_2026_R|LIN|RUS,,False,v4_t0_anchored_30s_horizon
monaco_2026_R_00937,monaco_2026_R,2026,Monaco Grand Prix,HAD,HAM,44,2026-06-07 14:31:58.660,2026-06-07 14:32:59.981,61.321,61.321,2026-06-07 14:32:28.660,30.0,66,234,98.91999999999871,2.7393230769230414,13.643055555555556,130.0,50.0,80.0,53.26848249027345,1.799,True,3.0,2.0,2139.3141666666656,corner_T10,19.232980238805794,68.1307201303689,HARD,34.0,3.0,0.009513094021654284,13633.628972585213,36772.84737722442,400.0,False,24,True,PIT_RELATED,,,False,0.0,124.55015873015977,5.449841269840235,4.075246,True,4.075246,27.545709397382716,12,True,3.0,corner,0.6139091166272764,3484.7408333333333,19,431.47976220214423,0,monaco_2026_R|HAD|HAM,monaco_2026_R|L66|monaco_2026_R|HAD|HAM,,False,v4_t0_anchored_30s_horizon
monaco_2026_R_00938,monaco_2026_R,2026,Monaco Grand Prix,COL,HUL,27,2026-06-07 14:32:04.580,2026-06-07 14:32:10.421,5.841,5.841,2026-06-07 14:32:34.580,30.0,65,24,99.21500000000037,2.9518512396694327,72.99583333333362,121.0,70.0,51.0,84.71261812117866,1.799,True,13.0,12.0,1923.6363888888895,straight_05,174.9107580165819,283.808497908145,HARD,30.0,3.0,0.9146373613979384,9623.057885782182,72370.11614472489,400.0,False,24,True,PIT_RELATED,,,False,-1.0,144.46579952968858,-23.46579952968858,3.6038170000000003,True,3.6038170000000003,98.16630390474523,11,True,3.0,straight,0.5520170597733757,3484.7408333333333,19,431.47976220214423,0,monaco_2026_R|COL|HUL,monaco_2026_R|L65|monaco_2026_R|COL|HUL,,False,v4_t0_anchored_30s_horizon
monaco_2026_R_00939,monaco_2026_R,2026,Monaco Grand Prix,PIA,GAS,10,2026-06-07 14:32:05.220,2026-06-07 14:32:14.261,9.041,9.041,2026-06-07 14:32:35.220,30.0,66,35,98.2394444444451,2.169705521472407,48.97805555555669,163.0,68.0,95.0,97.90095047523688,1.999,True,6.0,5.0,1851.3299999999995,straight_05,247.21714690547196,356.11488679703507,SOFT,11.0,4.0,0.9143769884988312,11538.907359667202,80143.13674472363,400.0,False,24,True,PIT_RELATED,,,False,0.0,189.69007263922637,-26.690072639226372,3.616661,True,3.616661,87.39196640207392,12,True,3.0,straight,0.53126762894132,3484.7408333333333,19,431.47976220214423,0,monaco_2026_R|GAS|PIA,monaco_2026_R|L66|monaco_2026_R|GAS|PIA,,False,v4_t0_anchored_30s_horizon
monaco_2026_R_00940,monaco_2026_R,2026,Monaco Grand Prix,SAI,ALB,23,2026-06-07 14:32:20.941,2026-06-07 14:33:09.141,48.2,48.2,2026-06-07 14:32:50.941,30.0,65,193,97.62972222222288,3.699652631578972,11.261388888888888,95.0,63.0,32.0,12.840897501273165,1.9609999999999999,True,10.0,9.0,2675.8777777777773,brake_T15,19.373153669497697,377.3832933534118,SOFT,13.0,3.0,0.4020485264401488,8185.229361115951,31524.79709064086,400.0,False,24,True,PIT_RELATED,,,False,-1.0,97.29942468619289,-2.299424686192893,3.62452,True,3.62452,4.872203017562949,11,True,3.0,brake,0.7678843006577803,3484.7408333333333,19,431.47976220214423,0,monaco_2026_R|ALB|SAI,monaco_2026_R|L65|monaco_2026_R|ALB|SAI,,False,v4_t0_anchored_30s_horizon
monaco_2026_R_00941,monaco_2026_R,2026,Monaco Grand Prix,BOR,ALO,14,2026-06-07 14:32:50.221,2026-06-07 14:33:06.661,16.44,16.44,2026-06-07 14:33:20.221,30.0,65,32,10.511388888890906,0.8600227272728923,10.11138888889127,44.0,35.0,9.0,,,False,16.0,14.0,3028.0663888888876,corner_T19,,25.194682242301496,SOFT,6.0,5.0,0.2841429704404979,25326.1445398605,149.26155445888958,400.0,False,24,True,PIT_RELATED,,,False,-1.0,33.390294117644025,10.609705882355975,1.040647,True,1.040647,21.157130425317344,12,True,3.0,corner,0.8689502415570993,3484.7408333333333,19,431.47976220214423,0,monaco_2026_R|ALO|BOR,monaco_2026_R|L65|monaco_2026_R|ALO|BOR,,True,v4_t0_anchored_30s_horizon
monaco_2026_R_00942,monaco_2026_R,2026,Monaco Grand Prix,COL,GAS,10,2026-06-07 14:33:02.181,2026-06-07 14:34:00.421,58.24,58.24,2026-06-07 14:33:32.181,30.0,66,233,23.281666666666673,1.496678571428572,17.652222222222235,56.0,72.0,-16.0,,,False,13.0,5.0,5.7766666666666655,straight_01,217.4757583704252,277.47575837042524,HARD,31.0,4.0,0.9146373613979384,14601.096448322489,72993.8569966802,399.99999999999994,False,4,True,PIT_RELATED,,,False,0.0,53.32787878787879,2.672121212121212,1.320654,True,1.320654,-6.660146128482569,14,True,3.0,straight,0.0016577033825327513,3484.7408333333333,19,431.47976220214423,0,monaco_2026_R|COL|GAS,monaco_2026_R|L66|monaco_2026_R|COL|GAS,,False,v4_t0_anchored_30s_horizon
monaco_2026_R_00943,monaco_2026_R,2026,Monaco Grand Prix,HAD,HAM,44,2026-06-07 14:33:03.421,2026-06-07 14:33:35.701,32.28,32.28,2026-06-07 14:33:33.421,30.0,67,128,97.06194444444452,1.5061336206896563,18.948333333335313,232.0,176.0,56.0,23.591836734693754,1.96,True,3.0,2.0,579.4136111111112,brake_T2,45.186949946953405,395.68409724239893,HARD,35.0,4.0,0.009513094021654284,6872.524607147373,74483.10368654224,400.0,False,4,True,PIT_RELATED,,,False,0.0,234.40399678111586,-2.4039967811158647,1.714879,True,1.714879,7.398300224210285,13,True,3.0,brake,0.16627165084092418,3484.7408333333333,19,431.47976220214423,0,monaco_2026_R|HAD|HAM,monaco_2026_R|L67|monaco_2026_R|HAD|HAM,,False,v4_t0_anchored_30s_horizon
monaco_2026_R_00944,monaco_2026_R,2026,Monaco Grand Prix,PER,ALO,14,2026-06-07 14:33:06.461,2026-06-07 14:34:50.901,104.44,104.44,2026-06-07 14:33:36.461,30.0,66,362,28.77055555555555,1.7554915254237284,10.031388888888841,59.0,79.0,-20.0,,,False,15.0,14.0,9.647222222222222,straight_01,213.60520281486967,273.60520281486964,SOFT,7.0,5.0,0.917608898594956,14674.276158943678,72026.00474173737,400.0,False,4,True,PIT_RELATED,,,False,0.0,58.0,1.0,1.5085169999999999,True,1.5085169999999999,-9.511448700945808,12,True,3.0,straight,0.002768418853402696,3484.7408333333333,19,431.47976220214423,0,monaco_2026_R|ALO|PER,monaco_2026_R|L66|monaco_2026_R|ALO|PER,,False,v4_t0_anchored_30s_horizon
monaco_2026_R_00945,monaco_2026_R,2026,Monaco Grand Prix,BOR,PER,11,2026-06-07 14:33:07.101,2026-06-07 14:34:51.982,104.881,104.881,2026-06-07 14:33:37.101,30.0,66,367,16.486666666666668,1.0412631578947371,10.128611111110331,57.0,68.0,-11.0,,,False,16.0,15.0,4.65111111111111,straight_01,218.60131392598078,278.6013139259808,SOFT,7.0,6.0,0.2841429704404979,14579.815826287391,73275.30793230735,400.0,False,4,True,PIT_RELATED,,,False,0.0,59.0,-2.0,0.944847,True,0.944847,-14.849293068986624,14,True,3.0,straight,0.0013347078975345446,3484.7408333333333,19,431.47976220214423,0,monaco_2026_R|BOR|PER,monaco_2026_R|L66|monaco_2026_R|BOR|PER,,False,v4_t0_anchored_30s_horizon
monaco_2026_R_00946,monaco_2026_R,2026,Monaco Grand Prix,PIA,GAS,10,2026-06-07 14:33:07.461,2026-06-07 14:33:10.581,3.12,3.12,2026-06-07 14:33:37.461,30.0,67,15,99.27000000000005,2.7703255813953502,81.22555555555559,129.0,87.0,42.0,1.9319510898458192,1.881,True,6.0,5.0,105.70416666666667,brake_T1,117.54825837042522,177.54825837042523,SOFT,12.0,5.0,0.9143769884988312,16574.681261401136,47813.06704788913,400.0,False,4,True,PIT_RELATED,,,False,0.0,153.22188679245284,-24.221886792452835,2.833603,True,2.833603,-24.292980523901893,14,True,3.0,brake,0.0303334370394355,3484.7408333333333,19,431.47976220214423,0,monaco_2026_R|GAS|PIA,monaco_2026_R|L67|monaco_2026_R|GAS|PIA,,False,v4_t0_anchored_30s_horizon
monaco_2026_R_00947,monaco_2026_R,2026,Monaco Grand Prix,RUS,HAD,6,2026-06-07 14:33:07.741,2026-06-07 14:34:30.541,82.8,82.8,2026-06-07 14:33:37.741,30.0,67,315,98.32249999999988,2.3134705882352913,16.21222222222059,153.0,110.0,43.0,73.59963436928756,1.641,True,4.0,3.0,660.5597222222224,corner_T2,127.73053580926182,314.53798613128777,SOFT,11.0,4.0,0.8037172437077841,5958.565342303717,54731.31767070618,399.9999999999999,False,4,True,PIT_RELATED,,,False,0.0,168.64499999999973,-15.644999999999726,2.8258,True,2.8258,79.74335697768637,14,True,3.0,corner,0.18955777597680432,3484.7408333333333,19,431.47976220214423,0,monaco_2026_R|HAD|RUS,monaco_2026_R|L67|monaco_2026_R|HAD|RUS,,False,v4_t0_anchored_30s_horizon
monaco_2026_R_00948,monaco_2026_R,2026,Monaco Grand Prix,HAM,ANT,12,2026-06-07 14:33:08.261,2026-06-07 14:33:36.781,28.52,28.52,2026-06-07 14:33:38.261,30.0,67,114,99.36111111111063,3.0572649572649424,23.178611111109603,117.0,67.0,50.0,61.999999999999766,1.8,True,2.0,1.0,865.926388888889,brake_T4,49.17131946462109,109.17131946462109,SOFT,11.0,5.0,0.021619858044417985,5427.783746352484,45916.035116305866,400.0,False,4,True,PIT_RELATED,,71.12,True,0.0,111.04819790301428,5.951802096985716,4.031165,True,4.031165,58.51805886393899,14,True,3.0,brake,0.2484909008457269,3484.7408333333333,19,431.47976220214423,0,monaco_2026_R|ANT|HAM,monaco_2026_R|L67|monaco_2026_R|ANT|HAM,,False,v4_t0_anchored_30s_horizon
monaco_2026_R_00949,monaco_2026_R,2026,Monaco Grand Prix,ALB,LIN,41,2026-06-07 14:33:09.581,2026-06-07 14:34:08.581,59.0,59.0,2026-06-07 14:33:39.581,30.0,66,232,96.4516666666666,1.4528284518828443,15.988055555556002,239.0,156.0,83.0,48.086956521739474,1.8399999999999999,True,9.0,8.0,587.8366666666667,brake_T2,36.76389439139791,387.26104168684344,SOFT,23.0,4.0,0.3767386253579358,6681.839967842374,74333.89395974811,400.0,False,4,True,PIT_RELATED,,,False,0.0,226.42142857142855,12.57857142857145,1.92475,True,1.92475,17.989732977858885,14,True,3.0,brake,0.168688776233718,3484.7408333333333,19,431.47976220214423,0,monaco_2026_R|ALB|LIN,monaco_2026_R|L66|monaco_2026_R|ALB|LIN,,False,v4_t0_anchored_30s_horizon
monaco_2026_R_00950,monaco_2026_R,2026,Monaco Grand Prix,SAI,ALB,23,2026-06-07 14:33:23.301,2026-06-07 14:33:50.261,26.96,26.96,2026-06-07 14:33:53.301,30.0,66,108,99.54111111111104,2.1457964071856273,23.578611111109467,167.0,69.0,98.0,89.65957446808461,1.88,True,10.0,9.0,1014.5202777777779,straight_03,129.7401660094738,476.13814165202484,SOFT,14.0,4.0,0.4020485264401488,2181.710460945341,43552.50746379056,400.0,False,4,True,PIT_RELATED,,,False,0.0,185.93199757134175,-18.931997571341753,3.665551,True,3.665551,67.22028845732284,13,True,3.0,straight,0.2911322035984344,3484.7408333333333,19,431.47976220214423,0,monaco_2026_R|ALB|SAI,monaco_2026_R|L66|monaco_2026_R|ALB|SAI,,False,v4_t0_anchored_30s_horizon
monaco_2026_R_00951,monaco_2026_R,2026,Monaco Grand Prix,PIA,GAS,10,2026-06-07 14:33:38.181,2026-06-07 14:33:50.541,12.36,12.36,2026-06-07 14:34:08.181,30.0,67,51,97.66027777777754,4.088104651162781,62.14944444444404,86.0,33.0,53.0,35.36734693877536,1.96,True,6.0,5.0,1153.3083333333334,corner_T5,109.0188161077906,337.35008609646934,SOFT,12.0,5.0,0.9143769884988312,7933.923793124551,14533.708985855554,400.0,False,4,True,PIT_RELATED,,,False,0.0,101.23894230769245,-15.238942307692454,5.495221,True,5.495221,29.33881932021967,12,True,3.0,corner,0.33095957159894007,3484.7408333333333,19,431.47976220214423,0,monaco_2026_R|GAS|PIA,monaco_2026_R|L67|monaco_2026_R|GAS|PIA,,False,v4_t0_anchored_30s_horizon
monaco_2026_R_00952,monaco_2026_R,2026,Monaco Grand Prix,HAM,ANT,12,2026-06-07 14:33:46.461,2026-06-07 14:33:55.821,9.36,9.36,2026-06-07 14:34:16.461,30.0,67,36,97.53916666666396,1.746970149253683,34.12805555555269,201.0,73.0,128.0,138.39099999999945,2.0,True,2.0,1.0,1942.7980555555575,straight_05,155.7490913499139,264.646831241477,SOFT,11.0,5.0,0.021619858044417985,9109.359153490526,70350.37368553296,400.0000000000002,False,4,True,PIT_RELATED,,32.92,True,0.0,169.91227430555347,31.087725694446533,3.194493,True,3.194493,121.85281498505414,14,True,3.0,straight,0.5575157948538663,3484.7408333333333,19,431.47976220214423,0,monaco_2026_R|ANT|HAM,monaco_2026_R|L67|monaco_2026_R|ANT|HAM,,False,v4_t0_anchored_30s_horizon
monaco_2026_R_00953,monaco_2026_R,2026,Monaco Grand Prix,HAD,HAM,44,2026-06-07 14:33:50.061,2026-06-07 14:33:54.861,4.8,4.8,2026-06-07 14:34:20.061,30.0,67,18,94.8530555555576,2.2764733333333824,69.84472222222439,150.0,72.0,78.0,107.59523809523783,1.6800000000000002,True,3.0,2.0,1972.005,straight_05,126.54214690547133,235.43988679703443,HARD,35.0,4.0,0.009513094021654284,8329.645324843957,67247.0454125614,400.0,False,4,True,PIT_RELATED,,,False,0.0,164.0614062500025,-14.061406250002506,2.993843,True,2.993843,104.61388670777248,13,True,3.0,straight,0.5658971769540968,3484.7408333333333,19,431.47976220214423,0,monaco_2026_R|HAD|HAM,monaco_2026_R|L67|monaco_2026_R|HAD|HAM,,False,v4_t0_anchored_30s_horizon
monaco_2026_R_00954,monaco_2026_R,2026,Monaco Grand Prix,SAI,ALB,23,2026-06-07 14:33:54.181,2026-06-07 14:34:03.221,9.04,9.04,2026-06-07 14:34:24.181,30.0,66,36,92.77249999999935,1.4151737288135495,41.905833333332566,236.0,156.0,80.0,49.97777777777719,1.8,True,10.0,9.0,1900.8741666666676,straight_05,197.6729802388038,306.5707201303669,SOFT,14.0,4.0,0.4020485264401488,10233.282711372973,74769.3764746082,399.9999999999998,False,4,True,PIT_RELATED,,,False,0.0,217.44471002160708,18.55528997839292,1.808244,True,1.808244,24.06691665344832,10,True,3.0,straight,0.5454850898763637,3484.7408333333333,19,431.47976220214423,0,monaco_2026_R|ALB|SAI,monaco_2026_R|L66|monaco_2026_R|ALB|SAI,,False,v4_t0_anchored_30s_horizon
monaco_2026_R_00955,monaco_2026_R,2026,Monaco Grand Prix,HUL,OCO,31,2026-06-07 14:33:56.381,2026-06-07 14:34:42.141,45.76,45.76,2026-06-07 14:34:26.381,30.0,66,161,95.55444444444356,1.4891601731601594,10.113055555552819,231.0,103.0,128.0,67.28571428571449,1.96,True,12.0,11.0,1826.448888888888,corner_T9,272.0982580165835,0.22499957600416565,HARD,54.0,5.0,0.8588806417744269,11250.835727979786,89140.36286327954,400.0000000000002,False,4,True,PIT_RELATED,,,False,0.0,236.17336497890312,-5.173364978903123,2.247236,True,2.247236,43.40975563731454,10,True,3.0,corner,0.5241276112754119,3484.7408333333333,19,431.47976220214423,0,monaco_2026_R|HUL|OCO,monaco_2026_R|L66|monaco_2026_R|HUL|OCO,,False,v4_t0_anchored_30s_horizon
monaco_2026_R_00956,monaco_2026_R,2026,Monaco Grand Prix,COL,GAS,10,2026-06-07 14:34:02.821,2026-06-07 14:34:47.181,44.36,44.36,2026-06-07 14:34:32.821,30.0,66,163,97.02499999999827,1.512077922077895,12.677222222222099,231.0,176.0,55.0,9.78723404255445,1.88,True,13.0,5.0,1896.009166666667,straight_05,202.5379802388045,311.4357201303676,HARD,31.0,4.0,0.9146373613979384,10363.70687415974,75282.17357284095,399.9999999999998,False,4,True,PIT_RELATED,,,False,0.0,235.7193704600486,-4.719370460048594,1.639288,True,1.639288,-9.17753039403714,10,True,3.0,straight,0.5440890032711664,3484.7408333333333,19,431.47976220214423,0,monaco_2026_R|COL|GAS,monaco_2026_R|L66|monaco_2026_R|COL|GAS,,False,v4_t0_anchored_30s_horizon
monaco_2026_R_00957,monaco_2026_R,2026,Monaco Grand Prix,ALB,LIN,41,2026-06-07 14:34:13.181,2026-06-07 14:34:39.301,26.12,26.12,2026-06-07 14:34:43.181,30.0,66,97,93.44194444444656,1.6329660194175128,23.932500000002165,206.0,118.0,88.0,47.085106382978864,1.88,True,9.0,8.0,2543.23861111111,corner_T13,38.062733119834775,510.02246002007905,SOFT,23.0,4.0,0.3767386253579358,4802.503001086169,73059.80495517426,400.0,False,4,True,PIT_RELATED,,,False,0.0,178.333170391061,27.666829608938997,2.213346,True,2.213346,25.360776894931394,13,True,3.0,corner,0.7298214509336615,3484.7408333333333,19,431.47976220214423,0,monaco_2026_R|ALB|LIN,monaco_2026_R|L66|monaco_2026_R|ALB|LIN,,False,v4_t0_anchored_30s_horizon
monaco_2026_R_00958,monaco_2026_R,2026,Monaco Grand Prix,PIA,GAS,10,2026-06-07 14:34:31.421,2026-06-07 14:34:44.261,12.84,12.84,2026-06-07 14:35:01.421,30.0,67,52,96.06888888888898,2.4185174825174847,70.12750000000051,143.0,53.0,90.0,79.09756097560869,1.6400000000000001,True,6.0,5.0,2781.1863888888874,brake_T17,8.401904315775482,272.0746822423016,SOFT,12.0,5.0,0.9143769884988312,12171.985123620743,27472.683662217845,400.0,False,4,True,PIT_RELATED,,,False,0.0,156.68551864801861,-13.685518648018615,4.021628,True,4.021628,57.3169912693104,11,True,3.0,brake,0.7981042269443436,3484.7408333333333,19,431.47976220214423,0,monaco_2026_R|GAS|PIA,monaco_2026_R|L67|monaco_2026_R|GAS|PIA,,False,v4_t0_anchored_30s_horizon
monaco_2026_R_00959,monaco_2026_R,2026,Monaco Grand Prix,ALB,LIN,41,2026-06-07 15:10:09.550,2026-06-07 15:10:54.389,44.839,44.839,2026-06-07 15:10:39.550,30.0,68,171,56.37416666666666,3.3824499999999995,25.04500000000121,60.0,111.0,-51.0,,,False,9.0,8.0,10.850000000000001,straight_01,212.4024250370919,272.40242503709186,SOFT,7.0,5.0,0.3767386253579358,14697.016803912082,71725.2439936462,400.00000000000006,False,14,True,PIT_RELATED,,,False,0.0,59.0,1.0,2.451237,True,2.451237,,2,False,3.0,straight,0.0031135744432453016,3484.7408333333333,19,431.47976220214423,0,monaco_2026_R|ALB|LIN,monaco_2026_R|L68|monaco_2026_R|ALB|LIN,,False,v4_t0_anchored_30s_horizon
monaco_2026_R_00960,monaco_2026_R,2026,Monaco Grand Prix,OCO,SAI,55,2026-06-07 15:10:14.109,2026-06-07 15:10:24.629,10.52,10.52,2026-06-07 15:10:44.109,30.0,68,41,30.95916666666666,1.8575499999999996,30.95916666666666,60.0,69.0,-9.0,,,False,11.0,10.0,4.893333333333334,straight_01,218.35909170375854,278.35909170375857,SOFT,1.0,5.0,0.9129414175108697,14584.395466567403,73214.73902414672,400.0,False,14,True,PIT_RELATED,,,False,0.0,,,,False,,,2,False,3.0,straight,0.0014042172911471898,3484.7408333333333,19,431.47976220214423,0,monaco_2026_R|OCO|SAI,monaco_2026_R|L68|monaco_2026_R|OCO|SAI,,False,v4_t0_anchored_30s_horizon
monaco_2026_R_00961,monaco_2026_R,2026,Monaco Grand Prix,HUL,OCO,31,2026-06-07 15:10:16.830,2026-06-07 15:10:26.429,9.599,9.599,2026-06-07 15:10:46.830,30.0,68,37,47.32305555555555,2.9372931034482757,47.32305555555555,58.0,86.0,-28.0,,,False,12.0,11.0,8.073888888888888,straight_01,215.178536148203,275.17853614820297,SOFT,1.0,6.0,0.8588806417744269,14644.529504647822,72419.42480575318,399.99999999999994,False,14,True,PIT_RELATED,,96.639,True,0.0,59.30690072639225,-1.30690072639225,2.526932,True,2.526932,,2,False,3.0,straight,0.002316926645349921,3484.7408333333333,19,431.47976220214423,0,monaco_2026_R|HUL|OCO,monaco_2026_R|L68|monaco_2026_R|HUL|OCO,,False,v4_t0_anchored_30s_horizon
monaco_2026_R_00962,monaco_2026_R,2026,Monaco Grand Prix,PER,ALO,14,2026-06-07 15:10:28.789,2026-06-07 15:10:34.109,5.32,5.32,2026-06-07 15:10:58.789,30.0,68,21,99.89305555555555,2.7877131782945734,66.33944444444441,129.0,,,19.34693877551023,1.96,True,15.0,,98.755,straight_01,124.49742503709189,184.4974250370919,SOFT,7.0,6.0,0.917608898594956,16359.016578833793,49744.14819239023,400.0,False,14,True,INVALID,,,False,0.0,,,,False,,,0,False,3.0,straight,0.028339266741261724,3484.7408333333333,19,431.47976220214423,0,monaco_2026_R|ALO|PER,monaco_2026_R|L68|monaco_2026_R|ALO|PER,,False,v4_t0_anchored_30s_horizon
monaco_2026_R_00963,monaco_2026_R,2026,Monaco Grand Prix,SAI,ALB,23,2026-06-07 15:10:38.509,2026-06-07 15:10:54.909,16.4,16.4,2026-06-07 15:11:08.509,30.0,68,65,91.9744444444434,1.994626506024074,50.869722222221526,166.0,70.0,96.0,91.77696717040168,1.919,True,10.0,9.0,1019.8716666666669,straight_03,124.38877712058479,470.78675276313584,SOFT,5.0,5.0,0.4020485264401488,2118.491604521352,42745.05356295292,400.0,False,14,True,PIT_RELATED,,,False,0.0,165.7956666666658,0.20433333333420478,3.374466,True,3.374466,67.67374751954772,11,True,3.0,straight,0.2926678669791083,3484.7408333333333,19,431.47976220214423,0,monaco_2026_R|ALB|SAI,monaco_2026_R|L68|monaco_2026_R|ALB|SAI,,False,v4_t0_anchored_30s_horizon
monaco_2026_R_00964,monaco_2026_R,2026,Monaco Grand Prix,BOR,ALO,14,2026-06-07 15:11:00.509,2026-06-07 15:11:04.669,4.16,4.16,2026-06-07 15:11:30.509,30.0,68,10,95.3452777777768,3.9004886363635967,72.55333333333192,88.0,,,28.27659574468126,1.88,True,16.0,,1142.2219444444447,brake_T5,2.038499342806972,348.436474985358,SOFT,1.0,7.0,0.2841429704404979,7321.25144127484,16561.12425255997,400.0,False,14,True,INVALID,,,False,0.0,,,,False,,,0,False,3.0,brake,0.3277781617268366,3484.7408333333333,19,431.47976220214423,0,monaco_2026_R|ALO|BOR,monaco_2026_R|L68|monaco_2026_R|ALO|BOR,,False,v4_t0_anchored_30s_horizon
monaco_2026_R_00965,monaco_2026_R,2026,Monaco Grand Prix,ALB,LIN,41,2026-06-07 15:11:02.230,2026-06-07 15:11:09.150,6.92,6.92,2026-06-07 15:11:32.230,30.0,68,25,95.05333333333465,1.431765690376589,39.94388888889034,239.0,117.0,122.0,82.85996513654902,1.721,True,9.0,8.0,1940.7544444444436,straight_05,157.79270246102783,266.69044235259094,SOFT,7.0,5.0,0.3767386253579358,9164.145642335076,70565.78125957106,400.0000000000002,False,14,True,PIT_RELATED,,,False,0.0,240.78739316239376,-1.7873931623937551,2.019645,True,2.019645,50.170250351328114,10,True,3.0,straight,0.5569293492015625,3484.7408333333333,19,431.47976220214423,0,monaco_2026_R|ALB|LIN,monaco_2026_R|L68|monaco_2026_R|ALB|LIN,,False,v4_t0_anchored_30s_horizon
monaco_2026_R_00966,monaco_2026_R,2026,Monaco Grand Prix,BOR,PER,11,2026-06-07 15:11:02.550,2026-06-07 15:11:06.229,3.679,3.679,2026-06-07 15:11:32.550,30.0,68,11,71.0180555555562,3.195812500000029,70.55138888888973,80.0,59.0,21.0,,,False,16.0,15.0,1200.5247222222226,corner_T5,61.80242721890136,290.1336972075801,SOFT,1.0,7.0,0.2841429704404979,10515.373282517008,6255.225620015877,400.0,False,14,True,PIT_RELATED,,,False,0.0,98.67623138602593,-18.676231386025933,4.604103,True,4.604103,56.88269716956781,10,True,3.0,corner,0.3445090408843573,3484.7408333333333,19,431.47976220214423,0,monaco_2026_R|BOR|PER,monaco_2026_R|L68|monaco_2026_R|BOR|PER,,False,v4_t0_anchored_30s_horizon
monaco_2026_R_00967,monaco_2026_R,2026,Monaco Grand Prix,OCO,SAI,55,2026-06-07 15:11:06.029,2026-06-07 15:11:51.549,45.52,40.56,2026-06-07 15:11:36.029,30.0,68,151,96.2888888888881,1.2838518518518414,10.004166666664787,270.0,162.0,108.0,37.750390828557364,1.919,True,11.0,10.0,1882.485555555556,straight_05,216.0615913499155,324.9593312414786,SOFT,1.0,5.0,0.9129414175108697,10726.256855047763,76707.6347311976,400.0,False,14,True,PIT_RELATED,,,False,0.0,260.91363782051275,9.086362179487253,1.5792730000000001,True,1.5792730000000001,18.361381728307403,11,True,3.0,straight,0.5402081949821393,3484.7408333333333,19,431.47976220214423,0,monaco_2026_R|OCO|SAI,monaco_2026_R|L68|monaco_2026_R|OCO|SAI,,False,v4_t0_anchored_30s_horizon
monaco_2026_R_00968,monaco_2026_R,2026,Monaco Grand Prix,PER,ALO,14,2026-06-07 15:11:09.950,2026-06-07 15:11:57.830,47.88,42.599,2026-06-07 15:11:39.950,30.0,68,133,10.89555555555421,0.44572727272721774,10.023888888886631,88.0,,,-18.139214686384594,1.9609999999999999,True,15.0,,1440.6566666666674,corner_T8,326.0172217982247,50.0017527631353,SOFT,7.0,6.0,0.917608898594956,25064.025167045358,5290.439568924751,400.0,False,14,True,INVALID,,,False,0.0,,,,False,,,0,False,3.0,corner,0.4134185971266636,3484.7408333333333,19,431.47976220214423,0,monaco_2026_R|ALO|PER,monaco_2026_R|L68|monaco_2026_R|ALO|PER,,False,v4_t0_anchored_30s_horizon
monaco_2026_R_00969,monaco_2026_R,2026,Monaco Grand Prix,HUL,OCO,31,2026-06-07 15:11:10.870,2026-06-07 15:11:14.989,4.119,4.119,2026-06-07 15:11:40.870,30.0,68,20,97.8994444444445,1.7447425742574267,60.01249999999891,202.0,63.0,139.0,165.58139534883716,1.72,True,12.0,11.0,1974.0358333333336,straight_05,124.51131357213785,233.40905346370096,SOFT,1.0,6.0,0.8588806417744269,8348.296735681513,66482.119739084,399.9999999999998,False,14,True,PIT_RELATED,,42.599,True,0.0,187.00493956910165,14.995060430898349,3.377757,True,3.377757,161.74659955453336,13,True,3.0,straight,0.5664799558264616,3484.7408333333333,19,431.47976220214423,0,monaco_2026_R|HUL|OCO,monaco_2026_R|L68|monaco_2026_R|HUL|OCO,,False,v4_t0_anchored_30s_horizon
monaco_2026_R_00970,monaco_2026_R,2026,Monaco Grand Prix,SAI,ALB,23,2026-06-07 15:11:27.509,2026-06-07 15:11:49.110,21.601,21.601,2026-06-07 15:11:57.509,30.0,68,83,98.13416666666808,2.128210843373525,21.28694444444909,166.0,62.0,104.0,75.37777777777865,1.8,True,10.0,9.0,2772.8555555555545,corner_T16,16.732737649108458,280.4055155756346,SOFT,5.0,5.0,0.4020485264401488,11764.599951189612,28915.48767915554,400.0,False,14,True,PIT_RELATED,,,False,0.0,157.59582156973386,8.404178430266143,3.448639,True,3.448639,35.8205588729143,13,True,3.0,corner,0.7957135661371914,3484.7408333333333,19,431.47976220214423,0,monaco_2026_R|ALB|SAI,monaco_2026_R|L68|monaco_2026_R|ALB|SAI,,False,v4_t0_anchored_30s_horizon
monaco_2026_R_00971,monaco_2026_R,2026,Monaco Grand Prix,LIN,PIA,81,2026-06-07 15:11:37.270,2026-06-07 15:12:00.349,23.079,23.079,2026-06-07 15:12:07.270,30.0,68,84,36.798333333327264,3.0807906976739106,23.241111111106875,43.0,,,,,False,8.0,,3028.403888888891,corner_T19,,24.857182242298222,SOFT,1.0,4.0,0.6171530418721741,25333.50034052706,149.39595963470657,400.0,False,14,True,INVALID,,,False,0.0,,,,False,,,0,False,3.0,corner,0.8690470923750353,3484.7408333333333,19,431.47976220214423,0,monaco_2026_R|LIN|PIA,monaco_2026_R|L68|monaco_2026_R|LIN|PIA,,False,v4_t0_anchored_30s_horizon
monaco_2026_R_00972,monaco_2026_R,2026,Monaco Grand Prix,BOR,PER,11,2026-06-07 15:11:44.869,2026-06-07 15:11:56.790,11.921,11.921,2026-06-07 15:12:14.869,30.0,68,44,97.48972222222255,3.0786228070175548,21.208333333336213,114.0,61.0,53.0,81.74915483434738,1.479,True,16.0,15.0,2804.2213888888905,corner_T17,102.84358497515905,249.03968224229857,SOFT,1.0,7.0,0.2841429704404979,13585.67639162404,20174.823394841973,400.0,False,14,True,PIT_RELATED,,,False,0.0,148.32081801470608,-34.32081801470608,4.6990359999999995,True,4.6990359999999995,84.63946435402865,9,True,3.0,corner,0.8047144746217781,3484.7408333333333,19,431.47976220214423,0,monaco_2026_R|BOR|PER,monaco_2026_R|L68|monaco_2026_R|BOR|PER,,False,v4_t0_anchored_30s_horizon
monaco_2026_R_00973,monaco_2026_R,2026,Monaco Grand Prix,SAI,LIN,41,2026-06-07 15:11:49.510,2026-06-07 15:11:52.869,3.359,3.359,2026-06-07 15:12:19.510,30.0,68,12,35.20166666667092,21.121000000002553,35.20166666667092,6.0,18.0,-12.0,,,False,10.0,8.0,3031.5283333333296,corner_T19,,21.7327377978595,SOFT,5.0,5.0,0.4020485264401488,25401.597497643546,150.64023076028022,400.0,False,14,True,PIT_RELATED,,,False,0.0,,,,False,11.9588,1.5102907743537872,12,True,3.0,corner,0.8699436997825509,3484.7408333333333,19,431.47976220214423,0,monaco_2026_R|LIN|SAI,monaco_2026_R|L68|monaco_2026_R|LIN|SAI,,False,v4_t0_anchored_30s_horizon
monaco_2026_R_00974,monaco_2026_R,2026,Monaco Grand Prix,OCO,ALB,23,2026-06-07 15:11:53.229,2026-06-07 15:12:00.349,7.12,7.12,2026-06-07 15:12:23.229,30.0,68,24,23.624444444446453,,23.624444444446453,0.0,2.0,-2.0,,,False,11.0,9.0,3028.9099999999994,corner_T19,,24.351071131189656,SOFT,1.0,5.0,0.9129414175108697,25344.53101444828,149.59751208765712,400.0,False,14,True,PIT_RELATED,,,False,0.0,,,,False,13.37929,3.550129583649706,11,True,3.0,corner,0.8691923287456335,3484.7408333333333,19,431.47976220214423,0,monaco_2026_R|ALB|OCO,monaco_2026_R|L68|monaco_2026_R|ALB|OCO,,False,v4_t0_anchored_30s_horizon
monaco_2026_R_00975,monaco_2026_R,2026,Monaco Grand Prix,HUL,ALB,23,2026-06-07 15:11:53.229,2026-06-07 15:12:00.349,7.12,7.12,2026-06-07 15:12:23.229,30.0,68,28,23.698055555556948,12.187571428572145,23.475833333334776,7.0,2.0,5.0,,,False,12.0,9.0,3028.6544444444444,corner_T19,,24.606626686744676,SOFT,1.0,6.0,0.8588806417744269,25338.961190075308,149.49574026728664,400.0,False,14,True,PIT_RELATED,,,False,0.0,,,,False,13.408967,12.70596373090992,11,True,3.0,corner,0.869118993146868,3484.7408333333333,19,431.47976220214423,0,monaco_2026_R|ALB|HUL,monaco_2026_R|L68|monaco_2026_R|ALB|HUL,,False,v4_t0_anchored_30s_horizon
monaco_2026_R_00976,monaco_2026_R,2026,Monaco Grand Prix,OCO,SAI,55,2026-06-07 15:12:02.350,2026-06-07 15:12:49.350,47.0,47.0,2026-06-07 15:12:32.350,30.0,68,127,10.61666666666406,,10.013055555553365,0.0,19.0,-19.0,-14.749999999998524,0.96,True,11.0,10.0,3028.9099999999994,corner_T19,,24.351071131189656,SOFT,1.0,5.0,0.9129414175108697,25344.53101444828,149.59751208765712,400.0,False,14,True,PIT_RELATED,,114.08,True,0.0,,,,False,14.127333,-7.301066630013421,9,True,3.0,corner,0.8691923287456335,3484.7408333333333,19,431.47976220214423,0,monaco_2026_R|OCO|SAI,monaco_2026_R|L68|monaco_2026_R|OCO|SAI,,False,v4_t0_anchored_30s_horizon
monaco_2026_R_00977,monaco_2026_R,2026,Monaco Grand Prix,BOR,OCO,31,2026-06-07 15:12:04.430,2026-06-07 15:12:23.550,19.12,19.12,2026-06-07 15:12:34.430,30.0,68,73,44.60416666666515,,44.60416666666515,0.0,5.0,-5.0,,,False,16.0,11.0,2984.462222222223,brake_T19,8.798848908966193,68.79884890896619,SOFT,1.0,7.0,0.2841429704404979,24195.544828145845,134.57729562722935,400.0,False,14,True,PIT_RELATED,,,False,0.0,,,,False,22.6566,-0.22974281716648298,12,True,3.0,brake,0.8564373550177136,3484.7408333333333,19,431.47976220214423,0,monaco_2026_R|BOR|OCO,monaco_2026_R|L68|monaco_2026_R|BOR|OCO,,False,v4_t0_anchored_30s_horizon
monaco_2026_R_00978,monaco_2026_R,2026,Monaco Grand Prix,PER,OCO,31,2026-06-07 15:12:04.430,2026-06-07 15:12:23.550,19.12,19.12,2026-06-07 15:12:34.430,30.0,68,73,24.60694444444016,,24.60694444444016,0.0,5.0,-5.0,,,False,15.0,11.0,3004.528611111114,corner_T19,,48.732460020074996,SOFT,7.0,6.0,0.917608898594956,24813.139498481425,139.8879273165724,400.0,False,14,True,PIT_RELATED,,,False,0.0,,,,False,19.830111,-0.22974281716655598,12,True,3.0,corner,0.8621957140603562,3484.7408333333333,19,431.47976220214423,0,monaco_2026_R|OCO|PER,monaco_2026_R|L68|monaco_2026_R|OCO|PER,,False,v4_t0_anchored_30s_horizon
monaco_2026_R_00979,monaco_2026_R,2026,Monaco Grand Prix,HUL,OCO,31,2026-06-07 15:12:06.709,2026-06-07 15:12:23.550,16.841,16.841,2026-06-07 15:12:36.709,30.0,68,65,10.092777777776519,,10.092777777776519,0.0,19.0,-19.0,-18.777777777777374,1.8,True,12.0,11.0,3029.6544444444444,corner_T19,,23.606626686744676,SOFT,1.0,6.0,0.8588806417744269,25360.756155013056,149.89397782525901,400.0,False,14,True,PIT_RELATED,,,False,0.0,6.828571428576173,-6.828571428576173,2.096142,True,2.096142,-14.944745473792727,11,True,3.0,corner,0.8694059585333422,3484.7408333333333,19,431.47976220214423,0,monaco_2026_R|HUL|OCO,monaco_2026_R|L68|monaco_2026_R|HUL|OCO,,False,v4_t0_anchored_30s_horizon
monaco_2026_R_00980,monaco_2026_R,2026,Monaco Grand Prix,LIN,HAD,6,2026-06-07 15:12:07.229,2026-06-07 15:12:10.310,3.081,3.081,2026-06-07 15:12:37.229,30.0,68,13,53.59805555555613,32.15883333333368,53.54250000000047,6.0,,,,,False,8.0,,3121.626666666667,straight_07,,,SOFT,1.0,4.0,0.6171530418721741,23489.18527448335,144.60569899851072,363.1141666666663,True,14,True,INVALID,,,False,0.0,,,,False,,,0,False,3.0,straight,0.8957988028282353,3484.7408333333333,19,431.47976220214423,0,monaco_2026_R|HAD|LIN,monaco_2026_R|L68|monaco_2026_R|HAD|LIN,,True,v4_t0_anchored_30s_horizon
monaco_2026_R_00981,monaco_2026_R,2026,Monaco Grand Prix,ALB,PIA,81,2026-06-07 15:12:13.469,2026-06-07 15:12:17.350,3.881,3.881,2026-06-07 15:12:43.469,30.0,68,15,21.984999999993306,19.786499999993975,21.984999999993306,4.0,,,,,False,9.0,,3108.402222222225,straight_07,,,SOFT,7.0,5.0,0.3767386253579358,24344.650178425698,149.8721694596067,376.3386111111081,True,14,True,INVALID,,,False,0.0,,,,False,,,0,False,3.0,straight,0.8920038450173292,3484.7408333333333,19,431.47976220214423,0,monaco_2026_R|ALB|PIA,monaco_2026_R|L68|monaco_2026_R|ALB|PIA,,True,v4_t0_anchored_30s_horizon
monaco_2026_R_00982,monaco_2026_R,2026,Monaco Grand Prix,LIN,LAW,30,2026-06-07 15:12:17.750,2026-06-07 15:12:33.029,15.279,15.279,2026-06-07 15:12:47.750,30.0,68,54,29.72805555555078,,29.72805555555078,0.0,,,,,False,8.0,,3122.8497222222227,straight_07,,,SOFT,1.0,4.0,0.6171530418721741,23410.068067878172,144.11863234080167,361.8911111111106,True,14,True,INVALID,,,False,0.0,,,,False,,,0,False,3.0,straight,0.8961497774384147,3484.7408333333333,19,431.47976220214423,0,monaco_2026_R|LAW|LIN,monaco_2026_R|L68|monaco_2026_R|LAW|LIN,,True,v4_t0_anchored_30s_horizon
monaco_2026_R_00983,monaco_2026_R,2026,Monaco Grand Prix,RUS,HAD,6,2026-06-07 15:12:20.389,2026-06-07 15:12:56.790,36.401,36.401,2026-06-07 15:12:50.389,30.0,69,133,42.95861111111111,2.6212033898305083,23.694444444445026,59.0,69.0,-10.0,,,False,4.0,3.0,7.24388888888889,straight_01,216.008536148203,276.008536148203,SOFT,5.0,5.0,0.8037172437077841,14628.836884055308,72626.9705598632,400.0,False,14,True,PIT_RELATED,,,False,0.0,55.75654545454545,3.243454545454547,2.790309,True,2.790309,,2,False,3.0,straight,0.0020787453745763178,3484.7408333333333,19,431.47976220214423,0,monaco_2026_R|HAD|RUS,monaco_2026_R|L69|monaco_2026_R|HAD|RUS,,False,v4_t0_anchored_30s_horizon
monaco_2026_R_00984,monaco_2026_R,2026,Monaco Grand Prix,ALB,LIN,41,2026-06-07 15:12:20.629,2026-06-07 15:12:37.270,16.641,16.641,2026-06-07 15:12:50.629,30.0,68,61,10.534166666664987,18.961499999996978,10.534166666664987,2.0,5.0,-3.0,,,False,9.0,8.0,3112.5355555555575,straight_07,,,SOFT,7.0,5.0,0.3767386253579358,24077.27247361429,148.2261208866546,372.2052777777758,True,14,True,PIT_RELATED,,,False,0.0,,,,False,18.035875,2.3922210050608914,11,True,3.0,straight,0.8931899686147556,3484.7408333333333,19,431.47976220214423,0,monaco_2026_R|ALB|LIN,monaco_2026_R|L68|monaco_2026_R|ALB|LIN,,True,v4_t0_anchored_30s_horizon
monaco_2026_R_00985,monaco_2026_R,2026,Monaco Grand Prix,GAS,RUS,63,2026-06-07 15:12:22.910,2026-06-07 15:12:33.709,10.799,10.799,2026-06-07 15:12:52.910,30.0,69,39,46.66166666666666,3.1694716981132074,41.01611111111103,53.0,83.0,-30.0,,,False,5.0,4.0,6.360277777777777,straight_01,216.8921472593141,276.89214725931413,SOFT,5.0,5.0,0.5800159817636665,14612.130650419165,72847.92204708677,400.0,False,14,True,PIT_RELATED,,34.12,True,0.0,59.0,-6.0,2.574915,True,2.574915,,2,False,3.0,straight,0.0018251795705834014,3484.7408333333333,19,431.47976220214423,0,monaco_2026_R|GAS|RUS,monaco_2026_R|L69|monaco_2026_R|GAS|RUS,,False,v4_t0_anchored_30s_horizon
monaco_2026_R_00986,monaco_2026_R,2026,Monaco Grand Prix,BOR,HUL,27,2026-06-07 15:12:27.149,2026-06-07 15:12:31.270,4.121,4.121,2026-06-07 15:12:57.149,30.0,68,14,46.119444444443616,,46.119444444443616,0.0,11.0,-11.0,,,False,16.0,12.0,2984.462222222223,brake_T19,8.798848908966193,68.79884890896619,SOFT,1.0,7.0,0.2841429704404979,24195.544828145845,134.57729562722935,400.0,False,14,True,PIT_RELATED,,,False,0.0,,,,False,,-0.5188090062915907,13,True,3.0,brake,0.8564373550177136,3484.7408333333333,19,431.47976220214423,0,monaco_2026_R|BOR|HUL,monaco_2026_R|L68|monaco_2026_R|BOR|HUL,,True,v4_t0_anchored_30s_horizon
monaco_2026_R_00987,monaco_2026_R,2026,Monaco Grand Prix,PER,HUL,27,2026-06-07 15:12:27.149,2026-06-07 15:12:31.270,4.121,4.121,2026-06-07 15:12:57.149,30.0,68,14,26.122222222218625,,26.122222222218625,0.0,11.0,-11.0,,,False,15.0,12.0,3004.528611111114,corner_T19,,48.732460020074996,SOFT,7.0,6.0,0.917608898594956,24813.139498481425,139.8879273165724,400.0,False,14,True,PIT_RELATED,,,False,0.0,,,,False,,-0.5188090062914369,13,True,3.0,corner,0.8621957140603562,3484.7408333333333,19,431.47976220214423,0,monaco_2026_R|HUL|PER,monaco_2026_R|L68|monaco_2026_R|HUL|PER,,True,v4_t0_anchored_30s_horizon
monaco_2026_R_00988,monaco_2026_R,2026,Monaco Grand Prix,LAW,PIA,81,2026-06-07 15:12:28.750,2026-06-07 15:13:59.790,91.04,91.04,2026-06-07 15:12:58.750,30.0,69,339,50.473055555555554,3.028383333333333,15.561944444445771,60.0,91.0,-31.0,,,False,7.0,6.0,6.496944444444445,straight_01,216.75548059264744,276.7554805926474,SOFT,7.0,5.0,0.92483423909381,14614.714575898257,72813.74784661083,400.00000000000006,False,4,True,PIT_RELATED,,,False,0.0,58.88654661016949,1.1134533898305108,2.579152,True,2.579152,,2,False,3.0,straight,0.001864398173401545,3484.7408333333333,19,431.47976220214423,0,monaco_2026_R|LAW|PIA,monaco_2026_R|L69|monaco_2026_R|LAW|PIA,,False,v4_t0_anchored_30s_horizon
monaco_2026_R_00989,monaco_2026_R,2026,Monaco Grand Prix,BOR,PER,11,2026-06-07 15:12:35.070,2026-06-07 15:15:13.750,158.68,158.68,2026-06-07 15:13:05.070,30.0,68,548,20.77500000000282,,10.188055555556048,0.0,7.0,-7.0,,,False,16.0,15.0,2984.462222222223,brake_T19,8.798848908966193,68.79884890896619,SOFT,1.0,7.0,0.2841429704404979,24195.544828145845,134.57729562722935,400.0,False,14,True,PIT_RELATED,,,False,0.0,,,,False,,-0.44555060964262977,12,True,3.0,brake,0.8564373550177136,3484.7408333333333,19,431.47976220214423,0,monaco_2026_R|BOR|PER,monaco_2026_R|L68|monaco_2026_R|BOR|PER,,True,v4_t0_anchored_30s_horizon
monaco_2026_R_00990,monaco_2026_R,2026,Monaco Grand Prix,PER,ALO,14,2026-06-07 15:12:36.270,2026-06-07 15:13:04.270,28.0,28.0,2026-06-07 15:13:06.270,30.0,68,102,10.160277777774809,2.286062499999332,10.160277777774809,16.0,,,-8.916666666665664,1.92,True,15.0,,3009.3286111111142,corner_T19,,43.932460020074814,SOFT,7.0,6.0,0.917608898594956,24917.755330182616,141.7994675948399,400.0,False,14,True,INVALID,,,False,0.0,,,,False,,,0,False,3.0,corner,0.8635731479154325,3484.7408333333333,19,431.47976220214423,0,monaco_2026_R|ALO|PER,monaco_2026_R|L68|monaco_2026_R|ALO|PER,,True,v4_t0_anchored_30s_horizon
monaco_2026_R_00991,monaco_2026_R,2026,Monaco Grand Prix,HAM,ANT,12,2026-06-07 15:12:44.190,2026-06-07 15:13:12.110,27.92,27.12,2026-06-07 15:13:14.190,30.0,69,91,99.83333333333394,4.667532467532496,11.433333333334758,77.0,47.0,30.0,17.918367346938208,1.96,True,2.0,1.0,1128.5711111111107,brake_T5,15.68933267614102,362.08730831869207,SOFT,5.0,6.0,0.021619858044417985,6531.067069940931,19514.568852954962,400.0,False,14,True,PIT_RELATED,,28.239,False,0.0,75.83124999999964,1.1687500000003581,4.36775,True,4.36775,10.923978228039473,12,True,3.0,brake,0.3238608450636412,3484.7408333333333,19,431.47976220214423,0,monaco_2026_R|ANT|HAM,monaco_2026_R|L69|monaco_2026_R|ANT|HAM,,False,v4_t0_anchored_30s_horizon
monaco_2026_R_00992,monaco_2026_R,2026,Monaco Grand Prix,LIN,LAW,30,2026-06-07 15:12:50.230,2026-06-07 15:14:04.670,74.44,74.44,2026-06-07 15:13:20.230,30.0,69,278,99.96472222222235,2.41525503355705,13.143333333335704,149.0,136.0,13.0,34.43478260869548,1.8399999999999999,True,8.0,7.0,725.4055555555555,brake_T3,62.88470247592875,249.6921527979547,SOFT,1.0,5.0,0.6171530418721741,5976.134988642618,44469.45737050411,400.0000000000001,False,4,True,PIT_RELATED,,,False,0.0,135.23145814675198,13.768541853248024,2.748518,True,2.748518,49.15265862736271,12,True,3.0,brake,0.20816628560054717,3484.7408333333333,19,431.47976220214423,0,monaco_2026_R|LAW|LIN,monaco_2026_R|L69|monaco_2026_R|LAW|LIN,,False,v4_t0_anchored_30s_horizon
monaco_2026_R_00993,monaco_2026_R,2026,Monaco Grand Prix,RUS,HAD,6,2026-06-07 15:12:59.269,2026-06-07 15:13:08.350,9.081,9.081,2026-06-07 15:13:29.269,30.0,69,36,38.98055555555561,1.7324691358024715,36.86944444444475,81.0,71.0,10.0,,,False,4.0,3.0,1265.4052777777777,corner_T6,74.63991786085376,225.25314165202508,SOFT,5.0,5.0,0.8037172437077841,14497.303853673444,4357.215828027933,400.0,False,14,True,PIT_RELATED,,,False,0.0,76.48773734177188,4.512262658228124,1.772987,True,1.772987,-24.55756075731374,13,True,3.0,corner,0.3631275145840193,3484.7408333333333,19,431.47976220214423,0,monaco_2026_R|HAD|RUS,monaco_2026_R|L69|monaco_2026_R|HAD|RUS,,False,v4_t0_anchored_30s_horizon
monaco_2026_R_00994,monaco_2026_R,2026,Monaco Grand Prix,OCO,SAI,55,2026-06-07 15:12:59.429,2026-06-07 15:13:03.990,4.561,4.561,2026-06-07 15:13:29.429,30.0,69,17,99.9194444444446,2.533169014084511,77.45527777777806,142.0,134.0,8.0,26.293517100561587,1.959,True,11.0,10.0,722.7719444444444,brake_T3,65.51831358703976,252.3257639090657,SOFT,2.0,6.0,0.9129414175108697,5980.066454901782,44313.06617481851,400.0,False,4,True,PIT_RELATED,,57.001,True,0.0,138.57436594202898,3.425634057971024,2.684949,True,2.684949,40.61934095556195,13,True,3.0,brake,0.20741053037022442,3484.7408333333333,19,431.47976220214423,0,monaco_2026_R|OCO|SAI,monaco_2026_R|L69|monaco_2026_R|OCO|SAI,,False,v4_t0_anchored_30s_horizon
monaco_2026_R_00995,monaco_2026_R,2026,Monaco Grand Prix,GAS,RUS,63,2026-06-07 15:13:00.309,2026-06-07 15:13:09.910,9.601,9.601,2026-06-07 15:13:30.309,30.0,69,38,11.483055555554756,0.9186444444443805,11.483055555554756,45.0,75.0,-30.0,-38.961538461537394,1.04,True,5.0,4.0,1277.0183333333334,corner_T6,63.02686230529798,213.6400860964693,SOFT,5.0,5.0,0.5800159817636665,15274.163407080363,4220.17125802925,400.0,False,14,True,PIT_RELATED,,31.281,True,0.0,81.1908436213989,-36.1908436213989,0.53374,True,0.53374,-23.30843857419604,12,True,3.0,corner,0.366460059559666,3484.7408333333333,19,431.47976220214423,0,monaco_2026_R|GAS|RUS,monaco_2026_R|L69|monaco_2026_R|GAS|RUS,,False,v4_t0_anchored_30s_horizon
monaco_2026_R_00996,monaco_2026_R,2026,Monaco Grand Prix,ALB,LIN,41,2026-06-07 15:13:00.309,2026-06-07 15:13:17.950,17.641,17.641,2026-06-07 15:13:30.309,30.0,69,68,92.46694444444415,1.6983724489795866,34.03111111111048,196.0,79.0,117.0,68.16883793642543,1.919,True,9.0,8.0,1001.702222222222,straight_03,142.55822156502973,488.9561972075808,SOFT,7.0,6.0,0.3767386253579358,2333.1370962780675,45486.58274300951,400.0,False,4,True,PIT_RELATED,,,False,0.0,176.30443349753688,19.695566502463123,2.89277,True,2.89277,36.13143806644177,12,True,3.0,straight,0.2874538653320862,3484.7408333333333,19,431.47976220214423,0,monaco_2026_R|ALB|LIN,monaco_2026_R|L69|monaco_2026_R|ALB|LIN,,False,v4_t0_anchored_30s_horizon
monaco_2026_R_00997,monaco_2026_R,2026,Monaco Grand Prix,PER,ALO,14,2026-06-07 15:13:08.630,2026-06-07 15:13:40.390,31.76,31.76,2026-06-07 15:13:38.630,30.0,69,116,96.83416666666699,1.509103896103901,28.992500000000746,231.0,165.0,66.0,42.179900055524406,1.8010000000000002,True,15.0,14.0,585.7541666666665,brake_T2,38.84639439139812,389.34354168684365,SOFT,1.0,7.0,0.917608898594956,6728.984470064111,74370.7842846426,400.0,False,4,True,PIT_RELATED,,,False,0.0,247.7387044534413,-16.7387044534413,1.74874,True,1.74874,17.898314745608435,13,True,3.0,brake,0.1680911708163854,3484.7408333333333,19,431.47976220214423,0,monaco_2026_R|ALO|PER,monaco_2026_R|L69|monaco_2026_R|ALO|PER,,False,v4_t0_anchored_30s_horizon
monaco_2026_R_00998,monaco_2026_R,2026,Monaco Grand Prix,SAI,ALB,23,2026-06-07 15:13:09.910,2026-06-07 15:13:14.390,4.48,4.48,2026-06-07 15:13:39.910,30.0,69,18,95.03611111111104,3.22764150943396,74.99166666666679,106.0,43.0,63.0,33.85106382978663,1.88,True,10.0,9.0,1146.5216666666668,corner_T5,115.80548277445723,344.136752763136,SOFT,5.0,6.0,0.4020485264401488,7562.878111453076,15723.620125432752,400.0,False,4,True,PIT_RELATED,,,False,0.0,101.4092551127039,4.590744887296097,4.51259,True,4.51259,19.681733344668203,13,True,3.0,corner,0.32901203317606836,3484.7408333333333,19,431.47976220214423,0,monaco_2026_R|ALB|SAI,monaco_2026_R|L69|monaco_2026_R|ALB|SAI,,False,v4_t0_anchored_30s_horizon
monaco_2026_R_00999,monaco_2026_R,2026,Monaco Grand Prix,HAD,ANT,12,2026-06-07 15:13:14.070,2026-06-07 15:13:17.310,3.24,3.24,2026-06-07 15:13:44.070,30.0,69,14,95.2308333333342,1.7141550000000156,47.98638888889036,200.0,45.0,155.0,174.3784277879341,1.641,True,3.0,1.0,1970.2444444444443,straight_05,128.30270246102714,237.20044235259024,SOFT,5.0,5.0,0.009513094021654284,8373.55806564827,67457.37706082864,400.0000000000002,False,14,True,PIT_RELATED,,,False,0.0,141.6650000000005,58.334999999999496,4.617085,True,4.617085,174.438696893093,12,True,3.0,straight,0.5653919584486874,3484.7408333333333,19,431.47976220214423,0,monaco_2026_R|ANT|HAD,monaco_2026_R|L69|monaco_2026_R|ANT|HAD,,False,v4_t0_anchored_30s_horizon
monaco_2026_R_01000,monaco_2026_R,2026,Monaco Grand Prix,ALO,COL,43,2026-06-07 15:13:17.310,2026-06-07 15:13:34.430,17.12,17.12,2026-06-07 15:13:47.310,30.0,69,63,91.586111111111,1.782216216216214,36.686111111109994,185.0,74.0,111.0,86.81632653061264,1.96,True,14.0,13.0,1015.4241666666667,straight_03,128.836277120585,475.23425276313606,SOFT,9.0,7.0,0.1960660822740672,2171.0323317575067,43416.12256924993,400.0,False,4,True,PIT_RELATED,,,False,0.0,165.85137085137097,19.148629148629027,3.257878,True,3.257878,58.93507281554625,12,True,3.0,straight,0.29139158842276414,3484.7408333333333,19,431.47976220214423,0,monaco_2026_R|ALO|COL,monaco_2026_R|L69|monaco_2026_R|ALO|COL,,False,v4_t0_anchored_30s_horizon
monaco_2026_R_01001,monaco_2026_R,2026,Monaco Grand Prix,HAD,HAM,44,2026-06-07 15:13:17.670,2026-06-07 15:13:57.550,39.88,39.88,2026-06-07 15:13:47.670,30.0,69,150,54.4152777777781,3.21139344262297,18.519166666669662,61.0,90.0,-29.0,,,False,3.0,2.0,2074.2999999999997,brake_T10,24.24714690547171,133.14488679703481,SOFT,5.0,5.0,0.009513094021654284,12421.61151377535,39520.41773908801,400.0,False,14,True,PIT_RELATED,,,False,0.0,49.073958333332776,11.926041666667224,3.482958,True,3.482958,25.68576879590991,11,True,3.0,brake,0.5952523011634772,3484.7408333333333,19,431.47976220214423,0,monaco_2026_R|HAD|HAM,monaco_2026_R|L69|monaco_2026_R|HAD|HAM,,False,v4_t0_anchored_30s_horizon
monaco_2026_R_01002,monaco_2026_R,2026,Monaco Grand Prix,HAM,ANT,12,2026-06-07 15:13:19.749,2026-06-07 15:13:56.430,36.681,36.681,2026-06-07 15:13:49.749,30.0,69,88,11.810833333335722,0.29323448275867997,10.031111111111386,145.0,177.0,-32.0,-19.579210672597984,1.799,True,2.0,1.0,2203.223333333333,corner_T11,168.69038709017605,4.221553463701639,SOFT,5.0,6.0,0.021619858044417985,12112.455563657004,60403.475213610174,400.0,False,14,True,PIT_RELATED,,,False,0.0,171.54789419619834,-26.547894196198342,0.239892,True,0.239892,-15.999017799290282,11,True,3.0,corner,0.632248835339022,3484.7408333333333,19,431.47976220214423,0,monaco_2026_R|ANT|HAM,monaco_2026_R|L69|monaco_2026_R|ANT|HAM,,False,v4_t0_anchored_30s_horizon
monaco_2026_R_01003,monaco_2026_R,2026,Monaco Grand Prix,GAS,HAD,6,2026-06-07 15:13:31.590,2026-06-07 15:13:54.550,22.96,22.96,2026-06-07 15:14:01.590,30.0,69,87,84.77027777777766,1.6954055555555534,10.216111111110422,180.0,180.0,0.0,,,False,5.0,3.0,2479.1197222222204,brake_T13,42.18162200872439,574.1413489089687,SOFT,5.0,5.0,0.5800159817636665,6750.806337694225,75401.86645362325,400.0,False,14,True,PIT_RELATED,,,False,0.0,131.1053977272726,48.89460227272741,1.951568,True,1.951568,7.662843039858689,11,True,3.0,brake,0.7114215492033636,3484.7408333333333,19,431.47976220214423,0,monaco_2026_R|GAS|HAD,monaco_2026_R|L69|monaco_2026_R|GAS|HAD,,False,v4_t0_anchored_30s_horizon
monaco_2026_R_01004,monaco_2026_R,2026,Monaco Grand Prix,OCO,SAI,55,2026-06-07 15:13:32.030,2026-06-07 15:13:56.150,24.12,23.28,2026-06-07 15:14:02.030,30.0,69,87,95.54611111111058,1.3078555133079774,10.212222222221499,263.0,224.0,39.0,17.791666666666547,1.92,True,11.0,10.0,1844.4622222222222,straight_05,254.08492468324926,362.98266457481236,SOFT,2.0,6.0,0.9129414175108697,11457.258970155366,82649.97721473612,400.0000000000002,False,4,True,PIT_RELATED,,24.4,False,0.0,241.9534828807557,21.0465171192443,1.446512,True,1.446512,15.164749503678443,11,True,3.0,straight,0.5292968144371011,3484.7408333333333,19,431.47976220214423,0,monaco_2026_R|OCO|SAI,monaco_2026_R|L69|monaco_2026_R|OCO|SAI,,False,v4_t0_anchored_30s_horizon
monaco_2026_R_01005,monaco_2026_R,2026,Monaco Grand Prix,RUS,GAS,10,2026-06-07 15:13:32.350,2026-06-07 15:13:54.550,22.2,20.88,2026-06-07 15:14:02.350,30.0,69,79,11.739999999998417,0.31540298507458436,10.588055555555457,134.0,167.0,-33.0,-43.999999999999474,0.76,True,4.0,5.0,2503.4169444444447,brake_T13,17.884399786500126,549.8441266867444,SOFT,5.0,5.0,0.8037172437077841,5947.638896790818,75770.64112422096,400.0,False,14,True,PIT_RELATED,,22.56,False,0.0,172.5709206586816,-38.57092065868159,0.25467,True,0.25467,-51.05134648562858,10,True,3.0,brake,0.7183940109686142,3484.7408333333333,19,431.47976220214423,0,monaco_2026_R|GAS|RUS,monaco_2026_R|L69|monaco_2026_R|GAS|RUS,,False,v4_t0_anchored_30s_horizon
monaco_2026_R_01006,monaco_2026_R,2026,Monaco Grand Prix,PIA,RUS,63,2026-06-07 15:13:43.190,2026-06-07 15:13:54.310,11.12,11.12,2026-06-07 15:14:13.190,30.0,69,45,94.93833333333441,2.7562741935484185,39.31333333333532,124.0,60.0,64.0,30.039999999999964,2.0,True,6.0,4.0,2723.483055555555,corner_T15,31.767875891719996,329.7780155756341,SOFT,5.0,6.0,0.9143769884988312,10210.005196780283,29490.4112677575,400.0,False,14,True,PIT_RELATED,,,False,0.0,104.96476635513892,19.03523364486108,3.508841,True,3.508841,14.754026287288731,12,True,3.0,corner,0.781545367593493,3484.7408333333333,19,431.47976220214423,0,monaco_2026_R|PIA|RUS,monaco_2026_R|L69|monaco_2026_R|PIA|RUS,,False,v4_t0_anchored_30s_horizon
monaco_2026_R_01007,monaco_2026_R,2026,Monaco Grand Prix,PER,ALO,14,2026-06-07 15:13:44.430,2026-06-07 15:16:18.431,154.001,154.001,2026-06-07 15:14:14.430,30.0,69,563,99.89888888888868,1.3319851851851823,13.540277777775827,270.0,205.0,65.0,13.395833333334936,1.92,True,15.0,14.0,1864.4683333333335,straight_05,234.07881357213796,342.97655346370107,SOFT,1.0,7.0,0.917608898594956,11209.274557838336,78606.74660658682,399.9999999999998,False,4,True,PIT_RELATED,,,False,0.0,266.73712686567166,3.262873134328345,1.467317,True,1.467317,0.34391679876210524,11,True,3.0,straight,0.5350378758439474,3484.7408333333333,19,431.47976220214423,0,monaco_2026_R|ALO|PER,monaco_2026_R|L69|monaco_2026_R|ALO|PER,,False,v4_t0_anchored_30s_horizon
monaco_2026_R_01008,monaco_2026_R,2026,Monaco Grand Prix,HUL,OCO,31,2026-06-07 15:13:59.629,2026-06-07 15:14:07.710,8.081,8.081,2026-06-07 15:14:29.629,30.0,69,27,12.518055555556657,1.0480232558140457,12.518055555556657,43.0,49.0,-6.0,,,False,12.0,11.0,2874.1616666666673,brake_T18,32.90330719738222,179.09940446452174,SOFT,2.0,7.0,0.8588806417744269,17937.391449064915,3372.6384295582748,400.0,False,4,True,PIT_RELATED,,,False,0.0,44.63352272727373,-1.6335227272737285,1.009681,True,1.009681,15.49313025763506,13,True,3.0,brake,0.8247849134643922,3484.7408333333333,19,431.47976220214423,0,monaco_2026_R|HUL|OCO,monaco_2026_R|L69|monaco_2026_R|HUL|OCO,,False,v4_t0_anchored_30s_horizon
monaco_2026_R_01009,monaco_2026_R,2026,Monaco Grand Prix,ALO,COL,43,2026-06-07 15:13:59.790,2026-06-07 15:14:13.830,14.04,14.04,2026-06-07 15:14:29.790,30.0,69,54,98.33861111111037,1.6858047619047494,42.37666666666428,210.0,116.0,94.0,69.6288888888912,1.8,True,14.0,13.0,2558.966111111112,corner_T13,22.335233119832992,494.29496002007727,SOFT,9.0,7.0,0.1960660822740672,4422.646087365204,70617.77023456068,400.0,False,4,True,PIT_RELATED,,,False,0.0,204.23216463414656,5.767835365853443,2.321902,True,2.321902,40.55793328295259,14,True,3.0,corner,0.7343346990494354,3484.7408333333333,19,431.47976220214423,0,monaco_2026_R|ALO|COL,monaco_2026_R|L69|monaco_2026_R|ALO|COL,,True,v4_t0_anchored_30s_horizon
monaco_2026_R_01010,monaco_2026_R,2026,Monaco Grand Prix,OCO,SAI,55,2026-06-07 15:14:05.030,2026-06-07 15:14:10.470,5.44,5.44,2026-06-07 15:14:35.030,30.0,69,21,13.504444444445653,0.4720000000000423,13.504444444445653,103.0,139.0,-36.0,-37.000000000000455,1.2,True,11.0,10.0,3000.994166666668,corner_T19,,52.26690446452085,SOFT,2.0,6.0,0.9129414175108697,24736.10640574031,138.4803787922272,400.0,False,4,True,PIT_RELATED,,,False,0.0,125.98428571428525,-22.98428571428525,0.360523,True,0.360523,-18.990475494515753,13,True,3.0,corner,0.8611814508443841,3484.7408333333333,19,431.47976220214423,0,monaco_2026_R|OCO|SAI,monaco_2026_R|L69|monaco_2026_R|OCO|SAI,,False,v4_t0_anchored_30s_horizon
monaco_2026_R_01011,monaco_2026_R,2026,Monaco Grand Prix,ALO,COL,43,2026-06-07 15:14:32.230,2026-06-07 15:14:38.030,5.8,5.8,2026-06-07 15:15:02.230,30.0,70,23,98.39305555555563,1.5400652173913056,85.73500000000001,230.0,155.0,75.0,75.24489795918353,1.96,True,14.0,12.0,608.8386111111109,brake_T2,15.761949946953678,366.2590972423992,SOFT,10.0,7.0,0.1960660822740672,6206.389203606216,73961.8562387534,400.0,False,41,True,INVALID,,,False,0.0,216.28590047393374,13.714099526066263,2.030478,True,2.030478,61.80022969052716,12,True,3.0,brake,0.17471560733792807,3484.7408333333333,19,431.47976220214423,0,monaco_2026_R|ALO|COL,monaco_2026_R|L70|monaco_2026_R|ALO|COL,,False,v4_t0_anchored_30s_horizon
monaco_2026_R_01012,monaco_2026_R,2026,Monaco Grand Prix,COL,HUL,27,2026-06-07 15:14:38.470,2026-06-07 15:16:15.710,97.24,97.24,2026-06-07 15:15:08.470,30.0,70,353,96.44277777777802,2.269241830065365,14.843055555555111,153.0,,,41.3333333333334,1.92,True,12.0,,946.4144444444443,corner_T4,197.84599934280743,28.683263909065886,SOFT,2.0,6.0,0.9146373613979384,4065.168084198189,46245.0731354736,399.9999999999999,False,41,True,INVALID,,,False,-1.0,,,,False,,,0,False,3.0,corner,0.2715881868147854,3484.7408333333333,19,431.47976220214423,0,monaco_2026_R|COL|HUL,monaco_2026_R|L70|monaco_2026_R|COL|HUL,,False,v4_t0_anchored_30s_horizon
monaco_2026_R_01013,monaco_2026_R,2026,Monaco Grand Prix,ALO,COL,43,2026-06-07 15:15:12.631,2026-06-07 15:15:23.710,11.079,11.079,2026-06-07 15:15:42.631,30.0,70,39,95.44361111111152,1.3527440944881948,20.46194444444609,254.0,181.0,73.0,55.88049972840923,1.841,True,14.0,12.0,1789.7552777777782,corner_T9,308.7918691276932,36.91861068711387,SOFT,10.0,7.0,0.1960660822740672,12101.64994923186,88917.57335054695,400.0,False,41,True,INVALID,,103.479,True,0.0,234.10034562212107,19.89965437787893,1.8290039999999999,True,1.8290039999999999,30.260947279940133,12,True,3.0,corner,0.5135978149817775,3484.7408333333333,19,431.47976220214423,0,monaco_2026_R|ALO|COL,monaco_2026_R|L70|monaco_2026_R|ALO|COL,,False,v4_t0_anchored_30s_horizon
monaco_2026_R_01014,monaco_2026_R,2026,Monaco Grand Prix,BOR,PER,11,2026-06-07 15:15:18.110,2026-06-07 15:15:32.311,14.201,14.201,2026-06-07 15:15:48.110,30.0,70,43,99.73777777777718,1.5150042194092739,22.28111111111025,237.0,96.0,141.0,85.34042553191522,1.88,True,16.0,15.0,1887.556944444446,straight_05,210.99020246102555,319.88794235258865,SOFT,3.0,8.0,0.2841429704404979,10590.299681358249,76173.08313690528,400.0,False,41,True,INVALID,,92.4,True,0.0,204.9638214285704,32.03617857142959,2.5572150000000002,True,2.5572150000000002,54.216751726200236,12,True,3.0,straight,0.5416635080546007,3484.7408333333333,19,431.47976220214423,0,monaco_2026_R|BOR|PER,monaco_2026_R|L70|monaco_2026_R|BOR|PER,,False,v4_t0_anchored_30s_horizon
monaco_2026_R_01015,monaco_2026_R,2026,Monaco Grand Prix,ALO,COL,43,2026-06-07 15:16:41.230,2026-06-07 15:16:54.071,12.841,4.521,2026-06-07 15:17:11.230,30.0,70,8,10.080000000008567,4.032000000003427,10.080000000008567,9.0,11.0,-2.0,,,False,14.0,12.0,3148.4097222222213,straight_07,,,SOFT,10.0,7.0,0.1960660822740672,21756.638841673113,133.93968035902807,336.331111111112,True,41,True,INVALID,,14.88,False,0.0,,,,False,25.258142,-0.1410747646123453,12,True,3.0,straight,0.9034846127166954,3484.7408333333333,19,431.47976220214423,0,monaco_2026_R|ALO|COL,monaco_2026_R|L70|monaco_2026_R|ALO|COL,monaco_2026_R_01030,True,v4_t0_anchored_30s_horizon
monaco_2026_R_01016,monaco_2026_R,2026,Monaco Grand Prix,PER,ALO,14,2026-06-07 15:16:41.230,2026-06-07 15:16:50.110,8.88,8.88,2026-06-07 15:17:11.230,30.0,70,30,16.15138888888532,,12.245277777777801,0.0,9.0,-9.0,,,False,15.0,14.0,3132.5808333333357,straight_07,,,SOFT,2.0,7.0,0.917608898594956,22780.580449937486,140.2433384155541,352.1599999999976,True,41,True,INVALID,,51.841,True,0.0,,,,False,25.53572,-0.6348364407634225,12,True,3.0,straight,0.8989422694992389,3484.7408333333333,19,431.47976220214423,0,monaco_2026_R|ALO|PER,monaco_2026_R|L70|monaco_2026_R|ALO|PER,,True,v4_t0_anchored_30s_horizon
monaco_2026_R_01017,monaco_2026_R,2026,Monaco Grand Prix,HAM,ANT,12,2026-06-07 15:16:43.630,2026-06-07 15:18:00.911,77.281,77.281,2026-06-07 15:17:13.630,30.0,71,296,12.346388888888885,0.48842857142857127,12.346388888888885,91.0,92.0,-1.0,,,False,2.0,1.0,25.94638888888889,straight_01,197.306036148203,257.306036148203,SOFT,7.0,6.0,0.0212459267630734,14982.440783611348,67950.31457643803,400.00000000000006,False,12,False,INVALID,,,False,0.0,76.09945652173914,14.900543478260857,0.31801,True,0.31801,,2,False,3.0,straight,0.007445715515110442,3484.7408333333333,19,431.47976220214423,0,monaco_2026_R|ANT|HAM,monaco_2026_R|L71|monaco_2026_R|ANT|HAM,,False,v4_t0_anchored_30s_horizon
monaco_2026_R_01018,monaco_2026_R,2026,Monaco Grand Prix,BOR,PER,11,2026-06-07 15:16:43.990,2026-06-07 15:16:50.110,6.12,4.24,2026-06-07 15:17:13.990,30.0,70,16,11.043611111112568,0.4417444444445027,10.048333333333346,90.0,107.0,-17.0,-10.56818181817965,1.76,True,16.0,15.0,3170.574166666668,straight_07,,,SOFT,3.0,8.0,0.2841429704404979,20322.861837484972,125.11296612965697,314.16666666666515,True,41,True,INVALID,,6.52,False,0.0,88.9399999999996,1.0600000000004002,0.388266,True,0.388266,-9.00262523934685,7,True,3.0,straight,0.9098450410826826,3484.7408333333333,19,431.47976220214423,0,monaco_2026_R|BOR|PER,monaco_2026_R|L70|monaco_2026_R|BOR|PER,,True,v4_t0_anchored_30s_horizon
monaco_2026_R_01019,monaco_2026_R,2026,Monaco Grand Prix,RUS,HAM,44,2026-06-07 15:16:44.751,2026-06-07 15:17:05.031,20.28,20.28,2026-06-07 15:17:14.751,30.0,71,83,19.10472222222222,0.4947985611510792,14.594444444444377,139.0,136.0,3.0,,,False,3.0,2.0,39.582222222222214,straight_01,183.67020281486967,243.67020281486967,SOFT,7.0,5.0,0.8015593323542084,15240.25037272311,64540.60456187733,400.0,False,12,False,INVALID,,,False,-1.0,106.60893034186464,32.391069658135365,0.648353,True,0.648353,1.1991032917903577,4,True,3.0,straight,0.011358727697508508,3484.7408333333333,19,431.47976220214423,0,monaco_2026_R|HAM|RUS,monaco_2026_R|L71|monaco_2026_R|HAM|RUS,,False,v4_t0_anchored_30s_horizon
monaco_2026_R_01020,monaco_2026_R,2026,Monaco Grand Prix,LIN,LAW,30,2026-06-07 15:16:45.311,2026-06-07 15:17:12.111,26.8,24.479,2026-06-07 15:17:15.311,30.0,71,15,15.405277777777773,0.3555064102564101,10.093611111111045,156.0,167.0,-11.0,,,False,8.0,7.0,20.457777777777782,straight_01,202.7946472593141,262.7946472593141,SOFT,3.0,5.0,0.6166098003012135,14878.668865844444,69322.76991628415,400.0,False,12,False,INVALID,,5.359,False,0.0,146.62993630573249,9.370063694267515,0.367401,True,0.367401,,2,False,3.0,straight,0.005870674106403738,3484.7408333333333,19,431.47976220214423,0,monaco_2026_R|LAW|LIN,monaco_2026_R|L71|monaco_2026_R|LAW|LIN,,False,v4_t0_anchored_30s_horizon
monaco_2026_R_01021,monaco_2026_R,2026,Monaco Grand Prix,PIA,HAD,6,2026-06-07 15:16:48.430,2026-06-07 15:27:06.593,618.163,618.163,2026-06-07 15:17:18.430,30.0,71,2192,10.793888888888858,0.38857999999999887,10.088888888888846,100.0,91.0,9.0,,,False,6.0,5.0,167.38222222222225,brake_T1,55.87020281486963,115.87020281486963,SOFT,7.0,6.0,0.9193913063100326,19475.004846889544,33238.05075713599,400.0,False,12,False,INVALID,,,False,0.0,101.49453124999998,-1.49453124999998,0.419781,True,0.419781,4.97803855746818,13,True,3.0,brake,0.048032904088914,3484.7408333333333,19,431.47976220214423,0,monaco_2026_R|HAD|PIA,monaco_2026_R|L71|monaco_2026_R|HAD|PIA,,False,v4_t0_anchored_30s_horizon
monaco_2026_R_01022,monaco_2026_R,2026,Monaco Grand Prix,BOR,ALO,14,2026-06-07 15:16:50.510,2026-06-07 15:16:54.071,3.561,3.561,2026-06-07 15:17:20.510,30.0,71,6,10.715833333333364,0.48831645569620397,10.125277777777796,79.0,59.0,20.0,,,False,14.0,13.0,169.42305555555555,brake_T1,53.82936948153633,113.82936948153633,SOFT,4.0,8.0,0.30392035702893494,19570.972156452113,32755.78556877815,399.99999999999994,False,12,False,INVALID,,,False,-2.0,76.274,2.725999999999999,0.61096,True,0.61096,21.465505670635928,12,True,3.0,brake,0.048618552615143466,3484.7408333333333,19,431.47976220214423,0,monaco_2026_R|ALO|BOR,monaco_2026_R|L71|monaco_2026_R|ALO|BOR,,False,v4_t0_anchored_30s_horizon
monaco_2026_R_01023,monaco_2026_R,2026,Monaco Grand Prix,LAW,PIA,81,2026-06-07 15:16:51.951,2026-06-07 15:17:12.111,20.16,20.16,2026-06-07 15:17:21.951,30.0,71,80,16.01972222222227,0.5710000000000017,16.01972222222227,101.0,116.0,-15.0,-16.4573601303639,1.841,True,7.0,6.0,238.6363888888889,corner_T1,385.96417216917575,44.616036148202994,SOFT,9.0,5.0,0.932149650839708,21601.480216459713,30705.417592620193,400.0,False,12,False,INVALID,,,False,0.0,99.62159090909087,1.3784090909091304,0.4805,True,0.4805,-13.437328811293098,13,True,3.0,corner,0.06848038356431257,3484.7408333333333,19,431.47976220214423,0,monaco_2026_R|LAW|PIA,monaco_2026_R|L71|monaco_2026_R|LAW|PIA,,False,v4_t0_anchored_30s_horizon
monaco_2026_R_01024,monaco_2026_R,2026,Monaco Grand Prix,GAS,RUS,63,2026-06-07 15:16:51.951,2026-06-07 15:18:06.791,74.84,74.84,2026-06-07 15:17:21.951,30.0,71,195,10.204444444444505,0.2870000000000017,10.007500000001073,128.0,141.0,-13.0,-9.086909288430144,1.841,True,4.0,3.0,266.44972222222225,corner_T1,358.15083883584236,16.802702814869633,SOFT,7.0,5.0,0.5836854387176225,20572.90573823337,51398.51364520219,400.0,False,12,False,INVALID,,,False,-1.0,126.20449218749998,1.79550781250002,0.27182,True,0.27182,-5.469587896926074,13,True,3.0,corner,0.07646184751344892,3484.7408333333333,19,431.47976220214423,0,monaco_2026_R|GAS|RUS,monaco_2026_R|L71|monaco_2026_R|GAS|RUS,,False,v4_t0_anchored_30s_horizon
monaco_2026_R_01025,monaco_2026_R,2026,Monaco Grand Prix,ALB,LIN,41,2026-06-07 15:16:52.431,2026-06-07 15:17:12.111,19.68,17.839,2026-06-07 15:17:22.431,30.0,71,68,10.172222222222217,0.3390740740740739,10.172222222222217,108.0,112.0,-4.0,-6.251431546069769,1.921,True,9.0,8.0,241.84972222222225,corner_T1,382.7508388358424,41.40270281486963,SOFT,9.0,6.0,0.3877154628603745,21482.646827556284,33096.134825924266,400.0,False,12,False,INVALID,,23.359,False,0.0,100.19350961538461,7.806490384615387,0.331355,True,0.331355,-6.917873729067061,12,True,3.0,corner,0.06940249900618307,3484.7408333333333,19,431.47976220214423,0,monaco_2026_R|ALB|LIN,monaco_2026_R|L71|monaco_2026_R|ALB|LIN,,False,v4_t0_anchored_30s_horizon
monaco_2026_R_01026,monaco_2026_R,2026,Monaco Grand Prix,HAD,GAS,10,2026-06-07 15:16:53.151,2026-06-07 15:18:18.471,85.32,85.32,2026-06-07 15:17:23.151,30.0,71,312,10.381944444444343,0.21985294117646845,10.031944444443525,170.0,186.0,-16.0,-9.099999999999824,1.6,True,5.0,4.0,310.3886111111112,straight_02,314.21194994695344,664.7090972423989,SOFT,7.0,5.0,0.007111654642042698,18393.04155443989,68947.00960821076,400.00000000000006,False,12,False,INVALID,,,False,2.0,175.771186440678,-5.771186440678008,0.209152,True,0.209152,-5.851623028887592,12,True,3.0,straight,0.0890707877446968,3484.7408333333333,19,431.47976220214423,0,monaco_2026_R|GAS|HAD,monaco_2026_R|L71|monaco_2026_R|GAS|HAD,,False,v4_t0_anchored_30s_horizon
monaco_2026_R_01027,monaco_2026_R,2026,Monaco Grand Prix,PER,COL,43,2026-06-07 15:16:54.590,2026-06-07 15:17:22.190,27.6,27.6,2026-06-07 15:17:24.590,30.0,71,59,20.078055555555522,0.5237753623188397,10.50805555555553,138.0,134.0,4.0,,,False,12.0,15.0,259.5566666666667,corner_T1,365.04389439139794,23.69575837042521,SOFT,3.0,7.0,0.9313085223758371,20827.82020448843,46270.08624682385,399.99999999999994,False,12,False,INVALID,,34.6,True,-3.0,120.24431818181819,17.755681818181813,0.553545,True,0.553545,-8.216074304235109,12,True,3.0,corner,0.07448377916196064,3484.7408333333333,19,431.47976220214423,0,monaco_2026_R|COL|PER,monaco_2026_R|L71|monaco_2026_R|COL|PER,,False,v4_t0_anchored_30s_horizon
monaco_2026_R_01028,monaco_2026_R,2026,Monaco Grand Prix,ALO,OCO,31,2026-06-07 15:16:58.231,2026-06-07 15:17:03.750,5.519,4.359,2026-06-07 15:17:28.231,30.0,71,18,39.53388888888901,0.5715742971887567,10.31583333333333,249.0,207.0,42.0,,,False,13.0,11.0,501.6119444444445,straight_02,122.98861661362014,473.48576390906567,SOFT,11.0,7.0,0.19121787582585312,8175.223071592673,86229.76869094998,400.0,False,12,False,INVALID,,23.399,False,-1.0,242.97959507741166,6.020404922588341,0.656292,True,0.656292,-7.5149064404273025,12,True,3.0,straight,0.14394526549758563,3484.7408333333333,19,431.47976220214423,0,monaco_2026_R|ALO|OCO,monaco_2026_R|L71|monaco_2026_R|ALO|OCO,,False,v4_t0_anchored_30s_horizon
monaco_2026_R_01029,monaco_2026_R,2026,Monaco Grand Prix,HUL,SAI,55,2026-06-07 15:16:58.231,2026-06-07 15:17:03.750,5.519,5.519,2026-06-07 15:17:28.231,30.0,71,23,15.901388888888846,0.2521806167400874,11.856944444444252,227.0,,,,,False,10.0,,541.5866666666667,brake_T2,83.01389439139791,433.51104168684344,SOFT,4.0,7.0,0.8523050413028684,7332.761105098493,80204.17263110647,400.0,False,12,False,INVALID,,,False,-2.0,,,,False,,,0,False,3.0,brake,0.15541662710928528,3484.7408333333333,19,431.47976220214423,0,monaco_2026_R|HUL|SAI,monaco_2026_R|L71|monaco_2026_R|HUL|SAI,,False,v4_t0_anchored_30s_horizon
monaco_2026_R_01030,monaco_2026_R,2026,Monaco Grand Prix,COL,ALO,14,2026-06-07 15:16:58.431,2026-06-07 15:17:28.950,30.519,19.88,2026-06-07 15:17:28.431,30.0,71,25,10.151388888888789,0.15355042016806572,10.151388888888789,238.0,250.0,-12.0,-4.889190657251309,1.841,True,15.0,13.0,505.5686111111112,brake_T2,119.03194994695343,469.52909724239896,SOFT,3.0,6.0,0.909651563294396,7988.090950137342,86126.71573328791,400.0,False,12,False,INVALID,,,False,3.0,249.28488000000002,-11.284880000000015,0.143024,True,0.143024,-4.758891279193804,13,True,3.0,brake,0.1450806918767353,3484.7408333333333,19,431.47976220214423,0,monaco_2026_R|ALO|COL,monaco_2026_R|L71|monaco_2026_R|ALO|COL,monaco_2026_R_01015,False,v4_t0_anchored_30s_horizon
monaco_2026_R_01031,monaco_2026_R,2026,Monaco Grand Prix,OCO,HUL,27,2026-06-07 15:17:15.470,2026-06-07 15:17:24.591,9.121,9.121,2026-06-07 15:17:45.470,30.0,71,22,10.050833333333912,0.6030500000000347,10.006388888889433,60.0,62.0,-2.0,-8.701350675338148,1.999,True,11.0,10.0,1112.8622222222218,brake_T5,31.39822156502987,377.7961972075809,SOFT,4.0,6.0,0.9331190228594383,5621.751265702835,22913.286860433713,400.0,False,12,False,INVALID,,,False,0.0,60.0,0.0,0.588383,True,0.588383,-10.33292825141411,11,True,3.0,brake,0.3193529376925606,3484.7408333333333,19,431.47976220214423,0,monaco_2026_R|HUL|OCO,monaco_2026_R|L71|monaco_2026_R|HUL|OCO,,False,v4_t0_anchored_30s_horizon
monaco_2026_R_01032,monaco_2026_R,2026,Monaco Grand Prix,LIN,PIA,81,2026-06-07 15:17:17.351,2026-06-07 15:17:29.430,12.079,12.079,2026-06-07 15:17:47.351,30.0,71,31,20.568888888888978,0.7189126213592264,10.23555555555572,103.0,75.0,28.0,,,False,8.0,6.0,1187.7675000000002,corner_T5,74.55964944112384,302.8909194298026,SOFT,3.0,5.0,0.6339235905797018,9817.900952112432,8491.958552081356,400.0,False,12,False,INVALID,,,False,0.0,104.48299999999976,-1.4829999999997625,0.85549,True,0.85549,-6.0289524092328355,13,True,3.0,corner,0.3408481596790197,3484.7408333333333,19,431.47976220214423,0,monaco_2026_R|LIN|PIA,monaco_2026_R|L71|monaco_2026_R|LIN|PIA,,False,v4_t0_anchored_30s_horizon
monaco_2026_R_01033,monaco_2026_R,2026,Monaco Grand Prix,ALB,LAW,30,2026-06-07 15:17:23.310,2026-06-07 15:17:29.430,6.12,6.12,2026-06-07 15:17:53.310,30.0,71,14,10.178333333334194,0.48856000000004135,10.178333333334194,75.0,80.0,-5.0,-9.800000000002683,0.4,True,9.0,7.0,1269.6516666666657,corner_T6,70.39352897196568,221.006752763137,SOFT,9.0,6.0,0.3987302360774688,14781.367574890683,4307.104594464907,400.0,False,12,False,INVALID,,,False,0.0,82.36546511627718,-7.3654651162771785,0.480767,True,0.480767,-12.90174833794993,13,True,3.0,corner,0.36434608121263895,3484.7408333333333,19,431.47976220214423,0,monaco_2026_R|ALB|LAW,monaco_2026_R|L71|monaco_2026_R|ALB|LAW,,False,v4_t0_anchored_30s_horizon
monaco_2026_R_01034,monaco_2026_R,2026,Monaco Grand Prix,HUL,ALB,23,2026-06-07 15:17:24.791,2026-06-07 15:18:02.670,37.879,30.679,2026-06-07 15:17:54.791,30.0,71,83,21.788888888888096,0.9929113924050272,10.131666666666433,79.0,61.0,18.0,,,False,10.0,9.0,1277.5552777777777,corner_T6,62.489917860853666,213.103141652025,SOFT,4.0,7.0,0.8665809107363021,15310.08249997713,4213.834827436111,400.0,False,12,False,INVALID,,38.199,True,-2.0,85.28715692646026,-6.287156926460256,1.15024,True,1.15024,-24.864363781986274,13,True,3.0,corner,0.3666141440296811,3484.7408333333333,19,431.47976220214423,0,monaco_2026_R|ALB|HUL,monaco_2026_R|L71|monaco_2026_R|ALB|HUL,,False,v4_t0_anchored_30s_horizon
monaco_2026_R_01035,monaco_2026_R,2026,Monaco Grand Prix,ALB,LIN,41,2026-06-07 15:17:29.630,2026-06-07 15:18:02.670,33.04,33.04,2026-06-07 15:17:59.630,30.0,71,118,15.536944444444998,0.9322166666666998,15.536944444444998,60.0,64.0,-4.0,,,False,9.0,8.0,1400.6413888888878,brake_T8,30.017030540914902,90.0170305409149,SOFT,9.0,6.0,0.4015268918031068,23501.086897008845,23.741481237839704,400.0,False,12,False,INVALID,,,False,0.0,67.96223880597036,-7.962238805970358,0.872447,True,0.872447,0.24707891106940738,13,True,3.0,brake,0.4019355974742898,3484.7408333333333,19,431.47976220214423,0,monaco_2026_R|ALB|LIN,monaco_2026_R|L71|monaco_2026_R|ALB|LIN,,False,v4_t0_anchored_30s_horizon
monaco_2026_R_01036,monaco_2026_R,2026,Monaco Grand Prix,LAW,PIA,81,2026-06-07 15:17:29.630,2026-06-07 15:19:39.391,129.761,129.761,2026-06-07 15:17:59.630,30.0,71,450,23.84833333333404,0.998302325581425,10.525555555555684,86.0,103.0,-17.0,,,False,7.0,6.0,1418.2922222222226,brake_T8,12.366197207580171,72.36619720758017,SOFT,9.0,5.0,0.9412401449410487,24506.51558700695,23.741481237839704,400.0,False,12,False,INVALID,,,False,0.0,78.29414634146345,7.7058536585365545,0.865292,True,0.865292,-3.091202110657753,13,True,3.0,brake,0.4070007756833823,3484.7408333333333,19,431.47976220214423,0,monaco_2026_R|LAW|PIA,monaco_2026_R|L71|monaco_2026_R|LAW|PIA,,False,v4_t0_anchored_30s_horizon
monaco_2026_R_01037,monaco_2026_R,2026,Monaco Grand Prix,LIN,LAW,30,2026-06-07 15:17:30.671,2026-06-07 15:19:33.031,122.36,122.36,2026-06-07 15:18:00.671,30.0,71,356,10.305555555555884,0.42159090909092256,10.0452777777773,88.0,126.0,-38.0,-31.771373679154205,1.041,True,8.0,7.0,1438.533611111111,corner_T8,328.14027735378113,52.12480831869175,SOFT,3.0,5.0,0.6386294360753821,25066.147935147463,4490.7778369606,400.0,False,12,False,INVALID,,11.799,False,0.0,111.73247559893449,-23.732475598934485,0.325383,True,0.325383,-16.498223086683865,12,True,3.0,corner,0.4128093536686571,3484.7408333333333,19,431.47976220214423,0,monaco_2026_R|LAW|LIN,monaco_2026_R|L71|monaco_2026_R|LAW|LIN,,False,v4_t0_anchored_30s_horizon
monaco_2026_R_01038,monaco_2026_R,2026,Monaco Grand Prix,PER,OCO,31,2026-06-07 15:17:32.511,2026-06-07 15:17:44.391,11.88,11.88,2026-06-07 15:18:02.511,30.0,71,44,32.29583333333426,1.336379310344866,31.064166666667916,87.0,110.0,-23.0,,,False,12.0,11.0,1407.4108333333327,brake_T8,23.24758609647006,83.24758609647006,SOFT,3.0,7.0,0.9448486709912204,23886.68872844981,23.741481237839704,400.0,False,12,False,INVALID,,,False,-3.0,72.94258130081197,14.057418699188034,1.234756,True,1.234756,-1.7698419660730782,11,True,3.0,brake,0.4038781937155057,3484.7408333333333,19,431.47976220214423,0,monaco_2026_R|OCO|PER,monaco_2026_R|L71|monaco_2026_R|OCO|PER,,False,v4_t0_anchored_30s_horizon
monaco_2026_R_01039,monaco_2026_R,2026,Monaco Grand Prix,ALO,PER,11,2026-06-07 15:17:33.991,2026-06-07 15:17:44.391,10.4,9.039,2026-06-07 15:18:03.991,30.0,71,33,13.529444444443698,0.4310265486725426,10.871944444443216,113.0,149.0,-36.0,-30.756756756757174,1.48,True,13.0,12.0,1443.8747222222228,corner_T8,322.79916624266934,46.78369720757996,SOFT,11.0,7.0,0.2251519909268926,25060.80754720199,6502.539682074059,400.0,False,12,False,INVALID,,10.56,False,-1.0,132.47315436241746,-19.47315436241746,0.330536,True,0.330536,-22.1046853279567,11,True,3.0,corner,0.4143420676828591,3484.7408333333333,19,431.47976220214423,0,monaco_2026_R|ALO|PER,monaco_2026_R|L71|monaco_2026_R|ALO|PER,,False,v4_t0_anchored_30s_horizon
monaco_2026_R_01040,monaco_2026_R,2026,Monaco Grand Prix,COL,BOR,5,2026-06-07 15:17:42.790,2026-06-07 15:17:56.070,13.28,13.28,2026-06-07 15:18:12.790,30.0,71,54,12.05722222222289,0.23462702702704005,12.05722222222289,185.0,212.0,-27.0,-21.89505165851103,1.839,True,15.0,14.0,1600.1997222222212,straight_04,166.4741662426709,226.4741662426709,SOFT,3.0,6.0,0.9319694090947318,21758.949992443762,62948.56359522541,400.0,False,12,False,INVALID,,,False,3.0,208.2347877358488,-23.234787735848812,0.200811,True,0.200811,-18.267232772792195,11,True,3.0,straight,0.4592019317234413,3484.7408333333333,19,431.47976220214423,0,monaco_2026_R|BOR|COL,monaco_2026_R|L71|monaco_2026_R|BOR|COL,,False,v4_t0_anchored_30s_horizon
monaco_2026_R_01041,monaco_2026_R,2026,Monaco Grand Prix,ALO,OCO,31,2026-06-07 15:18:03.791,2026-06-07 15:18:11.191,7.4,7.4,2026-06-07 15:18:33.791,30.0,71,23,29.274166666666133,0.8364047619047467,18.374166666665587,126.0,66.0,60.0,,,False,13.0,11.0,2822.303611111112,corner_T17,84.76136275293766,230.95746002007718,SOFT,11.0,7.0,0.2351037854356415,14748.662732049324,13631.025517235179,400.0,False,12,False,INVALID,,,False,-1.0,118.77542929292825,7.224570707071749,1.258354,True,1.258354,35.7155400911337,12,True,3.0,corner,0.8099034465100906,3484.7408333333333,19,431.47976220214423,0,monaco_2026_R|ALO|OCO,monaco_2026_R|L71|monaco_2026_R|ALO|OCO,,True,v4_t0_anchored_30s_horizon
monaco_2026_R_01042,monaco_2026_R,2026,Monaco Grand Prix,HAM,ANT,12,2026-06-07 15:18:03.991,2026-06-07 15:18:11.751,7.76,7.76,2026-06-07 15:18:33.991,30.0,72,24,96.70222222222219,1.3236806083650186,43.62444444444438,263.0,202.0,61.0,22.773349196906914,1.681,True,2.0,1.0,17.538888888888888,straight_01,205.713536148203,265.713536148203,SOFT,8.0,6.0,0.011780008809342477,14823.482099717887,70052.6530435225,400.0,False,1,False,CLOSE_INTERACTION_NO_PASS,0.0,,False,0.0,,,,False,,-46.07479859067927,12,True,3.0,straight,0.005033054028328426,3484.7408333333333,19,431.47976220214423,0,monaco_2026_R|ANT|HAM,monaco_2026_R|L72|monaco_2026_R|ANT|HAM,,False,v4_t0_anchored_30s_horizon
monaco_2026_R_01043,monaco_2026_R,2026,Monaco Grand Prix,ALB,LIN,41,2026-06-07 15:18:05.391,2026-06-07 15:18:42.871,37.48,37.48,2026-06-07 15:18:35.391,30.0,71,122,31.116666666666788,1.4936000000000058,21.531111111111613,75.0,96.0,-21.0,,,False,9.0,8.0,2892.377777777777,brake_T18,14.687196086272706,160.88329335341223,SOFT,9.0,6.0,0.41056295667886505,19000.312998420744,3087.759202904667,400.0,False,12,False,INVALID,,,False,0.0,56.39280701754353,18.607192982456468,1.460719,True,1.460719,-4.633466715472473,11,True,3.0,brake,0.8300123068294492,3484.7408333333333,19,431.47976220214423,0,monaco_2026_R|ALB|LIN,monaco_2026_R|L71|monaco_2026_R|ALB|LIN,,True,v4_t0_anchored_30s_horizon
monaco_2026_R_01044,monaco_2026_R,2026,Monaco Grand Prix,OCO,HUL,27,2026-06-07 15:18:05.391,2026-06-07 15:18:42.871,37.48,37.48,2026-06-07 15:18:35.391,30.0,71,122,14.794722222221026,0.873131147540913,14.794722222221026,61.0,66.0,-5.0,,,False,11.0,10.0,2877.413611111111,brake_T18,29.65136275293844,175.84746002007796,SOFT,4.0,6.0,0.9441920089792527,18127.14445431526,3321.781722942742,400.0,False,12,False,INVALID,,,False,0.0,55.50239448051969,5.4976055194803095,0.858946,True,0.858946,2.943574209920179,11,True,3.0,brake,0.8257181089586847,3484.7408333333333,19,431.47976220214423,0,monaco_2026_R|HUL|OCO,monaco_2026_R|L71|monaco_2026_R|HUL|OCO,,True,v4_t0_anchored_30s_horizon
monaco_2026_R_01045,monaco_2026_R,2026,Monaco Grand Prix,GAS,RUS,63,2026-06-07 15:18:10.511,2026-06-07 15:18:15.910,5.399,5.399,2026-06-07 15:18:40.511,30.0,72,20,99.55555555555554,1.3575757575757574,46.1888888888889,264.0,173.0,91.0,35.45034353529408,1.601,True,3.0,11.0,33.11111111111111,straight_01,190.14131392598077,250.14131392598077,SOFT,8.0,5.0,0.577564638930128,15117.902551664469,66158.7390624621,400.0,False,1,False,PIT_RELATED,,72.76,True,-1.0,264.87190566037737,-0.8719056603773652,1.618079,True,1.618079,25.697077997984614,8,True,3.0,straight,0.009501742796590882,3484.7408333333333,19,431.47976220214423,0,monaco_2026_R|GAS|RUS,monaco_2026_R|L72|monaco_2026_R|GAS|RUS,,False,v4_t0_anchored_30s_horizon
monaco_2026_R_01046,monaco_2026_R,2026,Monaco Grand Prix,PER,OCO,31,2026-06-07 15:18:11.551,2026-06-07 15:19:05.031,53.48,53.48,2026-06-07 15:18:41.551,30.0,71,178,47.315555555555875,1.1911608391608473,10.386944444443998,143.0,176.0,-33.0,,,False,12.0,11.0,3001.4313888888896,corner_T19,,51.82968224229944,SOFT,3.0,7.0,0.9531915040978587,24745.635648743628,138.65449710229592,400.0,False,12,False,INVALID,,,False,-3.0,122.97422715053797,20.02577284946203,1.075169,True,1.075169,-29.742827508567526,8,True,3.0,corner,0.861306918488359,3484.7408333333333,19,431.47976220214423,0,monaco_2026_R|OCO|PER,monaco_2026_R|L71|monaco_2026_R|OCO|PER,,True,v4_t0_anchored_30s_horizon
monaco_2026_R_01047,monaco_2026_R,2026,Monaco Grand Prix,ALO,PER,11,2026-06-07 15:18:13.591,2026-06-07 15:19:05.031,51.44,49.76,2026-06-07 15:18:43.591,30.0,71,109,10.629166666664332,0.17797674418600742,10.052500000000009,215.0,230.0,-15.0,-17.239130434780872,1.8399999999999999,True,13.0,12.0,3103.61777777778,straight_07,,,SOFT,11.0,7.0,0.23069290458345595,24654.147059317755,151.7775149314172,381.1230555555535,True,12,False,INVALID,,51.64,True,-1.0,223.64765625000135,-8.647656250001347,0.168968,True,0.168968,-17.91668793309576,10,True,3.0,straight,0.8906308750682644,3484.7408333333333,19,431.47976220214423,0,monaco_2026_R|ALO|PER,monaco_2026_R|L71|monaco_2026_R|ALO|PER,,True,v4_t0_anchored_30s_horizon
monaco_2026_R_01048,monaco_2026_R,2026,Monaco Grand Prix,HAD,GAS,10,2026-06-07 15:18:24.431,2026-06-07 15:18:29.030,4.599,4.599,2026-06-07 15:18:54.431,30.0,72,15,96.61861111111114,1.721915841584159,77.36305555555555,202.0,145.0,57.0,60.18688183237895,1.921,True,4.0,3.0,669.1577777777779,corner_T2,119.13248025370626,305.9399305757322,SOFT,8.0,5.0,0.018252086684927255,5986.634482682221,50194.61573676042,400.0,False,1,False,CLOSE_INTERACTION_NO_PASS,0.0,,False,-1.0,201.1063476562499,0.893652343750091,2.145156,True,2.145156,46.145455219457055,10,True,3.0,corner,0.19202512031223115,3484.7408333333333,19,431.47976220214423,0,monaco_2026_R|GAS|HAD,monaco_2026_R|L72|monaco_2026_R|GAS|HAD,,False,v4_t0_anchored_30s_horizon
monaco_2026_R_01049,monaco_2026_R,2026,Monaco Grand Prix,BOR,ALO,14,2026-06-07 15:18:41.631,2026-06-07 15:18:56.591,14.96,14.96,2026-06-07 15:19:11.631,30.0,72,52,94.96111111111145,1.7898429319371791,38.33249999999998,191.0,88.0,103.0,115.47826086956547,1.8399999999999999,True,14.0,13.0,1027.9113888888892,brake_T5,116.34905489836251,462.74703054091356,SOFT,5.0,8.0,0.3211401309407001,2113.5780898945586,41292.93987361042,400.0,False,1,False,CLOSE_INTERACTION_NO_PASS,0.0,,False,0.0,157.2778381642512,33.72216183574881,3.8358980000000003,True,3.8358980000000003,96.86606108065948,11,True,3.0,brake,0.2949749889737537,3484.7408333333333,19,431.47976220214423,0,monaco_2026_R|ALO|BOR,monaco_2026_R|L72|monaco_2026_R|ALO|BOR,,False,v4_t0_anchored_30s_horizon
monaco_2026_R_01050,monaco_2026_R,2026,Monaco Grand Prix,OCO,HUL,27,2026-06-07 15:18:45.591,2026-06-07 15:18:58.151,12.56,12.56,2026-06-07 15:19:15.591,30.0,72,39,19.544999999999845,1.636325581395336,19.544999999999845,43.0,,,,,False,10.0,,1223.2413888888882,brake_T6,39.0857605522358,267.41703054091454,SOFT,5.0,6.0,0.9998078340981356,11840.122952266032,5204.778904867193,400.0,False,1,False,INVALID,,,False,-1.0,,,,False,,,0,False,3.0,brake,0.351027937913763,3484.7408333333333,19,431.47976220214423,0,monaco_2026_R|HUL|OCO,monaco_2026_R|L72|monaco_2026_R|HUL|OCO,,False,v4_t0_anchored_30s_horizon
monaco_2026_R_01051,monaco_2026_R,2026,Monaco Grand Prix,ALB,LIN,41,2026-06-07 15:18:45.591,2026-06-07 15:18:58.151,12.56,12.56,2026-06-07 15:19:15.591,30.0,72,39,29.620000000000573,1.5681176470588538,27.642222222222472,68.0,93.0,-25.0,,,False,9.0,7.0,1243.4911111111112,brake_T6,18.836038330012798,247.16730831869154,SOFT,10.0,6.0,0.49733249020505316,13035.530557674683,4782.8844988194,400.0,False,1,False,CLOSE_INTERACTION_NO_PASS,0.0,,False,0.0,49.246394230768985,18.753605769231015,1.460288,True,1.460288,-8.668844754901672,11,True,3.0,brake,0.35683890727725887,3484.7408333333333,19,431.47976220214423,0,monaco_2026_R|ALB|LIN,monaco_2026_R|L72|monaco_2026_R|ALB|LIN,,False,v4_t0_anchored_30s_horizon
monaco_2026_R_01052,monaco_2026_R,2026,Monaco Grand Prix,COL,BOR,5,2026-06-07 15:18:50.991,2026-06-07 15:18:54.111,3.12,3.12,2026-06-07 15:19:20.991,30.0,72,13,93.30527777777911,2.6871920000000387,83.92750000000137,125.0,56.0,69.0,45.92344497607635,1.881,True,15.0,14.0,1157.694444444444,corner_T5,104.6327049966801,332.96397498535885,SOFT,4.0,6.0,0.9927788025372575,8173.724518140588,13764.68897546257,400.0,False,1,False,CLOSE_INTERACTION_NO_PASS,0.0,,False,0.0,119.69241071428347,5.307589285716531,4.725741,True,4.725741,32.42424170104674,11,True,3.0,corner,0.3322182336690588,3484.7408333333333,19,431.47976220214423,0,monaco_2026_R|BOR|COL,monaco_2026_R|L72|monaco_2026_R|BOR|COL,,False,v4_t0_anchored_30s_horizon
monaco_2026_R_01053,monaco_2026_R,2026,Monaco Grand Prix,GAS,RUS,63,2026-06-07 15:18:55.311,2026-06-07 15:18:59.591,4.28,4.28,2026-06-07 15:19:25.311,30.0,72,14,86.21333333333246,1.1495111111110994,44.55777777777712,270.0,88.0,182.0,160.8095238095234,1.6800000000000002,True,3.0,11.0,1958.4863888888892,straight_05,140.0607580165822,248.95849790814532,SOFT,8.0,5.0,0.5392842574000505,8688.775856364273,68696.73919232858,400.0000000000002,False,1,False,PIT_RELATED,,27.96,False,-1.0,242.05504587155426,27.944954128445744,2.33622,True,2.33622,113.13686353333614,12,True,3.0,straight,0.5620178034920021,3484.7408333333333,19,431.47976220214423,0,monaco_2026_R|GAS|RUS,monaco_2026_R|L72|monaco_2026_R|GAS|RUS,,False,v4_t0_anchored_30s_horizon
monaco_2026_R_01054,monaco_2026_R,2026,Monaco Grand Prix,HAD,GAS,10,2026-06-07 15:18:57.431,2026-06-07 15:19:02.431,5.0,5.0,2026-06-07 15:19:27.431,30.0,72,18,93.00555555555479,1.3722131147540872,48.861111111110404,244.0,94.0,150.0,126.5853658536597,1.6400000000000001,True,4.0,3.0,1950.8425000000004,straight_05,147.704646905471,256.6023867970341,SOFT,8.0,5.0,0.013479143919861533,8893.698324764735,69502.4460867654,400.0000000000002,False,1,False,CLOSE_INTERACTION_NO_PASS,0.0,,False,-1.0,271.2739814814815,-27.273981481481485,2.221918,True,2.221918,74.61091632557316,10,True,3.0,straight,0.5598242719628362,3484.7408333333333,19,431.47976220214423,0,monaco_2026_R|GAS|HAD,monaco_2026_R|L72|monaco_2026_R|GAS|HAD,,False,v4_t0_anchored_30s_horizon
monaco_2026_R_01055,monaco_2026_R,2026,Monaco Grand Prix,OCO,ALB,23,2026-06-07 15:18:58.351,2026-06-07 15:19:59.511,61.16,61.16,2026-06-07 15:19:28.351,30.0,72,204,67.8800000000017,0.9362758620689889,10.021666666668352,261.0,253.0,8.0,,,False,10.0,9.0,1669.9080555555547,brake_T9,96.7658329093374,156.7658329093374,SOFT,5.0,6.0,0.9276531363430771,17411.235220218274,81361.64636227317,400.0,False,1,False,CLOSE_INTERACTION_NO_PASS,0.0,,False,-1.0,244.1142040816322,16.88579591836779,0.979053,True,0.979053,0.8510199404069286,9,True,3.0,brake,0.4792058105389152,3484.7408333333333,19,431.47976220214423,0,monaco_2026_R|ALB|OCO,monaco_2026_R|L72|monaco_2026_R|ALB|OCO,,False,v4_t0_anchored_30s_horizon
monaco_2026_R_01056,monaco_2026_R,2026,Monaco Grand Prix,ALB,HUL,27,2026-06-07 15:19:00.511,2026-06-07 15:19:30.591,30.08,30.08,2026-06-07 15:19:30.511,30.0,72,115,10.166388888887695,0.13406227106225532,10.166388888887695,273.0,,,-16.326086956522165,1.8399999999999999,True,9.0,,1897.5602777777788,straight_05,200.98686912769267,309.8846090192558,SOFT,10.0,6.0,0.3653363744290149,10322.123653593246,75118.67814081328,399.9999999999998,False,1,False,INVALID,,,False,0.0,,,,False,,,0,False,3.0,straight,0.544534118470631,3484.7408333333333,19,431.47976220214423,0,monaco_2026_R|ALB|HUL,monaco_2026_R|L72|monaco_2026_R|ALB|HUL,,False,v4_t0_anchored_30s_horizon
monaco_2026_R_01057,monaco_2026_R,2026,Monaco Grand Prix,PER,OCO,31,2026-06-07 15:19:08.111,2026-06-07 15:19:18.511,10.4,10.4,2026-06-07 15:19:38.111,30.0,72,38,18.587499999999636,0.7043684210526178,17.099722222222226,95.0,119.0,-24.0,,,False,12.0,10.0,2089.084444444444,brake_T10,9.46270246102722,118.36044235259033,SOFT,4.0,7.0,0.9907807292122162,12970.481512167522,35626.91752602353,400.0,False,1,False,CLOSE_INTERACTION_NO_PASS,0.0,,False,0.0,88.69024725274782,6.309752747252176,0.621593,True,0.621593,-4.24290326773697,13,True,3.0,brake,0.5994949249772838,3484.7408333333333,19,431.47976220214423,0,monaco_2026_R|OCO|PER,monaco_2026_R|L72|monaco_2026_R|OCO|PER,,True,v4_t0_anchored_30s_horizon
monaco_2026_R_01058,monaco_2026_R,2026,Monaco Grand Prix,ALO,PER,11,2026-06-07 15:19:09.791,2026-06-07 15:19:18.511,8.72,6.88,2026-06-07 15:19:39.791,30.0,72,13,10.172777777776446,0.2441466666666347,10.040833333330738,150.0,175.0,-25.0,-21.16666666666658,1.6800000000000002,True,13.0,12.0,2144.087777777779,corner_T10,14.459369127692298,63.357109019255404,SOFT,12.0,7.0,0.27767105666230385,13641.909215898111,37732.3226318655,400.0,False,1,False,ON_TRACK_PASS,1.0,9.04,False,0.0,160.62614285714477,-10.626142857144771,0.209074,True,0.209074,-17.263000597739197,12,True,3.0,corner,0.6152789777846547,3484.7408333333333,19,431.47976220214423,0,monaco_2026_R|ALO|PER,monaco_2026_R|L72|monaco_2026_R|ALO|PER,,True,v4_t0_anchored_30s_horizon
monaco_2026_R_01059,monaco_2026_R,2026,Monaco Grand Prix,ALO,OCO,31,2026-06-07 15:19:18.831,2026-06-07 15:19:33.031,14.2,14.2,2026-06-07 15:19:48.831,30.0,72,27,15.529444444441651,0.3702384105959599,10.784999999998035,151.0,124.0,27.0,,,False,13.0,10.0,2601.9750000000026,corner_T14,93.27593144727234,451.2860711311864,SOFT,12.0,7.0,0.2893600453122128,4774.230246521152,52177.413088967434,400.0,False,1,False,UNCERTAIN,,,False,0.0,140.66736111110765,10.332638888892347,0.440903,True,0.440903,23.85831960461664,11,True,3.0,corner,0.7466767614712627,3484.7408333333333,19,431.47976220214423,0,monaco_2026_R|ALO|OCO,monaco_2026_R|L72|monaco_2026_R|ALO|OCO,,True,v4_t0_anchored_30s_horizon
monaco_2026_R_01060,monaco_2026_R,2026,Monaco Grand Prix,BOR,PER,11,2026-06-07 15:19:19.871,2026-06-07 15:19:33.031,13.16,13.16,2026-06-07 15:19:49.871,30.0,72,45,97.2480555555544,1.5354956140350695,10.625833333332139,228.0,112.0,116.0,105.61538461538406,1.04,True,14.0,12.0,2538.2750000000015,corner_T13,43.02634423094332,514.9860711311876,SOFT,5.0,8.0,0.28881501483298017,4922.386135568863,73830.51299351151,400.0,False,1,False,CLOSE_INTERACTION_NO_PASS,0.0,,False,0.0,209.83976293103353,18.160237068966467,2.432674,True,2.432674,60.28947368422738,11,True,3.0,corner,0.7283970663528545,3484.7408333333333,19,431.47976220214423,0,monaco_2026_R|BOR|PER,monaco_2026_R|L72|monaco_2026_R|BOR|PER,,True,v4_t0_anchored_30s_horizon
monaco_2026_R_01061,monaco_2026_R,2026,Monaco Grand Prix,HUL,LIN,41,2026-06-07 15:19:35.031,2026-06-07 15:19:40.471,5.44,5.44,2026-06-07 15:20:05.031,30.0,73,20,93.68527777777777,1.4663782608695652,48.82944444444442,230.0,,,,,False,9.0,,30.046944444444446,straight_01,193.20548059264743,253.20548059264743,SOFT,6.0,7.0,0.8521726542132212,15059.969051746119,66924.94964264543,400.0,False,1,False,INVALID,,,False,-1.0,,,,False,,,0,False,3.0,straight,0.008622433024869458,3484.7408333333333,19,431.47976220214423,0,monaco_2026_R|HUL|LIN,monaco_2026_R|L73|monaco_2026_R|HUL|LIN,,False,v4_t0_anchored_30s_horizon
monaco_2026_R_01062,monaco_2026_R,2026,Monaco Grand Prix,ALB,HUL,27,2026-06-07 15:19:36.511,2026-06-07 15:19:59.511,23.0,20.04,2026-06-07 15:20:06.511,30.0,73,77,77.72111111111113,1.055833962264151,10.954722222221903,265.0,180.0,85.0,71.93918918919283,1.48,True,8.0,9.0,35.98888888888888,straight_01,187.263536148203,247.263536148203,SOFT,11.0,6.0,0.42344670530960304,15172.312039394878,65439.135979269355,400.0,False,1,False,ON_TRACK_PASS,1.0,23.92,False,-1.0,227.62322222222224,37.37677777777776,1.384928,True,1.384928,73.41205870064337,9,True,3.0,straight,0.010327565408777807,3484.7408333333333,19,431.47976220214423,0,monaco_2026_R|ALB|HUL,monaco_2026_R|L73|monaco_2026_R|ALB|HUL,,False,v4_t0_anchored_30s_horizon
monaco_2026_R_01063,monaco_2026_R,2026,Monaco Grand Prix,BOR,ALO,14,2026-06-07 15:19:38.311,2026-06-07 15:25:37.593,359.282,358.481,2026-06-07 15:20:08.311,30.0,72,1043,99.161944444445,1.378312741312749,10.001388888888187,259.0,232.0,27.0,,,False,14.0,12.0,3259.028333333335,straight_07,,,SOFT,5.0,8.0,0.2808262598164274,14600.925047724077,89.88719480384123,225.71249999999827,True,1,False,UNCERTAIN,,,False,0.0,261.87339694656475,-2.8733969465647533,1.37266,True,1.37266,-70.96044791695047,10,True,3.0,straight,0.9352283252054379,3484.7408333333333,19,431.47976220214423,0,monaco_2026_R|ALO|BOR,monaco_2026_R|L72|monaco_2026_R|ALO|BOR,,True,v4_t0_anchored_30s_horizon
monaco_2026_R_01064,monaco_2026_R,2026,Monaco Grand Prix,LAW,PIA,81,2026-06-07 15:19:42.991,2026-06-07 15:20:09.831,26.84,26.84,2026-06-07 15:20:12.991,30.0,73,103,99.51388888888891,1.367366412213741,26.25833333333344,262.0,203.0,59.0,23.507142857143034,1.6800000000000002,True,6.0,5.0,555.9747222222221,brake_T2,68.6258388358425,419.12298613128803,SOFT,11.0,5.0,0.9087984025011406,7177.107322443161,77780.64199499335,400.0,False,1,False,CLOSE_INTERACTION_NO_PASS,0.0,,False,0.0,260.8011927480916,1.1988072519084199,1.551809,True,1.551809,4.268744984552469,8,True,3.0,brake,0.1595455010323978,3484.7408333333333,19,431.47976220214423,0,monaco_2026_R|LAW|PIA,monaco_2026_R|L73|monaco_2026_R|LAW|PIA,,False,v4_t0_anchored_30s_horizon
monaco_2026_R_01065,monaco_2026_R,2026,Monaco Grand Prix,RUS,BOR,5,2026-06-07 15:19:45.191,2026-06-07 15:25:37.593,352.402,352.402,2026-06-07 15:20:15.191,30.0,73,1217,11.357499999999959,0.24337499999999915,10.018611111110431,168.0,188.0,-20.0,-18.919999999999966,2.0,True,14.0,13.0,280.34555555555556,corner_T1,344.25500550250905,2.9068694815363187,SOFT,9.0,6.0,0.7958659729408597,20059.019130358727,61737.00168082076,400.00000000000006,False,1,True,PIT_RELATED,,43.681,True,3.0,179.10292553191488,-11.102925531914877,0.217484,True,0.217484,-15.673411160637576,11,True,3.0,corner,0.08044947069633028,3484.7408333333333,19,431.47976220214423,0,monaco_2026_R|BOR|RUS,monaco_2026_R|L73|monaco_2026_R|BOR|RUS,,False,v4_t0_anchored_30s_horizon
monaco_2026_R_01066,monaco_2026_R,2026,Monaco Grand Prix,HAD,GAS,10,2026-06-07 15:19:49.911,2026-06-07 15:20:05.191,15.28,15.28,2026-06-07 15:20:19.911,30.0,73,60,96.49166666666679,1.7027941176470611,39.986388888889906,204.0,77.0,127.0,85.68315217391323,1.8399999999999999,True,4.0,3.0,1006.7522222222221,straight_03,137.50822156502954,483.9061972075806,SOFT,9.0,5.0,0.010557144749601805,2273.4787100964877,44724.60444468465,400.0,False,1,False,CLOSE_INTERACTION_NO_PASS,0.0,,False,0.0,216.18744266055037,-12.187442660550374,2.816669,True,2.816669,43.600923101025266,13,True,3.0,straight,0.28890304053378113,3484.7408333333333,19,431.47976220214423,0,monaco_2026_R|GAS|HAD,monaco_2026_R|L73|monaco_2026_R|GAS|HAD,,False,v4_t0_anchored_30s_horizon
monaco_2026_R_01067,monaco_2026_R,2026,Monaco Grand Prix,OCO,ALB,23,2026-06-07 15:20:03.511,2026-06-07 15:20:06.591,3.08,3.08,2026-06-07 15:20:33.511,30.0,73,12,20.318055555556384,0.7865053763441181,13.80694444444498,93.0,61.0,32.0,,,False,10.0,8.0,1181.9322222222215,corner_T5,80.39492721890247,308.7261972075812,SOFT,6.0,6.0,1.0,9498.870310540973,9515.06199466084,400.0,False,1,False,CLOSE_INTERACTION_NO_PASS,0.0,,False,0.0,101.78502604166808,-8.785026041668075,1.011229,True,1.011229,1.2761621529814546,11,True,3.0,corner,0.339173636936335,3484.7408333333333,19,431.47976220214423,0,monaco_2026_R|ALB|OCO,monaco_2026_R|L73|monaco_2026_R|ALB|OCO,,False,v4_t0_anchored_30s_horizon
monaco_2026_R_01068,monaco_2026_R,2026,Monaco Grand Prix,OCO,HUL,27,2026-06-07 15:20:06.871,2026-06-07 15:20:23.191,16.32,16.32,2026-06-07 15:20:36.871,30.0,73,63,21.12416666666718,1.6899333333333744,21.12416666666718,45.0,59.0,-14.0,,,False,10.0,9.0,1231.3433333333328,brake_T6,30.9838161077912,259.31508609646994,SOFT,6.0,6.0,0.9996288719844543,12318.407340624632,5035.9783158166465,400.0,False,1,False,CLOSE_INTERACTION_NO_PASS,0.0,,False,0.0,46.47761627907,-1.4776162790699985,1.558209,True,1.558209,-1.0774484406229718,11,True,3.0,brake,0.35335291553245574,3484.7408333333333,19,431.47976220214423,0,monaco_2026_R|HUL|OCO,monaco_2026_R|L73|monaco_2026_R|HUL|OCO,,False,v4_t0_anchored_30s_horizon
monaco_2026_R_01069,monaco_2026_R,2026,Monaco Grand Prix,ALB,LIN,41,2026-06-07 15:20:06.871,2026-06-07 15:20:11.991,5.12,5.12,2026-06-07 15:20:36.871,30.0,73,18,68.26999999999907,2.9972195121950813,68.26999999999907,82.0,,,,,False,8.0,,1253.051388888889,brake_T6,9.275760552234942,237.60703054091368,SOFT,11.0,6.0,0.5476602595977832,13658.536429151178,4584.961911871555,400.0,False,1,False,INVALID,,,False,-1.0,,,,False,,,0,False,3.0,brake,0.35958237608455984,3484.7408333333333,19,431.47976220214423,0,monaco_2026_R|ALB|LIN,monaco_2026_R|L73|monaco_2026_R|ALB|LIN,,False,v4_t0_anchored_30s_horizon
monaco_2026_R_01070,monaco_2026_R,2026,Monaco Grand Prix,COL,RUS,63,2026-06-07 15:20:09.552,2026-06-07 15:20:13.271,3.719,3.719,2026-06-07 15:20:39.552,30.0,73,15,95.36583333333351,2.959629310344833,81.33027777777806,116.0,54.0,62.0,41.879045996592524,1.7610000000000001,True,15.0,14.0,1145.1255555555556,corner_T5,117.2015938855684,345.53286387424714,SOFT,5.0,6.0,0.9943340441006125,7486.548887644918,15968.401288968904,400.0,False,1,False,PIT_RELATED,,,False,0.0,114.32376068376101,1.6762393162389913,4.897341,True,4.897341,33.254338651263495,11,True,3.0,corner,0.32861139761150737,3484.7408333333333,19,431.47976220214423,0,monaco_2026_R|COL|RUS,monaco_2026_R|L73|monaco_2026_R|COL|RUS,,False,v4_t0_anchored_30s_horizon
monaco_2026_R_01071,monaco_2026_R,2026,Monaco Grand Prix,HUL,ALB,23,2026-06-07 15:20:13.871,2026-06-07 15:20:23.191,9.32,8.521,2026-06-07 15:20:43.871,30.0,73,36,12.34194444444438,0.4487979797979774,10.012222222221453,99.0,135.0,-36.0,-20.085106382978598,1.88,True,9.0,8.0,1421.4794444444444,brake_T8,9.178974985358309,69.17897498535831,SOFT,6.0,7.0,0.9289805451985336,24688.066486225373,23.741481237839704,400.0,False,1,False,ON_TRACK_PASS,1.0,9.52,False,-1.0,121.97644999999964,-22.976449999999645,0.333752,True,0.333752,-9.04022464356014,12,True,3.0,brake,0.40791539814016137,3484.7408333333333,19,431.47976220214423,0,monaco_2026_R|ALB|HUL,monaco_2026_R|L73|monaco_2026_R|ALB|HUL,,False,v4_t0_anchored_30s_horizon
monaco_2026_R_01072,monaco_2026_R,2026,Monaco Grand Prix,LAW,PIA,81,2026-06-07 15:20:17.151,2026-06-07 15:20:27.071,9.92,9.92,2026-06-07 15:20:47.151,30.0,73,32,97.30277777777769,1.273781818181817,35.447222222222535,275.0,129.0,146.0,81.80398162327779,1.959,True,6.0,5.0,1921.2097222222224,straight_05,177.33742468324908,286.2351645748122,SOFT,11.0,5.0,0.8650905176881908,9688.113583287335,72625.89982921511,400.0,False,1,False,CLOSE_INTERACTION_NO_PASS,0.0,,False,0.0,272.5951234567902,2.4048765432098094,1.874707,True,1.874707,47.0863885012205,13,True,3.0,straight,0.5513206904355314,3484.7408333333333,19,431.47976220214423,0,monaco_2026_R|LAW|PIA,monaco_2026_R|L73|monaco_2026_R|LAW|PIA,,False,v4_t0_anchored_30s_horizon
monaco_2026_R_01073,monaco_2026_R,2026,Monaco Grand Prix,HAD,GAS,10,2026-06-07 15:20:33.311,2026-06-07 15:20:39.831,6.52,6.52,2026-06-07 15:21:03.311,30.0,73,21,99.25277777777683,2.0773837209302126,54.25777777777648,172.0,66.0,106.0,49.18000000000057,2.0,True,4.0,3.0,2756.684444444443,corner_T16,32.90384876021972,296.57662668674584,SOFT,9.0,5.0,0.0428636234260347,11229.570716655237,29447.38712378011,400.0,False,1,False,CLOSE_INTERACTION_NO_PASS,0.0,,False,0.0,180.4390522148828,-8.439052214882793,2.992158,True,2.992158,15.010453385206965,14,True,3.0,corner,0.7910730169874737,3484.7408333333333,19,431.47976220214423,0,monaco_2026_R|GAS|HAD,monaco_2026_R|L73|monaco_2026_R|GAS|HAD,,True,v4_t0_anchored_30s_horizon
monaco_2026_R_01074,monaco_2026_R,2026,Monaco Grand Prix,HAM,ANT,12,2026-06-07 15:20:34.712,2026-06-07 15:20:40.071,5.359,5.359,2026-06-07 15:21:04.712,30.0,74,17,95.90499999999997,1.2931011235955052,50.440277777777766,267.0,172.0,95.0,18.426368952684232,1.881,True,2.0,1.0,38.701666666666675,straight_01,184.5507583704252,244.5507583704252,SOFT,10.0,6.0,0.037009604567961624,15223.601909778576,64760.79199177318,400.0,False,1,False,CLOSE_INTERACTION_NO_PASS,0.0,,False,0.0,265.57949953007517,1.420500469924832,1.53556,True,1.53556,15.299932681568157,12,True,3.0,straight,0.011106038732196491,3484.7408333333333,19,431.47976220214423,0,monaco_2026_R|ANT|HAM,monaco_2026_R|L74|monaco_2026_R|ANT|HAM,,False,v4_t0_anchored_30s_horizon
monaco_2026_R_01075,monaco_2026_R,2026,Monaco Grand Prix,HUL,LIN,41,2026-06-07 15:20:42.192,2026-06-07 15:20:48.152,5.96,5.96,2026-06-07 15:21:12.192,30.0,73,25,60.2436111111092,1.4957034482758147,51.310277777776264,145.0,,,,,False,9.0,,2814.4113888888887,corner_T17,92.65358497516081,238.84968224230033,SOFT,6.0,7.0,0.9216181411926421,14241.062143623483,16487.151627880914,400.0,False,1,False,INVALID,,,False,-1.0,,,,False,,,0,False,3.0,corner,0.8076386519099499,3484.7408333333333,19,431.47976220214423,0,monaco_2026_R|HUL|LIN,monaco_2026_R|L73|monaco_2026_R|HUL|LIN,,True,v4_t0_anchored_30s_horizon
monaco_2026_R_01076,monaco_2026_R,2026,Monaco Grand Prix,OCO,ALB,23,2026-06-07 15:20:42.192,2026-06-07 15:20:49.432,7.24,7.24,2026-06-07 15:21:12.192,30.0,73,29,49.84250000000202,0.9544308510638685,18.53500000000122,188.0,108.0,80.0,,,False,10.0,8.0,2762.266388888887,corner_T16,27.32190431577601,290.99468224230213,SOFT,6.0,6.0,0.9643158269254274,11414.252118125052,29263.786063251577,400.0,False,1,False,CLOSE_INTERACTION_NO_PASS,0.0,,False,0.0,188.62307548229978,-0.6230754822997824,1.273457,True,1.273457,-21.49145182890992,11,True,3.0,corner,0.7926748418322511,3484.7408333333333,19,431.47976220214423,0,monaco_2026_R|ALB|OCO,monaco_2026_R|L73|monaco_2026_R|ALB|OCO,,True,v4_t0_anchored_30s_horizon
monaco_2026_R_01077,monaco_2026_R,2026,Monaco Grand Prix,OCO,HUL,27,2026-06-07 15:20:49.632,2026-06-07 15:22:20.232,90.6,90.6,2026-06-07 15:21:19.632,30.0,73,338,40.7416666666677,1.788658536585411,17.672222222220398,82.0,117.0,-35.0,,,False,10.0,9.0,2950.694444444443,corner_T18,42.566626686746076,102.56662668674608,SOFT,6.0,6.0,0.9981023969780359,22477.023858539193,876.4764751270455,400.0,False,1,False,CLOSE_INTERACTION_NO_PASS,0.0,,False,0.0,75.94076576576667,6.05923423423333,1.5798100000000002,True,1.5798100000000002,2.247397763922299,12,True,3.0,corner,0.8467471716173373,3484.7408333333333,19,431.47976220214423,0,monaco_2026_R|HUL|OCO,monaco_2026_R|L73|monaco_2026_R|HUL|OCO,,True,v4_t0_anchored_30s_horizon
monaco_2026_R_01078,monaco_2026_R,2026,Monaco Grand Prix,COL,RUS,63,2026-06-07 15:20:50.072,2026-06-07 15:20:53.391,3.319,3.319,2026-06-07 15:21:20.072,30.0,73,16,98.58777777777732,2.0877411764705784,89.70527777777716,170.0,89.0,81.0,88.95833333333314,1.92,True,15.0,14.0,2785.9416666666675,brake_T17,3.6466265379954166,267.31940446452154,SOFT,5.0,6.0,0.9562786364527899,12439.432011549969,26339.445908654678,400.0,False,1,False,PIT_RELATED,,,False,0.0,161.79108333333144,8.208916666668557,4.332506,True,4.332506,78.3998877554328,10,True,3.0,brake,0.7994688270696365,3484.7408333333333,19,431.47976220214423,0,monaco_2026_R|COL|RUS,monaco_2026_R|L73|monaco_2026_R|COL|RUS,,True,v4_t0_anchored_30s_horizon
monaco_2026_R_01079,monaco_2026_R,2026,Monaco Grand Prix,HUL,ALB,23,2026-06-07 15:20:51.031,2026-06-07 15:25:48.872,297.841,296.921,2026-06-07 15:21:21.031,30.0,73,808,10.968888888889069,0.21344864864865215,10.009444444444398,185.0,204.0,-19.0,-27.00000000000075,1.399,True,9.0,8.0,3051.684166666666,corner_T19,,1.5769044645230679,SOFT,6.0,7.0,0.9276440018695884,25840.893178434704,158.66704060584652,400.0,False,1,False,UNCERTAIN,,,False,-1.0,195.37777777777745,-10.377777777777453,0.194,True,0.194,-25.96265349028312,11,True,3.0,corner,0.8757277262847618,3484.7408333333333,19,431.47976220214423,0,monaco_2026_R|ALB|HUL,monaco_2026_R|L73|monaco_2026_R|ALB|HUL,,True,v4_t0_anchored_30s_horizon
monaco_2026_R_01080,monaco_2026_R,2026,Monaco Grand Prix,LAW,PIA,81,2026-06-07 15:20:51.031,2026-06-07 15:20:54.151,3.12,3.12,2026-06-07 15:21:21.031,30.0,74,15,95.47166666666666,1.374792,68.24944444444446,250.0,108.0,142.0,115.75701888718818,1.959,True,6.0,5.0,81.66555555555556,straight_01,141.58686948153633,201.58686948153633,SOFT,12.0,5.0,0.9029717427163378,16035.910352564482,54017.45136653931,400.0,False,1,False,CLOSE_INTERACTION_NO_PASS,0.0,,False,0.0,252.0871891561353,-2.0871891561353095,2.243408,True,2.243408,103.61033358305987,11,True,3.0,straight,0.023435187711631993,3484.7408333333333,19,431.47976220214423,0,monaco_2026_R|LAW|PIA,monaco_2026_R|L74|monaco_2026_R|LAW|PIA,,False,v4_t0_anchored_30s_horizon
monaco_2026_R_01081,monaco_2026_R,2026,Monaco Grand Prix,LIN,LAW,30,2026-06-07 15:20:52.111,2026-06-07 15:20:57.391,5.28,5.28,2026-06-07 15:21:22.111,30.0,74,24,97.95111111111113,1.3206891385767792,43.67888888888888,267.0,155.0,112.0,111.99999999999982,0.24,True,7.0,6.0,40.78694444444445,straight_01,182.46548059264742,242.46548059264742,SOFT,6.0,5.0,0.6339156007086779,15263.027780858902,64239.35759548669,400.0,False,1,False,CLOSE_INTERACTION_NO_PASS,0.0,,False,0.0,268.24106479022834,-1.2410647902283358,1.652501,True,1.652501,103.8947368419028,3,True,3.0,straight,0.011704441275602596,3484.7408333333333,19,431.47976220214423,0,monaco_2026_R|LAW|LIN,monaco_2026_R|L74|monaco_2026_R|LAW|LIN,,False,v4_t0_anchored_30s_horizon
monaco_2026_R_01082,monaco_2026_R,2026,Monaco Grand Prix,PER,OCO,31,2026-06-07 15:20:57.191,2026-06-07 15:21:04.111,6.92,6.92,2026-06-07 15:21:27.191,30.0,74,27,88.33388888888888,1.2091330798479085,39.13388888888889,263.0,184.0,79.0,36.54313425216864,1.959,True,11.0,10.0,29.815277777777773,straight_01,193.43714725931412,253.43714725931412,SOFT,6.0,7.0,0.9080074999418718,15055.588982946203,66982.8790800376,400.0,False,1,False,CLOSE_INTERACTION_NO_PASS,0.0,,False,0.0,276.48328519855596,-13.483285198555961,1.370671,True,1.370671,2.864594434089192,13,True,3.0,straight,0.00855595271033626,3484.7408333333333,19,431.47976220214423,0,monaco_2026_R|OCO|PER,monaco_2026_R|L74|monaco_2026_R|OCO|PER,,False,v4_t0_anchored_30s_horizon
monaco_2026_R_01083,monaco_2026_R,2026,Monaco Grand Prix,HAD,GAS,10,2026-06-07 15:21:06.831,2026-06-07 15:21:20.431,13.6,13.6,2026-06-07 15:21:36.831,30.0,74,51,95.59194444444438,1.8501666666666654,53.629999999999654,186.0,84.0,102.0,111.44444444444503,1.8,True,4.0,3.0,1028.5563888888885,brake_T5,115.70405489836321,462.10203054091426,SOFT,10.0,5.0,0.021877635795608925,2121.869668798555,41153.39002191009,400.0,False,1,False,CLOSE_INTERACTION_NO_PASS,0.0,,False,0.0,190.903642857144,-4.903642857144007,3.431771,True,3.431771,91.02052648072954,15,True,3.0,brake,0.29516008164802937,3484.7408333333333,19,431.47976220214423,0,monaco_2026_R|GAS|HAD,monaco_2026_R|L74|monaco_2026_R|GAS|HAD,,False,v4_t0_anchored_30s_horizon
monaco_2026_R_01084,monaco_2026_R,2026,Monaco Grand Prix,ALB,LIN,41,2026-06-07 15:21:13.711,2026-06-07 15:21:29.392,15.681,15.681,2026-06-07 15:21:43.711,30.0,74,58,96.01722222222247,1.6077302325581437,41.222777777777765,215.0,89.0,126.0,64.30434782608675,1.8399999999999999,True,8.0,7.0,995.0594444444442,straight_03,149.20099934280745,495.5989749853585,SOFT,12.0,6.0,0.46229429196623545,2480.3911732042416,46185.789843312916,399.9999999999999,False,1,False,CLOSE_INTERACTION_NO_PASS,0.0,,False,0.0,209.1149866488651,5.885013351134887,2.51356,True,2.51356,8.856194344655504,12,True,3.0,straight,0.28554761803982387,3484.7408333333333,19,431.47976220214423,0,monaco_2026_R|ALB|LIN,monaco_2026_R|L74|monaco_2026_R|ALB|LIN,,False,v4_t0_anchored_30s_horizon
monaco_2026_R_01085,monaco_2026_R,2026,Monaco Grand Prix,HAM,ANT,12,2026-06-07 15:21:17.671,2026-06-07 15:21:22.792,5.121,5.121,2026-06-07 15:21:47.671,30.0,74,23,91.05888888888808,1.2051911764705774,43.46999999999957,272.0,106.0,166.0,111.64715274082025,1.879,True,2.0,1.0,1944.6572222222228,straight_05,153.88992468324864,262.78766457481174,SOFT,10.0,6.0,0.00034587420195866586,9059.517374254998,70154.40754538974,400.0000000000002,False,1,False,CLOSE_INTERACTION_NO_PASS,0.0,,False,0.0,273.77667883211683,-1.7766788321168292,1.968328,True,1.968328,77.05236237500121,9,True,3.0,straight,0.5580493113348858,3484.7408333333333,19,431.47976220214423,0,monaco_2026_R|ANT|HAM,monaco_2026_R|L74|monaco_2026_R|ANT|HAM,,True,v4_t0_anchored_30s_horizon
monaco_2026_R_01086,monaco_2026_R,2026,Monaco Grand Prix,COL,RUS,63,2026-06-07 15:21:27.472,2026-06-07 15:21:32.871,5.399,5.399,2026-06-07 15:21:57.472,30.0,74,20,92.11972222222244,3.3498080808080886,64.83083333333343,99.0,43.0,56.0,31.854628052242735,1.7610000000000001,True,15.0,14.0,1130.9697222222226,brake_T5,13.290721565029116,359.68869720758016,SOFT,6.0,6.0,0.9758659376763964,6669.911707966086,18995.61408575683,400.0,False,1,False,CLOSE_INTERACTION_NO_PASS,0.0,,False,0.0,95.30525568181861,3.6947443181813924,4.149794,True,4.149794,21.281567609133347,10,True,3.0,brake,0.32454916342814283,3484.7408333333333,19,431.47976220214423,0,monaco_2026_R|COL|RUS,monaco_2026_R|L74|monaco_2026_R|COL|RUS,,False,v4_t0_anchored_30s_horizon
monaco_2026_R_01087,monaco_2026_R,2026,Monaco Grand Prix,LAW,PIA,81,2026-06-07 15:21:34.272,2026-06-07 15:21:38.791,4.519,4.519,2026-06-07 15:22:04.272,30.0,74,20,93.66888888888752,1.327590551181083,45.091111111110195,254.0,88.0,166.0,157.7178549664838,1.641,True,6.0,5.0,1950.317777777778,straight_05,148.22936912769342,257.1271090192565,SOFT,12.0,5.0,0.8669305710326147,8907.765427853936,69557.75462385354,400.0000000000002,False,1,False,CLOSE_INTERACTION_NO_PASS,0.0,,False,0.0,246.7803056768535,7.219694323146513,2.410336,True,2.410336,129.17021003311348,11,True,3.0,straight,0.5596736948475446,3484.7408333333333,19,431.47976220214423,0,monaco_2026_R|LAW|PIA,monaco_2026_R|L74|monaco_2026_R|LAW|PIA,,True,v4_t0_anchored_30s_horizon
monaco_2026_R_01088,monaco_2026_R,2026,Monaco Grand Prix,LIN,LAW,30,2026-06-07 15:21:35.712,2026-06-07 15:21:46.151,10.439,10.439,2026-06-07 15:22:05.712,30.0,74,35,96.98638888888945,1.317550943396234,32.11805555555566,265.0,139.0,126.0,74.48936170212828,1.88,True,7.0,6.0,1923.970555555555,straight_05,174.5765913499165,283.4743312414796,SOFT,6.0,5.0,0.6221656152387138,9614.099323041979,72334.89318542533,399.9999999999998,False,1,False,CLOSE_INTERACTION_NO_PASS,0.0,,False,0.0,274.02435661764724,-9.024356617647243,1.8019479999999999,True,1.8019479999999999,43.33594876667366,13,True,3.0,straight,0.5521129540400221,3484.7408333333333,19,431.47976220214423,0,monaco_2026_R|LAW|LIN,monaco_2026_R|L74|monaco_2026_R|LAW|LIN,,False,v4_t0_anchored_30s_horizon
monaco_2026_R_01089,monaco_2026_R,2026,Monaco Grand Prix,PER,OCO,31,2026-06-07 15:21:40.752,2026-06-07 15:22:11.111,30.359,30.359,2026-06-07 15:22:10.752,30.0,74,112,96.56861111111107,1.2550433212996384,23.90555555555693,277.0,201.0,76.0,20.296277409484553,1.9609999999999999,True,11.0,10.0,1878.6372222222224,straight_05,219.90992468324907,328.8076645748122,SOFT,6.0,7.0,0.8743119238935857,10829.425540170965,77113.26970886785,400.0000000000002,False,1,False,CLOSE_INTERACTION_NO_PASS,0.0,,False,0.0,286.3675087108014,-9.367508710801417,1.4621979999999999,True,1.4621979999999999,0.6859614666382317,12,True,3.0,straight,0.5391038565198576,3484.7408333333333,19,431.47976220214423,0,monaco_2026_R|OCO|PER,monaco_2026_R|L74|monaco_2026_R|OCO|PER,,False,v4_t0_anchored_30s_horizon
monaco_2026_R_01090,monaco_2026_R,2026,Monaco Grand Prix,HAD,GAS,10,2026-06-07 15:21:50.192,2026-06-07 15:21:56.152,5.96,5.96,2026-06-07 15:22:20.192,30.0,74,24,97.7208333333324,1.9119293478260688,69.44972222222077,184.0,50.0,134.0,111.02040816326597,1.96,True,4.0,3.0,2776.3208333333346,brake_T17,13.267459871328356,276.9402377978545,SOFT,10.0,5.0,0.034063899092279144,11898.335980039723,28632.20188707864,400.0,False,1,False,CLOSE_INTERACTION_NO_PASS,0.0,,False,0.0,198.98202764976838,-14.982027649768384,4.040612,True,4.040612,90.84761238242689,11,True,3.0,brake,0.7967079809139325,3484.7408333333333,19,431.47976220214423,0,monaco_2026_R|GAS|HAD,monaco_2026_R|L74|monaco_2026_R|GAS|HAD,,True,v4_t0_anchored_30s_horizon
monaco_2026_R_01091,monaco_2026_R,2026,Monaco Grand Prix,ALB,LIN,41,2026-06-07 15:21:57.751,2026-06-07 15:22:04.511,6.76,6.76,2026-06-07 15:22:27.751,30.0,74,26,97.2561111111113,1.8141036269430086,62.333888888889305,193.0,70.0,123.0,60.8737919272312,1.759,True,8.0,7.0,2764.6452777777768,corner_T16,24.943015426886177,288.6157933534123,SOFT,12.0,6.0,0.4849623071277287,11492.9588373183,29185.539759078038,400.0,False,1,False,CLOSE_INTERACTION_NO_PASS,0.0,,False,0.0,178.83059006211178,14.169409937888219,2.6798260000000003,True,2.6798260000000003,-1.3077464917731663,11,True,3.0,corner,0.7933575006016306,3484.7408333333333,19,431.47976220214423,0,monaco_2026_R|ALB|LIN,monaco_2026_R|L74|monaco_2026_R|ALB|LIN,,True,v4_t0_anchored_30s_horizon
monaco_2026_R_01092,monaco_2026_R,2026,Monaco Grand Prix,COL,RUS,63,2026-06-07 15:22:06.151,2026-06-07 15:22:13.352,7.201,7.201,2026-06-07 15:22:36.151,30.0,74,29,93.47944444444329,1.8800335195530493,47.47444444444227,179.0,65.0,114.0,68.80487804878047,1.6400000000000001,True,15.0,14.0,2743.888611111112,corner_T15,11.362320336163066,309.37246002007714,SOFT,6.0,6.0,0.9386215052851166,10834.440908618377,29493.062111720952,400.0,False,1,False,CLOSE_INTERACTION_NO_PASS,0.0,,False,0.0,178.18653395784585,0.8134660421541469,3.023628,True,3.023628,28.28118825240734,9,True,3.0,corner,0.7874010557297145,3484.7408333333333,19,431.47976220214423,0,monaco_2026_R|COL|RUS,monaco_2026_R|L74|monaco_2026_R|COL|RUS,,True,v4_t0_anchored_30s_horizon
monaco_2026_R_01093,monaco_2026_R,2026,Monaco Grand Prix,HAM,ANT,12,2026-06-07 15:22:07.872,2026-06-07 15:22:23.232,15.36,15.36,2026-06-07 15:22:37.872,30.0,75,59,89.61999999999989,1.5006139534883702,29.211944444444043,215.0,85.0,130.0,73.37710633352759,1.721,True,2.0,1.0,992.8155555555556,straight_03,151.44488823169604,497.8428638742471,SOFT,11.0,6.0,0.040338624265862225,2537.8543034664767,46387.949601941196,400.0,False,1,False,CLOSE_INTERACTION_NO_PASS,0.0,,False,0.0,215.3043084877208,-0.3043084877207889,2.396649,True,2.396649,12.588081424156346,11,True,3.0,straight,0.28490369959761874,3484.7408333333333,19,431.47976220214423,0,monaco_2026_R|ANT|HAM,monaco_2026_R|L75|monaco_2026_R|ANT|HAM,,False,v4_t0_anchored_30s_horizon
monaco_2026_R_01094,monaco_2026_R,2026,Monaco Grand Prix,LIN,LAW,30,2026-06-07 15:22:09.312,2026-06-07 15:22:13.071,3.759,3.759,2026-06-07 15:22:39.312,30.0,75,15,95.12583333333332,1.2922754716981129,56.199166666666656,265.0,117.0,148.0,103.31467391305047,1.8399999999999999,True,7.0,6.0,71.63027777777778,straight_01,151.6221472593141,211.6221472593141,SOFT,7.0,5.0,0.6395893160414299,15846.175645688383,56526.824010024306,400.0,False,1,False,CLOSE_INTERACTION_NO_PASS,0.0,,False,0.0,261.74976377952754,3.250236220472459,2.033744,True,2.033744,66.97364344755844,12,True,3.0,straight,0.020555410345755826,3484.7408333333333,19,431.47976220214423,0,monaco_2026_R|LAW|LIN,monaco_2026_R|L75|monaco_2026_R|LAW|LIN,,False,v4_t0_anchored_30s_horizon
monaco_2026_R_01095,monaco_2026_R,2026,Monaco Grand Prix,PER,OCO,31,2026-06-07 15:22:14.872,2026-06-07 15:22:20.472,5.6,5.6,2026-06-07 15:22:44.872,30.0,75,22,94.93611111111109,1.2800374531835201,45.213888888888846,267.0,153.0,114.0,35.70072182121422,1.8010000000000002,True,11.0,10.0,42.397499999999994,straight_01,180.8549250370919,240.8549250370919,SOFT,7.0,7.0,0.9052276773963749,15293.478187216131,63836.629924024186,400.0,False,1,False,CLOSE_INTERACTION_NO_PASS,0.0,,False,0.0,268.119713185781,-1.119713185780995,1.64368,True,1.64368,24.314366117326564,11,True,3.0,straight,0.012166614973040796,3484.7408333333333,19,431.47976220214423,0,monaco_2026_R|OCO|PER,monaco_2026_R|L75|monaco_2026_R|OCO|PER,,False,v4_t0_anchored_30s_horizon
monaco_2026_R_01096,monaco_2026_R,2026,Monaco Grand Prix,ALO,PER,11,2026-06-07 15:22:16.072,2026-06-07 15:22:22.952,6.88,6.88,2026-06-07 15:22:46.072,30.0,75,26,91.36166666666666,1.245840909090909,38.96611111111105,264.0,194.0,70.0,38.93299999999811,2.0,True,12.0,11.0,28.619166666666665,straight_01,194.6332583704252,254.6332583704252,SOFT,15.0,7.0,0.32097121782873245,15032.974383123117,67281.97279395921,400.0,False,1,False,CLOSE_INTERACTION_NO_PASS,0.0,,False,0.0,265.60668539325843,-1.6066853932584308,1.385775,True,1.385775,-9.991909260837005,12,True,3.0,straight,0.00821271022307015,3484.7408333333333,19,431.47976220214423,0,monaco_2026_R|ALO|PER,monaco_2026_R|L75|monaco_2026_R|ALO|PER,,False,v4_t0_anchored_30s_horizon
monaco_2026_R_01097,monaco_2026_R,2026,Monaco Grand Prix,LAW,PIA,81,2026-06-07 15:22:18.591,2026-06-07 15:22:22.752,4.161,4.161,2026-06-07 15:22:48.591,30.0,75,15,98.8341666666663,1.9442786885245833,88.88777777777739,183.0,147.0,36.0,72.26163081540774,1.999,True,6.0,5.0,686.0352777777779,brake_T3,102.25498025370632,289.06243057573226,SOFT,13.0,5.0,0.9142112506650024,6034.907112607409,42131.540132016285,400.0000000000001,False,1,False,CLOSE_INTERACTION_NO_PASS,0.0,,False,0.0,177.50411764705868,5.495882352941322,2.299164,True,2.299164,79.5896234620886,13,True,3.0,brake,0.1968683786224498,3484.7408333333333,19,431.47976220214423,0,monaco_2026_R|LAW|PIA,monaco_2026_R|L75|monaco_2026_R|LAW|PIA,,False,v4_t0_anchored_30s_horizon
monaco_2026_R_01098,monaco_2026_R,2026,Monaco Grand Prix,OCO,HUL,27,2026-06-07 15:22:22.952,2026-06-07 15:22:50.792,27.84,27.84,2026-06-07 15:22:52.952,30.0,75,105,99.18916666666655,1.3629045801526702,25.64305555555643,262.0,200.0,62.0,14.488372093023246,1.72,True,10.0,9.0,559.1166666666664,brake_T2,65.48389439139817,415.9810416868437,SOFT,8.0,6.0,0.9145268986352236,7143.116938142633,77251.41144061617,400.0,False,1,False,CLOSE_INTERACTION_NO_PASS,0.0,,False,0.0,273.13127272727274,-11.131272727272744,1.506872,True,1.506872,-6.429488349463044,13,True,3.0,brake,0.16044713033417832,3484.7408333333333,19,431.47976220214423,0,monaco_2026_R|HUL|OCO,monaco_2026_R|L75|monaco_2026_R|HUL|OCO,,False,v4_t0_anchored_30s_horizon
monaco_2026_R_01099,monaco_2026_R,2026,Monaco Grand Prix,HAD,GAS,10,2026-06-07 15:22:23.232,2026-06-07 15:22:37.632,14.4,14.4,2026-06-07 15:22:53.232,30.0,75,52,97.32583333333298,1.796784615384609,53.770277777777665,195.0,73.0,122.0,101.76000000000056,2.0,True,4.0,3.0,1016.8847222222226,straight_03,127.37572156502904,473.7736972075801,SOFT,11.0,5.0,0.008926182039926392,2153.777997624236,43195.74402730311,399.9999999999999,False,1,False,CLOSE_INTERACTION_NO_PASS,0.0,,False,0.0,209.00081632653007,-14.000816326530071,3.16251,True,3.16251,69.84864566960523,13,True,3.0,straight,0.2918107173122313,3484.7408333333333,19,431.47976220214423,0,monaco_2026_R|GAS|HAD,monaco_2026_R|L75|monaco_2026_R|GAS|HAD,,False,v4_t0_anchored_30s_horizon
monaco_2026_R_01100,monaco_2026_R,2026,Monaco Grand Prix,ALB,LIN,41,2026-06-07 15:22:30.672,2026-06-07 15:22:45.711,15.039,15.039,2026-06-07 15:23:00.672,30.0,75,56,88.67361111111165,1.5648284313725587,50.27527777777891,204.0,79.0,125.0,101.69999999999959,1.6,True,8.0,7.0,1008.4877777777776,straight_03,135.77266600947405,482.1706416520251,SOFT,13.0,6.0,0.46720209149337427,2252.975651963238,44462.73203500734,400.0,False,1,False,CLOSE_INTERACTION_NO_PASS,0.0,,False,0.0,206.07634422110561,-2.0763442211056145,2.657733,True,2.657733,52.9531688326354,10,True,3.0,straight,0.2894010849045286,3484.7408333333333,19,431.47976220214423,0,monaco_2026_R|ALB|LIN,monaco_2026_R|L75|monaco_2026_R|ALB|LIN,,False,v4_t0_anchored_30s_horizon
monaco_2026_R_01101,monaco_2026_R,2026,Monaco Grand Prix,COL,RUS,63,2026-06-07 15:22:38.591,2026-06-07 15:22:55.672,17.081,17.081,2026-06-07 15:23:08.591,30.0,75,69,88.46027777777851,1.561063725490209,23.14833333333354,204.0,93.0,111.0,37.758728504429065,1.919,True,15.0,14.0,974.7666666666668,corner_T4,169.49377712058492,0.33104168684337765,SOFT,7.0,6.0,0.9195162195083569,3003.9762728645296,47964.14021727356,400.0000000000001,False,1,False,CLOSE_INTERACTION_NO_PASS,0.0,,False,0.0,199.5120975609755,4.487902439024509,2.193395,True,2.193395,-6.863221629918845,11,True,3.0,corner,0.2797242932221885,3484.7408333333333,19,431.47976220214423,0,monaco_2026_R|COL|RUS,monaco_2026_R|L75|monaco_2026_R|COL|RUS,,False,v4_t0_anchored_30s_horizon
monaco_2026_R_01102,monaco_2026_R,2026,Monaco Grand Prix,LAW,PIA,81,2026-06-07 15:22:50.312,2026-06-07 15:22:55.672,5.36,5.36,2026-06-07 15:23:20.312,30.0,75,22,92.98361111111171,1.2490335820895604,37.895833333334394,268.0,98.0,170.0,137.1590909090916,1.76,True,6.0,5.0,1934.533888888889,straight_05,164.01325801658254,272.91099790814565,SOFT,13.0,5.0,0.8352410161097306,9330.910442006541,71221.4611852203,400.0000000000002,False,1,False,CLOSE_INTERACTION_NO_PASS,0.0,,False,0.0,248.64064908121003,19.35935091878997,2.193771,True,2.193771,92.94978685118315,13,True,3.0,straight,0.5551442650724783,3484.7408333333333,19,431.47976220214423,0,monaco_2026_R|LAW|PIA,monaco_2026_R|L75|monaco_2026_R|LAW|PIA,,True,v4_t0_anchored_30s_horizon
monaco_2026_R_01103,monaco_2026_R,2026,Monaco Grand Prix,HAM,ANT,12,2026-06-07 15:22:50.312,2026-06-07 15:22:56.952,6.64,6.64,2026-06-07 15:23:20.312,30.0,75,28,99.12055555555708,1.9288324324324622,55.78333333333512,185.0,68.0,117.0,53.659090909091404,1.76,True,2.0,1.0,2741.2811111111087,corner_T15,13.969820336166322,311.9799600200804,SOFT,11.0,6.0,0.08125963948416583,10754.64812306119,29492.723376732047,400.0,False,1,False,CLOSE_INTERACTION_NO_PASS,0.0,,False,0.0,185.9561184210514,-0.9561184210514,2.827836,True,2.827836,6.710728133497961,13,True,3.0,corner,0.7866527934844821,3484.7408333333333,19,431.47976220214423,0,monaco_2026_R|ANT|HAM,monaco_2026_R|L75|monaco_2026_R|ANT|HAM,,True,v4_t0_anchored_30s_horizon
monaco_2026_R_01104,monaco_2026_R,2026,Monaco Grand Prix,LIN,LAW,30,2026-06-07 15:22:52.431,2026-06-07 15:22:57.952,5.521,5.521,2026-06-07 15:23:22.431,30.0,75,24,97.97055555555494,1.3359621212121129,38.71805555555511,264.0,105.0,159.0,115.91517128874351,1.839,True,7.0,6.0,1934.751666666667,straight_05,163.79548023880443,272.69322013036754,SOFT,7.0,5.0,0.5824193151293438,9325.072110179144,71198.50623917622,400.0,False,1,False,CLOSE_INTERACTION_NO_PASS,0.0,,False,0.0,267.6602510460246,-3.660251046024598,2.115719,True,2.115719,74.56274780331223,13,True,3.0,straight,0.5552067597566439,3484.7408333333333,19,431.47976220214423,0,monaco_2026_R|LAW|LIN,monaco_2026_R|L75|monaco_2026_R|LAW|LIN,,False,v4_t0_anchored_30s_horizon
monaco_2026_R_01105,monaco_2026_R,2026,Monaco Grand Prix,OCO,HUL,27,2026-06-07 15:22:56.952,2026-06-07 15:23:03.432,6.48,6.48,2026-06-07 15:23:26.952,30.0,75,28,95.97500000000127,1.2473285198556123,37.77861111111315,277.0,139.0,138.0,71.65116279069723,1.72,True,10.0,9.0,1912.7938888888875,straight_05,185.7532580165839,294.650997908147,SOFT,8.0,6.0,0.8651540351641797,9913.730852897408,73512.97380918302,400.0,False,1,False,CLOSE_INTERACTION_NO_PASS,0.0,,False,0.0,283.0,-6.0,1.710455,True,1.710455,28.53857989146068,14,True,3.0,straight,0.5489056375705283,3484.7408333333333,19,431.47976220214423,0,monaco_2026_R|HUL|OCO,monaco_2026_R|L75|monaco_2026_R|HUL|OCO,,False,v4_t0_anchored_30s_horizon
monaco_2026_R_01106,monaco_2026_R,2026,Monaco Grand Prix,PER,OCO,31,2026-06-07 15:22:58.351,2026-06-07 15:23:26.792,28.441,28.441,2026-06-07 15:23:28.351,30.0,75,111,94.75999999999908,1.2315379061371723,24.3627777777765,277.0,157.0,120.0,41.28914457228609,1.999,True,11.0,10.0,1900.0247222222222,straight_05,198.52242468324926,307.42016457481236,SOFT,7.0,7.0,0.870840687947398,10256.055184240531,74858.91247588716,400.0000000000002,False,1,False,CLOSE_INTERACTION_NO_PASS,0.0,,False,0.0,277.0,0.0,1.564953,True,1.564953,17.69352786066843,14,True,3.0,straight,0.545241328723075,3484.7408333333333,19,431.47976220214423,0,monaco_2026_R|OCO|PER,monaco_2026_R|L75|monaco_2026_R|OCO|PER,,False,v4_t0_anchored_30s_horizon
monaco_2026_R_01107,monaco_2026_R,2026,Monaco Grand Prix,ALO,PER,11,2026-06-07 15:23:00.232,2026-06-07 15:23:10.672,10.44,10.44,2026-06-07 15:23:30.232,30.0,75,36,97.25638888888761,1.2778211678831948,35.400833333332685,274.0,147.0,127.0,64.52950558213766,1.881,True,12.0,11.0,1910.3658333333346,straight_05,188.1813135721368,297.0790534636999,SOFT,15.0,7.0,0.2851448598085961,9978.82378466158,73768.90389001246,400.0,False,1,False,CLOSE_INTERACTION_NO_PASS,0.0,,False,0.0,272.18905075187905,1.8109492481209486,1.741045,True,1.741045,36.76541821619395,13,True,3.0,straight,0.5482088696696482,3484.7408333333333,19,431.47976220214423,0,monaco_2026_R|ALO|PER,monaco_2026_R|L75|monaco_2026_R|ALO|PER,,False,v4_t0_anchored_30s_horizon
monaco_2026_R_01108,monaco_2026_R,2026,Monaco Grand Prix,HAD,GAS,10,2026-06-07 15:23:06.712,2026-06-07 15:23:12.352,5.64,5.64,2026-06-07 15:23:36.712,30.0,75,23,96.76138888889045,1.9569719101123912,71.36138888889081,178.0,57.0,121.0,85.8085000000001,2.0,True,4.0,3.0,2777.3502777777776,brake_T17,12.23801542688534,275.91079335341146,SOFT,11.0,5.0,0.0456364429927043,11956.234114665804,28386.87335651627,400.0,False,1,False,CLOSE_INTERACTION_NO_PASS,0.0,,False,0.0,189.68527336860677,-11.685273368606772,3.444465,True,3.444465,62.62462298104056,11,True,3.0,brake,0.7970033958367858,3484.7408333333333,19,431.47976220214423,0,monaco_2026_R|GAS|HAD,monaco_2026_R|L75|monaco_2026_R|GAS|HAD,,True,v4_t0_anchored_30s_horizon
monaco_2026_R_01109,monaco_2026_R,2026,Monaco Grand Prix,ALB,LIN,41,2026-06-07 15:23:14.072,2026-06-07 15:23:20.832,6.76,6.76,2026-06-07 15:23:44.072,30.0,75,29,94.66000000000258,1.8126382978723898,55.34888888889236,188.0,68.0,120.0,65.62790697674478,1.72,True,8.0,7.0,2758.161666666665,corner_T16,31.42662653799789,295.099404464524,SOFT,13.0,6.0,0.4756110584433872,11278.445346812805,29398.798398231935,400.0,False,1,False,CLOSE_INTERACTION_NO_PASS,0.0,,False,0.0,181.70788288288193,6.292117117118067,2.678021,True,2.678021,3.2866369673208147,11,True,3.0,corner,0.791496928633382,3484.7408333333333,19,431.47976220214423,0,monaco_2026_R|ALB|LIN,monaco_2026_R|L75|monaco_2026_R|ALB|LIN,,True,v4_t0_anchored_30s_horizon
monaco_2026_R_01110,monaco_2026_R,2026,Monaco Grand Prix,HAM,ANT,12,2026-06-07 15:23:23.312,2026-06-07 15:23:36.632,13.32,13.32,2026-06-07 15:23:53.312,30.0,76,49,93.57805555555615,1.8612209944751499,47.819722222222936,181.0,90.0,91.0,115.56097560975621,1.6400000000000001,True,2.0,1.0,1026.5266666666664,brake_T5,117.73377712058527,464.1317527631363,SOFT,12.0,6.0,0.07040118676466638,2095.777262660931,41592.533332149265,400.0,False,1,False,CLOSE_INTERACTION_NO_PASS,0.0,,False,0.0,177.46149659864082,3.538503401359179,3.420768,True,3.420768,97.83638783142987,11,True,3.0,brake,0.2945776216260941,3484.7408333333333,19,431.47976220214423,0,monaco_2026_R|ANT|HAM,monaco_2026_R|L76|monaco_2026_R|ANT|HAM,,False,v4_t0_anchored_30s_horizon
monaco_2026_R_01111,monaco_2026_R,2026,Monaco Grand Prix,OCO,HUL,27,2026-06-07 15:23:30.632,2026-06-07 15:23:34.192,3.56,3.56,2026-06-07 15:24:00.632,30.0,76,14,90.0461111111111,1.2279015151515151,58.59333333333336,264.0,115.0,149.0,108.41944444444775,1.8,True,10.0,9.0,75.84055555555555,straight_01,147.4118694815363,207.4118694815363,SOFT,9.0,6.0,0.8949117021203352,15925.778406839905,55474.02247219104,400.0,False,1,False,CLOSE_INTERACTION_NO_PASS,0.0,,False,0.0,266.03203125,-2.0320312499999886,1.90032,True,1.90032,67.96396017615159,11,True,3.0,straight,0.02176361433541965,3484.7408333333333,19,431.47976220214423,0,monaco_2026_R|HUL|OCO,monaco_2026_R|L76|monaco_2026_R|HUL|OCO,,False,v4_t0_anchored_30s_horizon
monaco_2026_R_01112,monaco_2026_R,2026,Monaco Grand Prix,PER,OCO,31,2026-06-07 15:23:32.872,2026-06-07 15:23:36.072,3.2,3.2,2026-06-07 15:24:02.872,30.0,76,12,92.29805555555555,1.3730289256198347,65.8425,242.0,106.0,136.0,99.8701219512211,1.6400000000000001,True,11.0,10.0,81.11972222222221,straight_01,142.13270281486967,202.13270281486967,SOFT,8.0,7.0,0.9303256644478738,16025.59040629129,54153.93978917191,400.0,False,1,False,CLOSE_INTERACTION_NO_PASS,0.0,,False,0.0,258.27560240963857,-16.275602409638566,2.163674,True,2.163674,79.65715636188801,11,True,3.0,straight,0.023278552438181475,3484.7408333333333,19,431.47976220214423,0,monaco_2026_R|OCO|PER,monaco_2026_R|L76|monaco_2026_R|OCO|PER,,False,v4_t0_anchored_30s_horizon
monaco_2026_R_01113,monaco_2026_R,2026,Monaco Grand Prix,ALO,PER,11,2026-06-07 15:23:34.632,2026-06-07 15:23:38.352,3.72,3.72,2026-06-07 15:24:04.632,30.0,76,15,95.70611111111111,1.3001584905660377,58.17277777777781,265.0,119.0,146.0,115.27954545453532,1.76,True,12.0,11.0,65.44166666666666,straight_01,157.81075837042522,217.81075837042522,SOFT,16.0,7.0,0.2595507468903161,15729.168987662733,58074.317937674045,400.0,False,1,False,CLOSE_INTERACTION_NO_PASS,0.0,,False,0.0,248.08879372613765,16.911206273862348,1.993227,True,1.993227,46.22362071399932,11,True,3.0,straight,0.018779493166517166,3484.7408333333333,19,431.47976220214423,0,monaco_2026_R|ALO|PER,monaco_2026_R|L76|monaco_2026_R|ALO|PER,,False,v4_t0_anchored_30s_horizon
monaco_2026_R_01114,monaco_2026_R,2026,Monaco Grand Prix,LAW,PIA,81,2026-06-07 15:23:34.632,2026-06-07 15:23:38.792,4.16,4.16,2026-06-07 15:24:04.632,30.0,76,16,96.6530555555554,1.8808162162162132,85.33083333333343,185.0,154.0,31.0,63.977272727272606,1.76,True,6.0,5.0,690.2641666666666,brake_T3,98.0260913648176,284.83354168684355,SOFT,14.0,5.0,0.8793473289307364,6028.594208659561,42382.66338516647,400.0,False,1,False,CLOSE_INTERACTION_NO_PASS,0.0,,False,0.0,184.0692329013013,0.9307670986987091,2.185319,True,2.185319,78.29201939307153,11,True,3.0,brake,0.1980819233568063,3484.7408333333333,19,431.47976220214423,0,monaco_2026_R|LAW|PIA,monaco_2026_R|L76|monaco_2026_R|LAW|PIA,,False,v4_t0_anchored_30s_horizon
monaco_2026_R_01115,monaco_2026_R,2026,Monaco Grand Prix,LIN,LAW,30,2026-06-07 15:23:36.632,2026-06-07 15:23:41.312,4.68,4.68,2026-06-07 15:24:06.632,30.0,76,18,98.58527777777738,1.7657064676616845,81.05194444444419,201.0,150.0,51.0,80.46000000000049,2.0,True,7.0,6.0,678.3888888888888,corner_T2,109.9013691425954,296.70881946462134,SOFT,8.0,5.0,0.6121310703754264,6016.770290941787,45323.8866097329,399.9999999999999,False,1,False,CLOSE_INTERACTION_NO_PASS,0.0,,False,0.0,193.92834152334152,7.0716584766584845,2.231086,True,2.231086,80.44938436682487,11,True,3.0,corner,0.19467412967981754,3484.7408333333333,19,431.47976220214423,0,monaco_2026_R|LAW|LIN,monaco_2026_R|L76|monaco_2026_R|LAW|LIN,,False,v4_t0_anchored_30s_horizon
monaco_2026_R_01116,monaco_2026_R,2026,Monaco Grand Prix,HAD,GAS,10,2026-06-07 15:23:39.072,2026-06-07 15:23:53.952,14.88,14.88,2026-06-07 15:24:09.072,30.0,76,58,98.54138888888929,1.8476510416666743,44.39694444444467,192.0,73.0,119.0,96.72916666666616,1.92,True,4.0,3.0,1011.8483333333334,straight_03,132.41211045391833,478.8100860964694,SOFT,12.0,5.0,0.00995009811216897,2213.2755883755176,43955.66858874033,400.0,False,1,False,CLOSE_INTERACTION_NO_PASS,0.0,,False,0.0,216.28729576874736,-24.287295768747356,3.034843,True,3.034843,55.77777898911978,13,True,3.0,straight,0.2903654480282967,3484.7408333333333,19,431.47976220214423,0,monaco_2026_R|GAS|HAD,monaco_2026_R|L76|monaco_2026_R|GAS|HAD,,False,v4_t0_anchored_30s_horizon
monaco_2026_R_01117,monaco_2026_R,2026,Monaco Grand Prix,COL,RUS,63,2026-06-07 15:23:46.472,2026-06-07 15:27:26.753,220.281,220.281,2026-06-07 15:24:16.472,30.0,76,782,97.74388888888916,1.3481915708812298,10.240833333331011,261.0,204.0,57.0,20.749999999999652,1.76,True,15.0,14.0,554.8911111111111,brake_T2,69.70944994695355,420.2065972423991,SOFT,8.0,6.0,0.9051548244525242,7188.8301134568965,77963.1659444784,400.0,False,1,False,CLOSE_INTERACTION_NO_PASS,0.0,,False,0.0,266.7493913857678,-5.749391385767808,1.520194,True,1.520194,1.3946169772420267,11,True,3.0,brake,0.15923454215111005,3484.7408333333333,19,431.47976220214423,0,monaco_2026_R|COL|RUS,monaco_2026_R|L76|monaco_2026_R|COL|RUS,,False,v4_t0_anchored_30s_horizon
monaco_2026_R_01118,monaco_2026_R,2026,Monaco Grand Prix,ALB,LIN,41,2026-06-07 15:23:47.352,2026-06-07 15:24:01.392,14.04,14.04,2026-06-07 15:24:17.352,30.0,76,52,94.26527777777801,1.7053015075376927,52.28138888888907,199.0,75.0,124.0,105.79591836734699,1.96,True,8.0,7.0,1018.0336111111112,straight_03,126.22683267614048,472.6248083186915,SOFT,14.0,6.0,0.43863509627748287,2140.2055506909633,43022.39186878437,400.0,False,1,False,CLOSE_INTERACTION_NO_PASS,0.0,,False,0.0,200.73404761904757,-1.7340476190475727,3.100523,True,3.100523,77.17456404748371,12,True,3.0,straight,0.29214040865624713,3484.7408333333333,19,431.47976220214423,0,monaco_2026_R|ALB|LIN,monaco_2026_R|L76|monaco_2026_R|ALB|LIN,,False,v4_t0_anchored_30s_horizon
monaco_2026_R_01119,monaco_2026_R,2026,Monaco Grand Prix,HAM,ANT,12,2026-06-07 15:24:05.832,2026-06-07 15:24:09.152,3.32,3.32,2026-06-07 15:24:35.832,30.0,76,12,97.92805555555515,1.8079025641025566,85.02805555555551,195.0,94.0,101.0,97.75597826086953,1.8399999999999999,True,2.0,1.0,2786.732222222222,brake_T17,2.856070982440997,266.5288489089671,SOFT,12.0,6.0,0.09675514155931675,12483.894529398272,26151.04736629621,400.0,False,1,False,CLOSE_INTERACTION_NO_PASS,0.0,,False,0.0,179.8131578947345,15.186842105265498,4.058754,True,4.058754,83.57216040243041,10,True,3.0,brake,0.7996956891501655,3484.7408333333333,19,431.47976220214423,0,monaco_2026_R|ANT|HAM,monaco_2026_R|L76|monaco_2026_R|ANT|HAM,,True,v4_t0_anchored_30s_horizon
monaco_2026_R_01120,monaco_2026_R,2026,Monaco Grand Prix,LAW,PIA,81,2026-06-07 15:24:06.112,2026-06-07 15:24:11.673,5.561,5.561,2026-06-07 15:24:36.112,30.0,76,20,92.55611111110875,1.23408148148145,37.31166666666468,270.0,105.0,165.0,121.66489361702114,1.88,True,6.0,5.0,1937.2763888888883,straight_05,161.27075801658316,270.16849790814626,SOFT,14.0,5.0,0.8244612892441247,9257.387673981346,70932.38697311284,400.0000000000002,False,1,False,CLOSE_INTERACTION_NO_PASS,0.0,,False,0.0,254.2661284722198,15.733871527780195,2.081404,True,2.081404,77.44892731784955,11,True,3.0,straight,0.5559312676448837,3484.7408333333333,19,431.47976220214423,0,monaco_2026_R|LAW|PIA,monaco_2026_R|L76|monaco_2026_R|LAW|PIA,,True,v4_t0_anchored_30s_horizon
monaco_2026_R_01121,monaco_2026_R,2026,Monaco Grand Prix,LIN,LAW,30,2026-06-07 15:24:08.792,2026-06-07 15:24:13.592,4.8,4.8,2026-06-07 15:24:38.792,30.0,76,19,89.21805555555466,1.2796215139442104,43.04027777777628,251.0,85.0,166.0,145.68000000000012,2.0,True,7.0,6.0,1961.1016666666674,straight_05,137.44548023880407,246.34322013036717,SOFT,8.0,5.0,0.5679838813958092,8618.663746472903,68421.07488492523,400.0,False,1,False,CLOSE_INTERACTION_NO_PASS,0.0,,False,0.0,251.89993243242904,-0.8999324324290399,2.341211,True,2.341211,113.06181361780492,11,True,3.0,straight,0.5627682976902397,3484.7408333333333,19,431.47976220214423,0,monaco_2026_R|LAW|LIN,monaco_2026_R|L76|monaco_2026_R|LAW|LIN,,True,v4_t0_anchored_30s_horizon
monaco_2026_R_01122,monaco_2026_R,2026,Monaco Grand Prix,OCO,HUL,27,2026-06-07 15:24:14.152,2026-06-07 15:24:19.592,5.44,5.44,2026-06-07 15:24:44.152,30.0,76,23,91.31750000000011,1.3149720000000016,43.06194444444418,250.0,102.0,148.0,107.93617021276577,1.88,True,10.0,9.0,1941.9897222222223,straight_05,156.5574246832491,265.4551645748122,SOFT,9.0,6.0,0.8788290667911917,9131.02949228865,70435.57635516072,400.0000000000002,False,1,False,CLOSE_INTERACTION_NO_PASS,0.0,,False,0.0,267.73055220641476,-17.730552206414757,1.968073,True,1.968073,70.96039703300781,12,True,3.0,straight,0.5572838311664657,3484.7408333333333,19,431.47976220214423,0,monaco_2026_R|HUL|OCO,monaco_2026_R|L76|monaco_2026_R|HUL|OCO,,False,v4_t0_anchored_30s_horizon
monaco_2026_R_01123,monaco_2026_R,2026,Monaco Grand Prix,PER,OCO,31,2026-06-07 15:24:16.432,2026-06-07 15:24:21.472,5.04,5.04,2026-06-07 15:24:46.432,30.0,76,20,93.84472222222394,1.4562112068965785,45.9788888888902,232.0,92.0,140.0,139.79999999999922,1.6,True,11.0,10.0,1942.0138888888875,straight_05,156.5332580165839,265.430997908147,SOFT,8.0,7.0,0.9109278919720678,9130.381616180292,70433.02905885242,400.0000000000002,False,1,False,CLOSE_INTERACTION_NO_PASS,0.0,,False,0.0,249.9632709251123,-17.96327092511231,2.279616,True,2.279616,102.3500252711781,12,True,3.0,straight,0.5572907661633051,3484.7408333333333,19,431.47976220214423,0,monaco_2026_R|OCO|PER,monaco_2026_R|L76|monaco_2026_R|OCO|PER,,False,v4_t0_anchored_30s_horizon
monaco_2026_R_01124,monaco_2026_R,2026,Monaco Grand Prix,ALO,PER,11,2026-06-07 15:24:18.553,2026-06-07 15:24:23.952,5.399,5.399,2026-06-07 15:24:48.553,30.0,76,24,89.41138888888668,1.1747481751824527,38.81249999999841,274.0,99.0,175.0,128.79551249362643,1.9609999999999999,True,12.0,11.0,1940.5044444444454,straight_05,158.042702461026,266.9404423525891,SOFT,16.0,7.0,0.19754437486211635,9170.847808973605,70592.13260069278,400.0000000000002,False,1,False,CLOSE_INTERACTION_NO_PASS,0.0,,False,0.0,233.7566810344801,40.243318965519904,2.144422,True,2.144422,101.50841708261696,12,True,3.0,straight,0.5568576078549444,3484.7408333333333,19,431.47976220214423,0,monaco_2026_R|ALO|PER,monaco_2026_R|L76|monaco_2026_R|ALO|PER,,False,v4_t0_anchored_30s_horizon
monaco_2026_R_01125,monaco_2026_R,2026,Monaco Grand Prix,HAD,GAS,10,2026-06-07 15:24:21.912,2026-06-07 15:24:28.992,7.08,7.08,2026-06-07 15:24:51.912,30.0,76,30,97.0472222222229,2.0430994152046926,46.06944444444571,171.0,69.0,102.0,49.938775510204046,1.96,True,4.0,3.0,2752.7966666666657,corner_T15,2.4542647806092646,300.46440446452334,SOFT,12.0,5.0,0.05381995027300163,11107.038633134178,29494.219338988365,400.0,False,1,False,CLOSE_INTERACTION_NO_PASS,0.0,,False,0.0,183.1513297872341,-12.15132978723409,2.953946,True,2.953946,15.630297810625448,12,True,3.0,corner,0.7899573593349479,3484.7408333333333,19,431.47976220214423,0,monaco_2026_R|GAS|HAD,monaco_2026_R|L76|monaco_2026_R|GAS|HAD,,True,v4_t0_anchored_30s_horizon
monaco_2026_R_01126,monaco_2026_R,2026,Monaco Grand Prix,ALB,LIN,41,2026-06-07 15:24:31.232,2026-06-07 15:24:35.392,4.16,4.16,2026-06-07 15:25:01.232,30.0,76,16,95.59972222221995,1.8704293478260428,78.82333333333145,184.0,60.0,124.0,98.73469387755088,1.96,True,8.0,7.0,2786.372222222224,brake_T17,3.2160709824388505,266.888848908965,SOFT,14.0,6.0,0.43122744355002385,12463.647367370464,26236.839534565872,400.0,False,1,False,CLOSE_INTERACTION_NO_PASS,0.0,,False,0.0,192.52054945055036,-8.520549450550362,3.475707,True,3.475707,74.79050774842604,11,True,3.0,brake,0.7995923816110354,3484.7408333333333,19,431.47976220214423,0,monaco_2026_R|ALB|LIN,monaco_2026_R|L76|monaco_2026_R|ALB|LIN,,True,v4_t0_anchored_30s_horizon
monaco_2026_R_01127,monaco_2026_R,2026,Monaco Grand Prix,LAW,PIA,81,2026-06-07 15:24:39.152,2026-06-07 15:24:42.272,3.12,3.12,2026-06-07 15:25:09.152,30.0,77,12,95.98083333333331,1.298988721804511,64.64749999999998,266.0,113.0,153.0,106.26333333332738,1.8,True,6.0,5.0,77.93861111111111,straight_01,145.31381392598075,205.31381392598075,SOFT,15.0,5.0,0.8418742036085183,15965.445864448762,54949.39292707957,400.0,False,1,False,CLOSE_INTERACTION_NO_PASS,0.0,,False,0.0,256.6340737951807,9.365926204819289,2.170477,True,2.170477,101.27759915023665,12,True,3.0,straight,0.02236568365876404,3484.7408333333333,19,431.47976220214423,0,monaco_2026_R|LAW|PIA,monaco_2026_R|L77|monaco_2026_R|LAW|PIA,,False,v4_t0_anchored_30s_horizon
monaco_2026_R_01128,monaco_2026_R,2026,Monaco Grand Prix,OCO,HUL,27,2026-06-07 15:24:47.632,2026-06-07 15:24:50.872,3.24,3.24,2026-06-07 15:25:17.632,30.0,77,11,96.30472222222225,1.3033721804511282,66.38250000000005,266.0,111.0,155.0,114.00000000000256,1.919,True,10.0,9.0,76.95,straight_01,146.3024250370919,206.3024250370919,SOFT,10.0,6.0,0.8965094730907189,15946.754419773806,55196.60020247368,400.0,False,1,False,CLOSE_INTERACTION_NO_PASS,0.0,,False,0.0,267.34499110847656,-1.3449911084765631,2.149518,True,2.149518,104.68929804796926,12,True,3.0,straight,0.02208198648919133,3484.7408333333333,19,431.47976220214423,0,monaco_2026_R|HUL|OCO,monaco_2026_R|L77|monaco_2026_R|HUL|OCO,,False,v4_t0_anchored_30s_horizon
monaco_2026_R_01129,monaco_2026_R,2026,Monaco Grand Prix,ALO,PER,11,2026-06-07 15:24:51.953,2026-06-07 15:24:55.672,3.719,3.719,2026-06-07 15:25:21.953,30.0,77,15,96.67111111111112,1.3132679245283019,57.5647222222222,265.0,111.0,154.0,128.67210606833018,1.9609999999999999,True,12.0,11.0,68.78388888888888,straight_01,154.468536148203,214.468536148203,SOFT,17.0,7.0,0.1808309356487907,15792.359620517198,57238.57814066872,400.0,False,1,False,CLOSE_INTERACTION_NO_PASS,0.0,,False,0.0,260.6454861111111,4.354513888888903,2.208745,True,2.208745,85.44138548536428,11,True,3.0,straight,0.019738595258199893,3484.7408333333333,19,431.47976220214423,0,monaco_2026_R|ALO|PER,monaco_2026_R|L77|monaco_2026_R|ALO|PER,,False,v4_t0_anchored_30s_horizon
monaco_2026_R_01130,monaco_2026_R,2026,Monaco Grand Prix,LIN,LAW,30,2026-06-07 15:24:52.553,2026-06-07 15:24:57.192,4.639,4.639,2026-06-07 15:25:22.553,30.0,77,19,98.43611111111136,1.7718500000000044,79.7136111111115,200.0,143.0,57.0,89.03093396787625,1.681,True,7.0,6.0,684.9755555555556,brake_T3,103.31470247592858,290.1221527979545,SOFT,9.0,5.0,0.5973119677080285,6036.489070605374,42068.61086173462,400.0000000000001,False,1,False,CLOSE_INTERACTION_NO_PASS,0.0,,False,0.0,190.89563636363644,9.104363636363558,2.26384,True,2.26384,90.28856338425494,10,True,3.0,brake,0.19656427502539447,3484.7408333333333,19,431.47976220214423,0,monaco_2026_R|LAW|LIN,monaco_2026_R|L77|monaco_2026_R|LAW|LIN,,False,v4_t0_anchored_30s_horizon
monaco_2026_R_01131,monaco_2026_R,2026,Monaco Grand Prix,HAD,GAS,10,2026-06-07 15:24:55.152,2026-06-07 15:25:09.232,14.08,14.08,2026-06-07 15:25:25.152,30.0,77,52,97.12499999999977,1.8598404255319105,52.57472222222236,188.0,76.0,112.0,109.3541666666664,1.92,True,4.0,3.0,1025.2444444444448,brake_T5,119.01599934280694,465.413974985358,SOFT,13.0,5.0,0.014718808479797814,2079.294089439194,41869.95026386724,400.0,False,1,False,CLOSE_INTERACTION_NO_PASS,0.0,,False,0.0,202.3731578947359,-14.373157894735897,3.322731,True,3.322731,87.12416936477194,12,True,3.0,brake,0.2942096682305484,3484.7408333333333,19,431.47976220214423,0,monaco_2026_R|GAS|HAD,monaco_2026_R|L77|monaco_2026_R|GAS|HAD,,False,v4_t0_anchored_30s_horizon
monaco_2026_R_01132,monaco_2026_R,2026,Monaco Grand Prix,PER,OCO,31,2026-06-07 15:25:08.192,2026-06-07 15:25:24.513,16.321,16.321,2026-06-07 15:25:38.192,30.0,77,65,98.46611111111088,1.7042211538461498,39.814166666667234,208.0,92.0,116.0,54.738095238096044,1.6800000000000002,True,11.0,10.0,976.7036111111111,straight_03,167.55683267614063,513.9548083186917,SOFT,9.0,7.0,0.9312828025504815,2950.460634810975,47839.53074575376,400.0,False,1,False,CLOSE_INTERACTION_NO_PASS,0.0,,False,0.0,199.27095588235287,8.729044117647135,2.428514,True,2.428514,-0.4374916187080562,10,True,3.0,straight,0.28028012923326756,3484.7408333333333,19,431.47976220214423,0,monaco_2026_R|OCO|PER,monaco_2026_R|L77|monaco_2026_R|OCO|PER,,False,v4_t0_anchored_30s_horizon
monaco_2026_R_01133,monaco_2026_R,2026,Monaco Grand Prix,ALB,LIN,41,2026-06-07 15:25:08.472,2026-06-07 15:25:12.912,4.44,4.44,2026-06-07 15:25:38.472,30.0,77,19,96.91333333333341,2.9819487179487205,72.85777777777776,117.0,48.0,69.0,32.653061224489896,1.96,True,8.0,7.0,1140.3369444444443,brake_T5,3.9234993428074176,350.32147498535846,SOFT,15.0,6.0,0.45459425633830697,7212.137403794977,16968.955989700236,400.0,False,1,False,CLOSE_INTERACTION_NO_PASS,0.0,,False,0.0,94.83434343434345,22.165656565656548,4.163969,True,4.163969,22.646260567186307,9,True,3.0,brake,0.3272372319733326,3484.7408333333333,19,431.47976220214423,0,monaco_2026_R|ALB|LIN,monaco_2026_R|L77|monaco_2026_R|ALB|LIN,,False,v4_t0_anchored_30s_horizon
monaco_2026_R_01134,monaco_2026_R,2026,Monaco Grand Prix,LAW,PIA,81,2026-06-07 15:25:21.992,2026-06-07 15:25:27.272,5.28,5.28,2026-06-07 15:25:51.992,30.0,77,20,93.19916666666631,1.2519291044776073,37.121666666666215,268.0,103.0,165.0,116.81999999999975,2.0,True,6.0,5.0,1935.9499999999996,straight_05,162.59714690547185,271.49488679703495,SOFT,15.0,5.0,0.8204455244026584,9292.94639142491,71072.19547739858,400.0000000000002,False,1,False,CLOSE_INTERACTION_NO_PASS,0.0,,False,0.0,264.96887112403056,3.0311288759694435,2.089201,True,2.089201,74.6211579592588,12,True,3.0,straight,0.5555506399447686,3484.7408333333333,19,431.47976220214423,0,monaco_2026_R|LAW|PIA,monaco_2026_R|L77|monaco_2026_R|LAW|PIA,,False,v4_t0_anchored_30s_horizon
monaco_2026_R_01135,monaco_2026_R,2026,Monaco Grand Prix,LIN,LAW,30,2026-06-07 15:25:24.993,2026-06-07 15:25:29.312,4.319,4.319,2026-06-07 15:25:54.993,30.0,77,16,82.11333333333346,1.308000000000002,44.55972222222226,226.0,75.0,151.0,157.8216153399191,1.721,True,7.0,6.0,1972.0355555555545,straight_05,126.5115913499169,235.40933124148,SOFT,9.0,5.0,0.5538716485817375,8329.925950639607,67235.53647752113,399.9999999999998,False,1,False,CLOSE_INTERACTION_NO_PASS,0.0,,False,0.0,221.21549295774722,4.784507042252784,2.430539,True,2.430539,139.06390377341478,11,True,3.0,straight,0.5659059453409054,3484.7408333333333,19,431.47976220214423,0,monaco_2026_R|LAW|LIN,monaco_2026_R|L77|monaco_2026_R|LAW|LIN,,True,v4_t0_anchored_30s_horizon
monaco_2026_R_01136,monaco_2026_R,2026,Monaco Grand Prix,OCO,HUL,27,2026-06-07 15:25:31.153,2026-06-07 15:25:35.952,4.799,4.799,2026-06-07 15:26:01.153,30.0,77,15,93.86166666666713,1.413815899581597,50.41472222222296,239.0,91.0,148.0,128.69038565996675,1.841,True,10.0,9.0,1946.4525000000003,straight_05,152.0946469054711,260.9923867970342,SOFT,10.0,6.0,0.8976204293882295,9011.388370938183,69965.17563686636,400.0,False,1,False,CLOSE_INTERACTION_NO_PASS,0.0,,False,0.0,253.48904255319212,-14.489042553192121,2.205017,True,2.205017,91.02234083671992,12,True,3.0,straight,0.5585644939162143,3484.7408333333333,19,431.47976220214423,0,monaco_2026_R|HUL|OCO,monaco_2026_R|L77|monaco_2026_R|HUL|OCO,,False,v4_t0_anchored_30s_horizon
monaco_2026_R_01137,monaco_2026_R,2026,Monaco Grand Prix,HAD,GAS,10,2026-06-07 15:25:37.833,2026-06-07 15:25:44.473,6.64,6.64,2026-06-07 15:26:07.833,30.0,77,26,97.68083333333425,1.9867288135593408,56.7808333333337,177.0,58.0,119.0,72.02923976608037,1.881,True,4.0,3.0,2762.2286111111102,corner_T16,27.359682093552692,291.0324600200788,SOFT,13.0,5.0,0.038204410612313736,11413.00222160357,29265.028648184703,400.0,False,1,False,CLOSE_INTERACTION_NO_PASS,0.0,,False,0.0,180.85074468085065,-3.850744680850653,3.279872,True,3.279872,50.19681133707063,10,True,3.0,corner,0.7926640009176513,3484.7408333333333,19,431.47976220214423,0,monaco_2026_R|GAS|HAD,monaco_2026_R|L77|monaco_2026_R|GAS|HAD,,True,v4_t0_anchored_30s_horizon
monaco_2026_R_01138,monaco_2026_R,2026,Monaco Grand Prix,RUS,BOR,5,2026-06-07 15:25:41.112,2026-06-07 15:25:56.552,15.44,15.44,2026-06-07 15:26:11.112,30.0,77,57,20.7277777777781,1.1306060606060784,20.7277777777781,66.0,84.0,-18.0,,,False,14.0,13.0,2076.450555555555,brake_T10,22.096591349916253,130.99433124147936,SOFT,13.0,6.0,0.997977501756972,12501.450524889733,38954.066494357365,400.0,False,1,False,CLOSE_INTERACTION_NO_PASS,0.0,,False,0.0,64.0,2.0,1.007187,True,1.007187,11.5868093147765,13,True,3.0,brake,0.5958694361696114,3484.7408333333333,19,431.47976220214423,0,monaco_2026_R|BOR|RUS,monaco_2026_R|L77|monaco_2026_R|BOR|RUS,,True,v4_t0_anchored_30s_horizon
monaco_2026_R_01139,monaco_2026_R,2026,Monaco Grand Prix,BOR,ALO,14,2026-06-07 15:25:42.432,2026-06-07 15:25:56.552,14.12,13.08,2026-06-07 15:26:12.432,30.0,77,28,12.047499999999218,0.3054295774647689,10.15138888888805,142.0,172.0,-30.0,-32.45454545454446,1.32,True,13.0,12.0,2140.1672222222223,corner_T10,18.3799246832491,67.2776645748122,SOFT,10.0,8.0,0.4225382850325273,13635.108671579332,36944.30786643043,400.0,False,1,False,ON_TRACK_PASS,1.0,14.481,False,0.0,161.02994186046584,-19.02994186046584,0.250744,True,0.250744,-22.501465939976246,11,True,3.0,corner,0.6141539140444607,3484.7408333333333,19,431.47976220214423,0,monaco_2026_R|ALO|BOR,monaco_2026_R|L77|monaco_2026_R|ALO|BOR,,True,v4_t0_anchored_30s_horizon
monaco_2026_R_01140,monaco_2026_R,2026,Monaco Grand Prix,ALO,PER,11,2026-06-07 15:25:49.832,2026-06-07 15:25:56.552,6.72,6.72,2026-06-07 15:26:19.832,30.0,77,22,95.39944444444336,1.4552457627118478,41.48722222222159,236.0,117.0,119.0,96.29787234042621,1.88,True,12.0,11.0,2547.827777777778,corner_T13,33.47356645316677,505.43329335341105,SOFT,17.0,7.0,0.19395717560102704,4691.663599620492,72347.23751987402,400.0,False,1,False,CLOSE_INTERACTION_NO_PASS,0.0,,False,0.0,219.82604651162737,16.173953488372632,2.37652,True,2.37652,64.51390538541865,11,True,3.0,corner,0.7311383829197565,3484.7408333333333,19,431.47976220214423,0,monaco_2026_R|ALO|PER,monaco_2026_R|L77|monaco_2026_R|ALO|PER,,True,v4_t0_anchored_30s_horizon
monaco_2026_R_01141,monaco_2026_R,2026,Monaco Grand Prix,OCO,ALB,23,2026-06-07 15:25:50.112,2026-06-07 15:25:55.312,5.2,5.2,2026-06-07 15:26:20.112,30.0,77,18,92.8858333333319,1.8272622950819393,53.182777777775755,183.0,61.0,122.0,101.70000000000368,0.8,True,10.0,8.0,2753.187777777779,corner_T15,2.0631536694959323,300.07329335341,SOFT,10.0,6.0,0.9746216582428174,11119.007125950307,29494.270147432424,400.0,False,1,False,CLOSE_INTERACTION_NO_PASS,0.0,,False,0.0,185.48632543926726,-2.4863254392672616,2.932978,True,2.932978,22.078398240541237,11,True,3.0,corner,0.7900695946861029,3484.7408333333333,19,431.47976220214423,0,monaco_2026_R|ALB|OCO,monaco_2026_R|L77|monaco_2026_R|ALB|OCO,,True,v4_t0_anchored_30s_horizon
monaco_2026_R_01142,monaco_2026_R,2026,Monaco Grand Prix,PER,OCO,31,2026-06-07 15:25:52.353,2026-06-07 15:25:59.753,7.4,7.4,2026-06-07 15:26:22.353,30.0,77,27,95.42388888889081,1.846913978494661,55.73472222222426,186.0,83.0,103.0,27.347826086956267,1.8399999999999999,True,11.0,10.0,2741.045277777777,corner_T15,14.205653669498133,312.2157933534122,SOFT,9.0,7.0,0.9616488756628034,10747.43132590155,29492.692740106333,400.0,False,1,False,CLOSE_INTERACTION_NO_PASS,0.0,,False,0.0,170.2034543325506,15.796545667449408,2.479868,True,2.479868,-11.802756585021084,11,True,3.0,corner,0.786585117480839,3484.7408333333333,19,431.47976220214423,0,monaco_2026_R|OCO|PER,monaco_2026_R|L77|monaco_2026_R|OCO|PER,,True,v4_t0_anchored_30s_horizon
monaco_2026_R_01143,monaco_2026_R,2026,Monaco Grand Prix,HUL,ALB,23,2026-06-07 15:25:56.913,2026-06-07 15:27:16.833,79.92,79.92,2026-06-07 15:26:26.913,30.0,77,255,12.850277777775773,0.2891312499999549,10.135833333331902,160.0,193.0,-33.0,-31.57244825125053,1.401,True,9.0,8.0,3020.7913888888897,corner_T19,,32.469682242299314,SOFT,10.0,7.0,0.8747799419223843,25167.58616993843,146.36437622464135,400.0,False,1,False,UNCERTAIN,,,False,0.0,180.45050449959285,-20.450504499592853,0.23844,True,0.23844,-23.094150327586533,11,True,3.0,corner,0.8668625683705,3484.7408333333333,19,431.47976220214423,0,monaco_2026_R|ALB|HUL,monaco_2026_R|L77|monaco_2026_R|ALB|HUL,,True,v4_t0_anchored_30s_horizon
monaco_2026_R_01144,monaco_2026_R,2026,Monaco Grand Prix,BOR,PER,11,2026-06-07 15:25:56.913,2026-06-07 15:26:02.152,5.239,5.239,2026-06-07 15:26:26.913,30.0,77,15,38.98944444444305,1.3241698113207074,38.98944444444305,106.0,75.0,31.0,,,False,13.0,11.0,2825.8063888888896,corner_T17,81.25858497515992,227.45468224229944,SOFT,10.0,8.0,0.45407676678803294,14973.949351085263,12363.400913010273,400.0,False,1,False,CLOSE_INTERACTION_NO_PASS,0.0,,False,0.0,73.3138888888853,32.6861111111147,2.160416,True,2.160416,91.88683030184475,11,True,3.0,corner,0.8109086224888239,3484.7408333333333,19,431.47976220214423,0,monaco_2026_R|BOR|PER,monaco_2026_R|L77|monaco_2026_R|BOR|PER,,True,v4_t0_anchored_30s_horizon
monaco_2026_R_01145,monaco_2026_R,2026,Monaco Grand Prix,RUS,ALO,14,2026-06-07 15:25:56.913,2026-06-07 15:26:02.152,5.239,5.239,2026-06-07 15:26:26.913,30.0,77,15,25.37027777777712,0.6129731543624002,10.159166666665897,149.0,79.0,70.0,,,False,14.0,12.0,2798.206111111112,corner_T17,108.85886275293751,255.05496002007703,SOFT,13.0,6.0,1.0,13198.7944142074,22351.699747299845,400.0,False,1,False,CLOSE_INTERACTION_NO_PASS,0.0,,False,0.0,127.90213414633858,21.097865853661418,0.977024,True,0.977024,13.303868040289599,11,True,3.0,corner,0.8029882981095281,3484.7408333333333,19,431.47976220214423,0,monaco_2026_R|ALO|RUS,monaco_2026_R|L77|monaco_2026_R|ALO|RUS,,True,v4_t0_anchored_30s_horizon
monaco_2026_R_01146,monaco_2026_R,2026,Monaco Grand Prix,LAW,PIA,81,2026-06-07 15:26:06.273,2026-06-07 15:26:10.593,4.32,4.32,2026-06-07 15:26:36.273,30.0,78,20,99.13416666666637,1.9084652406417058,85.4608333333332,187.0,151.0,36.0,74.3260869565216,1.8399999999999999,True,6.0,5.0,688.3811111111113,brake_T3,99.9091469203729,286.71659724239885,SOFT,16.0,5.0,0.8677664602893886,6031.405242281636,42270.84227815746,400.0,False,1,False,CLOSE_INTERACTION_NO_PASS,0.0,,False,0.0,182.53696428571405,4.463035714285951,2.281182,True,2.281182,83.76513811404436,11,True,3.0,brake,0.19754155159155393,3484.7408333333333,19,431.47976220214423,0,monaco_2026_R|LAW|PIA,monaco_2026_R|L78|monaco_2026_R|LAW|PIA,,False,v4_t0_anchored_30s_horizon
monaco_2026_R_01147,monaco_2026_R,2026,Monaco Grand Prix,LIN,LAW,30,2026-06-07 15:26:08.792,2026-06-07 15:26:12.833,4.041,4.041,2026-06-07 15:26:38.792,30.0,78,18,99.41166666666675,1.9556393442622968,86.12944444444452,183.0,158.0,25.0,72.50000000000036,1.92,True,7.0,6.0,699.4869444444445,brake_T3,88.80331358703972,275.61076390906567,SOFT,10.0,5.0,0.577895778972929,6014.826405396532,42930.33773166495,399.9999999999999,False,1,False,CLOSE_INTERACTION_NO_PASS,0.0,,False,0.0,176.5671511627908,6.432848837209207,2.2921329999999998,True,2.2921329999999998,83.36836052048437,13,True,3.0,brake,0.20072854134617218,3484.7408333333333,19,431.47976220214423,0,monaco_2026_R|LAW|LIN,monaco_2026_R|L78|monaco_2026_R|LAW|LIN,,False,v4_t0_anchored_30s_horizon
monaco_2026_R_01148,monaco_2026_R,2026,Monaco Grand Prix,HAD,GAS,10,2026-06-07 15:26:10.593,2026-06-07 15:26:25.233,14.64,14.64,2026-06-07 15:26:40.593,30.0,78,58,96.00194444444435,1.7280349999999982,44.46027777777772,200.0,71.0,129.0,109.05052748473068,1.8010000000000002,True,4.0,3.0,1017.8744444444445,straight_03,126.38599934280717,472.7839749853582,SOFT,14.0,5.0,0.010724711290865163,2142.085872763685,43046.40801647086,400.0000000000001,False,1,False,CLOSE_INTERACTION_NO_PASS,0.0,,False,0.0,200.99050734618905,-0.9905073461890481,3.182217,True,3.182217,76.45506723518827,14,True,3.0,straight,0.29209473333223335,3484.7408333333333,19,431.47976220214423,0,monaco_2026_R|GAS|HAD,monaco_2026_R|L78|monaco_2026_R|GAS|HAD,,False,v4_t0_anchored_30s_horizon
monaco_2026_R_01149,monaco_2026_R,2026,Monaco Grand Prix,ALO,PER,11,2026-06-07 15:26:20.592,2026-06-07 15:26:24.593,4.001,4.001,2026-06-07 15:26:50.592,30.0,78,17,99.03527777777754,2.025721590909086,87.86249999999973,176.0,147.0,29.0,71.04102051025491,1.999,True,12.0,11.0,691.6547222222223,brake_T3,96.63553580926191,283.44298613128785,SOFT,18.0,7.0,0.22606056473989042,6026.518381205351,42465.23846433555,400.0,False,1,False,CLOSE_INTERACTION_NO_PASS,0.0,,False,0.0,177.7760673234809,-1.776067323480902,2.344729,True,2.344729,80.27178017243656,12,True,3.0,brake,0.1984809646692202,3484.7408333333333,19,431.47976220214423,0,monaco_2026_R|ALO|PER,monaco_2026_R|L78|monaco_2026_R|ALO|PER,,False,v4_t0_anchored_30s_horizon
monaco_2026_R_01150,monaco_2026_R,2026,Monaco Grand Prix,OCO,HUL,27,2026-06-07 15:26:23.233,2026-06-07 15:26:38.713,15.48,15.48,2026-06-07 15:26:53.233,30.0,78,56,92.9294444444447,1.6319317073170776,43.970000000000255,205.0,77.0,128.0,81.98266190719009,1.9609999999999999,True,10.0,9.0,1000.2122222222222,straight_03,144.0482215650295,490.44619720758055,SOFT,11.0,6.0,0.9388076871230007,2350.739273587085,45711.40406271325,400.0,False,1,False,CLOSE_INTERACTION_NO_PASS,0.0,,False,0.0,213.83027790373774,-8.830277903737738,2.780976,True,2.780976,41.11993523879719,13,True,3.0,straight,0.2870262869062397,3484.7408333333333,19,431.47976220214423,0,monaco_2026_R|HUL|OCO,monaco_2026_R|L78|monaco_2026_R|HUL|OCO,,False,v4_t0_anchored_30s_horizon
monaco_2026_R_01151,monaco_2026_R,2026,Monaco Grand Prix,PER,OCO,31,2026-06-07 15:26:24.913,2026-06-07 15:26:41.952,17.039,17.039,2026-06-07 15:26:54.913,30.0,78,63,96.71250000000032,1.813359375000006,25.366944444444925,192.0,98.0,94.0,16.10047846889913,1.881,True,11.0,10.0,967.6936111111107,corner_T4,176.56683267614096,7.404097242399416,SOFT,10.0,7.0,0.937955271293087,3268.71279255719,47535.282934835624,400.0000000000001,False,1,False,CLOSE_INTERACTION_NO_PASS,0.0,,False,0.0,195.2905076142129,-3.2905076142129133,2.249842,True,2.249842,-24.00874371662721,13,True,3.0,corner,0.2776945711011347,3484.7408333333333,19,431.47976220214423,0,monaco_2026_R|OCO|PER,monaco_2026_R|L78|monaco_2026_R|OCO|PER,,False,v4_t0_anchored_30s_horizon
monaco_2026_R_01152,monaco_2026_R,2026,Monaco Grand Prix,LAW,PIA,81,2026-06-07 15:26:38.073,2026-06-07 15:26:42.833,4.76,4.76,2026-06-07 15:27:08.073,30.0,78,20,93.6566666666663,1.3326640316205483,49.93444444444367,253.0,94.0,159.0,136.62791960890846,1.841,True,6.0,5.0,1952.2225,straight_05,146.32464690547135,255.22238679703446,SOFT,16.0,5.0,0.8043027145443342,8856.702364919782,69356.98668377228,399.9999999999998,False,1,False,CLOSE_INTERACTION_NO_PASS,0.0,,False,0.0,261.8719086021503,-8.871908602150313,2.247387,True,2.247387,94.55428735784305,11,True,3.0,straight,0.5602202841961705,3484.7408333333333,19,431.47976220214423,0,monaco_2026_R|LAW|PIA,monaco_2026_R|L78|monaco_2026_R|LAW|PIA,,False,v4_t0_anchored_30s_horizon
monaco_2026_R_01153,monaco_2026_R,2026,Monaco Grand Prix,LIN,LAW,30,2026-06-07 15:26:40.473,2026-06-07 15:26:45.353,4.88,4.88,2026-06-07 15:27:10.473,30.0,78,20,92.52138888888862,1.3165098814229212,39.46611111111088,253.0,83.0,170.0,145.23999999999998,2.0,True,7.0,6.0,1952.8211111111113,straight_05,145.7260357943601,254.6237756859232,SOFT,10.0,5.0,0.5039919723550904,8840.654399246294,69293.88986141927,400.0,False,1,False,CLOSE_INTERACTION_NO_PASS,0.0,,False,0.0,251.97380952380922,1.0261904761907772,2.39067,True,2.39067,114.41213745158024,12,True,3.0,straight,0.5603920648650184,3484.7408333333333,19,431.47976220214423,0,monaco_2026_R|LAW|LIN,monaco_2026_R|L78|monaco_2026_R|LAW|LIN,,False,v4_t0_anchored_30s_horizon
monaco_2026_R_01154,monaco_2026_R,2026,Monaco Grand Prix,ALO,PER,11,2026-06-07 15:26:52.993,2026-06-07 15:26:56.673,3.68,3.68,2026-06-07 15:27:22.993,30.0,78,11,95.17916666666429,1.2505291970802606,63.66444444444187,274.0,75.0,199.0,163.93617021276634,1.88,True,12.0,11.0,1949.886944444446,straight_05,148.6602024610254,257.5579423525885,SOFT,18.0,7.0,0.13436455613683396,8919.315495027717,69603.16676838686,400.0000000000002,False,1,False,CLOSE_INTERACTION_NO_PASS,0.0,,False,0.0,236.01087719297936,37.989122807020635,2.574245,True,2.574245,133.29708767393487,14,True,3.0,straight,0.559550060593539,3484.7408333333333,19,431.47976220214423,0,monaco_2026_R|ALO|PER,monaco_2026_R|L78|monaco_2026_R|ALO|PER,,False,v4_t0_anchored_30s_horizon
monaco_2026_R_01155,monaco_2026_R,2026,Monaco Grand Prix,HAD,GAS,10,2026-06-07 15:26:53.553,2026-06-07 15:26:59.433,5.88,5.88,2026-06-07 15:27:23.553,30.0,78,18,96.20000000000118,1.8519786096256912,72.83416666666835,187.0,61.0,126.0,66.142857142856,1.96,True,4.0,3.0,2763.8463888888878,corner_T16,25.741904315775173,289.4146822423013,SOFT,14.0,5.0,0.05057296236447811,11466.527202054436,29211.816775752843,400.0,False,1,False,CLOSE_INTERACTION_NO_PASS,0.0,,False,0.0,184.93386243386144,2.066137566138565,3.010116,True,3.010116,31.170514837699738,15,True,3.0,corner,0.7931282471428807,3484.7408333333333,19,431.47976220214423,0,monaco_2026_R|GAS|HAD,monaco_2026_R|L78|monaco_2026_R|GAS|HAD,,False,v4_t0_anchored_30s_horizon
monaco_2026_R_01156,monaco_2026_R,2026,Monaco Grand Prix,PER,OCO,31,2026-06-07 15:27:03.713,2026-06-07 15:27:17.473,13.76,13.76,2026-06-07 15:27:33.713,30.0,78,55,96.74888888888881,1.590392694063926,32.08444444444376,219.0,136.0,83.0,33.39089394780591,1.8010000000000002,True,11.0,10.0,2526.1655555555535,corner_T13,55.13578867539127,527.0955155756355,SOFT,10.0,7.0,0.9315546951594835,5214.858314462074,75710.76629382494,400.0,False,1,False,CLOSE_INTERACTION_NO_PASS,0.0,,False,0.0,224.83156342182892,-5.831563421828918,1.9412120000000002,True,1.9412120000000002,9.33919029988004,11,True,3.0,corner,0.7249220749478654,3484.7408333333333,19,431.47976220214423,0,monaco_2026_R|OCO|PER,monaco_2026_R|L78|monaco_2026_R|OCO|PER,,False,v4_t0_anchored_30s_horizon
monaco_2026_R_01157,monaco_2026_R,2026,Monaco Grand Prix,OCO,HUL,27,2026-06-07 15:27:07.113,2026-06-07 15:27:13.753,6.64,6.64,2026-06-07 15:27:37.113,30.0,78,26,96.38583333333327,1.9065329670329656,56.229166666667425,182.0,68.0,114.0,55.638297872339756,1.88,True,10.0,9.0,2749.120555555554,corner_T15,6.130375891721087,304.14051557563516,SOFT,11.0,6.0,0.9812543932909481,10994.545001083177,29493.741782916863,400.0,False,1,False,CLOSE_INTERACTION_NO_PASS,0.0,,False,0.0,177.33080110497247,4.6691988950275345,2.904834,True,2.904834,3.337297792396839,12,True,3.0,corner,0.7889024426892255,3484.7408333333333,19,431.47976220214423,0,monaco_2026_R|HUL|OCO,monaco_2026_R|L78|monaco_2026_R|HUL|OCO,,False,v4_t0_anchored_30s_horizon
