event_id,race_id,year,circuit,attacker,target,target_number,event_start_time,event_end_time,event_duration_s,in_band_duration_s,horizon_end_time,horizon_s_effective,event_start_lap,n_samples_in_episode,gap_at_start_m,gap_at_start_s_crude_audit,gap_min_in_episode_m,attacker_speed_at_start_kmh,target_speed_same_time_kmh_audit,relative_speed_same_time_kmh_audit,closing_speed_v1_kmh_audit,closing_speed_v1_window_s_audit,closing_speed_v1_available_audit,attacker_position,target_position,track_distance_at_start_m,zone_id,distance_to_next_corner_m,distance_to_next_straight_m,compound,tyre_age,stint,EstimatedEnergyIndex,LookaheadDeployProxy,LookaheadHarvestProxy,LookaheadCoveredM,lookahead_truncated,TrackStatus,freeze_flag,event_type,overtake_success,actual_swap_delay_s,pass_after_horizon,attacker_PositionChange_audit,target_speed_at_attacker_position_kmh,relative_speed_same_position_kmh,spatial_time_gap_s,spatial_alignment_ok,spatial_alignment_lag_raw_s,closing_speed_at_start_kmh,closing_speed_n_samples,closing_speed_available,closing_speed_window_s,zone_type,track_position_frac,circuit_length_m,corner_count,longest_straight_m,n_long_straights_over_500m,pair_id,cluster_id,reciprocal_event_id,window_crosses_start_finish,detector_version
belgium_2026_R_00001,belgium_2026_R,2026,Belgian Grand Prix,OCO,BOT,77,2026-07-19 13:11:47.879,2026-07-19 13:13:54.199,126.32,126.32,2026-07-19 13:12:17.879,30.0,4,465,60.74805555555556,1.0413952380952383,16.47305555555556,210.0,246.0,-36.0,,,False,20.0,19.0,33.91499999999999,straight_01,302.3063108272046,362.3063108272046,HARD,3.0,2.0,1.0,16760.898608098294,75206.19457352639,400.0,False,41,True,INVALID,,,False,-1.0,222.47634638196917,-12.476346381969165,0.917191,True,0.917191,,2,False,3.0,straight,0.004797132046310745,7069.849166666669,19,953.4864263418576,2,belgium_2026_R|BOT|OCO,belgium_2026_R|L4|belgium_2026_R|BOT|OCO,,False,v4_t0_anchored_30s_horizon
belgium_2026_R_00002,belgium_2026_R,2026,Belgian Grand Prix,BOT,PER,11,2026-07-19 13:11:49.199,2026-07-19 13:12:06.359,17.16,17.16,2026-07-19 13:12:19.199,30.0,4,65,98.13027777777782,1.3231048689138583,18.659722222222285,267.0,,,111.48078096400245,1.639,True,19.0,,188.81138888888887,straight_01,147.40992193831568,207.40992193831568,HARD,3.0,2.0,1.0,15117.748286418542,75162.75235328771,399.99999999999994,False,41,True,INVALID,,,False,-1.0,,,,False,,,0,False,3.0,straight,0.026706565364804057,7069.849166666669,19,953.4864263418576,2,belgium_2026_R|BOT|PER,belgium_2026_R|L4|belgium_2026_R|BOT|PER,,False,v4_t0_anchored_30s_horizon
belgium_2026_R_00003,belgium_2026_R,2026,Belgian Grand Prix,HAD,OCO,31,2026-07-19 13:11:52.000,2026-07-19 13:12:11.759,19.759,19.759,2026-07-19 13:12:22.000,30.0,4,50,97.87944444444443,1.4867763713080169,10.281944444444491,237.0,164.0,73.0,8.335242061426358,1.921,True,21.0,20.0,190.94916666666663,straight_01,145.27214416053792,205.27214416053792,HARD,2.0,3.0,1.0,15095.070609628063,75162.15279242184,400.0,False,41,True,INVALID,,,False,5.0,245.75153890824623,-8.751538908246232,1.6757840000000002,True,1.6757840000000002,-10.190913537525669,13,True,3.0,straight,0.027008944910305123,7069.849166666669,19,953.4864263418576,2,belgium_2026_R|HAD|OCO,belgium_2026_R|L4|belgium_2026_R|HAD|OCO,,False,v4_t0_anchored_30s_horizon
belgium_2026_R_00004,belgium_2026_R,2026,Belgian Grand Prix,BOT,PER,11,2026-07-19 13:12:31.239,2026-07-19 13:12:41.279,10.04,10.04,2026-07-19 13:13:01.239,30.0,4,38,96.37694444444605,1.4639535864979147,62.46333333333541,237.0,,,115.51847826086941,1.8399999999999999,True,19.0,,2300.350277777777,brake_T5,49.02992125182709,165.44403369064366,HARD,3.0,2.0,1.0,9679.599718902718,58187.47562082156,400.0,False,41,True,INVALID,,,False,-1.0,,,,False,,,0,False,3.0,brake,0.3253747319848917,7069.849166666669,19,953.4864263418576,2,belgium_2026_R|BOT|PER,belgium_2026_R|L4|belgium_2026_R|BOT|PER,,False,v4_t0_anchored_30s_horizon
belgium_2026_R_00005,belgium_2026_R,2026,Belgian Grand Prix,HAD,OCO,31,2026-07-19 13:12:33.719,2026-07-19 13:13:54.199,80.48,78.64,2026-07-19 13:13:03.719,30.0,4,279,98.2319444444438,1.3294548872180365,10.361388888881265,266.0,130.0,136.0,103.8271739130439,1.8399999999999999,True,21.0,20.0,2267.461111111111,brake_T5,81.919087918493,198.33320035730958,HARD,2.0,3.0,1.0,8362.86394301412,83211.05551096352,400.0,False,41,True,INVALID,,80.88,True,5.0,243.39767538397544,22.60232461602456,2.108374,True,2.108374,76.04069141594371,12,True,3.0,brake,0.32072269968670153,7069.849166666669,19,953.4864263418576,2,belgium_2026_R|HAD|OCO,belgium_2026_R|L4|belgium_2026_R|HAD|OCO,,False,v4_t0_anchored_30s_horizon
belgium_2026_R_00006,belgium_2026_R,2026,Belgian Grand Prix,BOT,PER,11,2026-07-19 13:13:17.319,2026-07-19 13:14:07.479,50.16,48.52,2026-07-19 13:13:47.319,30.0,4,152,95.94472222222066,1.4391708333333098,10.00111111111164,240.0,,,24.06000000000022,2.0,True,19.0,,4294.443888888889,brake_T12,108.34852027844317,318.6415509964945,HARD,3.0,2.0,1.0,9931.635846693123,74486.25203380825,400.0,False,41,True,INVALID,,,False,-1.0,,,,False,,,0,False,3.0,brake,0.6074307651620886,7069.849166666669,19,953.4864263418576,2,belgium_2026_R|BOT|PER,belgium_2026_R|L4|belgium_2026_R|BOT|PER,,False,v4_t0_anchored_30s_horizon
belgium_2026_R_00007,belgium_2026_R,2026,Belgian Grand Prix,HAD,BOT,77,2026-07-19 13:13:54.599,2026-07-19 13:13:58.800,4.201,4.201,2026-07-19 13:14:24.599,30.0,4,18,17.69805555554558,0.2413371212119852,13.22027777776566,264.0,239.0,25.0,,,False,21.0,19.0,5835.626944444457,corner_T16,246.3638553709361,38.2350262601085,HARD,2.0,3.0,1.0,32162.9111676855,172.9563374482802,400.0,False,41,True,INVALID,,58.44,True,5.0,239.0,25.0,0.268046,True,0.268046,19.547667472422326,12,True,3.0,corner,0.8254245326701745,7069.849166666669,19,953.4864263418576,2,belgium_2026_R|BOT|HAD,belgium_2026_R|L4|belgium_2026_R|BOT|HAD,,True,v4_t0_anchored_30s_horizon
belgium_2026_R_00008,belgium_2026_R,2026,Belgian Grand Prix,OCO,BOT,77,2026-07-19 13:13:59.119,2026-07-19 13:14:07.479,8.36,8.36,2026-07-19 13:14:29.119,30.0,4,28,20.348611111108767,0.29899999999996557,18.937499999996362,245.0,253.0,-8.0,,,False,20.0,19.0,6145.380555555559,straight_14,475.10406072103615,600.1516559627207,HARD,3.0,2.0,1.0,28884.208957671577,21461.10392133162,400.0,False,41,True,INVALID,,116.24,True,-1.0,253.0,-8.0,0.282486,True,0.282486,-4.128587769778148,13,True,3.0,straight,0.8692378593492706,7069.849166666669,19,953.4864263418576,2,belgium_2026_R|BOT|OCO,belgium_2026_R|L4|belgium_2026_R|BOT|OCO,,True,v4_t0_anchored_30s_horizon
belgium_2026_R_00009,belgium_2026_R,2026,Belgian Grand Prix,LEC,ANT,12,2026-07-19 13:14:06.999,2026-07-19 13:14:33.359,26.36,26.36,2026-07-19 13:14:36.999,30.0,5,102,69.92472222222223,1.0711872340425534,14.722222222222229,235.0,252.0,-17.0,,,False,2.0,1.0,12.47111111111111,straight_01,323.75019971609345,383.75019971609345,MEDIUM,5.0,1.0,0.9992723747585147,16988.376686693908,75212.20872369842,400.0,False,1,False,CLOSE_INTERACTION_NO_PASS,0.0,,False,0.0,232.61834763948497,2.3816523605150337,1.030532,True,1.030532,,2,False,3.0,straight,0.001763985456706859,7069.849166666669,19,953.4864263418576,2,belgium_2026_R|ANT|LEC,belgium_2026_R|L5|belgium_2026_R|ANT|LEC,,False,v4_t0_anchored_30s_horizon
belgium_2026_R_00010,belgium_2026_R,2026,Belgian Grand Prix,VER,LEC,16,2026-07-19 13:14:07.959,2026-07-19 13:15:33.079,85.12,85.12,2026-07-19 13:14:37.959,30.0,5,321,65.27916666666667,1.0538340807174889,16.956666666667388,223.0,258.0,-35.0,,,False,3.0,2.0,14.84527777777778,straight_01,321.3760330494268,381.3760330494268,MEDIUM,5.0,1.0,0.9991369126124936,16963.191382181398,75211.5428652368,400.0,False,1,False,CLOSE_INTERACTION_NO_PASS,0.0,,False,0.0,235.86508097165992,-12.865080971659921,0.925396,True,0.925396,,2,False,3.0,straight,0.002099801201950835,7069.849166666669,19,953.4864263418576,2,belgium_2026_R|LEC|VER,belgium_2026_R|L5|belgium_2026_R|LEC|VER,,False,v4_t0_anchored_30s_horizon
belgium_2026_R_00011,belgium_2026_R,2026,Belgian Grand Prix,PIA,VER,3,2026-07-19 13:14:08.759,2026-07-19 13:14:12.079,3.32,3.32,2026-07-19 13:14:38.759,30.0,5,14,38.61972222222221,0.5674734693877549,22.45249999999993,245.0,240.0,5.0,,,False,4.0,3.0,28.22333333333333,straight_01,307.9979774938712,367.9979774938712,MEDIUM,5.0,1.0,0.9983102451905317,16821.27615454282,75207.79085758846,400.0,False,1,False,CLOSE_INTERACTION_NO_PASS,0.0,101.28,True,0.0,229.1073731884058,15.892626811594198,0.590604,True,0.590604,,2,False,3.0,straight,0.00399207008070304,7069.849166666669,19,953.4864263418576,2,belgium_2026_R|PIA|VER,belgium_2026_R|L5|belgium_2026_R|PIA|VER,,False,v4_t0_anchored_30s_horizon
belgium_2026_R_00012,belgium_2026_R,2026,Belgian Grand Prix,LIN,LAW,30,2026-07-19 13:14:10.199,2026-07-19 13:15:56.400,106.201,106.201,2026-07-19 13:14:40.199,30.0,5,400,39.375000000000014,0.5833333333333336,14.198333333333437,243.0,242.0,1.0,,,False,7.0,6.0,33.4238888888889,straight_01,302.79742193831567,362.79742193831567,MEDIUM,5.0,1.0,0.9986833079406741,16766.108344658274,75206.33231048207,400.0,False,1,False,CLOSE_INTERACTION_NO_PASS,0.0,,False,0.0,232.96096936902927,10.039030630970728,0.581196,True,0.581196,,2,False,3.0,straight,0.004727666475046988,7069.849166666669,19,953.4864263418576,2,belgium_2026_R|LAW|LIN,belgium_2026_R|L5|belgium_2026_R|LAW|LIN,,False,v4_t0_anchored_30s_horizon
belgium_2026_R_00013,belgium_2026_R,2026,Belgian Grand Prix,COL,LIN,41,2026-07-19 13:14:10.399,2026-07-19 13:14:42.119,31.72,31.72,2026-07-19 13:14:40.399,30.0,5,121,29.79333333333333,0.4487698744769874,10.22694444444437,239.0,246.0,-7.0,,,False,8.0,7.0,17.164166666666674,straight_01,319.05714416053786,379.05714416053786,MEDIUM,5.0,1.0,0.9990749870600267,16938.592467700244,75210.89250997326,400.0,False,1,False,CLOSE_INTERACTION_NO_PASS,0.0,,False,0.0,238.6984861845973,0.30151381540269995,0.440884,True,0.440884,,2,False,3.0,straight,0.00242779814137949,7069.849166666669,19,953.4864263418576,2,belgium_2026_R|COL|LIN,belgium_2026_R|L5|belgium_2026_R|COL|LIN,,False,v4_t0_anchored_30s_horizon
belgium_2026_R_00014,belgium_2026_R,2026,Belgian Grand Prix,NOR,BOR,5,2026-07-19 13:14:11.039,2026-07-19 13:14:42.119,31.08,31.08,2026-07-19 13:14:41.039,30.0,5,80,19.108055555555556,0.28425206611570253,10.019999999999925,242.0,242.0,0.0,,,False,9.0,10.0,22.510555555555555,straight_01,313.71075527164896,373.71075527164896,HARD,5.0,1.0,0.9990633760189392,16881.87764893901,75209.39306246993,400.0,False,1,False,CLOSE_INTERACTION_NO_PASS,0.0,,False,-1.0,,,,False,,,2,False,3.0,straight,0.003184022038502549,7069.849166666669,19,953.4864263418576,2,belgium_2026_R|BOR|NOR,belgium_2026_R|L5|belgium_2026_R|BOR|NOR,,False,v4_t0_anchored_30s_horizon
belgium_2026_R_00015,belgium_2026_R,2026,Belgian Grand Prix,BOR,COL,43,2026-07-19 13:14:11.039,2026-07-19 13:14:42.119,31.08,30.84,2026-07-19 13:14:41.039,30.0,5,106,20.872777777777785,0.3105041322314051,11.159166666666579,242.0,252.0,-10.0,,,False,10.0,8.0,40.71944444444444,straight_01,295.5018663827601,355.5018663827601,MEDIUM,5.0,1.0,0.9990633760189392,16688.716647253743,75204.28619995952,400.0,False,1,False,CLOSE_INTERACTION_NO_PASS,0.0,31.44,True,1.0,248.9421626984127,-6.942162698412687,0.303496,True,0.303496,,2,False,3.0,straight,0.005759591680743462,7069.849166666669,19,953.4864263418576,2,belgium_2026_R|BOR|COL,belgium_2026_R|L5|belgium_2026_R|BOR|COL,,False,v4_t0_anchored_30s_horizon
belgium_2026_R_00016,belgium_2026_R,2026,Belgian Grand Prix,GAS,NOR,1,2026-07-19 13:14:11.440,2026-07-19 13:14:45.639,34.199,34.199,2026-07-19 13:14:41.440,30.0,5,134,35.90388888888888,0.5430840336134453,12.398888888888962,238.0,256.0,-18.0,,,False,11.0,9.0,13.981944444444448,straight_01,322.2393663827601,382.2393663827601,MEDIUM,5.0,1.0,0.9990742516940913,16972.3496747314,75211.7849955865,399.99999999999994,False,1,False,CLOSE_INTERACTION_NO_PASS,0.0,,False,0.0,238.82820247933884,-0.8282024793388416,0.527871,True,0.527871,,2,False,3.0,straight,0.0019776863854984806,7069.849166666669,19,953.4864263418576,2,belgium_2026_R|GAS|NOR,belgium_2026_R|L5|belgium_2026_R|GAS|NOR,,False,v4_t0_anchored_30s_horizon
belgium_2026_R_00017,belgium_2026_R,2026,Belgian Grand Prix,ALB,GAS,10,2026-07-19 13:14:12.079,2026-07-19 13:14:18.200,6.121,6.121,2026-07-19 13:14:42.079,30.0,5,25,41.03194444444444,0.6536061946902655,10.326388888888914,226.0,256.0,-30.0,,,False,12.0,11.0,18.412777777777777,straight_01,317.8085330494268,377.8085330494268,MEDIUM,5.0,1.0,0.9989547353778302,16925.347125032204,75210.54232467021,400.0,False,1,False,CLOSE_INTERACTION_NO_PASS,0.0,45.361,True,0.0,239.91412,-13.914119999999997,0.575196,True,0.575196,,2,False,3.0,straight,0.002604408855650188,7069.849166666669,19,953.4864263418576,2,belgium_2026_R|ALB|GAS,belgium_2026_R|L5|belgium_2026_R|ALB|GAS,,False,v4_t0_anchored_30s_horizon
belgium_2026_R_00018,belgium_2026_R,2026,Belgian Grand Prix,HAM,VER,3,2026-07-19 13:14:12.399,2026-07-19 13:14:23.359,10.96,10.96,2026-07-19 13:14:42.399,30.0,5,44,20.055000000000007,0.2995767634854773,11.854999999999961,241.0,181.0,60.0,,,False,5.0,3.0,288.54777777777775,brake_T1,47.673533049426794,107.6735330494268,MEDIUM,5.0,1.0,1.0,17741.742627115447,34635.44218602132,400.00000000000006,False,1,False,CLOSE_INTERACTION_NO_PASS,0.0,103.281,True,0.0,208.90597338155217,32.09402661844783,0.396371,True,0.396371,36.35598110335039,11,True,3.0,brake,0.0408138520321253,7069.849166666669,19,953.4864263418576,2,belgium_2026_R|HAM|VER,belgium_2026_R|L5|belgium_2026_R|HAM|VER,,False,v4_t0_anchored_30s_horizon
belgium_2026_R_00019,belgium_2026_R,2026,Belgian Grand Prix,LAW,PIA,81,2026-07-19 13:14:12.399,2026-07-19 13:14:23.359,10.96,10.96,2026-07-19 13:14:42.399,30.0,5,44,58.96277777777783,0.8101755725190848,14.02944444444438,262.0,193.0,69.0,,,False,6.0,4.0,227.9741666666666,brake_T1,108.24714416053794,168.24714416053794,MEDIUM,5.0,1.0,0.9849291202409424,15300.62288088383,68570.73553556137,400.0,False,1,False,CLOSE_INTERACTION_NO_PASS,0.0,,False,0.0,275.5491702073574,-13.549170207357406,0.982952,True,0.982952,-11.057940550869674,11,True,3.0,brake,0.032245973187311025,7069.849166666669,19,953.4864263418576,2,belgium_2026_R|LAW|PIA,belgium_2026_R|L5|belgium_2026_R|LAW|PIA,,False,v4_t0_anchored_30s_horizon
belgium_2026_R_00020,belgium_2026_R,2026,Belgian Grand Prix,HUL,ALB,23,2026-07-19 13:14:12.679,2026-07-19 13:14:18.200,5.521,4.24,2026-07-19 13:14:42.679,30.0,5,16,34.25333333333333,0.5408421052631579,12.664444444444541,228.0,244.0,-16.0,,,False,13.0,12.0,23.919444444444444,straight_01,312.3018663827601,372.3018663827601,MEDIUM,5.0,1.0,0.9987645852282868,16866.932069848397,75208.99792568306,399.99999999999994,False,1,False,ON_TRACK_PASS,1.0,5.721,False,0.0,228.8753164556962,-0.8753164556962076,0.516354,True,0.516354,,2,False,3.0,straight,0.0033833033605895325,7069.849166666669,19,953.4864263418576,2,belgium_2026_R|ALB|HUL,belgium_2026_R|L5|belgium_2026_R|ALB|HUL,,False,v4_t0_anchored_30s_horizon
belgium_2026_R_00021,belgium_2026_R,2026,Belgian Grand Prix,BOT,PER,11,2026-07-19 13:14:12.839,2026-07-19 13:14:52.719,39.88,39.88,2026-07-19 13:14:42.839,30.0,4,133,11.289166666663732,0.3798224299064433,10.517777777777837,107.0,,,-32.327327327319026,0.999,True,19.0,,6815.546388888893,straight_15,,,HARD,3.0,2.0,1.0,9011.051553277488,73.76986449132913,254.3027777777761,True,41,True,INVALID,,,False,-1.0,,,,False,,,0,False,3.0,straight,0.9640299571061887,7069.849166666669,19,953.4864263418576,2,belgium_2026_R|BOT|PER,belgium_2026_R|L4|belgium_2026_R|BOT|PER,,True,v4_t0_anchored_30s_horizon
belgium_2026_R_00022,belgium_2026_R,2026,Belgian Grand Prix,BEA,ALO,14,2026-07-19 13:14:17.199,2026-07-19 13:14:40.799,23.6,22.48,2026-07-19 13:14:47.199,30.0,5,78,37.4663888888889,0.485176258992806,10.818611111111068,278.0,242.0,36.0,,,False,15.0,18.0,173.92888888888888,straight_01,162.29242193831567,222.29242193831567,HARD,4.0,2.0,0.9892621092022517,15275.622752297415,75166.92629722107,400.0,False,1,False,ON_TRACK_PASS,1.0,23.88,False,0.0,237.11242496998798,40.887575030012016,0.56284,True,0.56284,28.132131817466593,8,True,3.0,straight,0.02460149923833436,7069.849166666669,19,953.4864263418576,2,belgium_2026_R|ALO|BEA,belgium_2026_R|L5|belgium_2026_R|ALO|BEA,belgium_2026_R_00032,False,v4_t0_anchored_30s_horizon
belgium_2026_R_00023,belgium_2026_R,2026,Belgian Grand Prix,PER,STR,18,2026-07-19 13:14:17.199,2026-07-19 13:14:46.919,29.72,29.72,2026-07-19 13:14:47.199,30.0,5,110,44.91361111111112,0.6315976562500002,10.18388888888893,256.0,243.0,13.0,,,False,19.0,17.0,128.94666666666666,straight_01,207.2746441605379,267.2746441605379,SOFT,4.0,2.0,0.9918227307967552,15752.796903641476,75179.54200517024,400.00000000000006,False,1,False,CLOSE_INTERACTION_NO_PASS,0.0,,False,1.0,235.66271850512356,20.337281494876436,0.667219,True,0.667219,10.47826510721582,7,True,3.0,straight,0.018238955828737028,7069.849166666669,19,953.4864263418576,2,belgium_2026_R|PER|STR,belgium_2026_R|L5|belgium_2026_R|PER|STR,,False,v4_t0_anchored_30s_horizon
belgium_2026_R_00024,belgium_2026_R,2026,Belgian Grand Prix,HAD,OCO,31,2026-07-19 13:14:17.559,2026-07-19 13:14:22.559,5.0,3.2,2026-07-19 13:14:47.559,30.0,5,14,22.499722222222218,0.34033193277310914,10.75666666666666,238.0,242.0,-4.0,-32.11777777779278,1.8,True,16.0,20.0,40.72083333333333,straight_01,295.50047749387124,355.50047749387124,HARD,3.0,3.0,0.9983419433327007,16688.701913835866,75204.28581043195,400.0,False,1,False,ON_TRACK_PASS,1.0,5.48,False,-5.0,237.28236914600552,0.7176308539944785,0.339669,True,0.339669,-3.5830354006100804,10,True,3.0,straight,0.005759788133150882,7069.849166666669,19,953.4864263418576,2,belgium_2026_R|HAD|OCO,belgium_2026_R|L5|belgium_2026_R|HAD|OCO,belgium_2026_R_00028,False,v4_t0_anchored_30s_horizon
belgium_2026_R_00025,belgium_2026_R,2026,Belgian Grand Prix,ALO,SAI,55,2026-07-19 13:14:17.559,2026-07-19 13:14:24.600,7.041,7.041,2026-07-19 13:14:47.559,30.0,5,26,94.86222222222221,1.3996065573770493,31.038055555555502,244.0,,,83.49999999999994,1.44,True,18.0,,235.90555555555557,brake_T1,100.31575527164898,160.31575527164898,HARD,5.0,1.0,0.9838358826673458,15620.258274524036,64127.31531219024,400.0,False,1,False,INVALID,,,False,1.0,,,,False,,,0,False,3.0,brake,0.03336783430512445,7069.849166666669,19,953.4864263418576,2,belgium_2026_R|ALO|SAI,belgium_2026_R|L5|belgium_2026_R|ALO|SAI,,False,v4_t0_anchored_30s_horizon
belgium_2026_R_00026,belgium_2026_R,2026,Belgian Grand Prix,STR,BEA,87,2026-07-19 13:14:19.479,2026-07-19 13:14:40.799,21.32,21.32,2026-07-19 13:14:49.479,30.0,5,84,10.1608333333333,0.23448076923076847,10.1608333333333,156.0,166.0,-10.0,-10.939583333333278,1.92,True,17.0,15.0,308.3822222222222,brake_T1,27.83908860498235,87.83908860498235,HARD,5.0,1.0,1.0,18541.07179208884,23523.545795814018,400.00000000000006,False,1,False,CLOSE_INTERACTION_NO_PASS,0.0,,False,-2.0,174.8613893072289,-18.861389307228904,0.218126,True,0.218126,-17.59829485850445,12,True,3.0,brake,0.04361934957201073,7069.849166666669,19,953.4864263418576,2,belgium_2026_R|BEA|STR,belgium_2026_R|L5|belgium_2026_R|BEA|STR,,False,v4_t0_anchored_30s_horizon
belgium_2026_R_00027,belgium_2026_R,2026,Belgian Grand Prix,LAW,HAM,44,2026-07-19 13:14:24.359,2026-07-19 13:15:31.239,66.88,66.88,2026-07-19 13:14:54.359,30.0,5,250,85.0480555555555,1.0071480263157888,10.957222222224118,304.0,309.0,-5.0,,,False,6.0,5.0,828.2327777777779,straight_02,185.75173634178907,447.66099490996874,MEDIUM,5.0,1.0,0.9706128960335043,31278.703084122582,77.74512468885385,399.9999999999999,False,1,False,CLOSE_INTERACTION_NO_PASS,0.0,,False,0.0,290.11184789644017,13.888152103559833,0.994113,True,0.994113,-7.220422582147586,10,True,3.0,straight,0.11714999263107018,7069.849166666669,19,953.4864263418576,2,belgium_2026_R|HAM|LAW,belgium_2026_R|L5|belgium_2026_R|HAM|LAW,,False,v4_t0_anchored_30s_horizon
belgium_2026_R_00028,belgium_2026_R,2026,Belgian Grand Prix,OCO,HAD,6,2026-07-19 13:14:28.039,2026-07-19 13:14:52.719,24.68,24.68,2026-07-19 13:14:58.039,30.0,5,100,10.1088888888886,0.1885595854922226,10.1088888888886,193.0,209.0,-16.0,-9.958333333333265,1.92,True,20.0,16.0,510.9947222222222,straight_02,502.98979189734473,764.8990504655244,HARD,4.0,2.0,0.9925329837920828,23475.321883917066,10.763875853593944,400.0,False,1,False,CLOSE_INTERACTION_NO_PASS,0.0,,False,0.0,200.96377772944774,-7.963777729447742,0.168377,True,0.168377,-8.113686773713257,13,True,3.0,straight,0.07227802321886717,7069.849166666669,19,953.4864263418576,2,belgium_2026_R|HAD|OCO,belgium_2026_R|L5|belgium_2026_R|HAD|OCO,belgium_2026_R_00024,False,v4_t0_anchored_30s_horizon
belgium_2026_R_00029,belgium_2026_R,2026,Belgian Grand Prix,HAM,PIA,81,2026-07-19 13:14:28.279,2026-07-19 13:15:49.800,81.521,81.521,2026-07-19 13:14:58.279,30.0,5,297,10.2349999999999,0.13019787985865597,10.20472222222179,283.0,293.0,-10.0,-6.77272727272778,1.76,True,5.0,4.0,1233.2841666666664,corner_T4,1116.0960323629379,42.60960602108025,MEDIUM,5.0,1.0,0.9458929402112276,34315.86545651177,455.3858863110452,400.0,False,1,False,CLOSE_INTERACTION_NO_PASS,0.0,61.04,True,0.0,291.42329351535835,-8.423293515358353,0.126136,True,0.126136,-7.131441097117991,13,True,3.0,corner,0.17444278337385546,7069.849166666669,19,953.4864263418576,2,belgium_2026_R|HAM|PIA,belgium_2026_R|L5|belgium_2026_R|HAM|PIA,,False,v4_t0_anchored_30s_horizon
belgium_2026_R_00030,belgium_2026_R,2026,Belgian Grand Prix,LEC,ANT,12,2026-07-19 13:14:38.479,2026-07-19 13:15:00.919,22.44,22.44,2026-07-19 13:15:08.479,30.0,5,88,93.5383333333325,1.096866449511391,40.5049999999992,307.0,245.0,62.0,14.87843921960958,1.999,True,2.0,1.0,2216.9383333333335,straight_03,132.44186569627072,248.8559781350873,MEDIUM,5.0,1.0,0.8741714147883785,8109.707762711372,112200.76848948907,400.0,False,1,False,CLOSE_INTERACTION_NO_PASS,0.0,,False,0.0,304.44347905282336,2.5565209471766366,1.200347,True,1.200347,5.364163296664009,11,True,3.0,straight,0.31357646833342384,7069.849166666669,19,953.4864263418576,2,belgium_2026_R|ANT|LEC,belgium_2026_R|L5|belgium_2026_R|ANT|LEC,,False,v4_t0_anchored_30s_horizon
belgium_2026_R_00031,belgium_2026_R,2026,Belgian Grand Prix,STR,ALO,14,2026-07-19 13:14:41.079,2026-07-19 13:14:46.919,5.84,3.84,2026-07-19 13:15:11.079,30.0,5,16,42.639444444443825,0.47086503067483976,10.215833333333194,326.0,290.0,36.0,,,False,17.0,18.0,1711.7502777777777,straight_03,637.6299212518265,754.0440336906431,HARD,5.0,1.0,0.9107706006224647,34579.68897251572,509.6789325992971,400.0,False,1,False,ON_TRACK_PASS,1.0,6.16,False,-2.0,289.22059267241383,36.77940732758617,0.52941,True,0.52941,29.113927992873656,13,True,3.0,straight,0.24211977333949872,7069.849166666669,19,953.4864263418576,2,belgium_2026_R|ALO|STR,belgium_2026_R|L5|belgium_2026_R|ALO|STR,belgium_2026_R_00039,False,v4_t0_anchored_30s_horizon
belgium_2026_R_00032,belgium_2026_R,2026,Belgian Grand Prix,ALO,BEA,87,2026-07-19 13:14:41.879,2026-07-19 13:14:46.919,5.04,5.04,2026-07-19 13:15:11.879,30.0,5,22,10.600833333334094,0.13114432989691663,10.600833333334094,291.0,329.0,-38.0,-38.250000000002046,0.8,True,18.0,15.0,1819.0083333333325,straight_03,530.3718656962717,646.7859781350883,HARD,5.0,1.0,0.905138239404785,34579.6889725157,509.67893259929684,399.9999999999998,False,1,False,CLOSE_INTERACTION_NO_PASS,0.0,,False,1.0,329.0,-38.0,0.11479,True,0.11479,-36.8368509196282,12,True,3.0,straight,0.2572909676644443,7069.849166666669,19,953.4864263418576,2,belgium_2026_R|ALO|BEA,belgium_2026_R|L5|belgium_2026_R|ALO|BEA,belgium_2026_R_00022,False,v4_t0_anchored_30s_horizon
belgium_2026_R_00033,belgium_2026_R,2026,Belgian Grand Prix,BOR,LIN,41,2026-07-19 13:14:42.479,2026-07-19 13:15:33.639,51.16,51.16,2026-07-19 13:15:12.479,30.0,5,190,33.403611111111786,0.4771944444444541,13.205833333332976,252.0,174.0,78.0,,,False,10.0,7.0,2309.5716666666663,brake_T5,39.80853236293797,156.22264480175454,MEDIUM,5.0,1.0,0.9081905115870451,10048.783066612415,51171.421857651636,400.0,False,1,False,CLOSE_INTERACTION_NO_PASS,0.0,74.121,True,1.0,225.0400397770984,26.9599602229016,0.660946,True,0.660946,59.23542278133583,11,True,3.0,brake,0.32667905809871695,7069.849166666669,19,953.4864263418576,2,belgium_2026_R|BOR|LIN,belgium_2026_R|L5|belgium_2026_R|BOR|LIN,,False,v4_t0_anchored_30s_horizon
belgium_2026_R_00034,belgium_2026_R,2026,Belgian Grand Prix,NOR,COL,43,2026-07-19 13:14:42.479,2026-07-19 13:15:33.639,51.16,51.16,2026-07-19 13:15:12.479,30.0,5,150,14.190277777776828,0.2343348623853054,10.008888888886304,218.0,176.0,42.0,,,False,9.0,8.0,2293.8377777777782,brake_T5,55.542421251826,171.95653369064257,HARD,5.0,1.0,0.9483074034102632,9418.868219458425,63142.48301538997,400.0,False,1,False,ON_TRACK_PASS,1.0,15.88,False,-1.0,196.9603693181808,21.039630681819204,0.279471,True,0.279471,31.407223669349225,11,True,3.0,brake,0.3244535666464988,7069.849166666669,19,953.4864263418576,2,belgium_2026_R|COL|NOR,belgium_2026_R|L5|belgium_2026_R|COL|NOR,,False,v4_t0_anchored_30s_horizon
belgium_2026_R_00035,belgium_2026_R,2026,Belgian Grand Prix,COL,BOR,5,2026-07-19 13:14:43.000,2026-07-19 13:15:33.639,50.639,48.879,2026-07-19 13:15:13.000,30.0,5,127,10.959722222222354,0.24659375000000297,10.044444444444707,160.0,221.0,-61.0,-58.85028790787029,0.521,True,8.0,10.0,2330.9674999999997,brake_T5,18.412699029604482,134.82681146842106,MEDIUM,5.0,1.0,0.9911762382893685,10905.376956341577,34892.49481279356,400.0,False,1,False,CLOSE_INTERACTION_NO_PASS,0.0,50.959,True,0.0,221.0,-61.0,0.17247,True,0.17247,-66.65852829797062,11,True,3.0,brake,0.32970540743502413,7069.849166666669,19,953.4864263418576,2,belgium_2026_R|BOR|COL,belgium_2026_R|L5|belgium_2026_R|BOR|COL,,False,v4_t0_anchored_30s_horizon
belgium_2026_R_00036,belgium_2026_R,2026,Belgian Grand Prix,PER,ALO,14,2026-07-19 13:14:47.239,2026-07-19 13:15:24.839,37.6,37.6,2026-07-19 13:15:17.239,30.0,5,140,55.10055555555482,0.6357756410256326,15.467222222222063,312.0,291.0,21.0,,,False,19.0,18.0,2206.6769444444453,straight_03,142.7032545851589,259.1173670239755,SOFT,4.0,2.0,0.8849374997096116,8724.633100947858,112211.53976259867,400.0,False,1,False,CLOSE_INTERACTION_NO_PASS,0.0,113.561,True,1.0,303.0,9.0,0.663204,True,0.663204,12.312561527451157,14,True,3.0,straight,0.3121250386569225,7069.849166666669,19,953.4864263418576,2,belgium_2026_R|ALO|PER,belgium_2026_R|L5|belgium_2026_R|ALO|PER,,False,v4_t0_anchored_30s_horizon
belgium_2026_R_00037,belgium_2026_R,2026,Belgian Grand Prix,BEA,SAI,55,2026-07-19 13:14:47.719,2026-07-19 13:14:53.039,5.32,5.32,2026-07-19 13:15:17.719,30.0,5,21,97.84611111110917,1.6084292237442603,83.77944444444256,219.0,,,149.04444444444653,1.8,True,15.0,,2333.3108333333334,brake_T5,16.06936569627078,132.48347813508735,HARD,4.0,2.0,0.9349261621526819,10999.193588003458,33109.579804024404,400.0,False,1,False,INVALID,,,False,0.0,,,,False,,,0,False,3.0,brake,0.3300368619368234,7069.849166666669,19,953.4864263418576,2,belgium_2026_R|BEA|SAI,belgium_2026_R|L5|belgium_2026_R|BEA|SAI,,False,v4_t0_anchored_30s_horizon
belgium_2026_R_00038,belgium_2026_R,2026,Belgian Grand Prix,GAS,NOR,1,2026-07-19 13:14:48.919,2026-07-19 13:14:56.239,7.32,7.32,2026-07-19 13:15:18.919,30.0,5,25,39.12361111111113,0.9086774193548391,39.12361111111113,155.0,171.0,-16.0,,,False,11.0,9.0,2516.4611111111117,brake_T7,70.05337637540742,130.05337637540742,MEDIUM,5.0,1.0,0.9932058112678888,16575.286667713735,26270.255191281645,400.0,False,1,False,CLOSE_INTERACTION_NO_PASS,0.0,,False,0.0,148.27916666666692,6.720833333333076,0.8826,True,0.8826,-2.5748542660291927,14,True,3.0,brake,0.3559426872889831,7069.849166666669,19,953.4864263418576,2,belgium_2026_R|GAS|NOR,belgium_2026_R|L5|belgium_2026_R|GAS|NOR,,False,v4_t0_anchored_30s_horizon
belgium_2026_R_00039,belgium_2026_R,2026,Belgian Grand Prix,ALO,STR,18,2026-07-19 13:14:52.399,2026-07-19 13:15:30.639,38.24,38.24,2026-07-19 13:15:22.399,30.0,5,80,10.00555555555502,0.2770769230769083,10.00555555555502,130.0,135.0,-5.0,-1.7531962201224398,1.799,True,18.0,17.0,2484.8077777777794,brake_T7,101.70670970873971,161.7067097087397,HARD,5.0,1.0,0.9500084327698075,17030.99022608175,11202.167074919184,400.0,False,1,False,CLOSE_INTERACTION_NO_PASS,0.0,,False,1.0,133.00038888888912,-3.0003888888891197,0.266614,True,0.266614,-1.2546565682542625,11,True,3.0,brake,0.3514654583429154,7069.849166666669,19,953.4864263418576,2,belgium_2026_R|ALO|STR,belgium_2026_R|L5|belgium_2026_R|ALO|STR,belgium_2026_R_00031,False,v4_t0_anchored_30s_horizon
belgium_2026_R_00040,belgium_2026_R,2026,Belgian Grand Prix,OCO,BOT,77,2026-07-19 13:14:53.039,2026-07-19 13:15:03.479,10.44,10.44,2026-07-19 13:15:23.039,30.0,5,40,25.491666666666788,0.679777777777781,25.29166666666697,135.0,127.0,8.0,,,False,20.0,21.0,2455.893333333333,corner_T6,130.62115415318613,9.900978135087826,HARD,4.0,2.0,0.9846578699135301,17041.585563041408,134.3762583654863,400.0,False,1,False,CLOSE_INTERACTION_NO_PASS,0.0,62.04,True,0.0,121.26456967213105,13.735430327868954,0.738057,True,0.738057,14.924414780880841,11,True,3.0,corner,0.34737563354427986,7069.849166666669,19,953.4864263418576,2,belgium_2026_R|BOT|OCO,belgium_2026_R|L5|belgium_2026_R|BOT|OCO,,False,v4_t0_anchored_30s_horizon
belgium_2026_R_00041,belgium_2026_R,2026,Belgian Grand Prix,HAD,PER,11,2026-07-19 13:14:53.039,2026-07-19 13:15:03.479,10.44,7.88,2026-07-19 13:15:23.039,30.0,5,30,11.62305555555713,0.32186923076927443,10.833333333334394,130.0,134.0,-4.0,,,False,16.0,19.0,2481.3158333333326,brake_T7,105.19865415318645,165.19865415318645,HARD,3.0,3.0,0.9859473839009681,17081.262704250174,9539.880009216751,400.0,False,1,False,CLOSE_INTERACTION_NO_PASS,0.0,32.2,True,-5.0,134.03264925373162,-4.03264925373162,0.325223,True,0.325223,-3.8320118860228543,11,True,3.0,brake,0.3509715377001794,7069.849166666669,19,953.4864263418576,2,belgium_2026_R|HAD|PER,belgium_2026_R|L5|belgium_2026_R|HAD|PER,,False,v4_t0_anchored_30s_horizon
belgium_2026_R_00042,belgium_2026_R,2026,Belgian Grand Prix,HUL,NOR,1,2026-07-19 13:14:56.439,2026-07-19 13:15:06.959,10.52,10.52,2026-07-19 13:15:26.439,30.0,5,41,38.50527777777779,0.6272352941176473,18.151944444444325,221.0,137.0,84.0,,,False,13.0,9.0,2923.391944444444,brake_T8,58.15102219398386,118.15102219398386,MEDIUM,5.0,1.0,0.9584743992732339,10131.831266108356,35487.33395504004,400.0,False,1,False,CLOSE_INTERACTION_NO_PASS,0.0,,False,0.0,183.919310344828,37.080689655171994,0.978386,True,0.978386,29.717892781546375,9,True,3.0,brake,0.41350131742948926,7069.849166666669,19,953.4864263418576,2,belgium_2026_R|HUL|NOR,belgium_2026_R|L5|belgium_2026_R|HUL|NOR,,False,v4_t0_anchored_30s_horizon
belgium_2026_R_00043,belgium_2026_R,2026,Belgian Grand Prix,ALB,HUL,27,2026-07-19 13:14:57.440,2026-07-19 13:15:00.559,3.119,3.119,2026-07-19 13:15:27.440,30.0,5,14,11.81111111111204,0.31264705882355404,11.81111111111204,136.0,156.0,-20.0,-30.566194837636242,1.201,True,12.0,13.0,2960.092777777777,brake_T8,21.450188860650997,81.450188860651,MEDIUM,5.0,1.0,1.0,11886.137151791161,18008.100838061047,400.0,False,1,False,CLOSE_INTERACTION_NO_PASS,0.0,32.799,True,0.0,166.31578947368493,-30.31578947368493,0.266,True,0.266,-32.473389912666725,9,True,3.0,brake,0.4186924937146032,7069.849166666669,19,953.4864263418576,2,belgium_2026_R|ALB|HUL,belgium_2026_R|L5|belgium_2026_R|ALB|HUL,,False,v4_t0_anchored_30s_horizon
belgium_2026_R_00044,belgium_2026_R,2026,Belgian Grand Prix,BOT,HAD,6,2026-07-19 13:14:58.359,2026-07-19 13:15:03.479,5.12,3.32,2026-07-19 13:15:28.359,30.0,5,15,10.296944444442943,0.19509999999997155,10.296944444442943,190.0,203.0,-13.0,-9.331770833333621,1.92,True,21.0,16.0,2722.069722222223,straight_05,259.47324441620503,319.47324441620503,HARD,4.0,2.0,0.9630760622649236,11650.863058606894,63277.461395888684,400.0,False,1,False,ON_TRACK_PASS,1.0,5.321,False,2.0,200.20238095238133,-10.202380952381333,0.167857,True,0.167857,-6.563959602165201,11,True,3.0,straight,0.38502514806912624,7069.849166666669,19,953.4864263418576,2,belgium_2026_R|BOT|HAD,belgium_2026_R|L5|belgium_2026_R|BOT|HAD,,False,v4_t0_anchored_30s_horizon
belgium_2026_R_00045,belgium_2026_R,2026,Belgian Grand Prix,GAS,HUL,27,2026-07-19 13:15:00.719,2026-07-19 13:15:06.959,6.24,4.68,2026-07-19 13:15:30.719,30.0,5,12,15.68750000000091,0.4482142857143117,10.489166666667643,126.0,116.0,10.0,,,False,11.0,13.0,3062.3113888888884,straight_06,148.23585537391318,208.23585537391318,MEDIUM,5.0,1.0,0.9980075453493797,17437.480527271164,1840.9119872109625,400.0,False,1,False,ON_TRACK_PASS,1.0,6.64,False,0.0,104.0,22.0,0.521278,True,0.521278,-1.0549271430481035,13,True,3.0,straight,0.4331508801244658,7069.849166666669,19,953.4864263418576,2,belgium_2026_R|GAS|HUL,belgium_2026_R|L5|belgium_2026_R|GAS|HUL,,False,v4_t0_anchored_30s_horizon
belgium_2026_R_00046,belgium_2026_R,2026,Belgian Grand Prix,OCO,HAD,6,2026-07-19 13:15:03.680,2026-07-19 13:15:07.760,4.08,4.08,2026-07-19 13:15:33.680,30.0,5,17,26.22361111111195,0.7375390625000235,20.893611111111568,128.0,109.0,19.0,,,False,20.0,16.0,2974.7858333333324,brake_T8,6.757133305095522,66.75713330509552,HARD,4.0,2.0,1.0,12588.467630384537,11010.34847304806,400.0,False,1,False,CLOSE_INTERACTION_NO_PASS,0.0,,False,0.0,119.98574561403602,8.01425438596398,0.840429,True,0.840429,24.265867773235218,13,True,3.0,brake,0.4207707637327008,7069.849166666669,19,953.4864263418576,2,belgium_2026_R|HAD|OCO,belgium_2026_R|L5|belgium_2026_R|HAD|OCO,,False,v4_t0_anchored_30s_horizon
belgium_2026_R_00047,belgium_2026_R,2026,Belgian Grand Prix,LEC,ANT,12,2026-07-19 13:15:14.839,2026-07-19 13:15:29.599,14.76,14.76,2026-07-19 13:15:44.839,30.0,5,50,99.64027777777846,1.369103053435124,73.98916666666992,262.0,220.0,42.0,10.111111111111313,1.8,True,2.0,1.0,4326.009444444443,brake_T12,76.78296472288912,287.07599544094046,MEDIUM,5.0,1.0,0.9170600030212555,9900.797983841681,62648.7725422888,400.0,False,1,False,CLOSE_INTERACTION_NO_PASS,0.0,,False,0.0,260.133141762452,1.8668582375480014,1.453371,True,1.453371,2.9454517278790986,12,True,3.0,brake,0.6118955783160073,7069.849166666669,19,953.4864263418576,2,belgium_2026_R|ANT|LEC,belgium_2026_R|L5|belgium_2026_R|ANT|LEC,,False,v4_t0_anchored_30s_horizon
belgium_2026_R_00048,belgium_2026_R,2026,Belgian Grand Prix,HAD,ALO,14,2026-07-19 13:15:25.239,2026-07-19 13:15:30.639,5.4,3.92,2026-07-19 13:15:55.239,30.0,5,14,27.8602777777769,0.3687389705882237,10.271666666665624,272.0,254.0,18.0,,,False,16.0,18.0,4228.210000000003,straight_09,174.5824091673294,384.87543988538073,HARD,3.0,3.0,0.9662538147153239,11930.005795755833,78951.54464334543,400.0,False,1,False,ON_TRACK_PASS,1.0,5.84,False,-5.0,253.00804133858273,18.99195866141727,0.396783,True,0.396783,10.078348391964308,11,True,3.0,straight,0.5980622641760747,7069.849166666669,19,953.4864263418576,2,belgium_2026_R|ALO|HAD,belgium_2026_R|L5|belgium_2026_R|ALO|HAD,belgium_2026_R_00053,False,v4_t0_anchored_30s_horizon
belgium_2026_R_00049,belgium_2026_R,2026,Belgian Grand Prix,PER,HAD,6,2026-07-19 13:15:26.919,2026-07-19 13:15:30.639,3.72,3.72,2026-07-19 13:15:56.919,30.0,5,13,11.005833333331793,0.1760933333333087,11.005833333331793,225.0,255.0,-30.0,-21.547619047615367,1.6800000000000002,True,19.0,16.0,4342.586666666669,brake_T12,60.20574250066329,270.49877321871463,SOFT,4.0,2.0,0.9730766978090227,10040.61833829581,57406.80345642447,400.0,False,1,False,CLOSE_INTERACTION_NO_PASS,0.0,,False,1.0,256.8570588235293,-31.857058823529314,0.148564,True,0.148564,-18.446680244967197,11,True,3.0,brake,0.6142403556700115,7069.849166666669,19,953.4864263418576,2,belgium_2026_R|HAD|PER,belgium_2026_R|L5|belgium_2026_R|HAD|PER,,False,v4_t0_anchored_30s_horizon
belgium_2026_R_00050,belgium_2026_R,2026,Belgian Grand Prix,GAS,NOR,1,2026-07-19 13:15:28.159,2026-07-19 13:15:31.639,3.48,3.48,2026-07-19 13:15:58.159,30.0,5,12,56.07361111110913,1.085295698924693,47.074166666665406,186.0,197.0,-11.0,,,False,11.0,9.0,4673.5730555555565,straight_10,168.46689686334958,228.46689686334958,MEDIUM,5.0,1.0,0.9903110483318911,15111.81341357094,29862.42352995942,400.0,False,1,False,CLOSE_INTERACTION_NO_PASS,0.0,,False,0.0,180.1692330917881,5.830766908211899,1.07701,True,1.07701,-6.583113896206381,11,True,3.0,straight,0.6610569681727847,7069.849166666669,19,953.4864263418576,2,belgium_2026_R|GAS|NOR,belgium_2026_R|L5|belgium_2026_R|GAS|NOR,,False,v4_t0_anchored_30s_horizon
belgium_2026_R_00051,belgium_2026_R,2026,Belgian Grand Prix,HAD,STR,18,2026-07-19 13:15:31.079,2026-07-19 13:15:57.199,26.12,23.4,2026-07-19 13:16:01.079,30.0,5,89,21.309722222220444,0.46493939393935513,11.232777777782758,165.0,166.0,-1.0,,,False,16.0,17.0,4556.435000000002,corner_T13,285.60495241890385,56.650439885381275,HARD,3.0,3.0,0.9982222244037728,12415.958915093926,29819.745825831378,400.0,False,1,False,ON_TRACK_PASS,1.0,26.48,False,-5.0,161.48962962963034,3.5103703703696567,0.465518,True,0.465518,14.884764505529656,10,True,3.0,corner,0.6444882900024154,7069.849166666669,19,953.4864263418576,2,belgium_2026_R|HAD|STR,belgium_2026_R|L5|belgium_2026_R|HAD|STR,belgium_2026_R_00074,False,v4_t0_anchored_30s_horizon
belgium_2026_R_00052,belgium_2026_R,2026,Belgian Grand Prix,PER,ALO,14,2026-07-19 13:15:31.079,2026-07-19 13:15:36.559,5.48,5.48,2026-07-19 13:16:01.079,30.0,5,21,22.898888888887086,0.5646301369862569,18.80999999999858,146.0,137.0,9.0,,,False,19.0,18.0,4531.7013888888905,brake_T13,21.384050996492988,81.38405099649299,SOFT,4.0,2.0,0.9983140861229234,12181.75057199018,30200.653380344247,400.0,False,1,False,CLOSE_INTERACTION_NO_PASS,0.0,69.721,True,1.0,144.09641608391595,1.9035839160840453,0.586188,True,0.586188,4.359395437950687,10,True,3.0,brake,0.640989826240596,7069.849166666669,19,953.4864263418576,2,belgium_2026_R|ALO|PER,belgium_2026_R|L5|belgium_2026_R|ALO|PER,,False,v4_t0_anchored_30s_horizon
belgium_2026_R_00053,belgium_2026_R,2026,Belgian Grand Prix,ALO,HAD,6,2026-07-19 13:15:32.799,2026-07-19 13:15:57.199,24.4,24.4,2026-07-19 13:16:02.799,30.0,5,93,10.772777777778174,0.2620405405405502,10.772777777778174,148.0,158.0,-10.0,-17.697674418602197,1.72,True,18.0,16.0,4623.1083333333345,straight_10,218.93161908557158,278.9316190855716,HARD,5.0,1.0,0.9964448772549614,14052.573432214005,29866.97651598911,400.0,False,1,False,CLOSE_INTERACTION_NO_PASS,0.0,,False,1.0,157.1343580470163,-9.134358047016292,0.242379,True,0.242379,-21.697830823148475,10,True,3.0,straight,0.6539189485301372,7069.849166666669,19,953.4864263418576,2,belgium_2026_R|ALO|HAD,belgium_2026_R|L5|belgium_2026_R|ALO|HAD,belgium_2026_R_00048,False,v4_t0_anchored_30s_horizon
belgium_2026_R_00054,belgium_2026_R,2026,Belgian Grand Prix,NOR,BOR,5,2026-07-19 13:15:33.959,2026-07-19 13:15:47.559,13.6,13.6,2026-07-19 13:16:03.959,30.0,5,53,47.39416666666784,0.8124714285714488,30.181944444445435,210.0,213.0,-3.0,,,False,9.0,10.0,5015.872777777775,brake_T15,81.7945762843301,141.7945762843301,HARD,5.0,1.0,0.9937059797356002,29061.44732472653,0.0,400.0,False,1,False,CLOSE_INTERACTION_NO_PASS,0.0,43.28,True,-1.0,196.48276515151468,13.517234848485316,0.800919,True,0.800919,-13.602776486218069,12,True,3.0,brake,0.709473803405439,7069.849166666669,19,953.4864263418576,2,belgium_2026_R|BOR|NOR,belgium_2026_R|L5|belgium_2026_R|BOR|NOR,,False,v4_t0_anchored_30s_horizon
belgium_2026_R_00055,belgium_2026_R,2026,Belgian Grand Prix,COL,LIN,41,2026-07-19 13:15:33.959,2026-07-19 13:15:47.559,13.6,13.6,2026-07-19 13:16:03.959,30.0,5,53,62.13222222222157,0.9319833333333235,60.83222222222048,240.0,242.0,-2.0,,,False,8.0,7.0,5063.717777777775,brake_T15,33.94957628432985,93.94957628432985,MEDIUM,5.0,1.0,0.9894118142253406,30139.86095448382,0.0,400.0,False,1,False,CLOSE_INTERACTION_NO_PASS,0.0,,False,0.0,232.43772893772928,7.5622710622707245,0.934679,True,0.934679,-21.330215875126893,12,True,3.0,brake,0.7162412745172108,7069.849166666669,19,953.4864263418576,2,belgium_2026_R|COL|LIN,belgium_2026_R|L5|belgium_2026_R|COL|LIN,,True,v4_t0_anchored_30s_horizon
belgium_2026_R_00056,belgium_2026_R,2026,Belgian Grand Prix,BOR,COL,43,2026-07-19 13:15:36.039,2026-07-19 13:15:47.559,11.52,10.68,2026-07-19 13:16:06.039,30.0,5,43,10.489166666666279,0.14984523809523256,10.489166666666279,252.0,267.0,-15.0,-16.585365853658757,1.6400000000000001,True,10.0,8.0,5201.564999999998,straight_12,612.2969707045677,672.2969707045677,MEDIUM,5.0,1.0,0.9814029438213352,32009.444578652812,0.0,400.0,False,1,False,ON_TRACK_PASS,1.0,11.76,False,1.0,265.37286724927185,-13.372867249271849,0.146441,True,0.146441,-18.952526859240983,12,True,3.0,straight,0.735739175953659,7069.849166666669,19,953.4864263418576,2,belgium_2026_R|BOR|COL,belgium_2026_R|L5|belgium_2026_R|BOR|COL,,True,v4_t0_anchored_30s_horizon
belgium_2026_R_00057,belgium_2026_R,2026,Belgian Grand Prix,ALB,GAS,10,2026-07-19 13:15:36.559,2026-07-19 13:16:02.480,25.921,25.921,2026-07-19 13:16:06.559,30.0,5,76,18.166111111110695,0.2680245901639283,12.3025000000016,244.0,249.0,-5.0,,,False,12.0,11.0,5105.0975,corner_T15,708.7644707045656,52.56985406210515,MEDIUM,5.0,1.0,0.9869638197293862,31041.835814567723,0.0,400.0,False,1,False,CLOSE_INTERACTION_NO_PASS,0.0,,False,0.0,245.50015243902425,-1.500152439024248,0.253317,True,0.253317,-14.891082343775418,11,True,3.0,corner,0.7220942596724421,7069.849166666669,19,953.4864263418576,2,belgium_2026_R|ALB|GAS,belgium_2026_R|L5|belgium_2026_R|ALB|GAS,,True,v4_t0_anchored_30s_horizon
belgium_2026_R_00058,belgium_2026_R,2026,Belgian Grand Prix,OCO,PER,11,2026-07-19 13:15:36.759,2026-07-19 13:15:40.719,3.96,3.96,2026-07-19 13:16:06.759,30.0,5,16,35.811944444444634,0.6414079601990085,10.847499999999854,201.0,195.0,6.0,,,False,20.0,19.0,4764.536944444447,brake_T14,77.50300797445925,137.50300797445925,HARD,4.0,2.0,0.9881913833176051,16966.484362055235,26996.083262389002,400.0,False,1,False,ON_TRACK_PASS,1.0,20.24,False,0.0,196.87131250000007,4.128687499999927,0.650295,True,0.650295,-9.668937171501627,11,True,3.0,brake,0.6739234221443591,7069.849166666669,19,953.4864263418576,2,belgium_2026_R|OCO|PER,belgium_2026_R|L5|belgium_2026_R|OCO|PER,,False,v4_t0_anchored_30s_horizon
belgium_2026_R_00059,belgium_2026_R,2026,Belgian Grand Prix,BOT,ALO,14,2026-07-19 13:15:36.759,2026-07-19 13:15:40.719,3.96,3.96,2026-07-19 13:16:06.759,30.0,5,16,19.221666666663623,0.3295142857142336,18.863888888886322,210.0,202.0,8.0,,,False,21.0,18.0,4800.980277777781,brake_T14,41.05967464112473,101.05967464112473,HARD,4.0,2.0,0.9852695311954077,18160.522784003242,24541.800461915795,400.0,False,1,False,CLOSE_INTERACTION_NO_PASS,0.0,,False,2.0,199.3970297029713,10.60297029702869,0.330148,True,0.330148,1.4389985110432222,11,True,3.0,brake,0.6790781761531376,7069.849166666669,19,953.4864263418576,2,belgium_2026_R|ALO|BOT,belgium_2026_R|L5|belgium_2026_R|ALO|BOT,,False,v4_t0_anchored_30s_horizon
belgium_2026_R_00060,belgium_2026_R,2026,Belgian Grand Prix,HUL,ALB,23,2026-07-19 13:15:39.119,2026-07-19 13:15:55.359,16.24,15.72,2026-07-19 13:16:09.119,30.0,5,60,10.123055555554856,0.14016538461537495,10.123055555554856,260.0,274.0,-14.0,-12.297872340425958,1.88,True,13.0,12.0,5279.167222222222,straight_12,534.6947484823431,594.6947484823431,MEDIUM,5.0,1.0,0.9769449813544537,32009.444578652812,0.0,400.0,False,1,False,ON_TRACK_PASS,1.0,16.561,False,0.0,272.86049270073,-12.860492700729992,0.13674,True,0.13674,-12.970923020719349,12,True,3.0,straight,0.7467156791848889,7069.849166666669,19,953.4864263418576,2,belgium_2026_R|ALB|HUL,belgium_2026_R|L5|belgium_2026_R|ALB|HUL,,True,v4_t0_anchored_30s_horizon
belgium_2026_R_00061,belgium_2026_R,2026,Belgian Grand Prix,VER,LEC,16,2026-07-19 13:15:40.719,2026-07-19 13:15:49.800,9.081,9.081,2026-07-19 13:16:10.719,30.0,5,37,98.40138888888578,1.1427258064515766,49.01999999999771,310.0,289.0,21.0,15.52173913043846,1.8399999999999999,True,3.0,2.0,5912.415555555554,straight_13,169.57524425983866,229.57524425983866,MEDIUM,5.0,1.0,0.8803454161023874,31611.42363867265,199.48246781910265,400.0,False,1,False,CLOSE_INTERACTION_NO_PASS,0.0,81.4,True,0.0,303.08952020201787,6.910479797982134,1.205969,True,1.205969,11.493945335025728,12,True,3.0,straight,0.8362859540811353,7069.849166666669,19,953.4864263418576,2,belgium_2026_R|LEC|VER,belgium_2026_R|L5|belgium_2026_R|LEC|VER,,True,v4_t0_anchored_30s_horizon
belgium_2026_R_00062,belgium_2026_R,2026,Belgian Grand Prix,OCO,BOT,77,2026-07-19 13:15:41.119,2026-07-19 13:15:54.839,13.72,10.84,2026-07-19 13:16:11.119,30.0,5,42,15.584166666668352,0.3528490566038118,10.018888888891524,159.0,159.0,0.0,,,False,20.0,21.0,4973.80277777778,straight_11,123.86457628432527,183.86457628432527,HARD,4.0,2.0,0.997429511062453,27993.113002738595,12.227371212011155,400.0,False,1,False,ON_TRACK_PASS,1.0,13.96,False,0.0,150.8071698113195,8.192830188680489,0.364125,True,0.364125,9.561627012509808,12,True,3.0,straight,0.7035231814037209,7069.849166666669,19,953.4864263418576,2,belgium_2026_R|BOT|OCO,belgium_2026_R|L5|belgium_2026_R|BOT|OCO,,False,v4_t0_anchored_30s_horizon
belgium_2026_R_00063,belgium_2026_R,2026,Belgian Grand Prix,BOT,PER,11,2026-07-19 13:15:44.999,2026-07-19 13:15:54.839,9.84,6.44,2026-07-19 13:16:14.999,30.0,5,23,10.195277777775118,0.1582025862068553,10.010277777773808,232.0,245.0,-13.0,-9.141666666662902,1.92,True,21.0,19.0,5224.839722222227,straight_12,589.0222484823389,649.0222484823389,HARD,4.0,2.0,0.9839030896953689,32009.444578652812,0.0,400.0,False,1,False,ON_TRACK_PASS,1.0,18.44,False,2.0,245.0,-13.0,0.144677,True,0.144677,-6.086674951382432,12,True,3.0,straight,0.7390312861067251,7069.849166666669,19,953.4864263418576,2,belgium_2026_R|BOT|PER,belgium_2026_R|L5|belgium_2026_R|BOT|PER,,True,v4_t0_anchored_30s_horizon
belgium_2026_R_00064,belgium_2026_R,2026,Belgian Grand Prix,LAW,VER,3,2026-07-19 13:15:51.239,2026-07-19 13:15:55.359,4.12,4.12,2026-07-19 13:16:21.239,30.0,5,17,93.24166666666133,1.2340808823528706,39.519444444437795,272.0,95.0,177.0,,,False,6.0,3.0,6568.0475000000015,brake_T18,52.43711627659377,177.48471151827835,MEDIUM,5.0,1.0,0.8911883613472549,9872.70478342726,55249.486608217165,400.0,False,1,False,CLOSE_INTERACTION_NO_PASS,0.0,,False,0.0,256.6491652693607,15.350834730639292,2.408827,True,2.408827,112.15542967943445,10,True,3.0,brake,0.9290222952658466,7069.849166666669,19,953.4864263418576,2,belgium_2026_R|LAW|VER,belgium_2026_R|L5|belgium_2026_R|LAW|VER,,True,v4_t0_anchored_30s_horizon
belgium_2026_R_00065,belgium_2026_R,2026,Belgian Grand Prix,HAM,LEC,16,2026-07-19 13:15:51.239,2026-07-19 13:15:56.600,5.361,5.361,2026-07-19 13:16:21.239,30.0,5,22,41.39249999999538,0.8324748603351027,23.19249999999738,179.0,89.0,90.0,,,False,5.0,2.0,6665.573333333332,corner_T18,19.958878184947935,79.95887818494793,MEDIUM,5.0,1.0,0.8482573718017486,11530.723701209121,9082.26640879891,400.0,False,1,False,CLOSE_INTERACTION_NO_PASS,0.0,,False,0.0,132.96167364821645,46.03832635178355,1.4969839999999999,True,1.4969839999999999,117.4706825119155,10,True,3.0,corner,0.9428169082815175,7069.849166666669,19,953.4864263418576,2,belgium_2026_R|HAM|LEC,belgium_2026_R|L5|belgium_2026_R|HAM|LEC,,True,v4_t0_anchored_30s_horizon
belgium_2026_R_00066,belgium_2026_R,2026,Belgian Grand Prix,PIA,HAM,44,2026-07-19 13:15:51.959,2026-07-19 13:15:57.879,5.92,3.4,2026-07-19 13:16:21.959,30.0,5,14,10.935833333331175,0.43743333333324697,10.935833333331175,90.0,133.0,-43.0,-52.44444444443616,0.72,True,4.0,5.0,6683.546388888889,brake_T19,1.9858226293908956,61.985822629390896,MEDIUM,5.0,1.0,0.9598633810520578,11677.337539115626,1647.8020577096697,386.30277777777974,True,1,False,ON_TRACK_PASS,1.0,6.16,False,0.0,144.06870300751646,-54.06870300751646,0.295165,True,0.295165,-81.11813817093272,10,True,3.0,brake,0.9453591203049787,7069.849166666669,19,953.4864263418576,2,belgium_2026_R|HAM|PIA,belgium_2026_R|L5|belgium_2026_R|HAM|PIA,belgium_2026_R_00075,True,v4_t0_anchored_30s_horizon
belgium_2026_R_00067,belgium_2026_R,2026,Belgian Grand Prix,BEA,SAI,55,2026-07-19 13:15:55.680,2026-07-19 13:16:28.320,32.64,32.64,2026-07-19 13:16:25.680,30.0,5,105,98.99027777777792,1.2416898954703852,10.28694444444318,287.0,,,5.7474747474736185,1.881,True,15.0,,6464.680833333333,straight_14,155.80378294326238,280.85137818494695,HARD,4.0,2.0,0.9044822331270836,11274.02241833533,87302.57442623445,400.0,False,1,False,INVALID,,,False,0.0,,,,False,,,0,False,3.0,straight,0.9144015212960104,7069.849166666669,19,953.4864263418576,2,belgium_2026_R|BEA|SAI,belgium_2026_R|L5|belgium_2026_R|BEA|SAI,,True,v4_t0_anchored_30s_horizon
belgium_2026_R_00068,belgium_2026_R,2026,Belgian Grand Prix,HUL,NOR,1,2026-07-19 13:15:56.999,2026-07-19 13:16:02.480,5.481,5.481,2026-07-19 13:16:26.999,30.0,5,18,30.257222222218843,0.7950802919707141,20.201666666664096,137.0,70.0,67.0,,,False,13.0,9.0,6668.579166666666,corner_T18,16.953044851613413,76.95304485161341,MEDIUM,5.0,1.0,0.9890158339859967,11636.714439187637,7662.711240289865,400.0,False,1,False,CLOSE_INTERACTION_NO_PASS,0.0,,False,0.0,91.79799238490594,45.20200761509406,1.391144,True,1.391144,122.06685381079103,11,True,3.0,corner,0.9432420705816564,7069.849166666669,19,953.4864263418576,2,belgium_2026_R|HUL|NOR,belgium_2026_R|L5|belgium_2026_R|HUL|NOR,,True,v4_t0_anchored_30s_horizon
belgium_2026_R_00069,belgium_2026_R,2026,Belgian Grand Prix,OCO,ALO,14,2026-07-19 13:15:56.999,2026-07-19 13:16:02.800,5.801,4.16,2026-07-19 13:16:26.999,30.0,5,16,26.22444444443954,0.3347801418439091,11.168888888883885,282.0,270.0,12.0,,,False,20.0,18.0,6220.866388888892,straight_14,399.618227387703,524.6658226293875,HARD,4.0,2.0,0.9190780446038442,25633.72944084967,57256.29706151134,400.0,False,1,False,ON_TRACK_PASS,1.0,6.041,False,0.0,271.7394040657196,10.260595934280389,0.347011,True,0.347011,17.7783759016067,11,True,3.0,straight,0.8799150084020733,7069.849166666669,19,953.4864263418576,2,belgium_2026_R|ALO|OCO,belgium_2026_R|L5|belgium_2026_R|ALO|OCO,,True,v4_t0_anchored_30s_horizon
belgium_2026_R_00070,belgium_2026_R,2026,Belgian Grand Prix,GAS,HUL,27,2026-07-19 13:15:56.999,2026-07-19 13:16:02.480,5.481,4.8,2026-07-19 13:16:26.999,30.0,5,18,11.757222222221571,0.47028888888886283,10.690555555555875,90.0,137.0,-47.0,-52.37894736841793,0.76,True,11.0,13.0,6656.416944444444,corner_T18,29.11526707383564,89.11526707383564,MEDIUM,5.0,1.0,1.0,11207.854031494306,13406.52451983663,400.0,False,1,False,ON_TRACK_PASS,1.0,5.801,False,0.0,152.21863051790035,-62.21863051790035,0.319591,True,0.319591,-80.43160162959195,11,True,3.0,corner,0.9415217761403597,7069.849166666669,19,953.4864263418576,2,belgium_2026_R|GAS|HUL,belgium_2026_R|L5|belgium_2026_R|GAS|HUL,,True,v4_t0_anchored_30s_horizon
belgium_2026_R_00071,belgium_2026_R,2026,Belgian Grand Prix,ALO,STR,18,2026-07-19 13:15:57.559,2026-07-19 13:16:02.800,5.241,5.241,2026-07-19 13:16:27.559,30.0,5,19,65.13555555555922,0.8749552238806463,20.27166666667199,268.0,263.0,5.0,,,False,18.0,17.0,6288.692222222222,straight_14,331.7923940543733,456.83998929605787,HARD,5.0,1.0,0.9094878807650447,20433.293946200865,86110.57489038169,400.0,False,1,False,CLOSE_INTERACTION_NO_PASS,0.0,,False,1.0,261.83908045977023,6.16091954022977,0.894793,True,0.894793,10.709881573501178,11,True,3.0,straight,0.889508683137472,7069.849166666669,19,953.4864263418576,2,belgium_2026_R|ALO|STR,belgium_2026_R|L5|belgium_2026_R|ALO|STR,,True,v4_t0_anchored_30s_horizon
belgium_2026_R_00072,belgium_2026_R,2026,Belgian Grand Prix,LAW,HAM,44,2026-07-19 13:15:58.119,2026-07-19 13:16:29.839,31.72,31.72,2026-07-19 13:16:28.119,30.0,5,112,76.81666666666206,2.7933333333331656,17.99222222222221,99.0,151.0,-52.0,,,False,6.0,5.0,6777.816111111113,straight_15,,,MEDIUM,5.0,1.0,0.9781271294155799,10347.999112977968,84.71491787694042,292.0330555555556,True,1,False,CLOSE_INTERACTION_NO_PASS,0.0,,False,0.0,77.30723246610805,21.692767533891953,2.704405,True,2.704405,-20.19869986313764,11,True,3.0,straight,0.9586931702966947,7069.849166666669,19,953.4864263418576,2,belgium_2026_R|HAM|LAW,belgium_2026_R|L5|belgium_2026_R|HAM|LAW,,True,v4_t0_anchored_30s_horizon
belgium_2026_R_00073,belgium_2026_R,2026,Belgian Grand Prix,PIA,VER,3,2026-07-19 13:15:58.119,2026-07-19 13:16:27.279,29.16,29.16,2026-07-19 13:16:28.119,30.0,5,107,17.563333333329865,0.3532290502792599,17.563333333329865,179.0,198.0,-19.0,-24.914361702128407,1.88,True,4.0,3.0,6856.411666666666,straight_15,,,MEDIUM,5.0,1.0,0.9537708286059846,7563.017331974925,61.915389167032,213.43750000000273,True,1,False,CLOSE_INTERACTION_NO_PASS,0.0,,False,0.0,188.37013157894896,-9.370131578948957,0.326926,True,0.326926,-25.972714695595787,11,True,3.0,straight,0.9698101762897107,7069.849166666669,19,953.4864263418576,2,belgium_2026_R|PIA|VER,belgium_2026_R|L5|belgium_2026_R|PIA|VER,,True,v4_t0_anchored_30s_horizon
belgium_2026_R_00074,belgium_2026_R,2026,Belgian Grand Prix,STR,HAD,6,2026-07-19 13:15:58.919,2026-07-19 13:16:26.599,27.68,27.68,2026-07-19 13:16:28.919,30.0,5,102,11.664999999997235,0.15669402985070913,11.664999999997235,268.0,292.0,-24.0,-24.91176470588337,1.3599999999999999,True,17.0,16.0,6454.3091666666705,straight_14,166.17544960992473,291.2230448516093,HARD,5.0,1.0,0.9015964514112627,11705.380426824746,87304.00196181746,400.0,False,1,False,CLOSE_INTERACTION_NO_PASS,0.0,,False,-2.0,291.6767201120798,-23.676720112079806,0.142243,True,0.142243,-22.418859915966525,11,True,3.0,straight,0.9129344932983604,7069.849166666669,19,953.4864263418576,2,belgium_2026_R|HAD|STR,belgium_2026_R|L5|belgium_2026_R|HAD|STR,belgium_2026_R_00051,True,v4_t0_anchored_30s_horizon
belgium_2026_R_00075,belgium_2026_R,2026,Belgian Grand Prix,HAM,PIA,81,2026-07-19 13:15:59.479,2026-07-19 13:17:18.439,78.96,78.28,2026-07-19 13:16:29.479,30.0,5,254,10.245555555557075,0.18722842639596687,10.245555555557075,197.0,218.0,-21.0,-23.2352941176484,1.3599999999999999,True,5.0,4.0,6923.879444444443,straight_15,,,MEDIUM,5.0,1.0,0.8756139351320299,5172.341032434529,42.34388126731503,145.96972222222576,True,1,False,UNCERTAIN,,79.12,True,0.0,214.81800458715554,-17.818004587155542,0.169706,True,0.169706,-29.572288231074182,10,True,3.0,straight,0.9793532055944769,7069.849166666669,19,953.4864263418576,2,belgium_2026_R|HAM|PIA,belgium_2026_R|L5|belgium_2026_R|HAM|PIA,belgium_2026_R_00066,True,v4_t0_anchored_30s_horizon
belgium_2026_R_00076,belgium_2026_R,2026,Belgian Grand Prix,LIN,LAW,30,2026-07-19 13:15:59.719,2026-07-19 13:20:19.039,259.32,257.08,2026-07-19 13:16:29.719,30.0,5,927,33.55583333334016,0.8817591240877706,10.178888888880465,137.0,169.0,-32.0,,,False,7.0,6.0,6807.083611111107,straight_15,,,MEDIUM,5.0,1.0,0.9887700042319023,9310.92451379308,76.2248041319533,262.76555555556206,True,1,False,CLOSE_INTERACTION_NO_PASS,0.0,,False,0.0,133.21083916083137,3.7891608391686304,0.755783,True,0.755783,-24.65885660731153,10,True,3.0,straight,0.9628329332972952,7069.849166666669,19,953.4864263418576,2,belgium_2026_R|LAW|LIN,belgium_2026_R|L5|belgium_2026_R|LAW|LIN,,True,v4_t0_anchored_30s_horizon
belgium_2026_R_00077,belgium_2026_R,2026,Belgian Grand Prix,NOR,COL,43,2026-07-19 13:16:01.159,2026-07-19 13:19:31.799,210.64,208.48,2026-07-19 13:16:31.159,30.0,5,707,11.493333333337432,0.30648888888899817,10.32472222222259,135.0,157.0,-22.0,-19.880000000003747,2.0,True,9.0,8.0,6803.871666666662,straight_15,,,HARD,5.0,1.0,0.9971992084715001,9424.737651140886,77.15654663390657,265.97750000000633,True,1,False,UNCERTAIN,,,False,-1.0,147.570541401271,-12.570541401270987,0.251452,True,0.251452,-16.85485031016565,11,True,3.0,straight,0.9623786174598954,7069.849166666669,19,953.4864263418576,2,belgium_2026_R|COL|NOR,belgium_2026_R|L5|belgium_2026_R|COL|NOR,,True,v4_t0_anchored_30s_horizon
belgium_2026_R_00078,belgium_2026_R,2026,Belgian Grand Prix,HAD,BEA,87,2026-07-19 13:16:01.159,2026-07-19 13:16:05.879,4.72,4.72,2026-07-19 13:16:31.159,30.0,5,18,97.89944444444427,1.884695187165772,73.53888888888923,187.0,75.0,112.0,163.91999999999825,2.0,True,16.0,15.0,6625.457777777779,corner_T18,60.07443374050126,120.07443374050126,HARD,3.0,3.0,0.9854129069866944,10116.181753524197,28027.509844277156,400.0,False,1,False,CLOSE_INTERACTION_NO_PASS,0.0,,False,-5.0,195.99345238095214,-8.993452380952135,3.226492,True,3.226492,173.67277263329254,11,True,3.0,corner,0.9371427341075207,7069.849166666669,19,953.4864263418576,2,belgium_2026_R|BEA|HAD,belgium_2026_R|L5|belgium_2026_R|BEA|HAD,,True,v4_t0_anchored_30s_horizon
belgium_2026_R_00079,belgium_2026_R,2026,Belgian Grand Prix,OCO,STR,18,2026-07-19 13:16:03.040,2026-07-19 13:16:08.479,5.439,5.439,2026-07-19 13:16:33.040,30.0,5,10,17.156111111109567,0.42014965986390773,10.6727777777769,147.0,100.0,47.0,,,False,20.0,17.0,6658.414722222227,corner_T18,27.117489296052554,87.11748929605255,HARD,4.0,2.0,0.9959749612992815,11278.299035425849,12463.040482137698,400.0,False,1,False,CLOSE_INTERACTION_NO_PASS,0.0,111.319,True,0.0,121.15420560747643,25.845794392523572,0.5885,True,0.5885,73.35082535940427,11,True,3.0,corner,0.9418043532831937,7069.849166666669,19,953.4864263418576,2,belgium_2026_R|OCO|STR,belgium_2026_R|L5|belgium_2026_R|OCO|STR,,True,v4_t0_anchored_30s_horizon
belgium_2026_R_00080,belgium_2026_R,2026,Belgian Grand Prix,BOR,NOR,1,2026-07-19 13:16:04.599,2026-07-19 13:18:27.159,142.56,142.56,2026-07-19 13:16:34.599,30.0,6,458,33.37277777777778,0.5269385964912281,10.078055555554329,228.0,239.0,-11.0,,,False,10.0,9.0,20.921666666666667,straight_01,315.29964416053787,375.29964416053787,MEDIUM,6.0,1.0,0.9855672444814473,16898.73267898599,75209.83868203241,400.0,False,1,False,CLOSE_INTERACTION_NO_PASS,0.0,,False,0.0,224.73226495726496,3.2677350427350405,0.503307,True,0.503307,-33.85257255205542,11,True,3.0,straight,0.002959280484413917,7069.849166666669,19,953.4864263418576,2,belgium_2026_R|BOR|NOR,belgium_2026_R|L6|belgium_2026_R|BOR|NOR,,False,v4_t0_anchored_30s_horizon
belgium_2026_R_00081,belgium_2026_R,2026,Belgian Grand Prix,GAS,BOR,5,2026-07-19 13:16:04.999,2026-07-19 13:18:27.159,142.16,139.04,2026-07-19 13:16:34.999,30.0,6,446,24.19027777777777,0.3690042372881355,10.122222222224991,236.0,234.0,2.0,,,False,11.0,10.0,22.049722222222226,straight_01,314.17158860498233,374.17158860498233,MEDIUM,6.0,1.0,0.985177547753843,16886.76619698935,75209.52230772415,400.0,False,1,False,CLOSE_INTERACTION_NO_PASS,0.0,,False,0.0,228.14713768115942,7.852862318840579,0.382343,True,0.382343,-5.715929080107701,12,True,3.0,straight,0.0031188391297205494,7069.849166666669,19,953.4864263418576,2,belgium_2026_R|BOR|GAS,belgium_2026_R|L6|belgium_2026_R|BOR|GAS,,False,v4_t0_anchored_30s_horizon
belgium_2026_R_00082,belgium_2026_R,2026,Belgian Grand Prix,SAI,HUL,27,2026-07-19 13:16:06.919,2026-07-19 13:16:50.759,43.84,43.84,2026-07-19 13:16:36.919,30.0,6,159,30.61638888888888,0.4592458333333332,12.560833333333335,240.0,241.0,-1.0,,,False,14.0,13.0,30.39138888888889,straight_01,305.82992193831564,365.82992193831564,SOFT,6.0,1.0,0.9985137867407962,16798.2772892427,75207.18280502115,400.00000000000006,False,1,False,CLOSE_INTERACTION_NO_PASS,0.0,,False,0.0,227.69439102564104,12.305608974358961,0.464128,True,0.464128,,2,False,3.0,straight,0.004298732288685869,7069.849166666669,19,953.4864263418576,2,belgium_2026_R|HUL|SAI,belgium_2026_R|L6|belgium_2026_R|HUL|SAI,,False,v4_t0_anchored_30s_horizon
belgium_2026_R_00083,belgium_2026_R,2026,Belgian Grand Prix,PER,ALO,14,2026-07-19 13:16:12.679,2026-07-19 13:16:38.519,25.84,23.2,2026-07-19 13:16:42.679,30.0,6,62,11.30083333333333,0.18081333333333327,10.200833333333321,225.0,221.0,4.0,,,False,17.0,20.0,18.776666666666664,straight_01,317.4446441605379,377.4446441605379,SOFT,5.0,2.0,0.9865776829469792,16921.486969549413,75210.44026844176,400.0,False,1,False,ON_TRACK_PASS,1.0,26.24,False,-2.0,216.36693548387098,8.633064516129025,0.185322,True,0.185322,-5.163028449243777,13,True,3.0,straight,0.002655879386394263,7069.849166666669,19,953.4864263418576,2,belgium_2026_R|ALO|PER,belgium_2026_R|L6|belgium_2026_R|ALO|PER,,False,v4_t0_anchored_30s_horizon
belgium_2026_R_00084,belgium_2026_R,2026,Belgian Grand Prix,BOT,OCO,31,2026-07-19 13:16:13.159,2026-07-19 13:16:42.639,29.48,29.48,2026-07-19 13:16:43.159,30.0,6,93,29.795833333333327,0.472533039647577,10.34555555555562,227.0,232.0,-5.0,,,False,21.0,18.0,13.652222222222221,straight_01,322.5690886049823,382.5690886049823,HARD,5.0,2.0,0.9865395600287415,16975.847388134505,75211.87746943625,400.0,False,1,False,CLOSE_INTERACTION_NO_PASS,0.0,,False,0.0,225.33889751552795,1.6611024844720532,0.461021,True,0.461021,-13.904150436429076,13,True,3.0,straight,0.0019310485839769403,7069.849166666669,19,953.4864263418576,2,belgium_2026_R|BOT|OCO,belgium_2026_R|L6|belgium_2026_R|BOT|OCO,,False,v4_t0_anchored_30s_horizon
belgium_2026_R_00085,belgium_2026_R,2026,Belgian Grand Prix,OCO,PER,11,2026-07-19 13:16:15.439,2026-07-19 13:16:38.519,23.08,23.08,2026-07-19 13:16:45.439,30.0,6,65,10.461944444444498,0.15372653061224567,10.125000000000114,245.0,255.0,-10.0,-5.812500000000097,1.92,True,18.0,17.0,199.4283333333333,straight_01,136.79297749387123,196.79297749387123,HARD,5.0,2.0,0.9775304287947879,15005.123093511957,75159.77472648746,400.0,False,1,False,CLOSE_INTERACTION_NO_PASS,0.0,,False,-2.0,256.4703137254902,-11.4703137254902,0.147031,True,0.147031,-4.873591451462321,12,True,3.0,straight,0.028208286857605038,7069.849166666669,19,953.4864263418576,2,belgium_2026_R|OCO|PER,belgium_2026_R|L6|belgium_2026_R|OCO|PER,,False,v4_t0_anchored_30s_horizon
belgium_2026_R_00086,belgium_2026_R,2026,Belgian Grand Prix,PIA,LEC,16,2026-07-19 13:16:27.639,2026-07-19 13:17:18.439,50.8,50.8,2026-07-19 13:16:57.639,30.0,6,186,87.25083333333282,0.9754751552794974,29.35361111111024,322.0,312.0,10.0,,,False,4.0,3.0,1936.7283333333341,straight_03,412.6518656962701,529.0659781350867,MEDIUM,6.0,1.0,0.9009649504442495,27143.43947218528,82090.8790046059,400.0000000000002,False,1,False,CLOSE_INTERACTION_NO_PASS,0.0,,False,0.0,313.81464856230025,8.185351437699751,1.002929,True,1.002929,7.581037728900838,14,True,3.0,straight,0.27394195939352317,7069.849166666669,19,953.4864263418576,2,belgium_2026_R|LEC|PIA,belgium_2026_R|L6|belgium_2026_R|LEC|PIA,,False,v4_t0_anchored_30s_horizon
belgium_2026_R_00087,belgium_2026_R,2026,Belgian Grand Prix,VER,ANT,12,2026-07-19 13:16:29.638,2026-07-19 13:17:22.158,52.52,52.52,2026-07-19 13:16:59.638,30.0,6,192,99.9791666666656,1.124765624999988,40.61361111111,320.0,270.0,50.0,20.428214107053783,1.999,True,2.0,1.0,2204.1200000000003,straight_03,145.26019902960388,261.67431146842046,MEDIUM,6.0,1.0,0.8255691405396962,8877.860889542331,112214.2237605677,400.0,False,1,False,CLOSE_INTERACTION_NO_PASS,0.0,,False,-1.0,306.6204715219421,13.379528478057921,1.211732,True,1.211732,18.26574346260573,12,True,3.0,straight,0.31176336977486196,7069.849166666669,19,953.4864263418576,2,belgium_2026_R|ANT|VER,belgium_2026_R|L6|belgium_2026_R|ANT|VER,,False,v4_t0_anchored_30s_horizon
belgium_2026_R_00088,belgium_2026_R,2026,Belgian Grand Prix,LEC,VER,3,2026-07-19 13:16:30.279,2026-07-19 13:21:09.919,279.64,279.64,2026-07-19 13:17:00.279,30.0,6,1022,10.111111111111313,0.11934426229508437,10.111111111111313,305.0,319.0,-14.0,-11.530883103624639,1.959,True,3.0,2.0,2250.6608333333334,brake_T5,98.71936569627087,215.13347813508744,MEDIUM,6.0,1.0,0.7913982585790575,7690.255633443078,95993.47403222363,400.0,False,1,False,CLOSE_INTERACTION_NO_PASS,0.0,,False,1.0,319.0,-14.0,0.115774,True,0.115774,-11.954679339711786,13,True,3.0,brake,0.31834637207606614,7069.849166666669,19,953.4864263418576,2,belgium_2026_R|LEC|VER,belgium_2026_R|L6|belgium_2026_R|LEC|VER,,False,v4_t0_anchored_30s_horizon
belgium_2026_R_00089,belgium_2026_R,2026,Belgian Grand Prix,LAW,HAM,44,2026-07-19 13:16:32.479,2026-07-19 13:16:57.239,24.76,24.76,2026-07-19 13:17:02.479,30.0,6,90,99.17055555555544,1.1156687499999987,48.4222222222229,320.0,250.0,70.0,3.9999999999990905,1.8,True,6.0,5.0,2215.8847222222225,straight_03,133.4954768073817,249.90958924619827,MEDIUM,6.0,1.0,0.8805319624478631,8172.846600531974,112201.87445410575,400.0,False,1,False,CLOSE_INTERACTION_NO_PASS,0.0,,False,0.0,326.0,-6.0,1.14222,True,1.14222,-2.5325211738400246,13,True,3.0,straight,0.31342743953715496,7069.849166666669,19,953.4864263418576,2,belgium_2026_R|HAM|LAW,belgium_2026_R|L6|belgium_2026_R|HAM|LAW,,False,v4_t0_anchored_30s_horizon
belgium_2026_R_00090,belgium_2026_R,2026,Belgian Grand Prix,COL,LIN,41,2026-07-19 13:16:34.600,2026-07-19 13:17:09.038,34.438,34.438,2026-07-19 13:17:04.600,30.0,6,127,98.53944444444505,1.1120438871473421,44.21277777778096,319.0,260.0,59.0,22.019260801664274,1.921,True,8.0,7.0,2204.2699999999986,straight_03,145.1101990296056,261.5243114684222,MEDIUM,6.0,1.0,0.880282255398234,8868.871969842165,112214.066307129,400.0,False,1,False,CLOSE_INTERACTION_NO_PASS,0.0,,False,0.0,315.4693681318681,3.530631868131877,1.242903,True,1.242903,11.18322911364611,12,True,3.0,straight,0.3117845866348631,7069.849166666669,19,953.4864263418576,2,belgium_2026_R|COL|LIN,belgium_2026_R|L6|belgium_2026_R|COL|LIN,,False,v4_t0_anchored_30s_horizon
belgium_2026_R_00091,belgium_2026_R,2026,Belgian Grand Prix,PER,STR,18,2026-07-19 13:16:38.919,2026-07-19 13:17:51.959,73.04,70.04,2026-07-19 13:17:08.919,30.0,6,249,45.95388888888942,0.5059143730886909,10.16833333333443,327.0,309.0,18.0,,,False,17.0,19.0,1759.9766666666665,straight_03,589.4035323629378,705.8176448017543,SOFT,5.0,2.0,0.915239447859814,34579.68897251572,509.6789325992971,400.0,False,1,False,CLOSE_INTERACTION_NO_PASS,0.0,73.36,True,-2.0,309.0,18.0,0.543598,True,0.543598,13.73484688345023,9,True,3.0,straight,0.24894119028234798,7069.849166666669,19,953.4864263418576,2,belgium_2026_R|PER|STR,belgium_2026_R|L6|belgium_2026_R|PER|STR,,False,v4_t0_anchored_30s_horizon
belgium_2026_R_00092,belgium_2026_R,2026,Belgian Grand Prix,BEA,SAI,55,2026-07-19 13:16:39.079,2026-07-19 13:17:50.599,71.52,70.8,2026-07-19 13:17:09.079,30.0,6,249,98.47638888888878,1.114827044025156,10.46249999999145,318.0,234.0,84.0,22.666666666667425,1.8,True,15.0,14.0,2202.2138888888894,straight_03,147.1663101407148,263.5804225795314,HARD,5.0,2.0,0.8817394615675584,8992.086754326141,112216.22458556102,400.0,False,1,False,CLOSE_INTERACTION_NO_PASS,0.0,71.76,True,0.0,325.0,-7.0,1.241898,True,1.241898,8.317122321542318,10,True,3.0,straight,0.3114937584909186,7069.849166666669,19,953.4864263418576,2,belgium_2026_R|BEA|SAI,belgium_2026_R|L6|belgium_2026_R|BEA|SAI,,False,v4_t0_anchored_30s_horizon
belgium_2026_R_00093,belgium_2026_R,2026,Belgian Grand Prix,BOT,ALO,14,2026-07-19 13:16:42.999,2026-07-19 13:16:58.719,15.72,15.72,2026-07-19 13:17:12.999,30.0,6,24,35.125555555555366,0.386703363914371,10.747777777777628,327.0,309.0,18.0,,,False,21.0,20.0,2074.4158333333335,straight_03,274.96436569627076,391.37847813508733,HARD,5.0,2.0,0.8882726503136605,16509.16843925844,112350.00714093991,400.0,False,1,False,CLOSE_INTERACTION_NO_PASS,0.0,77.64,True,0.0,311.0,16.0,0.40625,True,0.40625,18.614534472053734,12,True,3.0,straight,0.29341726880311797,7069.849166666669,19,953.4864263418576,2,belgium_2026_R|ALO|BOT,belgium_2026_R|L6|belgium_2026_R|ALO|BOT,,False,v4_t0_anchored_30s_horizon
belgium_2026_R_00094,belgium_2026_R,2026,Belgian Grand Prix,STR,HAD,6,2026-07-19 13:16:44.639,2026-07-19 13:16:50.199,5.56,5.56,2026-07-19 13:17:14.639,30.0,6,24,93.47944444444374,1.2699094339622545,76.46833333333234,265.0,176.0,89.0,73.20000000000054,2.0,True,19.0,16.0,2289.3577777777787,brake_T5,60.02242125182556,176.43653369064214,HARD,6.0,1.0,0.8999034979368115,9239.508969168903,66551.07159545414,400.0,False,1,False,CLOSE_INTERACTION_NO_PASS,0.0,,False,2.0,289.0331320657754,-24.03313206577542,1.597636,True,1.597636,46.566197115672736,12,True,3.0,brake,0.3238198897611245,7069.849166666669,19,953.4864263418576,2,belgium_2026_R|HAD|STR,belgium_2026_R|L6|belgium_2026_R|HAD|STR,,False,v4_t0_anchored_30s_horizon
belgium_2026_R_00095,belgium_2026_R,2026,Belgian Grand Prix,HUL,GAS,10,2026-07-19 13:16:51.199,2026-07-19 13:17:00.959,9.76,9.76,2026-07-19 13:17:21.199,30.0,6,36,34.77277777777499,0.758678787878727,22.71722222221979,165.0,121.0,44.0,,,False,13.0,11.0,2947.6438888888897,brake_T8,33.899077749538264,93.89907774953826,MEDIUM,6.0,1.0,1.0,11291.07820995097,23937.040624248453,400.0,False,1,False,CLOSE_INTERACTION_NO_PASS,0.0,,False,0.0,148.08417693661843,16.915823063381566,0.958133,True,0.958133,48.406777087666846,13,True,3.0,brake,0.4169316514964153,7069.849166666669,19,953.4864263418576,2,belgium_2026_R|GAS|HUL,belgium_2026_R|L6|belgium_2026_R|GAS|HUL,,False,v4_t0_anchored_30s_horizon
belgium_2026_R_00096,belgium_2026_R,2026,Belgian Grand Prix,SAI,ALB,23,2026-07-19 13:16:51.199,2026-07-19 13:17:00.959,9.76,9.76,2026-07-19 13:17:21.199,30.0,6,36,51.869444444446344,0.9244059405940933,29.56777777777961,202.0,132.0,70.0,,,False,14.0,12.0,2892.8408333333323,brake_T8,88.70213330509569,148.70213330509569,SOFT,6.0,1.0,0.9793124670348459,8671.483116800933,50037.68457633904,400.0,False,1,False,CLOSE_INTERACTION_NO_PASS,0.0,,False,0.0,172.24220588235414,29.757794117645858,1.289688,True,1.289688,40.1290887726379,13,True,3.0,brake,0.4091799931139499,7069.849166666669,19,953.4864263418576,2,belgium_2026_R|ALB|SAI,belgium_2026_R|L6|belgium_2026_R|ALB|SAI,,False,v4_t0_anchored_30s_horizon
belgium_2026_R_00097,belgium_2026_R,2026,Belgian Grand Prix,ALO,OCO,31,2026-07-19 13:16:52.399,2026-07-19 13:16:58.719,6.32,5.28,2026-07-19 13:17:22.399,30.0,6,19,10.730555555555384,0.23412121212120837,10.510555555555129,165.0,176.0,-11.0,-12.510638297871413,1.88,True,20.0,18.0,2592.434166666665,corner_T7,389.1087999717629,54.08032081985402,HARD,6.0,1.0,0.9721228672691395,15359.271725651379,58329.03490641021,400.0,False,1,False,ON_TRACK_PASS,1.0,6.52,False,2.0,176.49881198347111,-11.498811983471114,0.219477,True,0.219477,-10.742082921143277,12,True,3.0,corner,0.3666887518463085,7069.849166666669,19,953.4864263418576,2,belgium_2026_R|ALO|OCO,belgium_2026_R|L6|belgium_2026_R|ALO|OCO,,False,v4_t0_anchored_30s_horizon
belgium_2026_R_00098,belgium_2026_R,2026,Belgian Grand Prix,HAD,BEA,87,2026-07-19 13:16:55.720,2026-07-19 13:16:58.919,3.199,3.199,2026-07-19 13:17:25.720,30.0,6,14,92.44777777777972,1.7609100529100898,78.32500000000209,189.0,110.0,79.0,87.65468749999968,1.92,True,16.0,15.0,2949.9113888888887,brake_T8,31.631577749539247,91.63157774953925,HARD,4.0,3.0,0.9453155716600009,11399.46508388528,22857.115252179705,400.0,False,1,False,CLOSE_INTERACTION_NO_PASS,0.0,,False,0.0,171.6954732510328,17.30452674896719,2.626432,True,2.626432,83.41617924990736,9,True,3.0,brake,0.41725237969676926,7069.849166666669,19,953.4864263418576,2,belgium_2026_R|BEA|HAD,belgium_2026_R|L6|belgium_2026_R|BEA|HAD,,False,v4_t0_anchored_30s_horizon
belgium_2026_R_00099,belgium_2026_R,2026,Belgian Grand Prix,ALO,PER,11,2026-07-19 13:16:58.919,2026-07-19 13:17:03.439,4.52,4.52,2026-07-19 13:17:28.919,30.0,6,19,21.069444444447072,0.4653374233129415,15.169444444446071,163.0,142.0,21.0,,,False,20.0,17.0,2957.840555555554,brake_T8,23.702411082873823,83.70241108287382,HARD,6.0,1.0,0.9910069098065736,11778.480558154017,19080.749976458643,400.0,False,1,False,CLOSE_INTERACTION_NO_PASS,0.0,,False,2.0,163.080952380956,-0.08095238095600621,0.521619,True,0.521619,28.18093838906465,13,True,3.0,brake,0.41837392649073063,7069.849166666669,19,953.4864263418576,2,belgium_2026_R|ALO|PER,belgium_2026_R|L6|belgium_2026_R|ALO|PER,,False,v4_t0_anchored_30s_horizon
belgium_2026_R_00100,belgium_2026_R,2026,Belgian Grand Prix,SAI,HUL,27,2026-07-19 13:17:01.159,2026-07-19 13:17:14.999,13.84,13.84,2026-07-19 13:17:31.159,30.0,6,51,71.0716666666699,1.325689119171045,71.0716666666699,193.0,215.0,-22.0,,,False,14.0,13.0,3309.317777777776,straight_07,423.5354248889689,483.5354248889689,SOFT,6.0,1.0,0.9952938437891784,24994.195359120193,1647.8831602470575,400.0,False,1,False,CLOSE_INTERACTION_NO_PASS,0.0,,False,0.0,179.27702702702538,13.722972972974617,1.280243,True,1.280243,-11.678057480638495,13,True,3.0,straight,0.4680888799411362,7069.849166666669,19,953.4864263418576,2,belgium_2026_R|HUL|SAI,belgium_2026_R|L6|belgium_2026_R|HUL|SAI,,False,v4_t0_anchored_30s_horizon
belgium_2026_R_00101,belgium_2026_R,2026,Belgian Grand Prix,ALB,GAS,10,2026-07-19 13:17:01.159,2026-07-19 13:17:14.999,13.84,13.84,2026-07-19 13:17:31.159,30.0,6,51,58.557777777774845,0.9086551724137476,58.32527777777523,232.0,241.0,-9.0,,,False,12.0,11.0,3381.6472222222233,straight_07,351.20598044452163,411.20598044452163,MEDIUM,6.0,1.0,0.9881120361459035,23592.64555505864,3850.1429890526797,400.0,False,1,False,CLOSE_INTERACTION_NO_PASS,0.0,,False,0.0,223.9660695043116,8.033930495688395,0.88565,True,0.88565,-17.404005299630423,13,True,3.0,straight,0.47831957125283636,7069.849166666669,19,953.4864263418576,2,belgium_2026_R|ALB|GAS,belgium_2026_R|L6|belgium_2026_R|ALB|GAS,,False,v4_t0_anchored_30s_horizon
belgium_2026_R_00102,belgium_2026_R,2026,Belgian Grand Prix,OCO,PER,11,2026-07-19 13:17:03.679,2026-07-19 13:17:51.959,48.28,48.28,2026-07-19 13:17:33.679,30.0,6,179,26.713333333337232,0.6497837837838787,14.18499999999949,148.0,154.0,-6.0,,,False,18.0,17.0,3119.2597222222203,brake_T9,91.28752204058128,151.28752204058128,HARD,5.0,2.0,0.9934455850410917,19380.556099654208,1732.0618769850898,400.0,False,1,False,CLOSE_INTERACTION_NO_PASS,0.0,99.08,True,-2.0,144.270608108106,3.7293918918940108,0.629175,True,0.629175,-10.500022123082902,13,True,3.0,brake,0.4412059788954318,7069.849166666669,19,953.4864263418576,2,belgium_2026_R|OCO|PER,belgium_2026_R|L6|belgium_2026_R|OCO|PER,,False,v4_t0_anchored_30s_horizon
belgium_2026_R_00103,belgium_2026_R,2026,Belgian Grand Prix,LAW,HAM,44,2026-07-19 13:17:09.559,2026-07-19 13:17:18.439,8.88,8.88,2026-07-19 13:17:39.559,30.0,6,30,97.21583333333456,1.2962111111111274,65.97138888888912,270.0,213.0,57.0,17.45510204081757,1.96,True,6.0,5.0,4325.695,brake_T12,77.09740916733244,287.3904398853838,MEDIUM,6.0,1.0,0.9365503668253455,9898.145806469092,62748.20464465778,400.0,False,1,False,CLOSE_INTERACTION_NO_PASS,0.0,,False,0.0,264.0,6.0,1.4134090000000001,True,1.4134090000000001,9.705296210299212,11,True,3.0,brake,0.6118511014909674,7069.849166666669,19,953.4864263418576,2,belgium_2026_R|HAM|LAW,belgium_2026_R|L6|belgium_2026_R|HAM|LAW,,False,v4_t0_anchored_30s_horizon
belgium_2026_R_00104,belgium_2026_R,2026,Belgian Grand Prix,COL,LIN,41,2026-07-19 13:17:11.759,2026-07-19 13:17:29.039,17.28,17.28,2026-07-19 13:17:41.759,30.0,6,62,98.71777777778425,1.3410716981132953,65.56222222222732,265.0,219.0,46.0,6.816326530608273,1.96,True,8.0,7.0,4293.477777777774,brake_T12,109.3146313895586,319.60766210760994,MEDIUM,6.0,1.0,0.9351148161958384,9933.887573898137,74856.72678158837,400.0,False,1,False,CLOSE_INTERACTION_NO_PASS,0.0,,False,0.0,271.6148109243695,-6.614810924369522,1.4278520000000001,True,1.4278520000000001,-4.098267811213969,12,True,3.0,brake,0.6072941128674866,7069.849166666669,19,953.4864263418576,2,belgium_2026_R|COL|LIN,belgium_2026_R|L6|belgium_2026_R|COL|LIN,,False,v4_t0_anchored_30s_horizon
belgium_2026_R_00105,belgium_2026_R,2026,Belgian Grand Prix,ALB,HUL,27,2026-07-19 13:17:17.759,2026-07-19 13:17:29.319,11.56,9.52,2026-07-19 13:17:47.759,30.0,6,12,11.312222222222772,0.2789315068493286,10.50111111111164,146.0,154.0,-8.0,-12.395833333333712,1.92,True,12.0,13.0,4474.340000000002,brake_T13,78.74543988538153,138.74543988538153,MEDIUM,6.0,1.0,1.0,12262.10678116324,21392.405446823264,400.0,False,1,False,ON_TRACK_PASS,1.0,11.84,False,0.0,158.79634740259766,-12.796347402597661,0.255805,True,0.255805,-18.312095906117182,9,True,3.0,brake,0.6328763025236631,7069.849166666669,19,953.4864263418576,2,belgium_2026_R|ALB|HUL,belgium_2026_R|L6|belgium_2026_R|ALB|HUL,belgium_2026_R_00109,False,v4_t0_anchored_30s_horizon
belgium_2026_R_00106,belgium_2026_R,2026,Belgian Grand Prix,PIA,LEC,16,2026-07-19 13:17:20.839,2026-07-19 13:17:41.719,20.88,20.88,2026-07-19 13:17:50.839,30.0,6,79,56.043333333333976,0.9938719211822775,37.22555555555846,203.0,229.0,-26.0,,,False,4.0,3.0,4988.134444444442,brake_T15,109.53290961766288,169.53290961766288,MEDIUM,6.0,1.0,0.9784996534625175,28436.232637017958,0.0,400.0,False,1,False,CLOSE_INTERACTION_NO_PASS,0.0,,False,0.0,196.12051886792423,6.879481132075767,0.912877,True,0.912877,-20.56515203751148,12,True,3.0,brake,0.7055503345054072,7069.849166666669,19,953.4864263418576,2,belgium_2026_R|LEC|PIA,belgium_2026_R|L6|belgium_2026_R|LEC|PIA,,True,v4_t0_anchored_30s_horizon
belgium_2026_R_00107,belgium_2026_R,2026,Belgian Grand Prix,HAM,PIA,81,2026-07-19 13:17:22.158,2026-07-19 13:17:41.719,19.561,19.201,2026-07-19 13:17:52.158,30.0,6,73,10.638055555551546,0.17407727272720713,10.638055555551546,220.0,242.0,-22.0,-26.945413191808107,1.319,True,5.0,4.0,5060.754444444446,brake_T15,36.91290961765935,96.91290961765935,MEDIUM,6.0,1.0,0.8673295441625241,30073.068205896154,0.0,400.0,False,1,False,ON_TRACK_PASS,1.0,19.841,False,0.0,237.92982151538456,-17.92982151538456,0.16145,True,0.16145,-22.83142405242642,11,True,3.0,brake,0.7158221236607397,7069.849166666669,19,953.4864263418576,2,belgium_2026_R|HAM|PIA,belgium_2026_R|L6|belgium_2026_R|HAM|PIA,belgium_2026_R_00111,True,v4_t0_anchored_30s_horizon
belgium_2026_R_00108,belgium_2026_R,2026,Belgian Grand Prix,VER,ANT,12,2026-07-19 13:17:31.159,2026-07-19 13:18:46.239,75.08,75.08,2026-07-19 13:18:01.159,30.0,6,277,99.11194444444027,1.1584512987012499,27.124444444444578,308.0,281.0,27.0,27.021739130434824,1.8399999999999999,True,2.0,1.0,5921.115555555556,straight_13,160.87524425983702,220.87524425983702,MEDIUM,6.0,1.0,0.8795323879109758,31560.0892930649,201.7778950689816,400.0,False,1,False,CLOSE_INTERACTION_NO_PASS,0.0,,False,-1.0,289.1280381944441,18.871961805555884,1.260486,True,1.260486,24.34643336524151,13,True,3.0,straight,0.8375165319612152,7069.849166666669,19,953.4864263418576,2,belgium_2026_R|ANT|VER,belgium_2026_R|L6|belgium_2026_R|ANT|VER,,True,v4_t0_anchored_30s_horizon
belgium_2026_R_00109,belgium_2026_R,2026,Belgian Grand Prix,HUL,ALB,23,2026-07-19 13:17:32.319,2026-07-19 13:17:48.358,16.039,12.36,2026-07-19 13:18:02.319,30.0,6,48,10.739166666672645,0.15220866141740758,10.204166666678248,254.0,272.0,-18.0,-12.458333333336213,1.92,True,13.0,12.0,5249.038055555557,straight_12,564.8239151490088,624.8239151490088,MEDIUM,6.0,1.0,0.9775556957972978,32009.444578652812,0.0,400.0,False,1,False,ON_TRACK_PASS,1.0,16.32,False,0.0,269.8996323529401,-15.899632352940102,0.147025,True,0.147025,-12.108825176960547,12,True,3.0,straight,0.7424540371107241,7069.849166666669,19,953.4864263418576,2,belgium_2026_R|ALB|HUL,belgium_2026_R|L6|belgium_2026_R|ALB|HUL,belgium_2026_R_00105,True,v4_t0_anchored_30s_horizon
belgium_2026_R_00110,belgium_2026_R,2026,Belgian Grand Prix,HAM,LEC,16,2026-07-19 13:17:41.999,2026-07-19 13:17:49.879,7.88,7.88,2026-07-19 13:18:11.999,30.0,6,29,35.37638888888068,0.597910798121927,10.754166666656602,213.0,124.0,89.0,,,False,5.0,3.0,6628.22694444445,corner_T18,57.30526707382978,117.30526707382978,MEDIUM,6.0,1.0,0.8167452541968391,10213.827226854688,26719.724475560248,400.0,False,1,False,CLOSE_INTERACTION_NO_PASS,0.0,,False,0.0,192.75676229504217,20.243237704957835,0.879688,True,0.879688,41.17044502169831,13,True,3.0,corner,0.9375344209174357,7069.849166666669,19,953.4864263418576,2,belgium_2026_R|HAM|LEC,belgium_2026_R|L6|belgium_2026_R|HAM|LEC,,True,v4_t0_anchored_30s_horizon
belgium_2026_R_00111,belgium_2026_R,2026,Belgian Grand Prix,PIA,HAM,44,2026-07-19 13:17:42.639,2026-07-19 13:17:49.879,7.24,5.719,2026-07-19 13:18:12.639,30.0,6,22,11.0936111111223,0.37324299065458205,11.0936111111223,107.0,166.0,-59.0,-59.437500000004775,0.64,True,4.0,5.0,6648.259444444439,corner_T18,37.27276707384044,97.27276707384044,MEDIUM,6.0,1.0,0.9772373915347669,10920.20686374496,17259.040612028966,400.0,False,1,False,ON_TRACK_PASS,1.0,7.6,False,0.0,177.79608433736112,-70.79608433736112,0.235921,True,0.235921,-54.90634336780152,12,True,3.0,corner,0.9403679325706177,7069.849166666669,19,953.4864263418576,2,belgium_2026_R|HAM|PIA,belgium_2026_R|L6|belgium_2026_R|HAM|PIA,belgium_2026_R_00107,True,v4_t0_anchored_30s_horizon
belgium_2026_R_00112,belgium_2026_R,2026,Belgian Grand Prix,LAW,PIA,81,2026-07-19 13:17:43.119,2026-07-19 13:17:49.879,6.76,6.76,2026-07-19 13:18:13.119,30.0,6,27,99.77638888888396,1.325442804427979,41.22083333333012,271.0,96.0,175.0,171.50000000000384,1.12,True,6.0,4.0,6562.159722222221,brake_T18,58.324894054374454,183.37248929605903,MEDIUM,6.0,1.0,0.9016948626737942,9865.056659060483,58042.328373147924,400.0,False,1,False,CLOSE_INTERACTION_NO_PASS,0.0,,False,0.0,251.55696699133733,19.443033008662667,2.426835,True,2.426835,115.48600093079573,12,True,3.0,brake,0.9281894942203108,7069.849166666669,19,953.4864263418576,2,belgium_2026_R|LAW|PIA,belgium_2026_R|L6|belgium_2026_R|LAW|PIA,,True,v4_t0_anchored_30s_horizon
belgium_2026_R_00113,belgium_2026_R,2026,Belgian Grand Prix,COL,LIN,41,2026-07-19 13:17:44.999,2026-07-19 13:18:10.399,25.4,25.4,2026-07-19 13:18:14.999,30.0,6,94,92.79861111111131,1.1599826388888914,28.50083333333322,288.0,191.0,97.0,39.063829787238575,1.88,True,8.0,7.0,6526.3483333333315,brake_T18,94.13628294326372,219.1838781849483,MEDIUM,6.0,1.0,0.8874912024782492,9818.538266840771,75029.30483929552,400.0,False,1,False,CLOSE_INTERACTION_NO_PASS,0.0,,False,0.0,283.4576950354611,4.542304964538914,1.425769,True,1.425769,17.003578779933154,13,True,3.0,brake,0.9231241260569085,7069.849166666669,19,953.4864263418576,2,belgium_2026_R|COL|LIN,belgium_2026_R|L6|belgium_2026_R|COL|LIN,,True,v4_t0_anchored_30s_horizon
belgium_2026_R_00114,belgium_2026_R,2026,Belgian Grand Prix,HUL,GAS,10,2026-07-19 13:17:48.639,2026-07-19 13:17:57.719,9.08,9.08,2026-07-19 13:18:18.639,30.0,6,39,86.11138888888763,1.1969150579150405,27.77583333333223,259.0,126.0,133.0,,,False,13.0,11.0,6566.352499999999,brake_T18,54.13211627659621,179.17971151828078,MEDIUM,6.0,1.0,0.920868341919364,9870.503006918196,56053.50248147737,400.0,False,1,False,CLOSE_INTERACTION_NO_PASS,0.0,,False,0.0,274.8513888888883,-15.851388888888323,1.744685,True,1.744685,75.14542221174483,10,True,3.0,brake,0.9287825447478307,7069.849166666669,19,953.4864263418576,2,belgium_2026_R|GAS|HUL,belgium_2026_R|L6|belgium_2026_R|GAS|HUL,,True,v4_t0_anchored_30s_horizon
belgium_2026_R_00115,belgium_2026_R,2026,Belgian Grand Prix,ALB,HUL,27,2026-07-19 13:17:49.399,2026-07-19 13:17:52.919,3.52,3.52,2026-07-19 13:18:19.399,30.0,6,18,11.683888888878755,0.2785562913904869,11.683888888878755,151.0,191.0,-40.0,-54.31578947367789,0.76,True,12.0,13.0,6601.582500000009,brake_T18,18.90211627658664,143.94971151827122,MEDIUM,6.0,1.0,0.9576284755238529,9916.266184743708,39342.30530453078,400.0,False,1,False,ON_TRACK_PASS,1.0,9.561,False,0.0,231.0,-80.0,0.210961,True,0.210961,-22.427975419451208,12,True,3.0,brake,0.9337656779334882,7069.849166666669,19,953.4864263418576,2,belgium_2026_R|ALB|HUL,belgium_2026_R|L6|belgium_2026_R|ALB|HUL,belgium_2026_R_00109,True,v4_t0_anchored_30s_horizon
belgium_2026_R_00116,belgium_2026_R,2026,Belgian Grand Prix,HAM,PIA,81,2026-07-19 13:17:52.279,2026-07-19 13:20:13.639,141.36,139.36,2026-07-19 13:18:22.279,30.0,7,468,41.974999999999994,0.6485407725321888,10.09166666666897,233.0,240.0,-7.0,-75.50904255321149,1.88,True,5.0,4.0,34.12777777777778,straight_01,302.09353304942675,362.09353304942675,MEDIUM,7.0,1.0,0.8524555615263121,16758.641448480117,75206.13489789967,400.0,False,1,False,CLOSE_INTERACTION_NO_PASS,0.0,,False,0.0,233.06132478632478,-0.061324786324775005,0.635094,True,0.635094,-20.52752234403526,15,True,3.0,straight,0.004827228555127511,7069.849166666669,19,953.4864263418576,2,belgium_2026_R|HAM|PIA,belgium_2026_R|L7|belgium_2026_R|HAM|PIA,belgium_2026_R_00111,False,v4_t0_anchored_30s_horizon
belgium_2026_R_00117,belgium_2026_R,2026,Belgian Grand Prix,HAD,SAI,55,2026-07-19 13:17:52.279,2026-07-19 13:17:57.719,5.44,5.44,2026-07-19 13:18:22.279,30.0,6,22,93.28222222221848,1.1950747330960374,28.20361111110742,281.0,91.0,190.0,178.33333333333485,1.44,True,16.0,14.0,6571.799999999998,brake_T18,48.6846162765969,173.73221151828147,HARD,4.0,3.0,0.8765683613710482,9877.579217852184,53469.50456432211,400.0,False,1,False,CLOSE_INTERACTION_NO_PASS,0.0,,False,0.0,239.16104525861684,41.83895474138316,2.48184,True,2.48184,132.05620565742086,15,True,3.0,brake,0.9295530703802138,7069.849166666669,19,953.4864263418576,2,belgium_2026_R|HAD|SAI,belgium_2026_R|L6|belgium_2026_R|HAD|SAI,,True,v4_t0_anchored_30s_horizon
belgium_2026_R_00118,belgium_2026_R,2026,Belgian Grand Prix,OCO,PER,11,2026-07-19 13:17:54.359,2026-07-19 13:18:42.279,47.92,45.08,2026-07-19 13:18:24.359,30.0,6,145,12.49638888888785,0.15406506849313786,10.037777777777592,292.0,289.0,3.0,,,False,18.0,17.0,6414.157499999998,straight_14,206.32711627659683,331.3747115182814,HARD,5.0,2.0,0.8989730741236113,13375.289760349453,87309.52835740322,400.0,False,1,False,CLOSE_INTERACTION_NO_PASS,0.0,48.4,True,-2.0,288.22461937716275,3.775380622837247,0.155076,True,0.155076,3.09712027535419,14,True,3.0,straight,0.9072552113617695,7069.849166666669,19,953.4864263418576,2,belgium_2026_R|OCO|PER,belgium_2026_R|L6|belgium_2026_R|OCO|PER,,True,v4_t0_anchored_30s_horizon
belgium_2026_R_00119,belgium_2026_R,2026,Belgian Grand Prix,STR,OCO,31,2026-07-19 13:17:55.799,2026-07-19 13:18:42.279,46.48,46.48,2026-07-19 13:18:25.799,30.0,6,165,11.871666666659621,0.16959523809513743,11.198611111111006,252.0,283.0,-31.0,-26.666666666671976,1.44,True,19.0,18.0,6518.654722222227,brake_T18,101.8298940543682,226.87748929605277,HARD,6.0,1.0,0.9059406747975979,9808.544395327921,78678.73578679422,400.0,False,1,False,CLOSE_INTERACTION_NO_PASS,0.0,,False,2.0,286.2096289752633,-34.209628975263286,0.14265,True,0.14265,-25.258623751368876,12,True,3.0,brake,0.9220358975912464,7069.849166666669,19,953.4864263418576,2,belgium_2026_R|OCO|STR,belgium_2026_R|L6|belgium_2026_R|OCO|STR,,True,v4_t0_anchored_30s_horizon
belgium_2026_R_00120,belgium_2026_R,2026,Belgian Grand Prix,LAW,HAM,44,2026-07-19 13:17:56.879,2026-07-19 13:18:03.399,6.52,6.52,2026-07-19 13:18:26.879,30.0,7,23,97.11083333333337,1.3818142292490125,39.91861111111109,253.0,134.0,119.0,51.099999999999916,2.0,True,6.0,5.0,226.79333333333332,brake_T1,109.42797749387123,169.42797749387123,MEDIUM,7.0,1.0,0.9563789436499631,15253.035234809355,69232.27650742246,400.0,False,1,False,CLOSE_INTERACTION_NO_PASS,0.0,,False,0.0,243.70977530991735,9.290224690082653,1.789425,True,1.789425,28.693716478596667,11,True,3.0,brake,0.03207894935052244,7069.849166666669,19,953.4864263418576,2,belgium_2026_R|HAM|LAW,belgium_2026_R|L7|belgium_2026_R|HAM|LAW,,False,v4_t0_anchored_30s_horizon
belgium_2026_R_00121,belgium_2026_R,2026,Belgian Grand Prix,ALO,STR,18,2026-07-19 13:17:56.879,2026-07-19 13:18:02.639,5.76,3.4,2026-07-19 13:18:26.879,30.0,6,12,96.0205555555558,1.256996363636367,10.104722222220516,275.0,193.0,82.0,35.68000000000302,2.0,True,20.0,19.0,6486.621388888891,straight_14,133.86322738770468,258.91082262938926,HARD,6.0,1.0,0.8901592271503002,10361.513883904923,87299.55457178163,400.0,False,1,False,ON_TRACK_PASS,1.0,6.2,False,2.0,267.7291044776117,7.270895522388287,1.534179,True,1.534179,21.542773654273585,11,True,3.0,straight,0.917504919266508,7069.849166666669,19,953.4864263418576,2,belgium_2026_R|ALO|STR,belgium_2026_R|L6|belgium_2026_R|ALO|STR,,True,v4_t0_anchored_30s_horizon
belgium_2026_R_00122,belgium_2026_R,2026,Belgian Grand Prix,SAI,HUL,27,2026-07-19 13:17:58.960,2026-07-19 13:19:20.198,81.238,81.238,2026-07-19 13:18:28.960,30.0,6,296,64.23916666666992,1.1679848484849076,14.461944444444441,198.0,213.0,-15.0,,,False,14.0,13.0,6864.5752777777725,straight_15,,,SOFT,6.0,1.0,0.9665638197958932,7273.745145387277,59.547233810300106,205.27388888889618,True,1,False,CLOSE_INTERACTION_NO_PASS,0.0,,False,0.0,177.53250117757625,20.46749882242375,1.141284,True,1.141284,-26.201325386969444,10,True,3.0,straight,0.9709648842500441,7069.849166666669,19,953.4864263418576,2,belgium_2026_R|HUL|SAI,belgium_2026_R|L6|belgium_2026_R|HUL|SAI,,True,v4_t0_anchored_30s_horizon
belgium_2026_R_00123,belgium_2026_R,2026,Belgian Grand Prix,ALB,GAS,10,2026-07-19 13:17:59.199,2026-07-19 13:18:13.400,14.201,14.201,2026-07-19 13:18:29.199,30.0,7,52,78.87583333333333,1.2031906779661017,20.22638888888895,236.0,265.0,-29.0,,,False,12.0,10.0,35.50444444444445,straight_01,300.7168663827601,360.7168663827601,MEDIUM,7.0,1.0,0.962693226193663,16744.03768468417,75205.74879815287,400.0,False,1,False,CLOSE_INTERACTION_NO_PASS,0.0,,False,0.0,243.64857142857142,-7.648571428571415,1.094057,True,1.094057,-29.83130691269888,10,True,3.0,straight,0.0050219521813623475,7069.849166666669,19,953.4864263418576,2,belgium_2026_R|ALB|GAS,belgium_2026_R|L7|belgium_2026_R|ALB|GAS,,False,v4_t0_anchored_30s_horizon
belgium_2026_R_00124,belgium_2026_R,2026,Belgian Grand Prix,BEA,SAI,55,2026-07-19 13:17:59.639,2026-07-19 13:19:20.198,80.559,80.12,2026-07-19 13:18:29.639,30.0,6,286,10.584722222213713,0.19244949494934024,10.01833333333326,198.0,216.0,-18.0,-23.437837837835694,1.48,True,15.0,14.0,6894.007222222225,straight_15,,,HARD,5.0,2.0,0.9029155422877939,6230.843565547201,51.009416912047776,175.84194444444347,True,1,False,UNCERTAIN,,80.839,True,0.0,213.65634178905987,-15.656341789059866,0.166014,True,0.166014,-26.513872762292372,10,True,3.0,straight,0.9751279072156853,7069.849166666669,19,953.4864263418576,2,belgium_2026_R|BEA|SAI,belgium_2026_R|L6|belgium_2026_R|BEA|SAI,,True,v4_t0_anchored_30s_horizon
belgium_2026_R_00125,belgium_2026_R,2026,Belgian Grand Prix,HAD,BEA,87,2026-07-19 13:18:06.239,2026-07-19 13:18:12.279,6.04,6.04,2026-07-19 13:18:36.239,30.0,7,24,93.86583333333334,1.3199882812500001,42.02027777777778,256.0,104.0,152.0,104.1442708333333,1.92,True,16.0,15.0,254.4875,brake_T1,81.73381082720454,141.73381082720454,HARD,5.0,3.0,0.9217192406603764,16369.111622948421,53717.10987519907,399.99999999999994,False,1,False,CLOSE_INTERACTION_NO_PASS,0.0,,False,0.0,250.49023010184834,5.50976989815166,2.093987,True,2.093987,69.64288843384493,11,True,3.0,brake,0.03599617106399841,7069.849166666669,19,953.4864263418576,2,belgium_2026_R|BEA|HAD,belgium_2026_R|L7|belgium_2026_R|BEA|HAD,,False,v4_t0_anchored_30s_horizon
belgium_2026_R_00126,belgium_2026_R,2026,Belgian Grand Prix,BOT,STR,18,2026-07-19 13:18:11.719,2026-07-19 13:19:46.838,95.119,92.92,2026-07-19 13:18:41.719,30.0,7,332,62.857777777777756,0.8475205992509359,10.217777777778792,267.0,246.0,21.0,,,False,20.0,19.0,179.34888888888892,straight_01,156.87242193831563,216.87242193831563,HARD,6.0,2.0,0.9619144440455301,15218.127062388901,75165.4062047555,400.0,False,1,False,CLOSE_INTERACTION_NO_PASS,0.0,95.56,True,-1.0,239.68375,27.316249999999997,0.92855,True,0.92855,31.70292056818932,11,True,3.0,straight,0.025368135113050697,7069.849166666669,19,953.4864263418576,2,belgium_2026_R|BOT|STR,belgium_2026_R|L7|belgium_2026_R|BOT|STR,,False,v4_t0_anchored_30s_horizon
belgium_2026_R_00127,belgium_2026_R,2026,Belgian Grand Prix,ALO,BOT,77,2026-07-19 13:18:13.400,2026-07-19 13:19:37.839,84.439,84.439,2026-07-19 13:18:43.400,30.0,7,309,10.347777777777821,0.2024565217391313,10.115833333333228,184.0,197.0,-13.0,-21.313503866745975,1.681,True,21.0,20.0,281.78027777777777,brake_T1,54.44103304942678,114.44103304942678,HARD,7.0,1.0,0.9945262888567357,17469.012017538298,38426.81426258034,400.0,False,1,False,CLOSE_INTERACTION_NO_PASS,0.0,,False,1.0,218.32327773749097,-34.32327773749097,0.186578,True,0.186578,-22.631147898061798,11,True,3.0,brake,0.039856618031729955,7069.849166666669,19,953.4864263418576,2,belgium_2026_R|ALO|BOT,belgium_2026_R|L7|belgium_2026_R|ALO|BOT,,False,v4_t0_anchored_30s_horizon
belgium_2026_R_00128,belgium_2026_R,2026,Belgian Grand Prix,COL,LIN,41,2026-07-19 13:18:27.958,2026-07-19 13:18:35.399,7.441,7.441,2026-07-19 13:18:57.958,30.0,7,31,90.90361111111088,1.352285123966939,75.79750000000013,242.0,159.0,83.0,85.36855538540075,1.959,True,9.0,7.0,2289.9211111111117,brake_T5,59.459087918492514,175.8732003573091,MEDIUM,7.0,1.0,0.924787838773744,9262.062327278216,66122.46187072898,400.0,False,1,False,CLOSE_INTERACTION_NO_PASS,0.0,,False,1.0,270.8880753138075,-28.88807531380752,1.6469909999999999,True,1.6469909999999999,64.14418733339429,9,True,3.0,brake,0.3238995708575741,7069.849166666669,19,953.4864263418576,2,belgium_2026_R|COL|LIN,belgium_2026_R|L7|belgium_2026_R|COL|LIN,,False,v4_t0_anchored_30s_horizon
belgium_2026_R_00129,belgium_2026_R,2026,Belgian Grand Prix,ALB,BOR,5,2026-07-19 13:18:32.879,2026-07-19 13:19:33.120,60.241,60.241,2026-07-19 13:19:02.879,30.0,7,220,49.487500000002456,1.2546126760564003,29.582222222225482,142.0,138.0,4.0,,,False,12.0,11.0,2389.1980555555547,corner_T5,20.182143474049553,76.59625591286613,MEDIUM,7.0,1.0,0.9724291571522593,13869.754407363756,7133.969013028248,400.0,False,1,False,CLOSE_INTERACTION_NO_PASS,0.0,,False,0.0,146.50399305555672,-4.50399305555672,1.300159,True,1.300159,52.55849306732836,13,True,3.0,corner,0.3379418710685205,7069.849166666669,19,953.4864263418576,2,belgium_2026_R|ALB|BOR,belgium_2026_R|L7|belgium_2026_R|ALB|BOR,,False,v4_t0_anchored_30s_horizon
belgium_2026_R_00130,belgium_2026_R,2026,Belgian Grand Prix,GAS,NOR,1,2026-07-19 13:18:32.879,2026-07-19 13:19:01.079,28.2,28.2,2026-07-19 13:19:02.879,30.0,7,102,45.54805555555595,1.0859139072847777,41.488333333334594,151.0,144.0,7.0,,,False,10.0,8.0,2438.5588888888888,corner_T6,147.95559859763034,27.23542257953204,MEDIUM,7.0,1.0,0.9663093569254582,16280.225273532993,145.77962613392583,400.0,False,1,False,CLOSE_INTERACTION_NO_PASS,0.0,,False,-1.0,145.698163265306,5.301836734694007,1.130183,True,1.130183,7.36215064979924,13,True,3.0,corner,0.3449237503377507,7069.849166666669,19,953.4864263418576,2,belgium_2026_R|GAS|NOR,belgium_2026_R|L7|belgium_2026_R|GAS|NOR,,False,v4_t0_anchored_30s_horizon
belgium_2026_R_00131,belgium_2026_R,2026,Belgian Grand Prix,LAW,HAM,44,2026-07-19 13:18:37.519,2026-07-19 13:18:42.279,4.76,4.76,2026-07-19 13:19:07.519,30.0,7,15,91.35249999999814,1.4236753246752956,65.1169444444422,231.0,125.0,106.0,77.24489795918304,1.96,True,6.0,5.0,2904.8733333333316,brake_T8,76.66963330509634,136.66963330509634,MEDIUM,7.0,1.0,0.9146960365222838,9246.638601085417,44307.055231500155,400.0,False,1,False,CLOSE_INTERACTION_NO_PASS,0.0,,False,0.0,214.0,17.0,2.094724,True,2.094724,48.07385788426914,13,True,3.0,brake,0.41088193890039343,7069.849166666669,19,953.4864263418576,2,belgium_2026_R|HAM|LAW,belgium_2026_R|L7|belgium_2026_R|HAM|LAW,,False,v4_t0_anchored_30s_horizon
belgium_2026_R_00132,belgium_2026_R,2026,Belgian Grand Prix,BOR,GAS,10,2026-07-19 13:18:38.519,2026-07-19 13:19:40.278,61.759,60.52,2026-07-19 13:19:08.519,30.0,7,186,11.204999999999018,0.21687096774191647,10.013055555547908,186.0,212.0,-26.0,-10.212765957447969,1.88,True,11.0,10.0,2700.0405555555567,straight_05,281.5024110828713,341.5024110828713,MEDIUM,7.0,1.0,0.9638889474030612,12070.042796391966,63204.192633441526,400.0,False,1,False,CLOSE_INTERACTION_NO_PASS,0.0,62.12,True,1.0,206.77654986522964,-20.77654986522964,0.18282,True,0.18282,-5.910589011376717,12,True,3.0,straight,0.38190921643503556,7069.849166666669,19,953.4864263418576,2,belgium_2026_R|BOR|GAS,belgium_2026_R|L7|belgium_2026_R|BOR|GAS,,False,v4_t0_anchored_30s_horizon
belgium_2026_R_00133,belgium_2026_R,2026,Belgian Grand Prix,STR,PER,11,2026-07-19 13:18:42.759,2026-07-19 13:19:34.759,52.0,52.0,2026-07-19 13:19:12.759,30.0,7,193,31.429166666667243,0.7493046357616031,28.080277777778974,151.0,131.0,20.0,,,False,19.0,18.0,2380.3266666666673,corner_T5,29.05353236293695,85.46764480175352,HARD,7.0,1.0,0.9683068490452286,13373.532563599518,10197.303643813852,400.0,False,1,False,CLOSE_INTERACTION_NO_PASS,0.0,,False,0.0,141.7905783582091,9.209421641790897,0.853947,True,0.853947,56.40421464001625,8,True,3.0,corner,0.33668705096136536,7069.849166666669,19,953.4864263418576,2,belgium_2026_R|PER|STR,belgium_2026_R|L7|belgium_2026_R|PER|STR,,False,v4_t0_anchored_30s_horizon
belgium_2026_R_00134,belgium_2026_R,2026,Belgian Grand Prix,PER,OCO,31,2026-07-19 13:18:50.199,2026-07-19 13:20:14.039,83.84,83.84,2026-07-19 13:19:20.199,30.0,7,299,10.119166666665024,0.17598550724634823,10.119166666665024,207.0,212.0,-5.0,-7.978260869564783,1.8399999999999999,True,18.0,17.0,2753.755277777779,straight_05,227.7876888606488,287.7876888606488,SOFT,6.0,2.0,0.9373257717246881,11047.937715568376,63382.84719999715,400.0,False,1,False,CLOSE_INTERACTION_NO_PASS,0.0,,False,1.0,209.64380241090186,-2.6438024109018556,0.169646,True,0.169646,-8.252646768505917,10,True,3.0,straight,0.3895069347110463,7069.849166666669,19,953.4864263418576,2,belgium_2026_R|OCO|PER,belgium_2026_R|L7|belgium_2026_R|OCO|PER,,False,v4_t0_anchored_30s_horizon
belgium_2026_R_00135,belgium_2026_R,2026,Belgian Grand Prix,VER,ANT,12,2026-07-19 13:18:52.159,2026-07-19 13:19:13.159,21.0,21.0,2026-07-19 13:19:22.159,30.0,7,81,99.48222222222194,1.3827644787644748,51.16694444444511,259.0,251.0,8.0,2.6530612244912812,1.96,True,2.0,1.0,3943.6616666666678,brake_T11,35.457160851227854,95.45716085122785,MEDIUM,7.0,1.0,0.8775475284566175,26763.844151659177,23356.95638135644,400.0,False,1,False,CLOSE_INTERACTION_NO_PASS,0.0,,False,0.0,246.7790738866397,12.220926113360292,1.435348,True,1.435348,1.0849879811610972,11,True,3.0,brake,0.5578141164963561,7069.849166666669,19,953.4864263418576,2,belgium_2026_R|ANT|VER,belgium_2026_R|L7|belgium_2026_R|ANT|VER,,False,v4_t0_anchored_30s_horizon
belgium_2026_R_00136,belgium_2026_R,2026,Belgian Grand Prix,COL,LIN,41,2026-07-19 13:19:04.959,2026-07-19 13:19:10.119,5.16,5.16,2026-07-19 13:19:34.959,30.0,7,20,97.28861111111382,1.5847918552036642,86.88305555555871,221.0,155.0,66.0,74.54545454545621,1.76,True,9.0,7.0,4380.049722222223,brake_T12,22.7426869451092,233.03571766316054,MEDIUM,7.0,1.0,0.9668893746350501,10356.59996878208,45560.41710461841,400.0,False,1,False,CLOSE_INTERACTION_NO_PASS,0.0,,False,1.0,242.7154867256679,-21.715486725667887,1.927154,True,1.927154,49.33847468297626,11,True,3.0,brake,0.6195393450363175,7069.849166666669,19,953.4864263418576,2,belgium_2026_R|COL|LIN,belgium_2026_R|L7|belgium_2026_R|COL|LIN,,False,v4_t0_anchored_30s_horizon
belgium_2026_R_00137,belgium_2026_R,2026,Belgian Grand Prix,GAS,NOR,1,2026-07-19 13:19:05.360,2026-07-19 13:19:20.638,15.278,15.278,2026-07-19 13:19:35.360,30.0,7,59,98.70583333333707,1.335868421052682,66.9130555555621,266.0,218.0,48.0,15.424152290307216,1.681,True,10.0,8.0,4292.416666666665,brake_T12,110.375742500667,320.66877321871834,MEDIUM,7.0,1.0,0.9417639079998219,9936.360718786893,75263.63119116571,400.0,False,1,False,CLOSE_INTERACTION_NO_PASS,0.0,,False,-1.0,270.38880073800703,-4.388800738007035,1.443239,True,1.443239,2.4647919191902656,9,True,3.0,brake,0.6071440232282179,7069.849166666669,19,953.4864263418576,2,belgium_2026_R|GAS|NOR,belgium_2026_R|L7|belgium_2026_R|GAS|NOR,,False,v4_t0_anchored_30s_horizon
belgium_2026_R_00138,belgium_2026_R,2026,Belgian Grand Prix,HAD,BEA,87,2026-07-19 13:19:22.199,2026-07-19 13:19:26.320,4.121,4.121,2026-07-19 13:19:52.199,30.0,7,18,62.299722222219316,1.5467517241378588,62.299722222219316,145.0,157.0,-12.0,,,False,16.0,15.0,4921.581666666668,straight_11,176.08568739543716,236.08568739543716,HARD,5.0,3.0,0.9996509721049088,25193.346620548007,177.4529648298969,400.0,False,1,False,CLOSE_INTERACTION_NO_PASS,0.0,,False,0.0,153.0,-8.0,1.48483,True,1.48483,-1.257546845555099,11,True,3.0,straight,0.6961367280466497,7069.849166666669,19,953.4864263418576,2,belgium_2026_R|BEA|HAD,belgium_2026_R|L7|belgium_2026_R|BEA|HAD,,False,v4_t0_anchored_30s_horizon
belgium_2026_R_00139,belgium_2026_R,2026,Belgian Grand Prix,SAI,HUL,27,2026-07-19 13:19:22.199,2026-07-19 13:19:34.759,12.56,12.56,2026-07-19 13:19:52.199,30.0,7,49,80.70388888889374,1.5372169312170236,80.70388888889374,189.0,220.0,-31.0,,,False,14.0,13.0,4987.863611111104,brake_T15,109.80374295100137,169.80374295100137,SOFT,7.0,1.0,0.9951896246325156,28430.128125406198,0.0,400.0,False,1,False,CLOSE_INTERACTION_NO_PASS,0.0,,False,0.0,179.44812780442155,9.551872195578454,1.422119,True,1.422119,-27.35143788198241,11,True,3.0,brake,0.7055120262859595,7069.849166666669,19,953.4864263418576,2,belgium_2026_R|HUL|SAI,belgium_2026_R|L7|belgium_2026_R|HUL|SAI,,True,v4_t0_anchored_30s_horizon
belgium_2026_R_00140,belgium_2026_R,2026,Belgian Grand Prix,VER,ANT,12,2026-07-19 13:19:22.399,2026-07-19 13:19:52.519,30.12,30.12,2026-07-19 13:19:52.399,30.0,7,110,99.74527777777985,1.15833225806454,24.695277777784213,310.0,282.0,28.0,29.936491410724617,1.921,True,2.0,1.0,5931.404444444446,straight_13,150.58635537094688,210.58635537094688,MEDIUM,7.0,1.0,0.8581235623203948,31499.37970937042,204.49253827892767,400.0,False,1,False,CLOSE_INTERACTION_NO_PASS,0.0,,False,0.0,290.3135017421605,19.686498257839503,1.26508,True,1.26508,28.986514270779885,11,True,3.0,straight,0.8389718513953838,7069.849166666669,19,953.4864263418576,2,belgium_2026_R|ANT|VER,belgium_2026_R|L7|belgium_2026_R|ANT|VER,,True,v4_t0_anchored_30s_horizon
belgium_2026_R_00141,belgium_2026_R,2026,Belgian Grand Prix,BEA,SAI,55,2026-07-19 13:19:22.879,2026-07-19 13:19:42.559,19.68,12.88,2026-07-19 13:19:52.879,30.0,7,51,10.172222222216078,0.20573033707852742,10.172222222216078,178.0,212.0,-34.0,-33.29411764705101,0.68,True,15.0,14.0,5016.642499999998,brake_T15,81.0248540621069,141.0248540621069,HARD,6.0,2.0,0.9115260561724142,29078.79665977873,0.0,400.0,False,1,False,ON_TRACK_PASS,1.0,20.0,False,0.0,207.06422955975157,-29.064229559751567,0.169226,True,0.169226,-15.050320516867469,11,True,3.0,brake,0.7095826773296314,7069.849166666669,19,953.4864263418576,2,belgium_2026_R|BEA|SAI,belgium_2026_R|L7|belgium_2026_R|BEA|SAI,belgium_2026_R_00150,True,v4_t0_anchored_30s_horizon
belgium_2026_R_00142,belgium_2026_R,2026,Belgian Grand Prix,COL,NOR,1,2026-07-19 13:19:34.599,2026-07-19 13:21:16.000,101.401,101.401,2026-07-19 13:20:04.599,30.0,7,366,10.621388888896945,0.13656071428581787,10.001944444442415,280.0,295.0,-15.0,-15.699849924964308,1.999,True,9.0,8.0,6345.1216666666605,straight_14,275.36294960993473,400.4105448516193,MEDIUM,7.0,1.0,0.900163380481116,16259.781927553751,87310.24576124045,400.0,False,1,False,CLOSE_INTERACTION_NO_PASS,0.0,,False,1.0,295.0,-15.0,0.131623,True,0.131623,-15.252832282713054,12,True,3.0,straight,0.8974903872890252,7069.849166666669,19,953.4864263418576,2,belgium_2026_R|COL|NOR,belgium_2026_R|L7|belgium_2026_R|COL|NOR,,True,v4_t0_anchored_30s_horizon
belgium_2026_R_00143,belgium_2026_R,2026,Belgian Grand Prix,LAW,HAM,44,2026-07-19 13:19:35.759,2026-07-19 13:19:40.278,4.519,4.519,2026-07-19 13:20:05.759,30.0,7,18,98.6277777777741,1.9089247311827247,72.27055555555216,186.0,72.0,114.0,162.5007808433043,1.921,True,6.0,5.0,6603.849999999996,brake_T18,16.634616276599445,141.68221151828402,MEDIUM,7.0,1.0,0.8965776027514653,9919.211629129708,38266.72654783189,400.0,False,1,False,CLOSE_INTERACTION_NO_PASS,0.0,,False,0.0,216.6162199753844,-30.61621997538441,3.087472,True,3.087472,161.335955284709,14,True,3.0,brake,0.9340864061338405,7069.849166666669,19,953.4864263418576,2,belgium_2026_R|HAM|LAW,belgium_2026_R|L7|belgium_2026_R|HAM|LAW,,True,v4_t0_anchored_30s_horizon
belgium_2026_R_00144,belgium_2026_R,2026,Belgian Grand Prix,NOR,LIN,41,2026-07-19 13:19:36.759,2026-07-19 13:19:59.878,23.119,23.119,2026-07-19 13:20:06.759,30.0,7,82,96.23638888889218,1.1744101694915656,23.015277777777953,295.0,149.0,146.0,93.43999999999743,2.0,True,8.0,7.0,6533.407500000001,brake_T18,87.0771162765941,212.12471151827867,HARD,7.0,1.0,0.8966227531532878,9827.708005684559,71680.81985287451,400.0,False,1,False,CLOSE_INTERACTION_NO_PASS,0.0,,False,-1.0,267.74115168539345,27.258848314606553,1.7797640000000001,True,1.7797640000000001,66.50519513898419,13,True,3.0,brake,0.9241226150628625,7069.849166666669,19,953.4864263418576,2,belgium_2026_R|LIN|NOR,belgium_2026_R|L7|belgium_2026_R|LIN|NOR,,True,v4_t0_anchored_30s_horizon
belgium_2026_R_00145,belgium_2026_R,2026,Belgian Grand Prix,BOR,COL,43,2026-07-19 13:19:40.639,2026-07-19 13:19:46.838,6.199,6.199,2026-07-19 13:20:10.639,30.0,7,20,36.91666666666242,0.9040816326529573,20.872222222217715,147.0,82.0,65.0,,,False,11.0,9.0,6633.559444444445,corner_T18,51.9727670738348,111.9727670738348,MEDIUM,7.0,1.0,0.9600139923165374,10401.860144050037,24201.361979503345,400.0,False,1,False,CLOSE_INTERACTION_NO_PASS,0.0,113.24,True,1.0,111.28722741431895,35.71277258568105,1.433495,True,1.433495,126.80674179761024,13,True,3.0,corner,0.9382886802904837,7069.849166666669,19,953.4864263418576,2,belgium_2026_R|BOR|COL,belgium_2026_R|L7|belgium_2026_R|BOR|COL,,True,v4_t0_anchored_30s_horizon
belgium_2026_R_00146,belgium_2026_R,2026,Belgian Grand Prix,HUL,GAS,10,2026-07-19 13:19:40.639,2026-07-19 13:19:46.838,6.199,6.199,2026-07-19 13:20:10.639,30.0,7,13,67.5172222222227,0.861921985815609,10.00611111111175,282.0,130.0,152.0,,,False,13.0,10.0,6565.114444444437,brake_T18,55.37017183215812,180.4177670738427,MEDIUM,7.0,1.0,0.8981360360231405,9868.894793561765,56640.76874616667,400.0,False,1,False,CLOSE_INTERACTION_NO_PASS,0.0,,False,0.0,243.52030590717303,38.479694092826975,1.4225940000000001,True,1.4225940000000001,61.8531949288815,13,True,3.0,brake,0.9286074270718555,7069.849166666669,19,953.4864263418576,2,belgium_2026_R|GAS|HUL,belgium_2026_R|L7|belgium_2026_R|GAS|HUL,,True,v4_t0_anchored_30s_horizon
belgium_2026_R_00147,belgium_2026_R,2026,Belgian Grand Prix,ALB,HUL,27,2026-07-19 13:19:41.399,2026-07-19 13:19:50.279,8.88,7.0,2026-07-19 13:20:11.399,30.0,7,22,10.032777777774754,0.17969154228850306,10.032777777774754,201.0,220.0,-19.0,-9.169565217389195,1.8399999999999999,True,12.0,13.0,6605.956111111107,brake_T18,14.528505165488241,139.57610040717282,MEDIUM,7.0,1.0,0.9280785689572714,9921.947432061814,37267.70190819727,400.0,False,1,False,ON_TRACK_PASS,1.0,9.2,False,0.0,233.39772727272262,-32.39772727272262,0.160772,True,0.160772,-9.061140184884607,12,True,3.0,brake,0.9343843065644524,7069.849166666669,19,953.4864263418576,2,belgium_2026_R|ALB|HUL,belgium_2026_R|L7|belgium_2026_R|ALB|HUL,belgium_2026_R_00156,True,v4_t0_anchored_30s_horizon
belgium_2026_R_00148,belgium_2026_R,2026,Belgian Grand Prix,BEA,ALB,23,2026-07-19 13:19:42.879,2026-07-19 13:19:50.279,7.4,7.4,2026-07-19 13:20:12.879,30.0,7,15,41.57444444444445,0.5869333333333335,10.429999999999382,255.0,104.0,151.0,,,False,15.0,12.0,6617.376111111106,brake_T18,3.1085051654890776,128.15610040717365,HARD,6.0,2.0,0.8180299901916397,9936.781820105163,31850.674608717723,400.0,False,1,False,CLOSE_INTERACTION_NO_PASS,0.0,,False,0.0,176.0836363636382,78.91636363636181,1.230836,True,1.230836,91.72935261319809,10,True,3.0,brake,0.9359996168392236,7069.849166666669,19,953.4864263418576,2,belgium_2026_R|ALB|BEA,belgium_2026_R|L7|belgium_2026_R|ALB|BEA,,True,v4_t0_anchored_30s_horizon
belgium_2026_R_00149,belgium_2026_R,2026,Belgian Grand Prix,HAD,SAI,55,2026-07-19 13:19:43.199,2026-07-19 13:19:50.879,7.68,7.68,2026-07-19 13:20:13.199,30.0,7,26,97.91249999998581,1.1948644067794878,24.1369444444299,295.0,169.0,126.0,125.99999999998772,0.32,True,16.0,14.0,6529.80027777778,brake_T18,90.68433849881512,215.7319337404997,HARD,5.0,3.0,0.8934066971911917,9823.02228465102,73391.89001513913,400.0,False,1,False,CLOSE_INTERACTION_NO_PASS,0.0,115.96,True,0.0,292.6109120212368,2.3890879787632002,1.580071,True,1.580071,31.81958861914578,10,True,3.0,brake,0.9236123888703112,7069.849166666669,19,953.4864263418576,2,belgium_2026_R|HAD|SAI,belgium_2026_R|L7|belgium_2026_R|HAD|SAI,,True,v4_t0_anchored_30s_horizon
belgium_2026_R_00150,belgium_2026_R,2026,Belgian Grand Prix,SAI,BEA,87,2026-07-19 13:19:43.479,2026-07-19 13:19:50.879,7.4,6.16,2026-07-19 13:20:13.479,30.0,7,20,10.668888888896618,0.26858741258760715,10.668888888896618,143.0,177.0,-34.0,-37.733333333329945,0.6,True,14.0,15.0,6638.933888888876,corner_T18,46.59832262940381,106.59832262940381,SOFT,7.0,1.0,0.9633047168367967,10591.372092890477,21663.19051658555,400.0,False,1,False,ON_TRACK_PASS,1.0,7.72,False,0.0,203.06973365619396,-60.06973365619396,0.221197,True,0.221197,-14.950697378422383,10,True,3.0,corner,0.9390488725262348,7069.849166666669,19,953.4864263418576,2,belgium_2026_R|BEA|SAI,belgium_2026_R|L7|belgium_2026_R|BEA|SAI,belgium_2026_R_00141,True,v4_t0_anchored_30s_horizon
belgium_2026_R_00151,belgium_2026_R,2026,Belgian Grand Prix,GAS,COL,43,2026-07-19 13:19:47.279,2026-07-19 13:21:30.439,103.16,102.64,2026-07-19 13:20:17.279,30.0,7,350,69.39416666666784,1.6994489795918655,10.053333333335104,147.0,199.0,-52.0,,,False,10.0,9.0,6805.814722222216,straight_15,,,MEDIUM,7.0,1.0,0.9822084911158003,9355.886756412254,76.59289197671059,264.0344444444527,True,1,False,CLOSE_INTERACTION_NO_PASS,0.0,103.8,True,-1.0,150.70447916666515,-3.704479166665152,1.340791,True,1.340791,-52.802276781801154,9,True,3.0,straight,0.9626534543778759,7069.849166666669,19,953.4864263418576,2,belgium_2026_R|COL|GAS,belgium_2026_R|L7|belgium_2026_R|COL|GAS,,True,v4_t0_anchored_30s_horizon
belgium_2026_R_00152,belgium_2026_R,2026,Belgian Grand Prix,HUL,BOR,5,2026-07-19 13:19:47.279,2026-07-19 13:19:50.279,3.0,3.0,2026-07-19 13:20:17.279,30.0,7,12,29.56694444445111,1.4383918918922163,29.56694444445111,74.0,123.0,-49.0,,,False,13.0,11.0,6774.160277777772,straight_15,,,MEDIUM,7.0,1.0,0.9994935999410859,10477.541160944575,85.77542666084034,295.68888888889705,True,1,False,CLOSE_INTERACTION_NO_PASS,0.0,,False,0.0,95.91867917894275,-21.918679178942753,0.963466,True,0.963466,-14.745646983865889,9,True,3.0,straight,0.9581760682698822,7069.849166666669,19,953.4864263418576,2,belgium_2026_R|BOR|HUL,belgium_2026_R|L7|belgium_2026_R|BOR|HUL,,True,v4_t0_anchored_30s_horizon
belgium_2026_R_00153,belgium_2026_R,2026,Belgian Grand Prix,BOR,GAS,10,2026-07-19 13:19:48.399,2026-07-19 13:20:18.200,29.801,29.801,2026-07-19 13:20:18.399,30.0,7,110,11.877499999992324,0.24157627118628455,11.877499999992324,177.0,203.0,-26.0,-31.49999999999766,1.12,True,11.0,10.0,6851.853888888892,straight_15,,,MEDIUM,7.0,1.0,0.9768275734852455,7724.519187687241,63.237540077006805,217.99527777777712,True,1,False,CLOSE_INTERACTION_NO_PASS,0.0,,False,1.0,194.3063335679161,-17.306333567916113,0.202852,True,0.202852,-24.454441496243557,10,True,3.0,straight,0.9691654980695212,7069.849166666669,19,953.4864263418576,2,belgium_2026_R|BOR|GAS,belgium_2026_R|L7|belgium_2026_R|BOR|GAS,,True,v4_t0_anchored_30s_horizon
belgium_2026_R_00154,belgium_2026_R,2026,Belgian Grand Prix,STR,BOT,77,2026-07-19 13:19:50.079,2026-07-19 13:20:03.399,13.32,13.32,2026-07-19 13:20:20.079,30.0,7,40,11.01916666667421,0.14857303370796687,10.00805555556235,267.0,287.0,-20.0,-15.346938775509056,1.96,True,19.0,20.0,6338.411111111107,straight_14,282.0735051654883,407.1211004071729,HARD,7.0,1.0,0.9010496011263329,16756.093463820565,87167.581623634,400.0,False,1,False,UNCERTAIN,,,False,0.0,286.036709805873,-19.036709805872988,0.13486,True,0.13486,-13.315243363555973,11,True,3.0,straight,0.8965412078373344,7069.849166666669,19,953.4864263418576,2,belgium_2026_R|BOT|STR,belgium_2026_R|L7|belgium_2026_R|BOT|STR,belgium_2026_R_00162,True,v4_t0_anchored_30s_horizon
belgium_2026_R_00155,belgium_2026_R,2026,Belgian Grand Prix,ALB,BOR,5,2026-07-19 13:19:50.599,2026-07-19 13:20:54.759,64.16,64.16,2026-07-19 13:20:20.599,30.0,7,243,77.96277777778687,1.3115233644861344,20.91972222222222,214.0,228.0,-14.0,,,False,12.0,11.0,6900.638888888884,straight_15,,,MEDIUM,7.0,1.0,0.9617280016070547,5995.8548220517,49.08565832936097,169.21027777778454,True,1,False,CLOSE_INTERACTION_NO_PASS,0.0,,False,0.0,202.53733974358727,11.462660256412732,1.2877589999999999,True,1.2877589999999999,-39.89860292323244,11,True,3.0,straight,0.9760659281706339,7069.849166666669,19,953.4864263418576,2,belgium_2026_R|ALB|BOR,belgium_2026_R|L7|belgium_2026_R|ALB|BOR,,True,v4_t0_anchored_30s_horizon
belgium_2026_R_00156,belgium_2026_R,2026,Belgian Grand Prix,HUL,ALB,23,2026-07-19 13:19:52.039,2026-07-19 13:21:30.439,98.4,96.52,2026-07-19 13:20:22.039,30.0,8,338,41.383611111111115,0.65920796460177,10.00138888888705,226.0,248.0,-22.0,-98.36527777777688,1.44,True,13.0,12.0,18.715277777777775,straight_01,317.5060330494268,377.5060330494268,MEDIUM,8.0,1.0,0.9865848566519283,16922.138186619413,75210.45748556122,400.0,False,12,False,INVALID,,98.8,True,0.0,232.8164547138378,-6.8164547138378,0.603622,True,0.603622,-21.46744453268576,11,True,3.0,straight,0.0026471961899862933,7069.849166666669,19,953.4864263418576,2,belgium_2026_R|ALB|HUL,belgium_2026_R|L8|belgium_2026_R|ALB|HUL,belgium_2026_R_00147,False,v4_t0_anchored_30s_horizon
belgium_2026_R_00157,belgium_2026_R,2026,Belgian Grand Prix,BOT,PER,11,2026-07-19 13:19:52.039,2026-07-19 13:20:01.559,9.52,9.52,2026-07-19 13:20:22.039,30.0,7,37,99.00055555555446,1.3249144981412493,36.44944444444263,269.0,209.0,60.0,22.544387755102733,1.96,True,20.0,18.0,6501.985833333336,brake_T18,118.49878294325936,243.54637818494393,HARD,6.0,2.0,0.9083920062919014,9786.891788845496,86585.55068724266,400.0,False,1,False,CLOSE_INTERACTION_NO_PASS,0.0,,False,-1.0,279.0521301020409,-10.052130102040906,1.425403,True,1.425403,15.498553749007472,11,True,3.0,brake,0.9196781543783525,7069.849166666669,19,953.4864263418576,2,belgium_2026_R|BOT|PER,belgium_2026_R|L7|belgium_2026_R|BOT|PER,,True,v4_t0_anchored_30s_horizon
belgium_2026_R_00158,belgium_2026_R,2026,Belgian Grand Prix,ALO,STR,18,2026-07-19 13:19:54.479,2026-07-19 13:20:07.399,12.92,12.92,2026-07-19 13:20:24.479,30.0,7,44,90.05722222221812,1.2421685823754223,44.39083333332928,261.0,128.0,133.0,76.18061224489793,1.96,True,21.0,19.0,6541.147777777778,brake_T18,79.33683849881709,204.38443374050166,HARD,7.0,1.0,0.8871830946735737,9837.762496413006,68009.2527751358,400.0,False,1,False,CLOSE_INTERACTION_NO_PASS,0.0,,False,1.0,270.1070987654311,-9.10709876543109,1.7251400000000001,True,1.7251400000000001,51.676990711202194,14,True,3.0,brake,0.9252174443294148,7069.849166666669,19,953.4864263418576,2,belgium_2026_R|ALO|STR,belgium_2026_R|L7|belgium_2026_R|ALO|STR,,True,v4_t0_anchored_30s_horizon
belgium_2026_R_00159,belgium_2026_R,2026,Belgian Grand Prix,ALO,BOT,77,2026-07-19 13:20:07.679,2026-07-19 13:20:40.879,33.2,33.2,2026-07-19 13:20:37.679,30.0,8,124,93.64305555555558,1.381618852459017,20.952499999999873,244.0,227.0,17.0,,,False,21.0,19.0,162.3097222222222,straight_01,173.91158860498234,233.91158860498234,HARD,8.0,1.0,0.9364418635017446,15398.879579541332,75170.18500712996,400.00000000000006,False,12,False,INVALID,,,False,0.0,241.53395833333335,2.466041666666655,1.443716,True,1.443716,-5.414094634597941,11,True,3.0,straight,0.02295801768833901,7069.849166666669,19,953.4864263418576,2,belgium_2026_R|ALO|BOT,belgium_2026_R|L8|belgium_2026_R|ALO|BOT,,False,v4_t0_anchored_30s_horizon
belgium_2026_R_00160,belgium_2026_R,2026,Belgian Grand Prix,STR,PER,11,2026-07-19 13:20:07.679,2026-07-19 13:20:13.639,5.96,5.96,2026-07-19 13:20:37.679,30.0,8,23,89.20722222222213,1.3001862348178124,38.240555555555545,247.0,111.0,136.0,,,False,20.0,18.0,257.48388888888894,brake_T1,78.7374219383156,138.7374219383156,HARD,8.0,1.0,0.9469407797652185,16489.86625437759,52038.43604234422,400.0,False,12,False,INVALID,,,False,1.0,232.4613415948276,14.538658405172413,1.947629,True,1.947629,49.69528960783613,11,True,3.0,brake,0.036419997487766614,7069.849166666669,19,953.4864263418576,2,belgium_2026_R|PER|STR,belgium_2026_R|L8|belgium_2026_R|PER|STR,,False,v4_t0_anchored_30s_horizon
belgium_2026_R_00161,belgium_2026_R,2026,Belgian Grand Prix,VER,ANT,12,2026-07-19 13:20:08.959,2026-07-19 13:20:36.879,27.92,27.92,2026-07-19 13:20:38.959,30.0,8,110,99.73138888888934,1.1184828660436188,41.868333333332885,321.0,308.0,13.0,14.47916666666572,1.92,True,2.0,1.0,1942.4855555555553,straight_03,406.89464347404896,523.3087559128655,MEDIUM,8.0,1.0,0.8505727059159188,26744.623590093175,86466.18651242969,399.9999999999998,False,12,False,INVALID,,,False,0.0,309.0,12.0,1.165867,True,1.165867,14.880614487341198,12,True,3.0,straight,0.27475629391276096,7069.849166666669,19,953.4864263418576,2,belgium_2026_R|ANT|VER,belgium_2026_R|L8|belgium_2026_R|ANT|VER,,False,v4_t0_anchored_30s_horizon
belgium_2026_R_00162,belgium_2026_R,2026,Belgian Grand Prix,BOT,STR,18,2026-07-19 13:20:10.519,2026-07-19 13:20:40.879,30.36,21.959,2026-07-19 13:20:40.519,30.0,8,88,10.883888888888862,0.4897749999999988,10.655833333333248,80.0,100.0,-20.0,-13.695652173912933,1.8399999999999999,True,19.0,20.0,364.12361111111113,corner_T1,649.8609030084558,32.097699716093416,HARD,7.0,2.0,0.998004605865873,21225.117060944438,4244.954678490598,400.0,False,12,False,INVALID,,25.96,False,-1.0,100.0,-20.0,0.39897,True,0.39897,-11.411080844435366,11,True,3.0,corner,0.051503731200928875,7069.849166666669,19,953.4864263418576,2,belgium_2026_R|BOT|STR,belgium_2026_R|L8|belgium_2026_R|BOT|STR,belgium_2026_R_00154,False,v4_t0_anchored_30s_horizon
belgium_2026_R_00163,belgium_2026_R,2026,Belgian Grand Prix,HAM,LEC,16,2026-07-19 13:20:14.039,2026-07-19 13:20:19.758,5.719,5.719,2026-07-19 13:20:44.039,30.0,8,24,13.975277777776682,0.19202671755723688,10.53138888888725,262.0,253.0,9.0,,,False,5.0,3.0,2302.6675000000005,brake_T5,46.712699029603755,163.12681146842033,MEDIUM,8.0,1.0,0.8429817761162705,9772.370977950093,56424.427137754115,400.0,False,12,False,INVALID,,,False,0.0,279.8585968379428,-17.858596837942798,0.198952,True,0.198952,18.42636701269614,11,True,3.0,brake,0.3257024931814316,7069.849166666669,19,953.4864263418576,2,belgium_2026_R|HAM|LEC,belgium_2026_R|L8|belgium_2026_R|HAM|LEC,,False,v4_t0_anchored_30s_horizon
belgium_2026_R_00164,belgium_2026_R,2026,Belgian Grand Prix,PIA,LEC,16,2026-07-19 13:20:20.039,2026-07-19 13:22:02.280,102.241,102.241,2026-07-19 13:20:50.039,30.0,8,381,34.449999999998454,0.7655555555555212,20.912222222224955,162.0,177.0,-15.0,,,False,4.0,3.0,2538.4613888888894,brake_T7,48.05309859762974,108.05309859762974,MEDIUM,8.0,1.0,0.9901100734305933,16258.555258644074,36743.15296318612,400.0,False,12,False,INVALID,,,False,0.0,157.0,5.0,0.728108,True,0.728108,-18.12097399093952,14,True,3.0,brake,0.3590545327129995,7069.849166666669,19,953.4864263418576,2,belgium_2026_R|LEC|PIA,belgium_2026_R|L8|belgium_2026_R|LEC|PIA,,False,v4_t0_anchored_30s_horizon
belgium_2026_R_00165,belgium_2026_R,2026,Belgian Grand Prix,NOR,LAW,30,2026-07-19 13:20:20.639,2026-07-19 13:20:24.439,3.8,3.8,2026-07-19 13:20:50.639,30.0,8,16,97.44805555555786,1.5522699115044614,86.08138888889107,226.0,124.0,102.0,137.8251285819222,1.361,True,8.0,7.0,2326.499722222221,brake_T5,22.880476807383275,139.29458924619985,HARD,8.0,1.0,0.9731459321382547,10726.507029403481,38291.78416806203,400.0,False,12,False,INVALID,,,False,0.0,221.45832030968472,4.541679690315277,2.358057,True,2.358057,137.45371703567105,15,True,3.0,brake,0.32907345933083487,7069.849166666669,19,953.4864263418576,2,belgium_2026_R|LAW|NOR,belgium_2026_R|L8|belgium_2026_R|LAW|NOR,,False,v4_t0_anchored_30s_horizon
belgium_2026_R_00166,belgium_2026_R,2026,Belgian Grand Prix,BOR,GAS,10,2026-07-19 13:20:21.079,2026-07-19 13:21:30.439,69.36,69.36,2026-07-19 13:20:51.079,30.0,8,261,99.39555555555535,1.1323544303797446,26.04777777778054,316.0,284.0,32.0,3.2409772348706216,1.8010000000000002,True,11.0,10.0,2183.324722222223,straight_03,166.05547680738118,282.46958924619776,MEDIUM,8.0,1.0,0.9457302957528991,10120.019001277125,112236.04194026487,400.0,False,12,False,INVALID,,,False,0.0,319.4214013989446,-3.4214013989446244,1.158413,True,1.158413,-1.8082789838761402,15,True,3.0,straight,0.30882196645952337,7069.849166666669,19,953.4864263418576,2,belgium_2026_R|BOR|GAS,belgium_2026_R|L8|belgium_2026_R|BOR|GAS,,False,v4_t0_anchored_30s_horizon
belgium_2026_R_00167,belgium_2026_R,2026,Belgian Grand Prix,HAM,PIA,81,2026-07-19 13:20:25.279,2026-07-19 13:22:02.280,97.001,94.8,2026-07-19 13:20:55.279,30.0,8,295,11.223333333333812,0.1803750000000077,10.015833333333376,224.0,233.0,-9.0,-10.959183673469445,1.96,True,5.0,4.0,2812.7169444444453,straight_05,168.82602219398268,228.82602219398268,MEDIUM,8.0,1.0,0.8593733605520825,9867.614429002624,63621.219383678705,400.0,False,12,False,INVALID,,97.2,True,0.0,230.96239525853264,-6.962395258532638,0.171158,True,0.171158,-11.682035689364755,10,True,3.0,straight,0.3978468108918087,7069.849166666669,19,953.4864263418576,2,belgium_2026_R|HAM|PIA,belgium_2026_R|L8|belgium_2026_R|HAM|PIA,,False,v4_t0_anchored_30s_horizon
belgium_2026_R_00168,belgium_2026_R,2026,Belgian Grand Prix,LAW,LIN,41,2026-07-19 13:20:26.519,2026-07-19 13:23:16.518,169.999,169.999,2026-07-19 13:20:56.519,30.0,8,629,10.503055555553601,0.20328494623652132,10.165833333322553,186.0,198.0,-12.0,-12.160483870966639,1.24,True,7.0,6.0,2678.6297222222224,straight_05,302.91324441620554,362.91324441620554,MEDIUM,8.0,1.0,0.9292053239016376,12744.654462829008,63176.52522238806,400.0,False,12,False,INVALID,,,False,1.0,194.5669780219784,-8.5669780219784,0.201415,True,0.201415,-8.95011604453951,11,True,3.0,straight,0.37888074541272815,7069.849166666669,19,953.4864263418576,2,belgium_2026_R|LAW|LIN,belgium_2026_R|L8|belgium_2026_R|LAW|LIN,,False,v4_t0_anchored_30s_horizon
belgium_2026_R_00169,belgium_2026_R,2026,Belgian Grand Prix,PER,OCO,31,2026-07-19 13:20:33.759,2026-07-19 13:21:08.879,35.12,35.12,2026-07-19 13:21:03.759,30.0,8,129,99.29972222222159,1.1421054313098968,37.07583333333287,313.0,232.0,81.0,24.139749864056373,1.839,True,18.0,17.0,2215.985000000001,straight_03,133.3951990296032,249.80931146841976,SOFT,7.0,2.0,0.9314642497823774,8166.837341250823,112201.76919356616,400.0,False,12,False,INVALID,,,False,0.0,305.0,8.0,1.266796,True,1.266796,14.877968890439883,12,True,3.0,straight,0.31344162340097076,7069.849166666669,19,953.4864263418576,2,belgium_2026_R|OCO|PER,belgium_2026_R|L8|belgium_2026_R|OCO|PER,,False,v4_t0_anchored_30s_horizon
belgium_2026_R_00170,belgium_2026_R,2026,Belgian Grand Prix,VER,ANT,12,2026-07-19 13:20:40.879,2026-07-19 13:21:04.479,23.6,23.6,2026-07-19 13:21:10.879,30.0,8,84,99.91722222222143,1.4273888888888775,48.735555555559586,252.0,247.0,5.0,11.198261814231882,1.841,True,2.0,1.0,3765.836944444444,corner_T10,213.2818830734518,27.016258222301076,MEDIUM,8.0,1.0,0.8685976458184549,25723.080763261492,1001.8996220624109,399.99999999999955,False,12,False,INVALID,,,False,0.0,252.5744444444442,-0.5744444444441967,1.469722,True,1.469722,6.0821124257757475,11,True,3.0,corner,0.532661568255208,7069.849166666669,19,953.4864263418576,2,belgium_2026_R|ANT|VER,belgium_2026_R|L8|belgium_2026_R|ANT|VER,,False,v4_t0_anchored_30s_horizon
belgium_2026_R_00171,belgium_2026_R,2026,Belgian Grand Prix,ALO,STR,18,2026-07-19 13:20:41.159,2026-07-19 13:22:31.399,110.24,108.56,2026-07-19 13:21:11.159,30.0,8,403,38.859166666666624,1.067885496183205,10.954999999999927,131.0,124.0,7.0,,,False,21.0,20.0,2413.1524999999997,corner_T6,173.3619874865194,52.64181146842111,HARD,8.0,1.0,0.9389980083656906,15164.330520643605,162.4930776146771,400.0,False,12,False,INVALID,,113.08,True,0.0,130.72254552280845,0.27745447719155436,1.123357,True,1.123357,21.31703945850497,11,True,3.0,corner,0.3413301250297771,7069.849166666669,19,953.4864263418576,2,belgium_2026_R|ALO|STR,belgium_2026_R|L8|belgium_2026_R|ALO|STR,,False,v4_t0_anchored_30s_horizon
belgium_2026_R_00172,belgium_2026_R,2026,Belgian Grand Prix,STR,BOT,77,2026-07-19 13:20:43.880,2026-07-19 13:21:04.479,20.599,20.599,2026-07-19 13:21:13.880,30.0,8,77,11.331944444445526,0.2615064102564352,11.331944444445526,156.0,176.0,-20.0,-18.045806067816148,1.681,True,20.0,19.0,2557.235555555555,brake_T7,29.278931930964063,89.27893193096406,HARD,8.0,1.0,0.9610636058112347,15988.269204872151,45680.30958633068,400.0,False,12,False,INVALID,,,False,1.0,172.45284621920106,-16.452846219201064,0.227727,True,0.227727,-13.078478699640572,11,True,3.0,brake,0.3617100584850602,7069.849166666669,19,953.4864263418576,2,belgium_2026_R|BOT|STR,belgium_2026_R|L8|belgium_2026_R|BOT|STR,,False,v4_t0_anchored_30s_horizon
belgium_2026_R_00173,belgium_2026_R,2026,Belgian Grand Prix,NOR,LAW,30,2026-07-19 13:20:56.679,2026-07-19 13:21:13.999,17.32,17.32,2026-07-19 13:21:26.679,30.0,8,66,90.23527777778327,1.2494115384616147,54.6844444444514,260.0,178.0,82.0,40.04166666666379,1.92,True,8.0,7.0,4350.166388888887,brake_T12,52.62602027844514,262.9190509964965,HARD,8.0,1.0,0.9758672344649975,10104.549401870105,55009.980331556486,400.0,False,12,False,INVALID,,,False,0.0,266.0854323308283,-6.085432330828326,1.524556,True,1.524556,21.909987010008415,11,True,3.0,brake,0.6153124750382656,7069.849166666669,19,953.4864263418576,2,belgium_2026_R|LAW|NOR,belgium_2026_R|L8|belgium_2026_R|LAW|NOR,,False,v4_t0_anchored_30s_horizon
belgium_2026_R_00174,belgium_2026_R,2026,Belgian Grand Prix,ALB,BOR,5,2026-07-19 13:20:59.839,2026-07-19 13:21:17.360,17.521,17.521,2026-07-19 13:21:29.839,30.0,8,69,88.26138888889,1.194515037594,49.09611111111826,266.0,199.0,67.0,31.514499999999135,2.0,True,12.0,11.0,4321.181111111109,brake_T12,81.61129805622295,291.9043287742743,MEDIUM,8.0,1.0,0.956760864731555,9869.319069697613,64233.32610722289,400.0,False,12,False,INVALID,,,False,0.0,270.0,-4.0,1.445255,True,1.445255,12.503546740951652,11,True,3.0,brake,0.6112126311668518,7069.849166666669,19,953.4864263418576,2,belgium_2026_R|ALB|BOR,belgium_2026_R|L8|belgium_2026_R|ALB|BOR,,False,v4_t0_anchored_30s_horizon
belgium_2026_R_00175,belgium_2026_R,2026,Belgian Grand Prix,PER,OCO,31,2026-07-19 13:21:11.239,2026-07-19 13:21:24.639,13.4,13.4,2026-07-19 13:21:41.239,30.0,8,56,97.73749999999927,1.3690856031128302,64.88916666666773,257.0,213.0,44.0,6.1395348837210575,1.72,True,18.0,17.0,4306.466111111115,brake_T12,96.32629805621673,306.61932877426807,SOFT,7.0,2.0,0.9483726964402135,9903.61550355552,69876.08898497076,400.0,False,12,False,INVALID,,,False,0.0,259.0,-2.0,1.424513,True,1.424513,-1.5171485792969273,11,True,3.0,brake,0.6091312572007178,7069.849166666669,19,953.4864263418576,2,belgium_2026_R|OCO|PER,belgium_2026_R|L8|belgium_2026_R|OCO|PER,,False,v4_t0_anchored_30s_horizon
belgium_2026_R_00176,belgium_2026_R,2026,Belgian Grand Prix,VER,ANT,12,2026-07-19 13:21:13.759,2026-07-19 13:21:43.279,29.52,29.52,2026-07-19 13:21:43.759,30.0,8,109,99.05305555555788,1.1653300653595045,23.26833333333707,306.0,282.0,24.0,28.089394780675146,1.8010000000000002,True,2.0,1.0,5950.781388888887,straight_13,131.20941092650628,191.20941092650628,MEDIUM,8.0,1.0,0.8520181949238517,31385.046058458578,209.60499417515194,400.0,False,12,False,INVALID,,,False,0.0,287.2320615322336,18.767938467766385,1.255926,True,1.255926,27.874573789996585,15,True,3.0,straight,0.8417126375122644,7069.849166666669,19,953.4864263418576,2,belgium_2026_R|ANT|VER,belgium_2026_R|L8|belgium_2026_R|ANT|VER,,True,v4_t0_anchored_30s_horizon
belgium_2026_R_00177,belgium_2026_R,2026,Belgian Grand Prix,STR,BOT,77,2026-07-19 13:21:16.599,2026-07-19 13:21:23.199,6.6,6.6,2026-07-19 13:21:46.599,30.0,8,28,94.09305555555875,1.328372549019653,75.62305555555668,255.0,172.0,83.0,51.990116279069326,1.72,True,20.0,19.0,4350.538055555553,brake_T12,52.25435361177915,262.5473843298305,HARD,8.0,1.0,0.9501300380681714,10107.684219294604,54892.453694657255,400.0,False,12,False,INVALID,,,False,1.0,258.1636318897647,-3.1636318897647016,1.679854,True,1.679854,21.208897937473587,13,True,3.0,brake,0.6153650457024911,7069.849166666669,19,953.4864263418576,2,belgium_2026_R|BOT|STR,belgium_2026_R|L8|belgium_2026_R|BOT|STR,,False,v4_t0_anchored_30s_horizon
belgium_2026_R_00178,belgium_2026_R,2026,Belgian Grand Prix,LEC,VER,3,2026-07-19 13:21:22.359,2026-07-19 13:23:15.319,112.96,112.2,2026-07-19 13:21:52.359,30.0,8,409,94.13694444444081,1.1932852112675596,13.147222222230084,284.0,202.0,82.0,29.09302325581319,1.72,True,3.0,2.0,6526.527222222222,brake_T18,93.95739405437325,219.00498929605783,MEDIUM,8.0,1.0,0.760999496843974,9818.77064050053,74944.44967338545,400.0,False,12,False,INVALID,,113.16,True,0.0,274.68144768856376,9.318552311436235,1.360886,True,1.360886,10.874250018515557,13,True,3.0,brake,0.9231494291269845,7069.849166666669,19,953.4864263418576,2,belgium_2026_R|LEC|VER,belgium_2026_R|L8|belgium_2026_R|LEC|VER,,True,v4_t0_anchored_30s_horizon
belgium_2026_R_00179,belgium_2026_R,2026,Belgian Grand Prix,HAD,SAI,55,2026-07-19 13:21:27.199,2026-07-19 13:21:37.439,10.24,9.201,2026-07-19 13:21:57.199,30.0,8,33,75.98055555555584,0.8494720496894441,14.665000000003602,322.0,299.0,23.0,,,False,16.0,14.0,5843.546666666673,corner_T16,238.44413314871963,30.31530403789202,HARD,6.0,3.0,0.9788774391822975,32095.799750505437,176.34379869532287,400.0,False,12,False,INVALID,,10.44,False,0.0,304.5878712871286,17.41212871287138,0.910544,True,0.910544,15.515297433509993,10,True,3.0,corner,0.8265447435877646,7069.849166666669,19,953.4864263418576,2,belgium_2026_R|HAD|SAI,belgium_2026_R|L8|belgium_2026_R|HAD|SAI,,True,v4_t0_anchored_30s_horizon
belgium_2026_R_00180,belgium_2026_R,2026,Belgian Grand Prix,LIN,HAM,44,2026-07-19 13:21:28.559,2026-07-19 13:21:31.718,3.159,3.159,2026-07-19 13:21:58.559,30.0,8,11,99.26499999999578,2.570892086330826,86.5611111111075,139.0,81.0,58.0,113.44117647058658,1.3599999999999999,True,6.0,5.0,6630.458611111108,corner_T18,55.0736004071714,115.0736004071714,MEDIUM,8.0,1.0,0.9805122241288708,10292.519546318315,25665.782490184138,400.0,False,12,False,INVALID,,,False,-1.0,171.5343434080818,-32.53434340808181,3.774248,True,3.774248,163.4202836879443,11,True,3.0,corner,0.9378500806456771,7069.849166666669,19,953.4864263418576,2,belgium_2026_R|HAM|LIN,belgium_2026_R|L8|belgium_2026_R|HAM|LIN,,True,v4_t0_anchored_30s_horizon
belgium_2026_R_00181,belgium_2026_R,2026,Belgian Grand Prix,SAI,BEA,87,2026-07-19 13:21:29.399,2026-07-19 13:21:37.439,8.04,8.04,2026-07-19 13:21:59.399,30.0,8,31,10.540833333324372,0.13221951219500955,10.540833333324372,287.0,301.0,-14.0,-14.795918367345456,1.96,True,14.0,15.0,6097.596111111117,corner_T17,522.8885051654779,44.39468870427572,SOFT,8.0,1.0,0.9752689498860194,30879.119454742948,211.07678025400617,400.0,False,12,False,INVALID,,16.92,False,0.0,301.9481927409878,-14.948192740987793,0.126109,True,0.126109,-15.031430069561653,9,True,3.0,corner,0.8624789535624627,7069.849166666669,19,953.4864263418576,2,belgium_2026_R|BEA|SAI,belgium_2026_R|L8|belgium_2026_R|BEA|SAI,belgium_2026_R_00195,True,v4_t0_anchored_30s_horizon
belgium_2026_R_00182,belgium_2026_R,2026,Belgian Grand Prix,GAS,NOR,1,2026-07-19 13:21:30.839,2026-07-19 13:21:40.479,9.64,9.64,2026-07-19 13:22:00.839,30.0,8,22,69.75611111111175,0.8629621993127228,12.913055555553,291.0,118.0,173.0,,,False,10.0,8.0,6582.844166666663,brake_T18,37.64044960993215,162.68804485161672,MEDIUM,8.0,1.0,0.9631117038794909,9891.925404712843,48230.752170860695,400.0,False,12,False,INVALID,,,False,0.0,244.93520566121265,46.06479433878735,1.571768,True,1.571768,76.77303827112014,10,True,3.0,brake,0.931115220633537,7069.849166666669,19,953.4864263418576,2,belgium_2026_R|GAS|NOR,belgium_2026_R|L8|belgium_2026_R|GAS|NOR,,True,v4_t0_anchored_30s_horizon
belgium_2026_R_00183,belgium_2026_R,2026,Belgian Grand Prix,ALB,HUL,27,2026-07-19 13:21:33.879,2026-07-19 13:21:41.799,7.92,6.36,2026-07-19 13:22:03.879,30.0,8,27,10.125277777784504,0.16057709251111987,10.125277777784504,227.0,241.0,-14.0,-5.16411130039598,1.7610000000000001,True,12.0,13.0,6576.68194444444,brake_T18,43.80267183215528,168.85026707383986,MEDIUM,8.0,1.0,0.9577203880021802,9883.92078162582,51153.775463614176,400.0,False,12,False,INVALID,,8.16,False,0.0,256.88630705395167,-29.88630705395167,0.158863,True,0.158863,-9.171017586255873,9,True,3.0,brake,0.9302436005922953,7069.849166666669,19,953.4864263418576,2,belgium_2026_R|ALB|HUL,belgium_2026_R|L8|belgium_2026_R|ALB|HUL,belgium_2026_R_00191,True,v4_t0_anchored_30s_horizon
belgium_2026_R_00184,belgium_2026_R,2026,Belgian Grand Prix,BOR,GAS,10,2026-07-19 13:21:33.879,2026-07-19 13:21:38.399,4.52,4.52,2026-07-19 13:22:03.879,30.0,8,22,38.589444444436594,0.8318682634728848,24.045555555547253,167.0,92.0,75.0,,,False,11.0,10.0,6684.627777777782,brake_T19,0.9044337404975522,60.90443374049755,MEDIUM,8.0,1.0,0.9841544800913584,11676.517107057973,1510.3135327618509,385.2213888888864,True,12,False,INVALID,,54.2,True,0.0,140.66798353909036,26.332016460909642,1.251496,True,1.251496,39.55787103263916,9,True,3.0,brake,0.9455120781493966,7069.849166666669,19,953.4864263418576,2,belgium_2026_R|BOR|GAS,belgium_2026_R|L8|belgium_2026_R|BOR|GAS,,True,v4_t0_anchored_30s_horizon
belgium_2026_R_00185,belgium_2026_R,2026,Belgian Grand Prix,HUL,COL,43,2026-07-19 13:21:33.879,2026-07-19 13:21:38.399,4.52,4.52,2026-07-19 13:22:03.879,30.0,8,22,94.46361111110491,1.411074688796588,52.393055555550745,241.0,76.0,165.0,,,False,13.0,9.0,6587.316944444447,brake_T18,33.1676718321487,158.21526707383327,MEDIUM,8.0,1.0,0.9769116967757494,9897.735467864099,46109.109497764366,400.0,False,12,False,INVALID,,,False,0.0,209.69902210883532,31.300977891164678,2.949443,True,2.949443,183.47978783481838,9,True,3.0,brake,0.9317478759663936,7069.849166666669,19,953.4864263418576,2,belgium_2026_R|COL|HUL,belgium_2026_R|L8|belgium_2026_R|COL|HUL,,True,v4_t0_anchored_30s_horizon
belgium_2026_R_00186,belgium_2026_R,2026,Belgian Grand Prix,BEA,ALB,23,2026-07-19 13:21:34.319,2026-07-19 13:21:41.799,7.48,7.48,2026-07-19 13:22:04.319,30.0,8,30,96.80027777777559,1.2270457746478596,20.407222222223027,284.0,183.0,101.0,36.95454545454533,1.76,True,15.0,12.0,6503.209444444442,brake_T18,117.27517183215332,242.3227670738379,HARD,7.0,2.0,0.8592668726198958,9788.481239111372,86005.13608191794,400.0,False,12,False,INVALID,,,False,0.0,286.8377661633761,-2.837766163376102,1.429202,True,1.429202,18.795771898882194,10,True,3.0,brake,0.9198512289492891,7069.849166666669,19,953.4864263418576,2,belgium_2026_R|ALB|BEA,belgium_2026_R|L8|belgium_2026_R|ALB|BEA,,True,v4_t0_anchored_30s_horizon
belgium_2026_R_00187,belgium_2026_R,2026,Belgian Grand Prix,COL,BOR,5,2026-07-19 13:21:34.319,2026-07-19 13:21:38.399,4.08,3.519,2026-07-19 13:22:04.319,30.0,8,17,14.754166666674791,0.7082000000003901,11.226388888896508,75.0,167.0,-92.0,-92.5454545454547,0.44,True,9.0,11.0,6690.226388888886,corner_T19,,55.30582262939424,MEDIUM,8.0,1.0,0.983451454463175,11661.445380332812,1293.5187703368993,379.6227777777831,True,12,False,INVALID,,4.439,False,0.0,167.0,-92.0,0.319311,True,0.319311,-81.82474576005325,10,True,3.0,corner,0.9463039778037061,7069.849166666669,19,953.4864263418576,2,belgium_2026_R|BOR|COL,belgium_2026_R|L8|belgium_2026_R|BOR|COL,,True,v4_t0_anchored_30s_horizon
belgium_2026_R_00188,belgium_2026_R,2026,Belgian Grand Prix,HAD,BEA,87,2026-07-19 13:21:37.639,2026-07-19 13:21:42.999,5.36,5.36,2026-07-19 13:22:07.639,30.0,8,20,21.31027777777126,0.6237154471542808,14.594444444438523,123.0,88.0,35.0,,,False,16.0,15.0,6651.157500000005,corner_T18,34.374711518275035,94.37471151827503,HARD,6.0,3.0,0.9918445481597107,11022.39717603894,15890.385305393776,400.0,False,12,False,INVALID,,,False,0.0,120.26616131502465,2.7338386849753533,0.781474,True,0.781474,49.675882797458435,14,True,3.0,corner,0.9407778501639419,7069.849166666669,19,953.4864263418576,2,belgium_2026_R|BEA|HAD,belgium_2026_R|L8|belgium_2026_R|BEA|HAD,,True,v4_t0_anchored_30s_horizon
belgium_2026_R_00189,belgium_2026_R,2026,Belgian Grand Prix,GAS,COL,43,2026-07-19 13:21:42.039,2026-07-19 13:22:26.839,44.8,44.8,2026-07-19 13:22:12.039,30.0,9,160,49.97277777777779,0.7558907563025212,10.250000000000057,238.0,249.0,-11.0,,,False,10.0,9.0,23.555555555555554,straight_01,312.665755271649,372.665755271649,MEDIUM,9.0,1.0,0.9861610893401218,16870.792225331188,75209.09998191154,400.0,False,1,False,CLOSE_INTERACTION_NO_PASS,0.0,105.84,True,0.0,235.02381667918857,2.9761833208114297,0.741057,True,0.741057,-43.458475797770554,10,True,3.0,straight,0.003331832829845457,7069.849166666669,19,953.4864263418576,2,belgium_2026_R|COL|GAS,belgium_2026_R|L9|belgium_2026_R|COL|GAS,,False,v4_t0_anchored_30s_horizon
belgium_2026_R_00190,belgium_2026_R,2026,Belgian Grand Prix,BEA,HUL,27,2026-07-19 13:21:42.039,2026-07-19 13:21:45.879,3.84,3.84,2026-07-19 13:22:12.039,30.0,8,16,45.39805555556086,1.9690722891568566,45.39805555556086,83.0,135.0,-52.0,,,False,15.0,13.0,6767.193888888887,straight_15,,,HARD,7.0,2.0,0.8820258654297128,10724.390566076803,87.79628372271637,302.6552777777815,True,12,False,INVALID,,,False,0.0,80.45442176870407,2.5455782312959343,1.52819,True,1.52819,-13.074184896634375,10,True,3.0,straight,0.9571907022847449,7069.849166666669,19,953.4864263418576,2,belgium_2026_R|BEA|HUL,belgium_2026_R|L8|belgium_2026_R|BEA|HUL,,True,v4_t0_anchored_30s_horizon
belgium_2026_R_00191,belgium_2026_R,2026,Belgian Grand Prix,HUL,ALB,23,2026-07-19 13:21:43.279,2026-07-19 13:23:25.119,101.84,99.599,2026-07-19 13:22:13.279,30.0,8,369,10.098055555548854,0.1965027027025723,10.098055555548854,185.0,208.0,-23.0,-24.064516129027975,1.24,True,13.0,12.0,6870.996111111116,straight_15,,,MEDIUM,8.0,1.0,0.991951651631809,7046.227142291293,57.68463518254906,198.8530555555526,True,12,False,INVALID,,102.24,True,0.0,202.66583104395974,-17.66583104395974,0.165951,True,0.165951,-25.629916984827425,11,True,3.0,straight,0.9718730837295488,7069.849166666669,19,953.4864263418576,2,belgium_2026_R|ALB|HUL,belgium_2026_R|L8|belgium_2026_R|ALB|HUL,belgium_2026_R_00183,True,v4_t0_anchored_30s_horizon
belgium_2026_R_00192,belgium_2026_R,2026,Belgian Grand Prix,COL,NOR,1,2026-07-19 13:21:43.559,2026-07-19 13:21:51.919,8.36,8.36,2026-07-19 13:22:13.559,30.0,9,34,99.45583333333332,1.346018796992481,36.75416666666655,266.0,211.0,55.0,7.70833333333334,1.92,True,9.0,7.0,183.90444444444444,straight_01,152.3168663827601,212.3168663827601,MEDIUM,9.0,1.0,0.9674573875422999,15169.801451764682,75164.12855426168,399.99999999999994,False,1,False,CLOSE_INTERACTION_NO_PASS,0.0,,False,0.0,260.69507633587784,5.304923664122157,1.4504920000000001,True,1.4504920000000001,8.962418065397983,11,True,3.0,straight,0.026012499009388727,7069.849166666669,19,953.4864263418576,2,belgium_2026_R|COL|NOR,belgium_2026_R|L9|belgium_2026_R|COL|NOR,,False,v4_t0_anchored_30s_horizon
belgium_2026_R_00193,belgium_2026_R,2026,Belgian Grand Prix,PER,OCO,31,2026-07-19 13:21:45.358,2026-07-19 13:21:53.759,8.401,8.401,2026-07-19 13:22:15.358,30.0,8,34,96.91333333332932,1.368188235294061,50.23416666666253,255.0,134.0,121.0,70.1862145636498,1.799,True,18.0,17.0,6567.944444444449,brake_T18,52.54017183214637,177.58776707383095,SOFT,7.0,2.0,0.9378431831505093,9872.57091599284,55298.37056248962,400.0,False,12,False,INVALID,,,False,0.0,259.81203063240997,-4.8120306324099715,1.790407,True,1.790407,45.57491839316945,12,True,3.0,brake,0.9290077184972164,7069.849166666669,19,953.4864263418576,2,belgium_2026_R|OCO|PER,belgium_2026_R|L8|belgium_2026_R|OCO|PER,,True,v4_t0_anchored_30s_horizon
belgium_2026_R_00194,belgium_2026_R,2026,Belgian Grand Prix,SAI,HUL,27,2026-07-19 13:21:46.159,2026-07-19 13:21:51.919,5.76,5.76,2026-07-19 13:22:16.159,30.0,9,24,72.16055555555555,1.0961097046413502,24.229166666666742,237.0,250.0,-13.0,,,False,14.0,13.0,29.77444444444444,straight_01,306.4468663827601,366.4468663827601,SOFT,9.0,1.0,0.9868609410110056,16804.821873461988,75207.35583317644,400.0,False,1,False,CLOSE_INTERACTION_NO_PASS,0.0,,False,0.0,229.45110452586206,7.548895474137936,1.082564,True,1.082564,-19.026021010592142,12,True,3.0,straight,0.004211468129309845,7069.849166666669,19,953.4864263418576,2,belgium_2026_R|HUL|SAI,belgium_2026_R|L9|belgium_2026_R|HUL|SAI,,False,v4_t0_anchored_30s_horizon
belgium_2026_R_00195,belgium_2026_R,2026,Belgian Grand Prix,BEA,SAI,55,2026-07-19 13:21:46.319,2026-07-19 13:21:51.919,5.6,3.92,2026-07-19 13:22:16.319,30.0,9,17,14.146388888888886,0.22238864628820956,10.590833333333308,229.0,242.0,-13.0,,,False,15.0,14.0,26.417777777777772,straight_01,309.8035330494268,369.8035330494268,HARD,8.0,2.0,0.8776603233665756,16840.429597778024,75208.29724345493,400.0,False,1,False,ON_TRACK_PASS,1.0,5.84,False,0.0,235.54321880650994,-6.543218806509941,0.210987,True,0.210987,-11.578396840377088,12,True,3.0,straight,0.003736681951056867,7069.849166666669,19,953.4864263418576,2,belgium_2026_R|BEA|SAI,belgium_2026_R|L9|belgium_2026_R|BEA|SAI,belgium_2026_R_00181,False,v4_t0_anchored_30s_horizon
belgium_2026_R_00196,belgium_2026_R,2026,Belgian Grand Prix,ALB,BOR,5,2026-07-19 13:21:46.999,2026-07-19 13:21:54.239,7.24,7.24,2026-07-19 13:22:16.999,30.0,9,29,96.52611111111108,1.2870148148148144,35.34833333333336,270.0,184.0,86.0,38.2275936990767,1.841,True,12.0,11.0,208.01999999999998,straight_01,128.20131082720457,188.20131082720457,MEDIUM,9.0,1.0,0.9535964613001657,14913.982170548123,75157.36510881834,400.0,False,1,False,CLOSE_INTERACTION_NO_PASS,0.0,,False,0.0,243.9288681204569,26.07113187954309,1.572233,True,1.572233,19.443209937344058,13,True,3.0,straight,0.02942354144990598,7069.849166666669,19,953.4864263418576,2,belgium_2026_R|ALB|BOR,belgium_2026_R|L9|belgium_2026_R|ALB|BOR,,False,v4_t0_anchored_30s_horizon
belgium_2026_R_00197,belgium_2026_R,2026,Belgian Grand Prix,BOT,PER,11,2026-07-19 13:21:48.839,2026-07-19 13:21:54.239,5.4,5.4,2026-07-19 13:22:18.839,30.0,8,22,96.50277777778138,1.435578512396748,59.15083333333678,242.0,77.0,165.0,169.9782608695616,1.8399999999999999,True,19.0,18.0,6601.979444444446,brake_T18,18.505171832149244,143.55276707383382,HARD,7.0,2.0,0.9659835009746116,9916.781808904869,39154.01643483777,400.0,False,12,False,INVALID,,,False,-1.0,212.03817204301544,29.961827956984564,2.940381,True,2.940381,155.7515831134515,13,True,3.0,brake,0.9338218240315279,7069.849166666669,19,953.4864263418576,2,belgium_2026_R|BOT|PER,belgium_2026_R|L8|belgium_2026_R|BOT|PER,,True,v4_t0_anchored_30s_horizon
belgium_2026_R_00198,belgium_2026_R,2026,Belgian Grand Prix,STR,BOT,77,2026-07-19 13:21:51.919,2026-07-19 13:21:56.519,4.6,4.6,2026-07-19 13:22:21.919,30.0,8,17,96.73777777778196,1.9455642458101399,77.62666666667246,179.0,77.0,102.0,144.63478260869638,1.8399999999999999,True,20.0,19.0,6612.090277777775,brake_T18,8.394338498820616,133.4419337405052,HARD,8.0,1.0,0.9535154235746897,9929.91561145375,34357.986646122095,400.0,False,12,False,INVALID,,,False,1.0,218.03101604279348,-39.03101604279348,2.912732,True,2.912732,142.7089502291686,12,True,3.0,brake,0.9352519582670643,7069.849166666669,19,953.4864263418576,2,belgium_2026_R|BOT|STR,belgium_2026_R|L8|belgium_2026_R|BOT|STR,,True,v4_t0_anchored_30s_horizon
belgium_2026_R_00199,belgium_2026_R,2026,Belgian Grand Prix,HAM,LEC,16,2026-07-19 13:22:02.479,2026-07-19 13:23:15.319,72.84,72.84,2026-07-19 13:22:32.479,30.0,9,271,76.1172222222217,0.7874195402298797,26.14055555555524,348.0,319.0,29.0,,,False,4.0,3.0,1995.918888888889,straight_03,353.46131014071534,469.8754225795319,MEDIUM,9.0,1.0,0.8170580221658297,22303.23159932974,107735.11666575058,400.0,False,1,False,CLOSE_INTERACTION_NO_PASS,0.0,,False,-1.0,320.0,28.0,0.865418,True,0.865418,28.25209322510429,9,True,3.0,straight,0.2823142109310283,7069.849166666669,19,953.4864263418576,2,belgium_2026_R|HAM|LEC,belgium_2026_R|L9|belgium_2026_R|HAM|LEC,,False,v4_t0_anchored_30s_horizon
belgium_2026_R_00200,belgium_2026_R,2026,Belgian Grand Prix,VER,ANT,12,2026-07-19 13:22:02.959,2026-07-19 13:22:25.679,22.72,22.72,2026-07-19 13:22:32.959,30.0,9,88,99.77944444444393,1.1476230031948822,48.6647222222241,313.0,286.0,27.0,13.761309523810203,1.6800000000000002,True,2.0,1.0,2197.7644444444445,straight_03,151.61575458515972,268.0298670239763,MEDIUM,9.0,1.0,0.7881921566350275,9258.724746472366,112220.8951210817,400.0,False,1,False,CLOSE_INTERACTION_NO_PASS,0.0,,False,0.0,306.0,7.0,1.212617,True,1.212617,10.09394119914914,8,True,3.0,straight,0.3108644035585074,7069.849166666669,19,953.4864263418576,2,belgium_2026_R|ANT|VER,belgium_2026_R|L9|belgium_2026_R|ANT|VER,,False,v4_t0_anchored_30s_horizon
belgium_2026_R_00201,belgium_2026_R,2026,Belgian Grand Prix,PIA,HAM,44,2026-07-19 13:22:04.199,2026-07-19 13:23:52.839,108.64,108.64,2026-07-19 13:22:34.199,30.0,9,414,12.66555555555533,0.14429113924050377,12.66555555555533,316.0,341.0,-25.0,-24.697674418605033,1.72,True,5.0,4.0,2147.576666666667,straight_03,201.8035323629374,318.217644801754,MEDIUM,9.0,1.0,0.8877206320057218,12217.181789290906,112273.44967040238,400.0,False,1,False,CLOSE_INTERACTION_NO_PASS,0.0,,False,1.0,341.32599093040517,-25.32599093040517,0.13007,True,0.13007,-25.318404787206234,12,True,3.0,straight,0.3037655565258994,7069.849166666669,19,953.4864263418576,2,belgium_2026_R|HAM|PIA,belgium_2026_R|L9|belgium_2026_R|HAM|PIA,,False,v4_t0_anchored_30s_horizon
belgium_2026_R_00202,belgium_2026_R,2026,Belgian Grand Prix,BEA,HUL,27,2026-07-19 13:22:12.959,2026-07-19 13:22:28.079,15.12,15.12,2026-07-19 13:22:42.959,30.0,9,58,77.2933333333342,0.8184000000000092,19.83888888889078,340.0,307.0,33.0,,,False,15.0,13.0,1848.554999999999,straight_03,500.8251990296053,617.2393114684219,HARD,8.0,2.0,0.8622185401748124,33251.40688303297,15081.923568734715,400.0,False,1,False,CLOSE_INTERACTION_NO_PASS,0.0,,False,0.0,304.8121475409836,35.187852459016426,0.91514,True,0.91514,32.64033578386033,13,True,3.0,straight,0.26147021759893724,7069.849166666669,19,953.4864263418576,2,belgium_2026_R|BEA|HUL,belgium_2026_R|L9|belgium_2026_R|BEA|HUL,,False,v4_t0_anchored_30s_horizon
belgium_2026_R_00203,belgium_2026_R,2026,Belgian Grand Prix,HAD,BEA,87,2026-07-19 13:22:15.839,2026-07-19 13:22:26.039,10.2,10.2,2026-07-19 13:22:45.839,30.0,9,15,10.048055555553674,0.10394540229883112,10.048055555553674,348.0,338.0,10.0,,,False,16.0,15.0,2109.3066666666664,straight_03,240.07353236293784,356.4876448017544,HARD,7.0,3.0,0.8911737676232298,14462.294667460137,112313.4964312713,400.0,False,1,False,CLOSE_INTERACTION_NO_PASS,0.0,112.6,True,0.0,338.0,10.0,0.106905,True,0.106905,8.77388763584363,12,True,3.0,straight,0.29835242831088205,7069.849166666669,19,953.4864263418576,2,belgium_2026_R|BEA|HAD,belgium_2026_R|L9|belgium_2026_R|BEA|HAD,,False,v4_t0_anchored_30s_horizon
belgium_2026_R_00204,belgium_2026_R,2026,Belgian Grand Prix,SAI,HAD,6,2026-07-19 13:22:17.758,2026-07-19 13:22:26.039,8.281,6.6,2026-07-19 13:22:47.758,30.0,9,24,12.308611111111077,0.17939676113360273,10.50138888888796,247.0,293.0,-46.0,-22.23449713392488,1.919,True,14.0,16.0,2272.8536111111116,brake_T5,76.52658791849262,192.9407003573092,SOFT,9.0,1.0,0.9411855283239664,8578.755629886085,79108.19526141012,400.0,False,1,False,ON_TRACK_PASS,1.0,8.681000000000001,False,0.0,293.0,-46.0,0.151784,True,0.151784,-20.66457648009832,14,True,3.0,brake,0.321485445803751,7069.849166666669,19,953.4864263418576,2,belgium_2026_R|HAD|SAI,belgium_2026_R|L9|belgium_2026_R|HAD|SAI,belgium_2026_R_00210,False,v4_t0_anchored_30s_horizon
belgium_2026_R_00205,belgium_2026_R,2026,Belgian Grand Prix,COL,NOR,1,2026-07-19 13:22:24.758,2026-07-19 13:22:33.079,8.321,8.321,2026-07-19 13:22:54.758,30.0,9,30,97.46555555555551,1.4804894514767928,70.70027777777796,237.0,145.0,92.0,48.468334220329155,1.879,True,9.0,7.0,2867.647499999999,brake_T8,113.89546663842884,173.89546663842884,MEDIUM,9.0,1.0,0.968101154414058,7611.9615002024375,61969.04261018228,400.0,False,1,False,CLOSE_INTERACTION_NO_PASS,0.0,,False,0.0,240.0,-3.0,1.89537,True,1.89537,23.189072584212045,11,True,3.0,brake,0.4056165036052747,7069.849166666669,19,953.4864263418576,2,belgium_2026_R|COL|NOR,belgium_2026_R|L9|belgium_2026_R|COL|NOR,,False,v4_t0_anchored_30s_horizon
belgium_2026_R_00206,belgium_2026_R,2026,Belgian Grand Prix,BOR,COL,43,2026-07-19 13:22:27.079,2026-07-19 13:22:35.599,8.52,8.52,2026-07-19 13:22:57.079,30.0,9,27,39.89666666666653,0.830219653179188,25.67444444444436,173.0,123.0,50.0,,,False,11.0,9.0,2930.228055555555,brake_T8,51.314911082873095,111.3149110828731,MEDIUM,9.0,1.0,0.9860859255011919,10458.598504565341,32231.55012475435,400.0,False,1,False,CLOSE_INTERACTION_NO_PASS,0.0,61.52,True,0.0,156.79365079364976,16.20634920635024,1.085714,True,1.085714,56.89439374380516,11,True,3.0,brake,0.41446825617881106,7069.849166666669,19,953.4864263418576,2,belgium_2026_R|BOR|COL,belgium_2026_R|L9|belgium_2026_R|BOR|COL,,False,v4_t0_anchored_30s_horizon
belgium_2026_R_00207,belgium_2026_R,2026,Belgian Grand Prix,ALB,GAS,10,2026-07-19 13:22:27.359,2026-07-19 13:22:34.639,7.28,7.28,2026-07-19 13:22:57.359,30.0,9,23,99.41833333333489,1.5165508474576508,50.37388888889063,236.0,130.0,106.0,106.00000000000104,0.28,True,12.0,10.0,2840.133611111111,straight_05,141.40935552731708,201.40935552731708,MEDIUM,9.0,1.0,0.9468436787844156,8608.255103315003,64246.49089311793,400.0,False,1,False,CLOSE_INTERACTION_NO_PASS,0.0,,False,0.0,242.0,-6.0,2.156057,True,2.156057,44.94940391177046,11,True,3.0,straight,0.401724781414282,7069.849166666669,19,953.4864263418576,2,belgium_2026_R|ALB|GAS,belgium_2026_R|L9|belgium_2026_R|ALB|GAS,,False,v4_t0_anchored_30s_horizon
belgium_2026_R_00208,belgium_2026_R,2026,Belgian Grand Prix,STR,ALO,14,2026-07-19 13:22:33.759,2026-07-19 13:25:26.479,172.72,172.72,2026-07-19 13:23:03.759,30.0,9,659,10.678055555556057,0.12986824324324936,10.30027777777832,296.0,310.0,-14.0,-17.80000000000109,1.8,True,21.0,20.0,2175.7599999999993,straight_03,173.62019902960492,290.0343114684215,HARD,9.0,1.0,0.8873149743540042,10563.804088313638,112243.95786976247,400.0,False,1,False,CLOSE_INTERACTION_NO_PASS,0.0,,False,1.0,311.9487903225808,-15.948790322580805,0.124722,True,0.124722,-18.813830491702536,11,True,3.0,straight,0.3077519687772686,7069.849166666669,19,953.4864263418576,2,belgium_2026_R|ALO|STR,belgium_2026_R|L9|belgium_2026_R|ALO|STR,,False,v4_t0_anchored_30s_horizon
belgium_2026_R_00209,belgium_2026_R,2026,Belgian Grand Prix,GAS,COL,43,2026-07-19 13:22:35.799,2026-07-19 13:22:50.478,14.679,14.679,2026-07-19 13:23:05.799,30.0,9,58,60.43638888888654,1.0460144230768824,50.05138888888632,208.0,224.0,-16.0,,,False,10.0,9.0,3298.063333333334,straight_07,434.78986933341093,494.78986933341093,MEDIUM,9.0,1.0,0.9863633818319736,24933.625917018344,1455.6259564332686,400.0,False,1,False,CLOSE_INTERACTION_NO_PASS,0.0,52.08,True,0.0,195.80762852404703,12.192371475952967,1.033656,True,1.033656,-11.131016837454197,12,True,3.0,straight,0.4664969867933297,7069.849166666669,19,953.4864263418576,2,belgium_2026_R|COL|GAS,belgium_2026_R|L9|belgium_2026_R|COL|GAS,,False,v4_t0_anchored_30s_horizon
belgium_2026_R_00210,belgium_2026_R,2026,Belgian Grand Prix,HAD,SAI,55,2026-07-19 13:22:36.918,2026-07-19 13:22:41.279,4.361,4.361,2026-07-19 13:23:06.918,30.0,9,17,10.237777777781048,0.24407947019875348,10.100833333335686,151.0,173.0,-22.0,-29.578194816801002,1.119,True,16.0,14.0,3121.240833333332,brake_T9,89.30641092946962,149.30641092946962,HARD,7.0,3.0,0.9970637652901794,19426.128595322192,1724.6861685903864,400.0,False,1,False,CLOSE_INTERACTION_NO_PASS,0.0,52.241,True,0.0,171.479540887148,-20.479540887148005,0.212104,True,0.212104,-25.123498693278936,11,True,3.0,brake,0.44148619860937593,7069.849166666669,19,953.4864263418576,2,belgium_2026_R|HAD|SAI,belgium_2026_R|L9|belgium_2026_R|HAD|SAI,belgium_2026_R_00204,False,v4_t0_anchored_30s_horizon
belgium_2026_R_00211,belgium_2026_R,2026,Belgian Grand Prix,BOR,GAS,10,2026-07-19 13:22:37.718,2026-07-19 13:22:50.478,12.76,12.041,2026-07-19 13:23:07.718,30.0,9,49,10.343888888891797,0.1571223628692425,10.343888888891797,237.0,251.0,-14.0,-19.103699843670398,1.919,True,11.0,10.0,3413.459999999999,straight_07,319.39320266674576,379.39320266674576,MEDIUM,9.0,1.0,0.9803855605986116,22984.018899564206,4263.577068774999,400.0,False,1,False,ON_TRACK_PASS,1.0,13.081,False,0.0,248.2796812748999,-11.2796812748999,0.145083,True,0.145083,-19.088553957421873,10,True,3.0,straight,0.4828193529352757,7069.849166666669,19,953.4864263418576,2,belgium_2026_R|BOR|GAS,belgium_2026_R|L9|belgium_2026_R|BOR|GAS,belgium_2026_R_00215,False,v4_t0_anchored_30s_horizon
belgium_2026_R_00212,belgium_2026_R,2026,Belgian Grand Prix,VER,ANT,12,2026-07-19 13:22:39.559,2026-07-19 13:22:53.399,13.84,13.84,2026-07-19 13:23:09.559,30.0,9,54,96.2450000000008,1.2880371747212005,63.72277777777526,269.0,201.0,68.0,21.99022270504924,1.841,True,2.0,1.0,4324.062222222222,brake_T12,78.73018694511029,289.02321766316163,MEDIUM,9.0,1.0,0.8396008713498456,9884.374164599705,63264.51374158973,400.0,False,1,False,CLOSE_INTERACTION_NO_PASS,0.0,,False,0.0,262.0,7.0,1.448312,True,1.448312,11.505805110862442,13,True,3.0,brake,0.6116201520408043,7069.849166666669,19,953.4864263418576,2,belgium_2026_R|ANT|VER,belgium_2026_R|L9|belgium_2026_R|ANT|VER,,False,v4_t0_anchored_30s_horizon
belgium_2026_R_00213,belgium_2026_R,2026,Belgian Grand Prix,BOT,PER,11,2026-07-19 13:22:43.718,2026-07-19 13:22:47.439,3.721,3.721,2026-07-19 13:23:13.718,30.0,9,16,99.79000000000042,1.6329272727272797,76.9144444444446,220.0,,,93.65682841420696,1.999,True,19.0,,2917.921388888888,brake_T8,63.62157774953994,123.62157774953994,HARD,8.0,2.0,0.9542503104623069,9870.337808401213,38092.754790215,400.0,False,1,False,INVALID,,,False,0.0,,,,False,,,0,False,3.0,brake,0.41272753068714274,7069.849166666669,19,953.4864263418576,2,belgium_2026_R|BOT|PER,belgium_2026_R|L9|belgium_2026_R|BOT|PER,,False,v4_t0_anchored_30s_horizon
belgium_2026_R_00214,belgium_2026_R,2026,Belgian Grand Prix,BEA,SAI,55,2026-07-19 13:22:44.078,2026-07-19 13:22:56.558,12.48,11.481,2026-07-19 13:23:14.078,30.0,9,36,10.304722222224882,0.14779681274904216,10.038611111114278,251.0,263.0,-12.0,-14.46962736089828,1.959,True,15.0,14.0,3539.5363888888883,straight_07,193.31681377785662,253.31681377785662,HARD,8.0,2.0,0.9359621501674298,22991.911813448824,4263.577068774999,400.0,False,1,False,ON_TRACK_PASS,1.0,12.8,False,0.0,263.0,-12.0,0.140585,True,0.140585,-15.712527118467708,12,True,3.0,straight,0.5006523202188383,7069.849166666669,19,953.4864263418576,2,belgium_2026_R|BEA|SAI,belgium_2026_R|L9|belgium_2026_R|BEA|SAI,,False,v4_t0_anchored_30s_horizon
belgium_2026_R_00215,belgium_2026_R,2026,Belgian Grand Prix,GAS,BOR,5,2026-07-19 13:22:51.799,2026-07-19 13:23:05.519,13.72,11.639,2026-07-19 13:23:21.799,30.0,9,44,12.097777777773445,0.2688395061727432,10.766944444443652,162.0,189.0,-27.0,-37.00000000000182,1.0,True,10.0,11.0,4405.988611111112,corner_T12,147.09682877427167,207.09682877427167,MEDIUM,9.0,1.0,0.994489286108055,10697.38391722283,36934.4965710838,400.0,False,1,False,ON_TRACK_PASS,1.0,13.96,False,0.0,202.04350382127836,-40.043503821278364,0.234783,True,0.234783,-34.38614408785387,11,True,3.0,corner,0.6232082901972958,7069.849166666669,19,953.4864263418576,2,belgium_2026_R|BOR|GAS,belgium_2026_R|L9|belgium_2026_R|BOR|GAS,belgium_2026_R_00211,False,v4_t0_anchored_30s_horizon
belgium_2026_R_00216,belgium_2026_R,2026,Belgian Grand Prix,BEA,HUL,27,2026-07-19 13:22:56.878,2026-07-19 13:23:01.079,4.201,4.201,2026-07-19 13:23:26.878,30.0,9,16,87.91583333333438,1.7294918032787092,85.51250000000073,183.0,154.0,29.0,,,False,15.0,13.0,4425.8447222222185,corner_T12,127.24071766316501,187.24071766316501,HARD,8.0,2.0,0.9395548154558212,11622.790862497566,28023.803482650455,400.0,False,1,False,CLOSE_INTERACTION_NO_PASS,0.0,,False,0.0,180.68371670702217,2.316283292977829,1.9652880000000001,True,1.9652880000000001,71.93397399383387,11,True,3.0,corner,0.6260168523947365,7069.849166666669,19,953.4864263418576,2,belgium_2026_R|BEA|HUL,belgium_2026_R|L9|belgium_2026_R|BEA|HUL,,False,v4_t0_anchored_30s_horizon
belgium_2026_R_00217,belgium_2026_R,2026,Belgian Grand Prix,COL,NOR,1,2026-07-19 13:22:58.599,2026-07-19 13:23:01.679,3.08,3.08,2026-07-19 13:23:28.599,30.0,9,13,95.19138888888756,1.586523148148126,83.86916666666639,216.0,153.0,63.0,25.22370714700768,1.721,True,9.0,7.0,4789.239722222222,brake_T14,52.800230196684424,112.80023019668442,MEDIUM,9.0,1.0,0.9712121049350106,17775.852306686324,25332.470275361586,400.0,False,1,False,CLOSE_INTERACTION_NO_PASS,0.0,,False,0.0,212.83095930232557,3.1690406976744327,1.859818,True,1.859818,5.301342694499527,9,True,3.0,brake,0.6774175246627332,7069.849166666669,19,953.4864263418576,2,belgium_2026_R|COL|NOR,belgium_2026_R|L9|belgium_2026_R|COL|NOR,,False,v4_t0_anchored_30s_horizon
belgium_2026_R_00218,belgium_2026_R,2026,Belgian Grand Prix,BOR,GAS,10,2026-07-19 13:23:08.319,2026-07-19 13:25:15.558,127.239,123.84,2026-07-19 13:23:38.319,30.0,9,443,10.538333333332048,0.14051111111109396,10.070555555554165,270.0,286.0,-16.0,-14.795918367343782,1.96,True,11.0,10.0,5299.718611111113,straight_12,514.1433595934523,574.1433595934523,MEDIUM,9.0,1.0,0.9723719970960832,32053.049209994922,0.0,400.0,False,1,False,ON_TRACK_PASS,1.0,20.681,False,0.0,283.5666958041964,-13.5666958041964,0.129776,True,0.129776,-14.184453636676766,11,True,3.0,straight,0.749622585457485,7069.849166666669,19,953.4864263418576,2,belgium_2026_R|BOR|GAS,belgium_2026_R|L9|belgium_2026_R|BOR|GAS,belgium_2026_R_00215,True,v4_t0_anchored_30s_horizon
belgium_2026_R_00219,belgium_2026_R,2026,Belgian Grand Prix,HAD,BEA,87,2026-07-19 13:23:10.118,2026-07-19 13:23:18.119,8.001,8.001,2026-07-19 13:23:40.118,30.0,9,31,33.0133333333315,0.5769320388349195,33.0133333333315,206.0,231.0,-25.0,,,False,16.0,15.0,5038.328888888888,brake_T15,59.33846517321672,119.33846517321672,HARD,7.0,3.0,0.994743064572841,29567.602122376622,0.0,400.0,False,1,False,CLOSE_INTERACTION_NO_PASS,0.0,58.321,True,0.0,215.29703998615506,-9.297039986155056,0.522977,True,0.522977,-16.363238362553233,13,True,3.0,brake,0.712650124509571,7069.849166666669,19,953.4864263418576,2,belgium_2026_R|BEA|HAD,belgium_2026_R|L9|belgium_2026_R|BEA|HAD,,True,v4_t0_anchored_30s_horizon
belgium_2026_R_00220,belgium_2026_R,2026,Belgian Grand Prix,VER,ANT,12,2026-07-19 13:23:12.159,2026-07-19 13:23:15.319,3.16,3.16,2026-07-19 13:23:42.159,30.0,9,11,98.06305555555082,1.2343601398600803,46.89638888888476,286.0,201.0,85.0,25.18878400888282,1.8010000000000002,True,2.0,1.0,6527.884166666668,brake_T18,92.60044960992764,217.6480448516122,MEDIUM,9.0,1.0,0.7819640595689737,9820.53328852524,74300.78898166568,400.0,False,1,False,CLOSE_INTERACTION_NO_PASS,0.0,,False,0.0,281.0,5.0,1.38848,True,1.38848,10.920123402964963,13,True,3.0,brake,0.9233413631290341,7069.849166666669,19,953.4864263418576,2,belgium_2026_R|ANT|VER,belgium_2026_R|L9|belgium_2026_R|ANT|VER,,True,v4_t0_anchored_30s_horizon
belgium_2026_R_00221,belgium_2026_R,2026,Belgian Grand Prix,LEC,ANT,12,2026-07-19 13:23:15.519,2026-07-19 13:23:19.439,3.92,3.92,2026-07-19 13:23:45.519,30.0,9,18,46.19916666666995,1.397621848739595,39.4594444444474,119.0,81.0,38.0,,,False,3.0,1.0,6678.810833333326,corner_T18,6.721378184954119,66.72137818495412,MEDIUM,9.0,1.0,0.7775840350041873,11679.949451613093,2828.035516681385,391.03833333334296,True,1,False,CLOSE_INTERACTION_NO_PASS,0.0,,False,0.0,104.36119791667085,14.638802083329153,1.974447,True,1.974447,123.57630181240532,10,True,3.0,corner,0.944689296176638,7069.849166666669,19,953.4864263418576,2,belgium_2026_R|ANT|LEC,belgium_2026_R|L9|belgium_2026_R|ANT|LEC,,True,v4_t0_anchored_30s_horizon
belgium_2026_R_00222,belgium_2026_R,2026,Belgian Grand Prix,HAM,VER,3,2026-07-19 13:23:15.519,2026-07-19 13:23:19.439,3.92,3.92,2026-07-19 13:23:45.519,30.0,9,18,27.43916666666337,0.6212641509433215,16.404166666663514,159.0,82.0,77.0,,,False,4.0,2.0,6650.154444444448,corner_T18,35.37776707383182,95.37776707383182,MEDIUM,9.0,1.0,0.8716140602613106,10987.027750399837,16364.095102407953,400.0,False,1,False,CLOSE_INTERACTION_NO_PASS,0.0,,False,-1.0,117.88705357142317,41.112946428576834,1.077741,True,1.077741,117.62249721659278,10,True,3.0,corner,0.9406359722353029,7069.849166666669,19,953.4864263418576,2,belgium_2026_R|HAM|VER,belgium_2026_R|L9|belgium_2026_R|HAM|VER,,True,v4_t0_anchored_30s_horizon
belgium_2026_R_00223,belgium_2026_R,2026,Belgian Grand Prix,NOR,LIN,41,2026-07-19 13:23:16.718,2026-07-19 13:23:50.399,33.681,33.681,2026-07-19 13:23:46.718,30.0,9,119,70.83500000000731,0.876309278350606,10.236111111123137,291.0,275.0,16.0,,,False,7.0,6.0,6260.092777777777,straight_14,360.3918384988183,485.43943374050286,HARD,9.0,1.0,0.9216415167957442,22619.114009273548,75776.21759430385,400.0,False,1,False,UNCERTAIN,,116.641,True,-1.0,272.0,19.0,0.92454,True,0.92454,16.61206372005531,12,True,3.0,straight,0.8854634137448395,7069.849166666669,19,953.4864263418576,2,belgium_2026_R|LIN|NOR,belgium_2026_R|L9|belgium_2026_R|LIN|NOR,,True,v4_t0_anchored_30s_horizon
belgium_2026_R_00224,belgium_2026_R,2026,Belgian Grand Prix,HAD,SAI,55,2026-07-19 13:23:18.279,2026-07-19 13:23:29.000,10.721,10.32,2026-07-19 13:23:48.279,30.0,9,41,71.92361111111677,0.7752245508982647,10.626666666669735,334.0,313.0,21.0,,,False,16.0,14.0,5657.650277777779,straight_12,156.21169292678678,216.21169292678678,HARD,7.0,3.0,0.954726354571297,33531.2912252557,45.33823048322511,400.0,False,1,False,ON_TRACK_PASS,1.0,10.88,False,0.0,320.1078026729564,13.892197327043618,0.81814,True,0.81814,1.6999330102133825,14,True,3.0,straight,0.8002504925356532,7069.849166666669,19,953.4864263418576,2,belgium_2026_R|HAD|SAI,belgium_2026_R|L9|belgium_2026_R|HAD|SAI,belgium_2026_R_00232,True,v4_t0_anchored_30s_horizon
belgium_2026_R_00225,belgium_2026_R,2026,Belgian Grand Prix,LAW,NOR,1,2026-07-19 13:23:18.639,2026-07-19 13:24:55.678,97.039,97.039,2026-07-19 13:23:48.639,30.0,9,373,10.618611111105565,0.1355567375885817,10.618611111105565,282.0,302.0,-20.0,-19.665278500784083,1.921,True,8.0,7.0,6408.655833333337,straight_14,211.82878294325837,336.87637818494295,MEDIUM,9.0,1.0,0.9004608127799614,13604.104284858988,87310.28559586692,400.0,False,1,False,CLOSE_INTERACTION_NO_PASS,0.0,,False,1.0,302.0,-20.0,0.125394,True,0.125394,-18.28688987271233,14,True,3.0,straight,0.9064770240854976,7069.849166666669,19,953.4864263418576,2,belgium_2026_R|LAW|NOR,belgium_2026_R|L9|belgium_2026_R|LAW|NOR,,True,v4_t0_anchored_30s_horizon
belgium_2026_R_00226,belgium_2026_R,2026,Belgian Grand Prix,HAM,LEC,16,2026-07-19 13:23:19.639,2026-07-19 13:30:23.801,424.162,424.162,2026-07-19 13:23:49.639,30.0,9,1486,20.863888888877227,1.001466666666107,10.213611111111106,75.0,77.0,-2.0,,,False,4.0,3.0,6751.44555555556,straight_15,,,MEDIUM,9.0,1.0,0.8937225510399719,11282.422392488155,92.36466644395843,318.40361111110906,True,1,False,CLOSE_INTERACTION_NO_PASS,0.0,,False,-1.0,73.0,2.0,1.061671,True,1.061671,2.463934699218821,13,True,3.0,straight,0.9549631677274903,7069.849166666669,19,953.4864263418576,2,belgium_2026_R|HAM|LEC,belgium_2026_R|L9|belgium_2026_R|HAM|LEC,,True,v4_t0_anchored_30s_horizon
belgium_2026_R_00227,belgium_2026_R,2026,Belgian Grand Prix,SAI,BEA,87,2026-07-19 13:23:19.959,2026-07-19 13:23:29.000,9.041,9.041,2026-07-19 13:23:49.959,30.0,9,35,10.429444444434921,0.1247375415281253,10.429444444434921,301.0,322.0,-21.0,-20.619047619045755,1.6800000000000002,True,14.0,15.0,5872.728888888894,corner_T16,209.26191092649879,1.1330818156711757,SOFT,9.0,1.0,0.9314930617425489,31848.510737728833,188.82575754522495,400.0,False,1,False,UNCERTAIN,,30.8,True,0.0,323.8278823757747,-22.82788237577472,0.116984,True,0.116984,-18.43283014282263,13,True,3.0,corner,0.8306724444105504,7069.849166666669,19,953.4864263418576,2,belgium_2026_R|BEA|SAI,belgium_2026_R|L9|belgium_2026_R|BEA|SAI,belgium_2026_R_00236,True,v4_t0_anchored_30s_horizon
belgium_2026_R_00228,belgium_2026_R,2026,Belgian Grand Prix,LEC,VER,3,2026-07-19 13:23:20.559,2026-07-19 13:29:11.240,350.681,350.681,2026-07-19 13:23:50.559,30.0,9,1317,12.48472222222972,0.4781382978726276,10.143888888879701,94.0,150.0,-56.0,-44.478260869562135,0.92,True,3.0,2.0,6796.107222222215,straight_15,,,MEDIUM,9.0,1.0,0.7844497660951143,9699.865629619426,79.40890903247183,273.741944444454,True,1,False,UNCERTAIN,,,False,0.0,135.72281021897294,-41.72281021897294,0.291087,True,0.291087,-25.086072598944472,13,True,3.0,straight,0.9612803699214535,7069.849166666669,19,953.4864263418576,2,belgium_2026_R|LEC|VER,belgium_2026_R|L9|belgium_2026_R|LEC|VER,,True,v4_t0_anchored_30s_horizon
belgium_2026_R_00229,belgium_2026_R,2026,Belgian Grand Prix,COL,LAW,30,2026-07-19 13:23:22.319,2026-07-19 13:23:46.879,24.56,24.56,2026-07-19 13:23:52.319,30.0,9,91,94.64833333333627,1.2390327272727657,27.02222222222207,275.0,123.0,152.0,97.52000000000025,2.0,True,9.0,8.0,6546.2891666666665,brake_T18,74.1954496099288,199.24304485161338,MEDIUM,9.0,1.0,0.8899363521134344,9844.441074159025,65570.45733132226,400.0,False,1,False,CLOSE_INTERACTION_NO_PASS,0.0,,False,0.0,250.34682860998825,24.65317139001175,1.860404,True,1.860404,70.72852418438242,13,True,3.0,brake,0.9259446718512025,7069.849166666669,19,953.4864263418576,2,belgium_2026_R|COL|LAW,belgium_2026_R|L9|belgium_2026_R|COL|LAW,,True,v4_t0_anchored_30s_horizon
belgium_2026_R_00230,belgium_2026_R,2026,Belgian Grand Prix,HUL,BOR,5,2026-07-19 13:23:27.159,2026-07-19 13:23:32.319,5.16,5.16,2026-07-19 13:23:57.159,30.0,9,19,97.88416666667217,1.8070923076924095,69.32083333334049,195.0,75.0,120.0,141.70731707317094,1.6400000000000001,True,13.0,11.0,6605.346111111107,brake_T18,15.138505165487913,140.1861004071725,MEDIUM,9.0,1.0,0.9101361196116307,9921.155052315191,37557.05275344079,400.0,False,1,False,CLOSE_INTERACTION_NO_PASS,0.0,,False,0.0,202.16200701141602,-7.162007011416023,2.907447,True,2.907447,156.0978392286966,11,True,3.0,brake,0.9342980246671135,7069.849166666669,19,953.4864263418576,2,belgium_2026_R|BOR|HUL,belgium_2026_R|L9|belgium_2026_R|BOR|HUL,,True,v4_t0_anchored_30s_horizon
belgium_2026_R_00231,belgium_2026_R,2026,Belgian Grand Prix,BEA,ALB,23,2026-07-19 13:23:27.879,2026-07-19 13:23:34.079,6.2,6.2,2026-07-19 13:23:57.879,30.0,9,27,97.70027777778341,1.2743514492754358,26.96638888889538,276.0,133.0,143.0,89.6444444444478,1.8,True,15.0,12.0,6534.436944444442,brake_T18,86.04767183215336,211.09526707383793,HARD,8.0,2.0,0.8391261028945352,9829.045236714148,71192.50736085756,400.0,False,1,False,CLOSE_INTERACTION_NO_PASS,0.0,,False,0.0,283.8820622986084,-7.882062298608389,1.798165,True,1.798165,61.44353649183627,12,True,3.0,brake,0.9242682255872418,7069.849166666669,19,953.4864263418576,2,belgium_2026_R|ALB|BEA,belgium_2026_R|L9|belgium_2026_R|ALB|BEA,,True,v4_t0_anchored_30s_horizon
belgium_2026_R_00232,belgium_2026_R,2026,Belgian Grand Prix,SAI,HAD,6,2026-07-19 13:23:30.038,2026-07-19 13:23:38.239,8.201,7.321,2026-07-19 13:24:00.038,30.0,9,33,13.919722222217388,0.44346017699099644,10.10333333332892,113.0,170.0,-57.0,-54.952218430028616,0.879,True,14.0,16.0,6612.943611111117,brake_T18,7.5410051654780546,132.58860040716263,SOFT,9.0,1.0,0.9867456290890478,9931.024077110242,33953.21169320854,400.0,False,1,False,ON_TRACK_PASS,1.0,8.441,False,0.0,180.79195530725013,-67.79195530725013,0.294932,True,0.294932,-46.637327612721656,13,True,3.0,brake,0.9353726586261846,7069.849166666669,19,953.4864263418576,2,belgium_2026_R|HAD|SAI,belgium_2026_R|L9|belgium_2026_R|HAD|SAI,belgium_2026_R_00224,True,v4_t0_anchored_30s_horizon
belgium_2026_R_00233,belgium_2026_R,2026,Belgian Grand Prix,GAS,COL,43,2026-07-19 13:23:30.238,2026-07-19 13:25:15.558,105.32,105.32,2026-07-19 13:24:00.238,30.0,9,349,12.24166666666315,0.436336633663241,10.113888888888596,101.0,142.0,-41.0,-39.833333333333485,0.48,True,10.0,9.0,6771.837500000002,straight_15,,,MEDIUM,9.0,1.0,0.9899933467168889,10559.847262691432,86.44923370064879,298.0116666666663,True,1,False,CLOSE_INTERACTION_NO_PASS,0.0,,False,0.0,122.33748657358359,-21.33748657358359,0.329804,True,0.329804,-12.483979067897526,13,True,3.0,straight,0.957847521263714,7069.849166666669,19,953.4864263418576,2,belgium_2026_R|COL|GAS,belgium_2026_R|L9|belgium_2026_R|COL|GAS,,True,v4_t0_anchored_30s_horizon
belgium_2026_R_00234,belgium_2026_R,2026,Belgian Grand Prix,HUL,ALB,23,2026-07-19 13:23:36.038,2026-07-19 13:27:49.959,253.921,246.042,2026-07-19 13:24:06.038,30.0,9,780,11.319722222230666,0.21676063829803405,10.074444444442634,188.0,208.0,-20.0,-21.645358532514305,1.799,True,13.0,12.0,6871.045555555551,straight_15,,,MEDIUM,9.0,1.0,0.9491134393814965,7044.475110946143,57.67029200471326,198.8036111111178,True,1,False,UNCERTAIN,,72.56,True,0.0,202.6503496503453,-14.650349650345305,0.189615,True,0.189615,-23.34742536913966,14,True,3.0,straight,0.9718800774352516,7069.849166666669,19,953.4864263418576,2,belgium_2026_R|ALB|HUL,belgium_2026_R|L9|belgium_2026_R|ALB|HUL,,True,v4_t0_anchored_30s_horizon
belgium_2026_R_00235,belgium_2026_R,2026,Belgian Grand Prix,SAI,HUL,27,2026-07-19 13:23:39.039,2026-07-19 13:23:52.159,13.12,13.12,2026-07-19 13:24:09.039,30.0,10,52,98.70194444444444,1.531581896551724,25.35555555555561,232.0,248.0,-16.0,,,False,14.0,13.0,12.85,straight_01,323.3713108272045,383.3713108272045,SOFT,10.0,1.0,0.9833516327182038,16984.35741029809,75212.10246057199,400.0,False,1,False,CLOSE_INTERACTION_NO_PASS,0.0,,False,0.0,,,,False,,-69.48814042777136,12,True,3.0,straight,0.0018175776734510715,7069.849166666669,19,953.4864263418576,2,belgium_2026_R|HUL|SAI,belgium_2026_R|L10|belgium_2026_R|HUL|SAI,,False,v4_t0_anchored_30s_horizon
belgium_2026_R_00236,belgium_2026_R,2026,Belgian Grand Prix,BEA,SAI,55,2026-07-19 13:23:39.519,2026-07-19 13:24:08.079,28.56,28.56,2026-07-19 13:24:09.519,30.0,10,97,23.022222222222226,0.36511013215859034,11.240555555555602,227.0,244.0,-17.0,,,False,16.0,14.0,20.95,straight_01,315.27131082720456,375.27131082720456,HARD,9.0,2.0,0.9170359040077933,16898.432117261378,75209.83073566959,400.0,False,1,False,CLOSE_INTERACTION_NO_PASS,0.0,,False,1.0,235.84493670886076,-8.844936708860757,0.356962,True,0.356962,-22.252086603094018,13,True,3.0,straight,0.002963288113525288,7069.849166666669,19,953.4864263418576,2,belgium_2026_R|BEA|SAI,belgium_2026_R|L10|belgium_2026_R|BEA|SAI,belgium_2026_R_00227,False,v4_t0_anchored_30s_horizon
belgium_2026_R_00237,belgium_2026_R,2026,Belgian Grand Prix,ALB,BOR,5,2026-07-19 13:23:40.399,2026-07-19 13:23:45.079,4.68,4.68,2026-07-19 13:24:10.399,30.0,10,19,91.9183333333333,1.3561721311475405,57.13111111111101,244.0,95.0,149.0,138.29166666666677,1.92,True,12.0,11.0,260.65805555555556,brake_T1,75.56325527164898,135.56325527164898,MEDIUM,10.0,1.0,0.9594917341631493,16617.785339697053,50260.16535651573,400.00000000000006,False,1,False,CLOSE_INTERACTION_NO_PASS,0.0,,False,0.0,239.0,5.0,2.320464,True,2.320464,110.43130476578345,11,True,3.0,brake,0.03686896981968458,7069.849166666669,19,953.4864263418576,2,belgium_2026_R|ALB|BOR,belgium_2026_R|L10|belgium_2026_R|ALB|BOR,,False,v4_t0_anchored_30s_horizon
belgium_2026_R_00238,belgium_2026_R,2026,Belgian Grand Prix,BOT,PER,11,2026-07-19 13:23:42.199,2026-07-19 13:23:48.239,6.04,6.04,2026-07-19 13:24:12.199,30.0,9,25,89.53277777778294,1.239684615384687,42.415833333338924,260.0,,,162.42222222222517,1.8,True,19.0,,6600.919999999999,brake_T18,19.564616276596098,144.61221151828067,HARD,8.0,2.0,0.892148343768648,9915.405608379535,39656.55929629583,400.0,False,1,False,INVALID,,,False,0.0,,,,False,,,0,False,3.0,brake,0.9336719701351475,7069.849166666669,19,953.4864263418576,2,belgium_2026_R|BOT|PER,belgium_2026_R|L9|belgium_2026_R|BOT|PER,,True,v4_t0_anchored_30s_horizon
belgium_2026_R_00239,belgium_2026_R,2026,Belgian Grand Prix,PER,OCO,31,2026-07-19 13:23:52.839,2026-07-19 13:23:58.879,6.04,6.04,2026-07-19 13:24:22.839,30.0,10,25,97.36583333333331,1.4248658536585364,41.91805555555544,246.0,128.0,118.0,61.565217391304415,1.8399999999999999,True,18.0,17.0,238.28861111111107,brake_T1,97.93269971609348,157.93269971609348,SOFT,9.0,2.0,0.941742623669721,15716.295540031666,62792.25062209464,400.0,False,1,False,CLOSE_INTERACTION_NO_PASS,0.0,,False,0.0,256.17373046875,-10.173730468750023,1.8608470000000001,True,1.8608470000000001,30.403169143134978,10,True,3.0,brake,0.03370490734577591,7069.849166666669,19,953.4864263418576,2,belgium_2026_R|OCO|PER,belgium_2026_R|L10|belgium_2026_R|OCO|PER,,False,v4_t0_anchored_30s_horizon
belgium_2026_R_00240,belgium_2026_R,2026,Belgian Grand Prix,VER,ANT,12,2026-07-19 13:23:54.680,2026-07-19 13:24:15.039,20.359,20.359,2026-07-19 13:24:24.680,30.0,10,72,97.37305555555577,1.1344433656957953,57.87027777777803,309.0,188.0,121.0,51.73329712112912,1.841,True,2.0,1.0,2258.5508333333323,brake_T5,90.8293656962719,207.24347813508848,MEDIUM,10.0,1.0,0.7754890543607398,8006.136098796715,89990.40173385186,400.0,False,1,False,CLOSE_INTERACTION_NO_PASS,0.0,,False,0.0,305.2537841530055,3.7462158469945166,1.421908,True,1.421908,28.401724238778396,13,True,3.0,brake,0.3194623789121383,7069.849166666669,19,953.4864263418576,2,belgium_2026_R|ANT|VER,belgium_2026_R|L10|belgium_2026_R|ANT|VER,,False,v4_t0_anchored_30s_horizon
belgium_2026_R_00241,belgium_2026_R,2026,Belgian Grand Prix,PIA,HAM,44,2026-07-19 13:23:56.358,2026-07-19 13:25:43.439,107.081,107.081,2026-07-19 13:24:26.358,30.0,10,408,94.50583333333407,1.0631906250000083,15.861666666669407,320.0,241.0,79.0,22.70196913251767,1.879,True,5.0,4.0,2213.055555555555,straight_03,136.32464347404903,252.7387559128656,MEDIUM,10.0,1.0,0.8759296811263356,8342.387613767687,112204.84420090799,400.0,False,1,False,CLOSE_INTERACTION_NO_PASS,0.0,,False,0.0,327.2191584502925,-7.219158450292525,1.206191,True,1.206191,7.092289931309435,11,True,3.0,straight,0.31302726598324004,7069.849166666669,19,953.4864263418576,2,belgium_2026_R|HAM|PIA,belgium_2026_R|L10|belgium_2026_R|HAM|PIA,,False,v4_t0_anchored_30s_horizon
belgium_2026_R_00242,belgium_2026_R,2026,Belgian Grand Prix,NOR,LIN,41,2026-07-19 13:24:02.000,2026-07-19 13:25:12.959,70.959,69.039,2026-07-19 13:24:32.000,30.0,10,261,99.10194444444323,1.147160771704166,11.763611111118735,311.0,295.0,16.0,6.377687391052414,1.721,True,7.0,6.0,2167.520555555556,straight_03,181.85964347404843,298.273755912865,HARD,10.0,1.0,0.8776413395842634,11047.171813194218,112252.57984680349,400.0,False,1,False,CLOSE_INTERACTION_NO_PASS,0.0,71.359,True,0.0,306.0,5.0,1.175444,True,1.175444,5.0149420473908455,12,True,3.0,straight,0.30658653451548956,7069.849166666669,19,953.4864263418576,2,belgium_2026_R|LIN|NOR,belgium_2026_R|L10|belgium_2026_R|LIN|NOR,,False,v4_t0_anchored_30s_horizon
belgium_2026_R_00243,belgium_2026_R,2026,Belgian Grand Prix,COL,LAW,30,2026-07-19 13:24:04.079,2026-07-19 13:25:45.239,101.16,101.16,2026-07-19 13:24:34.079,30.0,10,384,99.60305555555624,1.1455942492012858,19.316666666666492,313.0,207.0,106.0,53.6705403834985,1.721,True,9.0,8.0,2213.064722222222,straight_03,136.3154768073823,252.72958924619888,MEDIUM,10.0,1.0,0.8879662093950701,8341.838290897113,112204.83457875339,400.0,False,1,False,CLOSE_INTERACTION_NO_PASS,0.0,,False,0.0,303.8226334519574,9.177366548042585,1.4142700000000001,True,1.4142700000000001,33.1295681094153,11,True,3.0,straight,0.31302856256912903,7069.849166666669,19,953.4864263418576,2,belgium_2026_R|COL|LAW,belgium_2026_R|L10|belgium_2026_R|COL|LAW,,False,v4_t0_anchored_30s_horizon
belgium_2026_R_00244,belgium_2026_R,2026,Belgian Grand Prix,HAD,SAI,55,2026-07-19 13:24:08.439,2026-07-19 13:26:01.278,112.839,110.68,2026-07-19 13:24:38.439,30.0,10,375,41.88194444444321,0.4527777777777644,10.294444444441979,333.0,318.0,15.0,,,False,15.0,14.0,2019.7116666666673,straight_03,329.66853236293696,446.08264480175353,HARD,8.0,3.0,0.9022811832869004,20400.87234016929,112369.30007818062,399.9999999999998,False,1,False,CLOSE_INTERACTION_NO_PASS,0.0,114.52,True,-1.0,318.0,15.0,0.483977,True,0.483977,18.14437598163698,11,True,3.0,straight,0.28567959783206126,7069.849166666669,19,953.4864263418576,2,belgium_2026_R|HAD|SAI,belgium_2026_R|L10|belgium_2026_R|HAD|SAI,,False,v4_t0_anchored_30s_horizon
belgium_2026_R_00245,belgium_2026_R,2026,Belgian Grand Prix,SAI,HUL,27,2026-07-19 13:24:10.559,2026-07-19 13:24:20.119,9.56,9.56,2026-07-19 13:24:40.559,30.0,10,38,98.84361111111139,1.129641269841273,60.354722222222335,315.0,170.0,145.0,87.2798445308167,1.8010000000000002,True,14.0,13.0,2249.630277777778,brake_T5,99.74992125182644,216.164033690643,SOFT,10.0,1.0,0.8735383963096741,7648.996778124738,96777.56775940862,400.0,False,1,False,CLOSE_INTERACTION_NO_PASS,0.0,,False,0.0,313.2172278225807,1.7827721774193037,1.59539,True,1.59539,48.991115160144005,12,True,3.0,brake,0.3182006043897604,7069.849166666669,19,953.4864263418576,2,belgium_2026_R|HUL|SAI,belgium_2026_R|L10|belgium_2026_R|HUL|SAI,,False,v4_t0_anchored_30s_horizon
belgium_2026_R_00246,belgium_2026_R,2026,Belgian Grand Prix,BEA,HAD,6,2026-07-19 13:24:20.119,2026-07-19 13:25:52.999,92.88,92.88,2026-07-19 13:24:50.119,30.0,10,333,11.12305555555713,0.22001648351651465,10.072222222225719,182.0,193.0,-11.0,-6.583333333335588,1.92,True,16.0,15.0,2667.992499999999,straight_05,313.55046663842904,373.55046663842904,HARD,9.0,2.0,0.9574811848202776,13185.556504125248,63180.01270419153,400.0,False,1,False,CLOSE_INTERACTION_NO_PASS,0.0,,False,1.0,188.58797495682143,-6.5879749568214265,0.211777,True,0.211777,-6.6647090711991845,13,True,3.0,straight,0.37737615571477867,7069.849166666669,19,953.4864263418576,2,belgium_2026_R|BEA|HAD,belgium_2026_R|L10|belgium_2026_R|BEA|HAD,,False,v4_t0_anchored_30s_horizon
belgium_2026_R_00247,belgium_2026_R,2026,Belgian Grand Prix,VER,ANT,12,2026-07-19 13:24:31.119,2026-07-19 13:24:36.959,5.84,5.84,2026-07-19 13:25:01.119,30.0,10,22,99.07722222221855,1.3408947368420556,82.32166666666217,266.0,171.0,95.0,72.08566329565704,1.681,True,2.0,1.0,4362.8941666666715,brake_T12,39.89824250066067,250.191273218712,MEDIUM,10.0,1.0,0.8180380018048274,10211.901669725765,50985.263961799166,400.0,False,1,False,CLOSE_INTERACTION_NO_PASS,0.0,,False,0.0,249.96132338056492,16.03867661943508,1.7862909999999999,True,1.7862909999999999,45.63731793808171,12,True,3.0,brake,0.6171127648998646,7069.849166666669,19,953.4864263418576,2,belgium_2026_R|ANT|VER,belgium_2026_R|L10|belgium_2026_R|ANT|VER,,False,v4_t0_anchored_30s_horizon
belgium_2026_R_00248,belgium_2026_R,2026,Belgian Grand Prix,PER,OCO,31,2026-07-19 13:24:33.279,2026-07-19 13:24:43.879,10.6,10.6,2026-07-19 13:25:03.279,30.0,10,41,92.1594444444454,1.4487947598253426,48.45694444444689,229.0,159.0,70.0,36.3478260869552,1.8399999999999999,True,18.0,17.0,2856.431944444444,straight_05,125.1110221939839,185.1110221939839,SOFT,9.0,2.0,0.9393596858209611,7859.606176512596,64618.194850005864,400.0,False,1,False,CLOSE_INTERACTION_NO_PASS,0.0,,False,0.0,228.24117903930127,0.7588209606987277,1.7917640000000001,True,1.7917640000000001,7.083395383468254,10,True,3.0,straight,0.4040301111248757,7069.849166666669,19,953.4864263418576,2,belgium_2026_R|OCO|PER,belgium_2026_R|L10|belgium_2026_R|OCO|PER,,False,v4_t0_anchored_30s_horizon
belgium_2026_R_00249,belgium_2026_R,2026,Belgian Grand Prix,SAI,HUL,27,2026-07-19 13:24:47.879,2026-07-19 13:24:54.000,6.121,6.121,2026-07-19 13:25:17.879,30.0,10,22,98.18083333333561,1.4605413223140837,81.10277777777992,242.0,164.0,78.0,62.000000000004874,1.96,True,14.0,13.0,4362.094166666668,brake_T12,40.69824250066449,250.99127321871583,SOFT,10.0,1.0,0.9040490854564468,10205.154080650565,51238.236095036846,400.0,False,1,False,CLOSE_INTERACTION_NO_PASS,0.0,,False,0.0,267.0,-25.0,1.781438,True,1.781438,41.042342536665934,13,True,3.0,brake,0.61699960831319,7069.849166666669,19,953.4864263418576,2,belgium_2026_R|HUL|SAI,belgium_2026_R|L10|belgium_2026_R|HUL|SAI,,False,v4_t0_anchored_30s_horizon
belgium_2026_R_00250,belgium_2026_R,2026,Belgian Grand Prix,VER,ANT,12,2026-07-19 13:25:03.759,2026-07-19 13:25:11.039,7.28,7.28,2026-07-19 13:25:33.759,30.0,10,28,98.14833333332354,1.3086444444443137,54.686111111102946,270.0,138.0,132.0,70.48412285268128,1.921,True,2.0,1.0,6567.856944444455,brake_T18,52.62767183214055,177.67526707382513,MEDIUM,10.0,1.0,0.7706573206469689,9872.457254963618,55339.87580668165,400.0,False,1,False,CLOSE_INTERACTION_NO_PASS,0.0,,False,0.0,280.5847043010742,-10.584704301074225,1.7322929999999999,True,1.7322929999999999,40.23980026119807,12,True,3.0,brake,0.9289953419955498,7069.849166666669,19,953.4864263418576,2,belgium_2026_R|ANT|VER,belgium_2026_R|L10|belgium_2026_R|ANT|VER,,True,v4_t0_anchored_30s_horizon
belgium_2026_R_00251,belgium_2026_R,2026,Belgian Grand Prix,PER,OCO,31,2026-07-19 13:25:07.600,2026-07-19 13:25:10.759,3.159,3.159,2026-07-19 13:25:37.600,30.0,10,13,99.02194444445104,1.773527363184198,79.28555555556068,201.0,156.0,45.0,5.999219359877256,1.2810000000000001,True,18.0,17.0,4780.671388888884,brake_T14,61.368563530021675,121.36856353002167,SOFT,9.0,2.0,0.9484097045718931,17495.117305898006,25909.506215965175,400.0,False,1,False,CLOSE_INTERACTION_NO_PASS,0.0,,False,0.0,208.77153051643086,-7.7715305164308575,1.809558,True,1.809558,-15.251371568037102,11,True,3.0,brake,0.6762055704708764,7069.849166666669,19,953.4864263418576,2,belgium_2026_R|OCO|PER,belgium_2026_R|L10|belgium_2026_R|OCO|PER,,False,v4_t0_anchored_30s_horizon
belgium_2026_R_00252,belgium_2026_R,2026,Belgian Grand Prix,LAW,LIN,41,2026-07-19 13:25:13.800,2026-07-19 13:25:18.479,4.679,4.679,2026-07-19 13:25:43.800,30.0,10,19,91.37166666666963,1.295031496063034,44.41083333333245,254.0,112.0,142.0,141.99999999998872,0.441,True,8.0,6.0,6565.633333333333,brake_T18,54.85128294326205,179.89887818494662,MEDIUM,10.0,1.0,0.8810665033971488,9869.568821506535,56394.636059954166,400.0,False,1,False,CLOSE_INTERACTION_NO_PASS,0.0,,False,0.0,263.610515112815,-9.610515112814994,2.033291,True,2.033291,87.27519919930204,10,True,3.0,brake,0.9286808216912688,7069.849166666669,19,953.4864263418576,2,belgium_2026_R|LAW|LIN,belgium_2026_R|L10|belgium_2026_R|LAW|LIN,,True,v4_t0_anchored_30s_horizon
belgium_2026_R_00253,belgium_2026_R,2026,Belgian Grand Prix,BOR,COL,43,2026-07-19 13:25:15.799,2026-07-19 13:25:24.159,8.36,8.36,2026-07-19 13:25:45.799,30.0,10,14,29.349444444452274,0.49372897196274856,10.935833333342089,214.0,140.0,74.0,,,False,11.0,9.0,6597.487777777774,brake_T18,22.99683849882149,148.04443374050607,MEDIUM,10.0,1.0,0.9324741331012655,9910.947209404449,41284.61897017294,400.0,False,1,False,UNCERTAIN,,56.88,True,0.0,180.14080485149668,33.85919514850332,0.717857,True,0.717857,54.879191112963696,12,True,3.0,brake,0.9331864969459304,7069.849166666669,19,953.4864263418576,2,belgium_2026_R|BOR|COL,belgium_2026_R|L10|belgium_2026_R|BOR|COL,,True,v4_t0_anchored_30s_horizon
belgium_2026_R_00254,belgium_2026_R,2026,Belgian Grand Prix,GAS,BOR,5,2026-07-19 13:25:17.519,2026-07-19 13:25:24.159,6.64,5.16,2026-07-19 13:25:47.519,30.0,10,21,10.837222222216951,0.4150425531912875,10.837222222216951,94.0,105.0,-11.0,-21.72093023255425,1.72,True,10.0,11.0,6659.640833333333,corner_T18,25.891378184946916,85.89137818494692,MEDIUM,10.0,1.0,0.9796105017425236,11321.533775046484,11883.988960673094,400.0,False,1,False,ON_TRACK_PASS,1.0,6.96,False,0.0,130.74552325580927,-36.745523255809275,0.353248,True,0.353248,-21.501075728883848,13,True,3.0,corner,0.9419777814684633,7069.849166666669,19,953.4864263418576,2,belgium_2026_R|BOR|GAS,belgium_2026_R|L10|belgium_2026_R|BOR|GAS,belgium_2026_R_00259,True,v4_t0_anchored_30s_horizon
belgium_2026_R_00255,belgium_2026_R,2026,Belgian Grand Prix,LAW,NOR,1,2026-07-19 13:25:18.759,2026-07-19 13:25:21.999,3.24,3.24,2026-07-19 13:25:48.759,30.0,10,14,46.63249999999243,2.0984624999996595,46.63249999999243,80.0,89.0,-9.0,,,False,8.0,7.0,6725.488055555559,corner_T19,,20.04415596272065,MEDIUM,10.0,1.0,0.9538851336321623,11553.384191806337,528.7853957546464,344.3611111111095,True,1,False,CLOSE_INTERACTION_NO_PASS,0.0,,False,0.0,84.4753826530599,-4.475382653059896,2.093107,True,2.093107,4.967774914275161,13,True,3.0,corner,0.9512915901042525,7069.849166666669,19,953.4864263418576,2,belgium_2026_R|LAW|NOR,belgium_2026_R|L10|belgium_2026_R|LAW|NOR,,True,v4_t0_anchored_30s_horizon
belgium_2026_R_00256,belgium_2026_R,2026,Belgian Grand Prix,SAI,HUL,27,2026-07-19 13:25:20.359,2026-07-19 13:25:46.759,26.4,26.4,2026-07-19 13:25:50.359,30.0,10,103,94.59222222222434,1.1783114186851475,17.14972222222218,289.0,170.0,119.0,56.07499999999454,1.88,True,14.0,13.0,6517.761111111111,brake_T18,102.72350516548431,227.7711004071689,SOFT,10.0,1.0,0.8670789360528157,9807.383609515124,79102.61632830338,400.0,False,1,False,CLOSE_INTERACTION_NO_PASS,0.0,,False,0.0,278.497608695652,10.50239130434801,1.52488,True,1.52488,29.858140343526024,12,True,3.0,brake,0.9219095001123115,7069.849166666669,19,953.4864263418576,2,belgium_2026_R|HUL|SAI,belgium_2026_R|L10|belgium_2026_R|HUL|SAI,,True,v4_t0_anchored_30s_horizon
belgium_2026_R_00257,belgium_2026_R,2026,Belgian Grand Prix,NOR,LIN,41,2026-07-19 13:25:21.158,2026-07-19 13:27:45.400,144.242,142.441,2026-07-19 13:25:51.158,30.0,10,514,10.276111111115824,0.2032637362638295,10.027777777777146,182.0,194.0,-12.0,-13.732152162582427,1.919,True,7.0,6.0,6867.098888888884,straight_15,,,HARD,10.0,1.0,0.9697120622697071,7184.322646658132,58.815167682976075,202.7502777777845,True,1,False,CLOSE_INTERACTION_NO_PASS,0.0,,False,0.0,186.45430780559283,-4.454307805592833,0.192072,True,0.192072,-14.992981390119564,11,True,3.0,straight,0.9713218382743265,7069.849166666669,19,953.4864263418576,2,belgium_2026_R|LIN|NOR,belgium_2026_R|L10|belgium_2026_R|LIN|NOR,,True,v4_t0_anchored_30s_horizon
belgium_2026_R_00258,belgium_2026_R,2026,Belgian Grand Prix,GAS,COL,43,2026-07-19 13:25:24.479,2026-07-19 13:25:57.719,33.24,32.28,2026-07-19 13:25:54.479,30.0,10,126,43.91277777778123,0.7904300000000621,10.131111111111181,200.0,217.0,-17.0,,,False,10.0,9.0,6863.606111111109,straight_15,,,MEDIUM,10.0,1.0,0.974846829666387,7308.086928333317,59.828376211865724,206.2430555555593,True,1,False,CLOSE_INTERACTION_NO_PASS,0.0,33.64,True,0.0,196.0558730158695,3.9441269841304916,0.738323,True,0.738323,-28.806026268373525,11,True,3.0,straight,0.9708277997601468,7069.849166666669,19,953.4864263418576,2,belgium_2026_R|COL|GAS,belgium_2026_R|L10|belgium_2026_R|COL|GAS,,True,v4_t0_anchored_30s_horizon
belgium_2026_R_00259,belgium_2026_R,2026,Belgian Grand Prix,BOR,GAS,10,2026-07-19 13:25:25.999,2026-07-19 13:25:57.719,31.72,31.72,2026-07-19 13:25:55.999,30.0,10,121,11.345833333339215,0.19266509433972254,10.384722222222251,212.0,243.0,-31.0,-24.44736842105445,1.52,True,11.0,10.0,6947.236666666661,straight_15,,,MEDIUM,10.0,1.0,0.9698397524441387,4344.693236272071,35.56826075194413,122.61250000000746,True,1,False,UNCERTAIN,,71.32,True,0.0,,,,False,,-38.773202070766345,11,True,3.0,straight,0.9826569850205422,7069.849166666669,19,953.4864263418576,2,belgium_2026_R|BOR|GAS,belgium_2026_R|L10|belgium_2026_R|BOR|GAS,belgium_2026_R_00254,True,v4_t0_anchored_30s_horizon
belgium_2026_R_00260,belgium_2026_R,2026,Belgian Grand Prix,STR,ALO,14,2026-07-19 13:25:34.598,2026-07-19 13:26:06.319,31.721,31.721,2026-07-19 13:26:04.598,30.0,10,119,99.24305555555202,1.2111016949152111,27.45027777777773,295.0,,,16.224596143822556,1.919,True,21.0,,5896.823333333336,straight_13,185.16746648205662,245.16746648205662,HARD,10.0,1.0,0.9132140931083089,31703.42553802301,195.36858140817844,400.0,False,1,False,INVALID,,,False,0.0,,,,False,,,0,False,3.0,straight,0.8340805007744745,7069.849166666669,19,953.4864263418576,2,belgium_2026_R|ALO|STR,belgium_2026_R|L10|belgium_2026_R|ALO|STR,,True,v4_t0_anchored_30s_horizon
belgium_2026_R_00261,belgium_2026_R,2026,Belgian Grand Prix,BOT,PER,11,2026-07-19 13:25:35.959,2026-07-19 13:25:41.158,5.199,5.199,2026-07-19 13:26:05.959,30.0,10,19,94.8819444444398,1.4351890756301817,65.11527777777155,238.0,75.0,163.0,178.67462520821766,1.8010000000000002,True,19.0,18.0,6603.145277777781,brake_T18,17.33933849881396,142.38693374049853,HARD,9.0,2.0,0.9093209566154755,9918.296206808596,38601.008466946274,400.0,False,1,False,CLOSE_INTERACTION_NO_PASS,0.0,,False,0.0,206.22489539748545,31.775104602514546,2.948775,True,2.948775,166.69321818379868,13,True,3.0,brake,0.9339867261823166,7069.849166666669,19,953.4864263418576,2,belgium_2026_R|BOT|PER,belgium_2026_R|L10|belgium_2026_R|BOT|PER,,True,v4_t0_anchored_30s_horizon
belgium_2026_R_00262,belgium_2026_R,2026,Belgian Grand Prix,VER,ANT,12,2026-07-19 13:25:46.520,2026-07-19 13:25:51.199,4.679,4.679,2026-07-19 13:26:16.520,30.0,11,20,97.90916666666544,1.432817073170714,82.22472222222086,246.0,,,120.33468913422328,1.721,True,2.0,,2312.903611111112,brake_T5,36.47658791849244,152.89070035730902,MEDIUM,11.0,1.0,0.7590517543040969,10182.179284818252,48636.32637043145,400.0,False,1,False,INVALID,,,False,0.0,,,,False,,,0,False,3.0,brake,0.327150347424118,7069.849166666669,19,953.4864263418576,2,belgium_2026_R|ANT|VER,belgium_2026_R|L11|belgium_2026_R|ANT|VER,,False,v4_t0_anchored_30s_horizon
belgium_2026_R_00263,belgium_2026_R,2026,Belgian Grand Prix,PER,OCO,31,2026-07-19 13:25:46.520,2026-07-19 13:25:52.119,5.599,5.599,2026-07-19 13:26:16.520,30.0,11,23,97.88527777777756,1.4324674796747936,43.561666666666554,246.0,105.0,141.0,102.71993027309738,1.721,True,18.0,17.0,249.57500000000005,brake_T1,86.6463108272045,146.6463108272045,SOFT,10.0,2.0,0.9054662152501811,16171.137611932872,56469.25103901083,400.0,False,1,False,CLOSE_INTERACTION_NO_PASS,0.0,,False,0.0,253.10859788359787,-7.1085978835978665,2.1340310000000002,True,2.1340310000000002,64.74702863960509,12,True,3.0,brake,0.0353013188989534,7069.849166666669,19,953.4864263418576,2,belgium_2026_R|OCO|PER,belgium_2026_R|L11|belgium_2026_R|OCO|PER,,False,v4_t0_anchored_30s_horizon
belgium_2026_R_00264,belgium_2026_R,2026,Belgian Grand Prix,PIA,HAM,44,2026-07-19 13:25:47.038,2026-07-19 13:26:41.959,54.921,54.921,2026-07-19 13:26:17.038,30.0,11,207,96.76777777777761,1.078526315789472,42.028055555555056,323.0,260.0,63.0,14.624298111282556,1.959,True,5.0,4.0,2210.1549999999997,straight_03,139.22519902960448,255.63931146842106,MEDIUM,11.0,1.0,0.8758335151942532,8516.206686934782,112207.88888388382,400.0,False,1,False,CLOSE_INTERACTION_NO_PASS,0.0,,False,0.0,334.0,-11.0,1.189353,True,1.189353,0.6598601795721509,13,True,3.0,straight,0.31261699477558386,7069.849166666669,19,953.4864263418576,2,belgium_2026_R|HAM|PIA,belgium_2026_R|L11|belgium_2026_R|HAM|PIA,,False,v4_t0_anchored_30s_horizon
belgium_2026_R_00265,belgium_2026_R,2026,Belgian Grand Prix,LAW,NOR,1,2026-07-19 13:25:55.559,2026-07-19 13:27:10.159,74.6,74.6,2026-07-19 13:26:25.559,30.0,11,283,94.33805555555773,1.102652597402623,20.651944444449327,308.0,175.0,133.0,60.7367072389465,1.561,True,8.0,7.0,2245.00361111111,brake_T5,104.37658791849435,220.79070035731093,MEDIUM,11.0,1.0,0.8742143824135089,7510.13354171762,100298.00769257736,400.0,False,1,False,CLOSE_INTERACTION_NO_PASS,0.0,,False,0.0,324.0,-16.0,1.381728,True,1.381728,22.917698477174426,12,True,3.0,brake,0.3175461821301623,7069.849166666669,19,953.4864263418576,2,belgium_2026_R|LAW|NOR,belgium_2026_R|L11|belgium_2026_R|LAW|NOR,,False,v4_t0_anchored_30s_horizon
belgium_2026_R_00266,belgium_2026_R,2026,Belgian Grand Prix,GAS,LAW,30,2026-07-19 13:25:58.119,2026-07-19 13:26:01.759,3.64,3.64,2026-07-19 13:26:28.119,30.0,11,15,58.82499999999982,1.1447027027026992,54.24722222222226,185.0,146.0,39.0,,,False,10.0,8.0,2328.2769444444443,brake_T5,21.103254585159902,137.51736702397648,MEDIUM,11.0,1.0,0.9520107619956656,10797.659093103459,36939.59234419876,400.0,False,1,False,CLOSE_INTERACTION_NO_PASS,0.0,,False,0.0,198.4831491712696,-13.483149171269588,1.334453,True,1.334453,77.70877283900064,13,True,3.0,brake,0.32932483983136984,7069.849166666669,19,953.4864263418576,2,belgium_2026_R|GAS|LAW,belgium_2026_R|L11|belgium_2026_R|GAS|LAW,,False,v4_t0_anchored_30s_horizon
belgium_2026_R_00267,belgium_2026_R,2026,Belgian Grand Prix,BOR,COL,43,2026-07-19 13:25:58.119,2026-07-19 13:26:01.759,3.64,3.64,2026-07-19 13:26:28.119,30.0,11,15,43.48055555555629,0.5342320819112719,14.688333333334413,293.0,168.0,125.0,,,False,11.0,9.0,2284.6483333333344,brake_T5,64.73186569626978,181.14597813508635,MEDIUM,11.0,1.0,0.895414092324101,9050.963785053778,70134.23198647665,400.0,False,1,False,ON_TRACK_PASS,1.0,14.56,False,0.0,218.78923611111165,74.21076388888835,0.848789,True,0.848789,43.20093700261919,13,True,3.0,brake,0.3231537589380444,7069.849166666669,19,953.4864263418576,2,belgium_2026_R|BOR|COL,belgium_2026_R|L11|belgium_2026_R|BOR|COL,,False,v4_t0_anchored_30s_horizon
belgium_2026_R_00268,belgium_2026_R,2026,Belgian Grand Prix,COL,LAW,30,2026-07-19 13:26:02.119,2026-07-19 13:26:10.479,8.36,8.36,2026-07-19 13:26:32.119,30.0,11,31,64.79749999999876,1.5147467532467243,53.32499999999891,154.0,173.0,-19.0,,,False,9.0,8.0,2489.388611111113,brake_T7,97.12587637540628,157.12587637540628,MEDIUM,11.0,1.0,0.9956622071639579,16965.04134075242,13382.803142096125,400.0,False,1,False,CLOSE_INTERACTION_NO_PASS,0.0,,False,0.0,147.0,7.0,1.484741,True,1.484741,-8.471160854210984,12,True,3.0,brake,0.35211339767306854,7069.849166666669,19,953.4864263418576,2,belgium_2026_R|COL|LAW,belgium_2026_R|L11|belgium_2026_R|COL|LAW,,False,v4_t0_anchored_30s_horizon
belgium_2026_R_00269,belgium_2026_R,2026,Belgian Grand Prix,BOR,GAS,10,2026-07-19 13:26:02.119,2026-07-19 13:26:10.479,8.36,8.36,2026-07-19 13:26:32.119,30.0,11,31,14.9149999999986,0.36036241610734876,14.9149999999986,149.0,143.0,6.0,,,False,11.0,10.0,2473.8733333333344,brake_T7,112.64115415318474,172.64115415318474,MEDIUM,11.0,1.0,0.9669775628937489,17188.410147378436,5996.991030509751,400.0,False,1,False,CLOSE_INTERACTION_NO_PASS,0.0,35.2,True,0.0,142.0,7.0,0.374823,True,0.374823,8.366773309655239,12,True,3.0,brake,0.3499188278297781,7069.849166666669,19,953.4864263418576,2,belgium_2026_R|BOR|GAS,belgium_2026_R|L11|belgium_2026_R|BOR|GAS,,False,v4_t0_anchored_30s_horizon
belgium_2026_R_00270,belgium_2026_R,2026,Belgian Grand Prix,HAD,HUL,27,2026-07-19 13:26:02.959,2026-07-19 13:29:44.440,221.481,220.121,2026-07-19 13:26:32.959,30.0,11,823,94.22999999999956,1.046999999999995,10.101111111111095,324.0,182.0,142.0,106.67647058823579,1.3599999999999999,True,14.0,13.0,2242.9,brake_T5,106.48019902960414,222.8943114684207,HARD,9.0,3.0,0.8735974144574523,7490.472889664206,101898.89400152153,400.0,False,1,False,CLOSE_INTERACTION_NO_PASS,0.0,,False,-1.0,313.0821187807393,10.917881219260721,1.493672,True,1.493672,49.54006394464679,10,True,3.0,brake,0.3172486353138839,7069.849166666669,19,953.4864263418576,2,belgium_2026_R|HAD|HUL,belgium_2026_R|L11|belgium_2026_R|HAD|HUL,,False,v4_t0_anchored_30s_horizon
belgium_2026_R_00271,belgium_2026_R,2026,Belgian Grand Prix,SAI,HAD,6,2026-07-19 13:26:03.719,2026-07-19 13:26:55.559,51.84,51.84,2026-07-19 13:26:33.719,30.0,11,180,10.150277777777774,0.15353361344537808,10.150277777777774,238.0,247.0,-9.0,-16.591836734693825,1.96,True,15.0,14.0,2291.665,brake_T5,57.715199029604264,174.12931146842084,SOFT,11.0,1.0,0.9331901254206303,9331.8798727468,64795.631569040175,400.0,False,1,False,CLOSE_INTERACTION_NO_PASS,0.0,,False,1.0,267.93162955465624,-29.93162955465624,0.145611,True,0.145611,-14.926054931550222,10,True,3.0,brake,0.3241462365003307,7069.849166666669,19,953.4864263418576,2,belgium_2026_R|HAD|SAI,belgium_2026_R|L11|belgium_2026_R|HAD|SAI,,False,v4_t0_anchored_30s_horizon
belgium_2026_R_00272,belgium_2026_R,2026,Belgian Grand Prix,BEA,SAI,55,2026-07-19 13:26:04.279,2026-07-19 13:27:17.239,72.96,65.88,2026-07-19 13:26:34.279,30.0,11,251,95.58777777777686,1.065374613003086,10.609444444447945,323.0,191.0,132.0,69.22727272727272,1.76,True,16.0,15.0,2229.7169444444453,brake_T5,119.66325458515894,236.0773670239755,HARD,10.0,2.0,0.8733992145666399,7367.262156031103,111931.43900828573,400.0,False,1,False,CLOSE_INTERACTION_NO_PASS,0.0,73.2,True,0.0,304.3231818181813,18.676818181818703,1.4151099999999999,True,1.4151099999999999,43.67200412199426,10,True,3.0,brake,0.3153839483531336,7069.849166666669,19,953.4864263418576,2,belgium_2026_R|BEA|SAI,belgium_2026_R|L11|belgium_2026_R|BEA|SAI,,False,v4_t0_anchored_30s_horizon
belgium_2026_R_00273,belgium_2026_R,2026,Belgian Grand Prix,GAS,COL,43,2026-07-19 13:26:05.879,2026-07-19 13:26:10.479,4.6,3.04,2026-07-19 13:26:35.879,30.0,11,12,10.438888888891597,0.19572916666671747,10.438888888891597,192.0,204.0,-12.0,-8.08804347826026,1.8399999999999999,True,10.0,9.0,2667.9336111111115,straight_05,313.60935552731644,373.60935552731644,MEDIUM,11.0,1.0,0.9635770458412529,13187.997388669888,63180.03201129297,400.0,False,1,False,ON_TRACK_PASS,1.0,4.76,False,0.0,199.96963946868988,-7.969639468689877,0.187411,True,0.187411,-5.661570217016974,12,True,3.0,straight,0.37736782613270425,7069.849166666669,19,953.4864263418576,2,belgium_2026_R|COL|GAS,belgium_2026_R|L11|belgium_2026_R|COL|GAS,,False,v4_t0_anchored_30s_horizon
belgium_2026_R_00274,belgium_2026_R,2026,Belgian Grand Prix,STR,ALO,14,2026-07-19 13:26:22.039,2026-07-19 13:27:19.719,57.68,57.68,2026-07-19 13:26:52.039,30.0,11,221,99.3744444444444,1.2004966442953016,43.76277777777932,298.0,291.0,7.0,7.998913043479217,1.8399999999999999,True,21.0,20.0,1864.3311111111109,straight_03,485.04908791849334,601.4632003573099,HARD,11.0,1.0,0.8928611650991143,32158.559772758712,27071.27098740793,399.9999999999998,False,1,False,CLOSE_INTERACTION_NO_PASS,0.0,,False,0.0,290.0,8.0,1.23172,True,1.23172,8.512926312612466,12,True,3.0,straight,0.2637016812043412,7069.849166666669,19,953.4864263418576,2,belgium_2026_R|ALO|STR,belgium_2026_R|L11|belgium_2026_R|ALO|STR,,False,v4_t0_anchored_30s_horizon
belgium_2026_R_00275,belgium_2026_R,2026,Belgian Grand Prix,VER,ANT,12,2026-07-19 13:26:22.919,2026-07-19 13:26:27.678,4.759,4.759,2026-07-19 13:26:52.919,30.0,11,18,96.54999999999745,1.6630622009568938,86.66111111110877,209.0,,,82.91686046511808,1.72,True,2.0,,4405.837222222222,corner_T12,147.24821766316109,207.24821766316109,MEDIUM,11.0,1.0,0.7971431803973766,10690.328339802269,37002.43434189623,400.0,False,1,False,INVALID,,,False,0.0,,,,False,,,0,False,3.0,corner,0.623186876884887,7069.849166666669,19,953.4864263418576,2,belgium_2026_R|ANT|VER,belgium_2026_R|L11|belgium_2026_R|ANT|VER,,False,v4_t0_anchored_30s_horizon
belgium_2026_R_00276,belgium_2026_R,2026,Belgian Grand Prix,PER,OCO,31,2026-07-19 13:26:27.278,2026-07-19 13:26:35.359,8.081,8.081,2026-07-19 13:26:57.278,30.0,11,33,96.9713888888873,1.5112424242423994,59.87611111110846,231.0,144.0,87.0,62.4990848078089,1.639,True,18.0,17.0,2884.301944444446,brake_T8,97.24102219398219,157.2410221939822,SOFT,10.0,2.0,0.9041227619212056,8263.322819760486,54104.43772314763,400.0,False,1,False,CLOSE_INTERACTION_NO_PASS,0.0,,False,0.0,231.9959288990818,-0.9959288990818038,2.012224,True,2.012224,27.51546358678476,12,True,3.0,brake,0.4079722037131313,7069.849166666669,19,953.4864263418576,2,belgium_2026_R|OCO|PER,belgium_2026_R|L11|belgium_2026_R|OCO|PER,,False,v4_t0_anchored_30s_horizon
belgium_2026_R_00277,belgium_2026_R,2026,Belgian Grand Prix,GAS,COL,43,2026-07-19 13:26:41.399,2026-07-19 13:27:02.039,20.64,20.64,2026-07-19 13:27:11.399,30.0,11,71,15.447499999999309,0.30724309392263816,10.698055555557403,181.0,194.0,-13.0,,,False,10.0,9.0,4682.5830555555585,straight_10,159.45689686334754,219.45689686334754,MEDIUM,11.0,1.0,0.9815962836791906,15300.930717932632,29861.61063726288,400.0,False,1,False,ON_TRACK_PASS,1.0,27.36,False,0.0,185.0,-4.0,0.290454,True,0.290454,-8.014893281033281,13,True,3.0,straight,0.6623313942302009,7069.849166666669,19,953.4864263418576,2,belgium_2026_R|COL|GAS,belgium_2026_R|L11|belgium_2026_R|COL|GAS,,False,v4_t0_anchored_30s_horizon
belgium_2026_R_00278,belgium_2026_R,2026,Belgian Grand Prix,BOR,GAS,10,2026-07-19 13:26:47.678,2026-07-19 13:27:02.039,14.361,13.281,2026-07-19 13:27:17.678,30.0,11,53,10.593888888885886,0.20727173913037603,10.593888888885886,184.0,201.0,-17.0,-10.450479233227139,1.8780000000000001,True,11.0,10.0,4993.139444444449,brake_T15,104.5279096176564,164.5279096176564,MEDIUM,11.0,1.0,0.9950819600929274,28549.044011601345,0.0,400.0,False,1,False,ON_TRACK_PASS,1.0,14.641,False,0.0,197.21601990049874,-13.216019900498736,0.189199,True,0.189199,-6.395640649855121,13,True,3.0,brake,0.7062582704007873,7069.849166666669,19,953.4864263418576,2,belgium_2026_R|BOR|GAS,belgium_2026_R|L11|belgium_2026_R|BOR|GAS,belgium_2026_R_00282,False,v4_t0_anchored_30s_horizon
belgium_2026_R_00279,belgium_2026_R,2026,Belgian Grand Prix,VER,ANT,12,2026-07-19 13:26:55.199,2026-07-19 13:27:02.519,7.32,7.32,2026-07-19 13:27:25.199,30.0,11,30,90.548888888894,1.2489501915709518,53.126666666671554,261.0,,,94.61224489795889,1.96,True,2.0,,6589.531388888885,brake_T18,30.953227387710285,156.00082262939486,MEDIUM,11.0,1.0,0.7316904215284143,9900.611993975239,45058.69741293909,400.0,False,1,False,INVALID,,,False,0.0,,,,False,,,0,False,3.0,brake,0.9320610996847835,7069.849166666669,19,953.4864263418576,2,belgium_2026_R|ANT|VER,belgium_2026_R|L11|belgium_2026_R|ANT|VER,,True,v4_t0_anchored_30s_horizon
belgium_2026_R_00280,belgium_2026_R,2026,Belgian Grand Prix,PIA,HAM,44,2026-07-19 13:26:56.599,2026-07-19 13:27:31.119,34.52,34.52,2026-07-19 13:27:26.599,30.0,11,132,98.37722222223147,1.2426596491229238,33.70333333333332,285.0,201.0,84.0,27.77551020408338,1.96,True,5.0,4.0,6526.54916666666,brake_T18,93.93544960993495,218.98304485161952,MEDIUM,11.0,1.0,0.8891103853799877,9818.799145964997,74934.04042166965,400.0,False,1,False,CLOSE_INTERACTION_NO_PASS,0.0,,False,0.0,294.1190617913836,-9.119061791383615,1.428574,True,1.428574,10.305711816997917,14,True,3.0,brake,0.9231525330750209,7069.849166666669,19,953.4864263418576,2,belgium_2026_R|HAM|PIA,belgium_2026_R|L11|belgium_2026_R|HAM|PIA,,True,v4_t0_anchored_30s_horizon
belgium_2026_R_00281,belgium_2026_R,2026,Belgian Grand Prix,BOR,COL,43,2026-07-19 13:27:02.319,2026-07-19 13:27:06.959,4.64,4.04,2026-07-19 13:27:32.319,30.0,11,18,33.73638888889127,0.38192138364782574,14.003055555556784,318.0,279.0,39.0,,,False,11.0,9.0,6168.063055555558,straight_14,452.42156072103717,577.4691559627217,MEDIUM,11.0,1.0,0.9289833027005642,27911.37873953344,32217.32710652909,400.0,False,1,False,ON_TRACK_PASS,1.0,5.081,False,0.0,280.78346428571444,37.216535714285556,0.436692,True,0.436692,31.33952761753446,11,True,3.0,straight,0.8724462021958115,7069.849166666669,19,953.4864263418576,2,belgium_2026_R|BOR|COL,belgium_2026_R|L11|belgium_2026_R|BOR|COL,,True,v4_t0_anchored_30s_horizon
belgium_2026_R_00282,belgium_2026_R,2026,Belgian Grand Prix,GAS,BOR,5,2026-07-19 13:27:03.239,2026-07-19 13:27:10.159,6.92,6.92,2026-07-19 13:27:33.239,30.0,11,22,11.26833333333434,0.14644765342961596,11.26833333333434,277.0,318.0,-41.0,-39.52173913044332,0.92,True,10.0,11.0,6238.031111111112,straight_14,382.45350516548297,507.50110040716754,MEDIUM,11.0,1.0,0.8947376502111798,24314.591025218335,65360.26228817155,400.0,False,1,False,ON_TRACK_PASS,1.0,16.48,False,0.0,318.0,-41.0,0.127908,True,0.127908,-34.10567356178715,12,True,3.0,straight,0.8823428851244154,7069.849166666669,19,953.4864263418576,2,belgium_2026_R|BOR|GAS,belgium_2026_R|L11|belgium_2026_R|BOR|GAS,belgium_2026_R_00278,True,v4_t0_anchored_30s_horizon
belgium_2026_R_00283,belgium_2026_R,2026,Belgian Grand Prix,LAW,NOR,1,2026-07-19 13:27:13.559,2026-07-19 13:27:30.439,16.88,16.88,2026-07-19 13:27:43.559,30.0,11,68,48.15027777778141,1.4815470085471203,20.163055555555616,117.0,169.0,-52.0,,,False,8.0,7.0,6798.272222222219,straight_15,,,MEDIUM,11.0,1.0,0.979096076626388,9623.150279581314,78.78087123430187,271.5769444444495,True,1,False,CLOSE_INTERACTION_NO_PASS,0.0,,False,0.0,120.12074310359917,-3.1207431035991675,1.126604,True,1.126604,-33.43036265353222,8,True,3.0,straight,0.9615865999341406,7069.849166666669,19,953.4864263418576,2,belgium_2026_R|LAW|NOR,belgium_2026_R|L11|belgium_2026_R|LAW|NOR,,True,v4_t0_anchored_30s_horizon
belgium_2026_R_00284,belgium_2026_R,2026,Belgian Grand Prix,BOR,LAW,30,2026-07-19 13:27:14.239,2026-07-19 13:27:18.159,3.92,3.92,2026-07-19 13:27:44.239,30.0,11,16,11.163888888881957,0.48421686746957887,11.163888888881957,83.0,148.0,-65.0,-50.88235294117754,0.68,True,11.0,8.0,6810.848055555562,straight_15,,,MEDIUM,11.0,1.0,0.9916210118537631,9177.533902589945,75.13278870459823,259.0011111111071,True,1,False,UNCERTAIN,,,False,0.0,117.0,-34.0,0.293051,True,0.293051,-26.239912636810057,9,True,3.0,straight,0.9633653979023682,7069.849166666669,19,953.4864263418576,2,belgium_2026_R|BOR|LAW,belgium_2026_R|L11|belgium_2026_R|BOR|LAW,,True,v4_t0_anchored_30s_horizon
belgium_2026_R_00285,belgium_2026_R,2026,Belgian Grand Prix,GAS,COL,43,2026-07-19 13:27:16.239,2026-07-19 13:27:49.959,33.72,30.2,2026-07-19 13:27:46.239,30.0,11,120,10.649722222224227,0.2178352272727683,10.326666666665915,176.0,205.0,-29.0,-28.8,1.0,True,10.0,9.0,6840.943888888891,straight_15,,,MEDIUM,11.0,1.0,0.9697923690446597,8111.107856931639,66.40238644098856,228.90527777777788,True,1,False,UNCERTAIN,,34.04,True,0.0,197.07499999999743,-21.07499999999743,0.1902,True,0.1902,-31.278720188024714,12,True,3.0,straight,0.9676223251187545,7069.849166666669,19,953.4864263418576,2,belgium_2026_R|COL|GAS,belgium_2026_R|L11|belgium_2026_R|COL|GAS,,True,v4_t0_anchored_30s_horizon
belgium_2026_R_00286,belgium_2026_R,2026,Belgian Grand Prix,COL,LAW,30,2026-07-19 13:27:17.479,2026-07-19 13:27:49.959,32.48,32.48,2026-07-19 13:27:47.479,30.0,12,131,45.711944444444455,0.6973008474576272,17.018611111111,236.0,228.0,8.0,,,False,10.0,8.0,19.678333333333335,straight_01,316.5429774938712,376.5429774938712,MEDIUM,12.0,1.0,0.9688180392117733,16911.922034666113,75210.1873871306,400.0,False,1,False,CLOSE_INTERACTION_NO_PASS,0.0,,False,1.0,224.12828947368422,11.87171052631578,0.714868,True,0.714868,-10.553418093552052,12,True,3.0,straight,0.002783416289291414,7069.849166666669,19,953.4864263418576,2,belgium_2026_R|COL|LAW,belgium_2026_R|L12|belgium_2026_R|COL|LAW,,False,v4_t0_anchored_30s_horizon
belgium_2026_R_00287,belgium_2026_R,2026,Belgian Grand Prix,BEA,HAD,6,2026-07-19 13:27:17.479,2026-07-19 13:27:21.440,3.961,3.961,2026-07-19 13:27:47.479,30.0,11,20,32.54027777777901,1.2873076923077411,31.851388888889232,91.0,78.0,13.0,,,False,16.0,14.0,6670.111666666665,corner_T18,15.420544851614977,75.42054485161498,HARD,10.0,2.0,0.9687155293916975,11681.451451530509,6938.886283292145,399.7375000000038,True,1,False,CLOSE_INTERACTION_NO_PASS,0.0,,False,0.0,84.0,7.0,1.545559,True,1.545559,74.96865237140577,12,True,3.0,corner,0.9434588361680035,7069.849166666669,19,953.4864263418576,2,belgium_2026_R|BEA|HAD,belgium_2026_R|L11|belgium_2026_R|BEA|HAD,,True,v4_t0_anchored_30s_horizon
belgium_2026_R_00288,belgium_2026_R,2026,Belgian Grand Prix,BOR,GAS,10,2026-07-19 13:27:18.559,2026-07-19 13:27:49.959,31.4,31.4,2026-07-19 13:27:48.559,30.0,12,117,27.79083333333333,0.44864125560538115,10.284444444444375,223.0,245.0,-22.0,,,False,11.0,9.0,16.85138888888889,straight_01,319.36992193831566,379.36992193831566,MEDIUM,12.0,1.0,0.9788941441057177,16941.910433405297,75210.98023158642,400.0,False,1,False,CLOSE_INTERACTION_NO_PASS,0.0,,False,0.0,,,,False,,-43.07354118923365,13,True,3.0,straight,0.002383557059228475,7069.849166666669,19,953.4864263418576,2,belgium_2026_R|BOR|GAS,belgium_2026_R|L12|belgium_2026_R|BOR|GAS,belgium_2026_R_00282,False,v4_t0_anchored_30s_horizon
belgium_2026_R_00289,belgium_2026_R,2026,Belgian Grand Prix,BEA,SAI,55,2026-07-19 13:27:23.839,2026-07-19 13:29:00.240,96.401,94.721,2026-07-19 13:27:53.839,30.0,11,337,10.464722222230193,0.22291715976348342,10.009722222233904,169.0,177.0,-8.0,-18.295454545456202,1.76,True,16.0,15.0,6832.952222222218,straight_15,,,HARD,10.0,2.0,0.9666409489056224,8394.28730530137,68.72066299389168,236.89694444445104,True,1,False,UNCERTAIN,,96.721,True,0.0,177.0,-8.0,0.217909,True,0.217909,-15.564120684148,12,True,3.0,straight,0.9664919379664582,7069.849166666669,19,953.4864263418576,2,belgium_2026_R|BEA|SAI,belgium_2026_R|L11|belgium_2026_R|BEA|SAI,,True,v4_t0_anchored_30s_horizon
belgium_2026_R_00290,belgium_2026_R,2026,Belgian Grand Prix,PER,OCO,31,2026-07-19 13:27:26.559,2026-07-19 13:27:32.159,5.6,5.6,2026-07-19 13:27:56.559,30.0,11,23,98.0458333333363,1.5346304347826554,65.11805555555748,230.0,90.0,140.0,150.25999999999732,2.0,True,18.0,17.0,6590.747777777777,brake_T18,29.736838498818543,154.78443374050312,SOFT,10.0,2.0,0.8701842785487383,9902.192062695854,44481.70863729017,400.0,False,1,False,PIT_RELATED,,,False,0.0,252.8423991935495,-22.84239919354951,2.627608,True,2.627608,128.30424198658588,13,True,3.0,brake,0.9322331527032024,7069.849166666669,19,953.4864263418576,2,belgium_2026_R|OCO|PER,belgium_2026_R|L11|belgium_2026_R|OCO|PER,,True,v4_t0_anchored_30s_horizon
belgium_2026_R_00291,belgium_2026_R,2026,Belgian Grand Prix,SAI,HAD,6,2026-07-19 13:27:28.400,2026-07-19 13:27:35.600,7.2,7.2,2026-07-19 13:27:58.400,30.0,12,31,95.48833333333334,1.2500290909090912,31.5405555555555,275.0,146.0,129.0,57.92015209125473,1.841,True,16.0,13.0,225.98749999999998,brake_T1,110.23381082720456,170.23381082720456,SOFT,12.0,1.0,0.9308835178260261,15220.560108659727,69683.73036754223,400.0,False,1,False,CLOSE_INTERACTION_NO_PASS,0.0,,False,1.0,249.87626518218624,25.123734817813755,1.6645020000000001,True,1.6645020000000001,26.19560986836325,11,True,3.0,brake,0.03196496766373728,7069.849166666669,19,953.4864263418576,2,belgium_2026_R|HAD|SAI,belgium_2026_R|L12|belgium_2026_R|HAD|SAI,,False,v4_t0_anchored_30s_horizon
belgium_2026_R_00292,belgium_2026_R,2026,Belgian Grand Prix,BOT,PER,11,2026-07-19 13:27:29.199,2026-07-19 13:27:35.360,6.161,6.161,2026-07-19 13:27:59.199,30.0,11,27,96.28444444444358,1.3129696969696854,46.41638888888701,264.0,80.0,184.0,176.64204883859568,1.679,True,19.0,18.0,6584.696388888889,brake_T18,35.788227387706684,160.83582262939126,HARD,10.0,2.0,0.8621674776380921,9894.331410245855,47352.15862072945,400.0,False,1,False,PIT_RELATED,,94.121,True,0.0,238.41932367149656,25.580676328503444,2.734717,True,2.734717,147.81674910674602,11,True,3.0,brake,0.931377209564073,7069.849166666669,19,953.4864263418576,2,belgium_2026_R|BOT|PER,belgium_2026_R|L11|belgium_2026_R|BOT|PER,,True,v4_t0_anchored_30s_horizon
belgium_2026_R_00293,belgium_2026_R,2026,Belgian Grand Prix,STR,ALO,14,2026-07-19 13:27:30.439,2026-07-19 13:28:04.399,33.96,33.96,2026-07-19 13:28:00.439,30.0,11,135,99.2538888888912,1.1950301003344759,27.787222222222226,299.0,277.0,22.0,27.022687609071895,1.7189999999999999,True,21.0,20.0,5924.056388888886,straight_13,157.93441092650664,217.93441092650664,HARD,11.0,1.0,0.9043585728748122,31542.73690746628,202.55381104262273,400.0,False,1,False,CLOSE_INTERACTION_NO_PASS,0.0,,False,0.0,283.0,16.0,1.278183,True,1.278183,25.18649418909026,13,True,3.0,straight,0.8379325002886863,7069.849166666669,19,953.4864263418576,2,belgium_2026_R|ALO|STR,belgium_2026_R|L11|belgium_2026_R|ALO|STR,,True,v4_t0_anchored_30s_horizon
belgium_2026_R_00294,belgium_2026_R,2026,Belgian Grand Prix,VER,ANT,12,2026-07-19 13:27:37.719,2026-07-19 13:27:41.840,4.121,4.121,2026-07-19 13:28:07.719,30.0,12,17,93.33999999999969,1.417822784810122,82.55499999999938,237.0,149.0,88.0,123.57894736842248,1.52,True,2.0,1.0,2319.906944444445,brake_T5,29.47325458515934,145.8873670239759,MEDIUM,12.0,1.0,0.726063945565935,10462.56156521878,43307.870561863514,400.0,False,1,False,CLOSE_INTERACTION_NO_PASS,0.0,,False,0.0,252.99705250377335,-15.997052503773347,1.925449,True,1.925449,105.93344525999835,10,True,3.0,brake,0.3281409390432932,7069.849166666669,19,953.4864263418576,2,belgium_2026_R|ANT|VER,belgium_2026_R|L12|belgium_2026_R|ANT|VER,,False,v4_t0_anchored_30s_horizon
belgium_2026_R_00295,belgium_2026_R,2026,Belgian Grand Prix,PIA,HAM,44,2026-07-19 13:27:38.600,2026-07-19 13:28:30.120,51.52,51.52,2026-07-19 13:28:08.600,30.0,12,196,96.85666666666384,1.0896374999999683,47.60999999999831,320.0,240.0,80.0,36.61555934128508,1.7610000000000001,True,5.0,4.0,2234.703611111113,brake_T5,114.67658791849135,231.09070035730792,MEDIUM,12.0,1.0,0.8744484998988217,7413.868260040501,108136.49499426363,400.0,False,1,False,CLOSE_INTERACTION_NO_PASS,0.0,,False,0.0,326.28374233128824,-6.283742331288238,1.297748,True,1.297748,16.251817998930754,11,True,3.0,brake,0.316089291076735,7069.849166666669,19,953.4864263418576,2,belgium_2026_R|HAM|PIA,belgium_2026_R|L12|belgium_2026_R|HAM|PIA,,False,v4_t0_anchored_30s_horizon
belgium_2026_R_00296,belgium_2026_R,2026,Belgian Grand Prix,LIN,NOR,1,2026-07-19 13:27:47.400,2026-07-19 13:28:37.160,49.76,49.76,2026-07-19 13:28:17.400,30.0,12,186,10.235000000001037,0.15225619834712287,10.235000000001037,242.0,268.0,-26.0,-21.549077929803893,1.681,True,7.0,6.0,2288.031388888888,brake_T5,61.34881014071607,177.76292257953264,MEDIUM,12.0,1.0,0.9050191760834586,9186.406264547524,67560.24883192661,400.0,False,1,False,CLOSE_INTERACTION_NO_PASS,0.0,,False,1.0,285.83425373134537,-43.83425373134537,0.137186,True,0.137186,-18.17210551027143,13,True,3.0,brake,0.32363227771203806,7069.849166666669,19,953.4864263418576,2,belgium_2026_R|LIN|NOR,belgium_2026_R|L12|belgium_2026_R|LIN|NOR,,False,v4_t0_anchored_30s_horizon
belgium_2026_R_00297,belgium_2026_R,2026,Belgian Grand Prix,LAW,LIN,41,2026-07-19 13:27:47.400,2026-07-19 13:30:52.721,185.321,184.801,2026-07-19 13:28:17.400,30.0,12,683,98.60777777777685,1.1233797468354325,10.289999999995416,316.0,242.0,74.0,29.16418798334395,1.681,True,8.0,7.0,2189.3925000000004,straight_03,159.98769902960385,276.4018114684204,MEDIUM,12.0,1.0,0.8756880025310665,9760.422988780643,112229.68306402452,400.0,False,1,False,CLOSE_INTERACTION_NO_PASS,0.0,,False,0.0,305.21968438538187,10.780315614618132,1.264817,True,1.264817,17.49413908012943,13,True,3.0,straight,0.3096802277370604,7069.849166666669,19,953.4864263418576,2,belgium_2026_R|LAW|LIN,belgium_2026_R|L12|belgium_2026_R|LAW|LIN,,False,v4_t0_anchored_30s_horizon
belgium_2026_R_00298,belgium_2026_R,2026,Belgian Grand Prix,BOR,COL,43,2026-07-19 13:27:50.279,2026-07-19 13:28:04.399,14.12,12.961,2026-07-19 13:28:20.279,30.0,12,53,60.06249999999909,0.7430412371133909,10.786388888888268,291.0,172.0,119.0,,,False,11.0,10.0,2268.231944444444,brake_T5,81.14825458516043,197.562367023977,MEDIUM,12.0,1.0,0.8913546860850636,8393.724677113385,82624.57031071118,400.0,False,1,False,ON_TRACK_PASS,1.0,14.48,False,0.0,250.8282712765958,40.171728723404186,1.080391,True,1.080391,52.046840664290784,12,True,3.0,brake,0.3208317307728196,7069.849166666669,19,953.4864263418576,2,belgium_2026_R|BOR|COL,belgium_2026_R|L12|belgium_2026_R|BOR|COL,,False,v4_t0_anchored_30s_horizon
belgium_2026_R_00299,belgium_2026_R,2026,Belgian Grand Prix,GAS,LAW,30,2026-07-19 13:27:50.279,2026-07-19 13:29:00.920,70.641,70.641,2026-07-19 13:28:20.279,30.0,12,267,51.273888888888905,0.992397849462366,48.029722222220244,186.0,152.0,34.0,,,False,9.0,8.0,2329.1030555555553,brake_T5,20.2771434740489,136.69125591286547,MEDIUM,12.0,1.0,0.9546760678646223,10830.732903269693,36311.049286342204,400.0,False,1,False,CLOSE_INTERACTION_NO_PASS,0.0,,False,-1.0,209.144610969388,-23.144610969387998,1.079418,True,1.079418,37.51796768501005,12,True,3.0,brake,0.32944168972330334,7069.849166666669,19,953.4864263418576,2,belgium_2026_R|GAS|LAW,belgium_2026_R|L12|belgium_2026_R|GAS|LAW,,False,v4_t0_anchored_30s_horizon
belgium_2026_R_00300,belgium_2026_R,2026,Belgian Grand Prix,ALB,HAD,6,2026-07-19 13:27:54.040,2026-07-19 13:28:49.961,55.921,55.921,2026-07-19 13:28:24.040,30.0,12,209,10.6574999999998,0.12297115384615154,10.6574999999998,312.0,327.0,-15.0,-15.617224880382931,1.881,True,14.0,13.0,2193.929444444445,straight_03,155.4507545851593,271.8648670239759,MEDIUM,12.0,1.0,0.8777054456902459,9488.541460142615,112224.92068066458,400.0,False,1,False,CLOSE_INTERACTION_NO_PASS,0.0,,False,2.0,327.29905037823914,-15.299050378239144,0.107957,True,0.107957,-17.11546597407007,11,True,3.0,straight,0.310321959171139,7069.849166666669,19,953.4864263418576,2,belgium_2026_R|ALB|HAD,belgium_2026_R|L12|belgium_2026_R|ALB|HAD,,False,v4_t0_anchored_30s_horizon
belgium_2026_R_00301,belgium_2026_R,2026,Belgian Grand Prix,COL,GAS,10,2026-07-19 13:27:56.520,2026-07-19 13:28:04.399,7.879,7.879,2026-07-19 13:28:26.520,30.0,12,35,10.18805555555673,0.21702366863907827,10.18805555555673,169.0,175.0,-6.0,-8.090909090909484,1.76,True,10.0,9.0,2580.9852777777774,brake_T7,5.529209708741746,65.52920970874175,MEDIUM,12.0,1.0,0.9819825519748259,15646.351568175047,56986.00378968756,400.0,False,1,False,CLOSE_INTERACTION_NO_PASS,0.0,64.68,True,1.0,175.0,-6.0,0.196177,True,0.196177,-9.380038684517439,10,True,3.0,brake,0.365069355361463,7069.849166666669,19,953.4864263418576,2,belgium_2026_R|COL|GAS,belgium_2026_R|L12|belgium_2026_R|COL|GAS,,False,v4_t0_anchored_30s_horizon
belgium_2026_R_00302,belgium_2026_R,2026,Belgian Grand Prix,SAI,ALB,23,2026-07-19 13:27:57.759,2026-07-19 13:28:06.039,8.28,8.28,2026-07-19 13:28:27.759,30.0,12,35,96.13777777777659,1.3625826771653375,69.60861111110853,254.0,129.0,125.0,153.07663650878308,1.879,True,16.0,14.0,2300.3091666666674,brake_T5,49.071032362936876,165.48514480175345,SOFT,12.0,1.0,0.9094348613584525,9677.953813084143,58218.75483150072,400.0,False,1,False,CLOSE_INTERACTION_NO_PASS,0.0,,False,1.0,217.14289267015607,36.85710732984393,2.239591,True,2.239591,139.37592515967282,12,True,3.0,brake,0.32536891699363224,7069.849166666669,19,953.4864263418576,2,belgium_2026_R|ALB|SAI,belgium_2026_R|L12|belgium_2026_R|ALB|SAI,,False,v4_t0_anchored_30s_horizon
belgium_2026_R_00303,belgium_2026_R,2026,Belgian Grand Prix,STR,ALO,14,2026-07-19 13:28:07.480,2026-07-19 13:28:10.520,3.04,3.04,2026-07-19 13:28:37.480,30.0,12,11,99.11166666666645,1.2094983050847432,95.35611111111075,295.0,282.0,13.0,8.204487506374248,1.9609999999999999,True,20.0,19.0,1029.082777777778,corner_T2,97.88740903307371,246.8109949099687,HARD,12.0,1.0,0.9447207153132842,33194.73683764489,256.6981902221116,400.0,False,1,False,CLOSE_INTERACTION_NO_PASS,0.0,,False,-1.0,295.6097019088046,-0.6097019088045954,1.237017,True,1.237017,4.630209326650488,10,True,3.0,corner,0.14555936817291046,7069.849166666669,19,953.4864263418576,2,belgium_2026_R|ALO|STR,belgium_2026_R|L12|belgium_2026_R|ALO|STR,,False,v4_t0_anchored_30s_horizon
belgium_2026_R_00304,belgium_2026_R,2026,Belgian Grand Prix,VER,ANT,12,2026-07-19 13:28:13.760,2026-07-19 13:28:17.480,3.72,3.72,2026-07-19 13:28:43.760,30.0,12,15,97.87277777778309,1.6088675799087633,88.65055555556137,219.0,158.0,61.0,85.02385008517766,1.7610000000000001,True,2.0,1.0,4399.320555555554,brake_T12,3.4718536117779877,213.76488432982933,MEDIUM,12.0,1.0,0.7383047681448351,10519.13954936876,39466.68733264686,400.0,False,1,False,CLOSE_INTERACTION_NO_PASS,0.0,,False,0.0,228.49473339161517,-9.49473339161517,1.975706,True,1.975706,67.19773647620326,12,True,3.0,brake,0.6222651221892715,7069.849166666669,19,953.4864263418576,2,belgium_2026_R|ANT|VER,belgium_2026_R|L12|belgium_2026_R|ANT|VER,,False,v4_t0_anchored_30s_horizon
belgium_2026_R_00305,belgium_2026_R,2026,Belgian Grand Prix,COL,GAS,10,2026-07-19 13:28:31.040,2026-07-19 13:29:00.920,29.88,29.04,2026-07-19 13:29:01.040,30.0,12,109,23.542222222225064,0.5044761904762514,10.013333333339688,168.0,167.0,1.0,,,False,10.0,9.0,4543.8066666666655,brake_T13,9.278773218718015,69.27877321871802,MEDIUM,12.0,1.0,0.9958788777054147,12303.43328014431,29979.66383086868,400.0,False,1,False,CLOSE_INTERACTION_NO_PASS,0.0,30.16,True,1.0,168.21499999999924,-0.21499999999923602,0.4918,True,0.4918,-1.9457155879641053,9,True,3.0,brake,0.642702066133188,7069.849166666669,19,953.4864263418576,2,belgium_2026_R|COL|GAS,belgium_2026_R|L12|belgium_2026_R|COL|GAS,,False,v4_t0_anchored_30s_horizon
belgium_2026_R_00306,belgium_2026_R,2026,Belgian Grand Prix,SAI,ALB,23,2026-07-19 13:28:33.560,2026-07-19 13:28:49.800,16.24,16.24,2026-07-19 13:29:03.560,30.0,12,62,96.95027777777523,1.3121090225563565,49.06138888888927,266.0,215.0,51.0,11.627514953777741,1.839,True,16.0,14.0,4277.922222222225,straight_09,124.87018694510698,335.1632176631583,SOFT,12.0,1.0,0.9541667752979373,10134.67621977456,78954.00534120789,400.0,False,1,False,CLOSE_INTERACTION_NO_PASS,0.0,,False,1.0,266.0,0.0,1.420383,True,1.420383,1.1399329490817078,12,True,3.0,straight,0.6050938459043821,7069.849166666669,19,953.4864263418576,2,belgium_2026_R|ALB|SAI,belgium_2026_R|L12|belgium_2026_R|ALB|SAI,,False,v4_t0_anchored_30s_horizon
belgium_2026_R_00307,belgium_2026_R,2026,Belgian Grand Prix,BOR,COL,43,2026-07-19 13:28:37.400,2026-07-19 13:29:00.920,23.52,23.52,2026-07-19 13:29:07.400,30.0,12,92,11.607500000001892,0.2628113207547598,11.607500000001892,159.0,193.0,-34.0,-10.512195121951974,1.6400000000000001,True,11.0,10.0,4858.01444444444,corner_T14,239.6529096176646,44.025507974465654,MEDIUM,12.0,1.0,1.0,20741.127902447908,16042.49299728467,400.0,False,1,False,CLOSE_INTERACTION_NO_PASS,0.0,68.081,True,0.0,193.0,-34.0,0.227051,True,0.227051,-6.4623687471414115,11,True,3.0,corner,0.6871454156828813,7069.849166666669,19,953.4864263418576,2,belgium_2026_R|BOR|COL,belgium_2026_R|L12|belgium_2026_R|BOR|COL,,False,v4_t0_anchored_30s_horizon
belgium_2026_R_00308,belgium_2026_R,2026,Belgian Grand Prix,VER,ANT,12,2026-07-19 13:28:45.800,2026-07-19 13:28:54.240,8.44,8.44,2026-07-19 13:29:15.800,30.0,12,34,89.54861111112041,1.1680253623189618,37.715555555564606,276.0,124.0,152.0,94.18806818181938,1.76,True,2.0,1.0,6564.611666666663,brake_T18,55.87294960993222,180.9205448516168,MEDIUM,12.0,1.0,0.6805689452622865,9868.241693679534,56879.25919693498,400.0,False,1,False,CLOSE_INTERACTION_NO_PASS,0.0,,False,0.0,282.1214789362567,-6.121478936256722,1.724683,True,1.724683,52.90291359928005,11,True,3.0,brake,0.92853631130037,7069.849166666669,19,953.4864263418576,2,belgium_2026_R|ANT|VER,belgium_2026_R|L12|belgium_2026_R|ANT|VER,,True,v4_t0_anchored_30s_horizon
belgium_2026_R_00309,belgium_2026_R,2026,Belgian Grand Prix,PIA,HAM,44,2026-07-19 13:28:48.680,2026-07-19 13:28:57.000,8.32,8.32,2026-07-19 13:29:18.680,30.0,12,33,98.22833333333074,1.2451478873239108,50.693333333328155,284.0,138.0,146.0,73.27659574467516,1.88,True,5.0,4.0,6551.54166666667,brake_T18,68.94294960992556,193.99054485161014,MEDIUM,12.0,1.0,0.8755547329134605,9851.263983370736,63078.95681551351,400.0,False,1,False,CLOSE_INTERACTION_NO_PASS,0.0,,False,0.0,281.86211734693757,2.1378826530624337,1.704278,True,1.704278,36.754850858268235,12,True,3.0,brake,0.9266876155655844,7069.849166666669,19,953.4864263418576,2,belgium_2026_R|HAM|PIA,belgium_2026_R|L12|belgium_2026_R|HAM|PIA,,True,v4_t0_anchored_30s_horizon
belgium_2026_R_00310,belgium_2026_R,2026,Belgian Grand Prix,BOT,PER,11,2026-07-19 13:28:49.640,2026-07-19 13:29:02.960,13.32,11.8,2026-07-19 13:29:19.640,30.0,12,48,96.49249999999938,1.3360499999999915,14.216666666664423,260.0,164.0,96.0,66.54166666666698,1.92,True,18.0,21.0,4362.9030555555555,brake_T12,39.88935361177664,250.18238432982798,HARD,11.0,2.0,0.8888811381516772,10211.976642937669,50982.4531603203,400.0,False,1,False,PIT_RELATED,,13.68,False,-1.0,235.40926724137844,24.590732758621556,1.833642,True,1.833642,46.61488873513154,11,True,3.0,brake,0.6171140221952713,7069.849166666669,19,953.4864263418576,2,belgium_2026_R|BOT|PER,belgium_2026_R|L12|belgium_2026_R|BOT|PER,belgium_2026_R_00317,False,v4_t0_anchored_30s_horizon
belgium_2026_R_00311,belgium_2026_R,2026,Belgian Grand Prix,LIN,NOR,1,2026-07-19 13:28:57.880,2026-07-19 13:29:05.040,7.16,7.16,2026-07-19 13:29:27.880,30.0,12,27,92.22000000000389,1.2671450381679925,49.16138888889327,262.0,104.0,158.0,126.56521739130254,1.8399999999999999,True,7.0,6.0,6581.039444444439,brake_T18,39.44517183215612,164.4927670738407,MEDIUM,12.0,1.0,0.9012772062455228,9889.581100881414,49086.81430271405,400.0,False,1,False,CLOSE_INTERACTION_NO_PASS,0.0,,False,1.0,263.0,-1.0,2.039969,True,2.039969,86.92842747014815,12,True,3.0,brake,0.9308599503753351,7069.849166666669,19,953.4864263418576,2,belgium_2026_R|LIN|NOR,belgium_2026_R|L12|belgium_2026_R|LIN|NOR,,True,v4_t0_anchored_30s_horizon
belgium_2026_R_00312,belgium_2026_R,2026,Belgian Grand Prix,STR,ALO,14,2026-07-19 13:29:00.240,2026-07-19 13:29:13.601,13.361,13.361,2026-07-19 13:29:30.240,30.0,12,53,97.96861111111048,1.3723229571984348,71.8463888888873,257.0,201.0,56.0,20.43690476190477,1.6800000000000002,True,20.0,19.0,4304.019444444448,brake_T12,98.77296472288435,309.0659954409357,HARD,12.0,1.0,0.9224292667553563,9909.317980042488,70814.31255553829,400.0,False,1,False,CLOSE_INTERACTION_NO_PASS,0.0,,False,-1.0,255.0,2.0,1.512725,True,1.512725,7.4311455499052705,14,True,3.0,brake,0.6087851866398064,7069.849166666669,19,953.4864263418576,2,belgium_2026_R|ALO|STR,belgium_2026_R|L12|belgium_2026_R|ALO|STR,,False,v4_t0_anchored_30s_horizon
belgium_2026_R_00313,belgium_2026_R,2026,Belgian Grand Prix,BOR,GAS,10,2026-07-19 13:29:01.200,2026-07-19 13:29:07.080,5.88,5.88,2026-07-19 13:29:31.200,30.0,12,11,21.878888888897563,0.44752272727290476,10.001111111120736,176.0,114.0,62.0,,,False,11.0,9.0,6614.751666666663,brake_T18,5.732949609931893,130.78054485161647,MEDIUM,12.0,1.0,0.9362548847030487,9933.372710885627,33095.56840920066,400.0,False,1,False,CLOSE_INTERACTION_NO_PASS,0.0,113.521,True,0.0,149.99186241612006,26.008137583879943,0.655114,True,0.655114,59.056885053156996,12,True,3.0,brake,0.9356284003701627,7069.849166666669,19,953.4864263418576,2,belgium_2026_R|BOR|GAS,belgium_2026_R|L12|belgium_2026_R|BOR|GAS,,True,v4_t0_anchored_30s_horizon
belgium_2026_R_00314,belgium_2026_R,2026,Belgian Grand Prix,COL,LAW,30,2026-07-19 13:29:01.200,2026-07-19 13:29:07.080,5.88,5.88,2026-07-19 13:29:31.200,30.0,12,23,52.95611111111157,1.3239027777777892,39.678333333334194,144.0,91.0,53.0,,,False,10.0,8.0,6638.678611111109,corner_T18,46.85360040717114,106.85360040717114,MEDIUM,12.0,1.0,0.958679317899777,10582.370569168248,21783.749725513182,400.0,False,1,False,CLOSE_INTERACTION_NO_PASS,0.0,,False,1.0,199.22728246684133,-55.22728246684133,1.656426,True,1.656426,81.59582574831018,12,True,3.0,corner,0.9390127645737525,7069.849166666669,19,953.4864263418576,2,belgium_2026_R|COL|LAW,belgium_2026_R|L12|belgium_2026_R|COL|LAW,,True,v4_t0_anchored_30s_horizon
belgium_2026_R_00315,belgium_2026_R,2026,Belgian Grand Prix,BEA,ALB,23,2026-07-19 13:29:02.280,2026-07-19 13:29:18.080,15.8,15.8,2026-07-19 13:29:32.280,30.0,12,57,99.78805555556664,1.209552188552323,10.535000000011678,297.0,273.0,24.0,27.604651162790656,1.72,True,15.0,14.0,6106.337222222214,corner_T17,514.147394054381,35.65357759317885,HARD,11.0,2.0,0.9033643701053083,30614.44874938568,2978.5561652210163,400.0,False,1,False,CLOSE_INTERACTION_NO_PASS,0.0,,False,-1.0,281.8376461616681,15.16235383833191,1.31454,True,1.31454,30.592234769612958,10,True,3.0,corner,0.8637153464338,7069.849166666669,19,953.4864263418576,2,belgium_2026_R|ALB|BEA,belgium_2026_R|L12|belgium_2026_R|ALB|BEA,,True,v4_t0_anchored_30s_horizon
belgium_2026_R_00316,belgium_2026_R,2026,Belgian Grand Prix,SAI,BEA,87,2026-07-19 13:29:02.960,2026-07-19 13:29:21.680,18.72,16.841,2026-07-19 13:29:32.960,30.0,12,63,10.900833333322225,0.1391595744679433,10.83527777776817,282.0,290.0,-8.0,-12.090909090911737,1.76,True,16.0,15.0,6150.613888888894,straight_14,469.87072738770166,594.9183226293862,SOFT,12.0,1.0,0.9152691641907862,28659.75641459839,23942.79250662344,400.0,False,1,False,ON_TRACK_PASS,1.0,19.04,False,1.0,292.1660501567375,-10.166050156737526,0.136151,True,0.136151,-16.13173177354769,9,True,3.0,straight,0.8699780920204297,7069.849166666669,19,953.4864263418576,2,belgium_2026_R|BEA|SAI,belgium_2026_R|L12|belgium_2026_R|BEA|SAI,belgium_2026_R_00324,True,v4_t0_anchored_30s_horizon
belgium_2026_R_00317,belgium_2026_R,2026,Belgian Grand Prix,PER,BOT,77,2026-07-19 13:29:04.000,2026-07-19 13:29:07.280,3.28,3.28,2026-07-19 13:29:34.000,30.0,12,16,16.527777777779193,0.421985815602873,16.527777777779193,141.0,210.0,-69.0,-68.05882352940844,0.68,True,21.0,18.0,5034.351388888887,brake_T15,63.31596517321759,123.31596517321759,SOFT,11.0,2.0,0.9019681091656789,29477.950325692316,0.0,400.0,False,1,True,PIT_RELATED,,,False,3.0,204.49740740740677,-63.49740740740677,0.28299,True,0.28299,-39.465271966519225,9,True,3.0,brake,0.7120875241052012,7069.849166666669,19,953.4864263418576,2,belgium_2026_R|BOT|PER,belgium_2026_R|L12|belgium_2026_R|BOT|PER,belgium_2026_R_00310,False,v4_t0_anchored_30s_horizon
belgium_2026_R_00318,belgium_2026_R,2026,Belgian Grand Prix,HUL,BOR,5,2026-07-19 13:29:05.040,2026-07-19 13:29:09.360,4.32,4.32,2026-07-19 13:29:35.040,30.0,12,20,98.46444444444023,1.6960382775118892,71.27694444444114,209.0,83.0,126.0,178.18604651162767,1.72,True,12.0,11.0,6617.896388888889,brake_T18,2.588227387705956,127.63582262939053,MEDIUM,12.0,1.0,0.9111407838813864,9937.45765219325,31603.883109106173,400.0,False,1,False,CLOSE_INTERACTION_NO_PASS,0.0,,False,-1.0,171.60520186334858,37.39479813665142,3.769683,True,3.769683,188.7837488777967,12,True,3.0,brake,0.936073207911044,7069.849166666669,19,953.4864263418576,2,belgium_2026_R|BOR|HUL,belgium_2026_R|L12|belgium_2026_R|BOR|HUL,,True,v4_t0_anchored_30s_horizon
belgium_2026_R_00319,belgium_2026_R,2026,Belgian Grand Prix,ALB,HAD,6,2026-07-19 13:29:06.720,2026-07-19 13:29:14.560,7.84,7.84,2026-07-19 13:29:36.720,30.0,12,33,98.14750000000186,1.252946808510662,50.36972222222539,282.0,115.0,167.0,103.92049999999782,2.0,True,14.0,13.0,6553.956944444449,brake_T18,66.52767183214655,191.57526707383113,MEDIUM,12.0,1.0,0.8935964387609123,9854.401388606118,61933.28031305674,400.0,False,1,False,CLOSE_INTERACTION_NO_PASS,0.0,,False,2.0,276.4414448669206,5.5585551330793805,1.948828,True,1.948828,75.20903559051851,14,True,3.0,brake,0.9270292463020883,7069.849166666669,19,953.4864263418576,2,belgium_2026_R|ALB|HAD,belgium_2026_R|L12|belgium_2026_R|ALB|HAD,,True,v4_t0_anchored_30s_horizon
belgium_2026_R_00320,belgium_2026_R,2026,Belgian Grand Prix,GAS,LAW,30,2026-07-19 13:29:07.280,2026-07-19 13:29:28.360,21.08,21.08,2026-07-19 13:29:37.280,30.0,12,85,71.89138888888101,1.9171037037034937,18.821944444444398,135.0,171.0,-36.0,,,False,9.0,8.0,6785.11805555556,straight_15,,,MEDIUM,12.0,1.0,0.9576827202093218,10089.259517590695,82.59672059692174,284.7311111111085,True,1,False,CLOSE_INTERACTION_NO_PASS,0.0,,False,-1.0,95.87131211180488,39.12868788819512,1.8859059999999999,True,1.8859059999999999,-29.182873973014352,14,True,3.0,straight,0.9597259991834656,7069.849166666669,19,953.4864263418576,2,belgium_2026_R|GAS|LAW,belgium_2026_R|L12|belgium_2026_R|GAS|LAW,,True,v4_t0_anchored_30s_horizon
belgium_2026_R_00321,belgium_2026_R,2026,Belgian Grand Prix,COL,GAS,10,2026-07-19 13:29:08.360,2026-07-19 13:29:56.641,48.281,48.281,2026-07-19 13:29:38.360,30.0,12,183,10.392777777782612,0.24614473684221977,10.392777777782612,152.0,180.0,-28.0,-32.2222222222202,1.08,True,10.0,9.0,6824.643611111112,straight_15,,,MEDIUM,12.0,1.0,0.9758371037831226,8688.697471452744,71.13088092832987,245.2055555555571,True,1,False,UNCERTAIN,,,False,1.0,173.5059259259233,-21.505925925923293,0.194822,True,0.194822,-27.45511790348113,13,True,3.0,straight,0.9653167203747901,7069.849166666669,19,953.4864263418576,2,belgium_2026_R|COL|GAS,belgium_2026_R|L12|belgium_2026_R|COL|GAS,,True,v4_t0_anchored_30s_horizon
belgium_2026_R_00322,belgium_2026_R,2026,Belgian Grand Prix,SAI,ALB,23,2026-07-19 13:29:22.560,2026-07-19 13:29:28.640,6.08,6.08,2026-07-19 13:29:52.560,30.0,13,23,95.39638888888882,1.267258302583025,32.958611111111225,271.0,109.0,162.0,143.35714285714292,0.56,True,16.0,14.0,240.80527777777777,brake_T1,95.41603304942677,155.41603304942677,SOFT,13.0,1.0,0.9441880461500333,15817.71734041622,61382.332672185956,400.0,False,1,False,CLOSE_INTERACTION_NO_PASS,0.0,,False,0.0,268.92370405598206,2.076295944017943,1.973914,True,1.973914,49.44783235661949,13,True,3.0,brake,0.03406087910802119,7069.849166666669,19,953.4864263418576,2,belgium_2026_R|ALB|SAI,belgium_2026_R|L13|belgium_2026_R|ALB|SAI,,False,v4_t0_anchored_30s_horizon
belgium_2026_R_00323,belgium_2026_R,2026,Belgian Grand Prix,LEC,VER,3,2026-07-19 13:29:24.240,2026-07-19 13:31:00.881,96.641,96.641,2026-07-19 13:29:54.240,30.0,13,361,99.94694444444531,1.0903303030303124,10.831388888888796,330.0,317.0,13.0,11.019680851063786,1.88,True,3.0,2.0,1832.732222222222,straight_03,516.6479768073823,633.0620892461989,MEDIUM,13.0,1.0,0.6728003948511998,34347.48669948252,3057.110953627437,400.0,False,1,False,CLOSE_INTERACTION_NO_PASS,0.0,,False,0.0,320.1983318505338,9.801668149466195,1.134731,True,1.134731,8.356352763746147,12,True,3.0,straight,0.2592321531926442,7069.849166666669,19,953.4864263418576,2,belgium_2026_R|LEC|VER,belgium_2026_R|L13|belgium_2026_R|LEC|VER,,False,v4_t0_anchored_30s_horizon
belgium_2026_R_00324,belgium_2026_R,2026,Belgian Grand Prix,BEA,SAI,55,2026-07-19 13:29:28.640,2026-07-19 13:29:47.921,19.281,15.08,2026-07-19 13:29:58.640,30.0,13,59,11.217499999999802,0.3605624999999936,10.35583333333284,112.0,128.0,-16.0,-12.93135543920871,1.7189999999999999,True,15.0,16.0,432.6011111111111,straight_02,581.3834030084558,843.2926615766355,HARD,12.0,2.0,0.9980123031669828,23022.127759255625,9.05809748245936,400.0,False,1,False,ON_TRACK_PASS,1.0,19.601,False,0.0,113.0701863354038,-1.070186335403804,0.321565,True,0.321565,-10.830683248326519,11,True,3.0,straight,0.061189581405889634,7069.849166666669,19,953.4864263418576,2,belgium_2026_R|BEA|SAI,belgium_2026_R|L13|belgium_2026_R|BEA|SAI,belgium_2026_R_00316,False,v4_t0_anchored_30s_horizon
belgium_2026_R_00325,belgium_2026_R,2026,Belgian Grand Prix,VER,ANT,12,2026-07-19 13:29:29.040,2026-07-19 13:29:32.681,3.641,3.641,2026-07-19 13:29:59.040,30.0,13,15,94.2558333333327,1.5856121495326998,87.6891666666661,214.0,146.0,68.0,121.89938854919427,1.799,True,2.0,1.0,2333.2769444444443,brake_T5,16.103254585159902,132.51736702397648,MEDIUM,13.0,1.0,0.7022407581081962,10997.836827801606,33135.36401823389,400.0,False,1,False,CLOSE_INTERACTION_NO_PASS,0.0,,False,0.0,221.80016276041644,-7.800162760416441,2.106614,True,2.106614,112.46164248781112,11,True,3.0,brake,0.3300320684980823,7069.849166666669,19,953.4864263418576,2,belgium_2026_R|ANT|VER,belgium_2026_R|L13|belgium_2026_R|ANT|VER,,False,v4_t0_anchored_30s_horizon
belgium_2026_R_00326,belgium_2026_R,2026,Belgian Grand Prix,PIA,HAM,44,2026-07-19 13:29:31.320,2026-07-19 13:30:21.161,49.841,49.841,2026-07-19 13:30:01.320,30.0,13,187,97.47222222222172,1.2948339483394768,40.31972222222112,271.0,171.0,100.0,112.981770833334,1.92,True,5.0,4.0,2294.6491666666666,brake_T5,54.73103236293764,171.1451448017542,MEDIUM,13.0,1.0,0.8944083370915092,9451.352617405808,62525.14129649352,400.0,False,1,False,CLOSE_INTERACTION_NO_PASS,0.0,,False,0.0,266.17567567567545,4.82432432432455,1.8235130000000002,True,1.8235130000000002,82.95531009945596,11,True,3.0,brake,0.3245683341429136,7069.849166666669,19,953.4864263418576,2,belgium_2026_R|HAM|PIA,belgium_2026_R|L13|belgium_2026_R|HAM|PIA,,False,v4_t0_anchored_30s_horizon
belgium_2026_R_00327,belgium_2026_R,2026,Belgian Grand Prix,STR,ALO,14,2026-07-19 13:29:34.281,2026-07-19 13:31:10.281,96.0,96.0,2026-07-19 13:30:04.281,30.0,12,346,99.30138888888268,1.359258555132995,24.68444444444441,263.0,207.0,56.0,17.108695652175854,1.8399999999999999,True,20.0,19.0,6504.624166666673,brake_T18,115.8604496099224,240.90804485160697,HARD,12.0,1.0,0.8855595899142681,9790.318939498247,85334.06875275807,400.0,False,1,False,CLOSE_INTERACTION_NO_PASS,0.0,,False,-1.0,268.302378731343,-5.302378731343026,1.4325700000000001,True,1.4325700000000001,9.994951292315529,13,True,3.0,brake,0.9200513353714884,7069.849166666669,19,953.4864263418576,2,belgium_2026_R|ALO|STR,belgium_2026_R|L12|belgium_2026_R|ALO|STR,,True,v4_t0_anchored_30s_horizon
belgium_2026_R_00328,belgium_2026_R,2026,Belgian Grand Prix,LIN,NOR,1,2026-07-19 13:29:40.201,2026-07-19 13:29:47.121,6.92,6.92,2026-07-19 13:30:10.201,30.0,13,30,99.8255555555561,1.2521672473867664,76.24222222222261,287.0,164.0,123.0,107.90779298036982,1.681,True,7.0,6.0,2281.8363888888885,brake_T5,67.54381014071578,183.95792257953235,MEDIUM,13.0,1.0,0.8897186557045859,8938.38605125653,72273.68772779685,400.0,False,1,False,CLOSE_INTERACTION_NO_PASS,0.0,,False,0.0,295.5000698107357,-8.500069810735681,1.765617,True,1.765617,68.78584111974182,12,True,3.0,brake,0.32275602139398135,7069.849166666669,19,953.4864263418576,2,belgium_2026_R|LIN|NOR,belgium_2026_R|L13|belgium_2026_R|LIN|NOR,,False,v4_t0_anchored_30s_horizon
belgium_2026_R_00329,belgium_2026_R,2026,Belgian Grand Prix,GAS,LAW,30,2026-07-19 13:29:41.361,2026-07-19 13:29:50.401,9.04,9.04,2026-07-19 13:30:11.361,30.0,13,38,96.59499999999844,1.1787864406779471,77.0219444444433,295.0,231.0,64.0,30.869565217393184,1.8399999999999999,True,9.0,8.0,2225.9469444444458,straight_03,123.43325458515847,239.84736702397504,MEDIUM,13.0,1.0,0.9218985632419863,7569.8565501196335,112191.31224417308,400.0,False,1,False,CLOSE_INTERACTION_NO_PASS,0.0,,False,0.0,315.0842038216559,-20.084203821655876,1.2684199999999999,True,1.2684199999999999,16.741617595005057,13,True,3.0,straight,0.31485069793843246,7069.849166666669,19,953.4864263418576,2,belgium_2026_R|GAS|LAW,belgium_2026_R|L13|belgium_2026_R|GAS|LAW,,False,v4_t0_anchored_30s_horizon
belgium_2026_R_00330,belgium_2026_R,2026,Belgian Grand Prix,HUL,HAD,6,2026-07-19 13:29:46.441,2026-07-19 13:31:18.642,92.201,92.201,2026-07-19 13:30:16.441,30.0,13,340,11.241111111110968,0.1339999999999983,11.241111111110968,302.0,325.0,-23.0,-21.63375990249871,1.641,True,13.0,12.0,2228.729166666667,straight_03,120.65103236293726,237.06514480175383,MEDIUM,13.0,1.0,0.8731041561451456,7403.128735827254,112188.39177446555,400.0,False,1,False,CLOSE_INTERACTION_NO_PASS,0.0,,False,1.0,325.48873076923076,-23.488730769230756,0.117295,True,0.117295,-23.314061270544304,13,True,3.0,straight,0.31524423140097635,7069.849166666669,19,953.4864263418576,2,belgium_2026_R|HAD|HUL,belgium_2026_R|L13|belgium_2026_R|HAD|HUL,,False,v4_t0_anchored_30s_horizon
belgium_2026_R_00331,belgium_2026_R,2026,Belgian Grand Prix,ALB,HUL,27,2026-07-19 13:29:50.080,2026-07-19 13:29:53.801,3.721,3.721,2026-07-19 13:30:20.080,30.0,13,17,99.15305555555597,1.7327718446602014,89.4933333333338,206.0,138.0,68.0,134.4643828167482,1.839,True,14.0,13.0,2326.3319444444446,brake_T5,23.04825458515961,139.46236702397619,MEDIUM,13.0,1.0,0.9074464344745243,10719.78995430589,38419.437162998875,400.0,False,1,False,CLOSE_INTERACTION_NO_PASS,0.0,,False,0.0,214.10485436893242,-8.104854368932422,2.26031,True,2.26031,131.7378815792642,13,True,3.0,brake,0.32904972788001874,7069.849166666669,19,953.4864263418576,2,belgium_2026_R|ALB|HUL,belgium_2026_R|L13|belgium_2026_R|ALB|HUL,,False,v4_t0_anchored_30s_horizon
belgium_2026_R_00332,belgium_2026_R,2026,Belgian Grand Prix,SAI,BEA,87,2026-07-19 13:29:51.360,2026-07-19 13:30:56.041,64.681,64.681,2026-07-19 13:30:21.360,30.0,13,239,10.610833333334085,0.1384021739130533,10.610833333334085,276.0,290.0,-14.0,-11.180100055587,1.799,True,16.0,15.0,2272.003055555556,brake_T5,77.37714347404835,193.79125591286493,SOFT,13.0,1.0,0.9008121665563839,8544.703173016871,79755.3367688605,400.0,False,1,False,CLOSE_INTERACTION_NO_PASS,0.0,,False,0.0,304.39937931034575,-28.39937931034575,0.130903,True,0.130903,-10.354500229506106,12,True,3.0,brake,0.3213651383494469,7069.849166666669,19,953.4864263418576,2,belgium_2026_R|BEA|SAI,belgium_2026_R|L13|belgium_2026_R|BEA|SAI,belgium_2026_R_00324,False,v4_t0_anchored_30s_horizon
belgium_2026_R_00333,belgium_2026_R,2026,Belgian Grand Prix,BEA,ALB,23,2026-07-19 13:29:51.640,2026-07-19 13:29:57.401,5.761,5.761,2026-07-19 13:30:21.640,30.0,13,24,96.19833333333281,1.3527890624999925,73.61222222222159,256.0,143.0,113.0,133.19402173912968,1.8399999999999999,True,15.0,14.0,2302.4591666666674,brake_T5,46.921032362936785,163.33514480175336,HARD,12.0,2.0,0.9094510343958757,9764.030239004349,56582.936651335745,400.0,False,1,False,CLOSE_INTERACTION_NO_PASS,0.0,,False,0.0,272.73969553992373,-16.73969553992373,1.9602629999999999,True,1.9602629999999999,102.18592313060964,12,True,3.0,brake,0.3256730253203186,7069.849166666669,19,953.4864263418576,2,belgium_2026_R|ALB|BEA,belgium_2026_R|L13|belgium_2026_R|ALB|BEA,,False,v4_t0_anchored_30s_horizon
belgium_2026_R_00334,belgium_2026_R,2026,Belgian Grand Prix,BOR,GAS,10,2026-07-19 13:29:56.880,2026-07-19 13:30:00.361,3.481,3.481,2026-07-19 13:30:26.880,30.0,13,11,22.524444444450637,0.5164840764332631,17.040000000005875,157.0,115.0,42.0,,,False,11.0,9.0,2962.0688888888862,brake_T8,19.47407774954172,79.47407774954172,MEDIUM,13.0,1.0,0.9672926883446193,11980.595588783479,17066.95308638969,400.0,False,1,False,CLOSE_INTERACTION_NO_PASS,0.0,57.841,True,0.0,122.61424180328194,34.38575819671806,0.709483,True,0.709483,70.84120400293425,11,True,3.0,brake,0.41897200619988034,7069.849166666669,19,953.4864263418576,2,belgium_2026_R|BOR|GAS,belgium_2026_R|L13|belgium_2026_R|BOR|GAS,,False,v4_t0_anchored_30s_horizon
belgium_2026_R_00335,belgium_2026_R,2026,Belgian Grand Prix,COL,GAS,10,2026-07-19 13:30:00.761,2026-07-19 13:30:20.121,19.36,19.36,2026-07-19 13:30:30.761,30.0,13,70,39.148055555559495,0.9458590604027798,39.148055555559495,149.0,172.0,-23.0,,,False,10.0,9.0,3089.641666666666,straight_06,120.90557759613557,180.90557759613557,MEDIUM,13.0,1.0,0.9964440693200192,18678.9334857796,1839.0215317365091,400.0,False,1,False,CLOSE_INTERACTION_NO_PASS,0.0,,False,0.0,151.6898300438578,-2.6898300438577962,0.854888,True,0.854888,-22.971619073236752,9,True,3.0,straight,0.43701663130719764,7069.849166666669,19,953.4864263418576,2,belgium_2026_R|COL|GAS,belgium_2026_R|L13|belgium_2026_R|COL|GAS,,False,v4_t0_anchored_30s_horizon
belgium_2026_R_00336,belgium_2026_R,2026,Belgian Grand Prix,VER,ANT,12,2026-07-19 13:30:05.321,2026-07-19 13:30:08.401,3.08,3.08,2026-07-19 13:30:35.321,30.0,13,13,96.29083333332892,1.834111111111027,92.22416666666322,189.0,156.0,33.0,71.20099944475523,1.8010000000000002,True,2.0,1.0,4416.265000000004,corner_T12,136.82043988537953,196.82043988537953,MEDIUM,13.0,1.0,0.7316631551626978,11176.321690934496,32322.83082576652,400.0,False,1,False,CLOSE_INTERACTION_NO_PASS,0.0,,False,0.0,200.57118941325996,-11.571189413259958,2.087045,True,2.087045,73.02916935434668,12,True,3.0,corner,0.6246618415597979,7069.849166666669,19,953.4864263418576,2,belgium_2026_R|ANT|VER,belgium_2026_R|L13|belgium_2026_R|ANT|VER,,False,v4_t0_anchored_30s_horizon
belgium_2026_R_00337,belgium_2026_R,2026,Belgian Grand Prix,BOR,COL,43,2026-07-19 13:30:06.161,2026-07-19 13:30:20.121,13.96,11.44,2026-07-19 13:30:36.161,30.0,13,41,11.258611111112714,0.19486057692310466,10.585555555557221,208.0,231.0,-23.0,-15.213184476341878,1.881,True,11.0,10.0,3356.7844444444427,straight_07,376.0687582223022,436.0687582223022,MEDIUM,13.0,1.0,0.9613075418795275,24371.339924429703,2932.8542519549374,400.0,False,1,False,ON_TRACK_PASS,1.0,14.28,False,0.0,227.43696969696938,-19.436969696969385,0.178151,True,0.178151,-9.848021255717436,11,True,3.0,straight,0.47480283741712664,7069.849166666669,19,953.4864263418576,2,belgium_2026_R|BOR|COL,belgium_2026_R|L13|belgium_2026_R|BOR|COL,,False,v4_t0_anchored_30s_horizon
belgium_2026_R_00338,belgium_2026_R,2026,Belgian Grand Prix,GAS,LAW,30,2026-07-19 13:30:19.321,2026-07-19 13:30:24.560,5.239,5.239,2026-07-19 13:30:49.321,30.0,13,18,98.23416666666526,1.786075757575732,92.6786111111096,198.0,177.0,21.0,42.184883720929705,1.72,True,9.0,8.0,4364.326388888891,brake_T12,38.46602027844074,248.75905099649208,MEDIUM,13.0,1.0,0.9918679224872688,10223.98172850059,50532.3735732696,400.0,False,1,False,CLOSE_INTERACTION_NO_PASS,0.0,,False,0.0,263.38296662207847,-65.38296662207847,1.7372809999999999,True,1.7372809999999999,30.78865462189499,9,True,3.0,brake,0.617315346622396,7069.849166666669,19,953.4864263418576,2,belgium_2026_R|GAS|LAW,belgium_2026_R|L13|belgium_2026_R|GAS|LAW,,False,v4_t0_anchored_30s_horizon
belgium_2026_R_00339,belgium_2026_R,2026,Belgian Grand Prix,BEA,ALB,23,2026-07-19 13:30:29.121,2026-07-19 13:30:34.601,5.48,5.48,2026-07-19 13:30:59.121,30.0,13,22,99.56555555555497,1.5317777777777688,85.47416666666504,234.0,146.0,88.0,90.91999999999643,2.0,True,15.0,14.0,4389.441666666666,brake_T12,13.350742500666456,223.6437732187178,HARD,12.0,2.0,0.9564905825944736,10435.816195941947,42590.54182793206,400.0,False,1,False,CLOSE_INTERACTION_NO_PASS,0.0,,False,0.0,216.7100677830944,17.289932216905612,2.1423389999999998,True,2.1423389999999998,78.87707641194854,12,True,3.0,brake,0.6208677955057736,7069.849166666669,19,953.4864263418576,2,belgium_2026_R|ALB|BEA,belgium_2026_R|L13|belgium_2026_R|ALB|BEA,,False,v4_t0_anchored_30s_horizon
belgium_2026_R_00340,belgium_2026_R,2026,Belgian Grand Prix,HAM,LEC,16,2026-07-19 13:30:29.561,2026-07-19 13:34:03.163,213.602,213.602,2026-07-19 13:30:59.561,30.0,13,783,99.93388888888967,1.1207538940810056,13.478333333333183,321.0,303.0,18.0,13.270833333336327,1.92,True,4.0,3.0,5795.283333333329,brake_T16,18.578637371236255,78.57863737123625,MEDIUM,13.0,1.0,0.8589062407515503,32541.392467593367,155.70037627058394,400.0,False,1,False,CLOSE_INTERACTION_NO_PASS,0.0,,False,0.0,316.2597222222224,4.740277777777578,1.161555,True,1.161555,8.897884919102028,13,True,3.0,brake,0.8197181010108765,7069.849166666669,19,953.4864263418576,2,belgium_2026_R|HAM|LEC,belgium_2026_R|L13|belgium_2026_R|HAM|LEC,,True,v4_t0_anchored_30s_horizon
belgium_2026_R_00341,belgium_2026_R,2026,Belgian Grand Prix,COL,GAS,10,2026-07-19 13:30:31.721,2026-07-19 13:30:59.681,27.96,27.96,2026-07-19 13:31:01.721,30.0,13,86,26.291944444453293,0.6268278145697475,11.891944444454566,151.0,178.0,-27.0,,,False,10.0,9.0,4917.030277777774,straight_11,180.63707628433076,240.63707628433076,MEDIUM,13.0,1.0,0.9990395815124385,24949.329874594692,191.85338479325685,400.0,False,1,False,CLOSE_INTERACTION_NO_PASS,0.0,,False,0.0,157.35801886791944,-6.358018867919441,0.546679,True,0.546679,22.7080690183641,11,True,3.0,straight,0.6954929535075333,7069.849166666669,19,953.4864263418576,2,belgium_2026_R|COL|GAS,belgium_2026_R|L13|belgium_2026_R|COL|GAS,,False,v4_t0_anchored_30s_horizon
belgium_2026_R_00342,belgium_2026_R,2026,Belgian Grand Prix,VER,ANT,12,2026-07-19 13:30:37.041,2026-07-19 13:30:44.680,7.639,7.639,2026-07-19 13:31:07.041,30.0,13,31,93.45166666666682,1.2414243542435446,46.22777777777901,271.0,112.0,159.0,108.92154633314509,1.759,True,2.0,1.0,6569.750277777776,brake_T18,50.73433849881894,175.78193374050352,MEDIUM,13.0,1.0,0.6442822957552578,9874.916663138916,54441.781379919965,400.0,False,1,False,CLOSE_INTERACTION_NO_PASS,0.0,,False,0.0,280.3002672497571,-9.300267249757098,1.8914170000000001,True,1.8914170000000001,64.03193980942712,11,True,3.0,brake,0.9292631459173433,7069.849166666669,19,953.4864263418576,2,belgium_2026_R|ANT|VER,belgium_2026_R|L13|belgium_2026_R|ANT|VER,,True,v4_t0_anchored_30s_horizon
belgium_2026_R_00343,belgium_2026_R,2026,Belgian Grand Prix,PIA,HAM,44,2026-07-19 13:30:40.561,2026-07-19 13:30:49.281,8.72,8.72,2026-07-19 13:31:10.561,30.0,13,34,94.02111111111026,1.1711972318338995,36.31111111110931,289.0,137.0,152.0,77.69565217391238,1.8399999999999999,True,5.0,4.0,6547.606666666664,brake_T18,72.87794960993142,197.925544851616,MEDIUM,13.0,1.0,0.8886911557758589,9846.15248451341,64945.50694016196,400.0,False,1,False,CLOSE_INTERACTION_NO_PASS,0.0,,False,0.0,278.2908385093163,10.709161490683698,1.6669049999999999,True,1.6669049999999999,43.01755172520444,12,True,3.0,brake,0.9261310266048809,7069.849166666669,19,953.4864263418576,2,belgium_2026_R|HAM|PIA,belgium_2026_R|L13|belgium_2026_R|HAM|PIA,,True,v4_t0_anchored_30s_horizon
belgium_2026_R_00344,belgium_2026_R,2026,Belgian Grand Prix,LAW,NOR,1,2026-07-19 13:30:52.921,2026-07-19 13:30:56.242,3.321,3.321,2026-07-19 13:31:22.921,30.0,13,16,62.11666666665951,1.9277586206894333,58.68333333332521,116.0,73.0,43.0,,,False,8.0,6.0,6683.807777777785,brake_T19,1.7244337404945327,61.72443374049453,MEDIUM,13.0,1.0,0.9382123288605522,11677.139227642143,1614.5688951155098,386.0413888888834,True,1,False,CLOSE_INTERACTION_NO_PASS,0.0,,False,0.0,87.98002873562795,28.019971264372046,2.838402,True,2.838402,124.40072910076745,12,True,3.0,brake,0.9453960926480562,7069.849166666669,19,953.4864263418576,2,belgium_2026_R|LAW|NOR,belgium_2026_R|L13|belgium_2026_R|LAW|NOR,,True,v4_t0_anchored_30s_horizon
belgium_2026_R_00345,belgium_2026_R,2026,Belgian Grand Prix,GAS,BOR,5,2026-07-19 13:30:55.881,2026-07-19 13:30:59.681,3.8,3.2,2026-07-19 13:31:25.881,30.0,13,14,11.195555555549618,0.5167179487176746,10.07638888888414,78.0,105.0,-27.0,-32.93103448275643,1.16,True,9.0,11.0,6666.850000000003,corner_T18,18.682211518276745,78.68221151827674,MEDIUM,13.0,1.0,0.9718570476864162,11575.741114733824,8479.339178922919,400.0,False,1,False,ON_TRACK_PASS,1.0,4.2,False,0.0,105.0,-27.0,0.364495,True,0.364495,-62.20108359695965,14,True,3.0,corner,0.9429974873344188,7069.849166666669,19,953.4864263418576,2,belgium_2026_R|BOR|GAS,belgium_2026_R|L13|belgium_2026_R|BOR|GAS,,True,v4_t0_anchored_30s_horizon
belgium_2026_R_00346,belgium_2026_R,2026,Belgian Grand Prix,HAD,COL,43,2026-07-19 13:30:56.041,2026-07-19 13:31:01.841,5.8,5.8,2026-07-19 13:31:26.041,30.0,13,23,98.81166666665831,1.293534545454436,43.61083333332681,275.0,82.0,193.0,182.15999999999804,2.0,True,12.0,10.0,6567.196666666666,brake_T18,53.287949609929456,178.33554485161403,HARD,11.0,3.0,0.892134011061729,9871.599565228757,55653.0756970076,400.0,False,1,False,CLOSE_INTERACTION_NO_PASS,0.0,,False,-1.0,236.4080717488652,38.59192825113479,2.85991,True,2.85991,164.71932515337764,14,True,3.0,brake,0.9289019485210607,7069.849166666669,19,953.4864263418576,2,belgium_2026_R|COL|HAD,belgium_2026_R|L13|belgium_2026_R|COL|HAD,,True,v4_t0_anchored_30s_horizon
belgium_2026_R_00347,belgium_2026_R,2026,Belgian Grand Prix,LAW,LIN,41,2026-07-19 13:30:57.961,2026-07-19 13:32:25.922,87.961,87.961,2026-07-19 13:31:27.961,30.0,13,323,10.775833333324954,0.3999278350512354,10.775833333324954,97.0,148.0,-51.0,-44.75000000000364,0.8,True,8.0,7.0,6799.0966666666745,straight_15,,,MEDIUM,13.0,1.0,0.9462203847559628,9593.936633325777,78.54171083078772,270.75249999999414,True,1,False,UNCERTAIN,,,False,0.0,133.5290510948998,-36.52905109489981,0.286773,True,0.286773,-18.412087994629882,14,True,3.0,straight,0.9617032140831867,7069.849166666669,19,953.4864263418576,2,belgium_2026_R|LAW|LIN,belgium_2026_R|L13|belgium_2026_R|LAW|LIN,,True,v4_t0_anchored_30s_horizon
belgium_2026_R_00348,belgium_2026_R,2026,Belgian Grand Prix,BEA,ALB,23,2026-07-19 13:31:01.161,2026-07-19 13:31:23.921,22.76,22.76,2026-07-19 13:31:31.161,30.0,13,83,95.42444444444573,1.205361403508788,20.038611111111095,285.0,201.0,84.0,41.42857142857078,1.6800000000000002,True,15.0,14.0,6530.8336111111075,brake_T18,89.65100516548773,214.6986004071723,HARD,12.0,2.0,0.8890935665934544,9824.364567281904,72901.73284560347,400.0,False,1,False,CLOSE_INTERACTION_NO_PASS,0.0,,False,0.0,284.0905175438596,0.9094824561403811,1.443792,True,1.443792,19.83927513895688,11,True,3.0,brake,0.9237585494614309,7069.849166666669,19,953.4864263418576,2,belgium_2026_R|ALB|BEA,belgium_2026_R|L13|belgium_2026_R|ALB|BEA,,True,v4_t0_anchored_30s_horizon
belgium_2026_R_00349,belgium_2026_R,2026,Belgian Grand Prix,ALB,HUL,27,2026-07-19 13:31:01.161,2026-07-19 13:31:05.601,4.44,4.44,2026-07-19 13:31:31.161,30.0,13,18,93.46777777778152,1.6740497512438484,73.16416666667101,201.0,75.0,126.0,162.59523809524188,1.6800000000000002,True,14.0,13.0,6626.5116666666645,corner_T18,59.02054485161534,119.02054485161534,MEDIUM,13.0,1.0,0.9082074058631129,10153.343647978425,27529.793153647268,400.0,False,1,False,CLOSE_INTERACTION_NO_PASS,0.0,,False,0.0,212.0415589494188,-11.0415589494188,3.122581,True,3.122581,166.52999096669998,11,True,3.0,corner,0.9372918021942707,7069.849166666669,19,953.4864263418576,2,belgium_2026_R|ALB|HUL,belgium_2026_R|L13|belgium_2026_R|ALB|HUL,,True,v4_t0_anchored_30s_horizon
belgium_2026_R_00350,belgium_2026_R,2026,Belgian Grand Prix,COL,GAS,10,2026-07-19 13:31:02.161,2026-07-19 13:31:16.041,13.88,13.88,2026-07-19 13:31:32.161,30.0,13,54,40.65250000000833,0.7702578947369999,24.121111111111134,190.0,222.0,-32.0,,,False,10.0,9.0,6843.437222222215,straight_15,,,MEDIUM,13.0,1.0,0.9702551873969839,8022.758231330147,65.67910349560233,226.4119444444541,True,1,False,UNCERTAIN,,113.161,True,0.0,202.49222598521425,-12.492225985214247,0.690832,True,0.690832,-42.72814845130644,11,True,3.0,straight,0.9679749964805537,7069.849166666669,19,953.4864263418576,2,belgium_2026_R|COL|GAS,belgium_2026_R|L13|belgium_2026_R|COL|GAS,,True,v4_t0_anchored_30s_horizon
belgium_2026_R_00351,belgium_2026_R,2026,Belgian Grand Prix,SAI,BEA,87,2026-07-19 13:31:02.161,2026-07-19 13:32:37.162,95.001,95.001,2026-07-19 13:31:32.161,30.0,13,348,95.06805555555457,1.1842387543252473,22.15916666666635,289.0,218.0,71.0,20.17500000000187,1.6800000000000002,True,16.0,15.0,6506.238333333332,brake_T18,114.2462829432634,239.29387818494797,SOFT,13.0,1.0,0.8909981924265282,9792.41571486601,84568.39581937782,400.0,False,1,False,PIT_RELATED,,,False,0.0,286.1273747086246,2.872625291375414,1.310569,True,1.310569,6.011516789467432,11,True,3.0,brake,0.920279652359391,7069.849166666669,19,953.4864263418576,2,belgium_2026_R|BEA|SAI,belgium_2026_R|L13|belgium_2026_R|BEA|SAI,,True,v4_t0_anchored_30s_horizon
belgium_2026_R_00352,belgium_2026_R,2026,Belgian Grand Prix,GAS,LAW,30,2026-07-19 13:31:02.641,2026-07-19 13:31:23.202,20.561,20.561,2026-07-19 13:31:32.641,30.0,14,79,72.68111111111111,1.1086949152542371,24.067499999999825,236.0,244.0,-8.0,83.76250000000712,2.0,True,12.0,8.0,14.67333333333333,straight_01,321.5479774938712,381.5479774938712,MEDIUM,14.0,1.0,0.9589185363971531,16965.015379314107,75211.5910887524,400.00000000000006,False,1,True,PIT_RELATED,,,False,3.0,223.63214763188464,12.367852368115365,1.094387,True,1.094387,-38.544923485330735,12,True,3.0,straight,0.0020754803939122216,7069.849166666669,19,953.4864263418576,2,belgium_2026_R|GAS|LAW,belgium_2026_R|L14|belgium_2026_R|GAS|LAW,,False,v4_t0_anchored_30s_horizon
belgium_2026_R_00353,belgium_2026_R,2026,Belgian Grand Prix,BOR,COL,43,2026-07-19 13:31:03.121,2026-07-19 13:32:11.322,68.201,63.921,2026-07-19 13:31:33.121,30.0,13,190,10.8055555555502,0.2005154639174264,10.028888888888105,194.0,218.0,-24.0,-28.83333333332985,0.96,True,11.0,10.0,6888.281111111109,straight_15,,,MEDIUM,13.0,1.0,0.9447656608058318,6433.744543951597,52.670485833200075,181.56805555556002,True,1,False,UNCERTAIN,,47.881,True,0.0,214.3927616279095,-20.392761627909493,0.18159,True,0.18159,-28.47348210470706,12,True,3.0,straight,0.9743179732303728,7069.849166666669,19,953.4864263418576,2,belgium_2026_R|BOR|COL,belgium_2026_R|L13|belgium_2026_R|BOR|COL,,True,v4_t0_anchored_30s_horizon
belgium_2026_R_00354,belgium_2026_R,2026,Belgian Grand Prix,LIN,NOR,1,2026-07-19 13:31:04.441,2026-07-19 13:31:07.921,3.48,3.48,2026-07-19 13:31:34.441,30.0,14,15,98.19555555555547,1.6442046511627892,67.62666666666655,215.0,81.0,134.0,143.3209183673471,1.96,True,7.0,6.0,277.35388888888895,brake_T1,58.8674219383156,118.8674219383156,MEDIUM,14.0,1.0,0.9694674253022152,17290.628310129036,40906.62028154217,400.0,False,1,False,CLOSE_INTERACTION_NO_PASS,0.0,,False,0.0,223.89170585429005,-8.891705854290052,2.789726,True,2.789726,120.23030259865838,12,True,3.0,brake,0.039230524209282004,7069.849166666669,19,953.4864263418576,2,belgium_2026_R|LIN|NOR,belgium_2026_R|L14|belgium_2026_R|LIN|NOR,,False,v4_t0_anchored_30s_horizon
belgium_2026_R_00355,belgium_2026_R,2026,Belgian Grand Prix,HAD,BOR,5,2026-07-19 13:31:10.281,2026-07-19 13:31:15.521,5.24,5.24,2026-07-19 13:31:40.281,30.0,14,22,90.11666666666667,1.3028915662650602,43.99000000000012,249.0,93.0,156.0,119.10904255319154,1.88,True,11.0,10.0,264.5180555555556,brake_T1,71.70325527164897,131.70325527164897,HARD,12.0,3.0,0.9360046234734521,16773.34354479018,48097.668686324694,399.99999999999994,False,1,False,CLOSE_INTERACTION_NO_PASS,0.0,,False,-1.0,235.17495341614907,13.825046583850934,2.211726,True,2.211726,84.4018121387819,12,True,3.0,brake,0.03741495035038661,7069.849166666669,19,953.4864263418576,2,belgium_2026_R|BOR|HAD,belgium_2026_R|L14|belgium_2026_R|BOR|HAD,,False,v4_t0_anchored_30s_horizon
belgium_2026_R_00356,belgium_2026_R,2026,Belgian Grand Prix,LEC,VER,3,2026-07-19 13:31:16.841,2026-07-19 13:38:11.324,414.483,413.564,2026-07-19 13:31:46.841,30.0,14,1496,99.74027777777792,1.1185825545171355,10.176111111110913,321.0,313.0,8.0,8.27659574468058,1.88,True,3.0,2.0,1960.0952777777775,straight_03,389.28492125182674,505.6990336906433,MEDIUM,14.0,1.0,0.6223241397075676,25354.393321705676,95396.46928327721,400.0,False,1,False,CLOSE_INTERACTION_NO_PASS,0.0,,False,0.0,315.4377392078327,5.562260792167308,1.139514,True,1.139514,7.90470544373395,11,True,3.0,straight,0.2772471139864408,7069.849166666669,19,953.4864263418576,2,belgium_2026_R|LEC|VER,belgium_2026_R|L14|belgium_2026_R|LEC|VER,,False,v4_t0_anchored_30s_horizon
belgium_2026_R_00357,belgium_2026_R,2026,Belgian Grand Prix,VER,ANT,12,2026-07-19 13:31:20.401,2026-07-19 13:31:23.441,3.04,3.04,2026-07-19 13:31:50.401,30.0,14,11,96.20749999999998,1.7581065989847713,90.81638888888847,197.0,143.0,54.0,116.57077885162002,1.759,True,2.0,1.0,2345.1172222222217,brake_T5,4.262976807382529,120.6770892461991,MEDIUM,14.0,1.0,0.6924780174468487,11471.868824552064,24126.73999633131,400.0,False,1,False,CLOSE_INTERACTION_NO_PASS,0.0,,False,0.0,209.00209359605878,-12.002093596058785,2.235935,True,2.235935,124.49683973748722,12,True,3.0,brake,0.33170682527133893,7069.849166666669,19,953.4864263418576,2,belgium_2026_R|ANT|VER,belgium_2026_R|L14|belgium_2026_R|ANT|VER,,False,v4_t0_anchored_30s_horizon
belgium_2026_R_00358,belgium_2026_R,2026,Belgian Grand Prix,STR,ALO,14,2026-07-19 13:31:30.522,2026-07-19 13:31:42.161,11.639,11.639,2026-07-19 13:32:00.522,30.0,13,39,89.61500000000069,1.236068965517251,35.818055555555475,261.0,154.0,107.0,54.75728732897222,1.681,True,20.0,19.0,6537.9144444444455,brake_T18,82.57017183214975,207.61776707383433,HARD,13.0,1.0,0.8870119089717782,9833.562450761505,69542.97037014294,400.0,False,1,False,CLOSE_INTERACTION_NO_PASS,0.0,,False,0.0,268.83578980099526,-7.835789800995258,1.5412940000000002,True,1.5412940000000002,26.42709489252593,11,True,3.0,brake,0.9247601031249408,7069.849166666669,19,953.4864263418576,2,belgium_2026_R|ALO|STR,belgium_2026_R|L13|belgium_2026_R|ALO|STR,,True,v4_t0_anchored_30s_horizon
belgium_2026_R_00359,belgium_2026_R,2026,Belgian Grand Prix,COL,GAS,10,2026-07-19 13:31:35.041,2026-07-19 13:31:59.802,24.761,24.761,2026-07-19 13:32:05.041,30.0,14,85,93.77138888889021,1.0649116719243052,39.6105555555564,317.0,191.0,126.0,57.29309407286306,1.839,True,9.0,12.0,2225.723611111111,straight_03,123.65658791849319,240.07070035730976,MEDIUM,14.0,1.0,0.874291222735288,7583.240052784566,112191.54667484849,400.0,False,1,False,PIT_RELATED,,80.281,True,-1.0,319.18603448275866,-2.1860344827586573,1.397206,True,1.397206,27.563251906282986,11,True,3.0,straight,0.3148191083913191,7069.849166666669,19,953.4864263418576,2,belgium_2026_R|COL|GAS,belgium_2026_R|L14|belgium_2026_R|COL|GAS,,False,v4_t0_anchored_30s_horizon
belgium_2026_R_00360,belgium_2026_R,2026,Belgian Grand Prix,PIA,HAM,44,2026-07-19 13:31:35.602,2026-07-19 13:31:39.962,4.36,4.36,2026-07-19 13:32:05.602,30.0,14,18,99.08333333333348,1.599551569506729,73.13500000000067,223.0,119.0,104.0,93.38053097345276,1.921,True,5.0,4.0,2910.081944444445,brake_T8,71.4610221939829,131.4610221939829,MEDIUM,14.0,1.0,0.9436648831415319,9495.611071150837,41826.388730008184,400.0,False,1,False,CLOSE_INTERACTION_NO_PASS,0.0,,False,0.0,224.29326164874558,-1.2932616487455846,2.363065,True,2.363065,71.28800084491373,11,True,3.0,brake,0.41161867471870073,7069.849166666669,19,953.4864263418576,2,belgium_2026_R|HAM|PIA,belgium_2026_R|L14|belgium_2026_R|HAM|PIA,,False,v4_t0_anchored_30s_horizon
belgium_2026_R_00361,belgium_2026_R,2026,Belgian Grand Prix,HUL,HAD,6,2026-07-19 13:31:41.201,2026-07-19 13:31:44.842,3.641,3.641,2026-07-19 13:32:11.201,30.0,14,14,90.3169444444452,1.6846683937823976,87.8613888888899,193.0,140.0,53.0,88.6981239340536,1.759,True,13.0,11.0,2338.148055555555,brake_T5,11.23214347404928,127.64625591286585,MEDIUM,14.0,1.0,0.9288648946306981,11192.854425338624,29429.20024467206,400.0,False,1,False,CLOSE_INTERACTION_NO_PASS,0.0,,False,0.0,212.0,-19.0,2.047476,True,2.047476,95.4289624319633,10,True,3.0,brake,0.33072106638138615,7069.849166666669,19,953.4864263418576,2,belgium_2026_R|HAD|HUL,belgium_2026_R|L14|belgium_2026_R|HAD|HUL,,False,v4_t0_anchored_30s_horizon
belgium_2026_R_00362,belgium_2026_R,2026,Belgian Grand Prix,BEA,ALB,23,2026-07-19 13:31:44.402,2026-07-19 13:32:08.961,24.559,24.559,2026-07-19 13:32:14.402,30.0,14,94,97.54249999999911,1.1291093247588322,32.37166666666508,311.0,169.0,142.0,89.33617262918833,1.7610000000000001,True,15.0,14.0,2257.2252777777776,brake_T5,92.15492125182664,208.5690336906432,HARD,13.0,2.0,0.8715544186866339,7953.066757131216,90998.94493226813,400.0,False,1,False,CLOSE_INTERACTION_NO_PASS,0.0,,False,0.0,315.0,-4.0,1.631266,True,1.631266,50.54120154935633,11,True,3.0,brake,0.3192748847344966,7069.849166666669,19,953.4864263418576,2,belgium_2026_R|ALB|BEA,belgium_2026_R|L14|belgium_2026_R|ALB|BEA,,False,v4_t0_anchored_30s_horizon
belgium_2026_R_00363,belgium_2026_R,2026,Belgian Grand Prix,HAD,BOR,5,2026-07-19 13:31:49.921,2026-07-19 13:31:59.002,9.081,9.081,2026-07-19 13:32:19.921,30.0,14,29,97.25916666666672,1.4773544303797477,59.454166666667334,237.0,144.0,93.0,33.91999999999998,2.0,True,11.0,10.0,2880.9047222222234,brake_T8,100.63824441620454,160.63824441620454,HARD,12.0,3.0,0.9238783753128954,8100.935037300946,55722.40750146529,400.0,False,1,False,CLOSE_INTERACTION_NO_PASS,0.0,,False,-1.0,235.52393617021278,1.476063829787222,1.8476590000000002,True,1.8476590000000002,12.461302098411283,11,True,3.0,brake,0.4074916811245817,7069.849166666669,19,953.4864263418576,2,belgium_2026_R|BOR|HAD,belgium_2026_R|L14|belgium_2026_R|BOR|HAD,,False,v4_t0_anchored_30s_horizon
belgium_2026_R_00364,belgium_2026_R,2026,Belgian Grand Prix,VER,ANT,12,2026-07-19 13:31:56.201,2026-07-19 13:32:00.282,4.081,4.081,2026-07-19 13:32:26.201,30.0,14,18,94.85916666666071,1.5043744493391127,89.186388888882,227.0,159.0,68.0,86.70454545454876,1.76,True,2.0,1.0,4417.363888888893,corner_T12,135.7215509964908,195.7215509964908,MEDIUM,14.0,1.0,0.7014236050799602,11227.536120798059,31829.689869192207,400.0,False,1,False,CLOSE_INTERACTION_NO_PASS,0.0,,False,0.0,208.272598730252,18.727401269747986,1.99805,True,1.99805,80.7266081627452,11,True,3.0,corner,0.6248172747045487,7069.849166666669,19,953.4864263418576,2,belgium_2026_R|ANT|VER,belgium_2026_R|L14|belgium_2026_R|ANT|VER,,False,v4_t0_anchored_30s_horizon
belgium_2026_R_00365,belgium_2026_R,2026,Belgian Grand Prix,BOR,GAS,10,2026-07-19 13:32:12.202,2026-07-19 13:32:19.842,7.64,7.64,2026-07-19 13:32:42.202,30.0,14,30,90.42694444443987,1.1924432234431632,53.20472222221633,273.0,197.0,76.0,,,False,10.0,12.0,4317.930000000005,brake_T12,84.86240916732731,295.15543988537866,MEDIUM,14.0,1.0,0.8983243859229697,9876.8964748751,65480.03008881863,400.0,False,1,False,PIT_RELATED,,43.44,True,-1.0,270.0,3.0,1.491085,True,1.491085,20.87604589383022,9,True,3.0,brake,0.6107527753715637,7069.849166666669,19,953.4864263418576,2,belgium_2026_R|BOR|GAS,belgium_2026_R|L14|belgium_2026_R|BOR|GAS,,False,v4_t0_anchored_30s_horizon
belgium_2026_R_00366,belgium_2026_R,2026,Belgian Grand Prix,STR,ALO,14,2026-07-19 13:32:14.602,2026-07-19 13:32:38.282,23.68,23.68,2026-07-19 13:32:44.602,30.0,14,81,92.36138888888809,1.154517361111101,47.019166666664205,288.0,178.0,110.0,58.166666666668625,1.92,True,20.0,19.0,2261.828333333334,brake_T5,87.5518656962704,203.96597813508697,HARD,14.0,1.0,0.8691558672693057,8137.35260389141,87496.73006618074,400.0,False,1,False,CLOSE_INTERACTION_NO_PASS,0.0,,False,0.0,289.1333622685185,-1.1333622685185105,1.496003,True,1.496003,43.12290268455889,10,True,3.0,brake,0.3199259673031685,7069.849166666669,19,953.4864263418576,2,belgium_2026_R|ALO|STR,belgium_2026_R|L14|belgium_2026_R|ALO|STR,,False,v4_t0_anchored_30s_horizon
belgium_2026_R_00367,belgium_2026_R,2026,Belgian Grand Prix,HAD,COL,43,2026-07-19 13:32:15.002,2026-07-19 13:32:19.842,4.84,4.84,2026-07-19 13:32:45.002,30.0,14,20,91.15611111111048,1.3560413223140404,71.9936111111092,242.0,150.0,92.0,94.5600000000024,2.0,True,11.0,9.0,4376.484444444446,brake_T12,26.307964722886027,236.60099544093737,HARD,12.0,3.0,0.9356977476582371,10326.528682053005,46687.81201089938,400.0,False,1,False,CLOSE_INTERACTION_NO_PASS,0.0,,False,-1.0,223.60643382353052,18.393566176469477,1.934279,True,1.934279,77.17501715855194,11,True,3.0,brake,0.6190350517064701,7069.849166666669,19,953.4864263418576,2,belgium_2026_R|COL|HAD,belgium_2026_R|L14|belgium_2026_R|COL|HAD,,False,v4_t0_anchored_30s_horizon
belgium_2026_R_00368,belgium_2026_R,2026,Belgian Grand Prix,HUL,HAD,6,2026-07-19 13:32:17.202,2026-07-19 13:32:29.003,11.801,11.801,2026-07-19 13:32:47.202,30.0,14,42,98.30027777778196,1.4444122448980206,74.30083333333641,245.0,151.0,94.0,91.06884242733081,1.9609999999999999,True,13.0,11.0,4388.24111111111,brake_T12,14.55129805622255,224.8443287742739,MEDIUM,14.0,1.0,0.9164786680858904,10425.690126503447,42970.17570287946,400.0,False,1,False,CLOSE_INTERACTION_NO_PASS,0.0,,False,0.0,230.29815862717592,14.701841372824077,2.01355,True,2.01355,72.50738718733541,11,True,3.0,brake,0.6206979820447996,7069.849166666669,19,953.4864263418576,2,belgium_2026_R|HAD|HUL,belgium_2026_R|L14|belgium_2026_R|HAD|HUL,,False,v4_t0_anchored_30s_horizon
belgium_2026_R_00369,belgium_2026_R,2026,Belgian Grand Prix,COL,GAS,10,2026-07-19 13:32:20.002,2026-07-19 13:32:29.721,9.719,9.719,2026-07-19 13:32:50.002,30.0,14,34,78.43638888888654,1.526329729729684,51.689444444443325,185.0,207.0,-22.0,,,False,9.0,12.0,4692.4325,straight_10,149.60745241890618,209.60745241890618,MEDIUM,14.0,1.0,0.9806472730102692,15507.667719352452,29860.722008910612,400.0,False,1,False,PIT_RELATED,,35.32,True,-1.0,183.24590692934822,1.754093070651777,1.434472,True,1.434472,-17.120838588389425,13,True,3.0,straight,0.663724556122661,7069.849166666669,19,953.4864263418576,2,belgium_2026_R|COL|GAS,belgium_2026_R|L14|belgium_2026_R|COL|GAS,,False,v4_t0_anchored_30s_horizon
belgium_2026_R_00370,belgium_2026_R,2026,Belgian Grand Prix,HAD,BOR,5,2026-07-19 13:32:20.002,2026-07-19 13:32:28.403,8.401,8.401,2026-07-19 13:32:50.002,30.0,14,29,82.69944444444536,1.7934819277108633,70.74833333333572,166.0,177.0,-11.0,,,False,11.0,10.0,4609.015000000002,corner_T13,233.02495241890392,4.070439885381347,HARD,12.0,3.0,0.9848164208744645,13692.312069073367,29869.249096027823,400.0,False,1,False,CLOSE_INTERACTION_NO_PASS,0.0,102.08,True,-1.0,159.2685731132077,6.731426886792292,1.805943,True,1.805943,-4.710967803342323,13,True,3.0,corner,0.6519255066615638,7069.849166666669,19,953.4864263418576,2,belgium_2026_R|BOR|HAD,belgium_2026_R|L14|belgium_2026_R|BOR|HAD,,False,v4_t0_anchored_30s_horizon
belgium_2026_R_00371,belgium_2026_R,2026,Belgian Grand Prix,BEA,ALB,23,2026-07-19 13:32:20.883,2026-07-19 13:32:38.282,17.399,17.399,2026-07-19 13:32:50.883,30.0,14,60,98.6077777777773,1.3549160305343446,49.60611111111484,262.0,199.0,63.0,13.196703880917672,1.881,True,15.0,14.0,4299.170833333335,brake_T12,103.62157583399676,313.9146065520481,HARD,13.0,2.0,0.928852524959407,9920.618698375825,72673.61006056258,400.0,False,1,False,CLOSE_INTERACTION_NO_PASS,0.0,,False,0.0,267.0,-5.0,1.472314,True,1.472314,-0.352613205694337,13,True,3.0,brake,0.6080993712855025,7069.849166666669,19,953.4864263418576,2,belgium_2026_R|ALB|BEA,belgium_2026_R|L14|belgium_2026_R|ALB|BEA,,False,v4_t0_anchored_30s_horizon
belgium_2026_R_00372,belgium_2026_R,2026,Belgian Grand Prix,BOR,COL,43,2026-07-19 13:32:26.242,2026-07-19 13:32:46.482,20.24,16.04,2026-07-19 13:32:56.242,30.0,14,57,11.284444444437213,0.2207826086955107,10.408055555552892,184.0,204.0,-20.0,-18.189189189189975,1.48,True,10.0,9.0,4996.863055555562,brake_T15,100.80429850654309,160.8042985065431,MEDIUM,14.0,1.0,0.9744773157986807,28632.973219964606,0.0,400.0,False,1,False,ON_TRACK_PASS,1.0,20.4,False,-1.0,198.89362745098356,-14.893627450983558,0.204254,True,0.204254,-13.931484701606454,9,True,3.0,brake,0.706784959305081,7069.849166666669,19,953.4864263418576,2,belgium_2026_R|BOR|COL,belgium_2026_R|L14|belgium_2026_R|BOR|COL,belgium_2026_R_00380,False,v4_t0_anchored_30s_horizon
belgium_2026_R_00373,belgium_2026_R,2026,Belgian Grand Prix,VER,ANT,12,2026-07-19 13:32:28.403,2026-07-19 13:32:35.122,6.719,6.719,2026-07-19 13:32:58.403,30.0,14,24,89.90027777776686,1.22591287878773,53.470555555545616,264.0,102.0,162.0,116.53617907340173,1.921,True,2.0,1.0,6594.688888888898,brake_T18,25.795727387697298,150.84332262938187,MEDIUM,14.0,1.0,0.6377627456474545,9907.3114997838,42612.25973368006,400.0,False,1,False,CLOSE_INTERACTION_NO_PASS,0.0,,False,0.0,274.2456648284244,-10.245664828424424,1.969996,True,1.969996,84.92097039758748,11,True,3.0,brake,0.9327906060544991,7069.849166666669,19,953.4864263418576,2,belgium_2026_R|ANT|VER,belgium_2026_R|L14|belgium_2026_R|ANT|VER,,True,v4_t0_anchored_30s_horizon
belgium_2026_R_00374,belgium_2026_R,2026,Belgian Grand Prix,PIA,HAM,44,2026-07-19 13:32:33.403,2026-07-19 13:32:38.722,5.319,5.319,2026-07-19 13:33:03.403,30.0,14,17,97.10444444445056,1.4095806451613793,60.01277777778432,248.0,78.0,170.0,175.9532862574711,1.841,True,5.0,4.0,6599.666388888883,brake_T18,20.818227387711886,145.86582262939646,MEDIUM,14.0,1.0,0.9015169078788285,9913.777188617913,40251.20427106339,400.0,False,1,False,CLOSE_INTERACTION_NO_PASS,0.0,,False,0.0,228.71182126699256,19.28817873300744,2.7543480000000002,True,2.7543480000000002,149.83850389054862,11,True,3.0,brake,0.9334946521922094,7069.849166666669,19,953.4864263418576,2,belgium_2026_R|HAM|PIA,belgium_2026_R|L14|belgium_2026_R|HAM|PIA,,True,v4_t0_anchored_30s_horizon
belgium_2026_R_00375,belgium_2026_R,2026,Belgian Grand Prix,LAW,LIN,41,2026-07-19 13:32:42.683,2026-07-19 13:33:04.362,21.679,21.679,2026-07-19 13:33:12.683,30.0,14,81,93.81805555554911,1.2062321428570602,26.75277777777137,280.0,209.0,71.0,21.184895833333716,1.92,True,8.0,7.0,6520.433333333335,brake_T18,100.05128294326005,225.09887818494462,MEDIUM,14.0,1.0,0.8686968871998653,9810.854781264909,77835.05934686156,400.0,False,1,False,PIT_RELATED,,,False,0.0,282.0,-2.0,1.360106,True,1.360106,8.515999724185695,12,True,3.0,brake,0.9222874745441881,7069.849166666669,19,953.4864263418576,2,belgium_2026_R|LAW|LIN,belgium_2026_R|L14|belgium_2026_R|LAW|LIN,,True,v4_t0_anchored_30s_horizon
belgium_2026_R_00376,belgium_2026_R,2026,Belgian Grand Prix,LIN,NOR,1,2026-07-19 13:32:42.683,2026-07-19 13:32:46.642,3.959,3.959,2026-07-19 13:33:12.683,30.0,14,17,97.63527777778108,1.681755980861301,71.49861111111477,209.0,86.0,123.0,178.19322916666636,1.92,True,7.0,6.0,6614.699166666662,brake_T18,5.785449609933494,130.83304485161807,MEDIUM,14.0,1.0,0.9066184619979475,9933.304514268088,33120.47155571829,400.0,False,1,False,CLOSE_INTERACTION_NO_PASS,0.0,,False,0.0,180.72259887006044,28.277401129939562,3.468683,True,3.468683,186.19700060109707,12,True,3.0,brake,0.935620974469162,7069.849166666669,19,953.4864263418576,2,belgium_2026_R|LIN|NOR,belgium_2026_R|L14|belgium_2026_R|LIN|NOR,,True,v4_t0_anchored_30s_horizon
belgium_2026_R_00377,belgium_2026_R,2026,Belgian Grand Prix,GAS,LAW,30,2026-07-19 13:32:43.922,2026-07-19 13:32:52.922,9.0,9.0,2026-07-19 13:33:13.922,30.0,14,37,94.89805555555813,1.2071837455830716,46.03305555555744,283.0,217.0,66.0,26.04114583333228,1.92,True,12.0,8.0,6511.421666666666,brake_T18,109.06294960992909,234.11054485161367,MEDIUM,14.0,1.0,0.9589185363971531,9799.148777740329,82109.70421088603,400.0,False,1,True,PIT_RELATED,,,False,3.0,280.57787673672976,2.4221232632702367,1.354864,True,1.354864,11.372096084697263,13,True,3.0,brake,0.921012812743883,7069.849166666669,19,953.4864263418576,2,belgium_2026_R|GAS|LAW,belgium_2026_R|L14|belgium_2026_R|GAS|LAW,,True,v4_t0_anchored_30s_horizon
belgium_2026_R_00378,belgium_2026_R,2026,Belgian Grand Prix,BOR,GAS,10,2026-07-19 13:32:46.642,2026-07-19 13:32:55.322,8.68,7.8,2026-07-19 13:33:16.642,30.0,14,23,46.3802777777737,0.7694423963132964,10.044166666662932,217.0,107.0,110.0,,,False,10.0,12.0,6603.892500000003,brake_T18,16.592116276592606,141.63971151827718,MEDIUM,14.0,1.0,0.9128263022774544,9919.266835915343,38246.56685779117,400.0,False,1,False,PIT_RELATED,,9.0,False,-1.0,181.79374999999558,35.20625000000442,1.303916,True,1.303916,96.53783831384338,12,True,3.0,brake,0.9340924175775085,7069.849166666669,19,953.4864263418576,2,belgium_2026_R|BOR|GAS,belgium_2026_R|L14|belgium_2026_R|BOR|GAS,,True,v4_t0_anchored_30s_horizon
belgium_2026_R_00379,belgium_2026_R,2026,Belgian Grand Prix,HAD,COL,43,2026-07-19 13:32:46.642,2026-07-19 13:32:54.442,7.8,7.8,2026-07-19 13:33:16.642,30.0,14,32,98.67472222222023,1.1920436241610497,24.87999999999829,298.0,178.0,120.0,,,False,11.0,9.0,6504.351944444449,brake_T18,116.13267183214612,241.1802670738307,HARD,12.0,3.0,0.8941035549154515,9789.965327407312,85463.19617914256,400.0,False,1,False,PIT_RELATED,,,False,-1.0,287.81155632984894,10.18844367015106,1.474773,True,1.474773,28.389303117478534,12,True,3.0,brake,0.9200128306996338,7069.849166666669,19,953.4864263418576,2,belgium_2026_R|COL|HAD,belgium_2026_R|L14|belgium_2026_R|COL|HAD,,True,v4_t0_anchored_30s_horizon
belgium_2026_R_00380,belgium_2026_R,2026,Belgian Grand Prix,COL,BOR,5,2026-07-19 13:32:47.602,2026-07-19 13:32:54.442,6.84,6.12,2026-07-19 13:33:17.602,30.0,14,25,11.591666666668061,0.3448760330578928,10.918611111113023,121.0,172.0,-51.0,-41.00000000000364,0.96,True,9.0,10.0,6640.679722222225,corner_T18,44.852489296054955,104.85248929605496,MEDIUM,14.0,1.0,0.9628899845057183,10652.933112038489,20838.691465282052,400.0,False,1,False,ON_TRACK_PASS,1.0,8.04,False,-1.0,172.0,-51.0,0.236546,True,0.236546,-22.586557581952867,13,True,3.0,corner,0.9392958132023641,7069.849166666669,19,953.4864263418576,2,belgium_2026_R|BOR|COL,belgium_2026_R|L14|belgium_2026_R|BOR|COL,belgium_2026_R_00372,True,v4_t0_anchored_30s_horizon
belgium_2026_R_00381,belgium_2026_R,2026,Belgian Grand Prix,HUL,HAD,6,2026-07-19 13:32:49.682,2026-07-19 13:32:57.362,7.68,7.68,2026-07-19 13:33:19.682,30.0,14,29,95.79777777777872,1.2632673992674117,31.742222222222154,273.0,98.0,175.0,148.8201310303773,1.679,True,13.0,11.0,6567.061666666669,brake_T18,53.422949609926036,178.4705448516106,MEDIUM,14.0,1.0,0.8606522092615823,9871.42420249795,55717.11235947794,400.0,False,1,False,CLOSE_INTERACTION_NO_PASS,0.0,,False,0.0,265.0193187014217,7.980681298578304,2.238539,True,2.238539,106.04374545383264,12,True,3.0,brake,0.92888285334706,7069.849166666669,19,953.4864263418576,2,belgium_2026_R|HAD|HUL,belgium_2026_R|L14|belgium_2026_R|HAD|HUL,,True,v4_t0_anchored_30s_horizon
belgium_2026_R_00382,belgium_2026_R,2026,Belgian Grand Prix,STR,ALO,14,2026-07-19 13:32:52.522,2026-07-19 13:33:05.602,13.08,13.08,2026-07-19 13:33:22.522,30.0,14,46,96.71805555555056,1.3600976562499298,68.97361111110604,256.0,173.0,83.0,29.836734693874362,1.96,True,20.0,19.0,4337.868333333335,brake_T12,64.92407583399745,275.2171065520488,HARD,14.0,1.0,0.9169176045043907,10000.821620229559,58898.81201724232,400.0,False,1,False,CLOSE_INTERACTION_NO_PASS,0.0,,False,0.0,256.51254960317357,-0.5125496031735679,1.601003,True,1.601003,15.623984548090085,12,True,3.0,brake,0.6135729675515237,7069.849166666669,19,953.4864263418576,2,belgium_2026_R|ALO|STR,belgium_2026_R|L14|belgium_2026_R|ALO|STR,,False,v4_t0_anchored_30s_horizon
belgium_2026_R_00383,belgium_2026_R,2026,Belgian Grand Prix,SAI,BEA,87,2026-07-19 13:32:56.162,2026-07-19 13:33:04.362,8.2,8.2,2026-07-19 13:33:26.162,30.0,14,31,91.47722222221819,1.1434652777777274,31.79194444444147,288.0,143.0,145.0,113.04651162790475,1.72,True,16.0,15.0,6549.670555555557,brake_T18,70.814060721038,195.86165596272258,SOFT,14.0,1.0,0.9563521020809467,9848.83344148856,63966.51022788271,400.0,False,1,True,PIT_RELATED,,,False,0.0,278.15829545454386,9.841704545456139,1.821065,True,1.821065,72.58171786825311,9,True,3.0,brake,0.9264229548823079,7069.849166666669,19,953.4864263418576,2,belgium_2026_R|BEA|SAI,belgium_2026_R|L14|belgium_2026_R|BEA|SAI,,True,v4_t0_anchored_30s_horizon
belgium_2026_R_00384,belgium_2026_R,2026,Belgian Grand Prix,BOR,COL,43,2026-07-19 13:32:57.003,2026-07-19 13:33:25.242,28.239,28.239,2026-07-19 13:33:27.003,30.0,14,100,12.008333333330484,0.2020093457943446,10.167222222222165,214.0,233.0,-19.0,-20.556208670094215,1.361,True,10.0,12.0,6957.00666666667,straight_15,,,MEDIUM,14.0,1.0,0.9436033687847205,3998.4997167009583,32.73411327475559,112.84249999999884,True,1,False,PIT_RELATED,,105.4,True,-1.0,,,,False,,-29.894138740871742,9,True,3.0,straight,0.9840389098352996,7069.849166666669,19,953.4864263418576,2,belgium_2026_R|BOR|COL,belgium_2026_R|L14|belgium_2026_R|BOR|COL,belgium_2026_R_00380,True,v4_t0_anchored_30s_horizon
belgium_2026_R_00385,belgium_2026_R,2026,Belgian Grand Prix,HAD,BOR,5,2026-07-19 13:32:58.082,2026-07-19 13:33:25.242,27.16,24.16,2026-07-19 13:33:28.082,30.0,15,88,50.88694444444444,0.814191111111111,10.464166666666415,225.0,242.0,-17.0,,,False,8.0,10.0,15.643611111111118,straight_01,320.57769971609343,380.57769971609343,HARD,13.0,3.0,0.9737251751645194,16954.722613587863,75211.31896477831,400.0,False,1,False,ON_TRACK_PASS,1.0,27.44,False,-3.0,223.0,2.0,0.782313,True,0.782313,-35.41580381399965,12,True,3.0,straight,0.0022127220457359284,7069.849166666669,19,953.4864263418576,2,belgium_2026_R|BOR|HAD,belgium_2026_R|L15|belgium_2026_R|BOR|HAD,,False,v4_t0_anchored_30s_horizon
belgium_2026_R_00386,belgium_2026_R,2026,Belgian Grand Prix,COL,LAW,30,2026-07-19 13:33:00.442,2026-07-19 13:33:04.362,3.92,3.92,2026-07-19 13:33:30.442,30.0,15,15,93.03999999999996,1.5578790697674412,62.32055555555553,215.0,85.0,130.0,138.14000000000004,2.0,True,12.0,9.0,271.8991666666667,brake_T1,64.32214416053785,124.32214416053785,MEDIUM,15.0,1.0,0.9620530821489119,17070.80271474807,43962.53184692369,400.0,False,1,True,PIT_RELATED,,119.921,True,3.0,225.89032671364507,-10.890326713645067,2.567605,True,2.567605,120.04875482286253,11,True,3.0,brake,0.03845897702438017,7069.849166666669,19,953.4864263418576,2,belgium_2026_R|COL|LAW,belgium_2026_R|L15|belgium_2026_R|COL|LAW,,False,v4_t0_anchored_30s_horizon
belgium_2026_R_00387,belgium_2026_R,2026,Belgian Grand Prix,GAS,OCO,31,2026-07-19 13:33:18.282,2026-07-19 13:33:26.402,8.12,8.12,2026-07-19 13:33:48.282,30.0,15,33,12.48527777777781,0.5689493670886091,12.48527777777781,79.0,211.0,-132.0,-132.00000000000017,0.16,True,15.0,16.0,271.0319444444445,brake_T1,65.18936638276006,125.18936638276006,HARD,1.0,2.0,0.9589185363971531,17035.85361311445,44448.377745335914,399.99999999999994,False,1,True,PIT_RELATED,,83.921,True,3.0,243.47351222379748,-164.47351222379748,0.210309,True,0.210309,-208.90630217676912,12,True,3.0,brake,0.03833631214118704,7069.849166666669,19,953.4864263418576,2,belgium_2026_R|GAS|OCO,belgium_2026_R|L15|belgium_2026_R|GAS|OCO,,False,v4_t0_anchored_30s_horizon
belgium_2026_R_00388,belgium_2026_R,2026,Belgian Grand Prix,HAD,COL,43,2026-07-19 13:33:25.522,2026-07-19 13:34:45.763,80.241,73.681,2026-07-19 13:33:55.522,30.0,15,278,64.89277777777716,0.6870999999999934,10.535833333331539,340.0,315.0,25.0,,,False,8.0,12.0,1940.4336111111118,straight_03,408.94658791849247,525.360700357309,HARD,13.0,3.0,0.8953316973050964,26886.7664503177,84906.77338108314,399.9999999999998,False,1,False,PIT_RELATED,,80.442,True,-3.0,315.19142781316344,24.808572186836557,0.741971,True,0.741971,29.5634013323617,12,True,3.0,straight,0.27446605512603856,7069.849166666669,19,953.4864263418576,2,belgium_2026_R|COL|HAD,belgium_2026_R|L15|belgium_2026_R|COL|HAD,,False,v4_t0_anchored_30s_horizon
belgium_2026_R_00389,belgium_2026_R,2026,Belgian Grand Prix,LAW,LIN,41,2026-07-19 13:33:25.722,2026-07-19 13:33:47.762,22.04,22.04,2026-07-19 13:33:55.722,30.0,15,79,96.58888888888941,1.178711864406786,54.2491666666665,295.0,177.0,118.0,56.37718859429685,1.999,True,9.0,7.0,2261.2897222222223,brake_T5,88.09047680738195,204.50458924619852,MEDIUM,15.0,1.0,0.9366913388362013,8115.7890134702975,87906.52999529474,400.0,False,1,True,PIT_RELATED,,,False,1.0,298.9891047297298,-3.9891047297297746,1.4781279999999999,True,1.4781279999999999,33.93637501132774,13,True,3.0,brake,0.3198497830595709,7069.849166666669,19,953.4864263418576,2,belgium_2026_R|LAW|LIN,belgium_2026_R|L15|belgium_2026_R|LAW|LIN,,False,v4_t0_anchored_30s_horizon
belgium_2026_R_00390,belgium_2026_R,2026,Belgian Grand Prix,STR,ALO,14,2026-07-19 13:33:26.802,2026-07-19 13:33:35.883,9.081,9.081,2026-07-19 13:33:56.802,30.0,14,35,98.5463888888853,1.3438143939393452,41.117499999995744,264.0,138.0,126.0,62.30920702501199,1.879,True,20.0,19.0,6544.256388888892,brake_T18,76.22822738770355,201.27582262938813,HARD,14.0,1.0,0.8627578913376978,9841.800529994278,66534.69662343977,400.0,False,1,False,CLOSE_INTERACTION_NO_PASS,0.0,,False,0.0,269.2187229664956,-5.218722966495591,1.7547760000000001,True,1.7547760000000001,32.912990277303585,12,True,3.0,brake,0.9256571441077028,7069.849166666669,19,953.4864263418576,2,belgium_2026_R|ALO|STR,belgium_2026_R|L14|belgium_2026_R|ALO|STR,,True,v4_t0_anchored_30s_horizon
belgium_2026_R_00391,belgium_2026_R,2026,Belgian Grand Prix,BOR,HAD,6,2026-07-19 13:33:32.802,2026-07-19 13:34:42.003,69.201,67.761,2026-07-19 13:34:02.802,30.0,15,256,10.827500000000327,0.2952954545454635,10.827500000000327,132.0,144.0,-12.0,-5.366687004269512,1.639,True,10.0,8.0,2438.0158333333334,corner_T6,148.49865415318573,27.778478135087425,MEDIUM,15.0,1.0,0.9662825063895466,16256.373287025905,146.1368722076918,400.0,False,1,False,CLOSE_INTERACTION_NO_PASS,0.0,69.401,True,0.0,139.05009920634913,-7.050099206349131,0.277194,True,0.277194,-2.983401267449624,13,True,3.0,corner,0.34484693744644945,7069.849166666669,19,953.4864263418576,2,belgium_2026_R|BOR|HAD,belgium_2026_R|L15|belgium_2026_R|BOR|HAD,,False,v4_t0_anchored_30s_horizon
belgium_2026_R_00392,belgium_2026_R,2026,Belgian Grand Prix,COL,LAW,30,2026-07-19 13:33:41.282,2026-07-19 13:33:44.443,3.161,3.161,2026-07-19 13:34:11.282,30.0,15,16,98.72444444444636,1.9005775401069889,82.7419444444472,187.0,106.0,81.0,105.98194444444403,1.44,True,12.0,9.0,2922.138055555554,brake_T8,59.40491108287415,119.40491108287415,MEDIUM,15.0,1.0,0.9620530821489119,10071.895170440068,36084.51429676807,400.0,False,1,True,PIT_RELATED,,79.081,True,3.0,196.36125000000285,-9.361250000002855,2.76325,True,2.76325,99.07338384582913,9,True,3.0,brake,0.41332396019607015,7069.849166666669,19,953.4864263418576,2,belgium_2026_R|COL|LAW,belgium_2026_R|L15|belgium_2026_R|COL|LAW,,False,v4_t0_anchored_30s_horizon
belgium_2026_R_00393,belgium_2026_R,2026,Belgian Grand Prix,SAI,STR,18,2026-07-19 13:33:42.923,2026-07-19 13:34:34.962,52.039,51.0,2026-07-19 13:34:12.923,30.0,15,195,11.703333333333319,0.5693513513513507,10.047499999997399,74.0,133.0,-59.0,-72.45454545454498,0.44,True,18.0,20.0,319.22138888888884,brake_T1,16.99992193831571,76.99992193831571,HARD,1.0,2.0,0.9563521020809467,18977.890784672258,17451.094545992182,400.00000000000006,False,1,True,PIT_RELATED,,52.32,True,2.0,173.0,-99.0,0.314624,True,0.314624,-138.6123346213357,12,True,3.0,brake,0.04515250344999893,7069.849166666669,19,953.4864263418576,2,belgium_2026_R|SAI|STR,belgium_2026_R|L15|belgium_2026_R|SAI|STR,,False,v4_t0_anchored_30s_horizon
belgium_2026_R_00394,belgium_2026_R,2026,Belgian Grand Prix,GAS,OCO,31,2026-07-19 13:34:00.322,2026-07-19 13:34:08.642,8.32,8.32,2026-07-19 13:34:30.322,30.0,15,29,99.43194444444498,2.143443113772467,93.88361111111135,167.0,147.0,20.0,25.01480347115926,1.959,True,15.0,16.0,2876.0458333333336,brake_T8,105.4971333050944,165.4971333050944,HARD,1.0,2.0,0.9589185363971531,7868.679347130648,58036.51439944869,400.0,False,1,True,PIT_RELATED,,41.881,True,3.0,230.61214080459766,-63.61214080459766,1.885543,True,1.885543,21.36316585352149,12,True,3.0,brake,0.4068044120224629,7069.849166666669,19,953.4864263418576,2,belgium_2026_R|GAS|OCO,belgium_2026_R|L15|belgium_2026_R|GAS|OCO,,False,v4_t0_anchored_30s_horizon
belgium_2026_R_00395,belgium_2026_R,2026,Belgian Grand Prix,LAW,LIN,41,2026-07-19 13:34:02.723,2026-07-19 13:34:15.403,12.68,12.68,2026-07-19 13:34:32.723,30.0,15,45,95.70722222222321,1.2760962962963094,68.86277777778105,270.0,170.0,100.0,54.16718750000201,1.92,True,9.0,7.0,4343.648611111108,brake_T12,59.143798056224114,269.43682877427545,MEDIUM,15.0,1.0,0.9366913388362013,10049.575294210474,57071.00051706398,400.0,False,1,True,PIT_RELATED,,,False,1.0,264.0,6.0,1.663325,True,1.663325,30.47965452902186,12,True,3.0,brake,0.6143905631807242,7069.849166666669,19,953.4864263418576,2,belgium_2026_R|LAW|LIN,belgium_2026_R|L15|belgium_2026_R|LAW|LIN,,False,v4_t0_anchored_30s_horizon
belgium_2026_R_00396,belgium_2026_R,2026,Belgian Grand Prix,STR,ALO,14,2026-07-19 13:34:10.043,2026-07-19 13:34:19.204,9.161,9.161,2026-07-19 13:34:40.043,30.0,15,36,98.6094444444434,1.215732876712316,62.70944444444331,292.0,239.0,53.0,20.52065217391373,1.8399999999999999,True,20.0,19.0,2217.825833333334,straight_03,131.55436569627045,247.96847813508703,HARD,15.0,1.0,0.8700039550131096,8056.523321151417,112199.83688997674,400.0,False,1,False,CLOSE_INTERACTION_NO_PASS,0.0,,False,0.0,291.0,1.0,1.280673,True,1.280673,16.520463901440742,11,True,3.0,straight,0.31370200142176535,7069.849166666669,19,953.4864263418576,2,belgium_2026_R|ALO|STR,belgium_2026_R|L15|belgium_2026_R|ALO|STR,,False,v4_t0_anchored_30s_horizon
belgium_2026_R_00397,belgium_2026_R,2026,Belgian Grand Prix,VER,ANT,12,2026-07-19 13:34:19.923,2026-07-19 13:34:26.123,6.2,6.2,2026-07-19 13:34:49.923,30.0,15,18,87.25222222221873,1.4342831050227738,55.64416666666057,219.0,91.0,128.0,143.679000000005,2.0,True,2.0,1.0,6605.925555555559,brake_T18,14.559060721036076,139.60665596272065,MEDIUM,15.0,1.0,0.6520195352191077,9921.907740908759,37282.19580299179,400.0,False,1,False,CLOSE_INTERACTION_NO_PASS,0.0,,False,0.0,256.1240232558034,-37.12402325580342,2.283613,True,2.283613,120.20378182854972,12,True,3.0,brake,0.9343799846114903,7069.849166666669,19,953.4864263418576,2,belgium_2026_R|ANT|VER,belgium_2026_R|L15|belgium_2026_R|ANT|VER,,True,v4_t0_anchored_30s_horizon
belgium_2026_R_00398,belgium_2026_R,2026,Belgian Grand Prix,HAM,LEC,16,2026-07-19 13:34:21.483,2026-07-19 13:34:30.563,9.08,9.08,2026-07-19 13:34:51.483,30.0,15,26,95.09666666666817,1.1845951557093615,37.43111111111102,289.0,148.0,141.0,48.49504950495082,1.919,True,4.0,3.0,6562.464444444445,brake_T18,58.02017183215048,183.06776707383506,MEDIUM,15.0,1.0,0.8411508204714039,9865.452488105133,57897.78471320524,400.0,False,1,False,CLOSE_INTERACTION_NO_PASS,0.0,,False,0.0,287.6490643274855,1.3509356725144812,1.517887,True,1.517887,26.029006968526126,12,True,3.0,brake,0.928232595878499,7069.849166666669,19,953.4864263418576,2,belgium_2026_R|HAM|LEC,belgium_2026_R|L15|belgium_2026_R|HAM|LEC,,True,v4_t0_anchored_30s_horizon
belgium_2026_R_00399,belgium_2026_R,2026,Belgian Grand Prix,PIA,HAM,44,2026-07-19 13:34:26.123,2026-07-19 13:34:29.243,3.12,3.12,2026-07-19 13:34:56.123,30.0,15,10,99.84333333332415,2.2325217391302297,87.9877777777674,161.0,83.0,78.0,156.63697916666592,1.92,True,5.0,4.0,6632.794444444454,corner_T18,52.737767073826035,112.73776707382603,MEDIUM,15.0,1.0,0.9417936138782977,10374.884957617234,24562.64605066382,400.0,False,1,False,CLOSE_INTERACTION_NO_PASS,0.0,,False,0.0,193.5244086021329,-32.524408602132894,3.5592040000000003,True,3.5592040000000003,173.0327039685981,13,True,3.0,corner,0.938180474304478,7069.849166666669,19,953.4864263418576,2,belgium_2026_R|HAM|PIA,belgium_2026_R|L15|belgium_2026_R|HAM|PIA,,True,v4_t0_anchored_30s_horizon
belgium_2026_R_00400,belgium_2026_R,2026,Belgian Grand Prix,NOR,PIA,81,2026-07-19 13:34:30.203,2026-07-19 13:34:33.363,3.16,3.16,2026-07-19 13:35:00.203,30.0,15,15,92.36555555556242,2.0782250000001548,77.52444444445064,160.0,70.0,90.0,151.2743074416125,1.841,True,6.0,5.0,6639.87888888889,corner_T18,45.65332262938955,105.65332262938955,HARD,15.0,1.0,0.8877108488611247,10624.694382014237,21216.898428669578,400.0,False,1,False,CLOSE_INTERACTION_NO_PASS,0.0,,False,0.0,148.2824881676952,11.717511832304808,3.82996,True,3.82996,178.42430503164985,13,True,3.0,corner,0.9391825387442455,7069.849166666669,19,953.4864263418576,2,belgium_2026_R|NOR|PIA,belgium_2026_R|L15|belgium_2026_R|NOR|PIA,,True,v4_t0_anchored_30s_horizon
belgium_2026_R_00401,belgium_2026_R,2026,Belgian Grand Prix,LAW,LIN,41,2026-07-19 13:34:34.604,2026-07-19 13:34:44.483,9.879,9.879,2026-07-19 13:35:04.604,30.0,15,39,99.54722222222244,1.2400346020761275,25.46583333333274,289.0,270.0,19.0,12.232691306614822,1.921,True,9.0,7.0,6492.987499999997,straight_14,127.49711627659781,252.54471151828238,MEDIUM,15.0,1.0,0.9366913388362013,10096.74708229375,87298.67835290296,400.0,False,1,True,PIT_RELATED,,,False,1.0,281.0,8.0,1.306309,True,1.306309,9.50555217064252,13,True,3.0,straight,0.9184053785211583,7069.849166666669,19,953.4864263418576,2,belgium_2026_R|LAW|LIN,belgium_2026_R|L15|belgium_2026_R|LAW|LIN,,True,v4_t0_anchored_30s_horizon
belgium_2026_R_00402,belgium_2026_R,2026,Belgian Grand Prix,STR,SAI,55,2026-07-19 13:34:36.643,2026-07-19 13:35:08.844,32.201,32.201,2026-07-19 13:35:06.643,30.0,15,116,12.26138888889227,0.18546638655467299,10.348888888888723,238.0,265.0,-27.0,-27.114285714286392,1.4,True,20.0,18.0,3480.483055555554,straight_07,252.37014711119082,312.3701471111908,HARD,15.0,1.0,0.9659134087850899,22566.885268486683,4263.577068774999,400.0,False,1,False,PIT_RELATED,,,False,0.0,263.1952620545069,-25.195262054506884,0.162426,True,0.162426,-30.157489263715952,13,True,3.0,straight,0.492299478179186,7069.849166666669,19,953.4864263418576,2,belgium_2026_R|SAI|STR,belgium_2026_R|L15|belgium_2026_R|SAI|STR,,False,v4_t0_anchored_30s_horizon
belgium_2026_R_00403,belgium_2026_R,2026,Belgian Grand Prix,HUL,HAD,6,2026-07-19 13:34:42.203,2026-07-19 13:34:45.763,3.56,3.56,2026-07-19 13:35:12.203,30.0,15,12,97.83055555555256,1.3092565055761682,39.85277777777446,269.0,76.0,193.0,,,False,11.0,8.0,6584.987777777781,brake_T18,35.49683849881421,160.5444337404988,MEDIUM,15.0,1.0,0.8424146215389049,9894.709919514626,47213.939569425114,400.0,False,1,False,CLOSE_INTERACTION_NO_PASS,0.0,,False,-2.0,223.35688775509942,45.64311224490058,2.938438,True,2.938438,166.7430314493464,12,True,3.0,brake,0.9314184252791502,7069.849166666669,19,953.4864263418576,2,belgium_2026_R|HAD|HUL,belgium_2026_R|L15|belgium_2026_R|HAD|HUL,,True,v4_t0_anchored_30s_horizon
belgium_2026_R_00404,belgium_2026_R,2026,Belgian Grand Prix,HUL,COL,43,2026-07-19 13:34:45.964,2026-07-19 13:34:52.083,6.119,5.919,2026-07-19 13:35:15.964,30.0,15,24,44.7527777777741,2.269154929577278,14.042777777776791,71.0,71.0,0.0,,,False,11.0,12.0,6717.751944444448,corner_T19,,27.780267073831965,MEDIUM,15.0,1.0,0.908521710844137,11577.091901630209,696.5614232484004,352.0972222222208,True,1,False,PIT_RELATED,,6.359,False,-2.0,86.86635057471295,-15.866350574712953,2.174459,True,2.174459,14.874956712033931,9,True,3.0,corner,0.9501973501949222,7069.849166666669,19,953.4864263418576,2,belgium_2026_R|COL|HUL,belgium_2026_R|L15|belgium_2026_R|COL|HUL,,True,v4_t0_anchored_30s_horizon
belgium_2026_R_00405,belgium_2026_R,2026,Belgian Grand Prix,BOR,HAD,6,2026-07-19 13:34:47.483,2026-07-19 13:36:20.163,92.68,92.68,2026-07-19 13:35:17.483,30.0,15,348,10.424999999996544,0.31805084745752166,10.424999999996544,118.0,149.0,-31.0,-26.668939393938754,1.32,True,10.0,8.0,6803.966666666672,straight_15,,,MEDIUM,15.0,1.0,0.9737834563150336,9421.371388667758,77.12898839333756,265.882499999997,True,1,False,UNCERTAIN,,,False,0.0,131.6012415824941,-13.601241582494112,0.260507,True,0.260507,-19.020650116798343,10,True,3.0,straight,0.9623920548045642,7069.849166666669,19,953.4864263418576,2,belgium_2026_R|BOR|HAD,belgium_2026_R|L15|belgium_2026_R|BOR|HAD,,True,v4_t0_anchored_30s_horizon
belgium_2026_R_00406,belgium_2026_R,2026,Belgian Grand Prix,SAI,ALO,14,2026-07-19 13:34:47.963,2026-07-19 13:35:03.603,15.64,15.64,2026-07-19 13:35:17.963,30.0,15,60,99.38694444444445,1.4723991769547327,86.98000000000502,243.0,214.0,29.0,19.602301150575034,1.999,True,18.0,19.0,4301.571111111112,brake_T12,101.2212980562199,311.51432877427123,HARD,1.0,2.0,0.9563521020809467,9915.02434105023,71753.17524297997,400.0,False,1,True,PIT_RELATED,,44.28,True,2.0,255.0,-12.0,1.485698,True,1.485698,18.275782961112995,10,True,3.0,brake,0.6084388803360059,7069.849166666669,19,953.4864263418576,2,belgium_2026_R|ALO|SAI,belgium_2026_R|L15|belgium_2026_R|ALO|SAI,,False,v4_t0_anchored_30s_horizon
belgium_2026_R_00407,belgium_2026_R,2026,Belgian Grand Prix,GAS,OCO,31,2026-07-19 13:34:49.083,2026-07-19 13:35:06.923,17.84,17.84,2026-07-19 13:35:19.083,30.0,15,68,10.10333333332892,0.12673170731701783,10.10333333332892,287.0,309.0,-22.0,-23.441176470591394,1.3599999999999999,True,15.0,16.0,5901.056666666674,straight_13,180.9341331487194,240.9341331487194,HARD,1.0,2.0,0.9589185363971531,31678.44675682688,196.48551344164528,400.0,False,1,True,PIT_RELATED,,21.52,False,3.0,310.5113268608408,-23.511326860840825,0.120906,True,0.120906,-20.612781436925797,13,True,3.0,straight,0.8346792877122916,7069.849166666669,19,953.4864263418576,2,belgium_2026_R|GAS|OCO,belgium_2026_R|L15|belgium_2026_R|GAS|OCO,belgium_2026_R_00412,True,v4_t0_anchored_30s_horizon
belgium_2026_R_00408,belgium_2026_R,2026,Belgian Grand Prix,COL,LAW,30,2026-07-19 13:34:54.404,2026-07-19 13:34:58.243,3.839,3.839,2026-07-19 13:35:24.404,30.0,16,15,77.78833333333334,3.5004750000000007,45.73527777777777,80.0,80.0,0.0,,,False,15.0,13.0,11.333333333333332,straight_01,324.88797749387123,384.88797749387123,HARD,1.0,2.0,0.9620530821489119,17000.44630261566,75212.5278246998,399.99999999999994,False,1,True,PIT_RELATED,,5.959,False,3.0,79.54068716094032,0.45931283905967746,3.512392,True,3.512392,7.669025369267838,13,True,3.0,straight,0.001603051644548286,7069.849166666669,19,953.4864263418576,2,belgium_2026_R|COL|LAW,belgium_2026_R|L16|belgium_2026_R|COL|LAW,belgium_2026_R_00410,False,v4_t0_anchored_30s_horizon
belgium_2026_R_00409,belgium_2026_R,2026,Belgian Grand Prix,HUL,BOR,5,2026-07-19 13:34:56.483,2026-07-19 13:35:01.764,5.281,5.281,2026-07-19 13:35:26.483,30.0,16,20,95.2161111111111,1.4106090534979423,45.29388888888883,243.0,99.0,144.0,109.94999999999995,1.72,True,10.0,9.0,254.38194444444446,brake_T1,81.83936638276009,141.8393663827601,MEDIUM,16.0,1.0,0.8780748847676615,16364.85772845106,53776.24550665219,400.0,False,1,False,CLOSE_INTERACTION_NO_PASS,0.0,,False,-1.0,235.2674287856072,7.732571214392806,2.184211,True,2.184211,70.29889401795259,11,True,3.0,brake,0.03598124068103448,7069.849166666669,19,953.4864263418576,2,belgium_2026_R|BOR|HUL,belgium_2026_R|L16|belgium_2026_R|BOR|HUL,,False,v4_t0_anchored_30s_horizon
belgium_2026_R_00410,belgium_2026_R,2026,Belgian Grand Prix,LAW,COL,43,2026-07-19 13:35:01.123,2026-07-19 13:35:05.763,4.64,4.64,2026-07-19 13:35:31.123,30.0,16,18,17.464722222222207,,17.464722222222207,0.0,79.0,-79.0,-79.0,0.76,True,13.0,15.0,142.07972222222222,straight_01,194.14158860498233,254.14158860498233,HARD,1.0,2.0,0.9366913388362013,15613.480650915732,75175.85871018871,400.0,False,1,True,PIT_RELATED,,6.2,False,4.0,79.0,-79.0,0.79586,True,0.79586,-79.00000000000698,11,True,3.0,straight,0.020096570502820325,7069.849166666669,19,953.4864263418576,2,belgium_2026_R|COL|LAW,belgium_2026_R|L16|belgium_2026_R|COL|LAW,belgium_2026_R_00408,False,v4_t0_anchored_30s_horizon
belgium_2026_R_00411,belgium_2026_R,2026,Belgian Grand Prix,HAM,LEC,16,2026-07-19 13:35:03.443,2026-07-19 13:35:25.883,22.44,22.44,2026-07-19 13:35:33.443,30.0,16,92,99.47472222222314,1.122598746081515,49.45999999999958,319.0,199.0,120.0,46.505709624796964,1.839,True,4.0,3.0,2245.497500000001,brake_T5,103.88269902960337,220.29681146841995,MEDIUM,16.0,1.0,0.8450644229869384,7514.749498320173,99922.14926694463,400.0,False,1,False,CLOSE_INTERACTION_NO_PASS,0.0,,False,0.0,316.6291426927503,2.3708573072497074,1.377411,True,1.377411,28.137892719270557,10,True,3.0,brake,0.31761604060624116,7069.849166666669,19,953.4864263418576,2,belgium_2026_R|HAM|LEC,belgium_2026_R|L16|belgium_2026_R|HAM|LEC,,False,v4_t0_anchored_30s_horizon
belgium_2026_R_00412,belgium_2026_R,2026,Belgian Grand Prix,OCO,GAS,10,2026-07-19 13:35:08.044,2026-07-19 13:35:12.804,4.76,4.76,2026-07-19 13:35:38.044,30.0,16,15,51.56333333333333,0.871492957746479,28.01749999999987,213.0,255.0,-42.0,,,False,16.0,14.0,17.986666666666665,straight_01,318.23464416053787,378.23464416053787,HARD,15.0,2.0,0.5037004151047914,16929.86733763571,75210.6618317347,400.0,False,1,True,PIT_RELATED,,,False,0.0,238.50644351464436,-25.50644351464436,0.745677,True,0.745677,-41.08512776916913,14,True,3.0,straight,0.0025441372570536914,7069.849166666669,19,953.4864263418576,2,belgium_2026_R|GAS|OCO,belgium_2026_R|L16|belgium_2026_R|GAS|OCO,belgium_2026_R_00407,False,v4_t0_anchored_30s_horizon
belgium_2026_R_00413,belgium_2026_R,2026,Belgian Grand Prix,COL,OCO,31,2026-07-19 13:35:11.804,2026-07-19 13:35:18.243,6.439,6.439,2026-07-19 13:35:41.804,30.0,16,29,19.303055555555545,1.3898199999999992,19.303055555555545,50.0,232.0,-182.0,-181.99999999999991,0.321,True,15.0,16.0,252.3227777777778,brake_T1,83.89853304942676,143.89853304942676,HARD,1.0,2.0,0.9620530821489119,16281.87320237482,54929.8571802364,400.0,False,1,True,PIT_RELATED,,109.92,True,3.0,234.79934740573637,-184.79934740573637,0.29953,True,0.29953,-223.58968479316457,12,True,3.0,brake,0.03568998034179339,7069.849166666669,19,953.4864263418576,2,belgium_2026_R|COL|OCO,belgium_2026_R|L16|belgium_2026_R|COL|OCO,,False,v4_t0_anchored_30s_horizon
belgium_2026_R_00414,belgium_2026_R,2026,Belgian Grand Prix,VER,ANT,12,2026-07-19 13:35:14.043,2026-07-19 13:35:17.643,3.6,3.6,2026-07-19 13:35:44.043,30.0,16,16,94.43916666666519,1.6112843601895483,78.32388888888818,211.0,117.0,94.0,96.94800000000187,2.0,True,2.0,1.0,2929.437500000001,brake_T8,52.10546663842706,112.10546663842706,MEDIUM,16.0,1.0,0.6900070723393503,10420.80981863902,32608.062143485553,400.0,False,1,False,CLOSE_INTERACTION_NO_PASS,0.0,,False,0.0,200.58235460709253,10.417645392907474,2.406689,True,2.406689,83.42222659064392,13,True,3.0,brake,0.41435643546850776,7069.849166666669,19,953.4864263418576,2,belgium_2026_R|ANT|VER,belgium_2026_R|L16|belgium_2026_R|ANT|VER,,False,v4_t0_anchored_30s_horizon
belgium_2026_R_00415,belgium_2026_R,2026,Belgian Grand Prix,GAS,LAW,30,2026-07-19 13:35:16.244,2026-07-19 13:35:37.604,21.36,19.52,2026-07-19 13:35:46.244,30.0,16,75,10.651944444444439,0.27990510948905095,10.627222222221917,137.0,176.0,-39.0,-28.86666666666645,1.2,True,14.0,13.0,444.10111111111104,straight_02,569.8834030084558,831.7926615766355,HARD,2.0,2.0,0.9967558731849705,23022.12775925563,9.058097482459361,400.00000000000006,False,1,False,PIT_RELATED,,21.719,False,-1.0,161.673484848485,-24.673484848485003,0.214897,True,0.214897,-19.00854851811986,13,True,3.0,straight,0.06281620733932833,7069.849166666669,19,953.4864263418576,2,belgium_2026_R|GAS|LAW,belgium_2026_R|L16|belgium_2026_R|GAS|LAW,belgium_2026_R_00420,False,v4_t0_anchored_30s_horizon
belgium_2026_R_00416,belgium_2026_R,2026,Belgian Grand Prix,STR,SAI,55,2026-07-19 13:35:22.924,2026-07-19 13:35:31.163,8.239,8.239,2026-07-19 13:35:52.924,30.0,15,30,98.44472222221793,1.2934343065692866,10.15722222221757,274.0,136.0,138.0,88.93478260869692,1.8399999999999999,True,20.0,18.0,6497.7697222222205,straight_14,122.71489405437478,247.76248929605936,HARD,15.0,1.0,0.8903005355871059,9897.854279407733,87298.0201373425,400.0,False,1,False,PIT_RELATED,,,False,0.0,288.35936421670084,-14.35936421670084,1.8978570000000001,True,1.8978570000000001,43.50722794070543,11,True,3.0,straight,0.9190818034503874,7069.849166666669,19,953.4864263418576,2,belgium_2026_R|SAI|STR,belgium_2026_R|L15|belgium_2026_R|SAI|STR,,True,v4_t0_anchored_30s_horizon
belgium_2026_R_00417,belgium_2026_R,2026,Belgian Grand Prix,ALO,SAI,55,2026-07-19 13:35:32.563,2026-07-19 13:35:43.804,11.241,11.241,2026-07-19 13:36:02.563,30.0,16,43,69.81333333333332,1.1744299065420558,26.795000000000016,214.0,247.0,-33.0,-753.2250000001673,0.32,True,19.0,18.0,14.240555555555556,straight_01,321.980755271649,381.980755271649,HARD,16.0,1.0,0.7191667341098799,16969.606312323405,75211.71246554931,400.0,False,1,False,CLOSE_INTERACTION_NO_PASS,0.0,,False,0.0,223.1597659574468,-9.159765957446808,1.044314,True,1.044314,-50.343868578643544,11,True,3.0,straight,0.0020142658237601086,7069.849166666669,19,953.4864263418576,2,belgium_2026_R|ALO|SAI,belgium_2026_R|L16|belgium_2026_R|ALO|SAI,,False,v4_t0_anchored_30s_horizon
belgium_2026_R_00418,belgium_2026_R,2026,Belgian Grand Prix,HUL,BOR,5,2026-07-19 13:35:37.004,2026-07-19 13:35:44.723,7.719,7.719,2026-07-19 13:36:07.004,30.0,16,31,95.69694444444531,1.453624472573853,58.93722222222277,237.0,126.0,111.0,68.79166666666833,1.92,True,10.0,9.0,2898.078333333333,brake_T8,83.46463330509505,143.46463330509505,MEDIUM,16.0,1.0,0.856510043798589,8921.83648051924,47543.25937845008,400.0,False,1,False,CLOSE_INTERACTION_NO_PASS,0.0,,False,-1.0,227.6602391629303,9.33976083706969,2.059807,True,2.059807,37.711234592489596,10,True,3.0,brake,0.40992081514233136,7069.849166666669,19,953.4864263418576,2,belgium_2026_R|BOR|HUL,belgium_2026_R|L16|belgium_2026_R|BOR|HUL,,False,v4_t0_anchored_30s_horizon
belgium_2026_R_00419,belgium_2026_R,2026,Belgian Grand Prix,STR,ALO,14,2026-07-19 13:35:38.363,2026-07-19 13:35:44.004,5.641,5.641,2026-07-19 13:36:08.363,30.0,16,25,84.58833333333331,1.2378780487804875,41.31055555555565,246.0,104.0,142.0,93.79479326186829,1.959,True,20.0,19.0,263.9247222222222,brake_T1,72.29658860498233,132.29658860498233,HARD,16.0,1.0,0.9367900144223397,16749.43217993131,48430.07318312436,400.00000000000006,False,1,False,CLOSE_INTERACTION_NO_PASS,0.0,,False,0.0,247.0,-1.0,2.008591,True,2.008591,55.75712001658483,10,True,3.0,brake,0.03733102588193673,7069.849166666669,19,953.4864263418576,2,belgium_2026_R|ALO|STR,belgium_2026_R|L16|belgium_2026_R|ALO|STR,,False,v4_t0_anchored_30s_horizon
belgium_2026_R_00420,belgium_2026_R,2026,Belgian Grand Prix,LAW,GAS,10,2026-07-19 13:35:38.363,2026-07-19 13:36:09.004,30.641,22.281,2026-07-19 13:36:08.363,30.0,16,84,10.413888888889232,0.15239837398374487,10.413888888889232,246.0,315.0,-69.0,-69.00000000000273,0.4,True,13.0,14.0,2227.2319444444443,straight_03,122.14825458515998,238.56236702397655,HARD,1.0,2.0,0.9366913388362013,7492.851471354066,112189.96339304818,400.0,False,1,True,PIT_RELATED,,31.001,True,4.0,315.60341269841274,-69.60341269841274,0.120682,True,0.120682,-23.846745543788547,10,True,3.0,straight,0.31503245570577737,7069.849166666669,19,953.4864263418576,2,belgium_2026_R|GAS|LAW,belgium_2026_R|L16|belgium_2026_R|GAS|LAW,belgium_2026_R_00415,False,v4_t0_anchored_30s_horizon
belgium_2026_R_00421,belgium_2026_R,2026,Belgian Grand Prix,OCO,LAW,30,2026-07-19 13:35:38.523,2026-07-19 13:36:02.924,24.401,24.401,2026-07-19 13:36:08.523,30.0,16,73,98.8219444444444,1.125819620253164,10.02944444444438,316.0,215.0,101.0,78.85714285714421,0.56,True,16.0,13.0,2137.9655555555555,straight_03,211.41464347404872,327.8287559128653,HARD,15.0,2.0,0.5037004151047914,12781.018458459217,112283.50699646329,400.0,False,1,True,PIT_RELATED,,,False,0.0,302.38391674550616,13.616083254493844,1.3464960000000001,True,1.3464960000000001,29.262931337126144,11,True,3.0,straight,0.3024061058665521,7069.849166666669,19,953.4864263418576,2,belgium_2026_R|LAW|OCO,belgium_2026_R|L16|belgium_2026_R|LAW|OCO,,False,v4_t0_anchored_30s_horizon
belgium_2026_R_00422,belgium_2026_R,2026,Belgian Grand Prix,HAM,LEC,16,2026-07-19 13:35:40.283,2026-07-19 13:35:52.403,12.12,12.12,2026-07-19 13:36:10.283,30.0,16,42,99.85999999999967,1.366904942965775,70.94222222222015,263.0,185.0,78.0,32.22916666666492,1.92,True,4.0,3.0,4347.443888888891,brake_T12,55.348520278441356,265.6415509964927,MEDIUM,16.0,1.0,0.8736504057967858,10081.58651279871,55870.876122475645,400.0,False,1,False,CLOSE_INTERACTION_NO_PASS,0.0,,False,0.0,264.0,-1.0,1.613337,True,1.613337,16.137861197581934,12,True,3.0,brake,0.6149273890292412,7069.849166666669,19,953.4864263418576,2,belgium_2026_R|HAM|LEC,belgium_2026_R|L16|belgium_2026_R|HAM|LEC,,False,v4_t0_anchored_30s_horizon
belgium_2026_R_00423,belgium_2026_R,2026,Belgian Grand Prix,ALO,SAI,55,2026-07-19 13:36:05.484,2026-07-19 13:36:12.004,6.52,6.52,2026-07-19 13:36:35.484,30.0,16,22,95.21638888888856,1.2838164794007445,76.56305555555582,267.0,157.0,110.0,86.06949999999925,2.0,True,19.0,18.0,2285.8872222222217,brake_T5,63.49297680738255,179.90708924619912,HARD,16.0,1.0,0.6568966597775349,9100.56337931781,69191.62874571107,400.0,False,1,False,CLOSE_INTERACTION_NO_PASS,0.0,,False,0.0,281.25683782409715,-14.256837824097147,1.722996,True,1.722996,55.321260487020844,13,True,3.0,brake,0.3233289944854629,7069.849166666669,19,953.4864263418576,2,belgium_2026_R|ALO|SAI,belgium_2026_R|L16|belgium_2026_R|ALO|SAI,,False,v4_t0_anchored_30s_horizon
belgium_2026_R_00424,belgium_2026_R,2026,Belgian Grand Prix,VER,ANT,12,2026-07-19 13:36:10.724,2026-07-19 13:36:17.924,7.2,7.2,2026-07-19 13:36:40.724,30.0,16,30,97.55138888889451,1.291121323529486,43.865555555560604,272.0,100.0,172.0,146.90465116278955,1.72,True,2.0,1.0,6577.041944444441,brake_T18,43.4426718321547,168.49026707383928,MEDIUM,16.0,1.0,0.609003179180602,9884.38841557465,50983.01103035533,400.0,False,1,False,PIT_RELATED,,,False,0.0,278.041579545456,-6.041579545455988,2.219043,True,2.219043,104.90365508987274,10,True,3.0,brake,0.9302945210562986,7069.849166666669,19,953.4864263418576,2,belgium_2026_R|ANT|VER,belgium_2026_R|L16|belgium_2026_R|ANT|VER,,True,v4_t0_anchored_30s_horizon
belgium_2026_R_00425,belgium_2026_R,2026,Belgian Grand Prix,GAS,LAW,30,2026-07-19 13:36:11.644,2026-07-19 13:36:15.484,3.84,3.36,2026-07-19 13:36:41.644,30.0,16,14,10.49138888888865,0.1469610894941601,10.49138888888865,257.0,272.0,-15.0,-14.617021276596384,1.88,True,14.0,13.0,4070.701666666668,straight_09,332.09074250066396,542.3837732187153,HARD,2.0,2.0,0.961717105734539,20227.201773721616,77171.79752163755,399.99999999999955,False,1,False,PIT_RELATED,,4.16,False,-1.0,272.0,-15.0,0.136926,True,0.136926,-14.832361704500503,12,True,3.0,straight,0.5757833824601869,7069.849166666669,19,953.4864263418576,2,belgium_2026_R|GAS|LAW,belgium_2026_R|L16|belgium_2026_R|GAS|LAW,,False,v4_t0_anchored_30s_horizon
belgium_2026_R_00426,belgium_2026_R,2026,Belgian Grand Prix,HAM,LEC,16,2026-07-19 13:36:13.283,2026-07-19 13:36:20.844,7.561,7.561,2026-07-19 13:36:43.283,30.0,16,32,99.27888888888629,1.285625899280542,47.79472222221739,278.0,123.0,155.0,89.08389786347058,1.919,True,4.0,3.0,6570.574444444444,brake_T18,49.91017183215081,174.95776707383538,MEDIUM,16.0,1.0,0.8481530983412617,9875.987241785653,54050.84150840834,400.0,False,1,False,CLOSE_INTERACTION_NO_PASS,0.0,,False,0.0,287.7722747635638,-9.772274763563814,1.855236,True,1.855236,50.22458103190073,13,True,3.0,brake,0.9293797207759066,7069.849166666669,19,953.4864263418576,2,belgium_2026_R|HAM|LEC,belgium_2026_R|L16|belgium_2026_R|HAM|LEC,,True,v4_t0_anchored_30s_horizon
belgium_2026_R_00427,belgium_2026_R,2026,Belgian Grand Prix,OCO,LAW,30,2026-07-19 13:36:17.204,2026-07-19 13:36:20.844,3.64,3.64,2026-07-19 13:36:47.204,30.0,16,16,95.80944444444049,1.326592307692253,73.66499999999633,260.0,150.0,110.0,99.2571428571438,1.4,True,16.0,13.0,4336.960000000004,brake_T12,65.83240916732848,276.1254398853798,HARD,15.0,2.0,0.5037004151047914,9993.160295133815,59186.04079352051,400.0,False,1,True,PIT_RELATED,,,False,0.0,211.5629084967269,48.43709150327311,2.050754,True,2.050754,73.7581247499179,13,True,3.0,brake,0.6134444876770713,7069.849166666669,19,953.4864263418576,2,belgium_2026_R|LAW|OCO,belgium_2026_R|L16|belgium_2026_R|LAW|OCO,,False,v4_t0_anchored_30s_horizon
belgium_2026_R_00428,belgium_2026_R,2026,Belgian Grand Prix,COL,OCO,31,2026-07-19 13:36:19.923,2026-07-19 13:36:25.044,5.121,5.121,2026-07-19 13:36:49.923,30.0,16,15,99.63194444444616,2.255817610062932,98.54166666666879,159.0,152.0,7.0,28.552276138068592,1.999,True,15.0,16.0,4379.928055555558,brake_T12,22.864353611774277,233.15738432982562,HARD,1.0,2.0,0.9620530821489119,10355.573772943579,45598.88994988096,400.0,False,1,True,PIT_RELATED,,41.801,True,3.0,230.04538690476454,-71.04538690476454,2.090458,True,2.090458,33.16829053139693,13,True,3.0,brake,0.6195221358054277,7069.849166666669,19,953.4864263418576,2,belgium_2026_R|COL|OCO,belgium_2026_R|L16|belgium_2026_R|COL|OCO,,False,v4_t0_anchored_30s_horizon
belgium_2026_R_00429,belgium_2026_R,2026,Belgian Grand Prix,NOR,PIA,81,2026-07-19 13:36:20.163,2026-07-19 13:36:26.244,6.081,6.081,2026-07-19 13:36:50.163,30.0,16,23,97.64999999999782,1.3678599221789578,54.04722222221881,257.0,84.0,173.0,175.9494747373703,1.999,True,6.0,5.0,6587.067777777782,brake_T18,33.41683849881338,158.46443374049795,HARD,16.0,1.0,0.8191825758119572,9897.411804552296,46227.30062170858,400.0,False,1,False,CLOSE_INTERACTION_NO_PASS,0.0,,False,0.0,239.0,18.0,2.6807689999999997,True,2.6807689999999997,152.5880739873434,13,True,3.0,brake,0.9317126324045027,7069.849166666669,19,953.4864263418576,2,belgium_2026_R|NOR|PIA,belgium_2026_R|L16|belgium_2026_R|NOR|PIA,,True,v4_t0_anchored_30s_horizon
belgium_2026_R_00430,belgium_2026_R,2026,Belgian Grand Prix,STR,ALO,14,2026-07-19 13:36:20.684,2026-07-19 13:36:24.324,3.64,3.64,2026-07-19 13:36:50.684,30.0,16,14,97.75638888888716,1.7083640776698727,75.83416666666517,206.0,111.0,95.0,99.14500000000035,2.0,True,20.0,19.0,2919.5500000000015,brake_T8,61.992966638426424,121.99296663842642,HARD,16.0,1.0,0.9475068558608528,9948.185688087366,37317.108280788176,400.0,False,1,False,CLOSE_INTERACTION_NO_PASS,0.0,,False,0.0,202.7907994923815,3.2092005076185046,2.567923,True,2.567923,87.23491046855798,12,True,3.0,brake,0.41295789078008394,7069.849166666669,19,953.4864263418576,2,belgium_2026_R|ALO|STR,belgium_2026_R|L16|belgium_2026_R|ALO|STR,,False,v4_t0_anchored_30s_horizon
belgium_2026_R_00431,belgium_2026_R,2026,Belgian Grand Prix,BOR,HAD,6,2026-07-19 13:36:23.884,2026-07-19 13:36:53.885,30.001,30.001,2026-07-19 13:36:53.884,30.0,16,98,99.10638888889025,1.13264444444446,10.33555555555813,315.0,304.0,11.0,6.782608695651344,1.8399999999999999,True,9.0,8.0,5885.28,straight_13,196.71079981539333,256.71079981539333,MEDIUM,16.0,1.0,0.9157729206983237,31771.536970528632,192.32296280038855,400.0,False,1,False,CLOSE_INTERACTION_NO_PASS,0.0,,False,-1.0,314.97598195329107,0.024018046708931706,1.157117,True,1.157117,4.182887075371241,10,True,3.0,straight,0.8324477455259238,7069.849166666669,19,953.4864263418576,2,belgium_2026_R|BOR|HAD,belgium_2026_R|L16|belgium_2026_R|BOR|HAD,,True,v4_t0_anchored_30s_horizon
belgium_2026_R_00432,belgium_2026_R,2026,Belgian Grand Prix,HUL,BOR,5,2026-07-19 13:36:34.844,2026-07-19 13:36:41.844,7.0,7.0,2026-07-19 13:37:04.844,30.0,16,26,96.69638888889222,1.3440424710425174,48.947777777781084,259.0,98.0,161.0,129.46808510638337,1.88,True,10.0,9.0,6587.130277777773,brake_T18,33.35433849882247,158.40193374050705,MEDIUM,16.0,1.0,0.8142632629817863,9897.492991001733,46197.65401871661,400.0,False,1,False,CLOSE_INTERACTION_NO_PASS,0.0,,False,-1.0,252.25030000000305,6.749699999996949,2.19462,True,2.19462,91.68288054795336,12,True,3.0,brake,0.9317214727628353,7069.849166666669,19,953.4864263418576,2,belgium_2026_R|BOR|HUL,belgium_2026_R|L16|belgium_2026_R|BOR|HUL,,True,v4_t0_anchored_30s_horizon
belgium_2026_R_00433,belgium_2026_R,2026,Belgian Grand Prix,LAW,GAS,10,2026-07-19 13:36:49.004,2026-07-19 13:36:55.924,6.92,6.4,2026-07-19 13:37:19.004,30.0,16,25,12.624722222220043,0.32233333333327774,12.624722222220043,141.0,234.0,-93.0,-93.00000000000546,0.4,True,13.0,14.0,6591.028888888891,brake_T18,29.455727387704428,154.503322629389,HARD,1.0,2.0,0.9366913388362013,9902.557221304049,44348.36480514549,400.0,False,1,True,PIT_RELATED,,7.36,False,4.0,245.78820512820369,-104.78820512820369,0.19647,True,0.19647,-66.96425427662402,9,True,3.0,brake,0.9322729146704647,7069.849166666669,19,953.4864263418576,2,belgium_2026_R|GAS|LAW,belgium_2026_R|L16|belgium_2026_R|GAS|LAW,belgium_2026_R_00437,True,v4_t0_anchored_30s_horizon
belgium_2026_R_00434,belgium_2026_R,2026,Belgian Grand Prix,BEA,ALB,23,2026-07-19 13:36:49.724,2026-07-19 13:38:49.885,120.161,119.481,2026-07-19 13:37:19.724,30.0,16,387,11.20416666665551,0.25052795031030956,10.261388888888973,161.0,185.0,-24.0,-26.964285714287985,1.12,True,12.0,11.0,6816.84055555556,straight_15,,,HARD,15.0,2.0,0.926307034105013,8965.193609240147,73.39444389835126,253.00861111110862,True,1,False,UNCERTAIN,,,False,-2.0,175.4825284090965,-14.482528409096489,0.220698,True,0.220698,-25.348952086784408,10,True,3.0,straight,0.964213011459423,7069.849166666669,19,953.4864263418576,2,belgium_2026_R|ALB|BEA,belgium_2026_R|L16|belgium_2026_R|ALB|BEA,,True,v4_t0_anchored_30s_horizon
belgium_2026_R_00435,belgium_2026_R,2026,Belgian Grand Prix,OCO,LAW,30,2026-07-19 13:36:50.204,2026-07-19 13:36:55.924,5.72,5.72,2026-07-19 13:37:20.204,30.0,16,16,86.11361111110818,1.0954381625441323,11.421111111105347,283.0,87.0,196.0,175.02500000000077,1.6,True,16.0,13.0,6537.237500000005,brake_T18,83.24711627659053,208.2947115182751,HARD,15.0,2.0,0.5037004151047914,9832.683111306807,69864.07602126089,400.0,False,1,True,PIT_RELATED,,,False,0.0,211.9572751976256,71.04272480237441,2.424179,True,2.424179,143.4358418958402,10,True,3.0,brake,0.9246643522215647,7069.849166666669,19,953.4864263418576,2,belgium_2026_R|LAW|OCO,belgium_2026_R|L16|belgium_2026_R|LAW|OCO,,True,v4_t0_anchored_30s_horizon
belgium_2026_R_00436,belgium_2026_R,2026,Belgian Grand Prix,HAM,LEC,16,2026-07-19 13:36:55.724,2026-07-19 13:37:04.524,8.8,8.8,2026-07-19 13:37:25.724,30.0,17,30,96.27694444444433,1.1514850498338856,61.05472222222261,301.0,163.0,138.0,110.1109298531822,1.839,True,3.0,2.0,2288.263055555556,brake_T5,61.117143474048135,177.5312559128647,MEDIUM,17.0,1.0,0.8403741620052734,9195.681166255255,67383.98625282261,400.0,False,1,False,CLOSE_INTERACTION_NO_PASS,0.0,,False,-1.0,293.3998605577697,7.600139442230272,1.717031,True,1.717031,71.23941107648606,11,True,3.0,brake,0.3236650459735959,7069.849166666669,19,953.4864263418576,2,belgium_2026_R|HAM|LEC,belgium_2026_R|L17|belgium_2026_R|HAM|LEC,,False,v4_t0_anchored_30s_horizon
belgium_2026_R_00437,belgium_2026_R,2026,Belgian Grand Prix,GAS,LAW,30,2026-07-19 13:36:57.004,2026-07-19 13:37:01.365,4.361,4.361,2026-07-19 13:37:27.004,30.0,16,13,10.043333333331248,0.2165029940119311,10.043333333331248,167.0,210.0,-43.0,-40.50000000000409,0.64,True,14.0,13.0,6838.998611111113,straight_15,,,HARD,2.0,2.0,0.9848332736834232,8180.03749464216,66.96668573539134,230.85055555555573,True,1,False,PIT_RELATED,,,False,-1.0,208.5860714285718,-41.58607142857181,0.169671,True,0.169671,-56.184136877957414,11,True,3.0,straight,0.9673471738769218,7069.849166666669,19,953.4864263418576,2,belgium_2026_R|GAS|LAW,belgium_2026_R|L16|belgium_2026_R|GAS|LAW,belgium_2026_R_00433,True,v4_t0_anchored_30s_horizon
belgium_2026_R_00438,belgium_2026_R,2026,Belgian Grand Prix,COL,LIN,41,2026-07-19 13:37:05.044,2026-07-19 13:37:08.884,3.84,3.84,2026-07-19 13:37:35.044,30.0,17,16,94.45083333333343,1.3600920000000014,51.688611111111186,250.0,65.0,185.0,212.28124999999986,1.28,True,15.0,12.0,259.14444444444445,brake_T1,77.0768663827601,137.0768663827601,HARD,2.0,2.0,0.968973196002466,16556.786731496664,51108.13918753696,399.99999999999994,False,1,False,PIT_RELATED,,99.721,True,0.0,79.06183035714285,170.93816964285713,4.667062,True,4.667062,205.6890206725749,11,True,3.0,brake,0.03665487598607811,7069.849166666669,19,953.4864263418576,2,belgium_2026_R|COL|LIN,belgium_2026_R|L17|belgium_2026_R|COL|LIN,,False,v4_t0_anchored_30s_horizon
belgium_2026_R_00439,belgium_2026_R,2026,Belgian Grand Prix,LIN,LAW,30,2026-07-19 13:37:11.684,2026-07-19 13:37:21.605,9.921,9.921,2026-07-19 13:37:41.684,30.0,17,40,82.80027777777752,1.0645749999999967,81.98083333333307,280.0,,,,,False,12.0,,678.4644444444447,straight_02,335.5200696751223,597.4293282433019,HARD,1.0,2.0,0.8741987834398554,27896.338236336655,24.83174875462822,400.0000000000001,False,1,True,INVALID,,,False,5.0,,,,False,,,0,False,3.0,straight,0.0959659008912535,7069.849166666669,19,953.4864263418576,2,belgium_2026_R|LAW|LIN,belgium_2026_R|L17|belgium_2026_R|LAW|LIN,,False,v4_t0_anchored_30s_horizon
belgium_2026_R_00440,belgium_2026_R,2026,Belgian Grand Prix,NOR,PIA,81,2026-07-19 13:37:14.485,2026-07-19 13:37:18.564,4.079,4.079,2026-07-19 13:37:44.485,30.0,17,17,99.92305555555595,1.7294375000000068,77.3486111111124,208.0,117.0,91.0,99.38563829787161,1.88,True,6.0,5.0,2924.459722222223,brake_T8,57.08324441620516,117.08324441620516,HARD,17.0,1.0,0.892493539860604,10182.871219973847,34978.79136895188,400.0,False,1,False,CLOSE_INTERACTION_NO_PASS,0.0,,False,0.0,191.78173758865253,16.218262411347467,2.265829,True,2.265829,82.76093098776701,12,True,3.0,brake,0.413652350040314,7069.849166666669,19,953.4864263418576,2,belgium_2026_R|NOR|PIA,belgium_2026_R|L17|belgium_2026_R|NOR|PIA,,False,v4_t0_anchored_30s_horizon
belgium_2026_R_00441,belgium_2026_R,2026,Belgian Grand Prix,BOR,HAD,6,2026-07-19 13:37:15.364,2026-07-19 13:37:23.484,8.12,8.12,2026-07-19 13:37:45.364,30.0,17,32,92.17138888888894,1.0808371335504894,67.52444444444518,307.0,165.0,142.0,102.40500297796216,1.679,True,8.0,7.0,2276.595833333333,brake_T5,72.78436569627138,189.19847813508795,MEDIUM,17.0,1.0,0.8585009016209634,8728.577543322348,76260.94170544427,400.0,False,1,False,CLOSE_INTERACTION_NO_PASS,0.0,,False,-1.0,294.390306122449,12.609693877551024,1.691489,True,1.691489,61.45834641216406,12,True,3.0,brake,0.3220147671703037,7069.849166666669,19,953.4864263418576,2,belgium_2026_R|BOR|HAD,belgium_2026_R|L17|belgium_2026_R|BOR|HAD,,False,v4_t0_anchored_30s_horizon
belgium_2026_R_00442,belgium_2026_R,2026,Belgian Grand Prix,HUL,BOR,5,2026-07-19 13:37:17.764,2026-07-19 13:37:23.244,5.48,5.48,2026-07-19 13:37:47.764,30.0,17,23,99.35277777777674,1.1765460526315668,79.65249999999924,304.0,150.0,154.0,134.97653061224457,1.96,True,9.0,8.0,2302.140833333334,brake_T5,47.2393656962704,163.65347813508697,MEDIUM,17.0,1.0,0.7867144107492933,9751.285589895222,56825.13918808906,400.0,False,1,False,CLOSE_INTERACTION_NO_PASS,0.0,,False,-1.0,250.22963414634035,53.770365853659655,2.036902,True,2.036902,104.20124811063393,11,True,3.0,brake,0.3256279984285379,7069.849166666669,19,953.4864263418576,2,belgium_2026_R|BOR|HUL,belgium_2026_R|L17|belgium_2026_R|BOR|HUL,,False,v4_t0_anchored_30s_horizon
belgium_2026_R_00443,belgium_2026_R,2026,Belgian Grand Prix,STR,ALO,14,2026-07-19 13:37:20.725,2026-07-19 13:37:25.884,5.159,5.159,2026-07-19 13:37:50.725,30.0,16,19,90.62555555555082,1.331640816326461,62.275555555549545,245.0,76.0,169.0,173.3355145746595,1.681,True,20.0,19.0,6607.0988888888905,brake_T18,13.38572738770472,138.4333226293893,HARD,16.0,1.0,0.9025288091565921,9923.431881186414,36725.630242742605,400.0,False,1,False,PIT_RELATED,,,False,0.0,218.32619680850118,26.67380319149882,2.934292,True,2.934292,157.75081246455557,14,True,3.0,brake,0.9345459476052785,7069.849166666669,19,953.4864263418576,2,belgium_2026_R|ALO|STR,belgium_2026_R|L16|belgium_2026_R|ALO|STR,,True,v4_t0_anchored_30s_horizon
belgium_2026_R_00444,belgium_2026_R,2026,Belgian Grand Prix,LIN,GAS,10,2026-07-19 13:37:24.284,2026-07-19 13:37:55.005,30.721,29.041,2026-07-19 13:37:54.284,30.0,17,111,11.073055555555811,0.13069836065574073,11.073055555555811,305.0,321.0,-16.0,-15.999999999999655,1.959,True,12.0,14.0,1735.5369444444448,straight_03,613.8432545851595,730.257367023976,HARD,1.0,2.0,0.8741987834398554,34579.68897251574,509.67893259929747,400.0000000000002,False,1,True,PIT_RELATED,,30.881,True,5.0,321.0,-16.0,0.129323,True,0.129323,-14.606129459909331,11,True,3.0,straight,0.24548429584993894,7069.849166666669,19,953.4864263418576,2,belgium_2026_R|GAS|LIN,belgium_2026_R|L17|belgium_2026_R|GAS|LIN,,False,v4_t0_anchored_30s_horizon
belgium_2026_R_00445,belgium_2026_R,2026,Belgian Grand Prix,SAI,OCO,31,2026-07-19 13:37:26.605,2026-07-19 13:37:34.525,7.92,7.92,2026-07-19 13:37:56.605,30.0,17,32,97.33000000000007,1.2834725274725285,15.035000000000082,273.0,82.0,191.0,184.56533055700157,1.921,True,18.0,17.0,217.7613888888889,brake_T1,118.45992193831566,178.45992193831566,HARD,3.0,2.0,0.9353760405563847,14889.047393804512,74292.26349873374,400.0,False,16,True,PIT_RELATED,,43.12,True,0.0,69.67207207207194,203.32792792792804,4.377378,True,4.377378,180.37814329893527,11,True,3.0,brake,0.030801419345069313,7069.849166666669,19,953.4864263418576,2,belgium_2026_R|OCO|SAI,belgium_2026_R|L17|belgium_2026_R|OCO|SAI,,False,v4_t0_anchored_30s_horizon
belgium_2026_R_00446,belgium_2026_R,2026,Belgian Grand Prix,HAM,LEC,16,2026-07-19 13:37:32.364,2026-07-19 13:37:38.004,5.64,5.64,2026-07-19 13:38:02.364,30.0,17,24,98.51722222222361,1.3485247148289163,79.22527777778123,263.0,153.0,110.0,78.41914893616668,1.88,True,3.0,2.0,4382.339444444445,brake_T12,20.452964722887373,230.7459954409387,MEDIUM,17.0,1.0,0.8480989140060138,10375.912599596868,44836.37221077541,400.0,False,1,False,CLOSE_INTERACTION_NO_PASS,0.0,,False,-1.0,261.0,2.0,1.911681,True,1.911681,47.06151663724742,11,True,3.0,brake,0.6198632164751903,7069.849166666669,19,953.4864263418576,2,belgium_2026_R|HAM|LEC,belgium_2026_R|L17|belgium_2026_R|HAM|LEC,,False,v4_t0_anchored_30s_horizon
belgium_2026_R_00447,belgium_2026_R,2026,Belgian Grand Prix,COL,LIN,41,2026-07-19 13:37:43.444,2026-07-19 13:37:54.565,11.121,11.121,2026-07-19 13:38:13.444,30.0,17,44,97.12777777778001,1.5268995633188125,15.62805555555724,229.0,170.0,59.0,24.40300166759272,1.799,True,15.0,12.0,2771.0277777777774,straight_05,210.5151888606506,270.5151888606506,HARD,2.0,2.0,0.9579047761265439,10719.269721429151,63440.295342204154,400.0,False,1,False,PIT_RELATED,,61.321,True,0.0,223.97991071428538,5.020089285714619,1.800875,True,1.800875,1.2363470111220412,9,True,3.0,straight,0.3919500561402043,7069.849166666669,19,953.4864263418576,2,belgium_2026_R|COL|LIN,belgium_2026_R|L17|belgium_2026_R|COL|LIN,,False,v4_t0_anchored_30s_horizon
belgium_2026_R_00448,belgium_2026_R,2026,Belgian Grand Prix,BOR,HAD,6,2026-07-19 13:37:51.764,2026-07-19 13:37:57.724,5.96,5.96,2026-07-19 13:38:21.764,30.0,17,22,98.5466666666689,1.3091070110701404,75.7524999999996,271.0,166.0,105.0,69.7149505526457,1.7189999999999999,True,8.0,7.0,4362.271666666666,brake_T12,40.52074250066653,250.81377321871787,MEDIUM,17.0,1.0,0.8668565337118203,10206.6512019766,51182.10790297565,400.0,False,1,False,CLOSE_INTERACTION_NO_PASS,0.0,,False,-1.0,264.68387404580244,6.31612595419756,1.826354,True,1.826354,38.96804835384787,13,True,3.0,brake,0.6170247149308581,7069.849166666669,19,953.4864263418576,2,belgium_2026_R|BOR|HAD,belgium_2026_R|L17|belgium_2026_R|BOR|HAD,,False,v4_t0_anchored_30s_horizon
belgium_2026_R_00449,belgium_2026_R,2026,Belgian Grand Prix,HUL,BOR,5,2026-07-19 13:37:54.325,2026-07-19 13:37:59.885,5.56,5.56,2026-07-19 13:38:24.325,30.0,17,20,99.04305555555402,1.4673045267489484,81.48472222221972,243.0,149.0,94.0,99.97727272727265,1.76,True,9.0,8.0,4395.719166666669,brake_T12,7.073242500663582,217.36627321871492,MEDIUM,17.0,1.0,0.7985676113966976,10488.76368396617,40605.50111994124,400.0,False,1,False,CLOSE_INTERACTION_NO_PASS,0.0,,False,-1.0,240.07556875271703,2.9244312472829677,2.06828,True,2.06828,75.74160645528066,12,True,3.0,brake,0.6217557210968316,7069.849166666669,19,953.4864263418576,2,belgium_2026_R|BOR|HUL,belgium_2026_R|L17|belgium_2026_R|BOR|HUL,,False,v4_t0_anchored_30s_horizon
belgium_2026_R_00450,belgium_2026_R,2026,Belgian Grand Prix,GAS,LAW,30,2026-07-19 13:37:57.724,2026-07-19 13:38:01.845,4.121,4.121,2026-07-19 13:38:27.724,30.0,17,16,48.12361111110749,0.651296992481154,43.11999999999716,266.0,,,,,False,14.0,,3598.410000000002,straight_07,134.44320266674276,194.44320266674276,HARD,3.0,2.0,0.9710139272939391,23473.50869157072,4263.577068774999,400.0,False,1,False,INVALID,,,False,0.0,,,,False,,,0,False,3.0,straight,0.5089797413169708,7069.849166666669,19,953.4864263418576,2,belgium_2026_R|GAS|LAW,belgium_2026_R|L17|belgium_2026_R|GAS|LAW,,False,v4_t0_anchored_30s_horizon
belgium_2026_R_00451,belgium_2026_R,2026,Belgian Grand Prix,LIN,LAW,30,2026-07-19 13:38:02.005,2026-07-19 13:38:08.485,6.48,6.48,2026-07-19 13:38:32.005,30.0,17,24,49.48805555555282,0.6905310077518998,41.23277777777457,258.0,,,,,False,12.0,,3892.8366666666675,brake_T11,86.28216085122813,146.28216085122813,HARD,1.0,2.0,0.8741987834398554,28266.234038169765,3862.50182767236,400.00000000000045,False,1,True,INVALID,,,False,5.0,,,,False,,,0,False,3.0,brake,0.5506251370992238,7069.849166666669,19,953.4864263418576,2,belgium_2026_R|LAW|LIN,belgium_2026_R|L17|belgium_2026_R|LAW|LIN,,False,v4_t0_anchored_30s_horizon
belgium_2026_R_00452,belgium_2026_R,2026,Belgian Grand Prix,VER,ANT,12,2026-07-19 13:38:02.605,2026-07-19 13:38:08.005,5.4,5.4,2026-07-19 13:38:32.605,30.0,17,20,87.36972222221993,1.4697710280373448,61.4302777777757,214.0,79.0,135.0,164.04166666667038,1.92,True,4.0,1.0,6621.753888888891,corner_T18,63.77832262938864,123.77832262938864,MEDIUM,17.0,1.0,0.6678966120017344,9985.576402798348,29776.73344809237,400.0,False,1,True,PIT_RELATED,,,False,2.0,221.27060439559938,-7.270604395599378,2.6034610000000002,True,2.6034610000000002,148.24671971332882,12,True,3.0,corner,0.9366188348274129,7069.849166666669,19,953.4864263418576,2,belgium_2026_R|ANT|VER,belgium_2026_R|L17|belgium_2026_R|ANT|VER,,True,v4_t0_anchored_30s_horizon
belgium_2026_R_00453,belgium_2026_R,2026,Belgian Grand Prix,GAS,LIN,41,2026-07-19 13:38:04.684,2026-07-19 13:38:08.485,3.801,3.081,2026-07-19 13:38:34.684,30.0,17,13,11.005833333332248,0.1535697674418453,11.005833333332248,258.0,272.0,-14.0,-14.021750951602879,1.839,True,14.0,12.0,4082.802500000002,straight_09,319.9899091673301,530.2829398853814,HARD,3.0,2.0,0.9599265796072343,19546.521073924916,77430.49973378415,399.99999999999955,False,1,False,PIT_RELATED,,3.961,False,0.0,272.0,-14.0,0.139599,True,0.139599,-14.421180397623413,10,True,3.0,straight,0.5774949937050756,7069.849166666669,19,953.4864263418576,2,belgium_2026_R|GAS|LIN,belgium_2026_R|L17|belgium_2026_R|GAS|LIN,,False,v4_t0_anchored_30s_horizon
belgium_2026_R_00454,belgium_2026_R,2026,Belgian Grand Prix,HAM,LEC,16,2026-07-19 13:38:05.125,2026-07-19 13:38:11.324,6.199,6.199,2026-07-19 13:38:35.125,30.0,17,22,93.43166666667366,1.278912547528613,44.381388888894435,263.0,97.0,166.0,143.90106382978416,1.88,True,3.0,2.0,6592.24361111111,brake_T18,28.24100516548515,153.28860040716972,MEDIUM,17.0,1.0,0.815108244354254,9904.135125052671,43772.16660557923,400.0,False,1,False,CLOSE_INTERACTION_NO_PASS,0.0,,False,-1.0,268.13263485477876,-5.1326348547787575,2.199207,True,2.199207,106.21475643411814,10,True,3.0,brake,0.9324447319459939,7069.849166666669,19,953.4864263418576,2,belgium_2026_R|HAM|LEC,belgium_2026_R|L17|belgium_2026_R|HAM|LEC,,True,v4_t0_anchored_30s_horizon
belgium_2026_R_00455,belgium_2026_R,2026,Belgian Grand Prix,NOR,PIA,81,2026-07-19 13:38:10.405,2026-07-19 13:38:33.205,22.8,22.8,2026-07-19 13:38:40.405,30.0,17,76,97.36194444443208,1.2044776632300878,29.889166666666597,291.0,159.0,132.0,48.9572916666674,1.92,True,6.0,5.0,6542.52722222223,brake_T18,77.95739405436507,203.00498929604964,HARD,17.0,1.0,0.7983874622989272,9839.554371559525,67354.91930633434,400.0,False,1,False,CLOSE_INTERACTION_NO_PASS,0.0,,False,0.0,282.5540578358142,8.445942164185794,1.388108,True,1.388108,25.752287714810027,12,True,3.0,brake,0.9254125608604655,7069.849166666669,19,953.4864263418576,2,belgium_2026_R|NOR|PIA,belgium_2026_R|L17|belgium_2026_R|NOR|PIA,,True,v4_t0_anchored_30s_horizon
belgium_2026_R_00456,belgium_2026_R,2026,Belgian Grand Prix,HAM,VER,3,2026-07-19 13:38:11.605,2026-07-19 13:38:14.965,3.36,3.36,2026-07-19 13:38:41.605,30.0,17,15,83.35472222222324,3.6153855421687195,10.388055555557003,83.0,112.0,-29.0,,,False,3.0,4.0,6782.947222222222,straight_15,,,MEDIUM,17.0,1.0,0.8924716093748793,10166.181567956095,83.22645056775814,286.9019444444466,True,1,False,PIT_RELATED,,3.64,False,-1.0,73.4756381381378,9.524361861862204,2.78877,True,2.78877,-27.309651288861176,9,True,3.0,straight,0.9594189440706673,7069.849166666669,19,953.4864263418576,2,belgium_2026_R|HAM|VER,belgium_2026_R|L17|belgium_2026_R|HAM|VER,,True,v4_t0_anchored_30s_horizon
belgium_2026_R_00457,belgium_2026_R,2026,Belgian Grand Prix,COL,GAS,10,2026-07-19 13:38:11.805,2026-07-19 13:38:29.085,17.28,17.28,2026-07-19 13:38:41.805,30.0,17,65,50.595000000001164,1.145547169811347,38.72083333333467,159.0,149.0,10.0,,,False,15.0,14.0,4460.9269444444435,corner_T12,92.15849544093999,152.15849544094,HARD,2.0,2.0,0.997189150547601,12416.09781686706,17787.838387544445,400.0,False,1,False,CLOSE_INTERACTION_NO_PASS,0.0,,False,0.0,150.01576676297333,8.984233237026672,1.249248,True,1.249248,51.34495181603046,9,True,3.0,corner,0.6309790830442434,7069.849166666669,19,953.4864263418576,2,belgium_2026_R|COL|GAS,belgium_2026_R|L17|belgium_2026_R|COL|GAS,,False,v4_t0_anchored_30s_horizon
belgium_2026_R_00458,belgium_2026_R,2026,Belgian Grand Prix,BOR,HAD,6,2026-07-19 13:38:24.685,2026-07-19 13:38:32.645,7.96,7.96,2026-07-19 13:38:54.685,30.0,17,31,89.7569444444407,1.214755639097694,32.41111111110695,266.0,109.0,157.0,109.93877551020628,1.96,True,8.0,7.0,6570.390277777781,brake_T18,50.09433849881407,175.14193374049864,MEDIUM,17.0,1.0,0.838188776228259,9875.748012381282,54138.20016523576,400.0,False,1,False,CLOSE_INTERACTION_NO_PASS,0.0,,False,-1.0,277.08022727272566,-11.080227272725665,2.015472,True,2.015472,76.76011497198618,11,True,3.0,brake,0.9293536711866832,7069.849166666669,19,953.4864263418576,2,belgium_2026_R|BOR|HAD,belgium_2026_R|L17|belgium_2026_R|BOR|HAD,,True,v4_t0_anchored_30s_horizon
belgium_2026_R_00459,belgium_2026_R,2026,Belgian Grand Prix,HUL,BOR,5,2026-07-19 13:38:27.325,2026-07-19 13:38:34.725,7.4,7.4,2026-07-19 13:38:57.325,30.0,17,30,68.01694444445275,1.1388883720931622,41.00583333334362,215.0,97.0,118.0,117.51999999999899,2.0,True,9.0,8.0,6617.30333333333,brake_T18,3.1812829432656144,128.2288781849502,MEDIUM,17.0,1.0,0.7329293186722352,9936.687282995139,31885.196430872802,400.0,False,1,False,CLOSE_INTERACTION_NO_PASS,0.0,,False,-1.0,208.0099066762441,6.9900933237559,1.930231,True,1.930231,93.16752523101724,10,True,3.0,brake,0.935989322733075,7069.849166666669,19,953.4864263418576,2,belgium_2026_R|BOR|HUL,belgium_2026_R|L17|belgium_2026_R|BOR|HUL,,True,v4_t0_anchored_30s_horizon
belgium_2026_R_00460,belgium_2026_R,2026,Belgian Grand Prix,LIN,LAW,30,2026-07-19 13:38:33.845,2026-07-19 13:38:41.965,8.12,8.12,2026-07-19 13:39:03.845,30.0,17,33,10.8008333333255,0.13788297872330427,10.8008333333255,282.0,,,-13.591117917299176,1.959,True,12.0,,6048.072222222223,brake_T17,33.918577593170085,93.91857759317008,HARD,1.0,2.0,0.8741987834398554,31020.91841030465,221.57966722409623,400.0,False,1,True,INVALID,,,False,5.0,,,,False,,,0,False,3.0,brake,0.8554740107806007,7069.849166666669,19,953.4864263418576,2,belgium_2026_R|LAW|LIN,belgium_2026_R|L17|belgium_2026_R|LAW|LIN,belgium_2026_R_00465,True,v4_t0_anchored_30s_horizon
belgium_2026_R_00461,belgium_2026_R,2026,Belgian Grand Prix,HAD,VER,3,2026-07-19 13:38:36.165,2026-07-19 13:38:45.606,9.441,9.441,2026-07-19 13:39:06.165,30.0,18,29,93.26222222222222,1.3376254980079683,11.718611111111045,251.0,82.0,169.0,165.5416666666667,1.92,True,7.0,6.0,214.2222222222222,straight_01,121.99908860498235,181.99908860498235,HARD,16.0,3.0,0.9609983651284375,14848.1886196934,75155.62563441432,400.0,False,167,True,PIT_RELATED,,45.6,True,0.0,79.19160401002506,171.80839598997494,4.2025500000000005,True,4.2025500000000005,160.41012988797016,12,True,3.0,straight,0.030300819320481325,7069.849166666669,19,953.4864263418576,2,belgium_2026_R|HAD|VER,belgium_2026_R|L18|belgium_2026_R|HAD|VER,,False,v4_t0_anchored_30s_horizon
belgium_2026_R_00462,belgium_2026_R,2026,Belgian Grand Prix,GAS,LAW,30,2026-07-19 13:38:42.165,2026-07-19 13:38:47.205,5.04,5.04,2026-07-19 13:39:12.165,30.0,17,18,54.939444444440596,1.130182857142778,38.426111111108185,175.0,,,,,False,14.0,,6609.80222222222,brake_T18,10.682394054375436,135.72998929606,HARD,3.0,2.0,0.9436820031626035,9926.943465746584,35443.31584114551,400.0,False,1,False,INVALID,,,False,0.0,,,,False,,,0,False,3.0,brake,0.9349283225710805,7069.849166666669,19,953.4864263418576,2,belgium_2026_R|GAS|LAW,belgium_2026_R|L17|belgium_2026_R|GAS|LAW,,True,v4_t0_anchored_30s_horizon
belgium_2026_R_00463,belgium_2026_R,2026,Belgian Grand Prix,COL,GAS,10,2026-07-19 13:38:44.765,2026-07-19 13:38:53.085,8.32,8.32,2026-07-19 13:39:14.765,30.0,17,26,16.597222222219898,0.538288288288213,10.354444444442379,111.0,75.0,36.0,,,False,15.0,14.0,6669.3516666666665,corner_T18,16.180544851613377,76.18054485161338,HARD,2.0,2.0,0.9854377260168025,11663.954088232842,7297.885168427533,400.0,False,1,False,UNCERTAIN,,,False,0.0,88.42270114942373,22.57729885057627,0.753816,True,0.753816,86.11159606928774,11,True,3.0,corner,0.9433513374106635,7069.849166666669,19,953.4864263418576,2,belgium_2026_R|COL|GAS,belgium_2026_R|L17|belgium_2026_R|COL|GAS,,True,v4_t0_anchored_30s_horizon
belgium_2026_R_00464,belgium_2026_R,2026,Belgian Grand Prix,GAS,LIN,41,2026-07-19 13:38:48.165,2026-07-19 13:38:51.406,3.241,3.241,2026-07-19 13:39:18.165,30.0,17,12,15.139444444445871,0.5561428571429096,15.139444444445871,98.0,169.0,-71.0,-70.99999999999909,0.72,True,14.0,12.0,6762.215277777775,straight_15,,,HARD,3.0,2.0,0.9778018758478616,10900.804373971416,89.24051280362218,307.63388888889403,True,1,False,PIT_RELATED,,,False,0.0,155.10072320841272,-57.10072320841272,0.312733,True,0.312733,-43.941783280571705,10,True,3.0,straight,0.9564864989851065,7069.849166666669,19,953.4864263418576,2,belgium_2026_R|GAS|LIN,belgium_2026_R|L17|belgium_2026_R|GAS|LIN,,True,v4_t0_anchored_30s_horizon
belgium_2026_R_00465,belgium_2026_R,2026,Belgian Grand Prix,LAW,LIN,41,2026-07-19 13:38:51.245,2026-07-19 13:39:22.525,31.28,31.28,2026-07-19 13:39:21.245,30.0,18,123,55.03972222222223,0.8614913043478263,20.638333333333435,230.0,243.0,-13.0,,,False,13.0,11.0,31.130555555555553,straight_01,305.090755271649,365.090755271649,HARD,3.0,2.0,0.9366913388362013,16790.436164250557,75206.97549843797,399.99999999999994,False,167,True,INVALID,,,False,0.0,232.97364066193853,-2.973640661938532,0.824212,True,0.824212,,2,False,3.0,straight,0.004403284259914863,7069.849166666669,19,953.4864263418576,2,belgium_2026_R|LAW|LIN,belgium_2026_R|L18|belgium_2026_R|LAW|LIN,belgium_2026_R_00460,False,v4_t0_anchored_30s_horizon
belgium_2026_R_00466,belgium_2026_R,2026,Belgian Grand Prix,NOR,PIA,81,2026-07-19 13:38:52.686,2026-07-19 13:39:22.725,30.039,30.039,2026-07-19 13:39:22.686,30.0,18,119,92.24388888888734,1.0575732484076257,31.846111111110076,314.0,213.0,101.0,38.84841754580868,1.8010000000000002,True,5.0,4.0,2238.1244444444455,brake_T5,111.25575458515868,227.66986702397526,HARD,18.0,1.0,0.8827113100526175,7445.839860468059,105533.17862100917,400.0,False,167,True,INVALID,,,False,-1.0,309.97001078748644,4.029989212513556,1.272802,True,1.272802,20.754859717193465,10,True,3.0,brake,0.31657315335621067,7069.849166666669,19,953.4864263418576,2,belgium_2026_R|NOR|PIA,belgium_2026_R|L18|belgium_2026_R|NOR|PIA,,False,v4_t0_anchored_30s_horizon
belgium_2026_R_00467,belgium_2026_R,2026,Belgian Grand Prix,BEA,ALB,23,2026-07-19 13:38:54.725,2026-07-19 13:39:38.166,43.441,42.0,2026-07-19 13:39:24.725,30.0,18,136,11.516111111111059,0.34548333333333175,10.75138888888705,120.0,157.0,-37.0,-32.5555555555555,1.08,True,10.0,12.0,446.99888888888887,straight_02,566.9856252306781,828.8948837988578,HARD,17.0,2.0,0.9347815352955514,23022.12775925562,9.058097482459358,399.99999999999994,False,167,True,PIT_RELATED,,43.641,True,-1.0,144.9823845541402,-24.982384554140197,0.256375,True,0.256375,-23.145575024018996,10,True,3.0,straight,0.0632260856421697,7069.849166666669,19,953.4864263418576,2,belgium_2026_R|ALB|BEA,belgium_2026_R|L18|belgium_2026_R|ALB|BEA,,False,v4_t0_anchored_30s_horizon
belgium_2026_R_00468,belgium_2026_R,2026,Belgian Grand Prix,HUL,BOR,5,2026-07-19 13:39:10.165,2026-07-19 13:39:14.405,4.24,4.24,2026-07-19 13:39:40.165,30.0,18,19,96.93055555555657,1.4976394849785566,86.32250000000022,233.0,143.0,90.0,123.7708333333339,1.92,True,9.0,8.0,2323.102777777778,brake_T5,26.277421251826127,142.6915336906427,MEDIUM,18.0,1.0,0.7641506280726509,10590.508500646676,40876.33462351773,400.0,False,167,True,INVALID,,,False,0.0,236.0,-3.0,2.055279,True,2.055279,109.65860905145945,12,True,3.0,brake,0.32859297603276694,7069.849166666669,19,953.4864263418576,2,belgium_2026_R|BOR|HUL,belgium_2026_R|L18|belgium_2026_R|BOR|HUL,,False,v4_t0_anchored_30s_horizon
belgium_2026_R_00469,belgium_2026_R,2026,Belgian Grand Prix,SAI,OCO,31,2026-07-19 13:39:11.046,2026-07-19 13:39:15.285,4.239,4.239,2026-07-19 13:39:41.046,30.0,17,18,12.5066666666753,0.616767123288097,12.5066666666753,73.0,159.0,-86.0,-82.38653366583516,0.401,True,18.0,17.0,6748.881388888888,straight_15,,,HARD,3.0,2.0,0.9353760405563847,11373.281950635666,93.10849720029739,320.9677777777806,True,16,True,PIT_RELATED,,,False,0.0,146.67243319853947,-73.67243319853947,0.281637,True,0.281637,-27.532898580427535,12,True,3.0,straight,0.9546004772929105,7069.849166666669,19,953.4864263418576,2,belgium_2026_R|OCO|SAI,belgium_2026_R|L17|belgium_2026_R|OCO|SAI,,True,v4_t0_anchored_30s_horizon
belgium_2026_R_00470,belgium_2026_R,2026,Belgian Grand Prix,STR,ALO,14,2026-07-19 13:39:16.725,2026-07-19 13:39:28.445,11.72,11.72,2026-07-19 13:39:46.725,30.0,17,45,98.05444444444856,2.0056590909091754,48.438055555555366,176.0,50.0,126.0,163.99999999999972,1.8399999999999999,True,20.0,19.0,6609.69444444444,brake_T18,10.790171832155465,135.83776707384004,HARD,17.0,1.0,0.9354969676193506,9926.803464224864,35494.43976098015,400.0,False,16,True,PIT_RELATED,,,False,0.0,209.5701030927902,-33.57010309279019,3.477164,True,3.477164,168.76444471621704,12,True,3.0,brake,0.9349130778642644,7069.849166666669,19,953.4864263418576,2,belgium_2026_R|ALO|STR,belgium_2026_R|L17|belgium_2026_R|ALO|STR,,True,v4_t0_anchored_30s_horizon
belgium_2026_R_00471,belgium_2026_R,2026,Belgian Grand Prix,BOR,HAD,6,2026-07-19 13:39:17.406,2026-07-19 13:39:21.605,4.199,4.199,2026-07-19 13:39:47.406,30.0,18,18,92.4263888888895,1.8905397727272855,64.4316666666673,176.0,105.0,71.0,63.28229665071693,1.881,True,8.0,7.0,2761.747500000001,straight_05,219.79546663842711,279.7954666384271,MEDIUM,18.0,1.0,0.8819900359513237,10895.858534992733,63409.4292419003,400.0,False,167,True,INVALID,,,False,0.0,185.38481081081102,-9.384810810811018,2.529551,True,2.529551,50.77829582163291,11,True,3.0,straight,0.3906374004443046,7069.849166666669,19,953.4864263418576,2,belgium_2026_R|BOR|HAD,belgium_2026_R|L18|belgium_2026_R|BOR|HAD,,False,v4_t0_anchored_30s_horizon
belgium_2026_R_00472,belgium_2026_R,2026,Belgian Grand Prix,BOR,VER,3,2026-07-19 13:39:21.765,2026-07-19 13:39:30.685,8.92,8.92,2026-07-19 13:39:51.765,30.0,18,34,61.94222222222015,1.7153230769230199,27.855277777774972,130.0,58.0,72.0,,,False,8.0,6.0,2940.5083333333346,brake_T8,41.034633305093394,101.0346333050934,MEDIUM,18.0,1.0,0.8819900359513237,10949.99747766804,27335.43863450356,400.0,False,167,True,PIT_RELATED,,,False,0.0,74.0,56.0,3.367445,True,3.367445,75.54528238449767,13,True,3.0,brake,0.4159223576080537,7069.849166666669,19,953.4864263418576,2,belgium_2026_R|BOR|VER,belgium_2026_R|L18|belgium_2026_R|BOR|VER,,False,v4_t0_anchored_30s_horizon
belgium_2026_R_00473,belgium_2026_R,2026,Belgian Grand Prix,COL,GAS,10,2026-07-19 13:39:22.085,2026-07-19 13:39:29.925,7.84,7.84,2026-07-19 13:39:52.085,30.0,18,29,99.23583333333386,2.3197987012987134,67.44805555555672,154.0,94.0,60.0,48.68334350213529,1.639,True,15.0,14.0,1746.711944444444,straight_03,602.6682545851602,719.0823670239768,HARD,3.0,2.0,0.9780765418376967,34579.68897251574,509.67893259929747,400.0000000000002,False,167,True,INVALID,,,False,0.0,139.32061068702353,14.679389312976468,3.332129,True,3.332129,36.5575620162227,13,True,3.0,straight,0.24706495192004121,7069.849166666669,19,953.4864263418576,2,belgium_2026_R|COL|GAS,belgium_2026_R|L18|belgium_2026_R|COL|GAS,,False,v4_t0_anchored_30s_horizon
belgium_2026_R_00474,belgium_2026_R,2026,Belgian Grand Prix,VER,HAD,6,2026-07-19 13:39:22.525,2026-07-19 13:39:30.685,8.16,6.16,2026-07-19 13:39:52.525,30.0,18,23,12.356111111113478,0.6541470588236546,10.788611111115188,68.0,112.0,-44.0,-49.05263157894656,0.76,True,6.0,7.0,3016.0883333333322,corner_T8,194.4589109294693,25.45463330509574,HARD,1.0,2.0,0.6678966120017344,14974.183229151839,4366.527679713552,400.0,False,167,True,PIT_RELATED,,8.401,False,2.0,115.71798245614093,-47.71798245614093,0.406157,True,0.406157,-63.116814190634116,13,True,3.0,corner,0.4266128261340792,7069.849166666669,19,953.4864263418576,2,belgium_2026_R|HAD|VER,belgium_2026_R|L18|belgium_2026_R|HAD|VER,belgium_2026_R_00475,False,v4_t0_anchored_30s_horizon
belgium_2026_R_00475,belgium_2026_R,2026,Belgian Grand Prix,HAD,VER,3,2026-07-19 13:39:31.886,2026-07-19 13:40:06.646,34.76,34.76,2026-07-19 13:40:01.886,30.0,18,132,12.074999999997544,0.33438461538454745,12.074999999997544,130.0,181.0,-51.0,-43.250000000003304,0.96,True,7.0,6.0,3287.8388888888903,straight_07,445.01431377785457,505.01431377785457,HARD,16.0,3.0,0.9609983651284375,24878.599753900435,1280.9640165088213,400.0,False,167,True,PIT_RELATED,,55.36,True,0.0,169.1469298245641,-39.1469298245641,0.23421,True,0.23421,-27.157284130895214,13,True,3.0,straight,0.46505078275086575,7069.849166666669,19,953.4864263418576,2,belgium_2026_R|HAD|VER,belgium_2026_R|L18|belgium_2026_R|HAD|VER,belgium_2026_R_00474,False,v4_t0_anchored_30s_horizon
belgium_2026_R_00476,belgium_2026_R,2026,Belgian Grand Prix,NOR,PIA,81,2026-07-19 13:39:34.526,2026-07-19 13:39:55.446,20.92,20.92,2026-07-19 13:40:04.526,30.0,18,79,93.73499999999967,1.273381132075467,35.3849999999984,265.0,179.0,86.0,49.441860465114466,1.72,True,5.0,4.0,4293.0938888888895,brake_T12,109.69852027844263,319.99155099649397,HARD,18.0,1.0,0.8827113100526175,9934.78230851495,75003.93670149156,400.0,False,167,True,INVALID,,,False,-1.0,230.0,35.0,1.6343649999999998,True,1.6343649999999998,30.548464668887277,12,True,3.0,brake,0.6072398134220763,7069.849166666669,19,953.4864263418576,2,belgium_2026_R|NOR|PIA,belgium_2026_R|L18|belgium_2026_R|NOR|PIA,,False,v4_t0_anchored_30s_horizon
belgium_2026_R_00477,belgium_2026_R,2026,Belgian Grand Prix,ALB,BEA,87,2026-07-19 13:39:40.126,2026-07-19 13:39:49.565,9.439,7.84,2026-07-19 13:40:10.126,30.0,18,18,10.217222222224336,0.4086888888889735,10.217222222224336,90.0,104.0,-14.0,-19.09090909090847,1.76,True,12.0,10.0,3049.1063888888884,straight_06,161.4408553739131,221.4408553739131,MEDIUM,18.0,1.0,0.9215571669588765,16837.655437661815,1841.8253868018169,400.0,False,167,True,PIT_RELATED,,9.719,False,2.0,106.9296645702312,-16.929664570231196,0.363669,True,0.363669,-21.300702899938116,12,True,3.0,straight,0.4312830892156781,7069.849166666669,19,953.4864263418576,2,belgium_2026_R|ALB|BEA,belgium_2026_R|L18|belgium_2026_R|ALB|BEA,,False,v4_t0_anchored_30s_horizon
belgium_2026_R_00478,belgium_2026_R,2026,Belgian Grand Prix,LAW,LIN,41,2026-07-19 13:39:43.806,2026-07-19 13:40:27.246,43.44,43.44,2026-07-19 13:40:13.806,30.0,18,166,83.39388888888698,1.58845502645499,42.302222222220735,189.0,116.0,73.0,78.97501357957722,1.841,True,13.0,11.0,2916.2630555555575,brake_T8,65.27991108287051,125.27991108287051,HARD,3.0,2.0,0.9366913388362013,9791.06920159158,38882.55688151018,400.0,False,167,True,INVALID,,,False,0.0,170.55650128314642,18.443498716853583,2.270646,True,2.270646,69.82980773477695,11,True,3.0,brake,0.41249296651268347,7069.849166666669,19,953.4864263418576,2,belgium_2026_R|LAW|LIN,belgium_2026_R|L18|belgium_2026_R|LAW|LIN,,False,v4_t0_anchored_30s_horizon
belgium_2026_R_00479,belgium_2026_R,2026,Belgian Grand Prix,GAS,LAW,30,2026-07-19 13:39:46.006,2026-07-19 13:40:26.646,40.64,40.64,2026-07-19 13:40:16.006,30.0,18,154,97.70138888888869,1.8808823529411727,41.1419444444482,187.0,122.0,65.0,83.80063795853448,1.881,True,14.0,13.0,2904.040277777779,brake_T8,77.50268886064896,137.50268886064896,HARD,4.0,2.0,0.9663814330960606,9206.818408150468,44703.8084093544,400.0,False,167,True,INVALID,,,False,0.0,195.92077332981054,-8.920773329810544,2.432814,True,2.432814,84.9970605211324,10,True,3.0,brake,0.4107641067464233,7069.849166666669,19,953.4864263418576,2,belgium_2026_R|GAS|LAW,belgium_2026_R|L18|belgium_2026_R|GAS|LAW,,False,v4_t0_anchored_30s_horizon
belgium_2026_R_00480,belgium_2026_R,2026,Belgian Grand Prix,HUL,BOR,5,2026-07-19 13:39:58.326,2026-07-19 13:40:01.927,3.601,3.601,2026-07-19 13:40:28.326,30.0,18,16,89.58722222222059,2.1645234899328467,86.17611111111,149.0,98.0,51.0,73.36044657097656,1.881,True,9.0,8.0,4448.313333333334,corner_T12,104.77210655204908,164.77210655204908,MEDIUM,18.0,1.0,0.7641506280726509,12390.37387979817,19770.100800410313,400.0,False,167,True,INVALID,,,False,0.0,162.69779874213776,-13.697798742137763,2.953955,True,2.953955,85.7648021754324,10,True,3.0,corner,0.6291949415705356,7069.849166666669,19,953.4864263418576,2,belgium_2026_R|BOR|HUL,belgium_2026_R|L18|belgium_2026_R|BOR|HUL,,False,v4_t0_anchored_30s_horizon
belgium_2026_R_00481,belgium_2026_R,2026,Belgian Grand Prix,COL,GAS,10,2026-07-19 13:40:00.686,2026-07-19 13:40:56.687,56.001,56.001,2026-07-19 13:40:30.686,30.0,18,212,99.8591666666648,1.4673183673469115,10.380555555550927,245.0,199.0,46.0,57.26000000000004,2.0,True,15.0,14.0,3456.240833333334,straight_07,276.6123693334107,336.6123693334107,HARD,3.0,2.0,0.9780765418376967,22449.10504031443,4263.577068774999,400.0,False,167,True,INVALID,,,False,0.0,181.0,64.0,2.087209,True,2.087209,55.69988618256051,11,True,3.0,straight,0.48887051927911235,7069.849166666669,19,953.4864263418576,2,belgium_2026_R|COL|GAS,belgium_2026_R|L18|belgium_2026_R|COL|GAS,,False,v4_t0_anchored_30s_horizon
belgium_2026_R_00482,belgium_2026_R,2026,Belgian Grand Prix,SAI,OCO,31,2026-07-19 13:40:00.686,2026-07-19 13:40:04.166,3.48,3.48,2026-07-19 13:40:30.686,30.0,18,15,97.00138888888932,1.66288095238096,89.689166666667,210.0,141.0,69.0,113.6599999999995,2.0,True,18.0,17.0,2334.5119444444435,brake_T5,14.868254585160685,131.28236702397726,HARD,4.0,2.0,0.9353760405563847,11047.280728272017,32195.719621721175,400.0,False,671,True,INVALID,,,False,0.0,189.13190624845154,20.868093751548457,2.402253,True,2.402253,119.42993398588307,11,True,3.0,brake,0.3302067539787602,7069.849166666669,19,953.4864263418576,2,belgium_2026_R|OCO|SAI,belgium_2026_R|L18|belgium_2026_R|OCO|SAI,,False,v4_t0_anchored_30s_horizon
belgium_2026_R_00483,belgium_2026_R,2026,Belgian Grand Prix,BEA,ALB,23,2026-07-19 13:40:12.646,2026-07-19 13:40:29.607,16.961,14.92,2026-07-19 13:40:42.646,30.0,18,50,10.051111111109094,0.21037209302321358,10.051111111109094,172.0,189.0,-17.0,-14.380000000000292,2.0,True,10.0,12.0,4688.6849999999995,straight_10,153.35495241890658,213.35495241890658,HARD,17.0,2.0,0.9347815352955514,15429.00877394786,29861.060112726405,400.0,False,167,True,PIT_RELATED,,17.161,False,-1.0,185.2146103896109,-13.214610389610897,0.185063,True,0.185063,-11.537379469097973,11,True,3.0,straight,0.66319448823696,7069.849166666669,19,953.4864263418576,2,belgium_2026_R|ALB|BEA,belgium_2026_R|L18|belgium_2026_R|ALB|BEA,belgium_2026_R_00488,False,v4_t0_anchored_30s_horizon
belgium_2026_R_00484,belgium_2026_R,2026,Belgian Grand Prix,HAM,LEC,16,2026-07-19 13:40:18.926,2026-07-19 13:40:30.806,11.88,11.88,2026-07-19 13:40:48.926,30.0,19,48,96.36722222222221,1.3876879999999998,22.931388888888762,250.0,254.0,-4.0,,,False,2.0,1.0,49.55555555555555,straight_01,286.665755271649,346.665755271649,MEDIUM,19.0,1.0,0.878529644048333,16594.982642744217,75201.80802543464,400.0,False,1,False,CLOSE_INTERACTION_NO_PASS,0.0,,False,-1.0,236.99411764705883,13.005882352941171,1.4004699999999999,True,1.4004699999999999,-6.440366972497391,3,True,3.0,straight,0.0070094218967503485,7069.849166666669,19,953.4864263418576,2,belgium_2026_R|HAM|LEC,belgium_2026_R|L19|belgium_2026_R|HAM|LEC,,False,v4_t0_anchored_30s_horizon
belgium_2026_R_00485,belgium_2026_R,2026,Belgian Grand Prix,HUL,BOR,5,2026-07-19 13:40:30.647,2026-07-19 13:40:37.607,6.96,6.96,2026-07-19 13:41:00.647,30.0,18,29,92.96777777777424,1.277419847328196,49.602499999996326,262.0,102.0,160.0,133.35147140477693,1.8010000000000002,True,9.0,8.0,6588.995000000002,brake_T18,31.48961627659355,156.53721151827813,MEDIUM,18.0,1.0,0.7641506280726509,9899.91523382464,45313.13114798447,400.0,False,167,True,INVALID,,,False,0.0,246.15855918938428,15.841440810615723,2.141454,True,2.141454,107.0923606028764,11,True,3.0,brake,0.9319852297650386,7069.849166666669,19,953.4864263418576,2,belgium_2026_R|BOR|HUL,belgium_2026_R|L18|belgium_2026_R|BOR|HUL,,True,v4_t0_anchored_30s_horizon
belgium_2026_R_00486,belgium_2026_R,2026,Belgian Grand Prix,BOR,HAD,6,2026-07-19 13:40:31.366,2026-07-19 13:40:35.286,3.92,3.92,2026-07-19 13:41:01.366,30.0,18,18,43.04611111111626,1.844833333333554,43.04611111111626,84.0,77.0,7.0,,,False,8.0,7.0,6700.428611111109,corner_T19,,45.10360040717114,MEDIUM,18.0,1.0,0.8819900359513237,11630.180146350363,1072.2592393569723,369.42055555556,True,167,True,INVALID,,,False,0.0,75.0,9.0,1.942466,True,1.942466,54.30617128112035,12,True,3.0,corner,0.9477470386076516,7069.849166666669,19,953.4864263418576,2,belgium_2026_R|BOR|HAD,belgium_2026_R|L18|belgium_2026_R|BOR|HAD,,True,v4_t0_anchored_30s_horizon
belgium_2026_R_00487,belgium_2026_R,2026,Belgian Grand Prix,HAD,VER,3,2026-07-19 13:40:31.606,2026-07-19 13:40:35.566,3.96,3.96,2026-07-19 13:41:01.606,30.0,18,18,10.54916666666486,0.486884615384532,10.54916666666486,78.0,156.0,-78.0,-78.00000000001091,0.24,True,7.0,6.0,6748.929166666669,straight_15,,,HARD,16.0,3.0,0.9609983651284375,11371.588976526442,93.09463750036268,320.9200000000001,True,167,True,PIT_RELATED,,,False,0.0,147.2122596153864,-69.21225961538639,0.234339,True,0.234339,-27.121545831589078,12,True,3.0,straight,0.9546072352557262,7069.849166666669,19,953.4864263418576,2,belgium_2026_R|HAD|VER,belgium_2026_R|L18|belgium_2026_R|HAD|VER,,True,v4_t0_anchored_30s_horizon
belgium_2026_R_00488,belgium_2026_R,2026,Belgian Grand Prix,ALB,BEA,87,2026-07-19 13:40:35.566,2026-07-19 13:40:49.567,14.001,14.001,2026-07-19 13:41:05.566,30.0,18,53,10.29638888889167,0.13333453237413675,10.29638888889167,278.0,283.0,-5.0,-2.8602040816301213,1.96,True,12.0,10.0,6317.215277777775,straight_14,303.2693384988206,428.3169337405052,MEDIUM,18.0,1.0,0.9215571669588765,18323.733656504082,86716.96538801586,400.0,False,167,True,PIT_RELATED,,,False,2.0,282.0339727410396,-4.033972741039577,0.135243,True,0.135243,-3.7723834782558976,13,True,3.0,straight,0.8935431476476958,7069.849166666669,19,953.4864263418576,2,belgium_2026_R|ALB|BEA,belgium_2026_R|L18|belgium_2026_R|ALB|BEA,belgium_2026_R_00483,True,v4_t0_anchored_30s_horizon
belgium_2026_R_00489,belgium_2026_R,2026,Belgian Grand Prix,GAS,LAW,30,2026-07-19 13:40:35.566,2026-07-19 13:41:01.766,26.2,23.92,2026-07-19 13:41:05.566,30.0,18,86,99.86361111111364,1.1672370129870426,10.16583333333324,308.0,291.0,17.0,16.794387755102882,1.96,True,14.0,13.0,5781.540833333329,brake_T16,32.321137371236546,92.32113737123655,HARD,4.0,2.0,0.9663814330960606,32684.926884208697,149.8223688252096,400.0,False,167,True,INVALID,,,False,0.0,299.03429530201396,8.965704697986041,1.2234289999999999,True,1.2234289999999999,15.222977839615488,13,True,3.0,brake,0.8177742830204172,7069.849166666669,19,953.4864263418576,2,belgium_2026_R|GAS|LAW,belgium_2026_R|L18|belgium_2026_R|GAS|LAW,,True,v4_t0_anchored_30s_horizon
belgium_2026_R_00490,belgium_2026_R,2026,Belgian Grand Prix,VER,ANT,12,2026-07-19 13:40:37.447,2026-07-19 13:40:43.166,5.719,5.719,2026-07-19 13:41:07.447,30.0,19,23,95.51277777777776,1.3920890688259107,34.27138888888891,247.0,66.0,181.0,176.979797979798,1.881,True,6.0,5.0,245.64444444444447,brake_T1,90.57686638276007,150.57686638276007,HARD,2.0,2.0,0.6525244218561085,16012.736014202028,58671.2752102258,400.0,False,1,False,PIT_RELATED,,97.52,True,0.0,79.955625,167.044375,4.4881,True,4.4881,171.79310842206183,10,True,3.0,brake,0.03474535858595443,7069.849166666669,19,953.4864263418576,2,belgium_2026_R|ANT|VER,belgium_2026_R|L19|belgium_2026_R|ANT|VER,,False,v4_t0_anchored_30s_horizon
belgium_2026_R_00491,belgium_2026_R,2026,Belgian Grand Prix,LAW,LIN,41,2026-07-19 13:40:38.326,2026-07-19 13:41:01.766,23.44,23.44,2026-07-19 13:41:08.326,30.0,18,85,99.02416666666704,1.2777311827957039,21.229444444446017,279.0,269.0,10.0,8.717781402939133,1.839,True,13.0,11.0,6099.638055555555,corner_T17,520.8465607210401,42.35274425983789,HARD,3.0,2.0,0.9366913388362013,30875.928874472294,209.2375741170344,400.0,False,167,True,INVALID,,,False,0.0,276.8993055555557,2.1006944444442865,1.306916,True,1.306916,8.378859100484716,10,True,3.0,corner,0.8627677778918509,7069.849166666669,19,953.4864263418576,2,belgium_2026_R|LAW|LIN,belgium_2026_R|L18|belgium_2026_R|LAW|LIN,,True,v4_t0_anchored_30s_horizon
belgium_2026_R_00492,belgium_2026_R,2026,Belgian Grand Prix,LIN,ALB,23,2026-07-19 13:40:44.487,2026-07-19 13:40:47.886,3.399,3.399,2026-07-19 13:41:14.487,30.0,18,14,95.14027777777392,2.329965986394463,81.85444444444147,147.0,78.0,69.0,142.7884999999993,2.0,True,11.0,12.0,6636.944999999999,corner_T18,48.58721151828104,108.58721151828104,HARD,2.0,2.0,0.8741987834398554,10521.240526129417,22602.47662752365,400.0,False,167,True,PIT_RELATED,,10.119,False,-1.0,121.46278761061481,25.53721238938519,4.229061,True,4.229061,169.59325387105605,11,True,3.0,corner,0.9387675526788108,7069.849166666669,19,953.4864263418576,2,belgium_2026_R|ALB|LIN,belgium_2026_R|L18|belgium_2026_R|ALB|LIN,,True,v4_t0_anchored_30s_horizon
belgium_2026_R_00493,belgium_2026_R,2026,Belgian Grand Prix,HAM,LEC,16,2026-07-19 13:40:51.367,2026-07-19 13:40:55.886,4.519,4.519,2026-07-19 13:41:21.367,30.0,19,18,97.35444444444465,1.2932693726937299,79.26666666666688,271.0,151.0,120.0,117.37222222222316,1.8,True,2.0,1.0,2316.8480555555557,brake_T5,32.53214347404855,148.94625591286513,MEDIUM,19.0,1.0,0.855253494188658,10340.097275524548,45635.212913281815,400.0,False,1,False,CLOSE_INTERACTION_NO_PASS,0.0,,False,-1.0,248.37444933920864,22.62555066079136,1.970995,True,1.970995,88.2758556171197,11,True,3.0,brake,0.3277082722611911,7069.849166666669,19,953.4864263418576,2,belgium_2026_R|HAM|LEC,belgium_2026_R|L19|belgium_2026_R|HAM|LEC,,False,v4_t0_anchored_30s_horizon
belgium_2026_R_00494,belgium_2026_R,2026,Belgian Grand Prix,COL,LAW,30,2026-07-19 13:41:01.966,2026-07-19 13:41:06.926,4.96,4.96,2026-07-19 13:41:31.966,30.0,19,20,55.99555555555537,1.5271515151515103,41.467777777777485,132.0,69.0,63.0,,,False,14.0,12.0,314.7516666666666,brake_T1,21.46964416053794,81.46964416053794,HARD,4.0,2.0,1.0,18797.76074162723,19955.177297866394,399.99999999999994,False,1,False,CLOSE_INTERACTION_NO_PASS,0.0,,False,-1.0,150.4345108695652,-18.4345108695652,2.022108,True,2.022108,104.38244053455664,13,True,3.0,brake,0.04452028031243946,7069.849166666669,19,953.4864263418576,2,belgium_2026_R|COL|LAW,belgium_2026_R|L19|belgium_2026_R|COL|LAW,,False,v4_t0_anchored_30s_horizon
belgium_2026_R_00495,belgium_2026_R,2026,Belgian Grand Prix,GAS,LIN,41,2026-07-19 13:41:01.966,2026-07-19 13:41:05.607,3.641,3.641,2026-07-19 13:41:31.966,30.0,19,15,32.88749999999993,1.409464285714283,32.88749999999993,84.0,92.0,-8.0,,,False,13.0,11.0,371.02805555555557,corner_T1,642.9564585640114,25.19325527164898,HARD,5.0,2.0,1.0,21611.666896051185,3333.7830719683097,399.99999999999994,False,1,False,CLOSE_INTERACTION_NO_PASS,0.0,,False,-1.0,80.78812499999997,3.2118750000000347,1.46305,True,1.46305,46.5962438242935,13,True,3.0,corner,0.052480335408695844,7069.849166666669,19,953.4864263418576,2,belgium_2026_R|GAS|LIN,belgium_2026_R|L19|belgium_2026_R|GAS|LIN,,False,v4_t0_anchored_30s_horizon
belgium_2026_R_00496,belgium_2026_R,2026,Belgian Grand Prix,SAI,OCO,31,2026-07-19 13:41:09.727,2026-07-19 13:41:16.247,6.52,6.52,2026-07-19 13:41:39.727,30.0,18,25,93.84694444444267,1.3145875486381076,52.16166666666686,257.0,97.0,160.0,140.7853136155006,1.9609999999999999,True,18.0,17.0,6592.877222222227,brake_T18,27.607394054368342,152.65498929605292,HARD,4.0,2.0,0.9353760405563847,9904.958175235763,43471.61593253426,400.0,False,671,True,INVALID,,,False,0.0,240.33618012422303,16.663819875776966,2.218041,True,2.218041,112.19348047861973,14,True,3.0,brake,0.9325343535342597,7069.849166666669,19,953.4864263418576,2,belgium_2026_R|OCO|SAI,belgium_2026_R|L18|belgium_2026_R|OCO|SAI,,True,v4_t0_anchored_30s_horizon
belgium_2026_R_00497,belgium_2026_R,2026,Belgian Grand Prix,GAS,LAW,30,2026-07-19 13:41:12.726,2026-07-19 13:46:31.609,318.883,318.883,2026-07-19 13:41:42.726,30.0,19,1105,10.379999999999995,0.1209320388349514,10.00722222222231,309.0,321.0,-12.0,-15.126628452319661,1.919,True,13.0,12.0,1016.6158333333336,corner_T2,110.35435347751798,259.277939354413,HARD,5.0,2.0,0.9587672459265889,33160.76787100252,240.81284287906396,400.0000000000001,False,1,False,CLOSE_INTERACTION_NO_PASS,0.0,,False,-1.0,321.57057875045007,-12.570578750450068,0.113545,True,0.113545,-14.196684646731194,12,True,3.0,corner,0.1437959720734259,7069.849166666669,19,953.4864263418576,2,belgium_2026_R|GAS|LAW,belgium_2026_R|L19|belgium_2026_R|GAS|LAW,,False,v4_t0_anchored_30s_horizon
belgium_2026_R_00498,belgium_2026_R,2026,Belgian Grand Prix,HUL,BOR,5,2026-07-19 13:41:13.926,2026-07-19 13:41:17.767,3.841,3.841,2026-07-19 13:41:43.926,30.0,19,16,98.5941666666663,1.5432130434782552,89.05777777777666,230.0,139.0,91.0,130.4912456228097,1.999,True,9.0,8.0,2337.2233333333324,brake_T5,12.15686569627178,128.57097813508835,MEDIUM,19.0,1.0,0.7235605618353333,11155.83266540472,30132.77113895766,400.0,False,1,False,CLOSE_INTERACTION_NO_PASS,0.0,,False,0.0,222.96562499999828,7.034375000001717,2.239843,True,2.239843,122.18613497005528,12,True,3.0,brake,0.3305902683685258,7069.849166666669,19,953.4864263418576,2,belgium_2026_R|BOR|HUL,belgium_2026_R|L19|belgium_2026_R|BOR|HUL,,False,v4_t0_anchored_30s_horizon
belgium_2026_R_00499,belgium_2026_R,2026,Belgian Grand Prix,LAW,LIN,41,2026-07-19 13:41:26.966,2026-07-19 13:41:34.446,7.48,7.48,2026-07-19 13:41:56.966,30.0,19,31,91.60583333333307,1.1029464882943112,70.70166666666591,299.0,181.0,118.0,74.51902032308534,1.919,True,12.0,11.0,2267.936944444443,brake_T5,81.44325458516141,197.857367023978,HARD,4.0,2.0,0.8834552012471186,8381.914190766156,82849.01978194386,400.0,False,1,False,CLOSE_INTERACTION_NO_PASS,0.0,,False,-1.0,289.3102211191334,9.689778880866584,1.497848,True,1.497848,49.149888848155875,11,True,3.0,brake,0.32079000428148347,7069.849166666669,19,953.4864263418576,2,belgium_2026_R|LAW|LIN,belgium_2026_R|L19|belgium_2026_R|LAW|LIN,,False,v4_t0_anchored_30s_horizon
belgium_2026_R_00500,belgium_2026_R,2026,Belgian Grand Prix,COL,GAS,10,2026-07-19 13:41:29.047,2026-07-19 13:42:00.207,31.16,31.16,2026-07-19 13:41:59.047,30.0,19,121,96.74222222222261,1.2438285714285764,43.96388888889078,280.0,143.0,137.0,129.66851749028277,1.8010000000000002,True,14.0,13.0,2273.903055555556,brake_T5,75.47714347404826,191.89125591286484,HARD,4.0,2.0,0.8946220708435634,8620.770712202171,78309.73000499378,400.0,False,1,False,CLOSE_INTERACTION_NO_PASS,0.0,,False,-1.0,297.0,-17.0,1.8905750000000001,True,1.8905750000000001,87.87587108769753,12,True,3.0,brake,0.3216338852427977,7069.849166666669,19,953.4864263418576,2,belgium_2026_R|COL|GAS,belgium_2026_R|L19|belgium_2026_R|COL|GAS,,False,v4_t0_anchored_30s_horizon
belgium_2026_R_00501,belgium_2026_R,2026,Belgian Grand Prix,VER,ANT,12,2026-07-19 13:41:40.367,2026-07-19 13:41:54.846,14.479,14.479,2026-07-19 13:42:10.367,30.0,19,59,93.28138888889225,1.2391623616236611,36.86166666666941,271.0,180.0,91.0,49.58139534883717,1.72,True,6.0,5.0,4276.304444444441,straight_09,126.48796472289087,336.7809954409422,HARD,2.0,2.0,0.6225263024180369,10193.101374836777,78953.9252630673,400.0,False,1,False,PIT_RELATED,,34.6,True,0.0,266.0,5.0,1.558526,True,1.558526,29.154427919580787,10,True,3.0,straight,0.6048650181402182,7069.849166666669,19,953.4864263418576,2,belgium_2026_R|ANT|VER,belgium_2026_R|L19|belgium_2026_R|ANT|VER,,False,v4_t0_anchored_30s_horizon
belgium_2026_R_00502,belgium_2026_R,2026,Belgian Grand Prix,HUL,BOR,5,2026-07-19 13:41:50.287,2026-07-19 13:41:54.367,4.08,4.08,2026-07-19 13:42:20.287,30.0,19,18,98.06861111110902,1.6732085308056517,90.57972222221997,211.0,150.0,61.0,93.44432373710086,1.841,True,9.0,8.0,4419.281944444446,corner_T12,133.8034954409377,193.8034954409377,MEDIUM,19.0,1.0,0.7535936841828017,11316.92834481411,30968.937011471837,400.0,False,1,False,CLOSE_INTERACTION_NO_PASS,0.0,,False,0.0,201.52978515624906,9.470214843750938,2.145953,True,2.145953,89.25901755055683,11,True,3.0,corner,0.6250885754791956,7069.849166666669,19,953.4864263418576,2,belgium_2026_R|BOR|HUL,belgium_2026_R|L19|belgium_2026_R|BOR|HUL,,False,v4_t0_anchored_30s_horizon
belgium_2026_R_00503,belgium_2026_R,2026,Belgian Grand Prix,SAI,OCO,31,2026-07-19 13:41:51.887,2026-07-19 13:41:57.087,5.2,5.2,2026-07-19 13:42:21.887,30.0,19,21,99.36388888888814,1.165179153094454,78.69305555555502,307.0,158.0,149.0,116.6666666666679,1.8,True,18.0,17.0,2290.1105555555555,brake_T5,59.269643474048735,175.6837559128653,HARD,5.0,2.0,0.869932942755397,9269.646839226198,65978.32388637905,400.0,False,1,False,CLOSE_INTERACTION_NO_PASS,0.0,,False,0.0,269.57414772727265,37.425852272727354,1.842469,True,1.842469,81.57197599281136,13,True,3.0,brake,0.32392636696594607,7069.849166666669,19,953.4864263418576,2,belgium_2026_R|OCO|SAI,belgium_2026_R|L19|belgium_2026_R|OCO|SAI,,False,v4_t0_anchored_30s_horizon
belgium_2026_R_00504,belgium_2026_R,2026,Belgian Grand Prix,HAM,LEC,16,2026-07-19 13:42:01.807,2026-07-19 13:42:05.367,3.56,3.56,2026-07-19 13:42:31.807,30.0,19,14,92.88666666666813,2.0144096385542487,79.66444444444551,166.0,90.0,76.0,145.6619318181792,1.76,True,2.0,1.0,6647.146944444447,corner_T18,38.38526707383244,98.38526707383244,MEDIUM,19.0,1.0,0.8555742555352432,10880.978242951987,17784.437382182885,400.0,False,1,False,PIT_RELATED,,,False,-1.0,177.25760135135496,-11.257601351354964,3.312081,True,3.312081,164.5685374922081,12,True,3.0,corner,0.9402105741922753,7069.849166666669,19,953.4864263418576,2,belgium_2026_R|HAM|LEC,belgium_2026_R|L19|belgium_2026_R|HAM|LEC,,True,v4_t0_anchored_30s_horizon
belgium_2026_R_00505,belgium_2026_R,2026,Belgian Grand Prix,OCO,BOT,77,2026-07-19 13:42:02.727,2026-07-19 13:42:05.727,3.0,3.0,2026-07-19 13:42:32.727,30.0,19,13,95.02750000000015,2.073327272727276,84.19416666666666,165.0,105.0,60.0,87.87232933819757,1.919,True,17.0,16.0,2946.210277777779,brake_T8,35.33268886064889,95.33268886064889,HARD,3.0,3.0,0.5051601993071984,11222.551362422486,24619.81593298879,400.0,False,1,False,CLOSE_INTERACTION_NO_PASS,0.0,,False,0.0,177.26874999999984,-12.26874999999984,2.6605,True,2.6605,87.65911276665689,9,True,3.0,brake,0.41672887332147635,7069.849166666669,19,953.4864263418576,2,belgium_2026_R|BOT|OCO,belgium_2026_R|L19|belgium_2026_R|BOT|OCO,,False,v4_t0_anchored_30s_horizon
belgium_2026_R_00506,belgium_2026_R,2026,Belgian Grand Prix,LAW,LIN,41,2026-07-19 13:42:03.847,2026-07-19 13:42:09.327,5.48,5.48,2026-07-19 13:42:33.847,30.0,19,20,97.09194444444347,1.4266571428571284,81.74749999999949,245.0,167.0,78.0,82.38856015778933,1.521,True,12.0,11.0,4365.222777777776,brake_T12,37.56963138955598,247.86266210760732,HARD,4.0,2.0,0.9424812587169108,10231.542308342767,50248.9218114813,400.0,False,1,False,CLOSE_INTERACTION_NO_PASS,0.0,,False,-1.0,251.61227212094227,-6.612272120942265,1.825692,True,1.825692,58.4236103364478,10,True,3.0,brake,0.6174421370061443,7069.849166666669,19,953.4864263418576,2,belgium_2026_R|LAW|LIN,belgium_2026_R|L19|belgium_2026_R|LAW|LIN,,False,v4_t0_anchored_30s_horizon
belgium_2026_R_00507,belgium_2026_R,2026,Belgian Grand Prix,COL,GAS,10,2026-07-19 13:42:05.367,2026-07-19 13:42:21.247,15.88,15.88,2026-07-19 13:42:35.367,30.0,19,54,95.95722222222412,1.2938052434457183,64.04694444444976,267.0,191.0,76.0,27.086956521732887,1.8399999999999999,True,14.0,13.0,4330.6866666666665,brake_T12,72.10574250066566,282.398773218717,HARD,4.0,2.0,0.9233441401823324,9940.247950802684,61169.763938317694,400.0,False,1,False,CLOSE_INTERACTION_NO_PASS,0.0,,False,-1.0,273.10629562043795,-6.1062956204379475,1.494489,True,1.494489,10.276293609837685,12,True,3.0,brake,0.6125571514432354,7069.849166666669,19,953.4864263418576,2,belgium_2026_R|COL|GAS,belgium_2026_R|L19|belgium_2026_R|COL|GAS,,False,v4_t0_anchored_30s_horizon
belgium_2026_R_00508,belgium_2026_R,2026,Belgian Grand Prix,PIA,NOR,1,2026-07-19 13:42:05.367,2026-07-19 13:42:44.567,39.2,36.761,2026-07-19 13:42:35.367,30.0,19,118,10.620833333334303,0.17950704225353753,10.120833333334303,213.0,236.0,-23.0,-17.80434782608767,1.8399999999999999,True,4.0,3.0,6588.063888888884,brake_T18,32.42072738771094,157.46832262939552,MEDIUM,19.0,1.0,0.9161926187895063,9898.705736142172,45754.79965129201,400.0,False,1,False,PIT_RELATED,,40.44,True,0.0,256.2028601694941,-43.2028601694941,0.161622,True,0.161622,-16.463809572442496,12,True,3.0,brake,0.9318535280711032,7069.849166666669,19,953.4864263418576,2,belgium_2026_R|NOR|PIA,belgium_2026_R|L19|belgium_2026_R|NOR|PIA,,True,v4_t0_anchored_30s_horizon
belgium_2026_R_00509,belgium_2026_R,2026,Belgian Grand Prix,VER,ANT,12,2026-07-19 13:42:19.567,2026-07-19 13:42:22.567,3.0,3.0,2026-07-19 13:42:49.567,30.0,19,9,18.88444444444667,0.8715897435898463,18.88444444444667,78.0,183.0,-105.0,-105.00000000000682,0.48,True,6.0,5.0,6758.3866666666645,straight_15,,,HARD,2.0,2.0,0.671075297466923,11036.468688774192,90.35114213030378,311.4625000000042,True,1,False,PIT_RELATED,,,False,0.0,165.26323998178327,-87.26323998178327,0.370158,True,0.370158,-31.244488626391412,11,True,3.0,straight,0.9559449582788123,7069.849166666669,19,953.4864263418576,2,belgium_2026_R|ANT|VER,belgium_2026_R|L19|belgium_2026_R|ANT|VER,,True,v4_t0_anchored_30s_horizon
belgium_2026_R_00510,belgium_2026_R,2026,Belgian Grand Prix,BOR,HAD,6,2026-07-19 13:42:20.967,2026-07-19 13:42:25.607,4.64,4.64,2026-07-19 13:42:50.967,30.0,19,17,95.6002777777785,1.5364330357142975,62.62722222222237,224.0,85.0,139.0,175.29574468085056,1.88,True,8.0,7.0,6615.0197222222205,brake_T18,5.464894054374781,130.51248929605936,MEDIUM,19.0,1.0,0.8012249542711997,9933.7209105466,32968.41742301589,400.0,False,1,False,PIT_RELATED,,,False,0.0,207.92647329650006,16.073526703499937,3.30543,True,3.30543,175.93874508662293,9,True,3.0,brake,0.9356663156847951,7069.849166666669,19,953.4864263418576,2,belgium_2026_R|BOR|HAD,belgium_2026_R|L19|belgium_2026_R|BOR|HAD,,True,v4_t0_anchored_30s_horizon
belgium_2026_R_00511,belgium_2026_R,2026,Belgian Grand Prix,HUL,BOR,5,2026-07-19 13:42:22.168,2026-07-19 13:42:30.167,7.999,7.999,2026-07-19 13:42:52.168,30.0,19,32,95.32666666666228,1.2757472118958522,38.945833333328665,269.0,138.0,131.0,106.34041224234798,1.601,True,9.0,8.0,6570.1247222222255,brake_T18,50.35989405436976,175.40748929605434,MEDIUM,19.0,1.0,0.6795780316356138,9875.403060178289,54264.16528730002,400.0,False,1,False,PIT_RELATED,,,False,0.0,264.0616984732819,4.938301526718078,1.875893,True,1.875893,68.75680849425142,7,True,3.0,brake,0.9293161094863844,7069.849166666669,19,953.4864263418576,2,belgium_2026_R|BOR|HUL,belgium_2026_R|L19|belgium_2026_R|BOR|HUL,,True,v4_t0_anchored_30s_horizon
belgium_2026_R_00512,belgium_2026_R,2026,Belgian Grand Prix,SAI,OCO,31,2026-07-19 13:42:28.487,2026-07-19 13:42:33.687,5.2,5.2,2026-07-19 13:42:58.487,30.0,19,20,97.39111111112015,1.4369180327870188,82.06305555556537,244.0,165.0,79.0,71.49999999999467,1.92,True,18.0,17.0,4371.589722222218,brake_T12,31.202686945113783,241.49571766316512,HARD,5.0,2.0,0.9126729721991994,10285.244214312155,48235.59741359552,400.0,False,1,False,CLOSE_INTERACTION_NO_PASS,0.0,,False,0.0,240.4237938596587,3.5762061403412986,1.855394,True,1.855394,50.83339082441607,12,True,3.0,brake,0.6183427141322393,7069.849166666669,19,953.4864263418576,2,belgium_2026_R|OCO|SAI,belgium_2026_R|L19|belgium_2026_R|OCO|SAI,,False,v4_t0_anchored_30s_horizon
belgium_2026_R_00513,belgium_2026_R,2026,Belgian Grand Prix,LIN,BEA,87,2026-07-19 13:42:34.647,2026-07-19 13:42:41.287,6.64,6.64,2026-07-19 13:43:04.647,30.0,19,25,97.16166666666595,1.3610194552529082,53.039999999999964,257.0,91.0,166.0,148.31914893617497,1.88,True,11.0,10.0,6584.026111111112,brake_T18,36.458505165483075,161.50610040716765,HARD,3.0,2.0,0.7887422894143746,9893.4607306791,47670.101967528884,400.0,False,1,False,PIT_RELATED,,,False,0.0,255.78708502024355,1.212914979756448,2.359765,True,2.359765,127.62660600700548,11,True,3.0,brake,0.9312824016322522,7069.849166666669,19,953.4864263418576,2,belgium_2026_R|BEA|LIN,belgium_2026_R|L19|belgium_2026_R|BEA|LIN,,True,v4_t0_anchored_30s_horizon
belgium_2026_R_00514,belgium_2026_R,2026,Belgian Grand Prix,LAW,LIN,41,2026-07-19 13:42:36.647,2026-07-19 13:42:43.447,6.8,6.8,2026-07-19 13:43:06.647,30.0,19,26,96.77888888889811,1.3297862595421115,53.2122222222315,262.0,101.0,161.0,123.84449999999798,2.0,True,12.0,11.0,6570.379166666659,brake_T18,50.10544960993593,175.1530448516205,HARD,4.0,2.0,0.8939310203967884,9875.733579234698,54143.4706724402,400.0,False,1,False,CLOSE_INTERACTION_NO_PASS,0.0,,False,-1.0,267.84364466292413,-5.8436446629241345,2.189996,True,2.189996,85.48420486466259,12,True,3.0,brake,0.9293520995674223,7069.849166666669,19,953.4864263418576,2,belgium_2026_R|LAW|LIN,belgium_2026_R|L19|belgium_2026_R|LAW|LIN,,True,v4_t0_anchored_30s_horizon
belgium_2026_R_00515,belgium_2026_R,2026,Belgian Grand Prix,COL,GAS,10,2026-07-19 13:42:37.847,2026-07-19 13:43:02.088,24.241,24.241,2026-07-19 13:43:07.847,30.0,19,85,95.31361111111619,1.183203448275925,31.118611111110965,290.0,231.0,59.0,15.218342886918231,1.919,True,14.0,13.0,6516.502499999999,brake_T18,103.98211627659657,229.02971151828115,HARD,4.0,2.0,0.8896277617598061,9805.748694837548,79699.63303130899,400.0,False,1,False,CLOSE_INTERACTION_NO_PASS,0.0,,False,-1.0,285.23472711267664,4.765272887323363,1.298778,True,1.298778,3.9884200155681957,11,True,3.0,brake,0.9217314749407073,7069.849166666669,19,953.4864263418576,2,belgium_2026_R|COL|GAS,belgium_2026_R|L19|belgium_2026_R|COL|GAS,,True,v4_t0_anchored_30s_horizon
belgium_2026_R_00516,belgium_2026_R,2026,Belgian Grand Prix,NOR,PIA,81,2026-07-19 13:42:47.727,2026-07-19 13:43:52.288,64.561,64.561,2026-07-19 13:43:17.727,30.0,20,235,10.592222222222972,0.14019117647059814,10.592222222222972,272.0,310.0,-38.0,-13.541666666668277,1.92,True,3.0,4.0,2271.1291666666657,brake_T5,78.25103236293853,194.6651448017551,HARD,20.0,1.0,0.9180248406467467,8509.716553385688,80420.2313418329,400.0,False,16,True,PIT_RELATED,,99.281,True,0.0,310.9208755760369,-38.920875576036906,0.128922,True,0.128922,-10.494950175059241,11,True,3.0,brake,0.32124153049469795,7069.849166666669,19,953.4864263418576,2,belgium_2026_R|NOR|PIA,belgium_2026_R|L20|belgium_2026_R|NOR|PIA,,False,v4_t0_anchored_30s_horizon
belgium_2026_R_00517,belgium_2026_R,2026,Belgian Grand Prix,OCO,BOT,77,2026-07-19 13:42:48.648,2026-07-19 13:46:01.888,193.24,188.04,2026-07-19 13:43:18.648,30.0,19,679,99.9586111111048,1.1210311526479042,10.054444444444698,321.0,313.0,8.0,3.3477817440095325,1.9609999999999999,True,17.0,16.0,5722.672777777788,brake_T16,91.18919292677765,151.18919292677765,HARD,3.0,3.0,0.45419498947340936,33269.593232716856,107.24304842123621,400.0,False,1,False,CLOSE_INTERACTION_NO_PASS,0.0,,False,0.0,318.0,3.0,1.135424,True,1.135424,1.447272178327086,11,True,3.0,brake,0.8094476477319169,7069.849166666669,19,953.4864263418576,2,belgium_2026_R|BOT|OCO,belgium_2026_R|L19|belgium_2026_R|BOT|OCO,,True,v4_t0_anchored_30s_horizon
belgium_2026_R_00518,belgium_2026_R,2026,Belgian Grand Prix,SAI,OCO,31,2026-07-19 13:43:01.208,2026-07-19 13:43:08.208,7.0,7.0,2026-07-19 13:43:31.208,30.0,19,23,99.56694444445566,1.248923344947876,52.87083333334431,287.0,110.0,177.0,115.61142274349652,1.9609999999999999,True,18.0,17.0,6565.66111111111,brake_T18,54.823505165485585,179.87110040717016,HARD,5.0,2.0,0.8467339928662202,9869.604904372956,56381.45979195644,400.0,False,1,False,CLOSE_INTERACTION_NO_PASS,0.0,,False,0.0,268.9694829424323,18.030517057567693,2.051485,True,2.051485,82.00846376042163,11,True,3.0,brake,0.9286847507394169,7069.849166666669,19,953.4864263418576,2,belgium_2026_R|OCO|SAI,belgium_2026_R|L19|belgium_2026_R|OCO|SAI,,True,v4_t0_anchored_30s_horizon
belgium_2026_R_00519,belgium_2026_R,2026,Belgian Grand Prix,HUL,BOR,5,2026-07-19 13:43:05.287,2026-07-19 13:43:12.807,7.52,7.52,2026-07-19 13:43:35.287,30.0,20,29,92.30861111111426,1.17840780141848,71.686388888892,282.0,146.0,136.0,132.40234167109884,1.879,True,9.0,8.0,2305.12861111111,brake_T5,44.25158791849435,160.66570035731093,MEDIUM,20.0,1.0,0.7367888487477723,9870.902907362557,54551.901417308254,400.0,False,16,True,PIT_RELATED,,,False,0.0,250.6260655737764,31.3739344262236,1.9158110000000002,True,1.9158110000000002,128.80914369164606,9,True,3.0,brake,0.3260506068473798,7069.849166666669,19,953.4864263418576,2,belgium_2026_R|BOR|HUL,belgium_2026_R|L20|belgium_2026_R|BOR|HUL,,False,v4_t0_anchored_30s_horizon
belgium_2026_R_00520,belgium_2026_R,2026,Belgian Grand Prix,LIN,BEA,87,2026-07-19 13:43:15.928,2026-07-19 13:43:45.609,29.681,29.681,2026-07-19 13:43:45.928,30.0,20,109,95.88083333333452,1.1206850649350788,56.475555555557094,308.0,222.0,86.0,32.8878123406418,1.9609999999999999,True,10.0,11.0,2239.2783333333323,brake_T5,110.10186569627194,226.51597813508852,HARD,4.0,2.0,0.8372705719422955,7456.624272012992,104655.04819352391,400.0,False,167,True,PIT_RELATED,,107.841,True,-1.0,301.0,7.0,1.287873,True,1.287873,22.58120205893412,13,True,3.0,brake,0.316736366016295,7069.849166666669,19,953.4864263418576,2,belgium_2026_R|BEA|LIN,belgium_2026_R|L20|belgium_2026_R|BEA|LIN,,False,v4_t0_anchored_30s_horizon
belgium_2026_R_00521,belgium_2026_R,2026,Belgian Grand Prix,LAW,LIN,41,2026-07-19 13:43:20.127,2026-07-19 13:43:25.327,5.2,5.2,2026-07-19 13:43:50.127,30.0,20,18,98.95499999999902,1.6883317535544857,82.60222222222046,211.0,118.0,93.0,123.8349174587305,1.999,True,12.0,10.0,2350.4175,corner_T5,58.96269902960421,115.37681146842078,HARD,5.0,2.0,0.957098495887314,11700.560944986722,20525.08739622141,400.0,False,167,True,INVALID,,,False,0.0,182.86466480446862,28.135335195531383,2.505251,True,2.505251,131.39322306069226,12,True,3.0,corner,0.3324565269485357,7069.849166666669,19,953.4864263418576,2,belgium_2026_R|LAW|LIN,belgium_2026_R|L20|belgium_2026_R|LAW|LIN,,False,v4_t0_anchored_30s_horizon
belgium_2026_R_00522,belgium_2026_R,2026,Belgian Grand Prix,COL,GAS,10,2026-07-19 13:43:21.408,2026-07-19 13:43:53.087,31.679,31.679,2026-07-19 13:43:51.408,30.0,20,114,96.48138888888752,1.9623333333333057,26.959999999998217,177.0,116.0,61.0,53.07021276595896,1.88,True,14.0,13.0,2291.3066666666678,brake_T5,58.073532362936476,174.48764480175305,HARD,5.0,2.0,0.963799936736067,9317.533801760144,65068.26793240014,400.0,False,167,True,INVALID,,,False,0.0,288.38614305521025,-111.38614305521025,2.062073,True,2.062073,39.35319929819737,12,True,3.0,brake,0.32409555177921645,7069.849166666669,19,953.4864263418576,2,belgium_2026_R|COL|GAS,belgium_2026_R|L20|belgium_2026_R|COL|GAS,,False,v4_t0_anchored_30s_horizon
belgium_2026_R_00523,belgium_2026_R,2026,Belgian Grand Prix,ANT,NOR,1,2026-07-19 13:43:43.048,2026-07-19 13:43:46.687,3.639,3.639,2026-07-19 13:44:13.048,30.0,20,17,99.02805555555187,2.0028146067414987,85.8341666666629,178.0,120.0,58.0,44.00000000000091,1.6800000000000002,True,5.0,3.0,4809.104722222224,brake_T14,32.935230196681914,92.93523019668191,SOFT,5.0,2.0,0.5638366129094874,18426.71409902144,23994.658297915186,400.0,False,16,True,INVALID,,,False,0.0,141.37150815758,36.628491842420004,2.727185,True,2.727185,31.616043589215526,11,True,3.0,brake,0.6802273441555822,7069.849166666669,19,953.4864263418576,2,belgium_2026_R|ANT|NOR,belgium_2026_R|L20|belgium_2026_R|ANT|NOR,,False,v4_t0_anchored_30s_horizon
belgium_2026_R_00524,belgium_2026_R,2026,Belgian Grand Prix,SAI,OCO,31,2026-07-19 13:43:55.208,2026-07-19 13:44:04.888,9.68,9.68,2026-07-19 13:44:25.208,30.0,20,40,97.60972222222154,1.8791176470588105,67.65333333333228,187.0,122.0,65.0,101.15460697553453,1.921,True,18.0,17.0,2331.5169444444446,brake_T5,17.863254585159666,134.27736702397624,HARD,6.0,2.0,0.8758824125503231,10927.374265187867,34474.452388973354,400.0,False,167,True,INVALID,,,False,0.0,155.09228439530668,31.907715604693323,2.809894,True,2.809894,113.68695012562974,10,True,3.0,brake,0.32978312400739956,7069.849166666669,19,953.4864263418576,2,belgium_2026_R|OCO|SAI,belgium_2026_R|L20|belgium_2026_R|OCO|SAI,,False,v4_t0_anchored_30s_horizon
belgium_2026_R_00525,belgium_2026_R,2026,Belgian Grand Prix,COL,GAS,10,2026-07-19 13:43:56.928,2026-07-19 13:45:07.368,70.44,70.44,2026-07-19 13:44:26.928,30.0,20,260,97.49972222222232,1.4686150627615078,16.477777777773554,239.0,176.0,63.0,29.18000000000102,2.0,True,14.0,13.0,3580.4711111111133,straight_07,152.38209155563163,212.38209155563163,HARD,5.0,2.0,0.963799936736067,23290.58884179538,4263.577068774999,400.0,False,167,True,INVALID,,,False,0.0,223.37067920918375,15.629320790816251,1.7787359999999999,True,1.7787359999999999,16.166100231960872,13,True,3.0,straight,0.5064423620227323,7069.849166666669,19,953.4864263418576,2,belgium_2026_R|COL|GAS,belgium_2026_R|L20|belgium_2026_R|COL|GAS,,False,v4_t0_anchored_30s_horizon
belgium_2026_R_00526,belgium_2026_R,2026,Belgian Grand Prix,HUL,BOR,5,2026-07-19 13:43:59.607,2026-07-19 13:44:06.447,6.84,6.84,2026-07-19 13:44:29.607,30.0,20,29,99.20500000000357,2.113242603550372,74.57111111111499,169.0,131.0,38.0,17.03512506652534,1.879,True,9.0,8.0,4760.358333333331,brake_T14,81.68161908557522,141.68161908557522,MEDIUM,20.0,1.0,0.7367888487477723,16829.575310091885,27277.492574925665,400.0,False,16,True,PIT_RELATED,,,False,0.0,145.17280172413862,23.827198275861377,2.5466480000000002,True,2.5466480000000002,6.233161652302873,11,True,3.0,brake,0.6733323754313942,7069.849166666669,19,953.4864263418576,2,belgium_2026_R|BOR|HUL,belgium_2026_R|L20|belgium_2026_R|BOR|HUL,,False,v4_t0_anchored_30s_horizon
belgium_2026_R_00527,belgium_2026_R,2026,Belgian Grand Prix,HAM,LEC,16,2026-07-19 13:44:04.888,2026-07-19 13:44:10.168,5.28,5.28,2026-07-19 13:44:34.888,30.0,20,17,98.61777777777297,2.1647804878047725,65.37749999999505,164.0,59.0,105.0,175.76122448979547,1.96,True,2.0,1.0,6644.0136111111115,corner_T18,41.51860040716838,101.51860040716838,MEDIUM,20.0,1.0,0.8721370029941906,10770.491640567901,19264.206562553372,400.0,False,16,True,PIT_RELATED,,,False,0.0,155.2226829988149,8.77731700118511,4.882383,True,4.882383,192.59259880591875,13,True,3.0,corner,0.939767377561135,7069.849166666669,19,953.4864263418576,2,belgium_2026_R|HAM|LEC,belgium_2026_R|L20|belgium_2026_R|HAM|LEC,,True,v4_t0_anchored_30s_horizon
belgium_2026_R_00528,belgium_2026_R,2026,Belgian Grand Prix,LIN,BEA,87,2026-07-19 13:44:06.047,2026-07-19 13:44:34.128,28.081,28.081,2026-07-19 13:44:36.047,30.0,20,99,98.0711111111159,2.0646549707603348,61.017222222228156,171.0,136.0,35.0,55.7399687337148,1.919,True,10.0,11.0,4386.494999999996,brake_T12,16.2974091673359,226.59043988538724,HARD,4.0,2.0,0.8372705719422955,10410.962576181726,43522.32251868726,400.0,False,167,True,PIT_RELATED,,57.722,True,-1.0,186.10489130435144,-15.10489130435144,2.361097,True,2.361097,53.805174373947544,12,True,3.0,brake,0.6204510020781907,7069.849166666669,19,953.4864263418576,2,belgium_2026_R|BEA|LIN,belgium_2026_R|L20|belgium_2026_R|BEA|LIN,,False,v4_t0_anchored_30s_horizon
belgium_2026_R_00529,belgium_2026_R,2026,Belgian Grand Prix,NOR,PIA,81,2026-07-19 13:44:11.608,2026-07-19 13:44:25.088,13.48,13.48,2026-07-19 13:44:41.608,30.0,20,52,88.58222222221957,1.181096296296261,19.389166666663186,270.0,89.0,181.0,139.7872340425567,1.88,True,3.0,4.0,6557.208888888891,brake_T18,63.27572738770414,188.3233226293887,HARD,20.0,1.0,0.9180248406467467,9858.62560977812,60390.73461849137,400.0,False,16,True,PIT_RELATED,,15.4,False,0.0,250.84523809523375,19.154761904766247,2.182008,True,2.182008,117.45448986721642,9,True,3.0,brake,0.9274892199688215,7069.849166666669,19,953.4864263418576,2,belgium_2026_R|NOR|PIA,belgium_2026_R|L20|belgium_2026_R|NOR|PIA,,True,v4_t0_anchored_30s_horizon
belgium_2026_R_00530,belgium_2026_R,2026,Belgian Grand Prix,ANT,NOR,1,2026-07-19 13:44:15.128,2026-07-19 13:44:25.368,10.24,10.24,2026-07-19 13:44:45.128,30.0,20,40,90.83277777777766,1.5951121951219493,39.374166666667406,205.0,70.0,135.0,144.0645000000017,2.0,True,5.0,3.0,6592.790833333335,brake_T18,27.693782943259976,152.74137818494455,SOFT,5.0,2.0,0.5638366129094874,9904.845957521185,43512.594126010415,400.0,False,16,True,INVALID,,,False,0.0,199.26717105263134,5.7328289473686596,2.90491,True,2.90491,139.61168739686076,12,True,3.0,brake,0.9325221341945178,7069.849166666669,19,953.4864263418576,2,belgium_2026_R|ANT|NOR,belgium_2026_R|L20|belgium_2026_R|ANT|NOR,,True,v4_t0_anchored_30s_horizon
belgium_2026_R_00531,belgium_2026_R,2026,Belgian Grand Prix,LAW,LIN,41,2026-07-19 13:44:20.568,2026-07-19 13:44:29.888,9.32,9.32,2026-07-19 13:44:50.568,30.0,20,36,97.77333333333081,2.285610389610331,79.51055555554922,154.0,118.0,36.0,44.70815217391587,1.8399999999999999,True,12.0,10.0,4851.222777777775,corner_T14,246.44457628432974,50.817174641130805,HARD,5.0,2.0,0.957098495887314,20215.924800792076,18480.40104058133,400.0,False,167,True,INVALID,,,False,0.0,134.0279356060598,19.9720643939402,2.89734,True,2.89734,37.44664209644222,11,True,3.0,corner,0.6861847634105971,7069.849166666669,19,953.4864263418576,2,belgium_2026_R|LAW|LIN,belgium_2026_R|L20|belgium_2026_R|LAW|LIN,,False,v4_t0_anchored_30s_horizon
belgium_2026_R_00532,belgium_2026_R,2026,Belgian Grand Prix,VER,ANT,12,2026-07-19 13:44:20.968,2026-07-19 13:44:27.008,6.04,6.04,2026-07-19 13:44:50.968,30.0,20,25,96.3191666666653,3.5025151515151016,80.64138888888738,99.0,59.0,40.0,61.9845744680877,1.88,True,6.0,5.0,6647.78027777778,corner_T18,37.751933740500135,97.75193374050014,HARD,3.0,2.0,0.6589447385365621,10903.310641306161,17485.335101044904,400.0,False,16,True,INVALID,,,False,0.0,136.8906976744179,-37.89069767441791,4.597813,True,4.597813,75.47306886889656,10,True,3.0,corner,0.9403001564900587,7069.849166666669,19,953.4864263418576,2,belgium_2026_R|ANT|VER,belgium_2026_R|L20|belgium_2026_R|ANT|VER,,True,v4_t0_anchored_30s_horizon
belgium_2026_R_00533,belgium_2026_R,2026,Belgian Grand Prix,LEC,NOR,1,2026-07-19 13:44:29.568,2026-07-19 13:44:33.087,3.519,3.519,2026-07-19 13:44:59.568,30.0,21,12,16.253888888888838,0.7406835443037952,16.253888888888838,79.0,188.0,-109.0,-108.99999999999977,0.32,True,2.0,1.0,163.67472222222227,straight_01,172.54658860498228,232.54658860498228,HARD,1.0,2.0,0.46804530893383434,15384.399576455511,75169.80217941492,400.0,False,671,True,PIT_RELATED,,,False,1.0,186.04867021276596,-107.04867021276596,0.312212,True,0.312212,-93.98514607941483,11,True,3.0,straight,0.023151091114351527,7069.849166666669,19,953.4864263418576,2,belgium_2026_R|LEC|NOR,belgium_2026_R|L21|belgium_2026_R|LEC|NOR,,False,v4_t0_anchored_30s_horizon
belgium_2026_R_00534,belgium_2026_R,2026,Belgian Grand Prix,BOR,HAD,6,2026-07-19 13:44:31.928,2026-07-19 13:44:35.528,3.6,3.6,2026-07-19 13:45:01.928,30.0,20,13,97.36750000000666,2.738460937500187,74.84722222222808,128.0,64.0,64.0,93.53488372093209,1.72,True,8.0,7.0,6653.89722222222,corner_T18,31.634989296059757,91.63498929605976,MEDIUM,20.0,1.0,0.8429923529199684,11119.004388743779,14596.505569051136,400.0,False,16,True,PIT_RELATED,,17.88,False,0.0,107.98783563270428,20.012164367295725,5.00719,True,5.00719,120.93616636525604,11,True,3.0,corner,0.9411653721828179,7069.849166666669,19,953.4864263418576,2,belgium_2026_R|BOR|HAD,belgium_2026_R|L20|belgium_2026_R|BOR|HAD,belgium_2026_R_00542,True,v4_t0_anchored_30s_horizon
belgium_2026_R_00535,belgium_2026_R,2026,Belgian Grand Prix,HUL,BOR,5,2026-07-19 13:44:32.768,2026-07-19 13:44:50.048,17.28,17.28,2026-07-19 13:45:02.768,30.0,20,66,98.02972222221979,1.611447488584435,41.17083333333176,219.0,113.0,106.0,97.19148936170372,1.88,True,9.0,8.0,6583.084722222221,brake_T18,37.39989405437427,162.44748929605885,MEDIUM,20.0,1.0,0.7367888487477723,9892.237882336061,48116.645689993915,400.0,False,16,True,PIT_RELATED,,,False,0.0,199.28052763819082,19.71947236180918,2.416105,True,2.416105,83.7476960324762,10,True,3.0,brake,0.9311492461905025,7069.849166666669,19,953.4864263418576,2,belgium_2026_R|BOR|HUL,belgium_2026_R|L20|belgium_2026_R|BOR|HUL,,True,v4_t0_anchored_30s_horizon
belgium_2026_R_00536,belgium_2026_R,2026,Belgian Grand Prix,LEC,ANT,12,2026-07-19 13:44:35.528,2026-07-19 13:44:42.488,6.96,6.52,2026-07-19 13:45:05.528,30.0,21,24,10.874722222222147,0.4893624999999966,10.874722222222147,80.0,145.0,-65.0,-69.49999999999947,0.48,True,2.0,3.0,295.8525000000001,brake_T1,40.36881082720447,100.36881082720447,HARD,1.0,2.0,0.46804530893383434,18036.123320792347,30543.1008693824,400.0,False,671,True,PIT_RELATED,,7.16,False,1.0,155.87797619047606,-75.87797619047606,0.285071,True,0.285071,-115.61253141887762,11,True,3.0,brake,0.04184707382371076,7069.849166666669,19,953.4864263418576,2,belgium_2026_R|ANT|LEC,belgium_2026_R|L21|belgium_2026_R|ANT|LEC,belgium_2026_R_00541,False,v4_t0_anchored_30s_horizon
belgium_2026_R_00537,belgium_2026_R,2026,Belgian Grand Prix,HAM,PIA,81,2026-07-19 13:44:37.328,2026-07-19 13:44:41.248,3.92,3.92,2026-07-19 13:45:07.328,30.0,21,16,24.77638888888889,,24.77638888888889,0.0,80.0,-80.0,-80.00000000000003,1.0,True,6.0,5.0,92.48555555555556,straight_01,243.735755271649,303.735755271649,HARD,1.0,2.0,0.8721370029941906,16139.578589649653,75189.76788345183,400.0,False,671,True,PIT_RELATED,,,False,4.0,80.0,-80.0,1.12475,True,1.12475,-79.80990485939694,10,True,3.0,straight,0.013081687229143697,7069.849166666669,19,953.4864263418576,2,belgium_2026_R|HAM|PIA,belgium_2026_R|L21|belgium_2026_R|HAM|PIA,,False,v4_t0_anchored_30s_horizon
belgium_2026_R_00538,belgium_2026_R,2026,Belgian Grand Prix,VER,LEC,16,2026-07-19 13:44:37.648,2026-07-19 13:44:42.488,4.84,4.84,2026-07-19 13:45:07.648,30.0,21,20,99.11388888888897,2.5486428571428594,52.74305555555566,140.0,63.0,77.0,87.91489361702132,1.88,True,4.0,2.0,238.83111111111114,brake_T1,97.3901997160934,157.3901997160934,HARD,4.0,2.0,0.6589447385365621,15738.158318856284,62488.32460044211,400.0,False,671,True,PIT_RELATED,,,False,-2.0,79.60043103448275,60.39956896551725,4.688462,True,4.688462,106.50528448825047,10,True,3.0,brake,0.03378164165611422,7069.849166666669,19,953.4864263418576,2,belgium_2026_R|LEC|VER,belgium_2026_R|L21|belgium_2026_R|LEC|VER,,False,v4_t0_anchored_30s_horizon
belgium_2026_R_00539,belgium_2026_R,2026,Belgian Grand Prix,LIN,BEA,87,2026-07-19 13:44:38.449,2026-07-19 13:45:02.408,23.959,23.959,2026-07-19 13:45:08.449,30.0,20,92,99.98194444445471,1.2947302158274712,30.084166666676538,278.0,263.0,15.0,9.959804454100865,1.841,True,10.0,11.0,5757.78277777777,brake_T16,56.07919292679526,116.07919292679526,HARD,4.0,2.0,0.8372705719422955,32933.06940879168,139.6604603338006,400.0,False,167,True,PIT_RELATED,,25.32,False,-1.0,252.00244008714432,25.997559912855678,1.39078,True,1.39078,5.203412157960056,11,True,3.0,brake,0.8144138074295695,7069.849166666669,19,953.4864263418576,2,belgium_2026_R|BEA|LIN,belgium_2026_R|L20|belgium_2026_R|BEA|LIN,,True,v4_t0_anchored_30s_horizon
belgium_2026_R_00540,belgium_2026_R,2026,Belgian Grand Prix,SAI,OCO,31,2026-07-19 13:44:41.608,2026-07-19 13:45:02.728,21.12,21.12,2026-07-19 13:45:11.608,30.0,20,82,93.78944444444005,1.5704279069766707,34.377222222215096,215.0,126.0,89.0,79.27463731865882,1.999,True,18.0,17.0,4348.416944444447,brake_T12,54.375464722885226,264.66849544093657,HARD,6.0,2.0,0.8758824125503231,10089.793736593962,55563.18119791736,400.0,False,167,True,INVALID,,,False,0.0,202.344652130946,12.655347869053998,2.319874,True,2.319874,62.10891167603626,11,True,3.0,brake,0.6150650235858798,7069.849166666669,19,953.4864263418576,2,belgium_2026_R|OCO|SAI,belgium_2026_R|L20|belgium_2026_R|OCO|SAI,,False,v4_t0_anchored_30s_horizon
belgium_2026_R_00541,belgium_2026_R,2026,Belgian Grand Prix,ANT,LEC,16,2026-07-19 13:44:43.208,2026-07-19 13:45:24.088,40.88,40.28,2026-07-19 13:45:13.208,30.0,21,122,15.3900000000001,0.7387200000000048,10.296388888891215,75.0,160.0,-85.0,-87.69230769230782,0.52,True,3.0,2.0,486.3713888888888,straight_02,527.6131252306782,789.5223837988578,SOFT,6.0,2.0,0.5638366129094874,23022.12775925562,9.058097482459358,399.99999999999994,False,671,True,PIT_RELATED,,41.12,True,-2.0,167.14479041916172,-92.14479041916172,0.329652,True,0.329652,-58.362738179260525,12,True,3.0,straight,0.06879515777819711,7069.849166666669,19,953.4864263418576,2,belgium_2026_R|ANT|LEC,belgium_2026_R|L21|belgium_2026_R|ANT|LEC,belgium_2026_R_00536,False,v4_t0_anchored_30s_horizon
belgium_2026_R_00542,belgium_2026_R,2026,Belgian Grand Prix,HAD,BOR,5,2026-07-19 13:44:50.288,2026-07-19 13:44:57.408,7.12,7.12,2026-07-19 13:45:20.288,30.0,21,27,12.94416666666666,,12.94416666666666,0.0,79.0,-79.0,-79.0,0.48,True,7.0,8.0,69.5888888888889,straight_01,266.63242193831564,326.63242193831564,HARD,2.0,4.0,0.9445146077465196,16382.467823340667,75196.18947948258,400.0,False,671,True,PIT_RELATED,,7.96,False,0.0,79.0,-79.0,0.58986,True,0.58986,-78.99999999998967,13,True,3.0,straight,0.00984305142137835,7069.849166666669,19,953.4864263418576,2,belgium_2026_R|BOR|HAD,belgium_2026_R|L21|belgium_2026_R|BOR|HAD,belgium_2026_R_00534,False,v4_t0_anchored_30s_horizon
belgium_2026_R_00543,belgium_2026_R,2026,Belgian Grand Prix,HUL,HAD,6,2026-07-19 13:44:50.568,2026-07-19 13:45:00.088,9.52,9.52,2026-07-19 13:45:20.568,30.0,21,36,59.73166666666669,2.721949367088609,34.63027777777779,79.0,7.0,72.0,,,False,11.0,7.0,10.401666666666664,straight_01,325.8196441605379,385.8196441605379,HARD,1.0,2.0,0.7367888487477723,17010.329479325024,75212.78911980691,400.0,False,671,True,PIT_RELATED,,,False,2.0,80.0,-1.0,8.745925,True,8.745925,82.68868459879333,14,True,3.0,straight,0.0014712713696508604,7069.849166666669,19,953.4864263418576,2,belgium_2026_R|HAD|HUL,belgium_2026_R|L21|belgium_2026_R|HAD|HUL,,False,v4_t0_anchored_30s_horizon
belgium_2026_R_00544,belgium_2026_R,2026,Belgian Grand Prix,LIN,BOR,5,2026-07-19 13:45:06.088,2026-07-19 13:45:12.809,6.721,6.721,2026-07-19 13:45:36.088,30.0,21,23,93.7438888888889,1.8853519553072629,21.432777777777744,179.0,84.0,95.0,131.86695050558797,1.879,True,9.0,8.0,214.76749999999996,straight_01,121.45381082720459,181.4538108272046,HARD,5.0,2.0,0.8372705719422955,14842.404279836368,75155.47270588265,400.0,False,71,True,PIT_RELATED,,,False,-1.0,15.649999999999345,163.35000000000065,5.102666,True,5.102666,142.19752136365983,13,True,3.0,straight,0.030377946535634467,7069.849166666669,19,953.4864263418576,2,belgium_2026_R|BOR|LIN,belgium_2026_R|L21|belgium_2026_R|BOR|LIN,,False,v4_t0_anchored_30s_horizon
belgium_2026_R_00545,belgium_2026_R,2026,Belgian Grand Prix,LAW,LIN,41,2026-07-19 13:45:10.168,2026-07-19 13:45:14.128,3.96,3.96,2026-07-19 13:45:40.168,30.0,21,15,92.29277777777776,1.2730038314176242,57.001111111111015,261.0,78.0,183.0,182.9999999999995,0.32,True,10.0,9.0,278.5491666666667,brake_T1,57.67214416053787,117.67214416053787,HARD,6.0,2.0,0.957098495887314,17338.7980680821,40236.98706537697,400.0,False,71,True,INVALID,,,False,-2.0,178.7059826203209,82.2940173796791,2.774898,True,2.774898,132.3344094189019,9,True,3.0,brake,0.03939959115110776,7069.849166666669,19,953.4864263418576,2,belgium_2026_R|LAW|LIN,belgium_2026_R|L21|belgium_2026_R|LAW|LIN,,False,v4_t0_anchored_30s_horizon
belgium_2026_R_00546,belgium_2026_R,2026,Belgian Grand Prix,COL,GAS,10,2026-07-19 13:45:13.129,2026-07-19 13:45:18.928,5.799,5.799,2026-07-19 13:45:43.129,30.0,21,24,42.06222222222215,1.058909090909089,30.429444444444357,143.0,72.0,71.0,,,False,13.0,12.0,327.0733333333334,brake_T1,9.147977493871167,69.14797749387117,HARD,6.0,2.0,1.0,19294.324562980237,13052.181666293653,400.0,False,1,False,INVALID,,,False,-1.0,130.7180642085708,12.281935791429191,1.689133,True,1.689133,112.90011153532907,11,True,3.0,brake,0.04626312749010793,7069.849166666669,19,953.4864263418576,2,belgium_2026_R|COL|GAS,belgium_2026_R|L21|belgium_2026_R|COL|GAS,,False,v4_t0_anchored_30s_horizon
belgium_2026_R_00547,belgium_2026_R,2026,Belgian Grand Prix,HUL,COL,43,2026-07-19 13:45:13.688,2026-07-19 13:45:20.528,6.84,4.6,2026-07-19 13:45:43.688,30.0,21,19,10.035277777777821,0.5161000000000023,10.035277777777821,70.0,111.0,-41.0,-44.43470483005376,0.559,True,11.0,13.0,334.18500000000006,brake_T1,2.0363108272044883,62.03631082720449,HARD,1.0,2.0,0.7367888487477723,19580.925107510637,9067.996307180887,400.0,False,671,True,PIT_RELATED,,7.04,False,2.0,128.90376843008426,-58.903768430084256,0.35718,True,0.35718,-109.95015277133643,10,True,3.0,brake,0.04726904239706198,7069.849166666669,19,953.4864263418576,2,belgium_2026_R|COL|HUL,belgium_2026_R|L21|belgium_2026_R|COL|HUL,,False,v4_t0_anchored_30s_horizon
belgium_2026_R_00548,belgium_2026_R,2026,Belgian Grand Prix,SAI,OCO,31,2026-07-19 13:45:20.049,2026-07-19 13:46:01.888,41.839,41.839,2026-07-19 13:45:50.049,30.0,20,158,97.83333333332757,1.2229166666665947,19.12666666666678,288.0,189.0,99.0,64.76593574706605,1.9609999999999999,True,18.0,17.0,6514.893055555557,brake_T18,105.59156072103815,230.63915596272273,HARD,6.0,2.0,0.8758824125503231,9803.65805355707,80463.06599913177,400.0,False,167,True,INVALID,,,False,0.0,263.3974137931018,24.602586206898195,1.6568960000000001,True,1.6568960000000001,43.06041233775103,10,True,3.0,brake,0.9215038258909892,7069.849166666669,19,953.4864263418576,2,belgium_2026_R|OCO|SAI,belgium_2026_R|L20|belgium_2026_R|OCO|SAI,,True,v4_t0_anchored_30s_horizon
belgium_2026_R_00549,belgium_2026_R,2026,Belgian Grand Prix,ANT,LEC,16,2026-07-19 13:45:28.888,2026-07-19 13:46:02.368,33.48,33.48,2026-07-19 13:45:58.888,30.0,21,127,12.186388888889724,0.3156187050359929,12.186388888889724,139.0,189.0,-50.0,-48.636363636362816,0.88,True,3.0,2.0,3106.4130555555557,brake_T9,104.13418870724581,164.1341887072458,SOFT,6.0,2.0,0.5638366129094874,19085.037762630644,1779.890222727953,400.0,False,671,True,PIT_RELATED,,53.28,True,-2.0,178.9896604938258,-39.989660493825795,0.218407,True,0.218407,-37.90245380339294,13,True,3.0,brake,0.43938887270775884,7069.849166666669,19,953.4864263418576,2,belgium_2026_R|ANT|LEC,belgium_2026_R|L21|belgium_2026_R|ANT|LEC,,False,v4_t0_anchored_30s_horizon
belgium_2026_R_00550,belgium_2026_R,2026,Belgian Grand Prix,SAI,BOT,77,2026-07-19 13:46:02.128,2026-07-19 13:46:27.009,24.881,23.001,2026-07-19 13:46:32.128,30.0,21,85,44.60583333333352,0.49715479876161206,11.090555555552328,323.0,275.0,48.0,,,False,17.0,18.0,2237.6063888888884,brake_T5,111.7738101407158,228.18792257953237,HARD,7.0,2.0,0.8256996305701283,7440.998038722416,105927.4283194367,400.0,False,1,False,ON_TRACK_PASS,1.0,25.321,False,-1.0,307.0,16.0,0.555491,True,0.555491,18.1139990828701,12,True,3.0,brake,0.31649987660824275,7069.849166666669,19,953.4864263418576,2,belgium_2026_R|BOT|SAI,belgium_2026_R|L21|belgium_2026_R|BOT|SAI,belgium_2026_R_00556,False,v4_t0_anchored_30s_horizon
belgium_2026_R_00551,belgium_2026_R,2026,Belgian Grand Prix,BOT,OCO,31,2026-07-19 13:46:05.048,2026-07-19 13:46:25.368,20.32,20.32,2026-07-19 13:46:35.048,30.0,21,74,10.408611111110986,0.2927421874999965,10.408611111110986,128.0,147.0,-19.0,-13.360387953037892,1.959,True,18.0,16.0,2418.1736111111113,corner_T6,168.3408763754078,47.62070035730949,HARD,20.0,2.0,0.7631741537927864,15384.866841923584,159.1899676252159,400.0,False,1,False,CLOSE_INTERACTION_NO_PASS,0.0,,False,2.0,147.6778155706727,-19.677815570672692,0.244013,True,0.244013,-11.663844381510426,13,True,3.0,corner,0.34204033977308246,7069.849166666669,19,953.4864263418576,2,belgium_2026_R|BOT|OCO,belgium_2026_R|L21|belgium_2026_R|BOT|OCO,,False,v4_t0_anchored_30s_horizon
belgium_2026_R_00552,belgium_2026_R,2026,Belgian Grand Prix,LIN,BOR,5,2026-07-19 13:46:11.249,2026-07-19 13:46:16.928,5.679,5.679,2026-07-19 13:46:41.249,30.0,21,20,89.79222222222324,1.1797518248175316,62.14666666666835,274.0,160.0,114.0,98.09109838625838,1.921,True,9.0,8.0,4329.3561111111085,brake_T12,73.43629805622368,283.729328774275,HARD,5.0,2.0,0.8372705719422955,9929.025398139453,61590.50578491663,400.0,False,71,True,PIT_RELATED,,,False,-1.0,204.3428030303032,69.6571969696968,1.850141,True,1.850141,77.14726432760415,13,True,3.0,brake,0.6123689500369266,7069.849166666669,19,953.4864263418576,2,belgium_2026_R|BOR|LIN,belgium_2026_R|L21|belgium_2026_R|BOR|LIN,,False,v4_t0_anchored_30s_horizon
belgium_2026_R_00553,belgium_2026_R,2026,Belgian Grand Prix,ANT,LEC,16,2026-07-19 13:46:26.409,2026-07-19 13:46:30.128,3.719,3.719,2026-07-19 13:46:56.409,30.0,21,14,11.680555555562023,0.5840277777781011,11.680555555562023,72.0,165.0,-93.0,-83.66666666666335,0.48,True,3.0,2.0,6767.325277777774,straight_15,,,SOFT,6.0,2.0,0.5638366129094874,10719.734887276769,87.75816954789858,302.52388888889436,True,671,True,PIT_RELATED,,,False,-2.0,149.4725638599745,-77.47256385997451,0.242768,True,0.242768,-31.182446517797842,12,True,3.0,straight,0.9572092866824866,7069.849166666669,19,953.4864263418576,2,belgium_2026_R|ANT|LEC,belgium_2026_R|L21|belgium_2026_R|ANT|LEC,,True,v4_t0_anchored_30s_horizon
belgium_2026_R_00554,belgium_2026_R,2026,Belgian Grand Prix,PIA,VER,3,2026-07-19 13:46:27.449,2026-07-19 13:46:30.648,3.199,3.199,2026-07-19 13:46:57.449,30.0,21,13,99.31388888888523,3.0299152542371766,95.276666666663,118.0,79.0,39.0,65.54761904762212,1.6800000000000002,True,5.0,4.0,6595.494444444449,brake_T18,24.99017183214619,150.03776707383076,HARD,1.0,2.0,0.9592476343481648,9908.35790291003,42230.14796173014,400.0,False,671,True,PIT_RELATED,,,False,1.0,258.14545965515276,-140.14545965515276,2.763003,True,2.763003,85.28729932661545,11,True,3.0,brake,0.9329045484508023,7069.849166666669,19,953.4864263418576,2,belgium_2026_R|PIA|VER,belgium_2026_R|L21|belgium_2026_R|PIA|VER,,True,v4_t0_anchored_30s_horizon
belgium_2026_R_00555,belgium_2026_R,2026,Belgian Grand Prix,COL,HUL,27,2026-07-19 13:46:30.128,2026-07-19 13:46:33.409,3.281,3.281,2026-07-19 13:47:00.128,30.0,21,16,11.222222222220807,0.20507614213195385,11.222222222220807,197.0,229.0,-32.0,-43.10000000000309,0.8,True,13.0,11.0,5008.542222222222,brake_T15,89.12513183988267,149.12513183988267,HARD,6.0,2.0,0.994371067909788,28896.21854377135,0.0,400.0,False,1,False,PIT_RELATED,,19.4,False,-1.0,229.57517155333744,-32.57517155333744,0.161048,True,0.161048,-48.99904817421825,11,True,3.0,brake,0.708436927599076,7069.849166666669,19,953.4864263418576,2,belgium_2026_R|COL|HUL,belgium_2026_R|L21|belgium_2026_R|COL|HUL,belgium_2026_R_00564,True,v4_t0_anchored_30s_horizon
belgium_2026_R_00556,belgium_2026_R,2026,Belgian Grand Prix,BOT,SAI,55,2026-07-19 13:46:30.849,2026-07-19 13:46:58.849,28.0,28.0,2026-07-19 13:47:00.849,30.0,21,108,10.377500000003238,0.14593359375004553,10.377500000003238,256.0,264.0,-8.0,-9.264660887301485,1.9609999999999999,True,18.0,17.0,3657.7813888888863,brake_T10,75.07181377785855,135.07181377785855,HARD,20.0,2.0,0.7825292702367067,23859.959582166885,3496.83870908784,400.0,False,1,False,CLOSE_INTERACTION_NO_PASS,0.0,,False,2.0,263.28983868536085,-7.289838685360849,0.142742,True,0.142742,-9.735656114263294,12,True,3.0,brake,0.5173775709579215,7069.849166666669,19,953.4864263418576,2,belgium_2026_R|BOT|SAI,belgium_2026_R|L21|belgium_2026_R|BOT|SAI,belgium_2026_R_00550,False,v4_t0_anchored_30s_horizon
belgium_2026_R_00557,belgium_2026_R,2026,Belgian Grand Prix,LEC,NOR,1,2026-07-19 13:46:31.609,2026-07-19 13:46:41.688,10.079,10.079,2026-07-19 13:47:01.609,30.0,22,40,93.60138888888886,1.3010231660231657,18.814722222222315,259.0,158.0,101.0,37.2447473026689,1.7610000000000001,True,2.0,1.0,222.56916666666663,brake_T1,113.65214416053792,173.65214416053792,HARD,2.0,2.0,0.45356984336174533,15082.80109370031,71598.7911061268,400.0,False,1,False,CLOSE_INTERACTION_NO_PASS,0.0,73.68,True,0.0,280.00105490594814,-21.001054905948138,1.5742340000000001,True,1.5742340000000001,3.3415970690713057,13,True,3.0,brake,0.03148145899859484,7069.849166666669,19,953.4864263418576,2,belgium_2026_R|LEC|NOR,belgium_2026_R|L22|belgium_2026_R|LEC|NOR,,False,v4_t0_anchored_30s_horizon
belgium_2026_R_00558,belgium_2026_R,2026,Belgian Grand Prix,COL,GAS,10,2026-07-19 13:46:33.649,2026-07-19 13:51:10.010,276.361,276.361,2026-07-19 13:47:03.649,30.0,21,1003,25.47472222221859,0.34477067669168016,11.45249999999578,266.0,270.0,-4.0,,,False,13.0,12.0,5246.675000000001,straight_12,567.1869707045644,627.1869707045644,HARD,6.0,2.0,0.97834657566842,32009.444578652812,0.0,400.0,False,1,False,INVALID,,,False,-1.0,267.35216078067015,-1.3521607806701468,0.327884,True,0.327884,-4.38439438302058,14,True,3.0,straight,0.7421197929847395,7069.849166666669,19,953.4864263418576,2,belgium_2026_R|COL|GAS,belgium_2026_R|L21|belgium_2026_R|COL|GAS,,True,v4_t0_anchored_30s_horizon
belgium_2026_R_00559,belgium_2026_R,2026,Belgian Grand Prix,SAI,OCO,31,2026-07-19 13:46:40.609,2026-07-19 13:46:46.609,6.0,6.0,2026-07-19 13:47:10.609,30.0,21,22,93.0799999999972,1.3192440944881492,76.14888888888618,254.0,173.0,81.0,55.42222222222517,1.8,True,17.0,16.0,4356.293333333336,brake_T12,46.49907583399636,256.7921065520477,HARD,7.0,2.0,0.9055477407004423,10156.227031117,53072.54757363956,400.0,False,1,False,CLOSE_INTERACTION_NO_PASS,0.0,,False,-1.0,260.9462643678164,-6.946264367816411,1.644298,True,1.644298,32.63559993802018,12,True,3.0,brake,0.6161791051883593,7069.849166666669,19,953.4864263418576,2,belgium_2026_R|OCO|SAI,belgium_2026_R|L21|belgium_2026_R|OCO|SAI,,False,v4_t0_anchored_30s_horizon
belgium_2026_R_00560,belgium_2026_R,2026,Belgian Grand Prix,BOR,HAD,6,2026-07-19 13:46:40.969,2026-07-19 13:46:47.729,6.76,6.76,2026-07-19 13:47:10.969,30.0,21,26,98.73083333333761,1.3362067669173512,40.859444444448854,266.0,99.0,167.0,132.46000000000095,2.0,True,8.0,7.0,6513.411666666666,brake_T18,107.07294960992931,232.1205448516139,HARD,1.0,2.0,0.8429923529199684,9801.73375429079,81165.75637148463,400.0,False,671,True,PIT_RELATED,,,False,0.0,268.18593306409844,-2.1859330640984354,2.207606,True,2.207606,103.03773137763415,11,True,3.0,brake,0.9212942897532346,7069.849166666669,19,953.4864263418576,2,belgium_2026_R|BOR|HAD,belgium_2026_R|L21|belgium_2026_R|BOR|HAD,,True,v4_t0_anchored_30s_horizon
belgium_2026_R_00561,belgium_2026_R,2026,Belgian Grand Prix,LIN,BOR,5,2026-07-19 13:46:43.928,2026-07-19 13:46:50.609,6.681,6.681,2026-07-19 13:47:13.928,30.0,21,27,94.50944444444576,1.2417299270073165,28.173333333334995,274.0,89.0,185.0,154.67346938775617,1.96,True,9.0,8.0,6546.036944444443,brake_T18,74.44767183215208,199.49526707383666,HARD,5.0,2.0,0.8372705719422955,9844.113441731914,65690.09784474774,400.0,False,71,True,PIT_RELATED,,,False,-1.0,224.52813008130272,49.47186991869728,2.453034,True,2.453034,128.07320175242984,11,True,3.0,brake,0.9259089960940149,7069.849166666669,19,953.4864263418576,2,belgium_2026_R|BOR|LIN,belgium_2026_R|L21|belgium_2026_R|BOR|LIN,,True,v4_t0_anchored_30s_horizon
belgium_2026_R_00562,belgium_2026_R,2026,Belgian Grand Prix,GAS,HUL,27,2026-07-19 13:46:44.688,2026-07-19 13:46:48.528,3.84,3.52,2026-07-19 13:47:14.688,30.0,21,15,10.12388888888745,0.13205072463766238,10.12388888888745,276.0,283.0,-7.0,-1.5395833333320754,1.92,True,12.0,11.0,6198.057777777774,straight_14,422.42683849882087,547.4744337405054,HARD,7.0,2.0,0.94714817780574,26624.934469173793,46441.06463987749,400.0,False,71,True,PIT_RELATED,,4.24,False,-1.0,282.54159859163855,-6.541598591638547,0.127893,True,0.127893,-0.11688724598127237,11,True,3.0,straight,0.8766888276769373,7069.849166666669,19,953.4864263418576,2,belgium_2026_R|GAS|HUL,belgium_2026_R|L21|belgium_2026_R|GAS|HUL,,True,v4_t0_anchored_30s_horizon
belgium_2026_R_00563,belgium_2026_R,2026,Belgian Grand Prix,GAS,LAW,30,2026-07-19 13:46:48.928,2026-07-19 13:46:59.449,10.521,10.521,2026-07-19 13:47:18.928,30.0,21,42,91.9711111111128,1.157678321678343,35.531111111112295,286.0,185.0,101.0,,,False,12.0,10.0,6532.376388888886,brake_T18,88.10822738770912,213.1558226293937,HARD,7.0,2.0,0.94714817780574,9826.368609682975,72169.92292097496,400.0,False,71,True,INVALID,,,False,-1.0,284.0,2.0,1.419355,True,1.419355,20.65986676030693,12,True,3.0,brake,0.9239767687955932,7069.849166666669,19,953.4864263418576,2,belgium_2026_R|GAS|LAW,belgium_2026_R|L21|belgium_2026_R|GAS|LAW,,True,v4_t0_anchored_30s_horizon
belgium_2026_R_00564,belgium_2026_R,2026,Belgian Grand Prix,HUL,COL,43,2026-07-19 13:46:50.008,2026-07-19 13:46:58.849,8.841,8.2,2026-07-19 13:47:20.008,30.0,21,33,15.370555555562532,0.4289457364343032,10.319166666673482,129.0,227.0,-98.0,-107.49999999999774,0.48,True,11.0,13.0,6570.2066666666615,brake_T18,50.277949609933785,175.32554485161836,HARD,1.0,2.0,0.7367888487477723,9875.509504634221,54225.29529670891,400.0,False,671,True,PIT_RELATED,,9.721,False,2.0,248.22256097562007,-119.22256097562007,0.25778,True,0.25778,-76.03167364232976,12,True,3.0,brake,0.929327700178421,7069.849166666669,19,953.4864263418576,2,belgium_2026_R|COL|HUL,belgium_2026_R|L21|belgium_2026_R|COL|HUL,belgium_2026_R_00555,True,v4_t0_anchored_30s_horizon
belgium_2026_R_00565,belgium_2026_R,2026,Belgian Grand Prix,HUL,LAW,30,2026-07-19 13:46:59.449,2026-07-19 13:49:07.089,127.64,127.64,2026-07-19 13:47:29.449,30.0,22,414,30.554444444444442,0.47006837606837604,10.02527777777783,234.0,231.0,3.0,,,False,11.0,10.0,30.491388888888885,straight_01,305.72992193831567,365.72992193831567,HARD,2.0,2.0,0.7353397908200485,16797.216483155822,75207.15475903469,400.0,False,1,False,CLOSE_INTERACTION_NO_PASS,0.0,32.64,True,0.0,225.1381004366812,8.861899563318786,0.474475,True,0.474475,-14.252338168429063,13,True,3.0,straight,0.004312876862020118,7069.849166666669,19,953.4864263418576,2,belgium_2026_R|HUL|LAW,belgium_2026_R|L22|belgium_2026_R|HUL|LAW,,False,v4_t0_anchored_30s_horizon
belgium_2026_R_00566,belgium_2026_R,2026,Belgian Grand Prix,PIA,VER,3,2026-07-19 13:47:07.329,2026-07-19 13:47:28.608,21.279,21.279,2026-07-19 13:47:37.329,30.0,22,81,93.33111111111202,1.0666412698412802,55.10916666666799,315.0,185.0,130.0,55.723404255318975,1.88,True,5.0,4.0,2260.1477777777777,brake_T5,89.23242125182651,205.64653369064308,HARD,2.0,2.0,0.8726758381921231,8070.070643062289,88775.37347574158,400.0,False,1,False,CLOSE_INTERACTION_NO_PASS,0.0,,False,0.0,311.7057877813505,3.294212218649477,1.392926,True,1.392926,33.43700988139347,9,True,3.0,brake,0.31968825989019006,7069.849166666669,19,953.4864263418576,2,belgium_2026_R|PIA|VER,belgium_2026_R|L22|belgium_2026_R|PIA|VER,,False,v4_t0_anchored_30s_horizon
belgium_2026_R_00567,belgium_2026_R,2026,Belgian Grand Prix,BOT,SAI,55,2026-07-19 13:47:08.208,2026-07-19 13:47:11.729,3.521,3.521,2026-07-19 13:47:38.208,30.0,21,14,99.33555555556268,1.2163537414966858,95.90027777778505,294.0,281.0,13.0,13.416883793638034,1.919,True,18.0,17.0,6048.429166666667,brake_T17,33.56163314872629,93.56163314872629,HARD,20.0,2.0,0.7719934095819121,31019.682782087595,221.61705768653786,400.0,False,1,False,CLOSE_INTERACTION_NO_PASS,0.0,,False,2.0,289.70034722222255,4.299652777777453,1.253076,True,1.253076,14.188203115821453,10,True,3.0,brake,0.8555244990493076,7069.849166666669,19,953.4864263418576,2,belgium_2026_R|BOT|SAI,belgium_2026_R|L21|belgium_2026_R|BOT|SAI,,True,v4_t0_anchored_30s_horizon
belgium_2026_R_00568,belgium_2026_R,2026,Belgian Grand Prix,SAI,OCO,31,2026-07-19 13:47:13.849,2026-07-19 13:47:20.129,6.28,6.28,2026-07-19 13:47:43.849,30.0,21,24,99.01027777777108,1.4608073770490817,68.61833333332652,244.0,121.0,123.0,101.60416666666492,1.92,True,17.0,16.0,6586.378055555563,brake_T18,34.10656072103211,159.1541559627167,HARD,7.0,2.0,0.8995310031655313,9896.515866979045,46554.46735610585,400.0,False,1,False,CLOSE_INTERACTION_NO_PASS,0.0,,False,-1.0,261.0,-17.0,1.961957,True,1.961957,72.54959680791984,13,True,3.0,brake,0.9316150741389784,7069.849166666669,19,953.4864263418576,2,belgium_2026_R|OCO|SAI,belgium_2026_R|L21|belgium_2026_R|OCO|SAI,,True,v4_t0_anchored_30s_horizon
belgium_2026_R_00569,belgium_2026_R,2026,Belgian Grand Prix,PIA,VER,3,2026-07-19 13:47:42.928,2026-07-19 13:48:06.409,23.481,23.481,2026-07-19 13:48:12.928,30.0,22,93,94.01527777778301,1.2535370370371068,68.22416666666868,270.0,182.0,88.0,35.74737368684015,1.999,True,5.0,4.0,4338.581111111111,brake_T12,64.2112980562215,274.50432877427284,HARD,2.0,2.0,0.8748047785358958,10006.833534662486,58673.42087353291,400.0,False,1,False,CLOSE_INTERACTION_NO_PASS,0.0,,False,0.0,272.0,-2.0,1.5246979999999999,True,1.5246979999999999,17.66148331745514,12,True,3.0,brake,0.6136737869270115,7069.849166666669,19,953.4864263418576,2,belgium_2026_R|PIA|VER,belgium_2026_R|L22|belgium_2026_R|PIA|VER,,False,v4_t0_anchored_30s_horizon
belgium_2026_R_00570,belgium_2026_R,2026,Belgian Grand Prix,SAI,OCO,31,2026-07-19 13:47:54.089,2026-07-19 13:48:18.209,24.12,24.12,2026-07-19 13:48:24.089,30.0,22,89,99.89083333333247,1.1308396226414996,49.92111111111171,318.0,306.0,12.0,9.879999999999882,2.0,True,17.0,16.0,2138.221944444444,straight_03,211.1582545851602,327.57236702397677,HARD,8.0,2.0,0.8804645065565255,12765.977381995584,112283.23870421028,400.0,False,1,False,CLOSE_INTERACTION_NO_PASS,0.0,,False,0.0,307.9256695620702,10.074330437929802,1.173241,True,1.173241,9.263061801256653,13,True,3.0,straight,0.30244237098096177,7069.849166666669,19,953.4864263418576,2,belgium_2026_R|OCO|SAI,belgium_2026_R|L22|belgium_2026_R|OCO|SAI,,False,v4_t0_anchored_30s_horizon
belgium_2026_R_00571,belgium_2026_R,2026,Belgian Grand Prix,BOT,SAI,55,2026-07-19 13:47:58.409,2026-07-19 13:48:02.809,4.4,4.4,2026-07-19 13:48:28.409,30.0,22,17,96.36749999999984,1.344662790697672,79.43416666666508,258.0,139.0,119.0,141.02999999999975,1.8,True,18.0,17.0,2316.646666666666,brake_T5,32.73353236293815,149.14764480175472,HARD,21.0,2.0,0.7624069431099184,10332.034561210286,45788.438776411494,400.0,False,1,False,CLOSE_INTERACTION_NO_PASS,0.0,,False,0.0,219.89241133346553,38.10758866653447,2.140364,True,2.140364,123.10290574516837,12,True,3.0,brake,0.32767978666211506,7069.849166666669,19,953.4864263418576,2,belgium_2026_R|BOT|SAI,belgium_2026_R|L22|belgium_2026_R|BOT|SAI,,False,v4_t0_anchored_30s_horizon
belgium_2026_R_00572,belgium_2026_R,2026,Belgian Grand Prix,NOR,LEC,16,2026-07-19 13:48:08.888,2026-07-19 13:48:16.848,7.96,6.281,2026-07-19 13:48:38.888,30.0,22,25,10.825833333338778,0.2687793103449628,10.825833333338778,145.0,188.0,-43.0,-44.8697829716158,0.599,True,1.0,2.0,6638.414722222219,corner_T18,47.11748929606074,107.11748929606074,HARD,22.0,1.0,0.9230174776272752,10573.065403187302,21908.375675987878,400.0,False,1,False,ON_TRACK_PASS,1.0,8.121,False,0.0,201.26068832122175,-56.26068832122175,0.201436,True,0.201436,-28.102510220465316,12,True,3.0,corner,0.9389754386163426,7069.849166666669,19,953.4864263418576,2,belgium_2026_R|LEC|NOR,belgium_2026_R|L22|belgium_2026_R|LEC|NOR,belgium_2026_R_00575,True,v4_t0_anchored_30s_horizon
belgium_2026_R_00573,belgium_2026_R,2026,Belgian Grand Prix,ANT,NOR,1,2026-07-19 13:48:10.488,2026-07-19 13:48:16.688,6.2,6.2,2026-07-19 13:48:40.488,30.0,22,23,88.32861111109924,1.1236148409892481,38.59972222221131,283.0,85.0,198.0,176.12350182386706,1.919,True,3.0,1.0,6594.477222222228,brake_T18,26.00739405436707,151.05498929605164,SOFT,7.0,2.0,0.5058826726387357,9907.03654834166,42712.66289582893,400.0,False,1,False,CLOSE_INTERACTION_NO_PASS,0.0,,False,0.0,231.9465968586179,51.05340314138209,2.547481,True,2.547481,151.6324134858421,10,True,3.0,brake,0.9327606667076079,7069.849166666669,19,953.4864263418576,2,belgium_2026_R|ANT|NOR,belgium_2026_R|L22|belgium_2026_R|ANT|NOR,,True,v4_t0_anchored_30s_horizon
belgium_2026_R_00574,belgium_2026_R,2026,Belgian Grand Prix,PIA,VER,3,2026-07-19 13:48:14.689,2026-07-19 13:48:36.409,21.72,21.72,2026-07-19 13:48:44.689,30.0,22,72,98.89805555555631,1.2580671378091968,38.65166666666664,283.0,235.0,48.0,10.448979591833357,1.96,True,5.0,4.0,6503.9013888888885,brake_T18,116.58322738770676,241.63082262939133,HARD,2.0,2.0,0.8243006999849042,9789.380063313944,85676.91524607813,400.0,False,1,False,CLOSE_INTERACTION_NO_PASS,0.0,,False,0.0,282.55608436395755,0.44391563604244766,1.342053,True,1.342053,1.647061355366268,13,True,3.0,brake,0.919949101538666,7069.849166666669,19,953.4864263418576,2,belgium_2026_R|PIA|VER,belgium_2026_R|L22|belgium_2026_R|PIA|VER,,True,v4_t0_anchored_30s_horizon
belgium_2026_R_00575,belgium_2026_R,2026,Belgian Grand Prix,LEC,NOR,1,2026-07-19 13:48:18.849,2026-07-19 13:48:44.289,25.44,24.119,2026-07-19 13:48:48.849,30.0,23,77,36.73111111111109,0.5555966386554618,10.106944444444935,238.0,252.0,-14.0,-71.79891304349023,1.8399999999999999,True,1.0,2.0,40.02444444444444,straight_01,296.1968663827601,356.1968663827601,HARD,3.0,2.0,0.41503671402324555,16696.08924955751,75204.48111956535,400.0,False,1,False,ON_TRACK_PASS,1.0,25.84,False,-1.0,241.66234817813765,-3.6623481781376483,0.533506,True,0.533506,-24.051513908303697,10,True,3.0,straight,0.005661286896070427,7069.849166666669,19,953.4864263418576,2,belgium_2026_R|LEC|NOR,belgium_2026_R|L23|belgium_2026_R|LEC|NOR,belgium_2026_R_00572,False,v4_t0_anchored_30s_horizon
belgium_2026_R_00576,belgium_2026_R,2026,Belgian Grand Prix,ANT,LEC,16,2026-07-19 13:48:23.929,2026-07-19 13:48:28.610,4.681,4.681,2026-07-19 13:48:53.929,30.0,23,18,85.07055555555553,1.1513308270676688,46.748333333333164,266.0,110.0,156.0,113.42127659574466,1.88,True,3.0,1.0,268.06416666666667,brake_T1,68.15714416053788,128.15714416053788,SOFT,8.0,2.0,0.5667195699303065,16916.25201098326,46111.02270966532,400.0,False,1,False,CLOSE_INTERACTION_NO_PASS,0.0,,False,0.0,252.2482886904762,13.751711309523813,1.8932419999999999,True,1.8932419999999999,80.7346369532651,12,True,3.0,brake,0.037916532637011696,7069.849166666669,19,953.4864263418576,2,belgium_2026_R|ANT|LEC,belgium_2026_R|L23|belgium_2026_R|ANT|LEC,,False,v4_t0_anchored_30s_horizon
belgium_2026_R_00577,belgium_2026_R,2026,Belgian Grand Prix,BOR,HAD,6,2026-07-19 13:48:31.689,2026-07-19 13:48:37.369,5.68,5.68,2026-07-19 13:49:01.689,30.0,22,23,87.45527777777625,1.2746518218623257,44.89972222222059,247.0,76.0,171.0,169.40864133263793,1.921,True,8.0,7.0,6605.133333333334,brake_T18,15.35128294326114,140.39887818494572,HARD,2.0,2.0,0.7718411579828461,9920.878657558404,37657.98296630596,400.0,False,1,False,CLOSE_INTERACTION_NO_PASS,0.0,,False,0.0,237.87009707581274,9.129902924187263,2.832386,True,2.832386,170.55084751047028,7,True,3.0,brake,0.9342679281582974,7069.849166666669,19,953.4864263418576,2,belgium_2026_R|BOR|HAD,belgium_2026_R|L22|belgium_2026_R|BOR|HAD,,True,v4_t0_anchored_30s_horizon
belgium_2026_R_00578,belgium_2026_R,2026,Belgian Grand Prix,SAI,OCO,31,2026-07-19 13:48:31.689,2026-07-19 13:48:43.849,12.16,12.16,2026-07-19 13:49:01.689,30.0,22,41,99.54777777777872,1.3372089552238933,66.65888888889094,268.0,213.0,55.0,16.158771473186686,1.921,True,17.0,16.0,4304.6399999999985,brake_T12,98.15240916733364,308.445439885385,HARD,8.0,2.0,0.9336785858660437,9907.871643476665,70576.34803957205,400.0,False,1,False,CLOSE_INTERACTION_NO_PASS,0.0,,False,0.0,262.686430608365,5.313569391634985,1.460342,True,1.460342,12.62285062783723,7,True,3.0,brake,0.608872961575441,7069.849166666669,19,953.4864263418576,2,belgium_2026_R|OCO|SAI,belgium_2026_R|L22|belgium_2026_R|OCO|SAI,,False,v4_t0_anchored_30s_horizon
belgium_2026_R_00579,belgium_2026_R,2026,Belgian Grand Prix,NOR,LEC,16,2026-07-19 13:48:45.969,2026-07-19 13:49:38.369,52.4,52.4,2026-07-19 13:49:15.969,30.0,23,194,11.476666666666233,0.1337087378640726,11.476666666666233,309.0,332.0,-23.0,-25.43749999999946,1.28,True,2.0,1.0,1969.6505555555557,straight_03,379.72964347404854,496.1437559128651,HARD,23.0,1.0,0.8972298625613925,24540.553038776095,98687.57253849939,400.0000000000002,False,1,False,CLOSE_INTERACTION_NO_PASS,0.0,,False,1.0,332.60499999999996,-23.60499999999996,0.121,True,0.121,-26.781163679119537,12,True,3.0,straight,0.2785986672590099,7069.849166666669,19,953.4864263418576,2,belgium_2026_R|LEC|NOR,belgium_2026_R|L23|belgium_2026_R|LEC|NOR,belgium_2026_R_00575,False,v4_t0_anchored_30s_horizon
belgium_2026_R_00580,belgium_2026_R,2026,Belgian Grand Prix,ANT,NOR,1,2026-07-19 13:48:51.769,2026-07-19 13:49:44.569,52.8,52.8,2026-07-19 13:49:21.769,30.0,23,197,98.09027777777828,1.1502442996742732,34.229722222222335,307.0,151.0,156.0,139.8373038930862,1.721,True,3.0,2.0,2293.283055555555,brake_T5,56.09714347404906,172.51125591286564,SOFT,8.0,2.0,0.510086869160781,9396.659611892159,63564.54101355459,400.0,False,1,False,CLOSE_INTERACTION_NO_PASS,0.0,,False,0.0,265.48403628118047,41.515963718819535,1.937889,True,1.937889,97.3439703510342,11,True,3.0,brake,0.3243751035549751,7069.849166666669,19,953.4864263418576,2,belgium_2026_R|ANT|NOR,belgium_2026_R|L23|belgium_2026_R|ANT|NOR,,False,v4_t0_anchored_30s_horizon
belgium_2026_R_00581,belgium_2026_R,2026,Belgian Grand Prix,PIA,VER,3,2026-07-19 13:48:55.169,2026-07-19 13:49:19.129,23.96,23.96,2026-07-19 13:49:25.169,30.0,23,86,99.64749999999958,1.1280849056603728,55.20805555555535,318.0,311.0,7.0,6.765957446806711,1.88,True,5.0,4.0,2102.540555555556,straight_03,246.83964347404844,363.253755912865,HARD,3.0,2.0,0.7953164428291586,14859.229164211589,112320.57667254852,400.0,False,1,False,CLOSE_INTERACTION_NO_PASS,0.0,,False,0.0,314.0,4.0,1.151197,True,1.151197,7.037608779684568,12,True,3.0,straight,0.2973953907628942,7069.849166666669,19,953.4864263418576,2,belgium_2026_R|PIA|VER,belgium_2026_R|L23|belgium_2026_R|PIA|VER,,False,v4_t0_anchored_30s_horizon
belgium_2026_R_00582,belgium_2026_R,2026,Belgian Grand Prix,BEA,ALB,23,2026-07-19 13:48:56.969,2026-07-19 13:49:01.449,4.48,4.48,2026-07-19 13:49:26.969,30.0,22,19,99.81333333333441,1.5161518987341938,60.02444444444427,237.0,81.0,156.0,186.07299999999742,2.0,True,15.0,14.0,6614.1241666666665,brake_T18,6.360449609928764,131.40804485161334,HARD,2.0,3.0,0.7968905386508777,9932.557598933163,33393.220303281814,400.0,False,1,False,CLOSE_INTERACTION_NO_PASS,0.0,,False,0.0,206.0167628205102,30.983237179489805,3.463687,True,3.463687,183.54650605497017,13,True,3.0,brake,0.9355396431724908,7069.849166666669,19,953.4864263418576,2,belgium_2026_R|ALB|BEA,belgium_2026_R|L22|belgium_2026_R|ALB|BEA,,True,v4_t0_anchored_30s_horizon
belgium_2026_R_00583,belgium_2026_R,2026,Belgian Grand Prix,SAI,OCO,31,2026-07-19 13:49:05.529,2026-07-19 13:49:13.169,7.64,7.64,2026-07-19 13:49:35.529,30.0,22,28,99.8897222222231,1.2486215277777888,51.32055555555689,288.0,137.0,151.0,81.45833333333485,1.92,True,17.0,16.0,6570.770277777772,brake_T18,49.714338498823054,174.76193374050763,HARD,8.0,2.0,0.8837979349325318,9876.24162599392,53957.948819022655,400.0,False,1,False,CLOSE_INTERACTION_NO_PASS,0.0,,False,0.0,267.47098938826474,20.52901061173526,1.793037,True,1.793037,48.91925952404704,12,True,3.0,brake,0.9294074205653521,7069.849166666669,19,953.4864263418576,2,belgium_2026_R|OCO|SAI,belgium_2026_R|L22|belgium_2026_R|OCO|SAI,,True,v4_t0_anchored_30s_horizon
belgium_2026_R_00584,belgium_2026_R,2026,Belgian Grand Prix,BOT,SAI,55,2026-07-19 13:49:10.249,2026-07-19 13:49:14.410,4.161,4.161,2026-07-19 13:49:40.249,30.0,22,14,94.87555555554991,1.5046343612333906,64.3311111111052,227.0,82.0,145.0,173.607395323543,1.839,True,18.0,17.0,6636.470555555556,corner_T18,49.06165596272422,109.06165596272422,HARD,21.0,2.0,0.7871772602957583,10504.51081718692,22826.54096795485,400.0,False,1,False,CLOSE_INTERACTION_NO_PASS,0.0,,False,0.0,164.76977040815115,62.230229591848854,3.637421,True,3.637421,180.47909579809755,11,True,3.0,corner,0.9387004445364363,7069.849166666669,19,953.4864263418576,2,belgium_2026_R|BOT|SAI,belgium_2026_R|L22|belgium_2026_R|BOT|SAI,,True,v4_t0_anchored_30s_horizon
belgium_2026_R_00585,belgium_2026_R,2026,Belgian Grand Prix,HUL,LAW,30,2026-07-19 13:49:22.529,2026-07-19 13:54:18.290,295.761,294.601,2026-07-19 13:49:52.529,30.0,23,961,98.08027777777897,1.0864276923077056,10.019722222221844,325.0,238.0,87.0,36.96499999999906,2.0,True,11.0,10.0,2226.0224999999996,straight_03,123.35769902960465,239.77181146842122,HARD,3.0,2.0,0.6793605212311414,7565.328797974416,112191.23293429284,400.0,False,1,False,CLOSE_INTERACTION_NO_PASS,0.0,,False,0.0,306.0,19.0,1.247816,True,1.247816,28.83841770076957,13,True,3.0,straight,0.31486138494939586,7069.849166666669,19,953.4864263418576,2,belgium_2026_R|HUL|LAW,belgium_2026_R|L23|belgium_2026_R|HUL|LAW,,False,v4_t0_anchored_30s_horizon
belgium_2026_R_00586,belgium_2026_R,2026,Belgian Grand Prix,PIA,VER,3,2026-07-19 13:49:31.929,2026-07-19 13:49:44.569,12.64,12.64,2026-07-19 13:50:01.929,30.0,23,50,99.86444444444442,1.3315259259259256,64.98666666666668,270.0,220.0,50.0,6.180000000000109,2.0,True,5.0,4.0,4290.838055555557,brake_T12,111.95435361177533,322.2473843298267,HARD,3.0,2.0,0.8393817767948545,9940.040007374017,75868.98139002173,400.0,False,1,False,CLOSE_INTERACTION_NO_PASS,0.0,,False,0.0,274.89841414141415,-4.89841414141415,1.39657,True,1.39657,-0.7305269581891771,11,True,3.0,brake,0.6069207354219446,7069.849166666669,19,953.4864263418576,2,belgium_2026_R|PIA|VER,belgium_2026_R|L23|belgium_2026_R|PIA|VER,,False,v4_t0_anchored_30s_horizon
belgium_2026_R_00587,belgium_2026_R,2026,Belgian Grand Prix,ANT,NOR,1,2026-07-19 13:49:50.369,2026-07-19 13:54:16.811,266.442,264.521,2026-07-19 13:50:20.369,30.0,23,925,99.18972222222328,1.1518806451613026,10.065833333333444,310.0,297.0,13.0,13.223072996424193,1.959,True,3.0,2.0,5822.965,corner_T16,259.02579981539293,50.89697070456532,SOFT,8.0,2.0,0.5301775212472859,32270.207990993145,167.5405103631478,400.0,False,1,False,CLOSE_INTERACTION_NO_PASS,0.0,,False,0.0,308.6161661255412,1.3838338744587872,1.187879,True,1.187879,10.879880971824102,11,True,3.0,corner,0.8236335546526863,7069.849166666669,19,953.4864263418576,2,belgium_2026_R|ANT|NOR,belgium_2026_R|L23|belgium_2026_R|ANT|NOR,,True,v4_t0_anchored_30s_horizon
belgium_2026_R_00588,belgium_2026_R,2026,Belgian Grand Prix,NOR,LEC,16,2026-07-19 13:49:58.369,2026-07-19 13:50:19.529,21.16,21.16,2026-07-19 13:50:28.369,30.0,23,79,95.04138888888974,1.2047500000000109,36.26722222222202,284.0,212.0,72.0,32.29264632316534,1.999,True,2.0,1.0,6549.195555555557,brake_T18,71.28906072103837,196.33665596272294,HARD,23.0,1.0,0.8888874761517458,9848.216424472746,64191.8244106546,400.0,False,1,False,CLOSE_INTERACTION_NO_PASS,0.0,,False,1.0,268.0115566037739,15.988443396226103,1.400924,True,1.400924,20.798941339468104,10,True,3.0,brake,0.9263557681589701,7069.849166666669,19,953.4864263418576,2,belgium_2026_R|LEC|NOR,belgium_2026_R|L23|belgium_2026_R|LEC|NOR,,True,v4_t0_anchored_30s_horizon
belgium_2026_R_00589,belgium_2026_R,2026,Belgian Grand Prix,PIA,VER,3,2026-07-19 13:50:04.409,2026-07-19 13:50:25.689,21.28,21.28,2026-07-19 13:50:34.409,30.0,23,82,95.44694444443758,1.1972439024389383,35.03249999999207,287.0,206.0,81.0,23.669387755101393,1.96,True,5.0,4.0,6516.240000000003,brake_T18,104.24461627659184,229.29221151827642,HARD,3.0,2.0,0.8160068920343525,9805.407711749867,79824.1487638911,400.0,False,1,False,CLOSE_INTERACTION_NO_PASS,0.0,,False,0.0,283.0,4.0,1.364339,True,1.364339,10.007036654963633,12,True,3.0,brake,0.9216943454357055,7069.849166666669,19,953.4864263418576,2,belgium_2026_R|PIA|VER,belgium_2026_R|L23|belgium_2026_R|PIA|VER,,True,v4_t0_anchored_30s_horizon
belgium_2026_R_00590,belgium_2026_R,2026,Belgian Grand Prix,BOR,HAD,6,2026-07-19 13:50:22.450,2026-07-19 13:50:26.329,3.879,3.879,2026-07-19 13:50:52.450,30.0,23,16,95.41861111111666,1.7984659685864919,69.04527777778276,191.0,89.0,102.0,166.42988271290338,1.9609999999999999,True,8.0,7.0,6630.345555555556,corner_T18,55.18665596272422,115.18665596272422,HARD,3.0,2.0,0.7642027117999443,10288.533017313954,25719.174871070285,400.0,False,1,False,CLOSE_INTERACTION_NO_PASS,0.0,,False,0.0,185.6044444444542,5.395555555545798,3.343271,True,3.343271,172.22767920448683,11,True,3.0,corner,0.9378340894197135,7069.849166666669,19,953.4864263418576,2,belgium_2026_R|BOR|HAD,belgium_2026_R|L23|belgium_2026_R|BOR|HAD,,True,v4_t0_anchored_30s_horizon
belgium_2026_R_00591,belgium_2026_R,2026,Belgian Grand Prix,GAS,HUL,27,2026-07-19 13:50:33.409,2026-07-19 13:52:16.050,102.641,102.641,2026-07-19 13:51:03.409,30.0,23,387,90.40888888889276,1.1749891696751407,22.24472222222232,277.0,148.0,129.0,79.55555555555475,1.8,True,12.0,11.0,6571.9369444444455,brake_T18,48.54767183214972,173.5952670738343,HARD,9.0,2.0,0.8907900888860874,9877.757106383648,53404.54556308896,400.0,False,1,False,CLOSE_INTERACTION_NO_PASS,0.0,,False,0.0,270.46452912019924,6.535470879800755,1.630297,True,1.630297,46.416772036318186,11,True,3.0,brake,0.9295724405875859,7069.849166666669,19,953.4864263418576,2,belgium_2026_R|GAS|HUL,belgium_2026_R|L23|belgium_2026_R|GAS|HUL,,True,v4_t0_anchored_30s_horizon
belgium_2026_R_00592,belgium_2026_R,2026,Belgian Grand Prix,NOR,LEC,16,2026-07-19 13:50:39.969,2026-07-19 13:50:48.129,8.16,8.16,2026-07-19 13:51:09.969,30.0,24,30,97.86138888888854,1.1113596214511001,66.15666666666675,317.0,250.0,67.0,23.969642857143103,1.6800000000000002,True,2.0,1.0,2222.045555555556,straight_03,127.33464347404833,243.7487559128649,HARD,24.0,1.0,0.8739426356727228,7803.651693064715,112195.40749148162,400.0,False,1,False,CLOSE_INTERACTION_NO_PASS,0.0,,False,0.0,310.0,7.0,1.233816,True,1.233816,13.079577965695227,12,True,3.0,straight,0.31429886312598915,7069.849166666669,19,953.4864263418576,2,belgium_2026_R|LEC|NOR,belgium_2026_R|L24|belgium_2026_R|LEC|NOR,,False,v4_t0_anchored_30s_horizon
belgium_2026_R_00593,belgium_2026_R,2026,Belgian Grand Prix,PIA,VER,3,2026-07-19 13:50:42.490,2026-07-19 13:52:17.730,95.24,95.24,2026-07-19 13:51:12.490,30.0,24,366,99.73055555555561,1.1150000000000007,23.610555555544124,322.0,316.0,6.0,6.387903225806308,1.24,True,5.0,4.0,1916.3324999999995,straight_03,433.0476990296047,549.4618114684213,HARD,4.0,2.0,0.8464545222625888,28556.30525152619,66590.68824121344,400.0,False,1,False,CLOSE_INTERACTION_NO_PASS,0.0,,False,0.0,317.6232199188824,4.376780081117602,1.134501,True,1.134501,5.973419087448763,9,True,3.0,straight,0.27105705579055833,7069.849166666669,19,953.4864263418576,2,belgium_2026_R|PIA|VER,belgium_2026_R|L24|belgium_2026_R|PIA|VER,,False,v4_t0_anchored_30s_horizon
belgium_2026_R_00594,belgium_2026_R,2026,Belgian Grand Prix,SAI,OCO,31,2026-07-19 13:50:46.249,2026-07-19 13:51:47.049,60.8,52.16,2026-07-19 13:51:16.249,30.0,23,203,99.63944444444405,1.117451713395634,10.243611111112386,321.0,314.0,7.0,3.1510869565225064,1.8399999999999999,True,17.0,16.0,5686.365555555553,straight_12,127.49641514901214,187.49641514901214,HARD,9.0,2.0,0.925946445622829,33536.262246579434,59.01115954257472,400.0,False,1,False,CLOSE_INTERACTION_NO_PASS,0.0,62.401,True,0.0,316.0,5.0,1.148237,True,1.148237,0.316064506025718,13,True,3.0,straight,0.804312146059064,7069.849166666669,19,953.4864263418576,2,belgium_2026_R|OCO|SAI,belgium_2026_R|L23|belgium_2026_R|OCO|SAI,,True,v4_t0_anchored_30s_horizon
belgium_2026_R_00595,belgium_2026_R,2026,Belgian Grand Prix,BEA,ALB,23,2026-07-19 13:50:48.489,2026-07-19 13:50:53.689,5.2,5.2,2026-07-19 13:51:18.489,30.0,23,20,92.57972222222088,1.4062742616033552,62.446666666664896,237.0,75.0,162.0,178.93496386881404,1.799,True,15.0,14.0,6608.997777777778,brake_T18,11.486838498817633,136.5344337405022,HARD,3.0,3.0,0.7276161961431242,9925.89850593501,35824.900562376526,400.0,False,1,False,CLOSE_INTERACTION_NO_PASS,0.0,,False,0.0,237.7850211864394,-0.7850211864393941,2.907461,True,2.907461,165.63233973544953,12,True,3.0,brake,0.934814537336703,7069.849166666669,19,953.4864263418576,2,belgium_2026_R|ALB|BEA,belgium_2026_R|L23|belgium_2026_R|ALB|BEA,,True,v4_t0_anchored_30s_horizon
belgium_2026_R_00596,belgium_2026_R,2026,Belgian Grand Prix,COL,GAS,10,2026-07-19 13:51:15.250,2026-07-19 13:54:30.850,195.6,195.6,2026-07-19 13:51:45.250,30.0,24,672,91.19944444444536,1.0227975077881721,10.099444444442724,321.0,222.0,99.0,33.21424774056132,1.881,True,13.0,12.0,2213.62,straight_03,135.76019902960434,252.1743114684209,HARD,9.0,2.0,0.8737510873603151,8308.562641858505,112204.25170944975,400.0,False,1,False,CLOSE_INTERACTION_NO_PASS,0.0,,False,0.0,332.0,-11.0,1.242707,True,1.242707,10.127653884886213,12,True,3.0,straight,0.3131071042416156,7069.849166666669,19,953.4864263418576,2,belgium_2026_R|COL|GAS,belgium_2026_R|L24|belgium_2026_R|COL|GAS,,False,v4_t0_anchored_30s_horizon
belgium_2026_R_00597,belgium_2026_R,2026,Belgian Grand Prix,BEA,ALB,23,2026-07-19 13:51:42.290,2026-07-19 13:51:46.529,4.239,4.239,2026-07-19 13:52:12.290,30.0,24,16,94.76027777777699,1.4962149122806894,70.49361111111011,228.0,116.0,112.0,102.07061379685068,1.841,True,15.0,14.0,2913.108888888889,brake_T8,68.43407774953903,128.43407774953903,HARD,4.0,3.0,0.7434044496148772,9640.299514769904,40384.76839686644,400.0,False,1,False,CLOSE_INTERACTION_NO_PASS,0.0,58.8,True,0.0,185.420515873015,42.579484126984994,2.5069879999999998,True,2.5069879999999998,84.56695235590948,13,True,3.0,brake,0.4120468230954321,7069.849166666669,19,953.4864263418576,2,belgium_2026_R|ALB|BEA,belgium_2026_R|L24|belgium_2026_R|ALB|BEA,,False,v4_t0_anchored_30s_horizon
belgium_2026_R_00598,belgium_2026_R,2026,Belgian Grand Prix,OCO,SAI,55,2026-07-19 13:51:48.850,2026-07-19 13:52:49.450,60.6,57.159,2026-07-19 13:52:18.850,30.0,24,194,11.103333333332557,0.19594117647057455,10.292222222225973,204.0,229.0,-25.0,-25.766666666666882,1.2,True,17.0,16.0,2744.8136111111126,straight_05,236.72935552731542,296.7293555273154,HARD,8.0,3.0,0.3450383825154499,11218.08330234477,63353.10731646933,400.0,False,1,False,ON_TRACK_PASS,1.0,5.72,False,1.0,226.34244541484725,-22.342445414847248,0.17717,True,0.17717,-20.179113226377666,10,True,3.0,straight,0.3882421741120755,7069.849166666669,19,953.4864263418576,2,belgium_2026_R|OCO|SAI,belgium_2026_R|L24|belgium_2026_R|OCO|SAI,,False,v4_t0_anchored_30s_horizon
belgium_2026_R_00599,belgium_2026_R,2026,Belgian Grand Prix,NOR,LEC,16,2026-07-19 13:51:49.850,2026-07-19 13:51:55.050,5.2,5.2,2026-07-19 13:52:19.850,30.0,24,19,98.58527777777272,1.6981196172247932,71.84777777777254,209.0,99.0,110.0,131.41666666666765,1.92,True,2.0,1.0,6609.943333333331,brake_T18,10.541282943264378,135.58887818494895,HARD,24.0,1.0,0.8390847008100112,9927.126766708006,35376.38039971393,400.0,False,1,False,CLOSE_INTERACTION_NO_PASS,0.0,,False,0.0,280.4857917705369,-71.48579177053688,2.354519,True,2.354519,112.22920933640152,11,True,3.0,brake,0.9349482821356744,7069.849166666669,19,953.4864263418576,2,belgium_2026_R|LEC|NOR,belgium_2026_R|L24|belgium_2026_R|LEC|NOR,,True,v4_t0_anchored_30s_horizon
belgium_2026_R_00600,belgium_2026_R,2026,Belgian Grand Prix,VER,ANT,12,2026-07-19 13:51:53.769,2026-07-19 13:51:58.289,4.52,4.52,2026-07-19 13:52:23.769,30.0,24,18,93.59333333333507,1.380885245901665,63.689166666667916,244.0,83.0,161.0,189.30434782608503,1.8399999999999999,True,4.0,3.0,6608.337499999995,brake_T18,12.147116276600173,137.19471151828475,HARD,7.0,2.0,0.5450339019673903,9925.040816200157,36138.100452699466,400.0,False,1,False,CLOSE_INTERACTION_NO_PASS,0.0,,False,0.0,204.67438574939106,39.325614250608936,3.2764860000000002,True,3.2764860000000002,186.28825653982864,12,True,3.0,brake,0.9347211438622148,7069.849166666669,19,953.4864263418576,2,belgium_2026_R|ANT|VER,belgium_2026_R|L24|belgium_2026_R|ANT|VER,,True,v4_t0_anchored_30s_horizon
belgium_2026_R_00601,belgium_2026_R,2026,Belgian Grand Prix,PIA,VER,3,2026-07-19 13:52:21.650,2026-07-19 13:53:29.610,67.96,67.96,2026-07-19 13:52:51.650,30.0,25,255,99.55638888888882,1.13060883280757,40.24166666666633,317.0,297.0,20.0,12.03926568077561,1.9609999999999999,True,5.0,4.0,1013.9630555555556,brake_T2,0.021458564011368253,261.93071713219103,HARD,5.0,2.0,0.9358610265020478,33153.54994347458,237.43531830608902,399.9999999999999,False,1,False,CLOSE_INTERACTION_NO_PASS,0.0,,False,0.0,308.24279768367717,8.757202316322832,1.183703,True,1.183703,5.344302209806543,13,True,3.0,brake,0.1434207479752534,7069.849166666669,19,953.4864263418576,2,belgium_2026_R|PIA|VER,belgium_2026_R|L25|belgium_2026_R|PIA|VER,,False,v4_t0_anchored_30s_horizon
belgium_2026_R_00602,belgium_2026_R,2026,Belgian Grand Prix,GAS,HUL,27,2026-07-19 13:52:24.050,2026-07-19 13:54:18.290,114.24,114.24,2026-07-19 13:52:54.050,30.0,24,430,98.89472222221775,1.2276586206895996,13.647222222222354,290.0,208.0,82.0,25.333333333331325,1.92,True,12.0,11.0,6511.93111111111,brake_T18,108.55350516548515,233.60110040716972,HARD,10.0,2.0,0.888656229570751,9799.810537510506,81868.05145579661,400.0,False,1,False,CLOSE_INTERACTION_NO_PASS,0.0,,False,0.0,286.64684356136763,3.353156438632368,1.407038,True,1.407038,7.972545574349879,12,True,3.0,brake,0.9210848714869246,7069.849166666669,19,953.4864263418576,2,belgium_2026_R|GAS|HUL,belgium_2026_R|L24|belgium_2026_R|GAS|HUL,,True,v4_t0_anchored_30s_horizon
belgium_2026_R_00603,belgium_2026_R,2026,Belgian Grand Prix,NOR,LEC,16,2026-07-19 13:52:31.569,2026-07-19 13:52:34.690,3.121,3.121,2026-07-19 13:53:01.569,30.0,25,13,98.83694444444336,1.3898945312499846,89.25638888888852,256.0,153.0,103.0,115.28366152208702,1.879,True,2.0,1.0,2313.9097222222226,brake_T5,35.4704768073816,151.88458924619817,HARD,25.0,1.0,0.8298702477659354,10222.459493433613,47870.83109284028,400.0,False,1,False,CLOSE_INTERACTION_NO_PASS,0.0,,False,0.0,252.13902439024304,3.860975609756963,1.9335689999999999,True,1.9335689999999999,90.93493180790185,10,True,3.0,brake,0.3272926575480531,7069.849166666669,19,953.4864263418576,2,belgium_2026_R|LEC|NOR,belgium_2026_R|L25|belgium_2026_R|LEC|NOR,,False,v4_t0_anchored_30s_horizon
belgium_2026_R_00604,belgium_2026_R,2026,Belgian Grand Prix,BEA,ALB,23,2026-07-19 13:52:32.290,2026-07-19 13:52:40.810,8.52,7.959,2026-07-19 13:53:02.290,30.0,24,29,99.02777777777919,1.2378472222222399,11.354722222225973,288.0,271.0,17.0,16.00163043478144,1.8399999999999999,True,15.0,14.0,6037.372777777773,brake_T17,44.618022037619994,104.61802203762,HARD,4.0,3.0,0.6953970302151868,31057.956486308147,220.45888447520144,400.0,False,1,False,ON_TRACK_PASS,1.0,8.8,False,0.0,280.4285490371698,7.571450962830227,1.296707,True,1.296707,17.743427246571148,10,True,3.0,brake,0.8539606200147982,7069.849166666669,19,953.4864263418576,2,belgium_2026_R|ALB|BEA,belgium_2026_R|L24|belgium_2026_R|ALB|BEA,,True,v4_t0_anchored_30s_horizon
belgium_2026_R_00605,belgium_2026_R,2026,Belgian Grand Prix,SAI,OCO,31,2026-07-19 13:52:50.730,2026-07-19 13:52:56.490,5.76,4.6,2026-07-19 13:53:20.730,30.0,24,20,10.39972222221786,0.37438999999984296,10.39972222221786,100.0,118.0,-18.0,-32.66666666666727,1.08,True,16.0,17.0,6662.075277777782,corner_T18,23.456933740498243,83.45693374049824,HARD,10.0,2.0,0.9592978191683567,11407.376379948524,10734.281771242358,400.0,False,1,False,ON_TRACK_PASS,1.0,6.04,False,-1.0,126.0,-26.0,0.302531,True,0.302531,-24.316565097945844,13,True,3.0,corner,0.94232212324819,7069.849166666669,19,953.4864263418576,2,belgium_2026_R|OCO|SAI,belgium_2026_R|L24|belgium_2026_R|OCO|SAI,belgium_2026_R_00606,True,v4_t0_anchored_30s_horizon
belgium_2026_R_00606,belgium_2026_R,2026,Belgian Grand Prix,OCO,SAI,55,2026-07-19 13:52:58.170,2026-07-19 13:55:13.131,134.961,134.961,2026-07-19 13:53:28.170,30.0,24,476,12.190277777780466,0.2385054347826613,10.622777777779447,184.0,220.0,-36.0,-29.25714285714042,1.4,True,17.0,16.0,6884.848333333333,straight_15,,,HARD,8.0,3.0,0.3502653228017425,6555.382765117665,53.66628915752169,185.00083333333532,True,1,False,CLOSE_INTERACTION_NO_PASS,0.0,,False,1.0,209.88977272726987,-25.88977272726987,0.202204,True,0.202204,-30.771177050750904,12,True,3.0,straight,0.9738324214601936,7069.849166666669,19,953.4864263418576,2,belgium_2026_R|OCO|SAI,belgium_2026_R|L24|belgium_2026_R|OCO|SAI,belgium_2026_R_00605,True,v4_t0_anchored_30s_horizon
belgium_2026_R_00607,belgium_2026_R,2026,Belgian Grand Prix,BEA,ALB,23,2026-07-19 13:53:21.050,2026-07-19 13:56:14.890,173.84,172.201,2026-07-19 13:53:51.050,30.0,25,577,97.15944444444449,1.124675241157557,10.070833333334122,311.0,194.0,117.0,42.8234314269845,1.8010000000000002,True,15.0,14.0,2245.169444444445,brake_T5,104.21075458515907,220.62486702397564,HARD,5.0,3.0,0.6667800979317046,7511.683443906453,100171.80551029141,400.0,False,1,False,CLOSE_INTERACTION_NO_PASS,0.0,,False,0.0,309.3490146579804,1.6509853420196237,1.3532009999999999,True,1.3532009999999999,20.55201432424885,12,True,3.0,brake,0.3175696385476085,7069.849166666669,19,953.4864263418576,2,belgium_2026_R|ALB|BEA,belgium_2026_R|L25|belgium_2026_R|ALB|BEA,,False,v4_t0_anchored_30s_horizon
belgium_2026_R_00608,belgium_2026_R,2026,Belgian Grand Prix,NOR,LEC,16,2026-07-19 13:53:41.130,2026-07-19 13:53:44.770,3.64,3.64,2026-07-19 13:54:11.130,30.0,25,18,98.08861111110673,1.8984892473117432,83.53305555554925,186.0,88.0,98.0,159.4375000000025,1.92,True,2.0,1.0,6630.612222222227,corner_T18,54.919989296053245,114.91998929605325,HARD,25.0,1.0,0.8462329540431682,10297.936132410616,25593.23706848363,400.0,False,1,False,CLOSE_INTERACTION_NO_PASS,0.0,,False,0.0,204.47051184108255,-18.470511841082555,3.266342,True,3.266342,167.91793753901092,13,True,3.0,corner,0.9378718082819388,7069.849166666669,19,953.4864263418576,2,belgium_2026_R|LEC|NOR,belgium_2026_R|L25|belgium_2026_R|LEC|NOR,,True,v4_t0_anchored_30s_horizon
belgium_2026_R_00609,belgium_2026_R,2026,Belgian Grand Prix,VER,ANT,12,2026-07-19 13:53:42.930,2026-07-19 13:53:49.810,6.88,6.88,2026-07-19 13:54:12.930,30.0,25,29,95.60694444444107,1.2425451263537468,38.443333333328155,277.0,96.0,181.0,159.60000000000218,1.8,True,4.0,3.0,6568.404722222219,brake_T18,52.07989405437638,177.12748929606096,HARD,8.0,2.0,0.4921934445193208,9873.168809089439,55080.03980176072,400.0,False,1,False,CLOSE_INTERACTION_NO_PASS,0.0,,False,0.0,251.95826530611717,25.04173469388283,2.3385949999999998,True,2.3385949999999998,119.64708617030355,14,True,3.0,brake,0.9290728228250343,7069.849166666669,19,953.4864263418576,2,belgium_2026_R|ANT|VER,belgium_2026_R|L25|belgium_2026_R|ANT|VER,,True,v4_t0_anchored_30s_horizon
belgium_2026_R_00610,belgium_2026_R,2026,Belgian Grand Prix,PIA,VER,3,2026-07-19 13:53:43.930,2026-07-19 13:53:53.330,9.4,9.4,2026-07-19 13:54:13.930,30.0,25,39,97.48999999999523,1.2144083044982106,39.216388888885376,289.0,169.0,120.0,40.43478260869447,1.8399999999999999,True,5.0,4.0,6531.460833333335,brake_T18,89.0237829432599,214.07137818494448,HARD,5.0,2.0,0.8629588226511952,9825.179318405717,72604.21271419818,400.0,False,1,False,CLOSE_INTERACTION_NO_PASS,0.0,,False,0.0,285.9380742049461,3.0619257950539236,1.475045,True,1.475045,18.67108149834628,14,True,3.0,brake,0.9238472673686225,7069.849166666669,19,953.4864263418576,2,belgium_2026_R|PIA|VER,belgium_2026_R|L25|belgium_2026_R|PIA|VER,,True,v4_t0_anchored_30s_horizon
belgium_2026_R_00611,belgium_2026_R,2026,Belgian Grand Prix,GAS,LAW,30,2026-07-19 13:54:18.570,2026-07-19 13:54:22.290,3.72,3.72,2026-07-19 13:54:48.570,30.0,25,13,33.62888888888119,0.9241526717555137,30.87333333332481,131.0,98.0,33.0,,,False,12.0,10.0,6631.275000000004,corner_T18,54.25721151827565,114.25721151827565,HARD,11.0,2.0,0.964963529212611,10321.30679139006,25280.229154976536,400.0,False,1,False,CLOSE_INTERACTION_NO_PASS,0.0,,False,0.0,151.0,-20.0,0.971933,True,0.971933,48.78458329129674,13,True,3.0,corner,0.9379655553707597,7069.849166666669,19,953.4864263418576,2,belgium_2026_R|GAS|LAW,belgium_2026_R|L25|belgium_2026_R|GAS|LAW,,True,v4_t0_anchored_30s_horizon
belgium_2026_R_00612,belgium_2026_R,2026,Belgian Grand Prix,NOR,ANT,12,2026-07-19 13:54:19.530,2026-07-19 13:55:15.450,55.92,55.92,2026-07-19 13:54:49.530,30.0,26,199,10.489166666666733,0.12102884615384692,10.489166666666733,312.0,326.0,-14.0,-15.04081632653141,1.96,True,3.0,2.0,2056.584166666667,straight_03,292.79603236293724,409.2101448017538,HARD,26.0,1.0,0.814552480393203,17703.333895791493,112361.21299050104,400.0,False,1,False,CLOSE_INTERACTION_NO_PASS,0.0,,False,1.0,326.0,-14.0,0.121171,True,0.121171,-15.689185023398199,12,True,3.0,straight,0.2908950556347324,7069.849166666669,19,953.4864263418576,2,belgium_2026_R|ANT|NOR,belgium_2026_R|L26|belgium_2026_R|ANT|NOR,,False,v4_t0_anchored_30s_horizon
belgium_2026_R_00613,belgium_2026_R,2026,Belgian Grand Prix,PIA,VER,3,2026-07-19 13:54:21.570,2026-07-19 13:55:26.091,64.521,64.521,2026-07-19 13:54:51.570,30.0,26,232,99.98527777777713,1.1109475308641903,44.65305555555415,324.0,319.0,5.0,4.636363636362676,1.76,True,5.0,4.0,1878.6255555555567,straight_03,470.7546434740475,587.1687559128641,HARD,6.0,2.0,0.8988928531470842,31168.351083553593,37934.59841926639,400.0,False,1,False,CLOSE_INTERACTION_NO_PASS,0.0,,False,0.0,322.0,2.0,1.125531,True,1.125531,3.8781120170097445,11,True,3.0,straight,0.2657235693815094,7069.849166666669,19,953.4864263418576,2,belgium_2026_R|PIA|VER,belgium_2026_R|L26|belgium_2026_R|PIA|VER,,False,v4_t0_anchored_30s_horizon
belgium_2026_R_00614,belgium_2026_R,2026,Belgian Grand Prix,GAS,HUL,27,2026-07-19 13:54:22.770,2026-07-19 13:54:30.850,8.08,7.4,2026-07-19 13:54:52.770,30.0,25,23,41.00027777777359,2.0788873239434498,11.511111111111092,71.0,70.0,1.0,,,False,12.0,11.0,6715.686111111114,corner_T19,,29.846100407165977,HARD,11.0,2.0,0.9821018563892778,11583.422753980663,741.3639480768178,354.1630555555548,True,1,False,UNCERTAIN,,92.24,True,0.0,72.13310810811059,-1.1331081081105907,1.989351,True,1.989351,-9.253905414079862,10,True,3.0,corner,0.9499051468841254,7069.849166666669,19,953.4864263418576,2,belgium_2026_R|GAS|HUL,belgium_2026_R|L25|belgium_2026_R|GAS|HUL,belgium_2026_R_00618,True,v4_t0_anchored_30s_horizon
belgium_2026_R_00615,belgium_2026_R,2026,Belgian Grand Prix,HUL,LAW,30,2026-07-19 13:54:24.010,2026-07-19 13:54:30.850,6.84,6.84,2026-07-19 13:54:54.010,30.0,25,21,11.8727777777749,0.44991578947357513,11.8727777777749,95.0,132.0,-37.0,-32.32177419354963,1.24,True,11.0,10.0,6783.950555555554,straight_15,,,HARD,5.0,2.0,0.8506758861511676,10130.62911166449,82.93539686914605,285.8986111111144,True,1,False,CLOSE_INTERACTION_NO_PASS,0.0,,False,0.0,114.6997607655533,-19.699760765553293,0.328704,True,0.328704,-17.403298771363634,9,True,3.0,straight,0.9595608612897873,7069.849166666669,19,953.4864263418576,2,belgium_2026_R|HUL|LAW,belgium_2026_R|L25|belgium_2026_R|HUL|LAW,,True,v4_t0_anchored_30s_horizon
belgium_2026_R_00616,belgium_2026_R,2026,Belgian Grand Prix,COL,HUL,27,2026-07-19 13:54:31.050,2026-07-19 13:54:43.370,12.32,12.32,2026-07-19 13:55:01.050,30.0,26,48,44.31583333333333,0.5908777777777777,10.582222222222128,270.0,234.0,36.0,,,False,13.0,12.0,191.94861111111106,straight_01,144.27269971609348,204.27269971609348,HARD,11.0,2.0,0.9625455362918403,15084.468442126481,75161.87248836838,400.0,False,1,False,CLOSE_INTERACTION_NO_PASS,0.0,,False,0.0,242.6701893153527,27.3298106846473,0.666892,True,0.666892,18.148213290616464,8,True,3.0,straight,0.02715031206268465,7069.849166666669,19,953.4864263418576,2,belgium_2026_R|COL|HUL,belgium_2026_R|L26|belgium_2026_R|COL|HUL,,False,v4_t0_anchored_30s_horizon
belgium_2026_R_00617,belgium_2026_R,2026,Belgian Grand Prix,VER,NOR,1,2026-07-19 13:54:36.810,2026-07-19 13:54:41.730,4.92,4.92,2026-07-19 13:55:06.810,30.0,26,20,95.18361111111471,1.4519533898305634,68.24611111111471,236.0,119.0,117.0,94.02083333333195,1.92,True,4.0,3.0,2905.9508333333324,brake_T8,75.59213330509556,135.59213330509556,HARD,9.0,2.0,0.5485655175368107,9298.14327877642,43793.88231489358,400.0,False,1,False,CLOSE_INTERACTION_NO_PASS,0.0,,False,0.0,228.46188725491012,7.538112745089876,2.317818,True,2.317818,70.34460116124558,13,True,3.0,brake,0.4110343466780701,7069.849166666669,19,953.4864263418576,2,belgium_2026_R|NOR|VER,belgium_2026_R|L26|belgium_2026_R|NOR|VER,,False,v4_t0_anchored_30s_horizon
belgium_2026_R_00618,belgium_2026_R,2026,Belgian Grand Prix,HUL,GAS,10,2026-07-19 13:54:37.211,2026-07-19 13:54:43.370,6.159,3.039,2026-07-19 13:55:07.211,30.0,26,10,10.115277777777749,0.28449218749999916,10.064722222222258,128.0,137.0,-9.0,-7.698431144683139,1.721,True,12.0,11.0,431.6586111111111,straight_02,582.3259030084558,844.2351615766355,HARD,6.0,2.0,0.8844105469384453,23022.127759255625,9.05809748245936,400.0,False,1,False,ON_TRACK_PASS,1.0,6.599,False,1.0,119.99596774193554,8.004032258064456,0.28112,True,0.28112,-7.241664267456765,14,True,3.0,straight,0.06105626880221433,7069.849166666669,19,953.4864263418576,2,belgium_2026_R|GAS|HUL,belgium_2026_R|L26|belgium_2026_R|GAS|HUL,belgium_2026_R_00614,False,v4_t0_anchored_30s_horizon
belgium_2026_R_00619,belgium_2026_R,2026,Belgian Grand Prix,COL,GAS,10,2026-07-19 13:54:43.810,2026-07-19 13:55:23.211,39.401,39.401,2026-07-19 13:55:13.810,30.0,26,132,46.07972222222247,0.523302839116722,10.298611111111313,317.0,294.0,23.0,,,False,13.0,11.0,856.4224999999999,straight_02,157.56201411956704,419.4712726877467,HARD,11.0,2.0,0.968088745493126,31918.67345707968,77.106761559123,400.0,False,1,False,CLOSE_INTERACTION_NO_PASS,0.0,,False,0.0,294.0,23.0,0.560435,True,0.560435,0.9606293524452135,11,True,3.0,straight,0.12113730856351362,7069.849166666669,19,953.4864263418576,2,belgium_2026_R|COL|GAS,belgium_2026_R|L26|belgium_2026_R|COL|GAS,,False,v4_t0_anchored_30s_horizon
belgium_2026_R_00620,belgium_2026_R,2026,Belgian Grand Prix,OCO,SAI,55,2026-07-19 13:55:16.450,2026-07-19 13:58:49.091,212.641,212.641,2026-07-19 13:55:46.450,30.0,26,768,99.02361111111213,1.0968769230769344,10.000277777779957,325.0,313.0,12.0,6.4401162790698985,1.72,True,17.0,16.0,1609.3524999999995,straight_03,740.0276990296047,856.4418114684213,HARD,10.0,3.0,0.2718918964291912,34579.68897251572,509.6789325992971,400.0,False,1,False,CLOSE_INTERACTION_NO_PASS,0.0,,False,0.0,313.5304367606915,11.469563239308513,1.131477,True,1.131477,1.7026640704353075,11,True,3.0,straight,0.22763604456907896,7069.849166666669,19,953.4864263418576,2,belgium_2026_R|OCO|SAI,belgium_2026_R|L26|belgium_2026_R|OCO|SAI,,False,v4_t0_anchored_30s_horizon
belgium_2026_R_00621,belgium_2026_R,2026,Belgian Grand Prix,NOR,ANT,12,2026-07-19 13:55:22.931,2026-07-19 13:55:42.130,19.199,19.199,2026-07-19 13:55:52.931,30.0,26,71,99.90138888889214,1.1753104575163782,22.887500000000728,306.0,294.0,12.0,12.728645833333303,1.92,True,3.0,2.0,5905.224722222221,straight_13,176.76607759317176,236.76607759317176,HARD,26.0,1.0,0.8694167792672474,31653.853147125643,197.58522244178454,400.0,False,1,False,CLOSE_INTERACTION_NO_PASS,0.0,,False,1.0,302.68524124881765,3.314758751182353,1.216933,True,1.216933,11.953919987984333,11,True,3.0,straight,0.8352688413869583,7069.849166666669,19,953.4864263418576,2,belgium_2026_R|ANT|NOR,belgium_2026_R|L26|belgium_2026_R|ANT|NOR,,True,v4_t0_anchored_30s_horizon
belgium_2026_R_00622,belgium_2026_R,2026,Belgian Grand Prix,GAS,LAW,30,2026-07-19 13:55:23.411,2026-07-19 13:55:37.530,14.119,14.119,2026-07-19 13:55:53.411,30.0,26,53,90.51472222222401,1.3465000000000267,54.08305555555762,242.0,244.0,-2.0,,,False,11.0,10.0,3411.7186111111128,straight_07,321.13459155563214,381.13459155563214,HARD,12.0,2.0,0.9794302116851064,23005.792506537942,4263.577068774999,400.0,False,1,False,CLOSE_INTERACTION_NO_PASS,0.0,,False,-1.0,229.16132478632426,12.838675213675742,1.354547,True,1.354547,-20.98014937300496,11,True,3.0,straight,0.4825730409068527,7069.849166666669,19,953.4864263418576,2,belgium_2026_R|GAS|LAW,belgium_2026_R|L26|belgium_2026_R|GAS|LAW,,False,v4_t0_anchored_30s_horizon
belgium_2026_R_00623,belgium_2026_R,2026,Belgian Grand Prix,COL,HUL,27,2026-07-19 13:55:23.411,2026-07-19 13:55:37.530,14.119,14.119,2026-07-19 13:55:53.411,30.0,26,53,53.32305555555331,0.8646981981981618,41.85888888888985,222.0,231.0,-9.0,,,False,13.0,12.0,3358.1275000000014,straight_07,374.7257026667435,434.7257026667435,HARD,11.0,2.0,0.9915959728791172,24329.275847430195,2982.4050199914673,400.0,False,1,False,CLOSE_INTERACTION_NO_PASS,0.0,,False,0.0,210.91290322580738,11.087096774192617,0.8497,True,0.8497,-13.125233188567893,11,True,3.0,straight,0.47499280689510237,7069.849166666669,19,953.4864263418576,2,belgium_2026_R|COL|HUL,belgium_2026_R|L26|belgium_2026_R|COL|HUL,,False,v4_t0_anchored_30s_horizon
belgium_2026_R_00624,belgium_2026_R,2026,Belgian Grand Prix,HUL,GAS,10,2026-07-19 13:55:31.891,2026-07-19 13:55:37.530,5.639,4.079,2026-07-19 13:56:01.891,30.0,26,15,10.400833333334049,0.14401153846154838,10.400833333334049,260.0,266.0,-6.0,-7.827267789245787,1.841,True,12.0,11.0,4011.98,corner_T11,390.81240916733213,27.138827517895606,HARD,6.0,2.0,0.8273539389610183,24295.0822576992,50778.95752850112,399.99999999999955,False,1,False,ON_TRACK_PASS,1.0,5.959,False,1.0,266.0,-6.0,0.142781,True,0.142781,-6.592756810581982,11,True,3.0,corner,0.5674774532554264,7069.849166666669,19,953.4864263418576,2,belgium_2026_R|GAS|HUL,belgium_2026_R|L26|belgium_2026_R|GAS|HUL,,False,v4_t0_anchored_30s_horizon
belgium_2026_R_00625,belgium_2026_R,2026,Belgian Grand Prix,VER,NOR,1,2026-07-19 13:55:32.811,2026-07-19 13:55:41.971,9.16,9.16,2026-07-19 13:56:02.811,30.0,26,33,93.1666666666597,1.172727272727185,30.165277777769006,286.0,124.0,162.0,115.82499999999868,1.6,True,4.0,3.0,6552.771944444449,brake_T18,67.71267183214604,192.76026707383062,HARD,9.0,2.0,0.48816328031877576,9852.862093524562,62495.379905865935,400.0,False,1,False,CLOSE_INTERACTION_NO_PASS,0.0,,False,0.0,279.22382876889645,6.776171231103547,1.813335,True,1.813335,67.43037089064028,10,True,3.0,brake,0.9268616331080775,7069.849166666669,19,953.4864263418576,2,belgium_2026_R|NOR|VER,belgium_2026_R|L26|belgium_2026_R|NOR|VER,,True,v4_t0_anchored_30s_horizon
belgium_2026_R_00626,belgium_2026_R,2026,Belgian Grand Prix,PIA,VER,3,2026-07-19 13:55:33.530,2026-07-19 13:57:17.651,104.121,104.121,2026-07-19 13:56:03.530,30.0,26,383,98.17138888888985,1.202098639455794,29.238055555555547,294.0,252.0,42.0,10.820826952525104,1.959,True,5.0,4.0,6507.021111111116,brake_T18,113.46350516547955,238.51110040716412,HARD,6.0,2.0,0.8821097654953942,9793.432530041788,84197.08858718156,400.0,False,1,False,CLOSE_INTERACTION_NO_PASS,0.0,,False,0.0,291.8672688356164,2.1327311643835856,1.292092,True,1.292092,3.470619744057823,9,True,3.0,brake,0.9203903729362138,7069.849166666669,19,953.4864263418576,2,belgium_2026_R|PIA|VER,belgium_2026_R|L26|belgium_2026_R|PIA|VER,,True,v4_t0_anchored_30s_horizon
belgium_2026_R_00627,belgium_2026_R,2026,Belgian Grand Prix,COL,GAS,10,2026-07-19 13:55:37.850,2026-07-19 13:55:51.411,13.561,13.561,2026-07-19 13:56:07.850,30.0,26,55,40.570277777778756,0.7606927083333518,32.766388888889196,192.0,159.0,33.0,,,False,13.0,11.0,4390.229444444445,brake_T12,12.562964722887045,222.8559954409384,HARD,11.0,2.0,0.9995542552309796,10442.460696850701,42341.43454673063,400.0,False,1,False,CLOSE_INTERACTION_NO_PASS,0.0,,False,0.0,199.05673913043634,-7.056739130436341,0.850945,True,0.850945,31.54465075156768,10,True,3.0,brake,0.6209792233112627,7069.849166666669,19,953.4864263418576,2,belgium_2026_R|COL|GAS,belgium_2026_R|L26|belgium_2026_R|COL|GAS,,False,v4_t0_anchored_30s_horizon
belgium_2026_R_00628,belgium_2026_R,2026,Belgian Grand Prix,HUL,LAW,30,2026-07-19 13:55:37.850,2026-07-19 13:55:51.411,13.561,13.561,2026-07-19 13:56:07.850,30.0,26,55,53.06111111111477,1.0553591160221723,47.18750000000364,181.0,151.0,30.0,,,False,12.0,10.0,4430.650555555556,corner_T12,122.43488432982758,182.43488432982758,HARD,6.0,2.0,0.8598990063178295,11846.769844062372,25867.122064627023,400.0,False,1,False,CLOSE_INTERACTION_NO_PASS,0.0,,False,1.0,184.5742372881391,-3.574237288139102,1.189355,True,1.189355,45.416887710002186,10,True,3.0,corner,0.6266966170148922,7069.849166666669,19,953.4864263418576,2,belgium_2026_R|HUL|LAW,belgium_2026_R|L26|belgium_2026_R|HUL|LAW,,False,v4_t0_anchored_30s_horizon
belgium_2026_R_00629,belgium_2026_R,2026,Belgian Grand Prix,ANT,LEC,16,2026-07-19 13:55:43.811,2026-07-19 13:55:47.610,3.799,3.799,2026-07-19 13:56:13.811,30.0,27,16,99.81000000000006,1.3819846153846163,63.939444444444575,260.0,85.0,175.0,160.7358695652173,1.8399999999999999,True,2.0,1.0,274.5538888888888,brake_T1,61.66742193831573,121.66742193831573,SOFT,12.0,2.0,0.6356079173892695,17177.788161356813,42475.27071587771,400.00000000000006,False,1,False,CLOSE_INTERACTION_NO_PASS,0.0,,False,0.0,225.1818693693694,34.818130630630606,2.630094,True,2.630094,124.60422473717098,13,True,3.0,brake,0.038834476155922996,7069.849166666669,19,953.4864263418576,2,belgium_2026_R|ANT|LEC,belgium_2026_R|L27|belgium_2026_R|ANT|LEC,,False,v4_t0_anchored_30s_horizon
belgium_2026_R_00630,belgium_2026_R,2026,Belgian Grand Prix,GAS,HUL,27,2026-07-19 13:56:05.011,2026-07-19 13:56:19.051,14.04,14.04,2026-07-19 13:56:35.011,30.0,26,54,10.536666666673227,0.1364460431655526,10.536666666673227,278.0,295.0,-17.0,-21.488222698073272,1.401,True,11.0,12.0,6211.0566666666655,straight_14,409.4279496099298,534.4755448516144,HARD,12.0,2.0,0.9091888701013411,26067.42485103938,52605.24187115721,400.0,False,1,False,ON_TRACK_PASS,1.0,15.52,False,-1.0,296.58453389830595,-18.58453389830595,0.126762,True,0.126762,-24.04419667073707,11,True,3.0,straight,0.8785274650484642,7069.849166666669,19,953.4864263418576,2,belgium_2026_R|GAS|HUL,belgium_2026_R|L26|belgium_2026_R|GAS|HUL,belgium_2026_R_00635,True,v4_t0_anchored_30s_horizon
belgium_2026_R_00631,belgium_2026_R,2026,Belgian Grand Prix,NOR,ANT,12,2026-07-19 13:56:13.251,2026-07-19 13:56:19.051,5.8,5.8,2026-07-19 13:56:43.251,30.0,27,25,96.18638888888745,1.1062971246006224,68.68972222222146,313.0,174.0,139.0,79.67391304347818,1.8399999999999999,True,3.0,2.0,2275.7730555555563,brake_T5,73.60714347404792,190.0212559128645,HARD,27.0,1.0,0.8451210999296536,8695.637184979292,76886.94861108265,400.0,False,1,False,CLOSE_INTERACTION_NO_PASS,0.0,,False,0.0,313.56599041533536,-0.5659904153353637,1.553198,True,1.553198,49.44516335305056,10,True,3.0,brake,0.32189838876414817,7069.849166666669,19,953.4864263418576,2,belgium_2026_R|ANT|NOR,belgium_2026_R|L27|belgium_2026_R|ANT|NOR,,False,v4_t0_anchored_30s_horizon
belgium_2026_R_00632,belgium_2026_R,2026,Belgian Grand Prix,VER,NOR,1,2026-07-19 13:56:15.451,2026-07-19 13:59:54.371,218.92,216.921,2026-07-19 13:56:45.451,30.0,27,769,96.33194444444462,1.19998269896194,10.168888888883885,289.0,154.0,135.0,132.3363636363648,1.76,True,4.0,3.0,2299.156388888889,brake_T5,50.22381014071516,166.63792257953173,HARD,10.0,2.0,0.4797818707354941,9631.801724250938,59095.840806654116,400.0,False,1,False,CLOSE_INTERACTION_NO_PASS,0.0,,False,0.0,269.4844919786111,19.515508021388882,1.869882,True,1.869882,101.28490963855036,12,True,3.0,brake,0.3252058614954735,7069.849166666669,19,953.4864263418576,2,belgium_2026_R|NOR|VER,belgium_2026_R|L27|belgium_2026_R|NOR|VER,,False,v4_t0_anchored_30s_horizon
belgium_2026_R_00633,belgium_2026_R,2026,Belgian Grand Prix,ALB,BEA,87,2026-07-19 13:56:16.811,2026-07-19 13:56:26.451,9.64,4.439,2026-07-19 13:56:46.811,30.0,26,14,11.073055555549217,0.14236785714277567,10.832222222215933,280.0,298.0,-18.0,-20.90422367638276,1.681,True,15.0,14.0,6079.735000000006,brake_T17,2.255799815387036,62.255799815387036,HARD,8.0,2.0,0.9202037929857783,30911.311937192506,224.89639037730967,400.0,False,1,False,ON_TRACK_PASS,1.0,9.96,False,1.0,299.4236697027797,-19.423669702779705,0.132875,True,0.132875,-23.963352461355726,14,True,3.0,brake,0.8599525756030397,7069.849166666669,19,953.4864263418576,2,belgium_2026_R|ALB|BEA,belgium_2026_R|L26|belgium_2026_R|ALB|BEA,belgium_2026_R_00637,True,v4_t0_anchored_30s_horizon
belgium_2026_R_00634,belgium_2026_R,2026,Belgian Grand Prix,GAS,LAW,30,2026-07-19 13:56:20.531,2026-07-19 13:56:51.971,31.44,31.44,2026-07-19 13:56:50.531,30.0,27,114,60.05638888888889,0.864812,24.07722222222219,250.0,241.0,9.0,,,False,11.0,10.0,57.132222222222225,straight_01,279.0890886049823,339.0890886049823,HARD,13.0,2.0,0.9633834770438932,16514.608901562144,75199.68307452797,400.0,False,1,False,CLOSE_INTERACTION_NO_PASS,0.0,,False,0.0,231.22331223628692,18.776687763713085,0.822135,True,0.822135,33.739188364515066,9,True,3.0,straight,0.00808110906970866,7069.849166666669,19,953.4864263418576,2,belgium_2026_R|GAS|LAW,belgium_2026_R|L27|belgium_2026_R|GAS|LAW,,False,v4_t0_anchored_30s_horizon
belgium_2026_R_00635,belgium_2026_R,2026,Belgian Grand Prix,HUL,GAS,10,2026-07-19 13:56:20.531,2026-07-19 13:56:51.971,31.44,30.76,2026-07-19 13:56:50.531,30.0,27,101,28.275833333333328,0.4445109170305676,10.068888888888921,229.0,250.0,-21.0,,,False,12.0,11.0,31.26249999999999,straight_01,304.95881082720456,364.95881082720456,HARD,7.0,2.0,0.8772942466327643,16789.036489552604,75206.93849331696,400.0,False,1,False,CLOSE_INTERACTION_NO_PASS,0.0,31.72,True,0.0,,,,False,,-51.61520036614429,9,True,3.0,straight,0.004421947238619774,7069.849166666669,19,953.4864263418576,2,belgium_2026_R|GAS|HUL,belgium_2026_R|L27|belgium_2026_R|GAS|HUL,belgium_2026_R_00630,False,v4_t0_anchored_30s_horizon
belgium_2026_R_00636,belgium_2026_R,2026,Belgian Grand Prix,COL,HUL,27,2026-07-19 13:56:21.250,2026-07-19 13:56:51.971,30.721,30.721,2026-07-19 13:56:51.250,30.0,27,112,32.24638888888891,0.4757663934426233,15.580555555555577,244.0,241.0,3.0,,,False,13.0,12.0,39.09833333333333,straight_01,297.1229774938712,357.1229774938712,HARD,12.0,2.0,0.9762927553391257,16705.913492595384,75204.74085656209,400.0,False,1,False,CLOSE_INTERACTION_NO_PASS,0.0,,False,0.0,231.09701159678858,12.902988403211424,0.59947,True,0.59947,2.323339942697282,8,True,3.0,straight,0.005530292430802683,7069.849166666669,19,953.4864263418576,2,belgium_2026_R|COL|HUL,belgium_2026_R|L27|belgium_2026_R|COL|HUL,,False,v4_t0_anchored_30s_horizon
belgium_2026_R_00637,belgium_2026_R,2026,Belgian Grand Prix,BEA,ALB,23,2026-07-19 13:56:45.691,2026-07-19 13:56:58.851,13.16,6.04,2026-07-19 13:57:15.691,30.0,27,19,10.374444444444407,0.17053881278538752,10.374444444444407,219.0,230.0,-11.0,-9.840909090909015,1.76,True,14.0,15.0,544.4197222222222,straight_02,469.5647918973448,731.4740504655244,HARD,7.0,3.0,0.7554826336975888,24365.84676905613,14.11572444422191,400.0,False,1,False,ON_TRACK_PASS,1.0,13.4,False,0.0,223.2342391304348,-4.234239130434787,0.162378,True,0.162378,-9.917717517730251,11,True,3.0,straight,0.0770058468558401,7069.849166666669,19,953.4864263418576,2,belgium_2026_R|ALB|BEA,belgium_2026_R|L27|belgium_2026_R|ALB|BEA,belgium_2026_R_00633,False,v4_t0_anchored_30s_horizon
belgium_2026_R_00638,belgium_2026_R,2026,Belgian Grand Prix,HUL,LAW,30,2026-07-19 13:56:52.251,2026-07-19 13:57:24.451,32.2,32.2,2026-07-19 13:57:22.251,30.0,27,115,51.21472222222246,0.695747169811324,32.28138888889043,265.0,175.0,90.0,,,False,12.0,10.0,2308.7291666666674,brake_T5,40.6510323629368,157.06514480175338,HARD,7.0,2.0,0.828062853424241,10015.053118315825,51812.43433057583,400.0,False,1,False,CLOSE_INTERACTION_NO_PASS,0.0,,False,0.0,253.57796896086336,11.422031039136641,0.788639,True,0.788639,47.55978785543197,10,True,3.0,brake,0.32655989006837605,7069.849166666669,19,953.4864263418576,2,belgium_2026_R|HUL|LAW,belgium_2026_R|L27|belgium_2026_R|HUL|LAW,,False,v4_t0_anchored_30s_horizon
belgium_2026_R_00639,belgium_2026_R,2026,Belgian Grand Prix,COL,GAS,10,2026-07-19 13:56:52.251,2026-07-19 13:57:24.451,32.2,32.2,2026-07-19 13:57:22.251,30.0,27,115,22.526111111109913,0.32831578947366674,11.803888888887741,247.0,208.0,39.0,,,False,13.0,11.0,2274.5338888888896,brake_T5,74.84631014071465,191.26042257953122,HARD,12.0,2.0,0.9281174115493844,8646.026469729932,77829.76319786768,400.0,False,1,False,CLOSE_INTERACTION_NO_PASS,0.0,,False,0.0,231.27477477477427,15.725225225225728,0.465495,True,0.465495,53.98850250221192,10,True,3.0,brake,0.3217231139262479,7069.849166666669,19,953.4864263418576,2,belgium_2026_R|COL|GAS,belgium_2026_R|L27|belgium_2026_R|COL|GAS,,False,v4_t0_anchored_30s_horizon
belgium_2026_R_00640,belgium_2026_R,2026,Belgian Grand Prix,GAS,HUL,27,2026-07-19 13:56:52.891,2026-07-19 13:57:24.451,31.56,21.72,2026-07-19 13:57:22.891,30.0,27,74,12.016944444445471,0.2637865853658762,10.336111111112587,164.0,204.0,-40.0,-44.12499999999994,0.64,True,11.0,12.0,2333.8727777777776,brake_T5,15.5074212518266,131.92153369064317,HARD,13.0,2.0,0.991384020885885,11021.691341186466,32682.02680938978,400.0,False,1,False,ON_TRACK_PASS,1.0,25.68,False,0.0,234.7207988980725,-70.7207988980725,0.248151,True,0.248151,-50.69701960175237,11,True,3.0,brake,0.3301163465808656,7069.849166666669,19,953.4864263418576,2,belgium_2026_R|GAS|HUL,belgium_2026_R|L27|belgium_2026_R|GAS|HUL,,False,v4_t0_anchored_30s_horizon
belgium_2026_R_00641,belgium_2026_R,2026,Belgian Grand Prix,ALB,BEA,87,2026-07-19 13:57:01.970,2026-07-19 13:57:56.691,54.721,54.721,2026-07-19 13:57:31.970,30.0,27,196,10.179722222223518,0.11708306709266667,10.179722222223518,313.0,323.0,-10.0,-12.1157649796393,1.7189999999999999,True,15.0,14.0,1902.696111111111,straight_03,446.68408791849333,563.0982003573099,HARD,9.0,2.0,0.9010714672324264,29500.928935198226,56227.46229956375,400.0,False,1,False,CLOSE_INTERACTION_NO_PASS,0.0,,False,0.0,323.56730650154805,-10.567306501548046,0.113461,True,0.113461,-12.274297036763802,11,True,3.0,straight,0.269128246764026,7069.849166666669,19,953.4864263418576,2,belgium_2026_R|ALB|BEA,belgium_2026_R|L27|belgium_2026_R|ALB|BEA,belgium_2026_R_00637,False,v4_t0_anchored_30s_horizon
belgium_2026_R_00642,belgium_2026_R,2026,Belgian Grand Prix,ANT,LEC,16,2026-07-19 13:57:20.571,2026-07-19 13:57:24.931,4.36,4.36,2026-07-19 13:57:50.571,30.0,27,16,94.35361111110888,1.9082752808988312,77.90611111111048,178.0,82.0,96.0,164.10000000000218,2.0,True,2.0,1.0,6620.098611111113,brake_T18,0.3860051654819472,125.43360040716652,SOFT,12.0,2.0,0.594348371548948,9940.318301843177,30559.268582196466,400.0,False,1,False,CLOSE_INTERACTION_NO_PASS,0.0,,False,0.0,221.59925324675012,-43.59925324675012,2.937222,True,2.937222,163.2156745438111,12,True,3.0,brake,0.9363847028482496,7069.849166666669,19,953.4864263418576,2,belgium_2026_R|ANT|LEC,belgium_2026_R|L27|belgium_2026_R|ANT|LEC,,True,v4_t0_anchored_30s_horizon
belgium_2026_R_00643,belgium_2026_R,2026,Belgian Grand Prix,NOR,ANT,12,2026-07-19 13:57:22.490,2026-07-19 13:57:28.570,6.08,6.08,2026-07-19 13:57:52.490,30.0,27,25,93.40055555555682,1.3837119341563973,53.656111111113205,243.0,86.0,157.0,168.86868160500487,1.919,True,3.0,2.0,6585.856944444443,brake_T18,34.62767183215237,159.67526707383695,HARD,27.0,1.0,0.8985339083840436,9895.83895240496,46801.65414375916,400.0,False,1,False,CLOSE_INTERACTION_NO_PASS,0.0,,False,0.0,264.7031250000052,-21.703125000005173,2.524113,True,2.524113,136.43976172349034,12,True,3.0,brake,0.9315413651957131,7069.849166666669,19,953.4864263418576,2,belgium_2026_R|ANT|NOR,belgium_2026_R|L27|belgium_2026_R|ANT|NOR,,True,v4_t0_anchored_30s_horizon
belgium_2026_R_00644,belgium_2026_R,2026,Belgian Grand Prix,PIA,VER,3,2026-07-19 13:57:24.091,2026-07-19 13:59:53.131,149.04,149.04,2026-07-19 13:57:54.091,30.0,27,556,88.77444444444427,1.1058408304498248,17.70222222222236,289.0,179.0,110.0,42.38885996876745,1.921,True,5.0,4.0,6544.047500000004,brake_T18,76.43711627659104,201.48471151827562,HARD,7.0,2.0,0.8890170477039968,9841.529186838789,66633.78215878666,400.0,False,1,False,CLOSE_INTERACTION_NO_PASS,0.0,,False,0.0,288.71080357142813,0.28919642857187,1.389432,True,1.389432,17.762433338477877,11,True,3.0,brake,0.9256275976656271,7069.849166666669,19,953.4864263418576,2,belgium_2026_R|PIA|VER,belgium_2026_R|L27|belgium_2026_R|PIA|VER,,True,v4_t0_anchored_30s_horizon
belgium_2026_R_00645,belgium_2026_R,2026,Belgian Grand Prix,COL,HUL,27,2026-07-19 13:57:24.931,2026-07-19 13:57:28.210,3.279,3.279,2026-07-19 13:57:54.931,30.0,27,16,70.70194444444496,0.9677832699619843,70.70194444444496,263.0,263.0,0.0,,,False,13.0,12.0,4005.390555555558,corner_T11,397.4018536117742,33.72827196233766,HARD,12.0,2.0,0.9649668382986732,24761.15839801964,47378.08966500135,399.99999999999955,False,1,False,CLOSE_INTERACTION_NO_PASS,0.0,,False,0.0,255.36483020870176,7.635169791298239,1.079824,True,1.079824,0.4566222064938628,10,True,3.0,corner,0.5665454044536627,7069.849166666669,19,953.4864263418576,2,belgium_2026_R|COL|HUL,belgium_2026_R|L27|belgium_2026_R|COL|HUL,,False,v4_t0_anchored_30s_horizon
belgium_2026_R_00646,belgium_2026_R,2026,Belgian Grand Prix,GAS,LAW,30,2026-07-19 13:57:24.931,2026-07-19 13:57:28.210,3.279,3.279,2026-07-19 13:57:54.931,30.0,27,16,72.95555555555984,0.9873684210526896,67.83388888889294,266.0,265.0,1.0,,,False,11.0,10.0,4081.2213888888896,straight_09,321.5710202784426,531.8640509964939,HARD,13.0,2.0,0.9599965881035714,19635.45972698476,77396.6973558134,399.99999999999955,False,1,False,CLOSE_INTERACTION_NO_PASS,0.0,,False,0.0,265.17258147512877,0.8274185248712342,0.915935,True,0.915935,-0.9162918161810936,10,True,3.0,straight,0.5772713522844684,7069.849166666669,19,953.4864263418576,2,belgium_2026_R|GAS|LAW,belgium_2026_R|L27|belgium_2026_R|GAS|LAW,,False,v4_t0_anchored_30s_horizon
belgium_2026_R_00647,belgium_2026_R,2026,Belgian Grand Prix,HUL,LAW,30,2026-07-19 13:57:28.570,2026-07-19 13:57:43.771,15.201,15.201,2026-07-19 13:57:58.570,30.0,27,58,64.54722222222335,0.9184584980237316,49.409722222224445,253.0,207.0,46.0,,,False,12.0,10.0,4352.25055555556,brake_T12,50.54185361177224,260.8348843298236,HARD,7.0,2.0,0.8632006300209786,10122.12827715869,54350.93522194576,400.0,False,1,False,CLOSE_INTERACTION_NO_PASS,0.0,,False,0.0,259.7687337018024,-6.768733701802375,0.881126,True,0.881126,7.141765189897822,13,True,3.0,brake,0.615607271520841,7069.849166666669,19,953.4864263418576,2,belgium_2026_R|HUL|LAW,belgium_2026_R|L27|belgium_2026_R|HUL|LAW,,False,v4_t0_anchored_30s_horizon
belgium_2026_R_00648,belgium_2026_R,2026,Belgian Grand Prix,COL,GAS,10,2026-07-19 13:57:28.570,2026-07-19 13:57:45.291,16.721,16.721,2026-07-19 13:57:58.570,30.0,27,63,71.22916666666606,0.9532527881040812,38.244444444444525,269.0,238.0,31.0,,,False,13.0,11.0,4273.338055555558,straight_09,129.45435361177442,339.74738432982576,HARD,12.0,2.0,0.9463007157772728,10300.230878769798,78953.77843022678,400.0,False,1,False,CLOSE_INTERACTION_NO_PASS,0.0,,False,0.0,270.0,-1.0,1.058777,True,1.058777,-2.3005303751451636,13,True,3.0,straight,0.604445435088451,7069.849166666669,19,953.4864263418576,2,belgium_2026_R|COL|GAS,belgium_2026_R|L27|belgium_2026_R|COL|GAS,,False,v4_t0_anchored_30s_horizon
belgium_2026_R_00649,belgium_2026_R,2026,Belgian Grand Prix,GAS,HUL,27,2026-07-19 13:57:30.491,2026-07-19 13:57:45.291,14.8,12.359,2026-07-19 13:58:00.491,30.0,27,41,10.313055555557185,0.24751333333337244,10.242777777777519,150.0,165.0,-15.0,-18.97709526288217,1.921,True,11.0,12.0,4444.868611111114,corner_T12,108.21682877426974,168.21682877426974,HARD,13.0,2.0,1.0,12383.34878469387,20311.448026333423,400.0,False,1,False,ON_TRACK_PASS,1.0,15.0,False,0.0,172.7007894736846,-22.70078947368461,0.273385,True,0.273385,-16.073982382585196,13,True,3.0,corner,0.6287077003096524,7069.849166666669,19,953.4864263418576,2,belgium_2026_R|GAS|HUL,belgium_2026_R|L27|belgium_2026_R|GAS|HUL,belgium_2026_R_00650,False,v4_t0_anchored_30s_horizon
belgium_2026_R_00650,belgium_2026_R,2026,Belgian Grand Prix,HUL,GAS,10,2026-07-19 13:57:47.691,2026-07-19 13:57:54.731,7.04,5.32,2026-07-19 13:58:17.691,30.0,27,19,11.078611111114697,0.13896515679447008,10.866944444449473,287.0,305.0,-18.0,-17.978723404254936,1.88,True,12.0,11.0,5406.64888888889,straight_12,407.21308181567565,467.21308181567565,HARD,7.0,2.0,0.893035288002299,32849.18061266681,0.0,400.0,False,1,False,ON_TRACK_PASS,1.0,7.519,False,0.0,302.69681147540877,-15.696811475408765,0.102363,True,0.102363,-17.20112887496741,11,True,3.0,straight,0.7647474170142793,7069.849166666669,19,953.4864263418576,2,belgium_2026_R|GAS|HUL,belgium_2026_R|L27|belgium_2026_R|GAS|HUL,belgium_2026_R_00649,True,v4_t0_anchored_30s_horizon
belgium_2026_R_00651,belgium_2026_R,2026,Belgian Grand Prix,GAS,LAW,30,2026-07-19 13:58:12.171,2026-07-19 13:59:37.211,85.04,85.04,2026-07-19 13:58:42.171,30.0,28,319,64.4688888888889,0.9834237288135594,15.938888888888926,236.0,238.0,-2.0,,,False,11.0,10.0,15.563888888888894,straight_01,320.6574219383157,380.6574219383157,HARD,14.0,2.0,0.9480373002515043,16955.568311773783,75211.34132366197,400.0,False,1,False,CLOSE_INTERACTION_NO_PASS,0.0,,False,0.0,,,,False,,-47.59479687330206,12,True,3.0,straight,0.0022014456775500124,7069.849166666669,19,953.4864263418576,2,belgium_2026_R|GAS|LAW,belgium_2026_R|L28|belgium_2026_R|GAS|LAW,,False,v4_t0_anchored_30s_horizon
belgium_2026_R_00652,belgium_2026_R,2026,Belgian Grand Prix,COL,HUL,27,2026-07-19 13:58:13.371,2026-07-19 13:58:52.331,38.96,30.68,2026-07-19 13:58:43.371,30.0,28,115,40.34444444444445,0.6001652892561985,11.226111111111095,242.0,240.0,2.0,,,False,12.0,13.0,30.850555555555555,straight_01,305.370755271649,365.370755271649,HARD,13.0,2.0,0.9833563013517187,16793.406421293806,75207.05402720004,400.0,False,1,False,CLOSE_INTERACTION_NO_PASS,0.0,39.24,True,-1.0,234.18090425531915,7.819095744680851,0.611055,True,0.611055,-28.003648686389592,13,True,3.0,straight,0.004363679454578964,7069.849166666669,19,953.4864263418576,2,belgium_2026_R|COL|HUL,belgium_2026_R|L28|belgium_2026_R|COL|HUL,,False,v4_t0_anchored_30s_horizon
belgium_2026_R_00653,belgium_2026_R,2026,Belgian Grand Prix,ALB,BEA,87,2026-07-19 13:58:17.331,2026-07-19 13:58:24.651,7.32,7.32,2026-07-19 13:58:47.331,30.0,27,26,98.24805555555304,1.2677168458781036,56.09944444444227,279.0,123.0,156.0,110.18045530261159,1.8010000000000002,True,15.0,14.0,6561.766111111112,brake_T18,58.71850516548329,183.76610040716787,HARD,9.0,2.0,0.8943798156878328,9864.545364843287,58229.036090683396,400.0,False,1,False,CLOSE_INTERACTION_NO_PASS,0.0,,False,0.0,256.7445846305094,22.255415369490606,1.957576,True,1.957576,74.58973919594077,13,True,3.0,brake,0.9281338196080482,7069.849166666669,19,953.4864263418576,2,belgium_2026_R|ALB|BEA,belgium_2026_R|L27|belgium_2026_R|ALB|BEA,,True,v4_t0_anchored_30s_horizon
belgium_2026_R_00654,belgium_2026_R,2026,Belgian Grand Prix,COL,GAS,10,2026-07-19 13:58:52.611,2026-07-19 13:58:59.251,6.64,6.64,2026-07-19 13:59:22.611,30.0,28,27,34.98277777777821,0.6919670329670415,22.871666666667807,182.0,196.0,-14.0,,,False,12.0,11.0,2641.978333333333,corner_T7,339.56463330509496,4.536154153186089,HARD,13.0,2.0,0.9549148825662819,14124.605388472944,63187.75904148967,400.0,False,1,False,CLOSE_INTERACTION_NO_PASS,0.0,,False,-1.0,180.1613043478259,1.8386956521740956,0.671934,True,0.671934,-7.74085944417285,12,True,3.0,corner,0.3736965628333182,7069.849166666669,19,953.4864263418576,2,belgium_2026_R|COL|GAS,belgium_2026_R|L28|belgium_2026_R|COL|GAS,,False,v4_t0_anchored_30s_horizon
belgium_2026_R_00655,belgium_2026_R,2026,Belgian Grand Prix,ALB,BEA,87,2026-07-19 13:58:58.211,2026-07-19 13:59:20.971,22.76,22.76,2026-07-19 13:59:28.211,30.0,28,85,99.9666666666676,1.1352681388012724,58.585555555556766,317.0,302.0,15.0,14.418604651162845,1.72,True,15.0,14.0,2158.80861111111,straight_03,190.57158791849406,306.98570035731063,HARD,10.0,2.0,0.8774738928903925,11558.258791666114,112261.6962605968,400.0,False,1,False,CLOSE_INTERACTION_NO_PASS,0.0,,False,0.0,305.0,12.0,1.196081,True,1.196081,13.89594240993778,11,True,3.0,straight,0.30535426714470587,7069.849166666669,19,953.4864263418576,2,belgium_2026_R|ALB|BEA,belgium_2026_R|L28|belgium_2026_R|ALB|BEA,,False,v4_t0_anchored_30s_horizon
belgium_2026_R_00656,belgium_2026_R,2026,Belgian Grand Prix,OCO,SAI,55,2026-07-19 13:59:06.211,2026-07-19 14:00:00.131,53.92,53.92,2026-07-19 13:59:36.211,30.0,28,198,99.6744444444439,1.1143726708074475,28.224166666667315,322.0,311.0,11.0,13.640500000000248,2.0,True,17.0,16.0,2056.0169444444446,straight_03,293.36325458515967,409.77736702397624,HARD,12.0,3.0,0.2087932614671056,17744.831048166583,112361.33739692437,400.0,False,1,False,CLOSE_INTERACTION_NO_PASS,0.0,,False,0.0,311.0,11.0,1.158418,True,1.158418,14.938054170359274,11,True,3.0,straight,0.290814824471542,7069.849166666669,19,953.4864263418576,2,belgium_2026_R|OCO|SAI,belgium_2026_R|L28|belgium_2026_R|OCO|SAI,,False,v4_t0_anchored_30s_horizon
belgium_2026_R_00657,belgium_2026_R,2026,Belgian Grand Prix,HUL,COL,43,2026-07-19 13:59:07.251,2026-07-19 13:59:55.612,48.361,47.841,2026-07-19 13:59:37.251,30.0,28,159,10.11416666666537,0.1896406249999757,10.00666666665802,192.0,208.0,-16.0,-15.17249999999899,1.6,True,13.0,12.0,3327.873888888889,straight_07,404.9793137778561,464.9793137778561,HARD,8.0,2.0,0.9399834976855502,25094.061087999868,1964.8731328300541,400.0,False,1,False,CLOSE_INTERACTION_NO_PASS,0.0,48.601,True,1.0,202.36680975274805,-10.366809752748054,0.175254,True,0.175254,-8.001243269747432,11,True,3.0,straight,0.4707135626852324,7069.849166666669,19,953.4864263418576,2,belgium_2026_R|COL|HUL,belgium_2026_R|L28|belgium_2026_R|COL|HUL,,False,v4_t0_anchored_30s_horizon
belgium_2026_R_00658,belgium_2026_R,2026,Belgian Grand Prix,ANT,LEC,16,2026-07-19 13:59:09.971,2026-07-19 13:59:15.051,5.08,5.08,2026-07-19 13:59:39.971,30.0,28,17,94.15583333333416,1.4423872340425659,65.21138888889163,235.0,79.0,156.0,166.23804347825865,1.8399999999999999,True,2.0,1.0,6612.01972222222,brake_T18,8.46489405437569,133.51248929606027,SOFT,13.0,2.0,0.5395952378604864,9929.823960973039,34391.45436683767,400.0,False,1,False,CLOSE_INTERACTION_NO_PASS,0.0,,False,0.0,243.90393714689554,-8.903937146895544,2.526266,True,2.526266,136.04992181262438,14,True,3.0,brake,0.9352419784847674,7069.849166666669,19,953.4864263418576,2,belgium_2026_R|ANT|LEC,belgium_2026_R|L28|belgium_2026_R|ANT|LEC,,True,v4_t0_anchored_30s_horizon
belgium_2026_R_00659,belgium_2026_R,2026,Belgian Grand Prix,ALO,ANT,12,2026-07-19 13:59:20.731,2026-07-19 13:59:32.131,11.4,11.4,2026-07-19 13:59:50.731,30.0,28,46,69.8886111111111,1.154123853211009,32.23416666666668,218.0,255.0,-37.0,,,False,19.0,2.0,17.905277777777776,straight_01,318.3160330494268,378.3160330494268,SOFT,9.0,2.0,0.4442954341892408,16930.730715923084,75210.68465805144,400.0,False,1,False,LAPPED_UNLAPPED,,,False,0.0,234.91224489795917,-16.91224489795917,1.028071,True,1.028071,-45.31393017767358,13,True,3.0,straight,0.0025326251459788715,7069.849166666669,19,953.4864263418576,2,belgium_2026_R|ALO|ANT,belgium_2026_R|L28|belgium_2026_R|ALO|ANT,,False,v4_t0_anchored_30s_horizon
belgium_2026_R_00660,belgium_2026_R,2026,Belgian Grand Prix,ALB,BEA,87,2026-07-19 13:59:36.771,2026-07-19 13:59:39.812,3.041,3.041,2026-07-19 14:00:06.771,30.0,28,13,97.8008333333346,1.5788475336323073,89.74138888889047,223.0,170.0,53.0,64.41463414634111,1.599,True,15.0,14.0,4362.9461111111095,brake_T12,39.84629805622262,250.13932877427396,HARD,10.0,2.0,0.9500553815056382,10212.33979443302,50968.83834065007,400.0,False,1,False,CLOSE_INTERACTION_NO_PASS,0.0,,False,0.0,256.5311342592598,-33.53113425925977,1.796722,True,1.796722,40.810088962727114,10,True,3.0,brake,0.6171201122199012,7069.849166666669,19,953.4864263418576,2,belgium_2026_R|ALB|BEA,belgium_2026_R|L28|belgium_2026_R|ALB|BEA,,False,v4_t0_anchored_30s_horizon
belgium_2026_R_00661,belgium_2026_R,2026,Belgian Grand Prix,GAS,LAW,30,2026-07-19 13:59:47.212,2026-07-19 14:01:30.052,102.84,102.84,2026-07-19 14:00:17.212,30.0,28,385,99.82999999999356,1.2566013986013176,17.421944444444478,286.0,279.0,7.0,8.078499999999986,2.0,True,11.0,10.0,6060.167777777781,brake_T17,21.823022037611736,81.82302203761174,HARD,14.0,2.0,0.9200971538946354,30979.04744136815,222.84669469223738,400.0,False,1,False,CLOSE_INTERACTION_NO_PASS,0.0,,False,0.0,285.0,1.0,1.2741959999999999,True,1.2741959999999999,8.845764092443316,11,True,3.0,brake,0.8571848755063416,7069.849166666669,19,953.4864263418576,2,belgium_2026_R|GAS|LAW,belgium_2026_R|L28|belgium_2026_R|GAS|LAW,,True,v4_t0_anchored_30s_horizon
belgium_2026_R_00662,belgium_2026_R,2026,Belgian Grand Prix,PIA,NOR,1,2026-07-19 13:59:55.092,2026-07-19 14:01:30.292,95.2,95.2,2026-07-19 14:00:25.092,30.0,29,355,96.1669444444442,1.0718297213622265,12.093055555552382,323.0,266.0,57.0,56.99999999999727,0.4,True,5.0,4.0,2195.4752777777785,straight_03,153.90492125182573,270.3190336906423,HARD,9.0,2.0,0.8775042731793985,9395.905648787026,112223.2980355046,400.0,False,1,False,CLOSE_INTERACTION_NO_PASS,0.0,,False,0.0,313.0,10.0,1.162089,True,1.162089,14.778986548974252,10,True,3.0,straight,0.31054061070059763,7069.849166666669,19,953.4864263418576,2,belgium_2026_R|NOR|PIA,belgium_2026_R|L29|belgium_2026_R|NOR|PIA,,False,v4_t0_anchored_30s_horizon
belgium_2026_R_00663,belgium_2026_R,2026,Belgian Grand Prix,HUL,GAS,10,2026-07-19 13:59:55.852,2026-07-19 14:00:01.812,5.96,5.96,2026-07-19 14:00:25.852,30.0,28,6,14.074722222225319,0.3166812500000697,11.290000000001783,160.0,101.0,59.0,,,False,13.0,11.0,6645.640833333337,corner_T18,39.89137818494328,99.89137818494328,HARD,8.0,2.0,0.9095983748867998,10827.870232479832,18495.723596363794,400.0,False,1,False,CLOSE_INTERACTION_NO_PASS,0.0,113.2,True,1.0,118.39497282608893,41.60502717391107,0.512426,True,0.512426,79.20035654261169,11,True,3.0,corner,0.9399975412016689,7069.849166666669,19,953.4864263418576,2,belgium_2026_R|GAS|HUL,belgium_2026_R|L28|belgium_2026_R|GAS|HUL,,True,v4_t0_anchored_30s_horizon
belgium_2026_R_00664,belgium_2026_R,2026,Belgian Grand Prix,NOR,VER,3,2026-07-19 13:59:56.252,2026-07-19 14:02:42.212,165.96,165.96,2026-07-19 14:00:26.252,30.0,29,592,10.108611111111713,0.2153313609467584,10.108611111111713,169.0,176.0,-7.0,-21.743589743590256,1.56,True,4.0,3.0,2356.5344444444445,corner_T5,52.84575458515974,109.25986702397631,HARD,29.0,1.0,0.9273646076090557,12042.712719465671,18412.87610823126,400.0,False,1,False,CLOSE_INTERACTION_NO_PASS,0.0,,False,1.0,195.09583333333404,-26.095833333334042,0.208318,True,0.208318,-22.223599619872832,12,True,3.0,corner,0.33332174264129544,7069.849166666669,19,953.4864263418576,2,belgium_2026_R|NOR|VER,belgium_2026_R|L29|belgium_2026_R|NOR|VER,,False,v4_t0_anchored_30s_horizon
belgium_2026_R_00665,belgium_2026_R,2026,Belgian Grand Prix,COL,GAS,10,2026-07-19 14:00:02.012,2026-07-19 14:02:23.452,141.44,138.68,2026-07-19 14:00:32.012,30.0,28,485,27.087222222233322,0.7501076923079998,10.706111111111795,130.0,168.0,-38.0,,,False,12.0,11.0,6790.641388888886,straight_15,,,HARD,13.0,2.0,0.9771399934956353,9893.543836277833,80.99447482084173,279.2077777777831,True,1,False,CLOSE_INTERACTION_NO_PASS,0.0,,False,-1.0,120.66078431370818,9.339215686291823,0.631189,True,0.631189,-20.315756754969712,10,True,3.0,straight,0.9605072511172928,7069.849166666669,19,953.4864263418576,2,belgium_2026_R|COL|GAS,belgium_2026_R|L28|belgium_2026_R|COL|GAS,,True,v4_t0_anchored_30s_horizon
belgium_2026_R_00666,belgium_2026_R,2026,Belgian Grand Prix,ANT,LEC,16,2026-07-19 14:00:03.251,2026-07-19 14:00:06.291,3.04,3.04,2026-07-19 14:00:33.251,30.0,29,13,99.12083333333203,1.898058510638273,84.20972222222008,188.0,119.0,69.0,94.46035125066534,1.879,True,2.0,1.0,2936.7691666666665,brake_T8,44.77379997176149,104.77379997176149,SOFT,14.0,2.0,0.5944006109549749,10771.264694373795,29116.26375191497,400.0,False,1,False,CLOSE_INTERACTION_NO_PASS,0.0,,False,0.0,226.29048672566324,-38.29048672566324,2.409831,True,2.409831,80.3715613477544,11,True,3.0,brake,0.41539346843679703,7069.849166666669,19,953.4864263418576,2,belgium_2026_R|ANT|LEC,belgium_2026_R|L29|belgium_2026_R|ANT|LEC,,False,v4_t0_anchored_30s_horizon
belgium_2026_R_00667,belgium_2026_R,2026,Belgian Grand Prix,HUL,COL,43,2026-07-19 14:00:03.251,2026-07-19 14:01:48.452,105.201,104.721,2026-07-19 14:00:33.251,30.0,28,315,11.06194444443554,0.2458209876541231,10.131944444448436,162.0,189.0,-27.0,-30.002421307508666,1.2389999999999999,True,13.0,12.0,6837.137500000006,straight_15,,,HARD,8.0,2.0,0.9214474503386914,8245.9847419161,67.50656939560692,232.7116666666625,True,1,False,UNCERTAIN,,49.0,True,1.0,180.37734806630687,-18.377348066306865,0.211453,True,0.211453,-25.933052073404166,11,True,3.0,straight,0.9670839276509795,7069.849166666669,19,953.4864263418576,2,belgium_2026_R|COL|HUL,belgium_2026_R|L28|belgium_2026_R|COL|HUL,,True,v4_t0_anchored_30s_horizon
belgium_2026_R_00668,belgium_2026_R,2026,Belgian Grand Prix,ALB,BEA,87,2026-07-19 14:00:10.891,2026-07-19 14:00:15.412,4.521,4.521,2026-07-19 14:00:40.891,30.0,28,18,93.66444444444278,2.0686625766870796,78.41999999999643,163.0,76.0,87.0,143.6513809275692,1.919,True,15.0,14.0,6609.56916666667,brake_T18,10.915449609925417,135.96304485161,HARD,10.0,2.0,0.9547351108026034,9926.64073049731,35553.86472964899,400.0,False,1,False,CLOSE_INTERACTION_NO_PASS,0.0,,False,0.0,234.20462827987683,-71.20462827987683,2.866602,True,2.866602,146.17828299954635,12,True,3.0,brake,0.9348953578571162,7069.849166666669,19,953.4864263418576,2,belgium_2026_R|ALB|BEA,belgium_2026_R|L28|belgium_2026_R|ALB|BEA,,True,v4_t0_anchored_30s_horizon
belgium_2026_R_00669,belgium_2026_R,2026,Belgian Grand Prix,OCO,SAI,55,2026-07-19 14:00:11.331,2026-07-19 14:00:40.291,28.96,28.96,2026-07-19 14:00:41.331,30.0,28,109,98.44944444444354,1.1432838709677313,13.808055555554347,310.0,285.0,25.0,27.129961935836576,1.839,True,17.0,16.0,6011.330555555557,brake_T17,70.66024425983596,130.66024425983596,HARD,12.0,3.0,0.2155225283255177,31148.106382498954,217.73092289167417,400.0,False,1,False,CLOSE_INTERACTION_NO_PASS,0.0,,False,0.0,289.6698096885812,20.33019031141879,1.240754,True,1.240754,27.303911157875515,12,True,3.0,brake,0.8502770587947087,7069.849166666669,19,953.4864263418576,2,belgium_2026_R|OCO|SAI,belgium_2026_R|L28|belgium_2026_R|OCO|SAI,,True,v4_t0_anchored_30s_horizon
belgium_2026_R_00670,belgium_2026_R,2026,Belgian Grand Prix,ANT,LEC,16,2026-07-19 14:00:59.612,2026-07-19 14:01:05.411,5.799,5.799,2026-07-19 14:01:29.612,30.0,29,22,96.38916666666773,1.3661456692913536,61.56361111111346,254.0,87.0,167.0,162.43404997094552,1.721,True,2.0,1.0,6609.881944444443,brake_T18,10.602671832151827,135.6502670738364,SOFT,14.0,2.0,0.5272820445463273,9927.047023573217,35405.49995198959,400.0,False,1,False,CLOSE_INTERACTION_NO_PASS,0.0,,False,0.0,263.05446708463995,-9.054467084639953,2.380793,True,2.380793,121.30232885784034,12,True,3.0,brake,0.9349395989392666,7069.849166666669,19,953.4864263418576,2,belgium_2026_R|ANT|LEC,belgium_2026_R|L29|belgium_2026_R|ANT|LEC,,True,v4_t0_anchored_30s_horizon
belgium_2026_R_00671,belgium_2026_R,2026,Belgian Grand Prix,OCO,SAI,55,2026-07-19 14:01:00.572,2026-07-19 14:01:25.452,24.88,24.88,2026-07-19 14:01:30.572,30.0,29,92,89.27194444444467,1.0267699680511209,35.49472222222357,313.0,191.0,122.0,42.939444444444234,1.8,True,17.0,16.0,2241.270833333333,brake_T5,108.1093656962712,224.52347813508777,HARD,13.0,3.0,0.15414373935856604,7475.2464636384075,103138.71946064815,400.0,False,1,False,CLOSE_INTERACTION_NO_PASS,0.0,,False,0.0,310.0,3.0,1.264151,True,1.264151,18.92393950474538,13,True,3.0,brake,0.31701819663998004,7069.849166666669,19,953.4864263418576,2,belgium_2026_R|OCO|SAI,belgium_2026_R|L29|belgium_2026_R|OCO|SAI,,False,v4_t0_anchored_30s_horizon
belgium_2026_R_00672,belgium_2026_R,2026,Belgian Grand Prix,ALB,BEA,87,2026-07-19 14:01:04.731,2026-07-19 14:01:08.452,3.721,3.721,2026-07-19 14:01:34.731,30.0,29,16,97.48388888888894,1.8470631578947379,82.8038888888891,190.0,124.0,66.0,82.62905800958036,1.879,True,15.0,14.0,2917.015277777778,brake_T8,64.52768886064996,124.52768886064996,HARD,11.0,2.0,0.9641731061918063,9827.025547862999,38524.301594537625,400.0,False,1,False,CLOSE_INTERACTION_NO_PASS,0.0,,False,0.0,228.97511848341207,-38.975118483412075,2.29727,True,2.29727,63.8783864818812,12,True,3.0,brake,0.412599365136542,7069.849166666669,19,953.4864263418576,2,belgium_2026_R|ALB|BEA,belgium_2026_R|L29|belgium_2026_R|ALB|BEA,,False,v4_t0_anchored_30s_horizon
belgium_2026_R_00673,belgium_2026_R,2026,Belgian Grand Prix,PIA,NOR,1,2026-07-19 14:01:33.252,2026-07-19 14:01:37.052,3.8,3.8,2026-07-19 14:02:03.252,30.0,30,17,99.63527777777813,1.1350854430379789,94.54638888888871,316.0,306.0,10.0,7.99888950582941,1.8010000000000002,True,4.0,5.0,1014.7108333333331,corner_T2,112.25935347751852,261.1829393544135,HARD,10.0,2.0,0.9349756819806785,33155.57727424144,238.385496962559,400.0,False,1,False,PIT_RELATED,,92.36,True,-1.0,314.073472301542,1.9265276984580169,1.135993,True,1.135993,1.4923433528688737,10,True,3.0,corner,0.14352651795140836,7069.849166666669,19,953.4864263418576,2,belgium_2026_R|NOR|PIA,belgium_2026_R|L30|belgium_2026_R|NOR|PIA,,False,v4_t0_anchored_30s_horizon
belgium_2026_R_00674,belgium_2026_R,2026,Belgian Grand Prix,GAS,LAW,30,2026-07-19 14:01:35.452,2026-07-19 14:01:48.812,13.36,13.36,2026-07-19 14:02:05.452,30.0,29,49,99.84972222222586,1.1411396825397242,43.64861111111168,315.0,301.0,14.0,10.86666666666315,1.8,True,11.0,10.0,5716.261111111111,brake_T16,97.60085959345452,157.60085959345452,HARD,15.0,2.0,0.9439190581948965,33326.541932340035,98.72554762480254,400.0,False,1,False,CLOSE_INTERACTION_NO_PASS,0.0,,False,0.0,311.0,4.0,1.175057,True,1.175057,7.710186458059247,13,True,3.0,brake,0.8085407448383012,7069.849166666669,19,953.4864263418576,2,belgium_2026_R|GAS|LAW,belgium_2026_R|L29|belgium_2026_R|GAS|LAW,,True,v4_t0_anchored_30s_horizon
belgium_2026_R_00675,belgium_2026_R,2026,Belgian Grand Prix,OCO,SAI,55,2026-07-19 14:01:37.692,2026-07-19 14:01:51.611,13.919,13.919,2026-07-19 14:02:07.692,30.0,29,52,93.8558333333367,1.2847186311787533,61.450000000004366,263.0,175.0,88.0,39.31063829787084,1.88,True,17.0,16.0,4336.9558333333325,brake_T12,65.83657583399963,276.129606552051,HARD,13.0,3.0,0.1851117116868895,9993.125151440678,59187.358356715864,400.0,False,1,False,CLOSE_INTERACTION_NO_PASS,0.0,,False,0.0,267.0,-4.0,1.5815730000000001,True,1.5815730000000001,19.994650376573915,11,True,3.0,brake,0.6134438983198484,7069.849166666669,19,953.4864263418576,2,belgium_2026_R|OCO|SAI,belgium_2026_R|L29|belgium_2026_R|OCO|SAI,,False,v4_t0_anchored_30s_horizon
belgium_2026_R_00676,belgium_2026_R,2026,Belgian Grand Prix,ANT,LEC,16,2026-07-19 14:01:40.772,2026-07-19 14:01:47.572,6.8,6.8,2026-07-19 14:02:10.772,30.0,30,25,97.15583333333325,1.1505296052631568,77.96694444444302,304.0,165.0,139.0,100.47793726740939,1.881,True,2.0,1.0,2304.305277777778,brake_T5,45.074921251826254,161.48903369064283,SOFT,15.0,2.0,0.4978276016064998,9837.940307048986,55178.331014982716,400.0,False,1,False,CLOSE_INTERACTION_NO_PASS,0.0,,False,0.0,300.1650666666665,3.834933333333481,1.689253,True,1.689253,69.85559826533571,11,True,3.0,brake,0.32593414986026137,7069.849166666669,19,953.4864263418576,2,belgium_2026_R|ANT|LEC,belgium_2026_R|L30|belgium_2026_R|ANT|LEC,,False,v4_t0_anchored_30s_horizon
belgium_2026_R_00677,belgium_2026_R,2026,Belgian Grand Prix,HUL,LAW,30,2026-07-19 14:01:49.052,2026-07-19 14:01:53.132,4.08,4.08,2026-07-19 14:02:19.052,30.0,29,16,41.508055555555984,1.255705882352954,36.74138888888956,119.0,76.0,43.0,,,False,13.0,10.0,6666.9675,corner_T18,18.56471151828009,78.56471151828009,HARD,9.0,2.0,0.8710042058403126,11579.884362323104,8423.847834660653,400.0,False,1,False,CLOSE_INTERACTION_NO_PASS,0.0,,False,0.0,113.93750000000065,5.062499999999346,1.6705,True,1.6705,114.76974396802743,11,True,3.0,corner,0.9430141072080861,7069.849166666669,19,953.4864263418576,2,belgium_2026_R|HUL|LAW,belgium_2026_R|L29|belgium_2026_R|HUL|LAW,,True,v4_t0_anchored_30s_horizon
belgium_2026_R_00678,belgium_2026_R,2026,Belgian Grand Prix,HUL,COL,43,2026-07-19 14:01:55.772,2026-07-19 14:02:23.452,27.68,27.68,2026-07-19 14:02:25.772,30.0,29,100,11.985833333334085,0.2713773584905831,10.368888888888875,159.0,191.0,-32.0,-33.214285714284735,1.12,True,13.0,12.0,6838.211388888891,straight_15,,,HARD,9.0,2.0,0.8792846422558523,8207.93219595183,67.195048465698,231.63777777777796,True,1,False,UNCERTAIN,,,False,0.0,185.3907068062826,-26.390706806282594,0.224371,True,0.224371,-29.474404874847874,11,True,3.0,straight,0.9672358246523961,7069.849166666669,19,953.4864263418576,2,belgium_2026_R|COL|HUL,belgium_2026_R|L29|belgium_2026_R|COL|HUL,,True,v4_t0_anchored_30s_horizon
belgium_2026_R_00679,belgium_2026_R,2026,Belgian Grand Prix,ALB,BEA,87,2026-07-19 14:02:03.332,2026-07-19 14:02:07.812,4.48,4.48,2026-07-19 14:02:33.332,30.0,29,14,92.12388888888472,1.8122732240436341,73.99999999999545,183.0,78.0,105.0,163.77299999999943,2.0,True,15.0,14.0,6617.142222222226,brake_T18,3.342394054368924,128.3899892960535,HARD,11.0,2.0,0.9308664353632422,9936.478002369902,31961.618785259507,400.0,False,1,False,CLOSE_INTERACTION_NO_PASS,0.0,,False,0.0,207.38734896942498,-24.387348969424977,2.920646,True,2.920646,163.1953822378928,13,True,3.0,brake,0.9359665342538154,7069.849166666669,19,953.4864263418576,2,belgium_2026_R|ALB|BEA,belgium_2026_R|L29|belgium_2026_R|ALB|BEA,,True,v4_t0_anchored_30s_horizon
belgium_2026_R_00680,belgium_2026_R,2026,Belgian Grand Prix,COL,LAW,30,2026-07-19 14:02:23.652,2026-07-19 14:02:39.332,15.68,13.641,2026-07-19 14:02:53.652,30.0,30,44,36.60666666666771,0.4067407407407523,10.095555555556075,324.0,305.0,19.0,,,False,10.0,11.0,1829.0155555555552,straight_03,520.364643474049,636.7787559128656,HARD,15.0,2.0,0.9041540370541771,34579.68897251572,509.6789325992971,400.0,False,1,False,ON_TRACK_PASS,1.0,15.92,False,-2.0,306.0,18.0,0.424532,True,0.424532,17.755822641929143,10,True,3.0,straight,0.25870644655038794,7069.849166666669,19,953.4864263418576,2,belgium_2026_R|COL|LAW,belgium_2026_R|L30|belgium_2026_R|COL|LAW,belgium_2026_R_00687,False,v4_t0_anchored_30s_horizon
belgium_2026_R_00681,belgium_2026_R,2026,Belgian Grand Prix,HUL,GAS,10,2026-07-19 14:02:23.652,2026-07-19 14:02:31.771,8.119,6.88,2026-07-19 14:02:53.652,30.0,30,29,60.100000000000364,0.6556363636363676,11.921388888889396,330.0,309.0,21.0,,,False,13.0,12.0,1767.961388888889,straight_03,581.4188101407153,697.8329225795319,HARD,10.0,2.0,0.8253757141648799,34579.68897251572,509.6789325992971,400.0,False,1,False,ON_TRACK_PASS,1.0,8.519,False,0.0,310.4504322580645,19.549567741935505,0.705216,True,0.705216,19.452647811622484,10,True,3.0,straight,0.2500705951726064,7069.849166666669,19,953.4864263418576,2,belgium_2026_R|GAS|HUL,belgium_2026_R|L30|belgium_2026_R|GAS|HUL,belgium_2026_R_00684,False,v4_t0_anchored_30s_horizon
belgium_2026_R_00682,belgium_2026_R,2026,Belgian Grand Prix,GAS,COL,43,2026-07-19 14:02:26.012,2026-07-19 14:02:31.771,5.759,5.759,2026-07-19 14:02:56.012,30.0,30,24,10.494444444443843,0.12346405228757462,10.494444444443843,306.0,320.0,-14.0,-15.286734693877778,1.96,True,12.0,10.0,2030.265555555556,straight_03,319.1146434740483,435.5287559128649,HARD,16.0,2.0,0.9200966027572182,19628.76518672244,112366.98533888155,399.9999999999998,False,1,False,CLOSE_INTERACTION_NO_PASS,0.0,,False,1.0,320.83674377224196,-14.83674377224196,0.117562,True,0.117562,-15.400601257394838,13,True,3.0,straight,0.2871724003855653,7069.849166666669,19,953.4864263418576,2,belgium_2026_R|COL|GAS,belgium_2026_R|L30|belgium_2026_R|COL|GAS,,False,v4_t0_anchored_30s_horizon
belgium_2026_R_00683,belgium_2026_R,2026,Belgian Grand Prix,HUL,COL,43,2026-07-19 14:02:32.171,2026-07-19 14:02:39.332,7.161,7.161,2026-07-19 14:03:02.171,30.0,30,22,18.576944444442688,0.5224765624999506,12.053055555554238,128.0,114.0,14.0,,,False,13.0,10.0,2412.9352777777785,corner_T6,173.57920970874056,52.85903369064226,HARD,10.0,2.0,0.9027362464427733,15154.789726040814,162.63597604418283,400.0,False,1,False,CLOSE_INTERACTION_NO_PASS,0.0,,False,0.0,117.49889030380156,10.50110969619844,0.599078,True,0.599078,26.824515366342396,12,True,3.0,corner,0.34129939987325675,7069.849166666669,19,953.4864263418576,2,belgium_2026_R|COL|HUL,belgium_2026_R|L30|belgium_2026_R|COL|HUL,,False,v4_t0_anchored_30s_horizon
belgium_2026_R_00684,belgium_2026_R,2026,Belgian Grand Prix,GAS,HUL,27,2026-07-19 14:02:34.212,2026-07-19 14:02:40.332,6.12,4.04,2026-07-19 14:03:04.212,30.0,30,14,10.718055555555566,0.31116935483871,10.47361111111104,124.0,132.0,-8.0,-15.555555555555657,1.8,True,12.0,13.0,2478.42388888889,brake_T7,108.0905985976292,168.0905985976292,HARD,16.0,2.0,0.9945318580009307,17122.897162146186,8163.2138218803075,400.0,False,1,False,ON_TRACK_PASS,1.0,6.5600000000000005,False,1.0,132.69712121212117,-8.697121212121175,0.278848,True,0.278848,-18.376183460842633,11,True,3.0,brake,0.3505624844974494,7069.849166666669,19,953.4864263418576,2,belgium_2026_R|GAS|HUL,belgium_2026_R|L30|belgium_2026_R|GAS|HUL,belgium_2026_R_00681,False,v4_t0_anchored_30s_horizon
belgium_2026_R_00685,belgium_2026_R,2026,Belgian Grand Prix,NOR,VER,3,2026-07-19 14:02:44.692,2026-07-19 14:03:04.532,19.84,19.84,2026-07-19 14:03:14.692,30.0,30,69,99.6427777777817,1.103735384615428,16.459722222225537,325.0,317.0,8.0,5.2391304347846654,1.8399999999999999,True,5.0,3.0,5695.985555555557,brake_T16,117.87641514900861,177.8764151490086,HARD,30.0,1.0,0.9261872421630185,33506.63029049304,71.79073183187937,400.0,False,1,True,PIT_RELATED,,,False,1.0,320.6417548076924,4.358245192307606,1.133712,True,1.133712,-3.919136801114415,11,True,3.0,brake,0.8056728540138193,7069.849166666669,19,953.4864263418576,2,belgium_2026_R|NOR|VER,belgium_2026_R|L30|belgium_2026_R|NOR|VER,,True,v4_t0_anchored_30s_horizon
belgium_2026_R_00686,belgium_2026_R,2026,Belgian Grand Prix,HUL,LAW,30,2026-07-19 14:02:46.532,2026-07-19 14:02:56.332,9.8,9.8,2026-07-19 14:03:16.532,30.0,30,35,34.568888888887614,1.1966153846153404,34.568888888887614,104.0,115.0,-11.0,,,False,13.0,11.0,3052.481944444445,straight_06,158.06529981835638,218.06529981835638,HARD,10.0,2.0,0.9472073745177816,16990.986972201244,1841.591897134013,400.0,False,1,False,CLOSE_INTERACTION_NO_PASS,0.0,,False,0.0,113.50770598695895,-9.507705986958953,1.101678,True,1.101678,-2.9550359921556297,11,True,3.0,straight,0.43176054714667217,7069.849166666669,19,953.4864263418576,2,belgium_2026_R|HUL|LAW,belgium_2026_R|L30|belgium_2026_R|HUL|LAW,,False,v4_t0_anchored_30s_horizon
belgium_2026_R_00687,belgium_2026_R,2026,Belgian Grand Prix,LAW,COL,43,2026-07-19 14:02:47.932,2026-07-19 14:04:01.692,73.76,73.76,2026-07-19 14:03:17.932,30.0,30,255,10.382777777777846,0.25085906040268624,10.382777777777846,149.0,172.0,-23.0,-23.714285714286756,1.4,True,11.0,10.0,3138.745277777778,brake_T9,71.80196648502351,131.8019664850235,HARD,15.0,2.0,0.9409710210283854,19828.792138089055,1659.5168415852609,400.0,False,1,False,CLOSE_INTERACTION_NO_PASS,0.0,56.16,True,1.0,166.26526162790685,-17.265261627906852,0.229389,True,0.229389,-15.710378145192752,13,True,3.0,brake,0.44396212759057363,7069.849166666669,19,953.4864263418576,2,belgium_2026_R|COL|LAW,belgium_2026_R|L30|belgium_2026_R|COL|LAW,belgium_2026_R_00680,False,v4_t0_anchored_30s_horizon
belgium_2026_R_00688,belgium_2026_R,2026,Belgian Grand Prix,ANT,LEC,16,2026-07-19 14:02:49.092,2026-07-19 14:02:55.932,6.84,6.84,2026-07-19 14:03:19.092,30.0,30,23,91.4055555555542,1.3057936507936314,50.94555555555689,252.0,111.0,141.0,111.94836956522187,1.8399999999999999,True,2.0,1.0,6600.603055555557,brake_T18,19.881560721038113,144.9291559627227,SOFT,15.0,2.0,0.48349711300343956,9914.993902873666,39806.90051415581,400.0,False,1,False,CLOSE_INTERACTION_NO_PASS,0.0,,False,0.0,281.53106761565834,-29.531067615658344,1.893106,True,1.893106,69.5631621002873,12,True,3.0,brake,0.9336271396957746,7069.849166666669,19,953.4864263418576,2,belgium_2026_R|ANT|LEC,belgium_2026_R|L30|belgium_2026_R|ANT|LEC,,True,v4_t0_anchored_30s_horizon
belgium_2026_R_00689,belgium_2026_R,2026,Belgian Grand Prix,OCO,SAI,55,2026-07-19 14:02:52.852,2026-07-19 14:03:17.052,24.2,24.2,2026-07-19 14:03:22.852,30.0,30,86,89.7772222222211,1.0493441558441428,39.497499999999036,308.0,185.0,123.0,45.9882593159792,1.959,True,17.0,16.0,2242.332500000001,brake_T5,107.04769902960334,223.4618114684199,HARD,14.0,3.0,0.12933672116199257,7485.168953028118,102330.77182129843,400.0,False,1,False,CLOSE_INTERACTION_NO_PASS,0.0,,False,0.0,309.0,-1.0,1.334757,True,1.334757,22.982788719490564,12,True,3.0,brake,0.31716836486021216,7069.849166666669,19,953.4864263418576,2,belgium_2026_R|OCO|SAI,belgium_2026_R|L30|belgium_2026_R|OCO|SAI,,False,v4_t0_anchored_30s_horizon
belgium_2026_R_00690,belgium_2026_R,2026,Belgian Grand Prix,GAS,LAW,30,2026-07-19 14:02:56.613,2026-07-19 14:03:09.092,12.479,12.479,2026-07-19 14:03:26.613,30.0,30,43,67.38194444444434,0.9085205992509349,53.806944444444525,267.0,257.0,10.0,,,False,12.0,11.0,3576.440555555556,straight_07,156.41264711118902,216.41264711118902,HARD,16.0,2.0,0.9712755659744922,23257.523415159827,4263.577068774999,400.0,False,1,False,CLOSE_INTERACTION_NO_PASS,0.0,,False,1.0,251.14000564652738,15.859994353472615,0.941399,True,0.941399,5.195379318946929,9,True,3.0,straight,0.5058722571363988,7069.849166666669,19,953.4864263418576,2,belgium_2026_R|GAS|LAW,belgium_2026_R|L30|belgium_2026_R|GAS|LAW,,False,v4_t0_anchored_30s_horizon
belgium_2026_R_00691,belgium_2026_R,2026,Belgian Grand Prix,ALB,BEA,87,2026-07-19 14:02:57.413,2026-07-19 14:03:00.932,3.519,3.519,2026-07-19 14:03:27.413,30.0,30,13,97.33777777777732,1.8738823529411677,82.6352777777779,187.0,122.0,65.0,84.86257808063694,1.7610000000000001,True,15.0,14.0,2915.779166666668,brake_T8,65.76379997175991,125.76379997175991,HARD,12.0,2.0,0.9814602106762919,9767.939232904351,39113.01504617348,400.0,False,1,False,CLOSE_INTERACTION_NO_PASS,0.0,,False,0.0,210.17547047371798,-23.17547047371798,2.3368,True,2.3368,85.47250801756286,9,True,3.0,brake,0.41242452249393824,7069.849166666669,19,953.4864263418576,2,belgium_2026_R|ALB|BEA,belgium_2026_R|L30|belgium_2026_R|ALB|BEA,,False,v4_t0_anchored_30s_horizon
belgium_2026_R_00692,belgium_2026_R,2026,Belgian Grand Prix,HUL,GAS,10,2026-07-19 14:02:59.812,2026-07-19 14:03:09.092,9.28,8.2,2026-07-19 14:03:29.812,30.0,30,27,10.511388888887723,0.1645260869565035,10.511388888887723,230.0,237.0,-7.0,-7.672648178358318,1.839,True,13.0,12.0,3794.698333333334,straight_08,184.42049418456145,244.42049418456145,HARD,10.0,2.0,0.9168141081992112,26921.918559132,6.335557542880377,399.99999999999955,False,1,False,ON_TRACK_PASS,1.0,9.56,False,0.0,239.7860759493669,-9.786075949366904,0.167164,True,0.167164,-11.553743603324765,11,True,3.0,straight,0.5367438885718802,7069.849166666669,19,953.4864263418576,2,belgium_2026_R|GAS|HUL,belgium_2026_R|L30|belgium_2026_R|GAS|HUL,belgium_2026_R_00684,False,v4_t0_anchored_30s_horizon
belgium_2026_R_00693,belgium_2026_R,2026,Belgian Grand Prix,PIA,VER,3,2026-07-19 14:03:09.812,2026-07-19 14:03:15.652,5.84,5.84,2026-07-19 14:03:39.812,30.0,31,24,99.41638888888886,1.3158051470588232,44.27111111111111,272.0,123.0,149.0,81.4666666666667,1.8,True,4.0,3.0,240.81944444444446,brake_T1,95.40186638276009,155.4018663827601,HARD,11.0,2.0,0.9368205772273295,15818.288257835608,61374.396047964605,400.0,False,1,False,CLOSE_INTERACTION_NO_PASS,0.0,,False,0.0,245.491177140255,26.50882285974501,1.9073639999999998,True,1.9073639999999998,50.46829494799096,11,True,3.0,brake,0.03406288292257688,7069.849166666669,19,953.4864263418576,2,belgium_2026_R|PIA|VER,belgium_2026_R|L31|belgium_2026_R|PIA|VER,,False,v4_t0_anchored_30s_horizon
belgium_2026_R_00694,belgium_2026_R,2026,Belgian Grand Prix,ANT,LEC,16,2026-07-19 14:03:29.692,2026-07-19 14:04:18.653,48.961,48.961,2026-07-19 14:03:59.692,30.0,31,189,97.51805555555393,1.0936604361370534,42.53055555555329,321.0,244.0,77.0,26.020000000000348,2.0,True,2.0,1.0,2223.237222222222,straight_03,126.14297680738218,242.55708924619876,SOFT,16.0,2.0,0.48522355456203387,7732.239719890367,112194.15661138523,400.0,False,1,False,CLOSE_INTERACTION_NO_PASS,0.0,,False,0.0,309.92898462783165,11.071015372168347,1.228637,True,1.228637,16.164600117480322,13,True,3.0,straight,0.3144674192915556,7069.849166666669,19,953.4864263418576,2,belgium_2026_R|ANT|LEC,belgium_2026_R|L31|belgium_2026_R|ANT|LEC,,False,v4_t0_anchored_30s_horizon
belgium_2026_R_00695,belgium_2026_R,2026,Belgian Grand Prix,OCO,SAI,55,2026-07-19 14:03:29.892,2026-07-19 14:03:45.093,15.201,15.201,2026-07-19 14:03:59.892,30.0,30,64,95.91666666666788,1.312927756654009,56.52833333333365,263.0,177.0,86.0,43.92682926829232,1.6400000000000001,True,17.0,16.0,4334.113055555555,brake_T12,68.67935361177751,278.97238432982886,HARD,14.0,3.0,0.18773170832229127,9969.147781095102,60086.28780516799,400.0,False,1,False,CLOSE_INTERACTION_NO_PASS,0.0,,False,0.0,268.0,-5.0,1.588988,True,1.588988,15.067186470004998,13,True,3.0,brake,0.6130417995323408,7069.849166666669,19,953.4864263418576,2,belgium_2026_R|OCO|SAI,belgium_2026_R|L30|belgium_2026_R|OCO|SAI,,False,v4_t0_anchored_30s_horizon
belgium_2026_R_00696,belgium_2026_R,2026,Belgian Grand Prix,GAS,LAW,30,2026-07-19 14:03:31.173,2026-07-19 14:03:41.772,10.599,10.599,2026-07-19 14:04:01.173,30.0,30,45,99.89777777778272,1.156372990353755,58.846944444452674,311.0,296.0,15.0,13.778456413105124,1.8010000000000002,True,12.0,11.0,5806.593888888888,brake_T16,7.2680818156777605,67.26808181567776,HARD,16.0,2.0,0.9381770697846501,32423.25864963722,160.53818087432353,400.0,False,1,False,CLOSE_INTERACTION_NO_PASS,0.0,,False,1.0,305.8663524590172,5.133647540982793,1.190308,True,1.190308,11.593957663868995,14,True,3.0,brake,0.8213179308359435,7069.849166666669,19,953.4864263418576,2,belgium_2026_R|GAS|LAW,belgium_2026_R|L30|belgium_2026_R|GAS|LAW,,True,v4_t0_anchored_30s_horizon
belgium_2026_R_00697,belgium_2026_R,2026,Belgian Grand Prix,NOR,BOR,5,2026-07-19 14:03:32.333,2026-07-19 14:03:39.332,6.999,6.999,2026-07-19 14:04:02.333,30.0,31,31,12.363333333333344,0.5563500000000005,12.363333333333344,80.0,234.0,-154.0,-154.00000000000105,0.16,True,8.0,7.0,256.92833333333334,brake_T1,79.2929774938712,139.2929774938712,MEDIUM,1.0,2.0,0.9261872421630185,16467.477335970398,52349.676207886994,399.99999999999994,False,1,True,PIT_RELATED,,,False,3.0,240.36861607142856,-160.36861607142856,0.194404,True,0.194404,-168.7704105016276,13,True,3.0,brake,0.03634141652479855,7069.849166666669,19,953.4864263418576,2,belgium_2026_R|BOR|NOR,belgium_2026_R|L31|belgium_2026_R|BOR|NOR,,False,v4_t0_anchored_30s_horizon
belgium_2026_R_00698,belgium_2026_R,2026,Belgian Grand Prix,LIN,NOR,1,2026-07-19 14:03:35.932,2026-07-19 14:03:41.772,5.84,5.84,2026-07-19 14:04:05.932,30.0,31,27,86.50666666666666,1.255741935483871,29.276666666666586,248.0,68.0,180.0,173.59523809523816,1.6800000000000002,True,9.0,8.0,249.41777777777781,brake_T1,86.80353304942673,146.80353304942673,HARD,15.0,2.0,0.5673357784007672,16164.801548023639,56557.33200585943,400.0,False,1,False,PIT_RELATED,,,False,0.0,80.0,168.0,3.936975,True,3.936975,168.4042722735577,12,True,3.0,brake,0.035279080486433446,7069.849166666669,19,953.4864263418576,2,belgium_2026_R|LIN|NOR,belgium_2026_R|L31|belgium_2026_R|LIN|NOR,,False,v4_t0_anchored_30s_horizon
belgium_2026_R_00699,belgium_2026_R,2026,Belgian Grand Prix,HUL,LAW,30,2026-07-19 14:03:42.012,2026-07-19 14:03:48.812,6.8,6.8,2026-07-19 14:04:12.012,30.0,30,21,54.65583333332961,1.0870773480662244,38.233611111106256,181.0,107.0,74.0,,,False,13.0,11.0,6629.5291666666735,corner_T18,56.00304485160632,116.00304485160632,HARD,10.0,2.0,0.8916764307034571,10259.74577224269,26104.728206271444,400.0,False,1,False,CLOSE_INTERACTION_NO_PASS,0.0,,False,0.0,199.85616326529558,-18.856163265295578,1.377491,True,1.377491,73.29648403384238,13,True,3.0,corner,0.9377186146946329,7069.849166666669,19,953.4864263418576,2,belgium_2026_R|HUL|LAW,belgium_2026_R|L30|belgium_2026_R|HUL|LAW,,True,v4_t0_anchored_30s_horizon
belgium_2026_R_00700,belgium_2026_R,2026,Belgian Grand Prix,GAS,HUL,27,2026-07-19 14:03:42.893,2026-07-19 14:03:48.812,5.919,4.839,2026-07-19 14:04:12.893,30.0,30,18,11.008611111123173,0.43077173913090683,11.008611111123173,92.0,115.0,-23.0,-31.944381384790457,0.881,True,12.0,13.0,6651.87944444444,corner_T18,33.65276707383964,93.65276707383964,HARD,16.0,2.0,0.9846231975388334,11047.85415118011,15549.434941942403,400.0,False,1,False,ON_TRACK_PASS,1.0,6.079,False,1.0,132.3695000000217,-40.3695000000217,0.318912,True,0.318912,-57.840921416978865,13,True,3.0,corner,0.9408799661253177,7069.849166666669,19,953.4864263418576,2,belgium_2026_R|GAS|HUL,belgium_2026_R|L30|belgium_2026_R|GAS|HUL,belgium_2026_R_00702,True,v4_t0_anchored_30s_horizon
belgium_2026_R_00701,belgium_2026_R,2026,Belgian Grand Prix,PIA,VER,3,2026-07-19 14:03:49.652,2026-07-19 14:03:55.332,5.68,5.68,2026-07-19 14:04:19.652,30.0,31,20,98.59916666666686,1.4607283950617314,63.72277777777754,243.0,144.0,99.0,46.770833333333144,1.92,True,4.0,3.0,2879.423055555554,brake_T8,102.11991108287384,162.11991108287384,HARD,11.0,2.0,0.9342937146788487,8030.111126291895,56428.06987248421,400.0,False,1,False,CLOSE_INTERACTION_NO_PASS,0.0,,False,0.0,242.29730191256823,0.7026980874317701,1.884323,True,1.884323,20.774897789096347,12,True,3.0,brake,0.4072821056963455,7069.849166666669,19,953.4864263418576,2,belgium_2026_R|PIA|VER,belgium_2026_R|L31|belgium_2026_R|PIA|VER,,False,v4_t0_anchored_30s_horizon
belgium_2026_R_00702,belgium_2026_R,2026,Belgian Grand Prix,HUL,GAS,10,2026-07-19 14:03:50.092,2026-07-19 14:04:24.213,34.121,33.44,2026-07-19 14:04:20.092,30.0,30,115,11.099166666653218,0.22198333333306436,11.099166666653218,180.0,214.0,-34.0,-32.78571428571662,1.12,True,13.0,12.0,6861.788055555564,straight_15,,,HARD,10.0,2.0,0.918489230172644,7372.508530334294,60.355770026208944,208.06111111110476,True,1,False,UNCERTAIN,,34.441,True,0.0,206.1985576923193,-26.198557692319298,0.196028,True,0.196028,-33.99884680065469,12,True,3.0,straight,0.9705706435588353,7069.849166666669,19,953.4864263418576,2,belgium_2026_R|GAS|HUL,belgium_2026_R|L30|belgium_2026_R|GAS|HUL,belgium_2026_R_00700,True,v4_t0_anchored_30s_horizon
belgium_2026_R_00703,belgium_2026_R,2026,Belgian Grand Prix,ALB,BEA,87,2026-07-19 14:03:56.372,2026-07-19 14:03:59.892,3.52,3.52,2026-07-19 14:04:26.372,30.0,30,14,93.60249999999542,2.2169013157893653,81.4519444444395,152.0,88.0,64.0,145.31413043478238,1.8399999999999999,True,15.0,14.0,6626.136388888893,corner_T18,59.39582262938711,119.39582262938711,HARD,12.0,2.0,0.947776181066078,10140.11072246261,27707.024373740074,400.0,False,1,False,CLOSE_INTERACTION_NO_PASS,0.0,,False,0.0,183.64737365241027,-31.647373652410266,3.465756,True,3.465756,157.97993022219046,9,True,3.0,corner,0.9372387207537866,7069.849166666669,19,953.4864263418576,2,belgium_2026_R|ALB|BEA,belgium_2026_R|L30|belgium_2026_R|ALB|BEA,,True,v4_t0_anchored_30s_horizon
belgium_2026_R_00704,belgium_2026_R,2026,Belgian Grand Prix,LAW,COL,43,2026-07-19 14:04:08.252,2026-07-19 14:05:55.613,107.361,107.361,2026-07-19 14:04:38.252,30.0,31,401,98.79638888888871,1.1184496855345893,13.616944444447654,318.0,285.0,33.0,27.958333333334053,1.92,True,11.0,10.0,1090.4647222222222,brake_T3,36.505464588629366,185.42905046552437,HARD,16.0,2.0,0.9346131079937987,33399.78037888588,315.7808611317595,400.0,False,1,False,CLOSE_INTERACTION_NO_PASS,0.0,,False,0.0,298.5167676767677,19.4832323232323,1.235838,True,1.235838,23.671720133094865,12,True,3.0,brake,0.15424158231884325,7069.849166666669,19,953.4864263418576,2,belgium_2026_R|COL|LAW,belgium_2026_R|L31|belgium_2026_R|COL|LAW,,False,v4_t0_anchored_30s_horizon
belgium_2026_R_00705,belgium_2026_R,2026,Belgian Grand Prix,HUL,LAW,30,2026-07-19 14:04:24.533,2026-07-19 14:04:31.853,7.32,7.32,2026-07-19 14:04:54.533,30.0,31,27,45.471388888887304,0.9802215568861935,41.47361111110922,167.0,139.0,28.0,,,False,13.0,11.0,2363.7077777777786,corner_T5,45.672421251825654,102.08653369064223,HARD,11.0,2.0,0.9151231861014395,12443.953690545335,15935.88849181679,400.0,False,1,False,CLOSE_INTERACTION_NO_PASS,0.0,,False,0.0,161.02296178343866,5.97703821656134,1.124783,True,1.124783,88.52516676731777,10,True,3.0,corner,0.33433638003513905,7069.849166666669,19,953.4864263418576,2,belgium_2026_R|HUL|LAW,belgium_2026_R|L31|belgium_2026_R|HUL|LAW,,False,v4_t0_anchored_30s_horizon
belgium_2026_R_00706,belgium_2026_R,2026,Belgian Grand Prix,GAS,LAW,30,2026-07-19 14:04:32.133,2026-07-19 14:04:35.852,3.719,3.719,2026-07-19 14:05:02.133,30.0,31,16,71.04472222222194,1.1786221198156634,50.323055555553765,217.0,222.0,-5.0,,,False,12.0,11.0,2705.8647222222226,straight_05,275.6782444162054,335.6782444162054,HARD,17.0,2.0,0.9848940332229146,11959.218238518712,63223.563746766406,400.0,False,1,False,CLOSE_INTERACTION_NO_PASS,0.0,,False,0.0,203.77375201288262,13.226247987117375,1.170362,True,1.170362,-16.075990699149525,13,True,3.0,straight,0.38273301996031106,7069.849166666669,19,953.4864263418576,2,belgium_2026_R|GAS|LAW,belgium_2026_R|L31|belgium_2026_R|GAS|LAW,,False,v4_t0_anchored_30s_horizon
belgium_2026_R_00707,belgium_2026_R,2026,Belgian Grand Prix,ANT,LEC,16,2026-07-19 14:04:38.013,2026-07-19 14:06:09.573,91.56,91.56,2026-07-19 14:05:08.013,30.0,31,341,99.79416666666657,1.251773519163762,25.486111111111086,287.0,222.0,65.0,15.84529505582404,1.881,True,2.0,1.0,6527.513055555557,brake_T18,92.97156072103826,218.01915596272283,SOFT,16.0,2.0,0.488346037242351,9820.051221429843,74476.82392212335,400.0,False,1,False,CLOSE_INTERACTION_NO_PASS,0.0,,False,0.0,280.2301008303677,6.7698991696323105,1.345775,True,1.345775,8.226238679349413,11,True,3.0,brake,0.9232888710457715,7069.849166666669,19,953.4864263418576,2,belgium_2026_R|ANT|LEC,belgium_2026_R|L31|belgium_2026_R|ANT|LEC,,True,v4_t0_anchored_30s_horizon
belgium_2026_R_00708,belgium_2026_R,2026,Belgian Grand Prix,LIN,NOR,1,2026-07-19 14:04:40.092,2026-07-19 14:04:45.333,5.241,5.241,2026-07-19 14:05:10.092,30.0,31,19,98.79527777777639,1.2980401459853832,72.2508333333326,274.0,165.0,109.0,95.97117998912452,1.839,True,9.0,8.0,4323.326111111112,brake_T12,79.46629805621978,289.7593287742711,HARD,15.0,2.0,0.5416874090133601,9878.165445485416,63497.28323918528,400.0,False,1,False,PIT_RELATED,,,False,0.0,225.4187403993832,48.58125960061679,1.965281,True,1.965281,79.9628750210646,12,True,3.0,brake,0.611516032264872,7069.849166666669,19,953.4864263418576,2,belgium_2026_R|LIN|NOR,belgium_2026_R|L31|belgium_2026_R|LIN|NOR,,False,v4_t0_anchored_30s_horizon
belgium_2026_R_00709,belgium_2026_R,2026,Belgian Grand Prix,OCO,SAI,55,2026-07-19 14:04:44.973,2026-07-19 14:05:09.772,24.799,24.799,2026-07-19 14:05:14.973,30.0,31,97,99.07805555555478,1.1468842443729814,42.75138888888796,311.0,180.0,131.0,43.270600744285055,1.881,True,17.0,16.0,2243.4272222222226,brake_T5,105.95297680738167,222.36708924619825,HARD,15.0,3.0,0.10002086954195617,7495.400384395147,101497.66830306924,400.0,False,1,False,CLOSE_INTERACTION_NO_PASS,0.0,,False,0.0,308.0,3.0,1.409376,True,1.409376,24.802296451134897,11,True,3.0,brake,0.3173232086477406,7069.849166666669,19,953.4864263418576,2,belgium_2026_R|OCO|SAI,belgium_2026_R|L31|belgium_2026_R|OCO|SAI,,False,v4_t0_anchored_30s_horizon
belgium_2026_R_00710,belgium_2026_R,2026,Belgian Grand Prix,PIA,VER,3,2026-07-19 14:04:46.373,2026-07-19 14:04:53.333,6.96,6.96,2026-07-19 14:05:16.373,30.0,31,27,99.84111111110997,1.3263025830258153,47.36749999999756,271.0,105.0,166.0,115.16666666666708,1.92,True,4.0,3.0,6570.284722222223,brake_T18,50.199894054372635,175.2474892960572,HARD,11.0,2.0,0.8871406438609077,9875.610897488874,54188.269983630904,400.0,False,1,False,CLOSE_INTERACTION_NO_PASS,0.0,,False,0.0,272.82211895910746,-1.8221189591074562,2.072884,True,2.072884,82.97151679361805,12,True,3.0,brake,0.9293387408037188,7069.849166666669,19,953.4864263418576,2,belgium_2026_R|PIA|VER,belgium_2026_R|L31|belgium_2026_R|PIA|VER,,True,v4_t0_anchored_30s_horizon
belgium_2026_R_00711,belgium_2026_R,2026,Belgian Grand Prix,HUL,GAS,10,2026-07-19 14:04:46.573,2026-07-19 14:05:01.252,14.679,13.919,2026-07-19 14:05:16.573,30.0,31,54,11.094999999998436,0.18073303167418267,11.094999999998436,221.0,241.0,-20.0,-22.350000000000136,1.6,True,13.0,12.0,3392.5400000000022,straight_07,340.31320266674265,400.31320266674265,HARD,11.0,2.0,0.9439925626021045,23251.487185781534,4252.0217517786505,400.0,False,1,False,ON_TRACK_PASS,1.0,14.919,False,0.0,237.46124481327828,-16.461244813278284,0.176937,True,0.176937,-20.06894033821436,13,True,3.0,straight,0.47986030819375114,7069.849166666669,19,953.4864263418576,2,belgium_2026_R|GAS|HUL,belgium_2026_R|L31|belgium_2026_R|GAS|HUL,belgium_2026_R_00714,False,v4_t0_anchored_30s_horizon
belgium_2026_R_00712,belgium_2026_R,2026,Belgian Grand Prix,NOR,BOR,5,2026-07-19 14:05:00.852,2026-07-19 14:05:44.453,43.601,41.04,2026-07-19 14:05:30.852,30.0,31,146,99.02999999999884,1.1390031948881656,10.076666666666654,313.0,302.0,11.0,8.298649324665396,1.999,True,8.0,7.0,5810.964444444446,brake_T16,2.8975262601197755,62.897526260119776,MEDIUM,1.0,2.0,0.9261872421630185,32377.610103742954,162.40757567847064,400.0,False,1,True,PIT_RELATED,,72.281,True,3.0,313.0,0.0,1.172038,True,1.172038,7.291591183894248,12,True,3.0,brake,0.8219361272716135,7069.849166666669,19,953.4864263418576,2,belgium_2026_R|BOR|NOR,belgium_2026_R|L31|belgium_2026_R|BOR|NOR,,True,v4_t0_anchored_30s_horizon
belgium_2026_R_00713,belgium_2026_R,2026,Belgian Grand Prix,HUL,LAW,30,2026-07-19 14:05:01.492,2026-07-19 14:05:14.452,12.96,12.96,2026-07-19 14:05:31.492,30.0,31,52,57.79527777778185,1.1246648648649442,50.56333333333623,185.0,150.0,35.0,,,False,13.0,11.0,4437.22888888889,corner_T12,115.85655099649375,175.85655099649375,HARD,11.0,2.0,0.9348730697963498,12153.357338508566,22915.007774031605,400.0,False,1,False,CLOSE_INTERACTION_NO_PASS,0.0,,False,0.0,168.8408136906694,16.159186309330607,1.332926,True,1.332926,70.49342000248487,12,True,3.0,corner,0.6276270941973969,7069.849166666669,19,953.4864263418576,2,belgium_2026_R|HUL|LAW,belgium_2026_R|L31|belgium_2026_R|HUL|LAW,,False,v4_t0_anchored_30s_horizon
belgium_2026_R_00714,belgium_2026_R,2026,Belgian Grand Prix,GAS,HUL,27,2026-07-19 14:05:04.693,2026-07-19 14:05:14.452,9.759,8.12,2026-07-19 14:05:34.693,30.0,31,17,10.052499999996144,0.2220184049078903,10.052499999996144,163.0,173.0,-10.0,-1.4778761061963643,1.921,True,12.0,13.0,4574.404166666671,corner_T13,267.6357857522353,38.681273218712704,HARD,17.0,2.0,0.994954685472529,12519.255263871812,29870.55913655989,400.0,False,1,False,ON_TRACK_PASS,1.0,9.959,False,0.0,175.0740503715929,-12.074050371592904,0.193578,True,0.193578,-3.5459483068064834,12,True,3.0,corner,0.6470299519591358,7069.849166666669,19,953.4864263418576,2,belgium_2026_R|GAS|HUL,belgium_2026_R|L31|belgium_2026_R|GAS|HUL,belgium_2026_R_00711,False,v4_t0_anchored_30s_horizon
belgium_2026_R_00715,belgium_2026_R,2026,Belgian Grand Prix,LIN,NOR,1,2026-07-19 14:05:12.573,2026-07-19 14:05:19.333,6.76,6.76,2026-07-19 14:05:42.573,30.0,31,27,91.04722222222154,1.170607142857134,18.944722222219752,280.0,82.0,198.0,183.28571428571325,1.96,True,9.0,8.0,6535.7525,brake_T18,84.73211627659566,209.77971151828024,HARD,15.0,2.0,0.5034489091525218,9830.75412126789,70568.47930845489,400.0,False,1,False,PIT_RELATED,,,False,0.0,218.86899648100854,61.13100351899146,2.726712,True,2.726712,155.99193624611928,12,True,3.0,brake,0.9244543053075505,7069.849166666669,19,953.4864263418576,2,belgium_2026_R|LIN|NOR,belgium_2026_R|L31|belgium_2026_R|LIN|NOR,,True,v4_t0_anchored_30s_horizon
belgium_2026_R_00716,belgium_2026_R,2026,Belgian Grand Prix,HUL,GAS,10,2026-07-19 14:05:16.613,2026-07-19 14:05:33.613,17.0,16.32,2026-07-19 14:05:46.613,30.0,31,62,10.35000000000673,0.1433076923077855,10.35000000000673,260.0,277.0,-17.0,-17.305966343703812,1.9609999999999999,True,13.0,12.0,5233.945833333334,straight_12,579.9161373712313,639.9161373712313,HARD,11.0,2.0,0.9405202818827858,32009.444578652812,0.0,400.0,False,1,False,ON_TRACK_PASS,1.0,17.321,False,0.0,275.20049986114856,-15.200499861148558,0.144259,True,0.144259,-17.92403301990839,12,True,3.0,straight,0.7403193066707339,7069.849166666669,19,953.4864263418576,2,belgium_2026_R|GAS|HUL,belgium_2026_R|L31|belgium_2026_R|GAS|HUL,belgium_2026_R_00714,True,v4_t0_anchored_30s_horizon
belgium_2026_R_00717,belgium_2026_R,2026,Belgian Grand Prix,OCO,SAI,55,2026-07-19 14:05:21.772,2026-07-19 14:05:40.133,18.361,18.361,2026-07-19 14:05:51.772,30.0,31,71,96.50027777777268,1.3310383141761748,52.0355555555534,261.0,197.0,64.0,15.33566783392048,1.999,True,17.0,16.0,4315.683611111115,brake_T12,87.10879805621698,297.4018287742683,HARD,15.0,3.0,0.13458688804129498,9882.132161449817,66341.45311506513,400.0,False,1,False,CLOSE_INTERACTION_NO_PASS,0.0,,False,0.0,266.0,-5.0,1.473048,True,1.473048,3.135956643879902,12,True,3.0,brake,0.6104350332478022,7069.849166666669,19,953.4864263418576,2,belgium_2026_R|OCO|SAI,belgium_2026_R|L31|belgium_2026_R|OCO|SAI,,False,v4_t0_anchored_30s_horizon
belgium_2026_R_00718,belgium_2026_R,2026,Belgian Grand Prix,GAS,LAW,30,2026-07-19 14:05:28.652,2026-07-19 14:05:33.613,4.961,4.961,2026-07-19 14:05:58.652,30.0,31,20,99.7486111111084,1.28707885304656,52.83472222221917,279.0,272.0,7.0,6.717237629143245,1.839,True,12.0,11.0,6253.9297222222285,straight_14,366.55489405436674,491.6024892960513,HARD,17.0,2.0,0.9046272539354978,23092.755425414252,72866.45958799688,400.0,False,1,False,CLOSE_INTERACTION_NO_PASS,0.0,,False,0.0,275.5530097972201,3.4469902027798867,1.30065,True,1.30065,7.029366492591479,13,True,3.0,straight,0.8845916758321544,7069.849166666669,19,953.4864263418576,2,belgium_2026_R|GAS|LAW,belgium_2026_R|L31|belgium_2026_R|GAS|LAW,,True,v4_t0_anchored_30s_horizon
belgium_2026_R_00719,belgium_2026_R,2026,Belgian Grand Prix,HUL,LAW,30,2026-07-19 14:05:33.934,2026-07-19 14:05:40.972,7.038,7.038,2026-07-19 14:06:03.934,30.0,31,29,47.087500000003274,0.9212771739131076,27.290000000001783,184.0,96.0,88.0,,,False,13.0,11.0,6620.755000000001,corner_T18,64.77721151827882,124.77721151827882,HARD,11.0,2.0,0.8909288604244874,9950.353900832626,30248.475466941192,400.0,False,1,False,CLOSE_INTERACTION_NO_PASS,0.0,,False,0.0,177.8624802942745,6.137519705725509,1.43741,True,1.43741,99.54466587601308,11,True,3.0,corner,0.9364775462559961,7069.849166666669,19,953.4864263418576,2,belgium_2026_R|HUL|LAW,belgium_2026_R|L31|belgium_2026_R|HUL|LAW,,True,v4_t0_anchored_30s_horizon
belgium_2026_R_00720,belgium_2026_R,2026,Belgian Grand Prix,PIA,VER,3,2026-07-19 14:05:40.453,2026-07-19 14:05:44.453,4.0,4.0,2026-07-19 14:06:10.453,30.0,32,17,99.67416666666668,1.6459954128440368,80.40888888888958,218.0,130.0,88.0,79.14285714285727,1.96,True,4.0,3.0,2897.7650000000012,brake_T8,83.77796663842673,143.77796663842673,HARD,12.0,2.0,0.962712403604295,8906.859095514057,47692.4883163023,400.0,False,1,False,CLOSE_INTERACTION_NO_PASS,0.0,,False,0.0,241.57838842975215,-23.578388429752152,2.202161,True,2.202161,54.87129376290579,12,True,3.0,brake,0.4098764954792176,7069.849166666669,19,953.4864263418576,2,belgium_2026_R|PIA|VER,belgium_2026_R|L32|belgium_2026_R|PIA|VER,,False,v4_t0_anchored_30s_horizon
belgium_2026_R_00721,belgium_2026_R,2026,Belgian Grand Prix,BOR,NOR,1,2026-07-19 14:05:47.133,2026-07-19 14:06:40.693,53.56,53.56,2026-07-19 14:06:17.133,30.0,32,189,10.056111111111477,0.1160320512820555,10.056111111111477,312.0,320.0,-8.0,-12.27659574468028,1.88,True,8.0,7.0,1878.0811111111109,straight_03,471.29908791849334,587.7132003573099,HARD,12.0,2.0,0.31152315266494196,31206.065988933435,37520.837794188585,399.9999999999998,False,1,False,CLOSE_INTERACTION_NO_PASS,0.0,,False,1.0,320.93132812500005,-8.93132812500005,0.111759,True,0.111759,-14.163825992152676,12,True,3.0,straight,0.26564656003780046,7069.849166666669,19,953.4864263418576,2,belgium_2026_R|BOR|NOR,belgium_2026_R|L32|belgium_2026_R|BOR|NOR,,False,v4_t0_anchored_30s_horizon
belgium_2026_R_00722,belgium_2026_R,2026,Belgian Grand Prix,LAW,COL,43,2026-07-19 14:05:57.893,2026-07-19 14:07:34.573,96.68,96.68,2026-07-19 14:06:27.893,30.0,32,372,99.32583333333366,1.103620370370374,11.816111111118516,324.0,314.0,10.0,2.1095744680851474,1.88,True,11.0,10.0,915.6916666666667,brake_T2,98.29284745290022,360.2021060210799,HARD,17.0,2.0,0.9457777143724181,32932.299448978825,124.29818064560709,399.9999999999999,False,1,False,CLOSE_INTERACTION_NO_PASS,0.0,,False,0.0,314.60994424641257,9.390055753587433,1.141609,True,1.141609,-0.7079817193474635,9,True,3.0,brake,0.12952067930727892,7069.849166666669,19,953.4864263418576,2,belgium_2026_R|COL|LAW,belgium_2026_R|L32|belgium_2026_R|COL|LAW,,False,v4_t0_anchored_30s_horizon
belgium_2026_R_00723,belgium_2026_R,2026,Belgian Grand Prix,HUL,GAS,10,2026-07-19 14:06:14.093,2026-07-19 14:07:28.614,74.521,71.44,2026-07-19 14:06:44.093,30.0,32,262,98.92777777777974,1.1164263322884234,10.259166666669444,319.0,247.0,72.0,13.510638297870795,1.88,True,13.0,12.0,2179.4805555555545,straight_03,169.89964347404975,286.3137559128663,HARD,12.0,2.0,0.8410059125667066,10345.537373087065,112240.06458001507,400.0,False,1,False,CLOSE_INTERACTION_NO_PASS,0.0,73.321,True,0.0,326.5807692307694,-7.58076923076942,1.212923,True,1.212923,0.36564701685384193,13,True,3.0,straight,0.30827822548626566,7069.849166666669,19,953.4864263418576,2,belgium_2026_R|GAS|HUL,belgium_2026_R|L32|belgium_2026_R|GAS|HUL,,False,v4_t0_anchored_30s_horizon
belgium_2026_R_00724,belgium_2026_R,2026,Belgian Grand Prix,ANT,LEC,16,2026-07-19 14:06:27.453,2026-07-19 14:08:56.454,149.001,147.161,2026-07-19 14:06:57.453,30.0,32,549,99.6280555555577,1.2540594405594676,10.097499999999172,286.0,272.0,14.0,5.041666666668334,1.92,True,2.0,1.0,6466.962777777771,straight_14,153.52183849882385,278.56943374050843,SOFT,17.0,2.0,0.5152188725743784,11179.11626268337,87302.2603439372,400.0,False,1,False,CLOSE_INTERACTION_NO_PASS,0.0,,False,0.0,279.0,7.0,1.296168,True,1.296168,2.6910434492908832,13,True,3.0,straight,0.9147242926014008,7069.849166666669,19,953.4864263418576,2,belgium_2026_R|ANT|LEC,belgium_2026_R|L32|belgium_2026_R|ANT|LEC,,True,v4_t0_anchored_30s_horizon
belgium_2026_R_00725,belgium_2026_R,2026,Belgian Grand Prix,OCO,SAI,55,2026-07-19 14:06:32.733,2026-07-19 14:08:10.813,98.08,98.08,2026-07-19 14:07:02.733,30.0,32,371,99.58361111111094,1.0929908536585347,15.191388888893925,328.0,313.0,15.0,15.479999999999837,2.0,True,17.0,16.0,1865.0205555555558,straight_03,484.3596434740484,600.773755912865,HARD,16.0,3.0,0.11303901845649947,32110.800387476775,27595.227044265626,400.0,False,1,False,CLOSE_INTERACTION_NO_PASS,0.0,,False,0.0,314.0,14.0,1.143958,True,1.143958,14.934202504351948,13,True,3.0,straight,0.2637992001793846,7069.849166666669,19,953.4864263418576,2,belgium_2026_R|OCO|SAI,belgium_2026_R|L32|belgium_2026_R|OCO|SAI,,False,v4_t0_anchored_30s_horizon
belgium_2026_R_00726,belgium_2026_R,2026,Belgian Grand Prix,PIA,VER,3,2026-07-19 14:06:36.853,2026-07-19 14:06:43.373,6.52,6.52,2026-07-19 14:07:06.853,30.0,32,22,96.42944444443856,1.3351769230768418,59.05055555555191,260.0,104.0,156.0,124.05717202654428,1.959,True,4.0,3.0,6566.487222222228,brake_T18,53.99739405436685,179.04498929605143,HARD,12.0,2.0,0.9066463978770571,9870.67800882035,55989.597581682014,400.0,False,1,False,CLOSE_INTERACTION_NO_PASS,0.0,,False,0.0,271.01301761867137,-11.01301761867137,2.126936,True,2.126936,87.47875061629907,11,True,3.0,brake,0.9288016006313515,7069.849166666669,19,953.4864263418576,2,belgium_2026_R|PIA|VER,belgium_2026_R|L32|belgium_2026_R|PIA|VER,,True,v4_t0_anchored_30s_horizon
belgium_2026_R_00727,belgium_2026_R,2026,Belgian Grand Prix,HAM,PIA,81,2026-07-19 14:06:41.892,2026-07-19 14:06:44.973,3.081,3.081,2026-07-19 14:07:11.892,30.0,32,9,88.71666666666533,1.6898412698412444,69.55916666666599,189.0,70.0,119.0,176.00924415443143,1.839,True,5.0,4.0,6628.14194444445,corner_T18,57.39026707382982,117.39026707382982,HARD,12.0,2.0,0.4974016355140925,10210.829983917676,26759.867150134112,400.0,False,1,False,CLOSE_INTERACTION_NO_PASS,0.0,,False,0.0,136.0899301825974,52.91006981740259,3.796616,True,3.796616,191.52317660240024,9,True,3.0,corner,0.9375223980301015,7069.849166666669,19,953.4864263418576,2,belgium_2026_R|HAM|PIA,belgium_2026_R|L32|belgium_2026_R|HAM|PIA,,True,v4_t0_anchored_30s_horizon
belgium_2026_R_00728,belgium_2026_R,2026,Belgian Grand Prix,BOR,NOR,1,2026-07-19 14:07:01.014,2026-07-19 14:07:08.654,7.64,7.64,2026-07-19 14:07:31.014,30.0,32,32,96.68416666666508,1.3438725868725647,35.28111111110957,259.0,119.0,140.0,92.86868686869039,1.881,True,8.0,7.0,6567.378055555559,brake_T18,53.10656072103666,178.15415596272123,HARD,12.0,2.0,0.30861869310454865,9871.835186346496,55567.03466697655,400.0,False,1,False,CLOSE_INTERACTION_NO_PASS,0.0,,False,1.0,274.47770072992677,-15.477700729926767,1.912846,True,1.912846,62.16309487284656,14,True,3.0,brake,0.9289276052054704,7069.849166666669,19,953.4864263418576,2,belgium_2026_R|BOR|NOR,belgium_2026_R|L32|belgium_2026_R|BOR|NOR,,True,v4_t0_anchored_30s_horizon
belgium_2026_R_00729,belgium_2026_R,2026,Belgian Grand Prix,LIN,BOR,5,2026-07-19 14:07:05.613,2026-07-19 14:07:08.654,3.041,3.041,2026-07-19 14:07:35.613,30.0,32,14,99.48500000000513,2.633426470588371,91.12916666667024,136.0,89.0,47.0,112.57727272726862,1.76,True,9.0,8.0,6635.085277777777,corner_T18,50.44693374050257,110.44693374050257,HARD,16.0,2.0,0.554774477848015,10455.663593242842,23480.761615340005,400.0,False,1,False,CLOSE_INTERACTION_NO_PASS,0.0,,False,0.0,188.94311441131376,-52.94311441131376,3.520575,True,3.520575,146.26615887833373,12,True,3.0,corner,0.9385045029052754,7069.849166666669,19,953.4864263418576,2,belgium_2026_R|BOR|LIN,belgium_2026_R|L32|belgium_2026_R|BOR|LIN,,True,v4_t0_anchored_30s_horizon
belgium_2026_R_00730,belgium_2026_R,2026,Belgian Grand Prix,PIA,VER,3,2026-07-19 14:07:18.573,2026-07-19 14:07:25.533,6.96,6.96,2026-07-19 14:07:48.573,30.0,33,29,95.83333333333303,1.1311475409836032,71.39499999999953,305.0,164.0,141.0,95.75000000000074,1.92,True,4.0,3.0,2277.6269444444447,brake_T5,71.75325458515954,188.1673670239761,HARD,13.0,2.0,0.8836020520021611,8769.85864061124,75476.42528622253,400.0,False,1,False,CLOSE_INTERACTION_NO_PASS,0.0,,False,0.0,296.5420357142858,8.457964285714183,1.670382,True,1.670382,58.74982374261535,14,True,3.0,brake,0.3221606134375725,7069.849166666669,19,953.4864263418576,2,belgium_2026_R|PIA|VER,belgium_2026_R|L33|belgium_2026_R|PIA|VER,,False,v4_t0_anchored_30s_horizon
belgium_2026_R_00731,belgium_2026_R,2026,Belgian Grand Prix,HUL,LAW,30,2026-07-19 14:07:27.414,2026-07-19 14:07:30.453,3.039,3.039,2026-07-19 14:07:57.414,30.0,32,12,33.90027777778505,1.386829545454843,32.32333333334009,88.0,81.0,7.0,,,False,13.0,11.0,6679.231944444438,corner_T18,6.300267073841496,66.3002670738415,HARD,12.0,2.0,0.9287051768737608,11679.876742481476,2629.036578015215,390.61722222223034,True,1,False,CLOSE_INTERACTION_NO_PASS,0.0,,False,0.0,91.41858237548435,-3.4185823754843483,1.506114,True,1.506114,57.54114327599523,12,True,3.0,corner,0.9447488605465679,7069.849166666669,19,953.4864263418576,2,belgium_2026_R|HUL|LAW,belgium_2026_R|L32|belgium_2026_R|HUL|LAW,,True,v4_t0_anchored_30s_horizon
belgium_2026_R_00732,belgium_2026_R,2026,Belgian Grand Prix,GAS,LAW,30,2026-07-19 14:07:30.693,2026-07-19 14:08:05.053,34.36,32.4,2026-07-19 14:08:00.693,30.0,32,101,39.88861111111146,1.6505632183908192,10.369166666666729,87.0,112.0,-25.0,,,False,12.0,11.0,6750.5041666666675,straight_15,,,HARD,18.0,2.0,0.9697046973703984,11315.779888161689,92.63775088044815,319.34500000000116,True,1,False,CLOSE_INTERACTION_NO_PASS,0.0,42.76,True,0.0,74.81562499999977,12.18437500000023,1.5347499999999998,True,1.5347499999999998,-4.901608702307893,13,True,3.0,straight,0.9548300122857405,7069.849166666669,19,953.4864263418576,2,belgium_2026_R|GAS|LAW,belgium_2026_R|L32|belgium_2026_R|GAS|LAW,,True,v4_t0_anchored_30s_horizon
belgium_2026_R_00733,belgium_2026_R,2026,Belgian Grand Prix,HUL,GAS,10,2026-07-19 14:07:31.933,2026-07-19 14:08:05.053,33.12,33.12,2026-07-19 14:08:01.933,30.0,32,123,10.112500000005639,0.33095454545473,10.112500000005639,110.0,140.0,-30.0,-28.483870967739353,1.24,True,13.0,12.0,6781.730555555551,straight_15,,,HARD,12.0,2.0,0.9273586972160585,10209.293350502589,83.57938943816974,288.1186111111174,True,1,False,CLOSE_INTERACTION_NO_PASS,0.0,,False,0.0,130.11297709923062,-20.11297709923062,0.262175,True,0.262175,-13.35897033433794,12,True,3.0,straight,0.9592468517617666,7069.849166666669,19,953.4864263418576,2,belgium_2026_R|GAS|HUL,belgium_2026_R|L32|belgium_2026_R|GAS|HUL,,True,v4_t0_anchored_30s_horizon
belgium_2026_R_00734,belgium_2026_R,2026,Belgian Grand Prix,LAW,COL,43,2026-07-19 14:07:36.653,2026-07-19 14:07:43.813,7.16,7.16,2026-07-19 14:08:06.653,30.0,33,27,97.34944444444446,1.4018320000000002,32.8716666666665,250.0,191.0,59.0,8.276388041488698,1.639,True,12.0,10.0,198.40972222222223,straight_01,137.81158860498232,197.81158860498232,HARD,18.0,2.0,0.9034134709489184,15015.928582180186,75160.06040602166,399.99999999999994,False,1,False,CLOSE_INTERACTION_NO_PASS,0.0,,False,1.0,268.0,-18.0,1.477041,True,1.477041,-4.1701922607361315,11,True,3.0,straight,0.028064208662003116,7069.849166666669,19,953.4864263418576,2,belgium_2026_R|COL|LAW,belgium_2026_R|L33|belgium_2026_R|COL|LAW,,False,v4_t0_anchored_30s_horizon
belgium_2026_R_00735,belgium_2026_R,2026,Belgian Grand Prix,PIA,VER,3,2026-07-19 14:07:54.733,2026-07-19 14:07:59.013,4.28,4.28,2026-07-19 14:08:24.733,30.0,33,18,97.84777777778072,1.360046332046373,86.4463888888904,259.0,164.0,95.0,73.89540816326078,1.96,True,4.0,3.0,4376.726388888888,brake_T12,26.06602027844383,236.35905099649517,HARD,13.0,2.0,0.9399131765328432,10328.569359165649,46611.30550810532,400.0,False,1,False,CLOSE_INTERACTION_NO_PASS,0.0,,False,0.0,248.95212500000082,10.04787499999918,1.8452579999999998,True,1.8452579999999998,52.93639043532302,12,True,3.0,brake,0.6190692737158424,7069.849166666669,19,953.4864263418576,2,belgium_2026_R|PIA|VER,belgium_2026_R|L33|belgium_2026_R|PIA|VER,,False,v4_t0_anchored_30s_horizon
belgium_2026_R_00736,belgium_2026_R,2026,Belgian Grand Prix,GAS,COL,43,2026-07-19 14:08:05.293,2026-07-19 14:08:27.453,22.16,22.16,2026-07-19 14:08:35.293,30.0,33,81,83.8413888888881,0.9258558282208502,37.97222222222081,326.0,194.0,132.0,,,False,11.0,10.0,2249.7491666666665,brake_T5,99.63103236293773,216.0451448017543,HARD,19.0,2.0,0.8797119806633583,7653.756559816442,96687.11166365804,400.0,False,1,False,CLOSE_INTERACTION_NO_PASS,0.0,,False,-1.0,305.0,21.0,1.21494,True,1.21494,41.56719766033264,14,True,3.0,brake,0.31821742071583553,7069.849166666669,19,953.4864263418576,2,belgium_2026_R|COL|GAS,belgium_2026_R|L33|belgium_2026_R|COL|GAS,,False,v4_t0_anchored_30s_horizon
belgium_2026_R_00737,belgium_2026_R,2026,Belgian Grand Prix,HUL,LAW,30,2026-07-19 14:08:05.293,2026-07-19 14:09:41.334,96.041,96.041,2026-07-19 14:08:35.293,30.0,33,350,84.80972222222226,0.9541093750000005,11.036388888889178,320.0,309.0,11.0,,,False,13.0,12.0,2164.016111111111,straight_03,185.36408791849317,301.77820035730974,HARD,13.0,2.0,0.8438319899482274,11252.76035129329,112256.24699205159,400.0,False,1,False,CLOSE_INTERACTION_NO_PASS,0.0,,False,0.0,310.0,10.0,0.983925,True,0.983925,9.791996850009943,14,True,3.0,straight,0.30609084580108703,7069.849166666669,19,953.4864263418576,2,belgium_2026_R|HUL|LAW,belgium_2026_R|L33|belgium_2026_R|HUL|LAW,,False,v4_t0_anchored_30s_horizon
belgium_2026_R_00738,belgium_2026_R,2026,Belgian Grand Prix,LAW,GAS,10,2026-07-19 14:08:08.814,2026-07-19 14:11:09.654,180.84,179.24,2026-07-19 14:08:38.814,30.0,33,656,10.484444444445671,0.32259829059832834,10.194444444443434,117.0,125.0,-8.0,-11.187398153180043,1.841,True,12.0,11.0,2425.450277777777,corner_T6,161.06420970874206,40.344033690643755,HARD,18.0,2.0,0.9418856047289395,15704.471260614053,154.4030529713154,400.0,False,1,False,CLOSE_INTERACTION_NO_PASS,0.0,,False,1.0,125.8884000000001,-8.888400000000104,0.319824,True,0.319824,-10.87385249711124,12,True,3.0,corner,0.3430695932260379,7069.849166666669,19,953.4864263418576,2,belgium_2026_R|GAS|LAW,belgium_2026_R|L33|belgium_2026_R|GAS|LAW,,False,v4_t0_anchored_30s_horizon
belgium_2026_R_00739,belgium_2026_R,2026,Belgian Grand Prix,PIA,VER,3,2026-07-19 14:08:26.893,2026-07-19 14:08:34.094,7.201,7.201,2026-07-19 14:08:56.893,30.0,33,29,86.76277777778614,1.1316884057972105,43.92555555556646,276.0,110.0,166.0,127.21428571428595,1.6800000000000002,True,4.0,3.0,6573.843611111106,brake_T18,46.64100516548933,171.6886004071739,HARD,13.0,2.0,0.8881468996152436,9880.233834334835,52500.126527685476,400.0,False,1,False,CLOSE_INTERACTION_NO_PASS,0.0,,False,0.0,266.1079380341912,9.892061965808807,1.879896,True,1.879896,70.5998164640971,11,True,3.0,brake,0.9298421304524914,7069.849166666669,19,953.4864263418576,2,belgium_2026_R|PIA|VER,belgium_2026_R|L33|belgium_2026_R|PIA|VER,,True,v4_t0_anchored_30s_horizon
belgium_2026_R_00740,belgium_2026_R,2026,Belgian Grand Prix,OCO,SAI,55,2026-07-19 14:08:27.214,2026-07-19 14:08:55.414,28.2,28.2,2026-07-19 14:08:57.214,30.0,33,109,99.83694444444382,1.123165624999993,32.83722222222377,320.0,313.0,7.0,8.95121951219595,1.681,True,17.0,16.0,2070.6049999999996,straight_03,278.77519902960466,395.18931146842124,HARD,17.0,3.0,0.015889852694830387,16732.73130816945,112353.99489979047,400.0,False,1,False,CLOSE_INTERACTION_NO_PASS,0.0,,False,0.0,313.0,7.0,1.1468530000000001,True,1.1468530000000001,10.089866238733308,11,True,3.0,straight,0.2928782426876385,7069.849166666669,19,953.4864263418576,2,belgium_2026_R|OCO|SAI,belgium_2026_R|L33|belgium_2026_R|OCO|SAI,,False,v4_t0_anchored_30s_horizon
belgium_2026_R_00741,belgium_2026_R,2026,Belgian Grand Prix,HAM,PIA,81,2026-07-19 14:08:30.933,2026-07-19 14:08:35.294,4.361,4.361,2026-07-19 14:09:00.933,30.0,33,18,98.91666666665878,1.477593360995733,64.05833333332794,241.0,85.0,156.0,197.59477487493294,1.799,True,5.0,4.0,6610.057222222222,brake_T18,10.427394054373508,135.47498929605808,HARD,13.0,2.0,0.45322694264107655,9927.274706460339,35322.357700919776,400.0,False,1,False,CLOSE_INTERACTION_NO_PASS,0.0,,False,0.0,213.35319307756023,27.646806922439765,3.48291,True,3.48291,194.14766578946933,12,True,3.0,brake,0.9349643912330831,7069.849166666669,19,953.4864263418576,2,belgium_2026_R|HAM|PIA,belgium_2026_R|L33|belgium_2026_R|HAM|PIA,,True,v4_t0_anchored_30s_horizon
belgium_2026_R_00742,belgium_2026_R,2026,Belgian Grand Prix,GAS,COL,43,2026-07-19 14:08:41.894,2026-07-19 14:08:54.214,12.32,12.32,2026-07-19 14:09:11.894,30.0,33,48,97.4327777777753,1.3137003745318017,64.23083333333125,267.0,193.0,74.0,26.833785985876958,1.841,True,11.0,10.0,4322.96,brake_T12,79.83240916733212,290.12543988538346,HARD,19.0,2.0,0.9346319553816921,9875.077486318369,63613.05312515985,400.0,False,1,False,CLOSE_INTERACTION_NO_PASS,0.0,,False,-1.0,266.0,1.0,1.4812210000000001,True,1.4812210000000001,14.979787955851714,10,True,3.0,brake,0.6114642474102758,7069.849166666669,19,953.4864263418576,2,belgium_2026_R|COL|GAS,belgium_2026_R|L33|belgium_2026_R|COL|GAS,,False,v4_t0_anchored_30s_horizon
belgium_2026_R_00743,belgium_2026_R,2026,Belgian Grand Prix,BOR,NOR,1,2026-07-19 14:08:52.853,2026-07-19 14:08:56.774,3.921,3.921,2026-07-19 14:09:22.853,30.0,33,15,97.5144444444395,1.720843137254815,71.31277777777359,204.0,86.0,118.0,171.76887755101959,1.96,True,8.0,7.0,6622.607777777781,corner_T18,62.9244337404989,122.9244337404989,HARD,13.0,2.0,0.27982439991605784,10015.685960930328,29373.47010939914,400.0,False,1,False,CLOSE_INTERACTION_NO_PASS,0.0,,False,0.0,195.28481578946224,8.715184210537757,3.489331,True,3.489331,177.7095497712189,12,True,3.0,corner,0.9367396137674949,7069.849166666669,19,953.4864263418576,2,belgium_2026_R|BOR|NOR,belgium_2026_R|L33|belgium_2026_R|BOR|NOR,,True,v4_t0_anchored_30s_horizon
belgium_2026_R_00744,belgium_2026_R,2026,Belgian Grand Prix,LIN,BOR,5,2026-07-19 14:08:56.454,2026-07-19 14:08:59.573,3.119,3.119,2026-07-19 14:09:26.454,30.0,33,13,97.98777777777923,2.3674899328859413,87.30694444444543,149.0,88.0,61.0,140.06521739130363,1.8399999999999999,True,9.0,8.0,6631.889166666667,corner_T18,53.64304485161301,113.64304485161301,HARD,17.0,2.0,0.5197375076198254,10342.963340846569,24990.17865340074,400.0,False,1,False,CLOSE_INTERACTION_NO_PASS,0.0,,False,0.0,197.18102040816535,-48.18102040816535,3.430525,True,3.430525,161.90666978142423,11,True,3.0,corner,0.9380524266253203,7069.849166666669,19,953.4864263418576,2,belgium_2026_R|BOR|LIN,belgium_2026_R|L33|belgium_2026_R|BOR|LIN,,True,v4_t0_anchored_30s_horizon
belgium_2026_R_00745,belgium_2026_R,2026,Belgian Grand Prix,OCO,SAI,55,2026-07-19 14:08:57.533,2026-07-19 14:09:01.854,4.321,4.321,2026-07-19 14:09:27.533,30.0,33,17,98.39527777777903,1.3468555133080018,93.8033333333342,263.0,242.0,21.0,3.887438825451866,1.839,True,17.0,16.0,3710.6280555555545,brake_T10,22.22514711119038,82.22514711119038,HARD,17.0,3.0,0.10188998560432526,24179.110664972475,2596.2227421521,400.00000000000045,False,1,False,CLOSE_INTERACTION_NO_PASS,0.0,,False,0.0,267.8991364960467,-4.899136496046708,1.402689,True,1.402689,-3.2544351720519833,12,True,3.0,brake,0.5248525064792948,7069.849166666669,19,953.4864263418576,2,belgium_2026_R|OCO|SAI,belgium_2026_R|L33|belgium_2026_R|OCO|SAI,,False,v4_t0_anchored_30s_horizon
belgium_2026_R_00746,belgium_2026_R,2026,Belgian Grand Prix,LEC,ANT,12,2026-07-19 14:08:59.573,2026-07-19 14:16:02.895,423.322,423.322,2026-07-19 14:09:29.573,30.0,34,1572,12.59861111111195,0.16492727272728372,10.019722222228665,275.0,316.0,-41.0,-16.356111111111204,1.8,True,2.0,1.0,2268.406388888888,brake_T5,80.97381014071607,197.38792257953264,HARD,14.0,2.0,0.018493590130335448,8400.708655857296,82491.8450113387,400.0,False,1,False,CLOSE_INTERACTION_NO_PASS,0.0,,False,1.0,318.4160864978903,-43.41608649789032,0.144965,True,0.144965,-13.854653910878278,12,True,3.0,brake,0.3208564051951916,7069.849166666669,19,953.4864263418576,2,belgium_2026_R|ANT|LEC,belgium_2026_R|L34|belgium_2026_R|ANT|LEC,,False,v4_t0_anchored_30s_horizon
belgium_2026_R_00747,belgium_2026_R,2026,Belgian Grand Prix,PIA,VER,3,2026-07-19 14:09:08.654,2026-07-19 14:09:16.374,7.72,7.72,2026-07-19 14:09:38.654,30.0,34,31,97.03222222222394,1.134142857142877,67.48805555555828,308.0,167.0,141.0,89.23489583333321,1.92,True,4.0,3.0,2273.4613888888885,brake_T5,75.91881014071578,192.33292257953235,HARD,14.0,2.0,0.880080514674356,8603.088345637134,78645.77017378798,400.0,False,1,False,CLOSE_INTERACTION_NO_PASS,0.0,,False,0.0,302.10795338376715,5.892046616232847,1.649308,True,1.649308,62.40970380656375,11,True,3.0,brake,0.32157141337723794,7069.849166666669,19,953.4864263418576,2,belgium_2026_R|PIA|VER,belgium_2026_R|L34|belgium_2026_R|PIA|VER,,False,v4_t0_anchored_30s_horizon
belgium_2026_R_00748,belgium_2026_R,2026,Belgian Grand Prix,GAS,COL,43,2026-07-19 14:09:15.374,2026-07-19 14:09:24.013,8.639,8.639,2026-07-19 14:09:45.374,30.0,33,36,97.10694444444016,1.3241856060605477,27.18416666666235,264.0,116.0,148.0,104.17073170732048,1.6400000000000001,True,11.0,10.0,6555.331944444445,brake_T18,65.15267183215019,190.20026707383477,HARD,19.0,2.0,0.8868480113729307,9856.187490493994,61281.055047140355,400.0,False,1,False,CLOSE_INTERACTION_NO_PASS,0.0,,False,-1.0,272.17903742516273,-8.179037425162733,1.899599,True,1.899599,55.252181516862265,11,True,3.0,brake,0.9272237341854337,7069.849166666669,19,953.4864263418576,2,belgium_2026_R|COL|GAS,belgium_2026_R|L33|belgium_2026_R|COL|GAS,,True,v4_t0_anchored_30s_horizon
belgium_2026_R_00749,belgium_2026_R,2026,Belgian Grand Prix,OCO,SAI,55,2026-07-19 14:09:30.254,2026-07-19 14:10:01.094,30.84,30.84,2026-07-19 14:10:00.254,30.0,33,114,97.16749999999956,1.079638888888884,10.076111111114187,324.0,292.0,32.0,27.300000000001774,1.6,True,17.0,16.0,5826.823055555556,corner_T16,255.1677442598375,47.03891514900988,HARD,17.0,3.0,0.08061896457940189,32237.514978709652,169.19069623036427,400.0,False,1,False,CLOSE_INTERACTION_NO_PASS,0.0,,False,0.0,303.23081683168317,20.76918316831683,1.178465,True,1.178465,22.953264443397973,9,True,3.0,corner,0.8241792601500179,7069.849166666669,19,953.4864263418576,2,belgium_2026_R|OCO|SAI,belgium_2026_R|L33|belgium_2026_R|OCO|SAI,,True,v4_t0_anchored_30s_horizon
belgium_2026_R_00750,belgium_2026_R,2026,Belgian Grand Prix,PIA,VER,3,2026-07-19 14:09:45.333,2026-07-19 14:09:49.134,3.801,3.801,2026-07-19 14:10:15.333,30.0,34,17,97.41250000000127,1.579662162162183,88.2294444444442,222.0,160.0,62.0,82.31612559872511,1.879,True,4.0,3.0,4391.333611111112,brake_T12,11.458798056220076,221.75182877427142,HARD,14.0,2.0,0.9488362188914451,10451.773775522159,41992.28030033645,400.0,False,1,False,CLOSE_INTERACTION_NO_PASS,0.0,,False,0.0,236.38177339901628,-14.381773399016282,1.940344,True,1.940344,63.95725786708511,12,True,3.0,brake,0.6211354029751617,7069.849166666669,19,953.4864263418576,2,belgium_2026_R|PIA|VER,belgium_2026_R|L34|belgium_2026_R|PIA|VER,,False,v4_t0_anchored_30s_horizon
belgium_2026_R_00751,belgium_2026_R,2026,Belgian Grand Prix,GAS,COL,43,2026-07-19 14:09:57.054,2026-07-19 14:10:19.574,22.52,22.52,2026-07-19 14:10:27.054,30.0,34,82,99.78305555555607,1.1476645367412202,41.93583333333527,313.0,203.0,110.0,40.871500000000246,2.0,True,11.0,10.0,2218.5813888888883,straight_03,130.7988101407159,247.21292257953246,HARD,20.0,2.0,0.8748373182511678,8011.245799698258,112199.04379117436,400.0,False,1,False,CLOSE_INTERACTION_NO_PASS,0.0,,False,0.0,305.636112412178,7.363887587821978,1.378111,True,1.378111,25.919469318160484,13,True,3.0,straight,0.31380887153140175,7069.849166666669,19,953.4864263418576,2,belgium_2026_R|COL|GAS,belgium_2026_R|L34|belgium_2026_R|COL|GAS,,False,v4_t0_anchored_30s_horizon
belgium_2026_R_00752,belgium_2026_R,2026,Belgian Grand Prix,HUL,LAW,30,2026-07-19 14:09:59.253,2026-07-19 14:11:09.654,70.401,69.681,2026-07-19 14:10:29.253,30.0,34,261,91.288611111112,1.0432984126984228,11.448055555556493,315.0,163.0,152.0,85.72336168084009,1.999,True,13.0,12.0,2261.7647222222226,brake_T5,87.61547680738158,204.02958924619816,HARD,14.0,2.0,0.803023980080125,8134.805898266635,87545.12830432781,400.0,False,1,False,CLOSE_INTERACTION_NO_PASS,0.0,70.762,True,0.0,290.0096140160197,24.990385983980275,1.557812,True,1.557812,56.109740287602946,12,True,3.0,brake,0.3199169697829087,7069.849166666669,19,953.4864263418576,2,belgium_2026_R|HUL|LAW,belgium_2026_R|L34|belgium_2026_R|HUL|LAW,,False,v4_t0_anchored_30s_horizon
belgium_2026_R_00753,belgium_2026_R,2026,Belgian Grand Prix,PIA,VER,3,2026-07-19 14:10:17.334,2026-07-19 14:10:24.854,7.52,7.52,2026-07-19 14:10:47.334,30.0,34,30,99.86249999999927,1.2703356890459272,44.954166666665515,283.0,109.0,174.0,125.76768292682905,1.6400000000000001,True,4.0,3.0,6556.305833333331,brake_T18,64.1787829432642,189.22637818494877,HARD,14.0,2.0,0.8885666619046032,9857.45255579074,60819.09509111972,400.0,False,1,False,CLOSE_INTERACTION_NO_PASS,0.0,,False,0.0,272.49486692015176,10.505133079848235,2.019794,True,2.019794,74.20287428316747,11,True,3.0,brake,0.9273614866135163,7069.849166666669,19,953.4864263418576,2,belgium_2026_R|PIA|VER,belgium_2026_R|L34|belgium_2026_R|PIA|VER,,True,v4_t0_anchored_30s_horizon
belgium_2026_R_00754,belgium_2026_R,2026,Belgian Grand Prix,HAM,PIA,81,2026-07-19 14:10:20.854,2026-07-19 14:10:26.774,5.92,5.92,2026-07-19 14:10:50.854,30.0,34,25,83.35972222222244,1.3278539823008886,48.09305555555784,226.0,74.0,152.0,179.64114832535398,1.881,True,5.0,4.0,6610.122222222221,brake_T18,10.362394054373908,135.40998929605848,HARD,14.0,2.0,0.4358357113680751,9927.359140367766,35291.52523380383,400.0,False,1,False,CLOSE_INTERACTION_NO_PASS,0.0,,False,0.0,199.37103676327106,26.628963236728936,2.715159,True,2.715159,166.9244303359412,11,True,3.0,brake,0.9349735852057504,7069.849166666669,19,953.4864263418576,2,belgium_2026_R|HAM|PIA,belgium_2026_R|L34|belgium_2026_R|HAM|PIA,,True,v4_t0_anchored_30s_horizon
belgium_2026_R_00755,belgium_2026_R,2026,Belgian Grand Prix,OCO,SAI,55,2026-07-19 14:10:21.694,2026-07-19 14:10:46.054,24.36,24.36,2026-07-19 14:10:51.694,30.0,34,93,97.96361111111173,1.130349358974366,38.158055555555165,312.0,191.0,121.0,49.76595744680883,1.88,True,17.0,16.0,2244.6299999999997,brake_T5,104.75019902960457,221.16431146842115,HARD,18.0,3.0,0.017258909307521584,7506.641718528422,100582.33254211205,400.0,False,1,False,CLOSE_INTERACTION_NO_PASS,0.0,,False,0.0,306.5909046052633,5.40909539473671,1.412726,True,1.412726,26.63162765387087,12,True,3.0,brake,0.3174933364325664,7069.849166666669,19,953.4864263418576,2,belgium_2026_R|OCO|SAI,belgium_2026_R|L34|belgium_2026_R|OCO|SAI,,False,v4_t0_anchored_30s_horizon
belgium_2026_R_00756,belgium_2026_R,2026,Belgian Grand Prix,GAS,COL,43,2026-07-19 14:10:33.814,2026-07-19 14:10:40.694,6.88,6.88,2026-07-19 14:11:03.814,30.0,34,25,99.59555555555835,1.332877323420112,71.37333333333572,269.0,178.0,91.0,49.20000000000073,1.8,True,11.0,10.0,4326.896666666665,brake_T12,75.89574250066744,286.1887732187188,HARD,20.0,2.0,0.9220139038327708,9908.281247559067,62368.21941952603,400.0,False,1,False,CLOSE_INTERACTION_NO_PASS,0.0,,False,0.0,268.5532089552243,0.44679104477569354,1.6553200000000001,True,1.6553200000000001,25.726397821201026,12,True,3.0,brake,0.6120210721138671,7069.849166666669,19,953.4864263418576,2,belgium_2026_R|COL|GAS,belgium_2026_R|L34|belgium_2026_R|COL|GAS,,False,v4_t0_anchored_30s_horizon
belgium_2026_R_00757,belgium_2026_R,2026,Belgian Grand Prix,LIN,BOR,5,2026-07-19 14:10:47.134,2026-07-19 14:10:51.853,4.719,4.719,2026-07-19 14:11:17.134,30.0,34,18,93.93250000000353,1.977526315789548,76.46527777778283,171.0,76.0,95.0,144.5810738968653,1.881,True,9.0,8.0,6615.1255555555545,brake_T18,5.359060721040805,130.40665596272538,HARD,18.0,2.0,0.4417995205027274,9933.858386267668,32918.215841941885,400.0,False,1,False,CLOSE_INTERACTION_NO_PASS,0.0,,False,0.0,200.4091666666818,-29.409166666681813,2.776061,True,2.776061,145.90973287438823,13,True,3.0,brake,0.9356812853582406,7069.849166666669,19,953.4864263418576,2,belgium_2026_R|BOR|LIN,belgium_2026_R|L34|belgium_2026_R|BOR|LIN,,True,v4_t0_anchored_30s_horizon
belgium_2026_R_00758,belgium_2026_R,2026,Belgian Grand Prix,OCO,SAI,55,2026-07-19 14:10:58.653,2026-07-19 14:11:14.574,15.921,15.921,2026-07-19 14:11:28.653,30.0,34,60,95.02472222222059,1.2764514925372916,51.38027777777734,268.0,174.0,94.0,43.2808754559671,1.919,True,17.0,16.0,4340.262777777779,brake_T12,62.52963138955329,272.82266210760463,HARD,18.0,3.0,0.027362888411184366,10021.01752919759,58141.652368458264,400.0,False,1,False,CLOSE_INTERACTION_NO_PASS,0.0,,False,0.0,269.7991714027723,-1.7991714027722878,1.606522,True,1.606522,19.467229639858235,12,True,3.0,brake,0.613911651501916,7069.849166666669,19,953.4864263418576,2,belgium_2026_R|OCO|SAI,belgium_2026_R|L34|belgium_2026_R|OCO|SAI,,False,v4_t0_anchored_30s_horizon
belgium_2026_R_00759,belgium_2026_R,2026,Belgian Grand Prix,PIA,VER,3,2026-07-19 14:11:00.374,2026-07-19 14:11:03.454,3.08,3.08,2026-07-19 14:11:30.374,30.0,35,12,97.98861111111137,1.7463316831683215,92.45527777777761,202.0,149.0,53.0,106.75769901220205,1.721,True,4.0,3.0,2325.0175,brake_T5,24.3626990296043,140.77681146842087,HARD,15.0,2.0,0.927243073025032,10667.165452050791,39419.5265206916,400.0,False,1,False,CLOSE_INTERACTION_NO_PASS,0.0,,False,0.0,231.79333106691593,-29.793331066915925,2.032427,True,2.032427,102.75250802527978,13,True,3.0,brake,0.3288638053216363,7069.849166666669,19,953.4864263418576,2,belgium_2026_R|PIA|VER,belgium_2026_R|L35|belgium_2026_R|PIA|VER,,False,v4_t0_anchored_30s_horizon
belgium_2026_R_00760,belgium_2026_R,2026,Belgian Grand Prix,GAS,COL,43,2026-07-19 14:11:07.534,2026-07-19 14:11:11.774,4.24,4.24,2026-07-19 14:11:37.534,30.0,34,19,92.89777777778181,1.2525543071161591,44.37444444444645,267.0,99.0,168.0,133.79999999999745,1.8,True,11.0,10.0,6565.514166666666,brake_T18,54.97044960992935,180.01804485161392,HARD,20.0,2.0,0.8927843542242967,9869.414026009585,56451.16224966736,400.0,False,1,False,CLOSE_INTERACTION_NO_PASS,0.0,,False,0.0,264.94510063559835,2.054899364401649,2.098788,True,2.098788,91.83253107383209,11,True,3.0,brake,0.928663966074712,7069.849166666669,19,953.4864263418576,2,belgium_2026_R|COL|GAS,belgium_2026_R|L34|belgium_2026_R|COL|GAS,,True,v4_t0_anchored_30s_horizon
belgium_2026_R_00761,belgium_2026_R,2026,Belgian Grand Prix,HAM,PIA,81,2026-07-19 14:11:14.134,2026-07-19 14:11:18.694,4.56,4.56,2026-07-19 14:11:44.134,30.0,35,18,95.5988888888919,1.496330434782656,68.95055555555791,230.0,123.0,107.0,100.21621621621246,1.48,True,5.0,4.0,2903.549722222221,brake_T8,77.99324441620684,137.99324441620684,HARD,15.0,2.0,0.4749528500031726,9183.369771697086,44937.44165780267,400.0,False,1,False,CLOSE_INTERACTION_NO_PASS,0.0,,False,0.0,210.4811274509854,19.51887254901459,2.410176,True,2.410176,74.38883826879324,9,True,3.0,brake,0.41069471975612215,7069.849166666669,19,953.4864263418576,2,belgium_2026_R|HAM|PIA,belgium_2026_R|L35|belgium_2026_R|HAM|PIA,,False,v4_t0_anchored_30s_horizon
belgium_2026_R_00762,belgium_2026_R,2026,Belgian Grand Prix,LAW,GAS,10,2026-07-19 14:11:16.014,2026-07-19 14:13:00.254,104.24,96.121,2026-07-19 14:11:46.014,30.0,34,367,17.034722222225355,0.42293103448283637,10.4252777777765,145.0,173.0,-28.0,-20.2787234042556,1.88,True,12.0,11.0,6809.712777777777,straight_15,,,HARD,19.0,2.0,0.9626673058539215,9217.761723427388,75.46211773733252,260.1363888888918,True,1,False,CLOSE_INTERACTION_NO_PASS,0.0,101.601,True,0.0,150.75699421964848,-5.756994219648476,0.370716,True,0.370716,-15.573457066121406,11,True,3.0,straight,0.963204817704542,7069.849166666669,19,953.4864263418576,2,belgium_2026_R|GAS|LAW,belgium_2026_R|L34|belgium_2026_R|GAS|LAW,,True,v4_t0_anchored_30s_horizon
belgium_2026_R_00763,belgium_2026_R,2026,Belgian Grand Prix,HUL,LAW,30,2026-07-19 14:11:18.094,2026-07-19 14:13:00.254,102.16,102.16,2026-07-19 14:11:48.094,30.0,34,387,10.64555555555853,0.18786274509809173,10.64555555555853,204.0,214.0,-10.0,-14.52173913043344,1.8399999999999999,True,13.0,12.0,6907.724166666662,straight_15,,,HARD,14.0,2.0,0.8674000353928194,5744.79266739194,47.030313176950294,162.12500000000637,True,1,False,UNCERTAIN,,,False,0.0,210.5234521028029,-6.523452102802906,0.185415,True,0.185415,-16.912429174223014,12,True,3.0,straight,0.9770681104818469,7069.849166666669,19,953.4864263418576,2,belgium_2026_R|HUL|LAW,belgium_2026_R|L34|belgium_2026_R|HUL|LAW,,True,v4_t0_anchored_30s_horizon
belgium_2026_R_00764,belgium_2026_R,2026,Belgian Grand Prix,LIN,BOR,5,2026-07-19 14:11:28.974,2026-07-19 14:11:32.175,3.201,3.201,2026-07-19 14:11:58.974,30.0,35,13,98.60083333333432,1.6743537735849225,90.85472222222324,212.0,138.0,74.0,123.19565217391134,1.8399999999999999,True,9.0,8.0,2326.3202777777774,brake_T5,23.059921251826836,139.4740336906434,HARD,19.0,2.0,0.44330554454753585,10719.322872924906,38428.31369575988,400.0,False,1,False,CLOSE_INTERACTION_NO_PASS,0.0,,False,0.0,237.0,-25.0,2.199139,True,2.199139,117.37028354266873,13,True,3.0,brake,0.3290480776797963,7069.849166666669,19,953.4864263418576,2,belgium_2026_R|BOR|LIN,belgium_2026_R|L35|belgium_2026_R|BOR|LIN,,False,v4_t0_anchored_30s_horizon
belgium_2026_R_00765,belgium_2026_R,2026,Belgian Grand Prix,ALO,BEA,87,2026-07-19 14:11:31.454,2026-07-19 14:12:32.815,61.361,61.361,2026-07-19 14:12:01.454,30.0,34,233,54.46166666666666,0.8952602739726027,33.07249999999988,219.0,244.0,-25.0,,,False,19.0,14.0,24.157500000000002,straight_01,312.0638108272045,372.0638108272045,HARD,3.0,3.0,0.6695857640627532,16864.40676202493,75208.9311606542,400.0,False,1,False,LAPPED_UNLAPPED,,,False,0.0,225.98844827586208,-6.988448275862083,0.823517,True,0.823517,-45.14944382126048,12,True,3.0,straight,0.0034169753032213435,7069.849166666669,19,953.4864263418576,2,belgium_2026_R|ALO|BEA,belgium_2026_R|L34|belgium_2026_R|ALO|BEA,,False,v4_t0_anchored_30s_horizon
belgium_2026_R_00766,belgium_2026_R,2026,Belgian Grand Prix,GAS,COL,43,2026-07-19 14:11:49.174,2026-07-19 14:11:57.774,8.6,8.6,2026-07-19 14:12:19.174,30.0,35,35,98.10749999999871,1.1283929712459915,63.485277777776446,313.0,200.0,113.0,72.97560975609774,1.6400000000000001,True,11.0,10.0,2251.9075000000007,brake_T5,97.47269902960352,213.8868114684201,HARD,21.0,2.0,0.8728529203084407,7740.166615294511,95044.95310294919,400.0,False,1,False,CLOSE_INTERACTION_NO_PASS,0.0,,False,0.0,300.84958333333327,12.150416666666729,1.50195,True,1.50195,46.69348158532544,11,True,3.0,brake,0.31852270775696656,7069.849166666669,19,953.4864263418576,2,belgium_2026_R|COL|GAS,belgium_2026_R|L35|belgium_2026_R|COL|GAS,,False,v4_t0_anchored_30s_horizon
belgium_2026_R_00767,belgium_2026_R,2026,Belgian Grand Prix,PIA,VER,3,2026-07-19 14:12:09.294,2026-07-19 14:12:13.854,4.56,4.56,2026-07-19 14:12:39.294,30.0,35,18,94.93916666666337,1.953034285714218,80.98249999999462,175.0,78.0,97.0,128.06976744185852,1.72,True,4.0,3.0,6603.463333333335,brake_T18,17.021282943260303,142.06887818494488,HARD,15.0,2.0,0.8683022537716335,9918.709355629124,38450.14019836612,400.0,False,1,False,CLOSE_INTERACTION_NO_PASS,0.0,,False,0.0,251.93251666666455,-76.93251666666455,2.882164,True,2.882164,136.61724001583033,10,True,3.0,brake,0.9340317137836156,7069.849166666669,19,953.4864263418576,2,belgium_2026_R|PIA|VER,belgium_2026_R|L35|belgium_2026_R|PIA|VER,,True,v4_t0_anchored_30s_horizon
belgium_2026_R_00768,belgium_2026_R,2026,Belgian Grand Prix,HAM,PIA,81,2026-07-19 14:12:10.134,2026-07-19 14:12:19.215,9.081,9.081,2026-07-19 14:12:40.134,30.0,35,36,91.36666666666679,1.1460627177700364,17.451388888889596,287.0,119.0,168.0,131.14583333333314,1.92,True,5.0,4.0,6541.918888888891,brake_T18,78.5657273877041,203.61332262938868,HARD,15.0,2.0,0.4301620083042103,9838.764156784879,67643.47957550082,400.0,False,1,False,UNCERTAIN,,,False,0.0,285.43309859154925,1.5669014084507467,2.034647,True,2.034647,91.50604575164428,9,True,3.0,brake,0.9253265147060147,7069.849166666669,19,953.4864263418576,2,belgium_2026_R|HAM|PIA,belgium_2026_R|L35|belgium_2026_R|HAM|PIA,,True,v4_t0_anchored_30s_horizon
belgium_2026_R_00769,belgium_2026_R,2026,Belgian Grand Prix,OCO,SAI,55,2026-07-19 14:12:13.854,2026-07-19 14:12:48.054,34.2,34.2,2026-07-19 14:12:43.854,30.0,35,131,97.39194444444365,1.1346634304207028,34.345277777774754,309.0,203.0,106.0,32.307451797812476,1.919,True,17.0,16.0,2238.1955555555555,brake_T5,111.1846434740487,227.59875591286527,HARD,19.0,3.0,0.0,7446.504475141979,105479.06177232522,400.0,False,1,False,CLOSE_INTERACTION_NO_PASS,0.0,,False,0.0,310.52404233870965,-1.5240423387096484,1.3266930000000001,True,1.3266930000000001,16.035963973788153,12,True,3.0,brake,0.3165832117194704,7069.849166666669,19,953.4864263418576,2,belgium_2026_R|OCO|SAI,belgium_2026_R|L35|belgium_2026_R|OCO|SAI,,False,v4_t0_anchored_30s_horizon
belgium_2026_R_00770,belgium_2026_R,2026,Belgian Grand Prix,GAS,COL,43,2026-07-19 14:12:26.175,2026-07-19 14:12:32.135,5.96,5.96,2026-07-19 14:12:56.175,30.0,35,24,94.42555555555646,1.3706935483871099,79.66722222222052,248.0,163.0,85.0,61.76746557878644,1.9609999999999999,True,11.0,10.0,4362.990000000002,brake_T12,39.80240916733055,250.0954398853819,HARD,21.0,2.0,0.9358843328092218,10212.709974667032,50954.96000833956,400.0,False,1,False,CLOSE_INTERACTION_NO_PASS,0.0,,False,0.0,262.43790187197146,-14.437901871971462,1.741106,True,1.741106,39.51208544755126,11,True,3.0,brake,0.6171263201159761,7069.849166666669,19,953.4864263418576,2,belgium_2026_R|COL|GAS,belgium_2026_R|L35|belgium_2026_R|COL|GAS,,False,v4_t0_anchored_30s_horizon
belgium_2026_R_00771,belgium_2026_R,2026,Belgian Grand Prix,ALO,BEA,87,2026-07-19 14:12:37.374,2026-07-19 14:12:52.735,15.361,15.361,2026-07-19 14:13:07.374,30.0,34,61,99.8536111111116,1.341317164179111,64.1438888888888,268.0,260.0,8.0,6.3000000000040925,2.0,True,19.0,14.0,4121.0405555555535,straight_09,281.75185361177864,492.04488432983,HARD,3.0,3.0,0.6444030041308026,17395.60256298904,78247.98637192795,400.0,False,1,False,LAPPED_UNLAPPED,,,False,0.0,254.91197496454933,13.08802503545067,1.394298,True,1.394298,4.192711731655014,13,True,3.0,straight,0.5829036035147217,7069.849166666669,19,953.4864263418576,2,belgium_2026_R|ALO|BEA,belgium_2026_R|L34|belgium_2026_R|ALO|BEA,,False,v4_t0_anchored_30s_horizon
belgium_2026_R_00772,belgium_2026_R,2026,Belgian Grand Prix,LIN,BOR,5,2026-07-19 14:12:37.735,2026-07-19 14:12:43.694,5.959,5.959,2026-07-19 14:13:07.735,30.0,35,25,96.2211111111128,1.673410628019353,66.53138888889407,207.0,97.0,110.0,143.42383720930272,1.72,True,9.0,8.0,6594.653611111111,brake_T18,25.831005165484385,150.87860040716896,HARD,19.0,2.0,0.4443550937385753,9907.265674543432,42628.993594042375,400.0,False,1,False,CLOSE_INTERACTION_NO_PASS,0.0,,False,0.0,255.1266666666666,-48.12666666666661,2.373666,True,2.373666,112.40593232027713,12,True,3.0,brake,0.9327856161633494,7069.849166666669,19,953.4864263418576,2,belgium_2026_R|BOR|LIN,belgium_2026_R|L35|belgium_2026_R|BOR|LIN,,True,v4_t0_anchored_30s_horizon
belgium_2026_R_00773,belgium_2026_R,2026,Belgian Grand Prix,BOT,NOR,1,2026-07-19 14:12:41.694,2026-07-19 14:12:49.174,7.48,7.48,2026-07-19 14:13:11.694,30.0,35,31,95.5769444444444,1.3082775665399233,32.505833333333385,263.0,164.0,99.0,26.96306818181823,1.76,True,18.0,7.0,214.79138888888886,straight_01,121.42992193831569,181.4299219383157,SOFT,3.0,3.0,0.9468657486645271,14842.150865048949,75155.46600600811,400.0,False,1,False,LAPPED_UNLAPPED,,,False,0.0,264.590507518797,-1.5905075187969828,1.529139,True,1.529139,0.9919317082792273,13,True,3.0,straight,0.030381325517042097,7069.849166666669,19,953.4864263418576,2,belgium_2026_R|BOT|NOR,belgium_2026_R|L35|belgium_2026_R|BOT|NOR,,False,v4_t0_anchored_30s_horizon
belgium_2026_R_00774,belgium_2026_R,2026,Belgian Grand Prix,OCO,SAI,55,2026-07-19 14:12:50.294,2026-07-19 14:13:08.094,17.8,17.8,2026-07-19 14:13:20.294,30.0,35,65,97.81444444443696,1.3338333333332313,49.79972222221659,264.0,216.0,48.0,3.964482241121834,1.999,True,17.0,16.0,4288.119722222223,brake_T12,114.67268694510949,324.96571766316083,HARD,19.0,3.0,0.04143782536602994,9946.375660746118,76911.38101099957,400.0,False,1,False,CLOSE_INTERACTION_NO_PASS,0.0,,False,0.0,269.0,-5.0,1.392687,True,1.392687,-4.4522435939993334,13,True,3.0,brake,0.6065362387701418,7069.849166666669,19,953.4864263418576,2,belgium_2026_R|OCO|SAI,belgium_2026_R|L35|belgium_2026_R|OCO|SAI,,False,v4_t0_anchored_30s_horizon
belgium_2026_R_00775,belgium_2026_R,2026,Belgian Grand Prix,HAM,PIA,81,2026-07-19 14:12:52.535,2026-07-19 14:12:59.375,6.84,6.84,2026-07-19 14:13:22.535,30.0,36,28,93.6316666666662,1.1785804195804137,65.48472222222199,286.0,149.0,137.0,139.2619047619061,1.6800000000000002,True,5.0,4.0,2298.32,brake_T5,51.060199029604064,167.47431146842064,HARD,16.0,2.0,0.4541308467063578,9598.316437630041,59732.203667180795,400.0,False,1,False,CLOSE_INTERACTION_NO_PASS,0.0,,False,0.0,273.87765957446794,12.122340425532059,1.866612,True,1.866612,104.09859977118705,11,True,3.0,brake,0.3250875578557251,7069.849166666669,19,953.4864263418576,2,belgium_2026_R|HAM|PIA,belgium_2026_R|L36|belgium_2026_R|HAM|PIA,,False,v4_t0_anchored_30s_horizon
belgium_2026_R_00776,belgium_2026_R,2026,Belgian Grand Prix,HUL,GAS,10,2026-07-19 14:13:00.454,2026-07-19 14:13:06.535,6.081,6.081,2026-07-19 14:13:30.454,30.0,35,8,42.836388888887996,0.5977170542635534,10.31861111111084,258.0,155.0,103.0,,,False,13.0,11.0,6579.778333333336,brake_T18,40.706282943258884,165.75387818494346,HARD,15.0,2.0,0.821129235942571,9887.942938745873,49685.016869835,400.0,False,1,False,CLOSE_INTERACTION_NO_PASS,0.0,,False,0.0,246.22281249999943,11.777187500000565,0.824875,True,0.824875,26.59140031383939,11,True,3.0,brake,0.9306815715893988,7069.849166666669,19,953.4864263418576,2,belgium_2026_R|GAS|HUL,belgium_2026_R|L35|belgium_2026_R|GAS|HUL,,True,v4_t0_anchored_30s_horizon
belgium_2026_R_00777,belgium_2026_R,2026,Belgian Grand Prix,LAW,COL,43,2026-07-19 14:13:00.454,2026-07-19 14:13:06.535,6.081,6.081,2026-07-19 14:13:30.454,30.0,35,21,69.60166666666191,1.4567790697673424,48.65638888888407,172.0,82.0,90.0,,,False,12.0,10.0,6623.397222222227,corner_T18,62.13498929605248,122.13498929605248,HARD,20.0,2.0,0.9569685213241087,10043.52309958069,29000.64173966333,400.0,False,1,False,CLOSE_INTERACTION_NO_PASS,0.0,,False,0.0,209.21992551207921,-37.219925512079215,2.208513,True,2.208513,119.67000886825036,11,True,3.0,corner,0.9368512773158728,7069.849166666669,19,953.4864263418576,2,belgium_2026_R|COL|LAW,belgium_2026_R|L35|belgium_2026_R|COL|LAW,,True,v4_t0_anchored_30s_horizon
belgium_2026_R_00778,belgium_2026_R,2026,Belgian Grand Prix,HUL,LAW,30,2026-07-19 14:13:06.894,2026-07-19 14:15:25.375,138.481,138.481,2026-07-19 14:13:36.894,30.0,35,525,16.798333333336814,0.7031860465117736,10.632499999999936,86.0,103.0,-17.0,,,False,13.0,12.0,6768.07138888889,straight_15,,,HARD,15.0,2.0,0.9033967050067968,10693.29693113059,87.54173260590572,301.7777777777783,True,1,False,CLOSE_INTERACTION_NO_PASS,0.0,,False,0.0,86.7159659090871,-0.7159659090871031,0.616068,True,0.616068,-4.1324651548895215,10,True,3.0,straight,0.9573148209157534,7069.849166666669,19,953.4864263418576,2,belgium_2026_R|HUL|LAW,belgium_2026_R|L35|belgium_2026_R|HUL|LAW,,True,v4_t0_anchored_30s_horizon
belgium_2026_R_00779,belgium_2026_R,2026,Belgian Grand Prix,LAW,GAS,10,2026-07-19 14:13:08.094,2026-07-19 14:18:34.696,326.602,321.562,2026-07-19 14:13:38.094,30.0,35,1161,10.6152777777761,0.2582094594594187,10.053055555554238,148.0,186.0,-38.0,-31.258333333334125,1.2,True,12.0,11.0,6829.81055555556,straight_15,,,HARD,20.0,2.0,0.9861249052616823,8505.6101958488,69.6320188441953,240.03861111110837,True,1,False,CLOSE_INTERACTION_NO_PASS,0.0,,False,0.0,177.75524065068092,-29.755240650680918,0.204466,True,0.204466,-24.445397844488433,10,True,3.0,straight,0.9660475626208751,7069.849166666669,19,953.4864263418576,2,belgium_2026_R|GAS|LAW,belgium_2026_R|L35|belgium_2026_R|GAS|LAW,,True,v4_t0_anchored_30s_horizon
belgium_2026_R_00780,belgium_2026_R,2026,Belgian Grand Prix,GAS,COL,43,2026-07-19 14:13:12.495,2026-07-19 14:13:19.735,7.24,7.24,2026-07-19 14:13:42.495,30.0,36,28,95.12805555555559,1.2230750000000006,33.20416666666665,280.0,161.0,119.0,39.89583333333329,1.92,True,11.0,10.0,211.4011111111111,straight_01,124.82019971609344,184.82019971609344,HARD,22.0,2.0,0.9466082604632476,14878.115138077515,75156.41684285426,399.99999999999994,False,1,False,CLOSE_INTERACTION_NO_PASS,0.0,,False,0.0,277.53837679856116,2.46162320143884,1.553859,True,1.553859,15.386745171227677,13,True,3.0,straight,0.029901785190529554,7069.849166666669,19,953.4864263418576,2,belgium_2026_R|COL|GAS,belgium_2026_R|L36|belgium_2026_R|COL|GAS,,False,v4_t0_anchored_30s_horizon
belgium_2026_R_00781,belgium_2026_R,2026,Belgian Grand Prix,ALO,BEA,87,2026-07-19 14:13:14.254,2026-07-19 14:13:20.734,6.48,6.48,2026-07-19 14:13:44.254,30.0,34,25,99.88305555555507,1.6197252252252174,70.9391666666661,222.0,101.0,121.0,103.51725862931417,1.999,True,19.0,14.0,6591.042222222225,brake_T18,29.442394054370197,154.48998929605477,HARD,3.0,3.0,0.6369590487149401,9902.574541079932,44342.04019650586,400.0,False,1,False,LAPPED_UNLAPPED,,,False,0.0,259.7796096345512,-37.77960963455121,2.165096,True,2.165096,79.15712942415503,12,True,3.0,brake,0.932274800613576,7069.849166666669,19,953.4864263418576,2,belgium_2026_R|ALO|BEA,belgium_2026_R|L34|belgium_2026_R|ALO|BEA,,True,v4_t0_anchored_30s_horizon
belgium_2026_R_00782,belgium_2026_R,2026,Belgian Grand Prix,LIN,BOR,5,2026-07-19 14:13:19.375,2026-07-19 14:13:24.855,5.48,5.48,2026-07-19 14:13:49.375,30.0,36,20,97.1038888888902,1.239624113475194,75.6047222222237,282.0,157.0,125.0,97.27083333333326,1.92,True,9.0,8.0,2287.6988888888877,brake_T5,61.681310140716505,178.09542257953308,HARD,20.0,2.0,0.4190447562350203,9173.09444519008,67813.2300156036,400.0,False,1,False,CLOSE_INTERACTION_NO_PASS,0.0,,False,0.0,302.31629983388723,-20.31629983388723,1.740405,True,1.740405,73.00587420652964,13,True,3.0,brake,0.3235852470057016,7069.849166666669,19,953.4864263418576,2,belgium_2026_R|BOR|LIN,belgium_2026_R|L36|belgium_2026_R|BOR|LIN,,False,v4_t0_anchored_30s_horizon
belgium_2026_R_00783,belgium_2026_R,2026,Belgian Grand Prix,BOT,NOR,1,2026-07-19 14:13:22.534,2026-07-19 14:13:27.294,4.76,4.76,2026-07-19 14:13:52.534,30.0,35,17,96.60972222222108,1.4737076271186267,64.15277777777646,236.0,131.0,105.0,71.23000000000138,1.8,True,18.0,7.0,2894.3880555555547,brake_T8,87.15491108287324,147.15491108287324,SOFT,3.0,3.0,0.9062285106718188,8745.440594176218,49300.800548110885,400.0,False,1,False,LAPPED_UNLAPPED,,,False,0.0,236.52884615384588,-0.5288461538458762,2.096196,True,2.096196,38.097868316651414,11,True,3.0,brake,0.40939884109581604,7069.849166666669,19,953.4864263418576,2,belgium_2026_R|BOT|NOR,belgium_2026_R|L35|belgium_2026_R|BOT|NOR,,False,v4_t0_anchored_30s_horizon
belgium_2026_R_00784,belgium_2026_R,2026,Belgian Grand Prix,HAM,PIA,81,2026-07-19 14:13:27.934,2026-07-19 14:13:40.614,12.68,12.68,2026-07-19 14:13:57.934,30.0,36,43,96.78972222222546,1.2579169675090673,65.5291666666717,277.0,174.0,103.0,63.82803543511907,1.919,True,5.0,4.0,4352.498888888888,brake_T12,50.29352027844379,260.58655099649513,HARD,16.0,2.0,0.47318761436197093,10124.2228412674,54272.408455588484,400.0,False,1,False,CLOSE_INTERACTION_NO_PASS,0.0,,False,0.0,270.11730158730177,6.8826984126982325,1.671844,True,1.671844,47.96024716990821,11,True,3.0,brake,0.6156423972112871,7069.849166666669,19,953.4864263418576,2,belgium_2026_R|HAM|PIA,belgium_2026_R|L36|belgium_2026_R|HAM|PIA,,False,v4_t0_anchored_30s_horizon
belgium_2026_R_00785,belgium_2026_R,2026,Belgian Grand Prix,PIA,VER,3,2026-07-19 14:13:59.375,2026-07-19 14:14:04.535,5.16,5.16,2026-07-19 14:14:29.375,30.0,36,22,95.79944444443845,1.4613474576270271,66.73166666666111,236.0,77.0,159.0,172.93877551020327,1.96,True,4.0,3.0,6602.947222222225,brake_T18,17.537394054370452,142.58498929605503,HARD,16.0,2.0,0.8345613925923712,9918.038935971008,38694.95525777493,400.0,False,1,False,CLOSE_INTERACTION_NO_PASS,0.0,,False,0.0,235.76113122170642,0.238868778293579,2.7418,True,2.7418,154.77830065073655,13,True,3.0,brake,0.9339587120690184,7069.849166666669,19,953.4864263418576,2,belgium_2026_R|PIA|VER,belgium_2026_R|L36|belgium_2026_R|PIA|VER,,True,v4_t0_anchored_30s_horizon
belgium_2026_R_00786,belgium_2026_R,2026,Belgian Grand Prix,HAM,PIA,81,2026-07-19 14:14:00.416,2026-07-19 14:14:09.895,9.479,9.479,2026-07-19 14:14:30.416,30.0,36,38,95.20000000000437,1.1900000000000546,24.340000000004693,288.0,137.0,151.0,92.31168019987825,1.601,True,5.0,4.0,6554.9797222222205,brake_T18,65.50489405437474,190.55248929605932,HARD,16.0,2.0,0.42975147640783534,9855.729959747763,61448.13012536049,400.0,False,1,False,CLOSE_INTERACTION_NO_PASS,0.0,,False,0.0,279.41479725310745,8.585202746892548,1.704751,True,1.704751,49.30947028146173,12,True,3.0,brake,0.9271739138549117,7069.849166666669,19,953.4864263418576,2,belgium_2026_R|HAM|PIA,belgium_2026_R|L36|belgium_2026_R|HAM|PIA,,True,v4_t0_anchored_30s_horizon
belgium_2026_R_00787,belgium_2026_R,2026,Belgian Grand Prix,OCO,SAI,55,2026-07-19 14:14:06.415,2026-07-19 14:14:28.615,22.2,22.2,2026-07-19 14:14:36.415,30.0,36,86,98.46388888889032,1.1546254071661406,43.47750000000224,307.0,171.0,136.0,68.55319148935943,1.88,True,17.0,16.0,2248.613611111111,brake_T5,100.76658791849331,217.1807003573099,HARD,20.0,3.0,0.008051960237727333,7608.29397206944,97551.0941856883,400.0,False,1,False,CLOSE_INTERACTION_NO_PASS,0.0,,False,0.0,309.0562500000001,-2.056250000000091,1.569,True,1.569,33.72408543409375,13,True,3.0,brake,0.31805680122752883,7069.849166666669,19,953.4864263418576,2,belgium_2026_R|OCO|SAI,belgium_2026_R|L36|belgium_2026_R|OCO|SAI,,False,v4_t0_anchored_30s_horizon
belgium_2026_R_00788,belgium_2026_R,2026,Belgian Grand Prix,BOT,NOR,1,2026-07-19 14:14:21.174,2026-07-19 14:14:24.495,3.321,3.321,2026-07-19 14:14:51.174,30.0,35,13,95.13833333333605,1.871573770491857,74.79666666666981,183.0,85.0,98.0,166.05747738158604,1.879,True,18.0,7.0,6634.943055555554,corner_T18,50.58915596272618,110.58915596272618,SOFT,3.0,3.0,0.8973718945229587,10450.648598524655,23547.92844338579,400.0,False,1,False,LAPPED_UNLAPPED,,,False,0.0,165.99111111112288,17.008888888877124,3.656066,True,3.656066,182.48382220626047,12,True,3.0,corner,0.9384843861787554,7069.849166666669,19,953.4864263418576,2,belgium_2026_R|BOT|NOR,belgium_2026_R|L35|belgium_2026_R|BOT|NOR,,True,v4_t0_anchored_30s_horizon
belgium_2026_R_00789,belgium_2026_R,2026,Belgian Grand Prix,LIN,BOR,5,2026-07-19 14:14:28.615,2026-07-19 14:14:34.734,6.119,6.119,2026-07-19 14:14:58.615,30.0,36,27,93.75277777777865,1.4738427947598391,60.31694444444747,229.0,94.0,135.0,139.3153409090914,1.76,True,9.0,8.0,6595.338611111109,brake_T18,25.146005165486713,150.1936004071713,HARD,20.0,2.0,0.4600729440235549,9908.155478029392,42304.066825204274,400.0,False,1,False,CLOSE_INTERACTION_NO_PASS,0.0,,False,0.0,243.42291666666733,-14.422916666667334,2.267285,True,2.267285,111.79538098698677,12,True,3.0,brake,0.9328825064906887,7069.849166666669,19,953.4864263418576,2,belgium_2026_R|BOR|LIN,belgium_2026_R|L36|belgium_2026_R|BOR|LIN,,True,v4_t0_anchored_30s_horizon
belgium_2026_R_00790,belgium_2026_R,2026,Belgian Grand Prix,HAM,PIA,81,2026-07-19 14:14:42.134,2026-07-19 14:15:05.615,23.481,23.481,2026-07-19 14:15:12.134,30.0,37,92,95.86111111111131,1.0886435331230306,45.297777777778265,317.0,179.0,138.0,71.06226716338382,1.879,True,5.0,4.0,2258.6369444444445,brake_T5,90.74325458515978,207.15736702397635,HARD,17.0,2.0,0.44265006623964254,8009.583604227668,89924.88446823724,400.0,False,1,False,CLOSE_INTERACTION_NO_PASS,0.0,,False,0.0,310.0,7.0,1.497658,True,1.497658,42.51822612559108,14,True,3.0,brake,0.3194745589613985,7069.849166666669,19,953.4864263418576,2,belgium_2026_R|HAM|PIA,belgium_2026_R|L37|belgium_2026_R|HAM|PIA,,False,v4_t0_anchored_30s_horizon
belgium_2026_R_00791,belgium_2026_R,2026,Belgian Grand Prix,OCO,SAI,55,2026-07-19 14:14:43.535,2026-07-19 14:14:56.575,13.04,13.04,2026-07-19 14:15:13.535,30.0,36,53,92.77222222222645,1.2508614232210307,62.22250000000622,267.0,162.0,105.0,71.24783273839851,1.9609999999999999,True,17.0,16.0,4357.159444444442,brake_T12,45.63296472289039,255.92599544094173,HARD,20.0,3.0,0.029980737216137913,10163.532233455971,52798.670104394216,400.0,False,1,False,CLOSE_INTERACTION_NO_PASS,0.0,,False,0.0,258.13339673914584,8.866603260854163,1.777404,True,1.777404,46.45336793306627,14,True,3.0,brake,0.6163016129096258,7069.849166666669,19,953.4864263418576,2,belgium_2026_R|OCO|SAI,belgium_2026_R|L36|belgium_2026_R|OCO|SAI,,False,v4_t0_anchored_30s_horizon
belgium_2026_R_00792,belgium_2026_R,2026,Belgian Grand Prix,GAS,COL,43,2026-07-19 14:14:50.095,2026-07-19 14:15:14.895,24.8,24.8,2026-07-19 14:15:20.095,30.0,36,92,91.19527777777421,1.143912891986018,13.784999999993488,287.0,202.0,85.0,30.537234042549436,1.88,True,11.0,10.0,6505.357222222225,brake_T18,115.1273940543706,240.17498929605517,HARD,22.0,2.0,0.8895245512155793,9791.271166343115,84986.3470402835,400.0,False,1,False,UNCERTAIN,,,False,0.0,283.7743994661908,3.2256005338091995,1.348967,True,1.348967,11.776507105232843,12,True,3.0,brake,0.9201550229521241,7069.849166666669,19,953.4864263418576,2,belgium_2026_R|COL|GAS,belgium_2026_R|L36|belgium_2026_R|COL|GAS,,True,v4_t0_anchored_30s_horizon
belgium_2026_R_00793,belgium_2026_R,2026,Belgian Grand Prix,SAI,ALB,23,2026-07-19 14:15:15.294,2026-07-19 14:15:19.015,3.721,3.721,2026-07-19 14:15:45.294,30.0,36,15,99.90194444443387,1.7629754901958918,76.05722222221175,204.0,80.0,124.0,189.61750911932987,1.919,True,16.0,15.0,6605.852500000006,brake_T18,14.632116276588931,139.6797115182735,HARD,22.0,2.0,0.6863665915770617,9921.812842970074,37316.84938782615,400.0,False,1,False,CLOSE_INTERACTION_NO_PASS,0.0,,False,0.0,187.09505347591974,16.90494652408026,3.760267,True,3.760267,197.74598124684076,10,True,3.0,brake,0.9343696512148604,7069.849166666669,19,953.4864263418576,2,belgium_2026_R|ALB|SAI,belgium_2026_R|L36|belgium_2026_R|ALB|SAI,,True,v4_t0_anchored_30s_horizon
belgium_2026_R_00794,belgium_2026_R,2026,Belgian Grand Prix,ALO,ALB,23,2026-07-19 14:15:22.375,2026-07-19 14:15:36.495,14.12,14.12,2026-07-19 14:15:52.375,30.0,36,52,59.57055555555556,0.9747909090909092,26.713888888888903,220.0,257.0,-37.0,,,False,19.0,15.0,28.456666666666663,straight_01,307.7646441605379,367.7646441605379,HARD,5.0,3.0,0.6838413839404975,16818.800940340116,75207.72541695343,400.0,False,1,False,LAPPED_UNLAPPED,,,False,0.0,239.93123246054427,-19.931232460544265,0.853867,True,0.853867,-44.33976354175546,11,True,3.0,straight,0.004025074085149623,7069.849166666669,19,953.4864263418576,2,belgium_2026_R|ALB|ALO,belgium_2026_R|L36|belgium_2026_R|ALB|ALO,,False,v4_t0_anchored_30s_horizon
belgium_2026_R_00795,belgium_2026_R,2026,Belgian Grand Prix,GAS,COL,43,2026-07-19 14:15:25.175,2026-07-19 14:16:23.655,58.48,58.48,2026-07-19 14:15:55.175,30.0,37,220,99.4224999999999,1.1220094043887137,32.26388888888778,319.0,310.0,9.0,3.859999999999491,2.0,True,11.0,10.0,1609.6316666666667,straight_03,739.7485323629376,856.1626448017541,HARD,23.0,2.0,0.9174808697432277,34579.68897251572,509.6789325992971,400.0,False,1,False,CLOSE_INTERACTION_NO_PASS,0.0,,False,0.0,312.02747952684257,6.972520473157431,1.156152,True,1.156152,1.0752385821139883,11,True,3.0,straight,0.22767553150297049,7069.849166666669,19,953.4864263418576,2,belgium_2026_R|COL|GAS,belgium_2026_R|L37|belgium_2026_R|COL|GAS,,False,v4_t0_anchored_30s_horizon
belgium_2026_R_00796,belgium_2026_R,2026,Belgian Grand Prix,OCO,SAI,55,2026-07-19 14:15:29.495,2026-07-19 14:15:36.695,7.2,7.2,2026-07-19 14:15:59.495,30.0,37,30,99.0827777777778,1.486241666666667,31.50499999999988,240.0,139.0,101.0,28.24336734693873,1.96,True,17.0,16.0,225.54444444444445,brake_T1,110.6768663827601,170.6768663827601,HARD,21.0,3.0,0.07633663339529226,15202.704946230002,69931.94439956256,400.0,False,1,False,CLOSE_INTERACTION_NO_PASS,0.0,,False,0.0,285.460607231964,-45.46060723196399,1.627339,True,1.627339,3.512390569639278,11,True,3.0,brake,0.031902299345770255,7069.849166666669,19,953.4864263418576,2,belgium_2026_R|OCO|SAI,belgium_2026_R|L37|belgium_2026_R|OCO|SAI,,False,v4_t0_anchored_30s_horizon
belgium_2026_R_00797,belgium_2026_R,2026,Belgian Grand Prix,HUL,LAW,30,2026-07-19 14:15:30.455,2026-07-19 14:17:08.016,97.561,97.561,2026-07-19 14:16:00.455,30.0,37,350,99.93111111111102,1.1035337423312874,10.085277777773626,326.0,320.0,6.0,5.2599999999995815,2.0,True,13.0,12.0,1939.6158333333335,straight_03,409.7643656962707,526.1784781350873,HARD,17.0,2.0,0.8519120529980726,26943.415777582006,84285.288034029,399.9999999999998,False,1,False,CLOSE_INTERACTION_NO_PASS,0.0,78.041,True,0.0,319.0,7.0,1.124413,True,1.124413,4.307599955838743,11,True,3.0,straight,0.27435038394854955,7069.849166666669,19,953.4864263418576,2,belgium_2026_R|HUL|LAW,belgium_2026_R|L37|belgium_2026_R|HUL|LAW,,False,v4_t0_anchored_30s_horizon
belgium_2026_R_00798,belgium_2026_R,2026,Belgian Grand Prix,PIA,VER,3,2026-07-19 14:15:49.735,2026-07-19 14:15:54.535,4.8,4.8,2026-07-19 14:16:19.735,30.0,37,18,94.7913888888852,1.503299559471307,68.81361111110618,227.0,76.0,151.0,182.2592391304354,1.8399999999999999,True,4.0,3.0,6607.440277777776,brake_T18,13.044338498819343,138.09193374050392,HARD,17.0,2.0,0.8556986387149216,9923.875339614735,36563.69390904459,400.0,False,1,False,CLOSE_INTERACTION_NO_PASS,0.0,,False,0.0,227.57027972027333,-0.5702797202733336,2.999461,True,2.999461,174.74846010798072,11,True,3.0,brake,0.9345942356070219,7069.849166666669,19,953.4864263418576,2,belgium_2026_R|PIA|VER,belgium_2026_R|L37|belgium_2026_R|PIA|VER,,True,v4_t0_anchored_30s_horizon
belgium_2026_R_00799,belgium_2026_R,2026,Belgian Grand Prix,ALO,ALB,23,2026-07-19 14:15:54.015,2026-07-19 14:16:19.175,25.16,25.16,2026-07-19 14:16:24.015,30.0,36,98,96.91194444444409,1.143878688524586,45.439444444444234,305.0,194.0,111.0,35.047000000000935,2.0,True,19.0,15.0,2226.062777777778,straight_03,123.31742125182609,239.73153369064266,HARD,5.0,3.0,0.57471070692003,7562.915106573371,112191.19065512875,400.0,False,1,False,LAPPED_UNLAPPED,,,False,0.0,309.448947042932,-4.448947042931991,1.369064,True,1.369064,17.32975285837139,12,True,3.0,straight,0.31486708206921116,7069.849166666669,19,953.4864263418576,2,belgium_2026_R|ALB|ALO,belgium_2026_R|L36|belgium_2026_R|ALB|ALO,,False,v4_t0_anchored_30s_horizon
belgium_2026_R_00800,belgium_2026_R,2026,Belgian Grand Prix,LEC,ANT,12,2026-07-19 14:16:05.655,2026-07-19 14:17:13.175,67.52,67.52,2026-07-19 14:16:35.655,30.0,38,265,99.65000000000009,1.1461341853035154,35.41666666666606,313.0,300.0,13.0,4.021739130434536,1.8399999999999999,True,2.0,1.0,996.5502777777776,brake_T2,17.4342363417893,279.34349490996897,HARD,18.0,2.0,0.08072320384208279,33114.34640989846,217.38846785683714,400.0,False,1,False,CLOSE_INTERACTION_NO_PASS,0.0,,False,0.0,314.07434030937213,-1.0743403093721327,1.170407,True,1.170407,-2.2089416977216407,12,True,3.0,brake,0.1409577848529457,7069.849166666669,19,953.4864263418576,2,belgium_2026_R|ANT|LEC,belgium_2026_R|L38|belgium_2026_R|ANT|LEC,,False,v4_t0_anchored_30s_horizon
belgium_2026_R_00801,belgium_2026_R,2026,Belgian Grand Prix,OCO,SAI,55,2026-07-19 14:16:10.655,2026-07-19 14:16:19.615,8.96,8.96,2026-07-19 14:16:40.655,30.0,37,36,95.54638888888849,1.4762532188841142,54.43361111111062,233.0,133.0,100.0,51.962187318209615,1.7189999999999999,True,17.0,16.0,2885.475277777779,brake_T8,96.06768886064901,156.067688860649,HARD,21.0,3.0,0.05938530417093436,8319.408346588692,53545.622977144965,400.0,False,1,False,CLOSE_INTERACTION_NO_PASS,0.0,,False,0.0,240.25329545454542,-7.253295454545423,1.83045,True,1.83045,10.173822990171775,14,True,3.0,brake,0.4081381667069198,7069.849166666669,19,953.4864263418576,2,belgium_2026_R|OCO|SAI,belgium_2026_R|L37|belgium_2026_R|OCO|SAI,,False,v4_t0_anchored_30s_horizon
belgium_2026_R_00802,belgium_2026_R,2026,Belgian Grand Prix,LIN,BOR,5,2026-07-19 14:16:20.616,2026-07-19 14:16:23.655,3.039,3.039,2026-07-19 14:16:50.616,30.0,37,13,97.85805555555544,2.689229007633585,82.09277777777606,131.0,,,112.61828814460308,1.881,True,9.0,,6641.646944444442,corner_T18,43.885267073837895,103.8852670738379,HARD,21.0,2.0,0.48832241921594616,10687.038994086273,20381.9045604932,400.0,False,1,False,INVALID,,,False,0.0,,,,False,,,0,False,3.0,corner,0.9394326226588908,7069.849166666669,19,953.4864263418576,2,belgium_2026_R|BOR|LIN,belgium_2026_R|L37|belgium_2026_R|BOR|LIN,,True,v4_t0_anchored_30s_horizon
belgium_2026_R_00803,belgium_2026_R,2026,Belgian Grand Prix,HAM,PIA,81,2026-07-19 14:16:25.535,2026-07-19 14:17:40.856,75.321,74.761,2026-07-19 14:16:55.535,30.0,38,288,99.4566666666667,1.068788059701493,11.004999999996471,335.0,320.0,15.0,11.829787234042389,1.88,True,5.0,4.0,1683.0463888888885,straight_03,666.3338101407157,782.7479225795323,HARD,18.0,2.0,0.49093673442456703,34579.68897251572,509.6789325992971,400.0,False,1,False,CLOSE_INTERACTION_NO_PASS,0.0,75.721,True,0.0,322.0,13.0,1.1078999999999999,True,1.1078999999999999,7.959483523029068,10,True,3.0,straight,0.23805973072582826,7069.849166666669,19,953.4864263418576,2,belgium_2026_R|HAM|PIA,belgium_2026_R|L38|belgium_2026_R|HAM|PIA,,False,v4_t0_anchored_30s_horizon
belgium_2026_R_00804,belgium_2026_R,2026,Belgian Grand Prix,ALO,ALB,23,2026-07-19 14:16:30.735,2026-07-19 14:16:49.576,18.841,18.841,2026-07-19 14:17:00.735,30.0,36,73,93.7975000000024,1.2987346153846488,58.93805555555264,260.0,191.0,69.0,22.52581160191467,1.879,True,19.0,15.0,4309.851111111112,brake_T12,92.94129805622015,303.2343287742715,HARD,5.0,3.0,0.6072592148886393,9895.726041876353,68578.04261452121,400.0,False,1,False,LAPPED_UNLAPPED,,,False,0.0,265.0,-5.0,1.476701,True,1.476701,7.165005280925102,12,True,3.0,brake,0.6096100510080817,7069.849166666669,19,953.4864263418576,2,belgium_2026_R|ALB|ALO,belgium_2026_R|L36|belgium_2026_R|ALB|ALO,,False,v4_t0_anchored_30s_horizon
belgium_2026_R_00805,belgium_2026_R,2026,Belgian Grand Prix,GAS,COL,43,2026-07-19 14:16:41.856,2026-07-19 14:16:52.696,10.84,10.84,2026-07-19 14:17:11.856,30.0,37,41,94.16750000000138,1.1978904593639752,29.415000000000873,283.0,174.0,109.0,33.91797935904342,1.841,True,11.0,10.0,6526.775277777781,brake_T18,93.70933849881385,218.75693374049843,HARD,23.0,2.0,0.8872937026584695,9819.092860497683,74826.78560015839,400.0,False,1,False,CLOSE_INTERACTION_NO_PASS,0.0,,False,0.0,284.78819285302427,-1.7881928530242703,1.414689,True,1.414689,15.535080383291197,12,True,3.0,brake,0.9231845155269502,7069.849166666669,19,953.4864263418576,2,belgium_2026_R|COL|GAS,belgium_2026_R|L37|belgium_2026_R|COL|GAS,,True,v4_t0_anchored_30s_horizon
belgium_2026_R_00806,belgium_2026_R,2026,Belgian Grand Prix,LIN,BOR,5,2026-07-19 14:17:01.736,2026-07-19 14:17:05.375,3.639,3.639,2026-07-19 14:17:31.736,30.0,38,15,95.99472222222221,1.6073534883720928,85.61694444444447,215.0,141.0,74.0,116.13326392503868,1.921,True,9.0,8.0,2314.6261111111107,brake_T5,34.7540879184935,151.16820035731007,HARD,22.0,2.0,0.4630342017460393,10251.140514421722,47325.769712137364,400.0,False,1,False,CLOSE_INTERACTION_NO_PASS,0.0,,False,0.0,246.22529368575513,-31.225293685755133,2.042422,True,2.042422,98.65902213034656,12,True,3.0,brake,0.3273939876998003,7069.849166666669,19,953.4864263418576,2,belgium_2026_R|BOR|LIN,belgium_2026_R|L38|belgium_2026_R|BOR|LIN,,False,v4_t0_anchored_30s_horizon
belgium_2026_R_00807,belgium_2026_R,2026,Belgian Grand Prix,SAI,ALB,23,2026-07-19 14:17:07.336,2026-07-19 14:17:11.855,4.519,4.519,2026-07-19 14:17:37.336,30.0,37,21,99.10638888889571,1.5857022222223314,65.00638888889716,225.0,80.0,145.0,196.12544620091535,1.9609999999999999,True,16.0,15.0,6600.680833333328,brake_T18,19.803782943266924,144.8513781849515,HARD,23.0,2.0,0.6869285255383789,9915.094934899638,39770.00696376355,400.0,False,1,False,CLOSE_INTERACTION_NO_PASS,0.0,,False,0.0,204.1071496212306,20.892850378769396,3.479403,True,3.479403,196.05458792350882,12,True,3.0,brake,0.9336381410305892,7069.849166666669,19,953.4864263418576,2,belgium_2026_R|ALB|SAI,belgium_2026_R|L37|belgium_2026_R|ALB|SAI,,True,v4_t0_anchored_30s_horizon
belgium_2026_R_00808,belgium_2026_R,2026,Belgian Grand Prix,OCO,SAI,55,2026-07-19 14:17:08.576,2026-07-19 14:17:16.975,8.399,8.399,2026-07-19 14:17:38.576,30.0,37,34,96.28249999999753,1.2790295202951703,33.69972222221895,271.0,118.0,153.0,91.31206804890812,1.881,True,17.0,16.0,6564.998055555554,brake_T18,55.486560721041315,180.5341559627259,HARD,21.0,3.0,0.0020437206837430784,9868.743606351465,56695.97730907704,400.0,False,1,False,CLOSE_INTERACTION_NO_PASS,0.0,,False,0.0,288.58566252587934,-17.585662525879343,1.767145,True,1.767145,56.48404961850683,13,True,3.0,brake,0.9285909643601146,7069.849166666669,19,953.4864263418576,2,belgium_2026_R|OCO|SAI,belgium_2026_R|L37|belgium_2026_R|OCO|SAI,,True,v4_t0_anchored_30s_horizon
belgium_2026_R_00809,belgium_2026_R,2026,Belgian Grand Prix,GAS,COL,43,2026-07-19 14:17:16.176,2026-07-19 14:18:14.736,58.56,58.56,2026-07-19 14:17:46.176,30.0,38,223,99.62194444444458,1.1207468750000016,33.841944444444835,320.0,313.0,7.0,2.6585365853665968,1.6400000000000001,True,11.0,10.0,1545.6041666666667,straight_03,803.7760323629375,920.1901448017541,HARD,24.0,2.0,0.9214920209649134,34579.68897251572,509.6789325992971,400.0,False,1,False,CLOSE_INTERACTION_NO_PASS,0.0,,False,0.0,312.3981030351438,7.601896964856223,1.152607,True,1.152607,-0.6197367397991187,11,True,3.0,straight,0.21861911481138382,7069.849166666669,19,953.4864263418576,2,belgium_2026_R|COL|GAS,belgium_2026_R|L38|belgium_2026_R|COL|GAS,,False,v4_t0_anchored_30s_horizon
belgium_2026_R_00810,belgium_2026_R,2026,Belgian Grand Prix,ALO,ALB,23,2026-07-19 14:17:18.895,2026-07-19 14:17:25.055,6.16,6.16,2026-07-19 14:17:48.895,30.0,37,25,87.91749999999993,1.3354556962025308,35.27555555555563,237.0,116.0,121.0,68.64583333333343,1.92,True,19.0,15.0,244.26305555555555,brake_T1,91.958255271649,151.958255271649,HARD,6.0,3.0,0.6019482894054395,15957.065968582552,59445.17388184787,400.0,False,1,False,LAPPED_UNLAPPED,,,False,0.0,273.5104243542435,-36.510424354243526,1.8604159999999998,True,1.8604159999999998,34.87946901769409,9,True,3.0,brake,0.03454996702153436,7069.849166666669,19,953.4864263418576,2,belgium_2026_R|ALB|ALO,belgium_2026_R|L37|belgium_2026_R|ALB|ALO,,False,v4_t0_anchored_30s_horizon
belgium_2026_R_00811,belgium_2026_R,2026,Belgian Grand Prix,HUL,LAW,30,2026-07-19 14:17:25.855,2026-07-19 14:18:21.216,55.361,55.361,2026-07-19 14:17:55.855,30.0,38,215,96.36944444444407,1.11912903225806,39.648055555549945,310.0,202.0,108.0,38.397159090910485,1.76,True,13.0,12.0,2243.4297222222226,brake_T5,105.95047680738162,222.3645892461982,HARD,18.0,2.0,0.8268615003875935,7495.423749754778,101495.76575760762,400.0,False,1,False,CLOSE_INTERACTION_NO_PASS,0.0,,False,0.0,311.3469051446945,-1.3469051446945173,1.335504,True,1.335504,15.544811932016536,12,True,3.0,brake,0.317323562262074,7069.849166666669,19,953.4864263418576,2,belgium_2026_R|HUL|LAW,belgium_2026_R|L38|belgium_2026_R|HUL|LAW,,False,v4_t0_anchored_30s_horizon
belgium_2026_R_00812,belgium_2026_R,2026,Belgian Grand Prix,LEC,ANT,12,2026-07-19 14:17:27.856,2026-07-19 14:19:02.256,94.4,94.4,2026-07-19 14:17:57.856,30.0,38,351,94.78027777778334,1.188881533101115,16.490000000000123,287.0,176.0,111.0,36.002439024390604,1.6400000000000001,True,2.0,1.0,6539.734166666661,brake_T18,80.75044960993455,205.79804485161912,HARD,18.0,2.0,0.0,9835.92623934079,68679.79305357463,400.0,False,1,False,CLOSE_INTERACTION_NO_PASS,0.0,,False,0.0,291.17682123001055,-4.176821230010546,1.397739,True,1.397739,12.416525963571175,11,True,3.0,brake,0.9250174950691417,7069.849166666669,19,953.4864263418576,2,belgium_2026_R|ANT|LEC,belgium_2026_R|L38|belgium_2026_R|ANT|LEC,,True,v4_t0_anchored_30s_horizon
belgium_2026_R_00813,belgium_2026_R,2026,Belgian Grand Prix,HAM,VER,3,2026-07-19 14:17:41.256,2026-07-19 14:17:44.775,3.519,3.519,2026-07-19 14:18:11.256,30.0,38,14,82.03055555555602,1.8809554140127498,70.54166666666606,157.0,83.0,74.0,,,False,5.0,3.0,6646.672222222222,corner_T18,38.85998929605739,98.85998929605739,HARD,18.0,2.0,0.5335720949400581,10864.238739097791,18008.632907827,400.0,False,1,False,CLOSE_INTERACTION_NO_PASS,0.0,,False,0.0,141.09836065573933,15.901639344260673,3.268377,True,3.268377,165.60483226859483,11,True,3.0,corner,0.9401434267594186,7069.849166666669,19,953.4864263418576,2,belgium_2026_R|HAM|VER,belgium_2026_R|L38|belgium_2026_R|HAM|VER,,True,v4_t0_anchored_30s_horizon
belgium_2026_R_00814,belgium_2026_R,2026,Belgian Grand Prix,HAM,PIA,81,2026-07-19 14:17:50.655,2026-07-19 14:20:11.136,140.481,139.082,2026-07-19 14:18:20.655,30.0,39,450,29.95722222222223,0.46088034188034205,10.142222222219061,234.0,250.0,-16.0,-47.42735497606199,1.879,True,5.0,4.0,25.04861111111111,straight_01,311.17269971609346,371.17269971609346,HARD,19.0,2.0,0.5493012580202254,16854.95380111746,75208.68123975272,400.0,False,1,False,CLOSE_INTERACTION_NO_PASS,0.0,,False,0.0,238.93714285714285,-4.937142857142845,0.441514,True,0.441514,-4.552844213663969,11,True,3.0,straight,0.0035430191678221005,7069.849166666669,19,953.4864263418576,2,belgium_2026_R|HAM|PIA,belgium_2026_R|L39|belgium_2026_R|HAM|PIA,,False,v4_t0_anchored_30s_horizon
belgium_2026_R_00815,belgium_2026_R,2026,Belgian Grand Prix,OCO,SAI,55,2026-07-19 14:17:52.135,2026-07-19 14:17:58.055,5.92,5.92,2026-07-19 14:18:22.135,30.0,38,26,94.56333333333214,1.4009382716049206,75.33222222222048,243.0,133.0,110.0,145.85400714650382,1.959,True,17.0,16.0,2321.7816666666663,brake_T5,27.59853236293793,144.0126448017545,HARD,22.0,3.0,0.04580280926799318,10537.617094745294,41881.496285645415,400.0,False,1,False,CLOSE_INTERACTION_NO_PASS,0.0,,False,0.0,216.7856184554961,26.214381544503908,2.264607,True,2.264607,139.34675301954812,12,True,3.0,brake,0.3284061105028288,7069.849166666669,19,953.4864263418576,2,belgium_2026_R|OCO|SAI,belgium_2026_R|L38|belgium_2026_R|OCO|SAI,,False,v4_t0_anchored_30s_horizon
belgium_2026_R_00816,belgium_2026_R,2026,Belgian Grand Prix,PIA,VER,3,2026-07-19 14:17:53.736,2026-07-19 14:17:57.016,3.28,3.28,2026-07-19 14:18:23.736,30.0,39,15,94.98111111111109,1.3461889763779524,67.8366666666667,254.0,78.0,176.0,170.62021099389224,1.8010000000000002,True,4.0,3.0,281.2702777777778,brake_T1,54.95103304942677,114.95103304942677,HARD,19.0,2.0,0.9049518329894709,17448.4589904405,38712.53273454858,400.0,False,1,False,CLOSE_INTERACTION_NO_PASS,0.0,,False,0.0,233.50874463519312,20.491255364806875,2.854566,True,2.854566,150.2359136214324,13,True,3.0,brake,0.039784480707725285,7069.849166666669,19,953.4864263418576,2,belgium_2026_R|PIA|VER,belgium_2026_R|L39|belgium_2026_R|PIA|VER,,False,v4_t0_anchored_30s_horizon
belgium_2026_R_00817,belgium_2026_R,2026,Belgian Grand Prix,LIN,BOR,5,2026-07-19 14:18:10.616,2026-07-19 14:18:16.336,5.72,5.72,2026-07-19 14:18:40.616,30.0,38,25,94.9691666666622,1.643697115384538,65.95444444444092,208.0,97.0,111.0,148.67346938775827,1.96,True,9.0,8.0,6600.581111111114,brake_T18,19.903505165480965,144.95110040716554,HARD,22.0,2.0,0.44976323654898953,9914.965397409194,39817.30976587374,400.0,False,1,False,CLOSE_INTERACTION_NO_PASS,0.0,,False,0.0,236.0,-28.0,2.457305,True,2.457305,132.46400306353743,13,True,3.0,brake,0.9336240357477376,7069.849166666669,19,953.4864263418576,2,belgium_2026_R|BOR|LIN,belgium_2026_R|L38|belgium_2026_R|BOR|LIN,,True,v4_t0_anchored_30s_horizon
belgium_2026_R_00818,belgium_2026_R,2026,Belgian Grand Prix,OCO,SAI,55,2026-07-19 14:18:28.896,2026-07-19 14:18:33.976,5.08,5.08,2026-07-19 14:18:58.896,30.0,38,17,95.17833333332692,1.5504162895926559,84.92277777777235,221.0,148.0,73.0,91.6304347826099,1.8399999999999999,True,17.0,16.0,4392.647500000001,brake_T12,10.144909167331207,220.43793988538255,HARD,22.0,3.0,0.04280260540811617,10462.85575341297,41576.80870651406,400.0,False,1,False,CLOSE_INTERACTION_NO_PASS,0.0,,False,0.0,200.92151360543107,20.078486394568927,2.078102,True,2.078102,84.15346983862545,11,True,3.0,brake,0.6213212469525811,7069.849166666669,19,953.4864263418576,2,belgium_2026_R|OCO|SAI,belgium_2026_R|L38|belgium_2026_R|OCO|SAI,,False,v4_t0_anchored_30s_horizon
belgium_2026_R_00819,belgium_2026_R,2026,Belgian Grand Prix,HUL,GAS,10,2026-07-19 14:18:35.016,2026-07-19 14:18:42.656,7.64,7.64,2026-07-19 14:19:05.016,30.0,38,28,81.13388888888494,1.0320918727914692,17.82277777777381,283.0,161.0,122.0,,,False,13.0,11.0,6541.492777777784,brake_T18,78.99183849881138,204.03943374049595,HARD,18.0,2.0,0.834427002318833,9838.210645613974,67845.60352659364,400.0,False,1,False,CLOSE_INTERACTION_NO_PASS,0.0,,False,0.0,285.6503989361698,-2.650398936169779,1.332031,True,1.332031,33.096822299451084,12,True,3.0,brake,0.9252662431074188,7069.849166666669,19,953.4864263418576,2,belgium_2026_R|GAS|HUL,belgium_2026_R|L38|belgium_2026_R|GAS|HUL,,True,v4_t0_anchored_30s_horizon
belgium_2026_R_00820,belgium_2026_R,2026,Belgian Grand Prix,LAW,COL,43,2026-07-19 14:18:35.016,2026-07-19 14:18:42.656,7.64,7.64,2026-07-19 14:19:05.016,30.0,38,28,41.01638888888556,0.7065023923444402,12.696111111107712,209.0,94.0,115.0,,,False,12.0,10.0,6624.913611111114,corner_T18,60.618600407166014,120.61860040716601,HARD,23.0,2.0,0.9406570693419027,10096.993521780449,28284.501672675487,400.0,False,1,False,CLOSE_INTERACTION_NO_PASS,0.0,,False,0.0,159.21910971222619,49.780890287773815,1.321309,True,1.321309,98.02320313249686,12,True,3.0,corner,0.9370657640542938,7069.849166666669,19,953.4864263418576,2,belgium_2026_R|COL|LAW,belgium_2026_R|L38|belgium_2026_R|COL|LAW,,True,v4_t0_anchored_30s_horizon
belgium_2026_R_00821,belgium_2026_R,2026,Belgian Grand Prix,GAS,LAW,30,2026-07-19 14:18:35.936,2026-07-19 14:18:42.656,6.72,5.36,2026-07-19 14:19:05.936,30.0,38,20,11.143888888889705,0.3519122807017802,11.103888888888832,114.0,155.0,-41.0,-34.869565217392804,0.92,True,11.0,12.0,6654.213055555559,corner_T18,31.319155962721197,91.3191559627212,HARD,24.0,2.0,0.966370080486376,11130.141203186391,14447.34798411251,400.0,False,1,False,ON_TRACK_PASS,1.0,6.96,False,0.0,155.0,-41.0,0.253948,True,0.253948,-19.46569297046305,12,True,3.0,corner,0.941210045460266,7069.849166666669,19,953.4864263418576,2,belgium_2026_R|GAS|LAW,belgium_2026_R|L38|belgium_2026_R|GAS|LAW,belgium_2026_R_00824,True,v4_t0_anchored_30s_horizon
belgium_2026_R_00822,belgium_2026_R,2026,Belgian Grand Prix,HUL,LAW,30,2026-07-19 14:18:42.896,2026-07-19 14:18:57.736,14.84,14.84,2026-07-19 14:19:12.896,30.0,38,44,55.15999999999531,1.8733584905658784,32.93777777777774,106.0,161.0,-55.0,,,False,13.0,12.0,6794.412500000005,straight_15,,,HARD,18.0,2.0,0.9203294921699152,9759.91699612932,79.90052548186864,275.43666666666377,True,1,False,CLOSE_INTERACTION_NO_PASS,0.0,,False,0.0,98.67130681818632,7.3286931818136765,1.4858120000000001,True,1.4858120000000001,-28.712096665304355,11,True,3.0,straight,0.9610406586939212,7069.849166666669,19,953.4864263418576,2,belgium_2026_R|HUL|LAW,belgium_2026_R|L38|belgium_2026_R|HUL|LAW,,True,v4_t0_anchored_30s_horizon
belgium_2026_R_00823,belgium_2026_R,2026,Belgian Grand Prix,GAS,COL,43,2026-07-19 14:18:42.896,2026-07-19 14:20:09.417,86.521,86.521,2026-07-19 14:19:12.896,30.0,38,305,80.79444444444107,1.5070466321242895,19.41583333333324,193.0,232.0,-39.0,,,False,11.0,10.0,6851.310555555558,straight_15,,,HARD,24.0,2.0,0.9676581825853015,7743.771846742208,63.39515387392999,218.5386111111111,True,1,False,CLOSE_INTERACTION_NO_PASS,0.0,,False,0.0,186.15582239925223,6.84417760074777,1.363025,True,1.363025,-55.18651275820247,11,True,3.0,straight,0.9690886458877384,7069.849166666669,19,953.4864263418576,2,belgium_2026_R|COL|GAS,belgium_2026_R|L38|belgium_2026_R|COL|GAS,,True,v4_t0_anchored_30s_horizon
belgium_2026_R_00824,belgium_2026_R,2026,Belgian Grand Prix,LAW,GAS,10,2026-07-19 14:18:44.735,2026-07-19 14:20:48.896,124.161,124.161,2026-07-19 14:19:14.735,30.0,38,437,13.889722222224009,0.22422869955159835,10.369166666660021,223.0,246.0,-23.0,-24.305057096250003,1.839,True,12.0,11.0,6956.431388888888,straight_15,,,HARD,23.0,2.0,0.9657359637438111,4018.8843061196976,32.90099373151924,113.41777777778043,True,1,False,UNCERTAIN,,,False,0.0,,,,False,,-65.83006019920032,9,True,3.0,straight,0.9839575392481457,7069.849166666669,19,953.4864263418576,2,belgium_2026_R|GAS|LAW,belgium_2026_R|L38|belgium_2026_R|GAS|LAW,belgium_2026_R_00821,True,v4_t0_anchored_30s_horizon
belgium_2026_R_00825,belgium_2026_R,2026,Belgian Grand Prix,SAI,ALB,23,2026-07-19 14:18:59.536,2026-07-19 14:19:04.697,5.161,5.161,2026-07-19 14:19:29.536,30.0,38,22,95.51722222223088,1.4092704918034067,54.695000000006075,244.0,74.0,170.0,194.13666666666722,1.8,True,16.0,15.0,6595.808888888885,brake_T18,24.67572738771014,149.72332262939472,HARD,24.0,2.0,0.700470699577503,9908.766360957912,42080.99260799285,400.0,False,1,False,CLOSE_INTERACTION_NO_PASS,0.0,,False,0.0,209.66058168319333,34.33941831680667,3.165396,True,3.165396,186.76175334624247,10,True,3.0,brake,0.932949025275841,7069.849166666669,19,953.4864263418576,2,belgium_2026_R|ALB|SAI,belgium_2026_R|L38|belgium_2026_R|ALB|SAI,,True,v4_t0_anchored_30s_horizon
belgium_2026_R_00826,belgium_2026_R,2026,Belgian Grand Prix,OCO,SAI,55,2026-07-19 14:19:01.256,2026-07-19 14:19:08.696,7.44,7.44,2026-07-19 14:19:31.256,30.0,38,29,97.16388888888378,1.2537275985662422,34.108888888884394,279.0,101.0,178.0,129.79069767441638,1.72,True,17.0,16.0,6573.382222222223,brake_T18,47.10239405437187,172.14998929605645,HARD,22.0,3.0,0.004317390527948534,9879.634497923576,52718.984339135,400.0,False,1,False,CLOSE_INTERACTION_NO_PASS,0.0,,False,0.0,281.2245901639272,-2.2245901639271892,2.050885,True,2.050885,83.93798321634407,12,True,3.0,brake,0.9297768689627472,7069.849166666669,19,953.4864263418576,2,belgium_2026_R|OCO|SAI,belgium_2026_R|L38|belgium_2026_R|OCO|SAI,,True,v4_t0_anchored_30s_horizon
belgium_2026_R_00827,belgium_2026_R,2026,Belgian Grand Prix,LIN,BOR,5,2026-07-19 14:19:04.697,2026-07-19 14:19:07.856,3.159,3.159,2026-07-19 14:19:34.697,30.0,39,12,98.94694444444485,1.9254540540540621,83.14305555555575,185.0,117.0,68.0,92.50841933731718,1.841,True,9.0,8.0,2930.6327777777765,brake_T8,50.91018886065149,110.91018886065149,HARD,23.0,2.0,0.49245708391611387,10477.94429353044,32038.796080027845,400.0,False,1,False,CLOSE_INTERACTION_NO_PASS,0.0,,False,0.0,212.11666666666733,-27.116666666667328,2.509222,True,2.509222,78.28923661643945,12,True,3.0,brake,0.4145255024103332,7069.849166666669,19,953.4864263418576,2,belgium_2026_R|BOR|LIN,belgium_2026_R|L39|belgium_2026_R|BOR|LIN,,False,v4_t0_anchored_30s_horizon
belgium_2026_R_00828,belgium_2026_R,2026,Belgian Grand Prix,ALO,SAI,55,2026-07-19 14:19:13.856,2026-07-19 14:19:20.976,7.12,7.12,2026-07-19 14:19:43.856,30.0,38,28,97.6880555555556,1.4067080000000005,36.217777777777826,250.0,166.0,84.0,5.189261031366326,1.881,True,19.0,16.0,223.40305555555557,brake_T1,112.81825527164898,172.81825527164898,HARD,7.0,3.0,0.586620764989241,15116.406860229496,71131.6196176471,399.99999999999994,False,1,False,LAPPED_UNLAPPED,,,False,0.0,279.4409375,-29.440937500000018,1.48945,True,1.48945,-15.673205170077239,10,True,3.0,brake,0.03159940902400989,7069.849166666669,19,953.4864263418576,2,belgium_2026_R|ALO|SAI,belgium_2026_R|L38|belgium_2026_R|ALO|SAI,,False,v4_t0_anchored_30s_horizon
belgium_2026_R_00829,belgium_2026_R,2026,Belgian Grand Prix,LEC,ANT,12,2026-07-19 14:19:17.816,2026-07-19 14:19:28.136,10.32,10.32,2026-07-19 14:19:47.816,30.0,39,38,91.71222222222514,1.142435986159206,16.060555555557585,289.0,154.0,135.0,59.104347826087775,1.8399999999999999,True,2.0,1.0,6549.979166666666,brake_T18,70.5054496099292,195.55304485161378,HARD,19.0,2.0,0.0,9849.234322134504,63820.12189042218,400.0,False,1,False,UNCERTAIN,,,False,0.0,291.88770045819024,-2.8877004581902384,1.533048,True,1.533048,28.815406763899173,11,True,3.0,brake,0.9264666066072363,7069.849166666669,19,953.4864263418576,2,belgium_2026_R|ANT|LEC,belgium_2026_R|L39|belgium_2026_R|ANT|LEC,,True,v4_t0_anchored_30s_horizon
belgium_2026_R_00830,belgium_2026_R,2026,Belgian Grand Prix,HUL,LAW,30,2026-07-19 14:19:18.856,2026-07-19 14:19:25.576,6.72,6.72,2026-07-19 14:19:48.856,30.0,39,25,96.47416666666686,1.3357961538461567,77.90750000000025,260.0,140.0,120.0,129.37700000000015,2.0,True,13.0,12.0,2310.6227777777785,brake_T5,38.75742125182569,155.17153369064226,HARD,19.0,2.0,0.895190186148681,10090.864874840117,50371.68852512569,400.0,False,1,False,CLOSE_INTERACTION_NO_PASS,0.0,,False,0.0,225.64600051440345,34.353999485596546,2.073884,True,2.073884,112.31603652221884,11,True,3.0,brake,0.3268277332806527,7069.849166666669,19,953.4864263418576,2,belgium_2026_R|HUL|LAW,belgium_2026_R|L39|belgium_2026_R|HUL|LAW,,False,v4_t0_anchored_30s_horizon
belgium_2026_R_00831,belgium_2026_R,2026,Belgian Grand Prix,PIA,VER,3,2026-07-19 14:19:30.896,2026-07-19 14:19:35.417,4.521,4.521,2026-07-19 14:20:00.896,30.0,39,18,87.64777777778,1.5169807692308075,59.95166666666864,208.0,79.0,129.0,188.06595744680888,1.88,True,4.0,3.0,6620.822222222222,corner_T18,64.70998929605776,124.70998929605776,HARD,19.0,2.0,0.8682765958721329,9952.72426942983,30216.728645873536,400.0,False,1,False,CLOSE_INTERACTION_NO_PASS,0.0,,False,0.0,176.22077922078057,31.77922077921943,3.20038,True,3.20038,192.0267549222351,10,True,3.0,corner,0.9364870545525151,7069.849166666669,19,953.4864263418576,2,belgium_2026_R|PIA|VER,belgium_2026_R|L39|belgium_2026_R|PIA|VER,,True,v4_t0_anchored_30s_horizon
belgium_2026_R_00832,belgium_2026_R,2026,Belgian Grand Prix,SAI,ALB,23,2026-07-19 14:19:53.376,2026-07-19 14:19:57.056,3.68,3.68,2026-07-19 14:20:23.376,30.0,39,15,99.45166666666819,1.6808732394366455,78.55166666666855,213.0,114.0,99.0,107.24000000000125,2.0,True,16.0,15.0,2914.5180555555544,brake_T8,67.02491108287359,127.02491108287359,HARD,25.0,2.0,0.7066425989415868,9707.657913822766,39713.635062001515,400.0,False,1,False,CLOSE_INTERACTION_NO_PASS,0.0,,False,0.0,181.84946633826306,31.150533661736944,2.6199019999999997,True,2.6199019999999997,98.2485002326119,11,True,3.0,brake,0.4122461437080004,7069.849166666669,19,953.4864263418576,2,belgium_2026_R|ALB|SAI,belgium_2026_R|L39|belgium_2026_R|ALB|SAI,,False,v4_t0_anchored_30s_horizon
belgium_2026_R_00833,belgium_2026_R,2026,Belgian Grand Prix,HUL,LAW,30,2026-07-19 14:19:54.456,2026-07-19 14:20:09.737,15.281,15.281,2026-07-19 14:20:24.456,30.0,39,57,93.35083333333296,1.2539664179104428,55.185555555558494,268.0,178.0,90.0,45.08333333333212,1.92,True,13.0,12.0,4338.526666666669,brake_T12,64.26574250066278,274.5587732187141,HARD,19.0,2.0,0.8994615744971256,10006.374323739341,58690.63703259939,400.0,False,1,False,CLOSE_INTERACTION_NO_PASS,0.0,,False,0.0,264.99395604395596,3.0060439560440386,1.5747879999999999,True,1.5747879999999999,27.045072779019723,11,True,3.0,brake,0.613666085992641,7069.849166666669,19,953.4864263418576,2,belgium_2026_R|HUL|LAW,belgium_2026_R|L39|belgium_2026_R|HUL|LAW,,False,v4_t0_anchored_30s_horizon
belgium_2026_R_00834,belgium_2026_R,2026,Belgian Grand Prix,LEC,ANT,12,2026-07-19 14:19:59.456,2026-07-19 14:20:59.417,59.961,59.961,2026-07-19 14:20:29.456,30.0,40,231,99.22805555555578,1.1449391025641051,42.17611111111,312.0,210.0,102.0,30.326500000001033,2.0,True,2.0,1.0,2240.560833333333,brake_T5,108.81936569627123,225.2334781350878,HARD,20.0,2.0,0.002461681419532969,7468.610701503381,103679.04237173544,400.0,False,1,False,CLOSE_INTERACTION_NO_PASS,0.0,,False,0.0,308.51554094441127,3.4844590555887294,1.3232140000000001,True,1.3232140000000001,17.602942885645927,10,True,3.0,brake,0.3169177701693069,7069.849166666669,19,953.4864263418576,2,belgium_2026_R|ANT|LEC,belgium_2026_R|L40|belgium_2026_R|ANT|LEC,,False,v4_t0_anchored_30s_horizon
belgium_2026_R_00835,belgium_2026_R,2026,Belgian Grand Prix,LIN,BOR,5,2026-07-19 14:20:02.336,2026-07-19 14:20:06.656,4.32,4.32,2026-07-19 14:20:32.336,30.0,39,15,93.61527777779065,2.0180538922158466,80.81500000001233,167.0,75.0,92.0,143.39583333333226,1.92,True,9.0,8.0,6634.38583333333,corner_T18,51.146378184949754,111.14637818494975,HARD,23.0,2.0,0.47075227362149064,10431.000005937525,23811.085976703867,400.0,False,1,False,CLOSE_INTERACTION_NO_PASS,0.0,,False,0.0,209.16995073893798,-42.169950738937985,2.941699,True,2.941699,149.60744058172284,14,True,3.0,corner,0.9384055694728982,7069.849166666669,19,953.4864263418576,2,belgium_2026_R|BOR|LIN,belgium_2026_R|L39|belgium_2026_R|BOR|LIN,,True,v4_t0_anchored_30s_horizon
belgium_2026_R_00836,belgium_2026_R,2026,Belgian Grand Prix,BOT,LIN,41,2026-07-19 14:20:13.016,2026-07-19 14:20:26.776,13.76,13.76,2026-07-19 14:20:43.016,30.0,39,54,70.48472222222223,1.0937284482758622,19.989166666666563,232.0,248.0,-16.0,,,False,18.0,9.0,23.043888888888883,straight_01,313.17742193831566,373.17742193831566,SOFT,7.0,3.0,0.9419073685876055,16876.220016475687,75209.24348387553,400.0,False,1,False,LAPPED_UNLAPPED,,,False,0.0,232.58589743589744,-0.5858974358974365,1.032128,True,1.032128,-57.20656398238371,11,True,3.0,straight,0.0032594597629518798,7069.849166666669,19,953.4864263418576,2,belgium_2026_R|BOT|LIN,belgium_2026_R|L39|belgium_2026_R|BOT|LIN,,False,v4_t0_anchored_30s_horizon
belgium_2026_R_00837,belgium_2026_R,2026,Belgian Grand Prix,PIA,HAM,44,2026-07-19 14:20:13.856,2026-07-19 14:21:01.136,47.28,47.28,2026-07-19 14:20:43.856,30.0,40,177,10.448055555555129,0.24424025974024977,10.448055555555129,154.0,171.0,-17.0,-11.218342886921159,1.919,True,5.0,4.0,2360.5202777777777,corner_T5,48.85992125182656,105.27403369064314,HARD,20.0,2.0,0.88260317742164,12265.660624283719,17036.548068116404,400.0,False,1,False,CLOSE_INTERACTION_NO_PASS,0.0,,False,1.0,182.78919753086348,-28.789197530863476,0.223374,True,0.223374,-14.489380915206652,11,True,3.0,corner,0.3338855217601097,7069.849166666669,19,953.4864263418576,2,belgium_2026_R|HAM|PIA,belgium_2026_R|L40|belgium_2026_R|HAM|PIA,,False,v4_t0_anchored_30s_horizon
belgium_2026_R_00838,belgium_2026_R,2026,Belgian Grand Prix,GAS,COL,43,2026-07-19 14:20:18.777,2026-07-19 14:22:00.777,102.0,102.0,2026-07-19 14:20:48.777,30.0,39,397,99.61361111111182,1.2451701388888978,15.078888888889196,288.0,280.0,8.0,5.897959183674509,1.96,True,11.0,10.0,6072.0325,brake_T17,9.95829981539282,69.95829981539282,HARD,25.0,2.0,0.9194383759342435,30937.97554406465,224.0895420247444,400.0,False,1,False,CLOSE_INTERACTION_NO_PASS,0.0,,False,0.0,287.36182114928596,0.6381788507140413,1.196891,True,1.196891,5.973502907134927,11,True,3.0,brake,0.8588630898419684,7069.849166666669,19,953.4864263418576,2,belgium_2026_R|COL|GAS,belgium_2026_R|L39|belgium_2026_R|COL|GAS,,True,v4_t0_anchored_30s_horizon
belgium_2026_R_00839,belgium_2026_R,2026,Belgian Grand Prix,HUL,LAW,30,2026-07-19 14:20:27.336,2026-07-19 14:20:36.296,8.96,8.96,2026-07-19 14:20:57.336,30.0,39,36,98.33361111111753,1.2597900355872709,31.889444444452238,281.0,127.0,154.0,97.83191595797608,1.999,True,13.0,12.0,6556.666944444443,brake_T18,63.81767183215197,188.86526707383655,HARD,19.0,2.0,0.8472959620537538,9857.921633054226,60647.803607140704,400.0,False,1,False,CLOSE_INTERACTION_NO_PASS,0.0,,False,0.0,268.31112012987194,12.688879870128062,1.920185,True,1.920185,68.73414799713966,14,True,3.0,brake,0.9274125642394456,7069.849166666669,19,953.4864263418576,2,belgium_2026_R|HUL|LAW,belgium_2026_R|L39|belgium_2026_R|HUL|LAW,,True,v4_t0_anchored_30s_horizon
belgium_2026_R_00840,belgium_2026_R,2026,Belgian Grand Prix,LIN,BOR,5,2026-07-19 14:20:44.096,2026-07-19 14:20:47.096,3.0,3.0,2026-07-19 14:21:14.096,30.0,40,15,95.04666666666571,1.5989158878504512,89.92749999999978,214.0,141.0,73.0,123.99011627907143,1.72,True,9.0,8.0,2331.868333333334,brake_T5,17.511865696270434,133.925978135087,HARD,24.0,2.0,0.4604722455025458,10941.442311543055,34207.099676065,400.0,False,1,False,CLOSE_INTERACTION_NO_PASS,0.0,,False,0.0,217.11395526960644,-3.1139552696064356,2.205642,True,2.205642,123.51129475447185,10,True,3.0,brake,0.32983282646647694,7069.849166666669,19,953.4864263418576,2,belgium_2026_R|BOR|LIN,belgium_2026_R|L40|belgium_2026_R|BOR|LIN,,False,v4_t0_anchored_30s_horizon
belgium_2026_R_00841,belgium_2026_R,2026,Belgian Grand Prix,BOT,LIN,41,2026-07-19 14:20:44.577,2026-07-19 14:20:53.256,8.679,8.679,2026-07-19 14:21:14.577,30.0,39,35,99.9161111111107,1.1603161290322532,61.20499999999856,310.0,173.0,137.0,66.01020408163262,1.96,True,18.0,9.0,2256.5441666666675,brake_T5,92.83603236293675,209.25014480175332,SOFT,7.0,3.0,0.8613753948855207,7925.7981012712635,91517.16536867105,400.0,False,1,False,LAPPED_UNLAPPED,,,False,0.0,299.923192041522,10.076807958478014,1.550961,True,1.550961,42.95082657357635,12,True,3.0,brake,0.31917854447389793,7069.849166666669,19,953.4864263418576,2,belgium_2026_R|BOT|LIN,belgium_2026_R|L39|belgium_2026_R|BOT|LIN,,False,v4_t0_anchored_30s_horizon
belgium_2026_R_00842,belgium_2026_R,2026,Belgian Grand Prix,SAI,ALB,23,2026-07-19 14:20:50.817,2026-07-19 14:20:57.857,7.04,7.04,2026-07-19 14:21:20.817,30.0,39,27,91.29305555555584,1.1332931034482794,32.96805555555693,290.0,89.0,201.0,169.09994794378383,1.921,True,16.0,15.0,6577.47361111111,brake_T18,43.011005165485585,168.05860040717016,HARD,25.0,2.0,0.6422521581190834,9884.949143318847,50778.25182565988,400.0,False,1,False,CLOSE_INTERACTION_NO_PASS,0.0,,False,0.0,250.62347579199084,39.37652420800916,2.401539,True,2.401539,138.27539621676283,12,True,3.0,brake,0.9303555784645252,7069.849166666669,19,953.4864263418576,2,belgium_2026_R|ALB|SAI,belgium_2026_R|L39|belgium_2026_R|ALB|SAI,,True,v4_t0_anchored_30s_horizon
belgium_2026_R_00843,belgium_2026_R,2026,Belgian Grand Prix,LAW,GAS,10,2026-07-19 14:20:52.936,2026-07-19 14:22:18.097,85.161,83.641,2026-07-19 14:21:22.936,30.0,40,323,99.5208333333336,1.0726796407185657,10.885277777776992,334.0,311.0,23.0,12.616453585325498,1.799,True,12.0,11.0,975.0688888888889,brake_T2,38.915625230678074,300.82488379885774,HARD,25.0,2.0,0.9602758810737196,33065.98271047528,192.65753773221638,400.0000000000001,False,1,False,CLOSE_INTERACTION_NO_PASS,0.0,85.561,True,0.0,320.6446205357143,13.355379464285704,1.139493,True,1.139493,3.6538774929377875,13,True,3.0,brake,0.13791933404834147,7069.849166666669,19,953.4864263418576,2,belgium_2026_R|GAS|LAW,belgium_2026_R|L40|belgium_2026_R|GAS|LAW,,False,v4_t0_anchored_30s_horizon
belgium_2026_R_00844,belgium_2026_R,2026,Belgian Grand Prix,OCO,SAI,55,2026-07-19 14:20:54.136,2026-07-19 14:20:59.696,5.56,5.56,2026-07-19 14:21:24.136,30.0,39,22,95.09000000000378,1.5420000000000613,55.64472222222685,222.0,78.0,144.0,174.2766383191616,1.999,True,17.0,16.0,6607.633333333326,brake_T18,12.851282943269325,137.8988781849539,HARD,23.0,3.0,0.03788064304291425,9924.12611553636,36472.11884645872,400.0,False,1,False,CLOSE_INTERACTION_NO_PASS,0.0,,False,0.0,237.24335748794473,-15.243357487944735,2.884144,True,2.884144,159.39264667016047,12,True,3.0,brake,0.9346215424916525,7069.849166666669,19,953.4864263418576,2,belgium_2026_R|OCO|SAI,belgium_2026_R|L39|belgium_2026_R|OCO|SAI,,True,v4_t0_anchored_30s_horizon
belgium_2026_R_00845,belgium_2026_R,2026,Belgian Grand Prix,LEC,ANT,12,2026-07-19 14:21:07.096,2026-07-19 14:21:17.737,10.641,10.641,2026-07-19 14:21:37.096,30.0,40,38,97.05944444444594,1.2132430555555742,22.164722222223645,288.0,190.0,98.0,21.7949972811333,1.839,True,2.0,1.0,6533.013055555556,brake_T18,87.47156072103917,212.51915596272374,HARD,20.0,2.0,0.0,9827.195628981368,71867.9228584513,400.0,False,1,False,CLOSE_INTERACTION_NO_PASS,0.0,,False,0.0,291.0,-3.0,1.361254,True,1.361254,4.607064066150596,14,True,3.0,brake,0.9240668225791551,7069.849166666669,19,953.4864263418576,2,belgium_2026_R|ANT|LEC,belgium_2026_R|L40|belgium_2026_R|ANT|LEC,,True,v4_t0_anchored_30s_horizon
belgium_2026_R_00846,belgium_2026_R,2026,Belgian Grand Prix,HUL,LAW,30,2026-07-19 14:21:09.536,2026-07-19 14:22:03.737,54.201,54.201,2026-07-19 14:21:39.536,30.0,40,210,99.17305555555504,1.16294136807817,35.50944444445577,307.0,155.0,152.0,121.88888888888958,1.8,True,13.0,12.0,2272.9447222222225,brake_T5,76.43547680738175,192.84958924619832,HARD,20.0,2.0,0.8524298404007966,8582.403313051687,79038.8737674705,400.0,False,1,False,CLOSE_INTERACTION_NO_PASS,0.0,,False,0.0,272.66143173306074,34.33856826693926,1.871172,True,1.871172,78.50027382261675,12,True,3.0,brake,0.32149833308167775,7069.849166666669,19,953.4864263418576,2,belgium_2026_R|HUL|LAW,belgium_2026_R|L40|belgium_2026_R|HUL|LAW,,False,v4_t0_anchored_30s_horizon
belgium_2026_R_00847,belgium_2026_R,2026,Belgian Grand Prix,HAM,VER,3,2026-07-19 14:21:21.096,2026-07-19 14:21:24.577,3.481,3.481,2026-07-19 14:21:51.096,30.0,40,13,96.29111111110797,1.658602870813343,74.41333333333023,209.0,83.0,126.0,179.75716519020403,1.919,True,4.0,3.0,6628.927222222221,corner_T18,56.6049892960591,116.6049892960591,HARD,20.0,2.0,0.5636138170522025,10238.520198894337,26389.00655856795,400.0,False,1,False,CLOSE_INTERACTION_NO_PASS,0.0,,False,-1.0,174.6568597560911,34.34314024390889,3.640195,True,3.640195,189.49856769106418,13,True,3.0,corner,0.9376334722212558,7069.849166666669,19,953.4864263418576,2,belgium_2026_R|HAM|VER,belgium_2026_R|L40|belgium_2026_R|HAM|VER,,True,v4_t0_anchored_30s_horizon
belgium_2026_R_00848,belgium_2026_R,2026,Belgian Grand Prix,PIA,HAM,44,2026-07-19 14:21:22.296,2026-07-19 14:21:29.056,6.76,6.76,2026-07-19 14:21:52.296,30.0,40,25,95.23833333333096,1.3136321839080132,58.99611111111062,261.0,112.0,149.0,110.77551020408502,1.96,True,5.0,4.0,6578.8711111111115,brake_T18,41.61350516548373,166.6611004071683,HARD,20.0,2.0,0.8443321395167452,9886.764472328532,50115.35378266221,400.0,False,1,False,CLOSE_INTERACTION_NO_PASS,0.0,,False,1.0,270.1501388888885,-9.150138888888478,1.968007,True,1.968007,75.41487745093629,13,True,3.0,brake,0.9305532488768715,7069.849166666669,19,953.4864263418576,2,belgium_2026_R|HAM|PIA,belgium_2026_R|L40|belgium_2026_R|HAM|PIA,,True,v4_t0_anchored_30s_horizon
belgium_2026_R_00849,belgium_2026_R,2026,Belgian Grand Prix,NOR,HAD,6,2026-07-19 14:21:33.536,2026-07-19 14:21:38.057,4.521,4.521,2026-07-19 14:22:03.536,30.0,40,19,89.85805555555453,1.6504540816326343,67.21333333333223,196.0,76.0,120.0,175.38241601143795,1.399,True,7.0,6.0,6611.758333333335,brake_T18,8.72628294326023,133.7738781849448,MEDIUM,10.0,2.0,0.8153288706604804,9929.484421200015,34515.44304870005,400.0,False,1,False,CLOSE_INTERACTION_NO_PASS,0.0,,False,0.0,202.6095795043119,-6.60957950431191,3.0909,True,3.0909,183.6772453695716,9,True,3.0,brake,0.9352050061416916,7069.849166666669,19,953.4864263418576,2,belgium_2026_R|HAD|NOR,belgium_2026_R|L40|belgium_2026_R|HAD|NOR,,True,v4_t0_anchored_30s_horizon
belgium_2026_R_00850,belgium_2026_R,2026,Belgian Grand Prix,SAI,ALB,23,2026-07-19 14:21:33.536,2026-07-19 14:21:37.777,4.241,4.241,2026-07-19 14:22:03.536,30.0,40,18,93.19000000000051,1.1896595744680918,82.61222222222295,282.0,142.0,140.0,148.54896354538806,1.399,True,16.0,15.0,2317.799166666665,brake_T5,31.581032362939368,147.99514480175594,HARD,26.0,2.0,0.6554757728281803,10378.175529058162,44911.564147277524,400.0,False,1,False,CLOSE_INTERACTION_NO_PASS,0.0,,False,0.0,214.39231301939165,67.60768698060835,2.131847,True,2.131847,136.36806770087455,9,True,3.0,brake,0.3278428028697921,7069.849166666669,19,953.4864263418576,2,belgium_2026_R|ALB|SAI,belgium_2026_R|L40|belgium_2026_R|ALB|SAI,,False,v4_t0_anchored_30s_horizon
belgium_2026_R_00851,belgium_2026_R,2026,Belgian Grand Prix,LEC,ANT,12,2026-07-19 14:21:48.976,2026-07-19 14:22:12.577,23.601,23.601,2026-07-19 14:22:18.976,30.0,41,94,99.35777777777912,1.1319240506329267,36.39527777777903,316.0,229.0,87.0,23.187500000000227,1.92,True,2.0,1.0,2233.5997222222213,brake_T5,115.78047680738291,232.19458924619948,HARD,21.0,2.0,0.0,7403.551155688131,108976.57451252108,400.0,False,1,False,CLOSE_INTERACTION_NO_PASS,0.0,,False,0.0,312.65948946886454,3.3405105311354646,1.264657,True,1.264657,9.840770671515376,13,True,3.0,brake,0.31593315070331707,7069.849166666669,19,953.4864263418576,2,belgium_2026_R|ANT|LEC,belgium_2026_R|L41|belgium_2026_R|ANT|LEC,,False,v4_t0_anchored_30s_horizon
belgium_2026_R_00852,belgium_2026_R,2026,Belgian Grand Prix,LIN,BOR,5,2026-07-19 14:21:52.337,2026-07-19 14:21:58.097,5.76,5.76,2026-07-19 14:22:22.337,30.0,40,23,99.57305555556013,1.7486000000000803,65.89472222222503,205.0,90.0,115.0,145.44897959183837,1.96,True,9.0,8.0,6603.01944444444,brake_T18,17.465171832155647,142.51276707384022,HARD,24.0,2.0,0.43948822131459947,9918.132751423695,38660.69696098274,400.0,False,1,False,CLOSE_INTERACTION_NO_PASS,0.0,,False,0.0,244.79727326616623,-39.79727326616623,2.536101,True,2.536101,126.53890773113385,15,True,3.0,brake,0.9339689275942031,7069.849166666669,19,953.4864263418576,2,belgium_2026_R|BOR|LIN,belgium_2026_R|L40|belgium_2026_R|BOR|LIN,,True,v4_t0_anchored_30s_horizon
belgium_2026_R_00853,belgium_2026_R,2026,Belgian Grand Prix,BOT,LIN,41,2026-07-19 14:21:55.376,2026-07-19 14:22:00.296,4.92,4.92,2026-07-19 14:22:25.376,30.0,39,20,90.53888888888196,1.6378894472360555,64.774444444437,199.0,77.0,122.0,165.58510638297776,1.88,True,18.0,9.0,6610.956944444448,brake_T18,9.527671832147462,134.57526707383204,SOFT,7.0,3.0,0.8983517390019293,9928.443430503748,34895.57838045154,400.0,False,1,False,LAPPED_UNLAPPED,,,False,0.0,188.6936141304186,10.30638586958139,2.883701,True,2.883701,162.07668401340806,12,True,3.0,brake,0.9350916531026104,7069.849166666669,19,953.4864263418576,2,belgium_2026_R|BOT|LIN,belgium_2026_R|L39|belgium_2026_R|BOT|LIN,,True,v4_t0_anchored_30s_horizon
belgium_2026_R_00854,belgium_2026_R,2026,Belgian Grand Prix,GAS,COL,43,2026-07-19 14:22:06.137,2026-07-19 14:22:18.097,11.96,11.96,2026-07-19 14:22:36.137,30.0,40,49,99.44333333333998,1.1257735849057358,30.123333333335722,318.0,305.0,13.0,12.90909090909157,1.32,True,11.0,10.0,5728.562222222218,brake_T16,85.29974848234724,145.29974848234724,HARD,26.0,2.0,0.9495483722883603,33217.282933375136,115.06680944217328,400.0,False,1,False,CLOSE_INTERACTION_NO_PASS,0.0,,False,0.0,316.0,2.0,1.155746,True,1.155746,8.424956747390151,9,True,3.0,brake,0.8102806845203392,7069.849166666669,19,953.4864263418576,2,belgium_2026_R|COL|GAS,belgium_2026_R|L40|belgium_2026_R|COL|GAS,,True,v4_t0_anchored_30s_horizon
belgium_2026_R_00855,belgium_2026_R,2026,Belgian Grand Prix,PIA,HAM,44,2026-07-19 14:22:16.577,2026-07-19 14:22:19.737,3.16,3.16,2026-07-19 14:22:46.577,30.0,41,13,97.70388888888829,1.9984886363636243,84.99277777777752,176.0,115.0,61.0,91.81929110982003,1.721,True,5.0,4.0,2925.3761111111126,brake_T8,56.16685552731542,116.16685552731542,HARD,21.0,2.0,0.895474737234875,10226.674759984846,34542.34964379451,400.0,False,1,False,CLOSE_INTERACTION_NO_PASS,0.0,,False,0.0,218.76607142856813,-42.766071428568125,2.421142,True,2.421142,79.05804264845136,12,True,3.0,brake,0.4137819693387299,7069.849166666669,19,953.4864263418576,2,belgium_2026_R|HAM|PIA,belgium_2026_R|L41|belgium_2026_R|HAM|PIA,,False,v4_t0_anchored_30s_horizon
belgium_2026_R_00856,belgium_2026_R,2026,Belgian Grand Prix,LAW,COL,43,2026-07-19 14:22:18.497,2026-07-19 14:22:23.177,4.68,4.68,2026-07-19 14:22:48.497,30.0,40,17,27.920833333330847,0.866508620689578,22.46972222221939,116.0,82.0,34.0,,,False,12.0,10.0,6652.612222222226,corner_T18,32.919989296054155,92.91998929605415,HARD,25.0,2.0,0.9691464494561918,11073.693127872668,15203.368355253117,400.0,False,1,False,CLOSE_INTERACTION_NO_PASS,0.0,,False,0.0,109.2981060606021,6.701893939397905,1.114616,True,1.114616,83.77881912332509,12,True,3.0,corner,0.9409836144154735,7069.849166666669,19,953.4864263418576,2,belgium_2026_R|COL|LAW,belgium_2026_R|L40|belgium_2026_R|COL|LAW,,True,v4_t0_anchored_30s_horizon
belgium_2026_R_00857,belgium_2026_R,2026,Belgian Grand Prix,HUL,GAS,10,2026-07-19 14:22:18.497,2026-07-19 14:22:23.177,4.68,4.68,2026-07-19 14:22:48.497,30.0,40,17,57.660833333338815,0.7745485074627602,17.88305555556326,268.0,99.0,169.0,,,False,13.0,11.0,6594.676666666659,brake_T18,25.80794960993626,150.85554485162083,HARD,20.0,2.0,0.8420928206928914,9907.295623322552,42618.05729160727,400.0,False,1,False,CLOSE_INTERACTION_NO_PASS,0.0,,False,0.0,212.49761618590077,55.50238381409923,1.538129,True,1.538129,98.52164641761247,12,True,3.0,brake,0.9327888772733115,7069.849166666669,19,953.4864263418576,2,belgium_2026_R|GAS|HUL,belgium_2026_R|L40|belgium_2026_R|GAS|HUL,,True,v4_t0_anchored_30s_horizon
belgium_2026_R_00858,belgium_2026_R,2026,Belgian Grand Prix,HUL,LAW,30,2026-07-19 14:22:23.337,2026-07-19 14:22:43.417,20.08,20.08,2026-07-19 14:22:53.337,30.0,40,78,20.11055555556777,0.9402337662343373,20.11055555556777,77.0,85.0,-8.0,,,False,13.0,12.0,6740.684166666657,corner_T19,,4.848044851622944,HARD,20.0,2.0,0.9074550141911444,11506.814928839605,199.2214690018647,329.1650000000118,True,1,False,CLOSE_INTERACTION_NO_PASS,0.0,107.96,True,0.0,70.0,7.0,0.939,True,0.939,4.7555328826305105,11,True,3.0,corner,0.9534410151843157,7069.849166666669,19,953.4864263418576,2,belgium_2026_R|HUL|LAW,belgium_2026_R|L40|belgium_2026_R|HUL|LAW,,True,v4_t0_anchored_30s_horizon
belgium_2026_R_00859,belgium_2026_R,2026,Belgian Grand Prix,LAW,GAS,10,2026-07-19 14:22:24.777,2026-07-19 14:24:10.417,105.64,99.4,2026-07-19 14:22:54.777,30.0,40,349,10.310833333327537,0.27094160583926374,10.008888888882211,137.0,167.0,-30.0,-24.666666666662426,1.44,True,12.0,11.0,6805.622500000004,straight_15,,,HARD,25.0,2.0,0.9766864787073515,9362.698024339305,76.64865309504643,264.22666666666464,True,1,False,CLOSE_INTERACTION_NO_PASS,0.0,105.84,True,0.0,156.52392714571587,-19.523927145715874,0.228568,True,0.228568,-18.826810891583353,13,True,3.0,straight,0.9626262653646904,7069.849166666669,19,953.4864263418576,2,belgium_2026_R|GAS|LAW,belgium_2026_R|L40|belgium_2026_R|GAS|LAW,,True,v4_t0_anchored_30s_horizon
belgium_2026_R_00860,belgium_2026_R,2026,Belgian Grand Prix,LIN,BOR,5,2026-07-19 14:22:33.777,2026-07-19 14:22:39.137,5.36,5.36,2026-07-19 14:23:03.777,30.0,41,23,98.04777777777645,1.2472508833922091,75.04749999999831,283.0,157.0,126.0,87.41999999999989,2.0,True,9.0,8.0,2279.3388888888894,brake_T5,70.04131014071481,186.4554225795314,HARD,25.0,2.0,0.4234844263842584,8838.397272774844,74173.89977661557,400.0,False,1,False,CLOSE_INTERACTION_NO_PASS,0.0,,False,0.0,299.8680399804967,-16.86803998049669,1.7336719999999999,True,1.7336719999999999,64.49316494481818,11,True,3.0,brake,0.3224027606749586,7069.849166666669,19,953.4864263418576,2,belgium_2026_R|BOR|LIN,belgium_2026_R|L41|belgium_2026_R|BOR|LIN,,False,v4_t0_anchored_30s_horizon
belgium_2026_R_00861,belgium_2026_R,2026,Belgian Grand Prix,SAI,ALB,23,2026-07-19 14:22:42.536,2026-07-19 14:22:50.137,7.601,7.601,2026-07-19 14:23:12.536,30.0,40,30,97.02527777777595,1.2044517241379085,31.462777777777774,290.0,103.0,187.0,138.26993225638475,1.919,True,16.0,15.0,6560.848055555555,brake_T18,59.63656072104004,184.68415596272462,HARD,26.0,2.0,0.651722867706307,9863.352826108043,58664.51174802929,400.0,False,1,False,CLOSE_INTERACTION_NO_PASS,0.0,,False,0.0,282.34869976359323,7.651300236406769,2.150382,True,2.150382,95.0336114966926,12,True,3.0,brake,0.9280039645667434,7069.849166666669,19,953.4864263418576,2,belgium_2026_R|ALB|SAI,belgium_2026_R|L40|belgium_2026_R|ALB|SAI,,True,v4_t0_anchored_30s_horizon
belgium_2026_R_00862,belgium_2026_R,2026,Belgian Grand Prix,OCO,SAI,55,2026-07-19 14:22:46.497,2026-07-19 14:22:51.337,4.84,4.84,2026-07-19 14:23:16.497,30.0,40,22,98.46944444444671,1.7724500000000407,67.3986111111144,200.0,78.0,122.0,172.1458333333334,1.92,True,17.0,16.0,6615.476666666665,brake_T18,5.00794960993062,130.0555448516152,HARD,24.0,3.0,0.040039105917047145,9934.31447369924,32751.667814443234,400.0,False,1,False,CLOSE_INTERACTION_NO_PASS,0.0,,False,0.0,213.20495426829615,-13.204954268296149,3.177243,True,3.177243,175.57564450479043,10,True,3.0,brake,0.9357309485268362,7069.849166666669,19,953.4864263418576,2,belgium_2026_R|OCO|SAI,belgium_2026_R|L40|belgium_2026_R|OCO|SAI,,True,v4_t0_anchored_30s_horizon
belgium_2026_R_00863,belgium_2026_R,2026,Belgian Grand Prix,LEC,ANT,12,2026-07-19 14:22:56.737,2026-07-19 14:23:06.217,9.48,9.48,2026-07-19 14:23:26.737,30.0,41,37,99.02638888889305,1.2421428571429094,20.98138888889389,287.0,144.0,143.0,70.32597327135288,1.721,True,2.0,1.0,6546.783055555548,brake_T18,73.70156072104692,198.7491559627315,HARD,21.0,2.0,0.0,9845.082627523996,65336.18328631498,400.0,False,1,False,CLOSE_INTERACTION_NO_PASS,0.0,,False,0.0,292.22665895061806,-5.226658950618059,1.665319,True,1.665319,32.165500118136286,11,True,3.0,brake,0.9260145303272802,7069.849166666669,19,953.4864263418576,2,belgium_2026_R|ANT|LEC,belgium_2026_R|L41|belgium_2026_R|ANT|LEC,,True,v4_t0_anchored_30s_horizon
belgium_2026_R_00864,belgium_2026_R,2026,Belgian Grand Prix,HUL,LAW,30,2026-07-19 14:22:59.657,2026-07-19 14:24:10.417,70.76,70.24,2026-07-19 14:23:29.657,30.0,41,262,90.560833333333,1.0449326923076883,10.049444444449364,312.0,179.0,133.0,59.819387755101715,1.96,True,13.0,12.0,2244.6761111111114,brake_T5,104.70408791849286,221.11820035730943,HARD,21.0,2.0,0.8094090062491913,7507.0726796060535,100547.24114804254,400.0,False,1,False,CLOSE_INTERACTION_NO_PASS,0.0,71.64,True,0.0,304.16436877076393,7.835631229236071,1.406574,True,1.406574,29.08538420473569,12,True,3.0,brake,0.3174998586524928,7069.849166666669,19,953.4864263418576,2,belgium_2026_R|HUL|LAW,belgium_2026_R|L41|belgium_2026_R|HUL|LAW,,False,v4_t0_anchored_30s_horizon
belgium_2026_R_00865,belgium_2026_R,2026,Belgian Grand Prix,HAM,VER,3,2026-07-19 14:23:10.617,2026-07-19 14:23:15.136,4.519,4.519,2026-07-19 14:23:40.617,30.0,41,18,90.57250000000295,1.5095416666667159,56.939166666669735,216.0,81.0,135.0,190.0675172780433,1.881,True,4.0,3.0,6618.334166666662,brake_T18,2.1504496099332755,127.19804485161785,HARD,21.0,2.0,0.5132859331052497,9938.026318168051,31396.22512545466,400.0,False,1,False,CLOSE_INTERACTION_NO_PASS,0.0,,False,0.0,182.86041666667765,33.13958333332235,3.255666,True,3.255666,190.90860392158632,13,True,3.0,brake,0.936135129709862,7069.849166666669,19,953.4864263418576,2,belgium_2026_R|HAM|VER,belgium_2026_R|L41|belgium_2026_R|HAM|VER,,True,v4_t0_anchored_30s_horizon
belgium_2026_R_00866,belgium_2026_R,2026,Belgian Grand Prix,PIA,HAM,44,2026-07-19 14:23:13.657,2026-07-19 14:23:17.617,3.96,3.96,2026-07-19 14:23:43.657,30.0,41,15,98.22916666665878,2.169478527607188,83.64555555554762,163.0,77.0,86.0,154.04347826086828,1.8399999999999999,True,5.0,4.0,6620.063333333339,brake_T18,0.4212829432563012,125.46887818494088,HARD,21.0,2.0,0.860227443033456,9940.272476602826,30576.002442552744,400.0,False,1,False,CLOSE_INTERACTION_NO_PASS,0.0,,False,0.0,213.30352722770652,-50.303527227706525,3.009183,True,3.009183,157.6130064544253,12,True,3.0,brake,0.9363797129571015,7069.849166666669,19,953.4864263418576,2,belgium_2026_R|HAM|PIA,belgium_2026_R|L41|belgium_2026_R|HAM|PIA,,True,v4_t0_anchored_30s_horizon
belgium_2026_R_00867,belgium_2026_R,2026,Belgian Grand Prix,NOR,HAD,6,2026-07-19 14:23:22.096,2026-07-19 14:23:27.777,5.681,5.681,2026-07-19 14:23:52.096,30.0,41,21,90.09999999999854,1.448035714285691,58.58444444444285,224.0,82.0,142.0,167.07726514730393,1.799,True,7.0,6.0,6594.462500000001,brake_T18,26.022116276594716,151.0697115182793,MEDIUM,11.0,2.0,0.7969138735338183,9907.01742442245,42719.64631787062,400.0,False,1,False,CLOSE_INTERACTION_NO_PASS,0.0,,False,0.0,257.46985728346306,-33.46985728346306,2.5160109999999998,True,2.5160109999999998,139.19795923657898,11,True,3.0,brake,0.9327585843120885,7069.849166666669,19,953.4864263418576,2,belgium_2026_R|HAD|NOR,belgium_2026_R|L41|belgium_2026_R|HAD|NOR,,True,v4_t0_anchored_30s_horizon
belgium_2026_R_00868,belgium_2026_R,2026,Belgian Grand Prix,SAI,ALB,23,2026-07-19 14:23:24.817,2026-07-19 14:23:31.537,6.72,6.72,2026-07-19 14:23:54.817,30.0,41,26,92.24722222222408,1.1451379310345058,71.18638888889109,290.0,153.0,137.0,117.10416666666448,1.92,True,16.0,15.0,2276.169166666665,brake_T5,73.21103236293902,189.6251448017556,HARD,27.0,2.0,0.686726872954759,8711.495709961402,76585.5691892607,400.0,False,1,False,CLOSE_INTERACTION_NO_PASS,0.0,,False,0.0,277.3335496183235,12.666450381676498,1.83795,True,1.83795,83.93563435721842,10,True,3.0,brake,0.32195441699074406,7069.849166666669,19,953.4864263418576,2,belgium_2026_R|ALB|SAI,belgium_2026_R|L41|belgium_2026_R|ALB|SAI,,False,v4_t0_anchored_30s_horizon
belgium_2026_R_00869,belgium_2026_R,2026,Belgian Grand Prix,LEC,ANT,12,2026-07-19 14:23:39.617,2026-07-19 14:23:44.377,4.76,4.76,2026-07-19 14:24:09.617,30.0,42,17,99.05416666666588,1.4263799999999887,79.95583333333252,250.0,152.0,98.0,117.21999999999926,2.0,True,2.0,1.0,2317.6527777777783,brake_T5,31.727421251825945,148.14153369064252,HARD,22.0,2.0,0.030801777074838832,10372.314769825703,45022.94349881929,400.0,False,1,False,CLOSE_INTERACTION_NO_PASS,0.0,,False,0.0,265.7261224489771,-15.726122448977094,1.942938,True,1.942938,95.96477879196864,12,True,3.0,brake,0.3278220967860504,7069.849166666669,19,953.4864263418576,2,belgium_2026_R|ANT|LEC,belgium_2026_R|L42|belgium_2026_R|ANT|LEC,,False,v4_t0_anchored_30s_horizon
belgium_2026_R_00870,belgium_2026_R,2026,Belgian Grand Prix,LIN,BOR,5,2026-07-19 14:23:43.137,2026-07-19 14:23:48.937,5.8,5.8,2026-07-19 14:24:13.137,30.0,41,23,85.7438888888828,1.5433899999998901,61.26611111110287,200.0,88.0,112.0,146.58777777778232,1.8,True,9.0,8.0,6603.170833333334,brake_T18,17.313782943261685,142.36137818494626,HARD,25.0,2.0,0.4404451249049215,9918.329403045698,38588.88630038934,400.0,False,1,False,CLOSE_INTERACTION_NO_PASS,0.0,,False,0.0,214.01825242717314,-14.018252427173138,2.352893,True,2.352893,129.16980567720327,11,True,3.0,brake,0.9339903409066127,7069.849166666669,19,953.4864263418576,2,belgium_2026_R|BOR|LIN,belgium_2026_R|L41|belgium_2026_R|BOR|LIN,,True,v4_t0_anchored_30s_horizon
belgium_2026_R_00871,belgium_2026_R,2026,Belgian Grand Prix,SAI,ALB,23,2026-07-19 14:24:01.977,2026-07-19 14:24:06.617,4.64,4.64,2026-07-19 14:24:31.977,30.0,41,22,94.71694444445075,1.4825260869566204,82.90583333334052,230.0,149.0,81.0,86.5747873936969,1.999,True,16.0,15.0,4373.648333333331,brake_T12,29.14407583400134,239.43710655205268,HARD,27.0,2.0,0.7574714768476004,10302.607541616353,47584.63335824251,400.0,False,1,False,CLOSE_INTERACTION_NO_PASS,0.0,,False,0.0,221.52326267110124,8.476737328898764,1.991396,True,1.991396,73.8649428834099,11,True,3.0,brake,0.6186338958905176,7069.849166666669,19,953.4864263418576,2,belgium_2026_R|ALB|SAI,belgium_2026_R|L41|belgium_2026_R|ALB|SAI,,False,v4_t0_anchored_30s_horizon
belgium_2026_R_00872,belgium_2026_R,2026,Belgian Grand Prix,HUL,COL,43,2026-07-19 14:24:11.297,2026-07-19 14:24:14.577,3.28,3.28,2026-07-19 14:24:41.297,30.0,41,14,14.69361111111175,0.5568105263158136,10.67138888889076,95.0,81.0,14.0,,,False,13.0,10.0,6690.155833333332,corner_T19,,55.3763781849475,HARD,21.0,2.0,0.8415139250814357,11661.661601456513,1295.0489359017834,379.69333333333634,True,1,False,CLOSE_INTERACTION_NO_PASS,0.0,,False,0.0,78.04917647058808,16.95082352941192,0.627541,True,0.627541,89.53839575187872,11,True,3.0,corner,0.9462939980214096,7069.849166666669,19,953.4864263418576,2,belgium_2026_R|COL|HUL,belgium_2026_R|L41|belgium_2026_R|COL|HUL,,True,v4_t0_anchored_30s_horizon
belgium_2026_R_00873,belgium_2026_R,2026,Belgian Grand Prix,NOR,HAD,6,2026-07-19 14:24:14.898,2026-07-19 14:24:19.818,4.92,4.92,2026-07-19 14:24:44.898,30.0,42,21,96.1916666666666,1.4309504132231399,69.42250000000058,242.0,135.0,107.0,78.21876593574804,1.9609999999999999,True,7.0,6.0,2906.7255555555553,brake_T8,74.8174110828727,134.8174110828727,MEDIUM,12.0,2.0,0.8174228635834089,9335.175128758434,43424.911120148565,400.0,False,1,False,CLOSE_INTERACTION_NO_PASS,0.0,,False,0.0,233.6942687747036,8.305731225296398,2.096456,True,2.096456,52.78036281910015,12,True,3.0,brake,0.4111439278309291,7069.849166666669,19,953.4864263418576,2,belgium_2026_R|HAD|NOR,belgium_2026_R|L42|belgium_2026_R|HAD|NOR,,False,v4_t0_anchored_30s_horizon
belgium_2026_R_00874,belgium_2026_R,2026,Belgian Grand Prix,GAS,COL,43,2026-07-19 14:24:14.898,2026-07-19 14:24:51.377,36.479,36.479,2026-07-19 14:24:44.898,30.0,41,139,31.40944444444267,1.0279454545453965,16.967222222222233,110.0,147.0,-37.0,,,False,11.0,10.0,6768.298611111113,straight_15,,,HARD,27.0,2.0,0.9646501115824628,10685.245461239496,87.47581845156866,301.55055555555555,True,1,False,CLOSE_INTERACTION_NO_PASS,0.0,,False,0.0,110.93138339921302,-0.9313833992130185,0.832886,True,0.832886,-23.922536748841694,12,True,3.0,straight,0.9573469605296074,7069.849166666669,19,953.4864263418576,2,belgium_2026_R|COL|GAS,belgium_2026_R|L41|belgium_2026_R|COL|GAS,,True,v4_t0_anchored_30s_horizon
belgium_2026_R_00875,belgium_2026_R,2026,Belgian Grand Prix,LEC,ANT,12,2026-07-19 14:24:15.977,2026-07-19 14:24:19.818,3.841,3.841,2026-07-19 14:24:45.977,30.0,42,17,97.17527777778105,1.6738325358852237,91.26416666666955,209.0,156.0,53.0,79.66777777777861,1.8,True,2.0,1.0,4419.776388888889,corner_T12,133.30905099649408,193.30905099649408,HARD,22.0,2.0,0.06079346420539429,11339.972249049953,30747.048512305777,400.0,False,1,False,CLOSE_INTERACTION_NO_PASS,0.0,,False,0.0,201.6648157248195,7.335184275180495,2.061875,True,2.061875,74.9321360697305,12,True,3.0,corner,0.625158512536237,7069.849166666669,19,953.4864263418576,2,belgium_2026_R|ANT|LEC,belgium_2026_R|L42|belgium_2026_R|ANT|LEC,,False,v4_t0_anchored_30s_horizon
belgium_2026_R_00876,belgium_2026_R,2026,Belgian Grand Prix,HUL,LAW,30,2026-07-19 14:24:16.457,2026-07-19 14:24:51.377,34.92,34.92,2026-07-19 14:24:46.457,30.0,41,133,11.847777777784358,0.3358425196852259,11.847777777784358,127.0,163.0,-36.0,-29.75449569976868,1.279,True,13.0,12.0,6813.0966666666645,straight_15,,,HARD,21.0,2.0,0.8418088139899125,9097.85584786131,74.48049643154758,256.75250000000415,True,1,False,CLOSE_INTERACTION_NO_PASS,0.0,,False,0.0,150.3478527607292,-23.34785276072921,0.253042,True,0.253042,-19.561719578591422,12,True,3.0,straight,0.9636834543499803,7069.849166666669,19,953.4864263418576,2,belgium_2026_R|HUL|LAW,belgium_2026_R|L41|belgium_2026_R|HUL|LAW,,True,v4_t0_anchored_30s_horizon
belgium_2026_R_00877,belgium_2026_R,2026,Belgian Grand Prix,LAW,GAS,10,2026-07-19 14:24:16.737,2026-07-19 14:24:51.377,34.64,33.2,2026-07-19 14:24:46.737,30.0,41,125,10.067777777774609,0.20710857142850625,10.067777777774609,175.0,195.0,-20.0,-18.669018601664888,1.5590000000000002,True,12.0,11.0,6838.1650000000045,straight_15,,,HARD,26.0,2.0,0.9655780764642928,8209.575955697223,67.20850526737725,231.68416666666417,True,1,False,UNCERTAIN,,35.04,True,0.0,186.18238095238345,-11.182380952383454,0.189917,True,0.189917,-15.620176349331317,12,True,3.0,straight,0.9672292631419886,7069.849166666669,19,953.4864263418576,2,belgium_2026_R|GAS|LAW,belgium_2026_R|L41|belgium_2026_R|GAS|LAW,,True,v4_t0_anchored_30s_horizon
belgium_2026_R_00878,belgium_2026_R,2026,Belgian Grand Prix,SAI,ALB,23,2026-07-19 14:24:34.297,2026-07-19 14:24:42.737,8.44,8.44,2026-07-19 14:25:04.297,30.0,41,32,95.23388888890258,1.1863044982700668,29.798333333346818,289.0,117.0,172.0,103.0622340425526,1.88,True,16.0,15.0,6543.662222222217,brake_T18,76.82239405437849,201.86998929606307,HARD,27.0,2.0,0.7115907809050793,9841.028717481506,66816.53699592831,400.0,False,1,False,CLOSE_INTERACTION_NO_PASS,0.0,,False,0.0,284.6383208512632,4.361679148736812,1.861825,True,1.861825,60.912609628920805,12,True,3.0,brake,0.9255731017678074,7069.849166666669,19,953.4864263418576,2,belgium_2026_R|ALB|SAI,belgium_2026_R|L41|belgium_2026_R|ALB|SAI,,True,v4_t0_anchored_30s_horizon
belgium_2026_R_00879,belgium_2026_R,2026,Belgian Grand Prix,LIN,BOR,5,2026-07-19 14:24:37.017,2026-07-19 14:24:40.457,3.44,3.44,2026-07-19 14:25:07.017,30.0,42,13,96.74194444444402,1.9348388888888803,84.82527777777705,180.0,122.0,58.0,81.68785825951083,1.919,True,9.0,8.0,2929.546666666667,brake_T8,51.99629997176089,111.99629997176089,HARD,26.0,2.0,0.48268758053581673,10426.028003308382,32556.070146521048,400.0,False,1,False,CLOSE_INTERACTION_NO_PASS,0.0,,False,0.0,215.21641981613763,-35.21641981613763,2.349926,True,2.349926,64.97272659361371,12,True,3.0,brake,0.4143718766277309,7069.849166666669,19,953.4864263418576,2,belgium_2026_R|BOR|LIN,belgium_2026_R|L42|belgium_2026_R|BOR|LIN,,False,v4_t0_anchored_30s_horizon
belgium_2026_R_00880,belgium_2026_R,2026,Belgian Grand Prix,OCO,SAI,55,2026-07-19 14:24:39.458,2026-07-19 14:24:42.737,3.279,3.279,2026-07-19 14:25:09.458,30.0,41,14,92.98972222221619,2.1054276729558383,77.81277777777177,159.0,72.0,87.0,141.53420582986354,1.681,True,17.0,16.0,6633.5105555555565,corner_T18,52.021655962723344,112.02165596272334,HARD,25.0,3.0,0.04812961573277898,10400.13623961569,24224.450576643692,400.0,False,1,False,CLOSE_INTERACTION_NO_PASS,0.0,,False,0.0,144.87254901959435,14.127450980405655,3.694088,True,3.694088,169.27150947059357,10,True,3.0,corner,0.9382817651657427,7069.849166666669,19,953.4864263418576,2,belgium_2026_R|OCO|SAI,belgium_2026_R|L41|belgium_2026_R|OCO|SAI,,True,v4_t0_anchored_30s_horizon
belgium_2026_R_00881,belgium_2026_R,2026,Belgian Grand Prix,LEC,ANT,12,2026-07-19 14:24:47.497,2026-07-19 14:24:53.737,6.24,6.24,2026-07-19 14:25:17.497,30.0,42,26,98.11666666666406,1.2393684210525986,43.19444444444434,285.0,92.0,193.0,170.92738095238278,1.6800000000000002,True,2.0,1.0,6597.349722222225,brake_T18,23.134894054370307,148.18248929605488,HARD,22.0,2.0,0.0,9910.76787755834,41350.10502212151,400.0,False,1,False,CLOSE_INTERACTION_NO_PASS,0.0,,False,0.0,254.08569657522662,30.91430342477338,2.433596,True,2.433596,127.62225862102066,13,True,3.0,brake,0.9331669695766338,7069.849166666669,19,953.4864263418576,2,belgium_2026_R|ANT|LEC,belgium_2026_R|L42|belgium_2026_R|ANT|LEC,,True,v4_t0_anchored_30s_horizon
belgium_2026_R_00882,belgium_2026_R,2026,Belgian Grand Prix,HUL,GAS,10,2026-07-19 14:24:51.777,2026-07-19 14:24:55.218,3.441,3.441,2026-07-19 14:25:21.777,30.0,42,15,30.536388888890542,0.6210790960452314,20.967500000001564,177.0,141.0,36.0,,,False,13.0,11.0,2354.2774999999997,corner_T5,55.10269902960454,111.51681146842111,HARD,22.0,2.0,0.8326978439815486,11916.470352286984,19192.210230883393,400.0,False,1,False,CLOSE_INTERACTION_NO_PASS,0.0,,False,0.0,157.39740259740535,19.602597402594654,0.747948,True,0.747948,81.21800601396991,13,True,3.0,corner,0.3330025074792377,7069.849166666669,19,953.4864263418576,2,belgium_2026_R|GAS|HUL,belgium_2026_R|L42|belgium_2026_R|GAS|HUL,,False,v4_t0_anchored_30s_horizon
belgium_2026_R_00883,belgium_2026_R,2026,Belgian Grand Prix,LAW,COL,43,2026-07-19 14:24:51.777,2026-07-19 14:24:55.218,3.441,3.441,2026-07-19 14:25:21.777,30.0,42,15,25.039999999999964,0.6049932885906032,24.83999999999969,149.0,141.0,8.0,,,False,12.0,10.0,2384.902777777778,corner_T5,24.4774212518264,80.89153369064297,HARD,27.0,2.0,0.9595581437211977,13629.497702910425,8617.1497562363,400.0,False,1,False,CLOSE_INTERACTION_NO_PASS,0.0,,False,0.0,148.31694581280792,0.6830541871920843,0.632186,True,0.632186,47.72530276695113,13,True,3.0,corner,0.33733432235333316,7069.849166666669,19,953.4864263418576,2,belgium_2026_R|COL|LAW,belgium_2026_R|L42|belgium_2026_R|COL|LAW,,False,v4_t0_anchored_30s_horizon
belgium_2026_R_00884,belgium_2026_R,2026,Belgian Grand Prix,HUL,LAW,30,2026-07-19 14:24:55.378,2026-07-19 14:25:04.017,8.639,8.639,2026-07-19 14:25:25.378,30.0,42,32,23.65055555555591,0.5871862068965605,18.81777777777961,145.0,155.0,-10.0,,,False,13.0,12.0,2502.896388888889,brake_T7,83.61809859763025,143.61809859763025,HARD,22.0,2.0,0.8447537053988148,16770.573910287687,19812.975398154846,400.0,False,1,False,CLOSE_INTERACTION_NO_PASS,0.0,,False,0.0,142.61746841593765,2.382531584062349,0.565421,True,0.565421,4.528678004502725,13,True,3.0,brake,0.35402401520667354,7069.849166666669,19,953.4864263418576,2,belgium_2026_R|HUL|LAW,belgium_2026_R|L42|belgium_2026_R|HUL|LAW,,False,v4_t0_anchored_30s_horizon
belgium_2026_R_00885,belgium_2026_R,2026,Belgian Grand Prix,GAS,COL,43,2026-07-19 14:24:55.378,2026-07-19 14:25:04.017,8.639,8.639,2026-07-19 14:25:25.378,30.0,42,32,39.72055555555471,0.8826790123456603,31.243611111110567,162.0,182.0,-20.0,,,False,11.0,10.0,2526.6786111111123,brake_T7,59.83587637540677,119.83587637540677,HARD,28.0,2.0,0.9699121447346372,16428.188380825817,31134.140732423657,400.0,False,1,False,CLOSE_INTERACTION_NO_PASS,0.0,,False,0.0,165.6085294117652,-3.608529411765204,0.804935,True,0.804935,-15.265743036900535,13,True,3.0,brake,0.35738790906941015,7069.849166666669,19,953.4864263418576,2,belgium_2026_R|COL|GAS,belgium_2026_R|L42|belgium_2026_R|COL|GAS,,False,v4_t0_anchored_30s_horizon
belgium_2026_R_00886,belgium_2026_R,2026,Belgian Grand Prix,PIA,HAM,44,2026-07-19 14:25:03.737,2026-07-19 14:25:08.138,4.401,4.401,2026-07-19 14:25:33.737,30.0,42,17,95.00055555555991,1.4741465517242056,68.31166666667104,232.0,76.0,156.0,183.23611805903056,1.999,True,5.0,4.0,6605.710000000002,brake_T18,14.774616276593406,139.82221151827798,HARD,22.0,2.0,0.83245852194383,9921.627737865323,37384.4436426598,400.0,False,1,False,CLOSE_INTERACTION_NO_PASS,0.0,,False,0.0,224.20238805971428,7.797611940285719,3.073353,True,3.073353,175.68816746275914,11,True,3.0,brake,0.9343494951978584,7069.849166666669,19,953.4864263418576,2,belgium_2026_R|HAM|PIA,belgium_2026_R|L42|belgium_2026_R|HAM|PIA,,True,v4_t0_anchored_30s_horizon
belgium_2026_R_00887,belgium_2026_R,2026,Belgian Grand Prix,LAW,GAS,10,2026-07-19 14:25:08.538,2026-07-19 14:25:57.577,49.039,44.12,2026-07-19 14:25:38.538,30.0,42,146,11.223888888887814,0.2478895705521235,10.082500000000437,163.0,177.0,-14.0,-16.124932102118347,1.841,True,12.0,11.0,3140.194722222223,brake_T9,70.3525220405786,130.3525220405786,HARD,27.0,2.0,0.9945158446264869,19862.134437920176,1654.1205367053444,400.0,False,1,False,CLOSE_INTERACTION_NO_PASS,0.0,49.359,True,0.0,170.67282485875722,-7.672824858757224,0.230079,True,0.230079,-16.39546049179181,9,True,3.0,brake,0.4441671453229573,7069.849166666669,19,953.4864263418576,2,belgium_2026_R|GAS|LAW,belgium_2026_R|L42|belgium_2026_R|GAS|LAW,,False,v4_t0_anchored_30s_horizon
belgium_2026_R_00888,belgium_2026_R,2026,Belgian Grand Prix,NOR,HAD,6,2026-07-19 14:25:10.457,2026-07-19 14:25:19.337,8.88,8.88,2026-07-19 14:25:40.457,30.0,42,35,89.38277777778512,1.1172847222223141,37.34861111111695,288.0,128.0,160.0,88.46899426784998,1.919,True,7.0,6.0,6563.938888888888,brake_T18,56.5457273877073,181.59332262939188,MEDIUM,12.0,2.0,0.751587435367426,9867.367766654803,57198.388407853636,400.0,False,1,False,CLOSE_INTERACTION_NO_PASS,0.0,,False,0.0,278.4320350241566,9.567964975843381,1.6840760000000001,True,1.6840760000000001,57.774661018024304,11,True,3.0,brake,0.928441149754216,7069.849166666669,19,953.4864263418576,2,belgium_2026_R|HAD|NOR,belgium_2026_R|L42|belgium_2026_R|HAD|NOR,,True,v4_t0_anchored_30s_horizon
belgium_2026_R_00889,belgium_2026_R,2026,Belgian Grand Prix,SAI,ALB,23,2026-07-19 14:25:15.818,2026-07-19 14:25:39.058,23.24,23.24,2026-07-19 14:25:45.818,30.0,42,94,99.10027777777714,1.1254290220820116,47.37972222222015,317.0,201.0,116.0,47.189484643416606,1.921,True,16.0,15.0,2226.2766666666666,straight_03,123.10353236293759,239.51764480175416,HARD,28.0,2.0,0.7008579333020063,7550.097572926711,112190.96613818838,400.0,False,1,False,CLOSE_INTERACTION_NO_PASS,0.0,,False,0.0,307.9796824104235,9.020317589576507,1.3934980000000001,True,1.3934980000000001,30.274136996400976,12,True,3.0,straight,0.3148973357399538,7069.849166666669,19,953.4864263418576,2,belgium_2026_R|ALB|SAI,belgium_2026_R|L42|belgium_2026_R|ALB|SAI,,False,v4_t0_anchored_30s_horizon
belgium_2026_R_00890,belgium_2026_R,2026,Belgian Grand Prix,LIN,BOR,5,2026-07-19 14:25:34.098,2026-07-19 14:25:39.218,5.12,5.12,2026-07-19 14:26:04.098,30.0,42,22,94.98944444445351,1.8892928176797383,74.55583333334198,181.0,89.0,92.0,132.86684782608953,1.8399999999999999,True,9.0,8.0,6613.273333333327,brake_T18,7.211282943268088,132.25887818495266,HARD,26.0,2.0,0.4562851771642677,9931.452380734654,33796.809392073985,400.0,False,1,False,CLOSE_INTERACTION_NO_PASS,0.0,,False,0.0,235.2951251647141,-54.29512516471411,2.504696,True,2.504696,121.34471133583055,13,True,3.0,brake,0.9354192964277044,7069.849166666669,19,953.4864263418576,2,belgium_2026_R|BOR|LIN,belgium_2026_R|L42|belgium_2026_R|BOR|LIN,,True,v4_t0_anchored_30s_horizon
belgium_2026_R_00891,belgium_2026_R,2026,Belgian Grand Prix,LEC,ANT,12,2026-07-19 14:25:40.818,2026-07-19 14:25:45.177,4.359,4.359,2026-07-19 14:26:10.818,30.0,43,17,98.49555555555753,1.483615062761536,68.2288888888902,239.0,122.0,117.0,96.62897727272625,1.76,True,2.0,1.0,2910.038888888888,brake_T8,71.5040777495401,131.5040777495401,HARD,23.0,2.0,0.02665161693471775,9493.553008494893,41846.89447944799,400.0,False,1,False,CLOSE_INTERACTION_NO_PASS,0.0,,False,0.0,220.98057598039412,18.01942401960588,2.404495,True,2.404495,71.75640517126364,13,True,3.0,brake,0.41161258469407047,7069.849166666669,19,953.4864263418576,2,belgium_2026_R|ANT|LEC,belgium_2026_R|L43|belgium_2026_R|ANT|LEC,,False,v4_t0_anchored_30s_horizon
belgium_2026_R_00892,belgium_2026_R,2026,Belgian Grand Prix,NOR,HAD,6,2026-07-19 14:25:52.418,2026-07-19 14:26:14.298,21.88,21.88,2026-07-19 14:26:22.418,30.0,43,82,92.63333333333412,1.166013986013996,55.25027777777768,286.0,170.0,116.0,94.86257808063459,1.7610000000000001,True,7.0,6.0,2294.27111111111,brake_T5,55.109087918494424,171.523200357311,MEDIUM,13.0,2.0,0.75982980219657,9436.216956465527,62812.783227141015,400.0,False,1,False,CLOSE_INTERACTION_NO_PASS,0.0,,False,0.0,292.6038619402999,-6.6038619402999075,1.5898729999999999,True,1.5898729999999999,55.14222654389642,13,True,3.0,brake,0.3245148597976137,7069.849166666669,19,953.4864263418576,2,belgium_2026_R|HAD|NOR,belgium_2026_R|L43|belgium_2026_R|HAD|NOR,,False,v4_t0_anchored_30s_horizon
belgium_2026_R_00893,belgium_2026_R,2026,Belgian Grand Prix,SAI,ALB,23,2026-07-19 14:25:52.897,2026-07-19 14:26:05.537,12.64,12.64,2026-07-19 14:26:22.897,30.0,42,50,97.55777777777257,1.315385767790192,67.42333333332681,267.0,177.0,90.0,40.93152173913199,1.8399999999999999,True,16.0,15.0,4321.253888888891,brake_T12,81.53852027844096,291.8315509964923,HARD,28.0,2.0,0.7963112634265639,9869.14944562408,64205.41800373711,400.0,False,1,False,CLOSE_INTERACTION_NO_PASS,0.0,,False,0.0,265.0,2.0,1.60772,True,1.60772,20.01014393161693,13,True,3.0,brake,0.6112229252730013,7069.849166666669,19,953.4864263418576,2,belgium_2026_R|ALB|SAI,belgium_2026_R|L42|belgium_2026_R|ALB|SAI,,False,v4_t0_anchored_30s_horizon
belgium_2026_R_00894,belgium_2026_R,2026,Belgian Grand Prix,HUL,GAS,10,2026-07-19 14:25:57.897,2026-07-19 14:26:07.218,9.321,9.321,2026-07-19 14:26:27.897,30.0,42,16,55.39138888888829,0.6736790540540468,11.482222222221026,296.0,287.0,9.0,,,False,13.0,11.0,6398.8688888888855,straight_14,221.61572738770974,346.6633226293943,HARD,22.0,2.0,0.8014589617064362,14011.143674036894,87311.63265144559,400.0,False,1,False,CLOSE_INTERACTION_NO_PASS,0.0,,False,0.0,285.2683275058275,10.731672494172528,0.695601,True,0.695601,11.334863048358951,11,True,3.0,straight,0.9050927025513699,7069.849166666669,19,953.4864263418576,2,belgium_2026_R|GAS|HUL,belgium_2026_R|L42|belgium_2026_R|GAS|HUL,,True,v4_t0_anchored_30s_horizon
belgium_2026_R_00895,belgium_2026_R,2026,Belgian Grand Prix,LAW,COL,43,2026-07-19 14:25:58.177,2026-07-19 14:26:07.218,9.041,9.041,2026-07-19 14:26:28.177,30.0,42,36,99.70722222222594,1.2250716723549946,17.301666666669007,293.0,256.0,37.0,36.99999999999948,0.28,True,12.0,10.0,6476.995833333334,straight_14,143.48878294326096,268.53637818494553,HARD,27.0,2.0,0.8919831630410215,10761.8411030967,87300.87941411443,400.0,False,1,False,CLOSE_INTERACTION_NO_PASS,0.0,,False,0.0,284.0,9.0,1.30151,True,1.30151,7.506094280612851,12,True,3.0,straight,0.9161434255021234,7069.849166666669,19,953.4864263418576,2,belgium_2026_R|COL|LAW,belgium_2026_R|L42|belgium_2026_R|COL|LAW,,True,v4_t0_anchored_30s_horizon
belgium_2026_R_00896,belgium_2026_R,2026,Belgian Grand Prix,GAS,LAW,30,2026-07-19 14:26:01.938,2026-07-19 14:26:07.218,5.28,3.839,2026-07-19 14:26:31.938,30.0,42,17,10.202777777782103,0.41269662921365813,10.202777777782103,89.0,94.0,-5.0,-12.666666666666515,1.92,True,11.0,12.0,6670.965833333331,corner_T18,14.566378184948917,74.56637818494892,HARD,28.0,2.0,0.9605530953462273,11681.303970937028,6535.243976962434,398.88333333333776,True,1,False,ON_TRACK_PASS,1.0,5.6,False,0.0,103.4630000000036,-14.463000000003603,0.37852,True,0.37852,-13.683421284452415,12,True,3.0,corner,0.9435796543985668,7069.849166666669,19,953.4864263418576,2,belgium_2026_R|GAS|LAW,belgium_2026_R|L42|belgium_2026_R|GAS|LAW,belgium_2026_R_00899,True,v4_t0_anchored_30s_horizon
belgium_2026_R_00897,belgium_2026_R,2026,Belgian Grand Prix,HUL,LAW,30,2026-07-19 14:26:07.538,2026-07-19 14:26:38.658,31.12,31.12,2026-07-19 14:26:37.538,30.0,42,118,22.713333333337687,0.7236106194691653,15.542777777777644,113.0,135.0,-22.0,,,False,13.0,12.0,6793.40333333333,straight_15,,,HARD,22.0,2.0,0.8642851680965716,9795.676152748534,80.1932713531498,276.44583333333867,True,1,False,CLOSE_INTERACTION_NO_PASS,0.0,,False,0.0,106.09405172413273,6.905948275867274,0.650198,True,0.650198,-11.769215711387686,12,True,3.0,straight,0.9608979163746886,7069.849166666669,19,953.4864263418576,2,belgium_2026_R|HUL|LAW,belgium_2026_R|L42|belgium_2026_R|HUL|LAW,,True,v4_t0_anchored_30s_horizon
belgium_2026_R_00898,belgium_2026_R,2026,Belgian Grand Prix,GAS,COL,43,2026-07-19 14:26:07.538,2026-07-19 14:27:36.178,88.64,88.64,2026-07-19 14:26:37.538,30.0,42,341,69.52194444445195,1.5077048192772713,21.89777777777772,166.0,211.0,-45.0,,,False,11.0,10.0,6817.86722222222,straight_15,,,HARD,28.0,2.0,0.9573353657423322,8928.81435163962,73.09662150907528,251.98194444444835,True,1,False,CLOSE_INTERACTION_NO_PASS,0.0,,False,0.0,156.65749999999338,9.342500000006623,1.283375,True,1.283375,-50.55811500661257,12,True,3.0,straight,0.9643582290789869,7069.849166666669,19,953.4864263418576,2,belgium_2026_R|COL|GAS,belgium_2026_R|L42|belgium_2026_R|COL|GAS,,True,v4_t0_anchored_30s_horizon
belgium_2026_R_00899,belgium_2026_R,2026,Belgian Grand Prix,LAW,GAS,10,2026-07-19 14:26:09.058,2026-07-19 14:29:36.138,207.08,205.04,2026-07-19 14:26:39.058,30.0,42,693,11.758055555553256,0.21270854271352624,10.100833333332957,199.0,222.0,-23.0,-23.736842105268853,1.52,True,12.0,11.0,6890.154166666667,straight_15,,,HARD,27.0,2.0,0.9739738757049804,6367.374053150118,52.12713724799891,179.69500000000153,True,1,False,UNCERTAIN,,,False,0.0,217.67766891891955,-18.67766891891955,0.192103,True,0.192103,-26.652677184366034,11,True,3.0,straight,0.97458290894702,7069.849166666669,19,953.4864263418576,2,belgium_2026_R|GAS|LAW,belgium_2026_R|L42|belgium_2026_R|GAS|LAW,belgium_2026_R_00896,True,v4_t0_anchored_30s_horizon
belgium_2026_R_00900,belgium_2026_R,2026,Belgian Grand Prix,LIN,BOR,5,2026-07-19 14:26:15.378,2026-07-19 14:26:21.098,5.72,5.72,2026-07-19 14:26:45.378,30.0,43,23,95.96055555555404,1.2890223880596812,76.47888888888792,268.0,162.0,106.0,67.52000000000217,2.0,True,9.0,8.0,2283.4333333333334,brake_T5,65.94686569627083,182.3609781350874,HARD,27.0,2.0,0.4059825005729896,9002.320595522087,71058.65946968691,400.0,False,1,False,CLOSE_INTERACTION_NO_PASS,0.0,,False,0.0,301.0,-33.0,1.562774,True,1.562774,48.18114918615354,14,True,3.0,brake,0.32298190237203306,7069.849166666669,19,953.4864263418576,2,belgium_2026_R|BOR|LIN,belgium_2026_R|L43|belgium_2026_R|BOR|LIN,,False,v4_t0_anchored_30s_horizon
belgium_2026_R_00901,belgium_2026_R,2026,Belgian Grand Prix,SAI,ALB,23,2026-07-19 14:26:25.537,2026-07-19 14:26:36.258,10.721,10.721,2026-07-19 14:26:55.537,30.0,42,39,99.91305555555482,1.2402999999999909,28.339722222222008,290.0,180.0,110.0,38.183139534883935,1.72,True,16.0,15.0,6513.601111111111,brake_T18,106.88350516548417,231.93110040716874,HARD,28.0,2.0,0.7471064491758419,9801.979839439788,81075.8942237356,400.0,False,1,False,CLOSE_INTERACTION_NO_PASS,0.0,,False,0.0,283.0,7.0,1.477056,True,1.477056,17.377307776122198,12,True,3.0,brake,0.9213210858616068,7069.849166666669,19,953.4864263418576,2,belgium_2026_R|ALB|SAI,belgium_2026_R|L42|belgium_2026_R|ALB|SAI,,True,v4_t0_anchored_30s_horizon
belgium_2026_R_00902,belgium_2026_R,2026,Belgian Grand Prix,NOR,HAD,6,2026-07-19 14:26:28.138,2026-07-19 14:26:40.698,12.56,12.56,2026-07-19 14:26:58.138,30.0,43,47,90.17250000000422,1.330413934426292,70.04666666667163,244.0,176.0,68.0,47.51302083333088,1.92,True,7.0,6.0,4376.217777777777,brake_T12,26.57463138955518,236.86766210760652,MEDIUM,13.0,2.0,0.8064823515174325,10324.279485694593,46772.13605531233,400.0,False,1,False,CLOSE_INTERACTION_NO_PASS,0.0,,False,0.0,263.30811214953627,-19.30811214953627,1.617996,True,1.617996,25.543912388116077,10,True,3.0,brake,0.6189973328442452,7069.849166666669,19,953.4864263418576,2,belgium_2026_R|HAD|NOR,belgium_2026_R|L43|belgium_2026_R|HAD|NOR,,False,v4_t0_anchored_30s_horizon
belgium_2026_R_00903,belgium_2026_R,2026,Belgian Grand Prix,LEC,ANT,12,2026-07-19 14:26:37.137,2026-07-19 14:26:44.057,6.92,6.92,2026-07-19 14:27:07.137,30.0,43,25,88.37833333332946,1.1569527272726767,30.406666666661295,275.0,91.0,184.0,163.2138846350218,1.959,True,2.0,1.0,6590.411666666668,brake_T18,30.07294960992749,155.12054485161207,HARD,23.0,2.0,0.0,9901.755460012155,44641.141480069135,400.0,False,1,False,CLOSE_INTERACTION_NO_PASS,0.0,,False,0.0,240.91909871243735,34.080901287562654,2.3317930000000002,True,2.3317930000000002,131.33631935588815,11,True,3.0,brake,0.9321856112206071,7069.849166666669,19,953.4864263418576,2,belgium_2026_R|ANT|LEC,belgium_2026_R|L43|belgium_2026_R|ANT|LEC,,True,v4_t0_anchored_30s_horizon
belgium_2026_R_00904,belgium_2026_R,2026,Belgian Grand Prix,HUL,LAW,30,2026-07-19 14:26:41.858,2026-07-19 14:28:30.178,108.32,108.32,2026-07-19 14:27:11.858,30.0,43,395,94.33611111111168,1.0815605095541467,10.684444444441397,314.0,226.0,88.0,18.500000000002156,1.8399999999999999,True,13.0,12.0,2216.1813888888883,straight_03,133.19881014071598,249.61292257953255,HARD,23.0,2.0,0.7748426271643436,8155.068514902607,112201.56304619364,400.0,False,1,False,CLOSE_INTERACTION_NO_PASS,0.0,,False,0.0,320.55312500000014,-6.553125000000136,1.20425,True,1.20425,2.026726498654795,13,True,3.0,straight,0.3134694017713797,7069.849166666669,19,953.4864263418576,2,belgium_2026_R|HUL|LAW,belgium_2026_R|L43|belgium_2026_R|HUL|LAW,,False,v4_t0_anchored_30s_horizon
belgium_2026_R_00905,belgium_2026_R,2026,Belgian Grand Prix,PIA,HAM,44,2026-07-19 14:26:54.378,2026-07-19 14:26:59.217,4.839,4.839,2026-07-19 14:27:24.378,30.0,43,21,97.22083333333103,1.7412686567163769,71.73194444444016,201.0,78.0,123.0,165.1136363636372,1.76,True,5.0,4.0,6608.014444444448,brake_T18,12.470171832147571,137.51776707383215,HARD,23.0,2.0,0.8632459782132865,9924.621172463681,36291.340449516356,400.0,False,1,False,CLOSE_INTERACTION_NO_PASS,0.0,,False,0.0,233.2536715620794,-32.253671562079404,2.795392,True,2.795392,152.77394248902834,11,True,3.0,brake,0.9346754490322501,7069.849166666669,19,953.4864263418576,2,belgium_2026_R|HAM|PIA,belgium_2026_R|L43|belgium_2026_R|HAM|PIA,,True,v4_t0_anchored_30s_horizon
belgium_2026_R_00906,belgium_2026_R,2026,Belgian Grand Prix,ALO,VER,3,2026-07-19 14:27:02.458,2026-07-19 14:27:07.258,4.8,4.8,2026-07-19 14:27:32.458,30.0,42,21,98.61222222222219,1.5638942731277528,55.84638888888895,227.0,102.0,125.0,79.48979591836739,1.96,True,19.0,3.0,252.0997222222222,brake_T1,84.12158860498235,144.12158860498235,HARD,11.0,3.0,0.7210212392816848,16272.884051634333,55054.82010670183,400.0,False,1,False,LAPPED_UNLAPPED,,,False,0.0,241.919609375,-14.919609374999993,2.164758,True,2.164758,50.00377322894965,13,True,3.0,brake,0.03565843008516171,7069.849166666669,19,953.4864263418576,2,belgium_2026_R|ALO|VER,belgium_2026_R|L42|belgium_2026_R|ALO|VER,,False,v4_t0_anchored_30s_horizon
belgium_2026_R_00907,belgium_2026_R,2026,Belgian Grand Prix,SAI,ALB,23,2026-07-19 14:27:02.898,2026-07-19 14:27:59.538,56.64,56.64,2026-07-19 14:27:32.898,30.0,43,219,99.0738888888875,1.1042291021671673,27.588888888886686,323.0,311.0,12.0,10.200000000000955,2.0,True,16.0,15.0,1808.4413888888894,straight_03,540.9388101407148,657.3529225795314,HARD,29.0,2.0,0.7649580650575958,34579.68897251572,509.6789325992971,400.0,False,1,False,CLOSE_INTERACTION_NO_PASS,0.0,,False,0.0,314.0,9.0,1.139044,True,1.139044,9.330882352919073,13,True,3.0,straight,0.25579631845831063,7069.849166666669,19,953.4864263418576,2,belgium_2026_R|ALB|SAI,belgium_2026_R|L43|belgium_2026_R|ALB|SAI,,False,v4_t0_anchored_30s_horizon
belgium_2026_R_00908,belgium_2026_R,2026,Belgian Grand Prix,LIN,BOR,5,2026-07-19 14:27:24.977,2026-07-19 14:27:30.819,5.842,5.842,2026-07-19 14:27:54.977,30.0,43,23,92.9844444444443,1.6249708737864055,67.75583333333543,206.0,98.0,108.0,116.01667593107096,1.799,True,9.0,8.0,6597.965555555555,brake_T18,22.51906072104066,147.56665596272524,HARD,27.0,2.0,0.4308054427275073,9911.567834706908,41057.987160599936,400.0,False,1,False,CLOSE_INTERACTION_NO_PASS,0.0,,False,0.0,230.33563084112012,-24.33563084112012,2.224205,True,2.224205,98.77789717388458,11,True,3.0,brake,0.9332540765740833,7069.849166666669,19,953.4864263418576,2,belgium_2026_R|BOR|LIN,belgium_2026_R|L43|belgium_2026_R|BOR|LIN,,True,v4_t0_anchored_30s_horizon
belgium_2026_R_00909,belgium_2026_R,2026,Belgian Grand Prix,LEC,ANT,12,2026-07-19 14:27:30.819,2026-07-19 14:27:34.818,3.999,3.999,2026-07-19 14:28:00.819,30.0,44,18,96.25999999999931,1.5001558441558334,69.96444444444433,231.0,116.0,115.0,99.47900053163274,1.881,True,2.0,1.0,2922.2480555555567,brake_T8,59.294911082871295,119.2949110828713,HARD,24.0,2.0,0.029441668314643975,10077.15318858035,36032.125414328955,400.0,False,1,False,CLOSE_INTERACTION_NO_PASS,0.0,,False,0.0,207.4858387799556,23.5141612200444,2.392372,True,2.392372,74.37485821626638,12,True,3.0,brake,0.41333951922673823,7069.849166666669,19,953.4864263418576,2,belgium_2026_R|ANT|LEC,belgium_2026_R|L44|belgium_2026_R|ANT|LEC,,False,v4_t0_anchored_30s_horizon
belgium_2026_R_00910,belgium_2026_R,2026,Belgian Grand Prix,NOR,HAD,6,2026-07-19 14:27:38.297,2026-07-19 14:28:33.658,55.361,55.361,2026-07-19 14:28:08.297,30.0,44,207,99.7908333333321,1.126166144200613,53.48749999999836,319.0,314.0,5.0,5.9369463262112525,1.919,True,7.0,6.0,2006.2655555555566,straight_03,343.1146434740476,459.5287559128642,MEDIUM,14.0,2.0,0.765213631152776,21421.987294013805,111298.79625092803,400.0,False,1,False,CLOSE_INTERACTION_NO_PASS,0.0,,False,0.0,315.51570294784574,3.484297052154261,1.143396,True,1.143396,5.468670629036036,13,True,3.0,straight,0.28377770278534553,7069.849166666669,19,953.4864263418576,2,belgium_2026_R|HAD|NOR,belgium_2026_R|L44|belgium_2026_R|HAD|NOR,,False,v4_t0_anchored_30s_horizon
belgium_2026_R_00911,belgium_2026_R,2026,Belgian Grand Prix,GAS,COL,43,2026-07-19 14:27:40.098,2026-07-19 14:29:28.578,108.48,108.48,2026-07-19 14:28:10.098,30.0,43,403,99.96749999999611,1.1534711538461089,21.66611111111115,312.0,304.0,8.0,5.8889505830117335,1.8010000000000002,True,11.0,10.0,5740.907777777778,brake_T16,72.95419292678707,132.95419292678707,HARD,29.0,2.0,0.941596374118223,33107.629176939416,131.46711294257346,400.0,False,1,False,CLOSE_INTERACTION_NO_PASS,0.0,,False,0.0,314.4670912951164,-2.467091295116404,1.166942,True,1.166942,2.6660648219424643,12,True,3.0,brake,0.812026910679416,7069.849166666669,19,953.4864263418576,2,belgium_2026_R|COL|GAS,belgium_2026_R|L43|belgium_2026_R|COL|GAS,,True,v4_t0_anchored_30s_horizon
belgium_2026_R_00912,belgium_2026_R,2026,Belgian Grand Prix,PIA,HAM,44,2026-07-19 14:27:46.978,2026-07-19 14:27:51.818,4.84,4.84,2026-07-19 14:28:16.978,30.0,44,21,99.06805555555366,1.4556938775509924,65.85694444444198,245.0,125.0,120.0,103.9354838709696,1.24,True,5.0,4.0,2885.4947222222227,brake_T8,96.0482444162053,156.0482444162053,HARD,24.0,2.0,0.8838741233433899,8320.337794239693,53536.36231610834,400.0,False,1,False,CLOSE_INTERACTION_NO_PASS,0.0,,False,0.0,239.2858187134477,5.714181286552304,2.332573,True,2.332573,62.20404923909763,9,True,3.0,brake,0.4081409170406236,7069.849166666669,19,953.4864263418576,2,belgium_2026_R|HAM|PIA,belgium_2026_R|L44|belgium_2026_R|HAM|PIA,,False,v4_t0_anchored_30s_horizon
belgium_2026_R_00913,belgium_2026_R,2026,Belgian Grand Prix,LIN,BOR,5,2026-07-19 14:28:05.578,2026-07-19 14:28:15.218,9.64,9.64,2026-07-19 14:28:35.578,30.0,44,39,99.89222222222361,1.1563086816720418,58.803333333334194,311.0,227.0,84.0,26.388694347172688,1.999,True,9.0,8.0,2229.135833333333,straight_03,120.24436569627142,236.658478135088,HARD,28.0,2.0,0.39949329202652173,7378.758775751012,112187.9649006984,400.0,False,1,False,CLOSE_INTERACTION_NO_PASS,0.0,,False,0.0,303.0,8.0,1.288049,True,1.288049,16.213410179097767,13,True,3.0,straight,0.31530175266586885,7069.849166666669,19,953.4864263418576,2,belgium_2026_R|BOR|LIN,belgium_2026_R|L44|belgium_2026_R|BOR|LIN,,False,v4_t0_anchored_30s_horizon
belgium_2026_R_00914,belgium_2026_R,2026,Belgian Grand Prix,SAI,ALB,23,2026-07-19 14:28:11.219,2026-07-19 14:29:52.658,101.439,101.439,2026-07-19 14:28:41.219,30.0,43,372,98.05333333332783,1.1313846153845517,10.192222222217424,312.0,282.0,30.0,28.68947055324301,1.681,True,16.0,15.0,6006.653888888893,brake_T17,75.33691092650042,135.33691092650042,HARD,29.0,2.0,0.7456326226755414,31164.2955160883,217.24103508959791,400.0,False,1,False,CLOSE_INTERACTION_NO_PASS,0.0,,False,0.0,288.18802083333304,23.81197916666696,1.237604,True,1.237604,27.178671950663723,12,True,3.0,brake,0.8496155642484439,7069.849166666669,19,953.4864263418576,2,belgium_2026_R|ALB|SAI,belgium_2026_R|L43|belgium_2026_R|ALB|SAI,,True,v4_t0_anchored_30s_horizon
belgium_2026_R_00915,belgium_2026_R,2026,Belgian Grand Prix,LEC,ANT,12,2026-07-19 14:28:26.498,2026-07-19 14:28:34.498,8.0,8.0,2026-07-19 14:28:56.498,30.0,44,31,85.8199999999988,1.0264186046511483,23.538888888887413,301.0,99.0,202.0,167.97674418604825,1.72,True,2.0,1.0,6586.9030555555555,brake_T18,33.58156072103975,158.62915596272433,HARD,24.0,2.0,0.0,9897.197833154409,46305.43589094074,400.0,False,1,False,RETIREMENT_RELATED,,,False,0.0,251.4974489795875,49.50255102041251,2.091979,True,2.091979,117.15520726567736,11,True,3.0,brake,0.9316893331489822,7069.849166666669,19,953.4864263418576,2,belgium_2026_R|ANT|LEC,belgium_2026_R|L44|belgium_2026_R|ANT|LEC,,False,v4_t0_anchored_30s_horizon
belgium_2026_R_00916,belgium_2026_R,2026,Belgian Grand Prix,HUL,LAW,30,2026-07-19 14:28:32.458,2026-07-19 14:29:36.138,63.68,63.68,2026-07-19 14:29:02.458,30.0,44,231,99.24277777777661,1.1342031746031613,15.07361111111004,315.0,287.0,28.0,4.790351399644016,1.679,True,13.0,12.0,2172.1608333333334,straight_03,177.21936569627087,293.63347813508744,HARD,24.0,2.0,0.7856164945691125,10774.949513816879,112247.72413490037,400.0,False,1,False,CLOSE_INTERACTION_NO_PASS,0.0,,False,0.0,323.4509294666341,-8.45092946663408,1.174903,True,1.174903,-3.9561554574982885,11,True,3.0,straight,0.3072428820086802,7069.849166666669,19,953.4864263418576,2,belgium_2026_R|HUL|LAW,belgium_2026_R|L44|belgium_2026_R|HUL|LAW,,False,v4_t0_anchored_30s_horizon
belgium_2026_R_00917,belgium_2026_R,2026,Belgian Grand Prix,LIN,BOR,5,2026-07-19 14:28:43.058,2026-07-19 14:28:47.978,4.92,4.92,2026-07-19 14:29:13.058,30.0,44,18,95.30638888889098,1.400420408163296,81.16111111111331,245.0,164.0,81.0,77.6795454545469,1.76,True,9.0,8.0,4381.32861111111,brake_T12,21.463798056222004,231.75682877427334,HARD,28.0,2.0,0.44477277682891003,10367.38673965084,45156.01304162564,400.0,False,1,False,CLOSE_INTERACTION_NO_PASS,0.0,,False,0.0,248.92500000000294,-3.925000000002939,1.799,True,1.799,56.2961751976652,11,True,3.0,brake,0.6197202384130697,7069.849166666669,19,953.4864263418576,2,belgium_2026_R|BOR|LIN,belgium_2026_R|L44|belgium_2026_R|BOR|LIN,,False,v4_t0_anchored_30s_horizon
belgium_2026_R_00918,belgium_2026_R,2026,Belgian Grand Prix,PIA,HAM,44,2026-07-19 14:28:43.058,2026-07-19 14:28:51.858,8.8,8.8,2026-07-19 14:29:13.058,30.0,44,33,92.30472222222215,1.118845117845117,28.038333333332048,297.0,152.0,145.0,73.10113636363337,1.76,True,5.0,4.0,6536.210277777779,brake_T18,84.27433849881618,209.32193374050075,HARD,24.0,2.0,0.850516437443432,9831.348766906523,70351.33441184135,400.0,False,1,False,RETIREMENT_RELATED,,,False,0.0,285.0,12.0,1.547442,True,1.547442,42.94203527714994,11,True,3.0,brake,0.9245190560210363,7069.849166666669,19,953.4864263418576,2,belgium_2026_R|HAM|PIA,belgium_2026_R|L44|belgium_2026_R|HAM|PIA,,False,v4_t0_anchored_30s_horizon
belgium_2026_R_00919,belgium_2026_R,2026,Belgian Grand Prix,NOR,HAD,6,2026-07-19 14:28:43.258,2026-07-19 14:28:57.979,14.721,14.721,2026-07-19 14:29:13.258,30.0,44,54,99.94611111110953,1.1682012987012802,42.11888888888916,308.0,302.0,6.0,5.183673469382484,1.96,True,7.0,6.0,6104.758611111118,corner_T17,515.7260051654775,37.23218870427536,MEDIUM,14.0,2.0,0.7750845417567969,30684.62044682189,2231.388007505265,400.0,False,1,False,RETIREMENT_RELATED,,,False,0.0,309.2574029126212,-1.2574029126212167,1.181776,True,1.181776,5.076406696341475,12,True,3.0,corner,0.8634920586275284,7069.849166666669,19,953.4864263418576,2,belgium_2026_R|HAD|NOR,belgium_2026_R|L44|belgium_2026_R|HAD|NOR,,False,v4_t0_anchored_30s_horizon
belgium_2026_R_00920,belgium_2026_R,2026,Belgian Grand Prix,LIN,BOR,5,2026-07-19 14:29:14.538,2026-07-19 14:29:23.938,9.4,9.4,2026-07-19 14:29:44.538,30.0,44,36,97.43249999999807,1.2394240282685267,41.09361111111048,283.0,174.0,109.0,59.60869565217486,1.8399999999999999,True,9.0,8.0,6536.249722222225,brake_T18,84.23489405437067,209.28248929605525,HARD,28.0,2.0,0.3994789892913375,9831.400004576844,70332.62411128319,400.0,False,1,False,RETIREMENT_RELATED,,,False,0.0,270.5122201492536,12.487779850746392,1.5609769999999998,True,1.5609769999999998,36.694745586304236,12,True,3.0,brake,0.9245246352694072,7069.849166666669,19,953.4864263418576,2,belgium_2026_R|BOR|LIN,belgium_2026_R|L44|belgium_2026_R|BOR|LIN,,False,v4_t0_anchored_30s_horizon
belgium_2026_R_00921,belgium_2026_R,2026,Belgian Grand Prix,GAS,COL,43,2026-07-19 14:29:30.619,2026-07-19 14:29:36.138,5.519,5.519,2026-07-19 14:30:00.619,30.0,44,19,99.51472222223038,1.1023169230770136,93.47138888889549,325.0,320.0,5.0,1.2498580352084172,1.7610000000000001,True,11.0,10.0,5653.930277777771,straight_12,159.9316929267943,219.9316929267943,HARD,30.0,2.0,0.9478659738474902,33529.57091008391,44.13676993788595,400.0,False,1,False,CLOSE_INTERACTION_NO_PASS,0.0,,False,0.0,321.424153166421,3.5758468335790212,1.1165,True,1.1165,-1.9429696813608814,10,True,3.0,straight,0.799724314407618,7069.849166666669,19,953.4864263418576,2,belgium_2026_R|COL|GAS,belgium_2026_R|L44|belgium_2026_R|COL|GAS,,False,v4_t0_anchored_30s_horizon
belgium_2026_R_00922,belgium_2026_R,2026,Belgian Grand Prix,LAW,COL,43,2026-07-19 14:29:41.658,2026-07-19 14:29:49.898,8.24,8.24,2026-07-19 14:30:11.658,30.0,44,34,52.35472222222688,0.7059063670412613,11.578888888894653,267.0,150.0,117.0,,,False,12.0,10.0,6566.856388888886,brake_T18,53.62822738770956,178.67582262939413,HARD,29.0,2.0,0.91656502684629,9871.157550115086,55814.48497998845,400.0,False,1,False,CLOSE_INTERACTION_NO_PASS,0.0,,False,0.0,245.7609659090992,21.239034090900788,1.028986,True,1.028986,41.54100097832946,10,True,3.0,brake,0.9288538176812424,7069.849166666669,19,953.4864263418576,2,belgium_2026_R|COL|LAW,belgium_2026_R|L44|belgium_2026_R|COL|LAW,,False,v4_t0_anchored_30s_horizon
belgium_2026_R_00923,belgium_2026_R,2026,Belgian Grand Prix,SAI,ALB,23,2026-07-19 14:30:04.499,2026-07-19 14:30:19.139,14.64,14.64,2026-07-19 14:30:34.499,30.0,44,55,99.24722222221044,1.1638110749184287,16.89916666665613,307.0,277.0,30.0,26.542639869641086,1.841,True,16.0,15.0,6103.990833333339,corner_T17,516.4937829432565,37.99996648205433,HARD,30.0,2.0,0.771139966239413,30718.749352631454,1867.993182949808,400.0,False,1,False,CLOSE_INTERACTION_NO_PASS,0.0,,False,0.0,289.10148977139363,17.89851022860637,1.253128,True,1.253128,25.55638079467807,11,True,3.0,corner,0.8633834597367064,7069.849166666669,19,953.4864263418576,2,belgium_2026_R|ALB|SAI,belgium_2026_R|L44|belgium_2026_R|ALB|SAI,,False,v4_t0_anchored_30s_horizon
