event_id,race_id,attacker,target,event_start_time,event_start_lap,event_type,reason,gap_at_start_m,duration_s,cum_distance_diff_at_start_m,lapped_at_start,max_gap_jump_m,swap_by_distance,swap_by_driver_ahead,swap_time,swap_delay_s,swap_distance_delay_any_s,swap_ahead_delay_any_s,actual_swap_delay_s,pass_after_horizon,target_speed_at_start_kmh,closing_speed_at_start_kmh,green_at_start,target_retires_in_window,horizon_end,horizon_s_effective,audit_horizon_s,either_in_box_lap_at_start,either_pit_in_window,target_pit_before_outcome
australia_2026_R_00001,australia_2026_R,RUS,LEC,2026-03-08 04:04:59.732,2,CLOSE_INTERACTION_NO_PASS,"valid close battle, no pairwise order change inside the horizon; the pair did swap 41.6 s after t0, outside it",58.44805555555557,41.4,-58.58083333333343,False,6.477777777777646,False,False,,,41.64,41.64,41.64,True,282.0,,True,False,2026-03-08 04:05:29.732,30.0,120.0,False,False,False
australia_2026_R_00002,australia_2026_R,HAD,HAM,2026-03-08 04:05:03.132,2,CLOSE_INTERACTION_NO_PASS,"valid close battle, no pairwise order change inside the horizon",62.8736111111111,37.28,-62.841388888888105,False,10.0,False,False,,,,,,False,298.0,-32.318229166665965,True,False,2026-03-08 04:05:33.132,30.0,120.0,False,False,False
australia_2026_R_00003,australia_2026_R,NOR,LIN,2026-03-08 04:05:03.372,2,ON_TRACK_PASS,race-distance ordering and target DriverAhead both show the swap,28.305,15.92,-28.922222222222445,False,4.888888888888914,True,True,2026-03-08 04:05:19.532,16.16,16.16,16.16,16.16,False,282.0,,True,False,2026-03-08 04:05:33.372,30.0,120.0,False,False,False
australia_2026_R_00004,australia_2026_R,LIN,HAD,2026-03-08 04:05:03.772,2,CLOSE_INTERACTION_NO_PASS,"valid close battle, no pairwise order change inside the horizon; the pair did swap 44.8 s after t0, outside it",10.25500000000001,15.52,-10.20333333333383,False,3.866666666666731,False,False,,,44.8,44.8,44.8,True,308.0,-25.62500000000009,True,False,2026-03-08 04:05:33.772,30.0,120.0,False,False,False
australia_2026_R_00005,australia_2026_R,ANT,NOR,2026-03-08 04:05:04.212,2,CLOSE_INTERACTION_NO_PASS,"valid close battle, no pairwise order change inside the horizon",40.726666666666674,49.44,-40.029999999999745,False,11.266666666666652,False,False,,,,,,False,291.0,,True,False,2026-03-08 04:05:34.212,30.0,120.0,False,False,False
australia_2026_R_00006,australia_2026_R,OCO,ANT,2026-03-08 04:05:04.452,2,CLOSE_INTERACTION_NO_PASS,"valid close battle, no pairwise order change inside the horizon; the pair did swap 60.9 s after t0, outside it",45.40944444444444,15.68,-45.572777777778356,False,6.266666666666708,False,False,,,60.92,60.92,60.92,True,296.0,-238.14705882354968,True,False,2026-03-08 04:05:34.452,30.0,120.0,False,False,False
australia_2026_R_00007,australia_2026_R,GAS,OCO,2026-03-08 04:05:05.172,2,ON_TRACK_PASS,race-distance ordering and target DriverAhead both show the swap,36.21944444444445,15.76,-35.641666666666424,False,6.611111111111114,True,True,2026-03-08 04:05:21.252,16.08,16.08,16.08,16.08,False,284.0,10.932142857143939,True,False,2026-03-08 04:05:35.172,30.0,120.0,False,False,False
australia_2026_R_00008,australia_2026_R,ALO,GAS,2026-03-08 04:05:05.452,2,CLOSE_INTERACTION_NO_PASS,"valid close battle, no pairwise order change inside the horizon",22.405,15.48,-22.9827777777773,False,5.066666666666833,False,False,,,,,,False,292.0,,True,False,2026-03-08 04:05:35.452,30.0,120.0,False,False,False
australia_2026_R_00009,australia_2026_R,BOR,ALO,2026-03-08 04:05:05.612,2,ON_TRACK_PASS,race-distance ordering and target DriverAhead both show the swap,40.38666666666666,16.32,-40.23250000000007,False,12.52222222222224,True,True,2026-03-08 04:05:22.412,16.8,16.8,16.8,16.8,False,301.0,,True,False,2026-03-08 04:05:35.612,30.0,120.0,False,False,False
australia_2026_R_00010,australia_2026_R,ALB,BOR,2026-03-08 04:05:06.212,2,CLOSE_INTERACTION_NO_PASS,"valid close battle, no pairwise order change inside the horizon",52.498333333333335,3.88,-52.14416666666693,False,9.800000000000011,False,False,,,,,,False,303.0,-46.6184210526355,True,False,2026-03-08 04:05:36.212,30.0,120.0,False,False,False
australia_2026_R_00011,australia_2026_R,BOT,SAI,2026-03-08 04:05:07.612,2,CLOSE_INTERACTION_NO_PASS,"valid close battle, no pairwise order change inside the horizon",75.68611111111113,17.84,-74.79583333333358,False,9.600000000000023,False,False,,,,,,False,293.0,,True,False,2026-03-08 04:05:37.612,30.0,120.0,False,False,False
australia_2026_R_00012,australia_2026_R,VER,BOT,2026-03-08 04:05:08.291,2,ON_TRACK_PASS,race-distance ordering and target DriverAhead both show the swap,39.809166666666655,17.161,-40.597222222222626,False,7.466666666666669,True,True,2026-03-08 04:05:25.612,17.321,17.321,17.321,17.321,False,304.0,,True,False,2026-03-08 04:05:38.291,30.0,120.0,False,False,False
australia_2026_R_00013,australia_2026_R,COL,VER,2026-03-08 04:05:08.451,2,CLOSE_INTERACTION_NO_PASS,"valid close battle, no pairwise order change inside the horizon",20.827777777777783,17.001,-20.839722222222008,False,11.555555555555486,False,False,,,,,,False,283.0,,True,False,2026-03-08 04:05:38.451,30.0,120.0,False,False,False
australia_2026_R_00014,australia_2026_R,LAW,COL,2026-03-08 04:05:08.972,2,CLOSE_INTERACTION_NO_PASS,"valid close battle, no pairwise order change inside the horizon; the pair did swap 50.9 s after t0, outside it",48.06583333333333,56.88,-47.8774999999996,False,5.999999999999943,False,False,,,50.92,50.92,50.92,True,298.0,,True,False,2026-03-08 04:05:38.972,30.0,120.0,False,False,False
australia_2026_R_00015,australia_2026_R,PER,LAW,2026-03-08 04:05:09.532,2,CLOSE_INTERACTION_NO_PASS,"valid close battle, no pairwise order change inside the horizon",28.261111111111106,60.92,-28.293611111111204,False,9.500000000000057,False,False,,,,,,False,293.0,,True,False,2026-03-08 04:05:39.532,30.0,120.0,False,False,False
australia_2026_R_00016,australia_2026_R,STR,PER,2026-03-08 04:05:10.372,2,CLOSE_INTERACTION_NO_PASS,"valid close battle, no pairwise order change inside the horizon; the pair did swap 76.0 s after t0, outside it",70.2161111111111,75.64,-70.32749999999942,False,14.255555555556384,False,False,,,76.0,76.0,76.0,True,314.0,,True,False,2026-03-08 04:05:40.372,30.0,120.0,False,False,False
australia_2026_R_00017,australia_2026_R,SAI,BEA,2026-03-08 04:05:12.892,2,CLOSE_INTERACTION_NO_PASS,"valid close battle, no pairwise order change inside the horizon",37.74722222222226,9.04,-37.85500000000047,False,2.7000000000000455,False,False,,,,,,False,148.0,,True,False,2026-03-08 04:05:42.892,30.0,120.0,False,False,False
australia_2026_R_00018,australia_2026_R,BEA,ALB,2026-03-08 04:05:15.972,2,ON_TRACK_PASS,race-distance ordering and target DriverAhead both show the swap,11.023611111111109,5.96,-11.514444444444962,False,5.087777777777774,True,True,2026-03-08 04:05:22.412,6.44,6.44,6.44,6.44,False,238.0,-14.57552083333301,True,False,2026-03-08 04:05:45.972,30.0,120.0,False,False,False
australia_2026_R_00019,australia_2026_R,NOR,HAD,2026-03-08 04:05:19.532,2,CLOSE_INTERACTION_NO_PASS,"valid close battle, no pairwise order change inside the horizon; the pair did swap 34.3 s after t0, outside it",21.733055555555666,3.52,-22.298611111111313,False,4.7999999999999545,False,False,,,34.28,34.28,34.28,True,113.0,,True,False,2026-03-08 04:05:49.532,30.0,120.0,False,False,False
australia_2026_R_00020,australia_2026_R,SAI,ALB,2026-03-08 04:05:22.412,2,CLOSE_INTERACTION_NO_PASS,"valid close battle, no pairwise order change inside the horizon",41.00861111111112,21.2,-41.607222222222845,False,5.255555555555475,False,False,,,74.8,,,False,135.0,,True,False,2026-03-08 04:05:52.412,30.0,120.0,False,False,False
australia_2026_R_00021,australia_2026_R,BEA,ALO,2026-03-08 04:05:22.412,2,CLOSE_INTERACTION_NO_PASS,"valid close battle, no pairwise order change inside the horizon; the pair did swap 46.5 s after t0, outside it",29.890555555555466,21.2,-29.873055555554856,False,5.777777777777828,False,False,,,46.48,46.48,46.48,True,101.0,,True,False,2026-03-08 04:05:52.412,30.0,120.0,False,False,False
australia_2026_R_00022,australia_2026_R,ALB,BEA,2026-03-08 04:05:23.452,2,ON_TRACK_PASS,race-distance ordering and target DriverAhead both show the swap,11.947499999999764,20.16,-11.456666666666024,False,3.266666666666879,True,True,2026-03-08 04:05:43.892,20.44,20.44,20.44,20.44,False,122.0,-27.307692307692392,True,False,2026-03-08 04:05:53.452,30.0,120.0,False,False,False
australia_2026_R_00023,australia_2026_R,BOR,GAS,2026-03-08 04:05:24.052,2,CLOSE_INTERACTION_NO_PASS,"valid close battle, no pairwise order change inside the horizon",17.565277777777283,39.0,-17.98888888888905,False,3.6444444444441615,False,False,,,,,,False,96.0,,True,False,2026-03-08 04:05:54.052,30.0,120.0,False,False,False
australia_2026_R_00024,australia_2026_R,ALO,BOR,2026-03-08 04:05:27.612,2,CLOSE_INTERACTION_NO_PASS,"valid close battle, no pairwise order change inside the horizon",10.63222222222339,41.12,-10.786388888890542,False,5.677777777777919,False,False,,,,65.6,,False,147.0,-11.5600000000004,True,False,2026-03-08 04:05:57.612,30.0,120.0,False,False,False
australia_2026_R_00025,australia_2026_R,COL,BOT,2026-03-08 04:05:34.972,2,CLOSE_INTERACTION_NO_PASS,"valid close battle, no pairwise order change inside the horizon; the pair did swap 31.2 s after t0, outside it",59.649999999999864,30.88,-60.44999999999982,False,11.933333333333167,False,False,,,31.2,31.2,31.2,True,196.0,,True,False,2026-03-08 04:06:04.972,30.0,120.0,False,False,False
australia_2026_R_00026,australia_2026_R,VER,SAI,2026-03-08 04:05:34.972,2,CLOSE_INTERACTION_NO_PASS,"valid close battle, no pairwise order change inside the horizon; the pair did swap 47.4 s after t0, outside it",40.18694444444509,47.2,-40.08472222222281,False,18.377777777777965,False,False,,,47.36,47.36,47.36,True,218.0,,True,False,2026-03-08 04:06:04.972,30.0,120.0,False,False,False
australia_2026_R_00027,australia_2026_R,LEC,RUS,2026-03-08 04:05:43.452,2,CLOSE_INTERACTION_NO_PASS,"valid close battle, no pairwise order change inside the horizon",10.242222222220335,90.321,-10.109444444442488,False,62.10611111110882,False,False,,,,90.561,,False,334.0,-17.85714285714318,True,False,2026-03-08 04:06:13.452,30.0,120.0,False,False,False
australia_2026_R_00028,australia_2026_R,ALB,ALO,2026-03-08 04:05:43.892,2,CLOSE_INTERACTION_NO_PASS,"valid close battle, no pairwise order change inside the horizon; the pair did swap 119.4 s after t0, outside it",66.00472222222197,6.76,-65.49638888888876,False,1.199999999999818,False,False,,,119.36,119.36,119.36,True,264.0,,True,False,2026-03-08 04:06:13.892,30.0,120.0,False,False,False
australia_2026_R_00029,australia_2026_R,SAI,BEA,2026-03-08 04:05:43.892,2,CLOSE_INTERACTION_NO_PASS,"valid close battle, no pairwise order change inside the horizon",87.44499999999744,5.16,-87.55277777777519,False,1.3444444444439796,False,False,,,,,,False,266.0,,True,False,2026-03-08 04:06:13.892,30.0,120.0,False,False,False
australia_2026_R_00030,australia_2026_R,BOT,VER,2026-03-08 04:05:49.052,2,CLOSE_INTERACTION_NO_PASS,"valid close battle, no pairwise order change inside the horizon",10.820555555556439,16.8,-10.032500000001164,False,6.0,False,False,,,,,,False,314.0,-7.738586956520521,True,False,2026-03-08 04:06:19.052,30.0,120.0,False,False,False
australia_2026_R_00031,australia_2026_R,LIN,HAM,2026-03-08 04:05:52.412,2,CLOSE_INTERACTION_NO_PASS,"valid close battle, no pairwise order change inside the horizon",94.18916666666746,28.04,-94.10527777777861,False,18.211111111110768,False,False,,,,,,False,214.0,74.28571428571327,True,False,2026-03-08 04:06:22.412,30.0,120.0,False,False,False
australia_2026_R_00032,australia_2026_R,SAI,ALB,2026-03-08 04:05:53.212,2,CLOSE_INTERACTION_NO_PASS,"valid close battle, no pairwise order change inside the horizon",99.37499999999864,30.56,-99.97361111111059,False,11.100000000000364,False,False,,,44.0,,,False,322.0,7.631578947367225,True,False,2026-03-08 04:06:23.212,30.0,120.0,False,False,False
australia_2026_R_00033,australia_2026_R,ANT,HAD,2026-03-08 04:05:53.812,2,CLOSE_INTERACTION_NO_PASS,"valid close battle, no pairwise order change inside the horizon",42.35638888888752,4.0,-42.22527777777577,False,2.599999999999909,False,False,,,,109.44,,False,184.0,,True,False,2026-03-08 04:06:23.812,30.0,120.0,False,False,False
australia_2026_R_00034,australia_2026_R,ALB,BEA,2026-03-08 04:05:54.412,2,CLOSE_INTERACTION_NO_PASS,"valid close battle, no pairwise order change inside the horizon",11.636388888885904,14.32,-11.145555555553074,False,5.5,False,False,,,,,,False,330.0,-16.559999999998855,True,False,2026-03-08 04:06:24.412,30.0,120.0,False,False,False
australia_2026_R_00035,australia_2026_R,ANT,NOR,2026-03-08 04:05:58.132,2,CLOSE_INTERACTION_NO_PASS,"valid close battle, no pairwise order change inside the horizon; the pair did swap 110.9 s after t0, outside it",49.13083333333179,6.04,-48.43416666666599,False,5.555555555555202,False,False,,,110.921,82.401,110.921,True,234.0,,True,False,2026-03-08 04:06:28.132,30.0,120.0,False,False,False
australia_2026_R_00036,australia_2026_R,HAD,LIN,2026-03-08 04:06:00.132,2,ON_TRACK_PASS,race-distance ordering and target DriverAhead both show the swap,99.56750000000147,4.04,-99.6191666666673,False,2.4444444444443434,True,True,2026-03-08 04:06:25.372,25.24,25.24,25.24,25.24,False,269.0,10.220000000001074,True,False,2026-03-08 04:06:30.132,30.0,120.0,False,False,False
australia_2026_R_00037,australia_2026_R,HAM,LEC,2026-03-08 04:06:01.932,2,CLOSE_INTERACTION_NO_PASS,"valid close battle, no pairwise order change inside the horizon",93.59583333333512,21.64,-93.72861111111342,False,17.444444444444343,False,False,,,,,,False,105.0,138.4433333333336,True,False,2026-03-08 04:06:31.932,30.0,120.0,False,False,False
australia_2026_R_00038,australia_2026_R,NOR,LIN,2026-03-08 04:06:04.572,2,CLOSE_INTERACTION_NO_PASS,"valid close battle, no pairwise order change inside the horizon",79.34833333333381,5.16,-79.9655555555546,False,3.4444444444443434,False,False,,,,,,False,233.0,,True,False,2026-03-08 04:06:34.572,30.0,120.0,False,False,False
australia_2026_R_00039,australia_2026_R,ANT,OCO,2026-03-08 04:06:05.852,2,ON_TRACK_PASS,race-distance ordering and target DriverAhead both show the swap,12.9950000000008,5.68,-12.831666666666933,False,16.133333333332757,True,True,2026-03-08 04:06:26.692,20.84,20.84,20.84,20.84,False,253.0,-75.00000000000001,True,False,2026-03-08 04:06:35.852,30.0,120.0,False,False,False
australia_2026_R_00040,australia_2026_R,BOR,ANT,2026-03-08 04:06:06.172,2,ON_TRACK_PASS,race-distance ordering and target DriverAhead both show the swap,96.77666666666573,12.0,-96.78583333333154,False,12.755555555555475,True,True,2026-03-08 04:06:18.612,12.44,12.44,12.44,12.44,False,143.0,,True,False,2026-03-08 04:06:36.172,30.0,120.0,False,False,False
australia_2026_R_00041,australia_2026_R,COL,VER,2026-03-08 04:06:06.172,2,CLOSE_INTERACTION_NO_PASS,"valid close battle, no pairwise order change inside the horizon",94.71194444444745,6.36,-94.72388888889327,False,4.977777777777646,False,False,,,,,,False,283.0,,True,False,2026-03-08 04:06:36.172,30.0,120.0,False,False,False
australia_2026_R_00042,australia_2026_R,BEA,BOR,2026-03-08 04:06:08.892,2,CLOSE_INTERACTION_NO_PASS,"valid close battle, no pairwise order change inside the horizon",18.850000000005366,4.68,-18.986666666673045,False,2.4888888888890506,False,False,,,,,,False,153.0,,True,False,2026-03-08 04:06:38.892,30.0,120.0,False,False,False
australia_2026_R_00043,australia_2026_R,PER,BOT,2026-03-08 04:06:10.652,2,ON_TRACK_PASS,race-distance ordering and target DriverAhead both show the swap,94.94166666666388,13.72,-95.58583333333081,False,10.311111111111131,True,True,2026-03-08 04:06:24.532,13.88,13.88,13.88,13.88,False,212.0,,True,False,2026-03-08 04:06:40.652,30.0,120.0,False,False,False
australia_2026_R_00044,australia_2026_R,OCO,NOR,2026-03-08 04:06:11.732,2,CLOSE_INTERACTION_NO_PASS,"valid close battle, no pairwise order change inside the horizon",57.24888888888563,5.08,-56.7155555555546,False,2.296388888889851,False,False,,,,,,False,218.0,,True,False,2026-03-08 04:06:41.732,30.0,120.0,False,False,False
australia_2026_R_00045,australia_2026_R,ANT,GAS,2026-03-08 04:06:11.732,2,ON_TRACK_PASS,race-distance ordering and target DriverAhead both show the swap,29.692500000001928,5.08,-30.106944444445617,False,3.6666666666660603,True,True,2026-03-08 04:06:30.172,18.44,18.44,18.44,18.44,False,153.0,,True,False,2026-03-08 04:06:41.732,30.0,120.0,False,False,False
australia_2026_R_00046,australia_2026_R,BOT,COL,2026-03-08 04:06:12.692,2,CLOSE_INTERACTION_NO_PASS,"valid close battle, no pairwise order change inside the horizon",22.90750000000162,11.68,-22.10750000000189,False,6.300000000000182,False,False,,,,,,False,112.0,,True,False,2026-03-08 04:06:42.692,30.0,120.0,False,False,False
australia_2026_R_00047,australia_2026_R,LAW,VER,2026-03-08 04:06:12.692,2,CLOSE_INTERACTION_NO_PASS,"valid close battle, no pairwise order change inside the horizon",45.850555555556184,9.48,-45.67416666666759,False,5.883611111112259,False,False,,,,,,False,105.0,,True,False,2026-03-08 04:06:42.692,30.0,120.0,False,False,False
australia_2026_R_00048,australia_2026_R,ALO,BOR,2026-03-08 04:06:13.852,2,UNCERTAIN,"only one of the two order-change signals fired (distance=False, driver_ahead=True)",22.998055555559404,5.84,-23.152222222226555,False,3.488888888888141,False,True,2026-03-08 04:06:33.212,19.36,,19.36,,False,191.0,,True,False,2026-03-08 04:06:43.852,30.0,120.0,False,False,False
australia_2026_R_00049,australia_2026_R,NOR,HAD,2026-03-08 04:06:13.852,2,ON_TRACK_PASS,race-distance ordering and target DriverAhead both show the swap,12.576944444443143,11.24,-13.142499999998108,False,7.777777777777374,True,True,2026-03-08 04:06:18.172,4.32,4.32,4.32,4.32,False,207.0,-37.103448275861254,True,False,2026-03-08 04:06:43.852,30.0,120.0,False,False,False
australia_2026_R_00050,australia_2026_R,GAS,NOR,2026-03-08 04:06:14.412,2,CLOSE_INTERACTION_NO_PASS,"valid close battle, no pairwise order change inside the horizon; the pair did swap 69.5 s after t0, outside it",47.54555555555089,15.44,-46.4344444444414,False,18.377777777777737,False,False,,,69.48,68.84,69.48,True,170.0,,True,False,2026-03-08 04:06:44.412,30.0,120.0,False,False,False
australia_2026_R_00051,australia_2026_R,OCO,GAS,2026-03-08 04:06:18.172,2,UNCERTAIN,"only one of the two order-change signals fired (distance=False, driver_ahead=True)",10.894166666668752,8.2,-11.471944444445398,False,5.699999999999818,False,True,2026-03-08 04:06:32.252,14.08,,14.08,,False,162.0,-34.279999999998836,True,False,2026-03-08 04:06:48.172,30.0,120.0,False,False,False
australia_2026_R_00052,australia_2026_R,BOR,OCO,2026-03-08 04:06:18.612,2,UNCERTAIN,"only one of the two order-change signals fired (distance=True, driver_ahead=False)",46.666944444446926,5.76,-46.512777777777956,False,9.111111111111313,True,False,2026-03-08 04:06:35.572,16.96,16.96,,,False,119.0,,True,False,2026-03-08 04:06:48.612,30.0,120.0,False,False,False
australia_2026_R_00053,australia_2026_R,ALO,BEA,2026-03-08 04:06:20.452,2,ON_TRACK_PASS,race-distance ordering and target DriverAhead both show the swap,12.228055555558058,4.08,-12.245555555558894,False,5.900000000000546,True,True,2026-03-08 04:06:24.852,4.4,4.4,4.4,4.4,False,153.0,-59.000000000005464,True,False,2026-03-08 04:06:50.452,30.0,120.0,False,False,False
australia_2026_R_00054,australia_2026_R,VER,ALB,2026-03-08 04:06:22.332,2,ON_TRACK_PASS,race-distance ordering and target DriverAhead both show the swap,10.760277777776537,3.68,-11.256666666664387,False,5.411111111110586,True,True,2026-03-08 04:06:22.972,0.64,0.64,0.64,0.64,False,89.0,,True,False,2026-03-08 04:06:52.332,30.0,120.0,False,False,False
australia_2026_R_00055,australia_2026_R,LAW,SAI,2026-03-08 04:06:22.332,2,CLOSE_INTERACTION_NO_PASS,"valid close battle, no pairwise order change inside the horizon",74.83277777777857,3.68,-74.5541666666686,False,10.5,False,False,,,,,,False,96.0,,True,False,2026-03-08 04:06:52.332,30.0,120.0,False,False,False
australia_2026_R_00056,australia_2026_R,ALB,BEA,2026-03-08 04:06:24.852,2,CLOSE_INTERACTION_NO_PASS,"valid close battle, no pairwise order change inside the horizon",36.76444444444405,59.4,-36.27361111111168,False,23.789999999999324,False,False,,,,,,False,99.0,,True,False,2026-03-08 04:06:54.852,30.0,120.0,False,False,False
australia_2026_R_00057,australia_2026_R,BEA,ALO,2026-03-08 04:06:25.372,2,UNCERTAIN,"only one of the two order-change signals fired (distance=True, driver_ahead=False)",11.351666666663732,8.24,-11.334166666661986,False,9.288888888890142,True,False,2026-03-08 04:06:50.172,24.8,24.8,59.16,59.16,True,156.0,-56.53846153845734,True,False,2026-03-08 04:06:55.372,30.0,120.0,False,False,False
australia_2026_R_00058,australia_2026_R,SAI,ALB,2026-03-08 04:06:26.372,2,UNCERTAIN,"only one of the two order-change signals fired (distance=True, driver_ahead=False)",24.034722222219898,23.08,-24.633333333331393,False,13.644722222225319,True,False,2026-03-08 04:06:37.212,10.84,10.84,,,False,154.0,,True,False,2026-03-08 04:06:56.372,30.0,120.0,False,False,False
australia_2026_R_00059,australia_2026_R,LIN,HAD,2026-03-08 04:06:26.692,2,UNCERTAIN,"only one of the two order-change signals fired (distance=True, driver_ahead=False)",11.20444444444638,3.16,-11.152777777781012,False,3.266666666666424,True,False,2026-03-08 04:06:32.612,5.92,5.92,,,False,288.0,-28.57575757575598,True,False,2026-03-08 04:06:56.692,30.0,120.0,False,False,False
australia_2026_R_00060,australia_2026_R,OCO,ANT,2026-03-08 04:06:26.852,2,CLOSE_INTERACTION_NO_PASS,"valid close battle, no pairwise order change inside the horizon",10.129722222219243,53.521,-10.29305555555402,False,9.333333333333314,False,False,,,,,,False,245.0,-104.00000000002137,True,False,2026-03-08 04:06:56.852,30.0,120.0,False,False,False
australia_2026_R_00061,australia_2026_R,LAW,COL,2026-03-08 04:06:28.093,2,UNCERTAIN,"only one of the two order-change signals fired (distance=True, driver_ahead=False)",11.478611111106147,12.359,-11.290277777772644,False,57.07444444444758,True,False,2026-03-08 04:06:39.372,11.279,11.279,,,False,149.0,-30.873048907387243,True,False,2026-03-08 04:06:58.093,30.0,120.0,False,False,False
australia_2026_R_00062,australia_2026_R,PER,LAW,2026-03-08 04:06:28.093,2,CLOSE_INTERACTION_NO_PASS,"valid close battle, no pairwise order change inside the horizon",35.64666666666744,9.599,-35.67916666666679,False,4.044444444444707,False,False,,,,,,False,96.0,,True,False,2026-03-08 04:06:58.093,30.0,120.0,False,False,False
australia_2026_R_00063,australia_2026_R,BOT,STR,2026-03-08 04:06:28.093,2,ON_TRACK_PASS,race-distance ordering and target DriverAhead both show the swap,23.21805555555602,7.639,-22.462499999997817,False,8.075833333333321,True,True,2026-03-08 04:06:36.052,7.959,7.959,7.959,7.959,False,91.0,,True,False,2026-03-08 04:06:58.093,30.0,120.0,False,False,False
australia_2026_R_00064,australia_2026_R,VER,SAI,2026-03-08 04:06:29.692,2,UNCERTAIN,"only one of the two order-change signals fired (distance=False, driver_ahead=True)",10.355555555557657,19.76,-10.253333333335831,False,9.015555555552549,False,True,2026-03-08 04:06:49.732,20.04,83.841,20.04,83.841,True,212.0,-12.68440659925435,True,False,2026-03-08 04:06:59.692,30.0,120.0,False,False,False
australia_2026_R_00065,australia_2026_R,ANT,NOR,2026-03-08 04:06:30.172,2,CLOSE_INTERACTION_NO_PASS,"valid close battle, no pairwise order change inside the horizon; the pair did swap 78.9 s after t0, outside it",98.59638888889003,50.201,-97.89972222222423,False,72.98277777778023,False,False,,,78.881,50.361,78.881,True,304.0,,True,False,2026-03-08 04:07:00.172,30.0,120.0,False,False,False
australia_2026_R_00066,australia_2026_R,HAD,HAM,2026-03-08 04:06:31.772,3,CLOSE_INTERACTION_NO_PASS,"valid close battle, no pairwise order change inside the horizon",95.95666666666665,3.001,-96.5575000000008,False,15.17277777777781,False,False,,,,,,False,156.0,124.97916666666659,True,False,2026-03-08 04:07:01.772,30.0,120.0,False,False,False
australia_2026_R_00067,australia_2026_R,GAS,OCO,2026-03-08 04:06:32.252,3,CLOSE_INTERACTION_NO_PASS,"valid close battle, no pairwise order change inside the horizon; the pair did swap 49.7 s after t0, outside it",65.98361111111112,49.361,-66.2113888888889,False,18.598888888888865,False,False,,,49.681,49.681,49.681,True,277.0,,True,False,2026-03-08 04:07:02.252,30.0,120.0,False,False,False
australia_2026_R_00068,australia_2026_R,ALO,GAS,2026-03-08 04:06:32.812,3,CLOSE_INTERACTION_NO_PASS,"valid close battle, no pairwise order change inside the horizon",38.34972222222222,40.961,-38.35499999999956,False,8.600000000000023,False,False,,,,,,False,296.0,,True,False,2026-03-08 04:07:02.812,30.0,120.0,False,False,False
australia_2026_R_00069,australia_2026_R,BOR,ALO,2026-03-08 04:06:33.212,3,CLOSE_INTERACTION_NO_PASS,"valid close battle, no pairwise order change inside the horizon; the pair did swap 40.8 s after t0, outside it",34.98027777777778,40.561,-34.90583333333416,False,6.222222222222172,False,False,,,40.801,40.801,40.801,True,299.0,,True,False,2026-03-08 04:07:03.212,30.0,120.0,False,False,False
australia_2026_R_00070,australia_2026_R,STR,PER,2026-03-08 04:06:39.132,3,ON_TRACK_PASS,race-distance ordering and target DriverAhead both show the swap,72.89111111111112,15.401,-73.06916666666802,False,7.299999999999983,True,True,2026-03-08 04:06:54.693,15.561,15.561,15.561,15.561,False,315.0,,True,False,2026-03-08 04:07:09.132,30.0,120.0,False,False,False
australia_2026_R_00071,australia_2026_R,COL,VER,2026-03-08 04:06:39.612,3,CLOSE_INTERACTION_NO_PASS,"valid close battle, no pairwise order change inside the horizon",94.61694444444453,5.12,-96.79444444444562,False,9.422222222222217,False,False,,,,,,False,143.0,92.91666666666643,True,False,2026-03-08 04:07:09.612,30.0,120.0,False,False,False
australia_2026_R_00072,australia_2026_R,HAM,LEC,2026-03-08 04:06:40.933,3,CLOSE_INTERACTION_NO_PASS,"valid close battle, no pairwise order change inside the horizon",96.38499999999931,9.959,-96.46333333333314,False,7.39999999999975,False,False,,,,,,False,126.0,96.43920044419764,True,False,2026-03-08 04:07:10.933,30.0,120.0,False,False,False
australia_2026_R_00073,australia_2026_R,PER,BOT,2026-03-08 04:06:45.812,3,CLOSE_INTERACTION_NO_PASS,"valid close battle, no pairwise order change inside the horizon; the pair did swap 42.1 s after t0, outside it",45.60611111111109,8.721,-45.49055555555606,False,8.114166666666733,False,False,,,42.081,42.081,42.081,True,194.0,,True,False,2026-03-08 04:07:15.812,30.0,120.0,False,False,False
australia_2026_R_00074,australia_2026_R,BOT,LAW,2026-03-08 04:06:47.413,3,ON_TRACK_PASS,race-distance ordering and target DriverAhead both show the swap,14.950555555555525,32.639,-14.906388888888614,False,10.164999999999964,True,True,2026-03-08 04:06:55.493,8.08,8.08,8.08,8.08,False,242.0,-32.875702685821324,True,False,2026-03-08 04:07:17.413,30.0,120.0,False,False,False
australia_2026_R_00075,australia_2026_R,STR,BOT,2026-03-08 04:06:54.693,3,CLOSE_INTERACTION_NO_PASS,"valid close battle, no pairwise order change inside the horizon; the pair did swap 49.5 s after t0, outside it",38.74472222222221,10.959,-38.80722222222175,False,6.860555555555493,False,False,,,49.519,49.519,49.519,True,124.0,,True,False,2026-03-08 04:07:24.693,30.0,120.0,False,False,False
australia_2026_R_00076,australia_2026_R,LIN,HAD,2026-03-08 04:07:10.492,3,CLOSE_INTERACTION_NO_PASS,"valid close battle, no pairwise order change inside the horizon",99.93666666666513,21.56,-99.43333333333067,False,5.777777777777828,False,False,,,,,,False,303.0,6.001705514498512,True,False,2026-03-08 04:07:40.492,30.0,120.0,False,False,False
australia_2026_R_00077,australia_2026_R,BEA,ALO,2026-03-08 04:07:14.013,3,ON_TRACK_PASS,race-distance ordering and target DriverAhead both show the swap,79.21750000000111,10.239,-79.05444444444583,False,8.088888888888505,True,True,2026-03-08 04:07:24.532,10.519,10.519,10.519,10.519,False,300.0,,True,False,2026-03-08 04:07:44.013,30.0,120.0,False,False,False
australia_2026_R_00078,australia_2026_R,BOR,GAS,2026-03-08 04:07:14.013,3,CLOSE_INTERACTION_NO_PASS,"valid close battle, no pairwise order change inside the horizon",66.12222222222181,7.6,-66.05305555555424,False,2.7222222222226264,False,False,,,,,,False,318.0,,True,False,2026-03-08 04:07:44.013,30.0,120.0,False,False,False
australia_2026_R_00079,australia_2026_R,RUS,LEC,2026-03-08 04:07:14.573,3,CLOSE_INTERACTION_NO_PASS,"valid close battle, no pairwise order change inside the horizon",17.640277777775736,392.96,-17.75749999999789,False,31.15111111111557,False,False,,,,,,False,292.0,-97.07142857142213,True,False,2026-03-08 04:07:44.573,30.0,120.0,False,False,False
australia_2026_R_00080,australia_2026_R,HAM,RUS,2026-03-08 04:07:16.332,3,CLOSE_INTERACTION_NO_PASS,"valid close battle, no pairwise order change inside the horizon",95.51472222222355,3.28,-95.47583333333569,False,4.766666666666879,False,False,,,,,,False,187.0,99.65036952814184,True,False,2026-03-08 04:07:46.332,30.0,120.0,False,False,False
australia_2026_R_00081,australia_2026_R,ALO,BOR,2026-03-08 04:07:16.332,3,CLOSE_INTERACTION_NO_PASS,"valid close battle, no pairwise order change inside the horizon",10.53611111111104,7.92,-10.610555555555038,False,3.0127777777779556,False,False,,,,,,False,332.0,-15.225696418419126,True,False,2026-03-08 04:07:46.332,30.0,120.0,False,False,False
australia_2026_R_00082,australia_2026_R,OCO,NOR,2026-03-08 04:07:20.533,3,CLOSE_INTERACTION_NO_PASS,"valid close battle, no pairwise order change inside the horizon",58.911666666668225,65.48,-58.72388888889327,False,63.9713888888849,False,False,,,,,,False,223.0,,True,False,2026-03-08 04:07:50.533,30.0,120.0,False,False,False
australia_2026_R_00083,australia_2026_R,ANT,LIN,2026-03-08 04:07:20.533,3,ON_TRACK_PASS,race-distance ordering and target DriverAhead both show the swap,58.76527777777801,11.519,-58.765277777778465,False,10.488888888888596,True,True,2026-03-08 04:07:32.212,11.679,11.679,11.679,11.679,False,196.0,,True,False,2026-03-08 04:07:50.533,30.0,120.0,False,False,False
australia_2026_R_00084,australia_2026_R,BOR,OCO,2026-03-08 04:07:21.933,3,CLOSE_INTERACTION_NO_PASS,"valid close battle, no pairwise order change inside the horizon",92.98666666666486,5.0,-93.14527777777585,False,6.133333333333667,False,False,,,40.52,,,False,199.0,,True,False,2026-03-08 04:07:51.933,30.0,120.0,False,False,False
australia_2026_R_00085,australia_2026_R,GAS,ANT,2026-03-08 04:07:23.252,3,ON_TRACK_PASS,race-distance ordering and target DriverAhead both show the swap,51.60138888888696,10.521,-51.601388888886504,False,20.799999999999727,True,True,2026-03-08 04:07:33.933,10.681000000000001,10.681000000000001,11.561,11.561,False,209.0,,True,False,2026-03-08 04:07:53.252,30.0,120.0,False,False,False
australia_2026_R_00086,australia_2026_R,NOR,GAS,2026-03-08 04:07:23.892,3,CLOSE_INTERACTION_NO_PASS,"valid close battle, no pairwise order change inside the horizon; the pair did swap 38.2 s after t0, outside it",24.50472222222379,9.08,-24.464722222222917,False,16.13333333333412,False,False,,,33.6,38.241,38.241,True,330.0,-123.75000000000256,True,False,2026-03-08 04:07:53.892,30.0,120.0,False,False,False
australia_2026_R_00087,australia_2026_R,BEA,BOR,2026-03-08 04:07:24.532,3,CLOSE_INTERACTION_NO_PASS,"valid close battle, no pairwise order change inside the horizon",33.97750000000087,31.68,-33.88888888888869,False,7.733333333332666,False,False,,,,,,False,187.0,,True,False,2026-03-08 04:07:54.532,30.0,120.0,False,False,False
australia_2026_R_00088,australia_2026_R,ALB,ALO,2026-03-08 04:07:24.532,3,ON_TRACK_PASS,race-distance ordering and target DriverAhead both show the swap,68.74166666666724,18.28,-68.61472222222437,False,9.0,True,True,2026-03-08 04:07:43.252,18.72,18.72,18.72,18.72,False,170.0,,True,False,2026-03-08 04:07:54.532,30.0,120.0,False,False,False
australia_2026_R_00089,australia_2026_R,LAW,COL,2026-03-08 04:07:26.492,3,CLOSE_INTERACTION_NO_PASS,"valid close battle, no pairwise order change inside the horizon",98.80305555555788,6.8,-98.70722222222503,False,5.7444444444440705,False,False,,,,,,False,261.0,30.469387755102172,True,False,2026-03-08 04:07:56.492,30.0,120.0,False,False,False
australia_2026_R_00090,australia_2026_R,STR,BOT,2026-03-08 04:07:27.893,3,ON_TRACK_PASS,race-distance ordering and target DriverAhead both show the swap,62.22138888889049,24.199,-62.28388888888912,False,10.437222222221862,True,True,2026-03-08 04:07:44.212,16.319,16.319,16.319,16.319,False,282.0,,True,False,2026-03-08 04:07:57.893,30.0,120.0,False,False,False
australia_2026_R_00091,australia_2026_R,PER,LAW,2026-03-08 04:07:28.253,3,CLOSE_INTERACTION_NO_PASS,"valid close battle, no pairwise order change inside the horizon",96.73749999999836,3.799,-96.57777777777665,False,3.5,False,False,,,,,,False,207.0,64.00000000000547,True,False,2026-03-08 04:07:58.253,30.0,120.0,False,False,False
australia_2026_R_00092,australia_2026_R,ALO,BEA,2026-03-08 04:07:30.412,3,CLOSE_INTERACTION_NO_PASS,"valid close battle, no pairwise order change inside the horizon",10.660000000001673,12.4,-10.823055555558312,False,8.888888888888687,False,False,,,,,,False,285.0,-8.263730288200568,True,False,2026-03-08 04:08:00.412,30.0,120.0,False,False,False
australia_2026_R_00093,australia_2026_R,BOT,PER,2026-03-08 04:07:33.132,3,ON_TRACK_PASS,race-distance ordering and target DriverAhead both show the swap,10.4650000000006,8.121,-10.580555555556202,False,5.555555555556111,True,True,2026-03-08 04:07:41.533,8.401,8.401,8.401,8.401,False,213.0,-7.183673469387625,True,False,2026-03-08 04:08:03.132,30.0,120.0,False,False,False
australia_2026_R_00094,australia_2026_R,SAI,ALO,2026-03-08 04:07:43.252,3,CLOSE_INTERACTION_NO_PASS,"valid close battle, no pairwise order change inside the horizon",19.844722222223936,6.001,-19.699166666669043,False,6.733333333332666,False,False,,,34.48,,,False,173.0,,True,False,2026-03-08 04:08:13.252,30.0,120.0,False,False,False
australia_2026_R_00095,australia_2026_R,ALB,BEA,2026-03-08 04:07:43.252,3,UNCERTAIN,"only one of the two order-change signals fired (distance=True, driver_ahead=False)",67.14972222222241,8.24,-67.18583333333481,False,11.82222222222299,True,False,2026-03-08 04:08:05.212,21.96,21.96,,,False,187.0,,True,False,2026-03-08 04:08:13.252,30.0,120.0,False,False,False
australia_2026_R_00096,australia_2026_R,NOR,LIN,2026-03-08 04:07:44.212,3,CLOSE_INTERACTION_NO_PASS,"valid close battle, no pairwise order change inside the horizon",44.30055555555555,3.761,-44.26055555555649,False,3.699999999999818,False,False,,,,,,False,98.0,,True,False,2026-03-08 04:08:14.212,30.0,120.0,False,False,False
australia_2026_R_00097,australia_2026_R,ANT,HAD,2026-03-08 04:07:47.973,3,UNCERTAIN,"only one of the two order-change signals fired (distance=True, driver_ahead=False)",10.332222222225028,7.32,-9.828888888891015,False,11.832777777777665,True,False,2026-03-08 04:08:12.052,24.079,24.079,,,False,179.0,-24.645161290320413,True,False,2026-03-08 04:08:17.973,30.0,120.0,False,False,False
australia_2026_R_00098,australia_2026_R,LIN,ANT,2026-03-08 04:07:48.173,3,ON_TRACK_PASS,race-distance ordering and target DriverAhead both show the swap,31.130277777779156,7.12,-31.130277777778247,False,8.407499999999345,True,True,2026-03-08 04:07:55.533,7.36,7.36,7.36,7.36,False,156.0,,True,False,2026-03-08 04:08:18.173,30.0,120.0,False,False,False
australia_2026_R_00099,australia_2026_R,GAS,LIN,2026-03-08 04:07:49.053,3,ON_TRACK_PASS,race-distance ordering and target DriverAhead both show the swap,12.71583333333092,4.48,-12.71583333333183,False,23.0427777777777,True,True,2026-03-08 04:08:02.812,13.759,13.759,24.88,24.88,False,164.0,-41.818181818183476,True,False,2026-03-08 04:08:19.053,30.0,120.0,False,False,False
australia_2026_R_00100,australia_2026_R,COL,SAI,2026-03-08 04:07:49.532,3,CLOSE_INTERACTION_NO_PASS,"valid close battle, no pairwise order change inside the horizon",37.28416666666635,64.561,-37.424444444443,False,9.777777777777771,False,False,,,,64.841,,False,90.0,,True,False,2026-03-08 04:08:19.532,30.0,120.0,False,False,False
australia_2026_R_00101,australia_2026_R,VER,ALB,2026-03-08 04:07:51.652,3,UNCERTAIN,"only one of the two order-change signals fired (distance=True, driver_ahead=False)",19.294722222223754,54.241,-17.23888888889087,False,4.958611111112901,True,False,2026-03-08 04:08:17.532,25.88,25.88,54.481,54.481,True,108.0,,True,False,2026-03-08 04:08:21.652,30.0,120.0,False,False,False
australia_2026_R_00102,australia_2026_R,STR,LAW,2026-03-08 04:07:53.533,3,CLOSE_INTERACTION_NO_PASS,"valid close battle, no pairwise order change inside the horizon",76.0250000000051,3.439,-76.04333333334034,False,7.33333333333303,False,False,,,,,,False,86.0,,True,False,2026-03-08 04:08:23.533,30.0,120.0,False,False,False
australia_2026_R_00103,australia_2026_R,SAI,VER,2026-03-08 04:07:53.533,3,CLOSE_INTERACTION_NO_PASS,"valid close battle, no pairwise order change inside the horizon",11.111944444442997,52.36,-13.149166666664314,False,7.3888888888888005,False,False,,,,,,False,140.0,-8.448697501329374,True,False,2026-03-08 04:08:23.533,30.0,120.0,False,False,False
australia_2026_R_00104,australia_2026_R,LIN,HAD,2026-03-08 04:07:56.013,4,CLOSE_INTERACTION_NO_PASS,"valid close battle, no pairwise order change inside the horizon",99.96277777777779,17.64,-100.18055555555475,False,9.777777777777715,False,False,,,,,,False,302.0,3.999999999999666,True,False,2026-03-08 04:08:26.013,30.0,120.0,False,False,False
australia_2026_R_00105,australia_2026_R,ANT,LIN,2026-03-08 04:07:56.652,4,CLOSE_INTERACTION_NO_PASS,"valid close battle, no pairwise order change inside the horizon; the pair did swap 108.3 s after t0, outside it",66.6625,19.041,-66.62166666666599,False,63.68861111111036,False,False,,,108.321,86.401,108.321,True,309.0,-211.90259159963475,True,False,2026-03-08 04:08:26.652,30.0,120.0,False,False,False
australia_2026_R_00106,australia_2026_R,BOT,STR,2026-03-08 04:07:57.132,3,ON_TRACK_PASS,race-distance ordering and target DriverAhead both show the swap,15.75166666666155,7.36,-15.68916666665973,False,1.866666666666788,True,True,2026-03-08 04:08:04.892,7.76,7.76,7.76,7.76,False,97.0,,True,False,2026-03-08 04:08:27.132,30.0,120.0,False,False,False
australia_2026_R_00107,australia_2026_R,NOR,ANT,2026-03-08 04:07:57.812,4,CLOSE_INTERACTION_NO_PASS,"valid close battle, no pairwise order change inside the horizon",91.41527777777775,4.641,-91.41861111111211,False,6.300000000000011,False,False,,,,,,False,297.0,,True,False,2026-03-08 04:08:27.812,30.0,120.0,False,False,False
australia_2026_R_00108,australia_2026_R,STR,PER,2026-03-08 04:07:59.492,3,UNCERTAIN,"only one of the two order-change signals fired (distance=True, driver_ahead=False)",11.000277777782685,5.0,-11.178333333336923,False,5.0,True,False,2026-03-08 04:08:24.652,25.16,25.16,,,False,161.0,-14.660000000001128,True,False,2026-03-08 04:08:29.492,30.0,120.0,False,False,False
australia_2026_R_00109,australia_2026_R,BEA,BOR,2026-03-08 04:08:00.373,4,CLOSE_INTERACTION_NO_PASS,"valid close battle, no pairwise order change inside the horizon",76.00111111111111,24.279,-75.89111111111197,False,7.500000000000114,False,False,,,,,,False,297.0,87.20046484602051,True,False,2026-03-08 04:08:30.373,30.0,120.0,False,False,False
australia_2026_R_00110,australia_2026_R,BOR,OCO,2026-03-08 04:08:02.133,4,CLOSE_INTERACTION_NO_PASS,"valid close battle, no pairwise order change inside the horizon",84.34333333333333,6.28,-84.31722222222015,False,9.155555555555594,False,False,,,98.6,,,False,166.0,,True,False,2026-03-08 04:08:32.133,30.0,120.0,False,False,False
australia_2026_R_00111,australia_2026_R,NOR,GAS,2026-03-08 04:08:02.812,4,ON_TRACK_PASS,race-distance ordering and target DriverAhead both show the swap,13.350277777777762,9.92,-13.559444444446854,False,12.211111111111052,True,True,2026-03-08 04:08:26.253,23.441,23.441,23.441,23.441,False,302.0,,True,False,2026-03-08 04:08:32.812,30.0,120.0,False,False,False
australia_2026_R_00112,australia_2026_R,GAS,ANT,2026-03-08 04:08:02.812,4,ON_TRACK_PASS,race-distance ordering and target DriverAhead both show the swap,43.70749999999998,9.92,-43.50166666666337,False,15.766666666666652,True,True,2026-03-08 04:08:12.973,10.161,10.161,10.161,10.161,False,177.0,,True,False,2026-03-08 04:08:32.812,30.0,120.0,False,False,False
australia_2026_R_00113,australia_2026_R,BOT,PER,2026-03-08 04:08:04.892,3,CLOSE_INTERACTION_NO_PASS,"valid close battle, no pairwise order change inside the horizon",61.228888888886104,38.88,-61.34444444444125,False,7.466666666666612,False,False,,,,,,False,289.0,,True,False,2026-03-08 04:08:34.892,30.0,120.0,False,False,False
australia_2026_R_00114,australia_2026_R,STR,BOT,2026-03-08 04:08:07.573,4,CLOSE_INTERACTION_NO_PASS,"valid close battle, no pairwise order change inside the horizon; the pair did swap 63.2 s after t0, outside it",41.141111111111115,62.999,-41.03444444444176,False,37.62527777776728,False,False,,,63.239,63.239,63.239,True,298.0,-79.32704053301772,True,False,2026-03-08 04:08:37.573,30.0,120.0,False,False,False
australia_2026_R_00115,australia_2026_R,PER,LAW,2026-03-08 04:08:08.853,4,CLOSE_INTERACTION_NO_PASS,"valid close battle, no pairwise order change inside the horizon",95.48777777777778,4.8,-94.95222222222219,False,8.944444444444429,False,False,,,,,,False,152.0,104.44680851063832,True,False,2026-03-08 04:08:38.853,30.0,120.0,False,False,False
australia_2026_R_00116,australia_2026_R,HAD,HAM,2026-03-08 04:08:08.853,4,CLOSE_INTERACTION_NO_PASS,"valid close battle, no pairwise order change inside the horizon",94.0086111111109,3.879,-93.79083333333256,False,6.488888888889051,False,False,,,,,,False,96.0,144.40425531914926,True,False,2026-03-08 04:08:38.853,30.0,120.0,False,False,False
australia_2026_R_00117,australia_2026_R,OCO,NOR,2026-03-08 04:08:28.493,4,CLOSE_INTERACTION_NO_PASS,"valid close battle, no pairwise order change inside the horizon",35.87361111111227,3.319,-35.911111111112405,False,1.6888888888886413,False,False,,,,,,False,216.0,,True,False,2026-03-08 04:08:58.493,30.0,120.0,False,False,False
australia_2026_R_00118,australia_2026_R,OCO,GAS,2026-03-08 04:08:32.132,4,CLOSE_INTERACTION_NO_PASS,"valid close battle, no pairwise order change inside the horizon",40.18666666666809,12.56,-40.4333333333343,False,2.0294444444443798,False,False,,,,,,False,199.0,,True,False,2026-03-08 04:09:02.132,30.0,120.0,False,False,False
australia_2026_R_00119,australia_2026_R,GAS,NOR,2026-03-08 04:08:33.493,4,ON_TRACK_PASS,race-distance ordering and target DriverAhead both show the swap,11.209444444445126,11.199,-11.000277777780866,False,2.8100000000004,True,True,2026-03-08 04:08:44.972,11.479,11.479,11.479,11.479,False,265.0,-25.83100661278508,True,False,2026-03-08 04:09:03.493,30.0,120.0,False,False,False
australia_2026_R_00120,australia_2026_R,LIN,HAD,2026-03-08 04:08:35.973,4,CLOSE_INTERACTION_NO_PASS,"valid close battle, no pairwise order change inside the horizon",99.69138888888847,34.599,-99.90916666666817,False,7.199999999999818,False,False,,,,,,False,294.0,14.886363636365601,True,False,2026-03-08 04:09:05.973,30.0,120.0,False,False,False
australia_2026_R_00121,australia_2026_R,HAM,RUS,2026-03-08 04:08:39.173,4,CLOSE_INTERACTION_NO_PASS,"valid close battle, no pairwise order change inside the horizon",95.93611111111022,77.64,-95.94444444444161,False,33.00472222222817,False,False,,,52.479,,,False,257.0,37.49233390119187,True,False,2026-03-08 04:09:09.173,30.0,120.0,False,False,False
australia_2026_R_00122,australia_2026_R,GAS,ANT,2026-03-08 04:08:45.692,4,ON_TRACK_PASS,race-distance ordering and target DriverAhead both show the swap,99.47944444444738,6.04,-99.27361111111531,False,14.42222222222199,True,True,2026-03-08 04:08:59.293,13.600999999999999,13.600999999999999,13.600999999999999,13.600999999999999,False,195.0,123.33333333333259,True,False,2026-03-08 04:09:15.692,30.0,120.0,False,False,False
australia_2026_R_00123,australia_2026_R,SAI,ALB,2026-03-08 04:08:46.133,4,CLOSE_INTERACTION_NO_PASS,"valid close battle, no pairwise order change inside the horizon; the pair did swap 94.9 s after t0, outside it",79.8019444444426,7.96,-79.95666666666511,False,9.899999999999636,False,False,,,94.92,94.0,94.92,True,327.0,,True,False,2026-03-08 04:09:16.133,30.0,120.0,False,False,False
australia_2026_R_00124,australia_2026_R,VER,ALO,2026-03-08 04:08:46.133,4,ON_TRACK_PASS,race-distance ordering and target DriverAhead both show the swap,29.032777777777483,54.4,-29.57611111110964,False,16.213055555557148,True,True,2026-03-08 04:09:04.932,18.799,18.799,18.799,18.799,False,314.0,,True,False,2026-03-08 04:09:16.133,30.0,120.0,False,False,False
australia_2026_R_00125,australia_2026_R,NOR,GAS,2026-03-08 04:08:46.573,4,CLOSE_INTERACTION_NO_PASS,"valid close battle, no pairwise order change inside the horizon; the pair did swap 32.2 s after t0, outside it",11.429166666664514,12.4,-11.638333333332412,False,10.499999999999545,False,False,,,32.16,32.16,32.16,True,306.0,-24.724547158025562,True,False,2026-03-08 04:09:16.573,30.0,120.0,False,False,False
australia_2026_R_00126,australia_2026_R,BEA,BOR,2026-03-08 04:08:47.133,4,CLOSE_INTERACTION_NO_PASS,"valid close battle, no pairwise order change inside the horizon",98.92722222222119,144.84,-98.81722222222015,False,12.610833333330419,False,False,,,,,,False,305.0,20.254651780967173,True,False,2026-03-08 04:09:17.133,30.0,120.0,False,False,False
australia_2026_R_00127,australia_2026_R,ALB,VER,2026-03-08 04:08:49.812,4,CLOSE_INTERACTION_NO_PASS,"valid close battle, no pairwise order change inside the horizon",10.760000000002037,14.84,-10.642777777778974,False,2.899999999999636,False,False,,,,,,False,329.0,-13.112056028014672,True,False,2026-03-08 04:09:19.812,30.0,120.0,False,False,False
australia_2026_R_00128,australia_2026_R,ALO,BEA,2026-03-08 04:08:50.732,4,CLOSE_INTERACTION_NO_PASS,"valid close battle, no pairwise order change inside the horizon",98.14249999999856,3.361,-97.6875,False,4.277777777777828,False,False,,,,,,False,216.0,22.260847371108177,True,False,2026-03-08 04:09:20.732,30.0,120.0,False,False,False
australia_2026_R_00129,australia_2026_R,COL,ALB,2026-03-08 04:08:54.373,4,ON_TRACK_PASS,race-distance ordering and target DriverAhead both show the swap,27.05277777777701,3.439,-26.70222222222219,False,3.666666666666515,True,True,2026-03-08 04:09:05.332,10.959,10.959,10.959,10.959,False,165.0,,True,False,2026-03-08 04:09:24.373,30.0,120.0,False,False,False
australia_2026_R_00130,australia_2026_R,LAW,SAI,2026-03-08 04:08:54.373,4,CLOSE_INTERACTION_NO_PASS,"valid close battle, no pairwise order change inside the horizon",79.4108333333329,3.439,-79.41444444444642,False,2.0777777777775555,False,False,,,,,,False,182.0,,True,False,2026-03-08 04:09:24.373,30.0,120.0,False,False,False
australia_2026_R_00131,australia_2026_R,LAW,COL,2026-03-08 04:08:58.132,4,CLOSE_INTERACTION_NO_PASS,"valid close battle, no pairwise order change inside the horizon",81.81972222222112,5.96,-82.32861111111197,False,2.055555555555202,False,False,,,,116.961,,False,213.0,,True,False,2026-03-08 04:09:28.132,30.0,120.0,False,False,False
australia_2026_R_00132,australia_2026_R,COL,SAI,2026-03-08 04:08:59.773,4,ON_TRACK_PASS,race-distance ordering and target DriverAhead both show the swap,10.181944444444525,4.319,-9.676666666666279,False,3.3444444444444343,True,True,2026-03-08 04:09:04.412,4.639,4.639,4.639,4.639,False,276.0,-15.777574649604555,True,False,2026-03-08 04:09:29.773,30.0,120.0,False,False,False
australia_2026_R_00133,australia_2026_R,BOR,OCO,2026-03-08 04:09:00.213,4,CLOSE_INTERACTION_NO_PASS,"valid close battle, no pairwise order change inside the horizon",93.44944444444354,24.879,-93.42333333333227,False,7.200000000000273,False,False,,,40.52,,,False,113.0,134.29052876234542,True,False,2026-03-08 04:09:30.213,30.0,120.0,False,False,False
australia_2026_R_00134,australia_2026_R,ANT,LIN,2026-03-08 04:09:02.093,4,UNCERTAIN,"only one of the two order-change signals fired (distance=False, driver_ahead=True)",21.379166666666606,20.76,-21.33833333333314,False,14.353333333331374,False,True,2026-03-08 04:09:23.053,20.96,42.88,20.96,42.88,True,190.0,,True,False,2026-03-08 04:09:32.093,30.0,120.0,False,False,False
australia_2026_R_00135,australia_2026_R,NOR,ANT,2026-03-08 04:09:10.012,4,CLOSE_INTERACTION_NO_PASS,"valid close battle, no pairwise order change inside the horizon",27.082777777775846,4.041,-27.08611111110804,False,5.0,False,False,,,114.121,,,False,104.0,,True,False,2026-03-08 04:09:40.012,30.0,120.0,False,False,False
australia_2026_R_00136,australia_2026_R,STR,PER,2026-03-08 04:09:10.812,4,CLOSE_INTERACTION_NO_PASS,"valid close battle, no pairwise order change inside the horizon",60.81027777777808,3.841,-61.2458333333343,False,6.599999999999909,False,False,,,100.241,,,False,104.0,,True,False,2026-03-08 04:09:40.812,30.0,120.0,False,False,False
australia_2026_R_00137,australia_2026_R,BOT,PER,2026-03-08 04:09:14.893,4,CLOSE_INTERACTION_NO_PASS,"valid close battle, no pairwise order change inside the horizon",98.9902777777761,6.32,-99.53249999999753,False,8.777777777777374,False,False,,,,,,False,200.0,,True,False,2026-03-08 04:09:44.893,30.0,120.0,False,False,False
australia_2026_R_00138,australia_2026_R,COL,VER,2026-03-08 04:09:16.493,4,CLOSE_INTERACTION_NO_PASS,"valid close battle, no pairwise order change inside the horizon",47.75583333333452,3.68,-47.28805555555664,False,6.83333333333303,False,False,,,,,,False,115.0,,True,False,2026-03-08 04:09:46.493,30.0,120.0,False,False,False
australia_2026_R_00139,australia_2026_R,OCO,GAS,2026-03-08 04:09:18.733,4,CLOSE_INTERACTION_NO_PASS,"valid close battle, no pairwise order change inside the horizon",59.958055555551255,4.679,-60.20472222222088,False,2.044444444444707,False,False,,,,92.68,,False,182.0,,True,False,2026-03-08 04:09:48.733,30.0,120.0,False,False,False
australia_2026_R_00140,australia_2026_R,PER,LAW,2026-03-08 04:09:19.013,4,CLOSE_INTERACTION_NO_PASS,"valid close battle, no pairwise order change inside the horizon",92.73138888888934,5.239,-92.19583333333503,False,5.5,False,False,,,,,,False,93.0,81.58388577256561,True,False,2026-03-08 04:09:49.013,30.0,120.0,False,False,False
australia_2026_R_00141,australia_2026_R,GAS,NOR,2026-03-08 04:09:19.413,4,UNCERTAIN,"only one of the two order-change signals fired (distance=False, driver_ahead=True)",10.001388888894326,4.479,-9.792222222229611,False,4.433333333333394,False,True,2026-03-08 04:09:40.293,20.88,,20.88,,False,244.0,-52.294117647058606,True,False,2026-03-08 04:09:49.413,30.0,120.0,False,False,False
australia_2026_R_00142,australia_2026_R,ALB,VER,2026-03-08 04:09:20.573,4,CLOSE_INTERACTION_NO_PASS,"valid close battle, no pairwise order change inside the horizon",51.843611111113205,19.96,-51.72638888889196,False,24.916944444447793,False,False,,,,,,False,150.0,,True,False,2026-03-08 04:09:50.573,30.0,120.0,False,False,False
australia_2026_R_00143,australia_2026_R,BOT,STR,2026-03-08 04:09:22.093,4,ON_TRACK_PASS,race-distance ordering and target DriverAhead both show the swap,12.348333333333358,10.92,-12.454999999998108,False,7.733333333332666,True,True,2026-03-08 04:09:33.293,11.2,11.2,11.2,11.2,False,200.0,-54.58823529412256,True,False,2026-03-08 04:09:52.093,30.0,120.0,False,False,False
australia_2026_R_00144,australia_2026_R,SAI,ALB,2026-03-08 04:09:23.053,4,CLOSE_INTERACTION_NO_PASS,"valid close battle, no pairwise order change inside the horizon; the pair did swap 58.0 s after t0, outside it",13.545555555556348,56.88,-13.700277777777956,False,11.0,False,False,,,58.0,57.08,58.0,True,171.0,,True,False,2026-03-08 04:09:53.053,30.0,120.0,False,False,False
australia_2026_R_00145,australia_2026_R,OCO,NOR,2026-03-08 04:09:24.252,5,CLOSE_INTERACTION_NO_PASS,"valid close battle, no pairwise order change inside the horizon",61.75666666666665,25.241,-61.22555555555664,False,12.02222222222224,False,False,,,,,,False,289.0,,True,False,2026-03-08 04:09:54.252,30.0,120.0,False,False,False
australia_2026_R_00146,australia_2026_R,LIN,ANT,2026-03-08 04:09:24.452,5,ON_TRACK_PASS,race-distance ordering and target DriverAhead both show the swap,10.226388888888863,11.681,-10.048611111109494,False,5.688888888888869,True,True,2026-03-08 04:09:36.413,11.961,11.961,11.961,11.961,False,282.0,-24.375268048606138,True,False,2026-03-08 04:09:54.452,30.0,120.0,False,False,False
australia_2026_R_00147,australia_2026_R,NOR,LIN,2026-03-08 04:09:26.173,5,CLOSE_INTERACTION_NO_PASS,"valid close battle, no pairwise order change inside the horizon",96.76888888888891,7.84,-96.99055555555606,False,7.0,False,False,,,,,,False,226.0,78.25871941697032,True,False,2026-03-08 04:09:56.173,30.0,120.0,False,False,False
australia_2026_R_00148,australia_2026_R,BOR,GAS,2026-03-08 04:09:26.893,5,INVALID,no causal target sample at t0,97.95805555555557,12.36,,False,10.044444444444451,False,False,,,,,,False,,7.733333333333264,True,False,2026-03-08 04:09:56.893,30.0,120.0,False,False,False
australia_2026_R_00149,australia_2026_R,ALO,BEA,2026-03-08 04:09:30.892,5,CLOSE_INTERACTION_NO_PASS,"valid close battle, no pairwise order change inside the horizon",94.27527777777777,4.161,-94.31444444444423,False,8.799999999999955,False,False,,,,,,False,148.0,130.79624664879358,True,False,2026-03-08 04:10:00.892,30.0,120.0,False,False,False
australia_2026_R_00150,australia_2026_R,STR,BOT,2026-03-08 04:09:35.893,5,CLOSE_INTERACTION_NO_PASS,"valid close battle, no pairwise order change inside the horizon; the pair did swap 62.4 s after t0, outside it",44.39583333333333,62.16,-44.728611111109785,False,39.819166666665595,False,False,,,62.4,62.4,62.4,True,311.0,-82.6962765957446,True,False,2026-03-08 04:10:05.893,30.0,120.0,False,False,False
australia_2026_R_00151,australia_2026_R,LIN,HAD,2026-03-08 04:09:36.413,5,CLOSE_INTERACTION_NO_PASS,"valid close battle, no pairwise order change inside the horizon",94.40027777777743,4.32,-94.21194444444336,False,11.462777777777887,False,False,,,,,,False,102.0,,True,False,2026-03-08 04:10:06.413,30.0,120.0,False,False,False
australia_2026_R_00152,australia_2026_R,BOR,OCO,2026-03-08 04:09:39.453,5,CLOSE_INTERACTION_NO_PASS,"valid close battle, no pairwise order change inside the horizon",74.89222222222247,71.96,-75.3791666666657,False,6.922222222222217,False,False,,,,,,False,177.0,,True,False,2026-03-08 04:10:09.453,30.0,120.0,False,False,False
australia_2026_R_00153,australia_2026_R,ALB,ALO,2026-03-08 04:09:40.733,5,CLOSE_INTERACTION_NO_PASS,"valid close battle, no pairwise order change inside the horizon; the pair did swap 37.4 s after t0, outside it",79.0583333333334,37.079,-78.06999999999971,False,6.299999999999841,False,False,,,37.4,37.4,37.4,True,263.0,,True,False,2026-03-08 04:10:10.733,30.0,120.0,False,False,False
australia_2026_R_00154,australia_2026_R,ANT,GAS,2026-03-08 04:09:41.453,5,INVALID,no causal target sample at t0,27.294999999999163,6.76,,False,13.5,False,False,,,,,,False,,,True,False,2026-03-08 04:10:11.453,30.0,120.0,False,False,False
australia_2026_R_00155,australia_2026_R,ALO,VER,2026-03-08 04:09:41.733,5,CLOSE_INTERACTION_NO_PASS,"valid close battle, no pairwise order change inside the horizon",10.566944444444516,24.84,-10.463611111114005,False,5.255555555555588,False,False,,,,,,False,290.0,-37.96000000000013,True,False,2026-03-08 04:10:11.733,30.0,120.0,False,False,False
australia_2026_R_00156,australia_2026_R,VER,BEA,2026-03-08 04:09:42.013,5,CLOSE_INTERACTION_NO_PASS,"valid close battle, no pairwise order change inside the horizon",98.76055555555581,11.96,-98.9030555555546,False,14.600000000000136,False,False,,,75.8,,,False,141.0,117.37499999999972,True,False,2026-03-08 04:10:12.013,30.0,120.0,False,False,False
australia_2026_R_00157,australia_2026_R,LIN,GAS,2026-03-08 04:09:48.373,5,INVALID,no causal target sample at t0,36.53972222222251,10.2,,False,7.466666666666697,False,False,,,,,,False,,,True,False,2026-03-08 04:10:18.373,30.0,120.0,False,False,False
australia_2026_R_00158,australia_2026_R,BOT,PER,2026-03-08 04:09:49.493,5,CLOSE_INTERACTION_NO_PASS,"valid close battle, no pairwise order change inside the horizon",93.35361111111104,11.76,-92.98999999999796,False,9.600000000000023,False,False,,,,,,False,155.0,70.34090909090938,True,False,2026-03-08 04:10:19.493,30.0,120.0,False,False,False
australia_2026_R_00159,australia_2026_R,LIN,ANT,2026-03-08 04:09:59.013,5,CLOSE_INTERACTION_NO_PASS,"valid close battle, no pairwise order change inside the horizon; the pair did swap 36.2 s after t0, outside it",62.94000000000051,19.36,-62.76222222221986,False,10.373611111111131,False,False,,,36.2,36.2,36.2,True,284.0,,True,False,2026-03-08 04:10:29.013,30.0,120.0,False,False,False
australia_2026_R_00160,australia_2026_R,NOR,GAS,2026-03-08 04:09:59.013,5,INVALID,no causal target sample at t0,35.55666666666639,5.119,,False,4.700000000000273,False,False,,,,,,False,,,True,False,2026-03-08 04:10:29.013,30.0,120.0,False,False,False
australia_2026_R_00161,australia_2026_R,HAM,RUS,2026-03-08 04:10:03.612,5,CLOSE_INTERACTION_NO_PASS,"valid close battle, no pairwise order change inside the horizon",99.47361111111195,7.681,-99.20638888888789,False,4.526666666666642,False,False,,,,,,False,297.0,3.6383191595828617,True,False,2026-03-08 04:10:33.612,30.0,120.0,False,False,False
australia_2026_R_00162,australia_2026_R,NOR,LIN,2026-03-08 04:10:04.412,5,CLOSE_INTERACTION_NO_PASS,"valid close battle, no pairwise order change inside the horizon",54.65527777777834,30.521,-54.876944444444234,False,8.111111111111313,False,False,,,,,,False,320.0,,True,False,2026-03-08 04:10:34.412,30.0,120.0,False,False,False
australia_2026_R_00163,australia_2026_R,ANT,HAD,2026-03-08 04:10:09.533,5,CLOSE_INTERACTION_NO_PASS,"valid close battle, no pairwise order change inside the horizon; the pair did swap 115.7 s after t0, outside it",95.15638888888543,4.44,-95.14583333333212,False,5.666666666666515,False,False,,,115.72,82.92,115.72,True,252.0,40.931818181818784,True,False,2026-03-08 04:10:39.533,30.0,120.0,False,False,False
australia_2026_R_00164,australia_2026_R,OCO,NOR,2026-03-08 04:10:13.733,5,CLOSE_INTERACTION_NO_PASS,"valid close battle, no pairwise order change inside the horizon",91.40527777777925,3.759,-90.87416666666832,False,5.511111111111404,False,False,,,,,,False,194.0,98.4523809523817,True,False,2026-03-08 04:10:43.733,30.0,120.0,False,False,False
australia_2026_R_00165,australia_2026_R,ANT,GAS,2026-03-08 04:10:14.453,5,INVALID,no causal target sample at t0,12.731111111108476,3.92,,False,10.133333333333212,False,False,,,,,,False,,-116.00000000001046,True,False,2026-03-08 04:10:44.453,30.0,120.0,False,False,False
australia_2026_R_00166,australia_2026_R,ALO,ALB,2026-03-08 04:10:18.773,5,CLOSE_INTERACTION_NO_PASS,"valid close battle, no pairwise order change inside the horizon",11.463888888887595,34.12,-12.45222222222219,False,11.744444444443616,False,False,,,,,,False,286.0,-62.00000000000074,True,False,2026-03-08 04:10:48.773,30.0,120.0,False,False,False
australia_2026_R_00167,australia_2026_R,LIN,GAS,2026-03-08 04:10:18.773,5,INVALID,no causal target sample at t0,45.23805555555418,3.88,,False,5.066666666666606,False,False,,,,,,False,,,True,False,2026-03-08 04:10:48.773,30.0,120.0,False,False,False
australia_2026_R_00168,australia_2026_R,COL,ALO,2026-03-08 04:10:19.293,5,CLOSE_INTERACTION_NO_PASS,"valid close battle, no pairwise order change inside the horizon; the pair did swap 100.8 s after t0, outside it",35.38805555555746,35.52,-35.34750000000349,False,9.800000000000182,False,False,,,100.76,98.121,100.76,True,196.0,,True,False,2026-03-08 04:10:49.293,30.0,120.0,False,False,False
australia_2026_R_00169,australia_2026_R,SAI,VER,2026-03-08 04:10:20.133,5,CLOSE_INTERACTION_NO_PASS,"valid close battle, no pairwise order change inside the horizon",70.88750000000073,5.36,-63.88861111110964,False,9.42222222222199,False,False,,,,,,False,214.0,,True,False,2026-03-08 04:10:50.133,30.0,120.0,False,False,False
australia_2026_R_00170,australia_2026_R,ALB,SAI,2026-03-08 04:10:20.373,5,CLOSE_INTERACTION_NO_PASS,"valid close battle, no pairwise order change inside the horizon; the pair did swap 32.9 s after t0, outside it",13.355555555553565,32.52,-19.262777777774318,False,11.733333333333121,False,False,,,32.92,32.92,32.92,True,314.0,-115.99999999999683,True,False,2026-03-08 04:10:50.373,30.0,120.0,False,False,False
australia_2026_R_00171,australia_2026_R,HAD,GAS,2026-03-08 04:10:24.533,5,INVALID,no causal target sample at t0,10.453055555555693,3.56,,False,8.066666666666606,False,False,,,,,,False,,-160.00000000001037,True,False,2026-03-08 04:10:54.533,30.0,120.0,False,False,False
australia_2026_R_00172,australia_2026_R,BOT,PER,2026-03-08 04:10:25.133,5,CLOSE_INTERACTION_NO_PASS,"valid close battle, no pairwise order change inside the horizon",97.7411111111137,4.04,-97.37750000000233,False,1.5555555555556566,False,False,,,,,,False,207.0,68.07102272726999,True,False,2026-03-08 04:10:55.133,30.0,120.0,False,False,False
australia_2026_R_00173,australia_2026_R,VER,BEA,2026-03-08 04:10:28.413,5,UNCERTAIN,"only one of the two order-change signals fired (distance=True, driver_ahead=False)",96.47861111111251,43.56,-96.62111111111153,False,12.777777777777374,True,False,2026-03-08 04:10:57.813,29.4,29.4,,,False,121.0,123.51162790697737,True,False,2026-03-08 04:10:58.413,30.0,120.0,False,False,False
australia_2026_R_00174,australia_2026_R,NOR,LIN,2026-03-08 04:10:37.053,5,CLOSE_INTERACTION_NO_PASS,"valid close battle, no pairwise order change inside the horizon",32.53888888889196,8.48,-32.76055555555649,False,2.699999999999818,False,False,,,,,,False,85.0,,True,False,2026-03-08 04:11:07.053,30.0,120.0,False,False,False
australia_2026_R_00175,australia_2026_R,LIN,ANT,2026-03-08 04:10:38.053,5,UNCERTAIN,"only one of the two order-change signals fired (distance=True, driver_ahead=False)",13.495833333331575,4.96,-13.318055555551837,False,6.133333333333212,True,False,2026-03-08 04:10:51.733,13.68,13.68,,,False,152.0,-46.64399999999769,True,False,2026-03-08 04:11:08.053,30.0,120.0,False,False,False
australia_2026_R_00176,australia_2026_R,STR,PER,2026-03-08 04:10:38.293,5,CLOSE_INTERACTION_NO_PASS,"valid close battle, no pairwise order change inside the horizon",68.00416666666979,4.32,-67.97333333333881,False,8.266666666666424,False,False,,,41.72,,,False,110.0,,True,False,2026-03-08 04:11:08.293,30.0,120.0,False,False,False
australia_2026_R_00177,australia_2026_R,HAM,RUS,2026-03-08 04:10:43.533,6,CLOSE_INTERACTION_NO_PASS,"valid close battle, no pairwise order change inside the horizon",97.35333333333335,4.48,-97.25500000000102,False,6.1141666666666765,False,False,,,,,,False,215.0,32.775510204081584,True,False,2026-03-08 04:11:13.533,30.0,120.0,False,False,False
australia_2026_R_00178,australia_2026_R,ANT,HAD,2026-03-08 04:10:48.013,6,CLOSE_INTERACTION_NO_PASS,"valid close battle, no pairwise order change inside the horizon; the pair did swap 44.4 s after t0, outside it",99.80694444444447,44.16,-99.89805555555722,False,11.599999999999966,False,False,,,44.44,44.44,44.44,True,270.0,1.1578947368420842,True,False,2026-03-08 04:11:18.013,30.0,120.0,False,False,False
australia_2026_R_00179,australia_2026_R,BOT,STR,2026-03-08 04:10:49.853,5,ON_TRACK_PASS,race-distance ordering and target DriverAhead both show the swap,12.475277777778501,9.48,-12.142500000001746,False,8.088888888889414,True,True,2026-03-08 04:10:59.613,9.76,9.76,9.76,9.76,False,198.0,-78.00000000000409,True,False,2026-03-08 04:11:19.853,30.0,120.0,False,False,False
australia_2026_R_00180,australia_2026_R,GAS,OCO,2026-03-08 04:10:51.413,6,CLOSE_INTERACTION_NO_PASS,"valid close battle, no pairwise order change inside the horizon",34.01805555555556,62.16,-34.04194444444511,False,9.0949999999998,False,False,,,,,,False,276.0,,True,False,2026-03-08 04:11:21.413,30.0,120.0,False,False,False
australia_2026_R_00181,australia_2026_R,ALO,SAI,2026-03-08 04:10:53.293,5,UNCERTAIN,"only one of the two order-change signals fired (distance=False, driver_ahead=True)",46.030277777774245,3.4,-52.92583333333096,False,2.3333333333339397,False,True,2026-03-08 04:10:57.493,4.2,,4.2,,False,231.0,,True,False,2026-03-08 04:11:23.293,30.0,120.0,False,False,False
australia_2026_R_00182,australia_2026_R,ALO,ALB,2026-03-08 04:10:57.252,6,CLOSE_INTERACTION_NO_PASS,"valid close battle, no pairwise order change inside the horizon",33.60666666666667,49.081,-33.766666666666424,False,7.444444444444457,False,False,,,,,,False,297.0,,True,False,2026-03-08 04:11:27.252,30.0,120.0,False,False,False
australia_2026_R_00183,australia_2026_R,SAI,ALO,2026-03-08 04:10:57.493,6,CLOSE_INTERACTION_NO_PASS,"valid close battle, no pairwise order change inside the horizon; the pair did swap 49.1 s after t0, outside it",36.803611111111096,48.84,-36.685833333332994,False,2.8999999999999773,False,False,,,49.08,49.08,49.08,True,298.0,,True,False,2026-03-08 04:11:27.493,30.0,120.0,False,False,False
australia_2026_R_00184,australia_2026_R,COL,SAI,2026-03-08 04:10:57.973,6,CLOSE_INTERACTION_NO_PASS,"valid close battle, no pairwise order change inside the horizon; the pair did swap 62.3 s after t0, outside it",34.62583333333333,48.36,-34.252777777779556,False,8.000000000000028,False,False,,,62.32,62.32,62.32,True,308.0,,True,False,2026-03-08 04:11:27.973,30.0,120.0,False,False,False
australia_2026_R_00185,australia_2026_R,LAW,COL,2026-03-08 04:10:58.493,6,CLOSE_INTERACTION_NO_PASS,"valid close battle, no pairwise order change inside the horizon",34.039722222222224,58.601,-34.55611111111284,False,5.400000000000091,False,False,,,92.001,,,False,325.0,,True,False,2026-03-08 04:11:28.493,30.0,120.0,False,False,False
australia_2026_R_00186,australia_2026_R,STR,BOT,2026-03-08 04:11:01.653,5,UNCERTAIN,"only one of the two order-change signals fired (distance=True, driver_ahead=False)",10.44999999999527,77.04,-10.782777777774754,False,64.08666666666988,True,False,2026-03-08 04:11:05.333,3.68,3.68,77.28,77.28,True,285.0,-15.53191489361741,True,False,2026-03-08 04:11:31.653,30.0,120.0,False,False,False
australia_2026_R_00187,australia_2026_R,BOT,PER,2026-03-08 04:11:04.933,6,CLOSE_INTERACTION_NO_PASS,"valid close battle, no pairwise order change inside the horizon",98.6916666666666,35.44,-98.78472222221899,False,10.266666666666765,False,False,,,,,,False,231.0,27.658536585365873,True,False,2026-03-08 04:11:34.933,30.0,120.0,False,False,False
australia_2026_R_00188,australia_2026_R,OCO,NOR,2026-03-08 04:11:06.213,6,CLOSE_INTERACTION_NO_PASS,"valid close battle, no pairwise order change inside the horizon",95.42138888888815,3.08,-95.42194444444249,False,5.988888888888823,False,False,,,,,,False,100.0,134.04255319149024,True,False,2026-03-08 04:11:36.213,30.0,120.0,False,False,False
australia_2026_R_00189,australia_2026_R,BEA,GAS,2026-03-08 04:11:12.293,6,CLOSE_INTERACTION_NO_PASS,"valid close battle, no pairwise order change inside the horizon; the pair did swap 41.6 s after t0, outside it",11.385833333333721,41.28,-11.021388888890215,False,10.777777777777828,False,False,,,41.6,41.6,41.6,True,111.0,,True,False,2026-03-08 04:11:42.293,30.0,120.0,False,False,False
australia_2026_R_00190,australia_2026_R,VER,BOR,2026-03-08 04:11:12.293,6,INVALID,no causal target sample at t0,20.43361111111153,29.04,,False,3.033333333333303,False,False,,,,,,False,,,True,False,2026-03-08 04:11:42.293,30.0,120.0,False,False,False
australia_2026_R_00191,australia_2026_R,HAD,ANT,2026-03-08 04:11:33.693,6,CLOSE_INTERACTION_NO_PASS,"valid close battle, no pairwise order change inside the horizon",10.527777777776919,64.28,-10.436666666668316,False,8.555555555555657,False,False,,,,,,False,302.0,-27.387096774192404,True,False,2026-03-08 04:12:03.693,30.0,120.0,False,False,False
australia_2026_R_00192,australia_2026_R,HAM,RUS,2026-03-08 04:11:41.053,6,CLOSE_INTERACTION_NO_PASS,"valid close battle, no pairwise order change inside the horizon",92.97166666666772,23.48,-92.873333333333,False,11.977777777777646,False,False,,,,,,False,106.0,110.36000000000004,True,False,2026-03-08 04:12:11.053,30.0,120.0,False,False,False
australia_2026_R_00193,australia_2026_R,VER,BEA,2026-03-08 04:11:41.613,6,CLOSE_INTERACTION_NO_PASS,"valid close battle, no pairwise order change inside the horizon",51.366388888887286,16.28,-51.7174999999952,False,11.855555555555384,False,False,,,,,,False,233.0,,True,False,2026-03-08 04:12:11.613,30.0,120.0,False,False,False
australia_2026_R_00194,australia_2026_R,COL,ALO,2026-03-08 04:11:46.573,6,ON_TRACK_PASS,race-distance ordering and target DriverAhead both show the swap,35.72888888888701,10.521,-35.23805555555009,False,7.33333333333303,True,True,2026-03-08 04:11:57.414,10.841,10.841,10.841,10.841,False,256.0,,True,False,2026-03-08 04:12:16.573,30.0,120.0,False,False,False
australia_2026_R_00195,australia_2026_R,SAI,ALB,2026-03-08 04:11:46.573,6,CLOSE_INTERACTION_NO_PASS,"valid close battle, no pairwise order change inside the horizon",65.71527777777646,6.76,-65.75749999999971,False,5.866666666666333,False,False,,,,,,False,236.0,,True,False,2026-03-08 04:12:16.573,30.0,120.0,False,False,False
australia_2026_R_00196,australia_2026_R,ALO,SAI,2026-03-08 04:11:47.213,6,CLOSE_INTERACTION_NO_PASS,"valid close battle, no pairwise order change inside the horizon",10.43083333333334,9.881,-10.548611111113132,False,4.6444444444441615,False,False,,,,,,False,261.0,-42.0624999999967,True,False,2026-03-08 04:12:17.213,30.0,120.0,False,False,False
australia_2026_R_00197,australia_2026_R,LIN,HAD,2026-03-08 04:11:48.053,6,CLOSE_INTERACTION_NO_PASS,"valid close battle, no pairwise order change inside the horizon",97.4900000000016,4.12,-97.64250000000175,False,8.599999999999909,False,False,,,,,,False,120.0,130.6382978723386,True,False,2026-03-08 04:12:18.053,30.0,120.0,False,False,False
australia_2026_R_00198,australia_2026_R,BOT,PER,2026-03-08 04:11:52.573,6,CLOSE_INTERACTION_NO_PASS,"valid close battle, no pairwise order change inside the horizon",95.93472222222135,6.44,-96.02777777777737,False,10.300000000000637,False,False,,,,,,False,211.0,44.022884513037916,True,False,2026-03-08 04:12:22.573,30.0,120.0,False,False,False
australia_2026_R_00199,australia_2026_R,BEA,OCO,2026-03-08 04:11:53.893,6,CLOSE_INTERACTION_NO_PASS,"valid close battle, no pairwise order change inside the horizon",30.491944444444016,20.12,-30.151388888891233,False,8.699999999999818,False,False,,,40.32,,,False,112.0,,True,False,2026-03-08 04:12:23.893,30.0,120.0,False,False,False
australia_2026_R_00200,australia_2026_R,LAW,ALO,2026-03-08 04:11:57.414,6,ON_TRACK_PASS,race-distance ordering and target DriverAhead both show the swap,33.67416666666713,87.28,-33.6997222222235,False,15.740555555556512,True,True,2026-03-08 04:12:07.253,9.839,9.839,9.839,9.839,False,278.0,,True,False,2026-03-08 04:12:27.414,30.0,120.0,False,False,False
australia_2026_R_00201,australia_2026_R,GAS,BEA,2026-03-08 04:11:58.813,6,ON_TRACK_PASS,race-distance ordering and target DriverAhead both show the swap,17.57999999999811,5.241,-17.944444444441615,False,1.699999999999818,True,True,2026-03-08 04:12:14.533,15.72,15.72,15.72,15.72,False,187.0,,True,False,2026-03-08 04:12:28.813,30.0,120.0,False,False,False
australia_2026_R_00202,australia_2026_R,ALO,COL,2026-03-08 04:12:02.773,6,UNCERTAIN,"only one of the two order-change signals fired (distance=True, driver_ahead=False)",25.701666666669553,81.921,-26.192500000004657,False,10.950833333340483,True,False,2026-03-08 04:12:30.254,27.481,27.481,,,False,103.0,,True,False,2026-03-08 04:12:32.773,30.0,120.0,False,False,False
australia_2026_R_00203,australia_2026_R,COL,SAI,2026-03-08 04:12:04.054,6,CLOSE_INTERACTION_NO_PASS,"valid close battle, no pairwise order change inside the horizon",10.656111111107748,31.599,-10.283055555551982,False,9.63111111112076,False,False,,,,,,False,164.0,-27.001561280249472,True,False,2026-03-08 04:12:34.054,30.0,120.0,False,False,False
australia_2026_R_00204,australia_2026_R,GAS,OCO,2026-03-08 04:12:14.533,6,CLOSE_INTERACTION_NO_PASS,"valid close battle, no pairwise order change inside the horizon",98.43611111111113,161.401,-98.45999999999913,False,25.961388888887925,False,False,,,,,,False,272.0,,True,False,2026-03-08 04:12:44.533,30.0,120.0,False,False,False
australia_2026_R_00205,australia_2026_R,VER,BEA,2026-03-08 04:12:14.533,6,CLOSE_INTERACTION_NO_PASS,"valid close battle, no pairwise order change inside the horizon; the pair did swap 113.6 s after t0, outside it",24.09583333333012,106.52,-24.446944444440305,False,17.01499999999664,False,False,,,113.561,106.84,113.561,True,243.0,,True,False,2026-03-08 04:12:44.533,30.0,120.0,False,False,False
australia_2026_R_00206,australia_2026_R,BEA,GAS,2026-03-08 04:12:18.213,7,CLOSE_INTERACTION_NO_PASS,"valid close battle, no pairwise order change inside the horizon; the pair did swap 73.2 s after t0, outside it",72.57750000000001,102.84,-72.99500000000262,False,63.24749999999736,False,False,,,73.161,73.161,73.161,True,299.0,-126.0911933298539,True,False,2026-03-08 04:12:48.213,30.0,120.0,False,False,False
australia_2026_R_00207,australia_2026_R,STR,PER,2026-03-08 04:12:18.933,6,CLOSE_INTERACTION_NO_PASS,"valid close battle, no pairwise order change inside the horizon",50.90916666666544,5.281,-50.97694444443914,False,5.66666666666697,False,False,,,116.721,,,False,105.0,,True,False,2026-03-08 04:12:48.933,30.0,120.0,False,False,False
australia_2026_R_00208,australia_2026_R,BOR,VER,2026-03-08 04:12:19.373,7,CLOSE_INTERACTION_NO_PASS,"valid close battle, no pairwise order change inside the horizon",67.62666666666668,85.441,-67.69222222222015,False,12.777777777779193,False,False,,,,,,False,316.0,,True,False,2026-03-08 04:12:49.373,30.0,120.0,False,False,False
australia_2026_R_00209,australia_2026_R,HAM,RUS,2026-03-08 04:12:19.893,7,CLOSE_INTERACTION_NO_PASS,"valid close battle, no pairwise order change inside the horizon",94.72027777777794,9.08,-94.9536111111156,False,11.777777777777942,False,False,,,,,,False,128.0,80.78260869565175,True,False,2026-03-08 04:12:49.893,30.0,120.0,False,False,False
australia_2026_R_00210,australia_2026_R,STR,BOT,2026-03-08 04:12:26.253,6,UNCERTAIN,"only one of the two order-change signals fired (distance=True, driver_ahead=False)",14.960000000000036,5.32,-14.934722222220444,False,7.0,True,False,2026-03-08 04:12:35.013,8.76,8.76,,,False,235.0,-43.06666666666752,True,False,2026-03-08 04:12:56.253,30.0,120.0,False,False,False
australia_2026_R_00211,australia_2026_R,SAI,ALB,2026-03-08 04:12:26.253,7,CLOSE_INTERACTION_NO_PASS,"valid close battle, no pairwise order change inside the horizon",99.36777777777777,9.4,-99.35250000000087,False,9.4444444444444,False,False,,,,,,False,222.0,23.10000000000003,True,False,2026-03-08 04:12:56.253,30.0,120.0,False,False,False
australia_2026_R_00212,australia_2026_R,LIN,HAD,2026-03-08 04:12:27.493,7,CLOSE_INTERACTION_NO_PASS,"valid close battle, no pairwise order change inside the horizon",94.21749999999986,7.08,-94.37833333333401,False,9.199999999999932,False,False,,,,,,False,111.0,137.17777777777792,True,False,2026-03-08 04:12:57.493,30.0,120.0,False,False,False
australia_2026_R_00213,australia_2026_R,OCO,NOR,2026-03-08 04:12:31.173,7,CLOSE_INTERACTION_NO_PASS,"valid close battle, no pairwise order change inside the horizon",97.21694444444438,4.48,-97.1758333333346,False,7.100000000000023,False,False,,,,,,False,98.0,140.9226833428082,True,False,2026-03-08 04:13:01.173,30.0,120.0,False,False,False
australia_2026_R_00214,australia_2026_R,BOT,PER,2026-03-08 04:12:33.053,7,CLOSE_INTERACTION_NO_PASS,"valid close battle, no pairwise order change inside the horizon",98.64833333333343,5.8,-97.5891666666721,False,8.088888888888846,False,False,,,,,,False,195.0,57.97872340425514,True,False,2026-03-08 04:13:03.053,30.0,120.0,False,False,False
australia_2026_R_00215,australia_2026_R,COL,SAI,2026-03-08 04:12:38.853,7,CLOSE_INTERACTION_NO_PASS,"valid close battle, no pairwise order change inside the horizon",92.16888888888866,12.401,-92.18972222221782,False,10.0,False,False,,,,,,False,233.0,25.108584422967564,True,False,2026-03-08 04:13:08.853,30.0,120.0,False,False,False
australia_2026_R_00216,australia_2026_R,LIN,HAD,2026-03-08 04:13:00.813,7,CLOSE_INTERACTION_NO_PASS,"valid close battle, no pairwise order change inside the horizon",98.57722222222037,5.96,-98.73805555555737,False,8.333333333333485,False,False,,,,,,False,247.0,40.51111111111186,True,False,2026-03-08 04:13:30.813,30.0,120.0,False,False,False
australia_2026_R_00217,australia_2026_R,HAM,RUS,2026-03-08 04:13:05.693,7,CLOSE_INTERACTION_NO_PASS,"valid close battle, no pairwise order change inside the horizon",96.74333333333243,4.681,-96.97666666666191,False,14.422222222222445,False,False,,,84.681,,,False,122.0,102.78039019509764,True,False,2026-03-08 04:13:35.693,30.0,120.0,False,False,False
australia_2026_R_00218,australia_2026_R,COL,SAI,2026-03-08 04:13:13.693,7,CLOSE_INTERACTION_NO_PASS,"valid close battle, no pairwise order change inside the horizon",99.36861111110966,6.48,-99.38944444444496,False,6.3555555555558385,False,False,,,,,,False,240.0,12.270833333332973,True,False,2026-03-08 04:13:43.693,30.0,120.0,False,False,False
australia_2026_R_00219,australia_2026_R,BOT,PER,2026-03-08 04:13:19.733,7,CLOSE_INTERACTION_NO_PASS,"valid close battle, no pairwise order change inside the horizon",96.16388888888787,34.28,-95.1047222222187,False,9.573333333333267,False,False,,,,,,False,217.0,41.864056552474224,True,False,2026-03-08 04:13:49.733,30.0,120.0,False,False,False
australia_2026_R_00220,australia_2026_R,HAD,ANT,2026-03-08 04:13:22.614,7,CLOSE_INTERACTION_NO_PASS,"valid close battle, no pairwise order change inside the horizon",99.1599999999944,3.399,-99.08805555554864,False,7.0,False,False,,,,,,False,100.0,93.65708931917669,True,False,2026-03-08 04:13:52.614,30.0,120.0,False,False,False
australia_2026_R_00221,australia_2026_R,LAW,COL,2026-03-08 04:13:25.053,7,CLOSE_INTERACTION_NO_PASS,"valid close battle, no pairwise order change inside the horizon",73.66055555555613,27.16,-73.51277777777432,False,12.711111111110313,False,False,,,,,,False,296.0,,True,False,2026-03-08 04:13:55.053,30.0,120.0,False,False,False
australia_2026_R_00222,australia_2026_R,SAI,ALB,2026-03-08 04:13:25.333,7,CLOSE_INTERACTION_NO_PASS,"valid close battle, no pairwise order change inside the horizon",96.49777777777763,3.401,-96.48250000000553,False,3.9444444444443434,False,False,,,,,,False,141.0,92.88254486133634,True,False,2026-03-08 04:13:55.333,30.0,120.0,False,False,False
australia_2026_R_00223,australia_2026_R,ALO,LAW,2026-03-08 04:13:27.173,7,CLOSE_INTERACTION_NO_PASS,"valid close battle, no pairwise order change inside the horizon",11.586666666668407,64.201,-11.734444444446126,False,17.931388888892243,False,False,,,,,,False,261.0,-17.717391304348027,True,False,2026-03-08 04:13:57.173,30.0,120.0,False,False,False
australia_2026_R_00224,australia_2026_R,STR,BOT,2026-03-08 04:13:33.333,7,CLOSE_INTERACTION_NO_PASS,"valid close battle, no pairwise order change inside the horizon",95.13861111111191,20.84,-95.23694444444118,False,11.744444444444525,False,False,,,,,,False,141.0,68.74221541602755,True,False,2026-03-08 04:14:03.333,30.0,120.0,False,False,False
australia_2026_R_00225,australia_2026_R,ALB,BOR,2026-03-08 04:13:34.133,7,CLOSE_INTERACTION_NO_PASS,"valid close battle, no pairwise order change inside the horizon",95.35083333333296,3.681,-95.31527777777956,False,7.0000000000009095,False,False,,,,,,False,89.0,84.20000000000091,True,False,2026-03-08 04:14:04.133,30.0,120.0,False,False,False
australia_2026_R_00226,australia_2026_R,HAM,RUS,2026-03-08 04:13:44.414,8,CLOSE_INTERACTION_NO_PASS,"valid close battle, no pairwise order change inside the horizon",96.037222222222,3.119,-95.86055555555504,False,7.866666666666674,False,False,,,,,,False,115.0,108.87755102040826,True,False,2026-03-08 04:14:14.414,30.0,120.0,False,False,False
australia_2026_R_00227,australia_2026_R,BOR,VER,2026-03-08 04:13:46.933,8,CLOSE_INTERACTION_NO_PASS,"valid close battle, no pairwise order change inside the horizon",99.04694444444442,7.68,-99.0402777777781,False,11.555555555555543,False,False,,,,,,False,235.0,12.476190476190506,True,False,2026-03-08 04:14:16.933,30.0,120.0,False,False,False
australia_2026_R_00228,australia_2026_R,HAM,LEC,2026-03-08 04:13:47.773,8,CLOSE_INTERACTION_NO_PASS,"valid close battle, no pairwise order change inside the horizon",61.96444444444478,7.161,-61.700277777781594,False,5.255555555555475,False,False,,,,,,False,119.0,,True,False,2026-03-08 04:14:17.773,30.0,120.0,False,False,False
australia_2026_R_00229,australia_2026_R,LEC,RUS,2026-03-08 04:13:51.534,8,ON_TRACK_PASS,race-distance ordering and target DriverAhead both show the swap,11.49333333333243,21.559,-11.58083333333343,False,8.266666666667334,True,True,2026-03-08 04:14:13.373,21.839,21.839,21.839,21.839,False,196.0,-16.979591836734425,True,False,2026-03-08 04:14:21.534,30.0,120.0,False,False,False
australia_2026_R_00230,australia_2026_R,LIN,HAD,2026-03-08 04:13:52.653,8,CLOSE_INTERACTION_NO_PASS,"valid close battle, no pairwise order change inside the horizon",95.78111111111082,6.64,-95.73805555555737,False,7.600000000000023,False,False,,,,,,False,113.0,132.34366503534588,True,False,2026-03-08 04:14:22.653,30.0,120.0,False,False,False
australia_2026_R_00231,australia_2026_R,COL,SAI,2026-03-08 04:13:53.493,8,CLOSE_INTERACTION_NO_PASS,"valid close battle, no pairwise order change inside the horizon",97.85166666666669,6.6,-97.91777777778043,False,9.53333333333336,False,False,,,,,,False,215.0,33.68181818181819,True,False,2026-03-08 04:14:23.493,30.0,120.0,False,False,False
australia_2026_R_00232,australia_2026_R,LAW,COL,2026-03-08 04:13:55.294,8,CLOSE_INTERACTION_NO_PASS,"valid close battle, no pairwise order change inside the horizon",91.618611111111,5.399,-91.12916666667297,False,12.400000000000006,False,False,,,,,,False,177.0,55.800666296502094,True,False,2026-03-08 04:14:25.294,30.0,120.0,False,False,False
australia_2026_R_00233,australia_2026_R,BOT,PER,2026-03-08 04:14:00.693,8,CLOSE_INTERACTION_NO_PASS,"valid close battle, no pairwise order change inside the horizon",90.86444444444442,6.64,-91.1938888888908,False,10.099999999999966,False,False,,,,,,False,171.0,62.12765957446815,True,False,2026-03-08 04:14:30.693,30.0,120.0,False,False,False
australia_2026_R_00234,australia_2026_R,VER,GAS,2026-03-08 04:14:01.373,8,CLOSE_INTERACTION_NO_PASS,"valid close battle, no pairwise order change inside the horizon; the pair did swap 54.8 s after t0, outside it",28.546944444444307,19.76,-28.575277777774318,False,7.088888888889187,False,False,,,54.841,54.841,54.841,True,109.0,,True,False,2026-03-08 04:14:31.373,30.0,120.0,False,False,False
australia_2026_R_00235,australia_2026_R,BOR,BEA,2026-03-08 04:14:01.373,8,CLOSE_INTERACTION_NO_PASS,"valid close battle, no pairwise order change inside the horizon",31.037500000000136,326.921,-31.139999999999418,False,27.767777777768174,False,False,,,85.04,,,False,86.0,,True,False,2026-03-08 04:14:31.373,30.0,120.0,False,False,False
australia_2026_R_00236,australia_2026_R,SAI,ALB,2026-03-08 04:14:03.654,8,CLOSE_INTERACTION_NO_PASS,"valid close battle, no pairwise order change inside the horizon",97.81333333333339,12.28,-98.23388888889167,False,12.744444444444298,False,False,,,,,,False,180.0,27.511111111110722,True,False,2026-03-08 04:14:33.654,30.0,120.0,False,False,False
australia_2026_R_00237,australia_2026_R,BEA,VER,2026-03-08 04:14:07.333,8,CLOSE_INTERACTION_NO_PASS,"valid close battle, no pairwise order change inside the horizon",12.826944444444734,48.601,-12.717777777776064,False,4.099999999999454,False,False,,,66.36,,,False,196.0,-19.12500000000051,True,False,2026-03-08 04:14:37.333,30.0,120.0,False,False,False
australia_2026_R_00238,australia_2026_R,STR,BOT,2026-03-08 04:14:14.493,8,CLOSE_INTERACTION_NO_PASS,"valid close battle, no pairwise order change inside the horizon",98.1400000000001,8.601,-98.15388888888992,False,9.955555555555634,False,False,,,,,,False,127.0,106.13636363636323,True,False,2026-03-08 04:14:44.493,30.0,120.0,False,False,False
australia_2026_R_00239,australia_2026_R,RUS,LEC,2026-03-08 04:14:14.694,8,CLOSE_INTERACTION_NO_PASS,"valid close battle, no pairwise order change inside the horizon",10.498055555554856,40.6,-10.410555555550673,False,25.035833333330302,False,False,,,,40.88,,False,320.0,-25.00000000000055,True,False,2026-03-08 04:14:44.694,30.0,120.0,False,False,False
australia_2026_R_00240,australia_2026_R,HAM,RUS,2026-03-08 04:14:18.494,8,CLOSE_INTERACTION_NO_PASS,"valid close battle, no pairwise order change inside the horizon",94.5566666666673,7.279,-94.38000000000466,False,6.174166666667588,False,False,,,,,,False,190.0,72.6599999999994,True,False,2026-03-08 04:14:48.494,30.0,120.0,False,False,False
australia_2026_R_00241,australia_2026_R,LIN,HAD,2026-03-08 04:14:26.853,8,CLOSE_INTERACTION_NO_PASS,"valid close battle, no pairwise order change inside the horizon",83.36305555555555,6.36,-83.31999999999971,False,4.433333333333394,False,False,,,,,,False,224.0,58.35021354484412,True,False,2026-03-08 04:14:56.853,30.0,120.0,False,False,False
australia_2026_R_00242,australia_2026_R,VER,GAS,2026-03-08 04:14:31.973,8,ON_TRACK_PASS,race-distance ordering and target DriverAhead both show the swap,96.26916666666375,7.08,-96.29750000000058,False,8.533333333333303,True,True,2026-03-08 04:14:56.214,24.241,24.241,24.241,24.241,False,205.0,68.9010331702011,True,False,2026-03-08 04:15:01.973,30.0,120.0,False,False,False
australia_2026_R_00243,australia_2026_R,SAI,ALB,2026-03-08 04:14:39.053,8,CLOSE_INTERACTION_NO_PASS,"valid close battle, no pairwise order change inside the horizon",96.30833333333476,3.721,-96.72888888888701,False,2.5,False,False,,,,,,False,212.0,58.69766177270033,True,False,2026-03-08 04:15:09.053,30.0,120.0,False,False,False
australia_2026_R_00244,australia_2026_R,COL,SAI,2026-03-08 04:14:39.613,8,CLOSE_INTERACTION_NO_PASS,"valid close battle, no pairwise order change inside the horizon",97.92666666666491,6.84,-97.99277777777752,False,7.377777777777737,False,False,,,,,,False,217.0,35.44665645737768,True,False,2026-03-08 04:15:09.613,30.0,120.0,False,False,False
australia_2026_R_00245,australia_2026_R,BOT,PER,2026-03-08 04:14:46.253,8,CLOSE_INTERACTION_NO_PASS,"valid close battle, no pairwise order change inside the horizon",99.57638888888732,8.441,-99.9058333333378,False,11.689166666666551,False,False,,,,,,False,287.0,13.470463012240392,True,False,2026-03-08 04:15:16.253,30.0,120.0,False,False,False
australia_2026_R_00246,australia_2026_R,OCO,NOR,2026-03-08 04:14:52.773,8,CLOSE_INTERACTION_NO_PASS,"valid close battle, no pairwise order change inside the horizon",69.86638888888774,6.16,-69.91583333332528,False,9.955555555555293,False,False,,,,,,False,89.0,98.47473736868353,True,False,2026-03-08 04:15:22.773,30.0,120.0,False,False,False
australia_2026_R_00247,australia_2026_R,LAW,COL,2026-03-08 04:14:52.773,8,PIT_RELATED,a pit stop occurred inside the outcome window,93.01777777777443,22.321,-92.52833333333547,False,10.933333333333394,False,False,,,108.321,108.321,108.321,True,172.0,59.035517758879934,True,False,2026-03-08 04:15:22.773,30.0,120.0,False,True,False
australia_2026_R_00248,australia_2026_R,HAM,LEC,2026-03-08 04:14:55.574,9,CLOSE_INTERACTION_NO_PASS,"valid close battle, no pairwise order change inside the horizon",90.78833333333331,4.799,-90.76583333333838,False,6.2222222222222285,False,False,,,,,,False,285.0,,True,False,2026-03-08 04:15:25.574,30.0,120.0,False,False,False
australia_2026_R_00249,australia_2026_R,ALO,LAW,2026-03-08 04:14:55.574,8,CLOSE_INTERACTION_NO_PASS,"valid close battle, no pairwise order change inside the horizon",93.79361111111348,3.679,-94.33527777777635,False,9.099999999999909,False,False,,,,,,False,111.0,113.57782404997312,True,False,2026-03-08 04:15:25.574,30.0,120.0,False,False,False
australia_2026_R_00250,australia_2026_R,GAS,OCO,2026-03-08 04:14:58.014,8,CLOSE_INTERACTION_NO_PASS,"valid close battle, no pairwise order change inside the horizon",86.54972222222113,3.68,-86.52138888889021,False,1.8000000000010914,False,False,,,,,,False,150.0,,True,False,2026-03-08 04:15:28.014,30.0,120.0,False,False,False
australia_2026_R_00251,australia_2026_R,BEA,VER,2026-03-08 04:14:58.933,8,UNCERTAIN,"only one of the two order-change signals fired (distance=True, driver_ahead=False)",10.304722222226701,45.281,-10.195555555561441,False,24.235277777774428,True,False,2026-03-08 04:15:13.693,14.76,14.76,,,False,98.0,-6.689880304682118,True,False,2026-03-08 04:15:28.933,30.0,120.0,False,False,False
australia_2026_R_00252,australia_2026_R,HAM,RUS,2026-03-08 04:15:00.653,9,CLOSE_INTERACTION_NO_PASS,"valid close battle, no pairwise order change inside the horizon",43.662777777777876,261.521,-43.70361111110833,False,26.00083333333339,False,False,,,,,,False,148.0,,True,False,2026-03-08 04:15:30.653,30.0,120.0,False,False,False
australia_2026_R_00253,australia_2026_R,STR,BOT,2026-03-08 04:15:01.494,8,CLOSE_INTERACTION_NO_PASS,"valid close battle, no pairwise order change inside the horizon",94.89611111111344,19.92,-94.90999999999622,False,15.400000000000091,False,False,,,100.88,,,False,120.0,98.74859765425846,True,False,2026-03-08 04:15:31.494,30.0,120.0,False,False,False
australia_2026_R_00254,australia_2026_R,RUS,LEC,2026-03-08 04:15:01.694,9,CLOSE_INTERACTION_NO_PASS,"valid close battle, no pairwise order change inside the horizon",11.375277777777626,31.239,-11.311944444438268,False,3.9999999999997726,False,False,,,,,,False,195.0,-30.92891450528343,True,False,2026-03-08 04:15:31.694,30.0,120.0,False,False,False
australia_2026_R_00255,australia_2026_R,ANT,HAM,2026-03-08 04:15:12.373,9,CLOSE_INTERACTION_NO_PASS,"valid close battle, no pairwise order change inside the horizon",89.79638888888894,6.521,-89.85000000000582,False,8.777777777777828,False,False,,,,,,False,84.0,173.3871517907892,True,False,2026-03-08 04:15:42.373,30.0,120.0,False,False,False
australia_2026_R_00256,australia_2026_R,SAI,ALB,2026-03-08 04:15:15.614,9,CLOSE_INTERACTION_NO_PASS,"valid close battle, no pairwise order change inside the horizon",95.6847222222222,82.8,-95.61472222222073,False,12.71111111111108,False,False,,,,,,False,296.0,55.30244664237087,True,False,2026-03-08 04:15:45.614,30.0,120.0,False,False,False
australia_2026_R_00257,australia_2026_R,LIN,HAD,2026-03-08 04:15:18.294,9,CLOSE_INTERACTION_NO_PASS,"valid close battle, no pairwise order change inside the horizon",91.67777777777769,5.84,-91.66055555555795,False,5.611111111110972,False,False,,,,,,False,107.0,129.71999999999989,True,False,2026-03-08 04:15:48.294,30.0,120.0,False,False,False
australia_2026_R_00258,australia_2026_R,BOT,PER,2026-03-08 04:15:27.894,9,CLOSE_INTERACTION_NO_PASS,"valid close battle, no pairwise order change inside the horizon",97.8852777777779,4.639,-97.79833333333227,False,7.000000000000057,False,False,,,,,,False,170.0,69.2552960347636,True,False,2026-03-08 04:15:57.894,30.0,120.0,False,False,False
australia_2026_R_00259,australia_2026_R,LAW,COL,2026-03-08 04:15:32.094,9,PIT_RELATED,attacker or target on a box lap at t0,98.70861111111117,21.4,-98.74472222221812,False,14.622222222221808,False,False,,,69.0,69.0,69.0,True,208.0,17.680000000000156,False,False,2026-03-08 04:16:02.094,30.0,120.0,True,True,False
australia_2026_R_00260,australia_2026_R,COL,SAI,2026-03-08 04:15:32.094,9,PIT_RELATED,attacker or target on a box lap at t0,98.23638888888843,6.0,-98.2702777777813,False,9.145833333333371,False,False,,,,,,False,103.0,110.92000000000007,False,False,2026-03-08 04:16:02.094,30.0,120.0,True,True,False
australia_2026_R_00261,australia_2026_R,ALO,LAW,2026-03-08 04:15:34.534,9,CLOSE_INTERACTION_NO_PASS,"valid close battle, no pairwise order change inside the horizon",87.99138888888865,8.88,-87.80555555555475,False,11.644444444444389,False,False,,,88.4,,,False,130.0,105.28794503435347,True,False,2026-03-08 04:16:04.534,30.0,120.0,False,False,False
australia_2026_R_00262,australia_2026_R,RUS,LEC,2026-03-08 04:15:35.134,9,CLOSE_INTERACTION_NO_PASS,"valid close battle, no pairwise order change inside the horizon",99.70222222221946,255.881,-99.63888888888323,False,12.423888888895874,False,False,,,,,,False,304.0,0.7148288973376048,True,False,2026-03-08 04:16:05.134,30.0,120.0,False,False,False
australia_2026_R_00263,australia_2026_R,STR,BOT,2026-03-08 04:15:41.934,9,CLOSE_INTERACTION_NO_PASS,"valid close battle, no pairwise order change inside the horizon",99.28333333333285,12.52,-99.29499999999825,False,9.933333333333394,False,False,,,,,,False,124.0,100.70516379789056,True,False,2026-03-08 04:16:11.934,30.0,120.0,False,False,False
australia_2026_R_00264,australia_2026_R,ANT,HAM,2026-03-08 04:15:45.294,9,CLOSE_INTERACTION_NO_PASS,"valid close battle, no pairwise order change inside the horizon",97.86027777777463,5.32,-97.91388888888469,False,6.066666666666606,False,False,,,,,,False,227.0,40.382978723405266,True,False,2026-03-08 04:16:15.294,30.0,120.0,False,False,False
australia_2026_R_00265,australia_2026_R,LIN,HAD,2026-03-08 04:15:52.374,9,CLOSE_INTERACTION_NO_PASS,"valid close battle, no pairwise order change inside the horizon",97.00972222222117,3.32,-96.99250000000029,False,2.5227777777772644,False,False,,,,,,False,217.0,64.20833333333435,True,False,2026-03-08 04:16:22.374,30.0,120.0,False,False,False
australia_2026_R_00266,australia_2026_R,BEA,VER,2026-03-08 04:15:56.774,9,CLOSE_INTERACTION_NO_PASS,"valid close battle, no pairwise order change inside the horizon",99.2188888888877,18.08,-98.95222222221491,False,9.51111111111095,False,False,,,,,,False,299.0,11.829787234043696,True,False,2026-03-08 04:16:26.774,30.0,120.0,False,False,False
australia_2026_R_00267,australia_2026_R,OCO,NOR,2026-03-08 04:16:06.734,9,CLOSE_INTERACTION_NO_PASS,"valid close battle, no pairwise order change inside the horizon",93.23888888888905,4.36,-92.95055555555155,False,11.900000000000091,False,False,,,,,,False,110.0,133.06149999999909,True,False,2026-03-08 04:16:36.734,30.0,120.0,False,False,False
australia_2026_R_00268,australia_2026_R,LAW,COL,2026-03-08 04:16:07.294,9,PIT_RELATED,attacker or target on a box lap at t0,99.59305555555329,5.12,-99.6291666666657,False,5.777777777777828,False,False,,,33.8,33.8,33.8,True,227.0,34.2673469387765,False,False,2026-03-08 04:16:37.294,30.0,120.0,True,True,False
australia_2026_R_00269,australia_2026_R,VER,OCO,2026-03-08 04:16:14.134,9,CLOSE_INTERACTION_NO_PASS,"valid close battle, no pairwise order change inside the horizon",74.9266666666681,12.2,-75.13999999999942,False,13.52222222222008,False,False,,,,,,False,186.0,,True,False,2026-03-08 04:16:44.134,30.0,120.0,False,False,False
australia_2026_R_00270,australia_2026_R,BEA,GAS,2026-03-08 04:16:14.134,9,CLOSE_INTERACTION_NO_PASS,"valid close battle, no pairwise order change inside the horizon",59.57999999999993,12.2,-59.55944444445049,False,12.111111111111313,False,False,,,,,,False,138.0,,True,False,2026-03-08 04:16:44.134,30.0,120.0,False,False,False
australia_2026_R_00271,australia_2026_R,COL,SAI,2026-03-08 04:16:17.734,9,PIT_RELATED,attacker or target on a box lap at t0,88.98166666666657,5.08,-89.01555555555387,False,9.733333333332666,False,False,,,,,,False,124.0,109.7600000000014,False,False,2026-03-08 04:16:47.734,30.0,120.0,True,True,False
australia_2026_R_00272,australia_2026_R,GAS,VER,2026-03-08 04:16:20.054,9,ON_TRACK_PASS,race-distance ordering and target DriverAhead both show the swap,13.484722222219716,6.28,-13.238611111111823,False,5.777777777777374,True,True,2026-03-08 04:16:26.574,6.52,6.52,6.52,6.52,False,169.0,-50.94318181818463,True,False,2026-03-08 04:16:50.054,30.0,120.0,False,False,False
australia_2026_R_00273,australia_2026_R,ANT,HAM,2026-03-08 04:16:24.054,10,CLOSE_INTERACTION_NO_PASS,"valid close battle, no pairwise order change inside the horizon",96.08333333333329,7.08,-96.06583333333401,False,11.46666666666664,False,False,,,,,,False,230.0,28.697674418604798,True,False,2026-03-08 04:16:54.054,30.0,120.0,False,False,False
australia_2026_R_00274,australia_2026_R,GAS,OCO,2026-03-08 04:16:26.574,9,CLOSE_INTERACTION_NO_PASS,"valid close battle, no pairwise order change inside the horizon; the pair did swap 66.0 s after t0, outside it",69.8649999999925,56.36,-69.8322222222123,False,38.50111111110306,False,False,,,66.001,56.56,66.001,True,165.0,,True,False,2026-03-08 04:16:56.574,30.0,120.0,False,False,False
australia_2026_R_00275,australia_2026_R,BOT,PER,2026-03-08 04:16:27.214,9,CLOSE_INTERACTION_NO_PASS,"valid close battle, no pairwise order change inside the horizon",96.69277777778007,4.12,-96.60583333333489,False,12.555555555555657,False,False,,,,,,False,123.0,102.69222222222106,True,False,2026-03-08 04:16:57.214,30.0,120.0,False,False,False
australia_2026_R_00276,australia_2026_R,VER,GAS,2026-03-08 04:16:28.134,9,UNCERTAIN,"only one of the two order-change signals fired (distance=True, driver_ahead=False)",10.570277777781484,54.8,-10.816388888888469,False,49.6347222222183,True,False,2026-03-08 04:16:36.814,8.68,8.68,91.601,91.601,True,213.0,-22.641025641027788,True,False,2026-03-08 04:16:58.134,30.0,120.0,False,False,False
australia_2026_R_00277,australia_2026_R,STR,BOT,2026-03-08 04:16:28.934,9,CLOSE_INTERACTION_NO_PASS,"valid close battle, no pairwise order change inside the horizon",94.28500000000122,20.68,-94.2966666666689,False,25.244444444444525,False,False,,,100.36,,,False,122.0,102.2790697674402,True,False,2026-03-08 04:16:58.934,30.0,120.0,False,False,False
australia_2026_R_00278,australia_2026_R,ALO,LAW,2026-03-08 04:16:33.414,9,UNCERTAIN,"only one of the two order-change signals fired (distance=True, driver_ahead=False)",94.46638888889174,3.6,-94.28055555555329,False,12.66666666666606,True,False,2026-03-08 04:17:02.934,29.52,29.52,,,False,83.0,105.400000000001,True,False,2026-03-08 04:17:03.414,30.0,120.0,False,False,False
australia_2026_R_00279,australia_2026_R,BEA,VER,2026-03-08 04:16:36.814,10,CLOSE_INTERACTION_NO_PASS,"valid close battle, no pairwise order change inside the horizon",92.83027777777781,7.0,-92.03222222222394,False,10.000000000000057,False,False,,,,,,False,242.0,24.086956521739086,True,False,2026-03-08 04:17:06.814,30.0,120.0,False,False,False
australia_2026_R_00280,australia_2026_R,SAI,ALB,2026-03-08 04:16:43.174,10,CLOSE_INTERACTION_NO_PASS,"valid close battle, no pairwise order change inside the horizon",99.76861111111111,6.88,-99.60777777778276,False,18.133333333333212,False,False,,,,,,False,230.0,13.555555555555543,True,False,2026-03-08 04:17:13.174,30.0,120.0,False,False,False
australia_2026_R_00281,australia_2026_R,LIN,HAD,2026-03-08 04:16:43.414,10,CLOSE_INTERACTION_NO_PASS,"valid close battle, no pairwise order change inside the horizon",95.40666666666675,6.64,-95.3411111111127,False,8.888888888888914,False,False,,,,,,False,109.0,139.17073170731751,True,False,2026-03-08 04:17:13.414,30.0,120.0,False,False,False
australia_2026_R_00282,australia_2026_R,OCO,NOR,2026-03-08 04:16:47.014,10,CLOSE_INTERACTION_NO_PASS,"valid close battle, no pairwise order change inside the horizon",96.3549999999999,3.04,-96.3644444444435,False,11.377777777777624,False,False,,,,,,False,96.0,132.40523255814003,True,False,2026-03-08 04:17:17.014,30.0,120.0,False,False,False
australia_2026_R_00283,australia_2026_R,BOT,PER,2026-03-08 04:17:07.894,10,CLOSE_INTERACTION_NO_PASS,"valid close battle, no pairwise order change inside the horizon",94.25250000000017,6.2,-94.33194444444234,False,6.600000000000023,False,False,,,,,,False,109.0,119.33350703491381,True,False,2026-03-08 04:17:37.894,30.0,120.0,False,False,False
australia_2026_R_00284,australia_2026_R,ANT,HAM,2026-03-08 04:17:09.414,10,CLOSE_INTERACTION_NO_PASS,"valid close battle, no pairwise order change inside the horizon",95.31583333333629,76.241,-95.29833333333227,False,16.35555555555493,False,False,,,,,,False,230.0,35.7234042553183,True,False,2026-03-08 04:17:39.414,30.0,120.0,False,False,False
australia_2026_R_00285,australia_2026_R,STR,BOT,2026-03-08 04:17:10.774,10,CLOSE_INTERACTION_NO_PASS,"valid close battle, no pairwise order change inside the horizon",86.37999999999965,6.96,-86.32444444444263,False,6.844444444444548,False,False,,,,,,False,93.0,138.4897959183669,True,False,2026-03-08 04:17:40.774,30.0,120.0,False,False,False
australia_2026_R_00286,australia_2026_R,LIN,HAD,2026-03-08 04:17:17.374,10,CLOSE_INTERACTION_NO_PASS,"valid close battle, no pairwise order change inside the horizon",96.97166666666635,4.32,-96.90611111110775,False,5.900000000000091,False,False,,,,,,False,228.0,54.16666666666459,True,False,2026-03-08 04:17:47.374,30.0,120.0,False,False,False
australia_2026_R_00287,australia_2026_R,VER,OCO,2026-03-08 04:17:23.134,10,CLOSE_INTERACTION_NO_PASS,"valid close battle, no pairwise order change inside the horizon; the pair did swap 109.6 s after t0, outside it",61.11305555555646,15.24,-61.139722222229466,False,8.688888888888869,False,False,,,109.561,104.6,109.561,True,207.0,,True,False,2026-03-08 04:17:53.134,30.0,120.0,False,False,False
australia_2026_R_00288,australia_2026_R,OCO,GAS,2026-03-08 04:17:23.534,10,ON_TRACK_PASS,race-distance ordering and target DriverAhead both show the swap,13.748055555554856,14.84,-13.773888888885267,False,9.022222222222354,True,True,2026-03-08 04:17:38.695,15.161,15.161,15.161,15.161,False,323.0,-115.99999999999818,True,False,2026-03-08 04:17:53.534,30.0,120.0,False,False,False
australia_2026_R_00289,australia_2026_R,BEA,VER,2026-03-08 04:17:23.534,10,CLOSE_INTERACTION_NO_PASS,"valid close battle, no pairwise order change inside the horizon",99.95055555555564,4.96,-99.15249999999651,False,6.533333333333303,False,False,,,,,,False,189.0,87.4999999999999,True,False,2026-03-08 04:17:53.534,30.0,120.0,False,False,False
australia_2026_R_00290,australia_2026_R,GAS,NOR,2026-03-08 04:17:32.815,10,PIT_RELATED,a pit stop occurred inside the outcome window,92.95444444444502,3.319,-92.93805555556173,False,11.0,False,False,,,86.44,111.4,111.4,True,105.0,183.16471188169137,True,False,2026-03-08 04:18:02.815,30.0,120.0,False,True,False
australia_2026_R_00291,australia_2026_R,VER,GAS,2026-03-08 04:17:38.695,10,ON_TRACK_PASS,race-distance ordering and target DriverAhead both show the swap,62.851111111112004,7.0,-62.903611111112696,False,3.0,True,True,2026-03-08 04:17:58.735,20.04,20.04,21.04,21.04,False,129.0,,True,False,2026-03-08 04:18:08.695,30.0,120.0,False,True,False
australia_2026_R_00292,australia_2026_R,GAS,OCO,2026-03-08 04:17:39.415,10,ON_TRACK_PASS,race-distance ordering and target DriverAhead both show the swap,12.01083333333645,6.28,-11.985000000000582,False,7.2888888888892325,True,True,2026-03-08 04:17:46.095,6.68,6.68,6.68,6.68,False,200.0,-55.444444444442524,True,False,2026-03-08 04:18:09.415,30.0,120.0,False,True,False
australia_2026_R_00293,australia_2026_R,SAI,ALB,2026-03-08 04:17:42.334,10,PIT_RELATED,a pit stop occurred inside the outcome window,87.41555555555487,20.72,-87.25472222222015,False,9.866666666666788,False,False,,,,,,False,128.0,109.84782608695598,True,False,2026-03-08 04:18:12.334,30.0,120.0,False,True,False
australia_2026_R_00294,australia_2026_R,STR,BOT,2026-03-08 04:17:57.254,10,PIT_RELATED,a pit stop occurred inside the outcome window,98.73055555555356,4.28,-98.67499999999563,False,17.77777777777783,False,False,,,109.641,,,False,97.0,159.57142857142958,True,False,2026-03-08 04:18:27.254,30.0,120.0,False,True,False
australia_2026_R_00295,australia_2026_R,VER,OCO,2026-03-08 04:17:58.935,11,PIT_RELATED,attacker or target on a box lap at t0,83.78861111111112,68.599,-82.96583333333547,False,6.377777777777766,False,False,,,68.799,68.799,68.799,True,302.0,,False,False,2026-03-08 04:18:28.935,30.0,120.0,True,True,False
australia_2026_R_00296,australia_2026_R,GAS,VER,2026-03-08 04:17:59.735,11,PIT_RELATED,attacker or target on a box lap at t0,62.85944444444444,49.599,-63.74361111111648,False,14.111111111111313,False,False,,,49.919,49.919,49.919,True,307.0,,False,False,2026-03-08 04:18:29.735,30.0,120.0,True,True,False
australia_2026_R_00297,australia_2026_R,BEA,GAS,2026-03-08 04:18:00.774,11,PIT_RELATED,attacker or target on a box lap at t0,87.75277777777777,48.4,-87.86249999999563,False,12.777777777777743,False,False,,,89.761,89.761,89.761,True,309.0,,False,False,2026-03-08 04:18:30.774,30.0,120.0,True,True,False
australia_2026_R_00298,australia_2026_R,BOT,PER,2026-03-08 04:18:06.015,10,CLOSE_INTERACTION_NO_PASS,"valid close battle, no pairwise order change inside the horizon",99.29305555555311,4.479,-99.37249999999767,False,9.655555555555111,False,False,,,,,,False,105.0,52.48036715961112,True,False,2026-03-08 04:18:36.015,30.0,120.0,False,False,False
australia_2026_R_00299,australia_2026_R,LIN,HAD,2026-03-08 04:18:09.494,11,INVALID,no causal target sample at t0,95.19388888888841,3.121,,False,5.133333333333439,False,False,,,,,,False,,137.28571428571445,False,True,2026-03-08 04:18:39.494,30.0,120.0,False,False,False
australia_2026_R_00300,australia_2026_R,OCO,NOR,2026-03-08 04:18:12.375,11,PIT_RELATED,attacker or target on a box lap at t0,91.90222222222212,6.6,-91.74222222222306,False,10.188888888888869,False,False,,,,,,False,92.0,159.172248803828,False,False,2026-03-08 04:18:42.375,30.0,120.0,True,True,False
australia_2026_R_00301,australia_2026_R,SAI,ALB,2026-03-08 04:18:21.454,11,PIT_RELATED,attacker or target on a box lap at t0,85.76500000000021,12.001,-86.01833333333343,False,7.777777777777715,False,False,,,,,,False,160.0,51.52118427769278,False,False,2026-03-08 04:18:51.454,30.0,120.0,True,True,False
australia_2026_R_00302,australia_2026_R,ANT,HAM,2026-03-08 04:18:32.335,11,INVALID,"race state not green at t0 (TrackStatus=16, freeze=True)",99.85555555555447,114.24,-99.88444444444758,False,23.02138888888753,False,False,,,,,,False,299.0,6.4657097288680525,False,False,2026-03-08 04:19:02.335,30.0,120.0,False,False,False
australia_2026_R_00303,australia_2026_R,STR,BOT,2026-03-08 04:18:37.935,11,PIT_RELATED,attacker or target on a box lap at t0,94.35722222222239,7.92,-94.30500000000029,False,11.844444444444434,False,False,,,,,,False,108.0,138.2482346550789,False,False,2026-03-08 04:19:07.935,30.0,120.0,True,True,False
australia_2026_R_00304,australia_2026_R,OCO,GAS,2026-03-08 04:18:51.215,11,PIT_RELATED,attacker or target on a box lap at t0,10.714444444445235,16.319,-10.653055555550964,False,10.027777777777828,False,False,,,,53.24,,False,322.0,-100.0000000000005,False,False,2026-03-08 04:19:21.215,30.0,120.0,True,True,False
australia_2026_R_00305,australia_2026_R,GAS,NOR,2026-03-08 04:18:58.055,11,PIT_RELATED,attacker or target on a box lap at t0,86.45249999999942,6.2,-86.35388888888701,False,21.33333333333394,True,True,2026-03-08 04:19:24.215,26.16,26.16,26.16,26.16,False,110.0,169.48560564910272,False,False,2026-03-08 04:19:28.055,30.0,120.0,True,True,True
australia_2026_R_00306,australia_2026_R,BEA,VER,2026-03-08 04:19:00.494,11,INVALID,"race state not green at t0 (TrackStatus=16, freeze=True)",98.58527777777408,7.04,-99.57916666666279,False,8.533333333332848,False,False,,,,,,False,124.0,104.6960304513308,False,False,2026-03-08 04:19:30.494,30.0,120.0,False,False,False
australia_2026_R_00307,australia_2026_R,BEA,OCO,2026-03-08 04:19:07.734,11,PIT_RELATED,attacker or target on a box lap at t0,88.20444444444001,20.56,-88.37555555554718,False,23.111111111111313,True,True,2026-03-08 04:19:28.654,20.92,20.92,20.92,20.92,False,177.0,,False,False,2026-03-08 04:19:37.734,30.0,120.0,True,True,True
australia_2026_R_00308,australia_2026_R,VER,GAS,2026-03-08 04:19:07.734,11,PIT_RELATED,attacker or target on a box lap at t0,70.28500000000349,16.161,-69.40083333334042,False,5.744444444444525,True,True,2026-03-08 04:19:27.294,19.56,19.56,19.56,19.56,False,181.0,,False,False,2026-03-08 04:19:37.734,30.0,120.0,True,True,False
australia_2026_R_00309,australia_2026_R,PER,ALO,2026-03-08 04:19:12.935,11,PIT_RELATED,attacker or target on a box lap at t0,98.51111111111095,3.759,-98.45722222222685,False,5.1891666666665515,False,False,,,40.76,40.76,40.76,True,112.0,44.976190476190816,False,False,2026-03-08 04:19:42.935,30.0,120.0,True,True,False
australia_2026_R_00310,australia_2026_R,OCO,VER,2026-03-08 04:19:12.935,11,PIT_RELATED,attacker or target on a box lap at t0,10.198888888888177,13.08,-11.021666666667443,False,13.444444444444343,True,True,2026-03-08 04:19:21.614,8.679,8.679,8.679,8.679,False,71.0,-4.119047619046146,False,False,2026-03-08 04:19:42.935,30.0,120.0,True,True,False
australia_2026_R_00311,australia_2026_R,GAS,LIN,2026-03-08 04:19:17.895,11,PIT_RELATED,attacker or target on a box lap at t0,24.785000000000764,4.039,-24.827499999999418,False,3.991666666666788,False,False,,,,,,False,88.0,,False,False,2026-03-08 04:19:47.895,30.0,120.0,True,True,False
australia_2026_R_00312,australia_2026_R,LIN,NOR,2026-03-08 04:19:18.455,11,PIT_RELATED,attacker or target on a box lap at t0,10.349722222217679,3.479,-10.208611111112987,False,8.355555555554929,True,True,2026-03-08 04:19:22.174,3.719,3.719,3.719,3.719,False,153.0,-57.35714285714428,False,False,2026-03-08 04:19:48.455,30.0,120.0,True,True,False
australia_2026_R_00313,australia_2026_R,ALB,BOR,2026-03-08 04:19:20.694,11,INVALID,"race state not green at t0 (TrackStatus=16, freeze=True)",94.75638888888807,3.521,-94.4713888888873,False,9.955555555555293,False,False,,,,,,False,87.0,112.76088044022303,False,False,2026-03-08 04:19:50.694,30.0,120.0,False,True,False
australia_2026_R_00314,australia_2026_R,NOR,GAS,2026-03-08 04:19:24.735,11,PIT_RELATED,attacker or target on a box lap at t0,11.411388888889633,6.84,-11.510000000002037,False,6.620277777778028,True,True,2026-03-08 04:19:42.654,17.919,17.919,17.919,17.919,False,146.0,-75.99999999999595,False,False,2026-03-08 04:19:54.735,30.0,120.0,True,True,True
australia_2026_R_00315,australia_2026_R,OCO,NOR,2026-03-08 04:19:26.295,11,PIT_RELATED,attacker or target on a box lap at t0,58.12500000000091,6.68,-57.96499999999651,False,1.0888888888894144,False,False,,,,,,False,79.0,,False,False,2026-03-08 04:19:56.295,30.0,120.0,True,True,False
australia_2026_R_00316,australia_2026_R,SAI,ALB,2026-03-08 04:19:29.214,11,PIT_RELATED,attacker or target on a box lap at t0,98.17055555555726,6.48,-98.42388888888672,False,7.15555555555602,False,False,,,,,,False,76.0,47.89583333333042,False,False,2026-03-08 04:19:59.214,30.0,120.0,True,True,False
australia_2026_R_00317,australia_2026_R,HAM,RUS,2026-03-08 04:19:29.974,12,PIT_RELATED,attacker or target on a box lap at t0,98.73055555555595,78.64,-98.7702777777813,False,11.122222222222263,False,False,,,89.881,89.881,89.881,True,97.0,116.46808510638293,False,False,2026-03-08 04:19:59.974,30.0,120.0,True,True,False
australia_2026_R_00318,australia_2026_R,STR,BOT,2026-03-08 04:19:32.215,11,PIT_RELATED,attacker or target on a box lap at t0,98.97333333333518,3.479,-98.92111111111444,False,5.511111111111404,False,False,,,,,,False,88.0,109.98470168281311,False,False,2026-03-08 04:20:02.215,30.0,120.0,True,True,False
australia_2026_R_00319,australia_2026_R,BOR,BEA,2026-03-08 04:19:33.335,12,INVALID,"race state not green at t0 (TrackStatus=6, freeze=True)",84.41888888888889,256.92,-84.02999999999884,False,9.444444444444457,False,False,,,,,,False,257.0,56.18750000001406,False,False,2026-03-08 04:20:03.335,30.0,120.0,False,False,False
australia_2026_R_00320,australia_2026_R,BEA,VER,2026-03-08 04:19:34.654,12,INVALID,"race state not green at t0 (TrackStatus=6, freeze=True)",98.89777777777775,6.2,-99.18499999999767,False,7.0,False,False,,,,,,False,156.0,65.328164082041,False,False,2026-03-08 04:20:04.654,30.0,120.0,False,False,False
australia_2026_R_00321,australia_2026_R,NOR,ALB,2026-03-08 04:19:40.854,12,PIT_RELATED,attacker or target on a box lap at t0,14.972777777777765,9.841,-15.02055555555853,False,13.57777777777774,False,False,,,111.761,111.761,111.761,True,242.0,-150.99999999999994,False,False,2026-03-08 04:20:10.854,30.0,120.0,True,True,False
australia_2026_R_00322,australia_2026_R,BOT,PER,2026-03-08 04:19:42.654,11,INVALID,"race state not green at t0 (TrackStatus=16, freeze=True)",94.15555555556057,4.241,-94.20944444445195,False,3.655555555555111,False,False,,,,,,False,90.0,59.93999999999869,False,False,2026-03-08 04:20:12.654,30.0,120.0,False,False,False
australia_2026_R_00323,australia_2026_R,GAS,OCO,2026-03-08 04:19:44.455,12,PIT_RELATED,attacker or target on a box lap at t0,13.846666666666662,75.84,-13.846666666671808,False,9.555555555555316,False,False,,,,,,False,80.0,,False,False,2026-03-08 04:20:14.455,30.0,120.0,True,True,False
australia_2026_R_00324,australia_2026_R,LAW,SAI,2026-03-08 04:19:50.495,11,PIT_RELATED,attacker or target on a box lap at t0,11.416111111112514,4.039,-11.285000000003492,False,10.66666666666697,False,False,,,,,,False,49.0,-5.914076782447465,False,False,2026-03-08 04:20:20.495,30.0,120.0,True,True,False
australia_2026_R_00325,australia_2026_R,ALO,LAW,2026-03-08 04:19:54.854,11,PIT_RELATED,attacker or target on a box lap at t0,61.943055555556384,3.161,-62.105833333334886,False,9.288888888888323,False,False,,,,,,False,28.0,,False,False,2026-03-08 04:20:24.854,30.0,120.0,True,True,False
australia_2026_R_00326,australia_2026_R,PER,SAI,2026-03-08 04:19:54.854,11,PIT_RELATED,attacker or target on a box lap at t0,99.19777777777745,40.8,-362.0974999999962,False,18.668888888888965,True,True,2026-03-08 04:19:57.135,2.281,2.281,3.481,3.481,False,80.0,151.51768766177773,False,False,2026-03-08 04:20:24.854,30.0,120.0,True,True,False
australia_2026_R_00327,australia_2026_R,RUS,LEC,2026-03-08 04:19:58.815,12,PIT_RELATED,attacker or target on a box lap at t0,97.76555555555478,24.64,-97.89166666666279,False,5.255555555555475,False,False,,,,,,False,85.0,102.51063829787229,False,False,2026-03-08 04:20:28.815,30.0,120.0,True,True,False
australia_2026_R_00328,australia_2026_R,OCO,NOR,2026-03-08 04:20:06.615,12,PIT_RELATED,attacker or target on a box lap at t0,99.82388888888909,8.999,-100.31277777777723,False,4.888888888888914,False,False,,,,,,False,87.0,95.70833333333384,False,False,2026-03-08 04:20:36.615,30.0,120.0,True,True,False
australia_2026_R_00329,australia_2026_R,STR,ALO,2026-03-08 04:20:07.974,11,PIT_RELATED,attacker or target on a box lap at t0,25.838611111116734,4.561,-25.786388888889633,False,19.67777777777792,False,False,,,,,,False,6.0,,False,False,2026-03-08 04:20:37.974,30.0,120.0,True,True,False
australia_2026_R_00330,australia_2026_R,BEA,VER,2026-03-08 04:20:29.294,12,INVALID,"race state not green at t0 (TrackStatus=6, freeze=True)",97.88111111111039,3.121,-98.16833333332761,False,5.622222222221808,False,False,,,,,,False,174.0,20.465116279068923,False,False,2026-03-08 04:20:59.294,30.0,120.0,False,False,False
australia_2026_R_00331,australia_2026_R,RUS,LEC,2026-03-08 04:20:30.095,12,PIT_RELATED,attacker or target on a box lap at t0,99.88749999999618,27.8,-100.01361111111328,False,13.66666666666697,False,False,,,,,,False,252.0,24.918660287081305,False,False,2026-03-08 04:21:00.095,30.0,120.0,True,True,False
australia_2026_R_00332,australia_2026_R,ANT,HAM,2026-03-08 04:20:33.775,12,PIT_RELATED,attacker or target on a box lap at t0,98.41999999999689,14.839,-98.33999999999651,False,13.661944444443634,True,True,2026-03-08 04:20:48.774,14.999,14.999,14.999,14.999,False,133.0,97.88888888888869,False,False,2026-03-08 04:21:03.775,30.0,120.0,True,True,False
australia_2026_R_00333,australia_2026_R,LAW,BOT,2026-03-08 04:20:35.454,12,INVALID,no causal target sample at t0,99.01111111111072,37.761,,False,7.099999999999909,False,False,,,,,,False,,34.72954663887517,False,False,2026-03-08 04:21:05.454,30.0,120.0,True,True,False
australia_2026_R_00334,australia_2026_R,NOR,ALB,2026-03-08 04:20:42.614,12,PIT_RELATED,attacker or target on a box lap at t0,99.59694444444449,4.361,-99.64472222221957,False,3.099999999999909,False,False,,,50.001,50.001,50.001,True,162.0,47.297090352219186,False,False,2026-03-08 04:21:12.614,30.0,120.0,True,True,False
australia_2026_R_00335,australia_2026_R,ANT,RUS,2026-03-08 04:20:48.774,12,PIT_RELATED,attacker or target on a box lap at t0,26.686666666668316,5.64,-26.646388888890215,False,6.777777777777374,False,False,,,,,,False,96.0,,False,False,2026-03-08 04:21:18.774,30.0,120.0,True,True,True
australia_2026_R_00336,australia_2026_R,HAM,RUS,2026-03-08 04:20:54.814,12,PIT_RELATED,attacker or target on a box lap at t0,85.08555555555722,4.761,-85.12527777777723,False,12.888888888888687,True,True,2026-03-08 04:20:59.855,5.041,5.041,5.041,5.041,False,183.0,,False,False,2026-03-08 04:21:24.814,30.0,120.0,True,True,True
australia_2026_R_00337,australia_2026_R,RUS,HAM,2026-03-08 04:21:00.295,12,PIT_RELATED,attacker or target on a box lap at t0,17.55416666666497,3.12,-17.514444444444962,False,12.85666666666566,False,False,,,,,,False,204.0,-124.2727272727271,False,False,2026-03-08 04:21:30.295,30.0,120.0,True,True,False
australia_2026_R_00338,australia_2026_R,PER,SAI,2026-03-08 04:21:03.135,12,PIT_RELATED,attacker or target on a box lap at t0,98.91277777777805,4.799,-98.95694444444234,False,3.7199999999998,False,False,,,,,,False,148.0,38.25566531086689,False,False,2026-03-08 04:21:33.135,30.0,120.0,True,True,False
australia_2026_R_00339,australia_2026_R,ALO,LAW,2026-03-08 04:21:05.215,12,PIT_RELATED,attacker or target on a box lap at t0,97.8344444444449,8.0,-97.83444444444467,False,16.966666666666697,False,False,,,,,,False,73.0,49.4444444444448,False,False,2026-03-08 04:21:35.215,30.0,120.0,True,True,False
australia_2026_R_00340,australia_2026_R,BEA,VER,2026-03-08 04:21:07.215,12,INVALID,"race state not green at t0 (TrackStatus=6, freeze=True)",98.05083333333187,9.8,-98.33805555555591,False,7.866666666666788,False,False,,,,,,False,105.0,24.999999999999638,False,False,2026-03-08 04:21:37.215,30.0,120.0,False,False,False
australia_2026_R_00341,australia_2026_R,GAS,OCO,2026-03-08 04:21:10.335,12,PIT_RELATED,attacker or target on a box lap at t0,98.89749999999594,4.999,-98.89749999999913,False,7.199999999999818,False,False,,,,,,False,147.0,80.35450286309019,False,False,2026-03-08 04:21:40.335,30.0,120.0,True,True,False
australia_2026_R_00342,australia_2026_R,ALO,BOT,2026-03-08 04:21:16.775,12,INVALID,no causal target sample at t0,99.63222222222385,26.72,,False,7.999999999999545,False,False,,,,,,False,,20.853136155022035,False,False,2026-03-08 04:21:46.775,30.0,120.0,True,True,False
australia_2026_R_00343,australia_2026_R,HAM,LEC,2026-03-08 04:21:22.415,13,INVALID,"race state not green at t0 (TrackStatus=6, freeze=True)",98.48194444444425,8.96,-98.17555555555737,False,11.844444444444548,False,False,,,,,,False,133.0,21.979499999999963,False,False,2026-03-08 04:21:52.415,30.0,120.0,False,False,False
australia_2026_R_00344,australia_2026_R,OCO,NOR,2026-03-08 04:21:22.815,12,PIT_RELATED,attacker or target on a box lap at t0,98.99194444444947,3.56,-99.48083333334216,False,3.4666666666662422,False,False,,,,,,False,84.0,26.438775510205232,False,False,2026-03-08 04:21:52.815,30.0,120.0,True,True,False
australia_2026_R_00345,australia_2026_R,LIN,RUS,2026-03-08 04:21:23.735,13,PIT_RELATED,attacker or target on a box lap at t0,95.53055555555562,7.92,-95.42166666666162,False,7.7999999999999545,False,False,,,,,,False,76.0,84.4614566719829,False,False,2026-03-08 04:21:53.735,30.0,120.0,True,True,False
australia_2026_R_00346,australia_2026_R,COL,ALO,2026-03-08 04:21:25.735,12,PIT_RELATED,attacker or target on a box lap at t0,99.1652777777822,17.76,-99.16527777778538,False,10.73333333333403,False,False,,,,,,False,152.0,38.559999999998766,False,False,2026-03-08 04:21:55.735,30.0,120.0,True,True,False
australia_2026_R_00347,australia_2026_R,ANT,LIN,2026-03-08 04:21:26.375,13,PIT_RELATED,attacker or target on a box lap at t0,93.95472222222219,5.0,-93.95416666666279,False,9.333333333333314,False,False,,,,,,False,116.0,90.26530612244899,False,False,2026-03-08 04:21:56.375,30.0,120.0,True,True,False
australia_2026_R_00348,australia_2026_R,VER,ANT,2026-03-08 04:21:28.694,13,PIT_RELATED,attacker or target on a box lap at t0,96.81444444444446,7.201,-96.923888888894,False,5.599999999999966,False,False,,,,,,False,100.0,71.92224475997273,False,False,2026-03-08 04:21:58.694,30.0,120.0,True,True,False
australia_2026_R_00349,australia_2026_R,NOR,ALB,2026-03-08 04:21:29.015,12,PIT_RELATED,attacker or target on a box lap at t0,96.82555555556155,3.4,-96.87333333334391,False,10.399999999999636,True,True,2026-03-08 04:21:32.615,3.6,3.6,3.6,3.6,False,72.0,25.00944444444758,False,False,2026-03-08 04:21:59.015,30.0,120.0,True,True,True
australia_2026_R_00350,australia_2026_R,PER,SAI,2026-03-08 04:21:33.455,12,PIT_RELATED,attacker or target on a box lap at t0,99.05277777777792,11.76,-99.09694444444176,False,2.2555555555554747,False,False,,,,,,False,126.0,22.888888888886868,False,False,2026-03-08 04:22:03.455,30.0,120.0,True,True,False
australia_2026_R_00351,australia_2026_R,GAS,OCO,2026-03-08 04:21:44.335,13,INVALID,"race state not green at t0 (TrackStatus=671, freeze=True)",98.71194444444436,12.76,-98.67416666666395,False,9.833333333333371,False,False,,,,,,False,205.0,51.54761904761914,False,False,2026-03-08 04:22:14.335,30.0,120.0,False,False,False
australia_2026_R_00352,australia_2026_R,BEA,VER,2026-03-08 04:21:44.975,13,INVALID,"race state not green at t0 (TrackStatus=671, freeze=True)",98.05277777777815,11.88,-97.60499999999593,False,11.0,False,False,,,,,,False,118.0,76.99999999999935,False,False,2026-03-08 04:22:14.975,30.0,120.0,False,False,False
australia_2026_R_00353,australia_2026_R,LIN,RUS,2026-03-08 04:21:59.775,13,PIT_RELATED,attacker or target on a box lap at t0,98.90638888888998,3.04,-98.79750000000058,False,4.199999999999818,False,False,,,,,,False,111.0,88.1956521739135,False,False,2026-03-08 04:22:29.775,30.0,120.0,True,True,False
australia_2026_R_00354,australia_2026_R,OCO,NOR,2026-03-08 04:22:00.255,13,INVALID,"race state not green at t0 (TrackStatus=671, freeze=True)",98.61777777777763,8.76,-98.61777777777752,False,9.29999999999984,False,False,,,,,,False,76.0,131.72340425531894,False,False,2026-03-08 04:22:30.255,30.0,120.0,False,False,False
australia_2026_R_00355,australia_2026_R,STR,BOT,2026-03-08 04:22:12.255,12,INVALID,no causal target sample at t0,98.84527777778112,5.28,,False,8.555555555556566,False,False,,,,,,False,,37.54347826086775,False,False,2026-03-08 04:22:42.255,30.0,120.0,True,True,False
australia_2026_R_00356,australia_2026_R,PER,SAI,2026-03-08 04:22:13.895,13,INVALID,"race state not green at t0 (TrackStatus=671, freeze=True)",96.47055555555562,16.6,-96.82138888888585,False,6.04444444444448,False,False,,,,,,False,160.0,19.808510638297637,False,False,2026-03-08 04:22:43.895,30.0,120.0,False,False,False
australia_2026_R_00357,australia_2026_R,SAI,ALB,2026-03-08 04:22:14.455,13,PIT_RELATED,attacker or target on a box lap at t0,99.40555555555511,6.16,-99.43638888889109,False,1.9555555555555202,False,False,,,,,,False,87.0,80.4130434782607,False,False,2026-03-08 04:22:44.455,30.0,120.0,True,True,False
australia_2026_R_00358,australia_2026_R,ANT,LIN,2026-03-08 04:22:23.895,13,PIT_RELATED,attacker or target on a box lap at t0,97.15999999999985,3.12,-97.15944444444904,False,4.744444444444525,False,False,,,,,,False,134.0,61.85416666666868,False,False,2026-03-08 04:22:53.895,30.0,120.0,True,True,False
australia_2026_R_00359,australia_2026_R,HAM,LEC,2026-03-08 04:22:26.815,13,INVALID,"race state not green at t0 (TrackStatus=6, freeze=True)",95.27361111111122,3.68,-94.96722222222888,False,4.122222222221808,False,False,,,,,,False,111.0,92.77777777777828,False,False,2026-03-08 04:22:56.815,30.0,120.0,False,False,False
australia_2026_R_00360,australia_2026_R,BEA,VER,2026-03-08 04:22:27.575,13,INVALID,"race state not green at t0 (TrackStatus=671, freeze=True)",97.46777777777879,8.12,-97.02000000000407,False,5.600000000000364,False,False,,,,,,False,135.0,58.93333333333521,False,False,2026-03-08 04:22:57.575,30.0,120.0,False,False,False
australia_2026_R_00361,australia_2026_R,GAS,OCO,2026-03-08 04:22:43.215,13,INVALID,"race state not green at t0 (TrackStatus=671, freeze=True)",92.90583333333643,3.84,-92.86805555556202,False,1.800000000000182,False,False,,,,,,False,129.0,26.018009004502815,False,False,2026-03-08 04:23:13.215,30.0,120.0,False,False,False
australia_2026_R_00362,australia_2026_R,SAI,ALB,2026-03-08 04:22:53.495,13,PIT_RELATED,attacker or target on a box lap at t0,97.77749999999787,3.8,-97.80833333331975,False,4.333333333333485,False,False,,,,,,False,112.0,67.16326530612318,False,False,2026-03-08 04:23:23.495,30.0,120.0,True,True,False
australia_2026_R_00363,australia_2026_R,PER,SAI,2026-03-08 04:22:54.055,13,INVALID,"race state not green at t0 (TrackStatus=671, freeze=True)",95.14555555555717,11.36,-95.49638888888876,False,5.333333333333485,False,False,,,,,,False,149.0,34.53999999999915,False,False,2026-03-08 04:23:24.055,30.0,120.0,False,False,False
australia_2026_R_00364,australia_2026_R,LIN,RUS,2026-03-08 04:22:54.055,13,PIT_RELATED,attacker or target on a box lap at t0,97.70777777777948,12.92,-97.59888888889691,False,9.888888888887777,False,False,,,,,,False,101.0,29.139999999998327,False,False,2026-03-08 04:23:24.055,30.0,120.0,True,True,False
australia_2026_R_00365,australia_2026_R,ANT,LIN,2026-03-08 04:22:57.695,13,PIT_RELATED,attacker or target on a box lap at t0,96.71888888889134,8.32,-96.7183333333378,False,6.800000000000182,False,False,,,,,,False,86.0,60.19999999999891,False,False,2026-03-08 04:23:27.695,30.0,120.0,True,True,False
australia_2026_R_00366,australia_2026_R,VER,ANT,2026-03-08 04:23:00.015,13,PIT_RELATED,attacker or target on a box lap at t0,98.73416666666435,11.24,-98.84361111110775,False,14.17777777777792,False,False,,,,,,False,104.0,24.23404255319238,False,False,2026-03-08 04:23:30.015,30.0,120.0,True,True,False
australia_2026_R_00367,australia_2026_R,BEA,VER,2026-03-08 04:23:02.655,13,INVALID,"race state not green at t0 (TrackStatus=671, freeze=True)",97.58000000000084,11.561,-97.13222222222248,False,11.599999999999454,False,False,,,,,,False,85.0,48.146499999997104,False,False,2026-03-08 04:23:32.655,30.0,120.0,False,False,False
australia_2026_R_00368,australia_2026_R,HAM,LEC,2026-03-08 04:23:18.415,14,INVALID,"race state not green at t0 (TrackStatus=671, freeze=True)",87.61249999999995,8.0,-86.97166666666453,False,10.02222222222224,False,False,,,,,,False,90.0,105.35416666666642,False,False,2026-03-08 04:23:48.415,30.0,120.0,False,False,False
australia_2026_R_00369,australia_2026_R,SAI,ALB,2026-03-08 04:23:24.655,13,PIT_RELATED,attacker or target on a box lap at t0,99.99805555555122,8.76,-100.02888888887537,False,13.32222222222208,False,False,,,,,,False,133.0,20.019999999998436,False,False,2026-03-08 04:23:54.655,30.0,120.0,True,True,False
australia_2026_R_00370,australia_2026_R,LIN,RUS,2026-03-08 04:23:30.455,14,INVALID,"race state not green at t0 (TrackStatus=71, freeze=True)",99.32500000000027,5.8,-99.30222222223529,False,7.377777777777737,False,False,,,,,,False,123.0,107.51797811360048,False,False,2026-03-08 04:24:00.455,30.0,120.0,False,False,False
australia_2026_R_00371,australia_2026_R,LAW,PER,2026-03-08 04:23:32.015,13,INVALID,"race state not green at t0 (TrackStatus=671, freeze=True)",86.31722222222652,4.24,-85.93555555556668,False,10.800000000000182,False,False,,,114.88,,,False,90.0,106.89583333333132,False,False,2026-03-08 04:24:02.015,30.0,120.0,False,False,False
australia_2026_R_00372,australia_2026_R,ANT,LIN,2026-03-08 04:23:34.136,14,INVALID,"race state not green at t0 (TrackStatus=71, freeze=True)",98.6875,3.519,-98.73333333333721,False,8.499999999999886,False,False,,,,,,False,92.0,158.60136286201018,False,False,2026-03-08 04:24:04.136,30.0,120.0,False,False,False
australia_2026_R_00373,australia_2026_R,BEA,VER,2026-03-08 04:23:34.856,14,INVALID,"race state not green at t0 (TrackStatus=1, freeze=True)",98.37388888888881,12.92,-98.22888888888701,False,8.244444444444525,False,False,,,,,,False,189.0,27.685805422647917,False,False,2026-03-08 04:24:04.856,30.0,120.0,False,False,False
australia_2026_R_00374,australia_2026_R,GAS,OCO,2026-03-08 04:23:37.455,14,CLOSE_INTERACTION_NO_PASS,"valid close battle, no pairwise order change inside the horizon",89.64361111111106,3.361,-89.68416666665871,False,8.977777777777817,False,False,,,,,,False,149.0,103.54347826086962,True,False,2026-03-08 04:24:07.455,30.0,120.0,False,False,False
australia_2026_R_00375,australia_2026_R,BOR,BEA,2026-03-08 04:23:52.735,14,CLOSE_INTERACTION_NO_PASS,"valid close battle, no pairwise order change inside the horizon; the pair did swap 43.0 s after t0, outside it",98.20777777777585,3.92,-97.49666666665871,False,7.111111111111086,False,False,,,42.96,42.96,42.96,True,196.0,7.714285714285797,True,False,2026-03-08 04:24:22.735,30.0,120.0,False,False,False
australia_2026_R_00376,australia_2026_R,HAM,LEC,2026-03-08 04:24:03.175,14,INVALID,"race state not green at t0 (TrackStatus=671, freeze=True)",95.49416666666548,8.52,-94.85333333333256,False,15.066666666666151,False,False,,,,,,False,169.0,43.66564573762327,False,False,2026-03-08 04:24:33.175,30.0,120.0,False,False,False
australia_2026_R_00377,australia_2026_R,SAI,ALB,2026-03-08 04:24:09.575,14,CLOSE_INTERACTION_NO_PASS,"valid close battle, no pairwise order change inside the horizon",93.3283333333336,3.16,-93.07833333333838,False,7.777777777777828,False,False,,,,,,False,194.0,33.245343267695695,True,False,2026-03-08 04:24:39.575,30.0,120.0,False,False,False
australia_2026_R_00378,australia_2026_R,BEA,VER,2026-03-08 04:24:09.975,14,INVALID,"race state not green at t0 (TrackStatus=1, freeze=True)",94.15777777778067,5.88,-94.0127777777816,False,2.9444444444438886,False,False,,,,,,False,220.0,38.34999999999957,False,False,2026-03-08 04:24:39.975,30.0,120.0,False,False,False
australia_2026_R_00379,australia_2026_R,ANT,LIN,2026-03-08 04:24:29.415,14,INVALID,"race state not green at t0 (TrackStatus=71, freeze=True)",96.87138888888421,7.32,-96.91722222221142,False,24.01333333333332,False,False,,,105.48,86.56,105.48,True,112.0,48.54364471669577,False,False,2026-03-08 04:24:59.415,30.0,120.0,False,False,False
australia_2026_R_00380,australia_2026_R,GAS,OCO,2026-03-08 04:24:34.016,14,CLOSE_INTERACTION_NO_PASS,"valid close battle, no pairwise order change inside the horizon; the pair did swap 87.3 s after t0, outside it",89.99666666667008,19.879,-90.03722222223587,False,18.0,False,False,,,86.119,87.319,87.319,True,160.0,132.00000000000273,True,False,2026-03-08 04:25:04.016,30.0,120.0,False,False,False
australia_2026_R_00381,australia_2026_R,HAM,LEC,2026-03-08 04:24:42.615,15,CLOSE_INTERACTION_NO_PASS,"valid close battle, no pairwise order change inside the horizon",99.31388888888887,7.04,-99.29388888888934,False,10.977777777777874,False,False,,,,,,False,119.0,107.65957446808501,True,False,2026-03-08 04:25:12.615,30.0,120.0,False,False,False
australia_2026_R_00382,australia_2026_R,LAW,PER,2026-03-08 04:24:45.295,14,CLOSE_INTERACTION_NO_PASS,"valid close battle, no pairwise order change inside the horizon; the pair did swap 86.2 s after t0, outside it",96.54722222222108,26.0,-96.53722222223587,False,17.027500000000146,False,False,,,41.4,86.16,86.16,True,181.0,44.61363636363734,True,False,2026-03-08 04:25:15.295,30.0,120.0,False,False,False
australia_2026_R_00383,australia_2026_R,VER,ANT,2026-03-08 04:24:46.816,15,CLOSE_INTERACTION_NO_PASS,"valid close battle, no pairwise order change inside the horizon",98.98916666666665,24.959,-99.46749999999884,False,9.877777777777851,False,False,,,85.959,,,False,262.0,14.914529914529927,True,False,2026-03-08 04:25:16.816,30.0,120.0,False,False,False
australia_2026_R_00384,australia_2026_R,BEA,VER,2026-03-08 04:24:48.895,15,CLOSE_INTERACTION_NO_PASS,"valid close battle, no pairwise order change inside the horizon",94.7116666666667,4.561,-94.76972222221957,False,14.566666666666663,False,False,,,,,,False,215.0,46.07142857142844,True,False,2026-03-08 04:25:18.895,30.0,120.0,False,False,False
australia_2026_R_00385,australia_2026_R,BOR,BEA,2026-03-08 04:24:50.255,15,CLOSE_INTERACTION_NO_PASS,"valid close battle, no pairwise order change inside the horizon",94.80055555555546,7.92,-94.75138888889342,False,10.777777777777771,False,False,,,,,,False,184.0,65.62222222222238,True,False,2026-03-08 04:25:20.255,30.0,120.0,False,False,False
australia_2026_R_00386,australia_2026_R,SAI,ALB,2026-03-08 04:25:17.695,15,CLOSE_INTERACTION_NO_PASS,"valid close battle, no pairwise order change inside the horizon",99.55111111111148,24.28,-99.57249999999476,False,13.077777777777783,False,False,,,,,,False,232.0,2.444444444444116,True,False,2026-03-08 04:25:47.695,30.0,120.0,False,False,False
australia_2026_R_00387,australia_2026_R,LAW,PER,2026-03-08 04:25:24.295,15,CLOSE_INTERACTION_NO_PASS,"valid close battle, no pairwise order change inside the horizon; the pair did swap 47.2 s after t0, outside it",98.14722222222235,46.96,-98.17194444444613,False,9.244444444444525,False,False,,,47.16,47.16,47.16,True,258.0,9.312500000000272,True,False,2026-03-08 04:25:54.295,30.0,120.0,False,False,False
australia_2026_R_00388,australia_2026_R,HAM,LEC,2026-03-08 04:25:27.655,15,CLOSE_INTERACTION_NO_PASS,"valid close battle, no pairwise order change inside the horizon",97.57277777777699,3.56,-97.55277777777519,False,12.133333333332757,False,False,,,,,,False,130.0,76.42912729294018,True,False,2026-03-08 04:25:57.655,30.0,120.0,False,False,False
australia_2026_R_00389,australia_2026_R,BOR,BEA,2026-03-08 04:25:35.695,15,CLOSE_INTERACTION_NO_PASS,"valid close battle, no pairwise order change inside the horizon",97.51138888889227,4.68,-97.46222222223878,False,4.733333333333576,False,False,,,,,,False,228.0,40.234042553192054,True,False,2026-03-08 04:26:05.695,30.0,120.0,False,False,False
australia_2026_R_00390,australia_2026_R,VER,ANT,2026-03-08 04:25:44.535,15,UNCERTAIN,"only one of the two order-change signals fired (distance=True, driver_ahead=False)",95.04805555555595,4.28,-95.5263888888876,False,13.599999999999909,True,False,2026-03-08 04:26:12.775,28.24,28.24,,,False,128.0,108.95999999999913,True,False,2026-03-08 04:26:14.535,30.0,120.0,False,False,False
australia_2026_R_00391,australia_2026_R,BEA,VER,2026-03-08 04:25:46.535,15,CLOSE_INTERACTION_NO_PASS,"valid close battle, no pairwise order change inside the horizon",97.04999999999791,3.12,-97.10805555555271,False,5.099999999999909,False,False,,,,,,False,128.0,78.1144999999996,True,False,2026-03-08 04:26:16.535,30.0,120.0,False,False,False
australia_2026_R_00392,australia_2026_R,GAS,OCO,2026-03-08 04:25:49.175,15,ON_TRACK_PASS,race-distance ordering and target DriverAhead both show the swap,95.86833333333288,21.88,-95.88694444444263,False,15.766666666666879,True,True,2026-03-08 04:26:01.335,12.16,12.16,12.16,12.16,False,205.0,117.34090909090935,True,False,2026-03-08 04:26:19.175,30.0,120.0,False,False,False
australia_2026_R_00393,australia_2026_R,HAM,LEC,2026-03-08 04:26:05.895,16,CLOSE_INTERACTION_NO_PASS,"valid close battle, no pairwise order change inside the horizon",98.9674999999994,7.32,-98.85111111111473,False,13.05555555555543,False,False,,,,,,False,142.0,91.39024390243951,True,False,2026-03-08 04:26:35.895,30.0,120.0,False,False,False
australia_2026_R_00394,australia_2026_R,VER,LIN,2026-03-08 04:26:11.935,16,CLOSE_INTERACTION_NO_PASS,"valid close battle, no pairwise order change inside the horizon",91.57611111111112,5.8,-91.67916666665406,False,14.133333333333326,False,False,,,,,,False,144.0,146.32608695652166,True,False,2026-03-08 04:26:41.935,30.0,120.0,False,False,False
australia_2026_R_00395,australia_2026_R,LIN,ANT,2026-03-08 04:26:13.415,16,CLOSE_INTERACTION_NO_PASS,"valid close battle, no pairwise order change inside the horizon",10.314166666666665,26.92,-10.160277777773445,False,8.799999999999955,False,False,,,,,,False,167.0,-2.2448979591836853,True,False,2026-03-08 04:26:43.415,30.0,120.0,False,False,False
australia_2026_R_00396,australia_2026_R,BOR,BEA,2026-03-08 04:26:15.495,16,CLOSE_INTERACTION_NO_PASS,"valid close battle, no pairwise order change inside the horizon",94.72611111111098,4.4,-94.43722222223005,False,9.511111111111063,False,False,,,,,,False,156.0,102.04545454545477,True,False,2026-03-08 04:26:45.495,30.0,120.0,False,False,False
australia_2026_R_00397,australia_2026_R,BEA,VER,2026-03-08 04:26:25.855,16,CLOSE_INTERACTION_NO_PASS,"valid close battle, no pairwise order change inside the horizon",95.36611111111131,5.359,-95.47416666666686,False,6.844444444444434,False,False,,,,,,False,102.0,128.88000000000045,True,False,2026-03-08 04:26:55.855,30.0,120.0,False,False,False
australia_2026_R_00398,australia_2026_R,GAS,OCO,2026-03-08 04:26:27.175,16,CLOSE_INTERACTION_NO_PASS,"valid close battle, no pairwise order change inside the horizon; the pair did swap 47.5 s after t0, outside it",94.26305555555558,4.6,-94.3038888888841,False,6.7999999999999545,False,False,,,47.52,47.52,47.52,True,170.0,76.36956521739125,True,False,2026-03-08 04:26:57.175,30.0,120.0,False,False,False
australia_2026_R_00399,australia_2026_R,HAM,LEC,2026-03-08 04:26:50.974,16,CLOSE_INTERACTION_NO_PASS,"valid close battle, no pairwise order change inside the horizon",96.4758333333316,18.081,-96.35944444444613,False,10.610833333333176,False,False,,,,,,False,140.0,63.097924427886234,True,False,2026-03-08 04:27:20.974,30.0,120.0,False,False,False
australia_2026_R_00400,australia_2026_R,LIN,ANT,2026-03-08 04:26:55.295,16,CLOSE_INTERACTION_NO_PASS,"valid close battle, no pairwise order change inside the horizon",96.41222222222132,4.08,-96.2583333333314,False,8.133333333333212,False,False,,,,,,False,258.0,26.02083333333241,True,False,2026-03-08 04:27:25.295,30.0,120.0,False,False,False
australia_2026_R_00401,australia_2026_R,GAS,OCO,2026-03-08 04:27:08.655,16,ON_TRACK_PASS,race-distance ordering and target DriverAhead both show the swap,99.2977777777769,5.72,-99.33861111111764,False,21.15555555555602,True,True,2026-03-08 04:27:14.695,6.04,6.04,6.04,6.04,False,311.0,10.125000000001023,True,False,2026-03-08 04:27:38.655,30.0,120.0,False,False,False
australia_2026_R_00402,australia_2026_R,BEA,VER,2026-03-08 04:27:10.694,16,CLOSE_INTERACTION_NO_PASS,"valid close battle, no pairwise order change inside the horizon",92.03694444444636,4.001,-92.14500000000407,False,9.991111111110968,False,False,,,,,,False,125.0,107.54606467357902,True,False,2026-03-08 04:27:40.694,30.0,120.0,False,False,False
australia_2026_R_00403,australia_2026_R,BOR,BEA,2026-03-08 04:27:12.255,16,CLOSE_INTERACTION_NO_PASS,"valid close battle, no pairwise order change inside the horizon",84.83305555555353,18.88,-84.54416666667385,False,10.344444444444434,False,False,,,,,,False,140.0,91.86040195545789,True,False,2026-03-08 04:27:42.255,30.0,120.0,False,False,False
australia_2026_R_00404,australia_2026_R,OCO,GAS,2026-03-08 04:27:22.935,16,ON_TRACK_PASS,race-distance ordering and target DriverAhead both show the swap,10.007222222225664,22.04,-9.966388888889924,False,6.0,True,True,2026-03-08 04:27:45.175,22.24,22.24,22.24,22.24,False,293.0,-20.860465116279133,True,False,2026-03-08 04:27:52.935,30.0,120.0,False,False,False
australia_2026_R_00405,australia_2026_R,HAM,LEC,2026-03-08 04:27:29.495,17,CLOSE_INTERACTION_NO_PASS,"valid close battle, no pairwise order change inside the horizon",97.42472222222227,8.2,-97.43083333333198,False,10.24333333333334,False,False,,,,,,False,144.0,57.81632653061243,True,False,2026-03-08 04:27:59.495,30.0,120.0,False,False,False
australia_2026_R_00406,australia_2026_R,PER,LAW,2026-03-08 04:27:37.935,16,INVALID,no causal target sample at t0,10.476666666664187,26.8,,False,8.377777777777737,False,False,,,,,,False,,-16.503645833334986,True,False,2026-03-08 04:28:07.935,30.0,120.0,False,False,False
australia_2026_R_00407,australia_2026_R,LIN,ANT,2026-03-08 04:27:47.015,17,CLOSE_INTERACTION_NO_PASS,"valid close battle, no pairwise order change inside the horizon",96.13277777777773,4.72,-95.22444444443681,False,8.899999999999977,False,False,,,,,,False,110.0,137.39130434782578,True,False,2026-03-08 04:28:17.015,30.0,120.0,False,False,False
australia_2026_R_00408,australia_2026_R,GAS,OCO,2026-03-08 04:27:47.215,16,UNCERTAIN,"only one of the two order-change signals fired (distance=True, driver_ahead=False)",10.346111111110986,152.599,-10.386944444442634,False,59.21666666666728,True,False,2026-03-08 04:27:50.174,2.959,2.959,,,False,289.0,-11.63829787234,True,False,2026-03-08 04:28:17.215,30.0,120.0,False,False,False
australia_2026_R_00409,australia_2026_R,BEA,VER,2026-03-08 04:27:50.455,17,CLOSE_INTERACTION_NO_PASS,"valid close battle, no pairwise order change inside the horizon",97.70416666666677,3.2,-97.79499999999825,False,8.555555555555543,False,False,,,,,,False,99.0,112.3919999999997,True,False,2026-03-08 04:28:20.455,30.0,120.0,False,False,False
australia_2026_R_00410,australia_2026_R,BOR,BEA,2026-03-08 04:27:51.735,17,CLOSE_INTERACTION_NO_PASS,"valid close battle, no pairwise order change inside the horizon",93.88666666666734,7.76,-93.98888888888177,False,15.600000000000136,False,False,,,,,,False,114.0,123.98082510168452,True,False,2026-03-08 04:28:21.735,30.0,120.0,False,False,False
australia_2026_R_00411,australia_2026_R,NOR,BOR,2026-03-08 04:27:54.615,17,CLOSE_INTERACTION_NO_PASS,"valid close battle, no pairwise order change inside the horizon",99.52416666666659,4.68,-99.54361111110484,False,7.600000000000136,False,False,,,,,,False,99.0,155.4249999999995,True,False,2026-03-08 04:28:24.615,30.0,120.0,False,False,False
australia_2026_R_00412,australia_2026_R,PER,LAW,2026-03-08 04:28:10.014,17,CLOSE_INTERACTION_NO_PASS,"valid close battle, no pairwise order change inside the horizon",97.25638888888889,7.041,-97.39055555555387,False,6.666666666666629,False,False,,,,,,False,292.0,48.44606565919426,True,False,2026-03-08 04:28:40.014,30.0,120.0,False,False,False
australia_2026_R_00413,australia_2026_R,ALB,SAI,2026-03-08 04:28:11.135,17,CLOSE_INTERACTION_NO_PASS,"valid close battle, no pairwise order change inside the horizon",97.84472222222212,5.92,-97.94638888888585,False,7.388888888888914,False,False,,,,,,False,103.0,144.97293076522638,True,False,2026-03-08 04:28:41.135,30.0,120.0,False,False,False
australia_2026_R_00414,australia_2026_R,HAM,LEC,2026-03-08 04:28:14.855,17,CLOSE_INTERACTION_NO_PASS,"valid close battle, no pairwise order change inside the horizon",97.62249999999767,5.32,-97.62861111111124,False,9.658611111110986,False,False,,,,,,False,182.0,52.244444444444525,True,False,2026-03-08 04:28:44.855,30.0,120.0,False,False,False
australia_2026_R_00415,australia_2026_R,NOR,BOR,2026-03-08 04:28:39.455,17,PIT_RELATED,a pit stop occurred inside the outcome window,92.41138888889054,18.88,-92.43083333334653,False,11.366666666666788,False,False,,,116.96,116.96,116.96,True,126.0,143.36734693877486,True,False,2026-03-08 04:29:09.455,30.0,120.0,False,True,False
australia_2026_R_00416,australia_2026_R,BEA,VER,2026-03-08 04:28:46.855,17,PIT_RELATED,a pit stop occurred inside the outcome window,94.88138888889262,3.2,-94.97222222221899,False,11.0,False,False,,,,,,False,91.0,71.67346938775617,True,False,2026-03-08 04:29:16.855,30.0,120.0,False,True,False
australia_2026_R_00417,australia_2026_R,BOR,BEA,2026-03-08 04:28:48.734,17,PIT_RELATED,a pit stop occurred inside the outcome window,98.64472222222139,3.481,-98.74694444444322,False,10.888888888889596,False,False,,,,,,False,89.0,83.05481639169493,True,False,2026-03-08 04:29:18.734,30.0,120.0,False,True,False
australia_2026_R_00418,australia_2026_R,HAM,LEC,2026-03-08 04:28:52.655,18,INVALID,"race state not green at t0 (TrackStatus=126, freeze=True)",97.7836111111111,11.16,-98.11749999999302,False,8.266666666666879,False,False,,,,,,False,215.0,11.679999999999882,False,False,2026-03-08 04:29:22.655,30.0,120.0,False,False,False
australia_2026_R_00419,australia_2026_R,BEA,VER,2026-03-08 04:29:30.095,18,PIT_RELATED,attacker or target on a box lap at t0,98.03833333333341,3.559,-97.9638888888876,False,6.133333333333439,False,False,,,,,,False,183.0,46.03428239395774,False,False,2026-03-08 04:30:00.095,30.0,120.0,True,True,False
australia_2026_R_00420,australia_2026_R,ALB,SAI,2026-03-08 04:29:36.775,18,INVALID,"race state not green at t0 (TrackStatus=126, freeze=True)",98.69472222222237,3.199,-98.65055555556319,False,6.922222222222217,False,False,,,,,,False,93.0,173.054514480408,False,False,2026-03-08 04:30:06.775,30.0,120.0,False,False,False
australia_2026_R_00421,australia_2026_R,HAM,LEC,2026-03-08 04:29:38.815,18,INVALID,"race state not green at t0 (TrackStatus=126, freeze=True)",96.87555555555673,4.76,-97.20944444445195,False,11.400000000000091,False,False,,,,,,False,146.0,63.76595744680799,False,False,2026-03-08 04:30:08.815,30.0,120.0,False,False,False
australia_2026_R_00422,australia_2026_R,NOR,BOR,2026-03-08 04:30:09.655,18,PIT_RELATED,attacker or target on a box lap at t0,99.86722222222488,4.319,-99.97999999999593,False,5.866666666665878,True,True,2026-03-08 04:30:36.415,26.76,26.76,26.76,26.76,False,135.0,19.47148288973292,False,False,2026-03-08 04:30:39.655,30.0,120.0,True,True,True
australia_2026_R_00423,australia_2026_R,BEA,VER,2026-03-08 04:30:16.415,18,PIT_RELATED,attacker or target on a box lap at t0,96.5752777777816,22.999,-96.50083333333896,False,21.888888888889596,False,False,,,,,,False,97.0,64.9000555247076,False,False,2026-03-08 04:30:46.415,30.0,120.0,True,True,True
australia_2026_R_00424,australia_2026_R,GAS,OCO,2026-03-08 04:30:24.695,18,INVALID,"race state not green at t0 (TrackStatus=126, freeze=True)",12.833055555552619,32.04,-12.833055555543979,False,8.021111111121016,False,False,,,,,,False,194.0,-22.191489361699652,False,False,2026-03-08 04:30:54.695,30.0,120.0,False,False,False
australia_2026_R_00425,australia_2026_R,HAM,LEC,2026-03-08 04:30:29.575,19,INVALID,"race state not green at t0 (TrackStatus=6, freeze=True)",93.74777777777831,13.6,-93.70277777778392,False,5.1666666666667425,False,False,,,,,,False,98.0,85.78326554328888,False,False,2026-03-08 04:30:59.575,30.0,120.0,False,False,False
australia_2026_R_00426,australia_2026_R,SAI,GAS,2026-03-08 04:30:30.935,18,INVALID,"race state not green at t0 (TrackStatus=126, freeze=True)",96.6816666666723,4.36,-96.68166666667094,False,9.555555555555202,False,False,,,,,,False,102.0,90.47999999999793,False,False,2026-03-08 04:31:00.935,30.0,120.0,False,False,False
australia_2026_R_00427,australia_2026_R,BOR,BEA,2026-03-08 04:30:40.534,18,PIT_RELATED,attacker or target on a box lap at t0,13.030555555550563,6.36,-13.071666666655801,False,8.188888888888869,False,False,,,,,,False,16.0,,False,False,2026-03-08 04:31:10.534,30.0,120.0,True,True,False
australia_2026_R_00428,australia_2026_R,VER,LIN,2026-03-08 04:30:43.175,18,PIT_RELATED,attacker or target on a box lap at t0,12.61388888889087,167.639,-12.518333333340706,False,12.993333333333997,False,False,,,,,,False,79.0,-67.99999999999271,False,False,2026-03-08 04:31:13.175,30.0,120.0,True,True,False
australia_2026_R_00429,australia_2026_R,BOR,OCO,2026-03-08 04:30:57.854,19,PIT_RELATED,attacker or target on a box lap at t0,12.916944444444397,4.881,-12.87583333333896,False,5.955555555555563,False,False,,,,,,False,212.0,-58.90250329380755,False,False,2026-03-08 04:31:27.854,30.0,120.0,True,True,False
australia_2026_R_00430,australia_2026_R,GAS,OCO,2026-03-08 04:31:03.095,19,INVALID,"race state not green at t0 (TrackStatus=671, freeze=True)",20.365833333333285,65.72,-20.359166666661622,False,7.333333333332803,False,False,,,,,,False,116.0,,False,False,2026-03-08 04:31:33.095,30.0,120.0,False,False,False
australia_2026_R_00431,australia_2026_R,BOR,GAS,2026-03-08 04:31:04.694,19,PIT_RELATED,attacker or target on a box lap at t0,10.119444444444468,107.84,-10.084999999991851,False,7.7000000000000455,False,False,,,104.08,107.56,107.56,True,106.0,-20.125078173858746,False,False,2026-03-08 04:31:34.694,30.0,120.0,True,True,False
australia_2026_R_00432,australia_2026_R,BEA,VER,2026-03-08 04:31:08.015,19,PIT_RELATED,attacker or target on a box lap at t0,97.98805555555566,107.759,-98.06583333332674,False,13.803055555561272,False,False,,,99.32,,,False,183.0,47.77946768060789,False,False,2026-03-08 04:31:38.015,30.0,120.0,True,True,False
australia_2026_R_00433,australia_2026_R,ALB,SAI,2026-03-08 04:31:25.294,19,INVALID,"race state not green at t0 (TrackStatus=671, freeze=True)",91.08027777777784,9.881,-91.03388888888003,False,2.888888888888914,False,False,,,,,,False,130.0,66.50495049504991,False,False,2026-03-08 04:31:55.294,30.0,120.0,False,False,False
australia_2026_R_00434,australia_2026_R,HAM,LEC,2026-03-08 04:31:27.495,19,INVALID,"race state not green at t0 (TrackStatus=6, freeze=True)",97.75083333333396,28.76,-97.70583333332615,False,8.399999999999636,False,False,,,,,,False,120.0,68.32242712670943,False,False,2026-03-08 04:31:57.495,30.0,120.0,False,False,False
australia_2026_R_00435,australia_2026_R,GAS,OCO,2026-03-08 04:32:15.495,19,INVALID,"race state not green at t0 (TrackStatus=671, freeze=True)",99.85305555555487,37.039,-99.84638888888003,False,7.464722222223315,False,False,,,,,,False,205.0,35.52500000000077,False,False,2026-03-08 04:32:45.495,30.0,120.0,False,False,False
australia_2026_R_00436,australia_2026_R,HAM,LEC,2026-03-08 04:32:18.334,20,INVALID,"race state not green at t0 (TrackStatus=671, freeze=True)",92.31611111111079,14.52,-92.26722222221724,False,10.700000000000045,False,False,,,,,,False,135.0,47.000000000000405,False,False,2026-03-08 04:32:48.334,30.0,120.0,False,False,False
australia_2026_R_00437,australia_2026_R,BOR,OCO,2026-03-08 04:32:52.254,20,ON_TRACK_PASS,race-distance ordering and target DriverAhead both show the swap,17.742777777777746,11.12,-17.917500000010477,False,5.899999999999864,True,True,2026-03-08 04:33:04.214,11.96,11.96,11.96,11.96,False,177.0,,True,False,2026-03-08 04:33:22.254,30.0,120.0,False,False,False
australia_2026_R_00438,australia_2026_R,HAM,LEC,2026-03-08 04:32:56.854,20,INVALID,"race state not green at t0 (TrackStatus=671, freeze=True)",99.99305555555384,38.6,-99.94416666665347,False,8.199999999999818,False,False,,,,,,False,304.0,9.069767441861735,False,False,2026-03-08 04:33:26.854,30.0,120.0,False,False,False
australia_2026_R_00439,australia_2026_R,GAS,BOR,2026-03-08 04:32:57.174,20,CLOSE_INTERACTION_NO_PASS,"valid close battle, no pairwise order change inside the horizon",10.554166666666674,6.2,-10.55277777777519,False,2.3999999999999773,False,False,,,,,,False,211.0,-5.333333333333371,True,False,2026-03-08 04:33:27.174,30.0,120.0,False,False,False
australia_2026_R_00440,australia_2026_R,BEA,VER,2026-03-08 04:32:57.854,20,CLOSE_INTERACTION_NO_PASS,"valid close battle, no pairwise order change inside the horizon",99.07611111111135,13.16,-99.02166666666744,False,11.777777777777715,False,False,,,,,,False,238.0,2.57777777777801,True,False,2026-03-08 04:33:27.854,30.0,120.0,False,False,False
australia_2026_R_00441,australia_2026_R,GAS,OCO,2026-03-08 04:33:04.214,20,CLOSE_INTERACTION_NO_PASS,"valid close battle, no pairwise order change inside the horizon; the pair did swap 99.7 s after t0, outside it",24.773888888888564,33.24,-24.94722222222481,False,2.9333333333331666,False,False,,,99.68,92.64,99.68,True,144.0,,True,False,2026-03-08 04:33:34.214,30.0,120.0,False,False,False
australia_2026_R_00442,australia_2026_R,OCO,BOR,2026-03-08 04:33:05.854,20,CLOSE_INTERACTION_NO_PASS,"valid close battle, no pairwise order change inside the horizon; the pair did swap 31.8 s after t0, outside it",10.501666666667006,31.6,-10.326944444444962,False,6.764444444444507,False,False,,,31.76,31.76,31.76,True,96.0,-10.926829268292893,True,False,2026-03-08 04:33:35.854,30.0,120.0,False,False,False
australia_2026_R_00443,australia_2026_R,SAI,GAS,2026-03-08 04:33:06.855,20,CLOSE_INTERACTION_NO_PASS,"valid close battle, no pairwise order change inside the horizon",96.35083333333375,4.599,-96.41361111110018,False,8.444444444444457,False,False,,,,,,False,88.0,163.99488926746068,True,False,2026-03-08 04:33:36.855,30.0,120.0,False,False,False
australia_2026_R_00444,australia_2026_R,LIN,VER,2026-03-08 04:33:31.534,20,CLOSE_INTERACTION_NO_PASS,"valid close battle, no pairwise order change inside the horizon",12.196388888888578,30.16,-12.067500000004657,False,6.699999999999818,False,False,,,,,,False,306.0,-69.30769230769434,True,False,2026-03-08 04:34:01.534,30.0,120.0,False,False,False
australia_2026_R_00445,australia_2026_R,BEA,LIN,2026-03-08 04:33:33.695,20,CLOSE_INTERACTION_NO_PASS,"valid close battle, no pairwise order change inside the horizon",99.86249999999836,5.159,-99.93694444443099,False,4.873611111111586,False,False,,,108.319,,,False,194.0,89.2823939570019,True,False,2026-03-08 04:34:03.695,30.0,120.0,False,False,False
australia_2026_R_00446,australia_2026_R,GAS,BOR,2026-03-08 04:33:37.614,20,CLOSE_INTERACTION_NO_PASS,"valid close battle, no pairwise order change inside the horizon",36.966388888887195,8.761,-36.96499999999651,False,2.300000000000182,False,False,,,,,,False,273.0,,True,False,2026-03-08 04:34:07.614,30.0,120.0,False,False,False
australia_2026_R_00447,australia_2026_R,HAM,LEC,2026-03-08 04:33:38.614,21,CLOSE_INTERACTION_NO_PASS,"valid close battle, no pairwise order change inside the horizon",92.50583333333338,4.16,-92.40000000000873,False,5.7333333333333485,False,False,,,,,,False,176.0,52.10638297872335,True,False,2026-03-08 04:34:08.614,30.0,120.0,False,False,False
australia_2026_R_00448,australia_2026_R,GAS,OCO,2026-03-08 04:33:46.655,20,CLOSE_INTERACTION_NO_PASS,"valid close battle, no pairwise order change inside the horizon; the pair did swap 57.2 s after t0, outside it",61.64388888888698,49.759,-61.81722222222015,False,17.586666666658395,False,False,,,57.239,50.199,57.239,True,278.0,,True,False,2026-03-08 04:34:16.655,30.0,120.0,False,False,False
australia_2026_R_00449,australia_2026_R,OCO,BOR,2026-03-08 04:33:48.654,20,CLOSE_INTERACTION_NO_PASS,"valid close battle, no pairwise order change inside the horizon",11.24888888888654,47.76,-11.07416666665813,False,20.224444444443037,False,False,,,,,,False,299.0,-19.901450725362494,True,False,2026-03-08 04:34:18.654,30.0,120.0,False,False,False
australia_2026_R_00450,australia_2026_R,SAI,GAS,2026-03-08 04:34:02.734,20,CLOSE_INTERACTION_NO_PASS,"valid close battle, no pairwise order change inside the horizon",96.52277777778,7.24,-96.58555555556086,False,12.444444444444343,False,False,,,,,,False,108.0,55.35555555555584,True,False,2026-03-08 04:34:32.734,30.0,120.0,False,False,False
australia_2026_R_00451,australia_2026_R,ALB,SAI,2026-03-08 04:34:06.694,20,CLOSE_INTERACTION_NO_PASS,"valid close battle, no pairwise order change inside the horizon",96.45027777777705,3.28,-96.4424999999901,False,7.0,False,False,,,,,,False,87.0,97.06199999999644,True,False,2026-03-08 04:34:36.694,30.0,120.0,False,False,False
australia_2026_R_00452,australia_2026_R,LIN,VER,2026-03-08 04:34:23.054,21,CLOSE_INTERACTION_NO_PASS,"valid close battle, no pairwise order change inside the horizon",96.18027777777809,3.96,-96.15111111111764,False,7.655555555555566,False,False,,,,,,False,112.0,117.020833333333,True,False,2026-03-08 04:34:53.054,30.0,120.0,False,False,False
australia_2026_R_00453,australia_2026_R,HAM,LEC,2026-03-08 04:34:34.814,21,CLOSE_INTERACTION_NO_PASS,"valid close battle, no pairwise order change inside the horizon",93.42666666666855,18.4,-93.3208333333314,False,20.41888888888934,False,False,,,,,,False,152.0,60.212765957444006,True,False,2026-03-08 04:35:04.814,30.0,120.0,False,False,False
australia_2026_R_00454,australia_2026_R,SAI,OCO,2026-03-08 04:34:36.854,21,CLOSE_INTERACTION_NO_PASS,"valid close battle, no pairwise order change inside the horizon",67.16777777777747,15.28,-67.17305555555504,False,7.899999999999636,False,False,,,,,,False,119.0,,True,False,2026-03-08 04:35:06.854,30.0,120.0,False,False,False
australia_2026_R_00455,australia_2026_R,OCO,GAS,2026-03-08 04:34:42.014,21,CLOSE_INTERACTION_NO_PASS,"valid close battle, no pairwise order change inside the horizon",10.888888888888687,109.16,-10.91694444444147,False,13.077777777777555,False,False,,,,,,False,222.0,-5.888888888888687,True,False,2026-03-08 04:35:12.014,30.0,120.0,False,False,False
australia_2026_R_00456,australia_2026_R,BEA,LIN,2026-03-08 04:34:56.654,21,CLOSE_INTERACTION_NO_PASS,"valid close battle, no pairwise order change inside the horizon",98.29666666666344,76.96,-98.32777777778392,False,15.555555555555657,False,False,,,,,,False,260.0,13.95652173913198,True,False,2026-03-08 04:35:26.654,30.0,120.0,False,False,False
australia_2026_R_00457,australia_2026_R,HAM,LEC,2026-03-08 04:35:13.374,22,CLOSE_INTERACTION_NO_PASS,"valid close battle, no pairwise order change inside the horizon",97.58138888888902,8.64,-97.46305555556319,False,13.400000000000318,False,False,,,,,,False,161.0,75.99336396120448,True,False,2026-03-08 04:35:43.374,30.0,120.0,False,False,False
australia_2026_R_00458,australia_2026_R,GAS,BOR,2026-03-08 04:35:15.534,21,CLOSE_INTERACTION_NO_PASS,"valid close battle, no pairwise order change inside the horizon; the pair did swap 85.6 s after t0, outside it",99.08055555555802,18.28,-99.37361111110658,False,14.788888888888778,False,False,,,85.6,85.08,85.6,True,155.0,68.86666666666406,True,False,2026-03-08 04:35:45.534,30.0,120.0,False,False,False
australia_2026_R_00459,australia_2026_R,SAI,OCO,2026-03-08 04:35:17.254,21,CLOSE_INTERACTION_NO_PASS,"valid close battle, no pairwise order change inside the horizon",96.60888888888894,19.48,-96.61416666666628,False,11.331388888888796,False,False,,,,,,False,178.0,63.44186046511632,True,False,2026-03-08 04:35:47.254,30.0,120.0,False,False,False
australia_2026_R_00460,australia_2026_R,ALB,SAI,2026-03-08 04:35:31.654,21,CLOSE_INTERACTION_NO_PASS,"valid close battle, no pairwise order change inside the horizon",97.21027777777817,3.92,-97.15916666666453,False,10.33333333333303,False,False,,,,,,False,89.0,94.02833333333365,True,False,2026-03-08 04:36:01.654,30.0,120.0,False,False,False
australia_2026_R_00461,australia_2026_R,GAS,BOR,2026-03-08 04:35:54.774,22,CLOSE_INTERACTION_NO_PASS,"valid close battle, no pairwise order change inside the horizon; the pair did swap 45.8 s after t0, outside it",99.07527777777796,7.52,-99.07583333333605,False,13.288888888889005,False,False,,,45.84,45.84,45.84,True,135.0,87.38297872340402,True,False,2026-03-08 04:36:24.774,30.0,120.0,False,False,False
australia_2026_R_00462,australia_2026_R,SAI,OCO,2026-03-08 04:35:57.214,22,CLOSE_INTERACTION_NO_PASS,"valid close battle, no pairwise order change inside the horizon",75.32333333333315,11.12,-75.21944444444671,False,7.288888888888778,False,False,,,,,,False,137.0,78.89583333333334,True,False,2026-03-08 04:36:27.214,30.0,120.0,False,False,False
australia_2026_R_00463,australia_2026_R,HAM,LEC,2026-03-08 04:35:58.094,22,CLOSE_INTERACTION_NO_PASS,"valid close battle, no pairwise order change inside the horizon",93.70750000000044,18.48,-93.5891666666721,False,14.599999999999454,False,False,,,,,,False,142.0,87.12500000000091,True,False,2026-03-08 04:36:28.094,30.0,120.0,False,False,False
australia_2026_R_00464,australia_2026_R,BEA,LIN,2026-03-08 04:36:17.254,22,CLOSE_INTERACTION_NO_PASS,"valid close battle, no pairwise order change inside the horizon",99.96583333333137,162.919,-97.89972222222423,False,15.787222222225466,False,False,,,,,,False,319.0,2.8565476190481474,True,False,2026-03-08 04:36:47.254,30.0,120.0,False,False,False
australia_2026_R_00465,australia_2026_R,PER,LEC,2026-03-08 04:36:21.774,22,LAPPED_UNLAPPED,pair separated by -5476 m of race distance at t0,11.691388888888888,19.6,-5476.317777777775,True,5.333333333333371,False,False,,,,,,False,303.0,-40.00000000000024,True,False,2026-03-08 04:36:51.774,30.0,120.0,False,False,False
australia_2026_R_00466,australia_2026_R,GAS,BOR,2026-03-08 04:36:30.134,22,ON_TRACK_PASS,race-distance ordering and target DriverAhead both show the swap,92.66388888888696,10.24,-92.66444444443914,False,21.38888888888914,True,True,2026-03-08 04:36:40.614,10.48,10.48,10.48,10.48,False,224.0,96.72656250000104,True,False,2026-03-08 04:37:00.134,30.0,120.0,False,False,False
australia_2026_R_00467,australia_2026_R,STR,ANT,2026-03-08 04:36:35.254,22,LAPPED_UNLAPPED,pair separated by -5477 m of race distance at t0,11.78638888888888,22.04,-5477.078055555554,True,9.688888888888869,False,False,,,,,,False,296.0,-21.89999999999997,True,False,2026-03-08 04:37:05.254,30.0,120.0,False,False,False
australia_2026_R_00468,australia_2026_R,HAM,LEC,2026-03-08 04:36:36.654,23,CLOSE_INTERACTION_NO_PASS,"valid close battle, no pairwise order change inside the horizon",99.62222222222226,8.04,-99.19027777777228,False,10.8888888888888,False,False,,,,,,False,147.0,69.15306122448997,True,False,2026-03-08 04:37:06.654,30.0,120.0,False,False,False
australia_2026_R_00469,australia_2026_R,ALB,SAI,2026-03-08 04:36:45.974,22,CLOSE_INTERACTION_NO_PASS,"valid close battle, no pairwise order change inside the horizon",96.90444444444529,3.359,-96.27416666666977,False,14.33333333333303,False,False,,,,,,False,109.0,160.95652173912998,True,False,2026-03-08 04:37:15.974,30.0,120.0,False,False,False
australia_2026_R_00470,australia_2026_R,BOR,GAS,2026-03-08 04:36:51.614,22,ON_TRACK_PASS,race-distance ordering and target DriverAhead both show the swap,14.477222222222736,4.639,-14.476666666669189,False,6.722222222222626,True,True,2026-03-08 04:36:56.534,4.92,4.92,4.92,4.92,False,209.0,-101.99999999999727,True,False,2026-03-08 04:37:21.614,30.0,120.0,False,False,False
australia_2026_R_00471,australia_2026_R,OCO,BOR,2026-03-08 04:36:51.934,22,CLOSE_INTERACTION_NO_PASS,"valid close battle, no pairwise order change inside the horizon",91.13805555555973,4.319,-91.20972222223645,False,9.511111111111859,False,False,,,,,,False,99.0,97.16666666666697,True,False,2026-03-08 04:37:21.934,30.0,120.0,False,False,False
australia_2026_R_00472,australia_2026_R,OCO,GAS,2026-03-08 04:37:06.494,23,CLOSE_INTERACTION_NO_PASS,"valid close battle, no pairwise order change inside the horizon",68.61083333333332,123.88,-68.58250000000407,False,13.039722222227965,False,False,,,,,,False,302.0,115.22021276597438,True,False,2026-03-08 04:37:36.494,30.0,120.0,False,False,False
australia_2026_R_00473,australia_2026_R,SAI,OCO,2026-03-08 04:37:11.374,23,CLOSE_INTERACTION_NO_PASS,"valid close battle, no pairwise order change inside the horizon",98.3441666666667,3.32,-98.33694444443972,False,13.599999999999966,False,False,,,,,,False,150.0,137.425,True,False,2026-03-08 04:37:41.374,30.0,120.0,False,False,False
australia_2026_R_00474,australia_2026_R,GAS,BOR,2026-03-08 04:37:19.574,23,CLOSE_INTERACTION_NO_PASS,"valid close battle, no pairwise order change inside the horizon",92.58527777777795,6.76,-92.66694444444147,False,12.222222222222172,False,False,,,,,,False,125.0,113.97674418604645,True,False,2026-03-08 04:37:49.574,30.0,120.0,False,False,False
australia_2026_R_00475,australia_2026_R,HAM,LEC,2026-03-08 04:37:21.694,23,CLOSE_INTERACTION_NO_PASS,"valid close battle, no pairwise order change inside the horizon",95.72722222222501,18.12,-95.29527777778276,False,11.111111111111313,False,False,,,,,,False,146.0,64.53333333333376,True,False,2026-03-08 04:37:51.694,30.0,120.0,False,False,False
australia_2026_R_00476,australia_2026_R,HAM,LEC,2026-03-08 04:38:01.133,24,CLOSE_INTERACTION_NO_PASS,"valid close battle, no pairwise order change inside the horizon",94.29111111111081,5.921,-94.17611111109727,False,8.977777777777874,False,False,,,,,,False,102.0,132.60350218886745,True,False,2026-03-08 04:38:31.133,30.0,120.0,False,False,False
australia_2026_R_00477,australia_2026_R,SAI,OCO,2026-03-08 04:38:19.534,23,CLOSE_INTERACTION_NO_PASS,"valid close battle, no pairwise order change inside the horizon",94.92222222222517,4.4,-94.91500000000815,False,11.599999999999454,False,False,,,,,,False,93.0,80.66000000000004,True,False,2026-03-08 04:38:49.534,30.0,120.0,False,False,False
australia_2026_R_00478,australia_2026_R,ALB,SAI,2026-03-08 04:38:22.294,23,CLOSE_INTERACTION_NO_PASS,"valid close battle, no pairwise order change inside the horizon",98.56861111111266,3.88,-96.63916666667501,False,7.2111111111107675,False,False,,,,,,False,93.0,85.66904640489739,True,False,2026-03-08 04:38:52.294,30.0,120.0,False,False,False
australia_2026_R_00479,australia_2026_R,GAS,BOR,2026-03-08 04:38:44.254,24,CLOSE_INTERACTION_NO_PASS,"valid close battle, no pairwise order change inside the horizon",99.90777777777794,5.64,-99.88555555556377,False,10.333333333333371,False,False,,,,,,False,118.0,120.02040816326549,True,False,2026-03-08 04:39:14.254,30.0,120.0,False,False,False
australia_2026_R_00480,australia_2026_R,BEA,LIN,2026-03-08 04:39:06.933,24,CLOSE_INTERACTION_NO_PASS,"valid close battle, no pairwise order change inside the horizon",99.24777777777808,38.12,-99.88249999999243,False,12.0,False,False,,,,,,False,314.0,11.90298962782163,True,False,2026-03-08 04:39:36.933,30.0,120.0,False,False,False
australia_2026_R_00481,australia_2026_R,HAM,LEC,2026-03-08 04:39:24.734,25,PIT_RELATED,attacker or target on a box lap at t0,89.64944444444461,7.12,-90.46055555556086,False,7.466666666666583,False,False,,,66.559,66.559,66.559,True,109.0,128.1363636363635,False,False,2026-03-08 04:39:54.734,30.0,120.0,True,True,False
australia_2026_R_00482,australia_2026_R,GAS,BOR,2026-03-08 04:39:29.774,24,CLOSE_INTERACTION_NO_PASS,"valid close battle, no pairwise order change inside the horizon",75.96055555555449,5.04,-75.93833333333896,False,12.93333333333294,False,False,,,,,,False,113.0,140.75510204081777,True,False,2026-03-08 04:39:59.774,30.0,120.0,False,False,False
australia_2026_R_00483,australia_2026_R,OCO,GAS,2026-03-08 04:39:42.654,24,CLOSE_INTERACTION_NO_PASS,"valid close battle, no pairwise order change inside the horizon",95.72999999999865,6.76,-95.73611111112405,False,10.0,False,False,,,,,,False,102.0,57.9130434782598,True,False,2026-03-08 04:40:12.654,30.0,120.0,False,False,False
australia_2026_R_00484,australia_2026_R,ALB,SAI,2026-03-08 04:39:47.734,24,CLOSE_INTERACTION_NO_PASS,"valid close battle, no pairwise order change inside the horizon",89.65916666666999,4.799,-89.3930555555562,False,6.533333333333758,False,False,,,,,,False,95.0,78.03664630760498,True,False,2026-03-08 04:40:17.734,30.0,120.0,False,False,False
australia_2026_R_00485,australia_2026_R,BEA,LIN,2026-03-08 04:39:47.974,25,CLOSE_INTERACTION_NO_PASS,"valid close battle, no pairwise order change inside the horizon",88.66944444444444,686.164,-88.56055555556668,False,16.0,False,False,,,,,,False,302.0,30.243463102852065,True,False,2026-03-08 04:40:17.974,30.0,120.0,False,False,False
australia_2026_R_00486,australia_2026_R,HAM,LEC,2026-03-08 04:40:10.174,25,PIT_RELATED,attacker or target on a box lap at t0,92.89027777777619,3.52,-93.70138888887595,False,6.0,True,True,2026-03-08 04:40:31.293,21.119,21.119,21.119,21.119,False,106.0,118.10869565217506,False,False,2026-03-08 04:40:40.174,30.0,120.0,True,True,True
australia_2026_R_00487,australia_2026_R,RUS,HAM,2026-03-08 04:40:50.773,26,CLOSE_INTERACTION_NO_PASS,"valid close battle, no pairwise order change inside the horizon",88.955833333334,6.68,-89.12916666665114,False,12.399999999999977,False,False,,,,,,False,109.0,143.408728046833,True,False,2026-03-08 04:41:20.773,30.0,120.0,False,False,False
australia_2026_R_00488,australia_2026_R,ALB,SAI,2026-03-08 04:41:01.814,25,CLOSE_INTERACTION_NO_PASS,"valid close battle, no pairwise order change inside the horizon",94.76416666666682,18.8,-94.8663888888841,False,12.08888888888896,False,False,,,,,,False,138.0,79.9400000000007,True,False,2026-03-08 04:41:31.814,30.0,120.0,False,False,False
australia_2026_R_00489,australia_2026_R,GAS,BOR,2026-03-08 04:41:33.854,26,CLOSE_INTERACTION_NO_PASS,"valid close battle, no pairwise order change inside the horizon",97.27888888888913,3.28,-93.9375,False,9.666666666666742,False,False,,,,,,False,90.0,153.4836406900656,True,False,2026-03-08 04:42:03.854,30.0,120.0,False,False,False
australia_2026_R_00490,australia_2026_R,RUS,HAM,2026-03-08 04:41:34.694,26,CLOSE_INTERACTION_NO_PASS,"valid close battle, no pairwise order change inside the horizon",98.65000000000373,19.04,-98.82333333333372,False,12.400000000000091,False,False,,,,,,False,173.0,54.122448979591894,True,False,2026-03-08 04:42:04.694,30.0,120.0,False,False,False
australia_2026_R_00491,australia_2026_R,ALB,SAI,2026-03-08 04:41:40.774,26,CLOSE_INTERACTION_NO_PASS,"valid close battle, no pairwise order change inside the horizon",96.22833333333324,21.76,-95.89777777777635,False,10.111111111111086,False,False,,,,,,False,201.0,30.730729166666823,True,False,2026-03-08 04:42:10.774,30.0,120.0,False,False,False
australia_2026_R_00492,australia_2026_R,LEC,PER,2026-03-08 04:41:50.494,26,PIT_RELATED,attacker or target on a box lap at t0,89.72138888888685,11.64,5375.783333333355,True,15.5,True,True,2026-03-08 04:42:02.294,11.8,11.8,11.8,11.8,False,120.0,120.16000000000068,False,False,2026-03-08 04:42:20.494,30.0,120.0,True,True,False
australia_2026_R_00493,australia_2026_R,RUS,HAM,2026-03-08 04:42:13.455,27,CLOSE_INTERACTION_NO_PASS,"valid close battle, no pairwise order change inside the horizon",99.70166666666705,10.679,-99.40555555553874,False,8.399999999999977,False,False,,,,116.84,,False,204.0,34.5909831613254,True,False,2026-03-08 04:42:43.455,30.0,120.0,False,False,False
australia_2026_R_00494,australia_2026_R,ALB,SAI,2026-03-08 04:42:15.494,26,CLOSE_INTERACTION_NO_PASS,"valid close battle, no pairwise order change inside the horizon",97.32694444444314,37.481,-96.99638888888876,False,9.777777777777374,False,False,,,,,,False,242.0,22.170212765958766,True,False,2026-03-08 04:42:45.494,30.0,120.0,False,False,False
australia_2026_R_00495,australia_2026_R,GAS,BOR,2026-03-08 04:42:18.534,26,CLOSE_INTERACTION_NO_PASS,"valid close battle, no pairwise order change inside the horizon",95.09249999999929,4.96,-91.75111111110891,False,13.611111111110404,False,False,,,,,,False,116.0,145.7333333333354,True,False,2026-03-08 04:42:48.534,30.0,120.0,False,False,False
australia_2026_R_00496,australia_2026_R,OCO,GAS,2026-03-08 04:42:31.094,26,CLOSE_INTERACTION_NO_PASS,"valid close battle, no pairwise order change inside the horizon",99.95916666666926,7.16,-103.33361111109843,False,7.777777777777374,False,False,,,,,,False,134.0,18.699999999999637,True,False,2026-03-08 04:43:01.094,30.0,120.0,False,False,False
australia_2026_R_00497,australia_2026_R,RUS,HAM,2026-03-08 04:42:47.455,27,CLOSE_INTERACTION_NO_PASS,"valid close battle, no pairwise order change inside the horizon; the pair did swap 88.0 s after t0, outside it",98.43777777778132,3.719,-98.14166666669189,False,2.933333333333394,False,False,,,88.04,82.84,88.04,True,233.0,38.288888888885594,True,False,2026-03-08 04:43:17.455,30.0,120.0,False,False,False
australia_2026_R_00498,australia_2026_R,ALB,SAI,2026-03-08 04:42:55.174,27,CLOSE_INTERACTION_NO_PASS,"valid close battle, no pairwise order change inside the horizon",98.13999999999996,230.562,-98.070555555576,False,11.555555555555543,False,False,,,,,,False,249.0,10.823014383990058,True,False,2026-03-08 04:43:25.174,30.0,120.0,False,False,False
australia_2026_R_00499,australia_2026_R,RUS,HAM,2026-03-08 04:43:23.454,28,PIT_RELATED,attacker or target on a box lap at t0,78.04805555555555,46.521,-78.0708333333314,False,13.199999999999989,False,False,,,46.841,46.841,46.841,True,307.0,58.38999489535219,False,False,2026-03-08 04:43:53.454,30.0,120.0,True,True,False
australia_2026_R_00500,australia_2026_R,OCO,GAS,2026-03-08 04:43:28.815,27,CLOSE_INTERACTION_NO_PASS,"valid close battle, no pairwise order change inside the horizon",99.90972222222535,4.32,-99.8933333333407,False,1.199999999999818,False,False,,,,,,False,312.0,9.847826086955573,True,False,2026-03-08 04:43:58.815,30.0,120.0,False,False,False
australia_2026_R_00501,australia_2026_R,GAS,BOR,2026-03-08 04:43:43.375,27,CLOSE_INTERACTION_NO_PASS,"valid close battle, no pairwise order change inside the horizon",87.56527777777319,4.2,-87.48583333331044,False,24.940833333333103,False,False,,,,,,False,111.0,150.7234042553185,True,False,2026-03-08 04:44:13.375,30.0,120.0,False,False,False
australia_2026_R_00502,australia_2026_R,HAM,RUS,2026-03-08 04:44:11.295,28,PIT_RELATED,attacker or target on a box lap at t0,11.058611111108348,32.241,-11.0358333333279,False,6.4999999999990905,False,False,,,,,,False,216.0,-37.077999999999705,False,False,2026-03-08 04:44:41.295,30.0,120.0,True,True,False
australia_2026_R_00503,australia_2026_R,OCO,GAS,2026-03-08 04:44:12.295,28,CLOSE_INTERACTION_NO_PASS,"valid close battle, no pairwise order change inside the horizon",96.59305555555557,34.36,-96.41750000001048,False,13.487499999999955,False,False,,,,,,False,220.0,25.121499999999962,True,False,2026-03-08 04:44:42.295,30.0,120.0,False,False,False
australia_2026_R_00504,australia_2026_R,OCO,GAS,2026-03-08 04:44:56.295,28,CLOSE_INTERACTION_NO_PASS,"valid close battle, no pairwise order change inside the horizon",99.8547222222237,38.28,-99.6791666666686,False,10.555555555554747,False,False,,,,,,False,306.0,6.586956521739369,True,False,2026-03-08 04:45:26.295,30.0,120.0,False,False,False
australia_2026_R_00505,australia_2026_R,OCO,GAS,2026-03-08 04:45:36.856,29,CLOSE_INTERACTION_NO_PASS,"valid close battle, no pairwise order change inside the horizon",97.21249999999995,9.04,-97.22555555554572,False,24.73333333333335,False,False,,,,,,False,241.0,16.86257468766983,True,False,2026-03-08 04:46:06.856,30.0,120.0,False,False,False
australia_2026_R_00506,australia_2026_R,ALO,STR,2026-03-08 04:46:17.816,18,LAPPED_UNLAPPED,pair separated by -54755 m of race distance at t0,99.60722222222228,8.6,-54754.52305555556,True,12.355555555555611,False,False,,,,,,False,139.0,70.2244897959184,True,False,2026-03-08 04:46:47.816,30.0,120.0,False,False,False
australia_2026_R_00507,australia_2026_R,OCO,GAS,2026-03-08 04:46:18.416,29,CLOSE_INTERACTION_NO_PASS,"valid close battle, no pairwise order change inside the horizon",99.99388888888961,4.6,-100.00694444443798,False,1.699999999999818,False,False,,,,,,False,311.0,11.239130434781877,True,False,2026-03-08 04:46:48.416,30.0,120.0,False,False,False
australia_2026_R_00508,australia_2026_R,GAS,BOR,2026-03-08 04:46:43.656,29,CLOSE_INTERACTION_NO_PASS,"valid close battle, no pairwise order change inside the horizon",94.04972222222386,4.28,-94.17055555555271,False,9.33333333333394,False,False,,,,,,False,90.0,87.41356309060568,True,False,2026-03-08 04:47:13.656,30.0,120.0,False,False,False
australia_2026_R_00509,australia_2026_R,SAI,ALB,2026-03-08 04:46:49.297,29,CLOSE_INTERACTION_NO_PASS,"valid close battle, no pairwise order change inside the horizon",10.480555555556748,59.32,-10.578611111122882,False,9.099999999999909,False,False,,,,,,False,101.0,-7.9390942217588485,True,False,2026-03-08 04:47:19.297,30.0,120.0,False,False,False
australia_2026_R_00510,australia_2026_R,VER,NOR,2026-03-08 04:46:52.536,30,CLOSE_INTERACTION_NO_PASS,"valid close battle, no pairwise order change inside the horizon",89.49583333333328,5.08,-89.40527777775424,False,7.800000000000068,False,False,,,,,,False,94.0,170.28571428571445,True,False,2026-03-08 04:47:22.536,30.0,120.0,False,False,False
australia_2026_R_00511,australia_2026_R,OCO,GAS,2026-03-08 04:47:00.136,30,CLOSE_INTERACTION_NO_PASS,"valid close battle, no pairwise order change inside the horizon",75.93388888888887,343.362,-76.05916666667326,False,11.75916666666248,False,False,,,99.721,,,False,295.0,131.52228260870584,True,False,2026-03-08 04:47:30.136,30.0,120.0,False,False,False
australia_2026_R_00512,australia_2026_R,ALO,STR,2026-03-08 04:47:04.256,18,LAPPED_UNLAPPED,pair separated by -54755 m of race distance at t0,99.84361111111139,18.441,-54754.759444444484,True,11.977777777778101,False,False,,,,,,False,148.0,60.90047897817939,True,False,2026-03-08 04:47:34.256,30.0,120.0,False,False,False
australia_2026_R_00513,australia_2026_R,ALO,STR,2026-03-08 04:47:43.737,19,LAPPED_UNLAPPED,pair separated by -54749 m of race distance at t0,94.20888888888976,10.119,-54749.33972222223,True,11.644444444444616,False,False,,,,,,False,144.0,65.47727272727192,True,False,2026-03-08 04:48:13.737,30.0,120.0,False,False,False
australia_2026_R_00514,australia_2026_R,VER,NOR,2026-03-08 04:47:47.537,30,CLOSE_INTERACTION_NO_PASS,"valid close battle, no pairwise order change inside the horizon",98.90666666666948,4.52,-98.81611111111124,False,13.33333333333303,False,False,,,113.561,,,False,94.0,85.21455730580807,True,False,2026-03-08 04:48:17.537,30.0,120.0,False,False,False
australia_2026_R_00515,australia_2026_R,SAI,ALB,2026-03-08 04:47:58.697,30,CLOSE_INTERACTION_NO_PASS,"valid close battle, no pairwise order change inside the horizon",99.40749999999798,36.8,-99.26527777776937,False,12.888888888889142,False,False,,,,,,False,302.0,16.58333333333417,True,False,2026-03-08 04:48:28.697,30.0,120.0,False,False,False
australia_2026_R_00516,australia_2026_R,SAI,ALB,2026-03-08 04:48:42.177,31,CLOSE_INTERACTION_NO_PASS,"valid close battle, no pairwise order change inside the horizon",98.30749999999998,5.84,-98.31305555556901,False,10.800000000000011,False,False,,,,,,False,224.0,29.799361362426822,True,False,2026-03-08 04:49:12.177,30.0,120.0,False,False,False
australia_2026_R_00517,australia_2026_R,VER,NOR,2026-03-08 04:49:00.818,31,CLOSE_INTERACTION_NO_PASS,"valid close battle, no pairwise order change inside the horizon",97.83666666666659,3.759,-97.84027777778101,False,12.833333333333485,False,False,,,,,,False,115.0,139.25715773034835,True,False,2026-03-08 04:49:30.818,30.0,120.0,False,False,False
australia_2026_R_00518,australia_2026_R,ALO,RUS,2026-03-08 04:49:06.097,20,LAPPED_UNLAPPED,pair separated by -65686 m of race distance at t0,99.71805555555545,4.96,-65685.71416666669,True,9.777777777777828,True,True,2026-03-08 04:49:11.457,5.36,5.36,5.36,5.36,False,192.0,10.555555555555998,True,False,2026-03-08 04:49:36.097,30.0,120.0,False,False,False
australia_2026_R_00519,australia_2026_R,RUS,ALO,2026-03-08 04:49:12.017,32,LAPPED_UNLAPPED,pair separated by 65566 m of race distance at t0,19.838611111111277,11.52,65566.15750000003,True,12.266666666666652,True,True,2026-03-08 04:49:23.777,11.76,11.76,11.76,11.76,False,273.0,-126.85714285714295,True,False,2026-03-08 04:49:42.017,30.0,120.0,False,False,False
australia_2026_R_00520,australia_2026_R,SAI,ALB,2026-03-08 04:49:29.457,31,CLOSE_INTERACTION_NO_PASS,"valid close battle, no pairwise order change inside the horizon",95.12222222222272,3.441,-95.12777777775773,False,2.5333333333337578,False,False,,,,,,False,208.0,64.16102136529234,True,False,2026-03-08 04:49:59.457,30.0,120.0,False,False,False
australia_2026_R_00521,australia_2026_R,VER,NOR,2026-03-08 04:49:39.297,32,CLOSE_INTERACTION_NO_PASS,"valid close battle, no pairwise order change inside the horizon",70.97166666666669,9.001,-71.01583333330927,False,10.333333333333485,False,False,,,,,,False,115.0,120.42222222222244,True,False,2026-03-08 04:50:09.297,30.0,120.0,False,False,False
australia_2026_R_00522,australia_2026_R,ALO,RUS,2026-03-08 04:50:02.218,20,LAPPED_UNLAPPED,pair separated by -65600 m of race distance at t0,14.441666666665697,7.48,-65600.43777777781,True,14.399999999999636,True,True,2026-03-08 04:50:10.018,7.8,7.8,7.8,7.8,False,211.0,-104.00000000000603,True,False,2026-03-08 04:50:32.218,30.0,120.0,False,False,False
australia_2026_R_00523,australia_2026_R,SAI,ALB,2026-03-08 04:50:08.938,32,CLOSE_INTERACTION_NO_PASS,"valid close battle, no pairwise order change inside the horizon",92.68805555555554,6.32,-92.43249999999534,False,9.95555555555552,False,False,,,,,,False,188.0,54.750000000000036,True,False,2026-03-08 04:50:38.938,30.0,120.0,False,False,False
australia_2026_R_00524,australia_2026_R,ANT,RUS,2026-03-08 04:50:10.018,32,UNCERTAIN,"only one of the two order-change signals fired (distance=True, driver_ahead=False)",92.76333333333332,4.8,-92.76333333333605,False,10.766666666666424,True,False,2026-03-08 04:50:38.898,28.88,28.88,,,False,101.0,103.76086956521823,True,False,2026-03-08 04:50:40.018,30.0,120.0,False,False,False
australia_2026_R_00525,australia_2026_R,VER,NOR,2026-03-08 04:50:23.978,32,CLOSE_INTERACTION_NO_PASS,"valid close battle, no pairwise order change inside the horizon",94.25388888888938,18.76,-94.29805555555504,False,14.444444444444343,False,False,,,,,,False,135.0,78.81818181818082,True,False,2026-03-08 04:50:53.978,30.0,120.0,False,False,False
australia_2026_R_00526,australia_2026_R,STR,RUS,2026-03-08 04:50:33.698,31,LAPPED_UNLAPPED,pair separated by -11029 m of race distance at t0,98.11972222222232,3.56,-11029.098888888897,True,13.899999999999977,True,True,2026-03-08 04:50:37.498,3.8,3.8,3.8,3.8,False,219.0,48.01873935264068,True,False,2026-03-08 04:51:03.698,30.0,120.0,False,False,False
australia_2026_R_00527,australia_2026_R,PER,BEA,2026-03-08 04:51:07.378,32,INVALID,"race state not green at t0 (TrackStatus=16, freeze=True)",92.39861111111114,5.121,-5557.822777777765,True,6.7777777777777715,False,False,,,,,,False,197.0,40.299642674834,False,False,2026-03-08 04:51:37.378,30.0,120.0,False,False,False
australia_2026_R_00528,australia_2026_R,SAI,ALB,2026-03-08 04:51:08.378,32,PIT_RELATED,a pit stop occurred inside the outcome window,95.7219444444454,3.081,-95.46638888888992,False,8.111111111110404,False,False,,,,,,False,111.0,140.6956521739138,True,False,2026-03-08 04:51:38.378,30.0,120.0,False,True,False
australia_2026_R_00529,australia_2026_R,BEA,LIN,2026-03-08 04:51:17.418,33,INVALID,"race state not green at t0 (TrackStatus=16, freeze=True)",95.13277777777807,23.241,-95.17083333333721,False,8.8888888888888,False,False,,,,,,False,186.0,30.174999999999585,False,False,2026-03-08 04:51:47.418,30.0,120.0,False,False,False
australia_2026_R_00530,australia_2026_R,SAI,ALB,2026-03-08 04:51:49.178,33,PIT_RELATED,attacker or target on a box lap at t0,98.61055555555606,3.241,-98.52749999999651,False,6.611111111111086,False,False,,,,,,False,94.0,142.07197549770228,False,False,2026-03-08 04:52:19.178,30.0,120.0,True,True,False
australia_2026_R_00531,australia_2026_R,BEA,LIN,2026-03-08 04:51:49.778,33,INVALID,"race state not green at t0 (TrackStatus=16, freeze=True)",99.63249999999789,35.681,-99.67055555555271,False,10.800000000000637,False,False,,,,,,False,303.0,8.212765957447466,False,False,2026-03-08 04:52:19.778,30.0,120.0,False,False,False
australia_2026_R_00532,australia_2026_R,BOR,BEA,2026-03-08 04:52:27.739,33,PIT_RELATED,attacker or target on a box lap at t0,70.82027777778694,3.76,-70.77333333334536,False,7.555555555555657,False,False,,,,,,False,96.0,87.80851063829842,False,False,2026-03-08 04:52:57.739,30.0,120.0,True,True,False
australia_2026_R_00533,australia_2026_R,BEA,LIN,2026-03-08 04:52:38.339,34,INVALID,"race state not green at t0 (TrackStatus=671, freeze=True)",94.80416666666667,7.08,-94.74583333334886,False,6.7777777777777715,False,False,,,,,,False,119.0,104.48288973384022,False,False,2026-03-08 04:53:08.339,30.0,120.0,False,False,False
australia_2026_R_00534,australia_2026_R,OCO,GAS,2026-03-08 04:52:51.539,34,INVALID,"race state not green at t0 (TrackStatus=671, freeze=True)",93.36722222222215,302.722,-92.9461111110868,False,13.722222222222229,False,False,,,90.921,,,False,126.0,70.07500000000019,False,False,2026-03-08 04:53:21.539,30.0,120.0,False,False,False
australia_2026_R_00535,australia_2026_R,SAI,ALB,2026-03-08 04:53:16.299,33,PIT_RELATED,attacker or target on a box lap at t0,38.22777777778538,4.92,-38.14472222223412,False,9.655555555555111,False,False,,,,,,False,3.0,,False,False,2026-03-08 04:53:46.299,30.0,120.0,True,True,False
australia_2026_R_00536,australia_2026_R,SAI,LAW,2026-03-08 04:53:28.619,33,PIT_RELATED,attacker or target on a box lap at t0,12.532777777778392,37.44,-12.733888888877118,False,14.589999999999996,False,False,,,,,,False,65.0,-42.03846153846055,False,False,2026-03-08 04:53:58.619,30.0,120.0,True,True,False
australia_2026_R_00537,australia_2026_R,VER,NOR,2026-03-08 04:53:31.459,34,PIT_RELATED,attacker or target on a box lap at t0,10.554444444442197,14.72,-10.581944444449618,False,4.200000000000728,True,True,2026-03-08 04:53:46.539,15.08,15.08,15.08,15.08,False,181.0,-17.630777596520023,False,False,2026-03-08 04:54:01.459,30.0,120.0,True,True,False
australia_2026_R_00538,australia_2026_R,COL,LEC,2026-03-08 04:53:35.539,34,LAPPED_UNLAPPED,pair separated by -5477 m of race distance at t0,11.180555555555557,26.88,-5476.515000000014,True,7.379166666666379,False,False,,,,,,False,291.0,,True,False,2026-03-08 04:54:05.539,30.0,120.0,False,False,False
australia_2026_R_00539,australia_2026_R,LAW,COL,2026-03-08 04:53:36.940,34,PIT_RELATED,attacker or target on a box lap at t0,18.703888888888926,7.48,-18.875,False,8.866666666666688,False,False,,,,,,False,281.0,-114.00000000000027,False,False,2026-03-08 04:54:06.940,30.0,120.0,True,True,False
australia_2026_R_00540,australia_2026_R,BEA,LIN,2026-03-08 04:54:07.339,35,CLOSE_INTERACTION_NO_PASS,"valid close battle, no pairwise order change inside the horizon",80.3575,84.121,-80.50444444446475,False,11.555555555555657,False,False,,,,,,False,314.0,,True,False,2026-03-08 04:54:37.339,30.0,120.0,False,False,False
australia_2026_R_00541,australia_2026_R,NOR,BEA,2026-03-08 04:54:07.619,35,PIT_RELATED,attacker or target on a box lap at t0,18.02222222222224,6.6,-17.974722222221317,False,16.177777777777806,False,False,,,,,,False,306.0,-199.00000000000014,False,False,2026-03-08 04:54:37.619,30.0,120.0,True,True,False
australia_2026_R_00542,australia_2026_R,COL,LEC,2026-03-08 04:54:35.980,34,LAPPED_UNLAPPED,pair separated by -5559 m of race distance at t0,93.713055555555,4.2,-5559.047500000015,True,9.5,False,False,,,,,,False,138.0,91.63742365352599,True,False,2026-03-08 04:55:05.980,30.0,120.0,False,False,False
australia_2026_R_00543,australia_2026_R,LAW,COL,2026-03-08 04:54:38.700,34,PIT_RELATED,attacker or target on a box lap at t0,98.83388888888749,3.36,-99.00500000000466,False,9.26666666666597,False,False,,,97.161,,,False,105.0,139.7599999999995,False,False,2026-03-08 04:55:08.700,30.0,120.0,True,True,False
australia_2026_R_00544,australia_2026_R,SAI,LAW,2026-03-08 04:54:40.180,34,PIT_RELATED,attacker or target on a box lap at t0,97.13138888888989,4.96,-97.13138888889807,False,11.822222222222535,False,False,,,,,,False,131.0,101.04255319148803,False,False,2026-03-08 04:55:10.180,30.0,120.0,True,True,False
australia_2026_R_00545,australia_2026_R,ALB,ANT,2026-03-08 04:55:06.900,35,LAPPED_UNLAPPED,pair separated by -5559 m of race distance at t0,93.50138888888955,5.24,-5559.013611111091,True,8.399999999999977,False,False,,,,,,False,113.0,139.72727272727184,True,False,2026-03-08 04:55:36.900,30.0,120.0,False,False,False
australia_2026_R_00546,australia_2026_R,SAI,HAM,2026-03-08 04:55:07.060,35,LAPPED_UNLAPPED,pair separated by -5541 m of race distance at t0,75.58472222222224,33.76,-5541.25944444444,True,10.633333333333326,False,False,,,,,,False,310.0,,True,False,2026-03-08 04:55:37.060,30.0,120.0,False,False,False
australia_2026_R_00547,australia_2026_R,LAW,COL,2026-03-08 04:55:18.060,35,CLOSE_INTERACTION_NO_PASS,"valid close battle, no pairwise order change inside the horizon",98.38166666666712,7.36,-98.40555555553874,False,10.04444444444448,False,False,,,,,,False,107.0,139.30434782608637,True,False,2026-03-08 04:55:48.060,30.0,120.0,False,False,False
australia_2026_R_00548,australia_2026_R,NOR,BEA,2026-03-08 04:55:19.860,35,PIT_RELATED,attacker or target on a box lap at t0,99.96000000000004,5.56,-99.91250000000582,False,11.100000000000364,False,False,,,,,,False,94.0,80.79999999999927,False,False,2026-03-08 04:55:49.860,30.0,120.0,True,True,False
australia_2026_R_00549,australia_2026_R,BEA,LIN,2026-03-08 04:55:33.820,36,CLOSE_INTERACTION_NO_PASS,"valid close battle, no pairwise order change inside the horizon",98.4711111111111,5.68,-98.48555555555504,False,10.610833333333261,False,False,,,,,,False,220.0,16.608695652173928,True,False,2026-03-08 04:56:03.820,30.0,120.0,False,False,False
australia_2026_R_00550,australia_2026_R,LAW,COL,2026-03-08 04:55:51.940,35,CLOSE_INTERACTION_NO_PASS,"valid close battle, no pairwise order change inside the horizon",98.63083333333225,4.201,-98.65472222221433,False,5.511111111111404,False,False,,,110.081,,,False,202.0,69.44000000000042,True,False,2026-03-08 04:56:21.940,30.0,120.0,False,False,False
australia_2026_R_00551,australia_2026_R,SAI,HAM,2026-03-08 04:56:07.180,35,LAPPED_UNLAPPED,pair separated by -5556 m of race distance at t0,90.20611111111111,3.281,-5555.880833333329,True,7.777777777778283,False,False,,,,,,False,117.0,112.28571428571406,True,False,2026-03-08 04:56:37.180,30.0,120.0,False,False,False
australia_2026_R_00552,australia_2026_R,BEA,LIN,2026-03-08 04:56:19.780,36,CLOSE_INTERACTION_NO_PASS,"valid close battle, no pairwise order change inside the horizon",99.31972222222203,5.8,-99.33416666666744,False,5.792222222222335,False,False,,,,,,False,224.0,44.24999999999882,True,False,2026-03-08 04:56:49.780,30.0,120.0,False,False,False
australia_2026_R_00553,australia_2026_R,NOR,BEA,2026-03-08 04:56:32.660,36,CLOSE_INTERACTION_NO_PASS,"valid close battle, no pairwise order change inside the horizon",96.05527777777888,19.84,-96.00416666668025,False,9.599999999999454,False,False,,,,119.522,,False,162.0,77.89342033714198,True,False,2026-03-08 04:57:02.660,30.0,120.0,False,False,False
australia_2026_R_00554,australia_2026_R,LAW,COL,2026-03-08 04:56:43.541,36,CLOSE_INTERACTION_NO_PASS,"valid close battle, no pairwise order change inside the horizon",99.66555555555544,5.2,-99.73583333333954,False,7.499999999999886,False,False,,,,116.161,,False,110.0,55.48888888888905,True,False,2026-03-08 04:57:13.541,30.0,120.0,False,False,False
australia_2026_R_00555,australia_2026_R,SAI,LAW,2026-03-08 04:56:45.780,36,CLOSE_INTERACTION_NO_PASS,"valid close battle, no pairwise order change inside the horizon",95.43611111111102,7.52,-95.11861111110193,False,11.377777777777737,False,False,,,86.401,,,False,105.0,152.7191245440332,True,False,2026-03-08 04:57:15.780,30.0,120.0,False,False,False
australia_2026_R_00556,australia_2026_R,BEA,LIN,2026-03-08 04:57:09.541,37,CLOSE_INTERACTION_NO_PASS,"valid close battle, no pairwise order change inside the horizon",96.1033333333337,81.08,-96.10888888887712,False,19.5452777777804,False,False,,,,,,False,209.0,11.170212765956867,True,False,2026-03-08 04:57:39.541,30.0,120.0,False,False,False
australia_2026_R_00557,australia_2026_R,PER,OCO,2026-03-08 04:57:12.061,36,LAPPED_UNLAPPED,pair separated by -5563 m of race distance at t0,97.875,5.76,-5563.1605555555725,True,6.199999999999989,False,False,,,,,,False,230.0,23.70000000000001,True,False,2026-03-08 04:57:42.061,30.0,120.0,False,False,False
australia_2026_R_00558,australia_2026_R,LAW,COL,2026-03-08 04:57:20.541,36,CLOSE_INTERACTION_NO_PASS,"valid close battle, no pairwise order change inside the horizon; the pair did swap 85.0 s after t0, outside it",99.42444444444754,78.761,-99.49472222221084,False,7.544444444444707,False,False,,,85.001,79.161,85.001,True,198.0,15.297872340424101,True,False,2026-03-08 04:57:50.541,30.0,120.0,False,False,False
australia_2026_R_00559,australia_2026_R,SAI,LAW,2026-03-08 04:57:31.981,36,CLOSE_INTERACTION_NO_PASS,"valid close battle, no pairwise order change inside the horizon",86.92527777777832,3.44,-86.60777777779731,False,10.266666666666879,False,False,,,40.2,,,False,109.0,141.89795918367335,True,False,2026-03-08 04:58:01.981,30.0,120.0,False,False,False
australia_2026_R_00560,australia_2026_R,GAS,OCO,2026-03-08 04:58:08.781,37,CLOSE_INTERACTION_NO_PASS,"valid close battle, no pairwise order change inside the horizon; the pair did swap 73.3 s after t0, outside it",11.106944444445162,72.441,-10.950277777767042,False,8.257222222223945,False,False,,,73.28,72.76,73.28,True,245.0,-13.511485451761871,True,False,2026-03-08 04:58:38.781,30.0,120.0,False,False,False
australia_2026_R_00561,australia_2026_R,COL,HAM,2026-03-08 04:58:08.781,37,LAPPED_UNLAPPED,pair separated by -5566 m of race distance at t0,98.86777777777809,3.761,-5565.713333333319,True,7.933333333333621,False,False,,,,,,False,106.0,155.322613578356,True,False,2026-03-08 04:58:38.781,30.0,120.0,False,False,False
australia_2026_R_00562,australia_2026_R,SAI,LAW,2026-03-08 04:58:09.861,37,CLOSE_INTERACTION_NO_PASS,"valid close battle, no pairwise order change inside the horizon",90.70305555555558,29.441,-90.87111111110426,False,17.222222222222285,False,False,,,,,,False,169.0,69.09302325581386,True,False,2026-03-08 04:58:39.861,30.0,120.0,False,False,False
australia_2026_R_00563,australia_2026_R,BOR,GAS,2026-03-08 04:58:11.661,37,CLOSE_INTERACTION_NO_PASS,"valid close battle, no pairwise order change inside the horizon",95.64972222222104,3.36,-95.77916666664532,False,11.911111111111495,False,False,,,55.321,,,False,91.0,173.0222222222228,True,False,2026-03-08 04:58:41.661,30.0,120.0,False,False,False
australia_2026_R_00564,australia_2026_R,NOR,LIN,2026-03-08 04:58:33.582,38,CLOSE_INTERACTION_NO_PASS,"valid close battle, no pairwise order change inside the horizon; the pair did swap 72.8 s after t0, outside it",99.44361111111073,72.0,-99.4197222222283,False,9.215555555555511,False,False,,,72.8,72.16,72.8,True,267.0,21.457142857142834,True,False,2026-03-08 04:59:03.582,30.0,120.0,False,False,False
australia_2026_R_00565,australia_2026_R,BEA,NOR,2026-03-08 04:58:33.582,38,CLOSE_INTERACTION_NO_PASS,"valid close battle, no pairwise order change inside the horizon",12.003888888889264,70.96,-12.029444444429828,False,18.0,False,False,,,,,,False,310.0,-29.742857142856987,True,False,2026-03-08 04:59:03.582,30.0,120.0,False,False,False
australia_2026_R_00566,australia_2026_R,SAI,COL,2026-03-08 04:58:39.702,37,ON_TRACK_PASS,race-distance ordering and target DriverAhead both show the swap,91.49027777777792,18.239,-91.4375,False,12.000000000000455,True,True,2026-03-08 04:58:58.381,18.679,18.679,18.679,18.679,False,300.0,,True,False,2026-03-08 04:59:09.702,30.0,120.0,False,False,False
australia_2026_R_00567,australia_2026_R,COL,LAW,2026-03-08 04:58:42.261,37,CLOSE_INTERACTION_NO_PASS,"valid close battle, no pairwise order change inside the horizon",10.423333333330447,15.68,-10.64416666663601,False,5.555555555555657,False,False,,,,,,False,301.0,-10.658328898348952,True,False,2026-03-08 04:59:12.261,30.0,120.0,False,False,False
australia_2026_R_00568,australia_2026_R,SAI,LAW,2026-03-08 04:59:08.221,37,CLOSE_INTERACTION_NO_PASS,"valid close battle, no pairwise order change inside the horizon",38.392777777776246,3.801,-38.56083333332208,False,4.547500000000582,False,False,,,,,,False,102.0,,True,False,2026-03-08 04:59:38.221,30.0,120.0,False,False,False
australia_2026_R_00569,australia_2026_R,COL,LAW,2026-03-08 04:59:12.782,37,CLOSE_INTERACTION_NO_PASS,"valid close battle, no pairwise order change inside the horizon",49.41444444443823,40.6,-49.63527777776471,False,10.801388888881462,False,False,,,,,,False,148.0,,True,False,2026-03-08 04:59:42.782,30.0,120.0,False,False,False
australia_2026_R_00570,australia_2026_R,SAI,COL,2026-03-08 04:59:19.142,37,UNCERTAIN,"only one of the two order-change signals fired (distance=True, driver_ahead=False)",10.126666666670644,63.879,-10.07388888890273,False,14.710555555553277,True,False,2026-03-08 04:59:37.301,18.159,18.159,63.679,63.679,True,274.0,-4.6246746486224115,True,False,2026-03-08 04:59:49.142,30.0,120.0,False,False,False
australia_2026_R_00571,australia_2026_R,BOR,OCO,2026-03-08 04:59:21.541,38,CLOSE_INTERACTION_NO_PASS,"valid close battle, no pairwise order change inside the horizon; the pair did swap 39.2 s after t0, outside it",38.043611111110295,39.841,-38.071944444440305,False,4.2930555555558385,False,False,,,39.201,39.201,39.201,True,302.0,,True,False,2026-03-08 04:59:51.541,30.0,120.0,False,False,False
australia_2026_R_00572,australia_2026_R,OCO,GAS,2026-03-08 04:59:23.101,38,ON_TRACK_PASS,race-distance ordering and target DriverAhead both show the swap,13.068055555558203,38.281,-13.0266666666721,False,9.364722222223172,True,True,2026-03-08 04:59:35.621,12.52,12.52,12.52,12.52,False,316.0,-27.10256410256534,True,False,2026-03-08 04:59:53.101,30.0,120.0,False,False,False
australia_2026_R_00573,australia_2026_R,LIN,NOR,2026-03-08 04:59:47.662,39,CLOSE_INTERACTION_NO_PASS,"valid close battle, no pairwise order change inside the horizon",12.468333333333362,35.159,-12.664166666654637,False,5.478055555556011,False,False,,,,,,False,237.0,-21.437500000000064,True,False,2026-03-08 05:00:17.662,30.0,120.0,False,False,False
australia_2026_R_00574,australia_2026_R,BEA,LIN,2026-03-08 04:59:47.662,39,CLOSE_INTERACTION_NO_PASS,"valid close battle, no pairwise order change inside the horizon; the pair did swap 86.2 s after t0, outside it",96.49277777777772,85.8,-96.64972222223878,False,15.84444444444432,False,False,,,85.8,86.16,86.16,True,216.0,48.69767441860474,True,False,2026-03-08 05:00:17.662,30.0,120.0,False,False,False
australia_2026_R_00575,australia_2026_R,BOR,GAS,2026-03-08 05:00:00.742,38,UNCERTAIN,"only one of the two order-change signals fired (distance=True, driver_ahead=False)",34.737222222220225,86.36,-289.9994444444601,False,10.202500000001997,True,False,2026-03-08 05:00:03.461,2.719,2.719,86.56,86.56,True,298.0,,True,False,2026-03-08 05:00:30.742,30.0,120.0,False,False,False
australia_2026_R_00576,australia_2026_R,OCO,BOR,2026-03-08 05:00:03.781,39,CLOSE_INTERACTION_NO_PASS,"valid close battle, no pairwise order change inside the horizon",10.816666666666691,83.321,-10.907500000001164,False,8.977777777777646,False,False,,,,,,False,271.0,-17.41304347826091,True,False,2026-03-08 05:00:33.781,30.0,120.0,False,False,False
australia_2026_R_00577,australia_2026_R,LIN,NOR,2026-03-08 05:00:25.102,39,CLOSE_INTERACTION_NO_PASS,"valid close battle, no pairwise order change inside the horizon",99.82416666666586,38.44,-100.02000000001863,False,11.488888888888141,False,False,,,,,,False,308.0,1.5541365907813713,True,False,2026-03-08 05:00:55.102,30.0,120.0,False,False,False
australia_2026_R_00578,australia_2026_R,SAI,COL,2026-03-08 05:00:29.581,38,CLOSE_INTERACTION_NO_PASS,"valid close battle, no pairwise order change inside the horizon",10.628611111108512,157.601,-10.829722222231794,False,10.028333333333904,False,False,,,,,,False,215.0,-18.420210105049488,True,False,2026-03-08 05:00:59.581,30.0,120.0,False,False,False
australia_2026_R_00579,australia_2026_R,ALB,LEC,2026-03-08 05:00:33.142,39,LAPPED_UNLAPPED,pair separated by -5563 m of race distance at t0,97.61555555555556,7.88,-5563.179444444424,True,7.022222222222155,False,False,,,,,,False,310.0,,True,False,2026-03-08 05:01:03.142,30.0,120.0,False,False,False
australia_2026_R_00580,australia_2026_R,BEA,LIN,2026-03-08 05:01:23.342,40,ON_TRACK_PASS,race-distance ordering and target DriverAhead both show the swap,12.062777777777455,13.44,-11.975555555545725,False,12.088888888889073,True,True,2026-03-08 05:01:37.022,13.68,13.68,13.68,13.68,False,297.0,-26.47631578947393,True,False,2026-03-08 05:01:53.342,30.0,120.0,False,False,False
australia_2026_R_00581,australia_2026_R,LIN,NOR,2026-03-08 05:01:25.342,40,CLOSE_INTERACTION_NO_PASS,"valid close battle, no pairwise order change inside the horizon",98.71027777777806,3.879,-98.74861111113569,False,18.04444444444448,False,False,,,,,,False,99.0,172.9199999999999,True,False,2026-03-08 05:01:55.342,30.0,120.0,False,False,False
australia_2026_R_00582,australia_2026_R,OCO,GAS,2026-03-08 05:01:27.302,40,CLOSE_INTERACTION_NO_PASS,"valid close battle, no pairwise order change inside the horizon",96.63138888888889,208.921,-96.16472222222365,False,13.512499999990212,False,False,,,,,,False,297.0,,True,False,2026-03-08 05:01:57.302,30.0,120.0,False,False,False
australia_2026_R_00583,australia_2026_R,GAS,BOR,2026-03-08 05:01:28.502,40,CLOSE_INTERACTION_NO_PASS,"valid close battle, no pairwise order change inside the horizon",10.04472222222222,78.68,-10.088888888887595,False,10.511111111111177,False,False,,,,,,False,285.0,-27.799999999999955,True,False,2026-03-08 05:01:58.502,30.0,120.0,False,False,False
australia_2026_R_00584,australia_2026_R,LIN,BEA,2026-03-08 05:01:45.822,40,ON_TRACK_PASS,race-distance ordering and target DriverAhead both show the swap,10.24222222222329,9.6,-10.329444444418186,False,2.7999999999992724,True,True,2026-03-08 05:01:55.662,9.84,9.84,9.84,9.84,False,238.0,-26.129032258065177,True,False,2026-03-08 05:02:15.822,30.0,120.0,False,False,False
australia_2026_R_00585,australia_2026_R,BEA,LIN,2026-03-08 05:01:56.782,40,ON_TRACK_PASS,race-distance ordering and target DriverAhead both show the swap,10.102499999999054,6.2,-10.01527777776937,False,5.833333333333485,True,True,2026-03-08 05:02:03.302,6.52,6.52,6.52,6.52,False,330.0,-28.39375000000018,True,False,2026-03-08 05:02:26.782,30.0,120.0,False,False,False
australia_2026_R_00586,australia_2026_R,COL,VER,2026-03-08 05:02:17.182,40,PIT_RELATED,attacker or target on a box lap at t0,10.71583333333328,33.24,-5476.221388888895,True,5.422222222222217,False,False,,,59.321,,,False,300.0,-12.92749999999988,False,False,2026-03-08 05:02:47.182,30.0,120.0,True,True,False
australia_2026_R_00587,australia_2026_R,GAS,BOR,2026-03-08 05:02:53.022,41,CLOSE_INTERACTION_NO_PASS,"valid close battle, no pairwise order change inside the horizon",98.325,32.0,-98.36527777777519,False,11.36666666666656,False,False,,,,,,False,287.0,25.591666666663144,True,False,2026-03-08 05:03:23.022,30.0,120.0,False,False,False
australia_2026_R_00588,australia_2026_R,COL,VER,2026-03-08 05:03:03.902,40,PIT_RELATED,attacker or target on a box lap at t0,99.64972222222423,12.321,-5565.155277777812,True,11.611111111110858,True,False,2026-03-08 05:03:16.503,12.600999999999999,12.600999999999999,,,False,268.0,25.71413986727875,False,False,2026-03-08 05:03:33.902,30.0,120.0,True,True,False
australia_2026_R_00589,australia_2026_R,SAI,VER,2026-03-08 05:03:17.302,40,PIT_RELATED,attacker or target on a box lap at t0,95.48888888889223,3.2,-5560.954722222261,True,7.444444444443434,True,True,2026-03-08 05:03:39.782,22.48,22.48,22.48,22.48,False,115.0,127.98623279098834,False,False,2026-03-08 05:03:47.302,30.0,120.0,True,True,True
australia_2026_R_00590,australia_2026_R,ALB,HAM,2026-03-08 05:03:26.862,41,LAPPED_UNLAPPED,pair separated by -5559 m of race distance at t0,93.69694444444445,3.84,-5559.4719444444345,True,9.099999999999966,False,False,,,,,,False,178.0,59.2173913043478,True,False,2026-03-08 05:03:56.862,30.0,120.0,False,False,False
australia_2026_R_00591,australia_2026_R,GAS,BOR,2026-03-08 05:03:38.502,41,CLOSE_INTERACTION_NO_PASS,"valid close battle, no pairwise order change inside the horizon",99.89638888889112,7.68,-99.93666666667559,False,6.311111111111131,False,False,,,,,,False,285.0,19.568181818181692,True,False,2026-03-08 05:04:08.502,30.0,120.0,False,False,False
australia_2026_R_00592,australia_2026_R,SAI,COL,2026-03-08 05:03:42.663,41,CLOSE_INTERACTION_NO_PASS,"valid close battle, no pairwise order change inside the horizon",29.930555555555557,379.16,-29.706666666665114,False,21.722222222222626,False,False,,,,,,False,312.0,215.44909431604566,True,False,2026-03-08 05:04:12.663,30.0,120.0,False,False,False
australia_2026_R_00593,australia_2026_R,LIN,BEA,2026-03-08 05:04:05.782,42,CLOSE_INTERACTION_NO_PASS,"valid close battle, no pairwise order change inside the horizon",87.26972222222221,25.36,-87.28388888889458,False,13.566666666666606,False,False,,,,,,False,244.0,52.056499999978016,True,False,2026-03-08 05:04:35.782,30.0,120.0,False,False,False
australia_2026_R_00594,australia_2026_R,GAS,BOR,2026-03-08 05:04:31.422,42,CLOSE_INTERACTION_NO_PASS,"valid close battle, no pairwise order change inside the horizon",89.90638888888861,6.56,-89.90083333331859,False,11.199999999999932,False,False,,,,,,False,113.0,135.61750911933314,True,False,2026-03-08 05:05:01.422,30.0,120.0,False,False,False
australia_2026_R_00595,australia_2026_R,OCO,GAS,2026-03-08 05:04:59.702,42,CLOSE_INTERACTION_NO_PASS,"valid close battle, no pairwise order change inside the horizon",99.95583333333207,10.601,-99.80111111109727,False,6.8983333333335395,False,False,,,,,,False,318.0,3.312499999998693,True,False,2026-03-08 05:05:29.702,30.0,120.0,False,False,False
australia_2026_R_00596,australia_2026_R,LIN,BEA,2026-03-08 05:05:03.463,42,CLOSE_INTERACTION_NO_PASS,"valid close battle, no pairwise order change inside the horizon",98.1550000000002,8.079,-98.1691666666593,False,10.5,False,False,,,,,,False,151.0,76.20930232558125,True,False,2026-03-08 05:05:33.463,30.0,120.0,False,False,False
australia_2026_R_00597,australia_2026_R,VER,NOR,2026-03-08 05:05:08.343,42,PIT_RELATED,attacker or target on a box lap at t0,93.38444444444394,4.079,-93.526666666643,False,10.133333333334122,False,False,,,110.48,,,False,88.0,115.11589580010778,False,False,2026-03-08 05:05:38.343,30.0,120.0,True,True,False
australia_2026_R_00598,australia_2026_R,GAS,BOR,2026-03-08 05:05:16.583,42,CLOSE_INTERACTION_NO_PASS,"valid close battle, no pairwise order change inside the horizon",96.11972222222221,3.84,-96.11416666666628,False,10.045000000000073,False,False,,,,,,False,116.0,135.06818181818176,True,False,2026-03-08 05:05:46.583,30.0,120.0,False,False,False
australia_2026_R_00599,australia_2026_R,OCO,GAS,2026-03-08 05:05:42.983,43,CLOSE_INTERACTION_NO_PASS,"valid close battle, no pairwise order change inside the horizon",60.05555555555555,143.56,-59.83111111109611,False,9.333333333333314,False,False,,,,,,False,298.0,90.9365000000049,True,False,2026-03-08 05:06:12.983,30.0,120.0,False,False,False
australia_2026_R_00600,australia_2026_R,LIN,BEA,2026-03-08 05:05:43.463,43,CLOSE_INTERACTION_NO_PASS,"valid close battle, no pairwise order change inside the horizon",98.47749999999974,6.84,-98.47555555557483,False,8.8888888888888,False,False,,,,,,False,118.0,122.76086956521756,True,False,2026-03-08 05:06:13.463,30.0,120.0,False,False,False
australia_2026_R_00601,australia_2026_R,VER,NOR,2026-03-08 05:06:20.543,43,CLOSE_INTERACTION_NO_PASS,"valid close battle, no pairwise order change inside the horizon",93.7924999999982,3.04,-93.82888888887828,False,12.300000000000182,False,False,,,,,,False,113.0,150.99891363389568,True,False,2026-03-08 05:06:50.543,30.0,120.0,False,False,False
australia_2026_R_00602,australia_2026_R,LIN,BEA,2026-03-08 05:06:40.223,43,CLOSE_INTERACTION_NO_PASS,"valid close battle, no pairwise order change inside the horizon",90.58805555555409,3.48,-90.58611111110076,False,6.222222222222626,False,False,,,,,,False,92.0,87.90643274853784,True,False,2026-03-08 05:07:10.223,30.0,120.0,False,False,False
australia_2026_R_00603,australia_2026_R,VER,NOR,2026-03-08 05:06:57.743,44,CLOSE_INTERACTION_NO_PASS,"valid close battle, no pairwise order change inside the horizon; the pair did swap 84.9 s after t0, outside it",93.45083333333332,10.32,-93.40444444445893,False,11.1388888888888,False,False,,,84.48,84.88,84.88,True,137.0,92.12499999999999,True,False,2026-03-08 05:07:27.743,30.0,120.0,False,False,False
australia_2026_R_00604,australia_2026_R,PER,LEC,2026-03-08 05:07:26.783,43,PIT_RELATED,attacker or target on a box lap at t0,11.26222222222222,23.76,-10942.464444444457,True,8.800000000000068,False,False,,,,,,False,307.0,,False,False,2026-03-08 05:07:56.783,30.0,120.0,True,True,False
australia_2026_R_00605,australia_2026_R,VER,NOR,2026-03-08 05:07:32.103,44,CLOSE_INTERACTION_NO_PASS,"valid close battle, no pairwise order change inside the horizon; the pair did swap 50.5 s after t0, outside it",97.01666666666597,3.08,-96.97027777778567,False,2.099999999999909,False,False,,,50.12,50.52,50.52,True,216.0,63.96833333333597,True,False,2026-03-08 05:08:02.103,30.0,120.0,False,False,False
australia_2026_R_00606,australia_2026_R,OCO,GAS,2026-03-08 05:08:08.623,44,CLOSE_INTERACTION_NO_PASS,"valid close battle, no pairwise order change inside the horizon",98.69972222222304,4.36,-98.52416666666977,False,8.266666666666879,False,False,,,,,,False,127.0,4.978260869565732,True,False,2026-03-08 05:08:38.623,30.0,120.0,False,False,False
australia_2026_R_00607,australia_2026_R,VER,NOR,2026-03-08 05:08:09.143,45,ON_TRACK_PASS,race-distance ordering and target DriverAhead both show the swap,99.45250000000001,56.96,-99.53694444443681,False,16.800000000000182,True,True,2026-03-08 05:08:22.623,13.48,13.48,13.48,13.48,False,204.0,41.840909090909136,True,False,2026-03-08 05:08:39.143,30.0,120.0,False,False,False
australia_2026_R_00608,australia_2026_R,LIN,BEA,2026-03-08 05:08:33.103,45,CLOSE_INTERACTION_NO_PASS,"valid close battle, no pairwise order change inside the horizon",94.93472222222249,5.601,-94.89777777777635,False,8.533333333333303,False,False,,,,,,False,100.0,153.16072378924923,True,False,2026-03-08 05:09:03.103,30.0,120.0,False,False,False
australia_2026_R_00609,australia_2026_R,OCO,RUS,2026-03-08 05:08:34.743,45,LAPPED_UNLAPPED,pair separated by -5533 m of race distance at t0,67.52444444444444,25.72,-5532.99888888892,True,8.555555555555543,False,False,,,,,,False,313.0,,True,False,2026-03-08 05:09:04.743,30.0,120.0,False,False,False
australia_2026_R_00610,australia_2026_R,VER,NOR,2026-03-08 05:09:09.183,45,ON_TRACK_PASS,race-distance ordering and target DriverAhead both show the swap,10.32611111110873,7.32,-10.410555555543397,False,22.555555555554747,True,True,2026-03-08 05:09:16.824,7.641,7.641,7.641,7.641,False,181.0,-39.89999999999645,True,False,2026-03-08 05:09:39.183,30.0,120.0,False,False,False
australia_2026_R_00611,australia_2026_R,OCO,GAS,2026-03-08 05:09:19.903,45,CLOSE_INTERACTION_NO_PASS,"valid close battle, no pairwise order change inside the horizon",98.56250000000045,119.401,-98.65805555554107,False,13.03250000000071,False,False,,,,,,False,286.0,41.501903208264636,True,False,2026-03-08 05:09:49.903,30.0,120.0,False,False,False
australia_2026_R_00612,australia_2026_R,SAI,COL,2026-03-08 05:10:12.384,45,PIT_RELATED,attacker or target on a box lap at t0,99.73972222222301,7.2,-99.72861111111706,False,6.84444444444398,False,False,,,,,,False,303.0,9.437499999998238,False,False,2026-03-08 05:10:42.384,30.0,120.0,True,True,False
australia_2026_R_00613,australia_2026_R,GAS,RUS,2026-03-08 05:10:14.063,46,LAPPED_UNLAPPED,pair separated by -5553 m of race distance at t0,87.65472222222274,5.521,-5553.198611111118,True,11.244444444444412,False,False,,,,,,False,106.0,145.22989874925486,True,False,2026-03-08 05:10:44.063,30.0,120.0,False,False,False
australia_2026_R_00614,australia_2026_R,GAS,RUS,2026-03-08 05:10:58.904,46,LAPPED_UNLAPPED,pair separated by -5563 m of race distance at t0,97.69250000000102,3.6,-5563.236388888879,True,18.5,False,False,,,,,,False,108.0,180.28888888888923,True,False,2026-03-08 05:11:28.904,30.0,120.0,False,False,False
australia_2026_R_00615,australia_2026_R,LIN,BEA,2026-03-08 05:11:22.744,47,CLOSE_INTERACTION_NO_PASS,"valid close battle, no pairwise order change inside the horizon",94.33972222222155,3.72,-94.30500000002212,False,6.6111111111111995,False,False,,,,,,False,88.0,172.6251993620422,True,False,2026-03-08 05:11:52.744,30.0,120.0,False,False,False
australia_2026_R_00616,australia_2026_R,OCO,ANT,2026-03-08 05:11:28.143,47,LAPPED_UNLAPPED,pair separated by -5476 m of race distance at t0,11.201666666666654,32.84,-5476.353888888902,True,8.523611111110995,False,False,,,,,,False,304.0,-27.909935668334494,True,False,2026-03-08 05:11:58.143,30.0,120.0,False,False,False
australia_2026_R_00617,australia_2026_R,OCO,GAS,2026-03-08 05:12:15.144,47,CLOSE_INTERACTION_NO_PASS,"valid close battle, no pairwise order change inside the horizon",94.02638888888987,75.64,-93.74638888888876,False,16.33333333333337,False,False,,,,,,False,192.0,89.09829545454315,True,False,2026-03-08 05:12:45.144,30.0,120.0,False,False,False
australia_2026_R_00618,australia_2026_R,LIN,BEA,2026-03-08 05:12:18.824,47,CLOSE_INTERACTION_NO_PASS,"valid close battle, no pairwise order change inside the horizon",94.18249999999534,3.0,-94.14777777774725,False,10.33333333333303,False,False,,,,,,False,85.0,115.64583333333532,True,False,2026-03-08 05:12:48.824,30.0,120.0,False,False,False
australia_2026_R_00619,australia_2026_R,SAI,OCO,2026-03-08 05:12:53.544,47,LAPPED_UNLAPPED,pair separated by -5555 m of race distance at t0,89.09555555555556,68.2,-5554.575555555581,True,8.355555555555554,False,False,,,,,,False,306.0,,True,False,2026-03-08 05:13:23.544,30.0,120.0,False,False,False
australia_2026_R_00620,australia_2026_R,GAS,ANT,2026-03-08 05:13:05.744,48,LAPPED_UNLAPPED,pair separated by -5561 m of race distance at t0,95.91083333333336,3.76,-5561.38555555552,True,7.466666666666697,False,False,,,,,,False,101.0,129.63265306122432,True,False,2026-03-08 05:13:35.744,30.0,120.0,False,False,False
australia_2026_R_00621,australia_2026_R,GAS,ANT,2026-03-08 05:13:50.024,48,LAPPED_UNLAPPED,pair separated by -5562 m of race distance at t0,96.72944444444556,4.441,-5562.204166666663,True,13.688888888888869,False,False,,,,,,False,117.0,143.46982055464886,True,False,2026-03-08 05:14:20.024,30.0,120.0,False,False,False
australia_2026_R_00622,australia_2026_R,PER,VER,2026-03-08 05:13:54.065,47,LAPPED_UNLAPPED,pair separated by -11020 m of race distance at t0,88.57694444444462,5.8,-11019.617222222209,True,6.755555555555588,False,False,,,,,,False,98.0,128.28392958546286,True,False,2026-03-08 05:14:24.065,30.0,120.0,False,False,False
australia_2026_R_00623,australia_2026_R,COL,BOR,2026-03-08 05:14:03.104,48,LAPPED_UNLAPPED,pair separated by -5531 m of race distance at t0,65.55666666666667,45.64,-5530.946111111058,True,5.394999999999982,False,False,,,45.96,45.96,45.96,True,300.0,,True,False,2026-03-08 05:14:33.104,30.0,120.0,False,False,False
australia_2026_R_00624,australia_2026_R,OCO,GAS,2026-03-08 05:14:18.184,49,CLOSE_INTERACTION_NO_PASS,"valid close battle, no pairwise order change inside the horizon",99.25111111111116,122.481,-99.2324999999837,False,11.855555555555583,False,False,,,,,,False,301.0,120.25051020408569,True,False,2026-03-08 05:14:48.184,30.0,120.0,False,False,False
australia_2026_R_00625,australia_2026_R,BOR,COL,2026-03-08 05:14:49.944,49,LAPPED_UNLAPPED,pair separated by 5455 m of race distance at t0,10.574722222220316,36.321,5454.814722222189,True,7.215277777777374,False,False,,,,,,False,277.0,-37.954545454543805,True,False,2026-03-08 05:15:19.944,30.0,120.0,False,False,False
australia_2026_R_00626,australia_2026_R,HAM,LEC,2026-03-08 05:15:33.945,50,CLOSE_INTERACTION_NO_PASS,"valid close battle, no pairwise order change inside the horizon",95.56055555555395,3.159,-95.4741666666232,False,9.066666666666606,False,False,,,,,,False,90.0,116.60975609756107,True,False,2026-03-08 05:16:03.945,30.0,120.0,False,False,False
australia_2026_R_00627,australia_2026_R,COL,LIN,2026-03-08 05:15:40.105,49,LAPPED_UNLAPPED,pair separated by -5557 m of race distance at t0,91.90666666666675,5.52,-5557.478888888902,True,6.6666666666667425,False,False,,,,,,False,88.0,166.6581605528971,True,False,2026-03-08 05:16:10.105,30.0,120.0,False,False,False
australia_2026_R_00628,australia_2026_R,LAW,ALB,2026-03-08 05:15:55.705,49,CLOSE_INTERACTION_NO_PASS,"valid close battle, no pairwise order change inside the horizon",96.84333333333234,3.88,-96.95166666666046,False,6.300000000000182,False,False,,,,,,False,103.0,77.17391304347629,True,False,2026-03-08 05:16:25.705,30.0,120.0,False,False,False
australia_2026_R_00629,australia_2026_R,COL,LIN,2026-03-08 05:16:23.864,49,LAPPED_UNLAPPED,pair separated by -5563 m of race distance at t0,97.90777777777885,20.441,-5563.48000000004,True,9.799999999999727,False,False,,,,,,False,129.0,85.89216231239713,True,False,2026-03-08 05:16:53.864,30.0,120.0,False,False,False
australia_2026_R_00630,australia_2026_R,LAW,ALB,2026-03-08 05:16:38.425,50,CLOSE_INTERACTION_NO_PASS,"valid close battle, no pairwise order change inside the horizon",96.6711111111124,5.199,-96.8038888889132,False,15.111111111110858,False,False,,,,,,False,207.0,22.66579906298783,True,False,2026-03-08 05:17:08.425,30.0,120.0,False,False,False
australia_2026_R_00631,australia_2026_R,COL,LIN,2026-03-08 05:17:02.545,50,LAPPED_UNLAPPED,pair separated by -5556 m of race distance at t0,90.78138888888861,21.92,-5556.3891666666605,True,10.899999999999864,False,False,,,,,,False,164.0,51.790697674419725,True,False,2026-03-08 05:17:32.545,30.0,120.0,False,False,False
australia_2026_R_00632,australia_2026_R,HAM,LEC,2026-03-08 05:17:24.745,52,CLOSE_INTERACTION_NO_PASS,"valid close battle, no pairwise order change inside the horizon",92.41611111111092,3.12,-92.47388888889691,False,19.200000000000045,False,False,,,,,,False,90.0,168.32031249999986,True,False,2026-03-08 05:17:54.745,30.0,120.0,False,False,False
australia_2026_R_00633,australia_2026_R,COL,LIN,2026-03-08 05:17:33.065,50,LAPPED_UNLAPPED,pair separated by -5565 m of race distance at t0,99.51777777777852,125.001,-5565.125555555569,True,19.762500000005545,False,False,,,,,,False,310.0,8.166666666666346,True,False,2026-03-08 05:18:03.065,30.0,120.0,False,False,False
australia_2026_R_00634,australia_2026_R,BOR,RUS,2026-03-08 05:18:19.505,52,LAPPED_UNLAPPED,pair separated by -5562 m of race distance at t0,96.38277777777782,3.761,-5561.978888888843,True,8.80000000000004,False,False,,,,,,False,174.0,41.574468085106325,True,False,2026-03-08 05:18:49.505,30.0,120.0,False,False,False
australia_2026_R_00635,australia_2026_R,OCO,GAS,2026-03-08 05:18:21.185,51,CLOSE_INTERACTION_NO_PASS,"valid close battle, no pairwise order change inside the horizon",91.98333333333176,5.6,-92.05833333334886,False,12.555555555556566,False,False,,,,,,False,87.0,96.69047619047626,True,False,2026-03-08 05:18:51.185,30.0,120.0,False,False,False
australia_2026_R_00636,australia_2026_R,BOR,RUS,2026-03-08 05:19:27.105,52,LAPPED_UNLAPPED,pair separated by -5559 m of race distance at t0,92.96194444444336,4.001,-5558.558055555506,True,7.399999999999636,False,False,,,,,,False,88.0,101.83673469387904,True,False,2026-03-08 05:19:57.105,30.0,120.0,False,False,False
australia_2026_R_00637,australia_2026_R,OCO,GAS,2026-03-08 05:19:35.946,52,CLOSE_INTERACTION_NO_PASS,"valid close battle, no pairwise order change inside the horizon",98.10666666666839,19.04,-97.97527777776122,False,12.266666666666424,False,False,,,,,,False,120.0,65.73514714047829,True,False,2026-03-08 05:20:05.946,30.0,120.0,False,False,False
australia_2026_R_00638,australia_2026_R,COL,LIN,2026-03-08 05:19:40.865,52,LAPPED_UNLAPPED,pair separated by -5562 m of race distance at t0,96.46416666666667,4.92,-5561.9824999999255,True,12.80000000000004,False,False,,,106.841,,,False,183.0,23.68888888888887,True,False,2026-03-08 05:20:10.865,30.0,120.0,False,False,False
australia_2026_R_00639,australia_2026_R,HAM,LEC,2026-03-08 05:20:11.106,54,CLOSE_INTERACTION_NO_PASS,"valid close battle, no pairwise order change inside the horizon",98.94583333333344,3.039,-98.99416666670004,False,6.466666666666811,False,False,,,,,,False,96.0,161.27999999999983,True,False,2026-03-08 05:20:41.106,30.0,120.0,False,False,False
australia_2026_R_00640,australia_2026_R,COL,LIN,2026-03-08 05:20:24.626,52,LAPPED_UNLAPPED,pair separated by -5563 m of race distance at t0,97.77999999999975,40.24,-5563.298333333281,True,21.811388888888576,False,False,,,63.08,,,False,244.0,64.06382978723354,True,False,2026-03-08 05:20:54.626,30.0,120.0,False,False,False
australia_2026_R_00641,australia_2026_R,VER,NOR,2026-03-08 05:20:34.105,54,CLOSE_INTERACTION_NO_PASS,"valid close battle, no pairwise order change inside the horizon",92.22583333333333,7.321,-92.0797222222318,False,9.111111111111143,False,False,,,,,,False,203.0,50.65217391304348,True,False,2026-03-08 05:21:04.105,30.0,120.0,False,False,False
australia_2026_R_00642,australia_2026_R,GAS,HAM,2026-03-08 05:20:58.426,53,LAPPED_UNLAPPED,pair separated by -5564 m of race distance at t0,98.76388888888778,3.08,-5564.231388888904,True,12.682222222222208,False,False,,,,,,False,118.0,171.7916666666642,True,False,2026-03-08 05:21:28.426,30.0,120.0,False,False,False
australia_2026_R_00643,australia_2026_R,HAM,LEC,2026-03-08 05:21:05.386,54,CLOSE_INTERACTION_NO_PASS,"valid close battle, no pairwise order change inside the horizon",99.63500000000204,4.08,-99.68333333334886,False,8.17777777777792,False,False,,,,,,False,99.0,82.3541666666671,True,False,2026-03-08 05:21:35.386,30.0,120.0,False,False,False
australia_2026_R_00644,australia_2026_R,BOR,ANT,2026-03-08 05:21:09.146,54,LAPPED_UNLAPPED,pair separated by -5563 m of race distance at t0,97.3783333333333,6.12,-5562.856111111178,True,14.16166666666669,False,False,,,,,,False,241.0,15.976744186046556,True,False,2026-03-08 05:21:39.146,30.0,120.0,False,False,False
australia_2026_R_00645,australia_2026_R,OCO,GAS,2026-03-08 05:21:24.946,54,CLOSE_INTERACTION_NO_PASS,"valid close battle, no pairwise order change inside the horizon",54.026666666666664,111.56,-53.96222222218057,False,11.777777777777715,False,False,,,,,,False,295.0,153.04130434783113,True,False,2026-03-08 05:21:54.946,30.0,120.0,False,False,False
australia_2026_R_00646,australia_2026_R,VER,NOR,2026-03-08 05:21:30.306,54,CLOSE_INTERACTION_NO_PASS,"valid close battle, no pairwise order change inside the horizon",97.2788888888922,4.52,-97.13277777779149,False,18.40000000000009,False,False,,,,,,False,132.0,89.69387755101985,True,False,2026-03-08 05:22:00.306,30.0,120.0,False,False,False
australia_2026_R_00647,australia_2026_R,BOR,LIN,2026-03-08 05:21:36.106,54,CLOSE_INTERACTION_NO_PASS,"valid close battle, no pairwise order change inside the horizon",99.18555555555508,156.161,-99.1155555555597,False,18.844444444444434,False,False,,,55.76,,,False,197.0,54.51851851851794,True,False,2026-03-08 05:22:06.106,30.0,120.0,False,False,False
australia_2026_R_00648,australia_2026_R,VER,NOR,2026-03-08 05:22:07.866,55,CLOSE_INTERACTION_NO_PASS,"valid close battle, no pairwise order change inside the horizon",98.33111111111157,11.88,-98.24166666669771,False,13.900000000000091,False,False,,,,,,False,175.0,51.547395833332956,True,False,2026-03-08 05:22:37.866,30.0,120.0,False,False,False
australia_2026_R_00649,australia_2026_R,COL,ANT,2026-03-08 05:22:33.426,54,LAPPED_UNLAPPED,pair separated by -11024 m of race distance at t0,93.35277777777793,3.04,-11024.407222222246,True,7.088888888888903,False,False,,,,,,False,164.0,84.92765957446785,True,False,2026-03-08 05:23:03.426,30.0,120.0,False,False,False
australia_2026_R_00650,australia_2026_R,VER,NOR,2026-03-08 05:22:53.506,55,CLOSE_INTERACTION_NO_PASS,"valid close battle, no pairwise order change inside the horizon",89.0041666666657,4.6,-88.91472222225275,False,11.599999999999909,False,False,,,,,,False,123.0,115.44555555555598,True,False,2026-03-08 05:23:23.506,30.0,120.0,False,False,False
australia_2026_R_00651,australia_2026_R,HAM,LEC,2026-03-08 05:22:55.346,56,CLOSE_INTERACTION_NO_PASS,"valid close battle, no pairwise order change inside the horizon",99.46277777777732,7.84,-99.54111111111706,False,10.066666666666606,False,False,,,,,,False,117.0,114.50000000000027,True,False,2026-03-08 05:23:25.346,30.0,120.0,False,False,False
australia_2026_R_00652,australia_2026_R,OCO,GAS,2026-03-08 05:23:19.827,55,CLOSE_INTERACTION_NO_PASS,"valid close battle, no pairwise order change inside the horizon",96.33388888888953,3.159,-95.72222222218988,False,6.400000000000091,False,False,,,,,,False,193.0,30.014196479273306,True,False,2026-03-08 05:23:49.827,30.0,120.0,False,False,False
australia_2026_R_00653,australia_2026_R,VER,NOR,2026-03-08 05:23:31.706,56,CLOSE_INTERACTION_NO_PASS,"valid close battle, no pairwise order change inside the horizon",96.77166666666687,6.64,-96.86444444442168,False,16.799999999999955,False,False,,,,,,False,121.0,112.20000000000007,True,False,2026-03-08 05:24:01.706,30.0,120.0,False,False,False
australia_2026_R_00654,australia_2026_R,HAM,LEC,2026-03-08 05:23:39.667,56,CLOSE_INTERACTION_NO_PASS,"valid close battle, no pairwise order change inside the horizon",90.90833333332967,20.84,-90.98666666669305,False,14.599999999999909,False,False,,,,,,False,143.0,85.19211549139273,True,False,2026-03-08 05:24:09.667,30.0,120.0,False,False,False
australia_2026_R_00655,australia_2026_R,OCO,GAS,2026-03-08 05:24:14.786,56,CLOSE_INTERACTION_NO_PASS,"valid close battle, no pairwise order change inside the horizon",85.19083333333334,48.56,-85.29027777782176,False,9.044444444444252,False,False,,,,,,False,301.0,135.96775986660893,True,False,2026-03-08 05:24:44.786,30.0,120.0,False,False,False
australia_2026_R_00656,australia_2026_R,VER,NOR,2026-03-08 05:24:16.786,56,CLOSE_INTERACTION_NO_PASS,"valid close battle, no pairwise order change inside the horizon",96.86111111111131,3.401,-96.95388888887828,False,13.500000000000455,False,False,,,,,,False,117.0,135.35999999999967,True,False,2026-03-08 05:24:46.786,30.0,120.0,False,False,False
australia_2026_R_00657,australia_2026_R,HAM,LEC,2026-03-08 05:24:17.786,57,CLOSE_INTERACTION_NO_PASS,"valid close battle, no pairwise order change inside the horizon",96.11888888888893,9.361,-95.84555555554107,False,10.849722222222226,False,False,,,,,,False,150.0,60.73913043478247,True,False,2026-03-08 05:24:47.786,30.0,120.0,False,False,False
australia_2026_R_00658,australia_2026_R,BOR,LIN,2026-03-08 05:24:20.027,56,ON_TRACK_PASS,race-distance ordering and target DriverAhead both show the swap,10.821944444444398,37.079,-11.54416666663019,False,7.199999999999818,True,True,2026-03-08 05:24:27.866,7.839,7.839,7.839,7.839,False,210.0,-31.142857142856343,True,False,2026-03-08 05:24:50.027,30.0,120.0,False,False,False
australia_2026_R_00659,australia_2026_R,VER,NOR,2026-03-08 05:24:54.786,57,CLOSE_INTERACTION_NO_PASS,"valid close battle, no pairwise order change inside the horizon",98.04222222222211,7.48,-98.01111111114733,False,16.799999999999955,False,False,,,,,,False,118.0,136.78792822186006,True,False,2026-03-08 05:25:24.786,30.0,120.0,False,False,False
australia_2026_R_00660,australia_2026_R,BOR,LIN,2026-03-08 05:25:02.066,56,ON_TRACK_PASS,race-distance ordering and target DriverAhead both show the swap,10.77944444444529,5.121,-11.501666666648816,False,2.992500000000291,True,True,2026-03-08 05:25:07.667,5.601,5.601,5.601,5.601,False,206.0,-29.962962962963502,True,False,2026-03-08 05:25:32.066,30.0,120.0,False,False,False
australia_2026_R_00661,australia_2026_R,HAM,LEC,2026-03-08 05:25:02.746,57,CLOSE_INTERACTION_NO_PASS,"valid close battle, no pairwise order change inside the horizon",87.16472222221955,18.321,-86.89138888887828,False,6.611111111111313,False,False,,,,83.761,,False,142.0,76.85442721360761,True,False,2026-03-08 05:25:32.746,30.0,120.0,False,False,False
australia_2026_R_00662,australia_2026_R,LIN,BOR,2026-03-08 05:25:08.266,56,ON_TRACK_PASS,race-distance ordering and target DriverAhead both show the swap,12.741388888885922,7.12,-12.019166666665114,False,5.200000000000728,True,True,2026-03-08 05:25:15.866,7.6,7.6,7.6,7.6,False,160.0,-58.383973288822176,True,False,2026-03-08 05:25:38.266,30.0,120.0,False,False,False
australia_2026_R_00663,australia_2026_R,PER,BEA,2026-03-08 05:25:12.667,55,LAPPED_UNLAPPED,pair separated by -11007 m of race distance at t0,76.12527777777777,10.719,-11007.238888888853,True,7.333333333333314,False,False,,,,,,False,307.0,,True,False,2026-03-08 05:25:42.667,30.0,120.0,False,False,False
australia_2026_R_00664,australia_2026_R,BEA,RUS,2026-03-08 05:25:14.467,57,LAPPED_UNLAPPED,pair separated by -5560 m of race distance at t0,94.29611111111103,3.0,-5559.975555555546,True,5.599999999999909,False,False,,,,,,False,185.0,40.510204081632736,True,False,2026-03-08 05:25:44.467,30.0,120.0,False,False,False
australia_2026_R_00665,australia_2026_R,OCO,GAS,2026-03-08 05:25:14.467,56,CLOSE_INTERACTION_NO_PASS,"valid close battle, no pairwise order change inside the horizon",95.44638888888858,4.04,-95.54583333333721,False,6.509999999999309,False,False,,,,,,False,128.0,63.75510204081569,True,False,2026-03-08 05:25:44.467,30.0,120.0,False,False,False
australia_2026_R_00666,australia_2026_R,LAW,ALB,2026-03-08 05:25:38.107,56,CLOSE_INTERACTION_NO_PASS,"valid close battle, no pairwise order change inside the horizon",93.31944444444207,27.88,-93.2855555555434,False,13.699999999999818,False,False,,,,,,False,159.0,73.47196002221096,True,False,2026-03-08 05:26:08.107,30.0,120.0,False,False,False
australia_2026_R_00667,australia_2026_R,VER,NOR,2026-03-08 05:25:39.747,57,CLOSE_INTERACTION_NO_PASS,"valid close battle, no pairwise order change inside the horizon",98.12527777777677,4.6,-98.09416666667676,False,13.900000000000091,False,False,,,,,,False,125.0,125.1800000000013,True,False,2026-03-08 05:26:09.747,30.0,120.0,False,False,False
australia_2026_R_00668,australia_2026_R,ALB,NOR,2026-03-08 05:26:03.547,57,LAPPED_UNLAPPED,pair separated by -5559 m of race distance at t0,93.57916666666665,7.52,-5559.115833333344,True,8.300000000000011,False,False,,,,,,False,301.0,,True,False,2026-03-08 05:26:33.547,30.0,120.0,False,False,False
australia_2026_R_00669,australia_2026_R,LAW,VER,2026-03-08 05:26:10.307,57,LAPPED_UNLAPPED,pair separated by -5476 m of race distance at t0,10.722222222222115,9.68,-5476.167777777824,True,5.333333333333371,False,False,,,,,,False,153.0,-7.57551020408146,True,False,2026-03-08 05:26:40.307,30.0,120.0,False,False,False
australia_2026_R_00670,australia_2026_R,VER,NOR,2026-03-08 05:26:18.907,58,CLOSE_INTERACTION_NO_PASS,"valid close battle, no pairwise order change inside the horizon",91.82944444444479,3.839,-91.67166666663252,False,9.333333333333258,False,False,,,,,,False,102.0,143.38461538461485,True,False,2026-03-08 05:26:48.907,30.0,120.0,False,False,False
australia_2026_R_00671,australia_2026_R,LAW,ALB,2026-03-08 05:26:20.387,57,CLOSE_INTERACTION_NO_PASS,"valid close battle, no pairwise order change inside the horizon",25.86527777777826,69.04,-25.616388888855,False,10.0,False,False,,,,,,False,116.0,,True,False,2026-03-08 05:26:50.387,30.0,120.0,False,False,False
australia_2026_R_00672,australia_2026_R,OCO,GAS,2026-03-08 05:26:21.107,57,CLOSE_INTERACTION_NO_PASS,"valid close battle, no pairwise order change inside the horizon",99.6513888888876,5.76,-99.64944444445428,False,2.9333333333338487,False,False,,,,,,False,317.0,4.76744186046427,True,False,2026-03-08 05:26:51.107,30.0,120.0,False,False,False
australia_2026_R_00673,australia_2026_R,HAM,LEC,2026-03-08 05:26:30.387,58,RETIREMENT_RELATED,target telemetry ends inside the outcome window,10.940833333331284,18.32,-11.191944444435649,False,4.217499999999745,False,False,,,,,,False,202.0,-18.620555555557075,True,True,2026-03-08 05:27:00.387,30.0,120.0,False,False,False
