event_id,race_id,year,circuit,attacker,target,target_number,event_start_time,event_end_time,event_duration_s,in_band_duration_s,horizon_end_time,horizon_s_effective,event_start_lap,n_samples_in_episode,gap_at_start_m,gap_at_start_s_crude_audit,gap_min_in_episode_m,attacker_speed_at_start_kmh,target_speed_same_time_kmh_audit,relative_speed_same_time_kmh_audit,closing_speed_v1_kmh_audit,closing_speed_v1_window_s_audit,closing_speed_v1_available_audit,attacker_position,target_position,track_distance_at_start_m,zone_id,distance_to_next_corner_m,distance_to_next_straight_m,compound,tyre_age,stint,EstimatedEnergyIndex,LookaheadDeployProxy,LookaheadHarvestProxy,LookaheadCoveredM,lookahead_truncated,TrackStatus,freeze_flag,event_type,overtake_success,actual_swap_delay_s,pass_after_horizon,attacker_PositionChange_audit,target_speed_at_attacker_position_kmh,relative_speed_same_position_kmh,spatial_time_gap_s,spatial_alignment_ok,spatial_alignment_lag_raw_s,closing_speed_at_start_kmh,closing_speed_n_samples,closing_speed_available,closing_speed_window_s,zone_type,track_position_frac,circuit_length_m,corner_count,longest_straight_m,n_long_straights_over_500m,pair_id,cluster_id,reciprocal_event_id,window_crosses_start_finish,detector_version
australia_2026_R_00001,australia_2026_R,2026,Australian Grand Prix,RUS,LEC,16,2026-03-08 04:04:59.732,2026-03-08 04:05:41.132,41.4,35.68,2026-03-08 04:05:29.732,30.0,2,134,58.44805555555557,0.7132644067796612,12.491111111111877,295.0,282.0,13.0,,,False,1.0,2.0,35.61888888888889,straight_01,288.2648516581183,431.0814476666789,MEDIUM,2.0,1.0,0.9226286429944075,15958.729875332187,99495.19053575171,400.0,False,1,False,CLOSE_INTERACTION_NO_PASS,0.0,41.64,True,-1.0,282.0,13.0,0.74784,True,0.74784,18.503373670700054,11,True,3.0,straight,0.006517034614059285,5465.505555555557,14,941.9556898886449,3,australia_2026_R|LEC|RUS,australia_2026_R|L2|australia_2026_R|LEC|RUS,,False,v4_t0_anchored_30s_horizon
australia_2026_R_00002,australia_2026_R,2026,Australian Grand Prix,HAD,HAM,44,2026-03-08 04:05:03.132,2026-03-08 04:05:40.412,37.28,37.28,2026-03-08 04:05:33.132,30.0,2,141,62.8736111111111,0.7445559210526315,27.672222222222445,304.0,298.0,6.0,-32.318229166665965,1.92,True,4.0,3.0,40.90333333333332,straight_01,282.98040721367386,425.7970032222345,MEDIUM,2.0,1.0,0.9612949582109559,15778.548170598024,99480.50111966881,400.0,False,1,False,CLOSE_INTERACTION_NO_PASS,0.0,,False,0.0,293.0,11.0,0.765969,True,0.765969,23.67157061437537,11,True,3.0,straight,0.007483906642772698,5465.505555555557,14,941.9556898886449,3,australia_2026_R|HAD|HAM,australia_2026_R|L2|australia_2026_R|HAD|HAM,,False,v4_t0_anchored_30s_horizon
australia_2026_R_00003,australia_2026_R,2026,Australian Grand Prix,NOR,LIN,41,2026-03-08 04:05:03.372,2026-03-08 04:05:19.292,15.92,14.84,2026-03-08 04:05:33.372,30.0,2,54,28.305,0.34193959731543627,11.805555555555543,298.0,282.0,16.0,,,False,6.0,5.0,25.133333333333333,straight_01,298.75040721367384,441.56700322223446,MEDIUM,2.0,1.0,0.9666518485396527,16316.251899633342,99524.3377223737,400.0,False,1,False,ON_TRACK_PASS,1.0,16.16,False,0.0,282.0,16.0,0.369219,True,0.369219,-1.4017567893363305,11,True,3.0,straight,0.004598537697539415,5465.505555555557,14,941.9556898886449,3,australia_2026_R|LIN|NOR,australia_2026_R|L2|australia_2026_R|LIN|NOR,,False,v4_t0_anchored_30s_horizon
australia_2026_R_00004,australia_2026_R,2026,Australian Grand Prix,LIN,HAD,6,2026-03-08 04:05:03.772,2026-03-08 04:05:19.292,15.52,15.52,2026-03-08 04:05:33.772,30.0,2,57,10.25500000000001,0.1309148936170214,10.25500000000001,282.0,308.0,-26.0,-25.62500000000009,0.64,True,5.0,4.0,85.38888888888887,straight_01,238.4948516581183,381.31144766667893,MEDIUM,2.0,1.0,0.9570592919281311,14689.633683362805,99461.24839436753,400.0,False,1,False,CLOSE_INTERACTION_NO_PASS,0.0,44.8,True,0.0,307.70185064935066,-25.70185064935066,0.119259,True,0.119259,-31.731121276095777,11,True,3.0,straight,0.015623237049332625,5465.505555555557,14,941.9556898886449,3,australia_2026_R|HAD|LIN,australia_2026_R|L2|australia_2026_R|HAD|LIN,,False,v4_t0_anchored_30s_horizon
australia_2026_R_00005,australia_2026_R,2026,Australian Grand Prix,ANT,NOR,1,2026-03-08 04:05:04.212,2026-03-08 04:05:53.652,49.44,49.44,2026-03-08 04:05:34.212,30.0,2,153,40.726666666666674,0.49532432432432444,10.360555555555607,296.0,291.0,5.0,,,False,7.0,6.0,53.114444444444445,straight_01,270.76929610256275,413.58589211112337,MEDIUM,2.0,1.0,0.9328061862729335,15362.190530768657,99446.55732598693,400.0,False,1,False,CLOSE_INTERACTION_NO_PASS,0.0,,False,0.0,292.8254109589041,3.174589041095885,0.495027,True,0.495027,-1.8899618167478391,11,True,3.0,straight,0.009718121023672708,5465.505555555557,14,941.9556898886449,3,australia_2026_R|ANT|NOR,australia_2026_R|L2|australia_2026_R|ANT|NOR,,False,v4_t0_anchored_30s_horizon
australia_2026_R_00006,australia_2026_R,2026,Australian Grand Prix,OCO,ANT,12,2026-03-08 04:05:04.452,2026-03-08 04:05:20.132,15.68,15.68,2026-03-08 04:05:34.452,30.0,2,58,45.40944444444444,0.575612676056338,28.249999999999943,284.0,296.0,-12.0,-238.14705882354968,0.68,True,8.0,7.0,27.275000000000006,straight_01,296.6087405470072,439.4253365555678,MEDIUM,2.0,1.0,0.9610640446085583,16243.228300837061,99518.38443189858,400.0,False,1,False,CLOSE_INTERACTION_NO_PASS,0.0,60.92,True,0.0,296.0,-12.0,0.554263,True,0.554263,-32.14591269769295,11,True,3.0,straight,0.0049903892188483115,5465.505555555557,14,941.9556898886449,3,australia_2026_R|ANT|OCO,australia_2026_R|L2|australia_2026_R|ANT|OCO,,False,v4_t0_anchored_30s_horizon
australia_2026_R_00007,australia_2026_R,2026,Australian Grand Prix,GAS,OCO,31,2026-03-08 04:05:05.172,2026-03-08 04:05:20.932,15.76,14.12,2026-03-08 04:05:35.172,30.0,2,44,36.21944444444445,0.44654109589041097,11.097500000000025,292.0,284.0,8.0,10.932142857143939,1.4,True,9.0,8.0,48.43333333333333,straight_01,275.4504072136738,418.26700322223445,MEDIUM,2.0,1.0,0.96179998348075,15521.80060689251,99459.56962833287,400.0,False,1,False,ON_TRACK_PASS,1.0,16.08,False,0.0,284.0,8.0,0.451795,True,0.451795,4.89994317036208,10,True,3.0,straight,0.00886163829512569,5465.505555555557,14,941.9556898886449,3,australia_2026_R|GAS|OCO,australia_2026_R|L2|australia_2026_R|GAS|OCO,,False,v4_t0_anchored_30s_horizon
australia_2026_R_00008,australia_2026_R,2026,Australian Grand Prix,ALO,GAS,10,2026-03-08 04:05:05.452,2026-03-08 04:05:20.932,15.48,15.48,2026-03-08 04:05:35.452,30.0,2,58,22.405,0.2679667774086379,14.971666666666607,301.0,292.0,9.0,,,False,10.0,9.0,48.16166666666666,straight_01,275.72207388034053,418.53866988890115,SOFT,2.0,1.0,0.966444023193995,15531.063522537484,99460.3247928056,400.0,False,1,False,CLOSE_INTERACTION_NO_PASS,0.0,,False,0.0,292.0,9.0,0.283349,True,0.283349,4.99681217795045,10,True,3.0,straight,0.008811932615768996,5465.505555555557,14,941.9556898886449,3,australia_2026_R|ALO|GAS,australia_2026_R|L2|australia_2026_R|ALO|GAS,,False,v4_t0_anchored_30s_horizon
australia_2026_R_00009,australia_2026_R,2026,Australian Grand Prix,BOR,ALO,14,2026-03-08 04:05:05.612,2026-03-08 04:05:21.932,16.32,14.84,2026-03-08 04:05:35.612,30.0,2,44,40.38666666666666,0.48626086956521736,10.203611111111172,299.0,301.0,-2.0,,,False,11.0,10.0,21.30694444444444,straight_01,302.57679610256275,445.3933921111234,MEDIUM,2.0,1.0,0.9607583812417281,16446.718835225915,99534.97411359228,400.0,False,1,False,ON_TRACK_PASS,1.0,16.8,False,0.0,,,,False,,-26.80621479641019,10,True,3.0,straight,0.0038984398108947915,5465.505555555557,14,941.9556898886449,3,australia_2026_R|ALO|BOR,australia_2026_R|L2|australia_2026_R|ALO|BOR,australia_2026_R_00024,False,v4_t0_anchored_30s_horizon
australia_2026_R_00010,australia_2026_R,2026,Australian Grand Prix,ALB,BOR,5,2026-03-08 04:05:06.212,2026-03-08 04:05:10.092,3.88,3.88,2026-03-08 04:05:36.212,30.0,2,16,52.498333333333335,0.640657627118644,36.57361111111112,295.0,303.0,-8.0,-46.6184210526355,0.76,True,13.0,11.0,19.662777777777787,straight_01,304.2209627692294,447.03755877779,MEDIUM,2.0,1.0,0.9625917851317504,16502.779364574184,99539.54448017105,399.99999999999994,False,1,False,CLOSE_INTERACTION_NO_PASS,0.0,,False,1.0,298.87627508361203,-3.876275083612029,0.619795,True,0.619795,-21.11973602363915,10,True,3.0,straight,0.0035976137208004553,5465.505555555557,14,941.9556898886449,3,australia_2026_R|ALB|BOR,australia_2026_R|L2|australia_2026_R|ALB|BOR,,False,v4_t0_anchored_30s_horizon
australia_2026_R_00011,australia_2026_R,2026,Australian Grand Prix,BOT,SAI,55,2026-03-08 04:05:07.612,2026-03-08 04:05:25.452,17.84,17.84,2026-03-08 04:05:37.612,30.0,2,67,75.68611111111113,0.9980586080586084,16.474444444444316,273.0,293.0,-20.0,,,False,18.0,14.0,12.933333333333337,straight_01,310.9504072136738,453.76700322223445,HARD,2.0,1.0,0.9195061805309943,16732.230688107084,99558.25062998307,400.0,False,1,False,CLOSE_INTERACTION_NO_PASS,0.0,,False,3.0,,,,False,,-39.29084452863334,12,True,3.0,straight,0.002366356268760336,5465.505555555557,14,941.9556898886449,3,australia_2026_R|BOT|SAI,australia_2026_R|L2|australia_2026_R|BOT|SAI,,False,v4_t0_anchored_30s_horizon
australia_2026_R_00012,australia_2026_R,2026,Australian Grand Prix,VER,BOT,77,2026-03-08 04:05:08.291,2026-03-08 04:05:25.452,17.161,15.761,2026-03-08 04:05:38.291,30.0,2,57,39.809166666666655,0.5100106761565835,11.823611111111177,281.0,304.0,-23.0,,,False,15.0,18.0,27.799722222222215,straight_01,296.08401832478495,438.9006143333456,HARD,2.0,1.0,0.8947025676238476,16225.337045567781,99516.92583712457,400.0,False,1,False,ON_TRACK_PASS,1.0,17.321,False,-1.0,284.8230486008836,-3.8230486008836237,0.495085,True,0.495085,-15.576609536877479,12,True,3.0,straight,0.00508639538275914,5465.505555555557,14,941.9556898886449,3,australia_2026_R|BOT|VER,australia_2026_R|L2|australia_2026_R|BOT|VER,,False,v4_t0_anchored_30s_horizon
australia_2026_R_00013,australia_2026_R,2026,Australian Grand Prix,COL,VER,3,2026-03-08 04:05:08.451,2026-03-08 04:05:25.452,17.001,17.001,2026-03-08 04:05:38.451,30.0,2,49,20.827777777777783,0.2507692307692308,10.21277777777783,299.0,283.0,16.0,,,False,16.0,15.0,19.53777777777778,straight_01,304.3459627692294,447.16255877779,HARD,2.0,1.0,0.9774080129414116,16507.04144232494,99539.89194848672,399.99999999999994,False,1,False,CLOSE_INTERACTION_NO_PASS,0.0,,False,-1.0,281.0,18.0,0.265846,True,0.265846,-52.34271867938463,13,True,3.0,straight,0.0035747430094400126,5465.505555555557,14,941.9556898886449,3,australia_2026_R|COL|VER,australia_2026_R|L2|australia_2026_R|COL|VER,,False,v4_t0_anchored_30s_horizon
australia_2026_R_00014,australia_2026_R,2026,Australian Grand Prix,LAW,COL,43,2026-03-08 04:05:08.972,2026-03-08 04:06:05.852,56.88,49.44,2026-03-08 04:05:38.972,30.0,2,130,48.06583333333333,0.5946288659793815,10.033333333333303,291.0,298.0,-7.0,,,False,17.0,16.0,14.887777777777785,straight_01,308.9959627692294,451.81255877779,MEDIUM,2.0,1.0,0.9626711549245803,16665.590734653048,99552.81776982963,400.0,False,1,False,CLOSE_INTERACTION_NO_PASS,0.0,50.92,True,-1.0,297.9502508361204,-6.950250836120404,0.576986,True,0.576986,7.5448883369947515,13,True,3.0,straight,0.002723952546831594,5465.505555555557,14,941.9556898886449,3,australia_2026_R|COL|LAW,australia_2026_R|L2|australia_2026_R|COL|LAW,,False,v4_t0_anchored_30s_horizon
australia_2026_R_00015,australia_2026_R,2026,Australian Grand Prix,PER,LAW,30,2026-03-08 04:05:09.532,2026-03-08 04:06:10.452,60.92,60.92,2026-03-08 04:05:39.532,30.0,2,215,28.261111111111106,0.33032467532467524,10.849166666666633,308.0,293.0,15.0,,,False,19.0,17.0,32.06083333333333,straight_01,291.82290721367383,434.63950322223445,MEDIUM,2.0,1.0,0.9625310812785742,16080.047550686471,99505.08102831928,400.0,False,1,False,CLOSE_INTERACTION_NO_PASS,0.0,,False,0.0,291.06869548729617,16.931304512703832,0.347634,True,0.347634,10.086951605384616,12,True,3.0,straight,0.005866032521135075,5465.505555555557,14,941.9556898886449,3,australia_2026_R|LAW|PER,australia_2026_R|L2|australia_2026_R|LAW|PER,,False,v4_t0_anchored_30s_horizon
australia_2026_R_00016,australia_2026_R,2026,Australian Grand Prix,STR,PER,11,2026-03-08 04:05:10.372,2026-03-08 04:06:26.012,75.64,74.0,2026-03-08 04:05:40.372,30.0,2,275,70.2161111111111,0.851104377104377,10.145000000000891,297.0,314.0,-17.0,,,False,20.0,19.0,32.977777777777774,straight_01,290.9059627692294,433.72255877779,MEDIUM,2.0,1.0,0.9521443575797205,16048.782842563705,99502.53215518591,400.0,False,1,False,CLOSE_INTERACTION_NO_PASS,0.0,76.0,True,0.0,308.0760599078341,-11.076059907834122,0.829351,True,0.829351,-10.136118528191888,13,True,3.0,straight,0.006033801894914669,5465.505555555557,14,941.9556898886449,3,australia_2026_R|PER|STR,australia_2026_R|L2|australia_2026_R|PER|STR,,False,v4_t0_anchored_30s_horizon
australia_2026_R_00017,australia_2026_R,2026,Australian Grand Prix,SAI,BEA,87,2026-03-08 04:05:12.892,2026-03-08 04:05:21.932,9.04,9.04,2026-03-08 04:05:42.892,30.0,2,34,37.74722222222226,1.0294696969696981,37.672500000000014,132.0,148.0,-16.0,,,False,14.0,12.0,386.9266666666665,brake_T2,19.77366988890128,79.77366988890128,SOFT,2.0,1.0,0.999302549777057,24362.206673450473,1804.0717021988632,400.0,False,1,False,CLOSE_INTERACTION_NO_PASS,0.0,,False,1.0,134.2694235588974,-2.269423558897387,0.965699,True,0.965699,-4.6034735991777564,11,True,3.0,brake,0.07079430488792839,5465.505555555557,14,941.9556898886449,3,australia_2026_R|BEA|SAI,australia_2026_R|L2|australia_2026_R|BEA|SAI,,False,v4_t0_anchored_30s_horizon
australia_2026_R_00018,australia_2026_R,2026,Australian Grand Prix,BEA,ALB,23,2026-03-08 04:05:15.972,2026-03-08 04:05:21.932,5.96,5.52,2026-03-08 04:05:45.972,30.0,2,21,11.023611111111109,0.17716517857142852,11.023611111111109,224.0,238.0,-14.0,-14.57552083333301,1.92,True,12.0,13.0,589.7658333333334,straight_02,462.5234409468428,680.4051577088396,MEDIUM,2.0,1.0,0.9887152410353905,22788.103439062546,42244.19542672794,400.0,False,1,False,ON_TRACK_PASS,1.0,6.44,False,-2.0,233.02376950780314,-9.023769507803138,0.174168,True,0.174168,-13.61484842251009,11,True,3.0,straight,0.1079069131553348,5465.505555555557,14,941.9556898886449,3,australia_2026_R|ALB|BEA,australia_2026_R|L2|australia_2026_R|ALB|BEA,australia_2026_R_00022,False,v4_t0_anchored_30s_horizon
australia_2026_R_00019,australia_2026_R,2026,Australian Grand Prix,NOR,HAD,6,2026-03-08 04:05:19.532,2026-03-08 04:05:23.052,3.52,3.52,2026-03-08 04:05:49.532,30.0,2,13,21.733055555555666,0.5588500000000028,15.733055555555666,140.0,113.0,27.0,,,False,6.0,4.0,1036.355,brake_T3,15.934274280176169,233.81599104217298,MEDIUM,2.0,1.0,1.0,10994.357559984606,17465.38657301021,400.0,False,1,False,CLOSE_INTERACTION_NO_PASS,0.0,34.28,True,0.0,127.2261811023622,12.773818897637796,0.695078,True,0.695078,50.55947521865937,13,True,3.0,brake,0.1896174085756019,5465.505555555557,14,941.9556898886449,3,australia_2026_R|HAD|NOR,australia_2026_R|L2|australia_2026_R|HAD|NOR,,False,v4_t0_anchored_30s_horizon
australia_2026_R_00020,australia_2026_R,2026,Australian Grand Prix,SAI,ALB,23,2026-03-08 04:05:22.412,2026-03-08 04:05:43.612,21.2,21.2,2026-03-08 04:05:52.412,30.0,2,85,41.00861111111112,0.8735562130177518,31.464166666666415,169.0,135.0,34.0,,,False,14.0,13.0,998.4008333333334,brake_T3,53.88844094684282,271.77015770883963,SOFT,2.0,1.0,1.0,9397.852764000138,44055.31537946506,400.0,False,1,False,CLOSE_INTERACTION_NO_PASS,0.0,,False,1.0,195.3810606060605,-26.381060606060487,0.974363,True,0.974363,42.01544514459536,11,True,3.0,brake,0.18267309824952652,5465.505555555557,14,941.9556898886449,3,australia_2026_R|ALB|SAI,australia_2026_R|L2|australia_2026_R|ALB|SAI,,False,v4_t0_anchored_30s_horizon
australia_2026_R_00021,australia_2026_R,2026,Australian Grand Prix,BEA,ALO,14,2026-03-08 04:05:22.412,2026-03-08 04:05:43.612,21.2,21.2,2026-03-08 04:05:52.412,30.0,2,85,29.890555555555466,0.5327029702970282,13.134999999999991,202.0,101.0,101.0,,,False,12.0,10.0,1043.5758333333333,brake_T3,8.713440946842866,226.59515770883968,MEDIUM,2.0,1.0,0.9949860825630283,11285.997245832106,12407.899298762506,400.0,False,1,False,CLOSE_INTERACTION_NO_PASS,0.0,46.48,True,-2.0,129.42986666666624,72.57013333333376,0.986448,True,0.986448,95.81580571663837,11,True,3.0,brake,0.19093857333519004,5465.505555555557,14,941.9556898886449,3,australia_2026_R|ALO|BEA,australia_2026_R|L2|australia_2026_R|ALO|BEA,,False,v4_t0_anchored_30s_horizon
australia_2026_R_00022,australia_2026_R,2026,Australian Grand Prix,ALB,BEA,87,2026-03-08 04:05:23.452,2026-03-08 04:05:43.612,20.16,7.08,2026-03-08 04:05:53.452,30.0,2,31,11.947499999999764,0.421676470588227,10.236388888888314,102.0,122.0,-20.0,-27.307692307692392,1.04,True,13.0,12.0,1072.2636111111112,corner_T3,137.90737993106177,197.90737993106177,MEDIUM,2.0,1.0,1.0,12574.71298755363,4338.163596925031,400.0,False,1,False,ON_TRACK_PASS,1.0,20.44,False,1.0,133.83229508196712,-31.832295081967118,0.338065,True,0.338065,-49.613521116724996,11,True,3.0,corner,0.19618745241621438,5465.505555555557,14,941.9556898886449,3,australia_2026_R|ALB|BEA,australia_2026_R|L2|australia_2026_R|ALB|BEA,australia_2026_R_00018,False,v4_t0_anchored_30s_horizon
australia_2026_R_00023,australia_2026_R,2026,Australian Grand Prix,BOR,GAS,10,2026-03-08 04:05:24.052,2026-03-08 04:06:03.052,39.0,39.0,2026-03-08 04:05:54.052,30.0,2,151,17.565277777777283,0.7527976190475979,17.565277777777283,84.0,96.0,-12.0,,,False,11.0,9.0,1120.590833333334,brake_T4,89.5801577088389,149.5801577088389,MEDIUM,2.0,1.0,0.9998532811222289,15475.297895655993,355.4597524123595,400.0,False,1,False,CLOSE_INTERACTION_NO_PASS,0.0,,False,0.0,89.96629213483128,-5.966292134831278,0.696629,True,0.696629,14.721631148418862,10,True,3.0,brake,0.20502967601858532,5465.505555555557,14,941.9556898886449,3,australia_2026_R|BOR|GAS,australia_2026_R|L2|australia_2026_R|BOR|GAS,,False,v4_t0_anchored_30s_horizon
australia_2026_R_00024,australia_2026_R,2026,Australian Grand Prix,ALO,BOR,5,2026-03-08 04:05:27.612,2026-03-08 04:06:08.732,41.12,41.12,2026-03-08 04:05:57.612,30.0,2,129,10.63222222222339,0.29671317829460625,10.066111111110786,129.0,147.0,-18.0,-11.5600000000004,2.0,True,10.0,11.0,1232.6155555555551,corner_T4,172.53382999930477,37.55543548661785,SOFT,2.0,1.0,0.996753983465512,20977.497154242585,149.2160327119858,400.0,False,1,False,CLOSE_INTERACTION_NO_PASS,0.0,,False,0.0,140.39608843537337,-11.396088435373372,0.264156,True,0.264156,-8.66237051792901,14,True,3.0,corner,0.22552635671600965,5465.505555555557,14,941.9556898886449,3,australia_2026_R|ALO|BOR,australia_2026_R|L2|australia_2026_R|ALO|BOR,australia_2026_R_00009,False,v4_t0_anchored_30s_horizon
australia_2026_R_00025,australia_2026_R,2026,Australian Grand Prix,COL,BOT,77,2026-03-08 04:05:34.972,2026-03-08 04:06:05.852,30.88,24.64,2026-03-08 04:06:04.972,30.0,2,87,59.649999999999864,1.0274641148325334,17.038611111110185,209.0,196.0,13.0,,,False,16.0,18.0,1407.5666666666668,corner_T5,427.1388337743256,57.582718888193085,HARD,2.0,1.0,0.9866793707534401,20173.43060523446,35686.17597853109,400.0,False,1,False,CLOSE_INTERACTION_NO_PASS,0.0,31.2,True,-1.0,198.9615384615384,10.038461538461604,1.118461,True,1.118461,-5.414599135716912,13,True,3.0,corner,0.2575364076312956,5465.505555555557,14,941.9556898886449,3,australia_2026_R|BOT|COL,australia_2026_R|L2|australia_2026_R|BOT|COL,,False,v4_t0_anchored_30s_horizon
australia_2026_R_00026,australia_2026_R,2026,Australian Grand Prix,VER,SAI,55,2026-03-08 04:05:34.972,2026-03-08 04:06:22.172,47.2,46.361,2026-03-08 04:06:04.972,30.0,2,158,40.18694444444509,0.6989033816425233,11.16361111111155,207.0,218.0,-11.0,,,False,15.0,14.0,1467.416111111111,straight_04,367.2893893298815,719.7900233090684,HARD,2.0,1.0,0.9492863294978278,18885.352724452277,46982.45851619145,400.0,False,1,False,CLOSE_INTERACTION_NO_PASS,0.0,47.36,True,-1.0,205.0,2.0,0.679146,True,0.679146,6.230228763107043,13,True,3.0,straight,0.26848680258306884,5465.505555555557,14,941.9556898886449,3,australia_2026_R|SAI|VER,australia_2026_R|L2|australia_2026_R|SAI|VER,,False,v4_t0_anchored_30s_horizon
australia_2026_R_00027,australia_2026_R,2026,Australian Grand Prix,LEC,RUS,63,2026-03-08 04:05:43.452,2026-03-08 04:07:13.773,90.321,88.92,2026-03-08 04:06:13.452,30.0,2,327,10.242222222220335,0.11780191693288564,10.032500000000027,313.0,334.0,-21.0,-17.85714285714318,1.6800000000000002,True,2.0,1.0,2821.1961111111123,straight_05,427.9657131977119,592.4524640443888,MEDIUM,2.0,1.0,0.8784921762377028,27222.92534881646,49495.15327806501,400.0,False,1,False,CLOSE_INTERACTION_NO_PASS,0.0,,False,1.0,334.0,-21.0,0.108964,True,0.108964,-16.18588242738611,12,True,3.0,straight,0.5161820955873758,5465.505555555557,14,941.9556898886449,3,australia_2026_R|LEC|RUS,australia_2026_R|L2|australia_2026_R|LEC|RUS,,False,v4_t0_anchored_30s_horizon
australia_2026_R_00028,australia_2026_R,2026,Australian Grand Prix,ALB,ALO,14,2026-03-08 04:05:43.892,2026-03-08 04:05:50.652,6.76,6.76,2026-03-08 04:06:13.892,30.0,2,26,66.00472222222197,0.886630597014922,60.91611111111297,268.0,264.0,4.0,,,False,13.0,10.0,2133.6080555555563,corner_T8,1115.5537687532678,53.59807886462295,MEDIUM,2.0,1.0,0.9719233920559115,33028.4297804985,486.0340308173263,400.0,False,1,False,CLOSE_INTERACTION_NO_PASS,0.0,119.36,True,1.0,267.5404275092937,0.45957249070630724,0.881736,True,0.881736,-14.079625722412004,13,True,3.0,corner,0.39037707195938975,5465.505555555557,14,941.9556898886449,3,australia_2026_R|ALB|ALO,australia_2026_R|L2|australia_2026_R|ALB|ALO,,False,v4_t0_anchored_30s_horizon
australia_2026_R_00029,australia_2026_R,2026,Australian Grand Prix,SAI,BEA,87,2026-03-08 04:05:43.892,2026-03-08 04:05:49.052,5.16,5.16,2026-03-08 04:06:13.892,30.0,2,20,87.44499999999744,1.259207999999963,87.44499999999744,250.0,266.0,-16.0,,,False,14.0,12.0,2045.4786111111116,brake_T8,81.72752330906769,141.7275233090677,SOFT,2.0,1.0,0.986999555799478,32095.498081453217,362.3802445547345,400.0,False,1,False,CLOSE_INTERACTION_NO_PASS,0.0,,False,1.0,246.28266932271012,3.7173306772898798,1.21478,True,1.21478,-25.550580221996732,13,True,3.0,brake,0.37425240726943015,5465.505555555557,14,941.9556898886449,3,australia_2026_R|BEA|SAI,australia_2026_R|L2|australia_2026_R|BEA|SAI,,False,v4_t0_anchored_30s_horizon
australia_2026_R_00030,australia_2026_R,2026,Australian Grand Prix,BOT,VER,3,2026-03-08 04:05:49.052,2026-03-08 04:06:05.852,16.8,16.8,2026-03-08 04:06:19.052,30.0,2,61,10.820555555556439,0.12898675496689796,10.820555555556439,302.0,314.0,-12.0,-7.738586956520521,1.8399999999999999,True,18.0,15.0,2397.093333333333,straight_05,852.0684909754914,1016.5552418221682,HARD,2.0,1.0,0.9619738458066992,33375.17958748221,561.2371077207505,400.0,False,1,False,CLOSE_INTERACTION_NO_PASS,0.0,,False,3.0,311.8433320063693,-9.84333200636928,0.115022,True,0.115022,-8.085673414414837,12,True,3.0,straight,0.43858583784563976,5465.505555555557,14,941.9556898886449,3,australia_2026_R|BOT|VER,australia_2026_R|L2|australia_2026_R|BOT|VER,,False,v4_t0_anchored_30s_horizon
australia_2026_R_00031,australia_2026_R,2026,Australian Grand Prix,LIN,HAM,44,2026-03-08 04:05:52.412,2026-03-08 04:06:20.452,28.04,28.04,2026-03-08 04:06:22.412,30.0,2,104,94.18916666666746,1.1302700000000097,10.095277777779302,300.0,214.0,86.0,74.28571428571327,1.96,True,5.0,3.0,3188.645277777777,brake_T9,60.51654653104697,225.0032973777238,MEDIUM,2.0,1.0,0.9177677876103407,17878.979005440862,40703.79104013306,400.0,False,1,False,CLOSE_INTERACTION_NO_PASS,0.0,,False,0.0,278.69959353146993,21.30040646853007,1.556268,True,1.556268,57.98338387404794,9,True,3.0,brake,0.58341268623112,5465.505555555557,14,941.9556898886449,3,australia_2026_R|HAM|LIN,australia_2026_R|L2|australia_2026_R|HAM|LIN,,False,v4_t0_anchored_30s_horizon
australia_2026_R_00032,australia_2026_R,2026,Australian Grand Prix,SAI,ALB,23,2026-03-08 04:05:53.212,2026-03-08 04:06:23.772,30.56,30.56,2026-03-08 04:06:23.212,30.0,2,117,99.37499999999864,1.0840909090908941,10.134722222220262,330.0,322.0,8.0,7.631578947367225,1.52,True,14.0,13.0,2839.2450000000017,straight_05,409.91682430882247,574.4035751554993,SOFT,2.0,1.0,0.939441661655915,26016.403768349162,59091.607453388904,400.0,False,1,False,CLOSE_INTERACTION_NO_PASS,0.0,,False,1.0,324.97184597523204,5.028154024767957,1.115495,True,1.115495,5.552475247524099,10,True,3.0,straight,0.5194844230126116,5465.505555555557,14,941.9556898886449,3,australia_2026_R|ALB|SAI,australia_2026_R|L2|australia_2026_R|ALB|SAI,,False,v4_t0_anchored_30s_horizon
australia_2026_R_00033,australia_2026_R,2026,Australian Grand Prix,ANT,HAD,6,2026-03-08 04:05:53.812,2026-03-08 04:05:57.812,4.0,4.0,2026-03-08 04:06:23.812,30.0,2,19,42.35638888888752,0.7125373831775471,40.300833333331866,214.0,184.0,30.0,,,False,7.0,4.0,3197.330833333333,brake_T9,51.830990975491204,216.31774182216805,MEDIUM,2.0,1.0,0.9361028008739313,18350.868596670673,36101.61091357899,400.0,False,1,False,CLOSE_INTERACTION_NO_PASS,0.0,,False,0.0,201.78820876288552,12.211791237114483,0.807685,True,0.807685,54.03997144896509,9,True,3.0,brake,0.5850018449040495,5465.505555555557,14,941.9556898886449,3,australia_2026_R|ANT|HAD,australia_2026_R|L2|australia_2026_R|ANT|HAD,,False,v4_t0_anchored_30s_horizon
australia_2026_R_00034,australia_2026_R,2026,Australian Grand Prix,ALB,BEA,87,2026-03-08 04:05:54.412,2026-03-08 04:06:08.732,14.32,14.32,2026-03-08 04:06:24.412,30.0,2,47,11.636388888885904,0.14010367892972994,10.573055555549672,299.0,330.0,-31.0,-16.559999999998855,2.0,True,13.0,12.0,3042.3519444444446,straight_05,206.80987986437958,371.2966307110564,MEDIUM,2.0,1.0,0.9240608970942152,15733.821783141839,72063.50722336548,400.0,False,1,False,CLOSE_INTERACTION_NO_PASS,0.0,,False,1.0,330.0,-31.0,0.121587,True,0.121587,-13.434541009111818,12,True,3.0,straight,0.5566460254261321,5465.505555555557,14,941.9556898886449,3,australia_2026_R|ALB|BEA,australia_2026_R|L2|australia_2026_R|ALB|BEA,,False,v4_t0_anchored_30s_horizon
australia_2026_R_00035,australia_2026_R,2026,Australian Grand Prix,ANT,NOR,1,2026-03-08 04:05:58.132,2026-03-08 04:06:04.172,6.04,6.04,2026-03-08 04:06:28.132,30.0,2,21,49.13083333333179,0.7860933333333087,49.06416666666519,225.0,234.0,-9.0,,,False,7.0,6.0,3437.2980555555564,straight_06,620.467384772734,680.467384772734,MEDIUM,2.0,1.0,0.9368025640107743,28368.367906205833,1291.7542670491134,400.0,False,1,False,CLOSE_INTERACTION_NO_PASS,0.0,110.921,True,0.0,214.0,11.0,0.768051,True,0.768051,-0.7478219478412433,13,True,3.0,straight,0.6289076135073405,5465.505555555557,14,941.9556898886449,3,australia_2026_R|ANT|NOR,australia_2026_R|L2|australia_2026_R|ANT|NOR,,False,v4_t0_anchored_30s_horizon
australia_2026_R_00036,australia_2026_R,2026,Australian Grand Prix,HAD,LIN,41,2026-03-08 04:06:00.132,2026-03-08 04:06:04.172,4.04,4.04,2026-03-08 04:06:30.132,30.0,2,14,99.56750000000147,1.2710744680851254,78.5336111111119,282.0,269.0,13.0,10.220000000001074,2.0,True,4.0,5.0,3636.2327777777764,straight_06,421.53266255051403,481.53266255051403,MEDIUM,2.0,1.0,0.9008966255732267,22043.389647643467,63080.42531779012,400.0,False,1,False,ON_TRACK_PASS,1.0,25.24,False,0.0,250.8555735930734,31.144426406926613,1.363924,True,1.363924,7.350131762058665,11,True,3.0,straight,0.6653058423994522,5465.505555555557,14,941.9556898886449,3,australia_2026_R|HAD|LIN,australia_2026_R|L2|australia_2026_R|HAD|LIN,australia_2026_R_00059,True,v4_t0_anchored_30s_horizon
australia_2026_R_00037,australia_2026_R,2026,Australian Grand Prix,HAM,LEC,16,2026-03-08 04:06:01.932,2026-03-08 04:06:23.572,21.64,21.64,2026-03-08 04:06:31.932,30.0,2,82,93.59583333333512,1.2763068181818427,27.113611111108185,264.0,105.0,159.0,138.4433333333336,1.8,True,3.0,2.0,3961.806944444446,brake_T11,95.95849588384453,155.95849588384453,MEDIUM,2.0,1.0,0.8575053794213555,8937.607676797452,76014.07181053246,400.00000000000045,False,1,False,CLOSE_INTERACTION_NO_PASS,0.0,,False,0.0,237.7535076530632,26.246492346936805,2.232549,True,2.232549,112.45841319564434,11,True,3.0,brake,0.7248747447374494,5465.505555555557,14,941.9556898886449,3,australia_2026_R|HAM|LEC,australia_2026_R|L2|australia_2026_R|HAM|LEC,,True,v4_t0_anchored_30s_horizon
australia_2026_R_00038,australia_2026_R,2026,Australian Grand Prix,NOR,LIN,41,2026-03-08 04:06:04.572,2026-03-08 04:06:09.732,5.16,5.16,2026-03-08 04:06:34.572,30.0,2,23,79.34833333333381,1.0658731343283647,65.79194444444511,268.0,233.0,35.0,,,False,6.0,5.0,3988.918888888889,brake_T11,68.84655143940154,128.84655143940154,MEDIUM,2.0,1.0,0.9438614293659543,9286.771133492633,59415.5051698149,400.00000000000045,False,1,False,CLOSE_INTERACTION_NO_PASS,0.0,,False,0.0,278.2815195753151,-10.281519575315087,1.136773,True,1.136773,32.30750173718687,10,True,3.0,brake,0.7298353003839227,5465.505555555557,14,941.9556898886449,3,australia_2026_R|LIN|NOR,australia_2026_R|L2|australia_2026_R|LIN|NOR,,True,v4_t0_anchored_30s_horizon
australia_2026_R_00039,australia_2026_R,2026,Australian Grand Prix,ANT,OCO,31,2026-03-08 04:06:05.852,2026-03-08 04:06:11.532,5.68,5.68,2026-03-08 04:06:35.852,30.0,2,22,12.9950000000008,0.2735789473684379,12.9950000000008,171.0,253.0,-82.0,-75.00000000000001,0.48,True,7.0,8.0,3980.3424999999997,brake_T11,77.42294032829068,137.42294032829068,MEDIUM,2.0,1.0,0.9908931619684882,9176.319387896028,64666.1710820532,400.0,False,1,False,ON_TRACK_PASS,1.0,20.84,False,0.0,259.08616600790543,-88.08616600790543,0.182584,True,0.182584,-15.137076852078986,11,True,3.0,brake,0.7282661154655813,5465.505555555557,14,941.9556898886449,3,australia_2026_R|ANT|OCO,australia_2026_R|L2|australia_2026_R|ANT|OCO,australia_2026_R_00060,True,v4_t0_anchored_30s_horizon
australia_2026_R_00040,australia_2026_R,2026,Australian Grand Prix,BOR,ANT,12,2026-03-08 04:06:06.172,2026-03-08 04:06:18.172,12.0,11.6,2026-03-08 04:06:36.172,30.0,2,46,96.77666666666573,1.2139233449477236,11.338055555555002,287.0,143.0,144.0,,,False,11.0,7.0,3896.267777777779,straight_06,161.49766255051145,221.49766255051145,MEDIUM,2.0,1.0,0.9435443204213392,10198.428738258792,89577.70943246297,400.0,False,1,False,ON_TRACK_PASS,1.0,12.44,False,0.0,281.1177717391297,5.882228260870306,1.7137280000000001,True,1.7137280000000001,42.01790915956392,10,True,3.0,straight,0.7128833258283518,5465.505555555557,14,941.9556898886449,3,australia_2026_R|ANT|BOR,australia_2026_R|L2|australia_2026_R|ANT|BOR,,True,v4_t0_anchored_30s_horizon
australia_2026_R_00041,australia_2026_R,2026,Australian Grand Prix,COL,VER,3,2026-03-08 04:06:06.172,2026-03-08 04:06:12.532,6.36,6.36,2026-03-08 04:06:36.172,30.0,2,30,94.71194444444745,1.2309133574007611,46.91638888889247,277.0,283.0,-6.0,,,False,16.0,15.0,3631.3105555555544,straight_06,426.454884772736,486.454884772736,HARD,2.0,1.0,0.948407069782896,22359.56503478987,59991.71003813157,400.0,False,1,False,CLOSE_INTERACTION_NO_PASS,0.0,,False,-1.0,269.56347222222155,7.436527777778451,1.223281,True,1.223281,-17.137986837846178,10,True,3.0,straight,0.6644052446098812,5465.505555555557,14,941.9556898886449,3,australia_2026_R|COL|VER,australia_2026_R|L2|australia_2026_R|COL|VER,,True,v4_t0_anchored_30s_horizon
australia_2026_R_00042,australia_2026_R,2026,Australian Grand Prix,BEA,BOR,5,2026-03-08 04:06:08.892,2026-03-08 04:06:13.572,4.68,4.68,2026-03-08 04:06:38.892,30.0,2,14,18.850000000005366,0.3376119402986036,10.027777777783285,201.0,153.0,48.0,,,False,12.0,11.0,4048.5169444444405,brake_T11,9.248495883849955,69.24849588384996,MEDIUM,2.0,1.0,0.9509701080628484,11759.098752182925,21940.800295558445,399.99999999999955,False,1,False,CLOSE_INTERACTION_NO_PASS,0.0,,False,-2.0,177.7905592750474,23.2094407249526,0.435924,True,0.435924,44.141259793445855,13,True,3.0,brake,0.7407396997939594,5465.505555555557,14,941.9556898886449,3,australia_2026_R|BEA|BOR,australia_2026_R|L2|australia_2026_R|BEA|BOR,,True,v4_t0_anchored_30s_horizon
australia_2026_R_00043,australia_2026_R,2026,Australian Grand Prix,PER,BOT,77,2026-03-08 04:06:10.652,2026-03-08 04:06:24.372,13.72,12.92,2026-03-08 04:06:40.652,30.0,2,46,94.94166666666388,1.2428727272726907,10.186111111107039,275.0,212.0,63.0,,,False,19.0,18.0,3881.182777777779,straight_06,176.5826625505115,236.5826625505115,MEDIUM,2.0,1.0,0.9289990187518428,10715.455585674716,89107.76178730429,400.0,False,1,False,ON_TRACK_PASS,1.0,13.88,False,0.0,303.88922697368434,-28.889226973684345,1.351016,True,1.351016,-9.970066945991501,15,True,3.0,straight,0.7101232883813736,5465.505555555557,14,941.9556898886449,3,australia_2026_R|BOT|PER,australia_2026_R|L2|australia_2026_R|BOT|PER,,True,v4_t0_anchored_30s_horizon
australia_2026_R_00044,australia_2026_R,2026,Australian Grand Prix,OCO,NOR,1,2026-03-08 04:06:11.732,2026-03-08 04:06:16.812,5.08,5.08,2026-03-08 04:06:41.732,30.0,2,13,57.24888888888563,1.1709999999999334,45.70083333332968,176.0,218.0,-42.0,,,False,8.0,6.0,4224.521111111112,brake_T12,104.57171314560219,164.5717131456022,MEDIUM,2.0,1.0,0.9761121715004104,10555.257732813101,46974.10895017565,400.0,False,1,False,CLOSE_INTERACTION_NO_PASS,0.0,,False,0.0,190.94166666666868,-14.94166666666868,0.965333,True,0.965333,-27.436742877357844,15,True,3.0,brake,0.772942423746507,5465.505555555557,14,941.9556898886449,3,australia_2026_R|NOR|OCO,australia_2026_R|L2|australia_2026_R|NOR|OCO,,True,v4_t0_anchored_30s_horizon
australia_2026_R_00045,australia_2026_R,2026,Australian Grand Prix,ANT,GAS,10,2026-03-08 04:06:11.732,2026-03-08 04:06:16.812,5.08,5.08,2026-03-08 04:06:41.732,30.0,2,17,29.692500000001928,0.6039152542373274,26.14805555555813,177.0,153.0,24.0,,,False,7.0,9.0,4193.728611111112,straight_07,135.36421314560266,195.36421314560266,MEDIUM,2.0,1.0,0.9922599916079922,11457.134761153588,45507.588894234665,400.0,False,1,False,ON_TRACK_PASS,1.0,18.44,False,0.0,141.68678160919487,35.31321839080513,0.718793,True,0.718793,24.539071319057978,15,True,3.0,straight,0.7673084527099758,5465.505555555557,14,941.9556898886449,3,australia_2026_R|ANT|GAS,australia_2026_R|L2|australia_2026_R|ANT|GAS,,True,v4_t0_anchored_30s_horizon
australia_2026_R_00046,australia_2026_R,2026,Australian Grand Prix,BOT,COL,43,2026-03-08 04:06:12.692,2026-03-08 04:06:24.372,11.68,11.68,2026-03-08 04:06:42.692,30.0,2,43,22.90750000000162,0.8165049504951073,17.93027777777843,101.0,112.0,-11.0,,,False,18.0,16.0,4054.4574999999973,brake_T11,3.3079403282931708,63.30794032829317,HARD,2.0,1.0,1.0,12006.030342157552,18205.145955138647,399.99999999999955,False,1,False,CLOSE_INTERACTION_NO_PASS,0.0,,False,3.0,139.13396296296523,-38.13396296296523,0.675162,True,0.675162,-20.254321686452563,15,True,3.0,brake,0.7418266176454138,5465.505555555557,14,941.9556898886449,3,australia_2026_R|BOT|COL,australia_2026_R|L2|australia_2026_R|BOT|COL,,True,v4_t0_anchored_30s_horizon
australia_2026_R_00047,australia_2026_R,2026,Australian Grand Prix,LAW,VER,3,2026-03-08 04:06:12.692,2026-03-08 04:06:22.172,9.48,9.48,2026-03-08 04:06:42.692,30.0,2,35,45.850555555556184,1.2226814814814981,45.11722222222261,135.0,105.0,30.0,,,False,17.0,15.0,4077.508055555557,corner_T11,251.58476870115737,40.25738477273353,MEDIUM,2.0,1.0,0.980929617022732,12403.292658692704,18907.138735534525,400.0,False,1,False,CLOSE_INTERACTION_NO_PASS,0.0,,False,-1.0,133.0,2.0,1.446819,True,1.446819,67.43323950556758,15,True,3.0,corner,0.746044078467886,5465.505555555557,14,941.9556898886449,3,australia_2026_R|LAW|VER,australia_2026_R|L2|australia_2026_R|LAW|VER,,True,v4_t0_anchored_30s_horizon
australia_2026_R_00048,australia_2026_R,2026,Australian Grand Prix,ALO,BOR,5,2026-03-08 04:06:13.852,2026-03-08 04:06:19.692,5.84,5.84,2026-03-08 04:06:43.852,30.0,2,18,22.998055555559404,0.4289792746114708,22.864722222225282,193.0,191.0,2.0,,,False,10.0,11.0,4232.918055555553,brake_T12,96.17476870116116,156.17476870116116,SOFT,2.0,1.0,0.9574307497449481,10293.523928051674,47248.71096433988,400.0,False,1,False,UNCERTAIN,,,False,0.0,180.29108108107903,12.708918918920972,0.441448,True,0.441448,-2.248002747955016,14,True,3.0,brake,0.7744787764880948,5465.505555555557,14,941.9556898886449,3,australia_2026_R|ALO|BOR,australia_2026_R|L2|australia_2026_R|ALO|BOR,australia_2026_R_00069,True,v4_t0_anchored_30s_horizon
australia_2026_R_00049,australia_2026_R,2026,Australian Grand Prix,NOR,HAD,6,2026-03-08 04:06:13.852,2026-03-08 04:06:25.092,11.24,11.24,2026-03-08 04:06:43.852,30.0,2,31,12.576944444443143,0.28656329113921086,11.527777777775555,158.0,207.0,-49.0,-37.103448275861254,1.16,True,6.0,4.0,4384.925555555555,corner_T12,193.571655487106,4.167268701159628,MEDIUM,2.0,1.0,0.9981476390800359,9091.13029754179,43443.16945593705,400.0,False,1,False,ON_TRACK_PASS,1.0,4.32,False,0.0,204.551086956522,-46.551086956522,0.228565,True,0.228565,-7.890514022315574,14,True,3.0,corner,0.8022909337450734,5465.505555555557,14,941.9556898886449,3,australia_2026_R|HAD|NOR,australia_2026_R|L2|australia_2026_R|HAD|NOR,,True,v4_t0_anchored_30s_horizon
australia_2026_R_00050,australia_2026_R,2026,Australian Grand Prix,GAS,NOR,1,2026-03-08 04:06:14.412,2026-03-08 04:06:29.852,15.44,15.44,2026-03-08 04:06:44.412,30.0,2,43,47.54555555555089,0.9509111111110178,12.67194444443976,180.0,170.0,10.0,,,False,9.0,6.0,4364.2688888888915,corner_T12,214.2283221537691,24.82393536782274,MEDIUM,2.0,1.0,0.9614835751878791,8869.131462501084,43819.61470468444,400.0,False,1,False,CLOSE_INTERACTION_NO_PASS,0.0,69.48,True,0.0,162.0,18.0,1.02595,True,1.02595,15.87123883844827,14,True,3.0,corner,0.7985114724570567,5465.505555555557,14,941.9556898886449,3,australia_2026_R|GAS|NOR,australia_2026_R|L2|australia_2026_R|GAS|NOR,,True,v4_t0_anchored_30s_horizon
australia_2026_R_00051,australia_2026_R,2026,Australian Grand Prix,OCO,GAS,10,2026-03-08 04:06:18.172,2026-03-08 04:06:26.372,8.2,8.2,2026-03-08 04:06:48.172,30.0,2,30,10.894166666668752,0.29487969924817675,10.894166666668752,133.0,162.0,-29.0,-34.279999999998836,1.0,True,8.0,9.0,4547.663333333336,brake_T13,30.833877709324952,247.32101686865553,MEDIUM,2.0,1.0,0.9967783193003789,15126.335454884771,14258.620474258847,400.0,False,1,False,UNCERTAIN,,,False,0.0,183.66922839506526,-50.66922839506526,0.254932,True,0.254932,-11.526076973590039,11,True,3.0,brake,0.8320663636890357,5465.505555555557,14,941.9556898886449,3,australia_2026_R|GAS|OCO,australia_2026_R|L2|australia_2026_R|GAS|OCO,australia_2026_R_00067,True,v4_t0_anchored_30s_horizon
australia_2026_R_00052,australia_2026_R,2026,Australian Grand Prix,BOR,OCO,31,2026-03-08 04:06:18.612,2026-03-08 04:06:24.372,5.76,5.76,2026-03-08 04:06:48.612,30.0,2,21,46.666944444446926,0.8155388349514997,16.300000000002,206.0,119.0,87.0,,,False,11.0,8.0,4515.695000000001,brake_T13,62.80221104266002,279.2893502019906,MEDIUM,2.0,1.0,0.9825720394819856,13424.09738927406,24653.725419815302,400.0,False,1,False,UNCERTAIN,,,False,0.0,175.87064516129303,30.129354838706973,1.239264,True,1.239264,25.739338381826396,10,True,3.0,brake,0.826217255494307,5465.505555555557,14,941.9556898886449,3,australia_2026_R|BOR|OCO,australia_2026_R|L2|australia_2026_R|BOR|OCO,,True,v4_t0_anchored_30s_horizon
australia_2026_R_00053,australia_2026_R,2026,Australian Grand Prix,ALO,BEA,87,2026-03-08 04:06:20.452,2026-03-08 04:06:24.532,4.08,3.32,2026-03-08 04:06:50.452,30.0,2,7,12.228055555558058,0.4683085106383937,12.228055555558058,94.0,153.0,-59.0,-59.000000000005464,0.36,True,10.0,12.0,4559.956388888884,brake_T13,18.54082215377639,235.02796131310697,SOFT,2.0,1.0,0.9599992990915678,15780.911559654724,10261.302213433773,400.0,False,1,False,ON_TRACK_PASS,1.0,4.4,False,0.0,166.60617283950972,-72.60617283950972,0.28813,True,0.28813,-19.81054279749734,9,True,3.0,brake,0.8343155710918263,5465.505555555557,14,941.9556898886449,3,australia_2026_R|ALO|BEA,australia_2026_R|L2|australia_2026_R|ALO|BEA,australia_2026_R_00057,True,v4_t0_anchored_30s_horizon
australia_2026_R_00054,australia_2026_R,2026,Australian Grand Prix,VER,ALB,23,2026-03-08 04:06:22.332,2026-03-08 04:06:26.012,3.68,3.68,2026-03-08 04:06:52.332,30.0,2,7,10.760277777776537,0.32280833333329606,10.682499999998981,120.0,89.0,31.0,,,False,15.0,13.0,4577.868333333333,brake_T13,0.6288777093277531,217.11601686865833,HARD,2.0,1.0,0.9558239376754911,16734.680195151614,4436.896532426201,400.0,False,1,False,ON_TRACK_PASS,1.0,0.64,False,-1.0,90.64526931864386,29.354730681356145,0.455325,True,0.455325,62.41747328910923,11,True,3.0,brake,0.8375928423821722,5465.505555555557,14,941.9556898886449,3,australia_2026_R|ALB|VER,australia_2026_R|L2|australia_2026_R|ALB|VER,,True,v4_t0_anchored_30s_horizon
australia_2026_R_00055,australia_2026_R,2026,Australian Grand Prix,LAW,SAI,55,2026-03-08 04:06:22.332,2026-03-08 04:06:26.012,3.68,3.68,2026-03-08 04:06:52.332,30.0,2,15,74.83277777777857,1.3469900000000143,40.96611111111088,200.0,96.0,104.0,,,False,17.0,14.0,4503.093055555556,brake_T13,75.40415548710462,291.8912946464352,MEDIUM,2.0,1.0,0.977898633722781,12753.073682458653,28751.484713430862,400.0,False,1,False,CLOSE_INTERACTION_NO_PASS,0.0,,False,-1.0,186.54689922480583,13.453100775194173,2.081418,True,2.081418,28.744065671311926,11,True,3.0,brake,0.8239115320225534,5465.505555555557,14,941.9556898886449,3,australia_2026_R|LAW|SAI,australia_2026_R|L2|australia_2026_R|LAW|SAI,,True,v4_t0_anchored_30s_horizon
australia_2026_R_00056,australia_2026_R,2026,Australian Grand Prix,ALB,BEA,87,2026-03-08 04:06:24.852,2026-03-08 04:07:24.252,59.4,59.4,2026-03-08 04:06:54.852,30.0,2,197,36.76444444444405,0.9320563380281591,10.153055555556193,142.0,99.0,43.0,,,False,13.0,12.0,4661.924999999998,brake_T14,73.05935020199286,133.05935020199286,MEDIUM,2.0,1.0,0.9970833147023355,21782.190625620537,191.8163955615285,400.0,False,1,False,CLOSE_INTERACTION_NO_PASS,0.0,,False,1.0,85.14970930232572,56.85029069767428,1.3593600000000001,True,1.3593600000000001,10.649781379971998,11,True,3.0,brake,0.8529723284722054,5465.505555555557,14,941.9556898886449,3,australia_2026_R|ALB|BEA,australia_2026_R|L2|australia_2026_R|ALB|BEA,,True,v4_t0_anchored_30s_horizon
australia_2026_R_00057,australia_2026_R,2026,Australian Grand Prix,BEA,ALO,14,2026-03-08 04:06:25.372,2026-03-08 04:06:33.612,8.24,8.24,2026-03-08 04:06:55.372,30.0,2,36,11.351666666663732,0.41278787878777207,11.351666666663732,99.0,156.0,-57.0,-56.53846153845734,0.52,True,12.0,10.0,4712.49861111111,brake_T14,22.485739090880998,82.485739090881,MEDIUM,2.0,1.0,0.9935448706377735,24315.91843339648,127.36285517426111,400.0,False,1,False,UNCERTAIN,,59.16,True,-2.0,155.06586538461568,-56.06586538461568,0.261557,True,0.261557,-53.875901930413356,11,True,3.0,brake,0.862225564169625,5465.505555555557,14,941.9556898886449,3,australia_2026_R|ALO|BEA,australia_2026_R|L2|australia_2026_R|ALO|BEA,australia_2026_R_00053,True,v4_t0_anchored_30s_horizon
australia_2026_R_00058,australia_2026_R,2026,Australian Grand Prix,SAI,ALB,23,2026-03-08 04:06:26.372,2026-03-08 04:06:49.452,23.08,23.08,2026-03-08 04:06:56.372,30.0,2,95,24.034722222219898,0.5692434210525765,18.34583333333012,152.0,154.0,-2.0,,,False,14.0,13.0,4701.425,brake_T14,33.55935020199104,93.55935020199104,SOFT,2.0,1.0,0.9903187460467394,23761.132730175228,141.4756192285172,400.0,False,1,False,UNCERTAIN,,,False,1.0,152.89215686274534,-0.8921568627453382,0.577254,True,0.577254,-19.399520692072763,12,True,3.0,brake,0.8601994732621052,5465.505555555557,14,941.9556898886449,3,australia_2026_R|ALB|SAI,australia_2026_R|L2|australia_2026_R|ALB|SAI,,True,v4_t0_anchored_30s_horizon
australia_2026_R_00059,australia_2026_R,2026,Australian Grand Prix,LIN,HAD,6,2026-03-08 04:06:26.692,2026-03-08 04:06:29.852,3.16,3.16,2026-03-08 04:06:56.692,30.0,2,14,11.20444444444638,0.1545440613027087,11.20444444444638,261.0,288.0,-27.0,-28.57575757575598,1.32,True,5.0,4.0,5010.999444444441,straight_09,,,MEDIUM,2.0,1.0,0.9372064936674539,27792.60131091315,95.91419059177096,400.0,False,1,False,UNCERTAIN,,,False,0.0,285.82172309027726,-24.82172309027726,0.139409,True,0.139409,-37.548311098497116,12,True,3.0,straight,0.9168409753697676,5465.505555555557,14,941.9556898886449,3,australia_2026_R|HAD|LIN,australia_2026_R|L2|australia_2026_R|HAD|LIN,australia_2026_R_00036,True,v4_t0_anchored_30s_horizon
australia_2026_R_00060,australia_2026_R,2026,Australian Grand Prix,OCO,ANT,12,2026-03-08 04:06:26.852,2026-03-08 04:07:20.373,53.521,53.521,2026-03-08 04:06:56.852,30.0,2,203,10.129722222219243,0.2586312056736828,10.129722222219243,141.0,245.0,-104.0,-104.00000000002137,0.16,True,8.0,7.0,4836.752222222224,straight_09,,,MEDIUM,2.0,1.0,0.9960773575120955,27792.60131091315,95.91419059177096,400.0,False,1,False,CLOSE_INTERACTION_NO_PASS,0.0,,False,0.0,234.60191326530926,-93.60191326530926,0.151244,True,0.151244,-57.63270049242274,12,True,3.0,straight,0.8849597119713436,5465.505555555557,14,941.9556898886449,3,australia_2026_R|ANT|OCO,australia_2026_R|L2|australia_2026_R|ANT|OCO,australia_2026_R_00039,True,v4_t0_anchored_30s_horizon
australia_2026_R_00061,australia_2026_R,2026,Australian Grand Prix,LAW,COL,43,2026-03-08 04:06:28.093,2026-03-08 04:06:40.452,12.359,12.359,2026-03-08 04:06:58.093,30.0,2,50,11.478611111106147,0.4304479166664806,11.478611111106147,96.0,149.0,-53.0,-30.873048907387243,0.961,True,17.0,16.0,4677.28638888889,brake_T14,57.69796131310159,117.69796131310159,MEDIUM,2.0,1.0,0.998386965942475,22551.793138447476,172.23907297367924,400.0,False,1,False,UNCERTAIN,,,False,-1.0,145.10306807286838,-49.10306807286838,0.272785,True,0.272785,-28.08207601426004,12,True,3.0,brake,0.855782935603192,5465.505555555557,14,941.9556898886449,3,australia_2026_R|COL|LAW,australia_2026_R|L2|australia_2026_R|COL|LAW,,True,v4_t0_anchored_30s_horizon
australia_2026_R_00062,australia_2026_R,2026,Australian Grand Prix,PER,LAW,30,2026-03-08 04:06:28.093,2026-03-08 04:06:37.692,9.599,9.599,2026-03-08 04:06:58.093,30.0,2,39,35.64666666666744,1.2339230769231038,35.64666666666744,104.0,96.0,8.0,,,False,19.0,17.0,4641.607222222222,brake_T14,93.37712797976928,153.37712797976928,MEDIUM,2.0,1.0,0.9934469917785128,20764.27402016672,217.71038813608104,400.0,False,1,False,CLOSE_INTERACTION_NO_PASS,0.0,,False,0.0,81.0649553571422,22.935044642857804,1.397535,True,1.397535,9.985984548912862,12,True,3.0,brake,0.8492548722238765,5465.505555555557,14,941.9556898886449,3,australia_2026_R|LAW|PER,australia_2026_R|L2|australia_2026_R|LAW|PER,,True,v4_t0_anchored_30s_horizon
australia_2026_R_00063,australia_2026_R,2026,Australian Grand Prix,BOT,STR,18,2026-03-08 04:06:28.093,2026-03-08 04:06:35.732,7.639,5.799,2026-03-08 04:06:58.093,30.0,2,25,23.21805555555602,1.1144666666666891,17.42111111111717,75.0,91.0,-16.0,,,False,18.0,20.0,4619.013888888888,corner_T13,115.97046131310344,175.97046131310344,HARD,2.0,1.0,1.0,19361.434139173583,1524.0467340199943,400.0,False,1,False,ON_TRACK_PASS,1.0,7.959,False,3.0,92.718070652174,-17.718070652174006,0.893336,True,0.893336,-24.92888693506767,12,True,3.0,corner,0.8451210673811811,5465.505555555557,14,941.9556898886449,3,australia_2026_R|BOT|STR,australia_2026_R|L2|australia_2026_R|BOT|STR,australia_2026_R_00075,True,v4_t0_anchored_30s_horizon
australia_2026_R_00064,australia_2026_R,2026,Australian Grand Prix,VER,SAI,55,2026-03-08 04:06:29.692,2026-03-08 04:06:49.452,19.76,16.96,2026-03-08 04:06:59.692,30.0,2,47,10.355555555557657,0.18547263681595805,10.005555555555475,201.0,212.0,-11.0,-12.68440659925435,1.879,True,15.0,14.0,4852.016111111111,straight_09,,,HARD,2.0,1.0,0.9464783462568818,27792.60131091315,95.91419059177096,400.0,False,1,False,UNCERTAIN,,83.841,True,-1.0,203.29433962264054,-2.2943396226405355,0.174113,True,0.174113,-8.231926756455733,13,True,3.0,straight,0.8877524799474682,5465.505555555557,14,941.9556898886449,3,australia_2026_R|SAI|VER,australia_2026_R|L2|australia_2026_R|SAI|VER,,True,v4_t0_anchored_30s_horizon
australia_2026_R_00065,australia_2026_R,2026,Australian Grand Prix,ANT,NOR,1,2026-03-08 04:06:30.172,2026-03-08 04:07:20.373,50.201,49.6,2026-03-08 04:07:00.172,30.0,2,152,98.59638888889003,1.1792259136212762,10.073055555556266,301.0,304.0,-3.0,,,False,7.0,6.0,5102.538888888887,straight_09,,,MEDIUM,2.0,1.0,0.9675842274848728,25219.469639544663,87.03413511281694,362.9666666666699,True,1,False,CLOSE_INTERACTION_NO_PASS,0.0,78.881,True,0.0,289.76443853231297,11.235561467687035,1.177453,True,1.177453,-6.850267954002276,12,True,3.0,straight,0.9335895530656404,5465.505555555557,14,941.9556898886449,3,australia_2026_R|ANT|NOR,australia_2026_R|L2|australia_2026_R|ANT|NOR,,True,v4_t0_anchored_30s_horizon
australia_2026_R_00066,australia_2026_R,2026,Australian Grand Prix,HAD,HAM,44,2026-03-08 04:06:31.772,2026-03-08 04:06:34.773,3.001,3.001,2026-03-08 04:07:01.772,30.0,3,12,95.95666666666665,1.288970149253731,77.60111111111104,268.0,156.0,112.0,124.97916666666659,1.92,True,4.0,3.0,265.1197222222222,brake_T1,58.764018324784956,201.58061433334558,MEDIUM,3.0,1.0,0.9016133224077991,17072.082638110496,55102.85175653132,400.0,False,1,False,CLOSE_INTERACTION_NO_PASS,0.0,,False,0.0,260.0,8.0,1.943411,True,1.943411,101.5927701866028,14,True,3.0,brake,0.04850781314323874,5465.505555555557,14,941.9556898886449,3,australia_2026_R|HAD|HAM,australia_2026_R|L3|australia_2026_R|HAD|HAM,,False,v4_t0_anchored_30s_horizon
australia_2026_R_00067,australia_2026_R,2026,Australian Grand Prix,GAS,OCO,31,2026-03-08 04:06:32.252,2026-03-08 04:07:21.613,49.361,49.081,2026-03-08 04:07:02.252,30.0,3,185,65.98361111111112,1.0238836206896553,10.10083333333364,232.0,277.0,-45.0,,,False,9.0,8.0,26.70388888888889,straight_01,297.17985165811825,439.9964476666789,MEDIUM,3.0,1.0,0.9515133145765173,16262.701260516073,99519.97197602528,400.00000000000006,False,1,False,CLOSE_INTERACTION_NO_PASS,0.0,49.681,True,0.0,305.0,-73.0,0.802495,True,0.802495,-11.830234992697322,14,True,3.0,straight,0.004885895479832605,5465.505555555557,14,941.9556898886449,3,australia_2026_R|GAS|OCO,australia_2026_R|L3|australia_2026_R|GAS|OCO,australia_2026_R_00051,False,v4_t0_anchored_30s_horizon
australia_2026_R_00068,australia_2026_R,2026,Australian Grand Prix,ALO,GAS,10,2026-03-08 04:06:32.812,2026-03-08 04:07:13.773,40.961,40.961,2026-03-08 04:07:02.812,30.0,3,153,38.34972222222222,0.4664155405405406,10.04833333333329,296.0,296.0,0.0,,,False,12.0,9.0,27.993333333333332,straight_01,295.8904072136738,438.70700322223445,SOFT,3.0,1.0,0.9217588722097727,16218.735560696055,99516.38764731119,400.0,False,1,False,CLOSE_INTERACTION_NO_PASS,0.0,,False,2.0,232.0,64.0,0.539991,True,0.539991,6.403111051465464,14,True,3.0,straight,0.005121819573466314,5465.505555555557,14,941.9556898886449,3,australia_2026_R|ALO|GAS,australia_2026_R|L3|australia_2026_R|ALO|GAS,,False,v4_t0_anchored_30s_horizon
australia_2026_R_00069,australia_2026_R,2026,Australian Grand Prix,BOR,ALO,14,2026-03-08 04:06:33.212,2026-03-08 04:07:13.773,40.561,27.561,2026-03-08 04:07:03.212,30.0,3,89,34.98027777777778,0.4225805369127517,10.031111111111159,298.0,299.0,-1.0,,,False,10.0,12.0,26.30972222222222,straight_01,297.57401832478496,440.3906143333456,MEDIUM,3.0,1.0,0.9608294790114679,16276.141012356788,99521.06765944736,400.0,False,1,False,CLOSE_INTERACTION_NO_PASS,0.0,40.801,True,-1.0,295.89761824324324,2.102381756756756,0.420476,True,0.420476,-5.6407666832268974,14,True,3.0,straight,0.00481377650334268,5465.505555555557,14,941.9556898886449,3,australia_2026_R|ALO|BOR,australia_2026_R|L3|australia_2026_R|ALO|BOR,australia_2026_R_00048,False,v4_t0_anchored_30s_horizon
australia_2026_R_00070,australia_2026_R,2026,Australian Grand Prix,STR,PER,11,2026-03-08 04:06:39.132,2026-03-08 04:06:54.533,15.401,14.6,2026-03-08 04:07:09.132,30.0,3,58,72.89111111111112,0.8865135135135136,13.111944444444816,296.0,315.0,-19.0,,,False,20.0,18.0,31.8975,straight_01,291.9862405470072,434.8028365555678,MEDIUM,3.0,1.0,0.9187701947391289,16085.616665614121,99505.5350535851,399.99999999999994,False,1,False,ON_TRACK_PASS,1.0,15.561,False,0.0,306.08064903846156,-10.080649038461559,0.837849,True,0.837849,-15.037782862440787,14,True,3.0,straight,0.0058361481249574335,5465.505555555557,14,941.9556898886449,3,australia_2026_R|PER|STR,australia_2026_R|L3|australia_2026_R|PER|STR,,False,v4_t0_anchored_30s_horizon
australia_2026_R_00071,australia_2026_R,2026,Australian Grand Prix,COL,VER,3,2026-03-08 04:06:39.612,2026-03-08 04:06:44.732,5.12,5.12,2026-03-08 04:07:09.612,30.0,3,22,94.61694444444453,1.2902310606060619,60.13583333333338,264.0,143.0,121.0,92.91666666666643,1.92,True,16.0,14.0,252.24111111111108,brake_T1,71.64262943589608,214.4592254444567,HARD,3.0,1.0,0.9601959251313149,16291.898097153013,64501.86767957379,400.0,False,1,False,CLOSE_INTERACTION_NO_PASS,0.0,,False,0.0,287.20077220077224,-23.200772200772235,1.891505,True,1.891505,58.063909880310376,14,True,3.0,brake,0.04615146916367397,5465.505555555557,14,941.9556898886449,3,australia_2026_R|COL|VER,australia_2026_R|L3|australia_2026_R|COL|VER,,False,v4_t0_anchored_30s_horizon
australia_2026_R_00072,australia_2026_R,2026,Australian Grand Prix,HAM,LEC,16,2026-03-08 04:06:40.933,2026-03-08 04:06:50.892,9.959,9.959,2026-03-08 04:07:10.933,30.0,3,43,96.38499999999931,1.3714861660078954,48.59861111111081,253.0,126.0,127.0,96.43920044419764,1.8010000000000002,True,3.0,1.0,956.320555555556,brake_T3,95.9687187246202,313.850435486617,MEDIUM,3.0,1.0,0.8836217297679563,7301.791257602602,73570.51244631747,400.0,False,1,False,CLOSE_INTERACTION_NO_PASS,0.0,,False,0.0,268.43158914728593,-15.431589147285933,1.954728,True,1.954728,66.04309150190268,12,True,3.0,brake,0.17497385115334457,5465.505555555557,14,941.9556898886449,3,australia_2026_R|HAM|LEC,australia_2026_R|L3|australia_2026_R|HAM|LEC,,False,v4_t0_anchored_30s_horizon
australia_2026_R_00073,australia_2026_R,2026,Australian Grand Prix,PER,BOT,77,2026-03-08 04:06:45.812,2026-03-08 04:06:54.533,8.721,8.721,2026-03-08 04:07:15.812,30.0,3,34,45.60611111111109,0.9172178770949717,39.870833333332826,179.0,194.0,-15.0,,,False,18.0,19.0,458.1483333333333,corner_T2,594.1409409468429,8.552003222234475,MEDIUM,3.0,1.0,0.9955256819482996,26317.508715681954,2195.5927353277557,400.0,False,1,False,CLOSE_INTERACTION_NO_PASS,0.0,42.081,True,-1.0,167.43757396449706,11.562426035502938,0.907491,True,0.907491,-7.361644208520592,12,True,3.0,corner,0.08382542633547163,5465.505555555557,14,941.9556898886449,3,australia_2026_R|BOT|PER,australia_2026_R|L3|australia_2026_R|BOT|PER,,False,v4_t0_anchored_30s_horizon
australia_2026_R_00074,australia_2026_R,2026,Australian Grand Prix,BOT,LAW,30,2026-03-08 04:06:47.413,2026-03-08 04:07:20.052,32.639,32.639,2026-03-08 04:07:17.413,30.0,3,105,14.950555555555525,0.42048437499999913,10.04694444444408,128.0,242.0,-114.0,-32.875702685821324,1.601,True,19.0,17.0,590.2299999999999,straight_02,462.0592742801763,679.9409910421731,HARD,3.0,1.0,0.9665689570740763,22758.019537876582,42567.23233650055,400.0,False,1,False,ON_TRACK_PASS,1.0,8.08,False,1.0,236.4735717412013,-108.47357174120131,0.221747,True,0.221747,-18.09785502897678,13,True,3.0,straight,0.10799183973018654,5465.505555555557,14,941.9556898886449,3,australia_2026_R|BOT|LAW,australia_2026_R|L3|australia_2026_R|BOT|LAW,,False,v4_t0_anchored_30s_horizon
australia_2026_R_00075,australia_2026_R,2026,Australian Grand Prix,STR,BOT,77,2026-03-08 04:06:54.693,2026-03-08 04:07:05.652,10.959,10.959,2026-03-08 04:07:24.693,30.0,3,39,38.74472222222221,0.7498978494623654,23.328611111111513,186.0,124.0,62.0,,,False,20.0,19.0,1022.6294444444443,brake_T3,29.659829835731898,247.5415465977287,MEDIUM,3.0,1.0,0.9763276315508559,10440.00094690144,27078.795351434215,400.0,False,1,False,CLOSE_INTERACTION_NO_PASS,0.0,49.519,True,0.0,174.4166666666666,11.5833333333334,1.024777,True,1.024777,53.287931130079144,11,True,3.0,brake,0.18710610282061932,5465.505555555557,14,941.9556898886449,3,australia_2026_R|BOT|STR,australia_2026_R|L3|australia_2026_R|BOT|STR,australia_2026_R_00063,False,v4_t0_anchored_30s_horizon
australia_2026_R_00076,australia_2026_R,2026,Australian Grand Prix,LIN,HAD,6,2026-03-08 04:07:10.492,2026-03-08 04:07:32.052,21.56,21.56,2026-03-08 04:07:40.492,30.0,3,81,99.93666666666513,1.142133333333316,15.964722222222463,315.0,303.0,12.0,6.001705514498512,1.759,True,5.0,4.0,2451.0769444444445,straight_05,798.0848798643797,962.5716307110565,MEDIUM,3.0,1.0,0.9324931942316806,33375.17958748221,561.2371077207505,400.0,False,1,False,CLOSE_INTERACTION_NO_PASS,0.0,,False,0.0,299.91347962382446,15.086520376175542,1.1876,True,1.1876,2.3188981302491203,12,True,3.0,straight,0.44846298654897215,5465.505555555557,14,941.9556898886449,3,australia_2026_R|HAD|LIN,australia_2026_R|L3|australia_2026_R|HAD|LIN,,False,v4_t0_anchored_30s_horizon
australia_2026_R_00077,australia_2026_R,2026,Australian Grand Prix,BEA,ALO,14,2026-03-08 04:07:14.013,2026-03-08 04:07:24.252,10.239,9.239,2026-03-08 04:07:44.013,30.0,3,35,79.21750000000111,0.9319705882353072,11.895555555554438,306.0,300.0,6.0,,,False,11.0,12.0,2388.1691666666666,straight_05,860.9926576421576,1025.4794084888345,MEDIUM,3.0,1.0,0.9523414255628853,33375.17958748221,561.2371077207505,400.0,False,1,False,ON_TRACK_PASS,1.0,10.519,False,-1.0,299.7695555555555,6.230444444444515,0.948653,True,0.948653,-4.414708502215356,13,True,3.0,straight,0.43695302152591337,5465.505555555557,14,941.9556898886449,3,australia_2026_R|ALO|BEA,australia_2026_R|L3|australia_2026_R|ALO|BEA,australia_2026_R_00092,False,v4_t0_anchored_30s_horizon
australia_2026_R_00078,australia_2026_R,2026,Australian Grand Prix,BOR,GAS,10,2026-03-08 04:07:14.013,2026-03-08 04:07:21.613,7.6,7.6,2026-03-08 04:07:44.013,30.0,3,29,66.12222222222181,0.750914826498418,66.0222222222219,317.0,318.0,-1.0,,,False,10.0,9.0,2468.294722222223,straight_05,780.8671020866013,945.3538529332782,MEDIUM,3.0,1.0,0.9577853538135579,33375.17958748221,561.2371077207505,400.0,False,1,False,CLOSE_INTERACTION_NO_PASS,0.0,,False,-1.0,318.0,-1.0,0.74777,True,0.74777,-13.303019166203205,13,True,3.0,straight,0.4516132491555625,5465.505555555557,14,941.9556898886449,3,australia_2026_R|BOR|GAS,australia_2026_R|L3|australia_2026_R|BOR|GAS,,False,v4_t0_anchored_30s_horizon
australia_2026_R_00079,australia_2026_R,2026,Australian Grand Prix,RUS,LEC,16,2026-03-08 04:07:14.573,2026-03-08 04:13:47.533,392.96,385.96,2026-03-08 04:07:44.573,30.0,3,1446,17.640277777775736,0.3414247311827562,12.636666666666656,186.0,292.0,-106.0,-97.07142857142213,0.56,True,2.0,1.0,3266.5444444444474,corner_T9,87.10413071105359,147.10413071105359,MEDIUM,3.0,1.0,0.9524703365361369,22161.774675558503,6458.426671772487,400.0,False,1,False,CLOSE_INTERACTION_NO_PASS,0.0,,False,1.0,292.0,-106.0,0.218928,True,0.218928,-33.6438598717009,13,True,3.0,corner,0.5976655610795386,5465.505555555557,14,941.9556898886449,3,australia_2026_R|LEC|RUS,australia_2026_R|L3|australia_2026_R|LEC|RUS,,False,v4_t0_anchored_30s_horizon
australia_2026_R_00080,australia_2026_R,2026,Australian Grand Prix,HAM,RUS,63,2026-03-08 04:07:16.332,2026-03-08 04:07:19.612,3.28,3.28,2026-03-08 04:07:46.332,30.0,3,13,95.51472222222355,1.369932270916354,88.52583333333496,251.0,187.0,64.0,99.65036952814184,1.759,True,3.0,2.0,3257.375277777779,corner_T9,96.27329737772197,156.27329737772197,MEDIUM,3.0,1.0,0.857548096578089,21636.970016742136,7608.201410989183,400.0,False,1,False,CLOSE_INTERACTION_NO_PASS,0.0,,False,0.0,198.3241487455218,52.675851254478204,1.936467,True,1.936467,102.95633512133814,11,True,3.0,corner,0.5959879181655454,5465.505555555557,14,941.9556898886449,3,australia_2026_R|HAM|RUS,australia_2026_R|L3|australia_2026_R|HAM|RUS,,False,v4_t0_anchored_30s_horizon
australia_2026_R_00081,australia_2026_R,2026,Australian Grand Prix,ALO,BOR,5,2026-03-08 04:07:16.332,2026-03-08 04:07:24.252,7.92,7.92,2026-03-08 04:07:46.332,30.0,3,32,10.53611111111104,0.12041269841269761,10.53611111111104,315.0,332.0,-17.0,-15.225696418419126,1.759,True,12.0,10.0,2667.558611111112,straight_05,581.6032131977122,746.089964044389,SOFT,3.0,1.0,0.9289778207724133,33375.17958748221,561.2371077207505,400.0,False,1,False,CLOSE_INTERACTION_NO_PASS,0.0,,False,2.0,332.0,-17.0,0.115054,True,0.115054,-14.467512967743733,11,True,3.0,straight,0.4880717042542573,5465.505555555557,14,941.9556898886449,3,australia_2026_R|ALO|BOR,australia_2026_R|L3|australia_2026_R|ALO|BOR,,False,v4_t0_anchored_30s_horizon
australia_2026_R_00082,australia_2026_R,2026,Australian Grand Prix,OCO,NOR,1,2026-03-08 04:07:20.533,2026-03-08 04:08:26.013,65.48,65.48,2026-03-08 04:07:50.533,30.0,3,216,58.911666666668225,0.7574357142857344,10.282222222222344,280.0,223.0,57.0,,,False,8.0,7.0,3167.2438888888873,brake_T9,81.91793541993684,246.40468626661368,MEDIUM,3.0,1.0,0.9276898620963799,16716.233273180995,52043.65824783315,400.0,False,1,False,CLOSE_INTERACTION_NO_PASS,0.0,,False,0.0,292.0,-12.0,0.870092,True,0.870092,18.43484396569829,13,True,3.0,brake,0.579496966327197,5465.505555555557,14,941.9556898886449,3,australia_2026_R|NOR|OCO,australia_2026_R|L3|australia_2026_R|NOR|OCO,,False,v4_t0_anchored_30s_horizon
australia_2026_R_00083,australia_2026_R,2026,Australian Grand Prix,ANT,LIN,41,2026-03-08 04:07:20.533,2026-03-08 04:07:32.052,11.519,10.839,2026-03-08 04:07:50.533,30.0,3,35,58.76527777777801,0.6716031746031773,13.2524999999996,315.0,196.0,119.0,,,False,6.0,5.0,3227.9022222222216,brake_T9,21.259602086602627,185.74635293327947,MEDIUM,3.0,1.0,0.9180834861417254,20011.823974116545,19902.87296461699,400.0,False,1,False,ON_TRACK_PASS,1.0,11.679,False,-1.0,219.99320987654363,95.00679012345637,1.040796,True,1.040796,71.3454762511108,13,True,3.0,brake,0.5905953601933741,5465.505555555557,14,941.9556898886449,3,australia_2026_R|ANT|LIN,australia_2026_R|L3|australia_2026_R|ANT|LIN,australia_2026_R_00098,False,v4_t0_anchored_30s_horizon
australia_2026_R_00084,australia_2026_R,2026,Australian Grand Prix,BOR,OCO,31,2026-03-08 04:07:21.933,2026-03-08 04:07:26.933,5.0,5.0,2026-03-08 04:07:51.933,30.0,3,20,92.98666666666486,1.182869257950507,76.94166666666433,283.0,199.0,84.0,,,False,10.0,8.0,3160.765277777778,brake_T9,88.39654653104617,252.883297377723,MEDIUM,3.0,1.0,0.9362563934001452,16364.2478268381,55476.45366460392,400.0,False,1,False,CLOSE_INTERACTION_NO_PASS,0.0,,False,-1.0,288.8502455357116,-5.850245535711622,1.483296,True,1.483296,40.28069629401587,12,True,3.0,brake,0.5783116027692873,5465.505555555557,14,941.9556898886449,3,australia_2026_R|BOR|OCO,australia_2026_R|L3|australia_2026_R|BOR|OCO,,False,v4_t0_anchored_30s_horizon
australia_2026_R_00085,australia_2026_R,2026,Australian Grand Prix,GAS,ANT,12,2026-03-08 04:07:23.252,2026-03-08 04:07:33.773,10.521,9.88,2026-03-08 04:07:53.252,30.0,3,33,51.60138888888696,0.5629242424242213,10.2402777777761,330.0,209.0,121.0,,,False,9.0,6.0,3380.621944444446,corner_T10,677.1434958838445,33.02663071105508,MEDIUM,3.0,1.0,0.922128968790839,27233.503071160467,1223.5705314620855,400.0,False,1,False,ON_TRACK_PASS,1.0,11.561,False,0.0,252.0260044642717,77.9739955357283,0.909658,True,0.909658,51.04037123572846,13,True,3.0,corner,0.6185378296813043,5465.505555555557,14,941.9556898886449,3,australia_2026_R|ANT|GAS,australia_2026_R|L3|australia_2026_R|ANT|GAS,,False,v4_t0_anchored_30s_horizon
australia_2026_R_00086,australia_2026_R,2026,Australian Grand Prix,NOR,GAS,10,2026-03-08 04:07:23.892,2026-03-08 04:07:32.972,9.08,9.08,2026-03-08 04:07:53.892,30.0,3,17,24.50472222222379,0.4220909090909361,11.004722222222881,209.0,330.0,-121.0,-123.75000000000256,0.64,True,7.0,9.0,3414.82388888889,straight_06,642.9415514394004,702.9415514394004,MEDIUM,3.0,1.0,0.94822425495554,28368.367906205833,1291.7542670491134,400.0,False,1,False,CLOSE_INTERACTION_NO_PASS,0.0,38.241,True,1.0,330.0,-121.0,0.266887,True,0.266887,-130.76275084226035,11,True,3.0,straight,0.6247956120761422,5465.505555555557,14,941.9556898886449,3,australia_2026_R|GAS|NOR,australia_2026_R|L3|australia_2026_R|GAS|NOR,,False,v4_t0_anchored_30s_horizon
australia_2026_R_00087,australia_2026_R,2026,Australian Grand Prix,BEA,BOR,5,2026-03-08 04:07:24.532,2026-03-08 04:07:56.212,31.68,31.68,2026-03-08 04:07:54.532,30.0,3,118,33.97750000000087,0.6370781250000165,12.813055555557185,192.0,187.0,5.0,,,False,11.0,10.0,3280.6127777777797,corner_T9,73.03579737772134,133.03579737772134,MEDIUM,3.0,1.0,0.9383810423448192,22966.987094910997,4694.317142784835,400.0,False,1,False,CLOSE_INTERACTION_NO_PASS,0.0,,False,-1.0,187.33868092691603,4.661319073083973,0.656256,True,0.656256,40.39280719758264,12,True,3.0,corner,0.6002395834074515,5465.505555555557,14,941.9556898886449,3,australia_2026_R|BEA|BOR,australia_2026_R|L3|australia_2026_R|BEA|BOR,,False,v4_t0_anchored_30s_horizon
australia_2026_R_00088,australia_2026_R,2026,Australian Grand Prix,ALB,ALO,14,2026-03-08 04:07:24.532,2026-03-08 04:07:42.812,18.28,12.72,2026-03-08 04:07:54.532,30.0,3,49,68.74166666666724,1.0666810344827675,10.634999999999764,232.0,170.0,62.0,,,False,13.0,12.0,3210.9861111111104,brake_T9,38.175713197713776,202.66246404439062,MEDIUM,3.0,1.0,0.9553670592775778,19092.765117563125,28866.144211479077,400.0,False,1,False,ON_TRACK_PASS,1.0,18.72,False,0.0,184.48280497592344,47.51719502407656,1.445016,True,1.445016,106.0150740151169,12,True,3.0,brake,0.5875002922368671,5465.505555555557,14,941.9556898886449,3,australia_2026_R|ALB|ALO,australia_2026_R|L3|australia_2026_R|ALB|ALO,,False,v4_t0_anchored_30s_horizon
australia_2026_R_00089,australia_2026_R,2026,Australian Grand Prix,LAW,COL,43,2026-03-08 04:07:26.492,2026-03-08 04:07:33.292,6.8,6.8,2026-03-08 04:07:56.492,30.0,3,26,98.80305555555788,1.2524330985915788,83.94444444444707,284.0,261.0,23.0,30.469387755102172,1.96,True,17.0,16.0,3127.929444444444,straight_05,121.23237986438016,285.719130711057,MEDIUM,3.0,1.0,0.9133380149910791,14662.645716505773,72219.79680387153,400.0,False,1,False,CLOSE_INTERACTION_NO_PASS,0.0,,False,0.0,282.81039007092215,1.1896099290778466,1.3220779999999999,True,1.3220779999999999,28.115707685846193,11,True,3.0,straight,0.5723037718377173,5465.505555555557,14,941.9556898886449,3,australia_2026_R|COL|LAW,australia_2026_R|L3|australia_2026_R|COL|LAW,,False,v4_t0_anchored_30s_horizon
australia_2026_R_00090,australia_2026_R,2026,Australian Grand Prix,STR,BOT,77,2026-03-08 04:07:27.893,2026-03-08 04:07:52.092,24.199,21.639,2026-03-08 04:07:57.893,30.0,3,63,62.22138888889049,0.7368322368421242,11.669444444450164,304.0,282.0,22.0,,,False,20.0,19.0,3062.0294444444435,straight_05,187.1323798643807,351.61913071105755,MEDIUM,3.0,1.0,0.9123968705402972,15487.517940996064,72099.44410187217,400.0,False,1,False,ON_TRACK_PASS,1.0,16.319,False,0.0,304.1110411041105,-0.11104110411048396,0.764429,True,0.764429,7.230927654347613,11,True,3.0,straight,0.5602463328084925,5465.505555555557,14,941.9556898886449,3,australia_2026_R|BOT|STR,australia_2026_R|L3|australia_2026_R|BOT|STR,australia_2026_R_00106,False,v4_t0_anchored_30s_horizon
australia_2026_R_00091,australia_2026_R,2026,Australian Grand Prix,PER,LAW,30,2026-03-08 04:07:28.253,2026-03-08 04:07:32.052,3.799,3.799,2026-03-08 04:07:58.253,30.0,3,14,96.73749999999836,1.2850738007379858,89.44944444444263,271.0,207.0,64.0,64.00000000000547,0.36,True,18.0,17.0,3152.072777777779,brake_T9,97.08904653104537,261.5757973777222,MEDIUM,3.0,1.0,0.9413782898434306,15891.980941256905,60082.31341579491,400.0,False,1,False,CLOSE_INTERACTION_NO_PASS,0.0,,False,-1.0,278.5784122863938,-7.578412286393814,1.449565,True,1.449565,44.946596217505125,11,True,3.0,brake,0.5767211735012823,5465.505555555557,14,941.9556898886449,3,australia_2026_R|LAW|PER,australia_2026_R|L3|australia_2026_R|LAW|PER,,False,v4_t0_anchored_30s_horizon
australia_2026_R_00092,australia_2026_R,2026,Australian Grand Prix,ALO,BEA,87,2026-03-08 04:07:30.412,2026-03-08 04:07:42.812,12.4,12.4,2026-03-08 04:08:00.412,30.0,3,49,10.660000000001673,0.1410882352941398,10.660000000001673,272.0,285.0,-13.0,-8.263730288200568,1.839,True,12.0,11.0,3640.5388888888892,straight_06,417.2265514394012,477.2265514394012,SOFT,3.0,1.0,0.9213539908337225,21766.789712454658,65782.52826729849,400.0,False,1,False,CLOSE_INTERACTION_NO_PASS,0.0,,False,2.0,282.55870927318256,-10.558709273182558,0.136712,True,0.136712,-8.426215782102009,10,True,3.0,straight,0.6660937129939183,5465.505555555557,14,941.9556898886449,3,australia_2026_R|ALO|BEA,australia_2026_R|L3|australia_2026_R|ALO|BEA,australia_2026_R_00077,True,v4_t0_anchored_30s_horizon
australia_2026_R_00093,australia_2026_R,2026,Australian Grand Prix,BOT,PER,11,2026-03-08 04:07:33.132,2026-03-08 04:07:41.253,8.121,5.4,2026-03-08 04:08:03.132,30.0,3,24,10.4650000000006,0.19724607329844063,10.4650000000006,191.0,213.0,-22.0,-7.183673469387625,1.96,True,19.0,18.0,3415.2925000000014,straight_06,642.472940328289,702.472940328289,HARD,3.0,1.0,0.9673595047923712,28368.367906205833,1291.7542670491134,400.0,False,1,False,ON_TRACK_PASS,1.0,8.401,False,1.0,206.61256038647335,-15.612560386473348,0.179371,True,0.179371,-6.7239950936028565,13,True,3.0,straight,0.6248813518318423,5465.505555555557,14,941.9556898886449,3,australia_2026_R|BOT|PER,australia_2026_R|L3|australia_2026_R|BOT|PER,,False,v4_t0_anchored_30s_horizon
australia_2026_R_00094,australia_2026_R,2026,Australian Grand Prix,SAI,ALO,14,2026-03-08 04:07:43.252,2026-03-08 04:07:49.253,6.001,5.401,2026-03-08 04:08:13.252,30.0,3,19,19.844722222223936,0.359000000000031,10.956111111110658,199.0,173.0,26.0,,,False,15.0,12.0,4278.116944444445,brake_T12,50.97587981226934,110.97587981226934,SOFT,3.0,1.0,0.9890889151549539,9435.587020599878,46128.92438649246,400.0,False,1,False,CLOSE_INTERACTION_NO_PASS,0.0,,False,1.0,179.5215317919081,19.478468208091897,0.409924,True,0.409924,-8.742428325617857,12,True,3.0,brake,0.7827486224208189,5465.505555555557,14,941.9556898886449,3,australia_2026_R|ALO|SAI,australia_2026_R|L3|australia_2026_R|ALO|SAI,,True,v4_t0_anchored_30s_horizon
australia_2026_R_00095,australia_2026_R,2026,Australian Grand Prix,ALB,BEA,87,2026-03-08 04:07:43.252,2026-03-08 04:07:51.492,8.24,8.24,2026-03-08 04:08:13.252,30.0,3,29,67.14972222222241,1.1566459330143573,39.805555555556566,209.0,187.0,22.0,,,False,13.0,11.0,4300.432500000001,brake_T12,28.660324256713466,88.66032425671347,MEDIUM,3.0,1.0,0.987903034659989,9050.309382864589,45395.44649136307,400.0,False,1,False,UNCERTAIN,,,False,0.0,202.0332785987958,6.966721401204211,1.2460040000000001,True,1.2460040000000001,-6.535809611103682,12,True,3.0,brake,0.786831603460491,5465.505555555557,14,941.9556898886449,3,australia_2026_R|ALB|BEA,australia_2026_R|L3|australia_2026_R|ALB|BEA,,True,v4_t0_anchored_30s_horizon
australia_2026_R_00096,australia_2026_R,2026,Australian Grand Prix,NOR,LIN,41,2026-03-08 04:07:44.212,2026-03-08 04:07:47.973,3.761,3.761,2026-03-08 04:08:14.212,30.0,3,16,44.30055555555555,1.2362945736434106,40.65611111111048,129.0,98.0,31.0,,,False,7.0,5.0,4555.998055555557,brake_T13,22.499155487103963,238.98629464643454,MEDIUM,3.0,1.0,0.9856222267698458,15570.139680929979,11548.42875770463,400.0,False,1,False,CLOSE_INTERACTION_NO_PASS,0.0,,False,1.0,132.44466501240618,-3.444665012406176,1.513676,True,1.513676,51.97184307749361,11,True,3.0,brake,0.8335913318987467,5465.505555555557,14,941.9556898886449,3,australia_2026_R|LIN|NOR,australia_2026_R|L3|australia_2026_R|LIN|NOR,,True,v4_t0_anchored_30s_horizon
australia_2026_R_00097,australia_2026_R,2026,Australian Grand Prix,ANT,HAD,6,2026-03-08 04:07:47.973,2026-03-08 04:07:55.293,7.32,7.32,2026-03-08 04:08:17.973,30.0,3,27,10.332222222225028,0.2479733333334007,10.332222222225028,150.0,179.0,-29.0,-24.645161290320413,1.24,True,6.0,4.0,4753.437499999998,corner_T14,,41.54685020199304,MEDIUM,3.0,1.0,0.9366429546003656,26165.244534267153,97.84730573141111,400.0,False,1,False,UNCERTAIN,,,False,-1.0,155.2788826815545,-5.2788826815545065,0.197675,True,0.197675,-41.5857792109732,14,True,3.0,corner,0.8697159762591845,5465.505555555557,14,941.9556898886449,3,australia_2026_R|ANT|HAD,australia_2026_R|L3|australia_2026_R|ANT|HAD,,True,v4_t0_anchored_30s_horizon
australia_2026_R_00098,australia_2026_R,2026,Australian Grand Prix,LIN,ANT,12,2026-03-08 04:07:48.173,2026-03-08 04:07:55.293,7.12,3.919,2026-03-08 04:08:18.173,30.0,3,16,31.130277777779156,0.7471266666666998,17.65583333333234,150.0,156.0,-6.0,,,False,5.0,6.0,4730.973888888886,brake_T14,4.010461313105225,64.01046131310522,MEDIUM,3.0,1.0,0.9606473534023187,25241.526157137807,103.8170367868884,400.0,False,1,False,ON_TRACK_PASS,1.0,7.36,False,0.0,139.63779629629528,10.362203703704722,0.739126,True,0.739126,12.619184161865318,14,True,3.0,brake,0.8656059061325009,5465.505555555557,14,941.9556898886449,3,australia_2026_R|ANT|LIN,australia_2026_R|L3|australia_2026_R|ANT|LIN,australia_2026_R_00083,True,v4_t0_anchored_30s_horizon
australia_2026_R_00099,australia_2026_R,2026,Australian Grand Prix,GAS,LIN,41,2026-03-08 04:07:49.053,2026-03-08 04:07:53.533,4.48,4.48,2026-03-08 04:08:19.053,30.0,3,15,12.71583333333092,0.3576328124999321,12.71583333333092,128.0,164.0,-36.0,-41.818181818183476,0.88,True,9.0,5.0,4757.213611111111,corner_T14,,37.77073909087994,MEDIUM,3.0,1.0,0.977709455040434,26313.15177575867,97.67160871653834,400.0,False,1,False,ON_TRACK_PASS,1.0,24.88,False,0.0,159.81307926829356,-31.813079268293563,0.279128,True,0.279128,-52.12109226036432,12,True,3.0,corner,0.8704068750374823,5465.505555555557,14,941.9556898886449,3,australia_2026_R|GAS|LIN,australia_2026_R|L3|australia_2026_R|GAS|LIN,,True,v4_t0_anchored_30s_horizon
australia_2026_R_00100,australia_2026_R,2026,Australian Grand Prix,COL,SAI,55,2026-03-08 04:07:49.532,2026-03-08 04:08:54.093,64.561,64.161,2026-03-08 04:08:19.532,30.0,3,243,37.28416666666635,0.7803662790697609,11.725277777778047,172.0,90.0,82.0,,,False,16.0,15.0,4536.998611111113,brake_T13,41.49859993154769,257.98573909087827,HARD,3.0,1.0,0.9563402966375679,14558.464245067835,17726.455520873955,400.0,False,1,False,CLOSE_INTERACTION_NO_PASS,0.0,,False,0.0,160.52484276729518,11.475157232704817,1.219993,True,1.219993,35.90697388303687,12,True,3.0,brake,0.8301150854195658,5465.505555555557,14,941.9556898886449,3,australia_2026_R|COL|SAI,australia_2026_R|L3|australia_2026_R|COL|SAI,,True,v4_t0_anchored_30s_horizon
australia_2026_R_00101,australia_2026_R,2026,Australian Grand Prix,VER,ALB,23,2026-03-08 04:07:51.652,2026-03-08 04:08:45.893,54.241,44.041,2026-03-08 04:08:21.652,30.0,3,161,19.294722222223754,0.8470853658537257,10.022222222221671,82.0,108.0,-26.0,,,False,14.0,13.0,4626.624444444444,corner_T13,108.3599057575475,168.3599057575475,HARD,3.0,1.0,0.9838476586431176,19848.547320985585,1015.3151938047984,400.0,False,1,False,UNCERTAIN,,54.481,True,-1.0,90.470695970695,-8.470695970695004,0.623516,True,0.623516,-2.291771590765703,12,True,3.0,corner,0.8465135379364109,5465.505555555557,14,941.9556898886449,3,australia_2026_R|ALB|VER,australia_2026_R|L3|australia_2026_R|ALB|VER,,True,v4_t0_anchored_30s_horizon
australia_2026_R_00102,australia_2026_R,2026,Australian Grand Prix,STR,LAW,30,2026-03-08 04:07:53.533,2026-03-08 04:07:56.972,3.439,3.439,2026-03-08 04:08:23.533,30.0,3,16,76.0250000000051,1.4107731958763832,62.58055555555893,194.0,86.0,108.0,,,False,20.0,17.0,4529.126388888884,brake_T13,49.37082215377632,265.8579613131069,MEDIUM,3.0,1.0,0.9756371719702565,14139.287049062725,20286.256662257736,400.0,False,1,False,CLOSE_INTERACTION_NO_PASS,0.0,,False,0.0,156.39562043796556,37.60437956203444,2.709554,True,2.709554,93.31509329517783,9,True,3.0,brake,0.828674738841887,5465.505555555557,14,941.9556898886449,3,australia_2026_R|LAW|STR,australia_2026_R|L3|australia_2026_R|LAW|STR,,True,v4_t0_anchored_30s_horizon
australia_2026_R_00103,australia_2026_R,2026,Australian Grand Prix,SAI,VER,3,2026-03-08 04:07:53.533,2026-03-08 04:08:45.893,52.36,52.36,2026-03-08 04:08:23.533,30.0,3,189,11.111944444442997,0.3174841269840856,10.154999999999745,126.0,140.0,-14.0,-8.448697501329374,1.881,True,15.0,14.0,4677.25638888889,brake_T14,57.72796131310133,117.72796131310133,SOFT,3.0,1.0,0.9985257388770883,22550.290144444032,172.27730647469136,400.0,False,1,False,CLOSE_INTERACTION_NO_PASS,0.0,,False,1.0,131.12559808612608,-5.125598086126075,0.339219,True,0.339219,-6.191419625229212,9,True,3.0,brake,0.8557774466324656,5465.505555555557,14,941.9556898886449,3,australia_2026_R|SAI|VER,australia_2026_R|L3|australia_2026_R|SAI|VER,,True,v4_t0_anchored_30s_horizon
australia_2026_R_00104,australia_2026_R,2026,Australian Grand Prix,LIN,HAD,6,2026-03-08 04:07:56.013,2026-03-08 04:08:13.653,17.64,17.64,2026-03-08 04:08:26.013,30.0,4,66,99.96277777777779,1.1760326797385623,32.43833333333373,306.0,302.0,4.0,3.999999999999666,0.16,True,5.0,4.0,52.03611111111111,straight_01,271.84762943589607,414.6642254444567,MEDIUM,4.0,1.0,0.9305608258737015,15398.958054831844,99449.55481932346,400.0,False,1,False,CLOSE_INTERACTION_NO_PASS,0.0,,False,0.0,300.0,6.0,1.198166,True,1.198166,0.7138065613823772,13,True,3.0,straight,0.009520823020336633,5465.505555555557,14,941.9556898886449,3,australia_2026_R|HAD|LIN,australia_2026_R|L4|australia_2026_R|HAD|LIN,,False,v4_t0_anchored_30s_horizon
australia_2026_R_00105,australia_2026_R,2026,Australian Grand Prix,ANT,LIN,41,2026-03-08 04:07:56.652,2026-03-08 04:08:15.693,19.041,19.041,2026-03-08 04:08:26.652,30.0,4,69,66.6625,0.8190614334470989,27.514444444443825,293.0,309.0,-16.0,-211.90259159963475,1.119,True,6.0,5.0,40.04083333333333,straight_01,283.8429072136738,426.65950322223443,MEDIUM,4.0,1.0,0.9065868787974071,15807.956507078237,99482.89865104694,400.0,False,1,False,CLOSE_INTERACTION_NO_PASS,0.0,108.321,True,0.0,305.11799428104575,-12.117994281045753,0.78012,True,0.78012,-30.52953373122064,13,True,3.0,straight,0.007326098734385654,5465.505555555557,14,941.9556898886449,3,australia_2026_R|ANT|LIN,australia_2026_R|L4|australia_2026_R|ANT|LIN,australia_2026_R_00098,False,v4_t0_anchored_30s_horizon
australia_2026_R_00106,australia_2026_R,2026,Australian Grand Prix,BOT,STR,18,2026-03-08 04:07:57.132,2026-03-08 04:08:04.492,7.36,4.641,2026-03-08 04:08:27.132,30.0,3,17,15.75166666666155,0.5786326530610365,10.90611111110502,98.0,97.0,1.0,,,False,19.0,20.0,4623.067500000004,corner_T13,111.91685020198747,171.91685020198747,HARD,3.0,1.0,0.9992535219404031,19620.88529116244,1253.0809932225322,400.0,False,1,False,ON_TRACK_PASS,1.0,7.76,False,1.0,90.2545707070701,7.745429292929899,0.592011,True,0.592011,-4.955640533531811,14,True,3.0,corner,0.8458627391386996,5465.505555555557,14,941.9556898886449,3,australia_2026_R|BOT|STR,australia_2026_R|L3|australia_2026_R|BOT|STR,australia_2026_R_00090,True,v4_t0_anchored_30s_horizon
australia_2026_R_00107,australia_2026_R,2026,Australian Grand Prix,NOR,ANT,12,2026-03-08 04:07:57.812,2026-03-08 04:08:02.453,4.641,4.641,2026-03-08 04:08:27.812,30.0,4,17,91.41527777777775,1.1270376712328762,53.675833333333344,292.0,297.0,-5.0,,,False,7.0,6.0,44.05555555555556,straight_01,279.8281849914516,422.64478100001224,MEDIUM,4.0,1.0,0.9614462145639464,15671.068041007858,99471.73874089944,400.0,False,1,False,CLOSE_INTERACTION_NO_PASS,0.0,,False,0.0,293.6124152542373,-1.6124152542373054,1.111006,True,1.111006,0.9391111104916375,13,True,3.0,straight,0.008060655159480009,5465.505555555557,14,941.9556898886449,3,australia_2026_R|ANT|NOR,australia_2026_R|L4|australia_2026_R|ANT|NOR,,False,v4_t0_anchored_30s_horizon
australia_2026_R_00108,australia_2026_R,2026,Australian Grand Prix,STR,PER,11,2026-03-08 04:07:59.492,2026-03-08 04:08:04.492,5.0,5.0,2026-03-08 04:08:29.492,30.0,3,19,11.000277777782685,0.2675743243244437,11.000277777782685,148.0,161.0,-13.0,-14.660000000001128,2.0,True,20.0,18.0,4724.978888888886,brake_T14,10.005461313105116,70.00546131310512,MEDIUM,3.0,1.0,0.9959395598094685,24941.17785544655,111.4573647392019,400.0,False,1,False,UNCERTAIN,,,False,0.0,153.1890527950273,-5.189052795027294,0.24995,True,0.24995,-19.250943000837037,12,True,3.0,brake,0.8645090268156541,5465.505555555557,14,941.9556898886449,3,australia_2026_R|PER|STR,australia_2026_R|L3|australia_2026_R|PER|STR,,True,v4_t0_anchored_30s_horizon
australia_2026_R_00109,australia_2026_R,2026,Australian Grand Prix,BEA,BOR,5,2026-03-08 04:08:00.373,2026-03-08 04:08:24.652,24.279,24.279,2026-03-08 04:08:30.373,30.0,4,94,76.00111111111111,0.9500138888888889,46.97249999999963,288.0,297.0,-9.0,87.20046484602051,1.721,True,11.0,10.0,18.93611111111111,straight_01,304.94762943589603,447.76422544445666,MEDIUM,4.0,1.0,0.9601230719862067,16527.556243231913,99541.56442931281,400.0,False,1,False,CLOSE_INTERACTION_NO_PASS,0.0,,False,0.0,,,,False,,-44.30632976855025,12,True,3.0,straight,0.003464658652091754,5465.505555555557,14,941.9556898886449,3,australia_2026_R|BEA|BOR,australia_2026_R|L4|australia_2026_R|BEA|BOR,,False,v4_t0_anchored_30s_horizon
australia_2026_R_00110,australia_2026_R,2026,Australian Grand Prix,BOR,OCO,31,2026-03-08 04:08:02.133,2026-03-08 04:08:08.413,6.28,6.28,2026-03-08 04:08:32.133,30.0,4,26,84.34333333333333,1.0883010752688171,50.74388888888882,279.0,166.0,113.0,,,False,10.0,8.0,237.9938888888889,brake_T1,85.88985165811826,228.70644766667888,MEDIUM,4.0,1.0,0.9616941356469576,15428.803277885296,74899.7178336373,400.0,False,1,False,CLOSE_INTERACTION_NO_PASS,0.0,,False,0.0,261.3731175390266,17.626882460973377,1.463231,True,1.463231,56.86628503150096,11,True,3.0,brake,0.04354471630661389,5465.505555555557,14,941.9556898886449,3,australia_2026_R|BOR|OCO,australia_2026_R|L4|australia_2026_R|BOR|OCO,,False,v4_t0_anchored_30s_horizon
australia_2026_R_00111,australia_2026_R,2026,Australian Grand Prix,NOR,GAS,10,2026-03-08 04:08:02.812,2026-03-08 04:08:12.732,9.92,9.92,2026-03-08 04:08:32.812,30.0,4,39,13.350277777777762,0.31619078947368384,13.350277777777762,152.0,302.0,-150.0,,,False,7.0,9.0,370.6144444444444,corner_T1,36.08589211112337,96.08589211112337,MEDIUM,4.0,1.0,1.0,23444.083782614387,4094.229336127656,400.0,False,1,False,ON_TRACK_PASS,1.0,23.441,False,0.0,302.0,-150.0,0.161635,True,0.161635,-110.31860150440549,10,True,3.0,corner,0.06780972787919383,5465.505555555557,14,941.9556898886449,3,australia_2026_R|GAS|NOR,australia_2026_R|L4|australia_2026_R|GAS|NOR,,False,v4_t0_anchored_30s_horizon
australia_2026_R_00112,australia_2026_R,2026,Australian Grand Prix,GAS,ANT,12,2026-03-08 04:08:02.812,2026-03-08 04:08:12.732,9.92,9.72,2026-03-08 04:08:32.812,30.0,4,38,43.70749999999998,0.5210165562913905,11.429722222222267,302.0,177.0,125.0,,,False,9.0,6.0,384.1738888888889,brake_T2,22.526447666678905,82.5264476666789,MEDIUM,4.0,1.0,0.934998646235473,24253.988453963753,1789.579406764937,400.0,False,1,False,ON_TRACK_PASS,1.0,10.161,False,0.0,151.36353046594982,150.63646953405018,0.940825,True,0.940825,141.4705498540496,10,True,3.0,brake,0.07029064099996847,5465.505555555557,14,941.9556898886449,3,australia_2026_R|ANT|GAS,australia_2026_R|L4|australia_2026_R|ANT|GAS,,False,v4_t0_anchored_30s_horizon
australia_2026_R_00113,australia_2026_R,2026,Australian Grand Prix,BOT,PER,11,2026-03-08 04:08:04.892,2026-03-08 04:08:43.772,38.88,38.88,2026-03-08 04:08:34.892,30.0,3,150,61.228888888886104,0.8133726937269004,21.986388888888996,271.0,289.0,-18.0,,,False,19.0,18.0,5028.643888888896,straight_09,,,HARD,3.0,1.0,0.9755182188729958,27792.60131091315,95.91419059177096,400.0,False,1,False,CLOSE_INTERACTION_NO_PASS,0.0,,False,1.0,279.92933401118563,-8.929334011185631,0.769964,True,0.769964,-17.790508927584707,11,True,3.0,straight,0.9200693033378035,5465.505555555557,14,941.9556898886449,3,australia_2026_R|BOT|PER,australia_2026_R|L3|australia_2026_R|BOT|PER,,True,v4_t0_anchored_30s_horizon
australia_2026_R_00114,australia_2026_R,2026,Australian Grand Prix,STR,BOT,77,2026-03-08 04:08:07.573,2026-03-08 04:09:10.572,62.999,61.88,2026-03-08 04:08:37.573,30.0,4,216,41.141111111111115,0.4871973684210527,10.046944444444534,304.0,298.0,6.0,-79.32704053301772,1.8010000000000002,True,20.0,19.0,21.048888888888897,straight_01,302.8348516581183,445.6514476666789,MEDIUM,4.0,1.0,0.9625156658869392,16455.517657960252,99535.69144262616,400.0,False,1,False,CLOSE_INTERACTION_NO_PASS,0.0,63.239,True,0.0,298.0,6.0,0.495718,True,0.495718,-16.232718807587617,12,True,3.0,straight,0.003851224497886238,5465.505555555557,14,941.9556898886449,3,australia_2026_R|BOT|STR,australia_2026_R|L4|australia_2026_R|BOT|STR,australia_2026_R_00106,False,v4_t0_anchored_30s_horizon
australia_2026_R_00115,australia_2026_R,2026,Australian Grand Prix,PER,LAW,30,2026-03-08 04:08:08.853,2026-03-08 04:08:13.653,4.8,4.8,2026-03-08 04:08:38.853,30.0,4,17,95.48777777777778,1.1124789644012947,64.00555555555559,309.0,152.0,157.0,104.44680851063832,1.88,True,18.0,17.0,239.79250000000005,brake_T1,84.09124054700712,226.90783655556774,MEDIUM,4.0,1.0,0.9312201649007916,15537.76289876185,73587.06274009933,400.0,False,1,False,CLOSE_INTERACTION_NO_PASS,0.0,,False,0.0,289.0,20.0,1.762726,True,1.762726,79.84402961151436,13,True,3.0,brake,0.04387380043118914,5465.505555555557,14,941.9556898886449,3,australia_2026_R|LAW|PER,australia_2026_R|L4|australia_2026_R|LAW|PER,,False,v4_t0_anchored_30s_horizon
australia_2026_R_00116,australia_2026_R,2026,Australian Grand Prix,HAD,HAM,44,2026-03-08 04:08:08.853,2026-03-08 04:08:12.732,3.879,3.879,2026-03-08 04:08:38.853,30.0,4,14,94.0086111111109,1.6508829268292646,72.5263888888885,205.0,96.0,109.0,144.40425531914926,1.88,True,4.0,3.0,987.799722222222,brake_T3,64.48955205795414,282.37126881995096,MEDIUM,4.0,1.0,0.8919790977621422,8869.800619420941,51490.95744495753,400.0,False,1,False,CLOSE_INTERACTION_NO_PASS,0.0,,False,0.0,209.05032317636184,-4.050323176361843,2.588424,True,2.588424,142.61573688518405,13,True,3.0,brake,0.18073345863094897,5465.505555555557,14,941.9556898886449,3,australia_2026_R|HAD|HAM,australia_2026_R|L4|australia_2026_R|HAD|HAM,,False,v4_t0_anchored_30s_horizon
australia_2026_R_00117,australia_2026_R,2026,Australian Grand Prix,OCO,NOR,1,2026-03-08 04:08:28.493,2026-03-08 04:08:31.812,3.319,3.319,2026-03-08 04:08:58.493,30.0,4,15,35.87361111111227,0.4910456273764417,30.430555555556793,263.0,216.0,47.0,,,False,8.0,7.0,1764.686666666666,brake_T6,70.01883377432637,422.51946775351325,MEDIUM,4.0,1.0,0.9682850441135151,21014.160760141072,28600.830116200148,400.0,False,1,False,CLOSE_INTERACTION_NO_PASS,0.0,,False,0.0,239.02259887005684,23.97740112994316,0.585084,True,0.585084,7.893823839473704,12,True,3.0,brake,0.3228771151596221,5465.505555555557,14,941.9556898886449,3,australia_2026_R|NOR|OCO,australia_2026_R|L4|australia_2026_R|NOR|OCO,,False,v4_t0_anchored_30s_horizon
australia_2026_R_00118,australia_2026_R,2026,Australian Grand Prix,OCO,GAS,10,2026-03-08 04:08:32.132,2026-03-08 04:08:44.692,12.56,10.041,2026-03-08 04:09:02.132,30.0,4,36,40.18666666666809,0.6345263157894961,10.369444444443616,228.0,199.0,29.0,,,False,8.0,9.0,1973.0327777777766,corner_T7,154.17335664240272,214.17335664240272,MEDIUM,4.0,1.0,0.9917494651464018,31009.53408662579,260.73201963868325,400.0,False,1,False,CLOSE_INTERACTION_NO_PASS,0.0,,False,0.0,188.27894736842075,39.721052631579255,0.737684,True,0.737684,4.113314808538015,13,True,3.0,corner,0.3609973053219634,5465.505555555557,14,941.9556898886449,3,australia_2026_R|GAS|OCO,australia_2026_R|L4|australia_2026_R|GAS|OCO,,False,v4_t0_anchored_30s_horizon
australia_2026_R_00119,australia_2026_R,2026,Australian Grand Prix,GAS,NOR,1,2026-03-08 04:08:33.493,2026-03-08 04:08:44.692,11.199,9.44,2026-03-08 04:09:03.493,30.0,4,35,11.209444444445126,0.16404065040651405,10.250555555557185,246.0,265.0,-19.0,-25.83100661278508,1.361,True,9.0,7.0,2100.7044444444446,brake_T8,26.501689975734735,86.50168997573473,MEDIUM,4.0,1.0,0.9200893667096003,32697.922419160503,439.8672119834045,400.0,False,1,False,ON_TRACK_PASS,1.0,11.479,False,0.0,260.73035040431256,-14.73035040431256,0.149437,True,0.149437,-34.84701449290065,12,True,3.0,brake,0.3843568400198822,5465.505555555557,14,941.9556898886449,3,australia_2026_R|GAS|NOR,australia_2026_R|L4|australia_2026_R|GAS|NOR,australia_2026_R_00125,False,v4_t0_anchored_30s_horizon
australia_2026_R_00120,australia_2026_R,2026,Australian Grand Prix,LIN,HAD,6,2026-03-08 04:08:35.973,2026-03-08 04:09:10.572,34.599,34.599,2026-03-08 04:09:05.973,30.0,4,133,99.69138888888847,1.1393301587301539,27.23472222222017,315.0,294.0,21.0,14.886363636365601,1.76,True,5.0,4.0,2468.396388888888,straight_05,780.7654354199362,945.2521862666131,MEDIUM,4.0,1.0,0.9335664313025753,33375.17958748221,561.2371077207505,400.0,False,1,False,CLOSE_INTERACTION_NO_PASS,0.0,,False,0.0,293.0519451530612,21.948054846938817,1.223377,True,1.223377,10.464961486938174,10,True,3.0,straight,0.4516318506674687,5465.505555555557,14,941.9556898886449,3,australia_2026_R|HAD|LIN,australia_2026_R|L4|australia_2026_R|HAD|LIN,,False,v4_t0_anchored_30s_horizon
australia_2026_R_00121,australia_2026_R,2026,Australian Grand Prix,HAM,RUS,63,2026-03-08 04:08:39.173,2026-03-08 04:09:56.813,77.64,77.64,2026-03-08 04:09:09.173,30.0,4,287,95.93611111111022,1.0759190031152548,10.213055555552273,321.0,257.0,64.0,37.49233390119187,1.7610000000000001,True,3.0,2.0,3087.920833333333,straight_05,161.24099097549106,325.7277418221679,MEDIUM,4.0,1.0,0.8368254751258879,15163.43467016266,72146.72936152761,400.0,False,1,False,CLOSE_INTERACTION_NO_PASS,0.0,,False,0.0,296.4805067567567,24.51949324324329,1.24905,True,1.24905,29.474344363429246,10,True,3.0,straight,0.5649835686644824,5465.505555555557,14,941.9556898886449,3,australia_2026_R|HAM|RUS,australia_2026_R|L4|australia_2026_R|HAM|RUS,,False,v4_t0_anchored_30s_horizon
australia_2026_R_00122,australia_2026_R,2026,Australian Grand Prix,GAS,ANT,12,2026-03-08 04:08:45.692,2026-03-08 04:08:51.732,6.04,6.04,2026-03-08 04:09:15.692,30.0,4,24,99.47944444444738,1.09518654434254,56.759444444448036,327.0,195.0,132.0,123.33333333333259,0.72,True,9.0,6.0,3140.8874999999975,brake_T9,108.27432430882664,272.7610751555035,MEDIUM,4.0,1.0,0.87066373912499,15284.280475283505,66009.01122684794,400.0,False,1,False,ON_TRACK_PASS,1.0,13.600999999999999,False,0.0,318.0,9.0,1.536808,True,1.536808,50.583687156784656,12,True,3.0,brake,0.5746746514249463,5465.505555555557,14,941.9556898886449,3,australia_2026_R|ANT|GAS,australia_2026_R|L4|australia_2026_R|ANT|GAS,,False,v4_t0_anchored_30s_horizon
australia_2026_R_00123,australia_2026_R,2026,Australian Grand Prix,SAI,ALB,23,2026-03-08 04:08:46.133,2026-03-08 04:08:54.093,7.96,7.96,2026-03-08 04:09:16.133,30.0,4,32,79.8019444444426,0.8977718749999792,30.99416666666548,320.0,327.0,-7.0,,,False,15.0,14.0,2667.8361111111117,straight_05,581.3257131977125,745.8124640443893,SOFT,4.0,1.0,0.9408716626712614,33375.17958748221,561.2371077207505,400.0,False,1,False,CLOSE_INTERACTION_NO_PASS,0.0,94.92,True,0.0,325.99566170026304,-5.995661700263042,0.881607,True,0.881607,-8.136844785882383,12,True,3.0,straight,0.4881224772334774,5465.505555555557,14,941.9556898886449,3,australia_2026_R|ALB|SAI,australia_2026_R|L4|australia_2026_R|ALB|SAI,,False,v4_t0_anchored_30s_horizon
australia_2026_R_00124,australia_2026_R,2026,Australian Grand Prix,VER,ALO,14,2026-03-08 04:08:46.133,2026-03-08 04:09:40.533,54.4,52.24,2026-03-08 04:09:16.133,30.0,4,138,29.032777777777483,0.3129281437125717,10.071111111112259,334.0,314.0,20.0,,,False,13.0,12.0,2748.0880555555564,straight_05,501.0737687532678,665.5605195999447,HARD,4.0,1.0,0.9191365486653861,32110.009937612318,10624.167407139532,400.0,False,1,False,ON_TRACK_PASS,1.0,18.799,False,-1.0,314.4929809550971,19.507019044902904,0.339089,True,0.339089,14.655249829398173,12,True,3.0,straight,0.502805829693502,5465.505555555557,14,941.9556898886449,3,australia_2026_R|ALO|VER,australia_2026_R|L4|australia_2026_R|ALO|VER,,False,v4_t0_anchored_30s_horizon
australia_2026_R_00125,australia_2026_R,2026,Australian Grand Prix,NOR,GAS,10,2026-03-08 04:08:46.573,2026-03-08 04:08:58.973,12.4,12.4,2026-03-08 04:09:16.573,30.0,4,27,11.429166666664514,0.14642348754445642,11.327222222219007,281.0,306.0,-25.0,-24.724547158025562,1.601,True,7.0,9.0,3206.706666666666,brake_T9,42.455157642158156,206.941908488835,MEDIUM,4.0,1.0,0.9176151340888008,18860.261246433336,31133.676098062457,400.0,False,1,False,CLOSE_INTERACTION_NO_PASS,0.0,32.16,True,0.0,312.5348930481274,-31.5348930481274,0.136921,True,0.136921,-22.07319316400529,11,True,3.0,brake,0.5867173007274916,5465.505555555557,14,941.9556898886449,3,australia_2026_R|GAS|NOR,australia_2026_R|L4|australia_2026_R|GAS|NOR,australia_2026_R_00119,False,v4_t0_anchored_30s_horizon
australia_2026_R_00126,australia_2026_R,2026,Australian Grand Prix,BEA,BOR,5,2026-03-08 04:08:47.133,2026-03-08 04:11:11.973,144.84,138.8,2026-03-08 04:09:17.133,30.0,4,530,98.92722222222119,1.0958092307692193,10.192777777778133,325.0,305.0,20.0,20.254651780967173,1.881,True,11.0,10.0,2968.4652777777774,straight_05,280.6965465310468,445.18329737772365,MEDIUM,4.0,1.0,0.9214646330788877,18211.25694310908,72021.84979708029,400.0,False,1,False,CLOSE_INTERACTION_NO_PASS,0.0,,False,0.0,308.3567318132464,16.643268186753573,1.162807,True,1.162807,20.13496922278656,11,True,3.0,straight,0.5431273004123841,5465.505555555557,14,941.9556898886449,3,australia_2026_R|BEA|BOR,australia_2026_R|L4|australia_2026_R|BEA|BOR,,False,v4_t0_anchored_30s_horizon
australia_2026_R_00127,australia_2026_R,2026,Australian Grand Prix,ALB,VER,3,2026-03-08 04:08:49.812,2026-03-08 04:09:04.652,14.84,14.84,2026-03-08 04:09:19.812,30.0,4,60,10.760000000002037,0.12912000000002447,10.104444444446472,300.0,329.0,-29.0,-13.112056028014672,1.999,True,14.0,13.0,3074.7316666666657,straight_05,174.43015764215852,338.91690848883536,MEDIUM,4.0,1.0,0.9250457928507324,15328.523854495088,72122.64208010951,400.0,False,1,False,CLOSE_INTERACTION_NO_PASS,0.0,,False,1.0,328.26986879591414,-28.269868795914135,0.116455,True,0.116455,-9.226955878138877,12,True,3.0,straight,0.5625704036731375,5465.505555555557,14,941.9556898886449,3,australia_2026_R|ALB|VER,australia_2026_R|L4|australia_2026_R|ALB|VER,,False,v4_t0_anchored_30s_horizon
australia_2026_R_00128,australia_2026_R,2026,Australian Grand Prix,ALO,BEA,87,2026-03-08 04:08:50.732,2026-03-08 04:08:54.093,3.361,3.361,2026-03-08 04:09:20.732,30.0,4,15,98.14249999999856,1.2618321428571244,90.5647222222201,280.0,216.0,64.0,22.260847371108177,1.959,True,12.0,11.0,3164.0458333333345,brake_T9,85.1159909754897,249.60274182216654,SOFT,4.0,1.0,0.9076942513014864,16542.48167845718,53738.1989858711,400.0,False,1,False,CLOSE_INTERACTION_NO_PASS,0.0,,False,0.0,296.0708191126275,-16.070819112627476,1.361832,True,1.361832,10.29660931224533,13,True,3.0,brake,0.5789118318829914,5465.505555555557,14,941.9556898886449,3,australia_2026_R|ALO|BEA,australia_2026_R|L4|australia_2026_R|ALO|BEA,,False,v4_t0_anchored_30s_horizon
australia_2026_R_00129,australia_2026_R,2026,Australian Grand Prix,COL,ALB,23,2026-03-08 04:08:54.373,2026-03-08 04:08:57.812,3.439,3.439,2026-03-08 04:09:24.373,30.0,4,13,27.05277777777701,0.4367264573990908,14.774999999999181,223.0,165.0,58.0,,,False,16.0,14.0,3314.4691666666663,brake_T10,39.179408488834724,99.17940848883472,HARD,4.0,1.0,0.9412489048094992,24804.49883964179,1120.7696023076305,400.0,False,1,False,ON_TRACK_PASS,1.0,10.959,False,0.0,169.17499999999993,53.825000000000074,0.581,True,0.581,104.96561203683602,13,True,3.0,brake,0.6064341409913282,5465.505555555557,14,941.9556898886449,3,australia_2026_R|ALB|COL,australia_2026_R|L4|australia_2026_R|ALB|COL,,False,v4_t0_anchored_30s_horizon
australia_2026_R_00130,australia_2026_R,2026,Australian Grand Prix,LAW,SAI,55,2026-03-08 04:08:54.373,2026-03-08 04:08:57.812,3.439,3.439,2026-03-08 04:09:24.373,30.0,4,13,79.4108333333329,1.3174147465437716,76.48861111111091,217.0,182.0,35.0,,,False,17.0,15.0,3231.9302777777784,brake_T9,17.23154653104575,181.7182973777226,MEDIUM,4.0,1.0,0.9421205417114054,20230.669789724376,17768.543489908632,400.0,False,1,False,CLOSE_INTERACTION_NO_PASS,0.0,,False,0.0,209.9155339805818,7.084466019418187,1.51831,True,1.51831,77.11573055865834,13,True,3.0,brake,0.5913323561610138,5465.505555555557,14,941.9556898886449,3,australia_2026_R|LAW|SAI,australia_2026_R|L4|australia_2026_R|LAW|SAI,,False,v4_t0_anchored_30s_horizon
australia_2026_R_00131,australia_2026_R,2026,Australian Grand Prix,LAW,COL,43,2026-03-08 04:08:58.132,2026-03-08 04:09:04.092,5.96,5.96,2026-03-08 04:09:28.132,30.0,4,27,81.81972222222112,1.3328099547511132,81.81972222222112,221.0,213.0,8.0,,,False,17.0,16.0,3446.240555555557,straight_06,611.5248847727335,671.5248847727335,MEDIUM,4.0,1.0,0.935976033169774,28368.367906205833,1291.7542670491134,400.0,False,1,False,CLOSE_INTERACTION_NO_PASS,0.0,,False,0.0,199.98565830721057,21.01434169278943,1.400915,True,1.400915,1.6433779785537297,10,True,3.0,straight,0.6305437841980666,5465.505555555557,14,941.9556898886449,3,australia_2026_R|COL|LAW,australia_2026_R|L4|australia_2026_R|COL|LAW,,False,v4_t0_anchored_30s_horizon
australia_2026_R_00132,australia_2026_R,2026,Australian Grand Prix,COL,SAI,55,2026-03-08 04:08:59.773,2026-03-08 04:09:04.092,4.319,3.679,2026-03-08 04:09:29.773,30.0,4,18,10.181944444444525,0.13677238805970257,10.181944444444525,268.0,276.0,-8.0,-15.777574649604555,1.641,True,16.0,15.0,3641.7052777777776,straight_06,416.0601625505128,476.0601625505128,HARD,4.0,1.0,0.9236180647866084,21691.867565128065,66514.44223226921,400.0,False,1,False,ON_TRACK_PASS,1.0,4.639,False,0.0,274.94818840579705,-6.948188405797055,0.126217,True,0.126217,-19.072071854879933,10,True,3.0,straight,0.6663071221428126,5465.505555555557,14,941.9556898886449,3,australia_2026_R|COL|SAI,australia_2026_R|L4|australia_2026_R|COL|SAI,,True,v4_t0_anchored_30s_horizon
australia_2026_R_00133,australia_2026_R,2026,Australian Grand Prix,BOR,OCO,31,2026-03-08 04:09:00.213,2026-03-08 04:09:25.092,24.879,24.879,2026-03-08 04:09:30.213,30.0,4,97,93.44944444444354,1.2368308823529293,29.897500000004584,272.0,113.0,159.0,134.29052876234542,1.721,True,10.0,8.0,3982.9272222222203,brake_T11,74.83821810607014,134.83821810607014,MEDIUM,4.0,1.0,0.8938383567510637,9209.606950415086,63083.74367109469,400.00000000000045,False,1,False,CLOSE_INTERACTION_NO_PASS,0.0,,False,0.0,252.23606927710696,19.763930722893036,2.115518,True,2.115518,104.44402389861067,11,True,3.0,brake,0.728739030952712,5465.505555555557,14,941.9556898886449,3,australia_2026_R|BOR|OCO,australia_2026_R|L4|australia_2026_R|BOR|OCO,,True,v4_t0_anchored_30s_horizon
australia_2026_R_00134,australia_2026_R,2026,Australian Grand Prix,ANT,LIN,41,2026-03-08 04:09:02.093,2026-03-08 04:09:22.853,20.76,19.32,2026-03-08 04:09:32.093,30.0,4,65,21.379166666666606,0.42997206703910495,18.49277777777843,179.0,190.0,-11.0,,,False,6.0,5.0,4201.682777777778,straight_07,127.41004647893624,187.41004647893624,MEDIUM,4.0,1.0,0.9668141239438244,11239.192683837731,46005.61034595864,400.0,False,1,False,UNCERTAIN,,42.88,True,0.0,176.48661695447402,2.513383045525984,0.411527,True,0.411527,4.0936478697490895,14,True,3.0,straight,0.7687637923095452,5465.505555555557,14,941.9556898886449,3,australia_2026_R|ANT|LIN,australia_2026_R|L4|australia_2026_R|ANT|LIN,australia_2026_R_00146,True,v4_t0_anchored_30s_horizon
australia_2026_R_00135,australia_2026_R,2026,Australian Grand Prix,NOR,ANT,12,2026-03-08 04:09:10.012,2026-03-08 04:09:14.053,4.041,4.041,2026-03-08 04:09:40.012,30.0,4,16,27.082777777775846,0.7222074074073559,19.616111111109603,135.0,104.0,31.0,,,False,7.0,6.0,4554.697222222224,brake_T13,23.799988820436738,240.28712797976732,MEDIUM,4.0,1.0,0.9632324228154805,15500.873385626892,11971.419186253866,400.0,False,1,False,CLOSE_INTERACTION_NO_PASS,0.0,,False,0.0,112.91757575757033,22.082424242429667,0.922763,True,0.922763,45.969876965545204,12,True,3.0,brake,0.8333533240291892,5465.505555555557,14,941.9556898886449,3,australia_2026_R|ANT|NOR,australia_2026_R|L4|australia_2026_R|ANT|NOR,,True,v4_t0_anchored_30s_horizon
australia_2026_R_00136,australia_2026_R,2026,Australian Grand Prix,STR,PER,11,2026-03-08 04:09:10.812,2026-03-08 04:09:14.653,3.841,3.841,2026-03-08 04:09:40.812,30.0,4,15,60.81027777777808,1.4215389610389682,55.788055555556184,154.0,104.0,50.0,,,False,20.0,18.0,4026.038333333333,brake_T11,31.727106994957467,91.72710699495747,MEDIUM,4.0,1.0,0.925240628219678,10824.728367094129,36076.23264334112,400.0,False,1,False,CLOSE_INTERACTION_NO_PASS,0.0,,False,0.0,157.10722610722684,-3.107226107226836,1.87816,True,1.87816,108.95947054863677,13,True,3.0,brake,0.7366268851819133,5465.505555555557,14,941.9556898886449,3,australia_2026_R|PER|STR,australia_2026_R|L4|australia_2026_R|PER|STR,,True,v4_t0_anchored_30s_horizon
australia_2026_R_00137,australia_2026_R,2026,Australian Grand Prix,BOT,PER,11,2026-03-08 04:09:14.893,2026-03-08 04:09:21.213,6.32,6.32,2026-03-08 04:09:44.893,30.0,4,20,98.9902777777761,2.1729573170731338,72.54777777777872,164.0,200.0,-36.0,,,False,19.0,18.0,4164.490000000002,straight_07,164.60282425671267,224.60282425671267,HARD,4.0,1.0,0.9676870995926251,12107.585093838326,40058.52987270373,400.0,False,1,False,CLOSE_INTERACTION_NO_PASS,0.0,,False,0.0,161.22408477842131,2.7759152215786855,1.913277,True,1.913277,-48.318166611108836,11,True,3.0,straight,0.7619587900275567,5465.505555555557,14,941.9556898886449,3,australia_2026_R|BOT|PER,australia_2026_R|L4|australia_2026_R|BOT|PER,,True,v4_t0_anchored_30s_horizon
australia_2026_R_00138,australia_2026_R,2026,Australian Grand Prix,COL,VER,3,2026-03-08 04:09:16.493,2026-03-08 04:09:20.173,3.68,3.68,2026-03-08 04:09:46.493,30.0,4,13,47.75583333333452,1.0950382165605368,32.55777777777894,157.0,115.0,42.0,,,False,16.0,13.0,4542.866388888888,brake_T13,35.6308221537729,252.11796131310348,HARD,4.0,1.0,0.9783629196999707,14870.909519887888,15818.437196578989,400.0,False,1,False,CLOSE_INTERACTION_NO_PASS,0.0,,False,0.0,173.69378881987993,-16.693788819879927,1.286937,True,1.286937,9.492279411762599,11,True,3.0,brake,0.8311886874346274,5465.505555555557,14,941.9556898886449,3,australia_2026_R|COL|VER,australia_2026_R|L4|australia_2026_R|COL|VER,,True,v4_t0_anchored_30s_horizon
australia_2026_R_00139,australia_2026_R,2026,Australian Grand Prix,OCO,GAS,10,2026-03-08 04:09:18.733,2026-03-08 04:09:23.412,4.679,4.679,2026-03-08 04:09:48.733,30.0,4,21,59.958055555551255,1.0738756218904704,59.33583333332899,201.0,182.0,19.0,,,False,8.0,9.0,4839.015000000001,straight_09,,,MEDIUM,4.0,1.0,0.9909284608184393,27792.60131091315,95.91419059177096,400.0,False,1,False,CLOSE_INTERACTION_NO_PASS,0.0,,False,0.0,154.53861464968267,46.46138535031733,1.2779099999999999,True,1.2779099999999999,8.339470499958226,11,True,3.0,straight,0.8853737226707704,5465.505555555557,14,941.9556898886449,3,australia_2026_R|GAS|OCO,australia_2026_R|L4|australia_2026_R|GAS|OCO,,True,v4_t0_anchored_30s_horizon
australia_2026_R_00140,australia_2026_R,2026,Australian Grand Prix,PER,LAW,30,2026-03-08 04:09:19.013,2026-03-08 04:09:24.252,5.239,5.239,2026-03-08 04:09:49.013,30.0,4,22,92.73138888888934,1.694583756345186,63.72027777777657,197.0,93.0,104.0,81.58388577256561,1.9609999999999999,True,18.0,17.0,4476.707777777778,brake_T13,101.78943326488297,318.27657242421355,MEDIUM,4.0,1.0,0.9752601168276513,11348.120107409046,37331.154121208856,400.0,False,1,False,CLOSE_INTERACTION_NO_PASS,0.0,,False,0.0,202.62140962485785,-5.621409624857847,2.618433,True,2.618433,68.46112417161802,11,True,3.0,brake,0.8190839314447883,5465.505555555557,14,941.9556898886449,3,australia_2026_R|LAW|PER,australia_2026_R|L4|australia_2026_R|LAW|PER,,True,v4_t0_anchored_30s_horizon
australia_2026_R_00141,australia_2026_R,2026,Australian Grand Prix,GAS,NOR,1,2026-03-08 04:09:19.413,2026-03-08 04:09:23.892,4.479,4.479,2026-03-08 04:09:49.413,30.0,4,19,10.001388888894326,0.17310096153855564,10.001388888894326,208.0,244.0,-36.0,-52.294117647058606,0.68,True,9.0,7.0,4935.041944444442,straight_09,,,MEDIUM,4.0,1.0,0.9372385836822219,27792.60131091315,95.91419059177096,400.0,False,1,False,UNCERTAIN,,,False,0.0,244.0,-36.0,0.144475,True,0.144475,-45.88114809471706,13,True,3.0,straight,0.9029433589044821,5465.505555555557,14,941.9556898886449,3,australia_2026_R|GAS|NOR,australia_2026_R|L4|australia_2026_R|GAS|NOR,,True,v4_t0_anchored_30s_horizon
australia_2026_R_00142,australia_2026_R,2026,Australian Grand Prix,ALB,VER,3,2026-03-08 04:09:20.573,2026-03-08 04:09:40.533,19.96,19.96,2026-03-08 04:09:50.573,30.0,4,75,51.843611111113205,1.3524420289855619,37.670000000000016,138.0,150.0,-12.0,,,False,14.0,13.0,4661.981666666666,brake_T14,73.00268353532556,133.00268353532556,MEDIUM,4.0,1.0,0.9970090241219751,21785.029614293766,191.74417672628203,400.0,False,1,False,CLOSE_INTERACTION_NO_PASS,0.0,,False,1.0,115.7524590163925,22.247540983607493,1.316188,True,1.316188,-10.066246884738568,13,True,3.0,brake,0.8529826965280223,5465.505555555557,14,941.9556898886449,3,australia_2026_R|ALB|VER,australia_2026_R|L4|australia_2026_R|ALB|VER,,True,v4_t0_anchored_30s_horizon
australia_2026_R_00143,australia_2026_R,2026,Australian Grand Prix,BOT,STR,18,2026-03-08 04:09:22.093,2026-03-08 04:09:33.013,10.92,8.039,2026-03-08 04:09:52.093,30.0,4,30,12.348333333333358,0.38322413793103527,10.548055555556857,116.0,200.0,-84.0,-54.58823529412256,0.68,True,19.0,20.0,4523.362222222221,brake_T13,55.1349888204395,271.6221279797701,HARD,4.0,1.0,0.9817531355751953,13832.358820612135,22160.583884727024,400.0,False,1,False,ON_TRACK_PASS,1.0,11.2,False,0.0,198.7162,-82.71619999999999,0.22419,True,0.22419,-18.80600198823506,13,True,3.0,brake,0.8276200941053532,5465.505555555557,14,941.9556898886449,3,australia_2026_R|BOT|STR,australia_2026_R|L4|australia_2026_R|BOT|STR,australia_2026_R_00150,True,v4_t0_anchored_30s_horizon
australia_2026_R_00144,australia_2026_R,2026,Australian Grand Prix,SAI,ALB,23,2026-03-08 04:09:23.053,2026-03-08 04:10:19.933,56.88,56.24,2026-03-08 04:09:53.053,30.0,4,202,13.545555555556348,0.30863291139242316,13.545555555556348,158.0,171.0,-13.0,,,False,15.0,14.0,4753.936944444443,corner_T14,,41.047405757548404,SOFT,4.0,1.0,0.9938656027416578,26184.80737229876,97.82406730028406,400.0,False,1,False,CLOSE_INTERACTION_NO_PASS,0.0,58.0,True,0.0,164.10228413654568,-6.102284136545677,0.29109,True,0.29109,-2.820167548953001,13,True,3.0,corner,0.8698073574570203,5465.505555555557,14,941.9556898886449,3,australia_2026_R|ALB|SAI,australia_2026_R|L4|australia_2026_R|ALB|SAI,,True,v4_t0_anchored_30s_horizon
australia_2026_R_00145,australia_2026_R,2026,Australian Grand Prix,OCO,NOR,1,2026-03-08 04:09:24.252,2026-03-08 04:09:49.493,25.241,25.241,2026-03-08 04:09:54.252,30.0,5,92,61.75666666666665,0.7855971731448761,30.524444444444498,283.0,289.0,-6.0,,,False,8.0,7.0,28.985000000000003,straight_01,294.89874054700715,437.7153365555678,MEDIUM,5.0,1.0,0.9645988451026378,16184.923077206728,99513.6310653402,400.0,False,1,False,CLOSE_INTERACTION_NO_PASS,0.0,,False,0.0,287.1581886574074,-4.158188657407379,0.764069,True,0.764069,-23.122441092824804,13,True,3.0,straight,0.00530326055025915,5465.505555555557,14,941.9556898886449,3,australia_2026_R|NOR|OCO,australia_2026_R|L5|australia_2026_R|NOR|OCO,,False,v4_t0_anchored_30s_horizon
australia_2026_R_00146,australia_2026_R,2026,Australian Grand Prix,LIN,ANT,12,2026-03-08 04:09:24.452,2026-03-08 04:09:36.133,11.681,10.241,2026-03-08 04:09:54.452,30.0,5,19,10.226388888888863,0.14904858299595103,10.08749999999975,247.0,282.0,-35.0,-24.375268048606138,1.399,True,6.0,5.0,242.68305555555557,brake_T1,81.2006849914516,224.01728100001222,MEDIUM,5.0,1.0,0.9198298801603421,15712.87236823543,71477.4891642915,400.0,False,1,False,ON_TRACK_PASS,1.0,11.961,False,1.0,293.54521276595744,-46.545212765957444,0.12828,True,0.12828,-22.54935729847943,13,True,3.0,brake,0.04440267292544858,5465.505555555557,14,941.9556898886449,3,australia_2026_R|ANT|LIN,australia_2026_R|L5|australia_2026_R|ANT|LIN,australia_2026_R_00134,False,v4_t0_anchored_30s_horizon
australia_2026_R_00147,australia_2026_R,2026,Australian Grand Prix,NOR,LIN,41,2026-03-08 04:09:26.173,2026-03-08 04:09:34.013,7.84,7.84,2026-03-08 04:09:56.173,30.0,5,31,96.76888888888891,1.2667927272727275,67.1466666666667,275.0,226.0,49.0,78.25871941697032,1.921,True,7.0,6.0,243.0358333333333,brake_T1,80.84790721367386,223.6645032222345,MEDIUM,5.0,1.0,0.9321759186151464,15734.243598893843,71220.02631196826,400.00000000000006,False,1,False,CLOSE_INTERACTION_NO_PASS,0.0,,False,0.0,246.66171993911723,28.338280060882767,1.7151999999999998,True,1.7151999999999998,53.836833371441216,11,True,3.0,brake,0.04446721915528804,5465.505555555557,14,941.9556898886449,3,australia_2026_R|LIN|NOR,australia_2026_R|L5|australia_2026_R|LIN|NOR,,False,v4_t0_anchored_30s_horizon
australia_2026_R_00148,australia_2026_R,2026,Australian Grand Prix,BOR,GAS,10,2026-03-08 04:09:26.893,2026-03-08 04:09:39.253,12.36,12.36,2026-03-08 04:09:56.893,30.0,5,46,97.95805555555557,1.163858085808581,37.66194444444449,303.0,,,7.733333333333264,1.2,True,10.0,,136.88694444444442,straight_01,186.99679610256274,329.81339211112333,MEDIUM,5.0,1.0,0.9234126092142546,14112.822302132481,99605.79692862145,400.0,False,1,False,INVALID,,,False,0.0,,,,False,,,0,False,3.0,straight,0.025045614363213314,5465.505555555557,14,941.9556898886449,3,australia_2026_R|BOR|GAS,australia_2026_R|L5|australia_2026_R|BOR|GAS,,False,v4_t0_anchored_30s_horizon
australia_2026_R_00149,australia_2026_R,2026,Australian Grand Prix,ALO,BEA,87,2026-03-08 04:09:30.892,2026-03-08 04:09:35.053,4.161,4.161,2026-03-08 04:10:00.892,30.0,5,17,94.27527777777777,1.174363321799308,62.06305555555571,289.0,148.0,141.0,130.79624664879358,1.119,True,14.0,11.0,241.3805555555556,brake_T1,82.50318499145158,225.3197810000122,SOFT,5.0,1.0,0.9062213066279033,15633.967092206061,72428.07445133386,400.0,False,1,False,CLOSE_INTERACTION_NO_PASS,0.0,,False,2.0,258.81125,30.188750000000027,1.9031500000000001,True,1.9031500000000001,85.79407449353539,10,True,3.0,brake,0.04416436011307279,5465.505555555557,14,941.9556898886449,3,australia_2026_R|ALO|BEA,australia_2026_R|L5|australia_2026_R|ALO|BEA,,False,v4_t0_anchored_30s_horizon
australia_2026_R_00150,australia_2026_R,2026,Australian Grand Prix,STR,BOT,77,2026-03-08 04:09:35.893,2026-03-08 04:10:38.053,62.16,61.359,2026-03-08 04:10:05.893,30.0,5,222,44.39583333333333,0.5139067524115756,10.085277777777492,311.0,311.0,0.0,-82.6962765957446,1.88,True,20.0,19.0,42.09583333333333,straight_01,281.78790721367386,424.6045032222345,MEDIUM,5.0,1.0,0.8830276228178179,15737.887948855812,99477.18627193733,400.0,False,1,False,CLOSE_INTERACTION_NO_PASS,0.0,62.4,True,0.0,306.0,5.0,0.520336,True,0.520336,-19.6250950765368,11,True,3.0,straight,0.007702093229151311,5465.505555555557,14,941.9556898886449,3,australia_2026_R|BOT|STR,australia_2026_R|L5|australia_2026_R|BOT|STR,australia_2026_R_00143,False,v4_t0_anchored_30s_horizon
australia_2026_R_00151,australia_2026_R,2026,Australian Grand Prix,LIN,HAD,6,2026-03-08 04:09:36.413,2026-03-08 04:09:40.733,4.32,4.32,2026-03-08 04:10:06.413,30.0,5,17,94.40027777777743,1.4461319148936118,65.78166666666652,235.0,102.0,133.0,,,False,6.0,4.0,982.7375000000002,brake_T3,69.551774280176,287.4334910421728,MEDIUM,5.0,1.0,0.9478609037405888,8617.646173272466,55041.61096664086,400.0,False,1,False,CLOSE_INTERACTION_NO_PASS,0.0,,False,1.0,246.0298611111105,-11.029861111110506,2.336681,True,2.336681,121.75116000368853,11,True,3.0,brake,0.17980724564465417,5465.505555555557,14,941.9556898886449,3,australia_2026_R|HAD|LIN,australia_2026_R|L5|australia_2026_R|HAD|LIN,,False,v4_t0_anchored_30s_horizon
australia_2026_R_00152,australia_2026_R,2026,Australian Grand Prix,BOR,OCO,31,2026-03-08 04:09:39.453,2026-03-08 04:10:51.413,71.96,71.96,2026-03-08 04:10:09.453,30.0,5,280,74.89222222222247,1.0135789473684245,23.90111111110764,266.0,177.0,89.0,,,False,10.0,8.0,933.783333333333,brake_T3,118.50594094684322,336.38765770884004,MEDIUM,5.0,1.0,0.9264284838268727,6179.1892583810995,89378.16843996792,399.9999999999999,False,1,False,CLOSE_INTERACTION_NO_PASS,0.0,,False,0.0,260.1014181206152,5.898581879384778,1.285803,True,1.285803,32.44433608416908,11,True,3.0,brake,0.1708503127188599,5465.505555555557,14,941.9556898886449,3,australia_2026_R|BOR|OCO,australia_2026_R|L5|australia_2026_R|BOR|OCO,,False,v4_t0_anchored_30s_horizon
australia_2026_R_00153,australia_2026_R,2026,Australian Grand Prix,ALB,ALO,14,2026-03-08 04:09:40.733,2026-03-08 04:10:17.812,37.079,35.96,2026-03-08 04:10:10.733,30.0,5,139,79.0583333333334,1.009255319148937,10.408333333335122,282.0,263.0,19.0,,,False,13.0,14.0,739.4702777777776,straight_02,312.8189965023986,530.7007132643954,MEDIUM,5.0,1.0,0.9759456625669948,13572.682559178635,91296.8240686781,399.9999999999999,False,1,False,CLOSE_INTERACTION_NO_PASS,0.0,37.4,True,-1.0,260.9522900763359,21.047709923664115,1.058671,True,1.058671,-0.1448880159919857,12,True,3.0,straight,0.13529769026144772,5465.505555555557,14,941.9556898886449,3,australia_2026_R|ALB|ALO,australia_2026_R|L5|australia_2026_R|ALB|ALO,,False,v4_t0_anchored_30s_horizon
australia_2026_R_00154,australia_2026_R,2026,Australian Grand Prix,ANT,GAS,10,2026-03-08 04:09:41.453,2026-03-08 04:09:48.213,6.76,5.96,2026-03-08 04:10:11.453,30.0,5,24,27.294999999999163,0.7860959999999759,15.549999999999955,125.0,,,,,False,5.0,,1146.819166666667,brake_T4,63.35182437550611,123.35182437550611,MEDIUM,5.0,1.0,0.9974233722027717,16790.902320833156,295.6543269272523,400.0,False,1,False,INVALID,,,False,-1.0,,,,False,,,0,False,3.0,brake,0.20982856114764212,5465.505555555557,14,941.9556898886449,3,australia_2026_R|ANT|GAS,australia_2026_R|L5|australia_2026_R|ANT|GAS,,False,v4_t0_anchored_30s_horizon
australia_2026_R_00155,australia_2026_R,2026,Australian Grand Prix,ALO,VER,3,2026-03-08 04:09:41.733,2026-03-08 04:10:06.573,24.84,24.84,2026-03-08 04:10:11.733,30.0,5,96,10.566944444444516,0.15155776892430384,10.566944444444516,251.0,290.0,-39.0,-37.96000000000013,1.0,True,14.0,12.0,887.8847222222221,straight_02,164.4045520579541,382.2862688199509,SOFT,5.0,1.0,0.9173410247831918,6770.912189552413,90668.1933911838,400.0,False,1,False,CLOSE_INTERACTION_NO_PASS,0.0,,False,2.0,291.85561576354684,-40.85561576354684,0.129893,True,0.129893,-22.692309736747443,12,True,3.0,straight,0.16245244162632097,5465.505555555557,14,941.9556898886449,3,australia_2026_R|ALO|VER,australia_2026_R|L5|australia_2026_R|ALO|VER,,False,v4_t0_anchored_30s_horizon
australia_2026_R_00156,australia_2026_R,2026,Australian Grand Prix,VER,BEA,87,2026-03-08 04:09:42.013,2026-03-08 04:09:53.973,11.96,11.96,2026-03-08 04:10:12.013,30.0,5,46,98.76055555555581,1.2093129251700712,27.883888888889487,294.0,141.0,153.0,117.37499999999972,1.28,True,12.0,11.0,921.2149999999999,straight_02,131.07427428017627,348.9559910421731,HARD,5.0,1.0,0.9651880443842883,6270.901536972879,90486.4803873679,400.0,False,1,False,CLOSE_INTERACTION_NO_PASS,0.0,,False,-1.0,260.846027131783,33.15397286821701,1.833841,True,1.833841,58.841395956954926,12,True,3.0,straight,0.1685507389272721,5465.505555555557,14,941.9556898886449,3,australia_2026_R|BEA|VER,australia_2026_R|L5|australia_2026_R|BEA|VER,,False,v4_t0_anchored_30s_horizon
australia_2026_R_00157,australia_2026_R,2026,Australian Grand Prix,LIN,GAS,10,2026-03-08 04:09:48.373,2026-03-08 04:09:58.573,10.2,9.599,2026-03-08 04:10:18.373,30.0,5,27,36.53972222222251,0.626395238095243,11.371111111111531,210.0,,,,,False,6.0,,1468.9877777777776,straight_04,365.7177226632148,718.2183566424017,MEDIUM,5.0,1.0,0.9752043837773706,18823.389416071732,47028.82239693456,400.0,False,1,False,INVALID,,,False,1.0,,,,False,,,0,False,3.0,straight,0.2687743636605741,5465.505555555557,14,941.9556898886449,3,australia_2026_R|GAS|LIN,australia_2026_R|L5|australia_2026_R|GAS|LIN,,False,v4_t0_anchored_30s_horizon
australia_2026_R_00158,australia_2026_R,2026,Australian Grand Prix,BOT,PER,11,2026-03-08 04:09:49.493,2026-03-08 04:10:01.253,11.76,11.76,2026-03-08 04:10:19.493,30.0,5,46,93.35361111111104,1.2634323308270667,52.30027777777764,266.0,155.0,111.0,70.34090909090938,1.76,True,19.0,18.0,943.0622222222222,brake_T3,109.22705205795398,327.1087688199508,HARD,5.0,1.0,0.9654252832034237,6641.380167026007,82869.93587640763,400.0000000000001,False,1,False,CLOSE_INTERACTION_NO_PASS,0.0,,False,0.0,256.8208823529412,9.179117647058774,1.6971129999999999,True,1.6971129999999999,37.54857760772142,12,True,3.0,brake,0.172548031035047,5465.505555555557,14,941.9556898886449,3,australia_2026_R|BOT|PER,australia_2026_R|L5|australia_2026_R|BOT|PER,,False,v4_t0_anchored_30s_horizon
australia_2026_R_00159,australia_2026_R,2026,Australian Grand Prix,LIN,ANT,12,2026-03-08 04:09:59.013,2026-03-08 04:10:18.373,19.36,19.36,2026-03-08 04:10:29.013,30.0,5,73,62.94000000000051,0.8239418181818249,25.814722222221917,275.0,284.0,-9.0,,,False,6.0,5.0,2147.5877777777773,corner_T8,1101.5740465310469,39.61835664240198,MEDIUM,5.0,1.0,0.9676946201374168,33118.87082026944,505.64887798417334,400.0,False,1,False,CLOSE_INTERACTION_NO_PASS,0.0,36.2,True,1.0,278.00886426592785,-3.008864265927855,0.7998,True,0.7998,-15.78009244956759,12,True,3.0,corner,0.3929348814941383,5465.505555555557,14,941.9556898886449,3,australia_2026_R|ANT|LIN,australia_2026_R|L5|australia_2026_R|ANT|LIN,,False,v4_t0_anchored_30s_horizon
australia_2026_R_00160,australia_2026_R,2026,Australian Grand Prix,NOR,GAS,10,2026-03-08 04:09:59.013,2026-03-08 04:10:04.132,5.119,4.0,2026-03-08 04:10:29.013,30.0,5,17,35.55666666666639,0.48303396226414713,10.712222222220134,265.0,,,,,False,7.0,,2105.721388888889,brake_T8,21.484745531290173,81.48474553129017,MEDIUM,5.0,1.0,0.9840663557021724,32752.649152137383,446.9064504573939,400.0,False,1,False,INVALID,,,False,0.0,,,,False,,,0,False,3.0,brake,0.38527476872628424,5465.505555555557,14,941.9556898886449,3,australia_2026_R|GAS|NOR,australia_2026_R|L5|australia_2026_R|GAS|NOR,,False,v4_t0_anchored_30s_horizon
australia_2026_R_00161,australia_2026_R,2026,Australian Grand Prix,HAM,RUS,63,2026-03-08 04:10:03.612,2026-03-08 04:10:11.293,7.681,7.681,2026-03-08 04:10:33.612,30.0,5,30,99.47361111111195,1.1779769736842205,70.3894444444445,304.0,297.0,7.0,3.6383191595828617,1.999,True,3.0,2.0,3062.185833333333,straight_05,186.9759909754912,351.462741822168,MEDIUM,5.0,1.0,0.8297657682745213,15485.56041670678,72099.72971378933,400.0,False,1,False,CLOSE_INTERACTION_NO_PASS,0.0,,False,0.0,308.5531655844156,-4.553165584415581,1.176012,True,1.176012,3.17565517985274,12,True,3.0,straight,0.5602749466095946,5465.505555555557,14,941.9556898886449,3,australia_2026_R|HAM|RUS,australia_2026_R|L5|australia_2026_R|HAM|RUS,,False,v4_t0_anchored_30s_horizon
australia_2026_R_00162,australia_2026_R,2026,Australian Grand Prix,NOR,LIN,41,2026-03-08 04:10:04.412,2026-03-08 04:10:34.933,30.521,30.521,2026-03-08 04:10:34.412,30.0,5,113,54.65527777777834,0.6110527950310621,34.74805555555395,322.0,320.0,2.0,,,False,7.0,6.0,2545.3108333333334,straight_05,703.8509909754907,868.3377418221676,MEDIUM,5.0,1.0,0.9557366754460807,33375.17958748221,561.2371077207505,400.0,False,1,False,CLOSE_INTERACTION_NO_PASS,0.0,,False,0.0,320.0,2.0,0.617365,True,0.617365,-3.0815569598972647,12,True,3.0,straight,0.46570455513416964,5465.505555555557,14,941.9556898886449,3,australia_2026_R|LIN|NOR,australia_2026_R|L5|australia_2026_R|LIN|NOR,,False,v4_t0_anchored_30s_horizon
australia_2026_R_00163,australia_2026_R,2026,Australian Grand Prix,ANT,HAD,6,2026-03-08 04:10:09.533,2026-03-08 04:10:13.973,4.44,4.44,2026-03-08 04:10:39.533,30.0,5,18,95.15638888888543,1.1305709570956683,79.48194444444152,303.0,252.0,51.0,40.931818181818784,1.76,True,5.0,4.0,3113.2722222222233,straight_05,135.88960208660092,300.37635293327776,MEDIUM,5.0,1.0,0.9129788747087957,14846.11059509897,72193.02842301797,400.0,False,1,False,CLOSE_INTERACTION_NO_PASS,0.0,115.72,True,-1.0,275.25168831168764,27.748311688312356,1.297618,True,1.297618,33.66057187089303,13,True,3.0,straight,0.5696220030473952,5465.505555555557,14,941.9556898886449,3,australia_2026_R|ANT|HAD,australia_2026_R|L5|australia_2026_R|ANT|HAD,,False,v4_t0_anchored_30s_horizon
australia_2026_R_00164,australia_2026_R,2026,Australian Grand Prix,OCO,NOR,1,2026-03-08 04:10:13.733,2026-03-08 04:10:17.492,3.759,3.759,2026-03-08 04:10:43.733,30.0,5,16,91.40527777777925,1.126914383561662,75.28305555555698,292.0,194.0,98.0,98.4523809523817,1.6800000000000002,True,8.0,7.0,3216.556111111111,brake_T9,32.60571319771316,197.09246404439,MEDIUM,5.0,1.0,0.9085776965157504,19395.38537096408,25914.79088227125,400.0,False,1,False,CLOSE_INTERACTION_NO_PASS,0.0,,False,0.0,237.1017248908307,54.898275109169305,1.575314,True,1.575314,76.63579952836432,14,True,3.0,brake,0.5885194111350884,5465.505555555557,14,941.9556898886449,3,australia_2026_R|NOR|OCO,australia_2026_R|L5|australia_2026_R|NOR|OCO,,False,v4_t0_anchored_30s_horizon
australia_2026_R_00165,australia_2026_R,2026,Australian Grand Prix,ANT,GAS,10,2026-03-08 04:10:14.453,2026-03-08 04:10:18.373,3.92,3.359,2026-03-08 04:10:44.453,30.0,5,14,12.731111111108476,0.2112073732718457,12.731111111108476,217.0,,,-116.00000000001046,0.16,True,5.0,,3420.324166666667,straight_06,637.4412736616232,697.4412736616232,MEDIUM,5.0,1.0,0.9564927624628259,28368.367906205833,1291.7542670491134,400.0,False,1,False,INVALID,,,False,-1.0,,,,False,,,0,False,3.0,straight,0.6258019741998045,5465.505555555557,14,941.9556898886449,3,australia_2026_R|ANT|GAS,australia_2026_R|L5|australia_2026_R|ANT|GAS,,False,v4_t0_anchored_30s_horizon
australia_2026_R_00166,australia_2026_R,2026,Australian Grand Prix,ALO,ALB,23,2026-03-08 04:10:18.773,2026-03-08 04:10:52.893,34.12,34.12,2026-03-08 04:10:48.773,30.0,5,132,11.463888888887595,0.18424107142855065,11.463888888887595,224.0,286.0,-62.0,-62.00000000000074,0.64,True,14.0,13.0,3191.256666666668,brake_T9,57.905157642156155,222.391908488833,SOFT,5.0,1.0,0.9111647172984724,18020.856773355492,39320.10499146459,400.0,False,1,False,CLOSE_INTERACTION_NO_PASS,0.0,,False,2.0,296.1881818181807,-72.18818181818068,0.156741,True,0.156741,-31.11237777429339,11,True,3.0,brake,0.5838904808033414,5465.505555555557,14,941.9556898886449,3,australia_2026_R|ALB|ALO,australia_2026_R|L5|australia_2026_R|ALB|ALO,,False,v4_t0_anchored_30s_horizon
australia_2026_R_00167,australia_2026_R,2026,Australian Grand Prix,LIN,GAS,10,2026-03-08 04:10:18.773,2026-03-08 04:10:22.653,3.88,3.88,2026-03-08 04:10:48.773,30.0,5,16,45.23805555555418,0.5795622775800536,10.815833333332193,281.0,,,,,False,6.0,,3686.703888888889,straight_06,371.0615514394012,431.0615514394012,MEDIUM,5.0,1.0,0.9293418341995464,18731.287547671876,81490.57679539289,400.0,False,1,False,INVALID,,,False,1.0,,,,False,,,0,False,3.0,straight,0.6745403241135565,5465.505555555557,14,941.9556898886449,3,australia_2026_R|GAS|LIN,australia_2026_R|L5|australia_2026_R|GAS|LIN,,True,v4_t0_anchored_30s_horizon
australia_2026_R_00168,australia_2026_R,2026,Australian Grand Prix,COL,ALO,14,2026-03-08 04:10:19.293,2026-03-08 04:10:54.813,35.52,35.52,2026-03-08 04:10:49.293,30.0,5,99,35.38805555555746,0.4718407407407661,10.06361111111346,270.0,196.0,74.0,,,False,16.0,14.0,3185.3313888888883,brake_T9,63.83043541993584,228.31718626661268,HARD,5.0,1.0,0.9334410675029077,17698.93414093493,42459.707917125146,400.0,False,1,False,CLOSE_INTERACTION_NO_PASS,0.0,100.76,True,0.0,230.18979910714478,39.81020089285522,0.615227,True,0.615227,44.46778409463654,12,True,3.0,brake,0.5828063582610531,5465.505555555557,14,941.9556898886449,3,australia_2026_R|ALO|COL,australia_2026_R|L5|australia_2026_R|ALO|COL,,False,v4_t0_anchored_30s_horizon
australia_2026_R_00169,australia_2026_R,2026,Australian Grand Prix,SAI,VER,3,2026-03-08 04:10:20.133,2026-03-08 04:10:25.493,5.36,5.36,2026-03-08 04:10:50.133,30.0,5,23,70.88750000000073,0.8127229299363141,43.931944444444525,314.0,214.0,100.0,,,False,15.0,12.0,3303.3494444444427,corner_T9,50.2991307110583,110.2991307110583,SOFT,5.0,1.0,0.9183882790584683,24268.33857279346,1843.2352574101676,400.0,False,1,False,CLOSE_INTERACTION_NO_PASS,0.0,,False,0.0,207.57885315533989,106.42114684466011,1.092616,True,1.092616,93.26828671294038,11,True,3.0,corner,0.6043996133325061,5465.505555555557,14,941.9556898886449,3,australia_2026_R|SAI|VER,australia_2026_R|L5|australia_2026_R|SAI|VER,,False,v4_t0_anchored_30s_horizon
australia_2026_R_00170,australia_2026_R,2026,Australian Grand Prix,ALB,SAI,55,2026-03-08 04:10:20.373,2026-03-08 04:10:52.893,32.52,31.04,2026-03-08 04:10:50.373,30.0,5,124,13.355555555553565,0.24282828282824664,11.013333333327864,198.0,314.0,-116.0,-115.99999999999683,0.24,True,13.0,15.0,3305.0200000000004,corner_T9,48.628575155500585,108.62857515550058,MEDIUM,5.0,1.0,0.9516274130984752,24363.95416908917,1633.7546526764029,400.0,False,1,False,CLOSE_INTERACTION_NO_PASS,0.0,32.92,True,-1.0,314.0,-116.0,0.220847,True,0.220847,-50.776268735736984,11,True,3.0,corner,0.604705267683888,5465.505555555557,14,941.9556898886449,3,australia_2026_R|ALB|SAI,australia_2026_R|L5|australia_2026_R|ALB|SAI,,False,v4_t0_anchored_30s_horizon
australia_2026_R_00171,australia_2026_R,2026,Australian Grand Prix,HAD,GAS,10,2026-03-08 04:10:24.533,2026-03-08 04:10:28.093,3.56,3.36,2026-03-08 04:10:54.533,30.0,5,16,10.453055555555693,0.28725954198473663,10.453055555555693,131.0,,,-160.00000000001037,0.161,True,4.0,,4146.589999999999,straight_07,182.50282425671503,242.50282425671503,MEDIUM,5.0,1.0,0.7776257260893701,12405.484517263169,34313.799025555156,400.0,False,1,False,INVALID,,,False,0.0,,,,False,,,0,False,3.0,straight,0.758683704160741,5465.505555555557,14,941.9556898886449,3,australia_2026_R|GAS|HAD,australia_2026_R|L5|australia_2026_R|GAS|HAD,,True,v4_t0_anchored_30s_horizon
australia_2026_R_00172,australia_2026_R,2026,Australian Grand Prix,BOT,PER,11,2026-03-08 04:10:25.133,2026-03-08 04:10:29.173,4.04,4.04,2026-03-08 04:10:55.133,30.0,5,19,97.7411111111137,1.2091683848797572,92.45222222222492,291.0,207.0,84.0,68.07102272726999,1.76,True,19.0,18.0,3182.2466666666646,brake_T9,66.91515764215956,231.4019084888364,HARD,5.0,1.0,0.9232987059305828,17531.33999002635,44094.19718108211,400.0,False,1,False,CLOSE_INTERACTION_NO_PASS,0.0,,False,0.0,277.9612903225829,13.038709677417103,1.5594000000000001,True,1.5594000000000001,43.267587609725965,13,True,3.0,brake,0.5822419599284802,5465.505555555557,14,941.9556898886449,3,australia_2026_R|BOT|PER,australia_2026_R|L5|australia_2026_R|BOT|PER,,False,v4_t0_anchored_30s_horizon
australia_2026_R_00173,australia_2026_R,2026,Australian Grand Prix,VER,BEA,87,2026-03-08 04:10:28.413,2026-03-08 04:11:11.973,43.56,43.56,2026-03-08 04:10:58.413,30.0,5,164,96.47861111111251,1.258416666666685,17.6852777777774,276.0,121.0,155.0,123.51162790697737,1.72,True,12.0,11.0,3964.8513888888874,brake_T11,92.91405143940301,152.914051439403,HARD,5.0,1.0,0.9012174585574448,8976.8158106189,74150.19170047334,400.0,False,1,False,UNCERTAIN,,,False,-1.0,257.54533898305266,18.45466101694734,2.007271,True,2.007271,82.75704726651574,13,True,3.0,brake,0.7254317736185831,5465.505555555557,14,941.9556898886449,3,australia_2026_R|BEA|VER,australia_2026_R|L5|australia_2026_R|BEA|VER,,True,v4_t0_anchored_30s_horizon
australia_2026_R_00174,australia_2026_R,2026,Australian Grand Prix,NOR,LIN,41,2026-03-08 04:10:37.053,2026-03-08 04:10:45.533,8.48,8.48,2026-03-08 04:11:07.053,30.0,5,36,32.53888888889196,1.3015555555556784,32.53888888889196,90.0,85.0,5.0,,,False,7.0,6.0,4598.92611111111,corner_T13,136.05823909088122,196.05823909088122,MEDIUM,5.0,1.0,0.9852825905111269,18075.717048294147,2866.82467628586,400.0,False,1,False,CLOSE_INTERACTION_NO_PASS,0.0,,False,0.0,113.29659090909732,-23.29659090909732,1.298363,True,1.298363,6.674811261113105,12,True,3.0,corner,0.8414456932417551,5465.505555555557,14,941.9556898886449,3,australia_2026_R|LIN|NOR,australia_2026_R|L5|australia_2026_R|LIN|NOR,,True,v4_t0_anchored_30s_horizon
australia_2026_R_00175,australia_2026_R,2026,Australian Grand Prix,LIN,ANT,12,2026-03-08 04:10:38.053,2026-03-08 04:10:43.013,4.96,4.96,2026-03-08 04:11:08.053,30.0,5,22,13.495833333331575,0.4583490566037139,13.495833333331575,106.0,152.0,-46.0,-46.64399999999769,1.0,True,6.0,5.0,4658.377222222225,brake_T14,76.60712797976612,136.60712797976612,MEDIUM,5.0,1.0,0.966345976428023,21604.44766810057,196.33786107013876,400.0,False,1,False,UNCERTAIN,,,False,1.0,144.07155172413957,-38.07155172413957,0.317137,True,0.317137,-18.741972916538263,12,True,3.0,brake,0.8523232068599939,5465.505555555557,14,941.9556898886449,3,australia_2026_R|ANT|LIN,australia_2026_R|L5|australia_2026_R|ANT|LIN,,True,v4_t0_anchored_30s_horizon
australia_2026_R_00176,australia_2026_R,2026,Australian Grand Prix,STR,PER,11,2026-03-08 04:10:38.293,2026-03-08 04:10:42.613,4.32,4.32,2026-03-08 04:11:08.293,30.0,5,20,68.00416666666979,1.3091711229947125,54.670833333336304,187.0,110.0,77.0,,,False,20.0,18.0,4026.493611111107,brake_T11,31.271829217183495,91.2718292171835,MEDIUM,5.0,1.0,0.8986249799886985,10843.652938120285,35789.93611926483,400.00000000000045,False,1,False,CLOSE_INTERACTION_NO_PASS,0.0,,False,0.0,190.22247191011695,-3.222471910116951,1.814606,True,1.814606,104.01577744024945,12,True,3.0,brake,0.7367101853950677,5465.505555555557,14,941.9556898886449,3,australia_2026_R|PER|STR,australia_2026_R|L5|australia_2026_R|PER|STR,,True,v4_t0_anchored_30s_horizon
australia_2026_R_00177,australia_2026_R,2026,Australian Grand Prix,HAM,RUS,63,2026-03-08 04:10:43.533,2026-03-08 04:10:48.013,4.48,4.48,2026-03-08 04:11:13.533,30.0,6,18,97.35333333333335,1.1643588039867112,70.50361111111113,301.0,215.0,86.0,32.775510204081584,1.96,True,3.0,2.0,220.37833333333333,brake_T1,103.50540721367383,246.32200322223446,MEDIUM,6.0,1.0,0.8125318952711462,14361.655275181416,87755.83141074968,400.0,False,1,False,CLOSE_INTERACTION_NO_PASS,0.0,,False,0.0,305.0,-4.0,1.356452,True,1.356452,35.66556982343635,13,True,3.0,brake,0.04032167401409444,5465.505555555557,14,941.9556898886449,3,australia_2026_R|HAM|RUS,australia_2026_R|L6|australia_2026_R|HAM|RUS,,False,v4_t0_anchored_30s_horizon
australia_2026_R_00178,australia_2026_R,2026,Australian Grand Prix,ANT,HAD,6,2026-03-08 04:10:48.013,2026-03-08 04:11:32.173,44.16,42.521,2026-03-08 04:11:18.013,30.0,6,165,99.80694444444447,1.2057214765100674,10.632500000000164,298.0,270.0,28.0,1.1578947368420842,1.52,True,4.0,5.0,159.30194444444442,straight_01,164.58179610256275,307.39839211112337,MEDIUM,6.0,1.0,0.9503509993719504,13861.759869370722,99668.71300108959,400.0,False,1,False,CLOSE_INTERACTION_NO_PASS,0.0,44.44,True,-1.0,304.0,-6.0,1.229319,True,1.229319,-5.356841224910716,12,True,3.0,straight,0.02914679032436766,5465.505555555557,14,941.9556898886449,3,australia_2026_R|ANT|HAD,australia_2026_R|L6|australia_2026_R|ANT|HAD,,False,v4_t0_anchored_30s_horizon
australia_2026_R_00179,australia_2026_R,2026,Australian Grand Prix,BOT,STR,18,2026-03-08 04:10:49.853,2026-03-08 04:10:59.333,9.48,8.4,2026-03-08 04:11:19.853,30.0,5,33,12.475277777778501,0.38716379310347077,10.283333333336486,116.0,198.0,-82.0,-78.00000000000409,0.48,True,19.0,20.0,4532.6077777777755,brake_T13,45.889433264885156,262.37657242421574,HARD,5.0,1.0,0.9793849905745866,14324.662765277659,19154.21757598541,400.0,False,1,False,ON_TRACK_PASS,1.0,9.76,False,0.0,192.0,-76.0,0.222671,True,0.222671,-16.708715736846475,12,True,3.0,brake,0.8293117135651773,5465.505555555557,14,941.9556898886449,3,australia_2026_R|BOT|STR,australia_2026_R|L5|australia_2026_R|BOT|STR,australia_2026_R_00186,True,v4_t0_anchored_30s_horizon
australia_2026_R_00180,australia_2026_R,2026,Australian Grand Prix,GAS,OCO,31,2026-03-08 04:10:51.413,2026-03-08 04:11:53.573,62.16,62.16,2026-03-08 04:11:21.413,30.0,6,227,34.01805555555556,0.40152459016393455,10.006944444444457,305.0,276.0,29.0,,,False,9.0,8.0,20.756944444444443,straight_01,303.1267961025627,445.94339211112333,MEDIUM,6.0,1.0,0.9150108332264838,16465.471977329238,99536.50297418122,400.0,False,1,False,CLOSE_INTERACTION_NO_PASS,0.0,,False,0.0,275.3998188405797,29.600181159420288,0.444025,True,0.444025,,2,False,3.0,straight,0.00379780868090885,5465.505555555557,14,941.9556898886449,3,australia_2026_R|GAS|OCO,australia_2026_R|L6|australia_2026_R|GAS|OCO,,False,v4_t0_anchored_30s_horizon
australia_2026_R_00181,australia_2026_R,2026,Australian Grand Prix,ALO,SAI,55,2026-03-08 04:10:53.293,2026-03-08 04:10:56.693,3.4,3.4,2026-03-08 04:11:23.293,30.0,5,14,46.030277777774245,0.6628359999999491,41.60805555555271,250.0,231.0,19.0,,,False,14.0,15.0,4941.3425000000025,straight_09,,,SOFT,5.0,1.0,0.9278178341563228,27792.60131091315,95.91419059177096,400.0,False,1,False,UNCERTAIN,,,False,2.0,213.0,37.0,0.850577,True,0.850577,16.241714539978823,12,True,3.0,straight,0.9040961444046552,5465.505555555557,14,941.9556898886449,3,australia_2026_R|ALO|SAI,australia_2026_R|L5|australia_2026_R|ALO|SAI,australia_2026_R_00183,True,v4_t0_anchored_30s_horizon
australia_2026_R_00182,australia_2026_R,2026,Australian Grand Prix,ALO,ALB,23,2026-03-08 04:10:57.252,2026-03-08 04:11:46.333,49.081,49.081,2026-03-08 04:11:27.252,30.0,6,191,33.60666666666667,0.40735353535353536,18.69888888888886,297.0,297.0,0.0,,,False,16.0,13.0,40.12416666666667,straight_01,283.7595738803405,426.5761698889011,SOFT,6.0,1.0,0.9068624411425994,15805.115121911065,99482.66700550316,400.0,False,1,False,CLOSE_INTERACTION_NO_PASS,0.0,,False,2.0,296.62377946127947,0.3762205387205313,0.409292,True,0.409292,-2.506509675098624,12,True,3.0,straight,0.007341345875292616,5465.505555555557,14,941.9556898886449,3,australia_2026_R|ALB|ALO,australia_2026_R|L6|australia_2026_R|ALB|ALO,,False,v4_t0_anchored_30s_horizon
australia_2026_R_00183,australia_2026_R,2026,Australian Grand Prix,SAI,ALO,14,2026-03-08 04:10:57.493,2026-03-08 04:11:46.333,48.84,47.64,2026-03-08 04:11:27.493,30.0,6,169,36.803611111111096,0.4372706270627061,10.503888888889037,303.0,298.0,5.0,,,False,14.0,16.0,23.387777777777778,straight_01,300.4959627692294,443.31255877779,SOFT,6.0,1.0,0.9370753917309551,16375.769447601671,99529.1899243641,400.0,False,1,False,CLOSE_INTERACTION_NO_PASS,0.0,49.08,True,-1.0,295.72811711683187,7.271882883168132,0.443865,True,0.443865,-11.913768216879859,13,True,3.0,straight,0.004279160919341607,5465.505555555557,14,941.9556898886449,3,australia_2026_R|ALO|SAI,australia_2026_R|L6|australia_2026_R|ALO|SAI,australia_2026_R_00181,False,v4_t0_anchored_30s_horizon
australia_2026_R_00184,australia_2026_R,2026,Australian Grand Prix,COL,SAI,55,2026-03-08 04:10:57.973,2026-03-08 04:11:46.333,48.36,48.36,2026-03-08 04:11:27.973,30.0,6,160,34.62583333333333,0.3859226006191951,10.471111111111213,323.0,308.0,15.0,,,False,15.0,14.0,30.023888888888887,straight_01,293.85985165811826,436.6764476666789,HARD,6.0,1.0,0.966391873953858,16149.500475456007,99510.74321756109,400.0,False,1,False,CLOSE_INTERACTION_NO_PASS,0.0,62.32,True,-1.0,303.73192401960785,19.268075980392155,0.401928,True,0.401928,-0.008668928278376923,13,True,3.0,straight,0.005493341573565928,5465.505555555557,14,941.9556898886449,3,australia_2026_R|COL|SAI,australia_2026_R|L6|australia_2026_R|COL|SAI,,False,v4_t0_anchored_30s_horizon
australia_2026_R_00185,australia_2026_R,2026,Australian Grand Prix,LAW,COL,43,2026-03-08 04:10:58.493,2026-03-08 04:11:57.094,58.601,58.601,2026-03-08 04:11:28.493,30.0,6,225,34.039722222222224,0.3953,15.32666666666637,310.0,325.0,-15.0,,,False,17.0,15.0,42.412222222222226,straight_01,281.47151832478494,424.28811433334556,MEDIUM,6.0,1.0,0.9519677381732209,15727.100156504457,99476.30679102277,400.0,False,1,False,CLOSE_INTERACTION_NO_PASS,0.0,,False,0.0,323.98017582417583,-13.98017582417583,0.382775,True,0.382775,-2.3602467006808974,13,True,3.0,straight,0.007759981540794741,5465.505555555557,14,941.9556898886449,3,australia_2026_R|COL|LAW,australia_2026_R|L6|australia_2026_R|COL|LAW,,False,v4_t0_anchored_30s_horizon
australia_2026_R_00186,australia_2026_R,2026,Australian Grand Prix,STR,BOT,77,2026-03-08 04:11:01.653,2026-03-08 04:12:18.693,77.04,76.56,2026-03-08 04:11:31.653,30.0,5,282,10.44999999999527,0.13780219780213546,10.009166666666715,273.0,285.0,-12.0,-15.53191489361741,1.88,True,20.0,19.0,5092.295555555556,straight_09,,,MEDIUM,5.0,1.0,0.8951364601170517,25931.191838114806,89.49033767688734,373.21000000000095,True,1,False,UNCERTAIN,,77.28,True,0.0,283.48662768031255,-10.486627680312552,0.136203,True,0.136203,-19.377785765637206,11,True,3.0,straight,0.9317153745053572,5465.505555555557,14,941.9556898886449,3,australia_2026_R|BOT|STR,australia_2026_R|L5|australia_2026_R|BOT|STR,australia_2026_R_00179,True,v4_t0_anchored_30s_horizon
australia_2026_R_00187,australia_2026_R,2026,Australian Grand Prix,BOT,PER,11,2026-03-08 04:11:04.933,2026-03-08 04:11:40.373,35.44,35.44,2026-03-08 04:11:34.933,30.0,6,135,98.6916666666666,1.1803654485049826,33.88583333333281,301.0,231.0,70.0,27.658536585365873,1.6400000000000001,True,19.0,18.0,191.9513888888889,straight_01,131.93235165811825,274.7489476666789,HARD,6.0,1.0,0.9351147623115352,13496.065068989637,99760.35586581015,400.0,False,1,False,CLOSE_INTERACTION_NO_PASS,0.0,,False,0.0,297.0,4.0,1.335707,True,1.335707,13.572280435033667,12,True,3.0,straight,0.035120518484108916,5465.505555555557,14,941.9556898886449,3,australia_2026_R|BOT|PER,australia_2026_R|L6|australia_2026_R|BOT|PER,,False,v4_t0_anchored_30s_horizon
australia_2026_R_00188,australia_2026_R,2026,Australian Grand Prix,OCO,NOR,1,2026-03-08 04:11:06.213,2026-03-08 04:11:09.293,3.08,3.08,2026-03-08 04:11:36.213,30.0,6,15,95.42138888888815,1.789151041666653,77.27694444444364,192.0,100.0,92.0,134.04255319149024,1.88,True,8.0,7.0,998.61,brake_T3,53.67927428017617,271.560991042173,MEDIUM,6.0,1.0,0.9786734271157836,9408.271568760338,43908.605430945114,400.0000000000001,False,1,False,CLOSE_INTERACTION_NO_PASS,0.0,,False,0.0,211.58100620567305,-19.58100620567305,2.6263769999999997,True,2.6263769999999997,126.1296957856551,12,True,3.0,brake,0.182711368573203,5465.505555555557,14,941.9556898886449,3,australia_2026_R|NOR|OCO,australia_2026_R|L6|australia_2026_R|NOR|OCO,,False,v4_t0_anchored_30s_horizon
australia_2026_R_00189,australia_2026_R,2026,Australian Grand Prix,BEA,GAS,10,2026-03-08 04:11:12.293,2026-03-08 04:11:53.573,41.28,40.68,2026-03-08 04:11:42.293,30.0,6,124,11.385833333333721,0.294884892086341,10.027499999999918,139.0,111.0,28.0,,,False,10.0,9.0,1162.681944444444,brake_T4,47.48904659772893,107.48904659772893,MEDIUM,6.0,1.0,0.9973776260558349,17586.573947193174,259.48427516227724,400.0,False,1,False,CLOSE_INTERACTION_NO_PASS,0.0,41.6,True,-1.0,111.0,28.0,0.35745,True,0.35745,-7.038535857092694,12,True,3.0,brake,0.21273090524308502,5465.505555555557,14,941.9556898886449,3,australia_2026_R|BEA|GAS,australia_2026_R|L6|australia_2026_R|BEA|GAS,,False,v4_t0_anchored_30s_horizon
australia_2026_R_00190,australia_2026_R,2026,Australian Grand Prix,VER,BOR,5,2026-03-08 04:11:12.293,2026-03-08 04:11:41.333,29.04,27.84,2026-03-08 04:11:42.293,30.0,6,108,20.43361111111153,0.6130083333333459,10.447222222222535,120.0,,,,,False,11.0,,1141.7344444444443,brake_T4,68.4365465977287,128.4365465977287,HARD,6.0,1.0,0.9767357468501064,16535.854355286247,307.24842908040506,400.0,False,1,False,INVALID,,,False,-1.0,,,,False,,,0,False,3.0,brake,0.2088982314333023,5465.505555555557,14,941.9556898886449,3,australia_2026_R|BOR|VER,australia_2026_R|L6|australia_2026_R|BOR|VER,,False,v4_t0_anchored_30s_horizon
australia_2026_R_00191,australia_2026_R,2026,Australian Grand Prix,HAD,ANT,12,2026-03-08 04:11:33.693,2026-03-08 04:12:37.973,64.28,64.28,2026-03-08 04:12:03.693,30.0,6,243,10.527777777776919,0.1408921933085387,10.527777777776919,269.0,302.0,-33.0,-27.387096774192404,1.24,True,5.0,4.0,3138.0463888888894,brake_T9,111.11543541993478,275.6021862666116,MEDIUM,6.0,1.0,0.6763179131058288,15129.921810223594,67514.41925852073,400.0,False,1,False,CLOSE_INTERACTION_NO_PASS,0.0,,False,1.0,302.28275135460564,-33.28275135460564,0.12441,True,0.12441,-22.56849897521995,11,True,3.0,brake,0.5741548255676255,5465.505555555557,14,941.9556898886449,3,australia_2026_R|ANT|HAD,australia_2026_R|L6|australia_2026_R|ANT|HAD,,False,v4_t0_anchored_30s_horizon
australia_2026_R_00192,australia_2026_R,2026,Australian Grand Prix,HAM,RUS,63,2026-03-08 04:11:41.053,2026-03-08 04:12:04.533,23.48,23.48,2026-03-08 04:12:11.053,30.0,6,87,92.97166666666772,1.263011320754731,21.398611111109858,265.0,106.0,159.0,110.36000000000004,2.0,True,3.0,2.0,3989.75,brake_T11,68.01544032829042,128.01544032829042,MEDIUM,6.0,1.0,0.7699296091154,9316.328056091677,58895.75998476334,400.0,False,1,False,CLOSE_INTERACTION_NO_PASS,0.0,,False,0.0,250.3435483870974,14.6564516129026,2.04687,True,2.04687,84.51440405213249,13,True,3.0,brake,0.7299873652025682,5465.505555555557,14,941.9556898886449,3,australia_2026_R|HAM|RUS,australia_2026_R|L6|australia_2026_R|HAM|RUS,,True,v4_t0_anchored_30s_horizon
australia_2026_R_00193,australia_2026_R,2026,Australian Grand Prix,VER,BEA,87,2026-03-08 04:11:41.613,2026-03-08 04:11:57.893,16.28,16.28,2026-03-08 04:12:11.613,30.0,6,50,51.366388888887286,0.5760716510903247,12.124166666664678,321.0,233.0,88.0,,,False,11.0,10.0,3166.1566666666677,brake_T9,83.00515764215652,247.49190848883336,HARD,6.0,1.0,0.8920572753168069,16657.16406952009,52619.74028107128,400.0,False,1,False,CLOSE_INTERACTION_NO_PASS,0.0,,False,-1.0,297.0,24.0,0.725868,True,0.725868,23.371789900681392,14,True,3.0,brake,0.5792980419621647,5465.505555555557,14,941.9556898886449,3,australia_2026_R|BEA|VER,australia_2026_R|L6|australia_2026_R|BEA|VER,,False,v4_t0_anchored_30s_horizon
australia_2026_R_00194,australia_2026_R,2026,Australian Grand Prix,COL,ALO,14,2026-03-08 04:11:46.573,2026-03-08 04:11:57.094,10.521,6.76,2026-03-08 04:12:16.573,30.0,6,25,35.72888888888701,0.4162588996763536,10.163888888888323,309.0,256.0,53.0,,,False,15.0,16.0,3125.123333333335,straight_05,124.03849097548937,288.5252418221662,HARD,6.0,1.0,0.9210323991347371,14697.769891230928,72214.67202307741,400.0,False,1,False,ON_TRACK_PASS,1.0,10.841,False,-1.0,285.6075146198829,23.39248538011708,0.472901,True,0.472901,26.417884463873257,13,True,3.0,straight,0.5717903497795772,5465.505555555557,14,941.9556898886449,3,australia_2026_R|ALO|COL,australia_2026_R|L6|australia_2026_R|ALO|COL,australia_2026_R_00202,False,v4_t0_anchored_30s_horizon
australia_2026_R_00195,australia_2026_R,2026,Australian Grand Prix,SAI,ALB,23,2026-03-08 04:11:46.573,2026-03-08 04:11:53.333,6.76,6.76,2026-03-08 04:12:16.573,30.0,6,25,65.71527777777646,0.7416144200626811,54.62638888888796,319.0,236.0,83.0,,,False,14.0,13.0,3163.432222222222,brake_T9,85.72960208660197,250.2163529332788,SOFT,6.0,1.0,0.9005823563817789,16509.14394956411,54063.33061883698,400.0,False,1,False,CLOSE_INTERACTION_NO_PASS,0.0,,False,-1.0,296.16563907657655,22.834360923423446,0.919753,True,0.919753,31.83891017903665,13,True,3.0,brake,0.5787995621021129,5465.505555555557,14,941.9556898886449,3,australia_2026_R|ALB|SAI,australia_2026_R|L6|australia_2026_R|ALB|SAI,,False,v4_t0_anchored_30s_horizon
australia_2026_R_00196,australia_2026_R,2026,Australian Grand Prix,ALO,SAI,55,2026-03-08 04:11:47.213,2026-03-08 04:11:57.094,9.881,9.881,2026-03-08 04:12:17.213,30.0,6,37,10.43083333333334,0.17881428571428584,10.43083333333334,210.0,261.0,-51.0,-42.0624999999967,0.64,True,16.0,14.0,3199.283611111111,brake_T9,49.878213197713194,214.36496404439004,SOFT,6.0,1.0,0.9018521068167189,18456.96376829489,35066.90046552737,400.0,False,1,False,CLOSE_INTERACTION_NO_PASS,0.0,,False,2.0,261.0,-51.0,0.145498,True,0.145498,-33.51756164638975,13,True,3.0,brake,0.5853591362393027,5465.505555555557,14,941.9556898886449,3,australia_2026_R|ALO|SAI,australia_2026_R|L6|australia_2026_R|ALO|SAI,,False,v4_t0_anchored_30s_horizon
australia_2026_R_00197,australia_2026_R,2026,Australian Grand Prix,LIN,HAD,6,2026-03-08 04:11:48.053,2026-03-08 04:11:52.173,4.12,4.12,2026-03-08 04:12:18.053,30.0,6,16,97.4900000000016,1.2716086956521948,71.28972222222274,276.0,120.0,156.0,130.6382978723386,1.88,True,6.0,5.0,3982.4236111111104,brake_T11,75.34182921718002,135.34182921718002,MEDIUM,6.0,1.0,0.8882078082869383,9203.121152365971,63392.066174701635,400.0,False,1,False,CLOSE_INTERACTION_NO_PASS,0.0,,False,0.0,262.5857029262094,13.414297073790578,2.130812,True,2.130812,95.78442980006555,12,True,3.0,brake,0.7286468873978311,5465.505555555557,14,941.9556898886449,3,australia_2026_R|HAD|LIN,australia_2026_R|L6|australia_2026_R|HAD|LIN,,True,v4_t0_anchored_30s_horizon
australia_2026_R_00198,australia_2026_R,2026,Australian Grand Prix,BOT,PER,11,2026-03-08 04:11:52.573,2026-03-08 04:11:59.013,6.44,6.44,2026-03-08 04:12:22.573,30.0,6,23,95.93472222222135,1.199184027777767,74.34583333333148,288.0,211.0,77.0,44.022884513037916,1.879,True,19.0,18.0,3147.706388888889,brake_T9,101.45543541993538,265.9421862666122,HARD,6.0,1.0,0.9131158517609178,15654.753344847057,62395.91420283982,400.0,False,1,False,CLOSE_INTERACTION_NO_PASS,0.0,,False,0.0,297.91180758017435,-9.911807580174354,1.4417,True,1.4417,26.55436833097422,11,True,3.0,brake,0.5759222741415604,5465.505555555557,14,941.9556898886449,3,australia_2026_R|BOT|PER,australia_2026_R|L6|australia_2026_R|BOT|PER,,False,v4_t0_anchored_30s_horizon
australia_2026_R_00199,australia_2026_R,2026,Australian Grand Prix,BEA,OCO,31,2026-03-08 04:11:53.893,2026-03-08 04:12:14.013,20.12,20.12,2026-03-08 04:12:23.893,30.0,6,75,30.491944444444016,0.6382034883720841,22.408611111111895,172.0,112.0,60.0,,,False,10.0,8.0,4039.905555555555,brake_T11,17.859884772735313,77.85988477273531,MEDIUM,6.0,1.0,0.9624734411132827,11401.14840051369,27355.97939437462,400.0,False,1,False,CLOSE_INTERACTION_NO_PASS,0.0,,False,-1.0,145.71299999999883,26.28700000000117,0.91508,True,0.91508,72.7705054877072,11,True,3.0,brake,0.7391641110764376,5465.505555555557,14,941.9556898886449,3,australia_2026_R|BEA|OCO,australia_2026_R|L6|australia_2026_R|BEA|OCO,,True,v4_t0_anchored_30s_horizon
australia_2026_R_00200,australia_2026_R,2026,Australian Grand Prix,LAW,ALO,14,2026-03-08 04:11:57.414,2026-03-08 04:13:24.694,87.28,84.439,2026-03-08 04:12:27.414,30.0,6,223,33.67416666666713,0.4151609589041153,10.044444444443343,292.0,278.0,14.0,,,False,17.0,16.0,3800.150277777778,straight_06,257.61516255051265,317.61516255051265,MEDIUM,6.0,1.0,0.9210442547849956,13526.499463760516,86850.79205162059,400.0,False,1,False,ON_TRACK_PASS,1.0,9.839,False,0.0,278.0,14.0,0.436399,True,0.436399,7.18703318203321,11,True,3.0,straight,0.6952971210348537,5465.505555555557,14,941.9556898886449,3,australia_2026_R|ALO|LAW,australia_2026_R|L6|australia_2026_R|ALO|LAW,,True,v4_t0_anchored_30s_horizon
australia_2026_R_00201,australia_2026_R,2026,Australian Grand Prix,GAS,BEA,87,2026-03-08 04:11:58.813,2026-03-08 04:12:04.054,5.241,5.241,2026-03-08 04:12:28.813,30.0,6,14,17.57999999999811,0.3072233009708407,16.132777777776937,206.0,187.0,19.0,,,False,9.0,10.0,4211.947222222224,brake_T12,117.14560203449037,177.14560203449037,MEDIUM,6.0,1.0,0.962657246225055,10947.18741643925,46562.90994348796,400.0,False,1,False,ON_TRACK_PASS,1.0,15.72,False,0.0,178.73913043478356,27.26086956521644,0.345454,True,0.345454,-15.573793406221062,10,True,3.0,brake,0.7706418334788588,5465.505555555557,14,941.9556898886449,3,australia_2026_R|BEA|GAS,australia_2026_R|L6|australia_2026_R|BEA|GAS,australia_2026_R_00206,True,v4_t0_anchored_30s_horizon
australia_2026_R_00202,australia_2026_R,2026,Australian Grand Prix,ALO,COL,43,2026-03-08 04:12:02.773,2026-03-08 04:13:24.694,81.921,81.921,2026-03-08 04:12:32.773,30.0,6,249,25.701666666669553,0.9739578947369515,10.203333333333205,95.0,103.0,-8.0,,,False,16.0,15.0,4094.0486111111113,corner_T11,235.04421314560295,23.71682921717911,SOFT,6.0,1.0,0.9418338834065909,12601.291967454274,21436.397252733717,400.0,False,1,False,UNCERTAIN,,,False,2.0,103.5227941176496,-8.522794117649596,0.940911,True,0.940911,-4.4169136349860745,13,True,3.0,corner,0.7490704326427055,5465.505555555557,14,941.9556898886449,3,australia_2026_R|ALO|COL,australia_2026_R|L6|australia_2026_R|ALO|COL,australia_2026_R_00194,True,v4_t0_anchored_30s_horizon
australia_2026_R_00203,australia_2026_R,2026,Australian Grand Prix,COL,SAI,55,2026-03-08 04:12:04.054,2026-03-08 04:12:35.653,31.599,31.599,2026-03-08 04:12:34.054,30.0,6,116,10.656111111107748,0.2800145985400576,10.591944444440742,137.0,164.0,-27.0,-27.001561280249472,1.2810000000000001,True,15.0,14.0,4162.493055555558,straight_07,166.59976870115588,226.59976870115588,HARD,6.0,1.0,0.9898132288376247,12140.819093760727,39417.641138064995,400.0,False,1,False,CLOSE_INTERACTION_NO_PASS,0.0,,False,-1.0,157.72984417344378,-20.72984417344378,0.225725,True,0.225725,-14.36212256926253,13,True,3.0,straight,0.7615934177076231,5465.505555555557,14,941.9556898886449,3,australia_2026_R|COL|SAI,australia_2026_R|L6|australia_2026_R|COL|SAI,,True,v4_t0_anchored_30s_horizon
australia_2026_R_00204,australia_2026_R,2026,Australian Grand Prix,GAS,OCO,31,2026-03-08 04:12:14.533,2026-03-08 04:14:55.934,161.401,161.401,2026-03-08 04:12:44.533,30.0,6,569,98.43611111111113,1.3322180451127823,15.621111111111531,266.0,272.0,-6.0,,,False,9.0,8.0,4954.55111111111,straight_09,,,MEDIUM,6.0,1.0,0.9626014193353588,27792.60131091315,95.91419059177096,400.0,False,1,False,CLOSE_INTERACTION_NO_PASS,0.0,,False,0.0,256.0,10.0,1.317406,True,1.317406,-26.480428764565005,12,True,3.0,straight,0.9065128670622109,5465.505555555557,14,941.9556898886449,3,australia_2026_R|GAS|OCO,australia_2026_R|L6|australia_2026_R|GAS|OCO,,True,v4_t0_anchored_30s_horizon
australia_2026_R_00205,australia_2026_R,2026,Australian Grand Prix,VER,BEA,87,2026-03-08 04:12:14.533,2026-03-08 04:14:01.053,106.52,101.641,2026-03-08 04:12:44.533,30.0,6,363,24.09583333333012,0.3511943319837588,10.011944444444225,247.0,243.0,4.0,,,False,11.0,10.0,4929.716111111113,straight_09,,,HARD,6.0,1.0,0.9506574935169302,27792.60131091315,95.91419059177096,400.0,False,1,False,CLOSE_INTERACTION_NO_PASS,0.0,113.561,True,-1.0,241.60701171256747,5.39298828743253,0.362176,True,0.362176,-16.12994914053716,12,True,3.0,straight,0.9019689141291188,5465.505555555557,14,941.9556898886449,3,australia_2026_R|BEA|VER,australia_2026_R|L6|australia_2026_R|BEA|VER,,True,v4_t0_anchored_30s_horizon
australia_2026_R_00206,australia_2026_R,2026,Australian Grand Prix,BEA,GAS,10,2026-03-08 04:12:18.213,2026-03-08 04:14:01.053,102.84,102.84,2026-03-08 04:12:48.213,30.0,7,343,72.57750000000001,0.8767751677852351,10.078888888891925,298.0,299.0,-1.0,-126.0911933298539,1.919,True,10.0,9.0,15.030833333333325,straight_01,308.85290721367386,451.6695032222345,MEDIUM,7.0,1.0,0.9575777176806842,16660.713023449403,99552.42011164613,399.99999999999994,False,1,False,CLOSE_INTERACTION_NO_PASS,0.0,73.161,True,0.0,299.0,-1.0,0.878869,True,0.878869,-14.42156354130707,13,True,3.0,straight,0.0027501268053885405,5465.505555555557,14,941.9556898886449,3,australia_2026_R|BEA|GAS,australia_2026_R|L7|australia_2026_R|BEA|GAS,australia_2026_R_00201,False,v4_t0_anchored_30s_horizon
australia_2026_R_00207,australia_2026_R,2026,Australian Grand Prix,STR,PER,11,2026-03-08 04:12:18.933,2026-03-08 04:12:24.214,5.281,5.281,2026-03-08 04:12:48.933,30.0,6,21,50.90916666666544,0.9398615384615159,40.042499999997744,195.0,105.0,90.0,,,False,20.0,18.0,4573.2491666666665,brake_T13,5.248044375994141,221.73518353532472,MEDIUM,6.0,1.0,0.8832535297100074,16488.720505936268,5938.9054660900565,400.0,False,1,False,CLOSE_INTERACTION_NO_PASS,0.0,,False,0.0,96.99086174242387,98.00913825757613,1.936989,True,1.936989,87.55609001729142,12,True,3.0,brake,0.8367476933616995,5465.505555555557,14,941.9556898886449,3,australia_2026_R|PER|STR,australia_2026_R|L6|australia_2026_R|PER|STR,,True,v4_t0_anchored_30s_horizon
australia_2026_R_00208,australia_2026_R,2026,Australian Grand Prix,BOR,VER,3,2026-03-08 04:12:19.373,2026-03-08 04:13:44.814,85.441,85.441,2026-03-08 04:12:49.373,30.0,7,309,67.62666666666668,0.800842105263158,12.068611111111295,304.0,316.0,-12.0,,,False,12.0,11.0,27.903333333333336,straight_01,295.98040721367386,438.7970032222345,MEDIUM,7.0,1.0,0.9486832704040777,16221.804256676598,99516.63782449848,400.0,False,1,False,CLOSE_INTERACTION_NO_PASS,0.0,,False,2.0,311.0,-7.0,0.773414,True,0.773414,,2,False,3.0,straight,0.005105352661286797,5465.505555555557,14,941.9556898886449,3,australia_2026_R|BOR|VER,australia_2026_R|L7|australia_2026_R|BOR|VER,,False,v4_t0_anchored_30s_horizon
australia_2026_R_00209,australia_2026_R,2026,Australian Grand Prix,HAM,RUS,63,2026-03-08 04:12:19.893,2026-03-08 04:12:28.973,9.08,9.08,2026-03-08 04:12:49.893,30.0,7,33,94.72027777777794,1.3064865900383165,54.07583333333332,261.0,128.0,133.0,80.78260869565175,1.8399999999999999,True,3.0,2.0,938.5855555555557,brake_T3,113.70371872462044,331.58543548661726,MEDIUM,7.0,1.0,0.796179122479254,6418.392839648432,86009.87947580677,400.0000000000001,False,1,False,CLOSE_INTERACTION_NO_PASS,0.0,,False,0.0,262.01862934362936,-1.0186293436293568,1.800745,True,1.800745,54.67391192409865,12,True,3.0,brake,0.17172895462552512,5465.505555555557,14,941.9556898886449,3,australia_2026_R|HAM|RUS,australia_2026_R|L7|australia_2026_R|HAM|RUS,,False,v4_t0_anchored_30s_horizon
australia_2026_R_00210,australia_2026_R,2026,Australian Grand Prix,STR,BOT,77,2026-03-08 04:12:26.253,2026-03-08 04:12:31.573,5.32,5.32,2026-03-08 04:12:56.253,30.0,6,21,14.960000000000036,0.28345263157894807,14.960000000000036,190.0,235.0,-45.0,-43.06666666666752,1.2,True,20.0,19.0,4849.47916666667,straight_09,,,MEDIUM,6.0,1.0,0.8796942504818129,27792.60131091315,95.91419059177096,400.0,False,1,False,UNCERTAIN,,,False,0.0,228.46322188449847,-38.463221884498466,0.228787,True,0.228787,-25.44023063782894,10,True,3.0,straight,0.8872883061544579,5465.505555555557,14,941.9556898886449,3,australia_2026_R|BOT|STR,australia_2026_R|L6|australia_2026_R|BOT|STR,,True,v4_t0_anchored_30s_horizon
australia_2026_R_00211,australia_2026_R,2026,Australian Grand Prix,SAI,ALB,23,2026-03-08 04:12:26.253,2026-03-08 04:12:35.653,9.4,9.4,2026-03-08 04:12:56.253,30.0,7,38,99.36777777777777,1.2085270270270272,51.8122222222222,296.0,222.0,74.0,23.10000000000003,1.6,True,14.0,13.0,176.09583333333336,straight_01,147.7879072136738,290.6045032222344,SOFT,7.0,1.0,0.9478999621653835,13673.657500422469,99715.85132499569,399.99999999999994,False,1,False,CLOSE_INTERACTION_NO_PASS,0.0,,False,0.0,302.0,-6.0,1.3485719999999999,True,1.3485719999999999,14.924423423638487,10,True,3.0,straight,0.03221949580754448,5465.505555555557,14,941.9556898886449,3,australia_2026_R|ALB|SAI,australia_2026_R|L7|australia_2026_R|ALB|SAI,,False,v4_t0_anchored_30s_horizon
australia_2026_R_00212,australia_2026_R,2026,Australian Grand Prix,LIN,HAD,6,2026-03-08 04:12:27.493,2026-03-08 04:12:34.573,7.08,7.08,2026-03-08 04:12:57.493,30.0,7,28,94.21749999999986,1.3513266932270898,54.95361111111106,251.0,111.0,140.0,137.17777777777792,1.8,True,6.0,5.0,966.688888888889,brake_T3,85.6003853912872,303.482102153284,MEDIUM,7.0,1.0,0.9144478073894056,7818.248503922741,66298.14121330842,399.9999999999999,False,1,False,CLOSE_INTERACTION_NO_PASS,0.0,,False,0.0,241.1678571428568,9.832142857143197,2.227105,True,2.227105,107.89345762711834,11,True,3.0,brake,0.1768709004249886,5465.505555555557,14,941.9556898886449,3,australia_2026_R|HAD|LIN,australia_2026_R|L7|australia_2026_R|HAD|LIN,,False,v4_t0_anchored_30s_horizon
australia_2026_R_00213,australia_2026_R,2026,Australian Grand Prix,OCO,NOR,1,2026-03-08 04:12:31.173,2026-03-08 04:12:35.653,4.48,4.48,2026-03-08 04:13:01.173,30.0,7,20,97.21694444444438,1.6278186046511618,72.85027777777759,215.0,98.0,117.0,140.9226833428082,1.759,True,8.0,7.0,982.9591666666668,brake_T3,69.33010761350943,287.21182437550624,MEDIUM,7.0,1.0,0.9584779677152152,8628.68761576733,54886.133491316985,400.0,False,1,False,CLOSE_INTERACTION_NO_PASS,0.0,,False,0.0,206.96122931442048,8.038770685579522,2.680765,True,2.680765,132.09575952202854,11,True,3.0,brake,0.17984780303946668,5465.505555555557,14,941.9556898886449,3,australia_2026_R|NOR|OCO,australia_2026_R|L7|australia_2026_R|NOR|OCO,,False,v4_t0_anchored_30s_horizon
australia_2026_R_00214,australia_2026_R,2026,Australian Grand Prix,BOT,PER,11,2026-03-08 04:12:33.053,2026-03-08 04:12:38.853,5.8,5.8,2026-03-08 04:13:03.053,30.0,7,23,98.64833333333343,1.2120614334471003,61.53722222222228,293.0,195.0,98.0,57.97872340425514,1.88,True,19.0,18.0,212.80666666666664,brake_T1,111.07707388034052,253.89366988890114,HARD,7.0,1.0,0.9227431614377338,13902.9647198373,93281.75458289756,400.0,False,1,False,CLOSE_INTERACTION_NO_PASS,0.0,,False,0.0,295.811772260274,-2.811772260273983,1.581647,True,1.581647,39.39976393011092,11,True,3.0,brake,0.03893631879128797,5465.505555555557,14,941.9556898886449,3,australia_2026_R|BOT|PER,australia_2026_R|L7|australia_2026_R|BOT|PER,,False,v4_t0_anchored_30s_horizon
australia_2026_R_00215,australia_2026_R,2026,Australian Grand Prix,COL,SAI,55,2026-03-08 04:12:38.853,2026-03-08 04:12:51.254,12.401,12.401,2026-03-08 04:13:08.853,30.0,7,45,92.16888888888866,1.1601678321678293,33.43555555555554,286.0,233.0,53.0,25.108584422967564,1.759,True,15.0,14.0,881.4697222222221,straight_02,170.81955205795407,388.7012688199509,HARD,7.0,1.0,0.9658017279578996,6911.123690938483,90703.74325694727,400.0,False,1,False,CLOSE_INTERACTION_NO_PASS,0.0,,False,0.0,278.0,8.0,1.330248,True,1.330248,6.87134332893848,9,True,3.0,straight,0.1612787167193031,5465.505555555557,14,941.9556898886449,3,australia_2026_R|COL|SAI,australia_2026_R|L7|australia_2026_R|COL|SAI,,False,v4_t0_anchored_30s_horizon
australia_2026_R_00216,australia_2026_R,2026,Australian Grand Prix,LIN,HAD,6,2026-03-08 04:13:00.813,2026-03-08 04:13:06.773,5.96,5.96,2026-03-08 04:13:30.813,30.0,7,21,98.57722222222037,1.155954397394115,72.7061111111093,307.0,247.0,60.0,40.51111111111186,1.8,True,6.0,5.0,3112.3719444444455,straight_05,136.7898798643787,301.27663071105553,MEDIUM,7.0,1.0,0.8602935609124494,14857.379398334399,72191.3842521059,400.0,False,1,False,CLOSE_INTERACTION_NO_PASS,0.0,,False,0.0,279.95852150537615,27.041478494623846,1.327802,True,1.327802,35.04808125546691,11,True,3.0,straight,0.569457283101797,5465.505555555557,14,941.9556898886449,3,australia_2026_R|HAD|LIN,australia_2026_R|L7|australia_2026_R|HAD|LIN,,False,v4_t0_anchored_30s_horizon
australia_2026_R_00217,australia_2026_R,2026,Australian Grand Prix,HAM,RUS,63,2026-03-08 04:13:05.693,2026-03-08 04:13:10.374,4.681,4.681,2026-03-08 04:13:35.693,30.0,7,17,96.74333333333243,1.3499069767441734,65.94333333333316,258.0,122.0,136.0,102.78039019509764,1.999,True,3.0,2.0,3972.1866666666674,brake_T11,85.57877366162302,145.57877366162302,MEDIUM,7.0,1.0,0.7374744682683597,9071.283802391212,69659.36304478052,400.0,False,1,False,CLOSE_INTERACTION_NO_PASS,0.0,,False,0.0,236.79284290271016,21.207157097289837,2.077956,True,2.077956,77.00527630656995,11,True,3.0,brake,0.7267738777850172,5465.505555555557,14,941.9556898886449,3,australia_2026_R|HAM|RUS,australia_2026_R|L7|australia_2026_R|HAM|RUS,,True,v4_t0_anchored_30s_horizon
australia_2026_R_00218,australia_2026_R,2026,Australian Grand Prix,COL,SAI,55,2026-03-08 04:13:13.693,2026-03-08 04:13:20.173,6.48,6.48,2026-03-08 04:13:43.693,30.0,7,26,99.36861111110966,1.200426174496627,80.68861111110982,298.0,240.0,58.0,12.270833333332973,1.92,True,15.0,14.0,3119.271111111112,straight_05,129.8907131977121,294.37746404438894,HARD,7.0,1.0,0.9148600000858347,14771.02232769005,72203.98415119358,400.0,False,1,False,CLOSE_INTERACTION_NO_PASS,0.0,,False,0.0,306.0,-8.0,1.226411,True,1.226411,8.654300510293824,12,True,3.0,straight,0.5707195938974843,5465.505555555557,14,941.9556898886449,3,australia_2026_R|COL|SAI,australia_2026_R|L7|australia_2026_R|COL|SAI,,False,v4_t0_anchored_30s_horizon
australia_2026_R_00219,australia_2026_R,2026,Australian Grand Prix,BOT,PER,11,2026-03-08 04:13:19.733,2026-03-08 04:13:54.013,34.28,34.28,2026-03-08 04:13:49.733,30.0,7,127,96.16388888888787,1.1656228956228833,40.750555555554456,297.0,217.0,80.0,41.864056552474224,1.839,True,19.0,18.0,3136.514444444445,brake_T9,112.64737986437922,277.13413071105606,HARD,7.0,1.0,0.9026081200747502,15046.690676296499,68326.14445354263,400.0,False,1,False,CLOSE_INTERACTION_NO_PASS,0.0,,False,0.0,296.49367346938755,0.5063265306124549,1.3646829999999999,True,1.3646829999999999,26.678831695259564,12,True,3.0,brake,0.5738745322939526,5465.505555555557,14,941.9556898886449,3,australia_2026_R|BOT|PER,australia_2026_R|L7|australia_2026_R|BOT|PER,,False,v4_t0_anchored_30s_horizon
australia_2026_R_00220,australia_2026_R,2026,Australian Grand Prix,HAD,ANT,12,2026-03-08 04:13:22.614,2026-03-08 04:13:26.013,3.399,3.399,2026-03-08 04:13:52.614,30.0,7,15,99.1599999999944,1.6603534883719993,71.84888888888327,215.0,100.0,115.0,93.65708931917669,1.601,True,5.0,4.0,4514.955,brake_T13,63.54221104266071,280.0293502019913,MEDIUM,7.0,1.0,0.5773487791500539,13384.694141209213,24894.350340092198,400.0,False,1,False,CLOSE_INTERACTION_NO_PASS,0.0,,False,0.0,210.5011374407594,4.498862559240592,2.490886,True,2.490886,52.80790034027599,11,True,3.0,brake,0.8260818608830531,5465.505555555557,14,941.9556898886449,3,australia_2026_R|ANT|HAD,australia_2026_R|L7|australia_2026_R|ANT|HAD,,True,v4_t0_anchored_30s_horizon
australia_2026_R_00221,australia_2026_R,2026,Australian Grand Prix,LAW,COL,43,2026-03-08 04:13:25.053,2026-03-08 04:13:52.213,27.16,27.16,2026-03-08 04:13:55.053,30.0,7,87,73.66055555555613,0.8898590604026916,10.586388888890724,298.0,296.0,2.0,,,False,16.0,15.0,3825.4325000000003,straight_06,232.33294032829008,292.3329403282901,MEDIUM,7.0,1.0,0.9104540085095075,12626.253753524043,87370.95623486086,400.00000000000045,False,1,False,CLOSE_INTERACTION_NO_PASS,0.0,,False,-1.0,292.7994027303753,5.200597269624723,0.895047,True,0.895047,-3.572938589718142,12,True,3.0,straight,0.6999229002908136,5465.505555555557,14,941.9556898886449,3,australia_2026_R|COL|LAW,australia_2026_R|L7|australia_2026_R|COL|LAW,,True,v4_t0_anchored_30s_horizon
australia_2026_R_00222,australia_2026_R,2026,Australian Grand Prix,SAI,ALB,23,2026-03-08 04:13:25.333,2026-03-08 04:13:28.734,3.401,3.401,2026-03-08 04:13:55.333,30.0,7,13,96.49777777777763,1.6701538461538434,82.84222222222206,208.0,141.0,67.0,92.88254486133634,1.839,True,14.0,13.0,4012.6302777777782,brake_T11,45.13516255051218,105.13516255051218,SOFT,7.0,1.0,0.9204758702892821,10267.394554483912,44507.74388236078,400.0,False,1,False,CLOSE_INTERACTION_NO_PASS,0.0,,False,0.0,276.1091420664202,-68.10914206642019,1.9465599999999998,True,1.9465599999999998,67.72571011866174,12,True,3.0,brake,0.7341736710337865,5465.505555555557,14,941.9556898886449,3,australia_2026_R|ALB|SAI,australia_2026_R|L7|australia_2026_R|ALB|SAI,,True,v4_t0_anchored_30s_horizon
australia_2026_R_00223,australia_2026_R,2026,Australian Grand Prix,ALO,LAW,30,2026-03-08 04:13:27.173,2026-03-08 04:14:31.374,64.201,64.201,2026-03-08 04:13:57.173,30.0,7,226,11.586666666668407,0.17600000000002644,11.586666666668407,237.0,261.0,-24.0,-17.717391304348027,1.8399999999999999,True,17.0,16.0,3984.409166666666,brake_T11,73.35627366162453,133.35627366162453,SOFT,7.0,1.0,0.9253276965741586,9228.692296577297,62176.462613870004,400.00000000000045,False,1,False,CLOSE_INTERACTION_NO_PASS,0.0,,False,1.0,273.13908045977155,-36.13908045977155,0.161854,True,0.161854,-16.47624150042726,11,True,3.0,brake,0.7290101759418409,5465.505555555557,14,941.9556898886449,3,australia_2026_R|ALO|LAW,australia_2026_R|L7|australia_2026_R|ALO|LAW,,True,v4_t0_anchored_30s_horizon
australia_2026_R_00224,australia_2026_R,2026,Australian Grand Prix,STR,BOT,77,2026-03-08 04:13:33.333,2026-03-08 04:13:54.173,20.84,20.84,2026-03-08 04:14:03.333,30.0,7,80,95.13861111111191,1.2364584837545232,37.602499999999964,277.0,141.0,136.0,68.74221541602755,1.959,True,20.0,19.0,3927.4063888888895,straight_06,130.3590514394009,190.3590514394009,MEDIUM,7.0,1.0,0.8450076823508997,9131.176637782297,90547.78016267037,400.0,False,1,False,CLOSE_INTERACTION_NO_PASS,0.0,,False,0.0,262.52345275830055,14.47654724169945,1.7134589999999998,True,1.7134589999999998,46.154624035566506,11,True,3.0,straight,0.7185806233234496,5465.505555555557,14,941.9556898886449,3,australia_2026_R|BOT|STR,australia_2026_R|L7|australia_2026_R|BOT|STR,,True,v4_t0_anchored_30s_horizon
australia_2026_R_00225,australia_2026_R,2026,Australian Grand Prix,ALB,BOR,5,2026-03-08 04:13:34.133,2026-03-08 04:13:37.814,3.681,3.681,2026-03-08 04:14:04.133,30.0,7,16,95.35083333333296,1.6744536585365788,69.41833333333307,205.0,89.0,116.0,84.20000000000091,2.0,True,13.0,12.0,4522.276944444445,brake_T13,56.22026659821586,272.70740575754644,MEDIUM,7.0,1.0,0.9197219942789209,13774.570348318965,22513.482369531725,400.0,False,1,False,CLOSE_INTERACTION_NO_PASS,0.0,,False,0.0,196.4365335051546,8.563466494845386,2.8239739999999998,True,2.8239739999999998,65.22683732485284,12,True,3.0,brake,0.8274215255069418,5465.505555555557,14,941.9556898886449,3,australia_2026_R|ALB|BOR,australia_2026_R|L7|australia_2026_R|ALB|BOR,,True,v4_t0_anchored_30s_horizon
australia_2026_R_00226,australia_2026_R,2026,Australian Grand Prix,HAM,RUS,63,2026-03-08 04:13:44.414,2026-03-08 04:13:47.533,3.119,3.119,2026-03-08 04:14:14.414,30.0,8,13,96.037222222222,1.3297461538461508,57.16888888888843,260.0,115.0,145.0,108.87755102040826,1.96,True,3.0,2.0,976.353888888889,brake_T3,75.93538539128724,293.81710215328405,MEDIUM,8.0,1.0,0.7367373839078194,8299.672000371964,59519.08948846987,399.9999999999999,False,1,False,CLOSE_INTERACTION_NO_PASS,0.0,,False,0.0,227.00820312499997,32.991796875000034,2.120437,True,2.120437,93.48064075014969,11,True,3.0,brake,0.17863926382737794,5465.505555555557,14,941.9556898886449,3,australia_2026_R|HAM|RUS,australia_2026_R|L8|australia_2026_R|HAM|RUS,,False,v4_t0_anchored_30s_horizon
australia_2026_R_00227,australia_2026_R,2026,Australian Grand Prix,BOR,VER,3,2026-03-08 04:13:46.933,2026-03-08 04:13:54.613,7.68,7.68,2026-03-08 04:14:16.933,30.0,8,29,99.04694444444442,1.1614625407166121,52.9641666666667,307.0,235.0,72.0,12.476190476190506,1.6800000000000002,True,12.0,10.0,178.87138888888887,straight_01,145.0123516581183,287.8289476666789,MEDIUM,8.0,1.0,0.9474573609486748,13642.569491051818,99723.64195869959,400.0,False,1,False,CLOSE_INTERACTION_NO_PASS,0.0,,False,0.0,322.6667944785276,-15.666794478527606,1.253328,True,1.253328,10.673433178764551,13,True,3.0,straight,0.03272732724735232,5465.505555555557,14,941.9556898886449,3,australia_2026_R|BOR|VER,australia_2026_R|L8|australia_2026_R|BOR|VER,,False,v4_t0_anchored_30s_horizon
australia_2026_R_00228,australia_2026_R,2026,Australian Grand Prix,HAM,LEC,16,2026-03-08 04:13:47.773,2026-03-08 04:13:54.934,7.161,7.161,2026-03-08 04:14:17.773,30.0,8,27,61.96444444444478,2.276244897959196,61.96444444444478,98.0,119.0,-21.0,,,False,3.0,1.0,1105.9163888888888,corner_T3,104.25460215328417,164.25460215328417,MEDIUM,8.0,1.0,0.7863889095797725,14663.363138455215,1005.5009828945708,400.0,False,1,False,CLOSE_INTERACTION_NO_PASS,0.0,,False,0.0,89.75396634615481,8.246033653845188,2.397961,True,2.397961,34.18941732339781,12,True,3.0,corner,0.2023447561524754,5465.505555555557,14,941.9556898886449,3,australia_2026_R|HAM|LEC,australia_2026_R|L8|australia_2026_R|HAM|LEC,,False,v4_t0_anchored_30s_horizon
australia_2026_R_00229,australia_2026_R,2026,Australian Grand Prix,LEC,RUS,63,2026-03-08 04:13:51.534,2026-03-08 04:14:13.093,21.559,19.0,2026-03-08 04:14:21.534,30.0,8,61,11.49333333333243,0.2405581395348648,10.809166666665988,172.0,196.0,-24.0,-16.979591836734425,1.96,True,1.0,2.0,1319.1000000000006,brake_T5,86.04938555485933,146.04938555485933,MEDIUM,8.0,1.0,0.5100003386556317,23316.71355516014,1835.4313081243722,400.0,False,1,False,ON_TRACK_PASS,1.0,21.839,False,0.0,190.68227040816362,-18.682270408163618,0.212709,True,0.212709,-11.945787009946903,11,True,3.0,brake,0.24135004284446598,5465.505555555557,14,941.9556898886449,3,australia_2026_R|LEC|RUS,australia_2026_R|L8|australia_2026_R|LEC|RUS,australia_2026_R_00239,False,v4_t0_anchored_30s_horizon
australia_2026_R_00230,australia_2026_R,2026,Australian Grand Prix,LIN,HAD,6,2026-03-08 04:13:52.653,2026-03-08 04:13:59.293,6.64,6.64,2026-03-08 04:14:22.653,30.0,8,23,95.78111111111082,1.3847871485943732,57.65888888888844,249.0,113.0,136.0,132.34366503534588,1.839,True,6.0,5.0,961.813888888889,brake_T3,90.4753853912872,308.357102153284,MEDIUM,8.0,1.0,0.9245286573705467,7575.419787400242,69717.47666686126,399.9999999999999,False,1,False,CLOSE_INTERACTION_NO_PASS,0.0,,False,0.0,273.3737373737372,-24.373737373737185,2.269707,True,2.269707,104.4414954954899,11,True,3.0,brake,0.1759789426819314,5465.505555555557,14,941.9556898886449,3,australia_2026_R|HAD|LIN,australia_2026_R|L8|australia_2026_R|HAD|LIN,,False,v4_t0_anchored_30s_horizon
australia_2026_R_00231,australia_2026_R,2026,Australian Grand Prix,COL,SAI,55,2026-03-08 04:13:53.493,2026-03-08 04:14:00.093,6.6,6.6,2026-03-08 04:14:23.493,30.0,8,21,97.85166666666669,1.1781471571906357,60.340000000000146,299.0,215.0,84.0,33.68181818181819,1.76,True,15.0,14.0,192.37833333333327,straight_01,131.5054072136739,274.3220032222345,HARD,8.0,1.0,0.9554544546883075,13491.283016307229,99761.55424491371,400.00000000000006,False,1,False,CLOSE_INTERACTION_NO_PASS,0.0,,False,0.0,296.7919191919192,2.2080808080808083,1.338262,True,1.338262,56.08681080148965,12,True,3.0,straight,0.035198634669355564,5465.505555555557,14,941.9556898886449,3,australia_2026_R|COL|SAI,australia_2026_R|L8|australia_2026_R|COL|SAI,,False,v4_t0_anchored_30s_horizon
australia_2026_R_00232,australia_2026_R,2026,Australian Grand Prix,LAW,COL,43,2026-03-08 04:13:55.294,2026-03-08 04:14:00.693,5.399,5.399,2026-03-08 04:14:25.294,30.0,8,16,91.618611111111,1.1695992907801405,63.240833333333114,282.0,177.0,105.0,55.800666296502094,1.8010000000000002,True,16.0,15.0,219.77,brake_T1,104.11374054700715,246.93033655556778,MEDIUM,8.0,1.0,0.9409140615384767,14324.802523101162,88199.80278601579,400.0,False,1,False,CLOSE_INTERACTION_NO_PASS,0.0,,False,0.0,291.11170212765956,-9.111702127659555,1.463234,True,1.463234,29.55314998210963,12,True,3.0,brake,0.040210369885473635,5465.505555555557,14,941.9556898886449,3,australia_2026_R|COL|LAW,australia_2026_R|L8|australia_2026_R|COL|LAW,,False,v4_t0_anchored_30s_horizon
australia_2026_R_00233,australia_2026_R,2026,Australian Grand Prix,BOT,PER,11,2026-03-08 04:14:00.693,2026-03-08 04:14:07.333,6.64,6.64,2026-03-08 04:14:30.693,30.0,8,24,90.86444444444442,1.1397630662020903,61.51305555555558,287.0,171.0,116.0,62.12765957446815,1.88,True,19.0,18.0,226.21055555555557,brake_T1,97.67318499145159,240.48978100001221,HARD,8.0,1.0,0.9161912847013505,14714.970518412949,83499.38255454537,400.00000000000006,False,1,False,CLOSE_INTERACTION_NO_PASS,0.0,,False,0.0,288.0422101449275,-1.0422101449274805,1.531369,True,1.531369,36.151775929649716,11,True,3.0,brake,0.041388770582369616,5465.505555555557,14,941.9556898886449,3,australia_2026_R|BOT|PER,australia_2026_R|L8|australia_2026_R|BOT|PER,,False,v4_t0_anchored_30s_horizon
australia_2026_R_00234,australia_2026_R,2026,Australian Grand Prix,VER,GAS,10,2026-03-08 04:14:01.373,2026-03-08 04:14:21.133,19.76,19.76,2026-03-08 04:14:31.373,30.0,8,70,28.546944444444307,1.129329670329665,28.546944444444307,91.0,109.0,-18.0,,,False,10.0,9.0,1085.1166666666666,corner_T3,125.05432437550644,185.05432437550644,HARD,8.0,1.0,0.9998769746181266,13372.434251543442,3065.314799452464,400.0,False,1,False,CLOSE_INTERACTION_NO_PASS,0.0,54.841,True,-1.0,90.30669729206966,0.6933027079303429,1.00501,True,1.00501,17.081336457782655,10,True,3.0,corner,0.19853912060590095,5465.505555555557,14,941.9556898886449,3,australia_2026_R|GAS|VER,australia_2026_R|L8|australia_2026_R|GAS|VER,,False,v4_t0_anchored_30s_horizon
australia_2026_R_00235,australia_2026_R,2026,Australian Grand Prix,BOR,BEA,87,2026-03-08 04:14:01.373,2026-03-08 04:19:28.294,326.921,326.921,2026-03-08 04:14:31.373,30.0,8,1177,31.037500000000136,0.9234297520661199,10.403055555564606,121.0,86.0,35.0,,,False,12.0,11.0,1054.0366666666664,corner_T3,156.1343243755066,216.1343243755066,MEDIUM,8.0,1.0,1.0,11705.21427930847,6133.4696417567975,400.0,False,1,False,CLOSE_INTERACTION_NO_PASS,0.0,,False,0.0,100.52323232323228,20.47676767676772,1.241858,True,1.241858,79.24911179983016,10,True,3.0,corner,0.1928525469332408,5465.505555555557,14,941.9556898886449,3,australia_2026_R|BEA|BOR,australia_2026_R|L8|australia_2026_R|BEA|BOR,,False,v4_t0_anchored_30s_horizon
australia_2026_R_00236,australia_2026_R,2026,Australian Grand Prix,SAI,ALB,23,2026-03-08 04:14:03.654,2026-03-08 04:14:15.934,12.28,12.28,2026-03-08 04:14:33.654,30.0,8,41,97.81333333333339,1.2355368421052637,42.20805555555603,285.0,180.0,105.0,27.511111111110722,1.8,True,14.0,13.0,916.6175000000001,straight_02,135.67177428017612,353.55349104217294,SOFT,8.0,1.0,0.9300242159016425,6339.871828506632,90511.54545105004,400.0,False,1,False,CLOSE_INTERACTION_NO_PASS,0.0,,False,0.0,292.6013392857143,-7.601339285714289,1.454729,True,1.454729,2.013287299447974,12,True,3.0,straight,0.16770955416343508,5465.505555555557,14,941.9556898886449,3,australia_2026_R|ALB|SAI,australia_2026_R|L8|australia_2026_R|ALB|SAI,,False,v4_t0_anchored_30s_horizon
australia_2026_R_00237,australia_2026_R,2026,Australian Grand Prix,BEA,VER,3,2026-03-08 04:14:07.333,2026-03-08 04:14:55.934,48.601,48.601,2026-03-08 04:14:37.333,30.0,8,165,12.826944444444734,0.27650898203593444,10.253333333334922,167.0,196.0,-29.0,-19.12500000000051,1.92,True,11.0,10.0,1302.8749999999998,brake_T5,102.27438555486015,162.27438555486015,MEDIUM,8.0,1.0,0.9797401151202828,23306.797760150486,152.3281048702378,400.0,False,1,False,CLOSE_INTERACTION_NO_PASS,0.0,,False,1.0,190.80907029478442,-23.80907029478442,0.233591,True,0.233591,-14.874048711235808,10,True,3.0,brake,0.23838142450988054,5465.505555555557,14,941.9556898886449,3,australia_2026_R|BEA|VER,australia_2026_R|L8|australia_2026_R|BEA|VER,,False,v4_t0_anchored_30s_horizon
australia_2026_R_00238,australia_2026_R,2026,Australian Grand Prix,STR,BOT,77,2026-03-08 04:14:14.493,2026-03-08 04:14:23.094,8.601,8.601,2026-03-08 04:14:44.493,30.0,8,34,98.1400000000001,1.2663225806451626,51.12749999999983,279.0,127.0,152.0,106.13636363636323,1.76,True,20.0,19.0,952.2772222222222,brake_T3,100.01205205795395,317.89376881995076,MEDIUM,8.0,1.0,0.8869487847759073,7100.388705026996,76406.51511651235,400.0,False,1,False,CLOSE_INTERACTION_NO_PASS,0.0,,False,0.0,275.0,4.0,1.940923,True,1.940923,66.20715118162667,10,True,3.0,brake,0.17423405987653875,5465.505555555557,14,941.9556898886449,3,australia_2026_R|BOT|STR,australia_2026_R|L8|australia_2026_R|BOT|STR,,False,v4_t0_anchored_30s_horizon
australia_2026_R_00239,australia_2026_R,2026,Australian Grand Prix,RUS,LEC,16,2026-03-08 04:14:14.694,2026-03-08 04:14:55.294,40.6,40.0,2026-03-08 04:14:44.694,30.0,8,144,10.498055555554856,0.12811186440677114,10.498055555554856,295.0,320.0,-25.0,-25.00000000000055,1.321,True,2.0,1.0,3019.786388888889,straight_05,229.375435419935,393.86218626661184,MEDIUM,8.0,1.0,0.9207603146900156,16016.275501016955,72022.2959095077,400.0,False,1,False,CLOSE_INTERACTION_NO_PASS,0.0,,False,0.0,320.0,-25.0,0.117118,True,0.117118,-24.777834367119983,11,True,3.0,straight,0.5525173029637391,5465.505555555557,14,941.9556898886449,3,australia_2026_R|LEC|RUS,australia_2026_R|L8|australia_2026_R|LEC|RUS,australia_2026_R_00229,False,v4_t0_anchored_30s_horizon
australia_2026_R_00240,australia_2026_R,2026,Australian Grand Prix,HAM,RUS,63,2026-03-08 04:14:18.494,2026-03-08 04:14:25.773,7.279,7.279,2026-03-08 04:14:48.494,30.0,8,28,94.5566666666673,1.198605633802825,76.338055555555,284.0,190.0,94.0,72.6599999999994,2.0,True,3.0,2.0,3193.6952777777774,brake_T9,55.46654653104679,219.95329737772363,MEDIUM,8.0,1.0,0.6877183809407982,18153.347457806158,38027.968003777874,400.0,False,1,False,CLOSE_INTERACTION_NO_PASS,0.0,,False,0.0,262.3856573705185,21.614342629481484,1.6166049999999998,True,1.6166049999999998,58.27565827969243,12,True,3.0,brake,0.5843366629700818,5465.505555555557,14,941.9556898886449,3,australia_2026_R|HAM|RUS,australia_2026_R|L8|australia_2026_R|HAM|RUS,,False,v4_t0_anchored_30s_horizon
australia_2026_R_00241,australia_2026_R,2026,Australian Grand Prix,LIN,HAD,6,2026-03-08 04:14:26.853,2026-03-08 04:14:33.213,6.36,6.36,2026-03-08 04:14:56.853,30.0,8,26,83.36305555555555,1.038432525951557,71.52333333333218,289.0,224.0,65.0,58.35021354484412,1.639,True,6.0,5.0,3163.124722222222,brake_T9,86.03710208660232,250.52385293327916,MEDIUM,8.0,1.0,0.8803318185224178,16492.437355682443,54226.26439778354,400.0,False,1,False,CLOSE_INTERACTION_NO_PASS,0.0,,False,0.0,264.37317339149405,24.62682660850595,1.301496,True,1.301496,48.194615610746304,8,True,3.0,brake,0.5787433001521662,5465.505555555557,14,941.9556898886449,3,australia_2026_R|HAD|LIN,australia_2026_R|L8|australia_2026_R|HAD|LIN,,False,v4_t0_anchored_30s_horizon
australia_2026_R_00242,australia_2026_R,2026,Australian Grand Prix,VER,GAS,10,2026-03-08 04:14:31.973,2026-03-08 04:14:39.053,7.08,7.08,2026-03-08 04:15:01.973,30.0,8,29,96.26916666666375,1.1708412162161808,70.56888888888489,296.0,205.0,91.0,68.9010331702011,1.839,True,10.0,9.0,3152.8016666666676,brake_T9,96.36015764215654,260.8469084888334,HARD,8.0,1.0,0.9036913530979196,15931.581756383774,59696.10001384797,400.0,False,1,False,ON_TRACK_PASS,1.0,24.241,False,-1.0,283.0468749999977,12.953125000002274,1.53575,True,1.53575,44.93735329418933,11,True,3.0,brake,0.5768545351604152,5465.505555555557,14,941.9556898886449,3,australia_2026_R|GAS|VER,australia_2026_R|L8|australia_2026_R|GAS|VER,,False,v4_t0_anchored_30s_horizon
australia_2026_R_00243,australia_2026_R,2026,Australian Grand Prix,SAI,ALB,23,2026-03-08 04:14:39.053,2026-03-08 04:14:42.774,3.721,3.721,2026-03-08 04:15:09.053,30.0,8,12,96.30833333333476,1.2793726937269563,90.71944444444534,271.0,212.0,59.0,58.69766177270033,1.839,True,14.0,13.0,3201.7180555555533,brake_T9,47.44376875327089,211.93051959994773,SOFT,8.0,1.0,0.9238896061954387,18589.22807613467,33776.97125262333,400.0,False,1,False,CLOSE_INTERACTION_NO_PASS,0.0,,False,0.0,276.8320895522398,-5.832089552239779,1.516761,True,1.516761,43.69587770165799,12,True,3.0,brake,0.5858045560489976,5465.505555555557,14,941.9556898886449,3,australia_2026_R|ALB|SAI,australia_2026_R|L8|australia_2026_R|ALB|SAI,,False,v4_t0_anchored_30s_horizon
australia_2026_R_00244,australia_2026_R,2026,Australian Grand Prix,COL,SAI,55,2026-03-08 04:14:39.613,2026-03-08 04:14:46.453,6.84,6.84,2026-03-08 04:15:09.613,30.0,8,25,97.92666666666491,1.1558557377048975,70.32749999999851,305.0,217.0,88.0,35.44665645737768,1.959,True,15.0,14.0,3138.8808333333327,brake_T9,110.28099097549148,274.7677418221683,HARD,8.0,1.0,0.9151014594758066,15175.25749949225,67072.2755620851,400.0,False,1,False,CLOSE_INTERACTION_NO_PASS,0.0,,False,0.0,306.0,-1.0,1.35431,True,1.35431,22.032653106062934,12,True,3.0,brake,0.574307500271907,5465.505555555557,14,941.9556898886449,3,australia_2026_R|COL|SAI,australia_2026_R|L8|australia_2026_R|COL|SAI,,False,v4_t0_anchored_30s_horizon
australia_2026_R_00245,australia_2026_R,2026,Australian Grand Prix,BOT,PER,11,2026-03-08 04:14:46.253,2026-03-08 04:14:54.694,8.441,8.441,2026-03-08 04:15:16.253,30.0,8,30,99.57638888888732,1.148958333333315,64.42305555555276,312.0,287.0,25.0,13.470463012240392,1.879,True,19.0,18.0,3062.9530555555575,straight_05,186.20876875326667,350.6955195999435,HARD,8.0,1.0,0.8998497190042258,15475.957073745858,72101.13088628522,400.0,False,1,False,CLOSE_INTERACTION_NO_PASS,0.0,,False,0.0,307.0,5.0,1.213084,True,1.213084,11.343560731354472,13,True,3.0,straight,0.5604153219535452,5465.505555555557,14,941.9556898886449,3,australia_2026_R|BOT|PER,australia_2026_R|L8|australia_2026_R|BOT|PER,,False,v4_t0_anchored_30s_horizon
australia_2026_R_00246,australia_2026_R,2026,Australian Grand Prix,OCO,NOR,1,2026-03-08 04:14:52.773,2026-03-08 04:14:58.933,6.16,6.16,2026-03-08 04:15:22.773,30.0,8,25,69.86638888888774,1.270297979797959,45.67055555555544,198.0,89.0,109.0,98.47473736868353,1.999,True,8.0,7.0,4525.880833333334,brake_T13,52.616377709327026,269.1035168686576,MEDIUM,8.0,1.0,0.9017593496382312,13966.468899517473,21341.61010389003,400.0,False,1,False,CLOSE_INTERACTION_NO_PASS,0.0,,False,0.0,175.2387283236975,22.7612716763025,2.283774,True,2.283774,71.02948205668564,9,True,3.0,brake,0.8280809135273648,5465.505555555557,14,941.9556898886449,3,australia_2026_R|NOR|OCO,australia_2026_R|L8|australia_2026_R|NOR|OCO,,True,v4_t0_anchored_30s_horizon
australia_2026_R_00247,australia_2026_R,2026,Australian Grand Prix,LAW,COL,43,2026-03-08 04:14:52.773,2026-03-08 04:15:15.094,22.321,22.321,2026-03-08 04:15:22.773,30.0,8,86,93.01777777777443,1.1959428571428141,36.51333333332968,280.0,172.0,108.0,59.035517758879934,1.999,True,16.0,15.0,3939.1375000000007,brake_T11,118.6279403282897,178.6279403282897,MEDIUM,8.0,1.0,0.8900973881053627,8645.657329975147,89892.83602422538,400.0,False,1,False,PIT_RELATED,,108.321,True,0.0,295.16224662162176,-15.162246621621762,1.60006,True,1.60006,29.155496582085974,9,True,3.0,brake,0.7207270141727257,5465.505555555557,14,941.9556898886449,3,australia_2026_R|COL|LAW,australia_2026_R|L8|australia_2026_R|COL|LAW,,True,v4_t0_anchored_30s_horizon
australia_2026_R_00248,australia_2026_R,2026,Australian Grand Prix,HAM,LEC,16,2026-03-08 04:14:55.574,2026-03-08 04:15:00.373,4.799,4.799,2026-03-08 04:15:25.574,30.0,9,21,90.78833333333331,1.0543161290322578,43.616666666666674,310.0,285.0,25.0,,,False,3.0,1.0,99.67027777777778,straight_01,224.21346276922938,367.03005877779003,MEDIUM,9.0,1.0,0.7037810866566111,14529.672932184523,99501.33444827246,400.0,False,1,False,CLOSE_INTERACTION_NO_PASS,0.0,,False,0.0,282.0414310954064,27.95856890459362,1.148399,True,1.148399,-3.346994491994791,11,True,3.0,straight,0.01823624123416457,5465.505555555557,14,941.9556898886449,3,australia_2026_R|HAM|LEC,australia_2026_R|L9|australia_2026_R|HAM|LEC,,False,v4_t0_anchored_30s_horizon
australia_2026_R_00249,australia_2026_R,2026,Australian Grand Prix,ALO,LAW,30,2026-03-08 04:14:55.574,2026-03-08 04:14:59.253,3.679,3.679,2026-03-08 04:15:25.574,30.0,8,16,93.79361111111348,1.4744847161572425,73.89361111111293,229.0,111.0,118.0,113.57782404997312,1.921,True,17.0,16.0,3988.0955555555543,brake_T11,69.66988477273617,129.66988477273617,SOFT,8.0,1.0,0.9394492536914312,9276.167765915327,59919.56909739054,399.99999999999955,False,1,False,CLOSE_INTERACTION_NO_PASS,0.0,,False,0.0,252.41605072464102,-23.416050724641025,2.127917,True,2.127917,90.87451138100705,11,True,3.0,brake,0.7296846586317618,5465.505555555557,14,941.9556898886449,3,australia_2026_R|ALO|LAW,australia_2026_R|L8|australia_2026_R|ALO|LAW,,True,v4_t0_anchored_30s_horizon
australia_2026_R_00250,australia_2026_R,2026,Australian Grand Prix,GAS,OCO,31,2026-03-08 04:14:58.014,2026-03-08 04:15:01.694,3.68,3.68,2026-03-08 04:15:28.014,30.0,8,18,86.54972222222113,2.553926229508165,86.54972222222113,122.0,150.0,-28.0,,,False,9.0,8.0,4611.768888888889,corner_T13,123.21546131310242,183.21546131310242,MEDIUM,8.0,1.0,0.9981306143193384,18897.718320208034,2008.3425231976782,400.0,False,1,False,CLOSE_INTERACTION_NO_PASS,0.0,,False,0.0,93.44875000000002,28.551249999999982,2.811966,True,2.811966,-12.751562283008672,12,True,3.0,corner,0.8437954809507301,5465.505555555557,14,941.9556898886449,3,australia_2026_R|GAS|OCO,australia_2026_R|L8|australia_2026_R|GAS|OCO,,True,v4_t0_anchored_30s_horizon
australia_2026_R_00251,australia_2026_R,2026,Australian Grand Prix,BEA,VER,3,2026-03-08 04:14:58.933,2026-03-08 04:15:44.214,45.281,45.281,2026-03-08 04:15:28.933,30.0,8,174,10.304722222226701,0.43136046511646653,10.304722222226701,86.0,98.0,-12.0,-6.689880304682118,0.919,True,11.0,10.0,4623.812222222225,corner_T13,111.17212797976663,171.17212797976663,MEDIUM,8.0,1.0,0.974299712011167,19668.551195258926,1203.2996493538428,400.0,False,1,False,UNCERTAIN,,,False,1.0,90.0,-4.0,0.379466,True,0.379466,9.183796537722854,14,True,3.0,corner,0.8459989977546045,5465.505555555557,14,941.9556898886449,3,australia_2026_R|BEA|VER,australia_2026_R|L8|australia_2026_R|BEA|VER,,True,v4_t0_anchored_30s_horizon
australia_2026_R_00252,australia_2026_R,2026,Australian Grand Prix,HAM,RUS,63,2026-03-08 04:15:00.653,2026-03-08 04:19:22.174,261.521,261.521,2026-03-08 04:15:30.653,30.0,9,972,43.662777777777876,0.9085895953757246,10.280833333333703,173.0,148.0,25.0,,,False,3.0,2.0,413.4577777777778,corner_T2,638.8314965023984,53.24255877779001,MEDIUM,9.0,1.0,0.7612074076605523,25294.274733623104,1945.9235768038707,400.0,False,1,False,CLOSE_INTERACTION_NO_PASS,0.0,,False,0.0,135.54426020408158,37.45573979591842,1.089521,True,1.089521,23.87303206865736,14,True,3.0,corner,0.07564858796228058,5465.505555555557,14,941.9556898886449,3,australia_2026_R|HAM|RUS,australia_2026_R|L9|australia_2026_R|HAM|RUS,,False,v4_t0_anchored_30s_horizon
australia_2026_R_00253,australia_2026_R,2026,Australian Grand Prix,STR,BOT,77,2026-03-08 04:15:01.494,2026-03-08 04:15:21.414,19.92,19.92,2026-03-08 04:15:31.494,30.0,8,72,94.89611111111344,1.2468102189781327,40.29055555555988,274.0,120.0,154.0,98.74859765425846,1.9609999999999999,True,20.0,19.0,3955.189722222223,brake_T11,102.5757181060676,162.5757181060676,MEDIUM,8.0,1.0,0.825364850812753,8852.387223887252,80065.29005705402,400.00000000000045,False,1,False,CLOSE_INTERACTION_NO_PASS,0.0,,False,0.0,259.4084415584441,14.59155844155589,1.937545,True,1.937545,64.99119300151145,14,True,3.0,brake,0.7236640201018305,5465.505555555557,14,941.9556898886449,3,australia_2026_R|BOT|STR,australia_2026_R|L8|australia_2026_R|BOT|STR,,True,v4_t0_anchored_30s_horizon
australia_2026_R_00254,australia_2026_R,2026,Australian Grand Prix,RUS,LEC,16,2026-03-08 04:15:01.694,2026-03-08 04:15:32.933,31.239,31.239,2026-03-08 04:15:31.694,30.0,9,121,11.375277777777626,0.24669277108433407,11.375277777777626,166.0,195.0,-29.0,-30.92891450528343,1.041,True,2.0,1.0,502.91361111111115,straight_02,549.3756631690651,767.2573799310619,MEDIUM,9.0,1.0,0.9966268529328904,26513.315194319006,2243.369528917501,399.99999999999994,False,1,False,CLOSE_INTERACTION_NO_PASS,0.0,,False,0.0,189.93522556390977,-23.935225563909768,0.209068,True,0.209068,-25.153332437440444,14,True,3.0,straight,0.09201593631167593,5465.505555555557,14,941.9556898886449,3,australia_2026_R|LEC|RUS,australia_2026_R|L9|australia_2026_R|LEC|RUS,,False,v4_t0_anchored_30s_horizon
australia_2026_R_00255,australia_2026_R,2026,Australian Grand Prix,ANT,HAM,44,2026-03-08 04:15:12.373,2026-03-08 04:15:18.894,6.521,6.521,2026-03-08 04:15:42.373,30.0,9,25,89.79638888888894,1.4966064814814823,73.44083333333333,216.0,84.0,132.0,173.3871517907892,1.759,True,4.0,3.0,1002.1227777777779,brake_T3,50.16649650239833,268.04821326439514,MEDIUM,9.0,1.0,0.9502788606621098,9583.246608597574,41444.73556509725,400.0,False,1,False,CLOSE_INTERACTION_NO_PASS,0.0,,False,0.0,169.80969325153325,46.19030674846675,3.037429,True,3.037429,174.46506907278246,11,True,3.0,brake,0.18335408638623443,5465.505555555557,14,941.9556898886449,3,australia_2026_R|ANT|HAM,australia_2026_R|L9|australia_2026_R|ANT|HAM,,False,v4_t0_anchored_30s_horizon
australia_2026_R_00256,australia_2026_R,2026,Australian Grand Prix,SAI,ALB,23,2026-03-08 04:15:15.614,2026-03-08 04:16:38.414,82.8,82.8,2026-03-08 04:15:45.614,30.0,9,314,95.6847222222222,1.1559228187919461,12.298888888888996,298.0,296.0,2.0,55.30244664237087,1.921,True,14.0,13.0,32.556111111111115,straight_01,291.32762943589603,434.14422544445665,SOFT,9.0,1.0,0.9446153064807843,16063.160251509587,99503.70428163743,400.0,False,1,False,CLOSE_INTERACTION_NO_PASS,0.0,,False,0.0,291.0,7.0,1.171316,True,1.171316,-11.281781439631912,13,True,3.0,straight,0.005956651361925448,5465.505555555557,14,941.9556898886449,3,australia_2026_R|ALB|SAI,australia_2026_R|L9|australia_2026_R|ALB|SAI,,False,v4_t0_anchored_30s_horizon
australia_2026_R_00257,australia_2026_R,2026,Australian Grand Prix,LIN,HAD,6,2026-03-08 04:15:18.294,2026-03-08 04:15:24.134,5.84,5.84,2026-03-08 04:15:48.294,30.0,9,26,91.67777777777769,1.4603539823008835,66.58333333333326,226.0,107.0,119.0,129.71999999999989,2.0,True,6.0,5.0,976.0327777777779,brake_T3,76.25649650239825,294.13821326439506,MEDIUM,9.0,1.0,0.924720095659945,8283.67712878793,59744.31751036764,400.0,False,1,False,CLOSE_INTERACTION_NO_PASS,0.0,,False,0.0,239.22586898395716,-13.225868983957156,2.292441,True,2.292441,107.08706857910998,10,True,3.0,brake,0.17858051151108312,5465.505555555557,14,941.9556898886449,3,australia_2026_R|HAD|LIN,australia_2026_R|L9|australia_2026_R|HAD|LIN,,False,v4_t0_anchored_30s_horizon
australia_2026_R_00258,australia_2026_R,2026,Australian Grand Prix,BOT,PER,11,2026-03-08 04:15:27.894,2026-03-08 04:15:32.533,4.639,4.639,2026-03-08 04:15:57.894,30.0,9,20,97.8852777777779,1.2278292682926846,69.97416666666686,287.0,170.0,117.0,69.2552960347636,1.841,True,18.0,17.0,223.4947222222222,brake_T1,100.38901832478496,243.20561433334558,HARD,9.0,1.0,0.9314090145888313,14550.445697824516,85481.44106412386,400.0,False,1,False,CLOSE_INTERACTION_NO_PASS,0.0,,False,-1.0,294.8340182648402,-7.834018264840211,1.56602,True,1.56602,43.96726403198142,13,True,3.0,brake,0.040891866260211754,5465.505555555557,14,941.9556898886449,3,australia_2026_R|BOT|PER,australia_2026_R|L9|australia_2026_R|BOT|PER,,False,v4_t0_anchored_30s_horizon
australia_2026_R_00259,australia_2026_R,2026,Australian Grand Prix,LAW,COL,43,2026-03-08 04:15:32.094,2026-03-08 04:15:53.494,21.4,21.4,2026-03-08 04:16:02.094,30.0,9,75,98.70861111111117,1.2424860139860148,35.08611111111122,286.0,208.0,78.0,17.680000000000156,2.0,True,15.0,20.0,894.3222222222222,straight_02,157.967052057954,375.8487688199508,MEDIUM,9.0,1.0,0.9426981699331889,6674.338779710414,90633.09685013891,399.9999999999999,False,1,False,PIT_RELATED,,69.0,True,-1.0,285.3286588411588,0.6713411588411873,1.387975,True,1.387975,2.3807125412178998,14,True,3.0,straight,0.1636302832613837,5465.505555555557,14,941.9556898886449,3,australia_2026_R|COL|LAW,australia_2026_R|L9|australia_2026_R|COL|LAW,,False,v4_t0_anchored_30s_horizon
australia_2026_R_00260,australia_2026_R,2026,Australian Grand Prix,COL,SAI,55,2026-03-08 04:15:32.094,2026-03-08 04:15:38.094,6.0,6.0,2026-03-08 04:16:02.094,30.0,9,19,98.23638888888843,1.7002451923076842,76.84111111111065,208.0,103.0,105.0,110.92000000000007,2.0,True,20.0,14.0,993.0669444444444,brake_T3,59.222329835731784,277.1040465977286,HARD,9.0,1.0,0.928449500947803,9132.166324418073,47796.51648368856,399.9999999999999,False,1,True,PIT_RELATED,,,False,5.0,253.55240563529938,-45.55240563529938,2.225899,True,2.225899,87.82272947571414,14,True,3.0,brake,0.18169717958387496,5465.505555555557,14,941.9556898886449,3,australia_2026_R|COL|SAI,australia_2026_R|L9|australia_2026_R|COL|SAI,,False,v4_t0_anchored_30s_horizon
australia_2026_R_00261,australia_2026_R,2026,Australian Grand Prix,ALO,LAW,30,2026-03-08 04:15:34.534,2026-03-08 04:15:43.414,8.88,8.88,2026-03-08 04:16:04.534,30.0,9,34,87.99138888888865,1.1313178571428542,45.702499999999645,280.0,130.0,150.0,105.28794503435347,1.601,True,16.0,15.0,949.7911111111111,brake_T3,102.49816316906504,320.37987993106185,SOFT,9.0,1.0,0.9184179208619779,6976.5529777975735,78150.2787808598,400.0,False,1,False,CLOSE_INTERACTION_NO_PASS,0.0,,False,-1.0,277.88313868613136,2.1168613138686396,1.730437,True,1.730437,48.376828206415894,10,True,3.0,brake,0.1737791868394811,5465.505555555557,14,941.9556898886449,3,australia_2026_R|ALO|LAW,australia_2026_R|L9|australia_2026_R|ALO|LAW,,False,v4_t0_anchored_30s_horizon
australia_2026_R_00262,australia_2026_R,2026,Australian Grand Prix,RUS,LEC,16,2026-03-08 04:15:35.134,2026-03-08 04:19:51.015,255.881,255.881,2026-03-08 04:16:05.134,30.0,9,944,99.70222222221946,1.157832258064484,21.339999999999236,310.0,304.0,6.0,0.7148288973376048,1.841,True,2.0,1.0,2455.043055555557,straight_05,794.118768753267,958.6055195999438,MEDIUM,9.0,1.0,0.9600775960392929,33375.17958748221,561.2371077207505,400.0,False,1,False,CLOSE_INTERACTION_NO_PASS,0.0,,False,0.0,302.0,8.0,1.182582,True,1.182582,-0.9979066024095292,9,True,3.0,straight,0.44918864880853776,5465.505555555557,14,941.9556898886449,3,australia_2026_R|LEC|RUS,australia_2026_R|L9|australia_2026_R|LEC|RUS,,False,v4_t0_anchored_30s_horizon
australia_2026_R_00263,australia_2026_R,2026,Australian Grand Prix,STR,BOT,77,2026-03-08 04:15:41.934,2026-03-08 04:15:54.454,12.52,12.52,2026-03-08 04:16:11.934,30.0,9,45,99.28333333333285,1.328698884758358,42.00555555555502,269.0,124.0,145.0,100.70516379789056,1.8010000000000002,True,19.0,18.0,937.7161111111113,brake_T3,114.57316316906486,332.45487993106167,MEDIUM,9.0,1.0,0.8685458307873524,6375.084926103389,86619.70967350592,400.0,False,1,False,CLOSE_INTERACTION_NO_PASS,0.0,,False,-1.0,260.7418067226887,8.258193277311307,2.010924,True,2.010924,65.65425133877544,12,True,3.0,brake,0.1715698761220625,5465.505555555557,14,941.9556898886449,3,australia_2026_R|BOT|STR,australia_2026_R|L9|australia_2026_R|BOT|STR,,False,v4_t0_anchored_30s_horizon
australia_2026_R_00264,australia_2026_R,2026,Australian Grand Prix,ANT,HAM,44,2026-03-08 04:15:45.294,2026-03-08 04:15:50.614,5.32,5.32,2026-03-08 04:16:15.294,30.0,9,20,97.86027777777463,1.140119741100287,72.89388888888607,309.0,227.0,82.0,40.382978723405266,1.88,True,4.0,3.0,3149.708611111113,brake_T9,99.4532131977112,263.93996404438803,MEDIUM,9.0,1.0,0.8852668729166374,15763.534852253599,61335.00482736861,400.0,False,1,False,CLOSE_INTERACTION_NO_PASS,0.0,,False,0.0,302.0,7.0,1.36639,True,1.36639,21.458142629447906,12,True,3.0,brake,0.5762886121137519,5465.505555555557,14,941.9556898886449,3,australia_2026_R|ANT|HAM,australia_2026_R|L9|australia_2026_R|ANT|HAM,,False,v4_t0_anchored_30s_horizon
australia_2026_R_00265,australia_2026_R,2026,Australian Grand Prix,LIN,HAD,6,2026-03-08 04:15:52.374,2026-03-08 04:15:55.694,3.32,3.32,2026-03-08 04:16:22.374,30.0,9,14,97.00972222222117,1.3129135338345723,91.98611111111086,266.0,217.0,49.0,64.20833333333435,1.92,True,6.0,5.0,3167.368611111111,brake_T9,81.79321319771316,246.27996404439,MEDIUM,9.0,1.0,0.8930396158141678,16723.00947973289,51977.57218934373,400.0,False,1,False,CLOSE_INTERACTION_NO_PASS,0.0,,False,0.0,257.5336206896546,8.466379310345417,1.533676,True,1.533676,60.25341485121542,9,True,3.0,brake,0.5795197862147548,5465.505555555557,14,941.9556898886449,3,australia_2026_R|HAD|LIN,australia_2026_R|L9|australia_2026_R|HAD|LIN,,False,v4_t0_anchored_30s_horizon
australia_2026_R_00266,australia_2026_R,2026,Australian Grand Prix,BEA,VER,3,2026-03-08 04:15:56.774,2026-03-08 04:16:14.854,18.08,18.08,2026-03-08 04:16:26.774,30.0,9,70,99.2188888888877,1.1375414012738718,43.8069444444418,314.0,299.0,15.0,11.829787234043696,1.88,True,11.0,10.0,3081.8213888888904,straight_05,167.34043541993378,331.8271862666106,MEDIUM,9.0,1.0,0.9193444821022531,15239.78159439699,72135.58998945504,400.0,False,1,False,CLOSE_INTERACTION_NO_PASS,0.0,,False,0.0,310.5795967741934,3.420403225806581,1.172735,True,1.172735,11.173479780883168,14,True,3.0,straight,0.5638675795976992,5465.505555555557,14,941.9556898886449,3,australia_2026_R|BEA|VER,australia_2026_R|L9|australia_2026_R|BEA|VER,,False,v4_t0_anchored_30s_horizon
australia_2026_R_00267,australia_2026_R,2026,Australian Grand Prix,OCO,NOR,1,2026-03-08 04:16:06.734,2026-03-08 04:16:11.094,4.36,4.36,2026-03-08 04:16:36.734,30.0,9,20,93.23888888888905,1.2618796992481225,55.894444444444616,266.0,110.0,156.0,133.06149999999909,2.0,True,8.0,7.0,3976.1713888888903,brake_T11,81.59405143940012,141.59405143940012,MEDIUM,9.0,1.0,0.8513657251031852,9122.601382653014,67219.82288247868,399.99999999999955,False,1,False,CLOSE_INTERACTION_NO_PASS,0.0,,False,0.0,251.34649456521652,14.653505434783483,2.262726,True,2.262726,110.4011172275339,12,True,3.0,brake,0.7275029452393852,5465.505555555557,14,941.9556898886449,3,australia_2026_R|NOR|OCO,australia_2026_R|L9|australia_2026_R|NOR|OCO,,True,v4_t0_anchored_30s_horizon
australia_2026_R_00268,australia_2026_R,2026,Australian Grand Prix,LAW,COL,43,2026-03-08 04:16:07.294,2026-03-08 04:16:12.414,5.12,5.12,2026-03-08 04:16:37.294,30.0,9,22,99.59305555555329,1.2320790378006594,87.77083333333076,291.0,227.0,64.0,34.2673469387765,1.96,True,15.0,20.0,3161.836666666669,brake_T9,87.32515764215532,251.81190848883216,MEDIUM,9.0,1.0,0.9099875512609941,16422.45679937797,54908.76117553678,400.0,False,1,False,PIT_RELATED,,33.8,True,-1.0,307.2901810465791,-16.290181046579107,1.406665,True,1.406665,20.73280466572933,12,True,3.0,brake,0.5785076301775481,5465.505555555557,14,941.9556898886449,3,australia_2026_R|COL|LAW,australia_2026_R|L9|australia_2026_R|COL|LAW,,False,v4_t0_anchored_30s_horizon
australia_2026_R_00269,australia_2026_R,2026,Australian Grand Prix,VER,OCO,31,2026-03-08 04:16:14.134,2026-03-08 04:16:26.334,12.2,12.2,2026-03-08 04:16:44.134,30.0,9,40,74.9266666666681,1.498533333333362,30.17055555555453,180.0,186.0,-6.0,,,False,10.0,8.0,4223.300555555554,brake_T12,105.79226870116054,165.79226870116054,HARD,9.0,1.0,0.9209537689279652,10593.30260158563,46934.19359570673,400.0,False,1,False,CLOSE_INTERACTION_NO_PASS,0.0,,False,0.0,176.4463276836142,3.553672316385814,1.4581629999999999,True,1.4581629999999999,-34.427115910959394,11,True,3.0,brake,0.7727191039560226,5465.505555555557,14,941.9556898886449,3,australia_2026_R|OCO|VER,australia_2026_R|L9|australia_2026_R|OCO|VER,,True,v4_t0_anchored_30s_horizon
australia_2026_R_00270,australia_2026_R,2026,Australian Grand Prix,BEA,GAS,10,2026-03-08 04:16:14.134,2026-03-08 04:16:26.334,12.2,12.2,2026-03-08 04:16:44.134,30.0,9,40,59.57999999999993,1.5542608695652154,11.968888888885886,138.0,138.0,0.0,,,False,11.0,9.0,4161.666388888891,straight_07,167.42643536782361,227.42643536782361,MEDIUM,9.0,1.0,0.9554207001994199,12154.576832496194,39152.3351324608,400.0,False,1,False,CLOSE_INTERACTION_NO_PASS,0.0,,False,0.0,138.0,0.0,1.5537239999999999,True,1.5537239999999999,-19.41286942023611,11,True,3.0,straight,0.7614421660698258,5465.505555555557,14,941.9556898886449,3,australia_2026_R|BEA|GAS,australia_2026_R|L9|australia_2026_R|BEA|GAS,,True,v4_t0_anchored_30s_horizon
australia_2026_R_00271,australia_2026_R,2026,Australian Grand Prix,COL,SAI,55,2026-03-08 04:16:17.734,2026-03-08 04:16:22.814,5.08,5.08,2026-03-08 04:16:47.734,30.0,9,19,88.98166666666657,1.2813359999999987,59.048888888888996,250.0,124.0,126.0,109.7600000000014,2.0,True,20.0,14.0,3980.368055555555,brake_T11,77.39738477273522,137.39738477273522,HARD,9.0,1.0,0.928449500947803,9176.648507267513,64650.5253731002,399.99999999999955,False,1,True,PIT_RELATED,,,False,5.0,256.18477366255235,-6.184773662552345,1.9106830000000001,True,1.9106830000000001,81.01710445938019,10,True,3.0,brake,0.7282707912554595,5465.505555555557,14,941.9556898886449,3,australia_2026_R|COL|SAI,australia_2026_R|L9|australia_2026_R|COL|SAI,,True,v4_t0_anchored_30s_horizon
australia_2026_R_00272,australia_2026_R,2026,Australian Grand Prix,GAS,VER,3,2026-03-08 04:16:20.054,2026-03-08 04:16:26.334,6.28,4.0,2026-03-08 04:16:50.054,30.0,9,15,13.484722222219716,0.4373423423422611,10.562499999997272,111.0,169.0,-58.0,-50.94318181818463,0.88,True,9.0,10.0,4531.570277777779,brake_T13,46.92693326488188,263.41407242421246,MEDIUM,9.0,1.0,1.0,14269.418346538318,19491.58021758846,400.0,False,1,False,ON_TRACK_PASS,1.0,6.52,False,0.0,192.08784203979852,-81.08784203979852,0.281765,True,0.281765,-14.337465510076285,11,True,3.0,brake,0.8291218866608863,5465.505555555557,14,941.9556898886449,3,australia_2026_R|GAS|VER,australia_2026_R|L9|australia_2026_R|GAS|VER,australia_2026_R_00276,True,v4_t0_anchored_30s_horizon
australia_2026_R_00273,australia_2026_R,2026,Australian Grand Prix,ANT,HAM,44,2026-03-08 04:16:24.054,2026-03-08 04:16:31.134,7.08,7.08,2026-03-08 04:16:54.054,30.0,10,30,96.08333333333329,1.1303921568627446,60.89444444444439,306.0,230.0,76.0,28.697674418604798,1.72,True,4.0,3.0,213.22944444444443,brake_T1,110.65429610256274,253.47089211112336,MEDIUM,10.0,1.0,0.9086542130836401,13928.576541146049,92973.20461342037,400.0,False,1,False,CLOSE_INTERACTION_NO_PASS,0.0,,False,0.0,310.7849979903537,-4.784997990353702,1.3088,True,1.3088,42.661163989447175,12,True,3.0,brake,0.039013672619489285,5465.505555555557,14,941.9556898886449,3,australia_2026_R|ANT|HAM,australia_2026_R|L10|australia_2026_R|ANT|HAM,,False,v4_t0_anchored_30s_horizon
australia_2026_R_00274,australia_2026_R,2026,Australian Grand Prix,GAS,OCO,31,2026-03-08 04:16:26.574,2026-03-08 04:17:22.934,56.36,56.2,2026-03-08 04:16:56.574,30.0,9,208,69.8649999999925,1.4209830508473054,10.740833333334194,177.0,165.0,12.0,,,False,9.0,8.0,4756.705000000002,corner_T14,,38.27935020198947,MEDIUM,9.0,1.0,0.9923695785844212,26293.22988675102,97.69527365947133,400.0,False,1,False,CLOSE_INTERACTION_NO_PASS,0.0,66.001,True,0.0,160.56693933197246,16.433060668027537,1.525128,True,1.525128,-5.756420947727691,12,True,3.0,corner,0.8703138166541471,5465.505555555557,14,941.9556898886449,3,australia_2026_R|GAS|OCO,australia_2026_R|L9|australia_2026_R|GAS|OCO,,True,v4_t0_anchored_30s_horizon
australia_2026_R_00275,australia_2026_R,2026,Australian Grand Prix,BOT,PER,11,2026-03-08 04:16:27.214,2026-03-08 04:16:31.334,4.12,4.12,2026-03-08 04:16:57.214,30.0,9,19,96.69277777778007,1.365074509803954,64.50388888888983,255.0,123.0,132.0,102.69222222222106,1.8,True,18.0,17.0,3955.65861111111,brake_T11,102.10682921718035,162.10682921718035,HARD,9.0,1.0,0.9016433430810218,8858.425848877247,79778.22531017702,400.0,False,1,False,CLOSE_INTERACTION_NO_PASS,0.0,,False,-1.0,264.2534179687512,-9.253417968751194,1.9980820000000001,True,1.9980820000000001,64.27784619262432,12,True,3.0,brake,0.7237498106813334,5465.505555555557,14,941.9556898886449,3,australia_2026_R|BOT|PER,australia_2026_R|L9|australia_2026_R|BOT|PER,,True,v4_t0_anchored_30s_horizon
australia_2026_R_00276,australia_2026_R,2026,Australian Grand Prix,VER,GAS,10,2026-03-08 04:16:28.134,2026-03-08 04:17:22.934,54.8,54.8,2026-03-08 04:16:58.134,30.0,9,188,10.570277777781484,0.19122110552770524,10.017777777778292,199.0,213.0,-14.0,-22.641025641027788,1.56,True,10.0,9.0,4833.655277777775,straight_09,,,HARD,9.0,1.0,0.9361815040546192,27792.60131091315,95.91419059177096,400.0,False,1,False,UNCERTAIN,,91.601,True,0.0,213.0,-14.0,0.182812,True,0.182812,-20.738610311253524,12,True,3.0,straight,0.884393077391437,5465.505555555557,14,941.9556898886449,3,australia_2026_R|GAS|VER,australia_2026_R|L9|australia_2026_R|GAS|VER,australia_2026_R_00272,True,v4_t0_anchored_30s_horizon
australia_2026_R_00277,australia_2026_R,2026,Australian Grand Prix,STR,BOT,77,2026-03-08 04:16:28.934,2026-03-08 04:16:49.614,20.68,20.68,2026-03-08 04:16:58.934,30.0,9,73,94.28500000000122,1.2342763636363796,10.313055555553547,275.0,122.0,153.0,102.2790697674402,1.72,True,19.0,18.0,3945.2730555555536,brake_T11,112.49238477273684,172.49238477273684,MEDIUM,9.0,1.0,0.8047224838334002,8724.674598209529,86136.50537906052,400.0,False,1,False,CLOSE_INTERACTION_NO_PASS,0.0,,False,-1.0,259.03203921568667,15.967960784313334,1.866619,True,1.866619,63.53588477417391,12,True,3.0,brake,0.7218496103339016,5465.505555555557,14,941.9556898886449,3,australia_2026_R|BOT|STR,australia_2026_R|L9|australia_2026_R|BOT|STR,,True,v4_t0_anchored_30s_horizon
australia_2026_R_00278,australia_2026_R,2026,Australian Grand Prix,ALO,LAW,30,2026-03-08 04:16:33.414,2026-03-08 04:16:37.014,3.6,3.6,2026-03-08 04:17:03.414,30.0,9,12,94.46638888889174,1.7089396984925138,67.72194444444722,199.0,83.0,116.0,105.400000000001,1.6,True,16.0,15.0,4501.092777777773,brake_T13,77.4044332648873,293.8915724242179,SOFT,9.0,1.0,0.8983586500950529,12646.563626409334,29401.912660471608,400.0,False,1,False,UNCERTAIN,,,False,-1.0,188.12356321839763,10.876436781602365,2.929482,True,2.929482,80.16833289924804,13,True,3.0,brake,0.8235455498169824,5465.505555555557,14,941.9556898886449,3,australia_2026_R|ALO|LAW,australia_2026_R|L9|australia_2026_R|ALO|LAW,,True,v4_t0_anchored_30s_horizon
australia_2026_R_00279,australia_2026_R,2026,Australian Grand Prix,BEA,VER,3,2026-03-08 04:16:36.814,2026-03-08 04:16:43.814,7.0,7.0,2026-03-08 04:17:06.814,30.0,10,28,92.83027777777781,1.09212091503268,47.906111111111215,306.0,242.0,64.0,24.086956521739086,1.8399999999999999,True,11.0,9.0,182.59,straight_01,141.29374054700716,284.11033655556776,MEDIUM,10.0,1.0,0.9273808570828299,13600.918652236276,99734.07963017616,400.0,False,1,False,CLOSE_INTERACTION_NO_PASS,0.0,,False,0.0,312.0,-6.0,1.2405,True,1.2405,11.323472008214578,9,True,3.0,straight,0.033407705498423944,5465.505555555557,14,941.9556898886449,3,australia_2026_R|BEA|VER,australia_2026_R|L10|australia_2026_R|BEA|VER,,False,v4_t0_anchored_30s_horizon
australia_2026_R_00280,australia_2026_R,2026,Australian Grand Prix,SAI,ALB,23,2026-03-08 04:16:43.174,2026-03-08 04:16:50.054,6.88,6.88,2026-03-08 04:17:13.174,30.0,10,22,99.76861111111111,1.1932458471760796,45.22416666666663,301.0,230.0,71.0,13.555555555555543,1.8,True,14.0,13.0,174.57111111111112,straight_01,149.31262943589604,292.12922544445667,SOFT,10.0,1.0,0.9510403647587219,13690.735371062536,99711.57162239355,400.0,False,1,False,CLOSE_INTERACTION_NO_PASS,0.0,,False,0.0,299.3659583333333,1.6340416666666897,1.282893,True,1.282893,5.488073473354261,11,True,3.0,straight,0.03194052395275012,5465.505555555557,14,941.9556898886449,3,australia_2026_R|ALB|SAI,australia_2026_R|L10|australia_2026_R|ALB|SAI,,False,v4_t0_anchored_30s_horizon
australia_2026_R_00281,australia_2026_R,2026,Australian Grand Prix,LIN,HAD,6,2026-03-08 04:16:43.414,2026-03-08 04:16:50.054,6.64,6.64,2026-03-08 04:17:13.414,30.0,10,21,95.40666666666675,1.336435797665371,58.96222222222241,257.0,109.0,148.0,139.17073170731751,1.6400000000000001,True,6.0,5.0,980.4891666666667,brake_T3,71.80010761350945,289.68182437550627,MEDIUM,10.0,1.0,0.9287513424825659,8505.65439939593,56618.59678778377,400.0,False,1,False,CLOSE_INTERACTION_NO_PASS,0.0,,False,0.0,236.43746031746053,20.562539682539466,2.200124,True,2.200124,106.20111496026368,11,True,3.0,brake,0.17939587778298435,5465.505555555557,14,941.9556898886449,3,australia_2026_R|HAD|LIN,australia_2026_R|L10|australia_2026_R|HAD|LIN,,False,v4_t0_anchored_30s_horizon
australia_2026_R_00282,australia_2026_R,2026,Australian Grand Prix,OCO,NOR,1,2026-03-08 04:16:47.014,2026-03-08 04:16:50.054,3.04,3.04,2026-03-08 04:17:17.014,30.0,10,8,96.3549999999999,1.7172178217821767,84.26611111111129,202.0,96.0,106.0,132.40523255814003,1.72,True,8.0,7.0,991.7769444444443,brake_T3,60.51232983573186,278.3940465977287,MEDIUM,10.0,1.0,0.9297619125147953,9067.910110199813,48701.32524985952,400.0,False,1,False,CLOSE_INTERACTION_NO_PASS,0.0,,False,0.0,238.65810810810825,-36.65810810810825,2.542108,True,2.542108,122.21214812834833,10,True,3.0,brake,0.1814611538426352,5465.505555555557,14,941.9556898886449,3,australia_2026_R|NOR|OCO,australia_2026_R|L10|australia_2026_R|NOR|OCO,,False,v4_t0_anchored_30s_horizon
australia_2026_R_00283,australia_2026_R,2026,Australian Grand Prix,BOT,PER,11,2026-03-08 04:17:07.894,2026-03-08 04:17:14.094,6.2,6.2,2026-03-08 04:17:37.894,30.0,10,23,94.25250000000017,1.5493561643835645,65.8858333333335,219.0,109.0,110.0,119.33350703491381,1.919,True,18.0,17.0,961.891944444444,brake_T3,90.3973298357322,308.279046597729,HARD,10.0,1.0,0.966549100942696,7579.307814143407,69662.728332819,400.0000000000001,False,1,False,CLOSE_INTERACTION_NO_PASS,0.0,,False,0.0,250.47900328864188,-31.479003288641877,2.217584,True,2.217584,89.9924911686798,12,True,3.0,brake,0.1759932241705808,5465.505555555557,14,941.9556898886449,3,australia_2026_R|BOT|PER,australia_2026_R|L10|australia_2026_R|BOT|PER,,False,v4_t0_anchored_30s_horizon
australia_2026_R_00284,australia_2026_R,2026,Australian Grand Prix,ANT,HAM,44,2026-03-08 04:17:09.414,2026-03-08 04:18:25.655,76.241,76.241,2026-03-08 04:17:39.414,30.0,10,281,95.31583333333629,1.1033344051447287,27.98000000000502,311.0,230.0,81.0,35.7234042553183,1.88,True,4.0,3.0,3145.661666666665,brake_T9,103.50015764215914,267.986908488836,MEDIUM,10.0,1.0,0.9140153994032951,15543.662796009743,63479.342881091994,400.0,False,1,False,CLOSE_INTERACTION_NO_PASS,0.0,,False,0.0,302.0832505518765,8.916749448123483,1.2999800000000001,True,1.2999800000000001,20.711725830817123,11,True,3.0,brake,0.5755481601275063,5465.505555555557,14,941.9556898886449,3,australia_2026_R|ANT|HAM,australia_2026_R|L10|australia_2026_R|ANT|HAM,,False,v4_t0_anchored_30s_horizon
australia_2026_R_00285,australia_2026_R,2026,Australian Grand Prix,STR,BOT,77,2026-03-08 04:17:10.774,2026-03-08 04:17:17.734,6.96,6.96,2026-03-08 04:17:40.774,30.0,10,27,86.37999999999965,1.453121495327097,54.76111111111072,214.0,93.0,121.0,138.4897959183669,1.96,True,19.0,18.0,978.7230555555556,brake_T3,73.56621872462063,291.44793548661744,MEDIUM,10.0,1.0,0.8575253874735846,8417.682605683678,57857.350908221924,400.0000000000001,False,1,False,CLOSE_INTERACTION_NO_PASS,0.0,,False,0.0,195.29983948635558,18.70016051364442,2.5706059999999997,True,2.5706059999999997,129.2783634252443,10,True,3.0,brake,0.17907274004336282,5465.505555555557,14,941.9556898886449,3,australia_2026_R|BOT|STR,australia_2026_R|L10|australia_2026_R|BOT|STR,,False,v4_t0_anchored_30s_horizon
australia_2026_R_00286,australia_2026_R,2026,Australian Grand Prix,LIN,HAD,6,2026-03-08 04:17:17.374,2026-03-08 04:17:21.694,4.32,4.32,2026-03-08 04:17:47.374,30.0,10,18,96.97166666666635,1.2037862068965477,82.36944444444316,290.0,228.0,62.0,54.16666666666459,1.92,True,6.0,5.0,3166.38861111111,brake_T9,82.77321319771409,247.25996404439093,MEDIUM,10.0,1.0,0.8676495617568484,16669.76570085799,52496.84081818145,400.0,False,1,False,CLOSE_INTERACTION_NO_PASS,0.0,,False,0.0,261.5521153846154,28.447884615384623,1.422084,True,1.422084,50.06361567030134,12,True,3.0,brake,0.5793404798376888,5465.505555555557,14,941.9556898886449,3,australia_2026_R|HAD|LIN,australia_2026_R|L10|australia_2026_R|HAD|LIN,,False,v4_t0_anchored_30s_horizon
australia_2026_R_00287,australia_2026_R,2026,Australian Grand Prix,VER,OCO,31,2026-03-08 04:17:23.134,2026-03-08 04:17:38.374,15.24,15.24,2026-03-08 04:17:53.134,30.0,10,56,61.11305555555646,1.1340567010309446,30.40722222222439,194.0,207.0,-13.0,,,False,9.0,8.0,3248.358611111111,brake_T9,0.8032131977133758,165.28996404439022,HARD,10.0,1.0,0.925127568896924,21123.227491032776,9063.7290775817,400.0,False,1,False,CLOSE_INTERACTION_NO_PASS,0.0,109.561,True,-1.0,221.62475235849112,-27.624752358491122,1.056146,True,1.056146,25.503690128285342,12,True,3.0,brake,0.5943381775194119,5465.505555555557,14,941.9556898886449,3,australia_2026_R|OCO|VER,australia_2026_R|L10|australia_2026_R|OCO|VER,,False,v4_t0_anchored_30s_horizon
australia_2026_R_00288,australia_2026_R,2026,Australian Grand Prix,OCO,GAS,10,2026-03-08 04:17:23.534,2026-03-08 04:17:38.374,14.84,14.32,2026-03-08 04:17:53.534,30.0,10,38,13.748055555554856,0.23909661835747575,10.146111111111168,207.0,323.0,-116.0,-115.99999999999818,0.4,True,8.0,10.0,3332.498333333334,brake_T10,21.150241822167118,81.15024182216712,MEDIUM,10.0,1.0,0.8713485459604202,25495.738806725036,1142.4501170214962,400.0,False,1,False,ON_TRACK_PASS,1.0,15.161,False,0.0,323.0,-116.0,0.153517,True,0.153517,-91.96637054675264,13,True,3.0,brake,0.6097328599265494,5465.505555555557,14,941.9556898886449,3,australia_2026_R|GAS|OCO,australia_2026_R|L10|australia_2026_R|GAS|OCO,australia_2026_R_00292,False,v4_t0_anchored_30s_horizon
australia_2026_R_00289,australia_2026_R,2026,Australian Grand Prix,BEA,VER,3,2026-03-08 04:17:23.534,2026-03-08 04:17:28.494,4.96,4.96,2026-03-08 04:17:53.534,30.0,10,20,99.95055555555564,1.2365017182130595,81.86083333333272,291.0,189.0,102.0,87.4999999999999,1.8399999999999999,True,11.0,9.0,3170.2061111111097,brake_T9,78.95571319771443,243.44246404439127,MEDIUM,10.0,1.0,0.9216916102256539,16877.171951730146,50474.07756248152,400.0,False,1,False,CLOSE_INTERACTION_NO_PASS,0.0,,False,0.0,264.79478346456796,26.205216535432044,1.680901,True,1.680901,58.559098818576075,13,True,3.0,brake,0.5800389513626365,5465.505555555557,14,941.9556898886449,3,australia_2026_R|BEA|VER,australia_2026_R|L10|australia_2026_R|BEA|VER,,False,v4_t0_anchored_30s_horizon
australia_2026_R_00290,australia_2026_R,2026,Australian Grand Prix,GAS,NOR,1,2026-03-08 04:17:32.815,2026-03-08 04:17:36.134,3.319,3.319,2026-03-08 04:18:02.815,30.0,10,14,92.95444444444502,1.1421023890785054,59.13194444444525,293.0,105.0,188.0,183.16471188169137,1.9609999999999999,True,10.0,7.0,4009.526666666667,brake_T11,48.23877366162333,108.23877366162333,MEDIUM,10.0,1.0,0.8769633586758763,10138.386481221663,46459.41628231881,399.99999999999955,False,1,False,PIT_RELATED,,111.4,True,1.0,219.47277032359935,73.52722967640065,2.630309,True,2.630309,162.91239869085402,10,True,3.0,brake,0.7336058166826083,5465.505555555557,14,941.9556898886449,3,australia_2026_R|GAS|NOR,australia_2026_R|L10|australia_2026_R|GAS|NOR,,True,v4_t0_anchored_30s_horizon
australia_2026_R_00291,australia_2026_R,2026,Australian Grand Prix,VER,GAS,10,2026-03-08 04:17:38.695,2026-03-08 04:17:45.695,7.0,7.0,2026-03-08 04:18:08.695,30.0,10,29,62.851111111112004,1.4984370860927365,41.85250000000087,151.0,129.0,22.0,,,False,9.0,10.0,4159.862499999997,straight_07,169.2303242567168,229.2303242567168,HARD,10.0,1.0,0.9302669024910509,12184.597919642767,38573.40462157522,400.0,False,1,False,ON_TRACK_PASS,1.0,21.04,False,-1.0,83.31158536585494,67.68841463414506,2.105926,True,2.105926,9.290980680888838,11,True,3.0,straight,0.7611121162929925,5465.505555555557,14,941.9556898886449,3,australia_2026_R|GAS|VER,australia_2026_R|L10|australia_2026_R|GAS|VER,australia_2026_R_00296,True,v4_t0_anchored_30s_horizon
australia_2026_R_00292,australia_2026_R,2026,Australian Grand Prix,GAS,OCO,31,2026-03-08 04:17:39.415,2026-03-08 04:17:45.695,6.28,5.96,2026-03-08 04:18:09.415,30.0,10,24,12.01083333333645,0.3066595744681647,10.113888888891779,141.0,200.0,-59.0,-55.444444444442524,0.72,True,10.0,8.0,4250.96611111111,brake_T12,78.1267131456043,138.1267131456043,MEDIUM,10.0,1.0,0.9414155349797144,9904.34563622876,47021.330405010114,400.0,False,1,False,ON_TRACK_PASS,1.0,6.68,False,1.0,196.8741414141407,-55.874141414140695,0.216292,True,0.216292,-56.53436971511598,12,True,3.0,brake,0.7777809514419216,5465.505555555557,14,941.9556898886449,3,australia_2026_R|GAS|OCO,australia_2026_R|L10|australia_2026_R|GAS|OCO,australia_2026_R_00288,True,v4_t0_anchored_30s_horizon
australia_2026_R_00293,australia_2026_R,2026,Australian Grand Prix,SAI,ALB,23,2026-03-08 04:17:42.334,2026-03-08 04:18:03.054,20.72,20.72,2026-03-08 04:18:12.334,30.0,10,75,87.41555555555487,1.0777260273972518,37.20916666666926,292.0,128.0,164.0,109.84782608695598,1.8399999999999999,True,14.0,13.0,3985.6016666666665,brake_T11,72.16377366162396,132.16377366162396,SOFT,10.0,1.0,0.8803719011130646,9244.050008118873,61446.386216744504,400.0,False,1,False,PIT_RELATED,,,False,0.0,280.7703571428558,11.2296428571442,1.7596699999999998,True,1.7596699999999998,64.3104783906124,12,True,3.0,brake,0.7292283625282197,5465.505555555557,14,941.9556898886449,3,australia_2026_R|ALB|SAI,australia_2026_R|L10|australia_2026_R|ALB|SAI,,True,v4_t0_anchored_30s_horizon
australia_2026_R_00294,australia_2026_R,2026,Australian Grand Prix,STR,BOT,77,2026-03-08 04:17:57.254,2026-03-08 04:18:01.534,4.28,4.28,2026-03-08 04:18:27.254,30.0,10,16,98.73055555555356,1.2924727272727012,57.34083333333183,275.0,97.0,178.0,159.57142857142958,1.6800000000000002,True,19.0,18.0,3954.2219444444477,brake_T11,103.54349588384275,163.54349588384275,MEDIUM,10.0,1.0,0.7746488748539484,8839.923616384158,80657.78625262284,399.99999999999955,False,1,False,PIT_RELATED,,,False,0.0,251.94569672130734,23.054303278692657,2.423565,True,2.423565,121.11190173020591,10,True,3.0,brake,0.7234869499720981,5465.505555555557,14,941.9556898886449,3,australia_2026_R|BOT|STR,australia_2026_R|L10|australia_2026_R|BOT|STR,,True,v4_t0_anchored_30s_horizon
australia_2026_R_00295,australia_2026_R,2026,Australian Grand Prix,VER,OCO,31,2026-03-08 04:17:58.935,2026-03-08 04:19:07.534,68.599,61.36,2026-03-08 04:18:28.935,30.0,11,225,83.78861111111112,0.9922335526315791,10.54027777777992,304.0,302.0,2.0,,,False,6.0,11.0,31.60472222222223,straight_01,292.27901832478494,435.09561433334557,HARD,11.0,1.0,0.9183963375773275,16095.599398834782,99506.34890159559,400.0,False,16,True,PIT_RELATED,,68.799,True,-3.0,299.64770833333336,4.352291666666645,0.989183,True,0.989183,4.322179063093936,9,True,3.0,straight,0.005782579836570979,5465.505555555557,14,941.9556898886449,3,australia_2026_R|OCO|VER,australia_2026_R|L11|australia_2026_R|OCO|VER,,False,v4_t0_anchored_30s_horizon
australia_2026_R_00296,australia_2026_R,2026,Australian Grand Prix,GAS,VER,3,2026-03-08 04:17:59.735,2026-03-08 04:18:49.334,49.599,49.439,2026-03-08 04:18:29.735,30.0,11,186,62.85944444444444,0.7468448844884488,14.279166666663968,303.0,307.0,-4.0,,,False,12.0,6.0,35.88333333333334,straight_01,288.00040721367384,430.81700322223446,MEDIUM,11.0,1.0,0.9333595394059878,15949.713213068366,99494.45544722611,400.0,False,16,True,PIT_RELATED,,49.919,True,2.0,304.0,-1.0,0.749332,True,0.749332,-20.65361036662473,10,True,3.0,straight,0.006565418874537376,5465.505555555557,14,941.9556898886449,3,australia_2026_R|GAS|VER,australia_2026_R|L11|australia_2026_R|GAS|VER,australia_2026_R_00291,False,v4_t0_anchored_30s_horizon
australia_2026_R_00297,australia_2026_R,2026,Australian Grand Prix,BEA,GAS,10,2026-03-08 04:18:00.774,2026-03-08 04:18:49.174,48.4,48.4,2026-03-08 04:18:30.774,30.0,11,185,87.75277777777777,1.0565551839464882,24.718055555555566,299.0,309.0,-10.0,,,False,7.0,12.0,36.458333333333336,straight_01,287.42540721367385,430.2420032222345,MEDIUM,11.0,1.0,0.9580013137028355,15930.10765541489,99492.85709297402,399.99999999999994,False,16,True,PIT_RELATED,,89.761,True,-4.0,303.0378099456596,-4.037809945659603,1.032213,True,1.032213,-11.937441506444468,11,True,3.0,straight,0.006670624146795405,5465.505555555557,14,941.9556898886449,3,australia_2026_R|BEA|GAS,australia_2026_R|L11|australia_2026_R|BEA|GAS,,False,v4_t0_anchored_30s_horizon
australia_2026_R_00298,australia_2026_R,2026,Australian Grand Prix,BOT,PER,11,2026-03-08 04:18:06.015,2026-03-08 04:18:10.494,4.479,4.479,2026-03-08 04:18:36.015,30.0,10,19,99.29305555555311,1.796256281406991,72.79999999999836,199.0,105.0,94.0,52.48036715961112,1.9609999999999999,True,18.0,17.0,4456.855555555557,straight_08,121.64165548710389,338.12879464643447,HARD,10.0,1.0,0.9392101320703486,10343.601850663772,43255.37875699481,400.0,False,1,False,CLOSE_INTERACTION_NO_PASS,0.0,,False,0.0,190.0,9.0,2.4119,True,2.4119,26.866476380844443,11,True,3.0,straight,0.8154516558903263,5465.505555555557,14,941.9556898886449,3,australia_2026_R|BOT|PER,australia_2026_R|L10|australia_2026_R|BOT|PER,,True,v4_t0_anchored_30s_horizon
australia_2026_R_00299,australia_2026_R,2026,Australian Grand Prix,LIN,HAD,6,2026-03-08 04:18:09.494,2026-03-08 04:18:12.615,3.121,3.121,2026-03-08 04:18:39.494,30.0,11,13,95.19388888888841,1.8524216216216125,80.73833333333278,185.0,,,137.28571428571445,1.96,True,5.0,,997.4155555555556,brake_T3,54.87371872462063,272.75543548661744,MEDIUM,11.0,1.0,0.8876427891917508,9348.775074113793,44746.391325547804,400.0,False,16,True,INVALID,,,False,-1.0,,,,False,,,0,False,3.0,brake,0.1824928262202032,5465.505555555557,14,941.9556898886449,3,australia_2026_R|HAD|LIN,australia_2026_R|L11|australia_2026_R|HAD|LIN,,False,v4_t0_anchored_30s_horizon
australia_2026_R_00300,australia_2026_R,2026,Australian Grand Prix,OCO,NOR,1,2026-03-08 04:18:12.375,2026-03-08 04:18:18.975,6.6,6.6,2026-03-08 04:18:42.375,30.0,11,29,91.90222222222212,1.2974431372549007,54.01944444444416,255.0,92.0,163.0,159.172248803828,1.881,True,11.0,9.0,990.126111111111,brake_T3,62.16316316906523,280.04487993106204,MEDIUM,11.0,1.0,0.8447277884208231,8985.680420040655,49859.223289772046,400.0,False,16,True,PIT_RELATED,,,False,3.0,198.3057106598985,56.694289340101506,2.693228,True,2.693228,144.2884491025483,12,True,3.0,brake,0.1811591079812683,5465.505555555557,14,941.9556898886449,3,australia_2026_R|NOR|OCO,australia_2026_R|L11|australia_2026_R|NOR|OCO,,False,v4_t0_anchored_30s_horizon
australia_2026_R_00301,australia_2026_R,2026,Australian Grand Prix,SAI,ALB,23,2026-03-08 04:18:21.454,2026-03-08 04:18:33.455,12.001,12.001,2026-03-08 04:18:51.454,30.0,11,47,85.76500000000021,1.1066451612903254,39.93166666666707,279.0,160.0,119.0,51.52118427769278,1.959,True,13.0,10.0,942.0455555555556,brake_T3,110.24371872462063,328.12543548661745,SOFT,11.0,1.0,0.9101816167258279,6590.738964605918,83583.02805646478,399.9999999999999,False,16,True,PIT_RELATED,,,False,-1.0,292.0,-13.0,1.473376,True,1.473376,19.74469852741805,11,True,3.0,brake,0.1723620159159821,5465.505555555557,14,941.9556898886449,3,australia_2026_R|ALB|SAI,australia_2026_R|L11|australia_2026_R|ALB|SAI,,False,v4_t0_anchored_30s_horizon
australia_2026_R_00302,australia_2026_R,2026,Australian Grand Prix,ANT,HAM,44,2026-03-08 04:18:32.335,2026-03-08 04:20:26.575,114.24,114.24,2026-03-08 04:19:02.335,30.0,11,409,99.85555555555447,1.1484984025558982,14.45972222222099,313.0,299.0,14.0,6.4657097288680525,1.881,True,4.0,3.0,3056.375000000001,straight_05,192.78682430882327,357.2735751555001,MEDIUM,11.0,1.0,0.944999830153029,15558.294787234974,72089.11743013935,400.0,False,16,True,INVALID,,,False,0.0,313.5150000662839,-0.5150000662839034,1.182057,True,1.182057,3.6998067682466416,13,True,3.0,straight,0.5592117634741526,5465.505555555557,14,941.9556898886449,3,australia_2026_R|ANT|HAM,australia_2026_R|L11|australia_2026_R|ANT|HAM,,False,v4_t0_anchored_30s_horizon
australia_2026_R_00303,australia_2026_R,2026,Australian Grand Prix,STR,BOT,77,2026-03-08 04:18:37.935,2026-03-08 04:18:45.855,7.92,7.92,2026-03-08 04:19:07.935,30.0,11,34,94.35722222222239,1.2866893939393964,53.135000000000446,264.0,108.0,156.0,138.2482346550789,1.841,True,19.0,15.0,962.0969444444445,brake_T3,90.1923298357317,308.0740465977285,MEDIUM,11.0,1.0,0.7992636722925908,7589.519072992063,69518.94089323336,400.0,False,16,True,PIT_RELATED,,,False,0.0,231.17345297029723,32.826547029702766,2.33441,True,2.33441,109.91761486665085,12,True,3.0,brake,0.17603073213721201,5465.505555555557,14,941.9556898886449,3,australia_2026_R|BOT|STR,australia_2026_R|L11|australia_2026_R|BOT|STR,,False,v4_t0_anchored_30s_horizon
australia_2026_R_00304,australia_2026_R,2026,Australian Grand Prix,OCO,GAS,10,2026-03-08 04:18:51.215,2026-03-08 04:19:07.534,16.319,16.319,2026-03-08 04:19:21.215,30.0,11,52,10.714444444445235,0.17374774774776056,10.714444444445235,222.0,322.0,-100.0,-100.0000000000005,0.361,True,11.0,12.0,3470.4811111111103,straight_06,587.2843292171801,647.2843292171801,MEDIUM,11.0,1.0,0.8447277884208231,28368.367906205833,1291.7542670491134,400.0,False,16,True,PIT_RELATED,,,False,3.0,322.0,-100.0,0.119102,True,0.119102,-115.30051478805856,11,True,3.0,straight,0.6349789741926889,5465.505555555557,14,941.9556898886449,3,australia_2026_R|GAS|OCO,australia_2026_R|L11|australia_2026_R|GAS|OCO,,False,v4_t0_anchored_30s_horizon
australia_2026_R_00305,australia_2026_R,2026,Australian Grand Prix,GAS,NOR,1,2026-03-08 04:18:58.055,2026-03-08 04:19:04.255,6.2,6.2,2026-03-08 04:19:28.055,30.0,11,22,86.45249999999942,1.0443926174496574,12.842499999998836,298.0,110.0,188.0,169.48560564910272,1.841,True,12.0,9.0,3999.916666666665,brake_T11,57.84877366162527,117.84877366162527,MEDIUM,11.0,1.0,0.9333595394059878,9738.92677455554,52502.56121644219,400.0,False,16,True,PIT_RELATED,,26.16,False,2.0,205.30041666666648,92.69958333333352,2.344605,True,2.344605,143.20858852160114,10,True,3.0,brake,0.7318475163932171,5465.505555555557,14,941.9556898886449,3,australia_2026_R|GAS|NOR,australia_2026_R|L11|australia_2026_R|GAS|NOR,australia_2026_R_00314,False,v4_t0_anchored_30s_horizon
australia_2026_R_00306,australia_2026_R,2026,Australian Grand Prix,BEA,VER,3,2026-03-08 04:19:00.494,2026-03-08 04:19:07.534,7.04,7.04,2026-03-08 04:19:30.494,30.0,11,21,98.58527777777408,1.324279850746219,53.25194444444105,268.0,124.0,144.0,104.6960304513308,1.839,True,7.0,6.0,3976.205833333335,brake_T11,81.55960699495563,141.55960699495563,MEDIUM,11.0,1.0,0.9580013137028355,9123.044978327654,67198.7351878028,400.00000000000045,False,16,True,INVALID,,,False,-4.0,282.0850583657513,-14.085058365751308,2.018178,True,2.018178,72.43035093979196,10,True,3.0,brake,0.7275092473909601,5465.505555555557,14,941.9556898886449,3,australia_2026_R|BEA|VER,australia_2026_R|L11|australia_2026_R|BEA|VER,,True,v4_t0_anchored_30s_horizon
australia_2026_R_00307,australia_2026_R,2026,Australian Grand Prix,BEA,OCO,31,2026-03-08 04:19:07.734,2026-03-08 04:19:28.294,20.56,20.36,2026-03-08 04:19:37.734,30.0,11,66,88.20444444444001,1.556549019607765,12.903611111102691,204.0,177.0,27.0,,,False,7.0,11.0,4298.460833333336,brake_T12,30.631990923377998,90.631990923378,MEDIUM,11.0,1.0,0.9580013137028355,9084.350169966785,45460.25213390966,400.0,False,16,True,PIT_RELATED,,20.92,False,-4.0,188.5397417154,15.460258284600002,1.7544149999999998,True,1.7544149999999998,-2.617702620958692,7,True,3.0,brake,0.7864708561066327,5465.505555555557,14,941.9556898886449,3,australia_2026_R|BEA|OCO,australia_2026_R|L11|australia_2026_R|BEA|OCO,,True,v4_t0_anchored_30s_horizon
australia_2026_R_00308,australia_2026_R,2026,Australian Grand Prix,VER,GAS,10,2026-03-08 04:19:07.734,2026-03-08 04:19:23.895,16.161,16.161,2026-03-08 04:19:37.734,30.0,11,56,70.28500000000349,1.3458829787234712,57.573888888892725,188.0,181.0,7.0,,,False,6.0,12.0,4387.803611111109,corner_T12,190.69359993155194,1.2892131456055722,HARD,11.0,1.0,0.9183963375773275,9122.06098886899,43390.72002849541,400.0,False,16,True,PIT_RELATED,,19.56,False,-3.0,201.15946601941684,-13.15946601941684,1.303262,True,1.303262,0.2880094274215149,7,True,3.0,corner,0.8028175191681967,5465.505555555557,14,941.9556898886449,3,australia_2026_R|GAS|VER,australia_2026_R|L11|australia_2026_R|GAS|VER,,True,v4_t0_anchored_30s_horizon
australia_2026_R_00309,australia_2026_R,2026,Australian Grand Prix,PER,ALO,14,2026-03-08 04:19:12.935,2026-03-08 04:19:16.694,3.759,3.759,2026-03-08 04:19:42.935,30.0,11,16,98.51111111111095,2.1493333333333298,80.95527777777761,165.0,112.0,53.0,44.976190476190816,1.6800000000000002,True,14.0,17.0,3416.7219444444436,straight_06,641.0434958838468,701.0434958838468,MEDIUM,11.0,1.0,0.9144201166874277,28368.367906205833,1291.7542670491134,400.0,False,16,True,PIT_RELATED,,40.76,True,-3.0,185.0,-20.0,2.556875,True,2.556875,37.89341881173761,11,True,3.0,straight,0.6251428911221993,5465.505555555557,14,941.9556898886449,3,australia_2026_R|ALO|PER,australia_2026_R|L11|australia_2026_R|ALO|PER,,False,v4_t0_anchored_30s_horizon
australia_2026_R_00310,australia_2026_R,2026,Australian Grand Prix,OCO,VER,3,2026-03-08 04:19:12.935,2026-03-08 04:19:26.015,13.08,13.08,2026-03-08 04:19:42.935,30.0,11,30,10.198888888888177,0.5399411764705505,10.043333333331248,68.0,71.0,-3.0,-4.119047619046146,1.6800000000000002,True,11.0,6.0,4595.174444444442,corner_T13,139.80990575754913,199.80990575754913,MEDIUM,11.0,1.0,0.8447277884208231,17835.5918335502,3117.6067838173717,400.0,False,16,True,PIT_RELATED,,8.679,False,3.0,91.6011999999972,-23.601199999997206,0.54184,True,0.54184,-2.724351890381213,11,True,3.0,corner,0.8407592669581235,5465.505555555557,14,941.9556898886449,3,australia_2026_R|OCO|VER,australia_2026_R|L11|australia_2026_R|OCO|VER,,True,v4_t0_anchored_30s_horizon
australia_2026_R_00311,australia_2026_R,2026,Australian Grand Prix,GAS,LIN,41,2026-03-08 04:19:17.895,2026-03-08 04:19:21.934,4.039,4.039,2026-03-08 04:19:47.895,30.0,11,16,24.785000000000764,1.2746571428571822,24.785000000000764,70.0,88.0,-18.0,,,False,12.0,5.0,4766.448055555556,corner_T14,,28.536294646435636,MEDIUM,11.0,1.0,0.9333595394059878,26674.857553023743,97.24194330809145,400.0,False,16,True,PIT_RELATED,,,False,2.0,78.01473779385157,-8.014737793851566,1.058936,True,1.058936,-8.451455771770943,13,True,3.0,corner,0.8720964615451856,5465.505555555557,14,941.9556898886449,3,australia_2026_R|GAS|LIN,australia_2026_R|L11|australia_2026_R|GAS|LIN,,True,v4_t0_anchored_30s_horizon
australia_2026_R_00312,australia_2026_R,2026,Australian Grand Prix,LIN,NOR,1,2026-03-08 04:19:18.455,2026-03-08 04:19:21.934,3.479,3.159,2026-03-08 04:19:48.455,30.0,11,13,10.349722222217679,0.388114583333163,10.349722222217679,96.0,153.0,-57.0,-57.35714285714428,0.56,True,5.0,9.0,4805.931111111112,straight_09,,,MEDIUM,11.0,1.0,0.8876427891917508,27792.60131091315,95.91419059177096,400.0,False,16,True,PIT_RELATED,,3.719,False,-1.0,150.33108206245558,-54.33108206245558,0.240202,True,0.240202,-27.532961691968737,13,True,3.0,straight,0.8793205060831009,5465.505555555557,14,941.9556898886449,3,australia_2026_R|LIN|NOR,australia_2026_R|L11|australia_2026_R|LIN|NOR,,True,v4_t0_anchored_30s_horizon
australia_2026_R_00313,australia_2026_R,2026,Australian Grand Prix,ALB,BOR,5,2026-03-08 04:19:20.694,2026-03-08 04:19:24.215,3.521,3.521,2026-03-08 04:19:50.694,30.0,11,11,94.75638888888807,1.7228434343434194,76.78972222222092,198.0,87.0,111.0,112.76088044022303,1.999,True,10.0,8.0,4562.890277777779,brake_T13,15.606933264881263,232.09407242421184,MEDIUM,11.0,1.0,0.9544532796706622,15937.134197065163,9307.293051283774,400.0,False,16,True,INVALID,,,False,-3.0,64.16144067796638,133.83855932203363,5.092915,True,5.092915,106.69168402013538,12,True,3.0,brake,0.8348523720993585,5465.505555555557,14,941.9556898886449,3,australia_2026_R|ALB|BOR,australia_2026_R|L11|australia_2026_R|ALB|BOR,,True,v4_t0_anchored_30s_horizon
australia_2026_R_00314,australia_2026_R,2026,Australian Grand Prix,NOR,GAS,10,2026-03-08 04:19:24.735,2026-03-08 04:19:31.575,6.84,6.84,2026-03-08 04:19:54.735,30.0,11,20,11.411388888889633,0.5135125000000335,10.604722222227792,80.0,146.0,-66.0,-75.99999999999595,0.52,True,9.0,12.0,4999.177499999998,straight_09,,,MEDIUM,11.0,1.0,0.9575758926025961,27792.60131091315,95.91419059177096,400.0,False,16,True,PIT_RELATED,,17.919,False,2.0,169.05941780822064,-89.05941780822064,0.283808,True,0.283808,-85.55324093369951,8,True,3.0,straight,0.9146779651369034,5465.505555555557,14,941.9556898886449,3,australia_2026_R|GAS|NOR,australia_2026_R|L11|australia_2026_R|GAS|NOR,australia_2026_R_00305,True,v4_t0_anchored_30s_horizon
australia_2026_R_00315,australia_2026_R,2026,Australian Grand Prix,OCO,NOR,1,2026-03-08 04:19:26.295,2026-03-08 04:19:32.975,6.68,6.68,2026-03-08 04:19:56.295,30.0,11,15,58.12500000000091,2.866438356164428,58.12500000000091,73.0,79.0,-6.0,,,False,11.0,9.0,4975.55694444444,straight_09,,,MEDIUM,11.0,1.0,0.8447277884208231,27792.60131091315,95.91419059177096,400.0,False,16,True,PIT_RELATED,,,False,3.0,80.0,-7.0,2.626925,True,2.626925,39.342976107465496,11,True,3.0,straight,0.9103562138706279,5465.505555555557,14,941.9556898886449,3,australia_2026_R|NOR|OCO,australia_2026_R|L11|australia_2026_R|NOR|OCO,,True,v4_t0_anchored_30s_horizon
australia_2026_R_00316,australia_2026_R,2026,Australian Grand Prix,SAI,ALB,23,2026-03-08 04:19:29.214,2026-03-08 04:19:35.694,6.48,6.48,2026-03-08 04:19:59.214,30.0,11,25,98.17055555555726,2.850112903225856,71.49944444444645,124.0,76.0,48.0,47.89583333333042,1.92,True,13.0,10.0,4694.190555555556,brake_T14,40.793794646435344,100.79379464643534,SOFT,11.0,1.0,0.9101816167258279,23398.688509563282,150.69555719488048,400.0,False,16,True,PIT_RELATED,,,False,-1.0,92.23438596491127,31.76561403508873,4.204936,True,4.204936,33.71839869807426,11,True,3.0,brake,0.858875818136169,5465.505555555557,14,941.9556898886449,3,australia_2026_R|ALB|SAI,australia_2026_R|L11|australia_2026_R|ALB|SAI,,True,v4_t0_anchored_30s_horizon
australia_2026_R_00317,australia_2026_R,2026,Australian Grand Prix,HAM,RUS,63,2026-03-08 04:19:29.974,2026-03-08 04:20:48.614,78.64,78.64,2026-03-08 04:19:59.974,30.0,12,285,98.73055555555595,1.4566803278688585,11.294722222226028,244.0,97.0,147.0,116.46808510638293,1.88,True,2.0,3.0,953.0527777777775,brake_T3,99.23649650239872,317.11821326439554,MEDIUM,12.0,1.0,0.7442298395664847,7139.019917364918,75862.53878680777,400.0,False,16,True,PIT_RELATED,,89.881,True,-1.0,225.26674454828708,18.73325545171292,2.4552,True,2.4552,81.79496835177547,11,True,3.0,brake,0.1743759599345795,5465.505555555557,14,941.9556898886449,3,australia_2026_R|HAM|RUS,australia_2026_R|L12|australia_2026_R|HAM|RUS,,False,v4_t0_anchored_30s_horizon
australia_2026_R_00318,australia_2026_R,2026,Australian Grand Prix,STR,BOT,77,2026-03-08 04:19:32.215,2026-03-08 04:19:35.694,3.479,3.479,2026-03-08 04:20:02.215,30.0,11,14,98.97333333333518,2.047724137931073,76.50833333333503,174.0,88.0,86.0,109.98470168281311,1.9609999999999999,True,19.0,15.0,3962.84472222222,brake_T11,94.92071810607058,154.92071810607058,MEDIUM,11.0,1.0,0.7992636722925908,8950.972785187649,75378.71997739725,400.00000000000045,False,16,True,PIT_RELATED,,,False,0.0,191.0,-17.0,2.972486,True,2.972486,111.20033590761527,11,True,3.0,brake,0.7250646224655434,5465.505555555557,14,941.9556898886449,3,australia_2026_R|BOT|STR,australia_2026_R|L11|australia_2026_R|BOT|STR,,False,v4_t0_anchored_30s_horizon
australia_2026_R_00319,australia_2026_R,2026,Australian Grand Prix,BOR,BEA,87,2026-03-08 04:19:33.335,2026-03-08 04:23:50.255,256.92,256.92,2026-03-08 04:20:03.335,30.0,12,962,84.41888888888889,1.177937984496124,14.107777777780939,258.0,257.0,1.0,56.18750000001406,1.12,True,8.0,7.0,28.528888888888883,straight_01,295.35485165811826,438.1714476666789,MEDIUM,12.0,1.0,0.9245447755920994,16200.474925355044,99514.8989386165,400.0,False,6,True,INVALID,,,False,0.0,251.48369047619047,6.516309523809525,1.188841,True,1.188841,-26.705438934695366,11,True,3.0,straight,0.0052198078656950486,5465.505555555557,14,941.9556898886449,3,australia_2026_R|BEA|BOR,australia_2026_R|L12|australia_2026_R|BEA|BOR,,False,v4_t0_anchored_30s_horizon
australia_2026_R_00320,australia_2026_R,2026,Australian Grand Prix,BEA,VER,3,2026-03-08 04:19:34.654,2026-03-08 04:19:40.854,6.2,6.2,2026-03-08 04:20:04.654,30.0,12,24,98.89777777777775,1.554724890829694,60.75749999999999,229.0,156.0,73.0,65.328164082041,1.999,True,7.0,6.0,201.6783333333333,straight_01,122.20540721367385,265.0220032222345,MEDIUM,12.0,1.0,0.9580013137028355,13387.117028143746,99787.65816969416,400.0,False,6,True,INVALID,,,False,0.0,211.0,18.0,1.9659520000000001,True,1.9659520000000001,57.40920340898722,11,True,3.0,straight,0.03690021559457241,5465.505555555557,14,941.9556898886449,3,australia_2026_R|BEA|VER,australia_2026_R|L12|australia_2026_R|BEA|VER,,False,v4_t0_anchored_30s_horizon
australia_2026_R_00321,australia_2026_R,2026,Australian Grand Prix,NOR,ALB,23,2026-03-08 04:19:40.854,2026-03-08 04:19:50.695,9.841,9.841,2026-03-08 04:20:10.854,30.0,12,38,14.972777777777765,0.5923296703296698,14.972777777777765,91.0,242.0,-151.0,-150.99999999999994,0.2,True,9.0,12.0,56.876666666666665,straight_01,267.0070738803405,409.8236698889011,HARD,1.0,2.0,0.9575758926025961,15233.911461754808,99436.0993018371,400.0,False,6,True,PIT_RELATED,,111.761,True,0.0,241.76435898500768,-150.76435898500768,0.223446,True,0.223446,-152.48486841778777,12,True,3.0,straight,0.01040647861181897,5465.505555555557,14,941.9556898886449,3,australia_2026_R|ALB|NOR,australia_2026_R|L12|australia_2026_R|ALB|NOR,,False,v4_t0_anchored_30s_horizon
australia_2026_R_00322,australia_2026_R,2026,Australian Grand Prix,BOT,PER,11,2026-03-08 04:19:42.654,2026-03-08 04:19:46.895,4.241,4.241,2026-03-08 04:20:12.654,30.0,11,18,94.15555555556057,2.3538888888890144,81.07083333333776,144.0,90.0,54.0,59.93999999999869,2.0,True,15.0,14.0,4487.15694444444,brake_T13,91.3402665982203,307.8274057575509,HARD,11.0,1.0,0.9367511098560095,11904.51349421587,33933.41101833946,400.0,False,16,True,INVALID,,,False,-3.0,169.19224194608856,-25.192241946088558,2.873603,True,2.873603,50.98575958384909,11,True,3.0,brake,0.8209957704431115,5465.505555555557,14,941.9556898886449,3,australia_2026_R|BOT|PER,australia_2026_R|L11|australia_2026_R|BOT|PER,,True,v4_t0_anchored_30s_horizon
australia_2026_R_00323,australia_2026_R,2026,Australian Grand Prix,GAS,OCO,31,2026-03-08 04:19:44.455,2026-03-08 04:21:00.295,75.84,75.84,2026-03-08 04:20:14.455,30.0,12,282,13.846666666666662,0.6390769230769229,13.846666666666662,78.0,80.0,-2.0,,,False,11.0,10.0,7.020000000000002,straight_01,316.8637405470072,459.6803365555678,HARD,1.0,2.0,0.9333595394059878,16933.855379569493,99574.6881977697,400.0,False,6,True,PIT_RELATED,,,False,-1.0,80.0,-2.0,0.6231,True,0.6231,-1.7395036943342024,12,True,3.0,straight,0.0012844191500023887,5465.505555555557,14,941.9556898886449,3,australia_2026_R|GAS|OCO,australia_2026_R|L12|australia_2026_R|GAS|OCO,,False,v4_t0_anchored_30s_horizon
australia_2026_R_00324,australia_2026_R,2026,Australian Grand Prix,LAW,SAI,55,2026-03-08 04:19:50.495,2026-03-08 04:19:54.534,4.039,4.039,2026-03-08 04:20:20.495,30.0,11,16,11.416111111112514,6.849666666667509,11.416111111112514,6.0,49.0,-43.0,-5.914076782447465,1.641,True,16.0,13.0,5112.954166666666,straight_09,,,MEDIUM,11.0,1.0,0.9151750497114737,24495.800482494098,84.53670276820661,352.55138888889087,True,16,True,PIT_RELATED,,,False,1.0,21.096551724125884,-15.096551724125884,1.065413,True,1.065413,23.213993043635895,11,True,3.0,straight,0.9354951915599956,5465.505555555557,14,941.9556898886449,3,australia_2026_R|LAW|SAI,australia_2026_R|L11|australia_2026_R|LAW|SAI,,True,v4_t0_anchored_30s_horizon
australia_2026_R_00325,australia_2026_R,2026,Australian Grand Prix,ALO,LAW,30,2026-03-08 04:19:54.854,2026-03-08 04:19:58.015,3.161,3.161,2026-03-08 04:20:24.854,30.0,11,13,61.943055555556384,3.4842968750000463,58.02083333333394,64.0,28.0,36.0,,,False,17.0,16.0,5054.834722222222,straight_09,,,SOFT,11.0,1.0,0.8498937567104785,27792.60131091315,95.91419059177096,400.0,False,16,True,PIT_RELATED,,,False,1.0,80.0,-16.0,8.480675,True,8.480675,74.9424874875246,12,True,3.0,straight,0.9248613272534508,5465.505555555557,14,941.9556898886449,3,australia_2026_R|ALO|LAW,australia_2026_R|L11|australia_2026_R|ALO|LAW,,True,v4_t0_anchored_30s_horizon
australia_2026_R_00326,australia_2026_R,2026,Australian Grand Prix,PER,SAI,55,2026-03-08 04:19:54.854,2026-03-08 04:20:35.654,40.8,40.8,2026-03-08 04:20:24.854,30.0,11,140,99.19777777777745,1.5326695278969908,14.989722222222213,233.0,80.0,153.0,151.51768766177773,1.159,True,14.0,13.0,5118.830277777776,straight_09,,,MEDIUM,11.0,1.0,0.9144201166874277,24087.51944906984,83.12769666558309,346.67527777778105,True,16,True,PIT_RELATED,,3.481,False,-3.0,36.45589061621005,196.54410938378996,4.76721,True,4.76721,140.31309328169098,12,True,3.0,straight,0.9365703182891483,5465.505555555557,14,941.9556898886449,3,australia_2026_R|PER|SAI,australia_2026_R|L11|australia_2026_R|PER|SAI,,True,v4_t0_anchored_30s_horizon
australia_2026_R_00327,australia_2026_R,2026,Australian Grand Prix,RUS,LEC,16,2026-03-08 04:19:58.815,2026-03-08 04:20:23.455,24.64,24.64,2026-03-08 04:20:28.815,30.0,12,90,97.76555555555478,1.977280898876389,50.106388888885704,178.0,85.0,93.0,102.51063829787229,1.88,True,3.0,1.0,2321.3694444444445,straight_05,927.7923798643797,1092.2791307110565,MEDIUM,12.0,1.0,0.9453097960063896,33375.17958748221,561.2371077207505,400.0,False,16,True,PIT_RELATED,,,False,1.0,203.47429986338764,-25.474299863387643,2.9430709999999998,True,2.9430709999999998,94.70174674698907,10,True,3.0,straight,0.42473096419869655,5465.505555555557,14,941.9556898886449,3,australia_2026_R|LEC|RUS,australia_2026_R|L12|australia_2026_R|LEC|RUS,,False,v4_t0_anchored_30s_horizon
australia_2026_R_00328,australia_2026_R,2026,Australian Grand Prix,OCO,NOR,1,2026-03-08 04:20:06.615,2026-03-08 04:20:15.614,8.999,8.999,2026-03-08 04:20:36.615,30.0,12,29,99.82388888888909,2.2889554140127437,84.36555555555674,157.0,87.0,70.0,95.70833333333384,1.92,True,10.0,9.0,1016.8241666666663,brake_T3,35.46510761350987,253.34682437550669,HARD,1.0,2.0,0.8447277884208231,10205.53363416718,31144.824454896687,400.0,False,6,True,PIT_RELATED,,,False,-1.0,168.40790856793413,-11.407908567934129,3.293533,True,3.293533,105.97668240149818,13,True,3.0,brake,0.18604393616123738,5465.505555555557,14,941.9556898886449,3,australia_2026_R|NOR|OCO,australia_2026_R|L12|australia_2026_R|NOR|OCO,,False,v4_t0_anchored_30s_horizon
australia_2026_R_00329,australia_2026_R,2026,Australian Grand Prix,STR,ALO,14,2026-03-08 04:20:07.974,2026-03-08 04:20:12.535,4.561,4.561,2026-03-08 04:20:37.974,30.0,11,15,25.838611111116734,18.60380000000405,25.838611111116734,5.0,6.0,-1.0,,,False,19.0,17.0,5054.097777777772,straight_09,,,MEDIUM,11.0,1.0,0.7992636722925908,27792.60131091315,95.91419059177096,400.0,False,16,True,PIT_RELATED,,,False,0.0,,,,False,13.161453,18.05953059261769,12,True,3.0,straight,0.9247264917040292,5465.505555555557,14,941.9556898886449,3,australia_2026_R|ALO|STR,australia_2026_R|L11|australia_2026_R|ALO|STR,,True,v4_t0_anchored_30s_horizon
australia_2026_R_00330,australia_2026_R,2026,Australian Grand Prix,BEA,VER,3,2026-03-08 04:20:29.294,2026-03-08 04:20:32.415,3.121,3.121,2026-03-08 04:20:59.294,30.0,12,12,97.88111111111039,1.718887804878036,87.23999999999933,205.0,174.0,31.0,20.465116279068923,1.72,True,7.0,6.0,2667.4805555555545,straight_05,581.6812687532697,746.1680195999465,MEDIUM,12.0,1.0,0.9580013137028355,33375.17958748221,561.2371077207505,400.0,False,6,True,INVALID,,,False,0.0,206.40342853975244,-1.40342853975244,1.8963480000000001,True,1.8963480000000001,8.777477021509783,13,True,3.0,straight,0.4880574227656074,5465.505555555557,14,941.9556898886449,3,australia_2026_R|BEA|VER,australia_2026_R|L12|australia_2026_R|BEA|VER,,False,v4_t0_anchored_30s_horizon
australia_2026_R_00331,australia_2026_R,2026,Australian Grand Prix,RUS,LEC,16,2026-03-08 04:20:30.095,2026-03-08 04:20:57.895,27.8,27.8,2026-03-08 04:21:00.095,30.0,12,105,99.88749999999618,1.2189661016948687,40.90361111110451,295.0,252.0,43.0,24.918660287081305,1.881,True,3.0,1.0,3882.1522222222225,straight_06,175.61321810606796,235.61321810606796,MEDIUM,12.0,1.0,0.9453097960063896,10682.228618166908,89137.96318828399,400.00000000000045,False,16,True,PIT_RELATED,,,False,1.0,265.6246136173769,29.375386382623105,1.376139,True,1.376139,18.201772578818186,12,True,3.0,straight,0.7103006634539245,5465.505555555557,14,941.9556898886449,3,australia_2026_R|LEC|RUS,australia_2026_R|L12|australia_2026_R|LEC|RUS,,False,v4_t0_anchored_30s_horizon
australia_2026_R_00332,australia_2026_R,2026,Australian Grand Prix,ANT,HAM,44,2026-03-08 04:20:33.775,2026-03-08 04:20:48.614,14.839,13.88,2026-03-08 04:21:03.775,30.0,12,53,98.41999999999689,1.2345365853658148,10.976111111113823,287.0,133.0,154.0,97.88888888888869,1.8,True,5.0,2.0,3963.2788888888913,brake_T11,94.48655143939914,154.48655143939914,MEDIUM,12.0,1.0,0.944999830153029,8956.564237118642,75112.91298724605,400.00000000000045,False,6,True,PIT_RELATED,,14.999,False,1.0,260.34595791805003,26.654042081949967,1.8821080000000001,True,1.8821080000000001,58.74966329965798,11,True,3.0,brake,0.7251440600696695,5465.505555555557,14,941.9556898886449,3,australia_2026_R|ANT|HAM,australia_2026_R|L12|australia_2026_R|ANT|HAM,,True,v4_t0_anchored_30s_horizon
australia_2026_R_00333,australia_2026_R,2026,Australian Grand Prix,LAW,BOT,77,2026-03-08 04:20:35.454,2026-03-08 04:21:13.215,37.761,21.321,2026-03-08 04:21:05.454,30.0,12,83,99.01111111111072,2.2139130434782524,10.64444444444348,161.0,,,34.72954663887517,1.919,True,15.0,,1353.5769444444445,brake_T5,51.57244111041541,111.57244111041541,HARD,1.0,2.0,0.9151750497114737,22082.84705332523,15028.576550500957,400.0,False,6,True,INVALID,,,False,-1.0,,,,False,,,0,False,3.0,brake,0.24765814080429677,5465.505555555557,14,941.9556898886449,3,australia_2026_R|BOT|LAW,australia_2026_R|L12|australia_2026_R|BOT|LAW,,False,v4_t0_anchored_30s_horizon
australia_2026_R_00334,australia_2026_R,2026,Australian Grand Prix,NOR,ALB,23,2026-03-08 04:20:42.614,2026-03-08 04:20:46.975,4.361,4.361,2026-03-08 04:21:12.614,30.0,12,17,99.59694444444449,1.917374331550803,86.6574999999998,187.0,162.0,25.0,47.297090352219186,1.959,True,9.0,12.0,2816.976666666666,straight_05,432.1851576421582,596.671908488835,HARD,1.0,2.0,0.9575758926025961,27504.984306082308,47251.70740692447,400.0,False,6,True,PIT_RELATED,,50.001,True,0.0,163.56825153374214,23.431748466257858,2.255668,True,2.255668,51.32506213256938,12,True,3.0,straight,0.515410082019453,5465.505555555557,14,941.9556898886449,3,australia_2026_R|ALB|NOR,australia_2026_R|L12|australia_2026_R|ALB|NOR,,False,v4_t0_anchored_30s_horizon
australia_2026_R_00335,australia_2026_R,2026,Australian Grand Prix,ANT,RUS,63,2026-03-08 04:20:48.774,2026-03-08 04:20:54.414,5.64,5.64,2026-03-08 04:21:18.774,30.0,12,23,26.686666666668316,1.1042758620690338,26.686666666668316,87.0,96.0,-9.0,,,False,5.0,3.0,4633.496111111113,corner_T13,101.48823909087787,161.48823909087787,MEDIUM,12.0,1.0,0.944999830153029,20288.367960874257,555.9750652608067,400.0,False,6,True,PIT_RELATED,,,False,1.0,81.97541920731643,5.024580792683565,1.120573,True,1.120573,48.96693127338172,13,True,3.0,corner,0.8477708171755994,5465.505555555557,14,941.9556898886449,3,australia_2026_R|ANT|RUS,australia_2026_R|L12|australia_2026_R|ANT|RUS,,True,v4_t0_anchored_30s_horizon
australia_2026_R_00336,australia_2026_R,2026,Australian Grand Prix,HAM,RUS,63,2026-03-08 04:20:54.814,2026-03-08 04:20:59.575,4.761,4.481,2026-03-08 04:21:24.814,30.0,12,18,85.08555555555722,2.112468965517283,16.30138888889087,145.0,183.0,-38.0,,,False,2.0,3.0,4794.971944444448,corner_T14,,0.012405757543092477,MEDIUM,12.0,1.0,0.7442298395664847,27792.115387347123,95.91476781381328,400.0,False,16,True,PIT_RELATED,,5.041,False,-1.0,141.0,4.0,1.7912970000000001,True,1.7912970000000001,-29.403529705339626,12,True,3.0,corner,0.8773153545824269,5465.505555555557,14,941.9556898886449,3,australia_2026_R|HAM|RUS,australia_2026_R|L12|australia_2026_R|HAM|RUS,australia_2026_R_00337,True,v4_t0_anchored_30s_horizon
australia_2026_R_00337,australia_2026_R,2026,Australian Grand Prix,RUS,HAM,44,2026-03-08 04:21:00.295,2026-03-08 04:21:03.415,3.12,3.12,2026-03-08 04:21:30.295,30.0,12,12,17.55416666666497,0.7999367088606821,17.55416666666497,79.0,204.0,-125.0,-124.2727272727271,0.44,True,3.0,2.0,5057.281388888893,straight_09,,,MEDIUM,12.0,1.0,0.9453097960063896,27792.60131091315,95.91419059177096,400.0,False,16,True,PIT_RELATED,,,False,1.0,201.63292079207912,-122.63292079207912,0.309366,True,0.309366,-116.74980217606243,11,True,3.0,straight,0.9253089833104801,5465.505555555557,14,941.9556898886449,3,australia_2026_R|HAM|RUS,australia_2026_R|L12|australia_2026_R|HAM|RUS,australia_2026_R_00336,True,v4_t0_anchored_30s_horizon
australia_2026_R_00338,australia_2026_R,2026,Australian Grand Prix,PER,SAI,55,2026-03-08 04:21:03.135,2026-03-08 04:21:07.934,4.799,4.799,2026-03-08 04:21:33.135,30.0,12,20,98.91277777777805,1.8450051813471553,76.92388888888945,193.0,148.0,45.0,38.25566531086689,1.721,True,14.0,13.0,3075.4008333333327,straight_05,173.7609909754915,338.24774182216834,MEDIUM,12.0,1.0,0.9144201166874277,15320.147875786617,72123.86417444065,400.0,False,6,True,PIT_RELATED,,,False,0.0,212.8420293157144,-19.8420293157144,2.115797,True,2.115797,29.668345526469334,11,True,3.0,straight,0.5626928382146205,5465.505555555557,14,941.9556898886449,3,australia_2026_R|PER|SAI,australia_2026_R|L12|australia_2026_R|PER|SAI,,False,v4_t0_anchored_30s_horizon
australia_2026_R_00339,australia_2026_R,2026,Australian Grand Prix,ALO,LAW,30,2026-03-08 04:21:05.215,2026-03-08 04:21:13.215,8.0,8.0,2026-03-08 04:21:35.215,30.0,12,27,97.8344444444449,2.863447154471558,46.94055555555633,123.0,73.0,50.0,49.4444444444448,1.8,True,16.0,15.0,1996.9719444444438,corner_T7,130.2341899757355,190.2341899757355,SOFT,1.0,2.0,0.8498937567104785,31430.931939694245,294.3208912917962,399.9999999999998,False,6,True,PIT_RELATED,,,False,-1.0,75.47200000000024,47.527999999999764,4.8144,True,4.8144,50.411464990768955,11,True,3.0,corner,0.36537735149030615,5465.505555555557,14,941.9556898886449,3,australia_2026_R|ALO|LAW,australia_2026_R|L12|australia_2026_R|ALO|LAW,,False,v4_t0_anchored_30s_horizon
australia_2026_R_00340,australia_2026_R,2026,Australian Grand Prix,BEA,VER,3,2026-03-08 04:21:07.215,2026-03-08 04:21:17.015,9.8,9.8,2026-03-08 04:21:37.215,30.0,12,35,98.05083333333187,2.0286379310344524,57.61916666666457,174.0,105.0,69.0,24.999999999999638,2.0,True,7.0,6.0,4483.869166666667,brake_T13,94.62804437599334,311.1151835353239,MEDIUM,12.0,1.0,0.9580013137028355,11729.447111297544,35002.49380977736,400.0,False,6,True,INVALID,,,False,0.0,169.7092836257314,4.290716374268612,2.423257,True,2.423257,11.66358556498472,12,True,3.0,brake,0.8203942199105296,5465.505555555557,14,941.9556898886449,3,australia_2026_R|BEA|VER,australia_2026_R|L12|australia_2026_R|BEA|VER,,True,v4_t0_anchored_30s_horizon
australia_2026_R_00341,australia_2026_R,2026,Australian Grand Prix,GAS,OCO,31,2026-03-08 04:21:10.335,2026-03-08 04:21:15.334,4.999,4.999,2026-03-08 04:21:40.335,30.0,12,17,98.89749999999594,1.5412597402596768,70.98638888888308,231.0,147.0,84.0,80.35450286309019,1.921,True,11.0,10.0,3969.3163888888885,brake_T11,88.44905143940196,148.44905143940196,HARD,1.0,2.0,0.9333595394059878,9034.318688634125,71416.6142470859,400.0,False,6,True,PIT_RELATED,,,False,-1.0,235.2655851063822,-4.26558510638219,1.942246,True,1.942246,63.345992216503106,11,True,3.0,brake,0.7262487154283783,5465.505555555557,14,941.9556898886449,3,australia_2026_R|GAS|OCO,australia_2026_R|L12|australia_2026_R|GAS|OCO,,True,v4_t0_anchored_30s_horizon
australia_2026_R_00342,australia_2026_R,2026,Australian Grand Prix,ALO,BOT,77,2026-03-08 04:21:16.775,2026-03-08 04:21:43.495,26.72,25.039,2026-03-08 04:21:46.775,30.0,12,78,99.63222222222385,1.615657657657684,10.051111111110913,222.0,,,20.853136155022035,1.9609999999999999,True,16.0,,2399.49861111111,straight_05,849.663213197714,1014.1499640443908,SOFT,1.0,2.0,0.8498937567104785,33375.17958748221,561.2371077207505,400.0,False,6,True,INVALID,,,False,-1.0,,,,False,,,0,False,3.0,straight,0.4390259211560176,5465.505555555557,14,941.9556898886449,3,australia_2026_R|ALO|BOT,australia_2026_R|L12|australia_2026_R|ALO|BOT,,False,v4_t0_anchored_30s_horizon
australia_2026_R_00343,australia_2026_R,2026,Australian Grand Prix,HAM,LEC,16,2026-03-08 04:21:22.415,2026-03-08 04:21:31.375,8.96,8.96,2026-03-08 04:21:52.415,30.0,13,34,98.48194444444425,1.8181282051282017,43.381944444444116,195.0,133.0,62.0,21.979499999999963,2.0,True,2.0,1.0,918.2066666666666,straight_02,134.0826076135096,351.9643243755064,MEDIUM,13.0,1.0,0.7442298395664847,6316.031635293854,90502.88148939663,399.9999999999999,False,6,True,INVALID,,,False,0.0,179.09795673076925,15.902043269230745,2.132664,True,2.132664,11.745965063264787,12,True,3.0,straight,0.1680003171405308,5465.505555555557,14,941.9556898886449,3,australia_2026_R|HAM|LEC,australia_2026_R|L13|australia_2026_R|HAM|LEC,,False,v4_t0_anchored_30s_horizon
australia_2026_R_00344,australia_2026_R,2026,Australian Grand Prix,OCO,NOR,1,2026-03-08 04:21:22.815,2026-03-08 04:21:26.375,3.56,3.56,2026-03-08 04:21:52.815,30.0,12,14,98.99194444444947,3.299731481481649,90.72527777778305,108.0,84.0,24.0,26.438775510205232,1.96,True,10.0,9.0,4566.217222222215,brake_T13,12.279988820445396,228.76712797977598,HARD,1.0,2.0,0.8447277884208231,16114.286112256981,8225.474481409055,400.0,False,6,True,PIT_RELATED,,,False,-1.0,134.6874806201645,-26.687480620164507,3.7997360000000002,True,3.7997360000000002,34.950778037212004,11,True,3.0,brake,0.8354610887881658,5465.505555555557,14,941.9556898886449,3,australia_2026_R|NOR|OCO,australia_2026_R|L12|australia_2026_R|NOR|OCO,,True,v4_t0_anchored_30s_horizon
australia_2026_R_00345,australia_2026_R,2026,Australian Grand Prix,LIN,RUS,63,2026-03-08 04:21:23.735,2026-03-08 04:21:31.655,7.92,7.92,2026-03-08 04:21:53.735,30.0,13,31,95.53055555555562,2.1494375000000017,52.44166666666678,160.0,76.0,84.0,84.4614566719829,1.881,True,4.0,3.0,282.24833333333333,brake_T1,41.63540721367383,184.45200322223445,MEDIUM,13.0,1.0,0.8876427891917508,18109.731611409494,42602.11800628722,400.0,False,67,True,PIT_RELATED,,,False,0.0,189.0,-29.0,2.9917030000000002,True,2.9917030000000002,72.34098960704647,11,True,3.0,brake,0.051641761309058516,5465.505555555557,14,941.9556898886449,3,australia_2026_R|LIN|RUS,australia_2026_R|L13|australia_2026_R|LIN|RUS,,False,v4_t0_anchored_30s_horizon
australia_2026_R_00346,australia_2026_R,2026,Australian Grand Prix,COL,ALO,14,2026-03-08 04:21:25.735,2026-03-08 04:21:43.495,17.76,17.76,2026-03-08 04:21:55.735,30.0,12,67,99.1652777777822,1.7760945273632633,32.44611111111317,201.0,152.0,49.0,38.559999999998766,2.0,True,17.0,16.0,2768.553611111108,straight_05,480.6082131977164,645.0949640443932,HARD,12.0,2.0,0.928449500947803,30741.94043560407,21505.544497465165,400.0,False,6,True,PIT_RELATED,,,False,-1.0,158.0,43.0,2.260221,True,2.260221,36.457884737173686,12,True,3.0,straight,0.5065503242050388,5465.505555555557,14,941.9556898886449,3,australia_2026_R|ALO|COL,australia_2026_R|L12|australia_2026_R|ALO|COL,,False,v4_t0_anchored_30s_horizon
australia_2026_R_00347,australia_2026_R,2026,Australian Grand Prix,ANT,LIN,41,2026-03-08 04:21:26.375,2026-03-08 04:21:31.375,5.0,5.0,2026-03-08 04:21:56.375,30.0,13,20,93.95472222222219,1.7345487179487173,82.17750000000007,195.0,116.0,79.0,90.26530612244899,1.96,True,5.0,4.0,283.8275,brake_T1,40.05624054700718,182.8728365555678,HARD,1.0,2.0,0.944999830153029,18205.397317152074,41449.61697049368,400.0,False,67,True,PIT_RELATED,,,False,0.0,158.94112168874173,36.05887831125827,2.60235,True,2.60235,80.76687412165954,11,True,3.0,brake,0.05193069462924542,5465.505555555557,14,941.9556898886449,3,australia_2026_R|ANT|LIN,australia_2026_R|L13|australia_2026_R|ANT|LIN,,False,v4_t0_anchored_30s_horizon
australia_2026_R_00348,australia_2026_R,2026,Australian Grand Prix,VER,ANT,12,2026-03-08 04:21:28.694,2026-03-08 04:21:35.895,7.201,7.201,2026-03-08 04:21:58.694,30.0,13,31,96.81444444444446,2.0745952380952386,72.55138888888871,168.0,100.0,68.0,71.92224475997273,1.479,True,6.0,5.0,269.89361111111106,brake_T1,53.99012943589611,196.80672544445673,HARD,13.0,1.0,0.9183963375773275,17361.284189366786,51618.79145729689,400.00000000000006,False,67,True,PIT_RELATED,,,False,0.0,211.43484330484335,-43.434843304843355,2.576241,True,2.576241,57.68278038508928,10,True,3.0,brake,0.0493812710219955,5465.505555555557,14,941.9556898886449,3,australia_2026_R|ANT|VER,australia_2026_R|L13|australia_2026_R|ANT|VER,,False,v4_t0_anchored_30s_horizon
australia_2026_R_00349,australia_2026_R,2026,Australian Grand Prix,NOR,ALB,23,2026-03-08 04:21:29.015,2026-03-08 04:21:32.415,3.4,3.12,2026-03-08 04:21:59.015,30.0,12,14,96.82555555556155,2.4039448275863555,13.425555555565552,145.0,72.0,73.0,25.00944444444758,1.8,True,9.0,12.0,4848.402222222221,straight_09,,,HARD,1.0,2.0,0.9575758926025961,27792.60131091315,95.91419059177096,400.0,False,6,True,PIT_RELATED,,3.6,False,0.0,195.0,-50.0,2.731005,True,2.731005,-8.638835693599292,11,True,3.0,straight,0.8870912622701361,5465.505555555557,14,941.9556898886449,3,australia_2026_R|ALB|NOR,australia_2026_R|L12|australia_2026_R|ALB|NOR,,True,v4_t0_anchored_30s_horizon
australia_2026_R_00350,australia_2026_R,2026,Australian Grand Prix,PER,SAI,55,2026-03-08 04:21:33.455,2026-03-08 04:21:45.215,11.76,11.76,2026-03-08 04:22:03.455,30.0,12,45,99.05277777777792,2.315519480519484,82.54277777777497,154.0,126.0,28.0,22.888888888886868,1.8,True,14.0,13.0,4466.321944444445,brake_T13,112.17526659821579,328.66240575754637,MEDIUM,12.0,1.0,0.9144201166874277,10795.099070661638,40708.30319937101,400.0,False,6,True,PIT_RELATED,,,False,0.0,126.60984623015877,27.390153769841234,2.79515,True,2.79515,18.060626937648234,12,True,3.0,brake,0.8171836802735538,5465.505555555557,14,941.9556898886449,3,australia_2026_R|PER|SAI,australia_2026_R|L12|australia_2026_R|PER|SAI,,True,v4_t0_anchored_30s_horizon
australia_2026_R_00351,australia_2026_R,2026,Australian Grand Prix,GAS,OCO,31,2026-03-08 04:21:44.335,2026-03-08 04:21:57.095,12.76,12.76,2026-03-08 04:22:14.335,30.0,13,48,98.71194444444436,1.3359511278195477,51.41194444444426,266.0,205.0,61.0,51.54761904761914,1.6800000000000002,True,11.0,10.0,150.0522222222222,straight_01,173.83151832478495,316.6481143333456,HARD,2.0,2.0,0.9333595394059878,13965.362714049803,99642.75019967789,400.0,False,671,True,INVALID,,,False,0.0,204.0,62.0,1.741308,True,1.741308,55.06750881688993,13,True,3.0,straight,0.027454408507498026,5465.505555555557,14,941.9556898886449,3,australia_2026_R|GAS|OCO,australia_2026_R|L13|australia_2026_R|GAS|OCO,,False,v4_t0_anchored_30s_horizon
australia_2026_R_00352,australia_2026_R,2026,Australian Grand Prix,BEA,VER,3,2026-03-08 04:21:44.975,2026-03-08 04:21:56.855,11.88,11.88,2026-03-08 04:22:14.975,30.0,13,46,98.05277777777815,1.6192201834862445,35.61166666666736,218.0,118.0,100.0,76.99999999999935,1.88,True,7.0,6.0,939.5708333333332,brake_T3,112.71844094684297,330.6001577088398,MEDIUM,13.0,1.0,0.9580013137028355,6467.470529534752,85318.80352972426,400.0,False,671,True,INVALID,,,False,0.0,208.0,10.0,2.285278,True,2.285278,49.98017246749857,14,True,3.0,brake,0.17190922665484837,5465.505555555557,14,941.9556898886449,3,australia_2026_R|BEA|VER,australia_2026_R|L13|australia_2026_R|BEA|VER,,False,v4_t0_anchored_30s_horizon
australia_2026_R_00353,australia_2026_R,2026,Australian Grand Prix,LIN,RUS,63,2026-03-08 04:21:59.775,2026-03-08 04:22:02.815,3.04,3.04,2026-03-08 04:22:29.775,30.0,13,12,98.90638888888998,1.945699453551934,83.80638888889052,183.0,111.0,72.0,88.1956521739135,1.8399999999999999,True,4.0,3.0,1761.7099999999998,brake_T6,72.9955004409926,425.4961344201795,MEDIUM,13.0,1.0,0.8876427891917508,20831.169956964408,29740.364399645063,400.0000000000002,False,67,True,PIT_RELATED,,,False,0.0,124.1415702479348,58.858429752065206,3.184719,True,3.184719,92.98200636942236,13,True,3.0,brake,0.32233248728642555,5465.505555555557,14,941.9556898886449,3,australia_2026_R|LIN|RUS,australia_2026_R|L13|australia_2026_R|LIN|RUS,,False,v4_t0_anchored_30s_horizon
australia_2026_R_00354,australia_2026_R,2026,Australian Grand Prix,OCO,NOR,1,2026-03-08 04:22:00.255,2026-03-08 04:22:09.015,8.76,8.76,2026-03-08 04:22:30.255,30.0,13,35,98.61777777777763,1.7930505050505023,72.41999999999939,198.0,76.0,122.0,131.72340425531894,1.88,True,10.0,9.0,1000.266111111111,brake_T3,52.02316316906524,269.90487993106206,HARD,2.0,2.0,0.8447277884208231,9490.76415040746,42747.00554638216,400.0000000000001,False,671,True,INVALID,,,False,0.0,143.36599999999984,54.63400000000016,3.656171,True,3.656171,122.82114349164894,13,True,3.0,brake,0.1830143800868273,5465.505555555557,14,941.9556898886449,3,australia_2026_R|NOR|OCO,australia_2026_R|L13|australia_2026_R|NOR|OCO,,False,v4_t0_anchored_30s_horizon
australia_2026_R_00355,australia_2026_R,2026,Australian Grand Prix,STR,BOT,77,2026-03-08 04:22:12.255,2026-03-08 04:22:17.535,5.28,4.76,2026-03-08 04:22:42.255,30.0,12,20,98.84527777778112,2.118113095238167,15.723055555557949,168.0,,,37.54347826086775,1.8399999999999999,True,18.0,,4236.45111111111,brake_T12,92.64171314560463,152.64171314560463,HARD,1.0,2.0,0.7992636722925908,10183.39814609518,47364.25110851128,400.0,False,6,True,INVALID,,,False,-1.0,,,,False,,,0,False,3.0,brake,0.7751252044387471,5465.505555555557,14,941.9556898886449,3,australia_2026_R|BOT|STR,australia_2026_R|L12|australia_2026_R|BOT|STR,,True,v4_t0_anchored_30s_horizon
australia_2026_R_00356,australia_2026_R,2026,Australian Grand Prix,PER,SAI,55,2026-03-08 04:22:13.895,2026-03-08 04:22:30.495,16.6,16.6,2026-03-08 04:22:43.895,30.0,13,66,96.47055555555562,1.6228691588785058,66.45944444444399,214.0,160.0,54.0,19.808510638297637,1.88,True,14.0,13.0,937.380277777778,brake_T3,114.90899650239817,332.790713264395,MEDIUM,13.0,1.0,0.9144201166874277,6358.35672563184,86855.26389363954,400.0,False,671,True,INVALID,,,False,0.0,260.0,-46.0,1.7389109999999999,True,1.7389109999999999,-6.638758943315605,13,True,3.0,brake,0.17150843014420744,5465.505555555557,14,941.9556898886449,3,australia_2026_R|PER|SAI,australia_2026_R|L13|australia_2026_R|PER|SAI,,False,v4_t0_anchored_30s_horizon
australia_2026_R_00357,australia_2026_R,2026,Australian Grand Prix,SAI,ALB,23,2026-03-08 04:22:14.455,2026-03-08 04:22:20.615,6.16,6.16,2026-03-08 04:22:44.455,30.0,13,20,99.40555555555511,2.8177952755905387,93.93888888888841,127.0,87.0,40.0,80.4130434782607,1.8399999999999999,True,13.0,12.0,1054.5794444444446,corner_T3,155.59154659772844,215.59154659772844,HARD,2.0,2.0,0.9101816167258279,11726.116920333718,6080.192827910854,400.0,False,671,True,PIT_RELATED,,,False,0.0,92.95233333333317,34.04766666666683,4.335233,True,4.335233,117.59976678207364,13,True,3.0,corner,0.1929518566443482,5465.505555555557,14,941.9556898886449,3,australia_2026_R|ALB|SAI,australia_2026_R|L13|australia_2026_R|ALB|SAI,,False,v4_t0_anchored_30s_horizon
australia_2026_R_00358,australia_2026_R,2026,Australian Grand Prix,ANT,LIN,41,2026-03-08 04:22:23.895,2026-03-08 04:22:27.015,3.12,3.12,2026-03-08 04:22:53.895,30.0,13,12,97.15999999999985,1.68973913043478,88.34888888888736,207.0,134.0,73.0,61.85416666666868,1.92,True,5.0,4.0,2920.32861111111,straight_05,328.83321319771403,493.3199640443909,HARD,1.0,2.0,0.944999830153029,20600.40881846122,72004.59541548314,400.0,False,67,True,PIT_RELATED,,,False,0.0,164.0,43.0,2.345932,True,2.345932,55.905149668399595,14,True,3.0,straight,0.5343199419388871,5465.505555555557,14,941.9556898886449,3,australia_2026_R|ANT|LIN,australia_2026_R|L13|australia_2026_R|ANT|LIN,,False,v4_t0_anchored_30s_horizon
australia_2026_R_00359,australia_2026_R,2026,Australian Grand Prix,HAM,LEC,16,2026-03-08 04:22:26.815,2026-03-08 04:22:30.495,3.68,3.68,2026-03-08 04:22:56.815,30.0,13,16,95.27361111111122,1.8051842105263178,81.89416666666739,190.0,111.0,79.0,92.77777777777828,1.8,True,2.0,1.0,4005.8322222222246,brake_T11,51.93321810606585,111.93321810606585,MEDIUM,13.0,1.0,0.7442298395664847,9984.819187353747,48782.62785659858,400.00000000000045,False,6,True,INVALID,,,False,0.0,227.67214285714212,-37.67214285714212,2.275628,True,2.275628,81.0541886035684,11,True,3.0,brake,0.7329298601024,5465.505555555557,14,941.9556898886449,3,australia_2026_R|HAM|LEC,australia_2026_R|L13|australia_2026_R|HAM|LEC,,True,v4_t0_anchored_30s_horizon
australia_2026_R_00360,australia_2026_R,2026,Australian Grand Prix,BEA,VER,3,2026-03-08 04:22:27.575,2026-03-08 04:22:35.695,8.12,8.12,2026-03-08 04:22:57.575,30.0,13,32,97.46777777777879,2.00505142857145,73.38805555555655,175.0,135.0,40.0,58.93333333333521,1.8,True,7.0,6.0,2848.823055555554,straight_05,400.33876875326996,564.8255195999468,MEDIUM,13.0,1.0,0.9580013137028355,25376.135505974155,64184.18527318741,400.0,False,671,True,INVALID,,,False,0.0,160.0,15.0,2.4232,True,2.4232,66.10651499483238,11,True,3.0,straight,0.5212368785646541,5465.505555555557,14,941.9556898886449,3,australia_2026_R|BEA|VER,australia_2026_R|L13|australia_2026_R|BEA|VER,,False,v4_t0_anchored_30s_horizon
australia_2026_R_00361,australia_2026_R,2026,Australian Grand Prix,GAS,OCO,31,2026-03-08 04:22:43.215,2026-03-08 04:22:47.055,3.84,3.84,2026-03-08 04:23:13.215,30.0,13,14,92.90583333333643,2.1718246753247477,92.41694444444784,154.0,129.0,25.0,26.018009004502815,1.999,True,11.0,10.0,2799.1994444444435,straight_05,449.96237986438064,614.4491307110575,HARD,2.0,2.0,0.9333595394059878,28693.345671921154,37799.69629032191,400.0,False,671,True,INVALID,,,False,0.0,195.23963730570225,-41.239637305702246,2.241347,True,2.241347,12.119766761250133,9,True,3.0,straight,0.512157460273574,5465.505555555557,14,941.9556898886449,3,australia_2026_R|GAS|OCO,australia_2026_R|L13|australia_2026_R|GAS|OCO,,False,v4_t0_anchored_30s_horizon
australia_2026_R_00362,australia_2026_R,2026,Australian Grand Prix,SAI,ALB,23,2026-03-08 04:22:53.495,2026-03-08 04:22:57.295,3.8,3.8,2026-03-08 04:23:23.495,30.0,13,17,97.77749999999787,2.133327272727226,84.49333333333016,165.0,112.0,53.0,67.16326530612318,1.96,True,13.0,12.0,2941.1547222222234,straight_05,308.00710208660075,472.4938529332776,HARD,2.0,2.0,0.9101816167258279,19541.252694032504,72017.58608535877,400.0,False,671,True,PIT_RELATED,,,False,0.0,170.68373493975747,-5.683734939757471,2.813674,True,2.813674,69.12878147160596,13,True,3.0,straight,0.5381304057467491,5465.505555555557,14,941.9556898886449,3,australia_2026_R|ALB|SAI,australia_2026_R|L13|australia_2026_R|ALB|SAI,,False,v4_t0_anchored_30s_horizon
australia_2026_R_00363,australia_2026_R,2026,Australian Grand Prix,PER,SAI,55,2026-03-08 04:22:54.055,2026-03-08 04:23:05.415,11.36,11.36,2026-03-08 04:23:24.055,30.0,13,48,95.14555555555717,1.7387005076142426,62.232777777778665,197.0,149.0,48.0,34.53999999999915,2.0,True,14.0,13.0,2869.1916666666666,straight_05,379.9701576421576,544.4569084888344,MEDIUM,13.0,1.0,0.9144201166874277,23956.351365887545,66912.54390913907,400.0,False,671,True,INVALID,,,False,0.0,198.16584595959628,-1.1658459595962825,2.013267,True,2.013267,26.105640802629686,12,True,3.0,straight,0.5249636355689368,5465.505555555557,14,941.9556898886449,3,australia_2026_R|PER|SAI,australia_2026_R|L13|australia_2026_R|PER|SAI,,False,v4_t0_anchored_30s_horizon
australia_2026_R_00364,australia_2026_R,2026,Australian Grand Prix,LIN,RUS,63,2026-03-08 04:22:54.055,2026-03-08 04:23:06.975,12.92,12.92,2026-03-08 04:23:24.055,30.0,13,54,97.70777777777948,1.9326813186813523,44.08055555555802,182.0,101.0,81.0,29.139999999998327,2.0,True,4.0,3.0,4481.710277777777,brake_T13,96.78693326488337,313.27407242421395,MEDIUM,13.0,1.0,0.8876427891917508,11614.491389090388,35704.49714325758,400.0,False,67,True,PIT_RELATED,,,False,0.0,166.79399830938252,15.206001690617484,2.445893,True,2.445893,11.564577250415686,12,True,3.0,brake,0.8199992173134331,5465.505555555557,14,941.9556898886449,3,australia_2026_R|LIN|RUS,australia_2026_R|L13|australia_2026_R|LIN|RUS,,True,v4_t0_anchored_30s_horizon
australia_2026_R_00365,australia_2026_R,2026,Australian Grand Prix,ANT,LIN,41,2026-03-08 04:22:57.695,2026-03-08 04:23:06.015,8.32,8.32,2026-03-08 04:23:27.695,30.0,13,34,96.71888888889134,2.0849580838323885,52.262777777781594,167.0,86.0,81.0,60.19999999999891,1.8,True,5.0,4.0,4518.567777777775,brake_T13,59.92943326488603,276.4165724242166,HARD,1.0,2.0,0.944999830153029,13577.06600469663,23719.587685018738,400.0,False,67,True,PIT_RELATED,,,False,0.0,183.72812500000143,-16.728125000001427,2.920022,True,2.920022,43.80094157710216,13,True,3.0,brake,0.8267428752651723,5465.505555555557,14,941.9556898886449,3,australia_2026_R|ANT|LIN,australia_2026_R|L13|australia_2026_R|ANT|LIN,,True,v4_t0_anchored_30s_horizon
australia_2026_R_00366,australia_2026_R,2026,Australian Grand Prix,VER,ANT,12,2026-03-08 04:23:00.015,2026-03-08 04:23:11.255,11.24,11.24,2026-03-08 04:23:30.015,30.0,13,43,98.73416666666435,2.0195624999999526,49.12138888888785,176.0,104.0,72.0,24.23404255319238,1.88,True,6.0,5.0,4508.857499999999,brake_T13,69.63971104266147,286.12685020199206,HARD,13.0,1.0,0.9183963375773275,13060.016701918394,26877.067166291097,400.0,False,67,True,PIT_RELATED,,,False,0.0,166.0,10.0,2.529379,True,2.529379,-3.734920218477747,13,True,3.0,brake,0.8249662275828906,5465.505555555557,14,941.9556898886449,3,australia_2026_R|ANT|VER,australia_2026_R|L13|australia_2026_R|ANT|VER,,True,v4_t0_anchored_30s_horizon
australia_2026_R_00367,australia_2026_R,2026,Australian Grand Prix,BEA,VER,3,2026-03-08 04:23:02.655,2026-03-08 04:23:14.216,11.561,11.561,2026-03-08 04:23:32.655,30.0,13,43,97.58000000000084,1.9516000000000167,48.68722222222186,180.0,85.0,95.0,48.146499999997104,2.0,True,7.0,6.0,4512.884722222221,brake_T13,65.61248882043947,282.09962797977005,MEDIUM,13.0,1.0,0.9580013137028355,13274.4567508837,25567.5401039146,400.0,False,671,True,INVALID,,,False,0.0,176.0,4.0,2.557625,True,2.557625,29.23834996244057,13,True,3.0,brake,0.825703071079121,5465.505555555557,14,941.9556898886449,3,australia_2026_R|BEA|VER,australia_2026_R|L13|australia_2026_R|BEA|VER,,True,v4_t0_anchored_30s_horizon
australia_2026_R_00368,australia_2026_R,2026,Australian Grand Prix,HAM,LEC,16,2026-03-08 04:23:18.415,2026-03-08 04:23:26.415,8.0,8.0,2026-03-08 04:23:48.415,30.0,14,31,87.61249999999995,1.5537192118226595,53.97916666666674,203.0,90.0,113.0,105.35416666666642,1.92,True,2.0,1.0,987.5044444444441,brake_T3,64.78482983573213,282.66654659772894,MEDIUM,14.0,1.0,0.7442298395664847,8855.092532488541,51698.06591146062,400.0,False,671,True,INVALID,,,False,0.0,177.9972558514932,25.002744148506792,2.514903,True,2.514903,85.2712655523011,12,True,3.0,brake,0.18067943292833527,5465.505555555557,14,941.9556898886449,3,australia_2026_R|HAM|LEC,australia_2026_R|L14|australia_2026_R|HAM|LEC,,False,v4_t0_anchored_30s_horizon
australia_2026_R_00369,australia_2026_R,2026,Australian Grand Prix,SAI,ALB,23,2026-03-08 04:23:24.655,2026-03-08 04:23:33.415,8.76,8.76,2026-03-08 04:23:54.655,30.0,13,33,99.99805555555122,1.7733645320196276,42.24638888888421,203.0,133.0,70.0,20.019999999998436,2.0,True,13.0,12.0,4484.4450000000015,brake_T13,94.05221104265911,310.5393502019897,HARD,2.0,2.0,0.9101816167258279,11760.108873023699,34815.25076933656,400.0,False,671,True,PIT_RELATED,,,False,0.0,197.9817659727223,5.018234027277714,2.071276,True,2.071276,6.179897529717574,13,True,3.0,brake,0.8204995776541969,5465.505555555557,14,941.9556898886449,3,australia_2026_R|ALB|SAI,australia_2026_R|L13|australia_2026_R|ALB|SAI,,True,v4_t0_anchored_30s_horizon
australia_2026_R_00370,australia_2026_R,2026,Australian Grand Prix,LIN,RUS,63,2026-03-08 04:23:30.455,2026-03-08 04:23:36.255,5.8,5.8,2026-03-08 04:24:00.455,30.0,14,23,99.32500000000027,1.5280769230769273,67.08055555555575,234.0,123.0,111.0,107.51797811360048,1.919,True,4.0,3.0,963.7419444444442,brake_T3,88.54732983573194,306.42904659772876,MEDIUM,14.0,1.0,0.8876427891917508,7671.458198875029,68365.13436582954,400.0,False,71,True,INVALID,,,False,0.0,242.0990045248869,-8.099004524886908,2.182737,True,2.182737,86.75763374437393,12,True,3.0,brake,0.1763317106987154,5465.505555555557,14,941.9556898886449,3,australia_2026_R|LIN|RUS,australia_2026_R|L14|australia_2026_R|LIN|RUS,,False,v4_t0_anchored_30s_horizon
australia_2026_R_00371,australia_2026_R,2026,Australian Grand Prix,LAW,PER,11,2026-03-08 04:23:32.015,2026-03-08 04:23:36.255,4.24,4.24,2026-03-08 04:24:02.015,30.0,13,18,86.31722222222652,1.4386203703704419,61.039444444448236,216.0,90.0,126.0,106.89583333333132,1.92,True,15.0,14.0,4518.837500000001,brake_T13,59.65971104266009,276.1468502019907,HARD,2.0,2.0,0.9151750497114737,13591.428074468196,23631.88243066744,400.0,False,671,True,INVALID,,,False,0.0,159.26064516129392,56.73935483870608,2.885212,True,2.885212,86.85166994106045,12,True,3.0,brake,0.8267922251779085,5465.505555555557,14,941.9556898886449,3,australia_2026_R|LAW|PER,australia_2026_R|L13|australia_2026_R|LAW|PER,,True,v4_t0_anchored_30s_horizon
australia_2026_R_00372,australia_2026_R,2026,Australian Grand Prix,ANT,LIN,41,2026-03-08 04:23:34.136,2026-03-08 04:23:37.655,3.519,3.519,2026-03-08 04:24:04.136,30.0,14,14,98.6875,1.7501231527093597,77.77833333333342,203.0,92.0,111.0,158.60136286201018,1.7610000000000001,True,5.0,4.0,1001.9566666666665,brake_T3,50.33260761350971,268.2143243755065,HARD,2.0,2.0,0.944999830153029,9574.972444923462,41561.24625462591,400.0,False,71,True,INVALID,,,False,0.0,183.13273480662988,19.867265193370116,2.989436,True,2.989436,154.8493330968578,12,True,3.0,brake,0.1833236937520265,5465.505555555557,14,941.9556898886449,3,australia_2026_R|ANT|LIN,australia_2026_R|L14|australia_2026_R|ANT|LIN,,False,v4_t0_anchored_30s_horizon
australia_2026_R_00373,australia_2026_R,2026,Australian Grand Prix,BEA,VER,3,2026-03-08 04:23:34.856,2026-03-08 04:23:47.776,12.92,12.92,2026-03-08 04:24:04.856,30.0,14,49,98.37388888888881,1.260306049822063,41.776666666666415,281.0,189.0,92.0,27.685805422647917,1.881,True,7.0,6.0,907.0769444444445,straight_02,145.21232983573168,363.0940465977285,MEDIUM,14.0,1.0,0.9651099827632308,6482.996330531791,90563.55950924756,400.0,False,1,False,INVALID,,,False,0.0,281.0,0.0,1.471117,True,1.471117,7.308722234764207,12,True,3.0,straight,0.16596395982480014,5465.505555555557,14,941.9556898886449,3,australia_2026_R|BEA|VER,australia_2026_R|L14|australia_2026_R|BEA|VER,,False,v4_t0_anchored_30s_horizon
australia_2026_R_00374,australia_2026_R,2026,Australian Grand Prix,GAS,OCO,31,2026-03-08 04:23:37.455,2026-03-08 04:23:40.816,3.361,3.361,2026-03-08 04:24:07.455,30.0,14,13,89.64361111111106,1.2132218045112775,65.58805555555546,266.0,149.0,117.0,103.54347826086962,1.8399999999999999,True,11.0,10.0,274.0433333333333,brake_T1,49.84040721367387,192.6570032222345,HARD,3.0,2.0,0.9298172297529458,17612.67380732429,48590.25795268476,400.0,False,1,False,CLOSE_INTERACTION_NO_PASS,0.0,,False,0.0,230.31278927685415,35.68721072314585,1.9006319999999999,True,1.9006319999999999,74.21004430169492,12,True,3.0,brake,0.05014052781535913,5465.505555555557,14,941.9556898886449,3,australia_2026_R|GAS|OCO,australia_2026_R|L14|australia_2026_R|GAS|OCO,,False,v4_t0_anchored_30s_horizon
australia_2026_R_00375,australia_2026_R,2026,Australian Grand Prix,BOR,BEA,87,2026-03-08 04:23:52.735,2026-03-08 04:23:56.655,3.92,3.92,2026-03-08 04:24:22.735,30.0,14,14,98.20777777777585,1.3919212598424924,80.58611111110895,254.0,196.0,58.0,7.714285714285797,1.96,True,8.0,7.0,1730.9005555555564,brake_T6,103.80494488543604,456.30557886462293,MEDIUM,14.0,1.0,0.9653191416213726,18937.15708429357,41534.905787665186,400.0,False,1,False,CLOSE_INTERACTION_NO_PASS,0.0,42.96,True,0.0,268.33566098081013,-14.335660980810133,1.493985,True,1.493985,-5.4566143961125775,11,True,3.0,brake,0.3166954159979102,5465.505555555557,14,941.9556898886449,3,australia_2026_R|BEA|BOR,australia_2026_R|L14|australia_2026_R|BEA|BOR,,False,v4_t0_anchored_30s_horizon
australia_2026_R_00376,australia_2026_R,2026,Australian Grand Prix,HAM,LEC,16,2026-03-08 04:24:03.175,2026-03-08 04:24:11.695,8.52,8.52,2026-03-08 04:24:33.175,30.0,14,31,95.49416666666548,1.3171609195402134,56.57194444444349,261.0,169.0,92.0,43.66564573762327,1.959,True,2.0,1.0,3956.1186111111106,brake_T11,101.64682921717986,161.64682921717986,MEDIUM,14.0,1.0,0.7442298395664847,8864.34999756416,79496.60254902153,400.00000000000045,False,671,True,INVALID,,,False,0.0,256.9164572864319,4.083542713568079,1.565593,True,1.565593,28.19417656798797,14,True,3.0,brake,0.7238339748991398,5465.505555555557,14,941.9556898886449,3,australia_2026_R|HAM|LEC,australia_2026_R|L14|australia_2026_R|HAM|LEC,,True,v4_t0_anchored_30s_horizon
australia_2026_R_00377,australia_2026_R,2026,Australian Grand Prix,SAI,ALB,23,2026-03-08 04:24:09.575,2026-03-08 04:24:12.735,3.16,3.16,2026-03-08 04:24:39.575,30.0,14,13,93.3283333333336,1.2922384615384654,80.49500000000057,260.0,194.0,66.0,33.245343267695695,1.879,True,13.0,12.0,1755.064722222222,brake_T6,79.64077821877049,432.1414121979574,HARD,3.0,2.0,0.9625619490415532,20422.651014784806,32284.324707862415,400.0,False,1,False,CLOSE_INTERACTION_NO_PASS,0.0,,False,0.0,258.5963553530753,1.403644646924704,1.5316,True,1.5316,10.12937406509906,11,True,3.0,brake,0.32111662944670144,5465.505555555557,14,941.9556898886449,3,australia_2026_R|ALB|SAI,australia_2026_R|L14|australia_2026_R|ALB|SAI,,False,v4_t0_anchored_30s_horizon
australia_2026_R_00378,australia_2026_R,2026,Australian Grand Prix,BEA,VER,3,2026-03-08 04:24:09.975,2026-03-08 04:24:15.855,5.88,5.88,2026-03-08 04:24:39.975,30.0,14,25,94.15777777778067,1.2371094890511327,85.61333333333596,274.0,220.0,54.0,38.34999999999957,1.6,True,7.0,6.0,3189.595277777777,brake_T9,59.56654653104715,224.053297377724,MEDIUM,14.0,1.0,0.9288488156245135,17930.59287271749,40200.418389729726,400.0,False,1,False,INVALID,,,False,0.0,296.9809604519777,-22.980960451977694,1.357715,True,1.357715,21.51705964449023,10,True,3.0,brake,0.5835865036374592,5465.505555555557,14,941.9556898886449,3,australia_2026_R|BEA|VER,australia_2026_R|L14|australia_2026_R|BEA|VER,,False,v4_t0_anchored_30s_horizon
australia_2026_R_00379,australia_2026_R,2026,Australian Grand Prix,ANT,LIN,41,2026-03-08 04:24:29.415,2026-03-08 04:24:36.735,7.32,7.32,2026-03-08 04:24:59.415,30.0,14,22,96.87138888888421,1.6685980861243213,49.61583333332874,209.0,112.0,97.0,48.54364471669577,1.959,True,5.0,4.0,4479.671666666671,brake_T13,98.82554437598992,315.3126835353205,HARD,2.0,2.0,0.944999830153029,11505.940173794972,36367.38989472399,400.0,False,71,True,INVALID,,105.48,True,0.0,206.05476190476293,2.945238095237073,2.195714,True,2.195714,22.721679236440103,12,True,3.0,brake,0.8196262214230466,5465.505555555557,14,941.9556898886449,3,australia_2026_R|ANT|LIN,australia_2026_R|L14|australia_2026_R|ANT|LIN,,True,v4_t0_anchored_30s_horizon
australia_2026_R_00380,australia_2026_R,2026,Australian Grand Prix,GAS,OCO,31,2026-03-08 04:24:34.016,2026-03-08 04:24:53.895,19.879,19.879,2026-03-08 04:25:04.016,30.0,14,75,89.99666666667008,1.1095479452055215,25.192777777779156,292.0,160.0,132.0,132.00000000000273,0.28,True,11.0,10.0,3932.357222222221,straight_06,125.4082181060694,185.4082181060694,HARD,3.0,2.0,0.8703310054072708,8905.729933894743,90650.20094241151,400.0,False,1,False,CLOSE_INTERACTION_NO_PASS,0.0,87.319,True,0.0,257.8453057214893,34.1546942785107,1.814802,True,1.814802,89.69519020890627,7,True,3.0,straight,0.7194864559647319,5465.505555555557,14,941.9556898886449,3,australia_2026_R|GAS|OCO,australia_2026_R|L14|australia_2026_R|GAS|OCO,,True,v4_t0_anchored_30s_horizon
australia_2026_R_00381,australia_2026_R,2026,Australian Grand Prix,HAM,LEC,16,2026-03-08 04:24:42.615,2026-03-08 04:24:49.655,7.04,7.04,2026-03-08 04:25:12.615,30.0,15,25,99.31388888888887,1.3390636704119847,63.847222222221944,267.0,119.0,148.0,107.65957446808501,1.88,True,2.0,1.0,972.3491666666665,brake_T3,79.94010761350967,297.8218243755065,MEDIUM,15.0,1.0,0.7252768473658388,8100.192706576803,62328.01024253675,399.9999999999999,False,1,False,CLOSE_INTERACTION_NO_PASS,0.0,,False,0.0,243.46473587493853,23.535264125061474,2.076946,True,2.076946,79.31026347910881,14,True,3.0,brake,0.17790653705919238,5465.505555555557,14,941.9556898886449,3,australia_2026_R|HAM|LEC,australia_2026_R|L15|australia_2026_R|HAM|LEC,,False,v4_t0_anchored_30s_horizon
australia_2026_R_00382,australia_2026_R,2026,Australian Grand Prix,LAW,PER,11,2026-03-08 04:24:45.295,2026-03-08 04:25:11.295,26.0,26.0,2026-03-08 04:25:15.295,30.0,14,98,96.54722222222108,1.2325177304964394,11.658611111114624,282.0,181.0,101.0,44.61363636363734,1.76,True,15.0,14.0,3905.4888888888886,straight_06,152.27655143940183,212.27655143940183,HARD,3.0,2.0,0.9129226597511272,9882.382201470678,89864.97754332893,400.00000000000045,False,1,False,CLOSE_INTERACTION_NO_PASS,0.0,86.16,True,0.0,267.5849245283019,14.415075471698117,1.504656,True,1.504656,23.232609251228222,12,True,3.0,straight,0.7145704727935097,5465.505555555557,14,941.9556898886449,3,australia_2026_R|LAW|PER,australia_2026_R|L14|australia_2026_R|LAW|PER,,True,v4_t0_anchored_30s_horizon
australia_2026_R_00383,australia_2026_R,2026,Australian Grand Prix,VER,ANT,12,2026-03-08 04:24:46.816,2026-03-08 04:25:11.775,24.959,24.959,2026-03-08 04:25:16.816,30.0,15,95,98.98916666666665,1.1722401315789472,28.76666666666665,304.0,262.0,42.0,14.914529914529927,1.521,True,6.0,5.0,168.11249999999998,straight_01,155.77124054700718,298.58783655556783,HARD,15.0,1.0,0.9083161376365821,13763.075974132695,99693.44311716445,400.0,False,1,False,CLOSE_INTERACTION_NO_PASS,0.0,,False,0.0,294.38853535353536,9.61146464646464,1.2550970000000001,True,1.2550970000000001,39.91621105550266,10,True,3.0,straight,0.03075881970865762,5465.505555555557,14,941.9556898886449,3,australia_2026_R|ANT|VER,australia_2026_R|L15|australia_2026_R|ANT|VER,,False,v4_t0_anchored_30s_horizon
australia_2026_R_00384,australia_2026_R,2026,Australian Grand Prix,BEA,VER,3,2026-03-08 04:24:48.895,2026-03-08 04:24:53.456,4.561,4.561,2026-03-08 04:25:18.895,30.0,15,17,94.7116666666667,1.155803389830509,68.81166666666667,295.0,215.0,80.0,46.07142857142844,1.6800000000000002,True,7.0,6.0,225.89166666666665,brake_T1,97.99207388034051,240.80866988890114,MEDIUM,15.0,1.0,0.8960256172442672,14695.652272116993,83732.1127549132,400.0,False,1,False,CLOSE_INTERACTION_NO_PASS,0.0,,False,0.0,303.2917607973422,-8.291760797342192,1.394588,True,1.394588,34.433744271325054,11,True,3.0,brake,0.04133042485649897,5465.505555555557,14,941.9556898886449,3,australia_2026_R|BEA|VER,australia_2026_R|L15|australia_2026_R|BEA|VER,,False,v4_t0_anchored_30s_horizon
australia_2026_R_00385,australia_2026_R,2026,Australian Grand Prix,BOR,BEA,87,2026-03-08 04:24:50.255,2026-03-08 04:24:58.175,7.92,7.92,2026-03-08 04:25:20.255,30.0,15,34,94.80055555555546,1.149097643097642,58.45611111111111,297.0,184.0,113.0,65.62222222222238,1.8,True,8.0,7.0,214.15138888888887,brake_T1,109.73235165811829,252.5489476666789,MEDIUM,15.0,1.0,0.9348349663461412,13984.427812449412,92300.35484423854,400.0,False,1,False,CLOSE_INTERACTION_NO_PASS,0.0,,False,0.0,297.60493066255776,-0.6049306625577628,1.503271,True,1.503271,50.041610207751944,10,True,3.0,brake,0.039182356821723295,5465.505555555557,14,941.9556898886449,3,australia_2026_R|BEA|BOR,australia_2026_R|L15|australia_2026_R|BEA|BOR,,False,v4_t0_anchored_30s_horizon
australia_2026_R_00386,australia_2026_R,2026,Australian Grand Prix,SAI,ALB,23,2026-03-08 04:25:17.695,2026-03-08 04:25:41.975,24.28,24.28,2026-03-08 04:25:47.695,30.0,15,93,99.55111111111148,1.2530909090909137,39.47777777777833,286.0,232.0,54.0,2.444444444444116,1.8,True,13.0,12.0,888.1036111111107,straight_02,164.1856631690655,382.0673799310623,HARD,4.0,2.0,0.965188340647943,6767.628485260918,90667.00003306758,400.0,False,1,False,CLOSE_INTERACTION_NO_PASS,0.0,,False,0.0,295.5189822635135,-9.518982263513522,1.316962,True,1.316962,-12.275972385920861,14,True,3.0,straight,0.16249249078310318,5465.505555555557,14,941.9556898886449,3,australia_2026_R|ALB|SAI,australia_2026_R|L15|australia_2026_R|ALB|SAI,,False,v4_t0_anchored_30s_horizon
australia_2026_R_00387,australia_2026_R,2026,Australian Grand Prix,LAW,PER,11,2026-03-08 04:25:24.295,2026-03-08 04:26:11.255,46.96,42.36,2026-03-08 04:25:54.295,30.0,15,169,98.14722222222235,1.231114982578399,10.691944444445653,287.0,258.0,29.0,9.312500000000272,1.92,True,15.0,14.0,849.287222222222,straight_02,203.0020520579542,420.883768819951,HARD,4.0,2.0,0.9353278639180204,8172.55087118973,90876.51040127454,400.0,False,1,False,CLOSE_INTERACTION_NO_PASS,0.0,47.16,True,0.0,272.0,15.0,1.309481,True,1.309481,3.0748665605345207,11,True,3.0,straight,0.15539042337244385,5465.505555555557,14,941.9556898886449,3,australia_2026_R|LAW|PER,australia_2026_R|L15|australia_2026_R|LAW|PER,,False,v4_t0_anchored_30s_horizon
australia_2026_R_00388,australia_2026_R,2026,Australian Grand Prix,HAM,LEC,16,2026-03-08 04:25:27.655,2026-03-08 04:25:31.215,3.56,3.56,2026-03-08 04:25:57.655,30.0,15,12,97.57277777777699,1.399450199203176,72.07277777777699,251.0,130.0,121.0,76.42912729294018,1.799,True,2.0,1.0,4000.8169444444443,brake_T11,56.948495883846135,116.94849588384614,MEDIUM,15.0,1.0,0.654675575782676,9776.348699324513,51936.43123807707,400.00000000000045,False,1,False,CLOSE_INTERACTION_NO_PASS,0.0,,False,0.0,258.10214007782065,-7.10214007782065,1.865128,True,1.865128,45.26968235777228,14,True,3.0,brake,0.7320122363388156,5465.505555555557,14,941.9556898886449,3,australia_2026_R|HAM|LEC,australia_2026_R|L15|australia_2026_R|HAM|LEC,,True,v4_t0_anchored_30s_horizon
australia_2026_R_00389,australia_2026_R,2026,Australian Grand Prix,BOR,BEA,87,2026-03-08 04:25:35.695,2026-03-08 04:25:40.375,4.68,4.68,2026-03-08 04:26:05.695,30.0,15,20,97.51138888889227,1.1779899328859469,83.8336111111139,298.0,228.0,70.0,40.234042553192054,1.88,True,8.0,7.0,3147.6438888888874,brake_T9,101.51793541993675,266.0046862666136,MEDIUM,15.0,1.0,0.9043233397325909,15651.357695684048,62429.03082457761,400.0,False,1,False,CLOSE_INTERACTION_NO_PASS,0.0,,False,0.0,293.53993174061566,4.460068259384343,1.378511,True,1.378511,24.752508463206937,11,True,3.0,brake,0.5759108387858799,5465.505555555557,14,941.9556898886449,3,australia_2026_R|BEA|BOR,australia_2026_R|L15|australia_2026_R|BEA|BOR,,False,v4_t0_anchored_30s_horizon
australia_2026_R_00390,australia_2026_R,2026,Australian Grand Prix,VER,ANT,12,2026-03-08 04:25:44.535,2026-03-08 04:25:48.815,4.28,4.28,2026-03-08 04:26:14.535,30.0,15,19,95.04805555555595,1.2397572463768167,58.4633333333345,276.0,128.0,148.0,108.95999999999913,2.0,True,6.0,5.0,3994.6969444444444,brake_T11,63.068495883846026,123.06849588384603,HARD,15.0,1.0,0.8566619812264927,9521.95812650488,55784.92728353253,399.99999999999955,False,1,False,UNCERTAIN,,,False,0.0,270.0,6.0,1.9960550000000001,True,1.9960550000000001,80.2517717338921,11,True,3.0,brake,0.7308924863106084,5465.505555555557,14,941.9556898886449,3,australia_2026_R|ANT|VER,australia_2026_R|L15|australia_2026_R|ANT|VER,,True,v4_t0_anchored_30s_horizon
australia_2026_R_00391,australia_2026_R,2026,Australian Grand Prix,BEA,VER,3,2026-03-08 04:25:46.535,2026-03-08 04:25:49.655,3.12,3.12,2026-03-08 04:26:16.535,30.0,15,14,97.04999999999791,1.5597321428571091,81.17222222222017,224.0,128.0,96.0,78.1144999999996,2.0,True,7.0,6.0,4000.2936111111135,brake_T11,57.471829217176946,117.47182921717695,MEDIUM,15.0,1.0,0.9141393558419909,9754.595257095492,52265.5237648383,400.00000000000045,False,1,False,CLOSE_INTERACTION_NO_PASS,0.0,,False,0.0,272.2127819548856,-48.2127819548856,1.924255,True,1.924255,62.7517608804858,11,True,3.0,brake,0.7319164842939203,5465.505555555557,14,941.9556898886449,3,australia_2026_R|BEA|VER,australia_2026_R|L15|australia_2026_R|BEA|VER,,True,v4_t0_anchored_30s_horizon
australia_2026_R_00392,australia_2026_R,2026,Australian Grand Prix,GAS,OCO,31,2026-03-08 04:25:49.175,2026-03-08 04:26:11.055,21.88,21.28,2026-03-08 04:26:19.175,30.0,15,70,95.86833333333288,1.0751588785046677,10.857499999999163,321.0,205.0,116.0,117.34090909090935,1.76,True,11.0,10.0,3270.903888888888,corner_T9,82.74468626661292,142.74468626661292,HARD,4.0,2.0,0.910555942268144,22411.29099884777,5911.770767102614,400.0,False,1,False,ON_TRACK_PASS,1.0,12.16,False,0.0,212.40781250000003,108.59218749999997,1.696312,True,1.696312,102.78308500213394,13,True,3.0,corner,0.598463189844184,5465.505555555557,14,941.9556898886449,3,australia_2026_R|GAS|OCO,australia_2026_R|L15|australia_2026_R|GAS|OCO,,False,v4_t0_anchored_30s_horizon
australia_2026_R_00393,australia_2026_R,2026,Australian Grand Prix,HAM,LEC,16,2026-03-08 04:26:05.895,2026-03-08 04:26:13.215,7.32,7.32,2026-03-08 04:26:35.895,30.0,16,26,98.9674999999994,1.3195666666666588,61.44527777777762,270.0,142.0,128.0,91.39024390243951,1.6400000000000001,True,2.0,1.0,959.885277777778,brake_T3,92.40399650239817,310.285713264395,MEDIUM,16.0,1.0,0.6697417596070938,7479.353703137244,71070.20863575103,399.9999999999999,False,1,False,CLOSE_INTERACTION_NO_PASS,0.0,,False,0.0,269.82872180451113,0.1712781954888669,1.810165,True,1.810165,48.769828895809766,14,True,3.0,brake,0.17562607301754132,5465.505555555557,14,941.9556898886449,3,australia_2026_R|HAM|LEC,australia_2026_R|L16|australia_2026_R|HAM|LEC,,False,v4_t0_anchored_30s_horizon
australia_2026_R_00394,australia_2026_R,2026,Australian Grand Prix,VER,LIN,41,2026-03-08 04:26:11.935,2026-03-08 04:26:17.735,5.8,5.8,2026-03-08 04:26:41.935,30.0,16,23,91.57611111111112,1.106288590604027,63.75388888888881,298.0,144.0,154.0,146.32608695652166,1.8399999999999999,True,6.0,5.0,258.6252777777778,brake_T1,65.25846276922937,208.07505877779,HARD,16.0,1.0,0.86485502178133,16678.650061107586,59842.600959144,400.0,False,1,False,CLOSE_INTERACTION_NO_PASS,0.0,,False,0.0,224.19471153846152,73.80528846153848,2.001947,True,2.001947,142.65981600272343,9,True,3.0,brake,0.047319552628556256,5465.505555555557,14,941.9556898886449,3,australia_2026_R|LIN|VER,australia_2026_R|L16|australia_2026_R|LIN|VER,,False,v4_t0_anchored_30s_horizon
australia_2026_R_00395,australia_2026_R,2026,Australian Grand Prix,LIN,ANT,12,2026-03-08 04:26:13.415,2026-03-08 04:26:40.335,26.92,26.92,2026-03-08 04:26:43.415,30.0,16,102,10.314166666666665,0.24268627450980387,10.314166666666665,153.0,167.0,-14.0,-2.2448979591836853,1.96,True,5.0,4.0,408.53777777777776,corner_T2,643.7514965023984,58.162558777790025,MEDIUM,16.0,1.0,0.9540041761914073,25181.626521285016,1918.4374056281622,400.00000000000006,False,1,False,CLOSE_INTERACTION_NO_PASS,0.0,,False,1.0,162.25652439024392,-9.256524390243925,0.219371,True,0.219371,-0.12163176059494367,13,True,3.0,corner,0.0747483967631336,5465.505555555557,14,941.9556898886449,3,australia_2026_R|ANT|LIN,australia_2026_R|L16|australia_2026_R|ANT|LIN,,False,v4_t0_anchored_30s_horizon
australia_2026_R_00396,australia_2026_R,2026,Australian Grand Prix,BOR,BEA,87,2026-03-08 04:26:15.495,2026-03-08 04:26:19.895,4.4,4.4,2026-03-08 04:26:45.495,30.0,16,20,94.72611111111098,1.163870307167234,67.29277777777776,293.0,156.0,137.0,102.04545454545477,1.76,True,8.0,7.0,248.3916666666667,brake_T1,75.49207388034046,218.30866988890108,MEDIUM,16.0,1.0,0.930003362946309,16058.699266866171,67311.25366972802,399.99999999999994,False,1,False,CLOSE_INTERACTION_NO_PASS,0.0,,False,0.0,269.11155172413794,23.88844827586206,1.720513,True,1.720513,63.18193588083489,12,True,3.0,brake,0.045447152901378435,5465.505555555557,14,941.9556898886449,3,australia_2026_R|BEA|BOR,australia_2026_R|L16|australia_2026_R|BEA|BOR,,False,v4_t0_anchored_30s_horizon
australia_2026_R_00397,australia_2026_R,2026,Australian Grand Prix,BEA,VER,3,2026-03-08 04:26:25.855,2026-03-08 04:26:31.214,5.359,5.359,2026-03-08 04:26:55.855,30.0,16,23,95.36611111111131,1.6348476190476227,74.65499999999997,210.0,102.0,108.0,128.88000000000045,2.0,True,7.0,6.0,992.6733333333333,brake_T3,59.6159409468429,277.4976577088397,MEDIUM,16.0,1.0,0.9600640721438631,9112.560153972923,48072.59616104949,399.9999999999999,False,1,False,CLOSE_INTERACTION_NO_PASS,0.0,,False,0.0,260.0,-50.0,2.517334,True,2.517334,118.54934408848393,10,True,3.0,brake,0.1816251622549911,5465.505555555557,14,941.9556898886449,3,australia_2026_R|BEA|VER,australia_2026_R|L16|australia_2026_R|BEA|VER,,False,v4_t0_anchored_30s_horizon
australia_2026_R_00398,australia_2026_R,2026,Australian Grand Prix,GAS,OCO,31,2026-03-08 04:26:27.175,2026-03-08 04:26:31.775,4.6,4.6,2026-03-08 04:26:57.175,30.0,16,20,94.26305555555558,1.1387483221476513,65.81861111111107,298.0,170.0,128.0,76.36956521739125,1.8399999999999999,True,11.0,10.0,232.25,brake_T1,91.63374054700716,234.4503365555678,HARD,5.0,2.0,0.8736376467867486,15080.839256188705,79091.6996134331,400.0,False,1,False,CLOSE_INTERACTION_NO_PASS,0.0,47.52,True,0.0,283.11479166666663,14.885208333333367,1.566866,True,1.566866,49.50834833344922,11,True,3.0,brake,0.042493781707700094,5465.505555555557,14,941.9556898886449,3,australia_2026_R|GAS|OCO,australia_2026_R|L16|australia_2026_R|GAS|OCO,,False,v4_t0_anchored_30s_horizon
australia_2026_R_00399,australia_2026_R,2026,Australian Grand Prix,HAM,LEC,16,2026-03-08 04:26:50.974,2026-03-08 04:27:09.055,18.081,18.081,2026-03-08 04:27:20.974,30.0,16,60,96.4758333333316,1.3514124513618433,49.99555555555162,257.0,140.0,117.0,63.097924427886234,1.879,True,2.0,1.0,3989.3263888888905,brake_T11,68.43905143939992,128.43905143939992,MEDIUM,16.0,1.0,0.5995114294094478,9298.719776155747,59162.14326677574,400.0,False,1,False,CLOSE_INTERACTION_NO_PASS,0.0,,False,0.0,259.16780888030814,-2.1678088803081437,1.723474,True,1.723474,41.94954838834437,13,True,3.0,brake,0.7299098589029581,5465.505555555557,14,941.9556898886449,3,australia_2026_R|HAM|LEC,australia_2026_R|L16|australia_2026_R|HAM|LEC,,True,v4_t0_anchored_30s_horizon
australia_2026_R_00400,australia_2026_R,2026,Australian Grand Prix,LIN,ANT,12,2026-03-08 04:26:55.295,2026-03-08 04:26:59.375,4.08,4.08,2026-03-08 04:27:25.295,30.0,16,12,96.41222222222132,1.1232491909385007,85.32333333333281,309.0,258.0,51.0,26.02083333333241,1.92,True,5.0,4.0,3124.0855555555563,straight_05,125.07626875326787,289.5630195999447,MEDIUM,16.0,1.0,0.909368336068215,14710.759785981802,72212.77673689181,400.0,False,1,False,CLOSE_INTERACTION_NO_PASS,0.0,,False,1.0,296.000422297297,12.999577702702993,1.240033,True,1.240033,20.432279968663213,12,True,3.0,straight,0.5716004720514825,5465.505555555557,14,941.9556898886449,3,australia_2026_R|ANT|LIN,australia_2026_R|L16|australia_2026_R|ANT|LIN,,False,v4_t0_anchored_30s_horizon
australia_2026_R_00401,australia_2026_R,2026,Australian Grand Prix,GAS,OCO,31,2026-03-08 04:27:08.655,2026-03-08 04:27:14.375,5.72,5.44,2026-03-08 04:27:38.655,30.0,16,20,99.2977777777769,1.1067244582043247,14.829166666664605,323.0,311.0,12.0,10.125000000001023,1.92,True,11.0,10.0,2825.5713888888886,straight_05,423.5904354199356,588.0771862666124,HARD,5.0,2.0,0.8690561307270189,26930.449335920413,51821.45452337823,400.0,False,1,False,ON_TRACK_PASS,1.0,6.04,False,0.0,315.7888775510204,7.211122448979609,1.140885,True,1.140885,9.457470075955413,11,True,3.0,straight,0.516982621308794,5465.505555555557,14,941.9556898886449,3,australia_2026_R|GAS|OCO,australia_2026_R|L16|australia_2026_R|GAS|OCO,australia_2026_R_00404,False,v4_t0_anchored_30s_horizon
australia_2026_R_00402,australia_2026_R,2026,Australian Grand Prix,BEA,VER,3,2026-03-08 04:27:10.694,2026-03-08 04:27:14.695,4.001,4.001,2026-03-08 04:27:40.694,30.0,16,15,92.03694444444636,1.3148134920635195,71.60138888888969,252.0,125.0,127.0,107.54606467357902,1.639,True,7.0,6.0,3972.5955555555524,brake_T11,85.16988477273799,145.169884772738,MEDIUM,16.0,1.0,0.9115145268351169,9076.549712335063,69409.03170153382,399.99999999999955,False,1,False,CLOSE_INTERACTION_NO_PASS,0.0,,False,0.0,261.5457000000024,-9.545700000002398,1.97896,True,1.97896,66.53088989463443,12,True,3.0,brake,0.7268486904230667,5465.505555555557,14,941.9556898886449,3,australia_2026_R|BEA|VER,australia_2026_R|L16|australia_2026_R|BEA|VER,,True,v4_t0_anchored_30s_horizon
australia_2026_R_00403,australia_2026_R,2026,Australian Grand Prix,BOR,BEA,87,2026-03-08 04:27:12.255,2026-03-08 04:27:31.135,18.88,18.88,2026-03-08 04:27:42.255,30.0,16,79,84.83305555555353,1.1395485074626595,31.441111111105783,268.0,140.0,128.0,91.86040195545789,1.841,True,8.0,7.0,3960.652499999999,brake_T11,97.11294032829164,157.11294032829164,MEDIUM,16.0,1.0,0.9023062923984323,8922.74006692859,76720.84970628345,399.99999999999955,False,1,False,CLOSE_INTERACTION_NO_PASS,0.0,,False,0.0,257.4840561224481,10.515943877551877,1.7316150000000001,True,1.7316150000000001,57.63776073549062,8,True,3.0,brake,0.7246635210120844,5465.505555555557,14,941.9556898886449,3,australia_2026_R|BEA|BOR,australia_2026_R|L16|australia_2026_R|BEA|BOR,,True,v4_t0_anchored_30s_horizon
australia_2026_R_00404,australia_2026_R,2026,Australian Grand Prix,OCO,GAS,10,2026-03-08 04:27:22.935,2026-03-08 04:27:44.975,22.04,21.04,2026-03-08 04:27:52.935,30.0,16,81,10.007222222225664,0.136980988593203,10.007222222225664,263.0,293.0,-30.0,-20.860465116279133,1.72,True,10.0,11.0,3948.4777777777745,brake_T11,109.28766255051596,169.28766255051596,HARD,5.0,2.0,0.6778344180765744,8765.94688287179,84174.49946393611,400.0,False,1,False,ON_TRACK_PASS,1.0,22.24,False,0.0,292.48977531285533,-29.48977531285533,0.122453,True,0.122453,-13.689523124446003,13,True,3.0,brake,0.7224359645493801,5465.505555555557,14,941.9556898886449,3,australia_2026_R|GAS|OCO,australia_2026_R|L16|australia_2026_R|GAS|OCO,australia_2026_R_00401,True,v4_t0_anchored_30s_horizon
australia_2026_R_00405,australia_2026_R,2026,Australian Grand Prix,HAM,LEC,16,2026-03-08 04:27:29.495,2026-03-08 04:27:37.695,8.2,8.2,2026-03-08 04:27:59.495,30.0,17,28,97.42472222222227,1.354166023166024,63.62250000000017,259.0,144.0,115.0,57.81632653061243,1.96,True,2.0,1.0,950.4938888888889,brake_T3,101.79538539128725,319.67710215328407,MEDIUM,17.0,1.0,0.6498426406291935,7011.559054880305,77657.34894054705,400.0,False,1,False,CLOSE_INTERACTION_NO_PASS,0.0,,False,0.0,264.8387119771863,-5.8387119771862785,1.698064,True,1.698064,36.473789550828705,14,True,3.0,brake,0.1739077710611298,5465.505555555557,14,941.9556898886449,3,australia_2026_R|HAM|LEC,australia_2026_R|L17|australia_2026_R|HAM|LEC,,False,v4_t0_anchored_30s_horizon
australia_2026_R_00406,australia_2026_R,2026,Australian Grand Prix,PER,LAW,30,2026-03-08 04:27:37.935,2026-03-08 04:28:04.735,26.8,26.8,2026-03-08 04:28:07.935,30.0,16,98,10.476666666664187,0.1439541984732484,10.476666666664187,262.0,,,-16.503645833334986,1.92,True,15.0,,3661.8319444444455,straight_06,395.9334958838449,455.9334958838449,MEDIUM,16.0,1.0,0.8942631632369382,20389.191288307655,77280.58578999752,400.0,False,1,False,INVALID,,,False,1.0,,,,False,,,0,False,3.0,straight,0.6699896116146621,5465.505555555557,14,941.9556898886449,3,australia_2026_R|LAW|PER,australia_2026_R|L16|australia_2026_R|LAW|PER,,False,v4_t0_anchored_30s_horizon
australia_2026_R_00407,australia_2026_R,2026,Australian Grand Prix,LIN,ANT,12,2026-03-08 04:27:47.015,2026-03-08 04:27:51.735,4.72,4.72,2026-03-08 04:28:17.015,30.0,17,19,96.13277777777773,1.4981731601731594,65.67722222222233,231.0,110.0,121.0,137.39130434782578,1.8399999999999999,True,5.0,4.0,978.7933333333334,brake_T3,73.49594094684278,291.3776577088396,MEDIUM,17.0,1.0,0.9564434941694169,8421.183213391954,57808.0579241906,400.0000000000001,False,1,False,CLOSE_INTERACTION_NO_PASS,0.0,,False,0.0,258.6073199527743,-27.607319952774276,2.233752,True,2.233752,117.99453986620799,11,True,3.0,brake,0.17908559846552768,5465.505555555557,14,941.9556898886449,3,australia_2026_R|ANT|LIN,australia_2026_R|L17|australia_2026_R|ANT|LIN,,False,v4_t0_anchored_30s_horizon
australia_2026_R_00408,australia_2026_R,2026,Australian Grand Prix,GAS,OCO,31,2026-03-08 04:27:47.215,2026-03-08 04:30:19.814,152.599,148.52,2026-03-08 04:28:17.215,30.0,16,487,10.346111111110986,0.13302142857142696,10.267222222222017,280.0,289.0,-9.0,-11.63829787234,1.88,True,11.0,10.0,5129.580277777776,straight_09,,,HARD,5.0,2.0,0.8677236847293339,23340.593288839053,80.55000279342924,335.92527777778105,True,1,False,UNCERTAIN,,,False,0.0,287.0591868512111,-7.059186851211109,0.129387,True,0.129387,-21.595722038947503,12,True,3.0,straight,0.9385371994661462,5465.505555555557,14,941.9556898886449,3,australia_2026_R|GAS|OCO,australia_2026_R|L16|australia_2026_R|GAS|OCO,australia_2026_R_00404,True,v4_t0_anchored_30s_horizon
australia_2026_R_00409,australia_2026_R,2026,Australian Grand Prix,BEA,VER,3,2026-03-08 04:27:50.455,2026-03-08 04:27:53.655,3.2,3.2,2026-03-08 04:28:20.455,30.0,17,11,97.70416666666677,1.8415445026178028,81.97083333333308,191.0,99.0,92.0,112.3919999999997,2.0,True,7.0,6.0,999.0533333333334,brake_T3,53.23594094684279,271.1176577088396,MEDIUM,17.0,1.0,0.9393106108745888,9430.354453750067,43597.6504802972,399.9999999999999,False,1,False,CLOSE_INTERACTION_NO_PASS,0.0,,False,0.0,216.12042124542097,-25.12042124542097,2.436548,True,2.436548,103.72956621018852,13,True,3.0,brake,0.18279248336282802,5465.505555555557,14,941.9556898886449,3,australia_2026_R|BEA|VER,australia_2026_R|L17|australia_2026_R|BEA|VER,,False,v4_t0_anchored_30s_horizon
australia_2026_R_00410,australia_2026_R,2026,Australian Grand Prix,BOR,BEA,87,2026-03-08 04:27:51.735,2026-03-08 04:27:59.495,7.76,7.76,2026-03-08 04:28:21.735,30.0,17,27,93.88666666666734,1.2802727272727366,49.53111111111184,264.0,114.0,150.0,123.98082510168452,1.721,True,8.0,7.0,953.4977777777774,brake_T3,98.79149650239879,316.6732132643956,MEDIUM,17.0,1.0,0.9384321253948844,7161.185820719276,75550.41483258606,400.0,False,1,False,CLOSE_INTERACTION_NO_PASS,0.0,,False,0.0,258.0684230194329,5.931576980567115,2.062206,True,2.062206,83.77742113216135,11,True,3.0,brake,0.17445737966702266,5465.505555555557,14,941.9556898886449,3,australia_2026_R|BEA|BOR,australia_2026_R|L17|australia_2026_R|BEA|BOR,,False,v4_t0_anchored_30s_horizon
australia_2026_R_00411,australia_2026_R,2026,Australian Grand Prix,NOR,BOR,5,2026-03-08 04:27:54.615,2026-03-08 04:27:59.295,4.68,4.68,2026-03-08 04:28:24.615,30.0,17,16,99.52416666666659,1.5645720524017457,70.71138888888868,229.0,99.0,130.0,155.4249999999995,1.6,True,9.0,8.0,977.2874999999997,brake_T3,75.0017742801765,292.8834910421733,HARD,6.0,2.0,0.9458368909791653,8346.176120954979,58864.252653177195,400.0,False,1,False,CLOSE_INTERACTION_NO_PASS,0.0,,False,0.0,237.14326774691344,-8.143267746913438,2.523689,True,2.523689,131.75411353659706,11,True,3.0,brake,0.17881008262933884,5465.505555555557,14,941.9556898886449,3,australia_2026_R|BOR|NOR,australia_2026_R|L17|australia_2026_R|BOR|NOR,,False,v4_t0_anchored_30s_horizon
australia_2026_R_00412,australia_2026_R,2026,Australian Grand Prix,PER,LAW,30,2026-03-08 04:28:10.014,2026-03-08 04:28:17.055,7.041,7.041,2026-03-08 04:28:40.014,30.0,17,28,97.25638888888889,1.2549211469534052,60.20333333333332,279.0,292.0,-13.0,48.44606565919426,1.919,True,15.0,14.0,61.22361111111111,straight_01,262.66012943589607,405.4767254444567,MEDIUM,17.0,1.0,0.9134618081070509,15085.695340151313,99424.01589812171,400.0,False,1,False,CLOSE_INTERACTION_NO_PASS,0.0,,False,0.0,294.03311864406777,-15.03311864406777,1.193376,True,1.193376,28.722987861454722,13,True,3.0,straight,0.011201820305329076,5465.505555555557,14,941.9556898886449,3,australia_2026_R|LAW|PER,australia_2026_R|L17|australia_2026_R|LAW|PER,,False,v4_t0_anchored_30s_horizon
australia_2026_R_00413,australia_2026_R,2026,Australian Grand Prix,ALB,SAI,55,2026-03-08 04:28:11.135,2026-03-08 04:28:17.055,5.92,5.92,2026-03-08 04:28:41.135,30.0,17,24,97.84472222222212,1.601095454545453,69.62249999999972,220.0,103.0,117.0,144.97293076522638,1.921,True,13.0,12.0,980.0619444444444,brake_T3,72.22732983573178,290.1090465977286,HARD,5.0,2.0,1.0,8484.374025264207,56918.251370551036,400.0,False,1,False,CLOSE_INTERACTION_NO_PASS,0.0,,False,1.0,243.56534848153797,-23.565348481537967,2.449547,True,2.449547,127.22863611380306,12,True,3.0,brake,0.17931771077393466,5465.505555555557,14,941.9556898886449,3,australia_2026_R|ALB|SAI,australia_2026_R|L17|australia_2026_R|ALB|SAI,,False,v4_t0_anchored_30s_horizon
australia_2026_R_00414,australia_2026_R,2026,Australian Grand Prix,HAM,LEC,16,2026-03-08 04:28:14.855,2026-03-08 04:28:20.175,5.32,5.32,2026-03-08 04:28:44.855,30.0,17,21,97.62249999999767,1.341377862595388,69.4952777777753,262.0,182.0,80.0,52.244444444444525,1.8,True,2.0,1.0,3975.4902777777806,brake_T11,82.27516255050978,142.27516255050978,MEDIUM,17.0,1.0,0.6039046569304503,9113.829635925824,67636.81503848778,400.0,False,1,False,CLOSE_INTERACTION_NO_PASS,0.0,,False,0.0,263.0,-1.0,1.6305049999999999,True,1.6305049999999999,35.54619128183088,13,True,3.0,brake,0.7273783252743726,5465.505555555557,14,941.9556898886449,3,australia_2026_R|HAM|LEC,australia_2026_R|L17|australia_2026_R|HAM|LEC,,True,v4_t0_anchored_30s_horizon
australia_2026_R_00415,australia_2026_R,2026,Australian Grand Prix,NOR,BOR,5,2026-03-08 04:28:39.455,2026-03-08 04:28:58.335,18.88,18.88,2026-03-08 04:29:09.455,30.0,17,72,92.41138888889054,1.1393184931507052,38.50999999999749,292.0,126.0,166.0,143.36734693877486,1.96,True,9.0,8.0,3958.2833333333306,brake_T11,99.48210699495985,159.48210699495985,HARD,6.0,2.0,0.8939390959072998,8892.228554760382,78171.30896346591,400.00000000000045,False,1,False,PIT_RELATED,,116.96,True,0.0,271.08605947955425,20.91394052044575,2.112977,True,2.112977,104.49054154301795,7,True,3.0,brake,0.7242300447960992,5465.505555555557,14,941.9556898886449,3,australia_2026_R|BOR|NOR,australia_2026_R|L17|australia_2026_R|BOR|NOR,,True,v4_t0_anchored_30s_horizon
australia_2026_R_00416,australia_2026_R,2026,Australian Grand Prix,BEA,VER,3,2026-03-08 04:28:46.855,2026-03-08 04:28:50.055,3.2,3.2,2026-03-08 04:29:16.855,30.0,17,12,94.88138888889262,1.9630632183908818,78.56388888889342,174.0,91.0,83.0,71.67346938775617,1.96,True,7.0,6.0,4528.426666666663,brake_T13,50.070544375998,266.5576835353286,MEDIUM,17.0,1.0,0.9117286030123852,14102.02849730778,20513.784505417072,400.0,False,1,False,PIT_RELATED,,,False,0.0,211.0,-37.0,2.464928,True,2.464928,47.37100881489848,12,True,3.0,brake,0.8285467136820717,5465.505555555557,14,941.9556898886449,3,australia_2026_R|BEA|VER,australia_2026_R|L17|australia_2026_R|BEA|VER,,True,v4_t0_anchored_30s_horizon
australia_2026_R_00417,australia_2026_R,2026,Australian Grand Prix,BOR,BEA,87,2026-03-08 04:28:48.734,2026-03-08 04:28:52.215,3.481,3.481,2026-03-08 04:29:18.734,30.0,17,14,98.64472222222139,1.7322975609755953,74.99694444444322,205.0,89.0,116.0,83.05481639169493,1.879,True,8.0,7.0,4492.21722222222,brake_T13,86.27998882044085,302.76712797977143,MEDIUM,17.0,1.0,0.8759803401792755,12173.961305776258,32287.966509074624,400.0,False,1,False,PIT_RELATED,,,False,0.0,205.0,0.0,2.617702,True,2.617702,57.889801437439225,10,True,3.0,brake,0.8219216276627854,5465.505555555557,14,941.9556898886449,3,australia_2026_R|BEA|BOR,australia_2026_R|L17|australia_2026_R|BEA|BOR,,True,v4_t0_anchored_30s_horizon
australia_2026_R_00418,australia_2026_R,2026,Australian Grand Prix,HAM,LEC,16,2026-03-08 04:28:52.655,2026-03-08 04:29:03.815,11.16,11.16,2026-03-08 04:29:22.655,30.0,18,42,97.7836111111111,1.2572178571428572,43.72000000000003,280.0,215.0,65.0,11.679999999999882,2.0,True,2.0,1.0,903.1388888888889,straight_02,149.15038539128727,367.0321021532841,MEDIUM,18.0,1.0,0.6397015857245353,6542.0738378167935,90585.02935444251,400.0,False,126,True,INVALID,,,False,0.0,280.0,0.0,1.3727960000000001,True,1.3727960000000001,0.8821902654939817,13,True,3.0,straight,0.1652434307693402,5465.505555555557,14,941.9556898886449,3,australia_2026_R|HAM|LEC,australia_2026_R|L18|australia_2026_R|HAM|LEC,,False,v4_t0_anchored_30s_horizon
australia_2026_R_00419,australia_2026_R,2026,Australian Grand Prix,BEA,VER,3,2026-03-08 04:29:30.095,2026-03-08 04:29:33.654,3.559,3.559,2026-03-08 04:30:00.095,30.0,18,16,98.03833333333341,1.3169328358208967,77.92722222222255,268.0,183.0,85.0,46.03428239395774,1.721,True,8.0,7.0,1739.6447222222223,brake_T6,95.06077821877011,447.561412197957,MEDIUM,18.0,1.0,0.8859401337367666,19474.70537593215,38187.44407540644,400.0,False,126,True,PIT_RELATED,,,False,1.0,248.72574884792627,19.27425115207373,1.644209,True,1.644209,26.87080641114757,11,True,3.0,brake,0.3182952984932774,5465.505555555557,14,941.9556898886449,3,australia_2026_R|BEA|VER,australia_2026_R|L18|australia_2026_R|BEA|VER,,False,v4_t0_anchored_30s_horizon
australia_2026_R_00420,australia_2026_R,2026,Australian Grand Prix,ALB,SAI,55,2026-03-08 04:29:36.775,2026-03-08 04:29:39.974,3.199,3.199,2026-03-08 04:30:06.775,30.0,18,12,98.69472222222237,1.5515327510917054,76.1169444444447,229.0,93.0,136.0,173.054514480408,1.7610000000000001,True,13.0,12.0,988.4602777777776,brake_T3,63.82899650239858,281.7107132643954,HARD,6.0,2.0,0.9638637561016249,8902.703564599893,51027.64236184934,400.0000000000001,False,126,True,INVALID,,,False,0.0,219.92185592185598,9.078144078144021,2.782296,True,2.782296,163.63816279334827,12,True,3.0,brake,0.18085431763453813,5465.505555555557,14,941.9556898886449,3,australia_2026_R|ALB|SAI,australia_2026_R|L18|australia_2026_R|ALB|SAI,,False,v4_t0_anchored_30s_horizon
australia_2026_R_00421,australia_2026_R,2026,Australian Grand Prix,HAM,LEC,16,2026-03-08 04:29:38.815,2026-03-08 04:29:43.575,4.76,4.76,2026-03-08 04:30:08.815,30.0,18,18,96.87555555555673,1.367654901960801,67.06638888888938,255.0,146.0,109.0,63.76595744680799,1.88,True,2.0,1.0,3974.9691666666654,brake_T11,82.79627366162504,142.79627366162504,MEDIUM,18.0,1.0,0.6397015857245353,9107.118462654873,67955.8514514898,400.00000000000045,False,126,True,INVALID,,,False,0.0,261.0,-6.0,1.778521,True,1.778521,36.89905271530607,11,True,3.0,brake,0.7272829798199003,5465.505555555557,14,941.9556898886449,3,australia_2026_R|HAM|LEC,australia_2026_R|L18|australia_2026_R|HAM|LEC,,True,v4_t0_anchored_30s_horizon
australia_2026_R_00422,australia_2026_R,2026,Australian Grand Prix,NOR,BOR,5,2026-03-08 04:30:09.655,2026-03-08 04:30:13.974,4.319,4.319,2026-03-08 04:30:39.655,30.0,18,13,99.86722222222488,1.9433621621622141,77.10055555555846,185.0,135.0,50.0,19.47148288973292,1.841,True,5.0,9.0,3970.806388888887,brake_T11,86.95905143940354,146.95905143940354,HARD,7.0,2.0,0.942472683494276,9053.507778946001,70504.40139030159,399.99999999999955,False,126,True,PIT_RELATED,,26.76,False,-4.0,120.54803719008218,64.45196280991782,2.484388,True,2.484388,16.72357295553275,11,True,3.0,brake,0.7265213343077944,5465.505555555557,14,941.9556898886449,3,australia_2026_R|BOR|NOR,australia_2026_R|L18|australia_2026_R|BOR|NOR,,False,v4_t0_anchored_30s_horizon
australia_2026_R_00423,australia_2026_R,2026,Australian Grand Prix,BEA,VER,3,2026-03-08 04:30:16.415,2026-03-08 04:30:39.414,22.999,22.999,2026-03-08 04:30:46.415,30.0,18,70,96.5752777777816,1.89984153005472,10.357222222227392,183.0,97.0,86.0,64.9000555247076,1.8010000000000002,True,8.0,7.0,4480.603888888885,brake_T13,97.89332215377544,314.380461313106,MEDIUM,18.0,1.0,0.8859401337367666,11555.578800110437,36064.26030296656,400.0,False,126,True,PIT_RELATED,,,False,1.0,159.65024038461732,23.34975961538268,2.698339,True,2.698339,48.83451404294098,13,True,3.0,brake,0.819796786105991,5465.505555555557,14,941.9556898886449,3,australia_2026_R|BEA|VER,australia_2026_R|L18|australia_2026_R|BEA|VER,,False,v4_t0_anchored_30s_horizon
australia_2026_R_00424,australia_2026_R,2026,Australian Grand Prix,GAS,OCO,31,2026-03-08 04:30:24.695,2026-03-08 04:30:56.735,32.04,32.04,2026-03-08 04:30:54.695,30.0,18,100,12.833055555552619,0.2799939393938753,10.04999999999518,165.0,194.0,-29.0,-22.191489361699652,1.88,True,11.0,10.0,3760.0644444444456,straight_06,297.7009958838448,357.7009958838448,HARD,7.0,2.0,0.9181831266758772,15051.549885321803,86800.90415792355,400.00000000000045,False,126,True,INVALID,,,False,0.0,186.0620274914108,-21.062027491410788,0.238139,True,0.238139,-18.92739071523962,12,True,3.0,straight,0.6879627888443786,5465.505555555557,14,941.9556898886449,3,australia_2026_R|GAS|OCO,australia_2026_R|L18|australia_2026_R|GAS|OCO,,False,v4_t0_anchored_30s_horizon
australia_2026_R_00425,australia_2026_R,2026,Australian Grand Prix,HAM,LEC,16,2026-03-08 04:30:29.575,2026-03-08 04:30:43.175,13.6,13.6,2026-03-08 04:30:59.575,30.0,19,49,93.74777777777831,1.7307282051282151,38.58000000000061,195.0,98.0,97.0,85.78326554328888,1.721,True,2.0,1.0,978.2127777777773,brake_T3,74.07649650239887,291.9582132643957,MEDIUM,19.0,1.0,0.6397015857245353,8392.265149714884,58215.26083575368,400.0,False,6,True,INVALID,,,False,0.0,205.53272884283302,-10.532728842833023,2.3463979999999998,True,2.3463979999999998,67.94598405678971,11,True,3.0,brake,0.1789793767172091,5465.505555555557,14,941.9556898886449,3,australia_2026_R|HAM|LEC,australia_2026_R|L19|australia_2026_R|HAM|LEC,,False,v4_t0_anchored_30s_horizon
australia_2026_R_00426,australia_2026_R,2026,Australian Grand Prix,SAI,GAS,10,2026-03-08 04:30:30.935,2026-03-08 04:30:35.295,4.36,4.36,2026-03-08 04:31:00.935,30.0,18,16,96.6816666666723,1.6733365384616359,68.31972222222885,208.0,102.0,106.0,90.47999999999793,2.0,True,12.0,11.0,3982.749444444441,brake_T11,75.01599588384943,135.01599588384943,HARD,7.0,2.0,0.9292853321751895,9207.317424352488,63192.58338555173,400.0,False,126,True,INVALID,,,False,0.0,214.08135113269137,-6.081351132691367,2.429194,True,2.429194,73.57878557955324,14,True,3.0,brake,0.7287065037187768,5465.505555555557,14,941.9556898886449,3,australia_2026_R|GAS|SAI,australia_2026_R|L18|australia_2026_R|GAS|SAI,,True,v4_t0_anchored_30s_horizon
australia_2026_R_00427,australia_2026_R,2026,Australian Grand Prix,BOR,BEA,87,2026-03-08 04:30:40.534,2026-03-08 04:30:46.894,6.36,6.36,2026-03-08 04:31:10.534,30.0,18,24,13.030555555550563,1.804230769230078,13.030555555550563,26.0,16.0,10.0,,,False,9.0,8.0,5053.699166666665,straight_09,,,MEDIUM,18.0,1.0,0.8743591269534784,27792.60131091315,95.91419059177096,400.0,False,126,True,PIT_RELATED,,,False,1.0,56.32541152262741,-30.325411522627412,5.518592,True,5.518592,57.54583575161329,11,True,3.0,straight,0.9246535595466918,5465.505555555557,14,941.9556898886449,3,australia_2026_R|BEA|BOR,australia_2026_R|L18|australia_2026_R|BEA|BOR,,True,v4_t0_anchored_30s_horizon
australia_2026_R_00428,australia_2026_R,2026,Australian Grand Prix,VER,LIN,41,2026-03-08 04:30:43.175,2026-03-08 04:33:30.814,167.639,166.239,2026-03-08 04:31:13.175,30.0,18,623,12.61388888889087,4.128181818182466,10.736944444444418,11.0,79.0,-68.0,-67.99999999999271,0.56,True,7.0,6.0,5142.657222222222,straight_09,,,HARD,18.0,1.0,0.797490360603373,22431.98753056544,77.41434143892278,322.8483333333352,True,126,True,PIT_RELATED,,,False,1.0,73.0,-62.0,0.571315,True,0.571315,-56.37151315225435,11,True,3.0,straight,0.9409298316410698,5465.505555555557,14,941.9556898886449,3,australia_2026_R|LIN|VER,australia_2026_R|L18|australia_2026_R|LIN|VER,,True,v4_t0_anchored_30s_horizon
australia_2026_R_00429,australia_2026_R,2026,Australian Grand Prix,BOR,OCO,31,2026-03-08 04:30:57.854,2026-03-08 04:31:02.735,4.881,4.881,2026-03-08 04:31:27.854,30.0,19,20,12.916944444444397,0.29245911949685427,12.916944444444397,159.0,212.0,-53.0,-58.90250329380755,0.759,True,11.0,9.0,135.85916666666668,straight_01,188.02457388034048,330.8411698889011,HARD,1.0,2.0,0.8743591269534784,14124.334075017923,99602.91208627714,399.99999999999994,False,671,True,PIT_RELATED,,,False,2.0,211.91814072327045,-52.918140723270454,0.218646,True,0.218646,-105.16888961900037,12,True,3.0,straight,0.02485756629202747,5465.505555555557,14,941.9556898886449,3,australia_2026_R|BOR|OCO,australia_2026_R|L19|australia_2026_R|BOR|OCO,,False,v4_t0_anchored_30s_horizon
australia_2026_R_00430,australia_2026_R,2026,Australian Grand Prix,GAS,OCO,31,2026-03-08 04:31:03.095,2026-03-08 04:32:08.815,65.72,65.72,2026-03-08 04:31:33.095,30.0,19,251,20.365833333333285,0.7481326530612227,15.470833333333303,98.0,116.0,-18.0,,,False,10.0,9.0,374.0805555555556,corner_T1,32.61978100001221,92.61978100001221,HARD,8.0,2.0,0.9181831266758772,23652.66181441268,3491.8260729816484,399.99999999999994,False,671,True,INVALID,,,False,-1.0,118.83509004237287,-20.83509004237287,0.627228,True,0.627228,-2.0635439697896643,11,True,3.0,corner,0.06844390729331737,5465.505555555557,14,941.9556898886449,3,australia_2026_R|GAS|OCO,australia_2026_R|L19|australia_2026_R|GAS|OCO,,False,v4_t0_anchored_30s_horizon
australia_2026_R_00431,australia_2026_R,2026,Australian Grand Prix,BOR,GAS,10,2026-03-08 04:31:04.694,2026-03-08 04:32:52.534,107.84,101.881,2026-03-08 04:31:34.694,30.0,19,313,10.119444444444468,0.41397727272727375,10.075277777777956,88.0,106.0,-18.0,-20.125078173858746,1.599,True,11.0,10.0,410.4544444444444,corner_T2,641.8348298357319,56.245892111123396,HARD,1.0,2.0,0.8743591269534784,25225.510479343546,1929.1450942636848,399.99999999999994,False,671,True,PIT_RELATED,,107.56,True,2.0,108.0,-20.0,0.339129,True,0.339129,-15.167115863074148,11,True,3.0,corner,0.0750990810039937,5465.505555555557,14,941.9556898886449,3,australia_2026_R|BOR|GAS,australia_2026_R|L19|australia_2026_R|BOR|GAS,,False,v4_t0_anchored_30s_horizon
australia_2026_R_00432,australia_2026_R,2026,Australian Grand Prix,BEA,VER,3,2026-03-08 04:31:08.015,2026-03-08 04:32:55.774,107.759,107.759,2026-03-08 04:31:38.015,30.0,19,400,97.98805555555566,1.6561361502347436,28.932500000000346,213.0,183.0,30.0,47.77946768060789,1.841,True,8.0,7.0,801.2488888888888,straight_02,251.04038539128737,468.9221021532842,HARD,1.0,2.0,0.8859401337367666,10420.150311169444,91108.60277163297,400.0,False,671,True,PIT_RELATED,,,False,0.0,167.49242942686055,45.507570573139446,2.13888,True,2.13888,47.55960542441462,11,True,3.0,straight,0.14660105652521718,5465.505555555557,14,941.9556898886449,3,australia_2026_R|BEA|VER,australia_2026_R|L19|australia_2026_R|BEA|VER,,False,v4_t0_anchored_30s_horizon
australia_2026_R_00433,australia_2026_R,2026,Australian Grand Prix,ALB,SAI,55,2026-03-08 04:31:25.294,2026-03-08 04:31:35.175,9.881,9.881,2026-03-08 04:31:55.294,30.0,19,40,91.08027777777784,1.744090425531916,74.1888888888891,188.0,130.0,58.0,66.50495049504991,1.919,True,13.0,12.0,931.8516666666669,straight_02,120.43760761350927,338.3193243755061,HARD,7.0,2.0,0.9638637561016249,6111.333510665665,90428.49045210618,400.0,False,671,True,INVALID,,,False,0.0,212.96978653530383,-24.969786535303825,2.14332,True,2.14332,62.02187651341653,9,True,3.0,straight,0.17049688399263663,5465.505555555557,14,941.9556898886449,3,australia_2026_R|ALB|SAI,australia_2026_R|L19|australia_2026_R|ALB|SAI,,False,v4_t0_anchored_30s_horizon
australia_2026_R_00434,australia_2026_R,2026,Australian Grand Prix,HAM,LEC,16,2026-03-08 04:31:27.495,2026-03-08 04:31:56.255,28.76,28.76,2026-03-08 04:31:57.495,30.0,19,116,97.75083333333396,1.6757285714285823,36.12222222222408,210.0,120.0,90.0,68.32242712670943,1.681,True,2.0,1.0,3913.7394444444453,straight_06,144.0259958838451,204.0259958838451,MEDIUM,19.0,1.0,0.6397015857245353,9599.600714674543,90122.009638429,400.0,False,6,True,INVALID,,,False,0.0,197.1886015769945,12.8113984230055,2.305596,True,2.305596,58.63275639129489,10,True,3.0,straight,0.7160800413909051,5465.505555555557,14,941.9556898886449,3,australia_2026_R|HAM|LEC,australia_2026_R|L19|australia_2026_R|HAM|LEC,,False,v4_t0_anchored_30s_horizon
australia_2026_R_00435,australia_2026_R,2026,Australian Grand Prix,GAS,OCO,31,2026-03-08 04:32:15.495,2026-03-08 04:32:52.534,37.039,37.039,2026-03-08 04:32:45.495,30.0,19,134,99.85305555555487,1.4672285714285613,15.958888888888794,245.0,205.0,40.0,35.52500000000077,1.6,True,10.0,9.0,3780.6552777777774,straight_06,277.110162550513,337.110162550513,HARD,8.0,2.0,0.9181831266758772,14268.179391457474,86826.53000174536,400.00000000000045,False,671,True,INVALID,,,False,-1.0,203.38386699507387,41.61613300492613,1.768901,True,1.768901,23.65593055255526,12,True,3.0,straight,0.6917302048910792,5465.505555555557,14,941.9556898886449,3,australia_2026_R|GAS|OCO,australia_2026_R|L19|australia_2026_R|GAS|OCO,,False,v4_t0_anchored_30s_horizon
australia_2026_R_00436,australia_2026_R,2026,Australian Grand Prix,HAM,LEC,16,2026-03-08 04:32:18.334,2026-03-08 04:32:32.854,14.52,14.52,2026-03-08 04:32:48.334,30.0,20,57,92.31611111111079,1.4903049327354208,45.891666666666424,223.0,135.0,88.0,47.000000000000405,1.72,True,2.0,1.0,819.1038888888892,straight_02,233.185385391287,451.0671021532838,MEDIUM,20.0,1.0,0.6397015857245353,9555.553694616357,91034.62499549935,400.0000000000001,False,671,True,INVALID,,,False,0.0,232.35832435344827,-9.358324353448268,1.834663,True,1.834663,20.400751009708696,12,True,3.0,straight,0.1498679089359427,5465.505555555557,14,941.9556898886449,3,australia_2026_R|HAM|LEC,australia_2026_R|L20|australia_2026_R|HAM|LEC,,False,v4_t0_anchored_30s_horizon
australia_2026_R_00437,australia_2026_R,2026,Australian Grand Prix,BOR,OCO,31,2026-03-08 04:32:52.254,2026-03-08 04:33:03.374,11.12,9.96,2026-03-08 04:33:22.254,30.0,20,40,17.742777777777746,0.3115804878048775,10.976111111110981,205.0,177.0,28.0,,,False,9.0,10.0,299.3477777777777,brake_T1,24.535962769229457,167.35255877779008,HARD,2.0,2.0,0.9214948538570708,19145.613671937517,30122.6705548573,400.00000000000006,False,1,False,ON_TRACK_PASS,1.0,11.96,False,-2.0,205.35206185567012,-0.35206185567011516,0.35352,True,0.35352,36.826856900244955,13,True,3.0,brake,0.05477037297556084,5465.505555555557,14,941.9556898886449,3,australia_2026_R|BOR|OCO,australia_2026_R|L20|australia_2026_R|BOR|OCO,australia_2026_R_00442,False,v4_t0_anchored_30s_horizon
australia_2026_R_00438,australia_2026_R,2026,Australian Grand Prix,HAM,LEC,16,2026-03-08 04:32:56.854,2026-03-08 04:33:35.454,38.6,38.6,2026-03-08 04:33:26.854,30.0,20,147,99.99305555555384,1.1464171974522097,17.93388888888876,314.0,304.0,10.0,9.069767441861735,1.72,True,2.0,1.0,2931.698055555557,straight_05,317.46376875326723,481.9505195999441,MEDIUM,20.0,1.0,0.6397015857245353,20022.191567509268,72011.68731558196,400.0,False,671,True,INVALID,,,False,0.0,310.77663834951437,3.2233616504856286,1.174754,True,1.174754,7.679911201283024,13,True,3.0,straight,0.5364001601966272,5465.505555555557,14,941.9556898886449,3,australia_2026_R|HAM|LEC,australia_2026_R|L20|australia_2026_R|HAM|LEC,,False,v4_t0_anchored_30s_horizon
australia_2026_R_00439,australia_2026_R,2026,Australian Grand Prix,GAS,BOR,5,2026-03-08 04:32:57.174,2026-03-08 04:33:03.374,6.2,6.2,2026-03-08 04:33:27.174,30.0,20,25,10.554166666666674,0.1890298507462688,10.554166666666674,201.0,211.0,-10.0,-5.333333333333371,1.8,True,11.0,9.0,513.8052777777777,straight_02,538.4839965023984,756.3657132643953,HARD,9.0,2.0,0.9526328719416521,26513.31519431901,2243.3695289175016,400.0,False,1,False,CLOSE_INTERACTION_NO_PASS,0.0,,False,1.0,206.4988151658768,-5.498815165876806,0.180047,True,0.180047,-1.7974101438556407,13,True,3.0,straight,0.09400873762821571,5465.505555555557,14,941.9556898886449,3,australia_2026_R|BOR|GAS,australia_2026_R|L20|australia_2026_R|BOR|GAS,,False,v4_t0_anchored_30s_horizon
australia_2026_R_00440,australia_2026_R,2026,Australian Grand Prix,BEA,VER,3,2026-03-08 04:32:57.854,2026-03-08 04:33:11.014,13.16,13.16,2026-03-08 04:33:27.854,30.0,20,51,99.07611111111135,1.2784014336917593,33.91777777777793,279.0,238.0,41.0,2.57777777777801,1.8,True,8.0,6.0,886.2680555555555,straight_02,166.02121872462067,383.9029354866175,HARD,2.0,2.0,0.9016760093355358,6795.164929370335,90677.00727980865,400.0,False,1,False,CLOSE_INTERACTION_NO_PASS,0.0,,False,0.0,303.0,-24.0,1.352204,True,1.352204,-14.464079163795498,13,True,3.0,straight,0.16215664709272593,5465.505555555557,14,941.9556898886449,3,australia_2026_R|BEA|VER,australia_2026_R|L20|australia_2026_R|BEA|VER,,False,v4_t0_anchored_30s_horizon
australia_2026_R_00441,australia_2026_R,2026,Australian Grand Prix,GAS,OCO,31,2026-03-08 04:33:04.214,2026-03-08 04:33:37.454,33.24,33.24,2026-03-08 04:33:34.214,30.0,20,129,24.773888888888564,0.49274033149170626,12.360555555555266,181.0,144.0,37.0,,,False,11.0,10.0,1000.9327777777779,brake_T3,51.35649650239827,269.2382132643951,HARD,9.0,2.0,0.9816936469884251,9523.971496256705,42279.40411683626,400.0000000000001,False,1,False,CLOSE_INTERACTION_NO_PASS,0.0,99.68,True,1.0,195.9733796296286,-14.973379629628596,0.62368,True,0.62368,35.77388128682976,10,True,3.0,brake,0.18313635721408303,5465.505555555557,14,941.9556898886449,3,australia_2026_R|GAS|OCO,australia_2026_R|L20|australia_2026_R|GAS|OCO,,False,v4_t0_anchored_30s_horizon
australia_2026_R_00442,australia_2026_R,2026,Australian Grand Prix,OCO,BOR,5,2026-03-08 04:33:05.854,2026-03-08 04:33:37.454,31.6,29.88,2026-03-08 04:33:35.854,30.0,20,115,10.501666666667006,0.4296136363636503,10.072777777778356,88.0,96.0,-8.0,-10.926829268292893,1.6400000000000001,True,10.0,9.0,1073.9022222222218,corner_T3,136.26876881995122,196.26876881995122,HARD,9.0,2.0,0.7394099141706052,12676.412923502157,4175.890573729331,400.0,False,1,False,CLOSE_INTERACTION_NO_PASS,0.0,31.76,True,1.0,104.07589583333404,-16.075895833334044,0.38297,True,0.38297,-18.626191383902817,9,True,3.0,corner,0.19648726203024816,5465.505555555557,14,941.9556898886449,3,australia_2026_R|BOR|OCO,australia_2026_R|L20|australia_2026_R|BOR|OCO,australia_2026_R_00437,False,v4_t0_anchored_30s_horizon
australia_2026_R_00443,australia_2026_R,2026,Australian Grand Prix,SAI,GAS,10,2026-03-08 04:33:06.855,2026-03-08 04:33:11.454,4.599,4.599,2026-03-08 04:33:36.855,30.0,20,21,96.35083333333375,1.576650000000007,74.51472222222287,220.0,88.0,132.0,163.99488926746068,1.7610000000000001,True,12.0,11.0,989.0674999999998,brake_T3,63.22177428017642,281.10349104217323,HARD,9.0,2.0,0.9830773554294903,8932.949922110885,50601.73539310486,399.9999999999999,False,1,False,CLOSE_INTERACTION_NO_PASS,0.0,,False,0.0,198.69958563535965,21.300414364640346,2.876994,True,2.876994,163.3121341412745,11,True,3.0,brake,0.18096541846794686,5465.505555555557,14,941.9556898886449,3,australia_2026_R|GAS|SAI,australia_2026_R|L20|australia_2026_R|GAS|SAI,,False,v4_t0_anchored_30s_horizon
australia_2026_R_00444,australia_2026_R,2026,Australian Grand Prix,LIN,VER,3,2026-03-08 04:33:31.534,2026-03-08 04:34:01.694,30.16,30.16,2026-03-08 04:34:01.534,30.0,20,112,12.196388888888578,0.1884420600858321,12.196388888888578,233.0,306.0,-73.0,-69.30769230769434,0.52,True,7.0,6.0,3189.7144444444434,brake_T9,59.447379864380764,223.9341307110576,HARD,2.0,2.0,0.9384084427592082,17937.06724378814,40137.2760309512,400.0,False,1,False,CLOSE_INTERACTION_NO_PASS,0.0,,False,1.0,308.0281512605042,-75.02815126050422,0.14197,True,0.14197,-30.610590440503678,12,True,3.0,brake,0.5836083070489562,5465.505555555557,14,941.9556898886449,3,australia_2026_R|LIN|VER,australia_2026_R|L20|australia_2026_R|LIN|VER,,False,v4_t0_anchored_30s_horizon
australia_2026_R_00445,australia_2026_R,2026,Australian Grand Prix,BEA,LIN,41,2026-03-08 04:33:33.695,2026-03-08 04:33:38.854,5.159,5.159,2026-03-08 04:34:03.695,30.0,20,20,99.86249999999836,1.3617613636363415,84.32222222222026,264.0,194.0,70.0,89.2823939570019,1.721,True,8.0,7.0,3211.823055555557,brake_T9,37.33876875326723,201.82551959994407,HARD,2.0,2.0,0.8910053944351486,19138.236632798475,28422.675850172247,400.0,False,1,False,CLOSE_INTERACTION_NO_PASS,0.0,,False,0.0,219.66258902387773,44.33741097612227,1.7942209999999998,True,1.7942209999999998,86.88255624917277,10,True,3.0,brake,0.5876534243553764,5465.505555555557,14,941.9556898886449,3,australia_2026_R|BEA|LIN,australia_2026_R|L20|australia_2026_R|BEA|LIN,,False,v4_t0_anchored_30s_horizon
australia_2026_R_00446,australia_2026_R,2026,Australian Grand Prix,GAS,BOR,5,2026-03-08 04:33:37.614,2026-03-08 04:33:46.375,8.761,8.761,2026-03-08 04:34:07.614,30.0,20,34,36.966388888887195,0.4947174721189365,36.966388888887195,269.0,273.0,-4.0,,,False,11.0,9.0,3141.1538888888904,brake_T9,108.0079354199338,272.49468626661064,HARD,9.0,2.0,0.9306384032836997,15298.753486604859,65867.86082575319,400.0,False,1,False,CLOSE_INTERACTION_NO_PASS,0.0,,False,1.0,286.1050657894735,-17.105065789473485,0.477873,True,0.477873,26.563860538380617,12,True,3.0,brake,0.5747233914520463,5465.505555555557,14,941.9556898886449,3,australia_2026_R|BOR|GAS,australia_2026_R|L20|australia_2026_R|BOR|GAS,,False,v4_t0_anchored_30s_horizon
australia_2026_R_00447,australia_2026_R,2026,Australian Grand Prix,HAM,LEC,16,2026-03-08 04:33:38.614,2026-03-08 04:33:42.774,4.16,4.16,2026-03-08 04:34:08.614,30.0,21,16,92.50583333333338,1.1563229166666673,77.33472222222218,288.0,176.0,112.0,52.10638297872335,1.88,True,2.0,1.0,246.45,brake_T1,77.43374054700718,220.2503365555678,MEDIUM,21.0,1.0,0.6363196410736344,15941.073359541524,68728.31299078293,400.00000000000006,False,1,False,CLOSE_INTERACTION_NO_PASS,0.0,,False,0.0,303.0,-15.0,1.432607,True,1.432607,26.591875901514882,13,True,3.0,brake,0.04509189451824624,5465.505555555557,14,941.9556898886449,3,australia_2026_R|HAM|LEC,australia_2026_R|L21|australia_2026_R|HAM|LEC,,False,v4_t0_anchored_30s_horizon
australia_2026_R_00448,australia_2026_R,2026,Australian Grand Prix,GAS,OCO,31,2026-03-08 04:33:46.655,2026-03-08 04:34:36.414,49.759,47.359,2026-03-08 04:34:16.655,30.0,20,159,61.64388888888698,0.7705486111110872,10.800277777776955,288.0,278.0,10.0,,,False,11.0,10.0,3716.532500000002,straight_06,341.23294032828835,401.23294032828835,HARD,9.0,2.0,0.9390341261769904,16742.984379435602,86539.56622047482,400.0,False,1,False,CLOSE_INTERACTION_NO_PASS,0.0,57.239,True,1.0,274.55451948051956,13.44548051948044,0.804734,True,0.804734,2.407628247163776,13,True,3.0,straight,0.6799979365535974,5465.505555555557,14,941.9556898886449,3,australia_2026_R|GAS|OCO,australia_2026_R|L20|australia_2026_R|GAS|OCO,,True,v4_t0_anchored_30s_horizon
australia_2026_R_00449,australia_2026_R,2026,Australian Grand Prix,OCO,BOR,5,2026-03-08 04:33:48.654,2026-03-08 04:34:36.414,47.76,47.76,2026-03-08 04:34:18.654,30.0,20,176,11.24888888888654,0.14833699633696537,11.24888888888654,273.0,299.0,-26.0,-19.901450725362494,1.999,True,10.0,9.0,3932.883611111111,straight_06,124.88182921717953,184.88182921717953,HARD,9.0,2.0,0.6348911044753087,8878.696867614904,90658.244606312,399.99999999999955,False,1,False,CLOSE_INTERACTION_NO_PASS,0.0,,False,1.0,300.1111204013376,-27.111120401337587,0.133334,True,0.133334,-18.10878701921342,13,True,3.0,straight,0.7195827670714611,5465.505555555557,14,941.9556898886449,3,australia_2026_R|BOR|OCO,australia_2026_R|L20|australia_2026_R|BOR|OCO,,True,v4_t0_anchored_30s_horizon
australia_2026_R_00450,australia_2026_R,2026,Australian Grand Prix,SAI,GAS,10,2026-03-08 04:34:02.734,2026-03-08 04:34:09.974,7.24,7.24,2026-03-08 04:34:32.734,30.0,20,28,96.52277777778,1.703343137254941,43.27833333333456,204.0,108.0,96.0,55.35555555555584,1.8,True,12.0,11.0,4448.516111111109,straight_08,129.9810999315514,346.468239090882,HARD,9.0,2.0,0.9865097161289598,10166.574010812092,43269.177284877376,400.0,False,1,False,CLOSE_INTERACTION_NO_PASS,0.0,,False,0.0,202.91633986928002,1.0836601307199771,2.248764,True,2.248764,23.44733337560701,9,True,3.0,straight,0.8139258236759631,5465.505555555557,14,941.9556898886449,3,australia_2026_R|GAS|SAI,australia_2026_R|L20|australia_2026_R|GAS|SAI,,True,v4_t0_anchored_30s_horizon
australia_2026_R_00451,australia_2026_R,2026,Australian Grand Prix,ALB,SAI,55,2026-03-08 04:34:06.694,2026-03-08 04:34:09.974,3.28,3.28,2026-03-08 04:34:36.694,30.0,20,13,96.45027777777705,1.6855388349514435,74.32805555555751,206.0,87.0,119.0,97.06199999999644,2.0,True,13.0,12.0,4507.368055555556,brake_T13,71.12915548710498,287.61629464643556,HARD,8.0,2.0,0.9536715055491916,12980.70731148169,27361.38804561643,400.0,False,1,False,CLOSE_INTERACTION_NO_PASS,0.0,,False,0.0,197.9368206521724,8.0631793478276,2.925288,True,2.925288,83.95940414669774,12,True,3.0,brake,0.8246937103510804,5465.505555555557,14,941.9556898886449,3,australia_2026_R|ALB|SAI,australia_2026_R|L20|australia_2026_R|ALB|SAI,,True,v4_t0_anchored_30s_horizon
australia_2026_R_00452,australia_2026_R,2026,Australian Grand Prix,LIN,VER,3,2026-03-08 04:34:23.054,2026-03-08 04:34:27.014,3.96,3.96,2026-03-08 04:34:53.054,30.0,21,16,96.18027777777809,1.6179859813084165,74.65805555555562,214.0,112.0,102.0,117.020833333333,1.92,True,7.0,6.0,994.1505555555553,brake_T3,58.138718724620844,276.02043548661766,HARD,3.0,2.0,0.9835871007587599,9186.14209781718,47036.46932674796,400.0000000000001,False,1,False,CLOSE_INTERACTION_NO_PASS,0.0,,False,0.0,257.3552631578948,-43.3552631578948,2.154842,True,2.154842,100.75913016790972,12,True,3.0,brake,0.18189544323946844,5465.505555555557,14,941.9556898886449,3,australia_2026_R|LIN|VER,australia_2026_R|L21|australia_2026_R|LIN|VER,,False,v4_t0_anchored_30s_horizon
australia_2026_R_00453,australia_2026_R,2026,Australian Grand Prix,HAM,LEC,16,2026-03-08 04:34:34.814,2026-03-08 04:34:53.214,18.4,18.4,2026-03-08 04:35:04.814,30.0,21,67,93.42666666666855,1.298594594594621,48.779722222224336,259.0,152.0,107.0,60.212765957444006,1.88,True,2.0,1.0,3963.400277777776,brake_T11,94.36516255051447,154.36516255051447,MEDIUM,21.0,1.0,0.5880104667080527,8958.127554133174,75038.59586972154,400.0,False,1,False,CLOSE_INTERACTION_NO_PASS,0.0,,False,0.0,261.0,-2.0,1.673697,True,1.673697,36.46470661575434,11,True,3.0,brake,0.7251662700715898,5465.505555555557,14,941.9556898886449,3,australia_2026_R|HAM|LEC,australia_2026_R|L21|australia_2026_R|HAM|LEC,,True,v4_t0_anchored_30s_horizon
australia_2026_R_00454,australia_2026_R,2026,Australian Grand Prix,SAI,OCO,31,2026-03-08 04:34:36.854,2026-03-08 04:34:52.134,15.28,15.28,2026-03-08 04:35:06.854,30.0,21,57,67.16777777777747,1.9039685039369991,61.67888888888842,127.0,119.0,8.0,,,False,12.0,11.0,1142.1208333333334,brake_T4,68.0501577088396,128.0501577088396,HARD,10.0,2.0,0.9976246567685945,16555.235492684544,306.3673913259641,400.0,False,1,False,CLOSE_INTERACTION_NO_PASS,0.0,,False,0.0,93.61033057851266,33.38966942148734,1.960572,True,1.960572,-15.824103247706917,9,True,3.0,brake,0.20896892734330763,5465.505555555557,14,941.9556898886449,3,australia_2026_R|OCO|SAI,australia_2026_R|L21|australia_2026_R|OCO|SAI,,False,v4_t0_anchored_30s_horizon
australia_2026_R_00455,australia_2026_R,2026,Australian Grand Prix,OCO,GAS,10,2026-03-08 04:34:42.014,2026-03-08 04:36:31.174,109.16,109.16,2026-03-08 04:35:12.014,30.0,21,398,10.888888888888687,0.19405940594059048,10.888888888888687,202.0,222.0,-20.0,-5.888888888888687,1.8,True,11.0,10.0,1459.7638888888887,corner_T5,374.9416115521037,5.385496665971232,HARD,10.0,2.0,0.7342389491615585,19060.192103614943,46761.4315733627,400.0,False,1,False,CLOSE_INTERACTION_NO_PASS,0.0,,False,1.0,220.10323359073362,-18.103233590733623,0.177031,True,0.177031,-5.033766379220112,12,True,3.0,corner,0.26708670845738564,5465.505555555557,14,941.9556898886449,3,australia_2026_R|GAS|OCO,australia_2026_R|L21|australia_2026_R|GAS|OCO,,False,v4_t0_anchored_30s_horizon
australia_2026_R_00456,australia_2026_R,2026,Australian Grand Prix,BEA,LIN,41,2026-03-08 04:34:56.654,2026-03-08 04:36:13.614,76.96,76.96,2026-03-08 04:35:26.654,30.0,21,277,98.29666666666344,1.1602229508196342,25.972777777777083,305.0,260.0,45.0,13.95652173913198,1.8399999999999999,True,8.0,7.0,3101.2041666666673,straight_05,147.95765764215685,312.4444084888337,HARD,3.0,2.0,0.8994116159004024,14997.166798913595,72170.98861886031,400.0,False,1,False,CLOSE_INTERACTION_NO_PASS,0.0,,False,0.0,313.1829581993565,-8.182958199356506,1.22553,True,1.22553,6.966295203760726,13,True,3.0,straight,0.5674139629250521,5465.505555555557,14,941.9556898886449,3,australia_2026_R|BEA|LIN,australia_2026_R|L21|australia_2026_R|BEA|LIN,,False,v4_t0_anchored_30s_horizon
australia_2026_R_00457,australia_2026_R,2026,Australian Grand Prix,HAM,LEC,16,2026-03-08 04:35:13.374,2026-03-08 04:35:22.014,8.64,8.64,2026-03-08 04:35:43.374,30.0,22,33,97.58138888888902,1.2774290909090926,52.43694444444441,275.0,161.0,114.0,75.99336396120448,1.959,True,2.0,1.0,964.1199999999999,brake_T3,88.1692742801763,306.0509910421731,MEDIUM,22.0,1.0,0.6231031549720419,7690.289531250368,68099.96538849128,400.0,False,1,False,CLOSE_INTERACTION_NO_PASS,0.0,,False,0.0,268.4797735849057,6.520226415094328,1.7739880000000001,True,1.7739880000000001,48.16455068267112,13,True,3.0,brake,0.17640088189463,5465.505555555557,14,941.9556898886449,3,australia_2026_R|HAM|LEC,australia_2026_R|L22|australia_2026_R|HAM|LEC,,False,v4_t0_anchored_30s_horizon
australia_2026_R_00458,australia_2026_R,2026,Australian Grand Prix,GAS,BOR,5,2026-03-08 04:35:15.534,2026-03-08 04:35:33.814,18.28,18.28,2026-03-08 04:35:45.534,30.0,21,65,99.08055555555802,1.2970545454545779,47.575277777777046,275.0,155.0,120.0,68.86666666666406,1.8,True,10.0,9.0,3961.2849999999985,brake_T11,96.48044032829193,156.48044032829193,HARD,10.0,2.0,0.9189719415981785,8930.88577137307,76333.61840969522,399.99999999999955,False,1,False,CLOSE_INTERACTION_NO_PASS,0.0,85.6,True,-1.0,268.96815589353685,6.031844106463154,1.6787260000000002,True,1.6787260000000002,47.112355449704296,11,True,3.0,brake,0.7247792468115682,5465.505555555557,14,941.9556898886449,3,australia_2026_R|BOR|GAS,australia_2026_R|L21|australia_2026_R|BOR|GAS,,True,v4_t0_anchored_30s_horizon
australia_2026_R_00459,australia_2026_R,2026,Australian Grand Prix,SAI,OCO,31,2026-03-08 04:35:17.254,2026-03-08 04:35:36.734,19.48,19.48,2026-03-08 04:35:47.254,30.0,21,68,96.60888888888894,1.1789559322033905,48.88361111111135,295.0,178.0,117.0,63.44186046511632,1.72,True,12.0,11.0,3933.9636111111113,straight_06,123.80182921717915,183.80182921717915,HARD,10.0,2.0,0.9226004258214197,8823.232718962761,90674.7479125099,400.0,False,1,False,CLOSE_INTERACTION_NO_PASS,0.0,,False,0.0,269.97955827067676,25.020441729323238,1.511018,True,1.511018,40.62755879663293,13,True,3.0,straight,0.7197803700176153,5465.505555555557,14,941.9556898886449,3,australia_2026_R|OCO|SAI,australia_2026_R|L21|australia_2026_R|OCO|SAI,,True,v4_t0_anchored_30s_horizon
australia_2026_R_00460,australia_2026_R,2026,Australian Grand Prix,ALB,SAI,55,2026-03-08 04:35:31.654,2026-03-08 04:35:35.574,3.92,3.92,2026-03-08 04:36:01.654,30.0,21,15,97.21027777777817,1.6906135265700553,69.58805555555682,207.0,89.0,118.0,94.02833333333365,1.8,True,13.0,12.0,4492.184722222222,brake_T13,86.31248882043838,302.79962797976896,HARD,9.0,2.0,0.9767124076848802,12172.230757719488,32298.534495437325,400.0,False,1,False,CLOSE_INTERACTION_NO_PASS,0.0,,False,0.0,201.571093750001,5.428906249998988,2.832375,True,2.832375,66.14629740590115,8,True,3.0,brake,0.8219156812778321,5465.505555555557,14,941.9556898886449,3,australia_2026_R|ALB|SAI,australia_2026_R|L21|australia_2026_R|ALB|SAI,,True,v4_t0_anchored_30s_horizon
australia_2026_R_00461,australia_2026_R,2026,Australian Grand Prix,GAS,BOR,5,2026-03-08 04:35:54.774,2026-03-08 04:36:02.294,7.52,7.52,2026-03-08 04:36:24.774,30.0,22,27,99.07527777777796,1.301718978102192,56.96416666666664,274.0,135.0,139.0,87.38297872340402,1.88,True,10.0,9.0,947.316111111111,brake_T3,104.97316316906517,322.854879931062,HARD,11.0,2.0,0.9360411081340242,6853.270706332298,79886.24908804825,400.0,False,1,False,CLOSE_INTERACTION_NO_PASS,0.0,45.84,True,0.0,269.5049090038315,4.495090996168528,1.832157,True,1.832157,51.833384662762285,12,True,3.0,brake,0.17332634675454434,5465.505555555557,14,941.9556898886449,3,australia_2026_R|BOR|GAS,australia_2026_R|L22|australia_2026_R|BOR|GAS,,False,v4_t0_anchored_30s_horizon
australia_2026_R_00462,australia_2026_R,2026,Australian Grand Prix,SAI,OCO,31,2026-03-08 04:35:57.214,2026-03-08 04:36:08.334,11.12,11.12,2026-03-08 04:36:27.214,30.0,22,43,75.32333333333315,1.1298499999999971,41.690000000000055,240.0,137.0,103.0,78.89583333333334,1.92,True,12.0,11.0,951.1166666666664,brake_T3,101.17260761350974,319.05432437550655,HARD,11.0,2.0,0.9657579227177286,7042.580250461109,77220.53127177997,399.9999999999999,False,1,False,CLOSE_INTERACTION_NO_PASS,0.0,,False,0.0,252.92386831275712,-12.923868312757122,1.598477,True,1.598477,47.905004428710775,10,True,3.0,brake,0.17402171802750777,5465.505555555557,14,941.9556898886449,3,australia_2026_R|OCO|SAI,australia_2026_R|L22|australia_2026_R|OCO|SAI,,False,v4_t0_anchored_30s_horizon
australia_2026_R_00463,australia_2026_R,2026,Australian Grand Prix,HAM,LEC,16,2026-03-08 04:35:58.094,2026-03-08 04:36:16.574,18.48,18.48,2026-03-08 04:36:28.094,30.0,22,68,93.70750000000044,1.2974884615384676,49.46833333333507,260.0,142.0,118.0,87.12500000000091,1.92,True,2.0,1.0,3974.021666666665,brake_T11,83.74377366162526,143.74377366162526,MEDIUM,22.0,1.0,0.5775618828726733,9094.916004218272,68535.93311713023,400.00000000000045,False,1,False,CLOSE_INTERACTION_NO_PASS,0.0,,False,0.0,265.51102855477956,-5.511028554779557,1.868893,True,1.868893,59.11483253587777,9,True,3.0,brake,0.7271096198277881,5465.505555555557,14,941.9556898886449,3,australia_2026_R|HAM|LEC,australia_2026_R|L22|australia_2026_R|HAM|LEC,,True,v4_t0_anchored_30s_horizon
australia_2026_R_00464,australia_2026_R,2026,Australian Grand Prix,BEA,LIN,41,2026-03-08 04:36:17.254,2026-03-08 04:39:00.173,162.919,162.919,2026-03-08 04:36:47.254,30.0,22,579,99.96583333333137,1.1107314814814597,11.136944444445362,324.0,319.0,5.0,2.8565476190481474,1.6800000000000002,True,8.0,7.0,2789.8022222222244,straight_05,459.3596020865998,623.8463529332766,HARD,4.0,2.0,0.9343256389623884,29321.525693270483,32803.2661507151,400.0,False,1,False,CLOSE_INTERACTION_NO_PASS,0.0,,False,0.0,323.0,1.0,1.097207,True,1.097207,1.060351079251245,14,True,3.0,straight,0.5104380910172996,5465.505555555557,14,941.9556898886449,3,australia_2026_R|BEA|LIN,australia_2026_R|L22|australia_2026_R|BEA|LIN,,False,v4_t0_anchored_30s_horizon
australia_2026_R_00465,australia_2026_R,2026,Australian Grand Prix,PER,LEC,16,2026-03-08 04:36:21.774,2026-03-08 04:36:41.374,19.6,19.6,2026-03-08 04:36:51.774,30.0,22,69,11.691388888888888,0.16003422053231936,11.691388888888888,263.0,303.0,-40.0,-40.00000000000024,0.2,True,16.0,1.0,52.62388888888889,straight_01,271.2598516581183,414.0764476666789,HARD,4.0,2.0,0.924502376337779,15378.9168181194,99447.92094608798,399.99999999999994,False,1,False,LAPPED_UNLAPPED,,,False,0.0,303.0,-40.0,0.128462,True,0.128462,-57.88873691376344,11,True,3.0,straight,0.009628366187533733,5465.505555555557,14,941.9556898886449,3,australia_2026_R|LEC|PER,australia_2026_R|L22|australia_2026_R|LEC|PER,,False,v4_t0_anchored_30s_horizon
australia_2026_R_00466,australia_2026_R,2026,Australian Grand Prix,GAS,BOR,5,2026-03-08 04:36:30.134,2026-03-08 04:36:40.374,10.24,9.88,2026-03-08 04:37:00.134,30.0,22,36,92.66388888888696,1.0523343848580222,21.708611111108894,317.0,224.0,93.0,96.72656250000104,1.92,True,10.0,9.0,3269.571666666668,corner_T9,84.07690848883294,144.07690848883294,HARD,11.0,2.0,0.8924953927835967,22335.04018411001,6078.825802071051,400.0,False,1,False,ON_TRACK_PASS,1.0,10.48,False,0.0,224.58136261261197,92.41863738738803,1.523905,True,1.523905,92.9904418828221,10,True,3.0,corner,0.5982194388848852,5465.505555555557,14,941.9556898886449,3,australia_2026_R|BOR|GAS,australia_2026_R|L22|australia_2026_R|BOR|GAS,australia_2026_R_00470,False,v4_t0_anchored_30s_horizon
australia_2026_R_00467,australia_2026_R,2026,Australian Grand Prix,STR,ANT,12,2026-03-08 04:36:35.254,2026-03-08 04:36:57.294,22.04,22.04,2026-03-08 04:37:05.254,30.0,22,76,11.78638888888888,0.15429454545454535,11.78638888888888,275.0,296.0,-21.0,-21.89999999999997,0.8,True,17.0,4.0,83.31638888888888,straight_01,240.5673516581183,383.3839476666789,HARD,11.0,2.0,0.5693944503047048,14712.847017821816,99455.43114876458,400.0,False,1,False,LAPPED_UNLAPPED,,,False,0.0,296.0,-21.0,0.140746,True,0.140746,-37.36168722386595,13,True,3.0,straight,0.015244040654976507,5465.505555555557,14,941.9556898886449,3,australia_2026_R|ANT|STR,australia_2026_R|L22|australia_2026_R|ANT|STR,,False,v4_t0_anchored_30s_horizon
australia_2026_R_00468,australia_2026_R,2026,Australian Grand Prix,HAM,LEC,16,2026-03-08 04:36:36.654,2026-03-08 04:36:44.694,8.04,8.04,2026-03-08 04:37:06.654,30.0,23,30,99.62222222222226,1.3332342007434952,61.055555555555884,269.0,147.0,122.0,69.15306122448997,1.96,True,2.0,1.0,949.2849999999999,brake_T3,103.00427428017633,320.88599104217315,MEDIUM,23.0,1.0,0.6067009243739068,6951.343067740357,78505.26619945669,400.0,False,1,False,CLOSE_INTERACTION_NO_PASS,0.0,,False,0.0,266.4338993710693,2.5661006289307124,1.7691620000000001,True,1.7691620000000001,44.752400986265116,11,True,3.0,brake,0.17368658587037278,5465.505555555557,14,941.9556898886449,3,australia_2026_R|HAM|LEC,australia_2026_R|L23|australia_2026_R|HAM|LEC,,False,v4_t0_anchored_30s_horizon
australia_2026_R_00469,australia_2026_R,2026,Australian Grand Prix,ALB,SAI,55,2026-03-08 04:36:45.974,2026-03-08 04:36:49.333,3.359,3.359,2026-03-08 04:37:15.974,30.0,22,13,96.90444444444529,1.2327067137809293,69.61555555555697,283.0,109.0,174.0,160.95652173912998,1.8399999999999999,True,13.0,12.0,3980.8994444444447,brake_T11,76.8659958838457,136.8659958838457,HARD,10.0,2.0,0.9217629695701407,9183.492043763936,64325.196664108356,400.00000000000045,False,1,False,CLOSE_INTERACTION_NO_PASS,0.0,,False,0.0,232.30679669030565,50.693203309694354,2.466739,True,2.466739,135.4464529994418,11,True,3.0,brake,0.7283680171906429,5465.505555555557,14,941.9556898886449,3,australia_2026_R|ALB|SAI,australia_2026_R|L22|australia_2026_R|ALB|SAI,,True,v4_t0_anchored_30s_horizon
australia_2026_R_00470,australia_2026_R,2026,Australian Grand Prix,BOR,GAS,10,2026-03-08 04:36:51.614,2026-03-08 04:36:56.253,4.639,3.48,2026-03-08 04:37:21.614,30.0,22,13,14.477222222222736,0.4916792452830363,12.688333333335322,106.0,209.0,-103.0,-101.99999999999727,0.4,True,9.0,10.0,4588.215833333335,corner_T13,146.76851686865666,206.76851686865666,HARD,4.0,2.0,0.8943085534313692,17390.20631936794,3582.758758922257,400.0,False,1,False,ON_TRACK_PASS,1.0,4.92,False,0.0,213.75897196261678,-107.75897196261678,0.248205,True,0.248205,-49.79472653371891,9,True,3.0,corner,0.8394860798685899,5465.505555555557,14,941.9556898886449,3,australia_2026_R|BOR|GAS,australia_2026_R|L22|australia_2026_R|BOR|GAS,australia_2026_R_00466,True,v4_t0_anchored_30s_horizon
australia_2026_R_00471,australia_2026_R,2026,Australian Grand Prix,OCO,BOR,5,2026-03-08 04:36:51.934,2026-03-08 04:36:56.253,4.319,4.319,2026-03-08 04:37:21.934,30.0,22,16,91.13805555555973,1.6242425742575002,55.87138888889149,202.0,99.0,103.0,97.16666666666697,0.72,True,11.0,9.0,4505.806111111108,brake_T13,72.69109993155234,289.1782390908829,HARD,11.0,2.0,0.6757793590565727,12897.537467687082,27869.28366375391,400.0,False,1,False,CLOSE_INTERACTION_NO_PASS,0.0,,False,0.0,217.0,-15.0,2.440069,True,2.440069,53.71583351398296,9,True,3.0,brake,0.8244079281066804,5465.505555555557,14,941.9556898886449,3,australia_2026_R|BOR|OCO,australia_2026_R|L22|australia_2026_R|BOR|OCO,,True,v4_t0_anchored_30s_horizon
australia_2026_R_00472,australia_2026_R,2026,Australian Grand Prix,OCO,GAS,10,2026-03-08 04:37:06.494,2026-03-08 04:39:10.374,123.88,123.88,2026-03-08 04:37:36.494,30.0,23,444,68.61083333333332,0.8205946843853819,16.756666666662568,301.0,302.0,-1.0,115.22021276597438,1.88,True,11.0,10.0,29.208611111111104,straight_01,294.67512943589605,437.4917254444567,HARD,12.0,2.0,0.6638937582134047,16177.298693674822,99513.00948313107,400.0,False,1,False,CLOSE_INTERACTION_NO_PASS,0.0,,False,0.0,298.0,3.0,0.823144,True,0.823144,1.0972803398505853,12,True,3.0,straight,0.005344173711692826,5465.505555555557,14,941.9556898886449,3,australia_2026_R|GAS|OCO,australia_2026_R|L23|australia_2026_R|GAS|OCO,,False,v4_t0_anchored_30s_horizon
australia_2026_R_00473,australia_2026_R,2026,Australian Grand Prix,SAI,OCO,31,2026-03-08 04:37:11.374,2026-03-08 04:37:14.694,3.32,3.32,2026-03-08 04:37:41.374,30.0,23,15,98.3441666666667,1.1607836065573776,73.95527777777767,305.0,150.0,155.0,137.425,1.6,True,12.0,11.0,262.1827777777778,brake_T1,61.70096276922936,204.51755877779,HARD,12.0,2.0,0.9509731229743994,16894.16293594404,57246.28068378639,400.0,False,1,False,CLOSE_INTERACTION_NO_PASS,0.0,,False,0.0,251.28737427985544,53.71262572014456,2.014416,True,2.014416,102.9522749176711,9,True,3.0,brake,0.04797045307387442,5465.505555555557,14,941.9556898886449,3,australia_2026_R|OCO|SAI,australia_2026_R|L23|australia_2026_R|OCO|SAI,,False,v4_t0_anchored_30s_horizon
australia_2026_R_00474,australia_2026_R,2026,Australian Grand Prix,GAS,BOR,5,2026-03-08 04:37:19.574,2026-03-08 04:37:26.334,6.76,6.76,2026-03-08 04:37:49.574,30.0,23,24,92.58527777777795,1.383016597510376,57.91000000000008,241.0,125.0,116.0,113.97674418604645,1.72,True,10.0,9.0,957.5891666666669,brake_T3,94.70010761350932,312.58182437550613,HARD,12.0,2.0,0.9336437148194989,7364.982069474856,72680.70589267799,400.0,False,1,False,CLOSE_INTERACTION_NO_PASS,0.0,,False,0.0,255.31090587044537,-14.310905870445367,1.9099629999999999,True,1.9099629999999999,74.90427565287352,13,True,3.0,brake,0.17520596346175152,5465.505555555557,14,941.9556898886449,3,australia_2026_R|BOR|GAS,australia_2026_R|L23|australia_2026_R|BOR|GAS,australia_2026_R_00470,False,v4_t0_anchored_30s_horizon
australia_2026_R_00475,australia_2026_R,2026,Australian Grand Prix,HAM,LEC,16,2026-03-08 04:37:21.694,2026-03-08 04:37:39.814,18.12,18.12,2026-03-08 04:37:51.694,30.0,23,62,95.72722222222501,1.3357286821705814,56.09416666666857,258.0,146.0,112.0,64.53333333333376,1.8,True,2.0,1.0,3980.955833333332,brake_T11,76.80960699495836,136.80960699495836,MEDIUM,23.0,1.0,0.5439925854929607,9184.21825281187,64290.67406718023,399.99999999999955,False,1,False,CLOSE_INTERACTION_NO_PASS,0.0,,False,0.0,255.31057312253068,2.689426877469316,1.692422,True,1.692422,44.4669507421327,14,True,3.0,brake,0.7283783344226564,5465.505555555557,14,941.9556898886449,3,australia_2026_R|HAM|LEC,australia_2026_R|L23|australia_2026_R|HAM|LEC,,True,v4_t0_anchored_30s_horizon
australia_2026_R_00476,australia_2026_R,2026,Australian Grand Prix,HAM,LEC,16,2026-03-08 04:38:01.133,2026-03-08 04:38:07.054,5.921,5.921,2026-03-08 04:38:31.133,30.0,24,21,94.29111111111081,1.4823056768558904,69.0222222222219,229.0,102.0,127.0,132.60350218886745,1.599,True,2.0,1.0,985.0922222222224,brake_T3,67.19705205795378,285.0787688199506,MEDIUM,24.0,1.0,0.6272667980247767,8734.937286090775,53390.003750699696,400.0000000000001,False,1,False,CLOSE_INTERACTION_NO_PASS,0.0,,False,0.0,255.9507735583678,-26.950773558367814,2.266409,True,2.266409,99.62264245248289,10,True,3.0,brake,0.18023807902288186,5465.505555555557,14,941.9556898886449,3,australia_2026_R|HAM|LEC,australia_2026_R|L24|australia_2026_R|HAM|LEC,,False,v4_t0_anchored_30s_horizon
australia_2026_R_00477,australia_2026_R,2026,Australian Grand Prix,SAI,OCO,31,2026-03-08 04:38:19.534,2026-03-08 04:38:23.934,4.4,4.4,2026-03-08 04:38:49.534,30.0,23,16,94.92222222222517,1.6588349514563623,61.65888888889367,206.0,93.0,113.0,80.66000000000004,2.0,True,12.0,11.0,4488.1033333333335,brake_T13,90.39387770932717,306.88101686865775,HARD,12.0,2.0,0.9765389846276257,11954.906461992674,33625.67486841969,400.0,False,1,False,CLOSE_INTERACTION_NO_PASS,0.0,,False,0.0,200.16056397306517,5.839436026934834,2.623707,True,2.623707,51.561674686664006,11,True,3.0,brake,0.8211689271400122,5465.505555555557,14,941.9556898886449,3,australia_2026_R|OCO|SAI,australia_2026_R|L23|australia_2026_R|OCO|SAI,,True,v4_t0_anchored_30s_horizon
australia_2026_R_00478,australia_2026_R,2026,Australian Grand Prix,ALB,SAI,55,2026-03-08 04:38:22.294,2026-03-08 04:38:26.174,3.88,3.88,2026-03-08 04:38:52.294,30.0,23,16,98.56861111111266,1.6897476190476457,69.26861111111157,210.0,93.0,117.0,85.66904640489739,1.9609999999999999,True,13.0,12.0,4496.040555555553,brake_T13,82.45665548710804,298.9437946464386,HARD,11.0,2.0,0.9568624587257041,12377.544754111079,31044.737754312,400.0,False,1,False,CLOSE_INTERACTION_NO_PASS,0.0,,False,0.0,203.20801228364147,6.791987716358534,2.616412,True,2.616412,48.89729571941841,10,True,3.0,brake,0.8226211664875966,5465.505555555557,14,941.9556898886449,3,australia_2026_R|ALB|SAI,australia_2026_R|L23|australia_2026_R|ALB|SAI,,True,v4_t0_anchored_30s_horizon
australia_2026_R_00479,australia_2026_R,2026,Australian Grand Prix,GAS,BOR,5,2026-03-08 04:38:44.254,2026-03-08 04:38:49.894,5.64,5.64,2026-03-08 04:39:14.254,30.0,24,24,99.90777777777794,1.3470711610486912,64.89722222222258,267.0,118.0,149.0,120.02040816326549,1.96,True,10.0,9.0,965.5322222222221,brake_T3,86.75705205795407,304.6387688199509,HARD,13.0,2.0,0.9408939971520347,7760.633758874323,67109.42969357033,400.0,False,1,False,CLOSE_INTERACTION_NO_PASS,0.0,,False,0.0,260.8635944700462,6.136405529953777,2.185112,True,2.185112,84.65927505572719,9,True,3.0,brake,0.17665927010919993,5465.505555555557,14,941.9556898886449,3,australia_2026_R|BOR|GAS,australia_2026_R|L24|australia_2026_R|BOR|GAS,,False,v4_t0_anchored_30s_horizon
australia_2026_R_00480,australia_2026_R,2026,Australian Grand Prix,BEA,LIN,41,2026-03-08 04:39:06.933,2026-03-08 04:39:45.053,38.12,38.12,2026-03-08 04:39:36.933,30.0,24,145,99.24777777777808,1.0893048780487837,40.72194444444631,328.0,314.0,14.0,11.90298962782163,1.639,True,8.0,7.0,2807.835555555557,straight_05,441.32626875326696,605.8130195999438,HARD,6.0,2.0,0.9354561615428645,28116.043961493637,42391.449557849905,400.0,False,1,False,CLOSE_INTERACTION_NO_PASS,0.0,,False,0.0,319.0,9.0,1.138608,True,1.138608,8.712137619028196,12,True,3.0,straight,0.5137375723095658,5465.505555555557,14,941.9556898886449,3,australia_2026_R|BEA|LIN,australia_2026_R|L24|australia_2026_R|BEA|LIN,,False,v4_t0_anchored_30s_horizon
australia_2026_R_00481,australia_2026_R,2026,Australian Grand Prix,HAM,LEC,16,2026-03-08 04:39:24.734,2026-03-08 04:39:31.854,7.12,7.12,2026-03-08 04:39:54.734,30.0,25,26,89.64944444444461,1.2178792452830212,58.02861111111156,265.0,109.0,156.0,128.1363636363635,1.76,True,1.0,4.0,984.7355555555555,brake_T3,67.5537187246207,285.4354354866175,MEDIUM,25.0,1.0,0.5915660376801479,8717.171356061419,53640.17051550681,400.0,False,1,False,PIT_RELATED,,66.559,True,-1.0,250.79654314159316,14.203456858406838,2.053884,True,2.053884,93.82220719958693,10,True,3.0,brake,0.18017282125980003,5465.505555555557,14,941.9556898886449,3,australia_2026_R|HAM|LEC,australia_2026_R|L25|australia_2026_R|HAM|LEC,,False,v4_t0_anchored_30s_horizon
australia_2026_R_00482,australia_2026_R,2026,Australian Grand Prix,GAS,BOR,5,2026-03-08 04:39:29.774,2026-03-08 04:39:34.814,5.04,5.04,2026-03-08 04:39:59.774,30.0,24,20,75.96055555555449,0.9697092198581425,47.427222222222554,282.0,113.0,169.0,140.75510204081777,1.96,True,10.0,9.0,4017.628611111112,brake_T11,40.136829217178274,100.13682921717827,HARD,13.0,2.0,0.8876854611509837,10475.160711315626,41364.595832164036,400.0,False,1,False,CLOSE_INTERACTION_NO_PASS,0.0,,False,0.0,240.26788372092886,41.732116279071136,1.886037,True,1.886037,102.20271549768695,9,True,3.0,brake,0.7350881945453861,5465.505555555557,14,941.9556898886449,3,australia_2026_R|BOR|GAS,australia_2026_R|L24|australia_2026_R|BOR|GAS,,True,v4_t0_anchored_30s_horizon
australia_2026_R_00483,australia_2026_R,2026,Australian Grand Prix,OCO,GAS,10,2026-03-08 04:39:42.654,2026-03-08 04:39:49.414,6.76,6.76,2026-03-08 04:40:12.654,30.0,24,24,95.72999999999865,1.689352941176447,66.01888888888607,204.0,102.0,102.0,57.9130434782598,1.8399999999999999,True,11.0,10.0,4521.113888888889,brake_T13,57.38332215377159,273.87046131310217,HARD,13.0,2.0,0.7095979802447786,13712.640393496371,22891.671761873527,400.0,False,1,False,CLOSE_INTERACTION_NO_PASS,0.0,,False,0.0,211.34605633802857,-7.346056338028575,2.231262,True,2.231262,26.417682339896366,12,True,3.0,brake,0.8272087262436837,5465.505555555557,14,941.9556898886449,3,australia_2026_R|GAS|OCO,australia_2026_R|L24|australia_2026_R|GAS|OCO,,True,v4_t0_anchored_30s_horizon
australia_2026_R_00484,australia_2026_R,2026,Australian Grand Prix,ALB,SAI,55,2026-03-08 04:39:47.734,2026-03-08 04:39:52.533,4.799,4.799,2026-03-08 04:40:17.734,30.0,24,19,89.65916666666999,1.5592898550725216,66.34805555555886,207.0,95.0,112.0,78.03664630760498,1.8010000000000002,True,13.0,12.0,4498.535555555553,brake_T13,79.96165548710724,296.4487946464378,HARD,12.0,2.0,0.9792881851623568,12510.397597248555,30233.441570405936,400.0,False,1,False,CLOSE_INTERACTION_NO_PASS,0.0,,False,0.0,203.59589490968827,3.404105090311731,2.344014,True,2.344014,39.815365325133406,10,True,3.0,brake,0.8230776658863512,5465.505555555557,14,941.9556898886449,3,australia_2026_R|ALB|SAI,australia_2026_R|L24|australia_2026_R|ALB|SAI,,True,v4_t0_anchored_30s_horizon
australia_2026_R_00485,australia_2026_R,2026,Australian Grand Prix,BEA,LIN,41,2026-03-08 04:39:47.974,2026-03-08 04:51:14.138,686.164,686.164,2026-03-08 04:40:17.974,30.0,25,2517,88.66944444444444,1.0604983388704317,10.013333333333549,301.0,302.0,-1.0,30.243463102852065,1.721,True,8.0,7.0,42.20861111111111,straight_01,281.67512943589605,424.4917254444567,HARD,7.0,2.0,0.9427563028090767,15734.042607596244,99476.8727783014,400.0,False,1,False,CLOSE_INTERACTION_NO_PASS,0.0,,False,0.0,299.1085271317829,1.891472868217079,1.057069,True,1.057069,2.309380807392208,10,True,3.0,straight,0.007722727693178732,5465.505555555557,14,941.9556898886449,3,australia_2026_R|BEA|LIN,australia_2026_R|L25|australia_2026_R|BEA|LIN,,False,v4_t0_anchored_30s_horizon
australia_2026_R_00486,australia_2026_R,2026,Australian Grand Prix,HAM,LEC,16,2026-03-08 04:40:10.174,2026-03-08 04:40:13.694,3.52,3.52,2026-03-08 04:40:40.174,30.0,25,13,92.89027777777619,1.54817129629627,70.33916666666482,216.0,106.0,110.0,118.10869565217506,1.8399999999999999,True,1.0,4.0,4021.5749999999994,brake_T11,36.19044032829106,96.19044032829106,MEDIUM,25.0,1.0,0.5539456259154694,10639.20060184059,38882.951709171866,399.99999999999955,False,1,False,PIT_RELATED,,21.119,False,-1.0,245.29065712187827,-29.29065712187827,2.230859,True,2.230859,87.99147159418978,12,True,3.0,brake,0.7358102483149365,5465.505555555557,14,941.9556898886449,3,australia_2026_R|HAM|LEC,australia_2026_R|L25|australia_2026_R|HAM|LEC,,True,v4_t0_anchored_30s_horizon
australia_2026_R_00487,australia_2026_R,2026,Australian Grand Prix,RUS,HAM,44,2026-03-08 04:40:50.773,2026-03-08 04:40:57.453,6.68,6.68,2026-03-08 04:41:20.773,30.0,26,25,88.955833333334,1.127609154929586,55.42250000000058,284.0,109.0,175.0,143.408728046833,1.879,True,2.0,1.0,970.920833333333,brake_T3,81.36844094684318,299.25015770884,HARD,14.0,2.0,0.6782078138065745,8029.04596809483,63329.846305338506,400.0000000000001,False,1,False,CLOSE_INTERACTION_NO_PASS,0.0,,False,0.0,235.7337500000012,48.26624999999879,2.118886,True,2.118886,108.80074773721347,12,True,3.0,brake,0.17764520106404702,5465.505555555557,14,941.9556898886449,3,australia_2026_R|HAM|RUS,australia_2026_R|L26|australia_2026_R|HAM|RUS,,False,v4_t0_anchored_30s_horizon
australia_2026_R_00488,australia_2026_R,2026,Australian Grand Prix,ALB,SAI,55,2026-03-08 04:41:01.814,2026-03-08 04:41:20.614,18.8,18.8,2026-03-08 04:41:31.814,30.0,25,73,94.76416666666682,1.1928356643356663,50.24972222222186,286.0,138.0,148.0,79.9400000000007,2.0,True,13.0,12.0,3957.144444444444,brake_T11,100.62099588384626,160.62099588384626,HARD,13.0,2.0,0.9113924417007786,8877.561278422072,78868.56338419885,400.0,False,1,False,CLOSE_INTERACTION_NO_PASS,0.0,,False,0.0,275.0076499118175,10.99235008818249,1.718567,True,1.718567,51.759858542551505,11,True,3.0,brake,0.7240216672037045,5465.505555555557,14,941.9556898886449,3,australia_2026_R|ALB|SAI,australia_2026_R|L25|australia_2026_R|ALB|SAI,,True,v4_t0_anchored_30s_horizon
australia_2026_R_00489,australia_2026_R,2026,Australian Grand Prix,GAS,BOR,5,2026-03-08 04:41:33.854,2026-03-08 04:41:37.134,3.28,3.28,2026-03-08 04:42:03.854,30.0,26,15,97.27888888888913,1.675617224880387,75.3011111111116,209.0,90.0,119.0,153.4836406900656,1.681,True,10.0,9.0,985.7272222222222,brake_T3,66.56205205795402,284.44376881995083,HARD,15.0,2.0,0.9561095194737425,8766.567283012157,52944.6133890576,400.0000000000001,False,1,False,CLOSE_INTERACTION_NO_PASS,0.0,,False,0.0,217.48287914691977,-8.482879146919771,2.617625,True,2.617625,145.82834674234354,13,True,3.0,brake,0.18035426223659287,5465.505555555557,14,941.9556898886449,3,australia_2026_R|BOR|GAS,australia_2026_R|L26|australia_2026_R|BOR|GAS,,False,v4_t0_anchored_30s_horizon
australia_2026_R_00490,australia_2026_R,2026,Australian Grand Prix,RUS,HAM,44,2026-03-08 04:41:34.694,2026-03-08 04:41:53.734,19.04,19.04,2026-03-08 04:42:04.694,30.0,26,71,98.65000000000373,1.2461052631579417,49.481944444446526,285.0,173.0,112.0,54.122448979591894,1.96,True,2.0,1.0,3933.9927777777752,straight_06,123.77266255051518,183.77266255051518,HARD,14.0,2.0,0.63079591313247,8821.734844578014,90675.19360364949,400.00000000000045,False,1,False,CLOSE_INTERACTION_NO_PASS,0.0,,False,0.0,260.59318936877133,24.406810631228666,1.562031,True,1.562031,38.893392296057506,13,True,3.0,straight,0.7197857065169323,5465.505555555557,14,941.9556898886449,3,australia_2026_R|HAM|RUS,australia_2026_R|L26|australia_2026_R|HAM|RUS,,True,v4_t0_anchored_30s_horizon
australia_2026_R_00491,australia_2026_R,2026,Australian Grand Prix,ALB,SAI,55,2026-03-08 04:41:40.774,2026-03-08 04:42:02.534,21.76,21.76,2026-03-08 04:42:10.774,30.0,26,74,96.22833333333324,1.1743118644067785,36.061666666666724,295.0,201.0,94.0,30.730729166666823,1.92,True,13.0,12.0,906.9347222222224,straight_02,145.3545520579538,363.2362688199506,HARD,14.0,2.0,0.9670538559098295,6485.129904893773,90564.33488914031,399.9999999999999,False,1,False,CLOSE_INTERACTION_NO_PASS,0.0,,False,0.0,283.10580985915493,11.894190140845069,1.38307,True,1.38307,11.496115505790103,13,True,3.0,straight,0.16593793803765228,5465.505555555557,14,941.9556898886449,3,australia_2026_R|ALB|SAI,australia_2026_R|L26|australia_2026_R|ALB|SAI,,False,v4_t0_anchored_30s_horizon
australia_2026_R_00492,australia_2026_R,2026,Australian Grand Prix,LEC,PER,11,2026-03-08 04:41:50.494,2026-03-08 04:42:02.134,11.64,11.2,2026-03-08 04:42:20.494,30.0,26,44,89.72138888888685,1.1788211678831848,14.045555555556348,274.0,120.0,154.0,120.16000000000068,2.0,True,4.0,16.0,3957.4427777777787,brake_T11,100.32266255051172,160.32266255051172,HARD,1.0,2.0,0.010192512808668001,8881.403389345829,78685.91673837644,399.99999999999955,False,1,True,PIT_RELATED,,11.8,False,0.0,245.50379008746225,28.49620991253775,2.011755,True,2.011755,99.94740813065799,10,True,3.0,brake,0.7240762519681517,5465.505555555557,14,941.9556898886449,3,australia_2026_R|LEC|PER,australia_2026_R|L26|australia_2026_R|LEC|PER,,True,v4_t0_anchored_30s_horizon
australia_2026_R_00493,australia_2026_R,2026,Australian Grand Prix,RUS,HAM,44,2026-03-08 04:42:13.455,2026-03-08 04:42:24.134,10.679,10.679,2026-03-08 04:42:43.455,30.0,27,42,99.70166666666705,1.2376758620689703,51.97000000000048,290.0,204.0,86.0,34.5909831613254,1.841,True,2.0,1.0,936.4127777777776,brake_T3,115.8764965023986,333.7582132643954,HARD,15.0,2.0,0.6534130051274604,6310.164564968123,87533.87046826801,400.0,False,1,False,CLOSE_INTERACTION_NO_PASS,0.0,,False,0.0,277.0,13.0,1.470974,True,1.470974,17.869103870214904,11,True,3.0,brake,0.17133141083827755,5465.505555555557,14,941.9556898886449,3,australia_2026_R|HAM|RUS,australia_2026_R|L27|australia_2026_R|HAM|RUS,,False,v4_t0_anchored_30s_horizon
australia_2026_R_00494,australia_2026_R,2026,Australian Grand Prix,ALB,SAI,55,2026-03-08 04:42:15.494,2026-03-08 04:42:52.975,37.481,37.481,2026-03-08 04:42:45.494,30.0,26,149,97.32694444444314,1.1525559210526162,30.2747222222215,304.0,242.0,62.0,22.170212765958766,1.88,True,13.0,12.0,3129.9802777777772,brake_T9,119.18154653104693,283.6682973777238,HARD,14.0,2.0,0.9156177753758306,14691.686875141953,71788.37686741452,400.0,False,1,False,CLOSE_INTERACTION_NO_PASS,0.0,,False,0.0,298.0,6.0,1.265459,True,1.265459,13.478530728954475,13,True,3.0,brake,0.5726790039754376,5465.505555555557,14,941.9556898886449,3,australia_2026_R|ALB|SAI,australia_2026_R|L26|australia_2026_R|ALB|SAI,,False,v4_t0_anchored_30s_horizon
australia_2026_R_00495,australia_2026_R,2026,Australian Grand Prix,GAS,BOR,5,2026-03-08 04:42:18.534,2026-03-08 04:42:23.494,4.96,4.96,2026-03-08 04:42:48.534,30.0,26,18,95.09249999999929,1.1683720136518685,36.28833333333205,293.0,116.0,177.0,145.7333333333354,1.8,True,10.0,9.0,3981.82138888889,brake_T11,75.94405143940048,135.94405143940048,HARD,15.0,2.0,0.8712839011806344,9195.365382829033,63760.76070742062,399.99999999999955,False,1,False,CLOSE_INTERACTION_NO_PASS,0.0,,False,0.0,240.06818604651187,52.93181395348813,2.12346,True,2.12346,119.39351048206845,12,True,3.0,brake,0.7285367013928771,5465.505555555557,14,941.9556898886449,3,australia_2026_R|BOR|GAS,australia_2026_R|L26|australia_2026_R|BOR|GAS,,True,v4_t0_anchored_30s_horizon
australia_2026_R_00496,australia_2026_R,2026,Australian Grand Prix,OCO,GAS,10,2026-03-08 04:42:31.094,2026-03-08 04:42:38.254,7.16,7.16,2026-03-08 04:43:01.094,30.0,26,29,99.95916666666926,1.7726748768473368,70.27250000000458,203.0,134.0,69.0,18.699999999999637,2.0,True,11.0,10.0,4495.412499999997,brake_T13,83.08471104266391,299.5718502019945,HARD,15.0,2.0,0.6752085062927303,12344.102282686687,31248.96183267004,400.0,False,1,False,CLOSE_INTERACTION_NO_PASS,0.0,,False,0.0,204.52870731707225,-1.5287073170722465,2.031419,True,2.031419,5.148215776304907,13,True,3.0,brake,0.8225062538689611,5465.505555555557,14,941.9556898886449,3,australia_2026_R|GAS|OCO,australia_2026_R|L26|australia_2026_R|GAS|OCO,,True,v4_t0_anchored_30s_horizon
australia_2026_R_00497,australia_2026_R,2026,Australian Grand Prix,RUS,HAM,44,2026-03-08 04:42:47.455,2026-03-08 04:42:51.174,3.719,3.719,2026-03-08 04:43:17.455,30.0,27,15,98.43777777778132,1.2522120141343207,92.30888888889194,283.0,233.0,50.0,38.288888888885594,1.8,True,2.0,1.0,3197.4549999999977,brake_T9,51.706824308826526,216.19357515550337,HARD,15.0,2.0,0.6198093651141457,18357.614619674267,36035.819225062405,400.0,False,1,False,CLOSE_INTERACTION_NO_PASS,0.0,88.04,True,0.0,286.4100000000006,-3.4100000000005934,1.374,True,1.374,28.471683346734796,13,True,3.0,brake,0.5850245631440005,5465.505555555557,14,941.9556898886449,3,australia_2026_R|HAM|RUS,australia_2026_R|L27|australia_2026_R|HAM|RUS,,False,v4_t0_anchored_30s_horizon
australia_2026_R_00498,australia_2026_R,2026,Australian Grand Prix,ALB,SAI,55,2026-03-08 04:42:55.174,2026-03-08 04:46:45.736,230.562,230.082,2026-03-08 04:43:25.174,30.0,27,851,98.13999999999996,1.1660198019801975,10.189166666664732,303.0,249.0,54.0,10.823014383990058,1.599,True,13.0,12.0,175.92027777777778,straight_01,147.96346276922938,290.78005877779003,HARD,15.0,2.0,0.9517609930547674,13675.623835682904,99715.3585627358,400.0,False,1,False,CLOSE_INTERACTION_NO_PASS,0.0,,False,0.0,302.0,1.0,1.232188,True,1.232188,19.123651029399632,12,True,3.0,straight,0.03218737516403382,5465.505555555557,14,941.9556898886449,3,australia_2026_R|ALB|SAI,australia_2026_R|L27|australia_2026_R|ALB|SAI,,False,v4_t0_anchored_30s_horizon
australia_2026_R_00499,australia_2026_R,2026,Australian Grand Prix,RUS,HAM,44,2026-03-08 04:43:23.454,2026-03-08 04:44:09.975,46.521,44.801,2026-03-08 04:43:53.454,30.0,28,171,78.04805555555555,0.9273036303630362,10.340833333335922,303.0,307.0,-4.0,58.38999489535219,1.959,True,1.0,4.0,43.866666666666674,straight_01,280.0170738803405,422.8336698889011,HARD,16.0,2.0,0.6072599220862661,15677.508514053445,99472.263804132,400.0,False,1,False,PIT_RELATED,,46.841,True,-1.0,304.4257611241218,-1.4257611241217774,0.919393,True,0.919393,-2.692783889584928,12,True,3.0,straight,0.008026094973424233,5465.505555555557,14,941.9556898886449,3,australia_2026_R|HAM|RUS,australia_2026_R|L28|australia_2026_R|HAM|RUS,,False,v4_t0_anchored_30s_horizon
australia_2026_R_00500,australia_2026_R,2026,Australian Grand Prix,OCO,GAS,10,2026-03-08 04:43:28.815,2026-03-08 04:43:33.135,4.32,4.32,2026-03-08 04:43:58.815,30.0,27,15,99.90972222222535,1.1135448916409019,96.02250000000367,323.0,312.0,11.0,9.847826086955573,1.8399999999999999,True,11.0,10.0,2781.881944444443,straight_05,467.2798798643812,631.766630711058,HARD,16.0,2.0,0.6828981567936561,29850.97579521395,28592.115912148143,400.0,False,1,False,CLOSE_INTERACTION_NO_PASS,0.0,,False,0.0,314.41521585279554,8.58478414720446,1.149477,True,1.149477,7.8759576796635935,11,True,3.0,straight,0.5089889519216984,5465.505555555557,14,941.9556898886449,3,australia_2026_R|GAS|OCO,australia_2026_R|L27|australia_2026_R|GAS|OCO,,False,v4_t0_anchored_30s_horizon
australia_2026_R_00501,australia_2026_R,2026,Australian Grand Prix,GAS,BOR,5,2026-03-08 04:43:43.375,2026-03-08 04:43:47.575,4.2,4.2,2026-03-08 04:44:13.375,30.0,27,16,87.56527777777319,1.1139045936395175,47.34499999999571,283.0,111.0,172.0,150.7234042553185,1.88,True,10.0,9.0,4018.1038888888916,brake_T11,39.66155143939886,99.66155143939886,HARD,16.0,2.0,0.8679288180100806,10494.91662408323,41065.72252362205,400.0,False,1,False,CLOSE_INTERACTION_NO_PASS,0.0,,False,0.0,271.0,12.0,2.130734,True,2.130734,109.66277306679737,12,True,3.0,brake,0.7351751540723591,5465.505555555557,14,941.9556898886449,3,australia_2026_R|BOR|GAS,australia_2026_R|L27|australia_2026_R|BOR|GAS,,True,v4_t0_anchored_30s_horizon
australia_2026_R_00502,australia_2026_R,2026,Australian Grand Prix,HAM,RUS,63,2026-03-08 04:44:11.295,2026-03-08 04:44:43.536,32.241,32.241,2026-03-08 04:44:41.295,30.0,28,120,11.058611111108348,0.21754644808737736,11.058611111108348,183.0,216.0,-33.0,-37.077999999999705,1.0,True,4.0,1.0,3252.504722222224,corner_T9,101.14385293327723,161.14385293327723,MEDIUM,28.0,1.0,0.5091985371908857,21358.199836255488,8218.948488374761,400.0,False,1,True,PIT_RELATED,,,False,3.0,218.63699721226553,-35.63699721226553,0.18393,True,0.18393,-28.28460101396076,11,True,3.0,corner,0.5950967736033366,5465.505555555557,14,941.9556898886449,3,australia_2026_R|HAM|RUS,australia_2026_R|L28|australia_2026_R|HAM|RUS,,False,v4_t0_anchored_30s_horizon
australia_2026_R_00503,australia_2026_R,2026,Australian Grand Prix,OCO,GAS,10,2026-03-08 04:44:12.295,2026-03-08 04:44:46.655,34.36,34.36,2026-03-08 04:44:42.295,30.0,28,130,96.59305555555557,1.1290097402597403,29.853611111111377,308.0,220.0,88.0,25.121499999999962,2.0,True,11.0,10.0,197.86638888888888,straight_01,126.01735165811829,268.8339476666789,HARD,17.0,2.0,0.6707749608626309,13429.81326038889,99776.95852334524,400.0,False,1,False,CLOSE_INTERACTION_NO_PASS,0.0,,False,0.0,306.955931053203,1.0440689467969833,1.289576,True,1.289576,12.476609942189272,11,True,3.0,straight,0.036202760545685,5465.505555555557,14,941.9556898886449,3,australia_2026_R|GAS|OCO,australia_2026_R|L28|australia_2026_R|GAS|OCO,,False,v4_t0_anchored_30s_horizon
australia_2026_R_00504,australia_2026_R,2026,Australian Grand Prix,OCO,GAS,10,2026-03-08 04:44:56.295,2026-03-08 04:45:34.575,38.28,38.28,2026-03-08 04:45:26.295,30.0,28,145,99.8547222222237,1.1596032258064688,16.828888888891015,310.0,306.0,4.0,6.586956521739369,1.8399999999999999,True,11.0,10.0,3024.1647222222214,straight_05,224.9971020866028,389.48385293327965,HARD,17.0,2.0,0.6493708902996554,15961.471774822334,72030.29202858084,400.0,False,1,False,CLOSE_INTERACTION_NO_PASS,0.0,,False,0.0,307.0,3.0,1.17057,True,1.17057,7.103069495535826,12,True,3.0,straight,0.5533183877469906,5465.505555555557,14,941.9556898886449,3,australia_2026_R|GAS|OCO,australia_2026_R|L28|australia_2026_R|GAS|OCO,,False,v4_t0_anchored_30s_horizon
australia_2026_R_00505,australia_2026_R,2026,Australian Grand Prix,OCO,GAS,10,2026-03-08 04:45:36.856,2026-03-08 04:45:45.896,9.04,9.04,2026-03-08 04:46:06.856,30.0,29,32,97.21249999999995,1.1626744186046505,49.823611111111006,301.0,241.0,60.0,16.86257468766983,1.841,True,11.0,10.0,179.09611111111113,straight_01,144.78762943589604,287.6042254444567,HARD,18.0,2.0,0.657362317123455,13640.052457466863,99724.27272557974,400.0,False,1,False,CLOSE_INTERACTION_NO_PASS,0.0,,False,0.0,303.0,-2.0,1.271874,True,1.271874,12.787085860691596,10,True,3.0,straight,0.0327684437039981,5465.505555555557,14,941.9556898886449,3,australia_2026_R|GAS|OCO,australia_2026_R|L29|australia_2026_R|GAS|OCO,,False,v4_t0_anchored_30s_horizon
australia_2026_R_00506,australia_2026_R,2026,Australian Grand Prix,ALO,STR,18,2026-03-08 04:46:17.816,2026-03-08 04:46:26.416,8.6,8.6,2026-03-08 04:46:47.816,30.0,18,35,99.60722222222228,1.3039490909090916,48.26277777777773,275.0,139.0,136.0,70.2244897959184,1.96,True,18.0,17.0,938.146111111111,brake_T3,114.14316316906513,332.02487993106195,SOFT,7.0,3.0,0.6905316547910192,6396.503664176134,86318.10675144914,400.0000000000001,False,1,False,LAPPED_UNLAPPED,,,False,0.0,263.16355513307985,11.836444866920147,1.7927110000000002,True,1.7927110000000002,51.34126317371802,11,True,3.0,brake,0.17164855136914237,5465.505555555557,14,941.9556898886449,3,australia_2026_R|ALO|STR,australia_2026_R|L18|australia_2026_R|ALO|STR,,False,v4_t0_anchored_30s_horizon
australia_2026_R_00507,australia_2026_R,2026,Australian Grand Prix,OCO,GAS,10,2026-03-08 04:46:18.416,2026-03-08 04:46:23.016,4.6,4.6,2026-03-08 04:46:48.416,30.0,29,20,99.99388888888961,1.114482972136231,94.7605555555565,323.0,311.0,12.0,11.239130434781877,1.8399999999999999,True,11.0,10.0,2770.1358333333324,straight_05,479.0259909754918,643.5127418221687,HARD,18.0,2.0,0.6814303442032367,30636.17296881092,22346.79977607149,400.0,False,1,False,CLOSE_INTERACTION_NO_PASS,0.0,,False,0.0,314.0,9.0,1.155621,True,1.155621,9.006997941415538,12,True,3.0,straight,0.5068398165870593,5465.505555555557,14,941.9556898886449,3,australia_2026_R|GAS|OCO,australia_2026_R|L29|australia_2026_R|GAS|OCO,,False,v4_t0_anchored_30s_horizon
australia_2026_R_00508,australia_2026_R,2026,Australian Grand Prix,GAS,BOR,5,2026-03-08 04:46:43.656,2026-03-08 04:46:47.936,4.28,4.28,2026-03-08 04:47:13.656,30.0,29,18,94.04972222222386,1.68447263681595,55.216388888889924,201.0,90.0,111.0,87.41356309060568,1.799,True,10.0,9.0,4524.86388888889,brake_T13,53.63332215377068,270.12046131310126,HARD,18.0,2.0,0.9426161207823437,13912.31901544647,21672.288719930646,400.0,False,1,False,CLOSE_INTERACTION_NO_PASS,0.0,,False,0.0,211.85195488721993,-10.851954887219932,2.758115,True,2.758115,67.62969832181754,11,True,3.0,brake,0.827894847584497,5465.505555555557,14,941.9556898886449,3,australia_2026_R|BOR|GAS,australia_2026_R|L29|australia_2026_R|BOR|GAS,,True,v4_t0_anchored_30s_horizon
australia_2026_R_00509,australia_2026_R,2026,Australian Grand Prix,SAI,ALB,23,2026-03-08 04:46:49.297,2026-03-08 04:47:48.617,59.32,59.32,2026-03-08 04:47:19.297,30.0,29,229,10.480555555556748,0.405698924731229,10.480555555556748,93.0,101.0,-8.0,-7.9390942217588485,1.921,True,13.0,12.0,4079.026111111109,corner_T11,250.06671314560526,38.73932921718142,HARD,18.0,2.0,1.0,12421.464596730177,19139.26848054602,399.99999999999955,False,1,False,CLOSE_INTERACTION_NO_PASS,0.0,,False,1.0,105.37936893204012,-12.379368932040123,0.375174,True,0.375174,-6.7903203467470865,11,True,3.0,corner,0.7463218305514071,5465.505555555557,14,941.9556898886449,3,australia_2026_R|ALB|SAI,australia_2026_R|L29|australia_2026_R|ALB|SAI,,True,v4_t0_anchored_30s_horizon
australia_2026_R_00510,australia_2026_R,2026,Australian Grand Prix,VER,NOR,1,2026-03-08 04:46:52.536,2026-03-08 04:46:57.616,5.08,5.08,2026-03-08 04:47:22.536,30.0,30,21,89.49583333333328,1.382768240343347,64.08472222222213,233.0,94.0,139.0,170.28571428571445,1.4,True,6.0,5.0,990.6291666666665,brake_T3,61.660107613509695,279.5418243755065,MEDIUM,12.0,2.0,0.300367884061466,9010.738129762723,49506.379044394045,400.0000000000001,False,1,False,CLOSE_INTERACTION_NO_PASS,0.0,,False,0.0,204.28515624999991,28.714843750000085,2.675562,True,2.675562,163.50883461062318,10,True,3.0,brake,0.18125114988854332,5465.505555555557,14,941.9556898886449,3,australia_2026_R|NOR|VER,australia_2026_R|L30|australia_2026_R|NOR|VER,,False,v4_t0_anchored_30s_horizon
australia_2026_R_00511,australia_2026_R,2026,Australian Grand Prix,OCO,GAS,10,2026-03-08 04:47:00.136,2026-03-08 04:52:43.498,343.362,343.362,2026-03-08 04:47:30.136,30.0,30,1249,75.93388888888887,0.8992171052631577,10.030833333335977,304.0,295.0,9.0,131.52228260870584,1.8399999999999999,True,11.0,10.0,55.51083333333334,straight_01,268.37290721367384,411.18950322223446,HARD,19.0,2.0,0.6862841229913211,15280.48176464473,99439.89597229964,400.0,False,1,False,CLOSE_INTERACTION_NO_PASS,0.0,,False,0.0,295.0,9.0,0.928179,True,0.928179,13.657081095757357,13,True,3.0,straight,0.010156577972353881,5465.505555555557,14,941.9556898886449,3,australia_2026_R|GAS|OCO,australia_2026_R|L30|australia_2026_R|GAS|OCO,,False,v4_t0_anchored_30s_horizon
australia_2026_R_00512,australia_2026_R,2026,Australian Grand Prix,ALO,STR,18,2026-03-08 04:47:04.256,2026-03-08 04:47:22.697,18.441,18.441,2026-03-08 04:47:34.256,30.0,18,69,99.84361111111139,1.3023079710144962,53.365833333333285,276.0,148.0,128.0,60.90047897817939,1.879,True,18.0,17.0,3951.855555555556,brake_T11,105.90988477273459,165.90988477273459,SOFT,7.0,3.0,0.6239303960487437,8809.44787806065,82106.5448892678,400.0,False,1,False,LAPPED_UNLAPPED,,,False,0.0,269.6508373205741,6.349162679425888,1.6684809999999999,True,1.6684809999999999,34.59786431740934,13,True,3.0,brake,0.7230539819941428,5465.505555555557,14,941.9556898886449,3,australia_2026_R|ALO|STR,australia_2026_R|L18|australia_2026_R|ALO|STR,,True,v4_t0_anchored_30s_horizon
australia_2026_R_00513,australia_2026_R,2026,Australian Grand Prix,ALO,STR,18,2026-03-08 04:47:43.737,2026-03-08 04:47:53.856,10.119,10.119,2026-03-08 04:48:13.737,30.0,19,36,94.20888888888976,1.2423150183150298,48.9616666666675,273.0,144.0,129.0,65.47727272727192,1.76,True,18.0,17.0,941.4630555555552,brake_T3,110.82621872462096,328.70793548661777,SOFT,8.0,3.0,0.6217378086079483,6561.724046170143,83991.59480553056,400.0,False,1,False,LAPPED_UNLAPPED,,,False,0.0,265.4502452830189,7.549754716981113,1.650049,True,1.650049,31.72227905898349,14,True,3.0,brake,0.17225543840104238,5465.505555555557,14,941.9556898886449,3,australia_2026_R|ALO|STR,australia_2026_R|L19|australia_2026_R|ALO|STR,,False,v4_t0_anchored_30s_horizon
australia_2026_R_00514,australia_2026_R,2026,Australian Grand Prix,VER,NOR,1,2026-03-08 04:47:47.537,2026-03-08 04:47:52.057,4.52,4.52,2026-03-08 04:48:17.537,30.0,30,15,98.90666666666948,1.663850467289767,60.1288888888912,214.0,94.0,120.0,85.21455730580807,1.841,True,6.0,5.0,4485.82361111111,brake_T13,92.6735999315506,309.1607390908812,MEDIUM,12.0,2.0,0.23130763749002556,11833.516650856014,34366.9694332514,400.0,False,1,False,CLOSE_INTERACTION_NO_PASS,0.0,,False,0.0,212.74624413145494,1.2537558685450563,2.59045,True,2.59045,54.7831129208633,12,True,3.0,brake,0.8207518161886006,5465.505555555557,14,941.9556898886449,3,australia_2026_R|NOR|VER,australia_2026_R|L30|australia_2026_R|NOR|VER,,True,v4_t0_anchored_30s_horizon
australia_2026_R_00515,australia_2026_R,2026,Australian Grand Prix,SAI,ALB,23,2026-03-08 04:47:58.697,2026-03-08 04:48:35.497,36.8,36.8,2026-03-08 04:48:28.697,30.0,30,136,99.40749999999798,1.125367924528279,28.04111111110842,318.0,302.0,16.0,16.58333333333417,1.92,True,13.0,12.0,2848.0988888888887,straight_05,401.06293541993546,565.5496862666123,HARD,19.0,2.0,0.9250906662568907,25424.54417625661,63799.151475554005,400.0,False,1,False,CLOSE_INTERACTION_NO_PASS,0.0,,False,0.0,305.0,13.0,1.179524,True,1.179524,15.85249324767574,13,True,3.0,straight,0.5211043809101727,5465.505555555557,14,941.9556898886449,3,australia_2026_R|ALB|SAI,australia_2026_R|L30|australia_2026_R|ALB|SAI,,False,v4_t0_anchored_30s_horizon
australia_2026_R_00516,australia_2026_R,2026,Australian Grand Prix,SAI,ALB,23,2026-03-08 04:48:42.177,2026-03-08 04:48:48.017,5.84,5.84,2026-03-08 04:49:12.177,30.0,31,22,98.30749999999998,1.1680099009900986,62.485277777777696,303.0,224.0,79.0,29.799361362426822,1.879,True,13.0,12.0,190.78333333333333,straight_01,133.10040721367383,275.9170032222345,HARD,20.0,2.0,0.9282580710921607,13509.148043309453,99757.07728147019,400.0,False,1,False,CLOSE_INTERACTION_NO_PASS,0.0,,False,0.0,296.7587355761417,6.241264423858297,1.346418,True,1.346418,28.23785586232032,11,True,3.0,straight,0.034906804392396344,5465.505555555557,14,941.9556898886449,3,australia_2026_R|ALB|SAI,australia_2026_R|L31|australia_2026_R|ALB|SAI,,False,v4_t0_anchored_30s_horizon
australia_2026_R_00517,australia_2026_R,2026,Australian Grand Prix,VER,NOR,1,2026-03-08 04:49:00.818,2026-03-08 04:49:04.577,3.759,3.759,2026-03-08 04:49:30.818,30.0,31,14,97.83666666666659,1.290153846153845,65.84750000000031,273.0,115.0,158.0,139.25715773034835,1.921,True,6.0,5.0,3991.301666666668,brake_T11,66.46377366162233,126.46377366162233,MEDIUM,13.0,2.0,0.17371252888365368,9380.826319516314,57920.01112356442,400.0,False,1,False,CLOSE_INTERACTION_NO_PASS,0.0,,False,0.0,265.75482352941157,7.245176470588433,2.250623,True,2.250623,117.47034740106773,12,True,3.0,brake,0.7302712669662561,5465.505555555557,14,941.9556898886449,3,australia_2026_R|NOR|VER,australia_2026_R|L31|australia_2026_R|NOR|VER,,True,v4_t0_anchored_30s_horizon
australia_2026_R_00518,australia_2026_R,2026,Australian Grand Prix,ALO,RUS,63,2026-03-08 04:49:06.097,2026-03-08 04:49:11.057,4.96,4.96,2026-03-08 04:49:36.097,30.0,20,19,99.71805555555545,1.6392009132420076,12.5613888888887,219.0,192.0,27.0,10.555555555555998,1.8,True,18.0,1.0,515.2452777777777,straight_02,537.0439965023985,754.9257132643953,SOFT,9.0,3.0,0.6282816036607917,26513.31519431901,2243.3695289175016,400.0,False,1,False,LAPPED_UNLAPPED,,5.36,False,0.0,192.0,27.0,1.86839,True,1.86839,-3.1520219449773643,10,True,3.0,straight,0.09427220822308799,5465.505555555557,14,941.9556898886449,3,australia_2026_R|ALO|RUS,australia_2026_R|L20|australia_2026_R|ALO|RUS,australia_2026_R_00519,False,v4_t0_anchored_30s_horizon
australia_2026_R_00519,australia_2026_R,2026,Australian Grand Prix,RUS,ALO,14,2026-03-08 04:49:12.017,2026-03-08 04:49:23.537,11.52,10.241,2026-03-08 04:49:42.017,30.0,32,38,19.838611111111277,0.5290296296296341,10.152500000000373,135.0,273.0,-138.0,-126.85714285714295,0.56,True,1.0,18.0,920.0483333333332,straight_02,132.240940946843,350.1226577088398,HARD,20.0,2.0,0.44887246576712236,6288.403514161072,90492.84092555079,400.0,False,1,False,LAPPED_UNLAPPED,,11.76,False,0.0,273.0,-138.0,0.262538,True,0.262538,-92.29919207710695,10,True,3.0,straight,0.16833727895457462,5465.505555555557,14,941.9556898886449,3,australia_2026_R|ALO|RUS,australia_2026_R|L32|australia_2026_R|ALO|RUS,australia_2026_R_00518,False,v4_t0_anchored_30s_horizon
australia_2026_R_00520,australia_2026_R,2026,Australian Grand Prix,SAI,ALB,23,2026-03-08 04:49:29.457,2026-03-08 04:49:32.898,3.441,3.441,2026-03-08 04:49:59.457,30.0,31,14,95.12222222222272,1.210035335689052,90.32222222222299,283.0,208.0,75.0,64.16102136529234,1.919,True,13.0,12.0,3192.0833333333335,brake_T9,57.078490975490695,221.56524182216754,HARD,20.0,2.0,0.9291223083408218,18065.769892950535,38882.08247462295,400.0,False,1,False,CLOSE_INTERACTION_NO_PASS,0.0,,False,0.0,279.0,4.0,1.5142250000000002,True,1.5142250000000002,48.90664760166332,12,True,3.0,brake,0.5840417324411382,5465.505555555557,14,941.9556898886449,3,australia_2026_R|ALB|SAI,australia_2026_R|L31|australia_2026_R|ALB|SAI,,False,v4_t0_anchored_30s_horizon
australia_2026_R_00521,australia_2026_R,2026,Australian Grand Prix,VER,NOR,1,2026-03-08 04:49:39.297,2026-03-08 04:49:48.298,9.001,9.001,2026-03-08 04:50:09.297,30.0,32,36,70.97166666666669,1.0471229508196727,38.89555555555535,244.0,115.0,129.0,120.42222222222244,1.8,True,6.0,5.0,974.1819444444446,brake_T3,78.10732983573155,295.98904659772836,MEDIUM,14.0,2.0,0.19823435896891448,8191.485234873998,61042.49597914383,399.9999999999999,False,1,False,CLOSE_INTERACTION_NO_PASS,0.0,,False,0.0,248.6668055555559,-4.6668055555558965,1.77193,True,1.77193,81.9487713452902,8,True,3.0,brake,0.17824187251153953,5465.505555555557,14,941.9556898886449,3,australia_2026_R|NOR|VER,australia_2026_R|L32|australia_2026_R|NOR|VER,,False,v4_t0_anchored_30s_horizon
australia_2026_R_00522,australia_2026_R,2026,Australian Grand Prix,ALO,RUS,63,2026-03-08 04:50:02.218,2026-03-08 04:50:09.698,7.48,7.0,2026-03-08 04:50:32.218,30.0,20,25,14.441666666665697,0.4858878504672571,14.441666666665697,107.0,211.0,-104.0,-104.00000000000603,0.32,True,18.0,1.0,4104.608888888889,corner_T11,224.48393536782532,13.156551439401483,SOFT,9.0,3.0,0.5846560657607933,12727.704148309227,23051.196249280372,400.0,False,1,False,LAPPED_UNLAPPED,,7.8,False,0.0,208.70130331753575,-101.70130331753575,0.245194,True,0.245194,-36.386416749000475,13,True,3.0,corner,0.7510026011622385,5465.505555555557,14,941.9556898886449,3,australia_2026_R|ALO|RUS,australia_2026_R|L20|australia_2026_R|ALO|RUS,,True,v4_t0_anchored_30s_horizon
australia_2026_R_00523,australia_2026_R,2026,Australian Grand Prix,SAI,ALB,23,2026-03-08 04:50:08.938,2026-03-08 04:50:15.258,6.32,6.32,2026-03-08 04:50:38.938,30.0,32,26,92.68805555555554,1.094022950819672,53.21638888888879,305.0,188.0,117.0,54.750000000000036,1.92,True,13.0,12.0,203.00444444444446,straight_01,120.8792961025627,263.6958921111233,HARD,21.0,2.0,0.9511350039043667,13372.263729831551,99791.38039600545,400.00000000000006,False,1,False,CLOSE_INTERACTION_NO_PASS,0.0,,False,0.0,298.0,7.0,1.430593,True,1.430593,40.53066271019281,11,True,3.0,straight,0.03714284843020519,5465.505555555557,14,941.9556898886449,3,australia_2026_R|ALB|SAI,australia_2026_R|L32|australia_2026_R|ALB|SAI,,False,v4_t0_anchored_30s_horizon
australia_2026_R_00524,australia_2026_R,2026,Australian Grand Prix,ANT,RUS,63,2026-03-08 04:50:10.018,2026-03-08 04:50:14.818,4.8,4.8,2026-03-08 04:50:40.018,30.0,32,21,92.76333333333332,1.721381443298969,45.93527777777763,194.0,101.0,93.0,103.76086956521823,1.8399999999999999,True,2.0,1.0,4389.351666666666,straight_08,189.1455443759951,405.63268353532567,HARD,20.0,2.0,0.7935001209340163,9131.272263463798,43366.80928358706,400.0,False,1,False,UNCERTAIN,,,False,0.0,208.0,-14.0,3.063019,True,3.063019,96.61230728336014,12,True,3.0,straight,0.8031007602224451,5465.505555555557,14,941.9556898886449,3,australia_2026_R|ANT|RUS,australia_2026_R|L32|australia_2026_R|ANT|RUS,,True,v4_t0_anchored_30s_horizon
australia_2026_R_00525,australia_2026_R,2026,Australian Grand Prix,VER,NOR,1,2026-03-08 04:50:23.978,2026-03-08 04:50:42.738,18.76,18.76,2026-03-08 04:50:53.978,30.0,32,61,94.25388888888938,1.2118357142857206,40.91388888889014,280.0,135.0,145.0,78.81818181818082,1.76,True,6.0,5.0,3953.56888888889,brake_T11,104.19655143940054,164.19655143940054,MEDIUM,14.0,2.0,0.12616783819894026,8831.51318548867,81057.6021411966,400.0,False,1,False,CLOSE_INTERACTION_NO_PASS,0.0,,False,0.0,272.1554612546126,7.8445387453874105,1.675546,True,1.675546,42.85464782258033,14,True,3.0,brake,0.7233674632111902,5465.505555555557,14,941.9556898886449,3,australia_2026_R|NOR|VER,australia_2026_R|L32|australia_2026_R|NOR|VER,,True,v4_t0_anchored_30s_horizon
australia_2026_R_00526,australia_2026_R,2026,Australian Grand Prix,STR,RUS,63,2026-03-08 04:50:33.698,2026-03-08 04:50:37.258,3.56,3.08,2026-03-08 04:51:03.698,30.0,31,11,98.11972222222232,1.2938864468864484,10.608611111111259,273.0,219.0,54.0,48.01873935264068,1.7610000000000001,True,17.0,1.0,800.0433333333333,straight_02,252.2459409468429,470.1276577088397,SOFT,5.0,3.0,0.09885849547811638,10481.669220340451,91112.27574559994,400.0,False,1,False,LAPPED_UNLAPPED,,3.8,False,0.0,219.0,54.0,1.612401,True,1.612401,42.52897611273808,9,True,3.0,straight,0.1463804812200965,5465.505555555557,14,941.9556898886449,3,australia_2026_R|RUS|STR,australia_2026_R|L31|australia_2026_R|RUS|STR,,False,v4_t0_anchored_30s_horizon
australia_2026_R_00527,australia_2026_R,2026,Australian Grand Prix,PER,BEA,87,2026-03-08 04:51:07.378,2026-03-08 04:51:12.499,5.121,5.121,2026-03-08 04:51:37.378,30.0,32,22,92.39861111111114,1.076488673139159,60.12083333333334,309.0,197.0,112.0,40.299642674834,1.959,True,16.0,8.0,203.03055555555554,straight_01,120.85318499145163,263.6697810000122,HARD,14.0,2.0,0.9629692111646267,13371.97126857446,99791.45368659474,400.0,False,16,True,INVALID,,,False,0.0,302.18793258108684,6.812067418913159,1.326718,True,1.326718,44.921533564807966,13,True,3.0,straight,0.03714762586768936,5465.505555555557,14,941.9556898886449,3,australia_2026_R|BEA|PER,australia_2026_R|L32|australia_2026_R|BEA|PER,,False,v4_t0_anchored_30s_horizon
australia_2026_R_00528,australia_2026_R,2026,Australian Grand Prix,SAI,ALB,23,2026-03-08 04:51:08.378,2026-03-08 04:51:11.459,3.081,3.081,2026-03-08 04:51:38.378,30.0,32,12,95.7219444444454,1.4917705627705775,75.59972222222268,231.0,111.0,120.0,140.6956521739138,1.8399999999999999,True,13.0,12.0,3990.9888888888886,brake_T11,66.77655143940183,126.77655143940183,HARD,21.0,2.0,0.9454101528563637,9367.825058396307,58116.69805835049,400.00000000000045,False,1,False,PIT_RELATED,,,False,0.0,252.31742549362977,-21.31742549362977,2.264951,True,2.264951,109.43101394753805,14,True,3.0,brake,0.7302140393640516,5465.505555555557,14,941.9556898886449,3,australia_2026_R|ALB|SAI,australia_2026_R|L32|australia_2026_R|ALB|SAI,,True,v4_t0_anchored_30s_horizon
australia_2026_R_00529,australia_2026_R,2026,Australian Grand Prix,BEA,LIN,41,2026-03-08 04:51:17.418,2026-03-08 04:51:40.659,23.241,23.241,2026-03-08 04:51:47.418,30.0,33,87,95.13277777777807,1.2453745454545493,43.329166666666424,275.0,186.0,89.0,30.174999999999585,1.6,True,8.0,7.0,913.7394444444442,straight_02,138.549829835732,356.4315465977288,HARD,15.0,2.0,0.9191628142302882,6383.0475393749375,90527.2362929817,400.0,False,16,True,INVALID,,,False,0.0,287.1559065934066,-12.155906593406598,1.427884,True,1.427884,1.2808049097592917,12,True,3.0,straight,0.1671829687403116,5465.505555555557,14,941.9556898886449,3,australia_2026_R|BEA|LIN,australia_2026_R|L33|australia_2026_R|BEA|LIN,,False,v4_t0_anchored_30s_horizon
australia_2026_R_00530,australia_2026_R,2026,Australian Grand Prix,SAI,ALB,23,2026-03-08 04:51:49.178,2026-03-08 04:51:52.419,3.241,3.241,2026-03-08 04:52:19.178,30.0,33,13,98.61055555555606,1.811214285714295,81.83277777777835,196.0,94.0,102.0,142.07197549770228,1.959,True,14.0,12.0,996.2547222222221,brake_T3,56.0345520579541,273.9162688199509,HARD,22.0,2.0,0.962930348589767,9290.952783153807,45560.602314744334,399.9999999999999,False,167,True,PIT_RELATED,,,False,1.0,224.09236180904566,-28.092361809045656,2.704869,True,2.704869,137.4357331637657,13,True,3.0,brake,0.18228043354736922,5465.505555555557,14,941.9556898886449,3,australia_2026_R|ALB|SAI,australia_2026_R|L33|australia_2026_R|ALB|SAI,,False,v4_t0_anchored_30s_horizon
australia_2026_R_00531,australia_2026_R,2026,Australian Grand Prix,BEA,LIN,41,2026-03-08 04:51:49.778,2026-03-08 04:52:25.459,35.681,35.681,2026-03-08 04:52:19.778,30.0,33,130,99.63249999999789,1.1533022508038342,35.80194444443896,311.0,303.0,8.0,8.212765957447466,1.88,True,8.0,7.0,2996.7130555555577,straight_05,252.44876875326645,416.9355195999433,HARD,15.0,2.0,0.9191628142302882,16887.02533588065,72015.12075643537,400.0,False,16,True,INVALID,,,False,0.0,306.3801879084965,4.619812091503491,1.18083,True,1.18083,8.144035100485075,12,True,3.0,straight,0.5482956745894201,5465.505555555557,14,941.9556898886449,3,australia_2026_R|BEA|LIN,australia_2026_R|L33|australia_2026_R|BEA|LIN,,False,v4_t0_anchored_30s_horizon
australia_2026_R_00532,australia_2026_R,2026,Australian Grand Prix,BOR,BEA,87,2026-03-08 04:52:27.739,2026-03-08 04:52:31.499,3.76,3.76,2026-03-08 04:52:57.739,30.0,33,17,70.82027777778694,1.3141907216496547,55.253611111121245,194.0,96.0,98.0,87.80851063829842,1.88,True,11.0,8.0,4860.137499999996,straight_09,,,HARD,15.0,2.0,0.5409414754179335,27792.60131091315,95.91419059177096,400.0,False,16,True,PIT_RELATED,,,False,2.0,81.22617283950866,112.77382716049134,2.885234,True,2.885234,74.38258112956092,7,True,3.0,straight,0.8892384154764569,5465.505555555557,14,941.9556898886449,3,australia_2026_R|BEA|BOR,australia_2026_R|L33|australia_2026_R|BEA|BOR,,True,v4_t0_anchored_30s_horizon
australia_2026_R_00533,australia_2026_R,2026,Australian Grand Prix,BEA,LIN,41,2026-03-08 04:52:38.339,2026-03-08 04:52:45.419,7.08,7.08,2026-03-08 04:53:08.339,30.0,34,26,94.80416666666667,1.6408413461538462,75.80416666666656,208.0,119.0,89.0,104.48288973384022,1.841,True,8.0,7.0,267.89750000000004,brake_T1,55.98624054700713,198.80283655556775,HARD,16.0,2.0,0.9191628142302882,17240.36004486966,53075.58520280473,400.0,False,671,True,INVALID,,,False,0.0,194.62440154440148,13.37559845559852,2.408427,True,2.408427,97.3942612090296,12,True,3.0,brake,0.04901605117347078,5465.505555555557,14,941.9556898886449,3,australia_2026_R|BEA|LIN,australia_2026_R|L34|australia_2026_R|BEA|LIN,,False,v4_t0_anchored_30s_horizon
australia_2026_R_00534,australia_2026_R,2026,Australian Grand Prix,OCO,GAS,10,2026-03-08 04:52:51.539,2026-03-08 04:57:54.261,302.722,301.363,2026-03-08 04:53:21.539,30.0,34,1037,93.36722222222215,1.4425836909871235,10.002222222222201,233.0,126.0,107.0,70.07500000000019,1.6800000000000002,True,10.0,9.0,234.9163888888889,brake_T1,88.96735165811828,231.7839476666789,HARD,23.0,2.0,0.7634977702984346,15242.368738936819,77145.72644851096,399.99999999999994,False,671,True,INVALID,,,False,0.0,242.73055555555555,-9.730555555555554,1.881095,True,1.881095,40.3761909929413,11,True,3.0,brake,0.042981639392919824,5465.505555555557,14,941.9556898886449,3,australia_2026_R|GAS|OCO,australia_2026_R|L34|australia_2026_R|GAS|OCO,,False,v4_t0_anchored_30s_horizon
australia_2026_R_00535,australia_2026_R,2026,Australian Grand Prix,SAI,ALB,23,2026-03-08 04:53:16.299,2026-03-08 04:53:21.219,4.92,4.92,2026-03-08 04:53:46.299,30.0,33,19,38.22777777778538,3.52871794871865,34.25305555556315,39.0,3.0,36.0,,,False,14.0,12.0,5072.723333333326,straight_09,,,HARD,22.0,2.0,0.962930348589767,27291.099260592408,94.18347230820605,392.7822222222312,True,167,True,PIT_RELATED,,,False,1.0,76.20752895753652,-37.207528957536525,6.242621,True,6.242621,60.42079353916305,10,True,3.0,straight,0.9281343293443408,5465.505555555557,14,941.9556898886449,3,australia_2026_R|ALB|SAI,australia_2026_R|L33|australia_2026_R|ALB|SAI,,True,v4_t0_anchored_30s_horizon
australia_2026_R_00536,australia_2026_R,2026,Australian Grand Prix,SAI,LAW,30,2026-03-08 04:53:28.619,2026-03-08 04:54:06.059,37.44,37.44,2026-03-08 04:53:58.619,30.0,33,127,12.532777777778392,2.374631578947485,12.532777777778392,19.0,65.0,-46.0,-42.03846153846055,1.04,True,14.0,13.0,5102.567499999994,straight_09,,,HARD,22.0,2.0,0.962930348589767,25217.48169653456,87.0272745839077,362.93805555556355,True,167,True,PIT_RELATED,,,False,1.0,37.120731707315336,-18.120731707315336,0.83517,True,0.83517,-22.42976461655835,14,True,3.0,straight,0.933594787917351,5465.505555555557,14,941.9556898886449,3,australia_2026_R|LAW|SAI,australia_2026_R|L33|australia_2026_R|LAW|SAI,,True,v4_t0_anchored_30s_horizon
australia_2026_R_00537,australia_2026_R,2026,Australian Grand Prix,VER,NOR,1,2026-03-08 04:53:31.459,2026-03-08 04:53:46.179,14.72,12.401,2026-03-08 04:54:01.459,30.0,34,34,10.554444444442197,0.23168292682921895,10.554444444442197,164.0,181.0,-17.0,-17.630777596520023,1.839,True,5.0,6.0,4180.100000000002,straight_07,148.99282425671208,208.99282425671208,MEDIUM,16.0,2.0,0.08964703798704797,11830.555125719564,44654.282573790064,400.0,False,167,True,PIT_RELATED,,15.08,False,-1.0,174.40220648089002,-10.402206480890015,0.210469,True,0.210469,-15.069980393785366,12,True,3.0,straight,0.7648148844622488,5465.505555555557,14,941.9556898886449,3,australia_2026_R|NOR|VER,australia_2026_R|L34|australia_2026_R|NOR|VER,,True,v4_t0_anchored_30s_horizon
australia_2026_R_00538,australia_2026_R,2026,Australian Grand Prix,COL,LEC,16,2026-03-08 04:53:35.539,2026-03-08 04:54:02.419,26.88,26.88,2026-03-08 04:54:05.539,30.0,34,96,11.180555555555557,0.13831615120274918,10.4247222222222,291.0,291.0,0.0,,,False,13.0,3.0,26.497222222222216,straight_01,297.38651832478496,440.2031143333456,HARD,34.0,2.0,0.9516256356538269,16269.747895730654,99520.54645697384,400.0,False,1,False,LAPPED_UNLAPPED,,,False,-2.0,291.0,0.0,0.136199,True,0.136199,-22.93915446903228,12,True,3.0,straight,0.004848082570383341,5465.505555555557,14,941.9556898886449,3,australia_2026_R|COL|LEC,australia_2026_R|L34|australia_2026_R|COL|LEC,,False,v4_t0_anchored_30s_horizon
australia_2026_R_00539,australia_2026_R,2026,Australian Grand Prix,LAW,COL,43,2026-03-08 04:53:36.940,2026-03-08 04:53:44.420,7.48,7.48,2026-03-08 04:54:06.940,30.0,34,26,18.703888888888926,0.40319760479042,18.703888888888926,167.0,281.0,-114.0,-114.00000000000027,0.28,True,14.0,13.0,121.64888888888886,straight_01,202.23485165811832,345.05144766667894,SOFT,1.0,3.0,0.8036192820752563,14283.498335964137,99563.02563227495,400.00000000000006,False,1,True,PIT_RELATED,,,False,1.0,293.95437214031523,-126.95437214031523,0.241814,True,0.241814,-181.140236028781,12,True,3.0,straight,0.02225757300076946,5465.505555555557,14,941.9556898886449,3,australia_2026_R|COL|LAW,australia_2026_R|L34|australia_2026_R|COL|LAW,,False,v4_t0_anchored_30s_horizon
australia_2026_R_00540,australia_2026_R,2026,Australian Grand Prix,BEA,LIN,41,2026-03-08 04:54:07.339,2026-03-08 04:55:31.460,84.121,84.121,2026-03-08 04:54:37.339,30.0,35,311,80.3575,0.9453823529411765,24.363055555560095,306.0,314.0,-8.0,,,False,7.0,6.0,62.727777777777774,straight_01,261.1559627692294,403.97255877779,HARD,17.0,2.0,0.9149976511008538,15034.408337883888,99419.8346960565,400.0,False,1,False,CLOSE_INTERACTION_NO_PASS,0.0,,False,-1.0,312.9946325878594,-6.994632587859428,0.921073,True,0.921073,-36.456711828037626,12,True,3.0,straight,0.01147703119869972,5465.505555555557,14,941.9556898886449,3,australia_2026_R|BEA|LIN,australia_2026_R|L35|australia_2026_R|BEA|LIN,,False,v4_t0_anchored_30s_horizon
australia_2026_R_00541,australia_2026_R,2026,Australian Grand Prix,NOR,BEA,87,2026-03-08 04:54:07.619,2026-03-08 04:54:14.219,6.6,6.6,2026-03-08 04:54:37.619,30.0,35,27,18.02222222222224,0.6063551401869165,18.02222222222224,107.0,306.0,-199.0,-199.00000000000014,0.28,True,8.0,7.0,68.55305555555555,straight_01,255.33068499145162,398.14728100001224,MEDIUM,1.0,3.0,0.6995880692963812,14878.205857096382,99413.9923377063,400.0,False,1,True,PIT_RELATED,,,False,2.0,306.0,-199.0,0.211467,True,0.211467,-216.17249875091883,13,True,3.0,straight,0.01254285717189931,5465.505555555557,14,941.9556898886449,3,australia_2026_R|BEA|NOR,australia_2026_R|L35|australia_2026_R|BEA|NOR,,False,v4_t0_anchored_30s_horizon
australia_2026_R_00542,australia_2026_R,2026,Australian Grand Prix,COL,LEC,16,2026-03-08 04:54:35.980,2026-03-08 04:54:40.180,4.2,4.2,2026-03-08 04:55:05.980,30.0,34,17,93.713055555555,1.1714131944444375,65.21305555555591,288.0,138.0,150.0,91.63742365352599,1.8010000000000002,True,13.0,3.0,3979.676666666667,brake_T11,78.08877366162324,138.08877366162324,HARD,34.0,2.0,0.906770203530962,9167.744397314822,65073.809825101634,400.0,False,1,False,LAPPED_UNLAPPED,,,False,-2.0,269.6361538461538,18.363846153846225,1.7064460000000001,True,1.7064460000000001,56.68305030912231,10,True,3.0,brake,0.7281442908097349,5465.505555555557,14,941.9556898886449,3,australia_2026_R|COL|LEC,australia_2026_R|L34|australia_2026_R|COL|LEC,,True,v4_t0_anchored_30s_horizon
australia_2026_R_00543,australia_2026_R,2026,Australian Grand Prix,LAW,COL,43,2026-03-08 04:54:38.700,2026-03-08 04:54:42.060,3.36,3.36,2026-03-08 04:55:08.700,30.0,34,14,98.83388888888749,1.4007952755905313,71.85611111110939,254.0,105.0,149.0,139.7599999999995,2.0,True,14.0,13.0,3996.960555555557,brake_T11,60.8048847727332,120.8048847727332,SOFT,1.0,3.0,0.8036192820752563,9616.049846635095,54361.47983098893,400.0,False,1,True,PIT_RELATED,,,False,1.0,242.0453576864513,11.954642313548703,2.45926,True,2.45926,123.77676352513893,11,True,3.0,brake,0.7313066494814449,5465.505555555557,14,941.9556898886449,3,australia_2026_R|COL|LAW,australia_2026_R|L34|australia_2026_R|COL|LAW,,True,v4_t0_anchored_30s_horizon
australia_2026_R_00544,australia_2026_R,2026,Australian Grand Prix,SAI,LAW,30,2026-03-08 04:54:40.180,2026-03-08 04:54:45.140,4.96,4.96,2026-03-08 04:55:10.180,30.0,34,17,97.13138888888989,1.197510273972615,44.78555555555613,292.0,131.0,161.0,101.04255319148803,1.88,True,15.0,14.0,3971.706944444445,brake_T11,86.05849588384535,146.05849588384535,MEDIUM,1.0,3.0,0.962930348589767,9065.105659406745,69953.06021175825,400.0,False,1,True,PIT_RELATED,,,False,1.0,260.90242248062043,31.09757751937957,1.836096,True,1.836096,72.03673211844126,12,True,3.0,brake,0.7266861050771961,5465.505555555557,14,941.9556898886449,3,australia_2026_R|LAW|SAI,australia_2026_R|L34|australia_2026_R|LAW|SAI,,True,v4_t0_anchored_30s_horizon
australia_2026_R_00545,australia_2026_R,2026,Australian Grand Prix,ALB,ANT,12,2026-03-08 04:55:06.900,2026-03-08 04:55:12.140,5.24,5.24,2026-03-08 04:55:36.900,30.0,35,22,93.50138888888955,1.4508836206896656,65.96805555555625,232.0,113.0,119.0,139.72727272727184,1.76,True,12.0,2.0,981.6624999999995,brake_T3,70.62677428017673,288.50849104217355,SOFT,2.0,3.0,1.0,8564.099328090546,55795.61827178379,400.0,False,1,False,LAPPED_UNLAPPED,,,False,0.0,242.07551263710138,-10.075512637101383,2.271025,True,2.271025,115.72925498704006,11,True,3.0,brake,0.17961055752695423,5465.505555555557,14,941.9556898886449,3,australia_2026_R|ALB|ANT,australia_2026_R|L35|australia_2026_R|ALB|ANT,,False,v4_t0_anchored_30s_horizon
australia_2026_R_00546,australia_2026_R,2026,Australian Grand Prix,SAI,HAM,44,2026-03-08 04:55:07.060,2026-03-08 04:55:40.820,33.76,33.76,2026-03-08 04:55:37.060,30.0,35,130,75.58472222222224,0.8834577922077924,22.37611111111073,308.0,310.0,-2.0,,,False,15.0,4.0,22.238888888888887,straight_01,301.6448516581183,444.4614476666789,MEDIUM,2.0,3.0,0.9619944593000601,16414.942677773062,99532.383544261,400.0,False,1,False,LAPPED_UNLAPPED,,,False,0.0,307.3976051779935,0.6023948220064881,0.880239,True,0.880239,-0.6820641780117719,11,True,3.0,straight,0.004068953670037638,5465.505555555557,14,941.9556898886449,3,australia_2026_R|HAM|SAI,australia_2026_R|L35|australia_2026_R|HAM|SAI,,False,v4_t0_anchored_30s_horizon
australia_2026_R_00547,australia_2026_R,2026,Australian Grand Prix,LAW,COL,43,2026-03-08 04:55:18.060,2026-03-08 04:55:25.420,7.36,7.36,2026-03-08 04:55:48.060,30.0,35,30,98.38166666666712,1.4757250000000066,59.92611111111205,240.0,107.0,133.0,139.30434782608637,1.8399999999999999,True,14.0,13.0,963.7394444444442,brake_T3,88.549829835732,306.4315465977288,SOFT,2.0,3.0,0.8254207176508577,7671.333671328091,68366.88787119038,400.0,False,1,False,CLOSE_INTERACTION_NO_PASS,0.0,,False,0.0,263.27801724137953,-23.27801724137953,2.274712,True,2.274712,114.10153760134678,12,True,3.0,brake,0.17633125328448818,5465.505555555557,14,941.9556898886449,3,australia_2026_R|COL|LAW,australia_2026_R|L35|australia_2026_R|COL|LAW,,False,v4_t0_anchored_30s_horizon
australia_2026_R_00548,australia_2026_R,2026,Australian Grand Prix,NOR,BEA,87,2026-03-08 04:55:19.860,2026-03-08 04:55:25.420,5.56,5.56,2026-03-08 04:55:49.860,30.0,35,23,99.96000000000004,1.7553951219512203,55.44277777777734,205.0,94.0,111.0,80.79999999999927,1.8,True,8.0,7.0,4489.365,brake_T13,89.13221104266086,305.61935020199144,MEDIUM,1.0,3.0,0.6995880692963812,12022.087225022071,33215.420218308456,400.0,False,1,True,PIT_RELATED,,,False,2.0,216.8947580645163,-11.89475806451631,2.654032,True,2.654032,56.91348402182143,12,True,3.0,brake,0.8213997688533435,5465.505555555557,14,941.9556898886449,3,australia_2026_R|BEA|NOR,australia_2026_R|L35|australia_2026_R|BEA|NOR,,True,v4_t0_anchored_30s_horizon
australia_2026_R_00549,australia_2026_R,2026,Australian Grand Prix,BEA,LIN,41,2026-03-08 04:55:33.820,2026-03-08 04:55:39.500,5.68,5.68,2026-03-08 04:56:03.820,30.0,36,23,98.4711111111111,1.1895838926174496,60.295000000000016,298.0,220.0,78.0,16.608695652173928,1.8399999999999999,True,7.0,6.0,191.21666666666664,straight_01,132.66707388034052,275.48366988890115,HARD,18.0,2.0,0.9297642664784257,13504.294430957756,99758.29359337752,400.00000000000006,False,1,False,CLOSE_INTERACTION_NO_PASS,0.0,,False,0.0,298.72719594594594,-0.7271959459459367,1.290905,True,1.290905,27.90588910981863,12,True,3.0,straight,0.034986089525112535,5465.505555555557,14,941.9556898886449,3,australia_2026_R|BEA|LIN,australia_2026_R|L36|australia_2026_R|BEA|LIN,,False,v4_t0_anchored_30s_horizon
australia_2026_R_00550,australia_2026_R,2026,Australian Grand Prix,LAW,COL,43,2026-03-08 04:55:51.940,2026-03-08 04:55:56.141,4.201,4.201,2026-03-08 04:56:21.940,30.0,35,15,98.63083333333225,1.245863157894723,86.93083333333152,285.0,202.0,83.0,69.44000000000042,2.0,True,14.0,13.0,3194.9344444444455,brake_T9,54.22737986437869,218.71413071105553,SOFT,2.0,3.0,0.7767889667952822,18220.671861876726,37371.37578347018,400.0,False,1,False,CLOSE_INTERACTION_NO_PASS,0.0,,False,0.0,260.8704367897712,24.12956321022881,1.616394,True,1.616394,50.99008383563026,12,True,3.0,brake,0.5845633879553686,5465.505555555557,14,941.9556898886449,3,australia_2026_R|COL|LAW,australia_2026_R|L35|australia_2026_R|COL|LAW,,False,v4_t0_anchored_30s_horizon
australia_2026_R_00551,australia_2026_R,2026,Australian Grand Prix,SAI,HAM,44,2026-03-08 04:56:07.180,2026-03-08 04:56:10.461,3.281,3.281,2026-03-08 04:56:37.180,30.0,35,14,90.20611111111111,1.3419090909090912,69.54527777777912,242.0,117.0,125.0,112.28571428571406,1.96,True,15.0,4.0,3990.8388888888912,brake_T11,66.92655143939919,126.92655143939919,MEDIUM,2.0,3.0,0.9272082482036512,9361.589995337092,58211.02394181589,400.0,False,1,False,LAPPED_UNLAPPED,,,False,0.0,264.19689189189165,-22.196891891891653,2.075486,True,2.075486,81.44568862613707,9,True,3.0,brake,0.7301865945104196,5465.505555555557,14,941.9556898886449,3,australia_2026_R|HAM|SAI,australia_2026_R|L35|australia_2026_R|HAM|SAI,,True,v4_t0_anchored_30s_horizon
australia_2026_R_00552,australia_2026_R,2026,Australian Grand Prix,BEA,LIN,41,2026-03-08 04:56:19.780,2026-03-08 04:56:25.580,5.8,5.8,2026-03-08 04:56:49.780,30.0,36,24,99.31972222222203,1.2501783216783193,80.53861111111019,286.0,224.0,62.0,44.24999999999882,1.76,True,7.0,6.0,3171.184166666668,brake_T9,77.97765764215637,242.46440848883321,HARD,18.0,2.0,0.921988606878407,16930.310088186725,49955.83922854146,400.0,False,1,False,CLOSE_INTERACTION_NO_PASS,0.0,,False,0.0,290.5957366215345,-4.595736621534513,1.4509319999999999,True,1.4509319999999999,30.43307778208202,10,True,3.0,brake,0.5802179019730817,5465.505555555557,14,941.9556898886449,3,australia_2026_R|BEA|LIN,australia_2026_R|L36|australia_2026_R|BEA|LIN,,False,v4_t0_anchored_30s_horizon
australia_2026_R_00553,australia_2026_R,2026,Australian Grand Prix,NOR,BEA,87,2026-03-08 04:56:32.660,2026-03-08 04:56:52.500,19.84,19.84,2026-03-08 04:57:02.660,30.0,36,78,96.05527777777888,1.1761870748299454,38.33805555555318,294.0,162.0,132.0,77.89342033714198,1.839,True,8.0,7.0,3962.3927777777785,brake_T11,95.3726625505119,155.3726625505119,MEDIUM,2.0,3.0,0.646175206772943,8945.152380650501,75655.41093898923,400.00000000000045,False,1,False,CLOSE_INTERACTION_NO_PASS,0.0,,False,0.0,263.8020447110143,30.197955288985725,1.643095,True,1.643095,53.42178361243235,12,True,3.0,brake,0.7249819321380252,5465.505555555557,14,941.9556898886449,3,australia_2026_R|BEA|NOR,australia_2026_R|L36|australia_2026_R|BEA|NOR,,True,v4_t0_anchored_30s_horizon
australia_2026_R_00554,australia_2026_R,2026,Australian Grand Prix,LAW,COL,43,2026-03-08 04:56:43.541,2026-03-08 04:56:48.741,5.2,5.2,2026-03-08 04:57:13.541,30.0,36,23,99.66555555555544,1.7502243902439005,70.57361111111095,205.0,110.0,95.0,55.48888888888905,1.8,True,14.0,13.0,967.1774999999999,brake_T3,85.11177428017629,302.9934910421731,SOFT,3.0,3.0,0.8446437188248394,7842.586721151398,65955.42833223737,399.9999999999999,False,1,False,CLOSE_INTERACTION_NO_PASS,0.0,,False,0.0,260.4083867521369,-55.40838675213689,2.20588,True,2.20588,19.3785445936865,13,True,3.0,brake,0.17696029949450637,5465.505555555557,14,941.9556898886449,3,australia_2026_R|COL|LAW,australia_2026_R|L36|australia_2026_R|COL|LAW,,False,v4_t0_anchored_30s_horizon
australia_2026_R_00555,australia_2026_R,2026,Australian Grand Prix,SAI,LAW,30,2026-03-08 04:56:45.780,2026-03-08 04:56:53.300,7.52,7.52,2026-03-08 04:57:15.780,30.0,36,30,95.43611111111102,1.3265250965250952,49.89388888888857,259.0,105.0,154.0,152.7191245440332,1.919,True,15.0,14.0,959.7138888888891,brake_T3,92.57538539128711,310.4571021532839,MEDIUM,3.0,3.0,0.9805608403235452,7470.816647975169,71190.42116993011,399.9999999999999,False,1,False,CLOSE_INTERACTION_NO_PASS,0.0,,False,0.0,205.0,54.0,2.370068,True,2.370068,131.6970225078423,14,True,3.0,brake,0.175594714731076,5465.505555555557,14,941.9556898886449,3,australia_2026_R|LAW|SAI,australia_2026_R|L36|australia_2026_R|LAW|SAI,,False,v4_t0_anchored_30s_horizon
australia_2026_R_00556,australia_2026_R,2026,Australian Grand Prix,BEA,LIN,41,2026-03-08 04:57:09.541,2026-03-08 04:58:30.621,81.08,81.08,2026-03-08 04:57:39.541,30.0,37,298,96.1033333333337,1.2356142857142904,12.509166666663077,280.0,209.0,71.0,11.170212765956867,1.88,True,7.0,6.0,892.787222222222,straight_02,159.5020520579542,377.383768819951,HARD,19.0,2.0,0.9487393060548358,6697.3663811251745,90641.46550109098,400.0,False,1,False,CLOSE_INTERACTION_NO_PASS,0.0,,False,0.0,287.5288194444444,-7.528819444444423,1.355388,True,1.355388,-6.079256360081961,12,True,3.0,straight,0.16334943092587745,5465.505555555557,14,941.9556898886449,3,australia_2026_R|BEA|LIN,australia_2026_R|L37|australia_2026_R|BEA|LIN,,False,v4_t0_anchored_30s_horizon
australia_2026_R_00557,australia_2026_R,2026,Australian Grand Prix,PER,OCO,31,2026-03-08 04:57:12.061,2026-03-08 04:57:17.821,5.76,5.76,2026-03-08 04:57:42.061,30.0,36,23,97.875,1.1150316455696203,63.25750000000005,316.0,230.0,86.0,23.70000000000001,2.0,True,16.0,9.0,193.76444444444445,straight_01,130.1192961025627,272.93589211112334,HARD,18.0,2.0,0.951416477545974,13475.757679361715,99765.44488364295,400.00000000000006,False,1,False,LAPPED_UNLAPPED,,,False,0.0,307.29313909774436,8.706860902255642,1.270519,True,1.270519,17.21594278736337,12,True,3.0,straight,0.035452245446441356,5465.505555555557,14,941.9556898886449,3,australia_2026_R|OCO|PER,australia_2026_R|L36|australia_2026_R|OCO|PER,,False,v4_t0_anchored_30s_horizon
australia_2026_R_00558,australia_2026_R,2026,Australian Grand Prix,LAW,COL,43,2026-03-08 04:57:20.541,2026-03-08 04:58:39.302,78.761,76.72,2026-03-08 04:57:50.541,30.0,36,277,99.42444444444754,1.6883396226415621,10.199722222228957,212.0,198.0,14.0,15.297872340424101,1.88,True,14.0,13.0,3334.0197222222214,brake_T10,19.62885293327963,79.62885293327963,SOFT,3.0,3.0,0.8133997987688019,25554.06900162083,1144.2796244413826,400.0,False,1,False,CLOSE_INTERACTION_NO_PASS,0.0,85.001,True,0.0,203.11784552845492,8.882154471545078,1.865858,True,1.865858,30.026233194367318,10,True,3.0,brake,0.6100112218957072,5465.505555555557,14,941.9556898886449,3,australia_2026_R|COL|LAW,australia_2026_R|L36|australia_2026_R|COL|LAW,,False,v4_t0_anchored_30s_horizon
australia_2026_R_00559,australia_2026_R,2026,Australian Grand Prix,SAI,LAW,30,2026-03-08 04:57:31.981,2026-03-08 04:57:35.421,3.44,3.44,2026-03-08 04:58:01.981,30.0,36,11,86.92527777777832,1.3038791666666747,66.03555555555567,240.0,109.0,131.0,141.89795918367335,1.96,True,15.0,14.0,4007.367222222221,brake_T11,50.398218106069635,110.39821810606963,MEDIUM,3.0,3.0,0.9406164889994414,10048.624665993799,47817.35964912151,400.00000000000045,False,1,False,CLOSE_INTERACTION_NO_PASS,0.0,,False,0.0,215.19577235772442,24.804227642275578,2.189404,True,2.189404,120.9349943088296,13,True,3.0,brake,0.7332107124379055,5465.505555555557,14,941.9556898886449,3,australia_2026_R|LAW|SAI,australia_2026_R|L36|australia_2026_R|LAW|SAI,,True,v4_t0_anchored_30s_horizon
australia_2026_R_00560,australia_2026_R,2026,Australian Grand Prix,GAS,OCO,31,2026-03-08 04:58:08.781,2026-03-08 04:59:21.222,72.441,69.921,2026-03-08 04:58:38.781,30.0,37,242,11.106944444445162,0.1777111111111226,10.08749999999975,225.0,245.0,-20.0,-13.511485451761871,1.959,True,10.0,9.0,3998.4905555555547,brake_T11,59.27488477273573,119.27488477273573,HARD,26.0,2.0,0.9525102896861706,9679.647489839868,53399.35581962663,399.99999999999955,False,1,False,CLOSE_INTERACTION_NO_PASS,0.0,73.28,True,1.0,253.04510204081666,-28.04510204081666,0.160902,True,0.160902,-12.747932018022617,11,True,3.0,brake,0.7315865869884961,5465.505555555557,14,941.9556898886449,3,australia_2026_R|GAS|OCO,australia_2026_R|L37|australia_2026_R|GAS|OCO,,True,v4_t0_anchored_30s_horizon
australia_2026_R_00561,australia_2026_R,2026,Australian Grand Prix,COL,HAM,44,2026-03-08 04:58:08.781,2026-03-08 04:58:12.542,3.761,3.761,2026-03-08 04:58:38.781,30.0,37,15,98.86777777777809,1.5610701754386016,73.31222222222232,228.0,106.0,122.0,155.322613578356,1.959,True,14.0,4.0,967.8177777777776,brake_T3,84.47149650239862,302.35321326439544,HARD,37.0,2.0,0.9949112758930976,7874.4796095607635,65506.336125944625,400.0,False,1,False,LAPPED_UNLAPPED,,,False,1.0,255.7076251646909,-27.70762516469091,2.473201,True,2.473201,136.36632984772808,11,True,3.0,brake,0.17707744836047484,5465.505555555557,14,941.9556898886449,3,australia_2026_R|COL|HAM,australia_2026_R|L37|australia_2026_R|COL|HAM,,False,v4_t0_anchored_30s_horizon
australia_2026_R_00562,australia_2026_R,2026,Australian Grand Prix,SAI,LAW,30,2026-03-08 04:58:09.861,2026-03-08 04:58:39.302,29.441,29.441,2026-03-08 04:58:39.861,30.0,37,112,90.70305555555558,1.0920769230769234,13.612777777777637,299.0,169.0,130.0,69.09302325581386,1.72,True,15.0,13.0,907.0877777777778,straight_02,145.2014965023984,363.0832132643952,MEDIUM,4.0,3.0,0.9645796859599627,6482.833812172186,90563.50044710728,400.0,False,1,False,CLOSE_INTERACTION_NO_PASS,0.0,,False,0.0,286.44848484848484,12.551515151515162,1.506909,True,1.506909,34.17568121248136,11,True,3.0,straight,0.16596594195311803,5465.505555555557,14,941.9556898886449,3,australia_2026_R|LAW|SAI,australia_2026_R|L37|australia_2026_R|LAW|SAI,,False,v4_t0_anchored_30s_horizon
australia_2026_R_00563,australia_2026_R,2026,Australian Grand Prix,BOR,GAS,10,2026-03-08 04:58:11.661,2026-03-08 04:58:15.021,3.36,3.36,2026-03-08 04:58:41.661,30.0,37,13,95.64972222222104,1.2896591760299465,67.16333333333296,267.0,91.0,176.0,173.0222222222228,1.8,True,11.0,10.0,4009.278055555556,brake_T11,48.48738477273446,108.48738477273446,HARD,4.0,3.0,0.409506904629479,10128.052441521564,46615.752700287354,400.00000000000045,False,1,False,CLOSE_INTERACTION_NO_PASS,0.0,,False,0.0,216.0,51.0,2.700208,True,2.700208,148.68387441625242,11,True,3.0,brake,0.7335603293789025,5465.505555555557,14,941.9556898886449,3,australia_2026_R|BOR|GAS,australia_2026_R|L37|australia_2026_R|BOR|GAS,,True,v4_t0_anchored_30s_horizon
australia_2026_R_00564,australia_2026_R,2026,Australian Grand Prix,NOR,LIN,41,2026-03-08 04:58:33.582,2026-03-08 04:59:45.582,72.0,69.479,2026-03-08 04:59:03.582,30.0,38,247,99.44361111111073,1.15482903225806,10.031944444439432,310.0,267.0,43.0,21.457142857142834,1.4,True,7.0,6.0,862.1691666666669,straight_02,190.12010761350928,408.0018243755061,MEDIUM,4.0,3.0,0.7221143151823328,7582.299113998373,90809.02867564253,400.0000000000001,False,1,False,CLOSE_INTERACTION_NO_PASS,0.0,72.8,True,-1.0,287.45348462301587,22.546515376984132,1.273024,True,1.273024,8.460846712732288,13,True,3.0,straight,0.15774737723764498,5465.505555555557,14,941.9556898886449,3,australia_2026_R|LIN|NOR,australia_2026_R|L38|australia_2026_R|LIN|NOR,,False,v4_t0_anchored_30s_horizon
australia_2026_R_00565,australia_2026_R,2026,Australian Grand Prix,BEA,NOR,1,2026-03-08 04:58:33.582,2026-03-08 04:59:44.542,70.96,70.96,2026-03-08 04:59:03.582,30.0,38,273,12.003888888889264,0.15657246376812084,11.281111111111386,276.0,310.0,-34.0,-29.742857142856987,1.4,True,8.0,7.0,850.1397222222221,straight_02,202.1495520579541,420.0312688199509,HARD,20.0,2.0,0.9657449531030451,8133.489250859375,90872.04460254754,400.0000000000001,False,1,False,CLOSE_INTERACTION_NO_PASS,0.0,,False,1.0,308.83586021505374,-32.83586021505374,0.139696,True,0.139696,-24.60931851196023,13,True,3.0,straight,0.15554640162392208,5465.505555555557,14,941.9556898886449,3,australia_2026_R|BEA|NOR,australia_2026_R|L38|australia_2026_R|BEA|NOR,,False,v4_t0_anchored_30s_horizon
australia_2026_R_00566,australia_2026_R,2026,Australian Grand Prix,SAI,COL,43,2026-03-08 04:58:39.702,2026-03-08 04:58:57.941,18.239,17.119,2026-03-08 04:59:09.702,30.0,37,67,91.49027777777792,1.032492163009406,10.873611111112496,319.0,300.0,19.0,,,False,15.0,14.0,2744.9880555555565,straight_05,504.1737687532677,668.6605195999446,MEDIUM,4.0,3.0,0.9410251984885053,32317.236926623867,8975.921460996216,400.0,False,1,False,ON_TRACK_PASS,1.0,18.679,False,0.0,301.67179695798586,17.328203042014138,1.096262,True,1.096262,16.475892092796094,9,True,3.0,straight,0.502238636051763,5465.505555555557,14,941.9556898886449,3,australia_2026_R|COL|SAI,australia_2026_R|L37|australia_2026_R|COL|SAI,,False,v4_t0_anchored_30s_horizon
australia_2026_R_00567,australia_2026_R,2026,Australian Grand Prix,COL,LAW,30,2026-03-08 04:58:42.261,2026-03-08 04:58:57.941,15.68,15.68,2026-03-08 04:59:12.261,30.0,37,62,10.423333333330447,0.12719999999996479,10.423333333330447,295.0,301.0,-6.0,-10.658328898348952,1.879,True,14.0,13.0,3047.6100000000015,straight_05,201.5518243088227,366.03857515549953,HARD,37.0,2.0,0.9175870237505737,15668.006548200934,72073.10997288556,400.0,False,1,False,CLOSE_INTERACTION_NO_PASS,0.0,,False,1.0,302.9891507475078,-7.989150747507779,0.127305,True,0.127305,-12.688069040413822,12,True,3.0,straight,0.5576080691935584,5465.505555555557,14,941.9556898886449,3,australia_2026_R|COL|LAW,australia_2026_R|L37|australia_2026_R|COL|LAW,,False,v4_t0_anchored_30s_horizon
australia_2026_R_00568,australia_2026_R,2026,Australian Grand Prix,SAI,LAW,30,2026-03-08 04:59:08.221,2026-03-08 04:59:12.022,3.801,3.801,2026-03-08 04:59:38.221,30.0,37,17,38.392777777776246,0.8638374999999655,25.13722222222077,160.0,102.0,58.0,,,False,15.0,13.0,4538.397777777776,brake_T13,40.09943326488428,256.58657242421486,MEDIUM,4.0,3.0,1.0,14632.966557568581,17271.490159225774,400.0,False,1,False,CLOSE_INTERACTION_NO_PASS,0.0,,False,0.0,158.0,2.0,1.154449,True,1.154449,32.62034919861383,12,True,3.0,brake,0.8303710849153931,5465.505555555557,14,941.9556898886449,3,australia_2026_R|LAW|SAI,australia_2026_R|L37|australia_2026_R|LAW|SAI,,True,v4_t0_anchored_30s_horizon
australia_2026_R_00569,australia_2026_R,2026,Australian Grand Prix,COL,LAW,30,2026-03-08 04:59:12.782,2026-03-08 04:59:53.382,40.6,40.6,2026-03-08 04:59:42.782,30.0,37,153,49.41444444443823,1.2353611111109557,23.867499999999836,144.0,148.0,-4.0,,,False,14.0,13.0,4669.13055555556,brake_T14,65.8537946464312,125.8537946464312,HARD,37.0,2.0,0.9971437878117031,22143.18751867391,182.63327504057662,400.0,False,1,False,CLOSE_INTERACTION_NO_PASS,0.0,,False,1.0,125.85590833441884,18.144091665581158,1.2058010000000001,True,1.2058010000000001,-19.8726811477557,10,True,3.0,brake,0.8542906979226285,5465.505555555557,14,941.9556898886449,3,australia_2026_R|COL|LAW,australia_2026_R|L37|australia_2026_R|COL|LAW,,True,v4_t0_anchored_30s_horizon
australia_2026_R_00570,australia_2026_R,2026,Australian Grand Prix,SAI,COL,43,2026-03-08 04:59:19.142,2026-03-08 05:00:23.021,63.879,59.36,2026-03-08 04:59:49.142,30.0,37,184,10.126666666670644,0.13402941176475852,10.02277777777772,272.0,274.0,-2.0,-4.6246746486224115,1.921,True,15.0,14.0,5013.574166666666,straight_09,,,MEDIUM,4.0,3.0,0.9777059776435849,27792.60131091315,95.91419059177096,400.0,False,1,False,UNCERTAIN,,63.679,True,0.0,271.59349701393387,0.4065029860661298,0.132357,True,0.132357,-6.162621610309749,11,True,3.0,straight,0.9173120611999903,5465.505555555557,14,941.9556898886449,3,australia_2026_R|COL|SAI,australia_2026_R|L37|australia_2026_R|COL|SAI,,True,v4_t0_anchored_30s_horizon
australia_2026_R_00571,australia_2026_R,2026,Australian Grand Prix,BOR,OCO,31,2026-03-08 04:59:21.541,2026-03-08 05:00:01.382,39.841,31.321,2026-03-08 04:59:51.541,30.0,38,64,38.043611111110295,0.433408227848092,10.118333333332885,316.0,302.0,14.0,,,False,11.0,10.0,2991.916944444444,straight_05,257.24487986438,421.7316307110568,HARD,5.0,3.0,0.42740151453424946,17111.862913373625,72016.26326140897,400.0,False,1,False,CLOSE_INTERACTION_NO_PASS,0.0,39.201,True,0.0,303.4799740688354,12.520025931164582,0.453392,True,0.453392,13.385495368428618,12,True,3.0,straight,0.5474181508064211,5465.505555555557,14,941.9556898886449,3,australia_2026_R|BOR|OCO,australia_2026_R|L38|australia_2026_R|BOR|OCO,,False,v4_t0_anchored_30s_horizon
australia_2026_R_00572,australia_2026_R,2026,Australian Grand Prix,OCO,GAS,10,2026-03-08 04:59:23.101,2026-03-08 05:00:01.382,38.281,38.281,2026-03-08 04:59:53.101,30.0,38,80,13.068055555558203,0.17554104477615498,10.007777777778756,268.0,316.0,-48.0,-27.10256410256534,1.56,True,10.0,9.0,3155.322222222221,brake_T9,93.83960208660301,258.32635293327985,HARD,27.0,2.0,0.8099416784307149,16068.524514181387,58360.54345543947,400.0,False,1,False,ON_TRACK_PASS,1.0,12.52,False,1.0,316.0,-48.0,0.148405,True,0.148405,-20.29180986210953,12,True,3.0,brake,0.5773157103490474,5465.505555555557,14,941.9556898886449,3,australia_2026_R|GAS|OCO,australia_2026_R|L38|australia_2026_R|GAS|OCO,,False,v4_t0_anchored_30s_horizon
australia_2026_R_00573,australia_2026_R,2026,Australian Grand Prix,LIN,NOR,1,2026-03-08 04:59:47.662,2026-03-08 05:00:22.821,35.159,35.159,2026-03-08 05:00:17.662,30.0,39,134,12.468333333333362,0.20780555555555605,11.730277777777701,216.0,237.0,-21.0,-21.437500000000064,1.92,True,7.0,6.0,263.6108333333333,brake_T1,60.272907213673875,203.0895032222345,HARD,21.0,2.0,0.9576727745390823,16980.67435075892,56204.06294851562,400.0,False,1,False,CLOSE_INTERACTION_NO_PASS,0.0,,False,1.0,254.63364978902956,-38.63364978902956,0.192367,True,0.192367,-22.41247985936919,10,True,3.0,brake,0.0482317382452167,5465.505555555557,14,941.9556898886449,3,australia_2026_R|LIN|NOR,australia_2026_R|L39|australia_2026_R|LIN|NOR,,False,v4_t0_anchored_30s_horizon
australia_2026_R_00574,australia_2026_R,2026,Australian Grand Prix,BEA,LIN,41,2026-03-08 04:59:47.662,2026-03-08 05:01:13.462,85.8,84.12,2026-03-08 05:00:17.662,30.0,39,314,96.49277777777772,1.1278376623376616,10.794999999999987,308.0,216.0,92.0,48.69767441860474,1.72,True,8.0,7.0,166.9611111111111,straight_01,156.92262943589606,299.7392254444567,HARD,21.0,2.0,0.9402929662386947,13775.972271054368,99690.2113140517,400.0,False,1,False,CLOSE_INTERACTION_NO_PASS,0.0,86.16,True,0.0,291.93473354231975,16.065266457680252,1.38641,True,1.38641,31.637134068510623,10,True,3.0,straight,0.030548155045126445,5465.505555555557,14,941.9556898886449,3,australia_2026_R|BEA|LIN,australia_2026_R|L39|australia_2026_R|BEA|LIN,,False,v4_t0_anchored_30s_horizon
australia_2026_R_00575,australia_2026_R,2026,Australian Grand Prix,BOR,GAS,10,2026-03-08 05:00:00.742,2026-03-08 05:01:27.102,86.36,85.24,2026-03-08 05:00:30.742,30.0,38,314,34.737222222220225,0.3920188087774069,11.310833333333335,319.0,298.0,21.0,,,False,11.0,9.0,5204.618888888889,straight_09,,,HARD,5.0,3.0,0.4888949881545828,18126.797784999504,62.55683367379657,260.88666666666813,True,1,False,UNCERTAIN,,86.56,True,0.0,,,,False,,-15.269949916532484,9,True,3.0,straight,0.9522666907910315,5465.505555555557,14,941.9556898886449,3,australia_2026_R|BOR|GAS,australia_2026_R|L38|australia_2026_R|BOR|GAS,,True,v4_t0_anchored_30s_horizon
australia_2026_R_00576,australia_2026_R,2026,Australian Grand Prix,OCO,BOR,5,2026-03-08 05:00:03.781,2026-03-08 05:01:27.102,83.321,83.321,2026-03-08 05:00:33.781,30.0,39,307,10.816666666666691,0.15093023255813987,10.816666666666691,258.0,271.0,-13.0,-17.41304347826091,1.8399999999999999,True,11.0,10.0,234.92666666666662,brake_T1,88.95707388034054,231.77366988890117,HARD,28.0,2.0,0.8603693490612335,15242.991365341828,77138.22556226222,400.0,False,1,False,CLOSE_INTERACTION_NO_PASS,0.0,,False,1.0,284.13126153136534,-26.13126153136534,0.144896,True,0.144896,-17.121565708164574,11,True,3.0,brake,0.04298351987363167,5465.505555555557,14,941.9556898886449,3,australia_2026_R|BOR|OCO,australia_2026_R|L39|australia_2026_R|BOR|OCO,,False,v4_t0_anchored_30s_horizon
australia_2026_R_00577,australia_2026_R,2026,Australian Grand Prix,LIN,NOR,1,2026-03-08 05:00:25.102,2026-03-08 05:01:03.542,38.44,38.44,2026-03-08 05:00:55.102,30.0,39,143,99.82416666666586,1.1408476190476098,39.772222222220535,315.0,308.0,7.0,1.5541365907813713,1.8010000000000002,True,7.0,6.0,2436.0536111111105,straight_05,813.1082131977137,977.5949640443905,HARD,21.0,2.0,0.9541300592595922,33375.17958748221,561.2371077207505,400.0,False,1,False,CLOSE_INTERACTION_NO_PASS,0.0,,False,1.0,305.7776796858352,9.22232031416479,1.170788,True,1.170788,-1.663016913295909,11,True,3.0,straight,0.44571423198626514,5465.505555555557,14,941.9556898886449,3,australia_2026_R|LIN|NOR,australia_2026_R|L39|australia_2026_R|LIN|NOR,,False,v4_t0_anchored_30s_horizon
australia_2026_R_00578,australia_2026_R,2026,Australian Grand Prix,SAI,COL,43,2026-03-08 05:00:29.581,2026-03-08 05:03:07.182,157.601,157.601,2026-03-08 05:00:59.581,30.0,38,571,10.628611111108512,0.20138421052626654,10.336666666664314,190.0,215.0,-25.0,-18.420210105049488,1.999,True,15.0,14.0,4249.073055555557,brake_T12,80.01976870115686,140.01976870115686,MEDIUM,5.0,3.0,0.9797083970782565,9937.029204008608,47083.55222157179,400.0,False,1,False,CLOSE_INTERACTION_NO_PASS,0.0,,False,0.0,208.4513157894747,-18.451315789474705,0.181947,True,0.181947,-15.830687768793005,11,True,3.0,brake,0.7774345872243191,5465.505555555557,14,941.9556898886449,3,australia_2026_R|COL|SAI,australia_2026_R|L38|australia_2026_R|COL|SAI,,True,v4_t0_anchored_30s_horizon
australia_2026_R_00579,australia_2026_R,2026,Australian Grand Prix,ALB,LEC,16,2026-03-08 05:00:33.142,2026-03-08 05:00:41.022,7.88,7.88,2026-03-08 05:01:03.142,30.0,39,29,97.61555555555556,1.1713866666666668,60.30555555555566,300.0,310.0,-10.0,,,False,12.0,3.0,39.75,straight_01,284.13374054700716,426.9503365555678,SOFT,6.0,3.0,0.960974099355016,15817.87294131166,99483.70709399472,400.0,False,1,False,LAPPED_UNLAPPED,,,False,0.0,306.1502768729642,-6.150276872964184,1.139889,True,1.139889,-24.67672940940574,12,True,3.0,straight,0.0072728862126203615,5465.505555555557,14,941.9556898886449,3,australia_2026_R|ALB|LEC,australia_2026_R|L39|australia_2026_R|ALB|LEC,,False,v4_t0_anchored_30s_horizon
australia_2026_R_00580,australia_2026_R,2026,Australian Grand Prix,BEA,LIN,41,2026-03-08 05:01:23.342,2026-03-08 05:01:36.782,13.44,9.12,2026-03-08 05:01:53.342,30.0,40,35,12.062777777777455,0.16264419475654995,10.007499999999027,267.0,297.0,-30.0,-26.47631578947393,1.52,True,7.0,8.0,807.5113888888889,straight_02,244.77788539128733,462.65960215328414,HARD,22.0,2.0,0.9719836945241326,10100.578005349074,91089.52277207414,400.0,False,1,False,ON_TRACK_PASS,1.0,13.68,False,-1.0,297.0,-30.0,0.145158,True,0.145158,-18.880173579690734,13,True,3.0,straight,0.14774687916437532,5465.505555555557,14,941.9556898886449,3,australia_2026_R|BEA|LIN,australia_2026_R|L40|australia_2026_R|BEA|LIN,australia_2026_R_00584,False,v4_t0_anchored_30s_horizon
australia_2026_R_00581,australia_2026_R,2026,Australian Grand Prix,LIN,NOR,1,2026-03-08 05:01:25.342,2026-03-08 05:01:29.221,3.879,3.879,2026-03-08 05:01:55.342,30.0,40,18,98.71027777777806,1.5450304347826131,59.42138888888894,230.0,99.0,131.0,172.9199999999999,2.0,True,8.0,6.0,980.1424999999996,brake_T3,72.1467742801766,290.0284910421734,HARD,22.0,2.0,1.0,8488.386579554299,56861.74953114786,399.9999999999999,False,1,False,CLOSE_INTERACTION_NO_PASS,0.0,,False,1.0,247.90790697674558,-17.90790697674558,2.620497,True,2.620497,156.70651666671503,10,True,3.0,brake,0.1793324496768113,5465.505555555557,14,941.9556898886449,3,australia_2026_R|LIN|NOR,australia_2026_R|L40|australia_2026_R|LIN|NOR,,False,v4_t0_anchored_30s_horizon
australia_2026_R_00582,australia_2026_R,2026,Australian Grand Prix,OCO,GAS,10,2026-03-08 05:01:27.302,2026-03-08 05:04:56.223,208.921,208.921,2026-03-08 05:01:57.302,30.0,40,789,96.63138888888889,1.0837165109034268,10.014444444444052,321.0,297.0,24.0,,,False,11.0,10.0,38.13555555555556,straight_01,285.7481849914516,428.5647810000122,HARD,29.0,2.0,0.8854943536943101,15872.920043283642,99488.19484032955,400.0,False,1,False,CLOSE_INTERACTION_NO_PASS,0.0,,False,0.0,293.94082627118644,27.059173728813562,1.169467,True,1.169467,-8.058998202009432,13,True,3.0,straight,0.0069774982694495065,5465.505555555557,14,941.9556898886449,3,australia_2026_R|GAS|OCO,australia_2026_R|L40|australia_2026_R|GAS|OCO,,False,v4_t0_anchored_30s_horizon
australia_2026_R_00583,australia_2026_R,2026,Australian Grand Prix,GAS,BOR,5,2026-03-08 05:01:28.502,2026-03-08 05:02:47.182,78.68,78.68,2026-03-08 05:01:58.502,30.0,40,306,10.04472222222222,0.13492910447761192,10.04472222222222,268.0,285.0,-17.0,-27.799999999999955,1.2,True,10.0,9.0,230.96694444444447,brake_T1,92.9167961025627,235.73339211112332,HARD,29.0,2.0,0.9604375888572729,15003.111922006654,80028.09403459939,400.0,False,1,False,CLOSE_INTERACTION_NO_PASS,0.0,,False,1.0,299.3368421052631,-31.336842105263088,0.127438,True,0.127438,-22.253588847772757,14,True,3.0,brake,0.04225902656153593,5465.505555555557,14,941.9556898886449,3,australia_2026_R|BOR|GAS,australia_2026_R|L40|australia_2026_R|BOR|GAS,,False,v4_t0_anchored_30s_horizon
australia_2026_R_00584,australia_2026_R,2026,Australian Grand Prix,LIN,BEA,87,2026-03-08 05:01:45.822,2026-03-08 05:01:55.422,9.6,7.96,2026-03-08 05:02:15.822,30.0,40,32,10.24222222222329,0.1707037037037215,10.164444444445508,216.0,238.0,-22.0,-26.129032258065177,1.24,True,8.0,7.0,1966.6291666666666,corner_T7,160.5769677535127,220.5769677535127,HARD,22.0,2.0,0.9892860809529872,30896.812202373047,251.7471591912637,400.0,False,1,False,ON_TRACK_PASS,1.0,9.84,False,1.0,233.53589435774256,-17.535894357742563,0.156243,True,0.156243,-19.899515665884763,13,True,3.0,corner,0.3598256641908697,5465.505555555557,14,941.9556898886449,3,australia_2026_R|BEA|LIN,australia_2026_R|L40|australia_2026_R|BEA|LIN,australia_2026_R_00580,False,v4_t0_anchored_30s_horizon
australia_2026_R_00585,australia_2026_R,2026,Australian Grand Prix,BEA,LIN,41,2026-03-08 05:01:56.782,2026-03-08 05:02:02.982,6.2,5.28,2026-03-08 05:02:26.782,30.0,40,20,10.102499999999054,0.12042715231786952,10.102499999999054,302.0,330.0,-28.0,-28.39375000000018,1.12,True,7.0,8.0,2872.814166666667,straight_05,376.3476576421572,540.834408488834,HARD,22.0,2.0,0.9160863139293187,23703.6717147139,67373.40584178276,400.0,False,1,False,ON_TRACK_PASS,1.0,6.52,False,-1.0,330.6828598484848,-28.68285984848478,0.109257,True,0.109257,-24.42107113552443,12,True,3.0,straight,0.5256264287841624,5465.505555555557,14,941.9556898886449,3,australia_2026_R|BEA|LIN,australia_2026_R|L40|australia_2026_R|BEA|LIN,australia_2026_R_00584,False,v4_t0_anchored_30s_horizon
australia_2026_R_00586,australia_2026_R,2026,Australian Grand Prix,COL,VER,3,2026-03-08 05:02:17.182,2026-03-08 05:02:50.422,33.24,33.24,2026-03-08 05:02:47.182,30.0,40,129,10.71583333333328,0.1372846975088961,10.71583333333328,281.0,300.0,-19.0,-12.92749999999988,1.6,True,14.0,5.0,143.45222222222225,straight_01,180.43151832478492,323.24811433334554,HARD,40.0,2.0,0.9519989877203024,14039.2869637142,99624.22483370466,399.99999999999994,False,1,False,PIT_RELATED,,,False,0.0,300.0,-19.0,0.12859,True,0.12859,-21.166949642762063,13,True,3.0,straight,0.026246834947666726,5465.505555555557,14,941.9556898886449,3,australia_2026_R|COL|VER,australia_2026_R|L40|australia_2026_R|COL|VER,,False,v4_t0_anchored_30s_horizon
australia_2026_R_00587,australia_2026_R,2026,Australian Grand Prix,GAS,BOR,5,2026-03-08 05:02:53.022,2026-03-08 05:03:25.022,32.0,32.0,2026-03-08 05:03:23.022,30.0,41,128,98.325,1.1643750000000002,26.665555555555784,304.0,287.0,17.0,25.591666666663144,1.8,True,10.0,9.0,103.09166666666668,straight_01,220.79207388034047,363.6086698889011,HARD,30.0,2.0,0.9570176146586358,14491.351173635852,99510.93785453055,400.0,False,1,False,CLOSE_INTERACTION_NO_PASS,0.0,,False,0.0,291.10370291095893,12.89629708904107,1.223407,True,1.223407,16.01575153638494,12,True,3.0,straight,0.018862238016001363,5465.505555555557,14,941.9556898886449,3,australia_2026_R|BOR|GAS,australia_2026_R|L41|australia_2026_R|BOR|GAS,,False,v4_t0_anchored_30s_horizon
australia_2026_R_00588,australia_2026_R,2026,Australian Grand Prix,COL,VER,3,2026-03-08 05:03:03.902,2026-03-08 05:03:16.223,12.321,12.081,2026-03-08 05:03:33.902,30.0,40,47,99.64972222222423,1.1572225806451846,11.92694444444578,310.0,268.0,42.0,25.71413986727875,1.959,True,14.0,5.0,3107.3074999999994,straight_05,141.85432430882474,306.3410751555016,HARD,40.0,2.0,0.9099164489532509,14920.771197343467,72182.13509318307,400.0,False,1,False,PIT_RELATED,,,False,0.0,299.3232550335573,10.676744966442698,1.251325,True,1.251325,23.288587041264876,11,True,3.0,straight,0.5685306635250778,5465.505555555557,14,941.9556898886449,3,australia_2026_R|COL|VER,australia_2026_R|L40|australia_2026_R|COL|VER,,False,v4_t0_anchored_30s_horizon
australia_2026_R_00589,australia_2026_R,2026,Australian Grand Prix,SAI,VER,3,2026-03-08 05:03:17.302,2026-03-08 05:03:20.502,3.2,3.2,2026-03-08 05:03:47.302,30.0,40,13,95.48888888889223,1.5278222222222757,76.36666666666997,225.0,115.0,110.0,127.98623279098834,0.799,True,15.0,5.0,4000.2699999999986,brake_T11,57.49544032829181,117.4954403282918,MEDIUM,7.0,3.0,0.9723040301716929,9753.613811984127,52280.37135760862,400.0,False,1,False,PIT_RELATED,,22.48,False,0.0,258.0,-33.0,2.208406,True,2.208406,115.15861583832077,13,True,3.0,brake,0.7319121642706627,5465.505555555557,14,941.9556898886449,3,australia_2026_R|SAI|VER,australia_2026_R|L40|australia_2026_R|SAI|VER,,True,v4_t0_anchored_30s_horizon
australia_2026_R_00590,australia_2026_R,2026,Australian Grand Prix,ALB,HAM,44,2026-03-08 05:03:26.862,2026-03-08 05:03:30.702,3.84,3.84,2026-03-08 05:03:56.862,30.0,41,14,93.69694444444445,1.143420338983051,71.27194444444439,295.0,178.0,117.0,59.2173913043478,1.8399999999999999,True,12.0,4.0,224.39666666666668,brake_T1,99.48707388034049,242.3036698889011,SOFT,8.0,3.0,0.9478565541367158,14605.085371799214,84823.18761412882,400.0,False,1,False,LAPPED_UNLAPPED,,,False,0.0,305.44560032894736,-10.445600328947364,1.4785490000000001,True,1.4785490000000001,33.33686535129029,14,True,3.0,brake,0.0410568911486281,5465.505555555557,14,941.9556898886449,3,australia_2026_R|ALB|HAM,australia_2026_R|L41|australia_2026_R|ALB|HAM,,False,v4_t0_anchored_30s_horizon
australia_2026_R_00591,australia_2026_R,2026,Australian Grand Prix,GAS,BOR,5,2026-03-08 05:03:38.502,2026-03-08 05:03:46.182,7.68,7.68,2026-03-08 05:04:08.502,30.0,41,31,99.89638888889112,1.1563569131833056,67.52944444444665,311.0,285.0,26.0,19.568181818181692,1.76,True,10.0,9.0,3024.8574999999983,straight_05,224.30432430882593,388.79107515550277,HARD,30.0,2.0,0.919119051785411,15952.80025514658,72031.55724371651,400.0,False,1,False,CLOSE_INTERACTION_NO_PASS,0.0,,False,0.0,299.0563333333331,11.9436666666669,1.23324,True,1.23324,17.75947274803558,9,True,3.0,straight,0.5534451423117304,5465.505555555557,14,941.9556898886449,3,australia_2026_R|BOR|GAS,australia_2026_R|L41|australia_2026_R|BOR|GAS,,False,v4_t0_anchored_30s_horizon
australia_2026_R_00592,australia_2026_R,2026,Australian Grand Prix,SAI,COL,43,2026-03-08 05:03:42.663,2026-03-08 05:10:01.823,379.16,379.16,2026-03-08 05:04:12.663,30.0,41,1394,29.930555555555557,0.34206349206349207,10.033333333333076,315.0,312.0,3.0,215.44909431604566,1.601,True,15.0,14.0,24.372222222222227,straight_01,299.51151832478496,442.3281143333456,MEDIUM,8.0,3.0,0.9613659707099389,16342.203217493496,99526.45341834024,399.99999999999994,False,1,False,CLOSE_INTERACTION_NO_PASS,0.0,,False,0.0,307.1258064516129,7.8741935483870975,0.343948,True,0.343948,-6.719590613650861,11,True,3.0,straight,0.004459280477255839,5465.505555555557,14,941.9556898886449,3,australia_2026_R|COL|SAI,australia_2026_R|L41|australia_2026_R|COL|SAI,,False,v4_t0_anchored_30s_horizon
australia_2026_R_00593,australia_2026_R,2026,Australian Grand Prix,LIN,BEA,87,2026-03-08 05:04:05.782,2026-03-08 05:04:31.142,25.36,25.36,2026-03-08 05:04:35.782,30.0,42,98,87.26972222222221,1.026702614379085,17.94166666666615,306.0,244.0,62.0,52.056499999978016,2.0,True,8.0,7.0,163.33638888888888,straight_01,160.5473516581183,303.3639476666789,HARD,24.0,2.0,0.9599476249839225,13816.571493860381,99680.0371768217,400.0,False,1,False,CLOSE_INTERACTION_NO_PASS,0.0,,False,0.0,293.6720960187354,12.327903981264626,1.287795,True,1.287795,43.01213377494647,9,True,3.0,straight,0.029884955239476665,5465.505555555557,14,941.9556898886449,3,australia_2026_R|BEA|LIN,australia_2026_R|L42|australia_2026_R|BEA|LIN,,False,v4_t0_anchored_30s_horizon
australia_2026_R_00594,australia_2026_R,2026,Australian Grand Prix,GAS,BOR,5,2026-03-08 05:04:31.422,2026-03-08 05:04:37.982,6.56,6.56,2026-03-08 05:05:01.422,30.0,42,26,89.90638888888861,1.2076977611940263,53.79527777777753,268.0,113.0,155.0,135.61750911933314,1.919,True,10.0,9.0,968.3311111111113,brake_T3,83.95816316906485,301.83987993106166,HARD,31.0,2.0,0.9655089278502095,7900.049265864693,65146.283025194134,400.0,False,1,False,CLOSE_INTERACTION_NO_PASS,0.0,,False,0.0,248.22164109716388,19.778358902836118,2.069899,True,2.069899,108.15019042554401,12,True,3.0,brake,0.17717137074846181,5465.505555555557,14,941.9556898886449,3,australia_2026_R|BOR|GAS,australia_2026_R|L42|australia_2026_R|BOR|GAS,,False,v4_t0_anchored_30s_horizon
australia_2026_R_00595,australia_2026_R,2026,Australian Grand Prix,OCO,GAS,10,2026-03-08 05:04:59.702,2026-03-08 05:05:10.303,10.601,10.601,2026-03-08 05:05:29.702,30.0,42,38,99.95583333333207,1.107203076923063,85.4433333333318,325.0,318.0,7.0,3.312499999998693,1.92,True,11.0,10.0,2589.126388888888,straight_05,660.0354354199362,824.5221862666131,HARD,31.0,2.0,0.9367241909393444,33375.17958748221,561.2371077207505,400.0,False,1,False,CLOSE_INTERACTION_NO_PASS,0.0,,False,0.0,316.0,9.0,1.127734,True,1.127734,1.618706365755906,12,True,3.0,straight,0.4737212985278374,5465.505555555557,14,941.9556898886449,3,australia_2026_R|GAS|OCO,australia_2026_R|L42|australia_2026_R|GAS|OCO,,False,v4_t0_anchored_30s_horizon
australia_2026_R_00596,australia_2026_R,2026,Australian Grand Prix,LIN,BEA,87,2026-03-08 05:05:03.463,2026-03-08 05:05:11.542,8.079,8.079,2026-03-08 05:05:33.463,30.0,42,25,98.1550000000002,1.235517482517485,50.476111111111095,286.0,151.0,135.0,76.20930232558125,1.72,True,8.0,7.0,3943.756388888888,brake_T11,114.00905143940236,174.00905143940236,HARD,24.0,2.0,0.9169688909948419,8705.142078988252,87065.04419301351,400.0,False,1,False,CLOSE_INTERACTION_NO_PASS,0.0,,False,0.0,269.1846493320613,16.815350667938674,1.655454,True,1.655454,47.98912911701212,12,True,3.0,brake,0.7215721123693951,5465.505555555557,14,941.9556898886449,3,australia_2026_R|BEA|LIN,australia_2026_R|L42|australia_2026_R|BEA|LIN,,True,v4_t0_anchored_30s_horizon
australia_2026_R_00597,australia_2026_R,2026,Australian Grand Prix,VER,NOR,1,2026-03-08 05:05:08.343,2026-03-08 05:05:12.422,4.079,4.079,2026-03-08 05:05:38.343,30.0,42,16,93.38444444444394,1.5421284403669642,62.039999999999054,218.0,88.0,130.0,115.11589580010778,1.881,True,6.0,5.0,4512.046111111113,brake_T13,66.45109993154801,282.9382390908786,HARD,1.0,3.0,0.030982761659711026,13229.802694612194,25840.230281960037,400.0,False,1,True,PIT_RELATED,,,False,1.0,198.4233664772715,19.576633522728514,2.989703,True,2.989703,96.87419909935012,10,True,3.0,brake,0.8255496340177945,5465.505555555557,14,941.9556898886449,3,australia_2026_R|NOR|VER,australia_2026_R|L42|australia_2026_R|NOR|VER,,True,v4_t0_anchored_30s_horizon
australia_2026_R_00598,australia_2026_R,2026,Australian Grand Prix,GAS,BOR,5,2026-03-08 05:05:16.583,2026-03-08 05:05:20.423,3.84,3.84,2026-03-08 05:05:46.583,30.0,42,15,96.11972222222221,1.2227243816254414,60.21888888888952,283.0,116.0,167.0,135.06818181818176,1.76,True,10.0,9.0,3997.4908333333324,brake_T11,60.27460699495805,120.27460699495805,HARD,31.0,2.0,0.887176442332625,9638.091949190932,54028.02036517836,400.0,False,1,False,CLOSE_INTERACTION_NO_PASS,0.0,,False,0.0,258.6906492248064,24.309350775193593,2.05105,True,2.05105,85.9543153506358,15,True,3.0,brake,0.7314036721214157,5465.505555555557,14,941.9556898886449,3,australia_2026_R|BOR|GAS,australia_2026_R|L42|australia_2026_R|BOR|GAS,,True,v4_t0_anchored_30s_horizon
australia_2026_R_00599,australia_2026_R,2026,Australian Grand Prix,OCO,GAS,10,2026-03-08 05:05:42.983,2026-03-08 05:08:06.543,143.56,143.56,2026-03-08 05:06:12.983,30.0,43,528,60.05555555555555,0.7206666666666667,13.237777777780593,300.0,298.0,2.0,90.9365000000049,2.0,True,11.0,10.0,21.80777777777778,straight_01,302.07596276922936,444.89255877779,HARD,32.0,2.0,0.9402218579792118,16429.642110371224,99533.58192387415,400.0,False,1,False,CLOSE_INTERACTION_NO_PASS,0.0,,False,0.0,296.57063973063975,3.429360269360245,0.722936,True,0.722936,-14.292930376462756,13,True,3.0,straight,0.003990075127745628,5465.505555555557,14,941.9556898886449,3,australia_2026_R|GAS|OCO,australia_2026_R|L43|australia_2026_R|GAS|OCO,,False,v4_t0_anchored_30s_horizon
australia_2026_R_00600,australia_2026_R,2026,Australian Grand Prix,LIN,BEA,87,2026-03-08 05:05:43.463,2026-03-08 05:05:50.303,6.84,6.84,2026-03-08 05:06:13.463,30.0,43,28,98.47749999999974,1.3902705882352906,60.12861111111101,255.0,118.0,137.0,122.76086956521756,1.8399999999999999,True,8.0,7.0,962.794166666667,brake_T3,89.49510761350916,307.376824375506,HARD,25.0,2.0,0.979441507230055,7624.248422192733,69029.90773149994,400.0,False,1,False,CLOSE_INTERACTION_NO_PASS,0.0,,False,0.0,269.04520446096654,-14.045204460966545,2.08904,True,2.08904,84.38246240232196,13,True,3.0,brake,0.17615829988280032,5465.505555555557,14,941.9556898886449,3,australia_2026_R|BEA|LIN,australia_2026_R|L43|australia_2026_R|BEA|LIN,,False,v4_t0_anchored_30s_horizon
australia_2026_R_00601,australia_2026_R,2026,Australian Grand Prix,VER,NOR,1,2026-03-08 05:06:20.543,2026-03-08 05:06:23.583,3.04,3.04,2026-03-08 05:06:50.543,30.0,43,11,93.7924999999982,1.274162264150919,71.3591666666648,265.0,113.0,152.0,150.99891363389568,1.841,True,6.0,5.0,4003.5847222222233,brake_T11,54.18071810606716,114.18071810606716,HARD,2.0,3.0,0.006593640050073359,9891.397159181792,50195.944010547326,400.00000000000045,False,1,False,CLOSE_INTERACTION_NO_PASS,0.0,,False,0.0,237.23207964601545,27.76792035398455,2.31588,True,2.31588,125.06032179213953,14,True,3.0,brake,0.732518644712139,5465.505555555557,14,941.9556898886449,3,australia_2026_R|NOR|VER,australia_2026_R|L43|australia_2026_R|NOR|VER,,True,v4_t0_anchored_30s_horizon
australia_2026_R_00602,australia_2026_R,2026,Australian Grand Prix,LIN,BEA,87,2026-03-08 05:06:40.223,2026-03-08 05:06:43.703,3.48,3.48,2026-03-08 05:07:10.223,30.0,43,14,90.58805555555409,1.6305849999999735,70.03249999999935,200.0,92.0,108.0,87.90643274853784,1.881,True,8.0,7.0,4517.011111111113,brake_T13,61.48609993154787,277.97323909087845,HARD,25.0,2.0,0.9611466890634164,13494.177190074064,24225.767134428002,400.0,False,1,False,CLOSE_INTERACTION_NO_PASS,0.0,,False,0.0,204.80462046204568,-4.804620462045676,2.488277,True,2.488277,52.037438099252086,13,True,3.0,brake,0.8264580586730312,5465.505555555557,14,941.9556898886449,3,australia_2026_R|BEA|LIN,australia_2026_R|L43|australia_2026_R|BEA|LIN,,True,v4_t0_anchored_30s_horizon
australia_2026_R_00603,australia_2026_R,2026,Australian Grand Prix,VER,NOR,1,2026-03-08 05:06:57.743,2026-03-08 05:07:08.063,10.32,10.32,2026-03-08 05:07:27.743,30.0,44,40,93.45083333333332,1.184588028169014,39.55500000000029,284.0,137.0,147.0,92.12499999999999,1.92,True,6.0,5.0,938.5366666666665,brake_T3,113.75260761350967,331.6343243755065,HARD,3.0,3.0,0.05267691142029733,6415.957634286126,86044.17024730702,399.9999999999999,False,1,False,CLOSE_INTERACTION_NO_PASS,0.0,84.88,True,0.0,275.0661818181818,8.933818181818197,1.765294,True,1.765294,61.0935107863667,10,True,3.0,brake,0.17172000963619297,5465.505555555557,14,941.9556898886449,3,australia_2026_R|NOR|VER,australia_2026_R|L44|australia_2026_R|NOR|VER,,False,v4_t0_anchored_30s_horizon
australia_2026_R_00604,australia_2026_R,2026,Australian Grand Prix,PER,LEC,16,2026-03-08 05:07:26.783,2026-03-08 05:07:50.543,23.76,23.76,2026-03-08 05:07:56.783,30.0,43,85,11.26222222222222,0.1529962264150943,11.26222222222222,265.0,307.0,-42.0,,,False,16.0,3.0,42.54,straight_01,281.34374054700714,424.16033655556777,HARD,25.0,2.0,0.9538191826576268,15722.743365914797,99475.95160118898,400.00000000000006,False,1,True,PIT_RELATED,,,False,0.0,306.2538545059718,-41.25385450597179,0.134306,True,0.134306,-41.7663917373626,12,True,3.0,straight,0.007783360490185413,5465.505555555557,14,941.9556898886449,3,australia_2026_R|LEC|PER,australia_2026_R|L43|australia_2026_R|LEC|PER,,False,v4_t0_anchored_30s_horizon
australia_2026_R_00605,australia_2026_R,2026,Australian Grand Prix,VER,NOR,1,2026-03-08 05:07:32.103,2026-03-08 05:07:35.183,3.08,3.08,2026-03-08 05:08:02.103,30.0,44,12,97.01666666666597,1.3032089552238713,90.94999999999936,268.0,216.0,52.0,63.96833333333597,1.8,True,6.0,5.0,3224.149166666668,brake_T9,25.012657642156228,189.49940848883307,HARD,3.0,3.0,0.0016323046879813277,19807.91901482582,21891.489303680508,400.0,False,1,False,CLOSE_INTERACTION_NO_PASS,0.0,50.52,True,0.0,252.67549800796783,15.324501992032168,1.553509,True,1.553509,55.02171683598291,10,True,3.0,brake,0.5899086797907279,5465.505555555557,14,941.9556898886449,3,australia_2026_R|NOR|VER,australia_2026_R|L44|australia_2026_R|NOR|VER,,False,v4_t0_anchored_30s_horizon
australia_2026_R_00606,australia_2026_R,2026,Australian Grand Prix,OCO,GAS,10,2026-03-08 05:08:08.623,2026-03-08 05:08:12.983,4.36,4.36,2026-03-08 05:08:38.623,30.0,44,17,98.69972222222304,1.841031088082917,61.544166666667024,193.0,127.0,66.0,4.978260869565732,1.8399999999999999,True,11.0,10.0,3966.9363888888893,brake_T11,90.82905143940116,150.82905143940116,HARD,33.0,2.0,0.9628695880936488,9003.667658471491,72873.7059243666,400.0,False,1,False,CLOSE_INTERACTION_NO_PASS,0.0,,False,0.0,270.01210986267165,-77.01210986267165,1.930363,True,1.930363,-29.998811516560206,11,True,3.0,brake,0.7258132570840756,5465.505555555557,14,941.9556898886449,3,australia_2026_R|GAS|OCO,australia_2026_R|L44|australia_2026_R|GAS|OCO,,True,v4_t0_anchored_30s_horizon
australia_2026_R_00607,australia_2026_R,2026,Australian Grand Prix,VER,NOR,1,2026-03-08 05:08:09.143,2026-03-08 05:09:06.103,56.96,56.081,2026-03-08 05:08:39.143,30.0,45,205,99.45250000000001,1.151218649517685,10.385277777777219,311.0,204.0,107.0,41.840909090909136,1.76,True,6.0,5.0,201.33555555555554,straight_01,122.54818499145162,265.3647810000123,HARD,4.0,3.0,0.01771346703540335,13390.956359965541,99786.69603578797,400.0,False,1,False,ON_TRACK_PASS,1.0,13.48,False,0.0,302.53941579943233,8.460584200567666,1.391036,True,1.391036,42.86857468575173,11,True,3.0,straight,0.03683749902164178,5465.505555555557,14,941.9556898886449,3,australia_2026_R|NOR|VER,australia_2026_R|L45|australia_2026_R|NOR|VER,,False,v4_t0_anchored_30s_horizon
australia_2026_R_00608,australia_2026_R,2026,Australian Grand Prix,LIN,BEA,87,2026-03-08 05:08:33.103,2026-03-08 05:08:38.704,5.601,5.601,2026-03-08 05:09:03.103,30.0,45,23,94.93472222222249,1.389288617886183,59.96805555555579,246.0,100.0,146.0,153.16072378924923,1.879,True,8.0,7.0,975.5211111111109,brake_T3,76.76816316906525,294.64987993106206,HARD,27.0,2.0,0.9575945634822848,8258.190490848629,60103.20160754418,400.0,False,1,False,CLOSE_INTERACTION_NO_PASS,0.0,,False,0.0,235.0,11.0,2.388055,True,2.388055,124.47885349950333,13,True,3.0,brake,0.1784868940659143,5465.505555555557,14,941.9556898886449,3,australia_2026_R|BEA|LIN,australia_2026_R|L45|australia_2026_R|BEA|LIN,,False,v4_t0_anchored_30s_horizon
australia_2026_R_00609,australia_2026_R,2026,Australian Grand Prix,OCO,RUS,63,2026-03-08 05:08:34.743,2026-03-08 05:09:00.463,25.72,25.72,2026-03-08 05:09:04.743,30.0,45,96,67.52444444444444,0.7944052287581699,37.85222222222205,306.0,313.0,-7.0,,,False,11.0,1.0,26.896666666666665,straight_01,296.9870738803405,439.80366988890114,HARD,34.0,2.0,0.9613235865857487,16256.128189496016,99519.43610266733,400.0,False,1,False,LAPPED_UNLAPPED,,,False,0.0,309.0,-3.0,0.77908,True,0.77908,-39.749963347543584,12,True,3.0,straight,0.004921167199130708,5465.505555555557,14,941.9556898886449,3,australia_2026_R|OCO|RUS,australia_2026_R|L45|australia_2026_R|OCO|RUS,,False,v4_t0_anchored_30s_horizon
australia_2026_R_00610,australia_2026_R,2026,Australian Grand Prix,VER,NOR,1,2026-03-08 05:09:09.183,2026-03-08 05:09:16.503,7.32,5.84,2026-03-08 05:09:39.183,30.0,45,24,10.32611111110873,0.2563724137930443,10.32611111110873,145.0,181.0,-36.0,-39.89999999999645,0.8,True,6.0,5.0,4178.472500000003,straight_07,150.62032425671168,210.62032425671168,HARD,4.0,3.0,0.05359487034739195,11874.882373836224,44545.9990945054,400.0,False,1,False,ON_TRACK_PASS,1.0,7.641,False,0.0,174.96072744014856,-29.96072744014856,0.20706,True,0.20706,-19.292490637922857,11,True,3.0,straight,0.7645171078003359,5465.505555555557,14,941.9556898886449,3,australia_2026_R|NOR|VER,australia_2026_R|L45|australia_2026_R|NOR|VER,,True,v4_t0_anchored_30s_horizon
australia_2026_R_00611,australia_2026_R,2026,Australian Grand Prix,OCO,GAS,10,2026-03-08 05:09:19.903,2026-03-08 05:11:19.304,119.401,119.401,2026-03-08 05:09:49.903,30.0,45,432,98.56250000000045,1.101940993788825,17.224166666663223,322.0,286.0,36.0,41.501903208264636,1.839,True,11.0,10.0,2913.4172222222232,straight_05,335.74460208660093,500.2313529332778,HARD,34.0,2.0,0.925435865827654,20951.902183253023,72000.28430953743,400.0,False,1,False,CLOSE_INTERACTION_NO_PASS,0.0,,False,0.0,284.0,38.0,1.245253,True,1.245253,43.77369807308309,14,True,3.0,straight,0.5330553948958672,5465.505555555557,14,941.9556898886449,3,australia_2026_R|GAS|OCO,australia_2026_R|L45|australia_2026_R|GAS|OCO,,False,v4_t0_anchored_30s_horizon
australia_2026_R_00612,australia_2026_R,2026,Australian Grand Prix,SAI,COL,43,2026-03-08 05:10:12.384,2026-03-08 05:10:19.584,7.2,7.2,2026-03-08 05:10:42.384,30.0,45,25,99.73972222222301,1.1508429487179577,74.12444444444418,312.0,303.0,9.0,9.437499999998238,1.92,True,15.0,14.0,3034.2802777777765,straight_05,214.88154653104766,379.3682973777245,MEDIUM,12.0,3.0,0.9641739937156204,15834.855070526948,72048.76599585451,400.0,False,1,True,PIT_RELATED,,,False,0.0,305.63243852459016,6.367561475409843,1.18119,True,1.18119,9.997572359767197,13,True,3.0,straight,0.5551691873578836,5465.505555555557,14,941.9556898886449,3,australia_2026_R|COL|SAI,australia_2026_R|L45|australia_2026_R|COL|SAI,,False,v4_t0_anchored_30s_horizon
australia_2026_R_00613,australia_2026_R,2026,Australian Grand Prix,GAS,RUS,63,2026-03-08 05:10:14.063,2026-03-08 05:10:19.584,5.521,5.521,2026-03-08 05:10:44.063,30.0,46,19,87.65472222222274,1.3371059322033978,62.21027777777863,236.0,106.0,130.0,145.22989874925486,1.679,True,10.0,1.0,991.7952777777775,brake_T3,60.49399650239866,278.3757132643955,HARD,35.0,2.0,0.9810428046930093,9068.823312210661,48688.4662105471,400.0,False,1,False,LAPPED_UNLAPPED,,,False,0.0,213.8980099502496,22.101990049750412,2.182184,True,2.182184,111.8868679201902,12,True,3.0,brake,0.1814645082136347,5465.505555555557,14,941.9556898886449,3,australia_2026_R|GAS|RUS,australia_2026_R|L46|australia_2026_R|GAS|RUS,,False,v4_t0_anchored_30s_horizon
australia_2026_R_00614,australia_2026_R,2026,Australian Grand Prix,GAS,RUS,63,2026-03-08 05:10:58.904,2026-03-08 05:11:02.504,3.6,3.6,2026-03-08 05:11:28.904,30.0,46,15,97.69250000000102,1.1645463576159063,56.74027777777883,302.0,108.0,194.0,180.28888888888923,1.8,True,10.0,1.0,4010.513888888888,brake_T11,47.25155143940265,107.25155143940265,HARD,35.0,2.0,0.8821859435468012,10179.422433282298,45838.61222705702,400.0,False,1,False,LAPPED_UNLAPPED,,,False,0.0,226.56590243902616,75.43409756097384,2.556053,True,2.556053,147.2928392309792,13,True,3.0,brake,0.7337864444785525,5465.505555555557,14,941.9556898886449,3,australia_2026_R|GAS|RUS,australia_2026_R|L46|australia_2026_R|GAS|RUS,,True,v4_t0_anchored_30s_horizon
australia_2026_R_00615,australia_2026_R,2026,Australian Grand Prix,LIN,BEA,87,2026-03-08 05:11:22.744,2026-03-08 05:11:26.464,3.72,3.72,2026-03-08 05:11:52.744,30.0,47,17,94.33972222222155,1.4961365638766413,70.18416666666599,227.0,88.0,139.0,172.6251993620422,1.881,True,8.0,7.0,990.3816666666669,brake_T3,61.9076076135093,279.7893243755061,HARD,29.0,2.0,0.975597091571897,8998.409902616211,49679.9760751126,400.0,False,1,False,CLOSE_INTERACTION_NO_PASS,0.0,,False,0.0,193.10249999999962,33.89750000000038,2.797833,True,2.797833,163.8333051649798,13,True,3.0,brake,0.18120586588004972,5465.505555555557,14,941.9556898886449,3,australia_2026_R|BEA|LIN,australia_2026_R|L47|australia_2026_R|BEA|LIN,,False,v4_t0_anchored_30s_horizon
australia_2026_R_00616,australia_2026_R,2026,Australian Grand Prix,OCO,ANT,12,2026-03-08 05:11:28.143,2026-03-08 05:12:00.983,32.84,32.84,2026-03-08 05:11:58.143,30.0,47,117,11.201666666666654,0.14199295774647872,10.09472222222223,284.0,304.0,-20.0,-27.909935668334494,1.399,True,11.0,2.0,169.17555555555552,straight_01,154.70818499145165,297.52478100001224,HARD,36.0,2.0,0.9636093943827041,13751.169067421179,99696.42697977302,400.0,False,1,False,LAPPED_UNLAPPED,,,False,0.0,304.0,-20.0,0.128467,True,0.128467,-27.73653860153502,12,True,3.0,straight,0.030953322402827412,5465.505555555557,14,941.9556898886449,3,australia_2026_R|ANT|OCO,australia_2026_R|L47|australia_2026_R|ANT|OCO,,False,v4_t0_anchored_30s_horizon
australia_2026_R_00617,australia_2026_R,2026,Australian Grand Prix,OCO,GAS,10,2026-03-08 05:12:15.144,2026-03-08 05:13:30.784,75.64,75.64,2026-03-08 05:12:45.144,30.0,47,274,94.02638888888987,1.1632130584192562,22.111666666669407,291.0,192.0,99.0,89.09829545454315,1.76,True,11.0,10.0,3169.601666666667,brake_T9,79.56015764215726,244.0469084888341,HARD,36.0,2.0,0.9107417201995825,16844.33225138112,50794.35209092449,400.0,False,1,False,CLOSE_INTERACTION_NO_PASS,0.0,,False,0.0,237.15312499999965,53.84687500000035,1.595916,True,1.595916,82.61917275509985,11,True,3.0,brake,0.5799283587672583,5465.505555555557,14,941.9556898886449,3,australia_2026_R|GAS|OCO,australia_2026_R|L47|australia_2026_R|GAS|OCO,,False,v4_t0_anchored_30s_horizon
australia_2026_R_00618,australia_2026_R,2026,Australian Grand Prix,LIN,BEA,87,2026-03-08 05:12:18.824,2026-03-08 05:12:21.824,3.0,3.0,2026-03-08 05:12:48.824,30.0,47,13,94.18249999999534,1.584378504672819,75.8491666666614,214.0,85.0,129.0,115.64583333333532,1.92,True,8.0,7.0,4511.111388888895,brake_T13,67.38582215376573,283.8729613130963,HARD,29.0,2.0,0.9320687111420444,13180.030949215256,26144.172795746483,400.0,False,1,False,CLOSE_INTERACTION_NO_PASS,0.0,,False,0.0,196.93863636362528,17.061363636374722,3.05354,True,3.05354,94.48530802797269,11,True,3.0,brake,0.8253786119206222,5465.505555555557,14,941.9556898886449,3,australia_2026_R|BEA|LIN,australia_2026_R|L47|australia_2026_R|BEA|LIN,,True,v4_t0_anchored_30s_horizon
australia_2026_R_00619,australia_2026_R,2026,Australian Grand Prix,SAI,OCO,31,2026-03-08 05:12:53.544,2026-03-08 05:14:01.744,68.2,68.2,2026-03-08 05:13:23.544,30.0,47,253,89.09555555555556,1.0550789473684212,10.366666666666788,304.0,306.0,-2.0,,,False,15.0,11.0,23.87833333333333,straight_01,300.00540721367383,442.82200322223446,SOFT,2.0,4.0,0.962557457669763,16359.043160250929,99527.82630426304,400.0,False,1,False,LAPPED_UNLAPPED,,,False,0.0,303.2470394736842,0.7529605263158032,1.050828,True,1.050828,-15.625852015067126,12,True,3.0,straight,0.004368915755480583,5465.505555555557,14,941.9556898886449,3,australia_2026_R|OCO|SAI,australia_2026_R|L47|australia_2026_R|OCO|SAI,,False,v4_t0_anchored_30s_horizon
australia_2026_R_00620,australia_2026_R,2026,Australian Grand Prix,GAS,ANT,12,2026-03-08 05:13:05.744,2026-03-08 05:13:09.504,3.76,3.76,2026-03-08 05:13:35.744,30.0,48,15,95.91083333333336,1.6363933649289104,70.77027777777766,211.0,101.0,110.0,129.63265306122432,1.96,True,10.0,2.0,977.5119444444445,brake_T3,74.77732983573173,292.65904659772855,HARD,37.0,2.0,0.9967272449375141,8357.355927390901,58706.826838563255,400.0,False,1,False,LAPPED_UNLAPPED,,,False,0.0,248.10045871559635,-37.100458715596346,2.427559,True,2.427559,109.67698627816567,10,True,3.0,brake,0.17885114826218165,5465.505555555557,14,941.9556898886449,3,australia_2026_R|ANT|GAS,australia_2026_R|L48|australia_2026_R|ANT|GAS,,False,v4_t0_anchored_30s_horizon
australia_2026_R_00621,australia_2026_R,2026,Australian Grand Prix,GAS,ANT,12,2026-03-08 05:13:50.024,2026-03-08 05:13:54.465,4.441,4.441,2026-03-08 05:14:20.024,30.0,48,16,96.72944444444556,1.1925547945205617,37.40722222222303,292.0,117.0,175.0,143.46982055464886,1.839,True,10.0,2.0,3986.973055555555,brake_T11,70.7923847727352,130.7923847727352,HARD,37.0,2.0,0.8966204913913902,9261.711555260907,60606.789856947995,400.0,False,1,False,LAPPED_UNLAPPED,,,False,0.0,262.4923921568645,29.507607843135474,2.172654,True,2.172654,102.29893848547916,13,True,3.0,brake,0.7294792796437451,5465.505555555557,14,941.9556898886449,3,australia_2026_R|ANT|GAS,australia_2026_R|L48|australia_2026_R|ANT|GAS,,True,v4_t0_anchored_30s_horizon
australia_2026_R_00622,australia_2026_R,2026,Australian Grand Prix,PER,VER,3,2026-03-08 05:13:54.065,2026-03-08 05:13:59.865,5.8,5.8,2026-03-08 05:14:24.065,30.0,47,24,88.57694444444462,1.533062500000003,64.74388888888939,208.0,98.0,110.0,128.28392958546286,1.7610000000000001,True,16.0,6.0,982.8538888888887,brake_T3,69.43538539128747,287.3171021532843,SOFT,4.0,3.0,0.9666653911216995,8623.443622401966,54959.975550399584,400.0000000000001,False,1,False,LAPPED_UNLAPPED,,,False,0.0,238.99210069444493,-30.99210069444493,2.307437,True,2.307437,115.22852785141856,8,True,3.0,brake,0.17982854081812083,5465.505555555557,14,941.9556898886449,3,australia_2026_R|PER|VER,australia_2026_R|L47|australia_2026_R|PER|VER,,False,v4_t0_anchored_30s_horizon
australia_2026_R_00623,australia_2026_R,2026,Australian Grand Prix,COL,BOR,5,2026-03-08 05:14:03.104,2026-03-08 05:14:48.744,45.64,44.281,2026-03-08 05:14:33.104,30.0,48,160,65.55666666666667,0.7613032258064516,10.173055555556857,310.0,300.0,10.0,,,False,14.0,9.0,46.90277777777778,straight_01,276.9809627692294,419.79755877779,SOFT,2.0,3.0,0.9618525805347965,15573.987381129537,99463.82418482029,400.0,False,1,False,LAPPED_UNLAPPED,,45.96,True,0.0,299.91540476190477,10.084595238095233,0.783686,True,0.783686,4.924385691590423,14,True,3.0,straight,0.008581599140467841,5465.505555555557,14,941.9556898886449,3,australia_2026_R|BOR|COL,australia_2026_R|L48|australia_2026_R|BOR|COL,,False,v4_t0_anchored_30s_horizon
australia_2026_R_00624,australia_2026_R,2026,Australian Grand Prix,OCO,GAS,10,2026-03-08 05:14:18.184,2026-03-08 05:16:20.665,122.481,122.481,2026-03-08 05:14:48.184,30.0,49,438,99.25111111111116,1.1525935483870973,26.303333333333285,310.0,301.0,9.0,120.25051020408569,1.96,True,11.0,10.0,81.83194444444443,straight_01,242.05179610256272,384.86839211112334,HARD,38.0,2.0,0.949676965050281,14729.47375141637,99451.26450079484,400.0,False,1,False,CLOSE_INTERACTION_NO_PASS,0.0,,False,0.0,299.0,11.0,1.189421,True,1.189421,-11.015957755981345,13,True,3.0,straight,0.01497243825162051,5465.505555555557,14,941.9556898886449,3,australia_2026_R|GAS|OCO,australia_2026_R|L49|australia_2026_R|GAS|OCO,,False,v4_t0_anchored_30s_horizon
australia_2026_R_00625,australia_2026_R,2026,Australian Grand Prix,BOR,COL,43,2026-03-08 05:14:49.944,2026-03-08 05:15:26.265,36.321,36.321,2026-03-08 05:15:19.944,30.0,49,133,10.574722222220316,0.1560204918032506,10.574722222220316,244.0,277.0,-33.0,-37.954545454543805,0.88,True,9.0,14.0,3187.233611111111,brake_T9,61.928213197713376,226.41496404439022,HARD,16.0,3.0,0.07069260401270192,17802.28260968068,41451.78513643417,400.0,False,1,False,LAPPED_UNLAPPED,,,False,0.0,289.90177926766165,-45.90177926766165,0.138942,True,0.138942,-27.627154031304656,12,True,3.0,brake,0.583154399664156,5465.505555555557,14,941.9556898886449,3,australia_2026_R|BOR|COL,australia_2026_R|L49|australia_2026_R|BOR|COL,,False,v4_t0_anchored_30s_horizon
australia_2026_R_00626,australia_2026_R,2026,Australian Grand Prix,HAM,LEC,16,2026-03-08 05:15:33.945,2026-03-08 05:15:37.104,3.159,3.159,2026-03-08 05:16:03.945,30.0,50,12,95.56055555555395,1.5853364055299273,76.17166666666526,217.0,90.0,127.0,116.60975609756107,1.6400000000000001,True,4.0,3.0,4516.966944444444,brake_T13,61.53026659821626,278.01740575754684,HARD,22.0,2.0,0.027373545474201226,13491.825419637673,24240.128756922557,400.0,False,1,False,CLOSE_INTERACTION_NO_PASS,0.0,,False,0.0,201.08752470355475,15.912475296445251,2.923532,True,2.923532,98.54405218705412,9,True,3.0,brake,0.8264499776883502,5465.505555555557,14,941.9556898886449,3,australia_2026_R|HAM|LEC,australia_2026_R|L50|australia_2026_R|HAM|LEC,,True,v4_t0_anchored_30s_horizon
australia_2026_R_00627,australia_2026_R,2026,Australian Grand Prix,COL,LIN,41,2026-03-08 05:15:40.105,2026-03-08 05:15:45.625,5.52,5.52,2026-03-08 05:16:10.105,30.0,49,20,91.90666666666675,1.4511578947368435,71.41777777777793,228.0,88.0,140.0,166.6581605528971,1.881,True,14.0,8.0,1001.6266666666666,brake_T3,50.662607613509635,268.54432437550645,SOFT,3.0,3.0,0.9674480879387589,9558.534808728095,41792.708962250974,400.0,False,1,False,LAPPED_UNLAPPED,,,False,0.0,207.1162944162436,20.88370558375641,2.707487,True,2.707487,158.60958723383115,12,True,3.0,brake,0.18326331507403495,5465.505555555557,14,941.9556898886449,3,australia_2026_R|COL|LIN,australia_2026_R|L49|australia_2026_R|COL|LIN,,False,v4_t0_anchored_30s_horizon
australia_2026_R_00628,australia_2026_R,2026,Australian Grand Prix,LAW,ALB,23,2026-03-08 05:15:55.705,2026-03-08 05:15:59.585,3.88,3.88,2026-03-08 05:16:25.705,30.0,49,18,96.84333333333234,1.668114832535868,73.10999999999876,209.0,103.0,106.0,77.17391304347629,1.8399999999999999,True,13.0,12.0,4489.357777777777,brake_T13,89.13943326488334,305.6265724242139,SOFT,16.0,3.0,0.5798698772237223,12021.702658787191,33217.76865972264,400.0,False,1,False,CLOSE_INTERACTION_NO_PASS,0.0,,False,0.0,205.90734989648112,3.092650103518878,2.381188,True,2.381188,44.93045253660887,13,True,3.0,brake,0.8213984474344649,5465.505555555557,14,941.9556898886449,3,australia_2026_R|ALB|LAW,australia_2026_R|L49|australia_2026_R|ALB|LAW,,True,v4_t0_anchored_30s_horizon
australia_2026_R_00629,australia_2026_R,2026,Australian Grand Prix,COL,LIN,41,2026-03-08 05:16:23.864,2026-03-08 05:16:44.305,20.441,20.441,2026-03-08 05:16:53.864,30.0,49,79,97.90777777777885,1.3006199261992764,43.33388888888658,271.0,129.0,142.0,85.89216231239713,1.799,True,14.0,8.0,3964.811944444444,brake_T11,92.95349588384624,152.95349588384624,SOFT,3.0,3.0,0.8961127940608818,8976.307822023773,74174.34051211753,399.99999999999955,False,1,False,LAPPED_UNLAPPED,,,False,0.0,278.7756994404479,-7.775699440447909,1.833906,True,1.833906,56.32075612360714,11,True,3.0,brake,0.7254245566385541,5465.505555555557,14,941.9556898886449,3,australia_2026_R|COL|LIN,australia_2026_R|L49|australia_2026_R|COL|LIN,,True,v4_t0_anchored_30s_horizon
australia_2026_R_00630,australia_2026_R,2026,Australian Grand Prix,LAW,ALB,23,2026-03-08 05:16:38.425,2026-03-08 05:16:43.624,5.199,5.199,2026-03-08 05:17:08.425,30.0,50,19,96.6711111111124,1.354147859922197,70.40444444444574,257.0,207.0,50.0,22.66579906298783,1.921,True,13.0,12.0,1697.097777777777,straight_04,137.60772266321533,490.1083566424022,SOFT,17.0,3.0,0.6083394635942397,17871.755596406274,47739.69067246522,400.0,False,1,False,CLOSE_INTERACTION_NO_PASS,0.0,,False,0.0,246.72394989878538,10.276050101214622,1.529336,True,1.529336,11.225296907940605,13,True,3.0,straight,0.3105106674080163,5465.505555555557,14,941.9556898886449,3,australia_2026_R|ALB|LAW,australia_2026_R|L50|australia_2026_R|ALB|LAW,,False,v4_t0_anchored_30s_horizon
australia_2026_R_00631,australia_2026_R,2026,Australian Grand Prix,COL,LIN,41,2026-03-08 05:17:02.545,2026-03-08 05:17:24.465,21.92,21.92,2026-03-08 05:17:32.545,30.0,50,77,90.78138888888861,1.1269413793103413,43.90388888888924,290.0,164.0,126.0,51.790697674419725,1.72,True,14.0,8.0,934.1108333333334,brake_T3,118.17844094684278,336.0601577088396,SOFT,4.0,3.0,0.9386767204668794,6195.502367029561,89148.4592377033,400.0,False,1,False,LAPPED_UNLAPPED,,,False,0.0,286.5219736842105,3.4780263157895206,1.441757,True,1.441757,18.763697996198424,13,True,3.0,brake,0.1709102339826243,5465.505555555557,14,941.9556898886449,3,australia_2026_R|COL|LIN,australia_2026_R|L50|australia_2026_R|COL|LIN,,False,v4_t0_anchored_30s_horizon
australia_2026_R_00632,australia_2026_R,2026,Australian Grand Prix,HAM,LEC,16,2026-03-08 05:17:24.745,2026-03-08 05:17:27.865,3.12,3.12,2026-03-08 05:17:54.745,30.0,52,9,92.41611111111092,1.4097372881355903,70.60500000000002,236.0,90.0,146.0,168.32031249999986,1.92,True,4.0,3.0,1010.3108333333337,brake_T3,41.97844094684251,259.8601577088393,HARD,24.0,2.0,0.04750510414158172,9942.468915807824,35706.77719990719,400.0,False,1,False,CLOSE_INTERACTION_NO_PASS,0.0,,False,0.0,215.201716321243,20.798283678757002,2.644984,True,2.644984,153.43588691592294,12,True,3.0,brake,0.18485221962794943,5465.505555555557,14,941.9556898886449,3,australia_2026_R|HAM|LEC,australia_2026_R|L52|australia_2026_R|HAM|LEC,,False,v4_t0_anchored_30s_horizon
australia_2026_R_00633,australia_2026_R,2026,Australian Grand Prix,COL,LIN,41,2026-03-08 05:17:33.065,2026-03-08 05:19:38.066,125.001,125.001,2026-03-08 05:18:03.065,30.0,50,440,99.51777777777852,1.1195750000000084,10.1825000000008,320.0,310.0,10.0,8.166666666666346,1.92,True,14.0,8.0,2876.0005555555554,straight_05,373.1612687532688,537.6480195999457,SOFT,4.0,3.0,0.9121445955299026,23481.41205068414,67778.78481803875,400.0,False,1,False,LAPPED_UNLAPPED,,,False,0.0,316.8946921443738,3.105307855626222,1.147363,True,1.147363,7.811569320158896,11,True,3.0,straight,0.5262094286286414,5465.505555555557,14,941.9556898886449,3,australia_2026_R|COL|LIN,australia_2026_R|L50|australia_2026_R|COL|LIN,,False,v4_t0_anchored_30s_horizon
australia_2026_R_00634,australia_2026_R,2026,Australian Grand Prix,BOR,RUS,63,2026-03-08 05:18:19.505,2026-03-08 05:18:23.266,3.761,3.761,2026-03-08 05:18:49.505,30.0,52,14,96.38277777777782,1.1882808219178087,74.1605555555555,292.0,174.0,118.0,41.574468085106325,1.88,True,9.0,1.0,243.79305555555553,brake_T1,80.09068499145164,222.90728100001226,HARD,19.0,3.0,0.06662495486084892,15780.116019976384,70667.3934494224,400.0,False,1,False,LAPPED_UNLAPPED,,,False,0.0,310.62586805555566,-18.625868055555657,1.424805,True,1.424805,15.486168627178593,13,True,3.0,brake,0.044605764842329296,5465.505555555557,14,941.9556898886449,3,australia_2026_R|BOR|RUS,australia_2026_R|L52|australia_2026_R|BOR|RUS,,False,v4_t0_anchored_30s_horizon
australia_2026_R_00635,australia_2026_R,2026,Australian Grand Prix,OCO,GAS,10,2026-03-08 05:18:21.185,2026-03-08 05:18:26.785,5.6,5.6,2026-03-08 05:18:51.185,30.0,51,19,91.98333333333176,1.6556999999999715,54.99749999999767,200.0,87.0,113.0,96.69047619047626,1.6800000000000002,True,11.0,10.0,4498.843888888892,brake_T13,79.65332215376839,296.14046131309897,HARD,40.0,2.0,0.9346988586117186,12526.815617275854,30133.181186955528,400.0,False,1,False,CLOSE_INTERACTION_NO_PASS,0.0,,False,0.0,202.59458111701835,-2.5945811170183504,2.702393,True,2.702393,62.86633020732871,12,True,3.0,brake,0.823134080307708,5465.505555555557,14,941.9556898886449,3,australia_2026_R|GAS|OCO,australia_2026_R|L51|australia_2026_R|GAS|OCO,,True,v4_t0_anchored_30s_horizon
australia_2026_R_00636,australia_2026_R,2026,Australian Grand Prix,BOR,RUS,63,2026-03-08 05:19:27.105,2026-03-08 05:19:31.106,4.001,4.001,2026-03-08 05:19:57.105,30.0,52,17,92.96194444444336,1.528141552511398,66.59166666666533,219.0,88.0,131.0,101.83673469387904,1.96,True,9.0,1.0,4515.883333333335,brake_T13,62.61387770932561,279.1010168686562,HARD,19.0,3.0,0.051006326647356735,13434.12569339872,24592.4852937085,400.0,False,1,False,LAPPED_UNLAPPED,,,False,0.0,202.72812960235672,16.271870397643283,2.711742,True,2.711742,79.25381377938378,10,True,3.0,brake,0.826251714032757,5465.505555555557,14,941.9556898886449,3,australia_2026_R|BOR|RUS,australia_2026_R|L52|australia_2026_R|BOR|RUS,,True,v4_t0_anchored_30s_horizon
australia_2026_R_00637,australia_2026_R,2026,Australian Grand Prix,OCO,GAS,10,2026-03-08 05:19:35.946,2026-03-08 05:19:54.986,19.04,19.04,2026-03-08 05:20:05.946,30.0,52,69,98.10666666666839,1.8491308900523884,60.92916666666406,191.0,120.0,71.0,65.73514714047829,1.8010000000000002,True,11.0,10.0,4020.709722222223,brake_T11,37.055718106067616,97.05571810606762,HARD,41.0,2.0,0.9394137265235334,10603.233525118936,39427.07231472638,400.0,False,1,False,CLOSE_INTERACTION_NO_PASS,0.0,,False,0.0,278.07733812949675,-87.07733812949675,2.084093,True,2.084093,48.37669180729315,8,True,3.0,brake,0.7356519321685194,5465.505555555557,14,941.9556898886449,3,australia_2026_R|GAS|OCO,australia_2026_R|L52|australia_2026_R|GAS|OCO,,True,v4_t0_anchored_30s_horizon
australia_2026_R_00638,australia_2026_R,2026,Australian Grand Prix,COL,LIN,41,2026-03-08 05:19:40.865,2026-03-08 05:19:45.785,4.92,4.92,2026-03-08 05:20:10.865,30.0,52,19,96.46416666666667,1.249176258992806,64.38916666666665,278.0,183.0,95.0,23.68888888888887,1.8,True,14.0,8.0,210.30166666666665,brake_T1,113.58207388034052,256.39866988890117,SOFT,6.0,3.0,0.9614695909173644,13751.212154421894,95109.94356104817,400.0,False,1,False,LAPPED_UNLAPPED,,,False,0.0,299.91740771812084,-21.91740771812084,1.45113,True,1.45113,4.209584398235013,11,True,3.0,brake,0.038477989735624725,5465.505555555557,14,941.9556898886449,3,australia_2026_R|COL|LIN,australia_2026_R|L52|australia_2026_R|COL|LIN,,False,v4_t0_anchored_30s_horizon
australia_2026_R_00639,australia_2026_R,2026,Australian Grand Prix,HAM,LEC,16,2026-03-08 05:20:11.106,2026-03-08 05:20:14.145,3.039,3.039,2026-03-08 05:20:41.106,30.0,54,14,98.94583333333344,1.817372448979594,81.5238888888889,196.0,96.0,100.0,161.27999999999983,2.0,True,4.0,3.0,1003.9605555555552,brake_T3,48.32871872462101,266.2104354866178,HARD,26.0,2.0,0.05682697319031665,9674.788191988599,40155.7142909833,400.0,False,1,False,CLOSE_INTERACTION_NO_PASS,0.0,,False,0.0,212.224830508475,-16.22483050847501,2.935474,True,2.935474,159.63461974572803,12,True,3.0,brake,0.18369033666703585,5465.505555555557,14,941.9556898886449,3,australia_2026_R|HAM|LEC,australia_2026_R|L54|australia_2026_R|HAM|LEC,,False,v4_t0_anchored_30s_horizon
australia_2026_R_00640,australia_2026_R,2026,Australian Grand Prix,COL,LIN,41,2026-03-08 05:20:24.626,2026-03-08 05:21:04.866,40.24,39.28,2026-03-08 05:20:54.626,30.0,52,138,97.77999999999975,1.110435331230281,10.478333333333325,317.0,244.0,73.0,64.06382978723354,1.88,True,14.0,8.0,2990.3769444444442,straight_05,258.78487986437995,423.2716307110568,SOFT,6.0,3.0,0.9225068513097235,17184.05679323117,72016.63011230515,400.0,False,1,False,LAPPED_UNLAPPED,,,False,0.0,266.6933109833973,50.30668901660272,1.390398,True,1.390398,56.722902097929975,12,True,3.0,straight,0.5471363836424604,5465.505555555557,14,941.9556898886449,3,australia_2026_R|COL|LIN,australia_2026_R|L52|australia_2026_R|COL|LIN,,False,v4_t0_anchored_30s_horizon
australia_2026_R_00641,australia_2026_R,2026,Australian Grand Prix,VER,NOR,1,2026-03-08 05:20:34.105,2026-03-08 05:20:41.426,7.321,7.321,2026-03-08 05:21:04.105,30.0,54,28,92.22583333333333,1.0641442307692306,60.47499999999991,312.0,203.0,109.0,50.65217391304348,1.8399999999999999,True,6.0,5.0,216.52805555555554,brake_T1,107.35568499145162,250.17228100001225,HARD,13.0,3.0,0.023840295760308366,14128.405961672546,90565.82558087008,400.0,False,1,False,CLOSE_INTERACTION_NO_PASS,0.0,,False,0.0,291.9017402826855,20.098259717314477,1.323699,True,1.323699,36.86474839782988,11,True,3.0,brake,0.039617205280389825,5465.505555555557,14,941.9556898886449,3,australia_2026_R|NOR|VER,australia_2026_R|L54|australia_2026_R|NOR|VER,,False,v4_t0_anchored_30s_horizon
australia_2026_R_00642,australia_2026_R,2026,Australian Grand Prix,GAS,HAM,44,2026-03-08 05:20:58.426,2026-03-08 05:21:01.506,3.08,3.08,2026-03-08 05:21:28.426,30.0,53,11,98.76388888888778,1.238850174216014,68.52611111111037,287.0,118.0,169.0,171.7916666666642,1.92,True,10.0,4.0,4031.5538888888905,brake_T11,26.211551439399955,86.21155143939995,HARD,42.0,2.0,0.8949057289603524,11053.993945067425,32607.834972744167,400.0,False,1,False,LAPPED_UNLAPPED,,,False,0.0,209.3638369483873,77.6361630516127,2.677764,True,2.677764,153.9884418146282,14,True,3.0,brake,0.7376360426147424,5465.505555555557,14,941.9556898886449,3,australia_2026_R|GAS|HAM,australia_2026_R|L53|australia_2026_R|GAS|HAM,,True,v4_t0_anchored_30s_horizon
australia_2026_R_00643,australia_2026_R,2026,Australian Grand Prix,HAM,LEC,16,2026-03-08 05:21:05.386,2026-03-08 05:21:09.466,4.08,4.08,2026-03-08 05:21:35.386,30.0,54,17,99.63500000000204,1.6378356164383898,66.42361111111313,219.0,99.0,120.0,82.3541666666671,1.92,True,4.0,3.0,4500.115555555553,brake_T13,78.38165548710731,294.8687946464379,HARD,26.0,2.0,0.03466533655036036,12594.528856630172,29719.67484873415,400.0,False,1,False,CLOSE_INTERACTION_NO_PASS,0.0,,False,0.0,211.7832830676436,7.216716932356405,2.486161,True,2.486161,59.28223614380874,13,True,3.0,brake,0.8233667516779472,5465.505555555557,14,941.9556898886449,3,australia_2026_R|HAM|LEC,australia_2026_R|L54|australia_2026_R|HAM|LEC,,True,v4_t0_anchored_30s_horizon
australia_2026_R_00644,australia_2026_R,2026,Australian Grand Prix,BOR,ANT,12,2026-03-08 05:21:09.146,2026-03-08 05:21:15.266,6.12,6.12,2026-03-08 05:21:39.146,30.0,54,21,97.3783333333333,1.1272090032154338,48.078333333333376,311.0,241.0,70.0,15.976744186046556,1.72,True,9.0,2.0,181.64583333333334,straight_01,142.23790721367382,285.0545032222344,HARD,21.0,3.0,0.05825109631375672,13611.493926841044,99731.429473655,400.0,False,1,False,LAPPED_UNLAPPED,,,False,0.0,307.0,4.0,1.219355,True,1.219355,14.068890233698198,12,True,3.0,straight,0.033234955391948075,5465.505555555557,14,941.9556898886449,3,australia_2026_R|ANT|BOR,australia_2026_R|L54|australia_2026_R|ANT|BOR,,False,v4_t0_anchored_30s_horizon
australia_2026_R_00645,australia_2026_R,2026,Australian Grand Prix,OCO,GAS,10,2026-03-08 05:21:24.946,2026-03-08 05:23:16.506,111.56,111.56,2026-03-08 05:21:54.946,30.0,54,412,54.026666666666664,0.6376918032786886,16.271666666668807,305.0,295.0,10.0,153.04130434783113,1.8399999999999999,True,11.0,10.0,24.125555555555554,straight_01,299.7581849914516,442.57478100001225,HARD,43.0,2.0,0.9428117157621261,16350.613717588321,99527.13908914982,399.99999999999994,False,1,False,CLOSE_INTERACTION_NO_PASS,0.0,,False,0.0,294.0,11.0,0.658585,True,0.658585,-2.6532702674715054,13,True,3.0,straight,0.004414148940171234,5465.505555555557,14,941.9556898886449,3,australia_2026_R|GAS|OCO,australia_2026_R|L54|australia_2026_R|GAS|OCO,,False,v4_t0_anchored_30s_horizon
australia_2026_R_00646,australia_2026_R,2026,Australian Grand Prix,VER,NOR,1,2026-03-08 05:21:30.306,2026-03-08 05:21:34.826,4.52,4.52,2026-03-08 05:22:00.306,30.0,54,19,97.2788888888922,1.2688550724638112,58.60111111111382,276.0,132.0,144.0,89.69387755101985,1.96,True,6.0,5.0,3970.7458333333325,brake_T11,87.01960699495794,147.01960699495794,HARD,13.0,3.0,0.0,9052.727909130965,70541.47491803752,400.0,False,1,False,CLOSE_INTERACTION_NO_PASS,0.0,,False,0.0,277.9664711191342,-1.9664711191342121,1.851545,True,1.851545,60.461249383886745,12,True,3.0,brake,0.7265102547187356,5465.505555555557,14,941.9556898886449,3,australia_2026_R|NOR|VER,australia_2026_R|L54|australia_2026_R|NOR|VER,,True,v4_t0_anchored_30s_horizon
australia_2026_R_00647,australia_2026_R,2026,Australian Grand Prix,BOR,LIN,41,2026-03-08 05:21:36.106,2026-03-08 05:24:12.267,156.161,156.161,2026-03-08 05:22:06.106,30.0,54,557,99.18555555555508,1.3893696498054409,10.057500000000061,257.0,197.0,60.0,54.51851851851794,1.08,True,9.0,8.0,1681.5272222222222,straight_04,153.17827821877017,505.67891219795706,HARD,21.0,3.0,0.11831915306586843,17760.953559010635,47744.074302759276,399.9999999999998,False,1,False,CLOSE_INTERACTION_NO_PASS,0.0,,False,0.0,226.36711711711683,30.632882882883166,1.7296209999999999,True,1.7296209999999999,26.789545978291226,13,True,3.0,straight,0.3076617899533538,5465.505555555557,14,941.9556898886449,3,australia_2026_R|BOR|LIN,australia_2026_R|L54|australia_2026_R|BOR|LIN,,False,v4_t0_anchored_30s_horizon
australia_2026_R_00648,australia_2026_R,2026,Australian Grand Prix,VER,NOR,1,2026-03-08 05:22:07.866,2026-03-08 05:22:19.746,11.88,11.88,2026-03-08 05:22:37.866,30.0,55,45,98.33111111111157,1.1760531561461849,28.731111111111204,301.0,175.0,126.0,51.547395833332956,1.92,True,6.0,5.0,916.6966666666665,straight_02,135.5926076135097,353.4743243755065,HARD,14.0,3.0,0.023847656905481886,6338.684194340294,90511.11384310192,400.0,False,1,False,CLOSE_INTERACTION_NO_PASS,0.0,,False,0.0,288.82029822596814,12.179701774031855,1.507765,True,1.507765,24.67391242177111,13,True,3.0,straight,0.16772403894729665,5465.505555555557,14,941.9556898886449,3,australia_2026_R|NOR|VER,australia_2026_R|L55|australia_2026_R|NOR|VER,,False,v4_t0_anchored_30s_horizon
australia_2026_R_00649,australia_2026_R,2026,Australian Grand Prix,COL,ANT,12,2026-03-08 05:22:33.426,2026-03-08 05:22:36.466,3.04,3.04,2026-03-08 05:23:03.426,30.0,54,13,93.35277777777793,1.268188679245285,77.61944444444458,265.0,164.0,101.0,84.92765957446785,1.88,True,14.0,2.0,252.87277777777774,brake_T1,71.01096276922942,213.82755877779005,SOFT,8.0,3.0,0.9687358777326657,16330.164379450043,64040.86726525638,400.0,False,1,False,LAPPED_UNLAPPED,,,False,0.0,285.6859712230216,-20.685971223021625,1.666935,True,1.666935,54.79254533813031,11,True,3.0,brake,0.04626704249174873,5465.505555555557,14,941.9556898886449,3,australia_2026_R|ANT|COL,australia_2026_R|L54|australia_2026_R|ANT|COL,,False,v4_t0_anchored_30s_horizon
australia_2026_R_00650,australia_2026_R,2026,Australian Grand Prix,VER,NOR,1,2026-03-08 05:22:53.506,2026-03-08 05:22:58.106,4.6,4.6,2026-03-08 05:23:23.506,30.0,55,21,89.0041666666657,1.1955783582089423,55.22638888888832,268.0,123.0,145.0,115.44555555555598,1.8,True,6.0,5.0,3982.951388888891,brake_T11,74.81405143939946,134.81405143939946,HARD,14.0,3.0,0.0,9209.91818286425,63068.94827240835,399.99999999999955,False,1,False,CLOSE_INTERACTION_NO_PASS,0.0,,False,0.0,264.13572351421084,3.864276485789162,1.877503,True,1.877503,83.43487081254507,10,True,3.0,brake,0.7287434526235756,5465.505555555557,14,941.9556898886449,3,australia_2026_R|NOR|VER,australia_2026_R|L55|australia_2026_R|NOR|VER,,True,v4_t0_anchored_30s_horizon
australia_2026_R_00651,australia_2026_R,2026,Australian Grand Prix,HAM,LEC,16,2026-03-08 05:22:55.346,2026-03-08 05:23:03.186,7.84,7.84,2026-03-08 05:23:25.346,30.0,56,31,99.46277777777732,1.2652508833922202,55.096111111110986,283.0,117.0,166.0,114.50000000000027,1.8399999999999999,True,4.0,3.0,966.3738888888889,brake_T3,85.91538539128726,303.7971021532841,HARD,28.0,2.0,0.017758875750739526,7802.558033008978,66519.0828887688,399.9999999999999,False,1,False,CLOSE_INTERACTION_NO_PASS,0.0,,False,0.0,268.01828716277373,14.981712837226269,1.994022,True,1.994022,79.03143210333981,12,True,3.0,brake,0.17681326623236027,5465.505555555557,14,941.9556898886449,3,australia_2026_R|HAM|LEC,australia_2026_R|L56|australia_2026_R|HAM|LEC,,False,v4_t0_anchored_30s_horizon
australia_2026_R_00652,australia_2026_R,2026,Australian Grand Prix,OCO,GAS,10,2026-03-08 05:23:19.827,2026-03-08 05:23:22.986,3.159,3.159,2026-03-08 05:23:49.827,30.0,55,14,96.33388888888953,1.308686792452839,81.59694444444517,265.0,193.0,72.0,30.014196479273306,1.7610000000000001,True,11.0,10.0,1739.4330555555555,brake_T6,95.27244488543693,447.7730788646238,HARD,44.0,2.0,0.9646838429553506,19461.693151966032,38268.47478873098,399.9999999999998,False,1,False,CLOSE_INTERACTION_NO_PASS,0.0,,False,0.0,267.9108653846156,-2.9108653846155903,1.517434,True,1.517434,3.263983112119534,14,True,3.0,brake,0.3182565707553737,5465.505555555557,14,941.9556898886449,3,australia_2026_R|GAS|OCO,australia_2026_R|L55|australia_2026_R|GAS|OCO,,False,v4_t0_anchored_30s_horizon
australia_2026_R_00653,australia_2026_R,2026,Australian Grand Prix,VER,NOR,1,2026-03-08 05:23:31.706,2026-03-08 05:23:38.346,6.64,6.64,2026-03-08 05:24:01.706,30.0,56,26,96.77166666666687,1.2855276752767557,56.13083333333316,271.0,121.0,150.0,112.20000000000007,2.0,True,6.0,5.0,963.315,brake_T3,88.97427428017613,306.85599104217295,HARD,15.0,3.0,0.04909264727198222,7650.19166113743,68664.59411466758,400.0,False,1,False,CLOSE_INTERACTION_NO_PASS,0.0,,False,0.0,264.61603305785144,6.383966942148561,1.996661,True,1.996661,79.53311058331907,12,True,3.0,brake,0.17625359451346878,5465.505555555557,14,941.9556898886449,3,australia_2026_R|NOR|VER,australia_2026_R|L56|australia_2026_R|NOR|VER,,False,v4_t0_anchored_30s_horizon
australia_2026_R_00654,australia_2026_R,2026,Australian Grand Prix,HAM,LEC,16,2026-03-08 05:23:39.667,2026-03-08 05:24:00.507,20.84,20.84,2026-03-08 05:24:09.667,30.0,56,79,90.90833333332967,1.1688214285713816,20.60305555555078,280.0,143.0,137.0,85.19211549139273,1.8010000000000002,True,4.0,3.0,3981.1030555555567,brake_T11,76.66238477273373,136.66238477273373,HARD,28.0,2.0,0.0,9186.114266582483,64200.54117864481,400.00000000000045,False,1,False,CLOSE_INTERACTION_NO_PASS,0.0,,False,0.0,258.8915116279062,21.108488372093802,1.660434,True,1.660434,54.980672874929105,12,True,3.0,brake,0.7284052710382591,5465.505555555557,14,941.9556898886449,3,australia_2026_R|HAM|LEC,australia_2026_R|L56|australia_2026_R|HAM|LEC,,True,v4_t0_anchored_30s_horizon
australia_2026_R_00655,australia_2026_R,2026,Australian Grand Prix,OCO,GAS,10,2026-03-08 05:24:14.786,2026-03-08 05:25:03.346,48.56,48.56,2026-03-08 05:24:44.786,30.0,56,191,85.19083333333334,0.9893129032258066,30.357222222222617,310.0,301.0,9.0,135.96775986660893,1.799,True,11.0,10.0,54.859722222222224,straight_01,269.02401832478495,411.84061433334557,HARD,45.0,2.0,0.9488142727917906,15302.68245408422,99441.70589614837,400.0,False,1,False,CLOSE_INTERACTION_NO_PASS,0.0,,False,0.0,300.0,10.0,1.02135,True,1.02135,-7.052464451890416,11,True,3.0,straight,0.010037446978067494,5465.505555555557,14,941.9556898886449,3,australia_2026_R|GAS|OCO,australia_2026_R|L56|australia_2026_R|GAS|OCO,,False,v4_t0_anchored_30s_horizon
australia_2026_R_00656,australia_2026_R,2026,Australian Grand Prix,VER,NOR,1,2026-03-08 05:24:16.786,2026-03-08 05:24:20.187,3.401,3.401,2026-03-08 05:24:46.786,30.0,56,16,96.86111111111131,1.3621093750000028,64.888611111111,256.0,117.0,139.0,135.35999999999967,2.0,True,6.0,5.0,4000.679722222224,brake_T11,57.08571810606645,117.08571810606645,HARD,15.0,3.0,0.00892156821265777,9770.644771266616,52022.72195369203,400.0,False,1,False,CLOSE_INTERACTION_NO_PASS,0.0,,False,0.0,259.108974854933,-3.108974854933024,2.25257,True,2.25257,110.11861272605205,11,True,3.0,brake,0.7319871293801224,5465.505555555557,14,941.9556898886449,3,australia_2026_R|NOR|VER,australia_2026_R|L56|australia_2026_R|NOR|VER,,True,v4_t0_anchored_30s_horizon
australia_2026_R_00657,australia_2026_R,2026,Australian Grand Prix,HAM,LEC,16,2026-03-08 05:24:17.786,2026-03-08 05:24:27.147,9.361,9.361,2026-03-08 05:24:47.786,30.0,57,38,96.11888888888893,1.2227137809187285,50.13583333333372,283.0,150.0,133.0,60.73913043478247,1.8399999999999999,True,4.0,3.0,939.6236111111109,brake_T3,112.66566316906528,330.5473799310621,HARD,29.0,2.0,0.03114053054511337,6470.09944441448,85281.78508321862,400.0,False,1,False,CLOSE_INTERACTION_NO_PASS,0.0,,False,0.0,279.3409420289855,3.6590579710144766,1.573637,True,1.573637,30.090401172369614,12,True,3.0,brake,0.17191888317742277,5465.505555555557,14,941.9556898886449,3,australia_2026_R|HAM|LEC,australia_2026_R|L57|australia_2026_R|HAM|LEC,,False,v4_t0_anchored_30s_horizon
australia_2026_R_00658,australia_2026_R,2026,Australian Grand Prix,BOR,LIN,41,2026-03-08 05:24:20.027,2026-03-08 05:24:57.106,37.079,36.599,2026-03-08 05:24:50.027,30.0,56,128,10.821944444444398,0.218870786516853,10.050555555555093,178.0,210.0,-32.0,-31.142857142856343,1.12,True,9.0,8.0,1335.0894444444443,brake_T5,70.0599411104156,130.0599411104156,HARD,23.0,3.0,0.1714689402010502,22744.48071373939,7954.04379828816,400.0,False,1,False,ON_TRACK_PASS,1.0,7.839,False,0.0,205.05250000000004,-27.052500000000038,0.1979,True,0.1979,-18.685306008955084,14,True,3.0,brake,0.24427556259408748,5465.505555555557,14,941.9556898886449,3,australia_2026_R|BOR|LIN,australia_2026_R|L56|australia_2026_R|BOR|LIN,,False,v4_t0_anchored_30s_horizon
australia_2026_R_00659,australia_2026_R,2026,Australian Grand Prix,VER,NOR,1,2026-03-08 05:24:54.786,2026-03-08 05:25:02.266,7.48,7.48,2026-03-08 05:25:24.786,30.0,57,32,98.04222222222211,1.278811594202897,49.4755555555555,276.0,118.0,158.0,136.78792822186006,1.839,True,6.0,5.0,957.4749999999999,brake_T3,94.81427428017628,312.6959910421731,HARD,16.0,3.0,0.0527838380171955,7359.295311498161,72760.7826374879,400.0,False,1,False,CLOSE_INTERACTION_NO_PASS,0.0,,False,0.0,256.21166666666676,19.78833333333324,2.098956,True,2.098956,102.49450841194086,12,True,3.0,brake,0.17518507487870894,5465.505555555557,14,941.9556898886449,3,australia_2026_R|NOR|VER,australia_2026_R|L57|australia_2026_R|NOR|VER,,False,v4_t0_anchored_30s_horizon
australia_2026_R_00660,australia_2026_R,2026,Australian Grand Prix,BOR,LIN,41,2026-03-08 05:25:02.066,2026-03-08 05:25:07.187,5.121,4.681,2026-03-08 05:25:32.066,30.0,56,12,10.77944444444529,0.22048863636365365,10.27305555555904,176.0,206.0,-30.0,-29.962962962963502,0.999,True,9.0,8.0,4243.266388888887,brake_T12,85.82643536782689,145.8264353678269,HARD,23.0,3.0,0.12120458243783187,10037.281192397659,47274.408399621396,400.0,False,1,False,ON_TRACK_PASS,1.0,5.601,False,0.0,198.39368269921036,-22.39368269921036,0.202442,True,0.202442,-35.6795774048923,13,True,3.0,brake,0.7763721664459214,5465.505555555557,14,941.9556898886449,3,australia_2026_R|BOR|LIN,australia_2026_R|L56|australia_2026_R|BOR|LIN,australia_2026_R_00662,True,v4_t0_anchored_30s_horizon
australia_2026_R_00661,australia_2026_R,2026,Australian Grand Prix,HAM,LEC,16,2026-03-08 05:25:02.746,2026-03-08 05:25:21.067,18.321,18.321,2026-03-08 05:25:32.746,30.0,57,73,87.16472222221955,1.2257539062499625,56.67305555555413,256.0,142.0,114.0,76.85442721360761,1.999,True,4.0,3.0,3993.9538888888897,brake_T11,63.81155143940077,123.81155143940077,HARD,29.0,2.0,0.016514560352517246,9491.071471535213,56252.18976181786,399.99999999999955,False,1,False,CLOSE_INTERACTION_NO_PASS,0.0,,False,0.0,278.9039780521231,-22.90397805212308,1.656991,True,1.656991,44.453662100267145,12,True,3.0,brake,0.7307565326375215,5465.505555555557,14,941.9556898886449,3,australia_2026_R|HAM|LEC,australia_2026_R|L57|australia_2026_R|HAM|LEC,,True,v4_t0_anchored_30s_horizon
australia_2026_R_00662,australia_2026_R,2026,Australian Grand Prix,LIN,BOR,5,2026-03-08 05:25:08.266,2026-03-08 05:25:15.386,7.12,3.761,2026-03-08 05:25:38.266,30.0,56,16,12.741388888885922,0.42471296296286404,10.102222222219098,108.0,160.0,-52.0,-58.383973288822176,0.599,True,8.0,9.0,4571.062222222223,brake_T13,7.434988820437866,223.92212797976845,HARD,38.0,2.0,0.9747758794722261,16372.270891816846,6650.031591216784,400.0,False,1,False,ON_TRACK_PASS,1.0,7.6,False,0.0,183.28713541666056,-75.28713541666056,0.270431,True,0.270431,-25.411824170593494,12,True,3.0,brake,0.836347557560498,5465.505555555557,14,941.9556898886449,3,australia_2026_R|BOR|LIN,australia_2026_R|L56|australia_2026_R|BOR|LIN,australia_2026_R_00660,True,v4_t0_anchored_30s_horizon
australia_2026_R_00663,australia_2026_R,2026,Australian Grand Prix,PER,BEA,87,2026-03-08 05:25:12.667,2026-03-08 05:25:23.386,10.719,10.719,2026-03-08 05:25:42.667,30.0,55,40,76.12527777777777,0.9258479729729729,47.129444444444516,296.0,307.0,-11.0,,,False,16.0,7.0,30.465000000000007,straight_01,293.41874054700713,436.23533655556776,SOFT,12.0,3.0,0.8884470222745928,16134.460076637784,99509.51704048268,400.0,False,1,False,LAPPED_UNLAPPED,,,False,0.0,304.5249180327869,-8.5249180327869,0.895016,True,0.895016,-38.177971655529454,13,True,3.0,straight,0.005574049772766776,5465.505555555557,14,941.9556898886449,3,australia_2026_R|BEA|PER,australia_2026_R|L55|australia_2026_R|BEA|PER,,False,v4_t0_anchored_30s_horizon
australia_2026_R_00664,australia_2026_R,2026,Australian Grand Prix,BEA,RUS,63,2026-03-08 05:25:14.467,2026-03-08 05:25:17.467,3.0,3.0,2026-03-08 05:25:44.467,30.0,57,11,94.29611111111103,1.1507322033898295,80.58277777777766,295.0,185.0,110.0,40.510204081632736,1.96,True,7.0,1.0,258.5372222222222,brake_T1,65.34651832478494,208.16311433334556,HARD,39.0,2.0,0.6499299134087602,16673.315667313324,59906.86530889714,400.0,False,1,False,LAPPED_UNLAPPED,,,False,0.0,309.0,-14.0,1.389553,True,1.389553,18.962641101345685,13,True,3.0,brake,0.0473034414829979,5465.505555555557,14,941.9556898886449,3,australia_2026_R|BEA|RUS,australia_2026_R|L57|australia_2026_R|BEA|RUS,,False,v4_t0_anchored_30s_horizon
australia_2026_R_00665,australia_2026_R,2026,Australian Grand Prix,OCO,GAS,10,2026-03-08 05:25:14.467,2026-03-08 05:25:18.507,4.04,4.04,2026-03-08 05:25:44.467,30.0,56,14,95.44638888888858,1.7010247524752422,78.48083333333261,202.0,128.0,74.0,63.75510204081569,1.96,True,11.0,10.0,4030.9263888888877,brake_T11,26.839051439402738,86.83905143940274,HARD,45.0,2.0,0.9066871330067555,11027.910597935866,33002.43158524973,399.99999999999955,False,1,False,CLOSE_INTERACTION_NO_PASS,0.0,,False,0.0,276.77167896678964,-74.77167896678964,1.790867,True,1.790867,42.69213524631116,13,True,3.0,brake,0.7375212316437125,5465.505555555557,14,941.9556898886449,3,australia_2026_R|GAS|OCO,australia_2026_R|L56|australia_2026_R|GAS|OCO,,True,v4_t0_anchored_30s_horizon
australia_2026_R_00666,australia_2026_R,2026,Australian Grand Prix,LAW,ALB,23,2026-03-08 05:25:38.107,2026-03-08 05:26:05.987,27.88,27.88,2026-03-08 05:26:08.107,30.0,56,98,93.31944444444207,1.187102473498203,18.238611111108185,283.0,159.0,124.0,73.47196002221096,1.8010000000000002,True,13.0,12.0,3953.350555555557,brake_T11,104.41488477273333,164.41488477273333,SOFT,23.0,3.0,0.5718580814485859,8828.701361293075,81191.27091551265,399.99999999999955,False,1,False,CLOSE_INTERACTION_NO_PASS,0.0,,False,0.0,274.9567032967029,8.043296703297074,1.571446,True,1.571446,47.944676417674735,14,True,3.0,brake,0.723327515702014,5465.505555555557,14,941.9556898886449,3,australia_2026_R|ALB|LAW,australia_2026_R|L56|australia_2026_R|ALB|LAW,,True,v4_t0_anchored_30s_horizon
australia_2026_R_00667,australia_2026_R,2026,Australian Grand Prix,VER,NOR,1,2026-03-08 05:25:39.747,2026-03-08 05:25:44.347,4.6,4.6,2026-03-08 05:26:09.747,30.0,57,17,98.12527777777677,1.252663120567363,58.09194444444438,282.0,125.0,157.0,125.1800000000013,2.0,True,6.0,5.0,3977.5258333333336,brake_T11,80.23960699495683,140.23960699495683,HARD,16.0,3.0,0.0,9140.044709342195,66390.60030796689,399.99999999999955,False,1,False,CLOSE_INTERACTION_NO_PASS,0.0,,False,0.0,281.0,1.0,2.098145,True,2.098145,90.7522950730522,13,True,3.0,brake,0.7277507621029261,5465.505555555557,14,941.9556898886449,3,australia_2026_R|NOR|VER,australia_2026_R|L57|australia_2026_R|NOR|VER,,True,v4_t0_anchored_30s_horizon
australia_2026_R_00668,australia_2026_R,2026,Australian Grand Prix,ALB,NOR,1,2026-03-08 05:26:03.547,2026-03-08 05:26:11.067,7.52,7.52,2026-03-08 05:26:33.547,30.0,57,26,93.57916666666665,1.157680412371134,61.33472222222224,291.0,301.0,-10.0,,,False,12.0,5.0,27.133055555555554,straight_01,296.75068499145164,439.56728100001226,SOFT,24.0,3.0,0.9497443618071885,16248.068126905144,99518.7790014748,400.0,False,1,False,LAPPED_UNLAPPED,,,False,0.0,299.13741666666664,-8.137416666666638,1.122523,True,1.122523,-21.295311861168276,12,True,3.0,straight,0.004964418255503453,5465.505555555557,14,941.9556898886449,3,australia_2026_R|ALB|NOR,australia_2026_R|L57|australia_2026_R|ALB|NOR,,False,v4_t0_anchored_30s_horizon
australia_2026_R_00669,australia_2026_R,2026,Australian Grand Prix,LAW,VER,3,2026-03-08 05:26:10.307,2026-03-08 05:26:19.987,9.68,9.68,2026-03-08 05:26:40.307,30.0,57,37,10.722222222222115,0.27571428571428297,10.722222222222115,140.0,153.0,-13.0,-7.57551020408146,1.96,True,13.0,6.0,365.9652777777778,corner_T1,40.73505877778996,100.73505877778996,SOFT,24.0,3.0,0.6248729207319774,23164.31374589312,4902.245317476784,400.0,False,1,False,LAPPED_UNLAPPED,,,False,0.0,146.0,-6.0,0.253315,True,0.253315,-6.315934879163482,12,True,3.0,corner,0.0669590898879945,5465.505555555557,14,941.9556898886449,3,australia_2026_R|LAW|VER,australia_2026_R|L57|australia_2026_R|LAW|VER,,False,v4_t0_anchored_30s_horizon
australia_2026_R_00670,australia_2026_R,2026,Australian Grand Prix,VER,NOR,1,2026-03-08 05:26:18.907,2026-03-08 05:26:22.746,3.839,3.839,2026-03-08 05:26:48.907,30.0,58,15,91.82944444444479,1.6205196078431434,73.10722222222262,204.0,102.0,102.0,143.38461538461485,1.56,True,6.0,5.0,976.4313888888889,brake_T3,75.85788539128725,293.73960215328407,HARD,17.0,3.0,0.04313685999895315,8303.532354326942,59464.73082228519,400.0,False,1,False,CLOSE_INTERACTION_NO_PASS,0.0,,False,0.0,224.67612425703715,-20.676124257037145,2.390711,True,2.390711,134.52284021083065,11,True,3.0,brake,0.1786534436684214,5465.505555555557,14,941.9556898886449,3,australia_2026_R|NOR|VER,australia_2026_R|L58|australia_2026_R|NOR|VER,,False,v4_t0_anchored_30s_horizon
australia_2026_R_00671,australia_2026_R,2026,Australian Grand Prix,LAW,ALB,23,2026-03-08 05:26:20.387,2026-03-08 05:27:29.427,69.04,69.04,2026-03-08 05:26:50.387,30.0,57,249,25.86527777777826,0.6557394366197306,18.45666666666716,142.0,116.0,26.0,,,False,13.0,12.0,1008.416111111111,brake_T3,43.87316316906515,261.75487993106196,SOFT,24.0,3.0,0.6572008934526524,9865.943649519455,37033.84473972837,400.0000000000001,False,1,False,CLOSE_INTERACTION_NO_PASS,0.0,,False,0.0,139.61237762237783,2.387622377622165,0.752453,True,0.752453,74.19810952271007,10,True,3.0,brake,0.1845055504675281,5465.505555555557,14,941.9556898886449,3,australia_2026_R|ALB|LAW,australia_2026_R|L57|australia_2026_R|ALB|LAW,,False,v4_t0_anchored_30s_horizon
australia_2026_R_00672,australia_2026_R,2026,Australian Grand Prix,OCO,GAS,10,2026-03-08 05:26:21.107,2026-03-08 05:26:26.867,5.76,5.76,2026-03-08 05:26:51.107,30.0,57,21,99.6513888888876,1.103830769230755,91.65249999999833,325.0,317.0,8.0,4.76744186046427,1.72,True,11.0,10.0,2668.157500000001,straight_05,581.004324308823,745.4910751554999,HARD,46.0,2.0,0.9383751692295486,33375.17958748221,561.2371077207505,400.0,False,1,False,CLOSE_INTERACTION_NO_PASS,0.0,,False,0.0,320.0,5.0,1.127056,True,1.127056,2.633174716024318,10,True,3.0,straight,0.48818128037357533,5465.505555555557,14,941.9556898886449,3,australia_2026_R|GAS|OCO,australia_2026_R|L57|australia_2026_R|GAS|OCO,,False,v4_t0_anchored_30s_horizon
australia_2026_R_00673,australia_2026_R,2026,Australian Grand Prix,HAM,LEC,16,2026-03-08 05:26:30.387,2026-03-08 05:26:48.707,18.32,18.32,2026-03-08 05:27:00.387,30.0,58,60,10.940833333331284,0.2250685714285293,10.579722222223609,175.0,202.0,-27.0,-18.620555555557075,1.8,True,4.0,3.0,4224.981388888889,brake_T12,104.11143536782492,164.11143536782492,HARD,30.0,2.0,0.05756800843282077,10540.910817119911,46989.16123564556,400.0,False,1,False,RETIREMENT_RELATED,,,False,0.0,192.02698019802193,-17.02698019802193,0.19946,True,0.19946,-15.185743398158467,9,True,3.0,brake,0.7730266387881164,5465.505555555557,14,941.9556898886449,3,australia_2026_R|HAM|LEC,australia_2026_R|L58|australia_2026_R|HAM|LEC,,False,v4_t0_anchored_30s_horizon
