event_id,race_id,attacker,target,event_start_time,event_start_lap,event_type,reason,gap_at_start_m,duration_s,cum_distance_diff_at_start_m,lapped_at_start,max_gap_jump_m,swap_by_distance,swap_by_driver_ahead,swap_time,swap_delay_s,swap_distance_delay_any_s,swap_ahead_delay_any_s,actual_swap_delay_s,pass_after_horizon,target_speed_at_start_kmh,closing_speed_at_start_kmh,green_at_start,target_retires_in_window,horizon_end,horizon_s_effective,audit_horizon_s,either_in_box_lap_at_start,either_pit_in_window,target_pit_before_outcome
austria_2026_R_00001,austria_2026_R,HAM,RUS,2026-06-28 13:04:36.211,2,ON_TRACK_PASS,race-distance ordering and target DriverAhead both show the swap,63.6363888888889,10.801,-63.473611111110586,False,16.611111111111107,True,True,2026-06-28 13:04:47.252,11.041,11.041,11.041,11.041,False,286.0,-35.91059073975572,True,False,2026-06-28 13:05:06.211,30.0,120.0,False,False,False
austria_2026_R_00002,austria_2026_R,PIA,VER,2026-06-28 13:04:38.331,2,CLOSE_INTERACTION_NO_PASS,"valid close battle, no pairwise order change inside the horizon",38.32833333333333,15.001,-38.333888888889305,False,3.0,False,False,,,,,,False,296.0,-69.75965909090644,True,False,2026-06-28 13:05:08.331,30.0,120.0,False,False,False
austria_2026_R_00003,austria_2026_R,NOR,PIA,2026-06-28 13:04:38.972,2,CLOSE_INTERACTION_NO_PASS,"valid close battle, no pairwise order change inside the horizon",32.529444444444444,302.68,-32.571666666666715,False,9.935277777781167,False,False,,,,,,False,307.0,96.80418636056397,True,False,2026-06-28 13:05:08.972,30.0,120.0,False,False,False
austria_2026_R_00004,austria_2026_R,LAW,NOR,2026-06-28 13:04:39.572,2,CLOSE_INTERACTION_NO_PASS,"valid close battle, no pairwise order change inside the horizon",39.09888888888889,18.159,-39.139166666666824,False,11.33333333333303,False,False,,,,,,False,304.0,-53.45658963147707,True,False,2026-06-28 13:05:09.572,30.0,120.0,False,False,False
austria_2026_R_00005,austria_2026_R,HAD,LAW,2026-06-28 13:04:39.812,2,ON_TRACK_PASS,race-distance ordering and target DriverAhead both show the swap,50.56527777777777,17.919,-50.24777777777763,False,14.266666666666652,True,True,2026-06-28 13:04:57.971,18.159,18.159,18.159,18.159,False,306.0,,True,False,2026-06-28 13:05:09.812,30.0,120.0,False,False,False
austria_2026_R_00006,austria_2026_R,LIN,HAD,2026-06-28 13:04:40.172,2,CLOSE_INTERACTION_NO_PASS,"valid close battle, no pairwise order change inside the horizon",27.69444444444444,16.599,-27.96833333333325,False,3.177777777777692,False,False,,,92.72,,,False,291.0,-17.149918522543842,True,False,2026-06-28 13:05:10.172,30.0,120.0,False,False,False
austria_2026_R_00007,austria_2026_R,BOR,LIN,2026-06-28 13:04:40.852,2,CLOSE_INTERACTION_NO_PASS,"valid close battle, no pairwise order change inside the horizon",25.8088888888889,16.359,-25.82611111111146,False,4.7666666666666515,False,False,,,,,,False,299.0,,True,False,2026-06-28 13:05:10.852,30.0,120.0,False,False,False
austria_2026_R_00008,austria_2026_R,OCO,BOR,2026-06-28 13:04:41.012,2,ON_TRACK_PASS,race-distance ordering and target DriverAhead both show the swap,26.84583333333333,16.199,-26.80250000000069,False,5.133333333333553,True,True,2026-06-28 13:04:57.411,16.399,16.399,16.399,16.399,False,306.0,,True,False,2026-06-28 13:05:11.012,30.0,120.0,False,False,False
austria_2026_R_00009,austria_2026_R,GAS,OCO,2026-06-28 13:04:41.012,2,CLOSE_INTERACTION_NO_PASS,"valid close battle, no pairwise order change inside the horizon",16.513055555555557,16.199,-16.59694444444449,False,4.666666666666288,False,False,,,,,,False,309.0,,True,False,2026-06-28 13:05:11.012,30.0,120.0,False,False,False
austria_2026_R_00010,austria_2026_R,VER,LEC,2026-06-28 13:04:41.411,2,INVALID,no causal target sample at t0,40.10666666666674,10.12,,False,2.8111111111111313,False,False,,,,,,False,,,True,False,2026-06-28 13:05:11.411,30.0,120.0,False,False,False
austria_2026_R_00011,austria_2026_R,HUL,GAS,2026-06-28 13:04:41.851,2,CLOSE_INTERACTION_NO_PASS,"valid close battle, no pairwise order change inside the horizon",42.18472222222223,223.241,-42.1225000000004,False,18.675833333332626,False,False,,,,,,False,308.0,-9.685154975535879,True,False,2026-06-28 13:05:11.851,30.0,120.0,False,False,False
austria_2026_R_00012,austria_2026_R,BEA,HUL,2026-06-28 13:04:42.051,2,CLOSE_INTERACTION_NO_PASS,"valid close battle, no pairwise order change inside the horizon",27.062222222222218,531.642,-27.039444444444598,False,17.65083333333459,False,False,,,,,,False,308.0,11.603512506652313,True,False,2026-06-28 13:05:12.051,30.0,120.0,False,False,False
austria_2026_R_00013,austria_2026_R,SAI,BEA,2026-06-28 13:04:42.491,2,CLOSE_INTERACTION_NO_PASS,"valid close battle, no pairwise order change inside the horizon",45.39083333333335,32.48,-45.46694444444438,False,6.600000000000136,False,False,,,93.76,,,False,315.0,,True,False,2026-06-28 13:05:12.491,30.0,120.0,False,False,False
austria_2026_R_00014,austria_2026_R,ALB,SAI,2026-06-28 13:04:43.131,2,CLOSE_INTERACTION_NO_PASS,"valid close battle, no pairwise order change inside the horizon; the pair did swap 32.8 s after t0, outside it",40.56055555555556,31.84,-40.55472222222215,False,8.311111111111131,False,False,,,32.76,32.76,32.76,True,302.0,-21.306976744188127,True,False,2026-06-28 13:05:13.131,30.0,120.0,False,False,False
austria_2026_R_00015,austria_2026_R,PER,ALB,2026-06-28 13:04:43.331,2,CLOSE_INTERACTION_NO_PASS,"valid close battle, no pairwise order change inside the horizon",19.069444444444457,31.64,-19.060833333333903,False,2.2050000000000125,False,False,,,,93.2,,False,301.0,,True,False,2026-06-28 13:05:13.331,30.0,120.0,False,False,False
austria_2026_R_00016,austria_2026_R,ALO,PER,2026-06-28 13:04:43.731,2,CLOSE_INTERACTION_NO_PASS,"valid close battle, no pairwise order change inside the horizon",65.85638888888889,6.88,-65.87972222222197,False,8.697499999999962,False,False,,,,,,False,322.0,,True,False,2026-06-28 13:05:13.731,30.0,120.0,False,False,False
austria_2026_R_00017,austria_2026_R,BOT,COL,2026-06-28 13:04:44.531,2,PIT_RELATED,attacker or target on a box lap at t0,35.516944444444434,6.08,-35.5247222222215,False,1.2000000000000455,False,False,,,,,,False,304.0,-44.911931818173535,False,False,2026-06-28 13:05:14.531,30.0,120.0,True,True,False
austria_2026_R_00018,austria_2026_R,STR,BOT,2026-06-28 13:04:45.412,2,PIT_RELATED,attacker or target on a box lap at t0,62.917777777777786,34.04,-62.909999999999854,False,15.333333333333485,False,False,,,34.28,34.28,34.28,True,268.0,42.05688463581792,False,False,2026-06-28 13:05:15.412,30.0,120.0,True,True,False
austria_2026_R_00019,austria_2026_R,RUS,HAM,2026-06-28 13:04:47.731,2,CLOSE_INTERACTION_NO_PASS,"valid close battle, no pairwise order change inside the horizon",14.268611111111,5.161,-14.43138888888916,False,7.822222222222081,False,False,,,,60.48,,False,306.0,-78.58246346555227,True,False,2026-06-28 13:05:17.731,30.0,120.0,False,False,False
austria_2026_R_00020,austria_2026_R,COL,PER,2026-06-28 13:04:50.971,2,CLOSE_INTERACTION_NO_PASS,"valid close battle, no pairwise order change inside the horizon",58.883333333333326,10.48,-58.90666666666675,False,10.600000000000136,False,False,,,,,,False,211.0,,True,False,2026-06-28 13:05:20.971,30.0,120.0,False,False,False
austria_2026_R_00021,austria_2026_R,BOT,ALO,2026-06-28 13:04:50.971,2,PIT_RELATED,attacker or target on a box lap at t0,34.552777777777806,10.48,-34.560555555555766,False,2.200000000000159,False,False,,,,,,False,159.0,,False,False,2026-06-28 13:05:20.971,30.0,120.0,True,True,False
austria_2026_R_00022,austria_2026_R,ALO,COL,2026-06-28 13:04:53.572,2,ON_TRACK_PASS,race-distance ordering and target DriverAhead both show the swap,10.082777777777892,7.879,-10.082777777778574,False,3.6575000000000273,True,True,2026-06-28 13:05:01.771,8.199,8.199,8.199,8.199,False,262.0,-14.978272677892798,True,False,2026-06-28 13:05:23.572,30.0,120.0,False,False,False
austria_2026_R_00023,austria_2026_R,PIA,ANT,2026-06-28 13:04:54.771,2,INVALID,no causal target sample at t0,35.87777777777842,372.762,,False,21.200000000000045,False,False,,,,,,False,,,True,False,2026-06-28 13:05:24.771,30.0,120.0,False,False,False
austria_2026_R_00024,austria_2026_R,GAS,BOR,2026-06-28 13:04:57.411,2,CLOSE_INTERACTION_NO_PASS,"valid close battle, no pairwise order change inside the horizon",27.573611111111404,37.2,-27.614166666667188,False,3.5555555555554292,False,False,,,,,,False,192.0,,True,False,2026-06-28 13:05:27.411,30.0,120.0,False,False,False
austria_2026_R_00025,austria_2026_R,OCO,LIN,2026-06-28 13:04:57.411,2,CLOSE_INTERACTION_NO_PASS,"valid close battle, no pairwise order change inside the horizon",32.025555555555684,37.2,-31.999444444443725,False,6.966666666666697,False,False,,,,,,False,157.0,,True,False,2026-06-28 13:05:27.411,30.0,120.0,False,False,False
austria_2026_R_00026,austria_2026_R,BOR,OCO,2026-06-28 13:05:02.651,2,CLOSE_INTERACTION_NO_PASS,"valid close battle, no pairwise order change inside the horizon; the pair did swap 32.4 s after t0, outside it",10.920555555555666,31.96,-10.963888888888505,False,6.722222222222626,False,False,,,32.36,32.36,32.36,True,105.0,-13.837161817254243,True,False,2026-06-28 13:05:32.651,30.0,120.0,False,False,False
austria_2026_R_00027,austria_2026_R,LAW,NOR,2026-06-28 13:05:12.252,2,CLOSE_INTERACTION_NO_PASS,"valid close battle, no pairwise order change inside the horizon",31.402500000001055,100.16,-31.442777777779156,False,10.988888888888368,False,False,,,,,,False,92.0,,True,False,2026-06-28 13:05:42.252,30.0,120.0,False,False,False
austria_2026_R_00028,austria_2026_R,ALB,BEA,2026-06-28 13:05:15.891,2,CLOSE_INTERACTION_NO_PASS,"valid close battle, no pairwise order change inside the horizon",13.09805555555613,3.281,-13.168333333333067,False,4.6444444444441615,False,False,,,,,,False,102.0,,True,False,2026-06-28 13:05:45.891,30.0,120.0,False,False,False
austria_2026_R_00029,austria_2026_R,PER,SAI,2026-06-28 13:05:15.891,2,CLOSE_INTERACTION_NO_PASS,"valid close battle, no pairwise order change inside the horizon",12.533333333333758,3.281,-12.518888888889705,False,1.8333333333328028,False,False,,,,,,False,114.0,,True,False,2026-06-28 13:05:45.891,30.0,120.0,False,False,False
austria_2026_R_00030,austria_2026_R,VER,HAM,2026-06-28 13:05:19.172,2,CLOSE_INTERACTION_NO_PASS,"valid close battle, no pairwise order change inside the horizon",84.0291666666676,3.919,-84.08972222222383,False,6.066666666666606,False,False,,,,,,False,178.0,,True,False,2026-06-28 13:05:49.172,30.0,120.0,False,False,False
austria_2026_R_00031,austria_2026_R,PER,ALB,2026-06-28 13:05:19.452,2,CLOSE_INTERACTION_NO_PASS,"valid close battle, no pairwise order change inside the horizon; the pair did swap 116.8 s after t0, outside it",13.173888888888541,56.799,-13.165277777777192,False,6.099999999999909,False,False,,,116.839,57.079,116.839,True,109.0,,True,False,2026-06-28 13:05:49.452,30.0,120.0,False,False,False
austria_2026_R_00032,austria_2026_R,SAI,BEA,2026-06-28 13:05:19.452,2,CLOSE_INTERACTION_NO_PASS,"valid close battle, no pairwise order change inside the horizon",21.087222222222408,705.922,-21.163333333332048,False,21.533333333333303,False,False,,,56.799,,,False,149.0,,True,False,2026-06-28 13:05:49.452,30.0,120.0,False,False,False
austria_2026_R_00033,austria_2026_R,BOT,ALO,2026-06-28 13:05:22.011,2,PIT_RELATED,attacker or target on a box lap at t0,37.55611111111148,3.721,-37.56388888888887,False,3.0222222222223536,False,False,,,,,,False,142.0,,False,False,2026-06-28 13:05:52.011,30.0,120.0,True,True,False
austria_2026_R_00034,austria_2026_R,ALB,SAI,2026-06-28 13:05:22.011,2,CLOSE_INTERACTION_NO_PASS,"valid close battle, no pairwise order change inside the horizon",10.725555555556184,54.24,-10.719722222222117,False,6.533333333333303,False,False,,,,,,False,219.0,-13.634507401735227,True,False,2026-06-28 13:05:52.011,30.0,120.0,False,False,False
austria_2026_R_00035,austria_2026_R,RUS,HAM,2026-06-28 13:05:23.451,2,UNCERTAIN,"only one of the two order-change signals fired (distance=False, driver_ahead=True)",87.82166666666672,23.521,-87.98444444444522,False,7.606666666667024,False,True,2026-06-28 13:05:48.211,24.76,,24.76,,False,210.0,,True,False,2026-06-28 13:05:53.451,30.0,120.0,False,False,False
austria_2026_R_00036,austria_2026_R,STR,ALO,2026-06-28 13:05:26.052,2,CLOSE_INTERACTION_NO_PASS,"valid close battle, no pairwise order change inside the horizon",69.49638888889012,34.799,-69.49638888889058,False,9.333333333332575,False,False,,,36.439,,,False,229.0,,True,False,2026-06-28 13:05:56.052,30.0,120.0,False,False,False
austria_2026_R_00037,austria_2026_R,BOT,STR,2026-06-28 13:05:27.771,2,PIT_RELATED,attacker or target on a box lap at t0,12.614166666666279,12.841,-12.621944444443216,False,15.200000000000273,False,False,,,,,,False,235.0,-25.17684700407261,False,False,2026-06-28 13:05:57.771,30.0,120.0,True,True,False
austria_2026_R_00038,austria_2026_R,VER,RUS,2026-06-28 13:05:28.171,2,ON_TRACK_PASS,race-distance ordering and target DriverAhead both show the swap,12.566944444444289,21.52,-12.464722222221098,False,12.266666666666424,True,True,2026-06-28 13:05:40.772,12.600999999999999,12.600999999999999,12.600999999999999,12.600999999999999,False,236.0,-54.068857589981505,True,False,2026-06-28 13:05:58.171,30.0,120.0,False,False,False
austria_2026_R_00039,austria_2026_R,GAS,OCO,2026-06-28 13:05:35.011,2,CLOSE_INTERACTION_NO_PASS,"valid close battle, no pairwise order change inside the horizon",37.36250000000018,16.321,-37.44638888888949,False,4.533333333333303,False,False,,,,,,False,170.0,,True,False,2026-06-28 13:06:05.011,30.0,120.0,False,False,False
austria_2026_R_00040,austria_2026_R,BOR,LIN,2026-06-28 13:05:35.011,2,CLOSE_INTERACTION_NO_PASS,"valid close battle, no pairwise order change inside the horizon",51.61916666666502,16.321,-51.63638888888727,False,4.133333333333212,False,False,,,,,,False,251.0,,True,False,2026-06-28 13:06:05.011,30.0,120.0,False,False,False
austria_2026_R_00041,austria_2026_R,HAM,RUS,2026-06-28 13:05:48.211,3,CLOSE_INTERACTION_NO_PASS,"valid close battle, no pairwise order change inside the horizon; the pair did swap 104.2 s after t0, outside it",64.1875,103.881,-64.17611111111,False,13.86666666666656,False,False,,,103.881,104.201,104.201,True,289.0,,True,False,2026-06-28 13:06:18.211,30.0,120.0,False,False,False
austria_2026_R_00042,austria_2026_R,LEC,VER,2026-06-28 13:05:51.172,3,CLOSE_INTERACTION_NO_PASS,"valid close battle, no pairwise order change inside the horizon",76.56777777777779,80.72,-76.51249999999891,False,11.733333333333334,False,False,,,,,,False,300.0,,True,False,2026-06-28 13:06:21.172,30.0,120.0,False,False,False
austria_2026_R_00043,austria_2026_R,ANT,LEC,2026-06-28 13:05:51.332,3,CLOSE_INTERACTION_NO_PASS,"valid close battle, no pairwise order change inside the horizon",39.14388888888889,354.6,-39.121944444443216,False,28.098333333338786,False,False,,,,,,False,302.0,,True,False,2026-06-28 13:06:21.332,30.0,120.0,False,False,False
austria_2026_R_00044,austria_2026_R,GAS,BOR,2026-06-28 13:05:51.492,2,CLOSE_INTERACTION_NO_PASS,"valid close battle, no pairwise order change inside the horizon",53.98361111111126,153.6,-54.02416666666613,False,19.633333333333354,False,False,,,,,,False,258.0,,True,False,2026-06-28 13:06:21.492,30.0,120.0,False,False,False
austria_2026_R_00045,austria_2026_R,OCO,LIN,2026-06-28 13:05:51.492,2,CLOSE_INTERACTION_NO_PASS,"valid close battle, no pairwise order change inside the horizon",76.90166666666528,160.76,-76.87555555555446,False,16.244444444443744,False,False,,,,,,False,291.0,,True,False,2026-06-28 13:06:21.492,30.0,120.0,False,False,False
austria_2026_R_00046,austria_2026_R,VER,HAM,2026-06-28 13:05:51.692,3,CLOSE_INTERACTION_NO_PASS,"valid close battle, no pairwise order change inside the horizon",94.1563888888889,3.919,-94.16777777777861,False,9.733333333333377,False,False,,,,,,False,133.0,131.812309567337,True,False,2026-06-28 13:06:21.692,30.0,120.0,False,False,False
austria_2026_R_00047,austria_2026_R,BOR,OCO,2026-06-28 13:05:53.412,2,UNCERTAIN,"only one of the two order-change signals fired (distance=True, driver_ahead=False)",10.420000000000073,185.6,-10.46333333333314,False,14.333611111112376,True,False,2026-06-28 13:05:56.971,3.559,3.559,,,False,302.0,-19.229166666665662,True,False,2026-06-28 13:06:23.412,30.0,120.0,False,False,False
austria_2026_R_00048,austria_2026_R,STR,ALO,2026-06-28 13:06:02.891,3,CLOSE_INTERACTION_NO_PASS,"valid close battle, no pairwise order change inside the horizon",54.108888888888885,9.641,-54.239444444445326,False,9.899999999999977,False,False,,,,,,False,146.0,,True,False,2026-06-28 13:06:32.891,30.0,120.0,False,False,False
austria_2026_R_00049,austria_2026_R,ALO,COL,2026-06-28 13:06:15.291,3,CLOSE_INTERACTION_NO_PASS,"valid close battle, no pairwise order change inside the horizon",97.90111111111105,10.001,-98.06444444444423,False,10.344444444444434,False,False,,,77.721,,,False,181.0,49.131065532766094,True,False,2026-06-28 13:06:45.291,30.0,120.0,False,False,False
austria_2026_R_00050,austria_2026_R,ALB,SAI,2026-06-28 13:06:19.492,3,CLOSE_INTERACTION_NO_PASS,"valid close battle, no pairwise order change inside the horizon",33.921388888889624,11.84,-33.874444444445544,False,5.866666666666788,False,False,,,,,,False,129.0,,True,False,2026-06-28 13:06:49.492,30.0,120.0,False,False,False
austria_2026_R_00051,austria_2026_R,COL,PER,2026-06-28 13:06:19.492,3,CLOSE_INTERACTION_NO_PASS,"valid close battle, no pairwise order change inside the horizon; the pair did swap 91.2 s after t0, outside it",30.471111111110986,11.84,-30.362222222222044,False,3.5888888888887323,False,False,,,91.24,81.599,91.24,True,80.0,,True,False,2026-06-28 13:06:49.492,30.0,120.0,False,False,False
austria_2026_R_00052,austria_2026_R,PER,ALB,2026-06-28 13:06:20.492,3,ON_TRACK_PASS,race-distance ordering and target DriverAhead both show the swap,10.53361111111144,10.84,-10.526111111110367,False,8.555555555555657,True,True,2026-06-28 13:06:31.652,11.16,11.16,11.16,11.16,False,146.0,-32.96000000000085,True,False,2026-06-28 13:06:50.492,30.0,120.0,False,False,False
austria_2026_R_00053,austria_2026_R,HAD,NOR,2026-06-28 13:06:52.652,3,CLOSE_INTERACTION_NO_PASS,"valid close battle, no pairwise order change inside the horizon",63.98722222221977,7.72,-63.87749999999869,False,6.66666666666697,False,False,,,30.68,,,False,207.0,,True,False,2026-06-28 13:07:22.652,30.0,120.0,False,False,False
austria_2026_R_00054,austria_2026_R,LIN,LAW,2026-06-28 13:06:52.652,3,CLOSE_INTERACTION_NO_PASS,"valid close battle, no pairwise order change inside the horizon",59.7569444444448,7.72,-60.05861111111335,False,7.888888888888232,False,False,,,90.88,,,False,258.0,,True,False,2026-06-28 13:07:22.652,30.0,120.0,False,False,False
austria_2026_R_00055,austria_2026_R,LAW,NOR,2026-06-28 13:07:00.691,3,CLOSE_INTERACTION_NO_PASS,"valid close battle, no pairwise order change inside the horizon",64.92222222221926,22.641,-64.58583333333081,False,11.799999999999983,False,False,,,,,,False,220.0,,True,False,2026-06-28 13:07:30.691,30.0,120.0,False,False,False
austria_2026_R_00056,austria_2026_R,LIN,HAD,2026-06-28 13:07:00.691,3,CLOSE_INTERACTION_NO_PASS,"valid close battle, no pairwise order change inside the horizon",30.174444444443452,22.641,-30.249444444443725,False,6.933333333333337,False,False,,,,,,False,175.0,,True,False,2026-06-28 13:07:30.691,30.0,120.0,False,False,False
austria_2026_R_00057,austria_2026_R,ALO,COL,2026-06-28 13:07:01.251,3,CLOSE_INTERACTION_NO_PASS,"valid close battle, no pairwise order change inside the horizon",98.39111111111333,7.72,-98.55444444444583,False,5.988888888889051,False,False,,,31.761,,,False,186.0,58.672104404567975,True,False,2026-06-28 13:07:31.251,30.0,120.0,False,False,False
austria_2026_R_00058,austria_2026_R,HAD,LAW,2026-06-28 13:07:02.971,3,ON_TRACK_PASS,race-distance ordering and target DriverAhead both show the swap,10.396666666665624,20.361,-10.623333333331175,False,15.510000000002833,True,True,2026-06-28 13:07:08.971,6.0,6.0,20.761,20.761,False,268.0,-14.936170212766308,True,False,2026-06-28 13:07:32.971,30.0,120.0,False,False,False
austria_2026_R_00059,austria_2026_R,VER,HAM,2026-06-28 13:07:04.012,4,CLOSE_INTERACTION_NO_PASS,"valid close battle, no pairwise order change inside the horizon",94.27111111111111,3.239,-94.25,False,11.333333333333314,False,False,,,,,,False,122.0,132.05361790733997,True,False,2026-06-28 13:07:34.012,30.0,120.0,False,False,False
austria_2026_R_00060,austria_2026_R,STR,ALO,2026-06-28 13:07:17.332,4,CLOSE_INTERACTION_NO_PASS,"valid close battle, no pairwise order change inside the horizon",99.4888888888889,7.04,-99.27055555555671,False,11.333333333333343,False,False,,,92.84,,,False,178.0,11.155025553663556,True,False,2026-06-28 13:07:47.332,30.0,120.0,False,False,False
austria_2026_R_00061,austria_2026_R,LEC,VER,2026-06-28 13:07:18.372,4,CLOSE_INTERACTION_NO_PASS,"valid close battle, no pairwise order change inside the horizon",98.12861111111056,9.119,-98.11888888888825,False,13.100000000000136,False,False,,,,,,False,205.0,39.771473191047335,True,False,2026-06-28 13:07:48.372,30.0,120.0,False,False,False
austria_2026_R_00062,austria_2026_R,LIN,LAW,2026-06-28 13:07:23.732,4,CLOSE_INTERACTION_NO_PASS,"valid close battle, no pairwise order change inside the horizon",35.577777777777555,4.879,-35.46444444444387,False,8.777777777778056,False,False,,,59.8,,,False,118.0,,True,False,2026-06-28 13:07:53.732,30.0,120.0,False,False,False
austria_2026_R_00063,austria_2026_R,HAD,NOR,2026-06-28 13:07:23.732,4,CLOSE_INTERACTION_NO_PASS,"valid close battle, no pairwise order change inside the horizon",29.84999999999968,4.879,-29.830555555554383,False,7.577777777777783,False,False,,,,,,False,84.0,,True,False,2026-06-28 13:07:53.732,30.0,120.0,False,False,False
austria_2026_R_00064,austria_2026_R,VER,RUS,2026-06-28 13:07:33.012,4,CLOSE_INTERACTION_NO_PASS,"valid close battle, no pairwise order change inside the horizon",94.28694444444545,3.079,-94.25083333333532,False,5.866666666666788,False,False,,,,,,False,100.0,128.5333333333333,True,False,2026-06-28 13:08:03.012,30.0,120.0,False,False,False
austria_2026_R_00065,austria_2026_R,HAM,RUS,2026-06-28 13:07:38.332,4,ON_TRACK_PASS,race-distance ordering and target DriverAhead both show the swap,11.2972222222229,101.52,-11.282222222222117,False,44.32500000000566,True,True,2026-06-28 13:07:43.292,4.96,4.96,4.96,4.96,False,235.0,-22.73684210526294,True,False,2026-06-28 13:08:08.332,30.0,120.0,False,False,False
austria_2026_R_00066,austria_2026_R,COL,ALB,2026-06-28 13:07:41.091,4,CLOSE_INTERACTION_NO_PASS,"valid close battle, no pairwise order change inside the horizon",79.26888888888834,103.121,-79.33722222222241,False,8.444444444444443,False,False,,,,,,False,304.0,,True,False,2026-06-28 13:08:11.091,30.0,120.0,False,False,False
austria_2026_R_00067,austria_2026_R,PER,COL,2026-06-28 13:07:41.931,4,PIT_RELATED,attacker or target on a box lap at t0,12.341111111111331,27.441,-12.272222222221899,False,8.311111111111131,False,False,,,,,,False,319.0,-51.57142857142845,False,False,2026-06-28 13:08:11.931,30.0,120.0,True,True,False
austria_2026_R_00068,austria_2026_R,ALO,PER,2026-06-28 13:07:46.012,4,PIT_RELATED,attacker or target on a box lap at t0,93.42611111111137,30.44,-93.69611111111044,False,10.266666666666652,False,False,,,30.84,30.84,30.84,True,141.0,100.38775510204043,False,False,2026-06-28 13:08:16.012,30.0,120.0,True,True,False
austria_2026_R_00069,austria_2026_R,LAW,HAD,2026-06-28 13:07:48.731,4,CLOSE_INTERACTION_NO_PASS,"valid close battle, no pairwise order change inside the horizon",10.360833333335904,41.641,-10.380277777780066,False,7.07888888889417,False,False,,,,,,False,246.0,-2.295466388744858,True,False,2026-06-28 13:08:18.731,30.0,120.0,False,False,False
austria_2026_R_00070,austria_2026_R,LEC,VER,2026-06-28 13:08:01.891,4,CLOSE_INTERACTION_NO_PASS,"valid close battle, no pairwise order change inside the horizon",99.50722222221884,7.921,-99.49749999999767,False,5.777777777777828,False,False,,,,,,False,211.0,44.14899401848948,True,False,2026-06-28 13:08:31.891,30.0,120.0,False,False,False
austria_2026_R_00071,austria_2026_R,VER,HAM,2026-06-28 13:08:15.571,5,CLOSE_INTERACTION_NO_PASS,"valid close battle, no pairwise order change inside the horizon",93.63833333333332,3.721,-93.63833333333241,False,8.222222222222229,False,False,,,,,,False,133.0,121.6511627906977,True,False,2026-06-28 13:08:45.571,30.0,120.0,False,False,False
austria_2026_R_00072,austria_2026_R,STR,ALO,2026-06-28 13:08:18.892,4,CLOSE_INTERACTION_NO_PASS,"valid close battle, no pairwise order change inside the horizon",37.190555555554965,21.519,-36.97222222221899,False,24.118611111112813,False,False,,,31.28,,,False,178.0,,True,False,2026-06-28 13:08:48.892,30.0,120.0,False,False,False
austria_2026_R_00073,austria_2026_R,PER,STR,2026-06-28 13:08:19.292,4,PIT_RELATED,attacker or target on a box lap at t0,10.714444444442961,6.32,-10.662777777775773,False,8.188888888888869,False,False,,,,,,False,185.0,-68.59999999999627,False,False,2026-06-28 13:08:49.292,30.0,120.0,True,True,False
austria_2026_R_00074,austria_2026_R,HAD,NOR,2026-06-28 13:08:21.251,5,CLOSE_INTERACTION_NO_PASS,"valid close battle, no pairwise order change inside the horizon",96.79500000000002,4.161,-96.7341666666689,False,15.199999999999989,False,False,,,,,,False,133.0,124.82235834609675,True,False,2026-06-28 13:08:51.251,30.0,120.0,False,False,False
austria_2026_R_00075,austria_2026_R,HUL,BOR,2026-06-28 13:08:25.412,5,CLOSE_INTERACTION_NO_PASS,"valid close battle, no pairwise order change inside the horizon",49.3138888888889,3.239,-49.18611111111022,False,5.777777777777743,False,False,,,,,,False,173.0,,True,False,2026-06-28 13:08:55.412,30.0,120.0,False,False,False
austria_2026_R_00076,austria_2026_R,HUL,GAS,2026-06-28 13:08:29.092,5,CLOSE_INTERACTION_NO_PASS,"valid close battle, no pairwise order change inside the horizon",34.85361111111109,10.2,-34.6875,False,2.3333333333332575,False,False,,,,,,False,130.0,,True,False,2026-06-28 13:08:59.092,30.0,120.0,False,False,False
austria_2026_R_00077,austria_2026_R,GAS,BOR,2026-06-28 13:08:30.372,5,ON_TRACK_PASS,race-distance ordering and target DriverAhead both show the swap,10.94222222222237,8.92,-10.980555555557657,False,3.3333333333332575,True,True,2026-06-28 13:08:39.452,9.08,9.08,9.08,9.08,False,206.0,-29.312499999999826,True,False,2026-06-28 13:09:00.372,30.0,120.0,False,False,False
austria_2026_R_00078,austria_2026_R,LAW,HAD,2026-06-28 13:08:35.812,5,CLOSE_INTERACTION_NO_PASS,"valid close battle, no pairwise order change inside the horizon",93.80416666666667,37.48,-93.83666666666613,False,7.8888888888891415,False,False,,,,,,False,228.0,23.41933731667595,True,False,2026-06-28 13:09:05.812,30.0,120.0,False,False,False
austria_2026_R_00079,austria_2026_R,GAS,LIN,2026-06-28 13:08:40.411,5,CLOSE_INTERACTION_NO_PASS,"valid close battle, no pairwise order change inside the horizon",29.880555555555247,3.881,-29.990555555556057,False,6.888888888888687,False,False,,,,,,False,72.0,,True,False,2026-06-28 13:09:10.411,30.0,120.0,False,False,False
austria_2026_R_00080,austria_2026_R,OCO,LIN,2026-06-28 13:08:44.532,5,CLOSE_INTERACTION_NO_PASS,"valid close battle, no pairwise order change inside the horizon",53.24388888888825,4.28,-53.32361111111095,False,5.6666666666667425,False,False,,,,,,False,162.0,,True,False,2026-06-28 13:09:14.532,30.0,120.0,False,False,False
austria_2026_R_00081,austria_2026_R,LEC,VER,2026-06-28 13:08:45.652,5,CLOSE_INTERACTION_NO_PASS,"valid close battle, no pairwise order change inside the horizon",93.95055555555564,6.6,-93.89055555555751,False,10.888888888889142,False,False,,,,,,False,155.0,74.36734693877581,True,False,2026-06-28 13:09:15.652,30.0,120.0,False,False,False
austria_2026_R_00082,austria_2026_R,ALO,COL,2026-06-28 13:08:46.931,5,CLOSE_INTERACTION_NO_PASS,"valid close battle, no pairwise order change inside the horizon",95.48111111111166,3.721,-95.46416666666482,False,7.911111111111268,False,False,,,,,,False,69.0,191.1780890445218,True,False,2026-06-28 13:09:16.931,30.0,120.0,False,False,False
austria_2026_R_00083,austria_2026_R,VER,HAM,2026-06-28 13:08:55.372,5,CLOSE_INTERACTION_NO_PASS,"valid close battle, no pairwise order change inside the horizon",98.94583333333412,3.16,-98.94583333333503,False,4.033333333333303,False,False,,,,,,False,165.0,52.57856746252034,True,False,2026-06-28 13:09:25.372,30.0,120.0,False,False,False
austria_2026_R_00084,austria_2026_R,BOR,OCO,2026-06-28 13:09:01.051,5,CLOSE_INTERACTION_NO_PASS,"valid close battle, no pairwise order change inside the horizon",14.388611111111459,53.721,-14.380555555555475,False,21.29222222222174,False,False,,,108.521,,,False,203.0,,True,False,2026-06-28 13:09:31.051,30.0,120.0,False,False,False
austria_2026_R_00085,austria_2026_R,HUL,GAS,2026-06-28 13:09:01.051,5,CLOSE_INTERACTION_NO_PASS,"valid close battle, no pairwise order change inside the horizon",41.772500000000036,53.721,-41.606388888885704,False,15.950000000001452,False,False,,,,,,False,170.0,,True,False,2026-06-28 13:09:31.051,30.0,120.0,False,False,False
austria_2026_R_00086,austria_2026_R,GAS,BOR,2026-06-28 13:09:01.731,5,CLOSE_INTERACTION_NO_PASS,"valid close battle, no pairwise order change inside the horizon; the pair did swap 53.4 s after t0, outside it",10.540833333332102,53.041,-10.579166666662786,False,11.33694444444373,False,False,,,52.2,53.401,53.401,True,213.0,-22.294117647057003,True,False,2026-06-28 13:09:31.731,30.0,120.0,False,False,False
austria_2026_R_00087,austria_2026_R,LEC,VER,2026-06-28 13:09:17.972,5,CLOSE_INTERACTION_NO_PASS,"valid close battle, no pairwise order change inside the horizon",89.52222222222326,3.079,-89.46222222222059,False,5.055555555555657,False,False,,,,,,False,161.0,21.97959183673308,True,False,2026-06-28 13:09:47.972,30.0,120.0,False,False,False
austria_2026_R_00088,austria_2026_R,LAW,HAD,2026-06-28 13:09:20.411,5,CLOSE_INTERACTION_NO_PASS,"valid close battle, no pairwise order change inside the horizon",99.83777777777777,6.521,-99.87027777777621,False,3.888888888888687,False,False,,,,,,False,212.0,39.911179173048986,True,False,2026-06-28 13:09:50.411,30.0,120.0,False,False,False
austria_2026_R_00089,austria_2026_R,HAD,NOR,2026-06-28 13:09:21.932,5,CLOSE_INTERACTION_NO_PASS,"valid close battle, no pairwise order change inside the horizon",99.31972222222157,3.32,-99.25888888888949,False,6.722222222222172,False,False,,,,,,False,167.0,6.790000000000873,True,False,2026-06-28 13:09:51.932,30.0,120.0,False,False,False
austria_2026_R_00090,austria_2026_R,OCO,LIN,2026-06-28 13:09:22.292,5,CLOSE_INTERACTION_NO_PASS,"valid close battle, no pairwise order change inside the horizon",97.17777777777746,9.28,-97.25749999999971,False,6.766666666666879,False,False,,,,,,False,198.0,45.07868155236636,True,False,2026-06-28 13:09:52.292,30.0,120.0,False,False,False
austria_2026_R_00091,austria_2026_R,HAM,RUS,2026-06-28 13:09:25.052,6,CLOSE_INTERACTION_NO_PASS,"valid close battle, no pairwise order change inside the horizon",88.74333333333334,7.4,-88.75777777777694,False,11.599999999999994,False,False,,,,,,False,198.0,50.57553191489138,True,False,2026-06-28 13:09:55.052,30.0,120.0,False,False,False
austria_2026_R_00092,austria_2026_R,VER,HAM,2026-06-28 13:09:27.291,6,CLOSE_INTERACTION_NO_PASS,"valid close battle, no pairwise order change inside the horizon",92.0094444444444,4.601,-91.95722222222321,False,9.799999999999983,False,False,,,,,,False,134.0,126.92842251563594,True,False,2026-06-28 13:09:57.291,30.0,120.0,False,False,False
austria_2026_R_00093,austria_2026_R,COL,ALB,2026-06-28 13:09:27.571,5,CLOSE_INTERACTION_NO_PASS,"valid close battle, no pairwise order change inside the horizon",96.85527777777679,10.561,-96.87388888888745,False,7.119722222221753,False,False,,,,,,False,206.0,21.451761102603914,True,False,2026-06-28 13:09:57.571,30.0,120.0,False,False,False
austria_2026_R_00094,austria_2026_R,NOR,PIA,2026-06-28 13:09:45.092,6,CLOSE_INTERACTION_NO_PASS,"valid close battle, no pairwise order change inside the horizon",95.76055555555627,11.28,-95.76138888888818,False,11.555555555555657,False,False,,,,,,False,236.0,18.444444444443434,True,False,2026-06-28 13:10:15.092,30.0,120.0,False,False,False
austria_2026_R_00095,austria_2026_R,STR,ALO,2026-06-28 13:09:47.291,6,CLOSE_INTERACTION_NO_PASS,"valid close battle, no pairwise order change inside the horizon",96.90166666666669,8.721,-96.85944444444249,False,9.333333333333314,False,False,,,,,,False,209.0,22.94435936701962,True,False,2026-06-28 13:10:17.291,30.0,120.0,False,False,False
austria_2026_R_00096,austria_2026_R,LEC,VER,2026-06-28 13:09:58.172,6,CLOSE_INTERACTION_NO_PASS,"valid close battle, no pairwise order change inside the horizon",93.58944444444296,5.44,-93.64166666666642,False,13.0,False,False,,,,,,False,123.0,130.93333333333294,True,False,2026-06-28 13:10:28.172,30.0,120.0,False,False,False
austria_2026_R_00097,austria_2026_R,HUL,GAS,2026-06-28 13:09:58.172,6,CLOSE_INTERACTION_NO_PASS,"valid close battle, no pairwise order change inside the horizon",25.901666666666642,11.68,-26.021666666667443,False,5.222222222222399,False,False,,,,,,False,79.0,,True,False,2026-06-28 13:10:28.172,30.0,120.0,False,False,False
austria_2026_R_00098,austria_2026_R,BOR,OCO,2026-06-28 13:09:58.172,6,CLOSE_INTERACTION_NO_PASS,"valid close battle, no pairwise order change inside the horizon; the pair did swap 85.3 s after t0, outside it",21.168888888889114,11.68,-21.04916666666759,False,5.888888888888687,False,False,,,52.2,85.32,85.32,True,107.0,,True,False,2026-06-28 13:10:28.172,30.0,120.0,False,False,False
austria_2026_R_00099,austria_2026_R,GAS,BOR,2026-06-28 13:09:59.892,6,ON_TRACK_PASS,race-distance ordering and target DriverAhead both show the swap,10.306944444444298,9.96,-10.3125,False,3.800000000000182,True,True,2026-06-28 13:10:10.212,10.32,10.32,10.32,10.32,False,157.0,-20.372093023256323,True,False,2026-06-28 13:10:29.892,30.0,120.0,False,False,False
austria_2026_R_00100,austria_2026_R,ALO,COL,2026-06-28 13:10:02.212,6,CLOSE_INTERACTION_NO_PASS,"valid close battle, no pairwise order change inside the horizon",97.4722222222224,3.16,-97.5841666666638,False,8.100000000000136,False,False,,,,,,False,66.0,171.34999999999917,True,False,2026-06-28 13:10:32.212,30.0,120.0,False,False,False
austria_2026_R_00101,austria_2026_R,HAD,NOR,2026-06-28 13:10:03.012,6,CLOSE_INTERACTION_NO_PASS,"valid close battle, no pairwise order change inside the horizon",95.44416666666643,5.0,-95.46444444444569,False,11.666666666666515,False,False,,,,,,False,117.0,136.2040816326531,True,False,2026-06-28 13:10:33.012,30.0,120.0,False,False,False
austria_2026_R_00102,austria_2026_R,LAW,HAD,2026-06-28 13:10:04.412,6,CLOSE_INTERACTION_NO_PASS,"valid close battle, no pairwise order change inside the horizon",96.86916666666662,6.24,-96.73638888889036,False,9.799999999999955,False,False,,,,,,False,141.0,84.46,True,False,2026-06-28 13:10:34.412,30.0,120.0,False,False,False
austria_2026_R_00103,austria_2026_R,OCO,LIN,2026-06-28 13:10:06.892,6,CLOSE_INTERACTION_NO_PASS,"valid close battle, no pairwise order change inside the horizon",93.49694444444276,7.32,-93.53499999999985,False,16.5,False,False,,,,,,False,146.0,84.81632653061293,True,False,2026-06-28 13:10:36.892,30.0,120.0,False,False,False
austria_2026_R_00104,austria_2026_R,ALB,SAI,2026-06-28 13:10:11.892,6,CLOSE_INTERACTION_NO_PASS,"valid close battle, no pairwise order change inside the horizon",70.97638888888878,23.6,-70.97083333333285,False,6.966666666666697,False,False,,,,,,False,132.0,101.04761904761858,True,False,2026-06-28 13:10:41.892,30.0,120.0,False,False,False
austria_2026_R_00105,austria_2026_R,COL,ALB,2026-06-28 13:10:12.292,6,CLOSE_INTERACTION_NO_PASS,"valid close battle, no pairwise order change inside the horizon",96.09833333333313,522.802,-95.9894444444435,False,24.259722222220702,False,False,,,63.0,,,False,212.0,43.63829787234021,True,False,2026-06-28 13:10:42.292,30.0,120.0,False,False,False
austria_2026_R_00106,austria_2026_R,HAM,RUS,2026-06-28 13:10:23.532,6,CLOSE_INTERACTION_NO_PASS,"valid close battle, no pairwise order change inside the horizon",96.41583333333165,6.68,-96.43027777777388,False,6.844444444445344,False,False,,,,,,False,203.0,53.87755102040761,True,False,2026-06-28 13:10:53.532,30.0,120.0,False,False,False
austria_2026_R_00107,austria_2026_R,VER,HAM,2026-06-28 13:10:37.932,7,CLOSE_INTERACTION_NO_PASS,"valid close battle, no pairwise order change inside the horizon",97.67305555555555,289.161,-97.65277777777737,False,20.66861111111406,False,False,,,,,,False,291.0,10.422959183677214,True,False,2026-06-28 13:11:07.932,30.0,120.0,False,False,False
austria_2026_R_00108,austria_2026_R,HAD,NOR,2026-06-28 13:10:46.292,7,INVALID,no causal target sample at t0,98.6058333333333,4.08,,False,10.133333333333297,False,False,,,,,,False,,134.44736842105272,True,False,2026-06-28 13:11:16.292,30.0,120.0,False,False,False
austria_2026_R_00109,austria_2026_R,LEC,VER,2026-06-28 13:10:55.972,7,CLOSE_INTERACTION_NO_PASS,"valid close battle, no pairwise order change inside the horizon",86.38166666666598,4.641,-86.26694444444365,False,13.842499999999973,False,False,,,,,,False,79.0,184.18603439291329,True,False,2026-06-28 13:11:25.972,30.0,120.0,False,False,False
austria_2026_R_00110,austria_2026_R,ALB,SAI,2026-06-28 13:10:56.532,7,CLOSE_INTERACTION_NO_PASS,"valid close battle, no pairwise order change inside the horizon",92.51305555555557,6.76,-92.5666666666657,False,9.699999999999989,False,False,,,,,,False,198.0,55.65232616307947,True,False,2026-06-28 13:11:26.532,30.0,120.0,False,False,False
austria_2026_R_00111,austria_2026_R,LAW,HAD,2026-06-28 13:11:03.292,7,CLOSE_INTERACTION_NO_PASS,"valid close battle, no pairwise order change inside the horizon",96.23583333333386,4.681,-96.29388888888934,False,8.066666666666606,False,False,,,,,,False,73.0,175.02439024390173,True,False,2026-06-28 13:11:33.292,30.0,120.0,False,False,False
austria_2026_R_00112,austria_2026_R,OCO,LIN,2026-06-28 13:11:06.372,7,CLOSE_INTERACTION_NO_PASS,"valid close battle, no pairwise order change inside the horizon",99.726388888889,5.28,-99.6636111111111,False,12.755555555555702,False,False,,,,,,False,91.0,183.090909090909,True,False,2026-06-28 13:11:36.372,30.0,120.0,False,False,False
austria_2026_R_00113,austria_2026_R,HAM,RUS,2026-06-28 13:11:06.652,7,CLOSE_INTERACTION_NO_PASS,"valid close battle, no pairwise order change inside the horizon",93.99777777777763,6.28,-94.08611111111168,False,11.100000000000136,False,False,,,,,,False,140.0,99.04651162790717,True,False,2026-06-28 13:11:36.652,30.0,120.0,False,False,False
austria_2026_R_00114,austria_2026_R,PIA,ANT,2026-06-28 13:11:11.332,7,CLOSE_INTERACTION_NO_PASS,"valid close battle, no pairwise order change inside the horizon",94.59027777777919,34.6,-94.55750000000262,False,7.855555555555384,False,False,,,,,,False,203.0,33.5777777777771,True,False,2026-06-28 13:11:41.332,30.0,120.0,False,False,False
austria_2026_R_00115,austria_2026_R,HUL,GAS,2026-06-28 13:11:12.092,7,CLOSE_INTERACTION_NO_PASS,"valid close battle, no pairwise order change inside the horizon",34.04694444444499,11.64,-33.91583333333256,False,7.577777777777783,False,False,,,,,,False,67.0,,True,False,2026-06-28 13:11:42.092,30.0,120.0,False,False,False
austria_2026_R_00116,austria_2026_R,BOR,OCO,2026-06-28 13:11:12.092,7,ON_TRACK_PASS,race-distance ordering and target DriverAhead both show the swap,12.356388888888432,10.96,-12.388333333332412,False,2.227777777777874,True,True,2026-06-28 13:11:23.492,11.4,11.4,11.4,11.4,False,85.0,,True,False,2026-06-28 13:11:42.092,30.0,120.0,False,False,False
austria_2026_R_00117,austria_2026_R,GAS,BOR,2026-06-28 13:11:13.373,7,ON_TRACK_PASS,race-distance ordering and target DriverAhead both show the swap,10.956388888888341,10.879,-10.987222222222044,False,21.758333333333212,True,True,2026-06-28 13:11:24.492,11.119,11.119,11.119,11.119,False,136.0,-29.09601873536337,True,False,2026-06-28 13:11:43.373,30.0,120.0,False,False,False
austria_2026_R_00118,austria_2026_R,HUL,OCO,2026-06-28 13:11:24.012,7,CLOSE_INTERACTION_NO_PASS,"valid close battle, no pairwise order change inside the horizon",48.43388888888876,4.84,-48.36555555555606,False,4.2666666666666515,False,False,,,119.04,,,False,102.0,,True,False,2026-06-28 13:11:54.012,30.0,120.0,False,False,False
austria_2026_R_00119,austria_2026_R,HAD,NOR,2026-06-28 13:11:26.573,7,INVALID,no causal target sample at t0,99.90277777777601,3.159,,False,4.0,False,False,,,,,,False,,56.410115783059474,True,False,2026-06-28 13:11:56.573,30.0,120.0,False,False,False
austria_2026_R_00120,austria_2026_R,OCO,BOR,2026-06-28 13:11:29.132,7,CLOSE_INTERACTION_NO_PASS,"valid close battle, no pairwise order change inside the horizon",20.93555555555531,45.481,-20.903611111109058,False,11.899999999999977,False,False,,,,,,False,199.0,,True,False,2026-06-28 13:11:59.132,30.0,120.0,False,False,False
austria_2026_R_00121,austria_2026_R,GAS,OCO,2026-06-28 13:11:45.932,7,ON_TRACK_PASS,race-distance ordering and target DriverAhead both show the swap,10.158055555550618,97.36,-10.22083333332921,False,23.700000000000024,True,True,2026-06-28 13:11:52.412,6.48,6.48,6.48,6.48,False,239.0,-13.916666666665378,True,False,2026-06-28 13:12:15.932,30.0,120.0,False,False,False
austria_2026_R_00122,austria_2026_R,PIA,LEC,2026-06-28 13:11:46.293,7,CLOSE_INTERACTION_NO_PASS,"valid close battle, no pairwise order change inside the horizon",40.5561111111092,77.319,-40.65833333332921,False,6.843888888888117,False,False,,,,,,False,149.0,,True,False,2026-06-28 13:12:16.293,30.0,120.0,False,False,False
austria_2026_R_00123,austria_2026_R,LIN,LAW,2026-06-28 13:11:47.093,7,CLOSE_INTERACTION_NO_PASS,"valid close battle, no pairwise order change inside the horizon",98.12583333333532,9.679,-98.12583333333168,False,7.944444444443889,False,False,,,,,,False,248.0,13.059864653824764,True,False,2026-06-28 13:12:17.093,30.0,120.0,False,False,False
austria_2026_R_00124,austria_2026_R,LEC,ANT,2026-06-28 13:11:47.973,7,UNCERTAIN,"only one of the two order-change signals fired (distance=True, driver_ahead=False)",10.561944444445999,87.96,-10.426944444443507,False,18.45055555555672,True,False,2026-06-28 13:12:13.213,25.24,25.24,,,False,209.0,-21.92857142857,True,False,2026-06-28 13:12:17.973,30.0,120.0,False,False,False
austria_2026_R_00125,austria_2026_R,ALB,SAI,2026-06-28 13:11:55.133,7,CLOSE_INTERACTION_NO_PASS,"valid close battle, no pairwise order change inside the horizon",91.64805555555722,11.56,-91.70166666666773,False,10.012500000000728,False,False,,,,,,False,211.0,40.999999999998245,True,False,2026-06-28 13:12:25.133,30.0,120.0,False,False,False
austria_2026_R_00126,austria_2026_R,NOR,PIA,2026-06-28 13:11:57.652,8,CLOSE_INTERACTION_NO_PASS,"valid close battle, no pairwise order change inside the horizon",97.16472222222222,4.64,-97.16749999999956,False,8.533333333333331,False,False,,,,,,False,139.0,139.0,True,False,2026-06-28 13:12:27.652,30.0,120.0,False,False,False
austria_2026_R_00127,austria_2026_R,HAD,NOR,2026-06-28 13:11:57.892,8,CLOSE_INTERACTION_NO_PASS,"valid close battle, no pairwise order change inside the horizon",98.45694444444445,317.201,-98.43611111111022,False,14.911111111111097,False,False,,,,,,False,261.0,11.893367346936243,True,False,2026-06-28 13:12:27.892,30.0,120.0,False,False,False
austria_2026_R_00128,austria_2026_R,HAM,RUS,2026-06-28 13:12:04.652,8,CLOSE_INTERACTION_NO_PASS,"valid close battle, no pairwise order change inside the horizon",90.14388888888834,5.28,-90.11416666666628,False,14.0,False,False,,,,,,False,92.0,170.29787234042655,True,False,2026-06-28 13:12:34.652,30.0,120.0,False,False,False
austria_2026_R_00129,austria_2026_R,ANT,VER,2026-06-28 13:12:09.252,8,CLOSE_INTERACTION_NO_PASS,"valid close battle, no pairwise order change inside the horizon",94.44472222222225,3.12,-94.49611111111153,False,10.399999999999864,False,False,,,,,,False,65.0,205.99349674837418,True,False,2026-06-28 13:12:39.252,30.0,120.0,False,False,False
austria_2026_R_00130,austria_2026_R,LAW,HAD,2026-06-28 13:12:16.692,8,CLOSE_INTERACTION_NO_PASS,"valid close battle, no pairwise order change inside the horizon",94.5633333333326,3.881,-94.57944444444729,False,8.0,False,False,,,,,,False,69.0,188.58594997339063,True,False,2026-06-28 13:12:46.692,30.0,120.0,False,False,False
austria_2026_R_00131,austria_2026_R,STR,ALO,2026-06-28 13:12:18.372,8,CLOSE_INTERACTION_NO_PASS,"valid close battle, no pairwise order change inside the horizon",97.71111111111111,5.44,-97.75472222222015,False,15.599999999999994,False,False,,,,,,False,165.0,99.12499999999999,True,False,2026-06-28 13:12:48.372,30.0,120.0,False,False,False
austria_2026_R_00132,austria_2026_R,OCO,BOR,2026-06-28 13:12:20.333,8,CLOSE_INTERACTION_NO_PASS,"valid close battle, no pairwise order change inside the horizon",99.50944444444463,12.68,-99.51027777777927,False,20.97499999999991,False,False,,,,,,False,266.0,20.32279449260594,True,False,2026-06-28 13:12:50.333,30.0,120.0,False,False,False
austria_2026_R_00133,austria_2026_R,BOR,LIN,2026-06-28 13:12:20.573,8,CLOSE_INTERACTION_NO_PASS,"valid close battle, no pairwise order change inside the horizon",94.66555555555578,5.039,-94.62555555555446,False,15.0,False,False,,,,,,False,79.0,183.79430563625735,True,False,2026-06-28 13:12:50.573,30.0,120.0,False,False,False
austria_2026_R_00134,austria_2026_R,LIN,LAW,2026-06-28 13:12:32.613,8,CLOSE_INTERACTION_NO_PASS,"valid close battle, no pairwise order change inside the horizon",94.898611111111,6.88,-94.90333333332819,False,13.111111111111313,False,False,,,,,,False,149.0,91.23522242534968,True,False,2026-06-28 13:13:02.613,30.0,120.0,False,False,False
austria_2026_R_00135,austria_2026_R,NOR,PIA,2026-06-28 13:12:37.932,8,CLOSE_INTERACTION_NO_PASS,"valid close battle, no pairwise order change inside the horizon",97.4038888888881,10.481,-97.40666666666948,False,4.700000000000273,False,False,,,,,,False,177.0,46.56521739130471,True,False,2026-06-28 13:13:07.932,30.0,120.0,False,False,False
austria_2026_R_00136,austria_2026_R,ALB,SAI,2026-06-28 13:12:39.973,8,CLOSE_INTERACTION_NO_PASS,"valid close battle, no pairwise order change inside the horizon",98.1236111111125,26.24,-98.1513888888876,False,9.16666666666697,False,False,,,,,,False,213.0,18.718489727927963,True,False,2026-06-28 13:13:09.973,30.0,120.0,False,False,False
austria_2026_R_00137,austria_2026_R,STR,ALO,2026-06-28 13:12:59.453,8,CLOSE_INTERACTION_NO_PASS,"valid close battle, no pairwise order change inside the horizon",97.62805555555497,10.999,-97.6716666666689,False,4.900000000000091,False,False,,,,,,False,179.0,24.234449760766246,True,False,2026-06-28 13:13:29.453,30.0,120.0,False,False,False
austria_2026_R_00138,austria_2026_R,OCO,BOR,2026-06-28 13:13:06.573,8,CLOSE_INTERACTION_NO_PASS,"valid close battle, no pairwise order change inside the horizon",98.68416666666644,6.36,-98.68499999999767,False,4.266666666667334,False,False,,,,,,False,191.0,62.460697553356816,True,False,2026-06-28 13:13:36.573,30.0,120.0,False,False,False
austria_2026_R_00139,austria_2026_R,PIA,LEC,2026-06-28 13:13:07.693,9,CLOSE_INTERACTION_NO_PASS,"valid close battle, no pairwise order change inside the horizon",94.1861111111111,83.28,-94.18611111111386,False,17.09999999999991,False,False,,,,,,False,307.0,29.15744680851204,True,False,2026-06-28 13:13:37.693,30.0,120.0,False,False,False
austria_2026_R_00140,austria_2026_R,NOR,PIA,2026-06-28 13:13:10.692,9,CLOSE_INTERACTION_NO_PASS,"valid close battle, no pairwise order change inside the horizon",92.32916666666665,5.241,-92.30111111111182,False,13.099999999999994,False,False,,,,,,False,148.0,74.94435936703006,True,False,2026-06-28 13:13:40.692,30.0,120.0,False,False,False
austria_2026_R_00141,austria_2026_R,LIN,LAW,2026-06-28 13:13:17.212,9,CLOSE_INTERACTION_NO_PASS,"valid close battle, no pairwise order change inside the horizon",99.9319444444445,3.681,-99.86583333333692,False,8.799999999999983,False,False,,,,,,False,128.0,138.45774171737654,True,False,2026-06-28 13:13:47.212,30.0,120.0,False,False,False
austria_2026_R_00142,austria_2026_R,HAM,RUS,2026-06-28 13:13:17.372,9,CLOSE_INTERACTION_NO_PASS,"valid close battle, no pairwise order change inside the horizon",95.74749999999972,3.521,-95.98388888889167,False,11.111111111111086,False,False,,,,,,False,81.0,188.0112302195,True,False,2026-06-28 13:13:47.372,30.0,120.0,False,False,False
austria_2026_R_00143,austria_2026_R,LEC,ANT,2026-06-28 13:13:21.973,9,CLOSE_INTERACTION_NO_PASS,"valid close battle, no pairwise order change inside the horizon",72.41555555555556,10.56,-72.41555555555533,False,9.422222222222217,False,False,,,,,,False,187.0,71.7555555555557,True,False,2026-06-28 13:13:51.973,30.0,120.0,False,False,False
austria_2026_R_00144,austria_2026_R,ALB,SAI,2026-06-28 13:13:25.453,9,CLOSE_INTERACTION_NO_PASS,"valid close battle, no pairwise order change inside the horizon",98.10527777777774,7.72,-98.09833333333518,False,15.888888888888872,False,False,,,,,,False,198.0,25.069862315149102,True,False,2026-06-28 13:13:55.453,30.0,120.0,False,False,False
austria_2026_R_00145,austria_2026_R,HUL,GAS,2026-06-28 13:13:26.373,9,CLOSE_INTERACTION_NO_PASS,"valid close battle, no pairwise order change inside the horizon",36.8263888888888,9.88,-36.799722222218406,False,3.3333333333333144,False,False,,,100.28,,,False,133.0,,True,False,2026-06-28 13:13:56.373,30.0,120.0,False,False,False
austria_2026_R_00146,austria_2026_R,GAS,OCO,2026-06-28 13:13:28.453,9,ON_TRACK_PASS,race-distance ordering and target DriverAhead both show the swap,11.040555555555386,7.8,-11.04055555555533,False,2.6666666666666856,True,True,2026-06-28 13:13:36.413,7.96,7.96,7.96,7.96,False,230.0,-18.702127659574224,True,False,2026-06-28 13:13:58.453,30.0,120.0,False,False,False
austria_2026_R_00147,austria_2026_R,STR,ALO,2026-06-28 13:13:34.093,9,CLOSE_INTERACTION_NO_PASS,"valid close battle, no pairwise order change inside the horizon",98.53888888888892,4.24,-98.60583333332761,False,15.833333333333314,False,False,,,,,,False,128.0,116.20512820512813,True,False,2026-06-28 13:14:04.093,30.0,120.0,False,False,False
austria_2026_R_00148,austria_2026_R,BOR,LIN,2026-06-28 13:13:34.973,9,CLOSE_INTERACTION_NO_PASS,"valid close battle, no pairwise order change inside the horizon",91.92861111111074,3.76,-91.99472222221812,False,12.877777777777737,False,False,,,,,,False,72.0,178.73333333333403,True,False,2026-06-28 13:14:04.973,30.0,120.0,False,False,False
austria_2026_R_00149,austria_2026_R,HUL,OCO,2026-06-28 13:13:36.413,9,CLOSE_INTERACTION_NO_PASS,"valid close battle, no pairwise order change inside the horizon",69.62944444444497,7.559,-69.6027777777781,False,14.777777777778056,False,False,,,76.44,,,False,228.0,,True,False,2026-06-28 13:14:06.413,30.0,120.0,False,False,False
austria_2026_R_00150,austria_2026_R,GAS,BOR,2026-06-28 13:13:36.413,9,CLOSE_INTERACTION_NO_PASS,"valid close battle, no pairwise order change inside the horizon",83.7019444444445,6.16,-83.70194444444496,False,14.011111111111177,False,False,,,,,,False,103.0,,True,False,2026-06-28 13:14:06.413,30.0,120.0,False,False,False
austria_2026_R_00151,austria_2026_R,BEA,HUL,2026-06-28 13:13:36.972,9,CLOSE_INTERACTION_NO_PASS,"valid close battle, no pairwise order change inside the horizon",99.50833333333321,39.841,-96.29611111111444,False,25.799999999999727,False,False,,,,,,False,293.0,5.897948974487612,True,False,2026-06-28 13:14:06.972,30.0,120.0,False,False,False
austria_2026_R_00152,austria_2026_R,OCO,GAS,2026-06-28 13:13:38.012,9,ON_TRACK_PASS,race-distance ordering and target DriverAhead both show the swap,10.852499999999736,5.96,-10.852500000000873,False,2.95555555555552,True,True,2026-06-28 13:13:44.252,6.24,6.24,6.24,6.24,False,122.0,-21.618511569731726,True,False,2026-06-28 13:14:08.012,30.0,120.0,False,False,False
austria_2026_R_00153,austria_2026_R,NOR,PIA,2026-06-28 13:13:50.332,9,CLOSE_INTERACTION_NO_PASS,"valid close battle, no pairwise order change inside the horizon",99.29611111111217,10.561,-99.2680555555562,False,7.009722222222081,False,False,,,,,,False,196.0,13.007226236797312,True,False,2026-06-28 13:14:20.332,30.0,120.0,False,False,False
austria_2026_R_00154,austria_2026_R,HUL,GAS,2026-06-28 13:13:57.332,9,CLOSE_INTERACTION_NO_PASS,"valid close battle, no pairwise order change inside the horizon",33.78833333333341,28.881,-33.761666666665406,False,3.022222222221899,False,False,,,69.321,,,False,119.0,,True,False,2026-06-28 13:14:27.332,30.0,120.0,False,False,False
austria_2026_R_00155,austria_2026_R,GAS,OCO,2026-06-28 13:14:00.493,9,ON_TRACK_PASS,race-distance ordering and target DriverAhead both show the swap,10.244999999999436,25.72,-10.244999999995343,False,3.2044444444445617,True,True,2026-06-28 13:14:23.053,22.56,22.56,22.56,22.56,False,231.0,-8.659574468085358,True,False,2026-06-28 13:14:30.493,30.0,120.0,False,False,False
austria_2026_R_00156,austria_2026_R,LEC,ANT,2026-06-28 13:14:06.253,9,CLOSE_INTERACTION_NO_PASS,"valid close battle, no pairwise order change inside the horizon",97.47083333332785,6.72,-97.47083333332557,False,4.555555555555202,False,False,,,,,,False,204.0,50.692868297762594,True,False,2026-06-28 13:14:36.253,30.0,120.0,False,False,False
austria_2026_R_00157,austria_2026_R,STR,ALO,2026-06-28 13:14:14.733,9,CLOSE_INTERACTION_NO_PASS,"valid close battle, no pairwise order change inside the horizon",98.50277777777956,11.76,-98.56972222222248,False,5.511111111111404,False,False,,,,,,False,181.0,15.062499999999945,True,False,2026-06-28 13:14:44.733,30.0,120.0,False,False,False
austria_2026_R_00158,austria_2026_R,BEA,HUL,2026-06-28 13:14:22.853,9,CLOSE_INTERACTION_NO_PASS,"valid close battle, no pairwise order change inside the horizon",97.35083333333296,8.64,-94.138611111106,False,7.33333333333303,False,False,,,,,,False,197.0,54.34693877551034,True,False,2026-06-28 13:14:52.853,30.0,120.0,False,False,False
austria_2026_R_00159,austria_2026_R,NOR,PIA,2026-06-28 13:14:23.453,10,CLOSE_INTERACTION_NO_PASS,"valid close battle, no pairwise order change inside the horizon",97.94944444444442,6.12,-97.89416666666511,False,8.266666666666652,False,False,,,,,,False,166.0,85.62906976744424,True,False,2026-06-28 13:14:53.453,30.0,120.0,False,False,False
austria_2026_R_00160,austria_2026_R,ALB,SAI,2026-06-28 13:14:26.013,9,CLOSE_INTERACTION_NO_PASS,"valid close battle, no pairwise order change inside the horizon",97.54361111111348,7.44,-97.53666666666686,False,7.5777777777775555,False,False,,,,,,False,179.0,67.9418663946965,True,False,2026-06-28 13:14:56.013,30.0,120.0,False,False,False
austria_2026_R_00161,austria_2026_R,HUL,GAS,2026-06-28 13:14:28.253,9,CLOSE_INTERACTION_NO_PASS,"valid close battle, no pairwise order change inside the horizon",24.254722222225155,98.2,-24.22805555555533,False,13.045555555555154,False,False,,,38.4,,,False,139.0,,True,False,2026-06-28 13:14:58.253,30.0,120.0,False,False,False
austria_2026_R_00162,austria_2026_R,HAM,RUS,2026-06-28 13:14:30.173,10,CLOSE_INTERACTION_NO_PASS,"valid close battle, no pairwise order change inside the horizon",97.17555555555555,4.04,-97.16249999999854,False,7.888888888888914,False,False,,,,,,False,74.0,191.81249999999991,True,False,2026-06-28 13:15:00.173,30.0,120.0,False,False,False
austria_2026_R_00163,austria_2026_R,LIN,LAW,2026-06-28 13:14:30.973,10,CLOSE_INTERACTION_NO_PASS,"valid close battle, no pairwise order change inside the horizon",96.7955555555555,3.52,-96.7416666666686,False,7.2777777777777715,False,False,,,,,,False,118.0,142.46666666666675,True,False,2026-06-28 13:15:00.973,30.0,120.0,False,False,False
austria_2026_R_00164,austria_2026_R,ANT,VER,2026-06-28 13:14:33.613,10,CLOSE_INTERACTION_NO_PASS,"valid close battle, no pairwise order change inside the horizon",96.89694444444399,4.0,-96.9513888888905,False,13.733333333333348,False,False,,,,,,False,72.0,202.59090909090963,True,False,2026-06-28 13:15:03.613,30.0,120.0,False,False,False
austria_2026_R_00165,austria_2026_R,PIA,LEC,2026-06-28 13:14:35.693,10,CLOSE_INTERACTION_NO_PASS,"valid close battle, no pairwise order change inside the horizon",92.65944444444438,9.96,-92.6513888888876,False,9.899999999999864,False,False,,,,,,False,238.0,22.22916666666677,True,False,2026-06-28 13:15:05.693,30.0,120.0,False,False,False
austria_2026_R_00166,austria_2026_R,BOR,LIN,2026-06-28 13:14:48.573,10,CLOSE_INTERACTION_NO_PASS,"valid close battle, no pairwise order change inside the horizon",95.50805555555576,4.28,-95.33833333333314,False,9.200000000000273,False,False,,,,,,False,70.0,190.61363636363586,True,False,2026-06-28 13:15:18.573,30.0,120.0,False,False,False
austria_2026_R_00167,austria_2026_R,STR,ALO,2026-06-28 13:14:49.453,10,CLOSE_INTERACTION_NO_PASS,"valid close battle, no pairwise order change inside the horizon",97.79083333333332,4.96,-97.78499999999622,False,10.733333333333348,False,False,,,,,,False,137.0,67.75051020409228,True,False,2026-06-28 13:15:19.453,30.0,120.0,False,False,False
austria_2026_R_00168,austria_2026_R,LEC,ANT,2026-06-28 13:14:50.293,10,CLOSE_INTERACTION_NO_PASS,"valid close battle, no pairwise order change inside the horizon",97.08305555555694,5.6,-97.08305555555853,False,12.037499999999909,False,False,,,,,,False,119.0,136.41860465116403,True,False,2026-06-28 13:15:20.293,30.0,120.0,False,False,False
austria_2026_R_00169,austria_2026_R,OCO,BOR,2026-06-28 13:14:51.613,10,CLOSE_INTERACTION_NO_PASS,"valid close battle, no pairwise order change inside the horizon",95.8441666666672,4.04,-96.10333333333256,False,11.5,False,False,,,,,,False,72.0,185.89574468085058,True,False,2026-06-28 13:15:21.613,30.0,120.0,False,False,False
austria_2026_R_00170,austria_2026_R,BEA,HUL,2026-06-28 13:15:08.333,10,CLOSE_INTERACTION_NO_PASS,"valid close battle, no pairwise order change inside the horizon",89.64750000000004,6.64,-89.69194444444292,False,9.511111111111177,False,False,,,,,,False,150.0,91.76190476190396,True,False,2026-06-28 13:15:38.333,30.0,120.0,False,False,False
austria_2026_R_00171,austria_2026_R,ALB,SAI,2026-06-28 13:15:10.294,10,CLOSE_INTERACTION_NO_PASS,"valid close battle, no pairwise order change inside the horizon",99.89805555555472,7.719,-99.81694444444292,False,8.5,False,False,,,,,,False,158.0,75.62774094849568,True,False,2026-06-28 13:15:40.294,30.0,120.0,False,False,False
austria_2026_R_00172,austria_2026_R,PIA,LEC,2026-06-28 13:15:19.653,10,CLOSE_INTERACTION_NO_PASS,"valid close battle, no pairwise order change inside the horizon",98.24111111110915,8.08,-98.23305555555271,False,6.666666666667425,False,False,,,,,,False,234.0,18.565217391302888,True,False,2026-06-28 13:15:49.653,30.0,120.0,False,False,False
austria_2026_R_00173,austria_2026_R,NOR,PIA,2026-06-28 13:15:21.373,10,CLOSE_INTERACTION_NO_PASS,"valid close battle, no pairwise order change inside the horizon",92.63194444444525,9.84,-92.57666666666773,False,7.511111111110949,False,False,,,,,,False,197.0,49.59183673469388,True,False,2026-06-28 13:15:51.373,30.0,120.0,False,False,False
austria_2026_R_00174,austria_2026_R,LEC,ANT,2026-06-28 13:15:34.333,11,CLOSE_INTERACTION_NO_PASS,"valid close battle, no pairwise order change inside the horizon",99.87611111111116,3.001,-99.9269444444435,False,10.666666666666714,False,False,,,,,,False,126.0,145.75555555555542,True,False,2026-06-28 13:16:04.333,30.0,120.0,False,False,False
austria_2026_R_00175,austria_2026_R,ALB,SAI,2026-06-28 13:15:40.893,10,CLOSE_INTERACTION_NO_PASS,"valid close battle, no pairwise order change inside the horizon",99.81888888888898,9.001,-99.73777777778014,False,5.555555555555657,False,False,,,,,,False,185.0,61.72916666666623,True,False,2026-06-28 13:16:10.893,30.0,120.0,False,False,False
austria_2026_R_00176,austria_2026_R,HAM,RUS,2026-06-28 13:15:43.214,11,CLOSE_INTERACTION_NO_PASS,"valid close battle, no pairwise order change inside the horizon",88.28500000000008,3.319,-88.24916666666832,False,10.599999999999909,False,False,,,,,,False,63.0,203.74752732951637,True,False,2026-06-28 13:16:13.214,30.0,120.0,False,False,False
austria_2026_R_00177,austria_2026_R,STR,ALO,2026-06-28 13:15:49.213,10,CLOSE_INTERACTION_NO_PASS,"valid close battle, no pairwise order change inside the horizon",95.86027777777736,9.16,-95.85444444444147,False,7.017500000000382,False,False,,,,,,False,193.0,52.40816326530774,True,False,2026-06-28 13:16:19.213,30.0,120.0,False,False,False
austria_2026_R_00178,austria_2026_R,BEA,HUL,2026-06-28 13:15:54.453,11,CLOSE_INTERACTION_NO_PASS,"valid close battle, no pairwise order change inside the horizon",98.43416666666667,4.28,-98.43416666666599,False,11.46666666666664,False,False,,,,,,False,128.0,155.37444444444054,True,False,2026-06-28 13:16:24.453,30.0,120.0,False,False,False
austria_2026_R_00179,austria_2026_R,LIN,LAW,2026-06-28 13:15:59.173,11,CLOSE_INTERACTION_NO_PASS,"valid close battle, no pairwise order change inside the horizon",88.25861111111158,5.481,-88.1897222222251,False,9.200000000000045,False,False,,,,,,False,85.0,163.5864821713675,True,False,2026-06-28 13:16:29.173,30.0,120.0,False,False,False
austria_2026_R_00180,austria_2026_R,ANT,VER,2026-06-28 13:16:01.533,11,INVALID,no causal target sample at t0,94.01555555555547,4.68,,False,8.08888888888896,False,False,,,,,,False,,155.47916666666626,True,False,2026-06-28 13:16:31.533,30.0,120.0,False,False,False
austria_2026_R_00181,austria_2026_R,PIA,LEC,2026-06-28 13:16:02.653,11,CLOSE_INTERACTION_NO_PASS,"valid close battle, no pairwise order change inside the horizon",99.99611111111176,24.28,-99.97472222222859,False,9.000000000000227,False,False,,,,,,False,287.0,4.479999999999882,True,False,2026-06-28 13:16:32.653,30.0,120.0,False,False,False
austria_2026_R_00182,austria_2026_R,BOR,LIN,2026-06-28 13:16:02.653,11,CLOSE_INTERACTION_NO_PASS,"valid close battle, no pairwise order change inside the horizon",94.26222222222214,3.8,-94.33111111111066,False,9.104444444444425,False,False,,,,,,False,64.0,196.39999999999995,True,False,2026-06-28 13:16:32.653,30.0,120.0,False,False,False
austria_2026_R_00183,austria_2026_R,NOR,PIA,2026-06-28 13:16:05.933,11,CLOSE_INTERACTION_NO_PASS,"valid close battle, no pairwise order change inside the horizon",91.99027777777746,7.76,-91.9841666666689,False,11.04444444444448,False,False,,,,,,False,151.0,79.12656328164098,True,False,2026-06-28 13:16:35.933,30.0,120.0,False,False,False
austria_2026_R_00184,austria_2026_R,HUL,OCO,2026-06-28 13:16:06.773,11,CLOSE_INTERACTION_NO_PASS,"valid close battle, no pairwise order change inside the horizon",61.79361111111166,22.0,-61.86527777777519,False,7.599999999999909,False,False,,,77.521,,,False,217.0,,True,False,2026-06-28 13:16:36.773,30.0,120.0,False,False,False
austria_2026_R_00185,austria_2026_R,OCO,GAS,2026-06-28 13:16:07.813,11,ON_TRACK_PASS,race-distance ordering and target DriverAhead both show the swap,10.31166666666627,20.96,-11.147499999999127,False,3.466666666666697,True,True,2026-06-28 13:16:29.053,21.24,21.24,21.24,21.24,False,157.0,-26.846153846153566,True,False,2026-06-28 13:16:37.813,30.0,120.0,False,False,False
austria_2026_R_00186,austria_2026_R,STR,ALO,2026-06-28 13:16:19.533,11,CLOSE_INTERACTION_NO_PASS,"valid close battle, no pairwise order change inside the horizon",91.40888888888821,8.72,-91.35777777778276,False,11.46666666666647,False,False,,,,,,False,155.0,74.30342577487839,True,False,2026-06-28 13:16:49.533,30.0,120.0,False,False,False
austria_2026_R_00187,austria_2026_R,HUL,GAS,2026-06-28 13:16:29.053,11,CLOSE_INTERACTION_NO_PASS,"valid close battle, no pairwise order change inside the horizon",41.800277777777865,182.721,-42.70777777777403,False,18.088055555555357,False,False,,,55.841,,,False,165.0,,True,False,2026-06-28 13:16:59.053,30.0,120.0,False,False,False
austria_2026_R_00188,austria_2026_R,PIA,LEC,2026-06-28 13:16:33.453,11,CLOSE_INTERACTION_NO_PASS,"valid close battle, no pairwise order change inside the horizon",96.18861111111164,8.24,-96.16722222222597,False,4.799999999999272,False,False,,,,,,False,221.0,38.54741128562966,True,False,2026-06-28 13:17:03.453,30.0,120.0,False,False,False
austria_2026_R_00189,austria_2026_R,BEA,HUL,2026-06-28 13:16:35.293,11,CLOSE_INTERACTION_NO_PASS,"valid close battle, no pairwise order change inside the horizon",99.63694444444263,11.68,-99.63694444444263,False,6.400000000000091,False,False,,,,,,False,167.0,44.99999999999911,True,False,2026-06-28 13:17:05.293,30.0,120.0,False,False,False
austria_2026_R_00190,austria_2026_R,ALB,SAI,2026-06-28 13:16:37.014,11,CLOSE_INTERACTION_NO_PASS,"valid close battle, no pairwise order change inside the horizon",92.81138888888881,14.48,-92.76888888888789,False,6.455555555555748,False,False,,,51.88,,,False,178.0,26.708665603402125,True,False,2026-06-28 13:17:07.014,30.0,120.0,False,False,False
austria_2026_R_00191,austria_2026_R,GAS,OCO,2026-06-28 13:16:39.293,11,CLOSE_INTERACTION_NO_PASS,"valid close battle, no pairwise order change inside the horizon",10.982222222223754,172.481,-10.146388888890215,False,28.130833333334195,False,False,,,30.401,,,False,203.0,-15.061490359562685,True,False,2026-06-28 13:17:09.293,30.0,120.0,False,False,False
austria_2026_R_00192,austria_2026_R,VER,HAM,2026-06-28 13:16:42.053,12,PIT_RELATED,attacker or target on a box lap at t0,40.56500000000001,68.521,-40.5466666666689,False,7.7175000000002,False,False,,,68.961,68.961,68.961,True,292.0,,False,False,2026-06-28 13:17:12.053,30.0,120.0,True,True,False
austria_2026_R_00193,austria_2026_R,ANT,VER,2026-06-28 13:16:44.334,12,CLOSE_INTERACTION_NO_PASS,"valid close battle, no pairwise order change inside the horizon",96.92388888888885,7.56,-96.94222222222015,False,8.800000000000011,False,False,,,,,,False,172.0,89.2988636363665,True,False,2026-06-28 13:17:14.334,30.0,120.0,False,False,False
austria_2026_R_00194,austria_2026_R,NOR,PIA,2026-06-28 13:16:50.174,12,CLOSE_INTERACTION_NO_PASS,"valid close battle, no pairwise order change inside the horizon",87.00833333333333,6.2,-86.98444444444613,False,7.7222222222222285,False,False,,,,,,False,156.0,89.28761297181728,True,False,2026-06-28 13:17:20.174,30.0,120.0,False,False,False
austria_2026_R_00195,austria_2026_R,LEC,ANT,2026-06-28 13:17:01.853,12,CLOSE_INTERACTION_NO_PASS,"valid close battle, no pairwise order change inside the horizon",99.77333333333286,5.28,-99.77333333333809,False,24.199999999999818,False,False,,,,,,False,85.0,186.93877551020418,True,False,2026-06-28 13:17:31.853,30.0,120.0,False,False,False
austria_2026_R_00196,austria_2026_R,STR,ALO,2026-06-28 13:17:04.934,11,CLOSE_INTERACTION_NO_PASS,"valid close battle, no pairwise order change inside the horizon",96.75583333333407,7.999,-96.70472222222452,False,5.333333333334394,False,False,,,,,,False,198.0,43.71428571428522,True,False,2026-06-28 13:17:34.934,30.0,120.0,False,False,False
austria_2026_R_00197,austria_2026_R,SAI,BEA,2026-06-28 13:17:09.214,12,CLOSE_INTERACTION_NO_PASS,"valid close battle, no pairwise order change inside the horizon",77.12972222222223,220.72,-77.03527777777344,False,14.769166666666678,False,False,,,,,,False,307.0,66.82964224872504,True,False,2026-06-28 13:17:39.214,30.0,120.0,False,False,False
austria_2026_R_00198,austria_2026_R,BEA,HUL,2026-06-28 13:17:09.214,12,CLOSE_INTERACTION_NO_PASS,"valid close battle, no pairwise order change inside the horizon",95.32750000000001,6.8,-95.65083333333314,False,10.199999999999989,False,False,,,,,,False,168.0,64.29017603633585,True,False,2026-06-28 13:17:39.214,30.0,120.0,False,False,False
austria_2026_R_00199,austria_2026_R,ALB,SAI,2026-06-28 13:17:12.453,12,CLOSE_INTERACTION_NO_PASS,"valid close battle, no pairwise order change inside the horizon",97.3411111111111,4.881,-97.40055555555591,False,11.377777777777794,False,False,,,,,,False,137.0,61.732673267327144,True,False,2026-06-28 13:17:42.453,30.0,120.0,False,False,False
austria_2026_R_00200,austria_2026_R,LIN,LAW,2026-06-28 13:17:12.933,12,CLOSE_INTERACTION_NO_PASS,"valid close battle, no pairwise order change inside the horizon",92.38555555555558,5.321,-92.38916666666773,False,12.266666666666652,False,False,,,,,,False,84.0,176.15407703851906,True,False,2026-06-28 13:17:42.933,30.0,120.0,False,False,False
austria_2026_R_00201,austria_2026_R,BOR,LIN,2026-06-28 13:17:16.534,12,CLOSE_INTERACTION_NO_PASS,"valid close battle, no pairwise order change inside the horizon",93.1236111111109,3.959,-93.04611111110717,False,10.666666666666742,False,False,,,,,,False,68.0,194.4545454545458,True,False,2026-06-28 13:17:46.534,30.0,120.0,False,False,False
austria_2026_R_00202,austria_2026_R,PIA,LEC,2026-06-28 13:17:17.494,12,CLOSE_INTERACTION_NO_PASS,"valid close battle, no pairwise order change inside the horizon; the pair did swap 112.7 s after t0, outside it",96.56111111111136,23.359,-96.56111111111386,False,7.377777777777737,False,False,,,112.68,112.68,112.68,True,218.0,39.326530612245186,True,False,2026-06-28 13:17:47.494,30.0,120.0,False,False,False
austria_2026_R_00203,austria_2026_R,HAD,NOR,2026-06-28 13:17:20.133,12,CLOSE_INTERACTION_NO_PASS,"valid close battle, no pairwise order change inside the horizon",94.5141666666666,23.721,-94.48305555555271,False,11.666666666666515,False,False,,,61.281,,,False,208.0,33.861628525811376,True,False,2026-06-28 13:17:50.133,30.0,120.0,False,False,False
austria_2026_R_00204,austria_2026_R,STR,ALO,2026-06-28 13:17:35.694,12,CLOSE_INTERACTION_NO_PASS,"valid close battle, no pairwise order change inside the horizon",97.58944444444455,7.76,-97.55055555555737,False,10.488888888888596,False,False,,,,,,False,133.0,96.4553026096619,True,False,2026-06-28 13:18:05.694,30.0,120.0,False,False,False
austria_2026_R_00205,austria_2026_R,ANT,VER,2026-06-28 13:17:42.134,12,CLOSE_INTERACTION_NO_PASS,"valid close battle, no pairwise order change inside the horizon",98.65222222222383,8.44,-98.67055555555271,False,7.888888888888687,False,False,,,,,,False,222.0,27.091017251636124,True,False,2026-06-28 13:18:12.134,30.0,120.0,False,False,False
austria_2026_R_00206,austria_2026_R,NOR,PIA,2026-06-28 13:17:48.214,12,CLOSE_INTERACTION_NO_PASS,"valid close battle, no pairwise order change inside the horizon",94.69583333333276,8.96,-94.67194444444613,False,6.1111111111108585,False,False,,,,,,False,200.0,48.8344612181155,True,False,2026-06-28 13:18:18.214,30.0,120.0,False,False,False
austria_2026_R_00207,austria_2026_R,BEA,HUL,2026-06-28 13:17:51.014,12,CLOSE_INTERACTION_NO_PASS,"valid close battle, no pairwise order change inside the horizon",95.45138888888869,4.36,-95.77472222222423,False,3.8888888888891415,False,False,,,,,,False,167.0,42.97826086956528,True,False,2026-06-28 13:18:21.014,30.0,120.0,False,False,False
austria_2026_R_00208,austria_2026_R,ALB,SAI,2026-06-28 13:17:53.133,12,CLOSE_INTERACTION_NO_PASS,"valid close battle, no pairwise order change inside the horizon",99.83805555555546,11.681,-99.89749999999913,False,5.0,False,False,,,,,,False,170.0,33.463295269167304,True,False,2026-06-28 13:18:23.133,30.0,120.0,False,False,False
austria_2026_R_00209,austria_2026_R,HAM,LEC,2026-06-28 13:17:56.534,12,PIT_RELATED,attacker or target on a box lap at t0,18.49166666666906,4.119,-18.491666666668607,False,85.09222222222495,False,False,,,91.24,93.36,93.36,True,277.0,-197.000000000004,False,False,2026-06-28 13:18:26.534,30.0,120.0,True,True,False
austria_2026_R_00210,austria_2026_R,PIA,LEC,2026-06-28 13:18:01.574,13,PIT_RELATED,attacker or target on a box lap at t0,97.48083333333334,7.68,-97.4533333333311,False,7.199999999999989,False,False,,,68.6,68.6,68.6,True,229.0,44.37116085372146,False,False,2026-06-28 13:18:31.574,30.0,120.0,True,True,False
austria_2026_R_00211,austria_2026_R,HAD,NOR,2026-06-28 13:18:04.134,13,CLOSE_INTERACTION_NO_PASS,"valid close battle, no pairwise order change inside the horizon",98.13472222222225,8.04,-98.12083333332703,False,9.566666666666663,False,False,,,,,,False,226.0,24.397340425533237,True,False,2026-06-28 13:18:34.134,30.0,120.0,False,False,False
austria_2026_R_00212,austria_2026_R,LIN,HAM,2026-06-28 13:18:08.334,12,PIT_RELATED,attacker or target on a box lap at t0,95.19000000000051,4.52,-550.1125000000029,False,84.26999999999853,True,True,2026-06-28 13:18:10.134,1.8,1.8,4.719,4.719,False,79.0,193.36629452418885,False,False,2026-06-28 13:18:38.334,30.0,120.0,True,True,False
austria_2026_R_00213,austria_2026_R,HAM,LAW,2026-06-28 13:18:09.254,13,PIT_RELATED,attacker or target on a box lap at t0,12.820555555555558,3.6,-14.796666666668898,False,14.666666666666686,False,False,,,,,,False,290.0,,False,False,2026-06-28 13:18:39.254,30.0,120.0,True,True,False
austria_2026_R_00214,austria_2026_R,HAM,LIN,2026-06-28 13:18:13.413,13,PIT_RELATED,attacker or target on a box lap at t0,13.296388888888856,5.921,-15.322777777779265,False,12.777777777777828,False,False,,,76.041,,,False,162.0,-88.66666666666674,False,False,2026-06-28 13:18:43.413,30.0,120.0,True,True,False
austria_2026_R_00215,austria_2026_R,LEC,ANT,2026-06-28 13:18:15.654,13,PIT_RELATED,attacker or target on a box lap at t0,89.55277777777769,4.759,-89.57611111111328,False,11.433333333333394,False,False,,,,,,False,75.0,193.373038930854,False,False,2026-06-28 13:18:45.654,30.0,120.0,True,True,False
austria_2026_R_00216,austria_2026_R,BOR,HAM,2026-06-28 13:18:16.214,13,PIT_RELATED,attacker or target on a box lap at t0,98.03861111111115,7.72,-96.03861111110746,False,11.71111111111128,True,True,2026-06-28 13:18:24.174,7.96,7.96,7.96,7.96,False,159.0,121.15909090909093,False,False,2026-06-28 13:18:46.214,30.0,120.0,True,True,False
austria_2026_R_00217,austria_2026_R,STR,ALO,2026-06-28 13:18:21.414,12,CLOSE_INTERACTION_NO_PASS,"valid close battle, no pairwise order change inside the horizon",99.51916666666511,6.92,-99.48027777777315,False,6.299999999999727,False,False,,,,,,False,184.0,63.36888888888916,True,False,2026-06-28 13:18:51.414,30.0,120.0,False,False,False
austria_2026_R_00218,austria_2026_R,BEA,HUL,2026-06-28 13:18:24.814,13,CLOSE_INTERACTION_NO_PASS,"valid close battle, no pairwise order change inside the horizon",92.20500000000001,5.64,-91.79944444444845,False,12.5,False,False,,,,,,False,141.0,136.07692307692304,True,False,2026-06-28 13:18:54.814,30.0,120.0,False,False,False
austria_2026_R_00219,austria_2026_R,HAM,BOR,2026-06-28 13:18:25.174,13,PIT_RELATED,attacker or target on a box lap at t0,12.111666666666906,5.08,-14.11166666666395,False,5.155555555555566,True,True,2026-06-28 13:18:30.454,5.28,5.28,5.28,5.28,False,295.0,-35.32000000000048,False,False,2026-06-28 13:18:55.174,30.0,120.0,True,True,False
austria_2026_R_00220,austria_2026_R,LIN,LAW,2026-06-28 13:18:26.693,13,CLOSE_INTERACTION_NO_PASS,"valid close battle, no pairwise order change inside the horizon",95.85138888888923,4.881,-95.80111111111182,False,11.199999999999818,False,False,,,,,,False,86.0,172.68866418307593,True,False,2026-06-28 13:18:56.693,30.0,120.0,False,False,False
austria_2026_R_00221,austria_2026_R,ANT,VER,2026-06-28 13:18:26.893,13,CLOSE_INTERACTION_NO_PASS,"valid close battle, no pairwise order change inside the horizon",95.92916666666656,22.961,-95.90583333333052,False,11.900000000000091,False,False,,,,,,False,206.0,39.7684700407213,True,False,2026-06-28 13:18:56.893,30.0,120.0,False,False,False
austria_2026_R_00222,austria_2026_R,ALB,SAI,2026-06-28 13:18:27.774,13,CLOSE_INTERACTION_NO_PASS,"valid close battle, no pairwise order change inside the horizon",91.91361111111112,5.0,-91.9638888888876,False,9.600000000000023,False,False,,,,,,False,134.0,123.16576086956123,True,False,2026-06-28 13:18:57.774,30.0,120.0,False,False,False
austria_2026_R_00223,austria_2026_R,NOR,PIA,2026-06-28 13:18:32.054,13,CLOSE_INTERACTION_NO_PASS,"valid close battle, no pairwise order change inside the horizon",99.08055555555666,24.76,-99.10805555555271,False,9.022222222222126,False,False,,,,,,False,228.0,22.11111111111086,True,False,2026-06-28 13:19:02.054,30.0,120.0,False,False,False
austria_2026_R_00224,austria_2026_R,HAM,LIN,2026-06-28 13:18:45.574,13,PIT_RELATED,attacker or target on a box lap at t0,75.87111111111221,5.12,-77.8975000000064,False,21.44444444444457,False,False,,,43.88,,,False,86.0,206.62500000000009,False,False,2026-06-28 13:19:15.574,30.0,120.0,True,True,False
austria_2026_R_00225,austria_2026_R,STR,ALO,2026-06-28 13:18:51.494,13,CLOSE_INTERACTION_NO_PASS,"valid close battle, no pairwise order change inside the horizon",94.79388888888889,7.8,-94.80694444444816,False,9.777777777777601,False,False,,,,,,False,129.0,96.36000000000016,True,False,2026-06-28 13:19:21.494,30.0,120.0,False,False,False
austria_2026_R_00226,austria_2026_R,COL,ALB,2026-06-28 13:18:57.254,13,CLOSE_INTERACTION_NO_PASS,"valid close battle, no pairwise order change inside the horizon",95.7877777777785,113.8,-94.52583333333314,False,34.47222222222217,False,False,,,,,,False,243.0,11.54347826087019,True,False,2026-06-28 13:19:27.254,30.0,120.0,False,False,False
austria_2026_R_00227,austria_2026_R,PIA,LEC,2026-06-28 13:19:00.253,13,PIT_RELATED,attacker or target on a box lap at t0,95.71722222222161,9.521,-95.6897222222251,False,11.888888888888232,True,True,2026-06-28 13:19:10.174,9.921,9.921,9.921,9.921,False,183.0,59.505796217204676,False,False,2026-06-28 13:19:30.253,30.0,120.0,True,True,False
austria_2026_R_00228,austria_2026_R,HAD,NOR,2026-06-28 13:19:02.734,13,CLOSE_INTERACTION_NO_PASS,"valid close battle, no pairwise order change inside the horizon",97.90305555555597,8.64,-97.88916666666773,False,8.5,False,False,,,,,,False,222.0,29.240000000000148,True,False,2026-06-28 13:19:32.734,30.0,120.0,False,False,False
austria_2026_R_00229,austria_2026_R,BEA,HUL,2026-06-28 13:19:05.494,13,CLOSE_INTERACTION_NO_PASS,"valid close battle, no pairwise order change inside the horizon",94.80833333333385,11.08,-94.40277777778101,False,6.844444444444434,False,False,,,,,,False,172.0,27.85714285714258,True,False,2026-06-28 13:19:35.494,30.0,120.0,False,False,False
austria_2026_R_00230,austria_2026_R,ALB,SAI,2026-06-28 13:19:08.614,13,CLOSE_INTERACTION_NO_PASS,"valid close battle, no pairwise order change inside the horizon; the pair did swap 103.9 s after t0, outside it",95.77305555555449,10.96,-95.82333333333372,False,5.011111111111404,False,False,,,103.921,103.56,103.921,True,165.0,44.65957446808745,True,False,2026-06-28 13:19:38.614,30.0,120.0,False,False,False
austria_2026_R_00231,austria_2026_R,ANT,VER,2026-06-28 13:19:10.174,14,CLOSE_INTERACTION_NO_PASS,"valid close battle, no pairwise order change inside the horizon",97.97111111111113,7.6,-97.80500000000029,False,12.900000000000006,False,False,,,,,,False,234.0,36.77445652172865,True,False,2026-06-28 13:19:40.174,30.0,120.0,False,False,False
austria_2026_R_00232,austria_2026_R,LEC,HAD,2026-06-28 13:19:13.854,13,PIT_RELATED,attacker or target on a box lap at t0,12.638055555556093,4.28,-12.651944444449327,False,67.4488888888895,False,False,,,,,,False,270.0,-190.00000000000244,False,False,2026-06-28 13:19:43.854,30.0,120.0,True,True,False
austria_2026_R_00233,austria_2026_R,NOR,PIA,2026-06-28 13:19:16.254,14,CLOSE_INTERACTION_NO_PASS,"valid close battle, no pairwise order change inside the horizon",96.93694444444448,8.04,-96.93694444444554,False,8.944444444444457,False,False,,,,,,False,252.0,20.513829787234336,True,False,2026-06-28 13:19:46.254,30.0,120.0,False,False,False
austria_2026_R_00234,austria_2026_R,BOR,LEC,2026-06-28 13:19:24.734,13,PIT_RELATED,attacker or target on a box lap at t0,91.61388888888132,4.72,-558.1602777777734,False,95.80527777778566,True,True,2026-06-28 13:19:26.735,2.001,2.001,8.24,8.24,False,59.0,,False,False,2026-06-28 13:19:54.734,30.0,120.0,True,True,False
austria_2026_R_00235,austria_2026_R,HAD,NOR,2026-06-28 13:19:32.974,14,CLOSE_INTERACTION_NO_PASS,"valid close battle, no pairwise order change inside the horizon",65.57027777777762,9.04,-65.5422222222187,False,8.400000000000318,False,False,,,,,,False,139.0,99.83333333333285,True,False,2026-06-28 13:20:02.974,30.0,120.0,False,False,False
austria_2026_R_00236,austria_2026_R,LEC,BOR,2026-06-28 13:19:32.974,14,PIT_RELATED,attacker or target on a box lap at t0,54.869722222222265,3.76,-55.07361111111095,False,14.555555555555486,False,False,,,89.64,,,False,109.0,,False,False,2026-06-28 13:20:02.974,30.0,120.0,True,True,False
austria_2026_R_00237,austria_2026_R,BOR,HAM,2026-06-28 13:19:34.814,14,CLOSE_INTERACTION_NO_PASS,"valid close battle, no pairwise order change inside the horizon",10.039166666666404,46.001,-9.979166666664241,False,6.063333333333276,False,False,,,,,,False,185.0,-15.347282608695375,True,False,2026-06-28 13:20:04.814,30.0,120.0,False,False,False
austria_2026_R_00238,austria_2026_R,STR,ALO,2026-06-28 13:19:36.334,13,CLOSE_INTERACTION_NO_PASS,"valid close battle, no pairwise order change inside the horizon",98.67222222222108,8.92,-98.6852777777749,False,8.111111111110858,False,False,,,,,,False,202.0,41.78723404255379,True,False,2026-06-28 13:20:06.334,30.0,120.0,False,False,False
austria_2026_R_00239,austria_2026_R,HUL,OCO,2026-06-28 13:19:37.814,14,CLOSE_INTERACTION_NO_PASS,"valid close battle, no pairwise order change inside the horizon",94.70361111111112,192.16,-94.55888888888876,False,12.1111111111112,False,False,,,,,,False,219.0,38.11499999999368,True,False,2026-06-28 13:20:07.814,30.0,120.0,False,False,False
austria_2026_R_00240,austria_2026_R,GAS,ALB,2026-06-28 13:19:39.014,13,PIT_RELATED,attacker or target on a box lap at t0,18.924999999997,3.36,-18.926944444443507,False,62.44527777777412,False,True,2026-06-28 13:19:41.294,2.2800000000000002,,2.2800000000000002,,False,285.0,-204.99999999998,False,False,2026-06-28 13:20:09.014,30.0,120.0,True,True,False
austria_2026_R_00241,austria_2026_R,BEA,HUL,2026-06-28 13:19:39.654,14,CLOSE_INTERACTION_NO_PASS,"valid close battle, no pairwise order change inside the horizon",98.33222222222224,5.84,-98.50777777777694,False,11.377777777777794,False,False,,,,,,False,170.0,52.17228260871027,True,False,2026-06-28 13:20:09.654,30.0,120.0,False,False,False
austria_2026_R_00242,austria_2026_R,LIN,LAW,2026-06-28 13:19:40.694,14,CLOSE_INTERACTION_NO_PASS,"valid close battle, no pairwise order change inside the horizon",86.93583333333368,5.16,-86.96972222222394,False,10.699999999999818,False,False,,,,,,False,79.0,178.7691489361701,True,False,2026-06-28 13:20:10.694,30.0,120.0,False,False,False
austria_2026_R_00243,austria_2026_R,ALB,SAI,2026-06-28 13:19:42.814,14,PIT_RELATED,attacker or target on a box lap at t0,95.20972222222227,5.08,-95.15444444444438,False,13.500000000000028,False,False,,,69.36,69.36,69.36,True,132.0,154.761734693887,False,False,2026-06-28 13:20:12.814,30.0,120.0,True,True,False
austria_2026_R_00244,austria_2026_R,GAS,STR,2026-06-28 13:19:53.255,14,PIT_RELATED,attacker or target on a box lap at t0,13.003611111111155,6.119,-13.00361111111124,False,8.722222222222229,False,False,,,93.4,,,False,221.0,,False,False,2026-06-28 13:20:23.255,30.0,120.0,True,True,False
austria_2026_R_00245,austria_2026_R,LEC,BOR,2026-06-28 13:20:04.534,14,PIT_RELATED,attacker or target on a box lap at t0,89.61027777777781,3.6,-89.81416666666337,False,13.666666666666515,False,False,,,58.08,,,False,115.0,198.94871794871767,False,False,2026-06-28 13:20:34.534,30.0,120.0,True,True,False
austria_2026_R_00246,austria_2026_R,STR,ALO,2026-06-28 13:20:06.935,14,CLOSE_INTERACTION_NO_PASS,"valid close battle, no pairwise order change inside the horizon",94.66500000000065,8.319,-94.70611111111066,False,21.02805555555551,False,False,,,,,,False,161.0,66.30961434003186,True,False,2026-06-28 13:20:36.935,30.0,120.0,False,False,False
austria_2026_R_00247,austria_2026_R,ANT,VER,2026-06-28 13:20:08.694,14,CLOSE_INTERACTION_NO_PASS,"valid close battle, no pairwise order change inside the horizon",98.18749999999773,7.4,-98.02138888888294,False,10.686388888888814,False,False,,,,,,False,208.0,48.52628892292102,True,False,2026-06-28 13:20:38.694,30.0,120.0,False,False,False
austria_2026_R_00248,austria_2026_R,BEA,HUL,2026-06-28 13:20:10.094,14,CLOSE_INTERACTION_NO_PASS,"valid close battle, no pairwise order change inside the horizon",93.78416666666772,5.16,-93.9597222222219,False,10.04444444444448,False,False,,,,,,False,122.0,113.06122448979526,True,False,2026-06-28 13:20:40.094,30.0,120.0,False,False,False
austria_2026_R_00249,austria_2026_R,ALB,SAI,2026-06-28 13:20:13.055,14,PIT_RELATED,attacker or target on a box lap at t0,74.16916666666702,5.239,-74.11388888888905,False,7.1111111111108585,False,False,,,39.119,39.119,39.119,True,109.0,94.75193337299235,False,False,2026-06-28 13:20:43.055,30.0,120.0,True,True,False
austria_2026_R_00250,austria_2026_R,NOR,PIA,2026-06-28 13:20:15.254,14,CLOSE_INTERACTION_NO_PASS,"valid close battle, no pairwise order change inside the horizon",95.80416666666588,8.44,-95.8041666666686,False,7.466666666666242,False,False,,,,,,False,202.0,42.17608804402166,True,False,2026-06-28 13:20:45.254,30.0,120.0,False,False,False
austria_2026_R_00251,austria_2026_R,HAD,NOR,2026-06-28 13:20:16.694,14,CLOSE_INTERACTION_NO_PASS,"valid close battle, no pairwise order change inside the horizon",98.19194444444202,8.44,-98.16388888888469,False,7.5,False,False,,,,,,False,199.0,45.98000000000047,True,False,2026-06-28 13:20:46.694,30.0,120.0,False,False,False
austria_2026_R_00252,austria_2026_R,HAM,LIN,2026-06-28 13:20:41.974,15,CLOSE_INTERACTION_NO_PASS,"valid close battle, no pairwise order change inside the horizon; the pair did swap 88.6 s after t0, outside it",95.83666666666664,4.921,-95.80777777777257,False,13.222222222222229,False,False,,,72.841,88.64,88.64,True,129.0,131.23532414498166,True,False,2026-06-28 13:21:11.974,30.0,120.0,False,False,False
austria_2026_R_00253,austria_2026_R,ANT,VER,2026-06-28 13:20:52.335,15,CLOSE_INTERACTION_NO_PASS,"valid close battle, no pairwise order change inside the horizon",96.82694444444405,7.2,-96.79361111111939,False,9.466666666666924,False,False,,,,,,False,169.0,57.49609578344588,True,False,2026-06-28 13:21:22.335,30.0,120.0,False,False,False
austria_2026_R_00254,austria_2026_R,STR,ALO,2026-06-28 13:20:52.935,14,CLOSE_INTERACTION_NO_PASS,"valid close battle, no pairwise order change inside the horizon",99.22361111111013,7.84,-99.26472222222219,False,5.700000000000273,False,False,,,,,,False,189.0,59.36948431685147,True,False,2026-06-28 13:21:22.935,30.0,120.0,False,False,False
austria_2026_R_00255,austria_2026_R,LIN,LAW,2026-06-28 13:20:54.815,15,CLOSE_INTERACTION_NO_PASS,"valid close battle, no pairwise order change inside the horizon",92.79944444444459,4.48,-92.87972222222015,False,10.902499999999918,False,False,,,,,,False,81.0,177.34042553191486,True,False,2026-06-28 13:21:24.815,30.0,120.0,False,False,False
austria_2026_R_00256,austria_2026_R,SAI,COL,2026-06-28 13:20:55.454,14,PIT_RELATED,attacker or target on a box lap at t0,20.240277777778374,4.361,-20.34027777778101,False,89.77861111111208,False,False,,,,,,False,267.0,-187.9999999999973,False,False,2026-06-28 13:21:25.454,30.0,120.0,True,True,False
austria_2026_R_00257,austria_2026_R,BEA,HUL,2026-06-28 13:20:55.934,15,CLOSE_INTERACTION_NO_PASS,"valid close battle, no pairwise order change inside the horizon",87.4433333333333,3.601,-87.45694444444234,False,7.717499999999973,False,False,,,,,,False,111.0,146.5263157894737,True,False,2026-06-28 13:21:25.934,30.0,120.0,False,False,False
austria_2026_R_00258,austria_2026_R,GAS,STR,2026-06-28 13:20:57.174,14,PIT_RELATED,attacker or target on a box lap at t0,99.81916666666348,6.2,-99.81916666666075,False,9.244444444444525,True,False,2026-06-28 13:21:26.655,29.481,29.481,107.641,107.641,True,198.0,96.67441860465208,False,False,2026-06-28 13:21:27.174,30.0,120.0,True,True,False
austria_2026_R_00259,austria_2026_R,ALB,BEA,2026-06-28 13:20:58.174,15,CLOSE_INTERACTION_NO_PASS,"valid close battle, no pairwise order change inside the horizon",97.45833333333331,3.201,-97.45833333333576,False,8.333333333333314,False,False,,,,,,False,114.0,146.89361702127658,True,False,2026-06-28 13:21:28.174,30.0,120.0,False,False,False
austria_2026_R_00260,austria_2026_R,BOR,HAM,2026-06-28 13:20:58.895,15,CLOSE_INTERACTION_NO_PASS,"valid close battle, no pairwise order change inside the horizon",90.54388888888866,4.839,-90.41277777777577,False,10.0,False,False,,,,,,False,83.0,180.6188262637998,True,False,2026-06-28 13:21:28.895,30.0,120.0,False,False,False
austria_2026_R_00261,austria_2026_R,HAD,NOR,2026-06-28 13:21:01.615,15,CLOSE_INTERACTION_NO_PASS,"valid close battle, no pairwise order change inside the horizon",96.54666666666662,6.6,-96.52527777777868,False,14.758888888889032,False,False,,,,,,False,128.0,125.42222222222289,True,False,2026-06-28 13:21:31.615,30.0,120.0,False,False,False
austria_2026_R_00262,austria_2026_R,SAI,STR,2026-06-28 13:21:08.215,15,PIT_RELATED,attacker or target on a box lap at t0,10.33999999999999,3.159,-10.356388888889342,False,15.088888888888889,False,False,,,,,,False,282.0,-202.00000000000026,False,False,2026-06-28 13:21:38.215,30.0,120.0,True,True,False
austria_2026_R_00263,austria_2026_R,GAS,SAI,2026-06-28 13:21:11.534,15,PIT_RELATED,attacker or target on a box lap at t0,99.30472222222231,5.56,-99.25222222221782,False,19.438333333333333,True,True,2026-06-28 13:21:14.175,2.641,2.641,2.641,2.641,False,80.0,219.73333333333335,False,False,2026-06-28 13:21:41.534,30.0,120.0,True,True,False
austria_2026_R_00264,austria_2026_R,COL,ALB,2026-06-28 13:21:15.055,15,CLOSE_INTERACTION_NO_PASS,"valid close battle, no pairwise order change inside the horizon",96.70722222222207,4.96,-96.68305555555708,False,11.873888888889041,False,False,,,,,,False,90.0,174.91304347826016,True,False,2026-06-28 13:21:45.055,30.0,120.0,False,False,False
austria_2026_R_00265,austria_2026_R,STR,ALO,2026-06-28 13:21:23.014,15,CLOSE_INTERACTION_NO_PASS,"valid close battle, no pairwise order change inside the horizon",90.80861111111108,9.921,-90.79611111110717,False,14.799999999999955,False,False,,,,,,False,163.0,77.06013837147438,True,False,2026-06-28 13:21:53.014,30.0,120.0,False,False,False
austria_2026_R_00266,austria_2026_R,GAS,STR,2026-06-28 13:21:27.415,15,CLOSE_INTERACTION_NO_PASS,"valid close battle, no pairwise order change inside the horizon; the pair did swap 77.4 s after t0, outside it",94.08138888888902,3.399,-94.04527777777548,False,9.444444444444343,False,False,,,59.04,77.4,77.4,True,66.0,190.51063829787202,True,False,2026-06-28 13:21:57.415,30.0,120.0,False,False,False
austria_2026_R_00267,austria_2026_R,NOR,PIA,2026-06-28 13:21:28.814,15,CLOSE_INTERACTION_NO_PASS,"valid close battle, no pairwise order change inside the horizon",95.45611111111157,7.84,-95.47861111111706,False,8.0,False,False,,,,,,False,198.0,47.51352730985266,True,False,2026-06-28 13:21:58.814,30.0,120.0,False,False,False
austria_2026_R_00268,austria_2026_R,ANT,VER,2026-06-28 13:21:36.414,16,CLOSE_INTERACTION_NO_PASS,"valid close battle, no pairwise order change inside the horizon",95.91722222222228,5.401,-95.89861111111531,False,9.200000000000017,False,False,,,,,,False,158.0,113.70622671634735,True,False,2026-06-28 13:22:06.414,30.0,120.0,False,False,False
austria_2026_R_00269,austria_2026_R,SAI,GAS,2026-06-28 13:21:45.215,15,PIT_RELATED,attacker or target on a box lap at t0,87.82416666666654,4.559,-87.87666666666337,False,17.355555555555384,False,False,,,,,,False,94.0,186.17178552837177,False,False,2026-06-28 13:22:15.215,30.0,120.0,True,True,False
austria_2026_R_00270,austria_2026_R,HAD,NOR,2026-06-28 13:21:45.975,16,CLOSE_INTERACTION_NO_PASS,"valid close battle, no pairwise order change inside the horizon",93.77694444444444,3.999,-93.66583333333256,False,9.900000000000006,False,False,,,,,,False,129.0,126.42344650864835,True,False,2026-06-28 13:22:15.975,30.0,120.0,False,False,False
austria_2026_R_00271,austria_2026_R,GAS,STR,2026-06-28 13:21:58.735,15,UNCERTAIN,"only one of the two order-change signals fired (distance=True, driver_ahead=False)",97.52222222222417,3.959,-97.48611111112405,False,11.964166666667097,True,False,2026-06-28 13:22:26.455,27.72,27.72,46.08,46.08,True,168.0,6.1738908720040655,True,False,2026-06-28 13:22:28.735,30.0,120.0,False,False,False
austria_2026_R_00272,austria_2026_R,STR,ALO,2026-06-28 13:22:08.415,15,CLOSE_INTERACTION_NO_PASS,"valid close battle, no pairwise order change inside the horizon",95.73277777777685,8.519,-95.72027777777112,False,5.955555555555748,False,False,,,109.08,,,False,192.0,42.1020408163261,True,False,2026-06-28 13:22:38.415,30.0,120.0,False,False,False
austria_2026_R_00273,austria_2026_R,BEA,HUL,2026-06-28 13:22:10.814,16,CLOSE_INTERACTION_NO_PASS,"valid close battle, no pairwise order change inside the horizon",92.91083333333336,3.761,-93.0625,False,6.444444444444457,False,False,,,,,,False,111.0,155.62533985861876,True,False,2026-06-28 13:22:40.814,30.0,120.0,False,False,False
austria_2026_R_00274,austria_2026_R,NOR,PIA,2026-06-28 13:22:12.535,16,CLOSE_INTERACTION_NO_PASS,"valid close battle, no pairwise order change inside the horizon",98.96027777777795,8.24,-98.98722222223296,False,10.266666666666424,False,False,,,,,,False,200.0,34.752212389379494,True,False,2026-06-28 13:22:42.535,30.0,120.0,False,False,False
austria_2026_R_00275,austria_2026_R,ALB,BEA,2026-06-28 13:22:13.055,16,CLOSE_INTERACTION_NO_PASS,"valid close battle, no pairwise order change inside the horizon",94.33694444444438,3.239,-94.33694444445428,False,6.2222222222222285,False,False,,,,,,False,116.0,142.50000000000003,True,False,2026-06-28 13:22:43.055,30.0,120.0,False,False,False
austria_2026_R_00276,austria_2026_R,BOR,LIN,2026-06-28 13:22:13.335,16,CLOSE_INTERACTION_NO_PASS,"valid close battle, no pairwise order change inside the horizon",95.86027777777804,3.599,-95.89166666667734,False,9.799999999999955,False,False,,,,,,False,56.0,215.1458333333333,True,False,2026-06-28 13:22:43.335,30.0,120.0,False,False,False
austria_2026_R_00277,austria_2026_R,LIN,HAM,2026-06-28 13:22:14.295,16,CLOSE_INTERACTION_NO_PASS,"valid close battle, no pairwise order change inside the horizon",10.128333333331966,31.8,-10.11083333332499,False,10.51111111111095,False,False,,,,,,False,87.0,-9.879999999999473,True,False,2026-06-28 13:22:44.295,30.0,120.0,False,False,False
austria_2026_R_00278,austria_2026_R,LEC,BOR,2026-06-28 13:22:15.934,16,CLOSE_INTERACTION_NO_PASS,"valid close battle, no pairwise order change inside the horizon; the pair did swap 116.7 s after t0, outside it",99.82333333333372,4.561,-99.80444444443856,False,8.86666666666656,False,False,,,89.041,116.681,116.681,True,74.0,191.14316125598714,True,False,2026-06-28 13:22:45.934,30.0,120.0,False,False,False
austria_2026_R_00279,austria_2026_R,ANT,VER,2026-06-28 13:22:16.934,16,CLOSE_INTERACTION_NO_PASS,"valid close battle, no pairwise order change inside the horizon",98.21250000000009,3.841,-98.19388888889807,False,5.33333333333303,False,False,,,,,,False,170.0,49.71311893823356,True,False,2026-06-28 13:22:46.934,30.0,120.0,False,False,False
austria_2026_R_00280,austria_2026_R,COL,ALB,2026-06-28 13:22:30.214,16,CLOSE_INTERACTION_NO_PASS,"valid close battle, no pairwise order change inside the horizon",96.18499999999995,4.361,-96.1833333333343,False,12.95555555555552,False,False,,,,,,False,83.0,181.01150575287662,True,False,2026-06-28 13:23:00.214,30.0,120.0,False,False,False
austria_2026_R_00281,austria_2026_R,STR,ALO,2026-06-28 13:22:39.095,16,CLOSE_INTERACTION_NO_PASS,"valid close battle, no pairwise order change inside the horizon",84.35555555555561,5.28,-84.30333333332965,False,11.888888888888914,False,False,,,78.04,,,False,137.0,89.93778684344717,True,False,2026-06-28 13:23:09.095,30.0,120.0,False,False,False
austria_2026_R_00282,austria_2026_R,STR,GAS,2026-06-28 13:22:47.535,16,CLOSE_INTERACTION_NO_PASS,"valid close battle, no pairwise order change inside the horizon",10.0752777777775,30.48,-10.036111111112405,False,7.733333333333576,False,False,,,,,,False,192.0,-14.079999999999746,True,False,2026-06-28 13:23:17.535,30.0,120.0,False,False,False
austria_2026_R_00283,austria_2026_R,ANT,VER,2026-06-28 13:22:49.495,17,CLOSE_INTERACTION_NO_PASS,"valid close battle, no pairwise order change inside the horizon",96.21111111111108,4.6,-96.1791666666686,False,9.294444444444451,False,False,,,,,,False,131.0,142.10255102041015,True,False,2026-06-28 13:23:19.495,30.0,120.0,False,False,False
austria_2026_R_00284,austria_2026_R,OCO,HUL,2026-06-28 13:22:53.615,16,CLOSE_INTERACTION_NO_PASS,"valid close battle, no pairwise order change inside the horizon",10.033888888889123,157.96,-10.130555555559113,False,18.40000000000009,False,False,,,,,,False,166.0,-6.916666666666629,True,False,2026-06-28 13:23:23.615,30.0,120.0,False,False,False
austria_2026_R_00285,austria_2026_R,GAS,ALO,2026-06-28 13:22:53.775,16,CLOSE_INTERACTION_NO_PASS,"valid close battle, no pairwise order change inside the horizon; the pair did swap 48.4 s after t0, outside it",96.38777777777773,47.92,-96.3747222222155,False,17.92694444444662,False,False,,,43.2,48.36,48.36,True,205.0,49.31914893617049,True,False,2026-06-28 13:23:23.775,30.0,120.0,False,False,False
austria_2026_R_00286,austria_2026_R,NOR,PIA,2026-06-28 13:22:57.375,17,CLOSE_INTERACTION_NO_PASS,"valid close battle, no pairwise order change inside the horizon",84.50305555555559,5.04,-84.50305555555678,False,8.599999999999994,False,False,,,,,,False,147.0,103.95372340426216,True,False,2026-06-28 13:23:27.375,30.0,120.0,False,False,False
austria_2026_R_00287,austria_2026_R,LEC,BOR,2026-06-28 13:22:59.855,16,PIT_RELATED,a pit stop occurred inside the outcome window,97.53555555555613,6.32,-97.51666666666279,False,11.00500000000011,False,False,,,45.12,72.76,72.76,True,194.0,66.08000000000102,True,False,2026-06-28 13:23:29.855,30.0,120.0,False,True,False
austria_2026_R_00288,austria_2026_R,HAM,LAW,2026-06-28 13:23:07.175,17,CLOSE_INTERACTION_NO_PASS,"valid close battle, no pairwise order change inside the horizon; the pair did swap 86.2 s after t0, outside it",90.77694444444447,4.64,-90.81416666666337,False,6.800000000000011,False,False,,,72.08,86.24,86.24,True,124.0,144.71428571428564,True,False,2026-06-28 13:23:37.175,30.0,120.0,False,False,False
austria_2026_R_00289,austria_2026_R,BEA,OCO,2026-06-28 13:23:10.655,16,CLOSE_INTERACTION_NO_PASS,"valid close battle, no pairwise order change inside the horizon",98.63527777777881,6.64,-98.69027777777228,False,5.599999999999909,False,False,,,105.601,,,False,180.0,74.29146341463553,True,False,2026-06-28 13:23:40.655,30.0,120.0,False,False,False
austria_2026_R_00290,austria_2026_R,HAD,NOR,2026-06-28 13:23:14.095,17,CLOSE_INTERACTION_NO_PASS,"valid close battle, no pairwise order change inside the horizon",98.94833333333281,5.12,-98.94833333331917,False,11.111111111111313,False,False,,,,,,False,95.0,158.83333333333334,True,False,2026-06-28 13:23:44.095,30.0,120.0,False,False,False
austria_2026_R_00291,austria_2026_R,LIN,HAM,2026-06-28 13:23:24.055,17,CLOSE_INTERACTION_NO_PASS,"valid close battle, no pairwise order change inside the horizon",94.30250000000001,4.44,-94.30250000000524,False,8.166666666666515,False,False,,,,,,False,78.0,176.975,True,False,2026-06-28 13:23:54.055,30.0,120.0,False,False,False
austria_2026_R_00292,austria_2026_R,STR,GAS,2026-06-28 13:23:25.895,16,CLOSE_INTERACTION_NO_PASS,"valid close battle, no pairwise order change inside the horizon",99.64638888888976,6.04,-99.60722222221375,False,8.000000000000455,False,False,,,,,,False,178.0,66.23913043478228,True,False,2026-06-28 13:23:55.895,30.0,120.0,False,False,False
austria_2026_R_00293,austria_2026_R,BOR,LIN,2026-06-28 13:23:27.215,17,PIT_RELATED,attacker or target on a box lap at t0,96.75472222222334,4.0,-96.68499999999767,False,10.222222222222172,False,False,,,,,,False,72.0,191.14583333333252,False,False,2026-06-28 13:23:57.215,30.0,120.0,True,True,False
austria_2026_R_00294,austria_2026_R,ANT,VER,2026-06-28 13:23:29.615,17,PIT_RELATED,a pit stop occurred inside the outcome window,95.56194444444509,9.2,-95.53000000001339,False,4.555555555555202,False,False,,,100.281,99.841,100.281,True,168.0,53.229166666668,True,False,2026-06-28 13:23:59.615,30.0,120.0,False,True,False
austria_2026_R_00295,austria_2026_R,COL,ALB,2026-06-28 13:23:30.455,17,CLOSE_INTERACTION_NO_PASS,"valid close battle, no pairwise order change inside the horizon",94.47000000000003,3.08,-94.59666666666453,False,6.555555555555486,False,False,,,,,,False,110.0,146.77551020408163,True,False,2026-06-28 13:24:00.455,30.0,120.0,False,False,False
austria_2026_R_00296,austria_2026_R,NOR,PIA,2026-06-28 13:23:36.655,17,CLOSE_INTERACTION_NO_PASS,"valid close battle, no pairwise order change inside the horizon",98.93527777777763,11.8,-98.93527777778218,False,8.67777777777792,False,False,,,,,,False,204.0,16.586206896550284,True,False,2026-06-28 13:24:06.655,30.0,120.0,False,False,False
austria_2026_R_00297,austria_2026_R,STR,ALO,2026-06-28 13:23:42.135,17,CLOSE_INTERACTION_NO_PASS,"valid close battle, no pairwise order change inside the horizon",75.56027777777777,3.32,-75.55888888888876,False,4.977777777777703,False,False,,,75.6,,,False,101.0,,True,False,2026-06-28 13:24:12.135,30.0,120.0,False,False,False
austria_2026_R_00298,austria_2026_R,ALB,BEA,2026-06-28 13:23:42.655,17,CLOSE_INTERACTION_NO_PASS,"valid close battle, no pairwise order change inside the horizon",97.71000000000026,4.56,-97.57611111112055,False,11.584444444444443,False,False,,,,,,False,75.0,176.63414634146272,True,False,2026-06-28 13:24:12.655,30.0,120.0,False,False,False
austria_2026_R_00299,austria_2026_R,ALO,GAS,2026-06-28 13:23:45.975,17,CLOSE_INTERACTION_NO_PASS,"valid close battle, no pairwise order change inside the horizon",10.325277777777842,31.44,-10.525277777778683,False,6.777777777777828,False,False,,,,,,False,243.0,-12.519999999999937,True,False,2026-06-28 13:24:15.975,30.0,120.0,False,False,False
austria_2026_R_00300,austria_2026_R,ANT,VER,2026-06-28 13:24:01.735,18,PIT_RELATED,attacker or target on a box lap at t0,95.63166666666663,5.04,-95.61361111111182,False,10.966666666666669,False,False,,,67.721,67.721,67.721,True,157.0,85.26249999999925,False,False,2026-06-28 13:24:31.735,30.0,120.0,True,True,False
austria_2026_R_00301,austria_2026_R,NOR,PIA,2026-06-28 13:24:10.216,18,CLOSE_INTERACTION_NO_PASS,"valid close battle, no pairwise order change inside the horizon",97.8475,5.599,-97.85444444445602,False,15.738333333333344,False,False,,,,,,False,157.0,99.04676489429325,True,False,2026-06-28 13:24:40.216,30.0,120.0,False,False,False
austria_2026_R_00302,austria_2026_R,COL,ALB,2026-06-28 13:24:11.095,17,PIT_RELATED,a pit stop occurred inside the outcome window,98.21638888888765,4.08,-98.34305555555329,False,5.1111111111108585,False,False,,,95.84,101.2,101.2,True,150.0,73.18369565217431,True,False,2026-06-28 13:24:41.095,30.0,120.0,False,True,False
austria_2026_R_00303,austria_2026_R,BOR,LEC,2026-06-28 13:24:13.775,17,PIT_RELATED,attacker or target on a box lap at t0,12.08888888888714,8.04,-11.965555555550964,False,18.90000000000009,False,False,,,,,,False,174.0,-30.827586206895333,False,False,2026-06-28 13:24:43.775,30.0,120.0,True,True,False
austria_2026_R_00304,austria_2026_R,ALO,GAS,2026-06-28 13:24:20.135,17,CLOSE_INTERACTION_NO_PASS,"valid close battle, no pairwise order change inside the horizon",97.54166666666879,4.84,-97.7416666666686,False,4.200000000000273,False,False,,,,,,False,184.0,11.045454545452872,True,False,2026-06-28 13:24:50.135,30.0,120.0,False,False,False
austria_2026_R_00305,austria_2026_R,HAD,NOR,2026-06-28 13:24:27.935,18,PIT_RELATED,attacker or target on a box lap at t0,87.49722222222272,4.96,-87.44000000000233,False,10.0,False,False,,,,,,False,78.0,176.52083333333346,False,False,2026-06-28 13:24:57.935,30.0,120.0,True,True,False
austria_2026_R_00306,austria_2026_R,LAW,HAM,2026-06-28 13:24:34.935,18,CLOSE_INTERACTION_NO_PASS,"valid close battle, no pairwise order change inside the horizon",10.332222222221844,34.961,-10.622222222213168,False,6.0,False,False,,,,,,False,152.0,-21.789473684210634,True,False,2026-06-28 13:25:04.935,30.0,120.0,False,False,False
austria_2026_R_00307,austria_2026_R,COL,BOR,2026-06-28 13:24:40.895,17,PIT_RELATED,attacker or target on a box lap at t0,91.61916666667184,9.241,-560.2777777777665,False,83.12861111110598,True,True,2026-06-28 13:24:42.375,1.48,1.48,9.681000000000001,9.681000000000001,False,20.0,270.9999999999991,False,False,2026-06-28 13:25:10.895,30.0,120.0,True,True,False
austria_2026_R_00308,austria_2026_R,LEC,LIN,2026-06-28 13:24:41.455,18,PIT_RELATED,attacker or target on a box lap at t0,91.21055555555517,4.16,-91.21249999999418,False,11.333333333333485,False,False,,,51.16,51.16,51.16,True,67.0,214.94285714285792,False,False,2026-06-28 13:25:11.455,30.0,120.0,True,True,False
austria_2026_R_00309,austria_2026_R,ANT,VER,2026-06-28 13:24:42.616,18,PIT_RELATED,attacker or target on a box lap at t0,98.01888888888789,3.159,-98.00083333332441,False,3.111111111111313,True,True,2026-06-28 13:25:09.456,26.84,26.84,26.84,26.84,False,167.0,57.879140034864,False,False,2026-06-28 13:25:12.616,30.0,120.0,True,True,False
austria_2026_R_00310,austria_2026_R,BOR,ALB,2026-06-28 13:24:43.816,18,PIT_RELATED,attacker or target on a box lap at t0,15.782222222222202,6.32,-15.912222222221317,False,13.155555555555566,False,False,,,67.4,67.4,67.4,True,161.0,-82.9999999999998,False,False,2026-06-28 13:25:13.816,30.0,120.0,True,True,False
austria_2026_R_00311,austria_2026_R,NOR,PIA,2026-06-28 13:24:50.576,18,CLOSE_INTERACTION_NO_PASS,"valid close battle, no pairwise order change inside the horizon; the pair did swap 102.0 s after t0, outside it",99.3819444444448,10.639,-99.3888888888905,False,6.133333333333667,False,False,,,102.039,102.039,102.039,True,187.0,25.174388339407525,True,False,2026-06-28 13:25:20.576,30.0,120.0,False,False,False
austria_2026_R_00312,austria_2026_R,STR,ALO,2026-06-28 13:24:56.776,18,CLOSE_INTERACTION_NO_PASS,"valid close battle, no pairwise order change inside the horizon",95.26333333333332,5.399,-95.70777777777403,False,13.04805555555555,False,False,,,,,,False,131.0,122.15128383067314,True,False,2026-06-28 13:25:26.776,30.0,120.0,False,False,False
austria_2026_R_00313,austria_2026_R,ALB,BEA,2026-06-28 13:24:57.735,18,PIT_RELATED,attacker or target on a box lap at t0,90.87888888888938,4.801,-90.76499999999942,False,7.555555555555657,False,False,,,,,,False,68.0,186.7461415646618,False,False,2026-06-28 13:25:27.735,30.0,120.0,True,True,False
austria_2026_R_00314,austria_2026_R,COL,ALB,2026-06-28 13:24:58.255,18,PIT_RELATED,attacker or target on a box lap at t0,99.76333333333287,4.521,-99.8933333333407,False,15.0,False,False,,,54.04,54.04,54.04,True,170.0,60.36218109054518,False,False,2026-06-28 13:25:28.255,30.0,120.0,True,True,False
austria_2026_R_00315,austria_2026_R,LEC,LIN,2026-06-28 13:25:12.655,18,PIT_RELATED,attacker or target on a box lap at t0,99.9797222222196,3.561,-99.98166666667385,False,5.700000000000273,True,True,2026-06-28 13:25:32.615,19.96,19.96,19.96,19.96,False,169.0,0.5912719531665122,False,False,2026-06-28 13:25:42.655,30.0,120.0,True,True,False
austria_2026_R_00316,austria_2026_R,SAI,STR,2026-06-28 13:25:15.295,18,CLOSE_INTERACTION_NO_PASS,"valid close battle, no pairwise order change inside the horizon",96.37361111111045,3.08,-96.41305555556028,False,6.790833333333467,False,False,,,,110.321,,False,69.0,172.08000000000024,True,False,2026-06-28 13:25:45.295,30.0,120.0,False,False,False
austria_2026_R_00317,austria_2026_R,BOR,COL,2026-06-28 13:25:21.455,18,PIT_RELATED,attacker or target on a box lap at t0,10.198888888889542,27.401,-10.198888888888177,False,10.693333333332703,True,True,2026-06-28 13:25:49.136,27.681,27.681,27.681,27.681,False,187.0,,False,False,2026-06-28 13:25:51.455,30.0,120.0,True,True,False
austria_2026_R_00318,austria_2026_R,NOR,PIA,2026-06-28 13:25:23.656,19,PIT_RELATED,attacker or target on a box lap at t0,91.45555555555555,6.2,-91.49888888887654,False,9.866666666666674,False,False,,,68.959,68.959,68.959,True,159.0,86.01821967724754,False,False,2026-06-28 13:25:53.656,30.0,120.0,True,True,False
austria_2026_R_00319,austria_2026_R,HAM,VER,2026-06-28 13:25:34.735,19,PIT_RELATED,attacker or target on a box lap at t0,99.62361111111119,6.12,-99.55166666666628,False,9.600000000000307,True,True,2026-06-28 13:25:41.215,6.48,6.48,6.48,6.48,False,97.0,7.977272727272506,False,False,2026-06-28 13:26:04.735,30.0,120.0,True,True,False
austria_2026_R_00320,austria_2026_R,VER,HAM,2026-06-28 13:25:42.176,19,PIT_RELATED,attacker or target on a box lap at t0,10.176111111111027,4.119,-10.248055555552128,False,6.399999999999864,True,True,2026-06-28 13:25:46.575,4.399,4.399,4.399,4.399,False,308.0,-24.750260145681718,False,False,2026-06-28 13:26:12.176,30.0,120.0,True,True,False
austria_2026_R_00321,austria_2026_R,HUL,LIN,2026-06-28 13:25:48.616,18,PIT_RELATED,attacker or target on a box lap at t0,79.95555555555666,4.519,-575.1638888888992,False,80.35472222222192,True,True,2026-06-28 13:25:50.136,1.52,1.52,4.959,4.959,False,48.0,234.85306365258694,False,False,2026-06-28 13:26:18.616,30.0,120.0,True,True,False
austria_2026_R_00322,austria_2026_R,LAW,HAM,2026-06-28 13:25:49.136,19,PIT_RELATED,attacker or target on a box lap at t0,99.37777777777796,3.679,-99.37694444443332,False,8.533333333333303,False,False,,,,,,False,74.0,175.36868944416076,False,False,2026-06-28 13:26:19.136,30.0,120.0,True,True,False
austria_2026_R_00323,austria_2026_R,BOR,COL,2026-06-28 13:25:53.735,18,PIT_RELATED,attacker or target on a box lap at t0,17.268611111112932,4.88,-17.26861111111066,False,11.022222222222354,True,False,2026-06-28 13:26:01.055,7.32,7.32,70.081,70.081,True,259.0,-66.08695652173657,False,False,2026-06-28 13:26:23.735,30.0,120.0,True,True,False
austria_2026_R_00324,austria_2026_R,LIN,HUL,2026-06-28 13:25:53.735,19,PIT_RELATED,attacker or target on a box lap at t0,12.034166666666636,6.48,-12.034166666664532,False,18.822222222222308,True,True,2026-06-28 13:26:13.455,19.72,19.72,19.72,19.72,False,194.0,-113.99999999999928,False,False,2026-06-28 13:26:23.735,30.0,120.0,True,True,False
austria_2026_R_00325,austria_2026_R,ALB,OCO,2026-06-28 13:25:53.735,18,PIT_RELATED,attacker or target on a box lap at t0,48.54083333333756,5.72,-48.41083333334245,False,0.08888888888895963,False,False,,,,,,False,80.0,,False,False,2026-06-28 13:26:23.735,30.0,120.0,True,True,False
austria_2026_R_00326,austria_2026_R,BEA,LIN,2026-06-28 13:25:55.136,19,PIT_RELATED,attacker or target on a box lap at t0,94.78694444444443,6.96,-94.69749999999476,False,14.111111111111057,True,True,2026-06-28 13:26:02.336,7.2,7.2,7.2,7.2,False,98.0,215.25196288365458,False,False,2026-06-28 13:26:25.136,30.0,120.0,True,True,False
austria_2026_R_00327,austria_2026_R,LIN,BEA,2026-06-28 13:26:02.856,19,PIT_RELATED,attacker or target on a box lap at t0,13.907222222222117,8.76,-13.996666666658712,False,20.411111111110813,True,True,2026-06-28 13:26:11.856,9.0,9.0,9.0,9.0,False,250.0,-94.23076923076826,False,False,2026-06-28 13:26:32.856,30.0,120.0,True,True,False
austria_2026_R_00328,austria_2026_R,BEA,HUL,2026-06-28 13:26:10.136,19,CLOSE_INTERACTION_NO_PASS,"valid close battle, no pairwise order change inside the horizon",96.8197222222218,4.199,-96.73027777778043,False,11.51111111111095,False,False,,,,,,False,76.0,181.29999999999993,True,False,2026-06-28 13:26:40.136,30.0,120.0,False,False,False
austria_2026_R_00329,austria_2026_R,OCO,ALO,2026-06-28 13:26:11.616,19,PIT_RELATED,attacker or target on a box lap at t0,12.96972222222226,6.32,-13.008055555561441,False,11.466666666666697,True,True,2026-06-28 13:26:31.736,20.12,20.12,20.12,20.12,False,188.0,-108.99999999999977,False,False,2026-06-28 13:26:41.616,30.0,120.0,True,True,False
austria_2026_R_00330,austria_2026_R,STR,OCO,2026-06-28 13:26:13.455,19,PIT_RELATED,attacker or target on a box lap at t0,42.14388888888891,5.081,-42.120000000009895,False,6.999999999999943,True,True,2026-06-28 13:26:18.855,5.4,5.4,5.4,5.4,False,89.0,,False,False,2026-06-28 13:26:43.455,30.0,120.0,True,True,False
austria_2026_R_00331,austria_2026_R,SAI,STR,2026-06-28 13:26:20.815,19,CLOSE_INTERACTION_NO_PASS,"valid close battle, no pairwise order change inside the horizon; the pair did swap 44.8 s after t0, outside it",83.57472222222208,44.561,-83.5625,False,11.637500000000045,False,False,,,44.801,44.801,44.801,True,265.0,,True,False,2026-06-28 13:26:50.815,30.0,120.0,False,False,False
austria_2026_R_00332,austria_2026_R,OCO,SAI,2026-06-28 13:26:21.216,19,PIT_RELATED,attacker or target on a box lap at t0,10.516944444444619,8.92,-10.553055555559695,False,18.333333333333258,True,True,2026-06-28 13:26:30.376,9.16,9.16,9.16,9.16,False,246.0,-92.3890274314218,False,False,2026-06-28 13:26:51.216,30.0,120.0,True,True,False
austria_2026_R_00333,austria_2026_R,NOR,PIA,2026-06-28 13:26:23.496,19,PIT_RELATED,attacker or target on a box lap at t0,96.25305555555906,8.919,-96.29638888889167,False,13.911944444444543,True,True,2026-06-28 13:26:32.615,9.119,9.119,9.119,9.119,False,144.0,119.2244897959174,False,False,2026-06-28 13:26:53.496,30.0,120.0,True,True,False
austria_2026_R_00334,austria_2026_R,STR,ALO,2026-06-28 13:26:27.055,19,CLOSE_INTERACTION_NO_PASS,"valid close battle, no pairwise order change inside the horizon",93.50972222222185,5.56,-93.52416666666977,False,14.699999999999818,False,False,,,77.801,,,False,134.0,109.43190661478664,True,False,2026-06-28 13:26:57.055,30.0,120.0,False,False,False
austria_2026_R_00335,austria_2026_R,LIN,HUL,2026-06-28 13:26:27.055,19,PIT_RELATED,attacker or target on a box lap at t0,60.13805555555541,4.481,-60.138055555551546,False,12.833333333333258,False,False,,,57.321,,,False,99.0,,False,False,2026-06-28 13:26:57.055,30.0,120.0,True,True,False
austria_2026_R_00336,austria_2026_R,BEA,LIN,2026-06-28 13:26:27.335,19,PIT_RELATED,attacker or target on a box lap at t0,18.797777777778265,6.961,-18.708333333328483,False,12.49499999999989,True,True,2026-06-28 13:26:34.616,7.281,7.281,7.281,7.281,False,267.0,-153.9999999999983,False,False,2026-06-28 13:26:57.335,30.0,120.0,True,True,False
austria_2026_R_00337,austria_2026_R,BOR,COL,2026-06-28 13:26:29.576,19,CLOSE_INTERACTION_NO_PASS,"valid close battle, no pairwise order change inside the horizon; the pair did swap 34.2 s after t0, outside it",89.1908333333331,33.92,-89.1825000000099,False,13.066666666666606,False,False,,,34.24,34.24,34.24,True,180.0,53.796916533758306,True,False,2026-06-28 13:26:59.576,30.0,120.0,False,False,False
austria_2026_R_00338,austria_2026_R,NOR,RUS,2026-06-28 13:26:34.616,19,PIT_RELATED,attacker or target on a box lap at t0,99.5608333333339,9.92,-584.3441666666768,False,82.43111111110892,True,True,2026-06-28 13:26:36.336,1.72,1.72,10.36,10.36,False,80.0,198.07800121877057,False,False,2026-06-28 13:27:04.616,30.0,120.0,True,True,False
austria_2026_R_00339,austria_2026_R,VER,HAM,2026-06-28 13:26:44.976,20,CLOSE_INTERACTION_NO_PASS,"valid close battle, no pairwise order change inside the horizon",94.81472222222223,8.919,-94.8622222222184,False,9.924444444444447,False,False,,,,,,False,206.0,64.28571428571418,True,False,2026-06-28 13:27:14.976,30.0,120.0,False,False,False
austria_2026_R_00340,austria_2026_R,OCO,ALO,2026-06-28 13:26:46.455,19,PIT_RELATED,attacker or target on a box lap at t0,16.074999999999363,3.641,-16.11333333334187,False,12.344444444444434,False,False,,,44.441,,,False,105.0,,False,False,2026-06-28 13:27:16.455,30.0,120.0,True,True,False
austria_2026_R_00341,austria_2026_R,STR,OCO,2026-06-28 13:26:46.455,19,PIT_RELATED,attacker or target on a box lap at t0,11.322777777777674,3.641,-11.298888888879446,False,10.222222222222399,True,True,2026-06-28 13:26:50.296,3.841,3.841,3.841,3.841,False,219.0,,False,False,2026-06-28 13:27:16.455,30.0,120.0,True,True,False
austria_2026_R_00342,austria_2026_R,OCO,SAI,2026-06-28 13:26:51.456,19,PIT_RELATED,attacker or target on a box lap at t0,11.850833333331593,5.52,-11.886944444442634,False,8.444444444444343,True,True,2026-06-28 13:26:57.216,5.76,5.76,5.76,5.76,False,224.0,-96.00000000000138,False,False,2026-06-28 13:27:21.456,30.0,120.0,True,True,False
austria_2026_R_00343,austria_2026_R,PIA,LEC,2026-06-28 13:26:53.375,20,PIT_RELATED,attacker or target on a box lap at t0,10.42972222222221,5.441,-10.486111111109494,False,14.111111111111086,False,False,,,91.481,,,False,145.0,-69.33333333333331,False,False,2026-06-28 13:27:23.375,30.0,120.0,True,True,False
austria_2026_R_00344,austria_2026_R,HUL,LAW,2026-06-28 13:27:03.816,19,PIT_RELATED,attacker or target on a box lap at t0,88.63194444444707,9.479,-562.0397222222236,False,89.08527777777495,True,True,2026-06-28 13:27:05.376,1.56,1.56,9.839,9.839,False,79.0,197.8297872340435,False,False,2026-06-28 13:27:33.816,30.0,120.0,True,True,False
austria_2026_R_00345,austria_2026_R,OCO,STR,2026-06-28 13:27:07.496,19,PIT_RELATED,attacker or target on a box lap at t0,17.664722222220007,7.76,-17.688611111108912,False,12.049166666666679,True,True,2026-06-28 13:27:15.616,8.12,8.12,8.12,8.12,False,234.0,-52.52110249784751,False,False,2026-06-28 13:27:37.496,30.0,120.0,True,True,False
austria_2026_R_00346,austria_2026_R,STR,SAI,2026-06-28 13:27:07.496,19,UNCERTAIN,"only one of the two order-change signals fired (distance=True, driver_ahead=False)",12.655555555554656,7.76,-12.66777777778043,False,4.325833333333321,True,False,2026-06-28 13:27:30.096,22.6,22.6,,,False,254.0,-23.86861702127793,True,False,2026-06-28 13:27:37.496,30.0,120.0,False,False,False
austria_2026_R_00347,austria_2026_R,LIN,BEA,2026-06-28 13:27:09.176,20,ON_TRACK_PASS,race-distance ordering and target DriverAhead both show the swap,51.20166666666667,14.72,-51.17138888889167,False,5.5,True,True,2026-06-28 13:27:24.216,15.04,15.04,15.04,15.04,False,300.0,,True,False,2026-06-28 13:27:39.176,30.0,120.0,False,False,False
austria_2026_R_00348,austria_2026_R,NOR,RUS,2026-06-28 13:27:11.536,20,PIT_RELATED,attacker or target on a box lap at t0,12.621666666666442,3.72,-11.810277777767624,False,8.200000000000045,True,True,2026-06-28 13:27:15.616,4.08,4.08,4.08,4.08,False,233.0,-138.99999999999807,False,False,2026-06-28 13:27:41.536,30.0,120.0,True,True,False
austria_2026_R_00349,austria_2026_R,SAI,ALO,2026-06-28 13:27:12.056,19,CLOSE_INTERACTION_NO_PASS,"valid close battle, no pairwise order change inside the horizon; the pair did swap 61.0 s after t0, outside it",97.27416666666659,5.88,-97.2763888888876,False,7.07777777777801,False,False,,,60.44,61.001,61.001,True,201.0,48.446808510640395,True,False,2026-06-28 13:27:42.056,30.0,120.0,False,False,False
austria_2026_R_00350,austria_2026_R,BOR,COL,2026-06-28 13:27:12.576,20,PIT_RELATED,attacker or target on a box lap at t0,46.218611111111116,24.24,-46.47138888889458,False,38.50194444445033,True,True,2026-06-28 13:27:37.136,24.56,24.56,24.56,24.56,False,300.0,-69.02397959184881,False,False,2026-06-28 13:27:42.576,30.0,120.0,True,True,False
austria_2026_R_00351,austria_2026_R,LAW,HUL,2026-06-28 13:27:14.016,20,PIT_RELATED,attacker or target on a box lap at t0,13.404166666666526,3.92,-13.445555555546889,False,9.1111111111112,True,True,2026-06-28 13:27:24.376,10.36,10.36,10.36,10.36,False,230.0,-112.65927977839387,False,False,2026-06-28 13:27:44.016,30.0,120.0,True,True,False
austria_2026_R_00352,austria_2026_R,RUS,NOR,2026-06-28 13:27:16.016,20,PIT_RELATED,attacker or target on a box lap at t0,12.070000000001073,24.36,-12.88138888888352,False,21.79722222222199,True,True,2026-06-28 13:27:40.696,24.68,24.68,24.68,24.68,False,219.0,-102.99999999999909,False,False,2026-06-28 13:27:46.016,30.0,120.0,True,True,False
austria_2026_R_00353,austria_2026_R,LIN,HUL,2026-06-28 13:27:24.936,20,CLOSE_INTERACTION_NO_PASS,"valid close battle, no pairwise order change inside the horizon",92.39527777777698,4.36,-92.38749999999709,False,10.999999999999773,False,False,,,,,,False,71.0,180.28571428571595,True,False,2026-06-28 13:27:54.936,30.0,120.0,False,False,False
austria_2026_R_00354,austria_2026_R,COL,BEA,2026-06-28 13:27:28.696,20,PIT_RELATED,attacker or target on a box lap at t0,88.61833333333334,3.84,-88.30805555556435,False,9.86666666666656,False,False,,,,,,False,58.0,199.2857142857138,False,False,2026-06-28 13:27:58.696,30.0,120.0,True,True,False
austria_2026_R_00355,austria_2026_R,HUL,LAW,2026-06-28 13:27:40.216,20,PIT_RELATED,attacker or target on a box lap at t0,13.22722222222319,4.4,-13.185833333336632,False,9.599999999999909,True,True,2026-06-28 13:27:44.856,4.64,4.64,4.64,4.64,False,240.0,,False,False,2026-06-28 13:28:10.216,30.0,120.0,True,True,False
austria_2026_R_00356,austria_2026_R,NOR,RUS,2026-06-28 13:27:42.296,20,PIT_RELATED,attacker or target on a box lap at t0,12.708333333330756,4.2,-11.896944444437395,False,6.66666666666697,True,True,2026-06-28 13:27:46.776,4.48,4.48,4.48,4.48,False,198.0,-27.099999999999568,False,False,2026-06-28 13:28:12.296,30.0,120.0,True,True,False
austria_2026_R_00357,austria_2026_R,COL,BOR,2026-06-28 13:27:42.296,20,PIT_RELATED,attacker or target on a box lap at t0,10.658888888888214,24.281,-10.4061111111223,False,6.444444444444343,False,False,,,,,,False,318.0,-6.291666666665918,False,False,2026-06-28 13:28:12.296,30.0,120.0,True,True,False
austria_2026_R_00358,austria_2026_R,BOR,BEA,2026-06-28 13:27:43.456,20,CLOSE_INTERACTION_NO_PASS,"valid close battle, no pairwise order change inside the horizon; the pair did swap 81.8 s after t0, outside it",91.39138888888988,5.44,-91.33388888888294,False,10.266666666666879,False,False,,,43.401,81.76,81.76,True,86.0,195.29787234042584,True,False,2026-06-28 13:28:13.456,30.0,120.0,False,False,False
austria_2026_R_00359,austria_2026_R,STR,SAI,2026-06-28 13:27:43.736,20,CLOSE_INTERACTION_NO_PASS,"valid close battle, no pairwise order change inside the horizon",96.2847222222224,7.24,-96.25111111110891,False,9.288888888888778,False,False,,,,,,False,125.0,97.20408163265347,True,False,2026-06-28 13:28:13.736,30.0,120.0,False,False,False
austria_2026_R_00360,austria_2026_R,BEA,LIN,2026-06-28 13:27:44.856,20,CLOSE_INTERACTION_NO_PASS,"valid close battle, no pairwise order change inside the horizon",10.17555555555532,20.96,-10.205833333340706,False,5.133333333333212,False,False,,,,,,False,96.0,-8.279999999999836,True,False,2026-06-28 13:28:14.856,30.0,120.0,False,False,False
austria_2026_R_00361,austria_2026_R,LAW,HUL,2026-06-28 13:27:45.016,20,PIT_RELATED,attacker or target on a box lap at t0,10.406111111110022,6.36,-10.447499999994761,False,11.244444444444525,True,True,2026-06-28 13:27:51.576,6.5600000000000005,6.5600000000000005,6.5600000000000005,6.5600000000000005,False,215.0,-103.00000000000523,False,False,2026-06-28 13:28:15.016,30.0,120.0,True,True,False
austria_2026_R_00362,austria_2026_R,RUS,NOR,2026-06-28 13:27:47.336,20,PIT_RELATED,attacker or target on a box lap at t0,15.236111111112677,5.04,-16.047500000000582,False,8.922222222221535,True,False,2026-06-28 13:27:54.416,7.08,7.08,67.36,67.36,True,271.0,-65.5714285714274,False,False,2026-06-28 13:28:17.336,30.0,120.0,True,True,False
austria_2026_R_00363,austria_2026_R,ALB,OCO,2026-06-28 13:27:48.656,20,CLOSE_INTERACTION_NO_PASS,"valid close battle, no pairwise order change inside the horizon",94.08944444444387,3.28,-94.09222222221433,False,8.699999999999818,False,False,,,,,,False,68.0,164.91489361702222,True,False,2026-06-28 13:28:18.656,30.0,120.0,False,False,False
austria_2026_R_00364,austria_2026_R,HAM,RUS,2026-06-28 13:27:55.656,21,CLOSE_INTERACTION_NO_PASS,"valid close battle, no pairwise order change inside the horizon",98.57750000000004,5.36,-98.57749999999942,False,10.466666666666669,False,False,,,,,,False,155.0,123.4999999999999,True,False,2026-06-28 13:28:25.656,30.0,120.0,False,False,False
austria_2026_R_00365,austria_2026_R,HAD,PIA,2026-06-28 13:28:09.696,21,CLOSE_INTERACTION_NO_PASS,"valid close battle, no pairwise order change inside the horizon",78.70222222222222,76.481,-78.69111111111124,False,12.711111111111109,False,False,,,,,,False,304.0,335.847826086961,True,False,2026-06-28 13:28:39.696,30.0,120.0,False,False,False
austria_2026_R_00366,austria_2026_R,LAW,HUL,2026-06-28 13:28:16.256,20,PIT_RELATED,attacker or target on a box lap at t0,13.095833333329665,5.32,-13.137222222227138,False,5.522222222221899,True,False,2026-06-28 13:28:23.216,6.96,6.96,75.08,75.08,True,257.0,-68.49999999999824,False,False,2026-06-28 13:28:46.256,30.0,120.0,True,True,False
austria_2026_R_00367,austria_2026_R,GAS,COL,2026-06-28 13:28:17.016,20,PIT_RELATED,attacker or target on a box lap at t0,96.83333333333167,8.2,-97.16249999999127,False,16.699999999999818,True,True,2026-06-28 13:28:25.376,8.36,8.36,8.36,8.36,False,141.0,98.30232558139542,False,False,2026-06-28 13:28:47.016,30.0,120.0,True,True,False
austria_2026_R_00368,austria_2026_R,ALO,SAI,2026-06-28 13:28:20.497,20,ON_TRACK_PASS,race-distance ordering and target DriverAhead both show the swap,10.54611111110944,6.36,-10.546111111121718,False,4.900000000000091,True,True,2026-06-28 13:28:27.097,6.6,6.6,6.6,6.6,False,241.0,-24.04996796925142,True,False,2026-06-28 13:28:50.497,30.0,120.0,False,False,False
austria_2026_R_00369,austria_2026_R,RUS,NOR,2026-06-28 13:28:22.416,21,PIT_RELATED,attacker or target on a box lap at t0,97.46111111111077,32.001,-97.46777777776879,False,15.022222222222354,False,False,,,32.28,32.28,32.28,True,168.0,65.73736321000536,False,False,2026-06-28 13:28:52.416,30.0,120.0,True,True,False
austria_2026_R_00370,austria_2026_R,LIN,LAW,2026-06-28 13:28:23.016,21,CLOSE_INTERACTION_NO_PASS,"valid close battle, no pairwise order change inside the horizon; the pair did swap 38.1 s after t0, outside it",44.73555555555555,37.961,-44.829722222231794,False,7.3888888888891415,False,False,,,38.121,38.121,38.121,True,307.0,268.76718750000543,True,False,2026-06-28 13:28:53.016,30.0,120.0,False,False,False
austria_2026_R_00371,austria_2026_R,BEA,LIN,2026-06-28 13:28:25.976,21,CLOSE_INTERACTION_NO_PASS,"valid close battle, no pairwise order change inside the horizon",90.17777777777775,4.6,-90.17027777778276,False,10.69999999999996,False,False,,,,,,False,138.0,120.35765306122306,True,False,2026-06-28 13:28:55.976,30.0,120.0,False,False,False
austria_2026_R_00372,austria_2026_R,HAM,RUS,2026-06-28 13:28:35.496,21,CLOSE_INTERACTION_NO_PASS,"valid close battle, no pairwise order change inside the horizon",98.13277777777921,3.64,-98.13277777777694,False,4.977777777778101,False,False,,,,,,False,174.0,47.507340946166586,True,False,2026-06-28 13:29:05.496,30.0,120.0,False,False,False
austria_2026_R_00373,austria_2026_R,COL,OCO,2026-06-28 13:28:46.297,21,PIT_RELATED,attacker or target on a box lap at t0,10.08722222222221,4.399,-10.106666666673846,False,7.288888888888891,False,False,,,,,,False,162.0,-82.00000000000003,False,False,2026-06-28 13:29:16.297,30.0,120.0,True,True,False
austria_2026_R_00374,austria_2026_R,ALB,STR,2026-06-28 13:28:46.937,21,INVALID,no causal target sample at t0,88.98027777777779,3.759,,False,21.84444444444435,False,False,,,,,,False,,106.72522897585337,True,False,2026-06-28 13:29:16.937,30.0,120.0,False,False,False
austria_2026_R_00375,austria_2026_R,LAW,HUL,2026-06-28 13:28:52.056,21,PIT_RELATED,attacker or target on a box lap at t0,93.16361111111155,8.361,-93.16361111111473,False,16.193333333333157,False,False,,,39.28,39.28,39.28,True,183.0,50.46666666666624,False,False,2026-06-28 13:29:22.056,30.0,120.0,True,True,False
austria_2026_R_00376,austria_2026_R,HAM,NOR,2026-06-28 13:28:54.696,21,PIT_RELATED,attacker or target on a box lap at t0,89.72333333333472,6.96,-89.73000000001048,False,13.866666666666333,True,True,2026-06-28 13:29:01.896,7.2,7.2,7.2,7.2,False,160.0,,False,False,2026-06-28 13:29:24.696,30.0,120.0,True,True,False
austria_2026_R_00377,austria_2026_R,NOR,RUS,2026-06-28 13:28:55.696,21,PIT_RELATED,attacker or target on a box lap at t0,10.152222222222917,5.64,-10.14555555555853,False,29.784166666665897,False,False,,,,,,False,204.0,-30.23999999999869,False,False,2026-06-28 13:29:25.696,30.0,120.0,True,True,False
austria_2026_R_00378,austria_2026_R,ALO,SAI,2026-06-28 13:28:56.016,21,CLOSE_INTERACTION_NO_PASS,"valid close battle, no pairwise order change inside the horizon",98.23805555555555,10.161,-98.17222222221608,False,10.100000000000136,False,False,,,,,,False,283.0,12.811069717934965,True,False,2026-06-28 13:29:26.016,30.0,120.0,False,False,False
austria_2026_R_00379,austria_2026_R,ALB,OCO,2026-06-28 13:29:02.216,21,CLOSE_INTERACTION_NO_PASS,"valid close battle, no pairwise order change inside the horizon",62.82333333333372,3.0,-62.84277777778334,False,7.07777777777801,False,False,,,,,,False,81.0,,True,False,2026-06-28 13:29:32.216,30.0,120.0,False,False,False
austria_2026_R_00380,austria_2026_R,LIN,HUL,2026-06-28 13:29:03.696,21,PIT_RELATED,attacker or target on a box lap at t0,95.45166666666591,12.2,-95.54583333333721,False,4.199999999999818,True,True,2026-06-28 13:29:30.696,27.0,27.0,27.0,27.0,False,180.0,28.33333333333485,False,False,2026-06-28 13:29:33.696,30.0,120.0,True,True,False
austria_2026_R_00381,austria_2026_R,HAM,RUS,2026-06-28 13:29:07.777,22,CLOSE_INTERACTION_NO_PASS,"valid close battle, no pairwise order change inside the horizon",95.21583333333334,4.84,-95.19805555554922,False,11.076388888888886,False,False,,,,,,False,161.0,87.73000000000086,True,False,2026-06-28 13:29:37.777,30.0,120.0,False,False,False
austria_2026_R_00382,austria_2026_R,LAW,LIN,2026-06-28 13:29:10.536,21,CLOSE_INTERACTION_NO_PASS,"valid close battle, no pairwise order change inside the horizon",10.412777777778047,167.361,-10.318611111099017,False,19.41305555555695,False,False,,,,,,False,215.0,-8.700000000000273,True,False,2026-06-28 13:29:40.536,30.0,120.0,False,False,False
austria_2026_R_00383,austria_2026_R,BEA,BOR,2026-06-28 13:29:13.217,21,UNCERTAIN,"only one of the two order-change signals fired (distance=True, driver_ahead=False)",10.36944444444407,20.8,-10.369444444440887,False,7.210000000000946,True,False,2026-06-28 13:29:41.497,28.28,28.28,,,False,216.0,-12.153177620857624,True,False,2026-06-28 13:29:43.217,30.0,120.0,False,False,False
austria_2026_R_00384,austria_2026_R,COL,ALB,2026-06-28 13:29:19.377,21,PIT_RELATED,attacker or target on a box lap at t0,91.56166666666536,6.36,-91.56166666667559,False,22.55555555555543,False,False,,,59.88,,,False,93.0,180.48126018468253,False,False,2026-06-28 13:29:49.377,30.0,120.0,True,True,False
austria_2026_R_00385,austria_2026_R,ALB,STR,2026-06-28 13:29:19.777,21,INVALID,no causal target sample at t0,37.333333333334394,19.16,,False,2.7641666666668243,False,False,,,,,,False,,,True,False,2026-06-28 13:29:49.777,30.0,120.0,False,False,False
austria_2026_R_00386,austria_2026_R,HAD,PIA,2026-06-28 13:29:28.376,22,CLOSE_INTERACTION_NO_PASS,"valid close battle, no pairwise order change inside the horizon",49.07805555555558,219.521,-49.028055555565516,False,23.651111111117096,False,False,,,,,,False,245.0,,True,False,2026-06-28 13:29:58.376,30.0,120.0,False,False,False
austria_2026_R_00387,austria_2026_R,VER,HAM,2026-06-28 13:29:34.777,22,ON_TRACK_PASS,race-distance ordering and target DriverAhead both show the swap,10.266666666666879,17.92,-10.053333333329647,False,6.362777777777865,True,True,2026-06-28 13:29:53.137,18.36,18.36,18.36,18.36,False,298.0,-15.224489795918164,True,False,2026-06-28 13:30:04.777,30.0,120.0,False,False,False
austria_2026_R_00388,austria_2026_R,HAM,RUS,2026-06-28 13:29:37.816,22,CLOSE_INTERACTION_NO_PASS,"valid close battle, no pairwise order change inside the horizon",95.25638888888898,3.961,-95.23861111109727,False,10.755555555555702,False,False,,,,,,False,110.0,159.55319148936232,True,False,2026-06-28 13:30:07.816,30.0,120.0,False,False,False
austria_2026_R_00389,austria_2026_R,ALB,OCO,2026-06-28 13:29:45.577,21,CLOSE_INTERACTION_NO_PASS,"valid close battle, no pairwise order change inside the horizon",96.35333333333438,5.559,-96.37277777776762,False,6.533333333332848,False,False,,,,,,False,194.0,62.38922820655247,True,False,2026-06-28 13:30:15.577,30.0,120.0,False,False,False
austria_2026_R_00390,austria_2026_R,COL,STR,2026-06-28 13:29:53.137,21,INVALID,no causal target sample at t0,56.60333333332983,5.84,,False,6.699999999999818,False,False,,,,,,False,,,False,False,2026-06-28 13:30:23.137,30.0,120.0,True,True,False
austria_2026_R_00391,austria_2026_R,BOR,LAW,2026-06-28 13:29:54.017,22,CLOSE_INTERACTION_NO_PASS,"valid close battle, no pairwise order change inside the horizon",98.8641666666665,5.84,-98.89222222221724,False,16.299999999999955,False,False,,,,,,False,92.0,185.7105263157896,True,False,2026-06-28 13:30:24.017,30.0,120.0,False,False,False
austria_2026_R_00392,austria_2026_R,BEA,BOR,2026-06-28 13:29:54.577,22,CLOSE_INTERACTION_NO_PASS,"valid close battle, no pairwise order change inside the horizon",96.70472222222179,8.119,-96.57916666666279,False,10.844444444444434,False,False,,,,,,False,226.0,35.340425531915265,True,False,2026-06-28 13:30:24.577,30.0,120.0,False,False,False
austria_2026_R_00393,austria_2026_R,HAM,VER,2026-06-28 13:29:54.777,22,CLOSE_INTERACTION_NO_PASS,"valid close battle, no pairwise order change inside the horizon",10.648611111111677,80.12,-10.861944444433902,False,24.266666666666637,False,False,,,43.6,,,False,211.0,-17.19512195122084,True,False,2026-06-28 13:30:24.777,30.0,120.0,False,False,False
austria_2026_R_00394,austria_2026_R,OCO,ALO,2026-06-28 13:29:57.736,22,CLOSE_INTERACTION_NO_PASS,"valid close battle, no pairwise order change inside the horizon; the pair did swap 38.8 s after t0, outside it",58.80361111111111,38.6,-58.6786111110996,False,5.599999999999909,False,False,,,38.84,38.84,38.84,True,281.0,129.52925531914732,True,False,2026-06-28 13:30:27.736,30.0,120.0,False,False,False
austria_2026_R_00395,austria_2026_R,GAS,BEA,2026-06-28 13:29:58.136,22,CLOSE_INTERACTION_NO_PASS,"valid close battle, no pairwise order change inside the horizon",89.06055555555554,6.04,-89.16666666667152,False,9.655555555555338,False,False,,,,,,False,79.0,183.9534883720926,True,False,2026-06-28 13:30:28.136,30.0,120.0,False,False,False
austria_2026_R_00396,austria_2026_R,SAI,HUL,2026-06-28 13:29:58.977,22,PIT_RELATED,attacker or target on a box lap at t0,99.59027777777789,68.12,-99.57777777776937,False,10.5,False,False,,,,69.8,,False,88.0,24.020202020201896,False,False,2026-06-28 13:30:28.977,30.0,120.0,True,True,False
austria_2026_R_00397,austria_2026_R,STR,ALB,2026-06-28 13:30:02.696,22,CLOSE_INTERACTION_NO_PASS,"valid close battle, no pairwise order change inside the horizon",84.8108333333333,4.801,-84.0844444444374,False,11.48888888888888,False,False,,,,,,False,139.0,116.04344963791978,True,False,2026-06-28 13:30:32.696,30.0,120.0,False,False,False
austria_2026_R_00398,austria_2026_R,ALO,SAI,2026-06-28 13:30:13.777,22,CLOSE_INTERACTION_NO_PASS,"valid close battle, no pairwise order change inside the horizon",94.81999999999971,3.199,-94.83250000000407,False,8.355555555555611,False,False,,,,,,False,66.0,190.65957446808477,True,False,2026-06-28 13:30:43.777,30.0,120.0,False,False,False
austria_2026_R_00399,austria_2026_R,BOR,LAW,2026-06-28 13:30:26.217,22,CLOSE_INTERACTION_NO_PASS,"valid close battle, no pairwise order change inside the horizon",97.78361111111326,3.159,-97.81166666667559,False,4.7444444444440705,False,False,,,,,,False,163.0,25.048378522062727,True,False,2026-06-28 13:30:56.217,30.0,120.0,False,False,False
austria_2026_R_00400,austria_2026_R,ALB,OCO,2026-06-28 13:30:30.616,22,CLOSE_INTERACTION_NO_PASS,"valid close battle, no pairwise order change inside the horizon",89.04583333333267,5.72,-89.13388888888585,False,7.400833333332912,False,False,,,,,,False,129.0,101.06253553155251,True,False,2026-06-28 13:31:00.616,30.0,120.0,False,False,False
austria_2026_R_00401,austria_2026_R,COL,STR,2026-06-28 13:30:33.737,22,CLOSE_INTERACTION_NO_PASS,"valid close battle, no pairwise order change inside the horizon; the pair did swap 38.9 s after t0, outside it",92.16055555555522,38.68,-92.80333333332965,False,6.400000000000091,False,False,,,38.92,38.92,38.92,True,193.0,49.9795918367349,True,False,2026-06-28 13:31:03.737,30.0,120.0,False,False,False
austria_2026_R_00402,austria_2026_R,ALB,ALO,2026-06-28 13:30:44.016,22,CLOSE_INTERACTION_NO_PASS,"valid close battle, no pairwise order change inside the horizon; the pair did swap 57.2 s after t0, outside it",83.87472222222141,9.721,-83.83777777777868,False,3.5,False,False,,,57.241,30.721,57.241,True,139.0,,True,False,2026-06-28 13:31:14.016,30.0,120.0,False,False,False
austria_2026_R_00403,austria_2026_R,ALO,OCO,2026-06-28 13:30:45.057,22,CLOSE_INTERACTION_NO_PASS,"valid close battle, no pairwise order change inside the horizon",10.152777777776464,24.999,-10.277777777781012,False,7.08888888888896,False,False,,,46.76,,,False,190.0,-31.6051873198837,True,False,2026-06-28 13:31:15.057,30.0,120.0,False,False,False
austria_2026_R_00404,austria_2026_R,BOR,LAW,2026-06-28 13:31:07.097,23,CLOSE_INTERACTION_NO_PASS,"valid close battle, no pairwise order change inside the horizon",92.63305555555576,5.56,-92.74027777777519,False,17.100000000000136,False,False,,,,,,False,90.0,178.9318181818179,True,False,2026-06-28 13:31:37.097,30.0,120.0,False,False,False
austria_2026_R_00405,austria_2026_R,HUL,SAI,2026-06-28 13:31:08.777,23,CLOSE_INTERACTION_NO_PASS,"valid close battle, no pairwise order change inside the horizon; the pair did swap 68.8 s after t0, outside it",88.92777777777778,68.441,-88.89999999999418,False,10.044444444444423,False,False,,,68.761,68.761,68.761,True,295.0,,True,False,2026-06-28 13:31:38.777,30.0,120.0,False,False,False
austria_2026_R_00406,austria_2026_R,STR,COL,2026-06-28 13:31:13.657,22,UNCERTAIN,"only one of the two order-change signals fired (distance=True, driver_ahead=False)",10.014722222224464,29.841,-9.371944444443216,False,25.998888888888523,True,False,2026-06-28 13:31:35.737,22.08,22.08,,,False,272.0,-33.920000000000805,True,False,2026-06-28 13:31:43.657,30.0,120.0,False,False,False
austria_2026_R_00407,austria_2026_R,ALO,OCO,2026-06-28 13:31:15.417,23,INVALID,"race state not green at t0 (TrackStatus=12, freeze=False)",92.20222222222222,3.52,-92.14972222222423,False,8.088888888888874,False,False,,,,,,False,120.0,147.90909090909085,False,False,2026-06-28 13:31:45.417,30.0,120.0,False,False,False
austria_2026_R_00408,austria_2026_R,HAM,VER,2026-06-28 13:31:18.257,23,CLOSE_INTERACTION_NO_PASS,"valid close battle, no pairwise order change inside the horizon",99.7738888888889,9.96,-99.77388888889982,False,7.599999999999909,False,False,,,,,,False,267.0,6.456521739130792,True,False,2026-06-28 13:31:48.257,30.0,120.0,False,False,False
austria_2026_R_00409,austria_2026_R,ALO,ALB,2026-06-28 13:31:22.057,23,INVALID,"race state not green at t0 (TrackStatus=12, freeze=False)",10.381388888888807,8.64,-10.333055555543979,False,8.799999999999955,True,True,2026-06-28 13:31:30.977,8.92,8.92,8.92,8.92,False,236.0,-15.978260869565144,False,False,2026-06-28 13:31:52.057,30.0,120.0,False,False,False
austria_2026_R_00410,austria_2026_R,ALB,ALO,2026-06-28 13:31:32.017,23,ON_TRACK_PASS,race-distance ordering and target DriverAhead both show the swap,11.15277777777851,4.68,-11.201111111106002,False,5.0,True,True,2026-06-28 13:31:37.018,5.001,5.001,5.001,5.001,False,120.0,-35.269230769231484,True,False,2026-06-28 13:32:02.017,30.0,120.0,False,False,False
austria_2026_R_00411,austria_2026_R,COL,ALB,2026-06-28 13:31:32.697,23,INVALID,"race state not green at t0 (TrackStatus=12, freeze=False)",99.52972222222206,4.0,-99.31333333333896,False,10.933333333333167,False,False,,,,,,False,85.0,196.18604651162795,False,False,2026-06-28 13:32:02.697,30.0,120.0,False,False,False
austria_2026_R_00412,austria_2026_R,BOR,LAW,2026-06-28 13:31:38.577,23,CLOSE_INTERACTION_NO_PASS,"valid close battle, no pairwise order change inside the horizon",99.66305555555437,3.68,-99.77027777777403,False,6.933333333333849,False,False,,,,,,False,174.0,2.7558510638304377,True,False,2026-06-28 13:32:08.577,30.0,120.0,False,False,False
austria_2026_R_00413,austria_2026_R,HAM,VER,2026-06-28 13:31:48.337,24,INVALID,"race state not green at t0 (TrackStatus=12, freeze=False)",96.28305555555585,6.48,-96.28305555555562,False,10.111111111110858,False,False,,,,,,False,120.0,107.891304347826,False,False,2026-06-28 13:32:18.337,30.0,120.0,False,False,False
austria_2026_R_00414,austria_2026_R,STR,COL,2026-06-28 13:31:49.777,23,INVALID,"race state not green at t0 (TrackStatus=12, freeze=False)",96.53388888888776,4.72,-96.75444444443565,False,10.0,False,False,,,,,,False,113.0,67.8478260869568,False,False,2026-06-28 13:32:19.777,30.0,120.0,False,False,False
austria_2026_R_00415,austria_2026_R,COL,ALO,2026-06-28 13:31:58.737,23,INVALID,"race state not green at t0 (TrackStatus=12, freeze=False)",97.19083333333447,29.64,-97.02277777777635,False,4.444444444444343,True,True,2026-06-28 13:32:28.617,29.88,29.88,29.88,29.88,False,172.0,32.36318159079633,False,False,2026-06-28 13:32:28.737,30.0,120.0,False,False,False
austria_2026_R_00416,austria_2026_R,LAW,LIN,2026-06-28 13:32:00.137,23,CLOSE_INTERACTION_NO_PASS,"valid close battle, no pairwise order change inside the horizon",99.85222222222,55.0,-99.77083333332848,False,22.73333333333312,False,False,,,,,,False,293.0,3.09090909090783,True,False,2026-06-28 13:32:30.137,30.0,120.0,False,False,False
austria_2026_R_00417,austria_2026_R,BEA,GAS,2026-06-28 13:32:03.418,23,UNCERTAIN,"only one of the two order-change signals fired (distance=True, driver_ahead=False)",12.112222222222044,62.119,-12.169722222228302,False,15.551944444444672,True,False,2026-06-28 13:32:27.417,23.999,23.999,,,False,200.0,-22.294280955023797,True,False,2026-06-28 13:32:33.418,30.0,120.0,False,True,False
austria_2026_R_00418,austria_2026_R,ALO,ALB,2026-06-28 13:32:15.457,23,INVALID,"race state not green at t0 (TrackStatus=12, freeze=False)",96.21694444444483,7.12,-96.16861111110484,False,6.777777777777828,False,False,,,,,,False,193.0,58.19148936170174,False,False,2026-06-28 13:32:45.457,30.0,120.0,False,True,False
austria_2026_R_00419,austria_2026_R,BOR,LAW,2026-06-28 13:32:19.417,24,INVALID,"race state not green at t0 (TrackStatus=126, freeze=True)",96.73861111111069,6.0,-96.68138888888643,False,12.599999999999909,False,False,,,,,,False,109.0,155.8355508249064,False,False,2026-06-28 13:32:49.417,30.0,120.0,False,False,False
austria_2026_R_00420,austria_2026_R,OCO,SAI,2026-06-28 13:32:24.577,23,INVALID,no causal target sample at t0,99.17416666667032,11.681,,False,32.38583333333551,False,False,,,,,,False,,101.59599999999955,True,True,2026-06-28 13:32:54.577,30.0,120.0,False,False,False
austria_2026_R_00421,austria_2026_R,ALO,COL,2026-06-28 13:32:29.377,23,INVALID,"race state not green at t0 (TrackStatus=12, freeze=False)",10.355277777774972,36.16,-10.523333333330811,False,52.92611111111506,True,False,2026-06-28 13:32:32.697,3.32,3.32,36.56,36.56,True,295.0,-45.684210526314445,False,False,2026-06-28 13:32:59.377,30.0,120.0,False,True,False
austria_2026_R_00422,austria_2026_R,COL,ALB,2026-06-28 13:32:46.497,24,INVALID,"race state not green at t0 (TrackStatus=26, freeze=True)",81.62194444444458,5.08,-81.59111111111997,False,12.711111111110995,False,False,,,,,,False,82.0,,False,False,2026-06-28 13:33:16.497,30.0,120.0,False,False,False
austria_2026_R_00423,austria_2026_R,ALB,SAI,2026-06-28 13:32:46.737,24,INVALID,no causal target sample at t0,15.502500000000737,3.081,,False,15.86666666666656,False,False,,,,,,False,,-111.00000000000136,False,True,2026-06-28 13:33:16.737,30.0,120.0,False,False,False
austria_2026_R_00424,austria_2026_R,LEC,ANT,2026-06-28 13:32:48.097,24,PIT_RELATED,attacker or target on a box lap at t0,96.69972222222077,18.56,-584.4047222222143,False,83.80444444444717,True,True,2026-06-28 13:32:50.018,1.921,1.921,18.92,18.92,False,79.0,153.20833333333354,False,False,2026-06-28 13:33:18.097,30.0,120.0,True,True,False
austria_2026_R_00425,austria_2026_R,BOR,LAW,2026-06-28 13:32:51.577,24,INVALID,"race state not green at t0 (TrackStatus=126, freeze=True)",98.64638888888885,9.68,-98.58916666665755,False,8.066666666666606,False,False,,,,,,False,168.0,22.370096645822823,False,False,2026-06-28 13:33:21.577,30.0,120.0,False,False,False
austria_2026_R_00426,austria_2026_R,ALB,OCO,2026-06-28 13:33:00.257,24,INVALID,"race state not green at t0 (TrackStatus=126, freeze=True)",99.65083333333337,7.12,-99.66777777778043,False,5.2999999999999545,False,False,,,,,,False,71.0,,False,False,2026-06-28 13:33:30.257,30.0,120.0,False,False,False
austria_2026_R_00427,austria_2026_R,OCO,SAI,2026-06-28 13:33:00.657,24,INVALID,no causal target sample at t0,17.042222222223245,3.041,,False,11.222222222222399,False,False,,,,,,False,,-113.39999999999918,False,True,2026-06-28 13:33:30.657,30.0,120.0,False,False,False
austria_2026_R_00428,austria_2026_R,COL,ALO,2026-06-28 13:33:06.457,24,PIT_RELATED,attacker or target on a box lap at t0,12.690277777777283,11.601,-12.75638888888352,False,4.2999999999999545,True,True,2026-06-28 13:33:18.378,11.921,11.921,11.921,11.921,False,177.0,-52.923076923076536,False,False,2026-06-28 13:33:36.457,30.0,120.0,True,True,False
austria_2026_R_00429,austria_2026_R,ANT,LEC,2026-06-28 13:33:07.737,25,PIT_RELATED,attacker or target on a box lap at t0,14.412500000000136,7.16,-14.97055555555562,False,7.800000000000182,True,True,2026-06-28 13:33:15.337,7.6,7.6,7.6,7.6,False,227.0,-69.83333333333348,False,False,2026-06-28 13:33:37.737,30.0,120.0,True,True,False
austria_2026_R_00430,austria_2026_R,HUL,SAI,2026-06-28 13:33:13.537,24,INVALID,no causal target sample at t0,12.615277777780648,6.92,,False,5.511111111111404,False,False,,,,,,False,,-53.00000000000125,False,True,2026-06-28 13:33:43.537,30.0,120.0,False,False,False
austria_2026_R_00431,austria_2026_R,ANT,HAM,2026-06-28 13:33:15.818,25,PIT_RELATED,attacker or target on a box lap at t0,96.12722222222192,3.119,-96.55000000000291,False,8.711111111110995,False,False,,,71.279,75.24,75.24,True,90.0,123.3409563409572,False,False,2026-06-28 13:33:45.818,30.0,120.0,True,True,False
austria_2026_R_00432,austria_2026_R,LAW,LIN,2026-06-28 13:33:18.058,24,INVALID,"race state not green at t0 (TrackStatus=126, freeze=True)",99.99638888889194,16.199,-99.99361111111648,False,15.483055555559488,False,False,,,,,,False,159.0,4.291666666666458,False,False,2026-06-28 13:33:48.058,30.0,120.0,False,False,False
austria_2026_R_00433,austria_2026_R,PIA,LEC,2026-06-28 13:33:18.378,25,INVALID,"race state not green at t0 (TrackStatus=6, freeze=True)",95.89138888888829,3.88,-96.10388888888701,False,5.7333333333333485,False,False,,,,,,False,56.0,159.7954545454551,False,False,2026-06-28 13:33:48.378,30.0,120.0,False,False,False
austria_2026_R_00434,austria_2026_R,ALO,COL,2026-06-28 13:33:19.177,24,PIT_RELATED,attacker or target on a box lap at t0,12.157222222220753,19.121,-12.09111111110542,False,5.210000000000036,False,False,,,34.36,34.36,34.36,True,208.0,-40.60200250312775,False,False,2026-06-28 13:33:49.177,30.0,120.0,True,True,False
austria_2026_R_00435,austria_2026_R,HAD,PIA,2026-06-28 13:33:21.057,25,INVALID,"race state not green at t0 (TrackStatus=6, freeze=True)",90.99138888888979,11.92,-91.40527777776879,False,11.333333333333485,False,False,,,,,,False,75.0,121.57446808510582,False,False,2026-06-28 13:33:51.057,30.0,120.0,False,False,False
austria_2026_R_00436,austria_2026_R,BEA,GAS,2026-06-28 13:33:23.258,24,PIT_RELATED,attacker or target on a box lap at t0,99.4580555555599,5.119,-99.4502777777816,False,3.888888888888687,False,False,,,,,,False,85.0,50.04385517592939,False,False,2026-06-28 13:33:53.258,30.0,120.0,True,True,False
austria_2026_R_00437,austria_2026_R,LEC,ANT,2026-06-28 13:33:34.257,25,PIT_RELATED,attacker or target on a box lap at t0,13.29444444444357,29.961,-12.736388888879446,False,8.828055555555693,False,False,,,30.121,30.121,30.121,True,209.0,-59.55000000000007,False,False,2026-06-28 13:34:04.257,30.0,120.0,True,True,False
austria_2026_R_00438,austria_2026_R,COL,ALB,2026-06-28 13:33:46.817,24,INVALID,"race state not green at t0 (TrackStatus=26, freeze=True)",96.99916666666877,6.52,-96.96833333332324,False,4.711111111111677,False,False,,,,,,False,92.0,48.08004002000859,False,False,2026-06-28 13:34:16.817,30.0,120.0,False,False,False
austria_2026_R_00439,austria_2026_R,HUL,BEA,2026-06-28 13:33:52.098,25,PIT_RELATED,attacker or target on a box lap at t0,99.72944444444445,10.84,-99.6833333333343,False,9.166666666666629,True,True,2026-06-28 13:34:04.018,11.92,11.92,11.92,11.92,False,96.0,141.81818181818178,False,False,2026-06-28 13:34:22.098,30.0,120.0,True,True,False
austria_2026_R_00440,austria_2026_R,ALO,ALB,2026-06-28 13:33:53.537,24,PIT_RELATED,attacker or target on a box lap at t0,77.3002777777815,4.161,-77.20333333333838,False,8.811111111111131,False,False,,,,,,False,125.0,,False,False,2026-06-28 13:34:23.537,30.0,120.0,True,True,False
austria_2026_R_00441,austria_2026_R,ALO,COL,2026-06-28 13:33:58.898,24,PIT_RELATED,attacker or target on a box lap at t0,12.7327777777773,6.84,-12.666666666671517,False,16.79111111111115,False,False,,,,,,False,123.0,-43.000000000000114,False,False,2026-06-28 13:34:28.898,30.0,120.0,True,True,False
austria_2026_R_00442,austria_2026_R,LAW,LIN,2026-06-28 13:34:04.018,25,INVALID,"race state not green at t0 (TrackStatus=6, freeze=True)",79.74416666666662,54.16,-79.69111111111124,False,6.099999999999909,False,False,,,,,,False,132.0,52.978723404255035,False,False,2026-06-28 13:34:34.018,30.0,120.0,False,False,False
austria_2026_R_00443,austria_2026_R,BEA,HUL,2026-06-28 13:34:04.018,25,PIT_RELATED,attacker or target on a box lap at t0,13.219722222222572,9.519,-13.265833333338378,False,9.166666666666515,True,True,2026-06-28 13:34:13.737,9.719,9.719,9.719,9.719,False,230.0,,False,False,2026-06-28 13:34:34.018,30.0,120.0,True,True,False
austria_2026_R_00444,austria_2026_R,VER,RUS,2026-06-28 13:34:06.098,25,INVALID,"race state not green at t0 (TrackStatus=26, freeze=True)",99.09861111111377,3.24,-99.06555555555678,False,2.0049999999996544,False,False,,,,,,False,87.0,56.59574468085126,False,False,2026-06-28 13:34:36.098,30.0,120.0,False,False,False
austria_2026_R_00445,austria_2026_R,BOR,LAW,2026-06-28 13:34:06.697,25,INVALID,"race state not green at t0 (TrackStatus=6, freeze=True)",97.17583333333346,10.841,-97.19972222221259,False,7.111111111111313,False,False,,,,,,False,113.0,67.82001087547596,False,False,2026-06-28 13:34:36.697,30.0,120.0,False,False,False
austria_2026_R_00446,austria_2026_R,LEC,ANT,2026-06-28 13:34:11.618,25,PIT_RELATED,attacker or target on a box lap at t0,10.156666666666297,15.239,-9.598611111112405,False,5.0,True,True,2026-06-28 13:34:27.097,15.479,15.479,15.479,15.479,False,188.0,-30.90909090908946,False,False,2026-06-28 13:34:41.618,30.0,120.0,True,True,False
austria_2026_R_00447,austria_2026_R,STR,ALO,2026-06-28 13:34:12.618,25,PIT_RELATED,attacker or target on a box lap at t0,75.78611111111111,6.08,-75.7861111111124,False,7.799999999999997,False,False,,,,,,False,7.0,135.97621951219253,False,False,2026-06-28 13:34:42.618,30.0,120.0,True,True,False
austria_2026_R_00448,austria_2026_R,HAM,VER,2026-06-28 13:34:12.618,25,PIT_RELATED,attacker or target on a box lap at t0,94.18888888888841,4.92,-94.21166666665522,False,8.26666666666597,False,False,,,,,,False,112.0,75.53191489361683,False,False,2026-06-28 13:34:42.618,30.0,120.0,True,True,False
austria_2026_R_00449,austria_2026_R,ALB,OCO,2026-06-28 13:34:20.697,25,INVALID,"race state not green at t0 (TrackStatus=67, freeze=True)",94.88194444444503,3.121,-94.75666666666802,False,7.288888888888778,False,False,,,,,,False,64.0,153.07503751875868,False,False,2026-06-28 13:34:50.697,30.0,120.0,False,False,False
austria_2026_R_00450,austria_2026_R,ANT,HAM,2026-06-28 13:34:23.418,25,PIT_RELATED,attacker or target on a box lap at t0,98.22055555555835,3.199,-98.6433333333407,False,12.977777777777192,True,True,2026-06-28 13:34:27.097,3.6790000000000003,3.6790000000000003,7.64,7.64,False,80.0,26.957446808509342,False,False,2026-06-28 13:34:53.418,30.0,120.0,True,True,False
austria_2026_R_00451,austria_2026_R,COL,ALB,2026-06-28 13:34:24.418,25,INVALID,"race state not green at t0 (TrackStatus=67, freeze=True)",94.90277777777737,4.68,-94.81805555554456,False,8.899999999999864,False,False,,,,,,False,61.0,168.79166666666734,False,False,2026-06-28 13:34:54.418,30.0,120.0,False,False,False
austria_2026_R_00452,austria_2026_R,PIA,HAM,2026-06-28 13:34:30.258,25,PIT_RELATED,attacker or target on a box lap at t0,93.33444444444831,5.8,-504.39666666666744,False,66.34666666666224,True,True,2026-06-28 13:34:32.818,2.56,2.56,6.0,6.0,False,31.0,173.7931034482759,False,False,2026-06-28 13:35:00.258,30.0,120.0,True,True,False
austria_2026_R_00453,austria_2026_R,ANT,LEC,2026-06-28 13:34:33.937,26,INVALID,"race state not green at t0 (TrackStatus=671, freeze=True)",78.75833333333327,4.801,-79.3972222222219,False,6.111111111111086,False,False,,,118.401,119.042,119.042,True,101.0,118.68734367183595,False,False,2026-06-28 13:35:03.937,30.0,120.0,False,False,False
austria_2026_R_00454,austria_2026_R,HAD,HAM,2026-06-28 13:34:34.457,25,PIT_RELATED,attacker or target on a box lap at t0,92.91888888889298,17.441,-504.3949999999895,False,71.05638888888592,True,True,2026-06-28 13:34:36.818,2.3609999999999998,2.3609999999999998,17.801,17.801,False,80.0,120.65832824893262,False,False,2026-06-28 13:35:04.457,30.0,120.0,True,True,False
austria_2026_R_00455,austria_2026_R,HAM,PIA,2026-06-28 13:34:36.618,26,PIT_RELATED,attacker or target on a box lap at t0,14.26249999999996,8.12,-14.254722222220153,False,13.93333333333328,True,True,2026-06-28 13:35:00.657,24.039,24.039,24.039,24.039,False,205.0,-124.44444444444429,False,False,2026-06-28 13:35:06.618,30.0,120.0,True,True,False
austria_2026_R_00456,austria_2026_R,BOR,LAW,2026-06-28 13:34:43.778,25,INVALID,"race state not green at t0 (TrackStatus=6, freeze=True)",99.6105555555555,19.04,-99.6344444444403,False,5.055555555555657,False,False,,,,,,False,152.0,47.73913043478012,False,False,2026-06-28 13:35:13.778,30.0,120.0,False,False,False
austria_2026_R_00457,austria_2026_R,HAM,HAD,2026-06-28 13:34:53.777,26,PIT_RELATED,attacker or target on a box lap at t0,10.719444444444434,4.881,-11.01166666665813,False,6.222222222222172,True,True,2026-06-28 13:34:58.818,5.041,5.041,5.041,5.041,False,240.0,-23.57932850559603,False,False,2026-06-28 13:35:23.777,30.0,120.0,True,True,False
austria_2026_R_00458,austria_2026_R,PIA,ANT,2026-06-28 13:34:55.458,26,INVALID,"race state not green at t0 (TrackStatus=671, freeze=True)",96.53027777777811,5.039,-96.74805555555213,False,7.511111111111177,False,False,,,,,,False,75.0,123.86673607496078,False,False,2026-06-28 13:35:25.458,30.0,120.0,False,False,False
austria_2026_R_00459,austria_2026_R,HAD,PIA,2026-06-28 13:34:57.378,26,INVALID,"race state not green at t0 (TrackStatus=671, freeze=True)",94.35333333333324,6.28,-94.0533333333442,False,23.104722222222108,False,False,,,,,,False,91.0,132.41666666666612,False,False,2026-06-28 13:35:27.378,30.0,120.0,False,False,False
austria_2026_R_00460,austria_2026_R,LAW,LIN,2026-06-28 13:35:04.298,26,INVALID,"race state not green at t0 (TrackStatus=671, freeze=True)",94.67333333333326,7.24,-94.51444444444496,False,10.5,False,False,,,,,,False,128.0,64.64583333333347,False,False,2026-06-28 13:35:34.298,30.0,120.0,False,False,False
austria_2026_R_00461,austria_2026_R,ANT,LEC,2026-06-28 13:35:11.058,26,INVALID,"race state not green at t0 (TrackStatus=671, freeze=True)",99.84472222222166,32.08,-100.48361111112172,False,7.700000000000273,False,False,,,81.28,81.921,81.921,True,113.0,81.9655172413798,False,False,2026-06-28 13:35:41.058,30.0,120.0,False,False,False
austria_2026_R_00462,austria_2026_R,HAM,PIA,2026-06-28 13:35:19.858,26,PIT_RELATED,attacker or target on a box lap at t0,51.50388888888824,17.28,-51.49611111111881,False,6.666666666666515,False,False,,,48.24,,,False,80.0,,False,False,2026-06-28 13:35:49.858,30.0,120.0,True,True,False
austria_2026_R_00463,austria_2026_R,HAD,HAM,2026-06-28 13:35:20.458,26,PIT_RELATED,attacker or target on a box lap at t0,10.261388888888632,16.68,-9.969166666676756,False,3.733333333333576,True,True,2026-06-28 13:35:37.418,16.96,16.96,16.96,16.96,False,162.0,-57.39999999999827,False,False,2026-06-28 13:35:50.458,30.0,120.0,True,True,False
austria_2026_R_00464,austria_2026_R,ALB,OCO,2026-06-28 13:35:20.618,25,INVALID,"race state not green at t0 (TrackStatus=67, freeze=True)",99.36194444444573,4.28,-99.2366666666785,False,3.5,False,False,,,,,,False,106.0,28.652173913045598,False,False,2026-06-28 13:35:50.618,30.0,120.0,False,False,False
austria_2026_R_00465,austria_2026_R,COL,ALB,2026-06-28 13:35:23.058,25,INVALID,"race state not green at t0 (TrackStatus=67, freeze=True)",97.25083333333441,7.8,-97.16611111111706,False,6.222222222221717,False,False,,,,,,False,121.0,23.36363636363589,False,False,2026-06-28 13:35:53.058,30.0,120.0,False,False,False
austria_2026_R_00466,austria_2026_R,BOR,LAW,2026-06-28 13:35:23.458,26,INVALID,"race state not green at t0 (TrackStatus=671, freeze=True)",98.43611111111113,7.84,-98.24333333333198,False,9.999999999999773,False,False,,,,,,False,108.0,74.31249999999979,False,False,2026-06-28 13:35:53.458,30.0,120.0,False,False,False
austria_2026_R_00467,austria_2026_R,HAD,PIA,2026-06-28 13:35:37.418,26,INVALID,"race state not green at t0 (TrackStatus=671, freeze=True)",81.67277777777599,19.32,-81.37277777776762,False,13.57777777777801,False,False,,,,,,False,133.0,,False,False,2026-06-28 13:36:07.418,30.0,120.0,False,False,False
austria_2026_R_00468,austria_2026_R,HAM,HAD,2026-06-28 13:35:37.858,26,PIT_RELATED,attacker or target on a box lap at t0,10.506944444444343,18.88,-10.799166666678502,False,9.444444444445708,True,True,2026-06-28 13:35:57.178,19.32,19.32,19.32,19.32,False,196.0,-58.999999999997186,False,False,2026-06-28 13:36:07.858,30.0,120.0,True,True,False
austria_2026_R_00469,austria_2026_R,BEA,HUL,2026-06-28 13:35:40.978,26,INVALID,"race state not green at t0 (TrackStatus=671, freeze=True)",99.56083333333345,88.56,-99.50527777777461,False,9.777777777777828,False,False,,,,,,False,221.0,3.2925531914889072,False,False,2026-06-28 13:36:10.978,30.0,120.0,False,False,False
austria_2026_R_00470,austria_2026_R,ANT,LEC,2026-06-28 13:35:47.059,26,INVALID,"race state not green at t0 (TrackStatus=671, freeze=True)",96.12722222222055,9.679,-96.76611111110833,False,12.4222222222229,False,False,,,45.279,45.92,45.92,True,219.0,24.77970423253314,False,False,2026-06-28 13:36:17.059,30.0,120.0,False,False,False
austria_2026_R_00471,austria_2026_R,OCO,BEA,2026-06-28 13:35:49.818,26,INVALID,"race state not green at t0 (TrackStatus=671, freeze=True)",91.36000000000013,4.88,-91.27750000001106,False,17.91111111111104,False,False,,,,,,False,79.0,161.68888888888887,False,False,2026-06-28 13:36:19.818,30.0,120.0,False,False,False
austria_2026_R_00472,austria_2026_R,LAW,LIN,2026-06-28 13:35:51.018,26,INVALID,"race state not green at t0 (TrackStatus=671, freeze=True)",91.01777777777716,13.4,-90.85888888887712,False,5.900000000000546,False,False,,,,,,False,209.0,19.53333333333285,False,False,2026-06-28 13:36:21.018,30.0,120.0,False,False,False
austria_2026_R_00473,austria_2026_R,ALB,OCO,2026-06-28 13:35:52.018,26,INVALID,"race state not green at t0 (TrackStatus=71, freeze=True)",92.51138888888909,4.72,-92.47277777777344,False,10.388888888888914,False,False,,,,,,False,82.0,127.19999999999973,False,False,2026-06-28 13:36:22.018,30.0,120.0,False,False,False
austria_2026_R_00474,austria_2026_R,COL,ALB,2026-06-28 13:35:54.259,26,INVALID,"race state not green at t0 (TrackStatus=71, freeze=True)",99.83499999999958,4.719,-99.9597222222219,False,8.564166666666551,False,False,,,,,,False,85.0,176.12014885699065,False,False,2026-06-28 13:36:24.259,30.0,120.0,False,False,False
austria_2026_R_00475,austria_2026_R,STR,LEC,2026-06-28 13:36:00.539,26,LAPPED_UNLAPPED,pair separated by -4665 m of race distance at t0,96.85666666666667,6.68,-4664.823611111118,True,8.444444444444457,False,False,,,,,,False,301.0,,True,False,2026-06-28 13:36:30.539,30.0,120.0,False,False,False
austria_2026_R_00476,austria_2026_R,PIA,ANT,2026-06-28 13:36:19.779,27,CLOSE_INTERACTION_NO_PASS,"valid close battle, no pairwise order change inside the horizon",95.24111111111142,4.039,-95.2236111111124,False,12.955555555555748,False,False,,,,,,False,63.0,188.03886729594632,True,False,2026-06-28 13:36:49.779,30.0,120.0,False,False,False
austria_2026_R_00477,austria_2026_R,HAM,HAD,2026-06-28 13:36:21.179,27,CLOSE_INTERACTION_NO_PASS,"valid close battle, no pairwise order change inside the horizon",95.81694444444429,7.359,-95.78444444443448,False,12.400000000000091,False,False,,,,,,False,150.0,89.0592069527433,True,False,2026-06-28 13:36:51.179,30.0,120.0,False,False,False
austria_2026_R_00478,austria_2026_R,LAW,LIN,2026-06-28 13:36:23.818,27,CLOSE_INTERACTION_NO_PASS,"valid close battle, no pairwise order change inside the horizon",87.1713888888889,6.44,-87.07388888888818,False,13.200000000000003,False,False,,,,,,False,187.0,54.97499999999836,True,False,2026-06-28 13:36:53.818,30.0,120.0,False,False,False
austria_2026_R_00479,austria_2026_R,ANT,LEC,2026-06-28 13:36:28.898,27,ON_TRACK_PASS,race-distance ordering and target DriverAhead both show the swap,99.76249999999891,3.6,-99.76249999999709,False,62.93333333333294,True,True,2026-06-28 13:36:32.979,4.081,4.081,4.081,4.081,False,289.0,17.424657534247302,True,False,2026-06-28 13:36:58.898,30.0,120.0,False,False,False
austria_2026_R_00480,austria_2026_R,STR,LEC,2026-06-28 13:36:31.538,26,LAPPED_UNLAPPED,pair separated by -4668 m of race distance at t0,99.98388888888758,6.12,-4667.950833333336,True,13.866666666667015,False,False,,,,,,False,146.0,113.04444444444471,True,False,2026-06-28 13:37:01.538,30.0,120.0,False,False,False
austria_2026_R_00481,austria_2026_R,BOR,LAW,2026-06-28 13:36:41.379,27,CLOSE_INTERACTION_NO_PASS,"valid close battle, no pairwise order change inside the horizon",88.90194444444478,5.2,-88.94861111111823,False,12.099999999999909,False,False,,,,,,False,80.0,190.18604651162747,True,False,2026-06-28 13:37:11.379,30.0,120.0,False,False,False
austria_2026_R_00482,austria_2026_R,COL,ALB,2026-06-28 13:36:53.299,27,CLOSE_INTERACTION_NO_PASS,"valid close battle, no pairwise order change inside the horizon",99.5372222222222,3.119,-99.56972222222248,False,11.122222222222206,False,False,,,,,,False,122.0,153.06245662734207,True,False,2026-06-28 13:37:23.299,30.0,120.0,False,False,False
austria_2026_R_00483,austria_2026_R,OCO,BEA,2026-06-28 13:37:03.018,27,CLOSE_INTERACTION_NO_PASS,"valid close battle, no pairwise order change inside the horizon",86.25888888888858,4.961,-86.24472222222539,False,9.44444444444457,False,False,,,,,,False,76.0,175.63514338011055,True,False,2026-06-28 13:37:33.018,30.0,120.0,False,False,False
austria_2026_R_00484,austria_2026_R,HAM,HAD,2026-06-28 13:37:03.818,27,CLOSE_INTERACTION_NO_PASS,"valid close battle, no pairwise order change inside the horizon",96.6633333333325,10.641,-96.63083333332906,False,11.99999999999909,False,False,,,,,,False,210.0,38.994441356308364,True,False,2026-06-28 13:37:33.818,30.0,120.0,False,False,False
austria_2026_R_00485,austria_2026_R,ALB,OCO,2026-06-28 13:37:05.698,27,CLOSE_INTERACTION_NO_PASS,"valid close battle, no pairwise order change inside the horizon",91.47222222222217,3.84,-91.48388888887712,False,8.19583333333344,False,False,,,,,,False,75.0,170.7872340425534,True,False,2026-06-28 13:37:35.698,30.0,120.0,False,False,False
austria_2026_R_00486,austria_2026_R,BEA,HUL,2026-06-28 13:37:14.459,27,CLOSE_INTERACTION_NO_PASS,"valid close battle, no pairwise order change inside the horizon",97.79916666666804,21.24,-97.78361111111008,False,10.700000000000273,False,False,,,,,,False,223.0,23.604166666666377,True,False,2026-06-28 13:37:44.459,30.0,120.0,False,False,False
austria_2026_R_00487,austria_2026_R,LAW,LIN,2026-06-28 13:37:21.459,27,CLOSE_INTERACTION_NO_PASS,"valid close battle, no pairwise order change inside the horizon",97.58833333333496,9.079,-97.49083333332965,False,7.2150000000001455,False,False,,,,,,False,221.0,24.959999999998583,True,False,2026-06-28 13:37:51.459,30.0,120.0,False,False,False
austria_2026_R_00488,austria_2026_R,BOR,LAW,2026-06-28 13:37:27.219,27,CLOSE_INTERACTION_NO_PASS,"valid close battle, no pairwise order change inside the horizon",99.22333333333427,3.679,-99.27000000000407,False,7.300000000001091,False,False,,,,,,False,165.0,10.912280701754689,True,False,2026-06-28 13:37:57.219,30.0,120.0,False,False,False
austria_2026_R_00489,austria_2026_R,BEA,HUL,2026-06-28 13:37:58.419,28,CLOSE_INTERACTION_NO_PASS,"valid close battle, no pairwise order change inside the horizon",93.28777777777782,6.64,-93.26083333333372,False,13.599999999999994,False,False,,,,,,False,190.0,64.91797935903898,True,False,2026-06-28 13:38:28.419,30.0,120.0,False,False,False
austria_2026_R_00490,austria_2026_R,LAW,LIN,2026-06-28 13:38:04.298,28,CLOSE_INTERACTION_NO_PASS,"valid close battle, no pairwise order change inside the horizon",99.76916666666762,23.801,-99.75749999999243,False,11.200000000000045,False,False,,,,,,False,285.0,4.171367748802319,True,False,2026-06-28 13:38:34.298,30.0,120.0,False,False,False
austria_2026_R_00491,austria_2026_R,COL,ALB,2026-06-28 13:38:06.059,28,CLOSE_INTERACTION_NO_PASS,"valid close battle, no pairwise order change inside the horizon",96.4147222222222,4.079,-96.37833333334129,False,12.222222222222257,False,False,,,,,,False,139.0,133.8873023967362,True,False,2026-06-28 13:38:36.059,30.0,120.0,False,False,False
austria_2026_R_00492,austria_2026_R,BOR,LAW,2026-06-28 13:38:08.699,28,CLOSE_INTERACTION_NO_PASS,"valid close battle, no pairwise order change inside the horizon",99.07138888888971,4.44,-99.08583333333081,False,10.033333333333303,False,False,,,,,,False,104.0,168.73333333333312,True,False,2026-06-28 13:38:38.699,30.0,120.0,False,False,False
austria_2026_R_00493,austria_2026_R,OCO,BEA,2026-06-28 13:38:16.139,28,CLOSE_INTERACTION_NO_PASS,"valid close battle, no pairwise order change inside the horizon",99.84305555555511,4.56,-99.80472222222306,False,12.399999999999864,False,False,,,,,,False,81.0,186.81818181818142,True,False,2026-06-28 13:38:46.139,30.0,120.0,False,False,False
austria_2026_R_00494,austria_2026_R,ALB,OCO,2026-06-28 13:38:19.059,28,CLOSE_INTERACTION_NO_PASS,"valid close battle, no pairwise order change inside the horizon",94.7030555555557,4.24,-94.76833333332615,False,10.299999999999955,False,False,,,,,,False,77.0,182.39522998296331,True,False,2026-06-28 13:38:49.059,30.0,120.0,False,False,False
austria_2026_R_00495,austria_2026_R,BEA,HUL,2026-06-28 13:38:39.019,28,CLOSE_INTERACTION_NO_PASS,"valid close battle, no pairwise order change inside the horizon",97.6294444444452,4.64,-97.6024999999936,False,5.5,False,False,,,,,,False,177.0,35.5158771473194,True,False,2026-06-28 13:39:09.019,30.0,120.0,False,False,False
austria_2026_R_00496,austria_2026_R,PIA,ANT,2026-06-28 13:38:42.459,29,CLOSE_INTERACTION_NO_PASS,"valid close battle, no pairwise order change inside the horizon",98.11999999999944,3.96,-98.11999999999534,False,11.222222222222172,False,False,,,,,,False,68.0,206.8600000000004,True,False,2026-06-28 13:39:12.459,30.0,120.0,False,False,False
austria_2026_R_00497,austria_2026_R,LAW,LIN,2026-06-28 13:38:48.859,29,CLOSE_INTERACTION_NO_PASS,"valid close battle, no pairwise order change inside the horizon",99.75750000000002,6.6,-99.57805555555387,False,10.933333333333323,False,False,,,,,,False,197.0,53.13124999999526,True,False,2026-06-28 13:39:18.859,30.0,120.0,False,False,False
austria_2026_R_00498,austria_2026_R,BOR,LAW,2026-06-28 13:39:06.219,29,CLOSE_INTERACTION_NO_PASS,"valid close battle, no pairwise order change inside the horizon",99.99611111111085,5.0,-100.17555555555737,False,11.700000000000045,False,False,,,,,,False,86.0,188.15384615384582,True,False,2026-06-28 13:39:36.219,30.0,120.0,False,False,False
austria_2026_R_00499,austria_2026_R,BEA,HUL,2026-06-28 13:39:11.579,29,CLOSE_INTERACTION_NO_PASS,"valid close battle, no pairwise order change inside the horizon",98.48166666666665,5.44,-98.44888888888818,False,9.866666666666646,False,False,,,,,,False,173.0,63.60388888889412,True,False,2026-06-28 13:39:41.579,30.0,120.0,False,False,False
austria_2026_R_00500,austria_2026_R,OCO,BEA,2026-06-28 13:39:29.619,29,CLOSE_INTERACTION_NO_PASS,"valid close battle, no pairwise order change inside the horizon",93.65750000000025,3.8,-93.69027777778683,False,10.388888888888914,False,False,,,,,,False,75.0,189.19148936170248,True,False,2026-06-28 13:39:59.619,30.0,120.0,False,False,False
austria_2026_R_00501,austria_2026_R,ALB,OCO,2026-06-28 13:39:32.779,29,CLOSE_INTERACTION_NO_PASS,"valid close battle, no pairwise order change inside the horizon",95.574444444444,3.08,-95.48583333332499,False,10.144444444444389,False,False,,,,,,False,68.0,178.76963350785334,True,False,2026-06-28 13:40:02.779,30.0,120.0,False,False,False
austria_2026_R_00502,austria_2026_R,LAW,LIN,2026-06-28 13:39:46.379,29,CLOSE_INTERACTION_NO_PASS,"valid close battle, no pairwise order change inside the horizon",98.18194444444498,8.52,-98.00250000000233,False,7.1111111111108585,False,False,,,,,,False,223.0,29.974465867638116,True,False,2026-06-28 13:40:16.379,30.0,120.0,False,False,False
austria_2026_R_00503,austria_2026_R,PIA,ANT,2026-06-28 13:39:54.619,30,CLOSE_INTERACTION_NO_PASS,"valid close battle, no pairwise order change inside the horizon",95.11861111111102,3.361,-95.12111111110426,False,9.100000000000136,False,False,,,,,,False,61.0,195.08333333333277,True,False,2026-06-28 13:40:24.619,30.0,120.0,False,False,False
austria_2026_R_00504,austria_2026_R,BOR,LAW,2026-06-28 13:40:19.299,30,CLOSE_INTERACTION_NO_PASS,"valid close battle, no pairwise order change inside the horizon",89.59999999999968,4.241,-89.70472222220269,False,11.299999999999955,False,False,,,,,,False,71.0,189.97553017944495,True,False,2026-06-28 13:40:49.299,30.0,120.0,False,False,False
austria_2026_R_00505,austria_2026_R,LEC,ANT,2026-06-28 13:40:20.419,30,CLOSE_INTERACTION_NO_PASS,"valid close battle, no pairwise order change inside the horizon",10.02944444444529,96.161,-10.094166666647652,False,12.41694444444149,False,False,,,,,,False,179.0,-11.777777777779193,True,False,2026-06-28 13:40:50.419,30.0,120.0,False,False,False
austria_2026_R_00506,austria_2026_R,HAM,PIA,2026-06-28 13:40:24.820,30,CLOSE_INTERACTION_NO_PASS,"valid close battle, no pairwise order change inside the horizon",76.43194444444316,6.76,-76.45194444444496,False,3.9111111111110404,False,False,,,,,,False,198.0,,True,False,2026-06-28 13:40:54.820,30.0,120.0,False,False,False
austria_2026_R_00507,austria_2026_R,BEA,HUL,2026-06-28 13:40:25.220,30,CLOSE_INTERACTION_NO_PASS,"valid close battle, no pairwise order change inside the horizon",87.99722222222226,4.52,-88.01555555555387,False,9.333333333333371,False,False,,,,,,False,127.0,125.02380952380949,True,False,2026-06-28 13:40:55.220,30.0,120.0,False,False,False
austria_2026_R_00508,austria_2026_R,LAW,LIN,2026-06-28 13:40:29.740,30,CLOSE_INTERACTION_NO_PASS,"valid close battle, no pairwise order change inside the horizon",97.20666666666739,24.479,-97.10194444443914,False,9.177777777777692,False,False,,,,,,False,242.0,21.108452950557837,True,False,2026-06-28 13:40:59.740,30.0,120.0,False,False,False
austria_2026_R_00509,austria_2026_R,HAD,HAM,2026-06-28 13:40:31.380,30,ON_TRACK_PASS,race-distance ordering and target DriverAhead both show the swap,11.953055555554783,5.88,-11.995277777779847,False,2.6888888888888687,True,True,2026-06-28 13:40:37.540,6.16,6.16,6.16,6.16,False,217.0,-18.5853658536586,True,False,2026-06-28 13:41:01.380,30.0,120.0,False,False,False
austria_2026_R_00510,austria_2026_R,OCO,BEA,2026-06-28 13:40:42.940,30,CLOSE_INTERACTION_NO_PASS,"valid close battle, no pairwise order change inside the horizon",96.48111111111143,3.519,-96.35472222222597,False,9.999444444444634,False,False,,,,,,False,69.0,186.64735945485486,True,False,2026-06-28 13:41:12.940,30.0,120.0,False,False,False
austria_2026_R_00511,austria_2026_R,PIA,LEC,2026-06-28 13:40:51.460,31,CLOSE_INTERACTION_NO_PASS,"valid close battle, no pairwise order change inside the horizon",94.31805555555562,3.439,-94.31416666667792,False,7.099999999999909,False,False,,,,,,False,126.0,142.61764705882337,True,False,2026-06-28 13:41:21.460,30.0,120.0,False,False,False
austria_2026_R_00512,austria_2026_R,ALO,HAD,2026-06-28 13:40:55.219,30,LAPPED_UNLAPPED,pair separated by -4660 m of race distance at t0,92.12305555555554,5.84,-4660.0566666667,True,12.872777777777799,False,False,,,,,,False,148.0,119.88000000000004,True,False,2026-06-28 13:41:25.219,30.0,120.0,False,False,False
austria_2026_R_00513,austria_2026_R,HAM,PIA,2026-06-28 13:41:06.939,31,CLOSE_INTERACTION_NO_PASS,"valid close battle, no pairwise order change inside the horizon",97.52333333333263,7.36,-97.48138888887479,False,15.399999999999636,False,False,,,,,,False,123.0,126.62949452840049,True,False,2026-06-28 13:41:36.939,30.0,120.0,False,False,False
austria_2026_R_00514,austria_2026_R,ALB,COL,2026-06-28 13:41:07.139,30,CLOSE_INTERACTION_NO_PASS,"valid close battle, no pairwise order change inside the horizon",10.737500000001091,46.201,-10.73666666666395,False,9.1666666666667,False,False,,,,,,False,161.0,-18.999467802022497,True,False,2026-06-28 13:41:37.139,30.0,120.0,False,False,False
austria_2026_R_00515,austria_2026_R,LAW,LIN,2026-06-28 13:41:13.219,31,CLOSE_INTERACTION_NO_PASS,"valid close battle, no pairwise order change inside the horizon",96.77027777777778,8.92,-96.77888888888992,False,8.622222222222206,False,False,,,,,,False,257.0,28.58564437194276,True,False,2026-06-28 13:41:43.219,30.0,120.0,False,False,False
austria_2026_R_00516,austria_2026_R,STR,NOR,2026-06-28 13:41:17.140,30,LAPPED_UNLAPPED,pair separated by -4657 m of race distance at t0,88.95194444444405,4.239,-4656.842222222243,True,11.333333333333485,False,False,,,,,,False,77.0,174.53747917823517,True,False,2026-06-28 13:41:47.140,30.0,120.0,False,False,False
austria_2026_R_00517,austria_2026_R,PIA,LEC,2026-06-28 13:41:31.300,31,CLOSE_INTERACTION_NO_PASS,"valid close battle, no pairwise order change inside the horizon",98.07361111111277,3.319,-98.06972222222248,False,4.777777777777828,False,False,,,,,,False,159.0,66.14893617021153,True,False,2026-06-28 13:42:01.300,30.0,120.0,False,False,False
austria_2026_R_00518,austria_2026_R,BOR,LAW,2026-06-28 13:41:31.900,31,CLOSE_INTERACTION_NO_PASS,"valid close battle, no pairwise order change inside the horizon",94.24027777777746,4.08,-94.24805555556668,False,10.42222222222199,False,False,,,,,,False,72.0,202.12500000000014,True,False,2026-06-28 13:42:01.900,30.0,120.0,False,False,False
austria_2026_R_00519,austria_2026_R,BEA,HUL,2026-06-28 13:41:52.900,31,CLOSE_INTERACTION_NO_PASS,"valid close battle, no pairwise order change inside the horizon",86.66000000000031,4.8,-86.63750000001164,False,8.534166666666806,False,False,,,,,,False,78.0,166.57142857142853,True,False,2026-06-28 13:42:22.900,30.0,120.0,False,False,False
austria_2026_R_00520,austria_2026_R,OCO,BEA,2026-06-28 13:41:56.420,31,CLOSE_INTERACTION_NO_PASS,"valid close battle, no pairwise order change inside the horizon",95.59472222222189,3.0,-95.66277777779032,False,7.388888888888914,False,False,,,,,,False,66.0,187.43623112961993,True,False,2026-06-28 13:42:26.420,30.0,120.0,False,False,False
austria_2026_R_00521,austria_2026_R,COL,OCO,2026-06-28 13:41:59.220,31,CLOSE_INTERACTION_NO_PASS,"valid close battle, no pairwise order change inside the horizon",99.15555555555557,4.0,-99.15555555556784,False,9.48888888888905,False,False,,,,,,False,64.0,207.173913043479,True,False,2026-06-28 13:42:29.220,30.0,120.0,False,False,False
austria_2026_R_00522,austria_2026_R,LEC,ANT,2026-06-28 13:41:59.980,32,CLOSE_INTERACTION_NO_PASS,"valid close battle, no pairwise order change inside the horizon",98.48472222222225,8.56,-98.44944444444263,False,7.443333333333342,False,False,,,,,,False,269.0,12.305681818176538,True,False,2026-06-28 13:42:29.980,30.0,120.0,False,False,False
austria_2026_R_00523,austria_2026_R,ALB,COL,2026-06-28 13:42:00.299,31,CLOSE_INTERACTION_NO_PASS,"valid close battle, no pairwise order change inside the horizon",97.42194444444385,7.48,-97.42194444444613,False,8.13333333333344,False,False,,,,,,False,143.0,90.93798853569594,True,False,2026-06-28 13:42:30.299,30.0,120.0,False,False,False
austria_2026_R_00524,austria_2026_R,PIA,LEC,2026-06-28 13:42:03.220,32,CLOSE_INTERACTION_NO_PASS,"valid close battle, no pairwise order change inside the horizon",97.59472222222215,3.52,-97.63000000000466,False,6.933333333333337,False,False,,,,,,False,126.0,128.5065303804657,True,False,2026-06-28 13:42:33.220,30.0,120.0,False,False,False
austria_2026_R_00525,austria_2026_R,HAD,HAM,2026-06-28 13:42:04.500,32,CLOSE_INTERACTION_NO_PASS,"valid close battle, no pairwise order change inside the horizon",92.385,8.16,-92.31444444446242,False,10.111111111111143,False,False,,,,,,False,287.0,39.10459183672399,True,False,2026-06-28 13:42:34.500,30.0,120.0,False,False,False
austria_2026_R_00526,austria_2026_R,HAM,PIA,2026-06-28 13:42:04.980,32,CLOSE_INTERACTION_NO_PASS,"valid close battle, no pairwise order change inside the horizon",94.11638888888888,4.48,-94.1163888888841,False,9.696388888888862,False,False,,,,,,False,134.0,127.07894736842108,True,False,2026-06-28 13:42:34.980,30.0,120.0,False,False,False
austria_2026_R_00527,austria_2026_R,LAW,LIN,2026-06-28 13:42:10.980,31,CLOSE_INTERACTION_NO_PASS,"valid close battle, no pairwise order change inside the horizon",99.31194444444236,9.48,-99.32055555554689,False,7.222222222222172,False,False,,,,,,False,261.0,6.043478260871484,True,False,2026-06-28 13:42:40.980,30.0,120.0,False,False,False
austria_2026_R_00528,austria_2026_R,ALO,HAD,2026-06-28 13:42:24.580,31,LAPPED_UNLAPPED,pair separated by -4661 m of race distance at t0,92.88416666666649,3.079,-4660.845000000001,True,10.600000000000136,False,False,,,,,,False,62.0,198.77083333333388,True,False,2026-06-28 13:42:54.580,30.0,120.0,False,False,False
austria_2026_R_00529,austria_2026_R,PIA,LEC,2026-06-28 13:42:42.420,32,CLOSE_INTERACTION_NO_PASS,"valid close battle, no pairwise order change inside the horizon",99.33194444444462,9.28,-99.36722222223761,False,8.888888888888687,False,False,,,,,,False,174.0,38.5880434782613,True,False,2026-06-28 13:43:12.420,30.0,120.0,False,False,False
austria_2026_R_00530,austria_2026_R,ALB,COL,2026-06-28 13:42:44.660,31,CLOSE_INTERACTION_NO_PASS,"valid close battle, no pairwise order change inside the horizon",93.60388888889202,9.56,-93.60388888890157,False,6.300000000000182,False,False,,,,,,False,183.0,81.70833333333121,True,False,2026-06-28 13:43:14.660,30.0,120.0,False,False,False
austria_2026_R_00531,austria_2026_R,BOR,LAW,2026-06-28 13:42:44.940,32,CLOSE_INTERACTION_NO_PASS,"valid close battle, no pairwise order change inside the horizon",95.498333333333,3.04,-95.45249999998487,False,9.666666666666742,False,False,,,,,,False,67.0,208.5416666666666,True,False,2026-06-28 13:43:14.940,30.0,120.0,False,False,False
austria_2026_R_00532,austria_2026_R,HAD,HAM,2026-06-28 13:42:45.620,32,CLOSE_INTERACTION_NO_PASS,"valid close battle, no pairwise order change inside the horizon",95.45444444444456,10.16,-95.3838888889004,False,8.222222222221717,False,False,,,,,,False,200.0,24.586956521739015,True,False,2026-06-28 13:43:15.620,30.0,120.0,False,False,False
austria_2026_R_00533,austria_2026_R,COL,RUS,2026-06-28 13:42:57.460,32,LAPPED_UNLAPPED,pair separated by -4647 m of race distance at t0,79.29388888888892,8.76,-4647.189166666649,True,10.766666666666652,False,False,,,,,,False,297.0,,True,False,2026-06-28 13:43:27.460,30.0,120.0,False,False,False
austria_2026_R_00534,austria_2026_R,LEC,ANT,2026-06-28 13:42:58.500,32,CLOSE_INTERACTION_NO_PASS,"valid close battle, no pairwise order change inside the horizon",99.30722222222312,6.2,-99.27194444442284,False,6.8888888888891415,False,False,,,,,,False,208.0,58.93181818182009,True,False,2026-06-28 13:43:28.500,30.0,120.0,False,False,False
austria_2026_R_00535,austria_2026_R,BEA,HUL,2026-06-28 13:43:06.020,32,CLOSE_INTERACTION_NO_PASS,"valid close battle, no pairwise order change inside the horizon",87.52333333333286,4.2,-87.57611111112055,False,9.86666666666656,False,False,,,,,,False,73.0,182.93750000000034,True,False,2026-06-28 13:43:36.020,30.0,120.0,False,False,False
austria_2026_R_00536,austria_2026_R,OCO,BEA,2026-06-28 13:43:09.300,32,CLOSE_INTERACTION_NO_PASS,"valid close battle, no pairwise order change inside the horizon",99.93916666666678,3.32,-99.87611111110891,False,13.600000000000136,False,False,,,,,,False,66.0,208.0552083333327,True,False,2026-06-28 13:43:39.300,30.0,120.0,False,False,False
austria_2026_R_00537,austria_2026_R,PIA,LEC,2026-06-28 13:43:14.860,33,CLOSE_INTERACTION_NO_PASS,"valid close battle, no pairwise order change inside the horizon",94.11138888888888,4.28,-94.19222222222015,False,9.777777777777771,False,False,,,,,,False,137.0,84.30416666667492,True,False,2026-06-28 13:43:44.860,30.0,120.0,False,False,False
austria_2026_R_00538,austria_2026_R,HAM,PIA,2026-06-28 13:43:16.220,33,CLOSE_INTERACTION_NO_PASS,"valid close battle, no pairwise order change inside the horizon",98.55222222222224,5.72,-98.55222222220618,False,12.888888888888886,False,False,,,,,,False,149.0,92.2791395697798,True,False,2026-06-28 13:43:46.220,30.0,120.0,False,False,False
austria_2026_R_00539,austria_2026_R,HAD,HAM,2026-06-28 13:43:18.060,33,CLOSE_INTERACTION_NO_PASS,"valid close battle, no pairwise order change inside the horizon",98.25111111111107,4.32,-98.20638888888061,False,14.300000000000011,False,False,,,,,,False,149.0,95.52700000000016,True,False,2026-06-28 13:43:48.060,30.0,120.0,False,False,False
austria_2026_R_00540,austria_2026_R,ALO,NOR,2026-06-28 13:43:24.060,32,LAPPED_UNLAPPED,pair separated by -4661 m of race distance at t0,93.47499999999998,5.96,-4661.3602777777705,True,13.933333333333366,False,False,,,,,,False,185.0,77.95833333333334,True,False,2026-06-28 13:43:54.060,30.0,120.0,False,False,False
austria_2026_R_00541,austria_2026_R,COL,RUS,2026-06-28 13:43:27.981,32,LAPPED_UNLAPPED,pair separated by -4660 m of race distance at t0,92.46444444444433,6.12,-4660.359722222231,True,10.639999999999873,False,False,,,,,,False,147.0,91.31791600212641,True,False,2026-06-28 13:43:57.981,30.0,120.0,False,False,False
austria_2026_R_00542,austria_2026_R,ALB,COL,2026-06-28 13:43:28.580,32,CLOSE_INTERACTION_NO_PASS,"valid close battle, no pairwise order change inside the horizon",99.08805555555637,8.32,-99.08805555556319,False,7.499999999999773,False,False,,,,,,False,221.0,17.27959183673457,True,False,2026-06-28 13:43:58.580,30.0,120.0,False,False,False
austria_2026_R_00543,austria_2026_R,LEC,ANT,2026-06-28 13:43:42.020,33,CLOSE_INTERACTION_NO_PASS,"valid close battle, no pairwise order change inside the horizon",91.75972222222254,5.201,-91.6788888888841,False,11.999999999999773,False,False,,,,,,False,117.0,149.04327248140697,True,False,2026-06-28 13:44:12.020,30.0,120.0,False,False,False
austria_2026_R_00544,austria_2026_R,LAW,LIN,2026-06-28 13:43:52.060,33,CLOSE_INTERACTION_NO_PASS,"valid close battle, no pairwise order change inside the horizon",99.02416666666682,53.68,-99.0625,False,10.888888888889028,False,False,,,,,,False,288.0,14.02040816326571,True,False,2026-06-28 13:44:22.060,30.0,120.0,False,False,False
austria_2026_R_00545,austria_2026_R,HAM,PIA,2026-06-28 13:43:55.500,33,CLOSE_INTERACTION_NO_PASS,"valid close battle, no pairwise order change inside the horizon",98.13333333333412,11.561,-98.1333333333605,False,14.444444444444343,False,False,,,,,,False,192.0,21.909090909089922,True,False,2026-06-28 13:44:25.500,30.0,120.0,False,False,False
austria_2026_R_00546,austria_2026_R,BOR,LAW,2026-06-28 13:43:57.780,33,CLOSE_INTERACTION_NO_PASS,"valid close battle, no pairwise order change inside the horizon",93.62666666666655,3.161,-93.58722222220968,False,9.5,False,False,,,,,,False,72.0,211.5208333333336,True,False,2026-06-28 13:44:27.780,30.0,120.0,False,False,False
austria_2026_R_00547,austria_2026_R,HAD,HAM,2026-06-28 13:43:57.940,33,CLOSE_INTERACTION_NO_PASS,"valid close battle, no pairwise order change inside the horizon",98.01138888888818,4.001,-97.96666666667443,False,5.5,False,False,,,,,,False,172.0,64.85185185184946,True,False,2026-06-28 13:44:27.940,30.0,120.0,False,False,False
austria_2026_R_00548,austria_2026_R,PIA,LEC,2026-06-28 13:44:11.140,33,CLOSE_INTERACTION_NO_PASS,"valid close battle, no pairwise order change inside the horizon",99.49777777778218,9.441,-99.57861111112288,False,4.977777777777646,False,False,,,,,,False,248.0,20.5217391304351,True,False,2026-06-28 13:44:41.140,30.0,120.0,False,False,False
austria_2026_R_00549,austria_2026_R,ALB,VER,2026-06-28 13:44:14.901,33,LAPPED_UNLAPPED,pair separated by -4659 m of race distance at t0,91.28694444444443,4.999,-4658.988055555528,True,10.133333333333354,False,False,,,,,,False,152.0,94.38663335415364,True,False,2026-06-28 13:44:44.901,30.0,120.0,False,False,False
austria_2026_R_00550,austria_2026_R,BEA,HUL,2026-06-28 13:44:19.300,33,CLOSE_INTERACTION_NO_PASS,"valid close battle, no pairwise order change inside the horizon",94.3755555555556,3.121,-94.36277777777286,False,8.08888888888896,False,False,,,,,,False,64.0,201.51020408163265,True,False,2026-06-28 13:44:49.300,30.0,120.0,False,False,False
austria_2026_R_00551,austria_2026_R,COL,RUS,2026-06-28 13:44:26.781,33,LAPPED_UNLAPPED,pair separated by -4662 m of race distance at t0,94.41138888888918,3.999,-4662.3469444444345,True,12.333333333333258,False,False,,,,,,False,79.0,183.47695724597386,True,False,2026-06-28 13:44:56.781,30.0,120.0,False,False,False
austria_2026_R_00552,austria_2026_R,HAM,PIA,2026-06-28 13:44:27.981,34,CLOSE_INTERACTION_NO_PASS,"valid close battle, no pairwise order change inside the horizon",91.37138888888887,6.16,-91.39777777777635,False,13.800000000000011,False,False,,,,,,False,155.0,72.26018468223441,True,False,2026-06-28 13:44:57.981,30.0,120.0,False,False,False
austria_2026_R_00553,austria_2026_R,LEC,ANT,2026-06-28 13:44:39.821,34,CLOSE_INTERACTION_NO_PASS,"valid close battle, no pairwise order change inside the horizon",90.6438888888897,4.359,-90.66611111111706,False,11.5,False,False,,,,,,False,70.0,206.02967204580912,True,False,2026-06-28 13:45:09.821,30.0,120.0,False,False,False
austria_2026_R_00554,austria_2026_R,HAD,HAM,2026-06-28 13:44:44.580,34,CLOSE_INTERACTION_NO_PASS,"valid close battle, no pairwise order change inside the horizon",95.14444444444439,5.44,-95.12166666667326,False,24.761944444444453,False,False,,,,,,False,95.0,168.34203371397496,True,False,2026-06-28 13:45:14.580,30.0,120.0,False,False,False
austria_2026_R_00555,austria_2026_R,LAW,LIN,2026-06-28 13:44:50.820,34,CLOSE_INTERACTION_NO_PASS,"valid close battle, no pairwise order change inside the horizon",86.89638888888886,127.442,-86.92305555555504,False,11.12222222222222,False,False,,,,,,False,288.0,51.04828388598837,True,False,2026-06-28 13:45:20.820,30.0,120.0,False,False,False
austria_2026_R_00556,austria_2026_R,HAM,PIA,2026-06-28 13:45:24.580,34,CLOSE_INTERACTION_NO_PASS,"valid close battle, no pairwise order change inside the horizon",97.32111111111226,180.242,-97.34750000000349,False,31.666666666666742,False,False,,,,,,False,228.0,17.84142071035516,True,False,2026-06-28 13:45:54.580,30.0,120.0,False,False,False
austria_2026_R_00557,austria_2026_R,COL,VER,2026-06-28 13:45:26.101,34,LAPPED_UNLAPPED,pair separated by -4657 m of race distance at t0,88.98250000000002,5.799,-4656.924999999988,True,9.255555555555588,False,False,,,,,,False,200.0,81.15550510783181,True,False,2026-06-28 13:45:56.101,30.0,120.0,False,False,False
austria_2026_R_00558,austria_2026_R,VER,RUS,2026-06-28 13:45:39.821,35,CLOSE_INTERACTION_NO_PASS,"valid close battle, no pairwise order change inside the horizon",90.95833333333394,3.24,-90.93638888889109,False,9.244444444444525,False,False,,,,,,False,68.0,201.19670388091336,True,False,2026-06-28 13:46:09.821,30.0,120.0,False,False,False
austria_2026_R_00559,austria_2026_R,ALB,COL,2026-06-28 13:45:43.900,34,CLOSE_INTERACTION_NO_PASS,"valid close battle, no pairwise order change inside the horizon",98.37472222222277,4.561,-98.34972222222132,False,14.544444444444707,False,False,,,,,,False,76.0,194.02813965607027,True,False,2026-06-28 13:46:13.900,30.0,120.0,False,False,False
austria_2026_R_00560,austria_2026_R,HAD,HAM,2026-06-28 13:45:57.460,35,CLOSE_INTERACTION_NO_PASS,"valid close battle, no pairwise order change inside the horizon",91.59138888888856,3.681,-91.64833333334536,False,9.599999999999909,False,False,,,,,,False,63.0,198.58198999444173,True,False,2026-06-28 13:46:27.460,30.0,120.0,False,False,False
austria_2026_R_00561,austria_2026_R,STR,ALO,2026-06-28 13:46:13.781,34,CLOSE_INTERACTION_NO_PASS,"valid close battle, no pairwise order change inside the horizon",89.63750000000027,3.08,-89.63749999998254,False,12.533333333333303,False,False,,,,,,False,70.0,191.21999999999963,True,False,2026-06-28 13:46:43.781,30.0,120.0,False,False,False
austria_2026_R_00562,austria_2026_R,VER,RUS,2026-06-28 13:46:51.222,36,CLOSE_INTERACTION_NO_PASS,"valid close battle, no pairwise order change inside the horizon",96.17499999999927,4.599,-96.19416666665347,False,10.599999999999909,False,False,,,,,,False,69.0,205.05893657911628,True,False,2026-06-28 13:47:21.222,30.0,120.0,False,False,False
austria_2026_R_00563,austria_2026_R,COL,VER,2026-06-28 13:46:54.781,35,LAPPED_UNLAPPED,pair separated by -4667 m of race distance at t0,99.324166666667,3.041,-4667.185555555567,True,8.066666666666606,False,False,,,,,,False,58.0,188.9069767441866,True,False,2026-06-28 13:47:24.781,30.0,120.0,False,False,False
austria_2026_R_00564,austria_2026_R,LAW,LIN,2026-06-28 13:47:02.021,35,CLOSE_INTERACTION_NO_PASS,"valid close battle, no pairwise order change inside the horizon",98.8933333333348,11.28,-98.92638888888177,False,8.275277777777774,False,False,,,,,,False,245.0,13.090909090908347,True,False,2026-06-28 13:47:32.021,30.0,120.0,False,False,False
austria_2026_R_00565,austria_2026_R,NOR,HAD,2026-06-28 13:47:12.421,36,CLOSE_INTERACTION_NO_PASS,"valid close battle, no pairwise order change inside the horizon",98.3458333333333,4.4,-98.34583333332557,False,12.08888888888896,False,False,,,,,,False,76.0,204.91581632653075,True,False,2026-06-28 13:47:42.421,30.0,120.0,False,False,False
austria_2026_R_00566,austria_2026_R,OCO,NOR,2026-06-28 13:47:15.621,35,LAPPED_UNLAPPED,pair separated by -4663 m of race distance at t0,95.11805555555611,3.64,-4662.936111111136,True,9.722222222221944,False,False,,,,,,False,68.0,193.3799999999999,True,False,2026-06-28 13:47:45.621,30.0,120.0,False,False,False
austria_2026_R_00567,austria_2026_R,STR,ALO,2026-06-28 13:47:27.301,35,CLOSE_INTERACTION_NO_PASS,"valid close battle, no pairwise order change inside the horizon",99.45916666666676,5.0,-99.46055555556086,False,13.699999999999818,False,False,,,,,,False,96.0,158.06521739130483,True,False,2026-06-28 13:47:57.301,30.0,120.0,False,False,False
austria_2026_R_00568,austria_2026_R,ALB,ANT,2026-06-28 13:47:58.422,36,LAPPED_UNLAPPED,pair separated by -4659 m of race distance at t0,90.63499999999999,3.599,-4658.523888888885,True,7.466666666666669,False,False,,,,,,False,132.0,138.91176470588232,True,False,2026-06-28 13:48:28.422,30.0,120.0,False,False,False
austria_2026_R_00569,austria_2026_R,PIA,LEC,2026-06-28 13:48:01.421,37,PIT_RELATED,attacker or target on a box lap at t0,34.549166666666665,23.401,-34.53138888889225,False,3.800000000000068,True,True,2026-06-28 13:48:25.142,23.721,23.721,23.721,23.721,False,301.0,,False,False,2026-06-28 13:48:31.421,30.0,120.0,True,True,False
austria_2026_R_00570,austria_2026_R,VER,RUS,2026-06-28 13:48:03.141,37,CLOSE_INTERACTION_NO_PASS,"valid close battle, no pairwise order change inside the horizon",85.49083333333374,5.12,-85.52749999999651,False,11.331388888888796,False,False,,,,,,False,90.0,177.06250000000014,True,False,2026-06-28 13:48:33.141,30.0,120.0,False,False,False
austria_2026_R_00571,austria_2026_R,STR,ALO,2026-06-28 13:48:11.342,35,CLOSE_INTERACTION_NO_PASS,"valid close battle, no pairwise order change inside the horizon",96.7061111111093,8.399,-96.70749999998952,False,7.555555555555657,False,False,,,,,,False,198.0,48.39458615304651,True,False,2026-06-28 13:48:41.342,30.0,120.0,False,False,False
austria_2026_R_00572,austria_2026_R,LAW,LIN,2026-06-28 13:48:14.661,36,CLOSE_INTERACTION_NO_PASS,"valid close battle, no pairwise order change inside the horizon",99.42972222222215,10.801,-99.45388888890739,False,6.699999999999818,False,False,,,,,,False,263.0,7.095238095239112,True,False,2026-06-28 13:48:44.661,30.0,120.0,False,False,False
austria_2026_R_00573,austria_2026_R,NOR,HAD,2026-06-28 13:48:24.222,37,CLOSE_INTERACTION_NO_PASS,"valid close battle, no pairwise order change inside the horizon",93.25888888888926,5.599,-93.27888888888992,False,9.48888888888905,False,False,,,,,,False,96.0,161.8365019011402,True,False,2026-06-28 13:48:54.222,30.0,120.0,False,False,False
austria_2026_R_00574,austria_2026_R,HAM,LEC,2026-06-28 13:48:25.142,37,PIT_RELATED,attacker or target on a box lap at t0,15.669444444444935,14.12,-15.785555555543397,False,3.8999999999998636,True,True,2026-06-28 13:48:39.622,14.48,14.48,14.48,14.48,False,162.0,,False,False,2026-06-28 13:48:55.142,30.0,120.0,True,True,False
austria_2026_R_00575,austria_2026_R,LEC,PIA,2026-06-28 13:48:26.262,37,PIT_RELATED,attacker or target on a box lap at t0,13.658888888888214,13.0,-13.676666666637175,False,5.0,False,False,,,,,,False,242.0,-38.78571428571555,False,False,2026-06-28 13:48:56.262,30.0,120.0,True,True,False
austria_2026_R_00576,austria_2026_R,HAM,PIA,2026-06-28 13:48:39.622,37,CLOSE_INTERACTION_NO_PASS,"valid close battle, no pairwise order change inside the horizon",36.4444444444448,248.961,-36.578333333309274,False,17.54138888888555,False,False,,,,,,False,216.0,,True,False,2026-06-28 13:49:09.622,30.0,120.0,False,False,False
austria_2026_R_00577,austria_2026_R,LEC,HAM,2026-06-28 13:48:46.342,37,PIT_RELATED,attacker or target on a box lap at t0,10.811666666665133,22.639,-10.695555555546889,False,8.096666666666806,False,False,,,,,,False,160.0,-8.93877551020514,False,False,2026-06-28 13:49:16.342,30.0,120.0,True,True,False
austria_2026_R_00578,austria_2026_R,VER,RUS,2026-06-28 13:49:00.621,38,CLOSE_INTERACTION_NO_PASS,"valid close battle, no pairwise order change inside the horizon",95.71888888888887,3.721,-95.67083333333721,False,11.24444444444444,False,False,,,,,,False,127.0,157.0198675496689,True,False,2026-06-28 13:49:30.621,30.0,120.0,False,False,False
austria_2026_R_00579,austria_2026_R,HAD,LEC,2026-06-28 13:49:08.181,37,PIT_RELATED,attacker or target on a box lap at t0,98.7075000000018,6.12,-98.7591666666849,False,12.58277777777721,True,True,2026-06-28 13:49:14.661,6.48,6.48,6.48,6.48,False,160.0,28.474720596061395,False,False,2026-06-28 13:49:38.181,30.0,120.0,True,True,False
austria_2026_R_00580,austria_2026_R,LEC,NOR,2026-06-28 13:49:17.862,37,PIT_RELATED,attacker or target on a box lap at t0,23.398611111108494,4.079,-23.326944444444962,False,91.18833333333178,False,False,,,,,,False,280.0,-200.00000000000713,False,False,2026-06-28 13:49:47.862,30.0,120.0,True,True,False
austria_2026_R_00581,austria_2026_R,NOR,HAD,2026-06-28 13:49:22.181,38,CLOSE_INTERACTION_NO_PASS,"valid close battle, no pairwise order change inside the horizon",96.36416666666665,4.641,-96.34277777775424,False,15.231666666666683,False,False,,,,,,False,132.0,146.24089178901423,True,False,2026-06-28 13:49:52.181,30.0,120.0,False,False,False
austria_2026_R_00582,austria_2026_R,VER,RUS,2026-06-28 13:49:40.262,38,CLOSE_INTERACTION_NO_PASS,"valid close battle, no pairwise order change inside the horizon",99.35500000000184,9.72,-99.30694444442634,False,6.133333333333212,False,False,,,,,,False,176.0,44.312499999998074,True,False,2026-06-28 13:50:10.262,30.0,120.0,False,False,False
austria_2026_R_00583,austria_2026_R,BEA,VER,2026-06-28 13:50:12.062,38,LAPPED_UNLAPPED,pair separated by -4634 m of race distance at t0,65.74499999999998,26.32,-4633.59500000003,True,10.666666666666515,False,False,,,,,,False,307.0,,True,False,2026-06-28 13:50:42.062,30.0,120.0,False,False,False
austria_2026_R_00584,austria_2026_R,VER,RUS,2026-06-28 13:50:12.662,39,CLOSE_INTERACTION_NO_PASS,"valid close battle, no pairwise order change inside the horizon",97.54388888888889,4.48,-97.54388888887479,False,10.399999999999977,False,False,,,,,,False,140.0,98.70364583333271,True,False,2026-06-28 13:50:42.662,30.0,120.0,False,False,False
austria_2026_R_00585,austria_2026_R,NOR,HAD,2026-06-28 13:50:19.102,38,CLOSE_INTERACTION_NO_PASS,"valid close battle, no pairwise order change inside the horizon",97.07416666666677,7.68,-97.05277777777519,False,5.100000000000364,False,False,,,,,,False,209.0,47.428571428572006,True,False,2026-06-28 13:50:49.102,30.0,120.0,False,False,False
austria_2026_R_00586,austria_2026_R,ALO,STR,2026-06-28 13:50:35.982,37,CLOSE_INTERACTION_NO_PASS,"valid close battle, no pairwise order change inside the horizon",10.341944444445744,19.72,-10.423611111094942,False,5.066666666666151,False,False,,,,,,False,255.0,-17.853571428570888,True,False,2026-06-28 13:51:05.982,30.0,120.0,False,False,False
austria_2026_R_00587,austria_2026_R,COL,ANT,2026-06-28 13:50:35.982,38,LAPPED_UNLAPPED,pair separated by -4666 m of race distance at t0,98.37833333333379,5.16,-4666.247500000027,True,11.200000000000045,False,False,,,,,,False,97.0,160.17142857142838,True,False,2026-06-28 13:51:05.982,30.0,120.0,False,False,False
austria_2026_R_00588,austria_2026_R,ALB,OCO,2026-06-28 13:50:40.182,38,PIT_RELATED,attacker or target on a box lap at t0,19.49111111111111,3.96,-19.491111111128703,False,16.48888888888885,False,False,,,,,,False,292.0,-211.99999999999952,False,False,2026-06-28 13:51:10.182,30.0,120.0,True,True,False
austria_2026_R_00589,austria_2026_R,BEA,VER,2026-06-28 13:50:42.742,38,LAPPED_UNLAPPED,pair separated by -4656 m of race distance at t0,87.83638888888936,6.72,-4655.686388888891,True,9.777777777777828,False,False,,,,,,False,187.0,35.55500000000034,True,False,2026-06-28 13:51:12.742,30.0,120.0,False,False,False
austria_2026_R_00590,austria_2026_R,ALO,LIN,2026-06-28 13:51:02.262,38,LAPPED_UNLAPPED,pair separated by -4587 m of race distance at t0,19.45416666666665,4.32,-4587.357222222257,True,1.3444444444444343,False,False,,,,,,False,150.0,,True,False,2026-06-28 13:51:32.262,30.0,120.0,False,False,False
austria_2026_R_00591,austria_2026_R,NOR,HAD,2026-06-28 13:51:02.662,39,CLOSE_INTERACTION_NO_PASS,"valid close battle, no pairwise order change inside the horizon; the pair did swap 110.0 s after t0, outside it",91.8430555555558,22.76,-91.84305555556784,False,16.891388888889196,False,False,,,109.8,110.04,110.04,True,185.0,54.88488372093069,True,False,2026-06-28 13:51:32.662,30.0,120.0,False,False,False
austria_2026_R_00592,austria_2026_R,ALO,STR,2026-06-28 13:51:06.782,38,CLOSE_INTERACTION_NO_PASS,"valid close battle, no pairwise order change inside the horizon",33.31416666666655,7.16,-33.30166666666628,False,3.6555555555555657,False,False,,,,,,False,290.0,,True,False,2026-06-28 13:51:36.782,30.0,120.0,False,False,False
austria_2026_R_00593,austria_2026_R,VER,RUS,2026-06-28 13:51:09.902,39,CLOSE_INTERACTION_NO_PASS,"valid close battle, no pairwise order change inside the horizon",94.60055555555573,8.16,-94.60055555554572,False,5.5,False,False,,,,,,False,225.0,39.74773815859406,True,False,2026-06-28 13:51:39.902,30.0,120.0,False,False,False
austria_2026_R_00594,austria_2026_R,LAW,LIN,2026-06-28 13:51:26.982,39,CLOSE_INTERACTION_NO_PASS,"valid close battle, no pairwise order change inside the horizon",96.13999999999965,8.441,-96.15277777778101,False,7.466666666666697,False,False,,,,,,False,261.0,15.090909090908545,True,False,2026-06-28 13:51:56.982,30.0,120.0,False,False,False
austria_2026_R_00595,austria_2026_R,GAS,BEA,2026-06-28 13:51:28.143,39,PIT_RELATED,attacker or target on a box lap at t0,22.88250000000005,3.279,-22.889444444444962,False,20.0,False,False,,,94.8,,,False,225.0,-225.0,False,False,2026-06-28 13:51:58.143,30.0,120.0,True,True,False
austria_2026_R_00596,austria_2026_R,BEA,VER,2026-06-28 13:51:42.423,39,LAPPED_UNLAPPED,pair separated by -4664 m of race distance at t0,96.49805555555531,4.159,-4664.381388888898,True,14.260277777777901,False,False,,,,,,False,70.0,195.3059663437023,True,False,2026-06-28 13:52:12.423,30.0,120.0,False,False,False
austria_2026_R_00597,austria_2026_R,NOR,HAD,2026-06-28 13:51:45.502,40,PIT_RELATED,attacker or target on a box lap at t0,98.88722222222222,7.64,-98.79055555554805,False,14.3333333333333,False,False,,,67.2,67.2,67.2,True,224.0,35.280500000003606,False,False,2026-06-28 13:52:15.502,30.0,120.0,True,True,False
austria_2026_R_00598,austria_2026_R,VER,RUS,2026-06-28 13:51:53.302,40,CLOSE_INTERACTION_NO_PASS,"valid close battle, no pairwise order change inside the horizon",96.93305555555617,23.4,-97.61722222223761,False,15.55555555555543,False,False,,,,,,False,202.0,33.64583333333315,True,False,2026-06-28 13:52:23.302,30.0,120.0,False,False,False
austria_2026_R_00599,austria_2026_R,ALB,LEC,2026-06-28 13:52:02.143,39,LAPPED_UNLAPPED,pair separated by -4662 m of race distance at t0,94.10055555555556,5.08,-4661.935833333322,True,23.68638888888887,False,False,,,,,,False,171.0,91.64285714285708,True,False,2026-06-28 13:52:32.143,30.0,120.0,False,False,False
austria_2026_R_00600,austria_2026_R,LAW,LIN,2026-06-28 13:52:12.542,40,CLOSE_INTERACTION_NO_PASS,"valid close battle, no pairwise order change inside the horizon",99.15,3.961,-99.08166666669422,False,8.000000000000028,False,False,,,,,,False,125.0,133.97435897435895,True,False,2026-06-28 13:52:42.542,30.0,120.0,False,False,False
austria_2026_R_00601,austria_2026_R,STR,LAW,2026-06-28 13:52:13.462,39,LAPPED_UNLAPPED,pair separated by -4666 m of race distance at t0,98.52611111111112,6.64,-4666.448611111118,True,10.844444444444463,False,False,,,,,,False,180.0,80.69565217391298,True,False,2026-06-28 13:52:43.462,30.0,120.0,False,False,False
austria_2026_R_00602,austria_2026_R,VER,RUS,2026-06-28 13:52:36.503,41,CLOSE_INTERACTION_NO_PASS,"valid close battle, no pairwise order change inside the horizon",99.66111111111114,7.599,-99.53444444443448,False,9.493611111111107,False,False,,,,,,False,203.0,58.929761904770054,True,False,2026-06-28 13:53:06.503,30.0,120.0,False,False,False
austria_2026_R_00603,austria_2026_R,NOR,HAD,2026-06-28 13:52:42.943,40,PIT_RELATED,attacker or target on a box lap at t0,96.9455555555569,9.519,-96.84888888889691,False,16.222222222222626,True,True,2026-06-28 13:52:52.702,9.759,9.759,9.759,9.759,False,226.0,12.84444444444398,False,False,2026-06-28 13:53:12.943,30.0,120.0,True,True,False
austria_2026_R_00604,austria_2026_R,COL,GAS,2026-06-28 13:52:49.023,40,CLOSE_INTERACTION_NO_PASS,"valid close battle, no pairwise order change inside the horizon",94.13638888888892,4.4,-94.14555555555853,False,6.844444444444463,False,False,,,,,,False,167.0,308.221938775524,True,False,2026-06-28 13:53:19.023,30.0,120.0,False,False,False
austria_2026_R_00605,austria_2026_R,HAM,PIA,2026-06-28 13:52:51.822,41,CLOSE_INTERACTION_NO_PASS,"valid close battle, no pairwise order change inside the horizon",95.31833333333334,55.721,-95.32472222222714,False,16.03333333333319,False,False,,,,,,False,277.0,16.318254390633005,True,False,2026-06-28 13:53:21.822,30.0,120.0,False,False,False
austria_2026_R_00606,austria_2026_R,LAW,LIN,2026-06-28 13:52:52.702,40,CLOSE_INTERACTION_NO_PASS,"valid close battle, no pairwise order change inside the horizon",96.83666666666613,4.161,-96.7683333333407,False,5.073611111110949,False,False,,,,,,False,158.0,59.62500000000035,True,False,2026-06-28 13:53:22.702,30.0,120.0,False,False,False
austria_2026_R_00607,austria_2026_R,LEC,HAD,2026-06-28 13:53:08.263,40,PIT_RELATED,attacker or target on a box lap at t0,99.98722222222295,5.16,-564.1600000000035,False,85.39444444444445,True,True,2026-06-28 13:53:10.183,1.92,1.92,5.4,5.4,False,80.0,186.82978723404332,False,False,2026-06-28 13:53:38.263,30.0,120.0,True,True,False
austria_2026_R_00608,austria_2026_R,STR,LAW,2026-06-28 13:53:13.423,39,LAPPED_UNLAPPED,pair separated by -4666 m of race distance at t0,97.72083333333649,5.879,-4665.643333333341,True,19.288888888888778,False,False,,,,,,False,194.0,81.0927262631873,True,False,2026-06-28 13:53:43.423,30.0,120.0,False,False,False
austria_2026_R_00609,austria_2026_R,HAD,LEC,2026-06-28 13:53:13.863,41,PIT_RELATED,attacker or target on a box lap at t0,10.949166666666628,5.439,-10.922777777770534,False,44.177777777777806,False,False,,,89.56,,,False,168.0,-88.99999999999972,False,False,2026-06-28 13:53:43.863,30.0,120.0,True,True,False
austria_2026_R_00610,austria_2026_R,ALB,HAD,2026-06-28 13:53:18.862,40,PIT_RELATED,attacker or target on a box lap at t0,95.93166666666673,7.361,-4663.804999999993,True,7.3333333333332575,True,True,2026-06-28 13:53:26.223,7.361,7.361,7.521,7.521,False,93.0,12.035735556879239,False,False,2026-06-28 13:53:48.862,30.0,120.0,True,True,False
austria_2026_R_00611,austria_2026_R,LAW,LIN,2026-06-28 13:53:25.582,41,CLOSE_INTERACTION_NO_PASS,"valid close battle, no pairwise order change inside the horizon",98.21055555555552,4.161,-98.26499999998487,False,9.566666666666663,False,False,,,,,,False,131.0,106.06173496541086,True,False,2026-06-28 13:53:55.582,30.0,120.0,False,False,False
austria_2026_R_00612,austria_2026_R,STR,LAW,2026-06-28 13:53:43.583,40,LAPPED_UNLAPPED,pair separated by -4655 m of race distance at t0,87.37888888888938,3.56,-4655.2844444444345,True,13.200000000000045,False,False,,,,,,False,67.0,189.58695652173822,True,False,2026-06-28 13:54:13.583,30.0,120.0,False,False,False
austria_2026_R_00613,austria_2026_R,HAD,LEC,2026-06-28 13:53:45.743,41,PIT_RELATED,attacker or target on a box lap at t0,89.44777777777722,3.04,-89.42138888887712,False,17.666666666666515,False,False,,,57.68,,,False,112.0,198.18023255813958,False,False,2026-06-28 13:54:15.743,30.0,120.0,True,True,False
austria_2026_R_00614,austria_2026_R,VER,RUS,2026-06-28 13:53:48.543,42,CLOSE_INTERACTION_NO_PASS,"valid close battle, no pairwise order change inside the horizon",91.24222222222221,6.48,-91.23111111111939,False,9.533333333333331,False,False,,,,,,False,188.0,50.172727272729276,True,False,2026-06-28 13:54:18.543,30.0,120.0,False,False,False
austria_2026_R_00615,austria_2026_R,HAM,PIA,2026-06-28 13:53:49.623,41,PIT_RELATED,a pit stop occurred inside the outcome window,97.78444444444676,10.8,-97.79083333333256,False,4.511111111111404,False,False,,,88.241,88.08,88.241,True,245.0,5.48780487804878,True,False,2026-06-28 13:54:19.623,30.0,120.0,False,True,False
austria_2026_R_00616,austria_2026_R,ALB,HAD,2026-06-28 13:53:50.623,40,PIT_RELATED,attacker or target on a box lap at t0,99.40833333333421,12.24,-4667.281666666648,True,6.222222222222172,False,False,,,,,,False,114.0,19.99999999999946,False,False,2026-06-28 13:54:20.623,30.0,120.0,True,True,False
austria_2026_R_00617,austria_2026_R,BEA,ANT,2026-06-28 13:53:55.383,41,LAPPED_UNLAPPED,pair separated by -4666 m of race distance at t0,97.7472222222222,8.12,-4665.6374999999825,True,12.444444444444457,False,False,,,,,,False,299.0,,True,False,2026-06-28 13:54:25.383,30.0,120.0,False,False,False
austria_2026_R_00618,austria_2026_R,ALO,STR,2026-06-28 13:53:59.743,40,CLOSE_INTERACTION_NO_PASS,"valid close battle, no pairwise order change inside the horizon",96.83388888888908,6.76,-96.83694444442517,False,13.111111111111086,False,False,,,62.56,,,False,152.0,75.30904255319045,True,False,2026-06-28 13:54:29.743,30.0,120.0,False,False,False
austria_2026_R_00619,austria_2026_R,LAW,LIN,2026-06-28 13:54:05.463,41,CLOSE_INTERACTION_NO_PASS,"valid close battle, no pairwise order change inside the horizon",96.00416666666615,10.76,-96.05861111110426,False,10.144444444444161,False,False,,,,,,False,175.0,32.4632653061223,True,False,2026-06-28 13:54:35.463,30.0,120.0,False,False,False
austria_2026_R_00620,austria_2026_R,GAS,BEA,2026-06-28 13:54:14.823,41,CLOSE_INTERACTION_NO_PASS,"valid close battle, no pairwise order change inside the horizon",92.46416666666732,4.08,-92.3930555555562,False,8.177777777777692,False,False,,,,,,False,64.0,193.66666666666603,True,False,2026-06-28 13:54:44.823,30.0,120.0,False,False,False
austria_2026_R_00621,austria_2026_R,BEA,ANT,2026-06-28 13:54:25.983,41,LAPPED_UNLAPPED,pair separated by -4656 m of race distance at t0,87.68777777777746,6.8,-4655.578055555554,True,15.155555555555566,False,False,,,,,,False,147.0,95.18611111111159,True,False,2026-06-28 13:54:55.983,30.0,120.0,False,False,False
austria_2026_R_00622,austria_2026_R,ALB,HAD,2026-06-28 13:54:28.143,41,LAPPED_UNLAPPED,pair separated by -4652 m of race distance at t0,84.33055555555556,8.44,-4652.220833333326,True,11.244444444444412,False,False,,,,,,False,303.0,316.6273255814008,True,False,2026-06-28 13:54:58.143,30.0,120.0,False,False,False
austria_2026_R_00623,austria_2026_R,LAW,LIN,2026-06-28 13:54:38.704,42,CLOSE_INTERACTION_NO_PASS,"valid close battle, no pairwise order change inside the horizon",84.61222222222221,5.279,-84.53277777775656,False,8.683888888888873,False,False,,,,,,False,145.0,106.55888650963601,True,False,2026-06-28 13:55:08.704,30.0,120.0,False,False,False
austria_2026_R_00624,austria_2026_R,ALO,BOR,2026-06-28 13:54:43.423,41,LAPPED_UNLAPPED,pair separated by -4641 m of race distance at t0,73.22916666666666,53.28,-4641.154722222214,True,7.962500000000034,False,False,,,92.44,,,False,296.0,,True,False,2026-06-28 13:55:13.423,30.0,120.0,False,False,False
austria_2026_R_00625,austria_2026_R,GAS,BEA,2026-06-28 13:54:57.383,41,CLOSE_INTERACTION_NO_PASS,"valid close battle, no pairwise order change inside the horizon; the pair did swap 111.5 s after t0, outside it",99.82083333333048,7.481,-99.7497222222155,False,7.4822222222214805,False,False,,,111.52,107.001,111.52,True,195.0,78.15217391304508,True,False,2026-06-28 13:55:27.383,30.0,120.0,False,False,False
austria_2026_R_00626,austria_2026_R,ALB,HAD,2026-06-28 13:54:58.584,41,LAPPED_UNLAPPED,pair separated by -4663 m of race distance at t0,95.2297222222212,5.599,-4663.119999999995,True,7.88638888888886,False,False,,,,,,False,148.0,75.12595614482413,True,False,2026-06-28 13:55:28.584,30.0,120.0,False,False,False
austria_2026_R_00627,austria_2026_R,VER,RUS,2026-06-28 13:55:00.463,43,PIT_RELATED,attacker or target on a box lap at t0,95.70861111111113,8.32,-95.70861111109843,False,15.666666666666671,False,False,,,66.52,66.52,66.52,True,206.0,41.220329962749645,False,False,2026-06-28 13:55:30.463,30.0,120.0,True,True,False
austria_2026_R_00628,austria_2026_R,HAM,PIA,2026-06-28 13:55:01.623,42,PIT_RELATED,attacker or target on a box lap at t0,99.12083333333476,15.72,-99.14444444444962,False,8.600000000000364,True,True,2026-06-28 13:55:17.703,16.08,16.08,16.08,16.08,False,223.0,17.97727272727157,False,False,2026-06-28 13:55:31.623,30.0,120.0,True,True,True
austria_2026_R_00629,austria_2026_R,HAM,NOR,2026-06-28 13:55:17.703,42,PIT_RELATED,attacker or target on a box lap at t0,14.775833333336777,4.12,-14.838333333318587,False,73.9130555555584,False,False,,,,,,False,277.0,,False,False,2026-06-28 13:55:47.703,30.0,120.0,True,True,False
austria_2026_R_00630,austria_2026_R,PIA,HAM,2026-06-28 13:55:18.144,42,PIT_RELATED,attacker or target on a box lap at t0,12.151388888886231,4.679,-12.127777777757728,False,8.58166666666401,True,True,2026-06-28 13:55:23.063,4.9190000000000005,7.44,4.9190000000000005,7.44,False,80.0,-77.8095238095245,False,False,2026-06-28 13:55:48.144,30.0,120.0,True,True,False
austria_2026_R_00631,austria_2026_R,BEA,ANT,2026-06-28 13:55:25.224,42,LAPPED_UNLAPPED,pair separated by -4661 m of race distance at t0,92.65638888888884,3.599,-4660.55777777778,True,13.299999999999955,False,False,,,,,,False,65.0,211.1290158082611,True,False,2026-06-28 13:55:55.224,30.0,120.0,False,False,False
austria_2026_R_00632,austria_2026_R,OCO,HAM,2026-06-28 13:55:28.983,41,PIT_RELATED,attacker or target on a box lap at t0,96.37194444444276,4.76,-5136.85194444441,True,73.65611111111201,True,True,2026-06-28 13:55:30.623,1.6400000000000001,1.6400000000000001,5.04,5.04,False,79.0,186.57777777777574,False,False,2026-06-28 13:55:58.983,30.0,120.0,True,True,False
austria_2026_R_00633,austria_2026_R,OCO,PIA,2026-06-28 13:55:34.023,42,PIT_RELATED,attacker or target on a box lap at t0,70.59111111111119,6.2,-4638.481388888875,True,11.333333333333314,True,True,2026-06-28 13:55:40.423,6.4,6.4,6.4,6.4,False,95.0,,False,False,2026-06-28 13:56:04.023,30.0,120.0,True,True,False
austria_2026_R_00634,austria_2026_R,LEC,HAM,2026-06-28 13:55:34.023,43,PIT_RELATED,attacker or target on a box lap at t0,84.1602777777778,5.641,-83.84916666665231,False,21.888888888888857,True,True,2026-06-28 13:55:39.863,5.84,5.84,5.84,5.84,False,80.0,224.9500000000001,False,False,2026-06-28 13:56:04.023,30.0,120.0,True,True,False
austria_2026_R_00635,austria_2026_R,HAM,OCO,2026-06-28 13:55:34.303,43,PIT_RELATED,attacker or target on a box lap at t0,14.947777777777759,5.361,4552.693888888869,True,7.733333333333405,True,True,2026-06-28 13:55:53.064,18.761,18.761,18.761,18.761,False,174.0,-94.00000000000026,False,False,2026-06-28 13:56:04.303,30.0,120.0,True,True,False
austria_2026_R_00636,austria_2026_R,ALO,STR,2026-06-28 13:55:36.903,41,CLOSE_INTERACTION_NO_PASS,"valid close battle, no pairwise order change inside the horizon",46.93666666666695,254.321,-46.93666666664649,False,25.09166666667032,False,False,,,,,,False,207.0,,True,False,2026-06-28 13:56:06.903,30.0,120.0,False,False,False
austria_2026_R_00637,austria_2026_R,PIA,LEC,2026-06-28 13:55:43.423,43,PIT_RELATED,attacker or target on a box lap at t0,12.08722222222218,6.4,-12.149722222238779,False,13.611111111111313,True,True,2026-06-28 13:55:50.063,6.64,6.64,6.64,6.64,False,296.0,-71.84615384615357,False,False,2026-06-28 13:56:13.423,30.0,120.0,True,True,False
austria_2026_R_00638,austria_2026_R,VER,RUS,2026-06-28 13:55:56.583,43,PIT_RELATED,attacker or target on a box lap at t0,99.87416666666695,10.161,-99.87416666664649,False,9.699999999999818,True,True,2026-06-28 13:56:06.983,10.4,10.4,10.4,10.4,False,295.0,3.9600000000021285,False,False,2026-06-28 13:56:26.583,30.0,120.0,True,True,False
austria_2026_R_00639,austria_2026_R,STR,BOR,2026-06-28 13:55:57.824,42,LAPPED_UNLAPPED,pair separated by -4662 m of race distance at t0,93.81722222222221,83.639,-4661.805833333317,True,23.667222222222108,False,False,,,91.279,,,False,288.0,,True,False,2026-06-28 13:56:27.824,30.0,120.0,False,False,False
austria_2026_R_00640,austria_2026_R,LAW,LIN,2026-06-28 13:56:05.224,43,CLOSE_INTERACTION_NO_PASS,"valid close battle, no pairwise order change inside the horizon",93.05000000000075,195.56,-93.0622222222155,False,12.696666666666715,False,False,,,,,,False,244.0,25.969038565996502,True,False,2026-06-28 13:56:35.224,30.0,120.0,False,False,False
austria_2026_R_00641,austria_2026_R,LEC,PIA,2026-06-28 13:56:05.224,43,PIT_RELATED,attacker or target on a box lap at t0,14.62805555555542,6.2,-14.565555555571336,False,16.26666666666688,True,True,2026-06-28 13:56:11.624,6.4,6.4,6.4,6.4,False,299.0,,False,False,2026-06-28 13:56:35.224,30.0,120.0,True,True,False
austria_2026_R_00642,austria_2026_R,OCO,PIA,2026-06-28 13:56:10.223,42,PIT_RELATED,attacker or target on a box lap at t0,74.52722222222246,23.8,-4642.417499999981,True,7.555555555555657,False,False,,,,,,False,103.0,,False,False,2026-06-28 13:56:40.223,30.0,120.0,True,True,False
austria_2026_R_00643,austria_2026_R,HAM,OCO,2026-06-28 13:56:10.624,43,PIT_RELATED,attacker or target on a box lap at t0,13.646388888887486,26.6,4553.99527777778,True,10.400000000000091,True,True,2026-06-28 13:56:37.424,26.8,26.8,26.8,26.8,False,190.0,-90.99002493765289,False,False,2026-06-28 13:56:40.624,30.0,120.0,True,True,False
austria_2026_R_00644,austria_2026_R,RUS,GAS,2026-06-28 13:56:25.104,44,PIT_RELATED,attacker or target on a box lap at t0,26.241388888888878,4.679,4541.317777777789,True,19.844444444444434,False,False,,,,,,False,235.0,-155.00000000000006,False,False,2026-06-28 13:56:55.104,30.0,120.0,True,True,False
austria_2026_R_00645,austria_2026_R,PIA,LEC,2026-06-28 13:56:25.864,43,PIT_RELATED,attacker or target on a box lap at t0,21.656111111110476,9.239,-21.718611111107748,False,15.622222222222717,True,True,2026-06-28 13:56:34.303,8.439,8.439,8.439,8.439,False,257.0,-74.00000000000234,False,False,2026-06-28 13:56:55.864,30.0,120.0,True,True,False
austria_2026_R_00646,austria_2026_R,OCO,HAM,2026-06-28 13:56:38.424,42,PIT_RELATED,attacker or target on a box lap at t0,13.269999999996344,4.319,-4580.911666666652,True,7.333333333333485,True,True,2026-06-28 13:56:43.023,4.599,4.599,4.599,4.599,False,208.0,-47.240000000000144,False,False,2026-06-28 13:57:08.424,30.0,120.0,True,True,False
austria_2026_R_00647,austria_2026_R,HAM,OCO,2026-06-28 13:56:43.824,43,PIT_RELATED,attacker or target on a box lap at t0,10.001944444448327,3.959,4557.6397222222,True,4.190833333333103,True,False,2026-06-28 13:56:48.703,4.879,4.879,,,False,279.0,-40.10861423220775,False,False,2026-06-28 13:57:13.824,30.0,120.0,True,True,False
austria_2026_R_00648,austria_2026_R,BEA,GAS,2026-06-28 13:56:46.864,43,CLOSE_INTERACTION_NO_PASS,"valid close battle, no pairwise order change inside the horizon",11.675277777778092,32.4,-11.769722222205019,False,4.522222222222354,False,False,,,,,,False,192.0,-18.583333333333204,True,False,2026-06-28 13:57:16.864,30.0,120.0,False,False,False
austria_2026_R_00649,austria_2026_R,HAM,PIA,2026-06-28 13:56:48.303,44,CLOSE_INTERACTION_NO_PASS,"valid close battle, no pairwise order change inside the horizon",99.23361111111107,52.361,-99.71527777778101,False,11.231111111111147,False,False,,,87.961,,,False,303.0,,True,False,2026-06-28 13:57:18.303,30.0,120.0,False,False,False
austria_2026_R_00650,austria_2026_R,HAD,HAM,2026-06-28 13:56:49.063,44,CLOSE_INTERACTION_NO_PASS,"valid close battle, no pairwise order change inside the horizon",85.41611111111112,45.561,-85.36888888888643,False,9.200000000000045,False,False,,,,,,False,310.0,231.27142096859987,True,False,2026-06-28 13:57:19.063,30.0,120.0,False,False,False
austria_2026_R_00651,austria_2026_R,PIA,LEC,2026-06-28 13:57:03.064,44,CLOSE_INTERACTION_NO_PASS,"valid close battle, no pairwise order change inside the horizon",95.94333333333384,3.76,-95.47527777779032,False,9.299999999999955,False,False,,,,,,False,70.0,185.99323269130656,True,False,2026-06-28 13:57:33.064,30.0,120.0,False,False,False
austria_2026_R_00652,austria_2026_R,OCO,LEC,2026-06-28 13:57:03.464,43,LAPPED_UNLAPPED,pair separated by -4663 m of race distance at t0,94.7316666666668,3.08,-4662.568333333358,True,8.699999999999818,False,False,,,,,,False,66.0,178.61958184599726,True,False,2026-06-28 13:57:33.464,30.0,120.0,False,False,False
austria_2026_R_00653,austria_2026_R,BEA,GAS,2026-06-28 13:57:23.104,43,CLOSE_INTERACTION_NO_PASS,"valid close battle, no pairwise order change inside the horizon",98.72222222222035,8.8,-98.81666666665114,False,7.444444444444798,False,False,,,,,,False,226.0,21.32343750000075,True,False,2026-06-28 13:57:53.104,30.0,120.0,False,False,False
austria_2026_R_00654,austria_2026_R,STR,BOR,2026-06-28 13:57:27.624,43,PIT_RELATED,attacker or target on a box lap at t0,92.03833333333341,53.84,-4659.9105555555725,True,11.922222222222445,False,False,,,54.04,54.04,54.04,True,199.0,34.02040816326554,False,False,2026-06-28 13:57:57.624,30.0,120.0,True,True,False
austria_2026_R_00655,austria_2026_R,HAM,PIA,2026-06-28 13:57:46.144,44,CLOSE_INTERACTION_NO_PASS,"valid close battle, no pairwise order change inside the horizon",98.2508333333326,7.76,-98.7324999999837,False,6.599999999999454,False,False,,,30.12,,,False,217.0,41.533333333336486,True,False,2026-06-28 13:58:16.144,30.0,120.0,False,False,False
austria_2026_R_00656,austria_2026_R,COL,NOR,2026-06-28 13:57:46.304,44,LAPPED_UNLAPPED,pair separated by -4662 m of race distance at t0,93.8325,8.12,-4661.676944444451,True,7.466666666666654,False,False,,,,,,False,308.0,,True,False,2026-06-28 13:58:16.304,30.0,120.0,False,False,False
austria_2026_R_00657,austria_2026_R,BEA,GAS,2026-06-28 13:57:53.584,44,CLOSE_INTERACTION_NO_PASS,"valid close battle, no pairwise order change inside the horizon",99.75249999999983,4.8,-99.68361111113336,False,13.599999999999909,False,False,,,,,,False,106.0,142.7446808510637,True,False,2026-06-28 13:58:23.584,30.0,120.0,False,False,False
austria_2026_R_00658,austria_2026_R,NOR,RUS,2026-06-28 13:58:01.104,45,CLOSE_INTERACTION_NO_PASS,"valid close battle, no pairwise order change inside the horizon",99.35972222222199,3.72,-99.35916666666162,False,10.365277777777692,False,False,,,,,,False,76.0,205.97435897435983,True,False,2026-06-28 13:58:31.104,30.0,120.0,False,False,False
austria_2026_R_00659,austria_2026_R,OCO,HAD,2026-06-28 13:58:02.464,44,LAPPED_UNLAPPED,pair separated by -4648 m of race distance at t0,80.43888888888888,8.76,-4648.372499999998,True,9.399999999999977,False,False,,,,,,False,309.0,,True,False,2026-06-28 13:58:32.464,30.0,120.0,False,False,False
austria_2026_R_00660,austria_2026_R,PIA,LEC,2026-06-28 13:58:13.664,45,CLOSE_INTERACTION_NO_PASS,"valid close battle, no pairwise order change inside the horizon",99.8172222222222,3.96,-99.81722222222015,False,8.088888888888732,False,False,,,,,,False,82.0,165.82000000000048,True,False,2026-06-28 13:58:43.664,30.0,120.0,False,False,False
austria_2026_R_00661,austria_2026_R,HAD,HAM,2026-06-28 13:58:16.744,45,CLOSE_INTERACTION_NO_PASS,"valid close battle, no pairwise order change inside the horizon",97.99305555555475,5.84,-98.5358333333279,False,11.899999999999864,False,False,,,,,,False,113.0,147.29787234042576,True,False,2026-06-28 13:58:46.744,30.0,120.0,False,False,False
austria_2026_R_00662,austria_2026_R,COL,NOR,2026-06-28 13:58:17.024,44,LAPPED_UNLAPPED,pair separated by -4661 m of race distance at t0,93.07138888888926,6.4,-4660.915833333333,True,11.099999999999909,False,False,,,,,,False,146.0,84.70833333333317,True,False,2026-06-28 13:58:47.024,30.0,120.0,False,False,False
austria_2026_R_00663,austria_2026_R,HAM,PIA,2026-06-28 13:58:28.464,45,CLOSE_INTERACTION_NO_PASS,"valid close battle, no pairwise order change inside the horizon",99.12805555555678,22.08,-98.52805555553641,False,12.711111111110995,False,False,,,,,,False,195.0,35.50000000000034,True,False,2026-06-28 13:58:58.464,30.0,120.0,False,False,False
austria_2026_R_00664,austria_2026_R,HUL,BOR,2026-06-28 13:58:30.584,44,PIT_RELATED,attacker or target on a box lap at t0,89.03416666666726,4.641,-552.5708333333314,False,74.58805555555438,True,True,2026-06-28 13:58:32.384,1.8,1.8,4.881,4.881,False,77.0,170.40511147362827,False,False,2026-06-28 13:59:00.584,30.0,120.0,True,True,False
austria_2026_R_00665,austria_2026_R,OCO,HAD,2026-06-28 13:58:33.024,44,LAPPED_UNLAPPED,pair separated by -4668 m of race distance at t0,99.8777777777791,5.48,-4667.811388888862,True,12.222222222222399,False,False,,,,,,False,131.0,92.93999999999937,True,False,2026-06-28 13:59:03.024,30.0,120.0,False,False,False
austria_2026_R_00666,austria_2026_R,PIA,LEC,2026-06-28 13:59:09.904,46,CLOSE_INTERACTION_NO_PASS,"valid close battle, no pairwise order change inside the horizon",97.44388888888886,4.28,-97.464722222212,False,9.333333333333314,False,False,,,,,,False,136.0,124.3338437978654,True,False,2026-06-28 13:59:39.904,30.0,120.0,False,False,False
austria_2026_R_00667,austria_2026_R,HAM,PIA,2026-06-28 13:59:11.944,46,CLOSE_INTERACTION_NO_PASS,"valid close battle, no pairwise order change inside the horizon",94.37472222222223,3.801,-94.3747222222155,False,11.888888888888886,False,False,,,,,,False,133.0,142.16216216216222,True,False,2026-06-28 13:59:41.944,30.0,120.0,False,False,False
austria_2026_R_00668,austria_2026_R,HAD,HAM,2026-06-28 13:59:13.944,46,CLOSE_INTERACTION_NO_PASS,"valid close battle, no pairwise order change inside the horizon",97.49055555555557,3.56,-97.4549999999872,False,8.777777777777771,False,False,,,,,,False,131.0,167.17449999999695,True,False,2026-06-28 13:59:43.944,30.0,120.0,False,False,False
austria_2026_R_00669,austria_2026_R,COL,NOR,2026-06-28 13:59:16.464,45,LAPPED_UNLAPPED,pair separated by -4661 m of race distance at t0,93.20888888888885,4.08,-4661.066666666651,True,12.833333333333258,False,False,,,,,,False,76.0,172.66577967003664,True,False,2026-06-28 13:59:46.464,30.0,120.0,False,False,False
austria_2026_R_00670,austria_2026_R,STR,ALO,2026-06-28 13:59:51.864,45,PIT_RELATED,attacker or target on a box lap at t0,13.381388888888864,3.361,-13.809166666673264,False,10.266666666666652,False,False,,,,,,False,272.0,-83.99999999999989,False,False,2026-06-28 14:00:21.864,30.0,120.0,True,True,False
austria_2026_R_00671,austria_2026_R,GAS,BOR,2026-06-28 14:00:16.905,46,CLOSE_INTERACTION_NO_PASS,"valid close battle, no pairwise order change inside the horizon",92.48777777777786,4.24,-92.50166666667792,False,10.666666666666515,False,False,,,,,,False,80.0,182.20833333333297,True,False,2026-06-28 14:00:46.905,30.0,120.0,False,False,False
austria_2026_R_00672,austria_2026_R,STR,LAW,2026-06-28 14:00:24.504,45,PIT_RELATED,attacker or target on a box lap at t0,15.434444444443898,6.36,-4583.324722222227,True,14.389444444444507,False,False,,,,,,False,200.0,-104.99999999999864,False,False,2026-06-28 14:00:54.504,30.0,120.0,True,True,False
austria_2026_R_00673,austria_2026_R,HAD,HAM,2026-06-28 14:00:25.304,47,CLOSE_INTERACTION_NO_PASS,"valid close battle, no pairwise order change inside the horizon",87.9122222222222,4.041,-87.74444444445544,False,10.02222222222224,False,False,,,,,,False,131.0,143.23802716225876,True,False,2026-06-28 14:00:55.304,30.0,120.0,False,False,False
austria_2026_R_00674,austria_2026_R,HAM,PIA,2026-06-28 14:00:37.465,47,CLOSE_INTERACTION_NO_PASS,"valid close battle, no pairwise order change inside the horizon",89.5480555555555,4.8,-89.5619444444601,False,18.0,False,False,,,,,,False,84.0,188.8604651162791,True,False,2026-06-28 14:01:07.465,30.0,120.0,False,False,False
austria_2026_R_00675,austria_2026_R,LAW,ANT,2026-06-28 14:01:05.944,47,LAPPED_UNLAPPED,pair separated by -4667 m of race distance at t0,99.3613888888889,24.081,-4667.243055555562,True,12.500000000000014,False,False,,,,,,False,283.0,32.999999999999915,True,False,2026-06-28 14:01:35.944,30.0,120.0,False,False,False
austria_2026_R_00676,austria_2026_R,ANT,VER,2026-06-28 14:01:20.745,48,CLOSE_INTERACTION_NO_PASS,"valid close battle, no pairwise order change inside the horizon; the pair did swap 118.1 s after t0, outside it",90.25055555555514,4.0,-90.32638888890506,False,7.600000000000136,False,False,,,73.16,118.081,118.081,True,64.0,182.89708506841225,True,False,2026-06-28 14:01:50.745,30.0,120.0,False,False,False
austria_2026_R_00677,austria_2026_R,GAS,BOR,2026-06-28 14:01:29.145,47,CLOSE_INTERACTION_NO_PASS,"valid close battle, no pairwise order change inside the horizon",93.2950000000003,4.44,-93.27138888888294,False,14.533333333333303,False,False,,,,,,False,79.0,189.89999999999944,True,False,2026-06-28 14:01:59.145,30.0,120.0,False,False,False
austria_2026_R_00678,austria_2026_R,LAW,LIN,2026-06-28 14:01:30.185,47,PIT_RELATED,attacker or target on a box lap at t0,65.47666666666646,5.52,-65.46805555553874,False,4.266666666666424,False,False,,,,48.96,,False,209.0,,False,False,2026-06-28 14:02:00.185,30.0,120.0,True,True,False
austria_2026_R_00679,austria_2026_R,COL,NOR,2026-06-28 14:01:32.464,47,PIT_RELATED,attacker or target on a box lap at t0,40.43333333333332,8.361,-4608.323611111118,True,7.0,False,False,,,,,,False,80.0,,False,False,2026-06-28 14:02:02.464,30.0,120.0,True,True,False
austria_2026_R_00680,austria_2026_R,LAW,ANT,2026-06-28 14:01:36.025,47,LAPPED_UNLAPPED,pair separated by -4614 m of race distance at t0,45.756111111111295,7.36,-4613.637777777767,True,4.888888888888687,False,False,,,,,,False,160.0,,True,False,2026-06-28 14:02:06.025,30.0,120.0,False,False,False
austria_2026_R_00681,austria_2026_R,HAD,HAM,2026-06-28 14:01:36.745,48,CLOSE_INTERACTION_NO_PASS,"valid close battle, no pairwise order change inside the horizon",98.38444444444445,3.48,-98.29555555558181,False,6.53333333333336,False,False,,,,,,False,131.0,173.15106382978772,True,False,2026-06-28 14:02:06.745,30.0,120.0,False,False,False
austria_2026_R_00682,austria_2026_R,NOR,HAD,2026-06-28 14:01:36.745,48,PIT_RELATED,attacker or target on a box lap at t0,12.933333333333366,4.36,-13.111111111094942,False,7.7333333333333485,False,False,,,,,,False,274.0,,False,False,2026-06-28 14:02:06.745,30.0,120.0,True,True,False
austria_2026_R_00683,austria_2026_R,BEA,NOR,2026-06-28 14:01:41.105,47,PIT_RELATED,attacker or target on a box lap at t0,71.55833333333337,5.72,-4639.363055555528,True,31.282499999999914,True,True,2026-06-28 14:01:47.145,6.04,6.04,6.04,6.04,False,80.0,,False,False,2026-06-28 14:02:11.105,30.0,120.0,True,True,False
austria_2026_R_00684,austria_2026_R,COL,OCO,2026-06-28 14:01:44.985,47,PIT_RELATED,attacker or target on a box lap at t0,20.305833333333283,6.12,-20.34444444446126,False,15.157500000000027,False,False,,,93.401,,,False,224.0,-180.99999999999952,False,False,2026-06-28 14:02:14.985,30.0,120.0,True,True,False
austria_2026_R_00685,austria_2026_R,ALB,COL,2026-06-28 14:01:53.265,47,PIT_RELATED,attacker or target on a box lap at t0,98.64166666666654,6.48,-98.63722222222714,False,11.200000000000045,True,True,2026-06-28 14:02:00.065,6.8,6.8,6.8,6.8,False,82.0,37.00372340425552,False,False,2026-06-28 14:02:23.265,30.0,120.0,True,True,False
austria_2026_R_00686,austria_2026_R,LEC,PIA,2026-06-28 14:01:54.305,48,CLOSE_INTERACTION_NO_PASS,"valid close battle, no pairwise order change inside the horizon",10.954722222222017,172.601,-10.95472222220269,False,11.400277777777774,False,False,,,,,,False,224.0,-17.499999999999744,True,False,2026-06-28 14:02:24.305,30.0,120.0,False,False,False
austria_2026_R_00687,austria_2026_R,HAM,LEC,2026-06-28 14:02:03.345,48,CLOSE_INTERACTION_NO_PASS,"valid close battle, no pairwise order change inside the horizon",88.22694444444369,5.52,-88.13805555555155,False,14.599999999999909,False,False,,,57.88,,,False,105.0,159.9591836734695,True,False,2026-06-28 14:02:33.345,30.0,120.0,False,False,False
austria_2026_R_00688,austria_2026_R,LAW,LIN,2026-06-28 14:02:11.065,47,PIT_RELATED,attacker or target on a box lap at t0,65.54833333333318,6.08,-65.53972222219454,False,5.199999999999363,False,True,2026-06-28 14:02:19.145,8.08,,8.08,,False,159.0,,False,False,2026-06-28 14:02:41.065,30.0,120.0,True,True,False
austria_2026_R_00689,austria_2026_R,NOR,BEA,2026-06-28 14:02:13.225,48,PIT_RELATED,attacker or target on a box lap at t0,97.68722222222345,5.92,4470.117499999993,True,26.40000000000032,False,False,,,44.28,,,False,100.0,194.9108695652169,False,False,2026-06-28 14:02:43.225,30.0,120.0,True,True,False
austria_2026_R_00690,austria_2026_R,COL,ALB,2026-06-28 14:02:14.105,47,PIT_RELATED,attacker or target on a box lap at t0,10.447777777779265,5.24,-10.452222222229466,False,7.466666666666924,True,True,2026-06-28 14:02:19.825,5.72,5.72,5.72,5.72,False,273.0,-56.00000000000194,False,False,2026-06-28 14:02:44.105,30.0,120.0,True,True,False
austria_2026_R_00691,austria_2026_R,ANT,VER,2026-06-28 14:02:17.545,49,PIT_RELATED,attacker or target on a box lap at t0,89.4288888888889,7.36,-89.27611111110309,False,10.811111111111103,False,False,,,61.281,61.281,61.281,True,132.0,158.99999999999997,False,False,2026-06-28 14:02:47.545,30.0,120.0,True,True,False
austria_2026_R_00692,austria_2026_R,LAW,ANT,2026-06-28 14:02:18.946,48,LAPPED_UNLAPPED,pair separated by -4662 m of race distance at t0,94.51249999999999,5.959,-4662.47111111111,True,12.133333333333326,False,False,,,89.039,,,False,154.0,110.62979482604817,True,False,2026-06-28 14:02:48.946,30.0,120.0,False,False,False
austria_2026_R_00693,austria_2026_R,LIN,LAW,2026-06-28 14:02:19.345,48,CLOSE_INTERACTION_NO_PASS,"valid close battle, no pairwise order change inside the horizon",96.73194444444445,8.92,-96.883055555576,False,12.933333333333337,False,False,,,,,,False,252.0,60.99999999999994,True,False,2026-06-28 14:02:49.345,30.0,120.0,False,False,False
austria_2026_R_00694,austria_2026_R,COL,OCO,2026-06-28 14:02:19.825,47,PIT_RELATED,attacker or target on a box lap at t0,94.06416666666632,3.88,-94.10277777779265,False,13.844444444444434,False,False,,,58.561,,,False,108.0,,False,False,2026-06-28 14:02:49.825,30.0,120.0,True,True,False
austria_2026_R_00695,austria_2026_R,HAM,LEC,2026-06-28 14:02:45.826,49,CLOSE_INTERACTION_NO_PASS,"valid close battle, no pairwise order change inside the horizon",92.42777777777772,5.239,-92.46833333332324,False,10.570555555555586,False,False,,,,,,False,138.0,56.80621876734914,True,False,2026-06-28 14:03:15.826,30.0,120.0,False,False,False
austria_2026_R_00696,austria_2026_R,LAW,ANT,2026-06-28 14:02:57.985,48,LAPPED_UNLAPPED,pair separated by -4666 m of race distance at t0,98.45111111110919,10.84,-4666.409722222219,True,5.349999999999454,False,False,,,50.0,,,False,210.0,5.750000000000739,True,False,2026-06-28 14:03:27.985,30.0,120.0,False,False,False
austria_2026_R_00697,austria_2026_R,HAD,HAM,2026-06-28 14:03:02.185,49,CLOSE_INTERACTION_NO_PASS,"valid close battle, no pairwise order change inside the horizon",94.7766666666671,4.68,-94.73749999998836,False,12.711111111110768,False,False,,,,,,False,91.0,175.08695652173836,True,False,2026-06-28 14:03:32.185,30.0,120.0,False,False,False
austria_2026_R_00698,austria_2026_R,COL,ALB,2026-06-28 14:03:03.665,48,CLOSE_INTERACTION_NO_PASS,"valid close battle, no pairwise order change inside the horizon; the pair did swap 85.7 s after t0, outside it",98.46472222222219,6.64,-98.53361111111008,False,20.576111111111103,False,False,,,85.2,85.68,85.68,True,210.0,82.1538461538463,True,False,2026-06-28 14:03:33.665,30.0,120.0,False,False,False
austria_2026_R_00699,austria_2026_R,OCO,NOR,2026-06-28 14:03:13.625,48,LAPPED_UNLAPPED,pair separated by -4663 m of race distance at t0,95.625,4.761,-4663.323055555549,True,9.733333333333348,False,False,,,,,,False,87.0,188.4635017866258,True,False,2026-06-28 14:03:43.625,30.0,120.0,False,False,False
austria_2026_R_00700,austria_2026_R,LIN,LAW,2026-06-28 14:03:17.185,48,CLOSE_INTERACTION_NO_PASS,"valid close battle, no pairwise order change inside the horizon",99.99888888888927,8.241,-100.15000000002328,False,7.4666666666657875,False,False,,,,,,False,229.0,28.25531914893863,True,False,2026-06-28 14:03:47.185,30.0,120.0,False,False,False
austria_2026_R_00701,austria_2026_R,LAW,ANT,2026-06-28 14:03:30.985,49,LAPPED_UNLAPPED,pair separated by -4662 m of race distance at t0,93.99277777777783,6.32,-4662.009722222225,True,13.14388888888891,False,False,,,,,,False,170.0,54.97065217390863,True,False,2026-06-28 14:04:00.985,30.0,120.0,False,False,False
austria_2026_R_00702,austria_2026_R,HAM,LEC,2026-06-28 14:03:42.025,49,CLOSE_INTERACTION_NO_PASS,"valid close battle, no pairwise order change inside the horizon",93.95027777777614,10.561,-93.9908333333442,False,8.166666666667425,False,False,,,,,,False,221.0,34.53561718325111,True,False,2026-06-28 14:04:12.025,30.0,120.0,False,False,False
austria_2026_R_00703,austria_2026_R,HUL,VER,2026-06-28 14:03:47.385,49,PIT_RELATED,attacker or target on a box lap at t0,95.19777777777773,7.08,-4663.056111111102,True,10.033333333333303,True,True,2026-06-28 14:03:54.865,7.48,7.48,7.48,7.48,False,120.0,196.21370309951075,False,False,2026-06-28 14:04:17.385,30.0,120.0,True,True,False
austria_2026_R_00704,austria_2026_R,VER,HUL,2026-06-28 14:03:55.185,50,PIT_RELATED,attacker or target on a box lap at t0,13.657777777777937,7.4,4554.200555555552,True,16.59999999999991,True,True,2026-06-28 14:04:02.785,7.6,7.6,7.6,7.6,False,278.0,-66.00000000000009,False,False,2026-06-28 14:04:25.185,30.0,120.0,True,True,False
austria_2026_R_00705,austria_2026_R,GAS,RUS,2026-06-28 14:03:55.425,49,LAPPED_UNLAPPED,pair separated by -4660 m of race distance at t0,91.69527777777762,4.561,-4659.6022222221945,True,13.333333333333485,False,False,,,,,,False,78.0,190.20479416362681,True,False,2026-06-28 14:04:25.425,30.0,120.0,False,False,False
austria_2026_R_00706,austria_2026_R,LIN,LAW,2026-06-28 14:04:00.506,49,CLOSE_INTERACTION_NO_PASS,"valid close battle, no pairwise order change inside the horizon",97.26916666666648,39.92,-97.30805555556435,False,12.888888888888914,False,False,,,,,,False,220.0,25.22000000000012,True,False,2026-06-28 14:04:30.506,30.0,120.0,False,False,False
austria_2026_R_00707,austria_2026_R,HAD,HAM,2026-06-28 14:04:13.746,50,CLOSE_INTERACTION_NO_PASS,"valid close battle, no pairwise order change inside the horizon",97.35666666666657,4.12,-97.3216666666558,False,10.456111111111113,False,False,,,,,,False,79.0,190.55813953488453,True,False,2026-06-28 14:04:43.746,30.0,120.0,False,False,False
austria_2026_R_00708,austria_2026_R,HUL,VER,2026-06-28 14:04:17.626,49,PIT_RELATED,attacker or target on a box lap at t0,11.579999999999018,39.84,-4579.438333333324,True,11.555555555556111,False,False,,,,,,False,304.0,,False,False,2026-06-28 14:04:47.626,30.0,120.0,True,True,False
austria_2026_R_00709,austria_2026_R,LAW,ANT,2026-06-28 14:04:28.705,49,LAPPED_UNLAPPED,pair separated by -4666 m of race distance at t0,97.94666666666762,7.0,-4665.963611111103,True,4.17777777777701,False,False,,,76.281,80.201,80.201,True,212.0,56.93187865885945,True,False,2026-06-28 14:04:58.705,30.0,120.0,False,True,False
austria_2026_R_00710,austria_2026_R,ALB,COL,2026-06-28 14:04:34.106,49,CLOSE_INTERACTION_NO_PASS,"valid close battle, no pairwise order change inside the horizon",10.050277777777637,33.28,-10.167777777794981,False,7.088888888888505,False,False,,,72.56,,,False,64.0,-3.0599999999996728,True,False,2026-06-28 14:05:04.106,30.0,120.0,False,False,False
austria_2026_R_00711,austria_2026_R,LIN,LAW,2026-06-28 14:04:43.345,50,CLOSE_INTERACTION_NO_PASS,"valid close battle, no pairwise order change inside the horizon",90.55083333333332,53.561,-90.68472222224227,False,11.022222222222354,False,False,,,,,,False,298.0,30.125000000000558,True,False,2026-06-28 14:05:13.345,30.0,120.0,False,False,False
austria_2026_R_00712,austria_2026_R,ALO,LIN,2026-06-28 14:04:44.186,49,PIT_RELATED,attacker or target on a box lap at t0,87.00388888888891,9.36,-4654.942222222191,True,10.26666666666668,False,False,,,,,,False,305.0,,False,False,2026-06-28 14:05:14.186,30.0,120.0,True,True,False
austria_2026_R_00713,austria_2026_R,LEC,PIA,2026-06-28 14:04:52.266,50,CLOSE_INTERACTION_NO_PASS,"valid close battle, no pairwise order change inside the horizon",98.15583333333097,7.76,-98.11972222223994,False,9.777777777776919,False,False,,,,,,False,215.0,31.434782608695535,True,False,2026-06-28 14:05:22.266,30.0,120.0,False,False,False
austria_2026_R_00714,austria_2026_R,LAW,ANT,2026-06-28 14:05:10.666,50,PIT_RELATED,attacker or target on a box lap at t0,99.7600000000009,25.239,-4667.462499999994,True,8.477777777777874,False,False,,,38.24,38.24,38.24,True,295.0,3.3693644758281427,False,False,2026-06-28 14:05:40.666,30.0,120.0,True,True,False
austria_2026_R_00715,austria_2026_R,ALO,LIN,2026-06-28 14:05:14.306,49,PIT_RELATED,attacker or target on a box lap at t0,99.99666666666599,9.2,-4667.934999999998,True,14.333333333333258,False,False,,,,,,False,192.0,27.108695652174024,False,False,2026-06-28 14:05:44.306,30.0,120.0,True,True,False
austria_2026_R_00716,austria_2026_R,BEA,NOR,2026-06-28 14:05:17.906,50,LAPPED_UNLAPPED,pair separated by -4616 m of race distance at t0,48.17000000000001,51.84,-4616.09194444443,True,9.166666666666515,False,False,,,,,,False,302.0,,True,False,2026-06-28 14:05:47.906,30.0,120.0,False,False,False
austria_2026_R_00717,austria_2026_R,ALB,COL,2026-06-28 14:05:29.986,50,CLOSE_INTERACTION_NO_PASS,"valid close battle, no pairwise order change inside the horizon",96.52611111111113,4.48,-96.48972222220618,False,13.377777777777794,False,False,,,,,,False,145.0,150.79744897959142,True,False,2026-06-28 14:05:59.986,30.0,120.0,False,False,False
austria_2026_R_00718,austria_2026_R,LEC,PIA,2026-06-28 14:05:35.745,51,CLOSE_INTERACTION_NO_PASS,"valid close battle, no pairwise order change inside the horizon",93.52972222222274,7.361,-93.48888888888177,False,10.849722222221999,False,False,,,,,,False,155.0,72.85044293903103,True,False,2026-06-28 14:06:05.745,30.0,120.0,False,False,False
austria_2026_R_00719,austria_2026_R,LIN,LAW,2026-06-28 14:05:41.226,50,CLOSE_INTERACTION_NO_PASS,"valid close battle, no pairwise order change inside the horizon",97.6961111111159,7.4,-97.8299999999872,False,9.33333333333394,False,False,,,,,,False,227.0,19.279999999999383,True,False,2026-06-28 14:06:11.226,30.0,120.0,False,False,False
austria_2026_R_00720,austria_2026_R,COL,OCO,2026-06-28 14:05:43.426,50,CLOSE_INTERACTION_NO_PASS,"valid close battle, no pairwise order change inside the horizon",97.46750000000043,3.8,-97.51500000001397,False,10.666666666666515,False,False,,,,,,False,69.0,172.8599999999999,True,False,2026-06-28 14:06:13.426,30.0,120.0,False,False,False
austria_2026_R_00721,austria_2026_R,BOR,RUS,2026-06-28 14:06:01.546,51,INVALID,"race state not green at t0 (TrackStatus=16, freeze=True)",97.13444444444443,6.56,-4664.997777777811,True,11.100000000000023,False,False,,,,,,False,198.0,64.86363636363642,False,False,2026-06-28 14:06:31.546,30.0,120.0,False,False,False
austria_2026_R_00722,austria_2026_R,ALO,ANT,2026-06-28 14:06:04.426,50,PIT_RELATED,attacker or target on a box lap at t0,57.247777777777785,5.88,-9192.734444444446,True,6.844444444444463,False,False,,,,,,False,79.0,,False,False,2026-06-28 14:06:34.426,30.0,120.0,True,True,False
austria_2026_R_00723,austria_2026_R,LEC,PIA,2026-06-28 14:06:07.146,51,CLOSE_INTERACTION_NO_PASS,"valid close battle, no pairwise order change inside the horizon",99.02194444444876,3.16,-98.98111111111939,False,5.244444444443616,False,False,,,,,,False,175.0,4.1627906976757085,True,False,2026-06-28 14:06:37.146,30.0,120.0,False,False,False
austria_2026_R_00724,austria_2026_R,VER,ANT,2026-06-28 14:06:10.506,52,PIT_RELATED,attacker or target on a box lap at t0,97.37361111111122,5.92,-96.95694444444962,False,15.066666666666649,True,True,2026-06-28 14:06:16.586,6.08,6.08,6.08,6.08,False,79.0,228.20833333333323,False,False,2026-06-28 14:06:40.506,30.0,120.0,True,True,False
austria_2026_R_00725,austria_2026_R,HUL,VER,2026-06-28 14:06:13.066,51,INVALID,"race state not green at t0 (TrackStatus=16, freeze=True)",97.54499999999996,3.36,-4665.426388888911,True,11.300000000000011,False,False,,,,,,False,134.0,129.34210526315798,False,False,2026-06-28 14:06:43.066,30.0,120.0,False,False,False
austria_2026_R_00726,austria_2026_R,HUL,ANT,2026-06-28 14:06:16.586,51,PIT_RELATED,attacker or target on a box lap at t0,91.05194444444464,4.16,-4658.516666666692,True,9.333333333333258,True,True,2026-06-28 14:06:20.986,4.4,4.4,4.4,4.4,False,109.0,,False,False,2026-06-28 14:06:46.586,30.0,120.0,True,True,False
austria_2026_R_00727,austria_2026_R,BEA,NOR,2026-06-28 14:06:17.826,50,LAPPED_UNLAPPED,pair separated by -4667 m of race distance at t0,99.26472222222128,5.44,-4667.186666666676,True,5.155555555556475,False,False,,,,,,False,202.0,58.19788771539722,True,False,2026-06-28 14:06:47.826,30.0,120.0,False,False,False
austria_2026_R_00728,austria_2026_R,ANT,HUL,2026-06-28 14:06:21.546,52,PIT_RELATED,attacker or target on a box lap at t0,13.98138888888866,6.6,4553.483333333366,True,16.299999999999955,True,True,2026-06-28 14:06:28.426,6.88,6.88,6.88,6.88,False,289.0,-72.57142857142858,False,False,2026-06-28 14:06:51.546,30.0,120.0,True,True,False
austria_2026_R_00729,austria_2026_R,LIN,LAW,2026-06-28 14:06:25.706,51,INVALID,"race state not green at t0 (TrackStatus=16, freeze=True)",85.11861111110989,8.04,-85.03083333332324,False,9.33333333333303,False,False,,,,,,False,159.0,84.91489361702214,False,False,2026-06-28 14:06:55.706,30.0,120.0,False,False,False
austria_2026_R_00730,austria_2026_R,LEC,HAM,2026-06-28 14:06:40.306,52,INVALID,"race state not green at t0 (TrackStatus=167, freeze=True)",10.662777777778047,113.921,-10.568888888898073,False,14.178055555558203,False,False,,,,,,False,168.0,-18.46808510638244,False,False,2026-06-28 14:07:10.306,30.0,120.0,False,False,False
austria_2026_R_00731,austria_2026_R,COL,OCO,2026-06-28 14:06:40.826,51,INVALID,"race state not green at t0 (TrackStatus=167, freeze=True)",97.06277777777777,5.08,-97.07305555554922,False,9.200000000000017,False,False,,,,,,False,143.0,121.92704081633002,False,False,2026-06-28 14:07:10.826,30.0,120.0,False,False,False
austria_2026_R_00732,austria_2026_R,BOR,RUS,2026-06-28 14:06:41.987,51,INVALID,"race state not green at t0 (TrackStatus=16, freeze=True)",95.02916666666442,3.319,-4662.892500000016,True,4.0,False,False,,,,,,False,173.0,43.84279021343132,False,False,2026-06-28 14:07:11.987,30.0,120.0,False,False,False
austria_2026_R_00733,austria_2026_R,ANT,VER,2026-06-28 14:06:43.506,52,PIT_RELATED,attacker or target on a box lap at t0,70.27611111111128,4.68,-70.69277777776006,False,14.199999999999818,False,False,,,70.44,,,False,99.0,,False,False,2026-06-28 14:07:13.506,30.0,120.0,True,True,False
austria_2026_R_00734,austria_2026_R,HAM,PIA,2026-06-28 14:06:48.947,52,INVALID,"race state not green at t0 (TrackStatus=167, freeze=True)",92.18638888888995,3.039,-92.2313888889039,False,8.0,False,False,,,,,,False,95.0,137.69590643274856,False,False,2026-06-28 14:07:18.947,30.0,120.0,False,False,False
austria_2026_R_00735,austria_2026_R,HAD,LEC,2026-06-28 14:06:51.986,52,INVALID,"race state not green at t0 (TrackStatus=167, freeze=True)",94.0458333333329,3.001,-94.07555555555155,False,18.922499999999673,False,False,,,,,,False,91.0,169.55319148936223,False,False,2026-06-28 14:07:21.986,30.0,120.0,False,False,False
austria_2026_R_00736,austria_2026_R,HUL,ANT,2026-06-28 14:06:54.146,51,PIT_RELATED,attacker or target on a box lap at t0,14.25722222222339,36.68,-4581.721944444464,True,17.754444444444744,False,False,,,49.201,,,False,252.0,-65.44444444444025,False,False,2026-06-28 14:07:24.146,30.0,120.0,True,True,False
austria_2026_R_00737,austria_2026_R,ALB,COL,2026-06-28 14:06:58.786,51,INVALID,"race state not green at t0 (TrackStatus=167, freeze=True)",93.87249999999972,3.841,-93.87138888888876,False,9.51111111111095,False,False,,,,,,False,68.0,210.3488372093021,False,False,2026-06-28 14:07:28.786,30.0,120.0,False,False,False
austria_2026_R_00738,austria_2026_R,BEA,NOR,2026-06-28 14:07:01.546,51,INVALID,"race state not green at t0 (TrackStatus=167, freeze=True)",86.85777777777867,8.8,-4654.749166666705,True,4.857500000000073,False,False,,,,,,False,106.0,153.77777777777692,False,False,2026-06-28 14:07:31.546,30.0,120.0,False,False,False
austria_2026_R_00739,austria_2026_R,LIN,LAW,2026-06-28 14:07:13.346,52,INVALID,"race state not green at t0 (TrackStatus=671, freeze=True)",95.37388888888887,29.561,-95.01888888888061,False,10.044444444444707,False,False,,,,,,False,158.0,30.468085106383008,False,False,2026-06-28 14:07:43.346,30.0,120.0,False,False,False
austria_2026_R_00740,austria_2026_R,HAM,PIA,2026-06-28 14:07:22.227,52,INVALID,"race state not green at t0 (TrackStatus=167, freeze=True)",99.62972222222425,7.52,-99.67472222220385,False,3.733333333333121,False,False,,,,,,False,159.0,55.49158592554563,False,False,2026-06-28 14:07:52.227,30.0,120.0,False,False,False
austria_2026_R_00741,austria_2026_R,COL,OCO,2026-06-28 14:07:30.626,51,INVALID,"race state not green at t0 (TrackStatus=167, freeze=True)",97.79083333333301,11.961,-97.80111111109727,False,4.277777777778283,False,False,,,,,,False,125.0,71.09254627313653,False,False,2026-06-28 14:08:00.626,30.0,120.0,False,False,False
austria_2026_R_00742,austria_2026_R,PIA,ANT,2026-06-28 14:07:38.066,53,INVALID,"race state not green at t0 (TrackStatus=671, freeze=True)",92.76638888888888,13.32,-92.5086111111159,False,8.600000000000023,False,False,,,,,,False,130.0,72.69029184038116,False,False,2026-06-28 14:08:08.066,30.0,120.0,False,False,False
austria_2026_R_00743,austria_2026_R,BOR,RUS,2026-06-28 14:07:39.426,52,INVALID,"race state not green at t0 (TrackStatus=671, freeze=True)",89.0441666666668,7.88,-4656.892777777772,True,9.333333333333258,False,False,,,,,,False,65.0,110.51162790697761,False,False,2026-06-28 14:08:09.426,30.0,120.0,False,False,False
austria_2026_R_00744,austria_2026_R,LIN,LAW,2026-06-28 14:07:50.067,52,INVALID,"race state not green at t0 (TrackStatus=671, freeze=True)",98.35583333333261,7.799,-98.00083333332441,False,10.111111111111086,False,False,,,,,,False,208.0,29.32653061224579,False,False,2026-06-28 14:08:20.067,30.0,120.0,False,False,False
austria_2026_R_00745,austria_2026_R,ALO,NOR,2026-06-28 14:07:54.227,51,LAPPED_UNLAPPED,pair separated by -9235 m of race distance at t0,99.15972222222226,4.919,-9234.906388888921,True,15.277777777777771,False,False,,,,,,False,157.0,75.23931623931621,True,False,2026-06-28 14:08:24.227,30.0,120.0,False,False,False
austria_2026_R_00746,austria_2026_R,GAS,HUL,2026-06-28 14:07:55.187,52,PIT_RELATED,attacker or target on a box lap at t0,90.88972222222264,5.6,-90.88972222222947,False,20.799999999999955,False,False,,,,,,False,65.0,230.87350338365403,False,False,2026-06-28 14:08:25.187,30.0,120.0,True,True,False
austria_2026_R_00747,austria_2026_R,HAM,PIA,2026-06-28 14:07:56.387,53,INVALID,"race state not green at t0 (TrackStatus=71, freeze=True)",94.93194444444453,7.24,-94.67111111112172,False,13.777777777777828,False,False,,,,,,False,151.0,108.65116279069706,False,False,2026-06-28 14:08:26.387,30.0,120.0,False,False,False
austria_2026_R_00748,austria_2026_R,HAD,LEC,2026-06-28 14:08:00.146,53,INVALID,"race state not green at t0 (TrackStatus=71, freeze=True)",97.33055555555552,5.04,-97.3305555555562,False,10.533333333333076,False,False,,,,,,False,76.0,188.04347826086953,False,False,2026-06-28 14:08:30.146,30.0,120.0,False,False,False
austria_2026_R_00749,austria_2026_R,PIA,ANT,2026-06-28 14:08:08.987,53,INVALID,"race state not green at t0 (TrackStatus=671, freeze=True)",98.62222222222204,7.4,-98.36444444445078,False,13.077777777777555,False,False,,,,,,False,191.0,50.75882672460616,False,False,2026-06-28 14:08:38.987,30.0,120.0,False,False,False
austria_2026_R_00750,austria_2026_R,BEA,NOR,2026-06-28 14:08:09.907,52,LAPPED_UNLAPPED,pair separated by -4655 m of race distance at t0,87.06250000000068,3.839,-4654.973333333328,True,11.733333333333348,False,False,,,,,,False,82.0,172.12244897959164,True,False,2026-06-28 14:08:39.907,30.0,120.0,False,False,False
austria_2026_R_00751,austria_2026_R,LIN,LAW,2026-06-28 14:08:33.947,53,CLOSE_INTERACTION_NO_PASS,"valid close battle, no pairwise order change inside the horizon",82.36194444444445,4.08,-82.34388888889225,False,7.622222222222206,False,False,,,,,,False,128.0,121.61060329067644,True,False,2026-06-28 14:09:03.947,30.0,120.0,False,False,False
austria_2026_R_00752,austria_2026_R,LEC,HAM,2026-06-28 14:08:40.267,53,INVALID,"race state not green at t0 (TrackStatus=71, freeze=True)",97.54416666666384,7.08,-97.80499999999302,False,4.444444444443434,False,False,,,,,,False,239.0,30.693356047700494,False,False,2026-06-28 14:09:10.267,30.0,120.0,False,False,False
austria_2026_R_00753,austria_2026_R,HAD,LEC,2026-06-28 14:08:43.147,53,INVALID,"race state not green at t0 (TrackStatus=71, freeze=True)",99.83305555555489,6.08,-99.83305555555853,False,6.666666666665606,False,False,,,101.32,,,False,195.0,78.76086956521902,False,False,2026-06-28 14:09:13.147,30.0,120.0,False,False,False
austria_2026_R_00754,austria_2026_R,PIA,ANT,2026-06-28 14:08:51.587,54,CLOSE_INTERACTION_NO_PASS,"valid close battle, no pairwise order change inside the horizon",97.22222222222226,5.36,-97.21277777777868,False,13.333333333333314,False,False,,,,,,False,156.0,94.58177083333352,True,False,2026-06-28 14:09:21.587,30.0,120.0,False,False,False
austria_2026_R_00755,austria_2026_R,BOR,RUS,2026-06-28 14:08:53.907,53,LAPPED_UNLAPPED,pair separated by -4653 m of race distance at t0,85.2105555555554,3.84,-4653.092499999999,True,13.111111111110858,False,False,,,,,,False,64.0,193.19872167344613,True,False,2026-06-28 14:09:23.907,30.0,120.0,False,False,False
austria_2026_R_00756,austria_2026_R,GAS,LEC,2026-06-28 14:08:54.667,53,LAPPED_UNLAPPED,pair separated by -4639 m of race distance at t0,70.99083333333333,45.8,-4638.746944444429,True,12.299999999999955,False,False,,,,,,False,309.0,,True,False,2026-06-28 14:09:24.667,30.0,120.0,False,False,False
austria_2026_R_00757,austria_2026_R,ALO,BEA,2026-06-28 14:09:07.267,52,LAPPED_UNLAPPED,pair separated by -4629 m of race distance at t0,61.14555555555555,141.2,-4628.892499999987,True,25.37055555555193,False,False,,,89.48,,,False,304.0,,True,False,2026-06-28 14:09:37.267,30.0,120.0,False,False,False
austria_2026_R_00758,austria_2026_R,HAM,PIA,2026-06-28 14:09:08.227,54,CLOSE_INTERACTION_NO_PASS,"valid close battle, no pairwise order change inside the horizon",99.82611111111123,4.799,-99.83361111109843,False,12.977777777777874,False,False,,,,,,False,95.0,156.3036393264523,True,False,2026-06-28 14:09:38.227,30.0,120.0,False,False,False
austria_2026_R_00759,austria_2026_R,LEC,HAM,2026-06-28 14:09:22.867,54,CLOSE_INTERACTION_NO_PASS,"valid close battle, no pairwise order change inside the horizon",98.97055555555585,23.6,-98.86749999999302,False,9.600000000000136,False,False,,,,,,False,275.0,12.704545454544288,True,False,2026-06-28 14:09:52.867,30.0,120.0,False,False,False
austria_2026_R_00760,austria_2026_R,HAD,LEC,2026-06-28 14:09:25.626,54,CLOSE_INTERACTION_NO_PASS,"valid close battle, no pairwise order change inside the horizon",88.35194444444505,23.681,-88.45416666666279,False,11.511111111111177,False,False,,,,,,False,158.0,85.13624268227679,True,False,2026-06-28 14:09:55.626,30.0,120.0,False,False,False
austria_2026_R_00761,austria_2026_R,LIN,LAW,2026-06-28 14:09:45.467,54,CLOSE_INTERACTION_NO_PASS,"valid close battle, no pairwise order change inside the horizon",93.36277777777778,4.92,-93.40972222221899,False,11.822222222222251,False,False,,,,,,False,143.0,150.45965909091146,True,False,2026-06-28 14:10:15.467,30.0,120.0,False,False,False
austria_2026_R_00762,austria_2026_R,HUL,PIA,2026-06-28 14:10:02.347,54,LAPPED_UNLAPPED,pair separated by -4629 m of race distance at t0,60.62666666666669,69.08,-4628.519166666694,True,9.044444444444707,False,False,,,,,,False,313.0,,True,False,2026-06-28 14:10:32.347,30.0,120.0,False,False,False
austria_2026_R_00763,austria_2026_R,LEC,HAM,2026-06-28 14:10:06.867,55,CLOSE_INTERACTION_NO_PASS,"valid close battle, no pairwise order change inside the horizon",99.15166666666669,5.641,-99.28083333332324,False,10.933333333333337,False,False,,,,,,False,183.0,56.08049999999486,True,False,2026-06-28 14:10:36.867,30.0,120.0,False,False,False
austria_2026_R_00764,austria_2026_R,HAD,LEC,2026-06-28 14:10:07.667,55,CLOSE_INTERACTION_NO_PASS,"valid close battle, no pairwise order change inside the horizon; the pair did swap 111.2 s after t0, outside it",96.17027777777777,9.16,-96.1691666666884,False,8.86666666666666,False,False,,,111.241,109.921,111.241,True,256.0,10.717935071856445,True,False,2026-06-28 14:10:37.667,30.0,120.0,False,False,False
austria_2026_R_00765,austria_2026_R,GAS,HAD,2026-06-28 14:10:08.387,54,LAPPED_UNLAPPED,pair separated by -4667 m of race distance at t0,98.74194444444441,9.56,-4666.691944444465,True,19.46666666666667,False,False,,,,,,False,304.0,,True,False,2026-06-28 14:10:38.387,30.0,120.0,False,False,False
austria_2026_R_00766,austria_2026_R,PIA,ANT,2026-06-28 14:10:16.827,55,CLOSE_INTERACTION_NO_PASS,"valid close battle, no pairwise order change inside the horizon",99.31861111111061,5.52,-99.31861111108446,False,13.955555555555748,False,False,,,,,,False,100.0,162.15555555555602,True,False,2026-06-28 14:10:46.827,30.0,120.0,False,False,False
austria_2026_R_00767,austria_2026_R,HAM,PIA,2026-06-28 14:10:20.347,55,CLOSE_INTERACTION_NO_PASS,"valid close battle, no pairwise order change inside the horizon",92.67944444444515,4.12,-92.4916666666686,False,11.0,False,False,,,,,,False,76.0,191.4385416666657,True,False,2026-06-28 14:10:50.347,30.0,120.0,False,False,False
austria_2026_R_00768,austria_2026_R,LIN,LAW,2026-06-28 14:10:24.987,54,CLOSE_INTERACTION_NO_PASS,"valid close battle, no pairwise order change inside the horizon",96.03861111111155,4.64,-96.08555555556086,False,5.833333333333485,False,False,,,,,,False,171.0,41.723404255318066,True,False,2026-06-28 14:10:54.987,30.0,120.0,False,False,False
austria_2026_R_00769,austria_2026_R,LEC,HAM,2026-06-28 14:10:47.067,55,CLOSE_INTERACTION_NO_PASS,"valid close battle, no pairwise order change inside the horizon",95.87444444444282,9.16,-96.00361111111124,False,5.400000000000091,False,False,,,,,,False,178.0,34.65258476931708,True,False,2026-06-28 14:11:17.067,30.0,120.0,False,False,False
austria_2026_R_00770,austria_2026_R,LIN,LAW,2026-06-28 14:11:13.468,55,CLOSE_INTERACTION_NO_PASS,"valid close battle, no pairwise order change inside the horizon",99.42805555555583,3.199,-100.12027777775074,False,11.5,False,False,,,,,,False,71.0,190.9534883720928,True,False,2026-06-28 14:11:43.468,30.0,120.0,False,False,False
austria_2026_R_00771,austria_2026_R,HUL,PIA,2026-06-28 14:11:14.867,55,LAPPED_UNLAPPED,pair separated by -4662 m of race distance at t0,94.18972222222219,7.2,-4662.008333333331,True,10.666666666666657,False,False,,,,,,False,193.0,19.87280468334158,True,False,2026-06-28 14:11:44.867,30.0,120.0,False,False,False
austria_2026_R_00772,austria_2026_R,OCO,COL,2026-06-28 14:11:15.387,54,CLOSE_INTERACTION_NO_PASS,"valid close battle, no pairwise order change inside the horizon",10.81666666666706,38.081,-10.816666666680248,False,13.240555555556128,False,False,,,30.841,,,False,180.0,-16.147993746743055,True,False,2026-06-28 14:11:45.387,30.0,120.0,False,False,False
austria_2026_R_00773,austria_2026_R,LEC,HAM,2026-06-28 14:11:19.508,56,CLOSE_INTERACTION_NO_PASS,"valid close battle, no pairwise order change inside the horizon",94.34805555555556,3.399,-94.68416666664416,False,9.777777777777743,False,False,,,,,,False,130.0,139.31017672151123,True,False,2026-06-28 14:11:49.508,30.0,120.0,False,False,False
austria_2026_R_00774,austria_2026_R,PIA,ANT,2026-06-28 14:11:28.467,56,CLOSE_INTERACTION_NO_PASS,"valid close battle, no pairwise order change inside the horizon",98.81138888888836,3.721,-98.81138888889109,False,8.933333333333394,False,False,,,,,,False,71.0,193.07612833061486,True,False,2026-06-28 14:11:58.467,30.0,120.0,False,False,False
austria_2026_R_00775,austria_2026_R,ALO,BEA,2026-06-28 14:11:34.028,54,LAPPED_UNLAPPED,pair separated by -4667 m of race distance at t0,99.36805555555554,5.24,-4667.231666666688,True,13.688888888888926,False,False,,,,,,False,147.0,29.152717391308123,True,False,2026-06-28 14:12:04.028,30.0,120.0,False,False,False
austria_2026_R_00776,austria_2026_R,GAS,HAD,2026-06-28 14:11:34.507,55,LAPPED_UNLAPPED,pair separated by -4663 m of race distance at t0,95.47833333333347,22.88,-4663.355833333335,True,11.733333333333348,False,False,,,,,,False,224.0,30.422565194252325,True,False,2026-06-28 14:12:04.507,30.0,120.0,False,False,False
austria_2026_R_00777,austria_2026_R,OCO,COL,2026-06-28 14:11:56.187,55,CLOSE_INTERACTION_NO_PASS,"valid close battle, no pairwise order change inside the horizon",99.67444444444482,13.48,-99.67138888890622,False,8.711111111110995,False,False,,,,,,False,310.0,4.003001500749942,True,False,2026-06-28 14:12:26.187,30.0,120.0,False,False,False
austria_2026_R_00778,austria_2026_R,GAS,LEC,2026-06-28 14:11:57.588,55,LAPPED_UNLAPPED,pair separated by -4599 m of race distance at t0,31.02138888888976,119.76,-4598.737777777773,True,18.102777777783487,False,False,,,,,,False,213.0,,True,False,2026-06-28 14:12:27.588,30.0,120.0,False,False,False
austria_2026_R_00779,austria_2026_R,LEC,HAD,2026-06-28 14:12:06.148,56,CLOSE_INTERACTION_NO_PASS,"valid close battle, no pairwise order change inside the horizon",10.671944444442943,79.36,-10.83305555555853,False,12.888888888888687,False,False,,,,,,False,205.0,-12.833333333330756,True,False,2026-06-28 14:12:36.148,30.0,120.0,False,False,False
austria_2026_R_00780,austria_2026_R,LIN,RUS,2026-06-28 14:12:11.028,56,INVALID,no causal target sample at t0,93.63999999999996,4.479,,False,7.066666666666663,False,False,,,,,,False,,132.22912858013407,True,False,2026-06-28 14:12:41.028,30.0,120.0,False,False,False
austria_2026_R_00781,austria_2026_R,ALO,BEA,2026-06-28 14:12:14.708,54,LAPPED_UNLAPPED,pair separated by -4665 m of race distance at t0,97.52638888888941,3.04,-4665.390000000014,True,3.518611111111113,False,False,,,,,,False,164.0,46.106382978724724,True,False,2026-06-28 14:12:44.708,30.0,120.0,False,False,False
austria_2026_R_00782,austria_2026_R,HUL,PIA,2026-06-28 14:12:15.507,55,LAPPED_UNLAPPED,pair separated by -4667 m of race distance at t0,98.9616666666684,3.121,-4666.780277777783,True,5.099999999999909,False,False,,,,,,False,176.0,7.173586793396316,True,False,2026-06-28 14:12:45.507,30.0,120.0,False,False,False
austria_2026_R_00783,austria_2026_R,OCO,COL,2026-06-28 14:12:43.067,55,CLOSE_INTERACTION_NO_PASS,"valid close battle, no pairwise order change inside the horizon",99.56194444444509,6.04,-99.55888888888876,False,6.099999999999909,False,False,,,,,,False,197.0,70.81818181818187,True,False,2026-06-28 14:13:13.067,30.0,120.0,False,False,False
austria_2026_R_00784,austria_2026_R,NOR,LEC,2026-06-28 14:12:50.027,57,CLOSE_INTERACTION_NO_PASS,"valid close battle, no pairwise order change inside the horizon",97.91277777777827,5.081,-98.25527777776006,False,13.537499999999909,False,False,,,,,,False,91.0,170.20265441551732,True,False,2026-06-28 14:13:20.027,30.0,120.0,False,False,False
austria_2026_R_00785,austria_2026_R,LIN,RUS,2026-06-28 14:12:50.388,56,INVALID,no causal target sample at t0,95.77777777777919,3.8,,False,8.055555555555202,False,False,,,,,,False,,42.60561224490073,True,False,2026-06-28 14:13:20.388,30.0,120.0,False,False,False
austria_2026_R_00786,austria_2026_R,HUL,PIA,2026-06-28 14:12:55.867,56,LAPPED_UNLAPPED,pair separated by -4667 m of race distance at t0,99.02305555555586,4.721,-4666.913333333301,True,11.733333333333348,False,False,,,,,,False,123.0,125.13304949441148,True,False,2026-06-28 14:13:25.867,30.0,120.0,False,False,False
austria_2026_R_00787,austria_2026_R,ALO,BEA,2026-06-28 14:13:01.988,55,LAPPED_UNLAPPED,pair separated by -4663 m of race distance at t0,94.98527777777758,5.32,-4662.87555555554,True,11.342222222222517,False,False,,,,,,False,81.0,173.97916666666669,True,False,2026-06-28 14:13:31.988,30.0,120.0,False,False,False
austria_2026_R_00788,austria_2026_R,LIN,RUS,2026-06-28 14:13:22.228,57,LAPPED_UNLAPPED,pair separated by -4668 m of race distance at t0,99.94500000000002,3.96,-4667.835277777776,True,12.888888888888914,False,False,,,,,,False,142.0,156.48255813953762,True,False,2026-06-28 14:13:52.228,30.0,120.0,False,False,False
austria_2026_R_00789,austria_2026_R,OCO,COL,2026-06-28 14:13:27.308,56,CLOSE_INTERACTION_NO_PASS,"valid close battle, no pairwise order change inside the horizon",91.58888888888828,3.84,-91.4916666666686,False,18.506666666666433,False,False,,,,,,False,105.0,154.24444444444453,True,False,2026-06-28 14:13:57.308,30.0,120.0,False,False,False
austria_2026_R_00790,austria_2026_R,BOR,VER,2026-06-28 14:13:28.868,57,LAPPED_UNLAPPED,pair separated by -4666 m of race distance at t0,97.97472222222224,4.52,-4665.864999999991,True,13.263055555555525,False,False,,,,,,False,166.0,107.32000000000002,True,False,2026-06-28 14:13:58.868,30.0,120.0,False,False,False
austria_2026_R_00791,austria_2026_R,LEC,HAD,2026-06-28 14:13:30.468,57,CLOSE_INTERACTION_NO_PASS,"valid close battle, no pairwise order change inside the horizon",85.96500000000242,8.76,-85.62555555556901,False,4.600000000000364,False,False,,,,,,False,226.0,39.87765957446774,True,False,2026-06-28 14:14:00.468,30.0,120.0,False,False,False
austria_2026_R_00792,austria_2026_R,NOR,LEC,2026-06-28 14:13:35.908,57,CLOSE_INTERACTION_NO_PASS,"valid close battle, no pairwise order change inside the horizon",98.77472222222195,3.32,-99.11722222220851,False,6.0,False,False,,,,111.08,,False,163.0,11.448979591834675,True,False,2026-06-28 14:14:05.908,30.0,120.0,False,False,False
austria_2026_R_00793,austria_2026_R,HUL,PIA,2026-06-28 14:13:53.428,57,LAPPED_UNLAPPED,pair separated by -4652 m of race distance at t0,83.8774999999996,4.68,-4651.685833333351,True,9.700000000000045,False,False,,,,,,False,79.0,186.77083333333394,True,False,2026-06-28 14:14:23.428,30.0,120.0,False,False,False
austria_2026_R_00794,austria_2026_R,GAS,LEC,2026-06-28 14:14:00.468,57,LAPPED_UNLAPPED,pair separated by -4663 m of race distance at t0,94.46166666666659,8.881,-4662.534722222219,True,8.71111111111145,False,False,,,,,,False,186.0,32.446808510639194,True,False,2026-06-28 14:14:30.468,30.0,120.0,False,False,False
austria_2026_R_00795,austria_2026_R,LEC,HAD,2026-06-28 14:14:14.588,58,CLOSE_INTERACTION_NO_PASS,"valid close battle, no pairwise order change inside the horizon",99.88166666666643,5.8,-99.7680555555853,False,9.777777777777601,False,False,,,,,,False,134.0,98.40425531914856,True,False,2026-06-28 14:14:44.588,30.0,120.0,False,False,False
austria_2026_R_00796,austria_2026_R,LIN,LAW,2026-06-28 14:14:20.388,57,CLOSE_INTERACTION_NO_PASS,"valid close battle, no pairwise order change inside the horizon",99.91472222222137,6.0,-99.91472222222365,False,7.444444444443889,False,False,,,,,,False,196.0,86.87755102040767,True,False,2026-06-28 14:14:50.388,30.0,120.0,False,False,False
austria_2026_R_00797,austria_2026_R,LAW,RUS,2026-06-28 14:14:31.188,58,LAPPED_UNLAPPED,pair separated by -4662 m of race distance at t0,94.58555555555556,8.2,-4662.450277777796,True,9.400000000000006,False,False,,,,,,False,301.0,,True,False,2026-06-28 14:15:01.188,30.0,120.0,False,False,False
austria_2026_R_00798,austria_2026_R,HUL,HAM,2026-06-28 14:14:50.908,58,LAPPED_UNLAPPED,pair separated by -4668 m of race distance at t0,99.69416666666666,8.56,-4667.5980555555725,True,11.977777777777746,False,False,,,,,,False,302.0,,True,False,2026-06-28 14:15:20.908,30.0,120.0,False,False,False
austria_2026_R_00799,austria_2026_R,GAS,NOR,2026-06-28 14:14:57.708,58,LAPPED_UNLAPPED,pair separated by -4635 m of race distance at t0,67.29416666666668,35.08,-4635.22111111111,True,10.022222222222126,False,False,,,,,,False,313.0,,True,False,2026-06-28 14:15:27.708,30.0,120.0,False,False,False
austria_2026_R_00800,austria_2026_R,LIN,LAW,2026-06-28 14:15:02.829,58,CLOSE_INTERACTION_NO_PASS,"valid close battle, no pairwise order change inside the horizon",95.86027777777758,7.4,-95.88583333330462,False,14.311111111111131,False,False,,,,,,False,145.0,96.41173275393851,True,False,2026-06-28 14:15:32.829,30.0,120.0,False,False,False
austria_2026_R_00801,austria_2026_R,LAW,RUS,2026-06-28 14:15:11.908,58,LAPPED_UNLAPPED,pair separated by -4666 m of race distance at t0,97.69499999999971,4.681,-4665.559722222213,True,5.066666666666606,False,False,,,,,,False,196.0,22.51623203831854,True,False,2026-06-28 14:15:41.908,30.0,120.0,False,False,False
austria_2026_R_00802,austria_2026_R,LEC,HAD,2026-06-28 14:15:12.828,59,PIT_RELATED,attacker or target on a box lap at t0,86.35472222222165,4.601,-86.37027777777985,False,12.333333333333485,False,False,,,,,,False,79.0,189.468085106383,False,False,2026-06-28 14:15:42.828,30.0,120.0,True,True,False
austria_2026_R_00803,austria_2026_R,GAS,LEC,2026-06-28 14:15:33.028,58,PIT_RELATED,attacker or target on a box lap at t0,28.635277777777674,33.76,-4596.469444444461,True,12.466666666666242,False,False,,,33.92,33.92,33.92,True,123.0,,False,False,2026-06-28 14:16:03.028,30.0,120.0,True,True,False
austria_2026_R_00804,austria_2026_R,LEC,NOR,2026-06-28 14:15:34.308,59,PIT_RELATED,attacker or target on a box lap at t0,10.934722222224082,24.64,-11.027499999967404,False,6.666666666666515,False,False,,,,,,False,197.0,-29.781250000001478,False,False,2026-06-28 14:16:04.308,30.0,120.0,True,True,False
austria_2026_R_00805,austria_2026_R,LAW,RUS,2026-06-28 14:15:44.469,59,LAPPED_UNLAPPED,pair separated by -4667 m of race distance at t0,99.4733333333333,4.0,-4667.331666666665,True,8.800000000000011,False,False,,,,,,False,135.0,154.3022222222154,True,False,2026-06-28 14:16:14.469,30.0,120.0,False,False,False
austria_2026_R_00806,austria_2026_R,LIN,LAW,2026-06-28 14:15:45.708,59,CLOSE_INTERACTION_NO_PASS,"valid close battle, no pairwise order change inside the horizon",98.05444444444444,6.12,-98.05194444442168,False,13.422222222222217,False,False,,,,,,False,167.0,64.17565314063954,True,False,2026-06-28 14:16:15.708,30.0,120.0,False,False,False
austria_2026_R_00807,austria_2026_R,HUL,HAM,2026-06-28 14:15:50.469,58,LAPPED_UNLAPPED,pair separated by -4665 m of race distance at t0,97.55027777777968,5.88,-4665.454166666663,True,5.5,False,False,,,,,,False,199.0,55.22000000000107,True,False,2026-06-28 14:16:20.469,30.0,120.0,False,False,False
austria_2026_R_00808,austria_2026_R,BOR,ANT,2026-06-28 14:15:54.629,59,LAPPED_UNLAPPED,pair separated by -4666 m of race distance at t0,98.27194444444442,4.719,-4666.140000000014,True,12.2222222222222,False,False,,,,,,False,158.0,105.41332323996981,True,False,2026-06-28 14:16:24.629,30.0,120.0,False,False,False
austria_2026_R_00809,austria_2026_R,NOR,HAD,2026-06-28 14:16:24.429,60,CLOSE_INTERACTION_NO_PASS,"valid close battle, no pairwise order change inside the horizon",99.80277777777769,4.2,-99.82916666666279,False,11.855555555555611,False,False,,,,,,False,71.0,191.97916666666694,True,False,2026-06-28 14:16:54.429,30.0,120.0,False,False,False
austria_2026_R_00810,austria_2026_R,LIN,LAW,2026-06-28 14:16:25.309,59,CLOSE_INTERACTION_NO_PASS,"valid close battle, no pairwise order change inside the horizon",98.29555555555498,10.52,-98.29305555555038,False,11.66666666666697,False,False,,,,,,False,185.0,20.234042553192246,True,False,2026-06-28 14:16:55.309,30.0,120.0,False,False,False
austria_2026_R_00811,austria_2026_R,GAS,NOR,2026-06-28 14:16:27.709,59,LAPPED_UNLAPPED,pair separated by -4666 m of race distance at t0,97.92194444444476,3.32,-4665.761388888932,True,16.666666666666742,False,False,,,,,,False,70.0,197.55335762623648,True,False,2026-06-28 14:16:57.709,30.0,120.0,False,False,False
austria_2026_R_00812,austria_2026_R,LEC,ALO,2026-06-28 14:16:28.349,60,PIT_RELATED,attacker or target on a box lap at t0,11.913888888888835,5.64,9123.473611111142,True,13.055555555555543,False,False,,,92.48,,,False,253.0,-172.99999999999955,False,False,2026-06-28 14:16:58.349,30.0,120.0,True,True,False
austria_2026_R_00813,austria_2026_R,COL,LEC,2026-06-28 14:16:31.829,59,PIT_RELATED,attacker or target on a box lap at t0,92.44250000000008,6.56,-4659.535555555602,True,12.864166666666705,True,True,2026-06-28 14:16:38.749,6.92,6.92,6.92,6.92,False,98.0,217.0666666666665,False,False,2026-06-28 14:17:01.829,30.0,120.0,True,True,False
austria_2026_R_00814,austria_2026_R,HUL,HAM,2026-06-28 14:16:33.828,59,LAPPED_UNLAPPED,pair separated by -4659 m of race distance at t0,91.50138888888864,4.561,-4659.423333333398,True,10.388888888889142,False,False,,,,,,False,108.0,147.45372686343163,True,False,2026-06-28 14:17:03.828,30.0,120.0,False,False,False
austria_2026_R_00815,austria_2026_R,LEC,COL,2026-06-28 14:16:38.948,60,PIT_RELATED,attacker or target on a box lap at t0,10.91583333333324,9.321,4556.177222222206,True,18.13333333333344,True,True,2026-06-28 14:16:48.549,9.600999999999999,9.600999999999999,9.600999999999999,9.600999999999999,False,238.0,-107.99999999999842,False,False,2026-06-28 14:17:08.948,30.0,120.0,True,True,False
austria_2026_R_00816,austria_2026_R,LIN,LAW,2026-06-28 14:16:57.869,60,CLOSE_INTERACTION_NO_PASS,"valid close battle, no pairwise order change inside the horizon",89.39805555555552,4.92,-89.43222222221084,False,9.066666666666663,False,False,,,,,,False,142.0,112.38031914893249,True,False,2026-06-28 14:17:27.869,30.0,120.0,False,False,False
austria_2026_R_00817,austria_2026_R,COL,LEC,2026-06-28 14:17:03.589,59,PIT_RELATED,attacker or target on a box lap at t0,13.12083333333453,5.44,-4580.213888888888,True,16.7777777777776,True,True,2026-06-28 14:17:09.229,5.64,5.64,5.64,5.64,False,287.0,,False,False,2026-06-28 14:17:33.589,30.0,120.0,True,True,False
austria_2026_R_00818,austria_2026_R,LEC,COL,2026-06-28 14:17:09.749,60,PIT_RELATED,attacker or target on a box lap at t0,14.215277777776919,4.24,4552.877777777787,True,8.099999999999454,True,True,2026-06-28 14:17:14.229,4.48,4.48,4.48,4.48,False,239.0,-73.23076923077085,False,False,2026-06-28 14:17:39.749,30.0,120.0,True,True,False
austria_2026_R_00819,austria_2026_R,LAW,RUS,2026-06-28 14:17:10.629,60,LAPPED_UNLAPPED,pair separated by -4660 m of race distance at t0,92.21333333333337,4.96,-4660.035555555543,True,10.577777777777783,False,False,,,,,,False,88.0,176.37499999999946,True,False,2026-06-28 14:17:40.629,30.0,120.0,False,False,False
austria_2026_R_00820,austria_2026_R,HUL,HAM,2026-06-28 14:17:31.829,60,LAPPED_UNLAPPED,pair separated by -4658 m of race distance at t0,89.69166666666683,3.16,-4657.599444444466,True,8.166666666666742,False,False,,,,,,False,68.0,196.49999999999943,True,False,2026-06-28 14:18:01.829,30.0,120.0,False,False,False
austria_2026_R_00821,austria_2026_R,NOR,HAD,2026-06-28 14:17:35.349,61,CLOSE_INTERACTION_NO_PASS,"valid close battle, no pairwise order change inside the horizon",94.45249999999965,5.92,-94.35972222220153,False,10.333333333333258,False,False,,,,,,False,88.0,185.22222222222285,True,False,2026-06-28 14:18:05.349,30.0,120.0,False,False,False
austria_2026_R_00822,austria_2026_R,LIN,LAW,2026-06-28 14:17:37.789,60,CLOSE_INTERACTION_NO_PASS,"valid close battle, no pairwise order change inside the horizon",97.36361111111091,9.48,-97.39777777780546,False,6.400000000000091,False,False,,,,,,False,161.0,56.01999999999926,True,False,2026-06-28 14:18:07.789,30.0,120.0,False,False,False
austria_2026_R_00823,austria_2026_R,LIN,VER,2026-06-28 14:18:10.309,61,LAPPED_UNLAPPED,pair separated by -4664 m of race distance at t0,96.13333333333333,8.08,-4664.023611111043,True,10.133333333333496,False,False,,,,,,False,303.0,,True,False,2026-06-28 14:18:40.309,30.0,120.0,False,False,False
austria_2026_R_00824,austria_2026_R,ALB,OCO,2026-06-28 14:18:10.629,60,CLOSE_INTERACTION_NO_PASS,"valid close battle, no pairwise order change inside the horizon",96.4816666666668,3.4,-96.48166666663019,False,10.755555555555475,False,False,,,,,,False,66.0,181.1333333333332,True,False,2026-06-28 14:18:40.629,30.0,120.0,False,False,False
austria_2026_R_00825,austria_2026_R,NOR,HAD,2026-06-28 14:18:20.869,61,CLOSE_INTERACTION_NO_PASS,"valid close battle, no pairwise order change inside the horizon",98.32250000000113,3.64,-98.22972222225508,False,7.211111111111677,False,False,,,,,,False,167.0,5.385106382978035,True,False,2026-06-28 14:18:50.869,30.0,120.0,False,False,False
austria_2026_R_00826,austria_2026_R,COL,LEC,2026-06-28 14:18:56.429,61,LAPPED_UNLAPPED,pair separated by -4639 m of race distance at t0,70.74722222222223,8.921,-4638.545833333279,True,10.599999999999966,False,False,,,,,,False,300.0,,True,False,2026-06-28 14:19:26.429,30.0,120.0,False,False,False
austria_2026_R_00827,austria_2026_R,NOR,HAD,2026-06-28 14:19:00.270,62,CLOSE_INTERACTION_NO_PASS,"valid close battle, no pairwise order change inside the horizon",99.28138888888793,21.119,-99.28138888889225,False,11.044444444444707,False,False,,,,,,False,213.0,47.9994794377928,True,False,2026-06-28 14:19:30.270,30.0,120.0,False,False,False
austria_2026_R_00828,austria_2026_R,LIN,VER,2026-06-28 14:19:23.909,62,LAPPED_UNLAPPED,pair separated by -4662 m of race distance at t0,94.16694444444437,3.241,-4662.109444444475,True,7.7000000000000455,False,False,,,,,,False,126.0,147.00000000000009,True,False,2026-06-28 14:19:53.909,30.0,120.0,False,False,False
austria_2026_R_00829,austria_2026_R,ALB,OCO,2026-06-28 14:19:23.909,61,CLOSE_INTERACTION_NO_PASS,"valid close battle, no pairwise order change inside the horizon",95.53388888888844,4.64,-95.53388888883637,False,9.688888888888869,False,False,,,,,,False,70.0,200.00000000000037,True,False,2026-06-28 14:19:53.909,30.0,120.0,False,False,False
austria_2026_R_00830,austria_2026_R,COL,LEC,2026-06-28 14:19:26.590,61,LAPPED_UNLAPPED,pair separated by -4667 m of race distance at t0,99.31972222222271,6.2,-4667.1183333333465,True,8.0,False,False,,,,,,False,184.0,64.14999999999964,True,False,2026-06-28 14:19:56.590,30.0,120.0,False,False,False
austria_2026_R_00831,austria_2026_R,LIN,LAW,2026-06-28 14:19:37.909,62,CLOSE_INTERACTION_NO_PASS,"valid close battle, no pairwise order change inside the horizon",89.95694444444462,6.36,-89.92111111112172,False,7.866666666666788,False,False,,,,,,False,92.0,167.0217391304348,True,False,2026-06-28 14:20:07.909,30.0,120.0,False,False,False
austria_2026_R_00832,austria_2026_R,ANT,VER,2026-06-28 14:19:39.350,63,CLOSE_INTERACTION_NO_PASS,"valid close battle, no pairwise order change inside the horizon",97.76611111111106,3.159,-97.85416666668607,False,7.555555555555429,False,False,,,,,,False,63.0,202.95461499235145,True,False,2026-06-28 14:20:09.350,30.0,120.0,False,False,False
austria_2026_R_00833,austria_2026_R,HUL,NOR,2026-06-28 14:19:43.229,62,LAPPED_UNLAPPED,pair separated by -4635 m of race distance at t0,66.91805555555555,26.96,-4634.808333333349,True,13.951666666666682,False,False,,,,,,False,309.0,,True,False,2026-06-28 14:20:13.229,30.0,120.0,False,False,False
austria_2026_R_00834,austria_2026_R,NOR,HAD,2026-06-28 14:19:44.069,63,CLOSE_INTERACTION_NO_PASS,"valid close battle, no pairwise order change inside the horizon",97.45166666666668,3.721,-97.45166666666046,False,13.528888888888872,False,False,,,,,,False,132.0,143.3333333333334,True,False,2026-06-28 14:20:14.069,30.0,120.0,False,False,False
austria_2026_R_00835,austria_2026_R,GAS,HUL,2026-06-28 14:20:02.789,62,CLOSE_INTERACTION_NO_PASS,"valid close battle, no pairwise order change inside the horizon",90.44333333333338,3.601,-90.44333333329996,False,9.644444444444389,False,False,,,,,,False,66.0,200.9218342886926,True,False,2026-06-28 14:20:32.789,30.0,120.0,False,False,False
austria_2026_R_00836,austria_2026_R,NOR,HAD,2026-06-28 14:20:23.789,63,CLOSE_INTERACTION_NO_PASS,"valid close battle, no pairwise order change inside the horizon",99.98166666666566,3.201,-99.9816666666884,False,3.566666666666606,False,False,,,,,,False,163.0,68.05419489317434,True,False,2026-06-28 14:20:53.789,30.0,120.0,False,False,False
austria_2026_R_00837,austria_2026_R,ALO,LEC,2026-06-28 14:20:25.590,61,LAPPED_UNLAPPED,pair separated by -9229 m of race distance at t0,93.65138888888896,3.319,-9229.475000000035,True,9.126944444444689,False,False,,,,,,False,63.0,157.79289283731296,True,False,2026-06-28 14:20:55.590,30.0,120.0,False,False,False
austria_2026_R_00838,austria_2026_R,LIN,ANT,2026-06-28 14:20:37.750,63,LAPPED_UNLAPPED,pair separated by -4656 m of race distance at t0,87.97166666666664,4.2,-4655.8511111110565,True,12.600000000000023,False,False,,,,,,False,135.0,132.95792241946089,True,False,2026-06-28 14:21:07.750,30.0,120.0,False,False,False
austria_2026_R_00839,austria_2026_R,ALB,OCO,2026-06-28 14:20:38.590,62,CLOSE_INTERACTION_NO_PASS,"valid close battle, no pairwise order change inside the horizon",93.26972222222253,3.36,-93.26972222223412,False,6.533333333333303,False,False,,,,,,False,61.0,177.90703079604887,True,False,2026-06-28 14:21:08.590,30.0,120.0,False,False,False
austria_2026_R_00840,austria_2026_R,HUL,NOR,2026-06-28 14:20:42.270,62,LAPPED_UNLAPPED,pair separated by -4667 m of race distance at t0,98.95527777777625,7.559,-4666.845555555541,True,7.57777777777892,False,False,,,,,,False,206.0,64.57142857142792,True,False,2026-06-28 14:21:12.270,30.0,120.0,False,False,False
austria_2026_R_00841,austria_2026_R,LAW,VER,2026-06-28 14:20:49.030,63,LAPPED_UNLAPPED,pair separated by -4660 m of race distance at t0,91.84361111111116,4.68,-4659.771111111098,True,9.899999999999864,False,False,,,,,,False,87.0,168.90476190476184,True,False,2026-06-28 14:21:19.030,30.0,120.0,False,False,False
austria_2026_R_00842,austria_2026_R,NOR,HAD,2026-06-28 14:20:55.430,64,CLOSE_INTERACTION_NO_PASS,"valid close battle, no pairwise order change inside the horizon",96.01111111111109,4.44,-95.9813888889039,False,9.733333333333348,False,False,,,,,,False,135.0,136.84848484848484,True,False,2026-06-28 14:21:25.430,30.0,120.0,False,False,False
austria_2026_R_00843,austria_2026_R,LIN,LAW,2026-06-28 14:21:06.470,63,CLOSE_INTERACTION_NO_PASS,"valid close battle, no pairwise order change inside the horizon",95.40944444444312,7.12,-95.35000000003492,False,11.55555555555543,False,False,,,,,,False,119.0,154.0487804878062,True,False,2026-06-28 14:21:36.470,30.0,120.0,False,False,False
austria_2026_R_00844,austria_2026_R,GAS,HUL,2026-06-28 14:21:13.910,63,CLOSE_INTERACTION_NO_PASS,"valid close battle, no pairwise order change inside the horizon",96.64249999999993,5.88,-96.48416666663252,False,10.733333333333121,False,False,,,,,,False,101.0,164.5853658536585,True,False,2026-06-28 14:21:43.910,30.0,120.0,False,False,False
austria_2026_R_00845,austria_2026_R,ALO,COL,2026-06-28 14:21:23.029,62,LAPPED_UNLAPPED,pair separated by -4643 m of race distance at t0,74.92138888888888,80.402,-4642.84972222225,True,12.955555555555748,False,False,,,76.161,,,False,303.0,,True,False,2026-06-28 14:21:53.029,30.0,120.0,False,False,False
austria_2026_R_00846,austria_2026_R,HUL,NOR,2026-06-28 14:21:27.270,63,LAPPED_UNLAPPED,pair separated by -4667 m of race distance at t0,99.00722222222385,3.04,-4666.950555555522,True,6.66666666666697,False,False,,,,,,False,100.0,157.62500000000034,True,False,2026-06-28 14:21:57.270,30.0,120.0,False,False,False
austria_2026_R_00847,austria_2026_R,LAW,ANT,2026-06-28 14:21:48.470,64,LAPPED_UNLAPPED,pair separated by -4663 m of race distance at t0,95.48305555555558,4.0,-4663.40388888889,True,6.133333333333354,False,False,,,,,,False,146.0,135.03225806451607,True,False,2026-06-28 14:22:18.470,30.0,120.0,False,False,False
austria_2026_R_00848,austria_2026_R,LIN,LAW,2026-06-28 14:21:49.510,64,CLOSE_INTERACTION_NO_PASS,"valid close battle, no pairwise order change inside the horizon",95.52805555555554,6.24,-95.49472222221084,False,10.099999999999994,False,False,,,,,,False,182.0,49.247282608696075,True,False,2026-06-28 14:22:19.510,30.0,120.0,False,False,False
austria_2026_R_00849,austria_2026_R,NOR,HAD,2026-06-28 14:21:52.030,64,CLOSE_INTERACTION_NO_PASS,"valid close battle, no pairwise order change inside the horizon",97.89805555555085,7.64,-97.86833333334653,False,7.455555555555748,False,False,,,,,,False,213.0,44.73999999999969,True,False,2026-06-28 14:22:22.030,30.0,120.0,False,False,False
austria_2026_R_00850,austria_2026_R,GAS,HUL,2026-06-28 14:21:56.311,63,CLOSE_INTERACTION_NO_PASS,"valid close battle, no pairwise order change inside the horizon",99.46694444444483,8.439,-99.30861111107515,False,6.933333333333849,False,False,,,,,,False,220.0,46.1824520627547,True,False,2026-06-28 14:22:26.311,30.0,120.0,False,False,False
austria_2026_R_00851,austria_2026_R,BOR,PIA,2026-06-28 14:21:56.910,64,LAPPED_UNLAPPED,pair separated by -4667 m of race distance at t0,99.22527777777776,6.441,-4667.105277777824,True,8.066666666666663,False,False,,,,,,False,203.0,91.91819699499159,True,False,2026-06-28 14:22:26.910,30.0,120.0,False,False,False
austria_2026_R_00852,austria_2026_R,LIN,LAW,2026-06-28 14:22:29.711,64,CLOSE_INTERACTION_NO_PASS,"valid close battle, no pairwise order change inside the horizon",99.2844444444454,4.599,-99.25111111113802,False,7.91111111111104,False,False,,,,,,False,172.0,41.401382243487134,True,False,2026-06-28 14:22:59.711,30.0,120.0,False,False,False
austria_2026_R_00853,austria_2026_R,BEA,LEC,2026-06-28 14:22:30.031,64,LAPPED_UNLAPPED,pair separated by -4665 m of race distance at t0,97.76388888888889,6.84,-4665.4313888889155,True,10.133333333333354,False,False,,,,,,False,272.0,36.000000000000036,True,False,2026-06-28 14:23:00.031,30.0,120.0,False,False,False
austria_2026_R_00854,austria_2026_R,NOR,HAD,2026-06-28 14:22:34.310,65,CLOSE_INTERACTION_NO_PASS,"valid close battle, no pairwise order change inside the horizon",95.22472222222154,40.08,-95.2400000000489,False,9.33333333333394,False,False,,,,,,False,262.0,12.340909090909495,True,False,2026-06-28 14:23:04.310,30.0,120.0,False,False,False
austria_2026_R_00855,austria_2026_R,BOR,PIA,2026-06-28 14:22:37.071,64,LAPPED_UNLAPPED,pair separated by -4668 m of race distance at t0,99.81861111111266,9.639,-4667.698611111147,True,5.582499999999982,False,False,,,,,,False,186.0,25.480877103517983,True,False,2026-06-28 14:23:07.071,30.0,120.0,False,False,False
austria_2026_R_00856,austria_2026_R,ALO,COL,2026-06-28 14:22:51.950,63,LAPPED_UNLAPPED,pair separated by -4659 m of race distance at t0,90.83750000000032,7.92,-4658.820833333302,True,23.100000000000136,False,False,,,,,,False,123.0,100.57317722192639,True,False,2026-06-28 14:23:21.950,30.0,120.0,False,False,False
austria_2026_R_00857,austria_2026_R,LIN,LAW,2026-06-28 14:23:01.790,65,CLOSE_INTERACTION_NO_PASS,"valid close battle, no pairwise order change inside the horizon",99.12083333333331,5.6,-99.57916666666279,False,15.37166666666667,False,False,,,,,,False,160.0,92.32031250000222,True,False,2026-06-28 14:23:31.790,30.0,120.0,False,False,False
austria_2026_R_00858,austria_2026_R,ANT,VER,2026-06-28 14:23:12.270,66,CLOSE_INTERACTION_NO_PASS,"valid close battle, no pairwise order change inside the horizon",90.4869444444439,3.001,-90.49472222221084,False,7.7999999999999545,False,False,,,,,,False,66.0,171.3126699293099,True,False,2026-06-28 14:23:42.270,30.0,120.0,False,False,False
austria_2026_R_00859,austria_2026_R,LAW,ANT,2026-06-28 14:23:15.271,65,LAPPED_UNLAPPED,pair separated by -4666 m of race distance at t0,98.95249999999965,3.159,-4666.432777777838,True,10.55555555555543,False,False,,,,,,False,67.0,195.86257468767016,True,False,2026-06-28 14:23:45.271,30.0,120.0,False,False,False
austria_2026_R_00860,austria_2026_R,NOR,HAD,2026-06-28 14:23:16.551,66,CLOSE_INTERACTION_NO_PASS,"valid close battle, no pairwise order change inside the horizon",95.1397222222222,71.08,-95.13972222222947,False,10.190277777777794,False,False,,,,,,False,307.0,9.967952199887495,True,False,2026-06-28 14:23:46.551,30.0,120.0,False,False,False
austria_2026_R_00861,austria_2026_R,GAS,HUL,2026-06-28 14:23:23.911,65,CLOSE_INTERACTION_NO_PASS,"valid close battle, no pairwise order change inside the horizon",97.87500000000003,6.4,-97.8844444444403,False,17.352222222222224,False,False,,,,,,False,229.0,57.22727272727269,True,False,2026-06-28 14:23:53.911,30.0,120.0,False,False,False
austria_2026_R_00862,austria_2026_R,LIN,LAW,2026-06-28 14:23:42.391,65,CLOSE_INTERACTION_NO_PASS,"valid close battle, no pairwise order change inside the horizon",92.52000000000044,4.039,-92.97833333333256,False,5.7444444444440705,False,False,,,,,,False,164.0,63.437226733290274,True,False,2026-06-28 14:24:12.391,30.0,120.0,False,False,False
austria_2026_R_00863,austria_2026_R,ALO,COL,2026-06-28 14:24:06.990,64,LAPPED_UNLAPPED,pair separated by -4655 m of race distance at t0,86.64083333333338,3.441,-4654.531111111108,True,10.022222222222126,False,False,,,,,,False,66.0,186.70731707317142,True,False,2026-06-28 14:24:36.990,30.0,120.0,False,False,False
austria_2026_R_00864,austria_2026_R,ALB,ANT,2026-06-28 14:24:09.271,65,LAPPED_UNLAPPED,pair separated by -9233 m of race distance at t0,97.66166666666668,4.759,-9233.438055555569,True,12.300000000000026,False,False,,,,,,False,169.0,122.9473684210526,True,False,2026-06-28 14:24:39.271,30.0,120.0,False,False,False
austria_2026_R_00865,austria_2026_R,LIN,LAW,2026-06-28 14:24:15.111,66,CLOSE_INTERACTION_NO_PASS,"valid close battle, no pairwise order change inside the horizon",84.80277777777775,3.679,-84.79277777776588,False,8.200000000000045,False,False,,,,,,False,119.0,138.80976717773996,True,False,2026-06-28 14:24:45.111,30.0,120.0,False,False,False
austria_2026_R_00866,austria_2026_R,GAS,HUL,2026-06-28 14:24:19.150,65,CLOSE_INTERACTION_NO_PASS,"valid close battle, no pairwise order change inside the horizon",99.12166666666508,9.921,-99.13111111114267,False,6.300000000000182,False,False,,,,,,False,282.0,5.731495661050383,True,False,2026-06-28 14:24:49.150,30.0,120.0,False,False,False
austria_2026_R_00867,austria_2026_R,ANT,VER,2026-06-28 14:24:22.911,67,CLOSE_INTERACTION_NO_PASS,"valid close battle, no pairwise order change inside the horizon",93.44583333333276,4.039,-93.44583333330229,False,8.67777777777792,False,False,,,,,,False,74.0,185.6200000000005,True,False,2026-06-28 14:24:52.911,30.0,120.0,False,False,False
austria_2026_R_00868,austria_2026_R,BOR,PIA,2026-06-28 14:24:36.791,66,LAPPED_UNLAPPED,pair separated by -4666 m of race distance at t0,98.50555555555525,5.04,-4666.435833333293,True,12.466666666666924,False,False,,,,,,False,87.0,188.8541666666668,True,False,2026-06-28 14:25:06.791,30.0,120.0,False,False,False
austria_2026_R_00869,austria_2026_R,ALB,OCO,2026-06-28 14:25:24.391,66,CLOSE_INTERACTION_NO_PASS,"valid close battle, no pairwise order change inside the horizon",93.56916666666666,5.12,-93.58305555552943,False,7.933333333333309,False,False,,,,,,False,129.0,231.7069148936189,True,False,2026-06-28 14:25:54.391,30.0,120.0,False,False,False
austria_2026_R_00870,austria_2026_R,LIN,LAW,2026-06-28 14:25:27.711,67,CLOSE_INTERACTION_NO_PASS,"valid close battle, no pairwise order change inside the horizon",95.23888888888888,3.88,-95.29694444447523,False,13.2222222222222,False,False,,,,,,False,121.0,171.27553191489065,True,False,2026-06-28 14:25:57.711,30.0,120.0,False,False,False
austria_2026_R_00871,austria_2026_R,ANT,VER,2026-06-28 14:25:33.070,68,CLOSE_INTERACTION_NO_PASS,"valid close battle, no pairwise order change inside the horizon",99.92027777777776,5.761,-99.83361111109843,False,17.199999999999818,False,False,,,,,,False,97.0,156.22361180590283,True,False,2026-06-28 14:26:03.070,30.0,120.0,False,False,False
austria_2026_R_00872,austria_2026_R,NOR,HAD,2026-06-28 14:25:41.671,68,CLOSE_INTERACTION_NO_PASS,"valid close battle, no pairwise order change inside the horizon",96.1872222222222,6.2,-96.13666666671634,False,12.199999999999989,False,False,,,,,,False,169.0,111.60869565217398,True,False,2026-06-28 14:26:11.671,30.0,120.0,False,False,False
austria_2026_R_00873,austria_2026_R,ALB,OCO,2026-06-28 14:25:55.391,66,CLOSE_INTERACTION_NO_PASS,"valid close battle, no pairwise order change inside the horizon",95.80055555555555,3.88,-95.81444444443332,False,8.333333333333258,False,False,,,,,,False,96.0,150.0851063829782,True,False,2026-06-28 14:26:25.391,30.0,120.0,False,False,False
austria_2026_R_00874,austria_2026_R,LIN,LAW,2026-06-28 14:26:07.751,67,CLOSE_INTERACTION_NO_PASS,"valid close battle, no pairwise order change inside the horizon",95.4772222222191,3.72,-95.53527777775889,False,6.599999999999909,False,False,,,,,,False,159.0,75.38522727272824,True,False,2026-06-28 14:26:37.751,30.0,120.0,False,False,False
austria_2026_R_00875,austria_2026_R,ANT,VER,2026-06-28 14:26:29.551,69,CLOSE_INTERACTION_NO_PASS,"valid close battle, no pairwise order change inside the horizon",98.7183333333333,4.68,-98.71833333332324,False,10.399999999999977,False,False,,,,,,False,140.0,118.18349999999872,True,False,2026-06-28 14:26:59.551,30.0,120.0,False,False,False
austria_2026_R_00876,austria_2026_R,NOR,HAD,2026-06-28 14:26:39.392,68,CLOSE_INTERACTION_NO_PASS,"valid close battle, no pairwise order change inside the horizon",97.62388888888472,7.16,-97.57333333330462,False,5.888888888888687,False,False,,,,,,False,209.0,65.00914076782523,True,False,2026-06-28 14:27:09.392,30.0,120.0,False,False,False
austria_2026_R_00877,austria_2026_R,ALB,LAW,2026-06-28 14:26:40.592,67,LAPPED_UNLAPPED,pair separated by -4666 m of race distance at t0,98.18305555555557,3.359,-4665.72000000003,True,9.099999999999994,False,False,,,,,,False,115.0,145.86112725159796,True,False,2026-06-28 14:27:10.592,30.0,120.0,False,False,False
austria_2026_R_00878,austria_2026_R,VER,RUS,2026-06-28 14:26:42.551,69,CLOSE_INTERACTION_NO_PASS,"valid close battle, no pairwise order change inside the horizon",91.08611111111122,3.441,-91.20694444444962,False,11.444444444444343,False,False,,,,,,False,68.0,196.11434405308802,True,False,2026-06-28 14:27:12.551,30.0,120.0,False,False,False
austria_2026_R_00879,austria_2026_R,BOR,HAM,2026-06-28 14:26:48.751,68,LAPPED_UNLAPPED,pair separated by -4667 m of race distance at t0,99.4375,7.08,-4667.265555555525,True,12.000000000000014,False,False,,,,,,False,240.0,58.000000000000114,True,False,2026-06-28 14:27:18.751,30.0,120.0,False,False,False
austria_2026_R_00880,austria_2026_R,LIN,LAW,2026-06-28 14:26:54.831,68,CLOSE_INTERACTION_NO_PASS,"valid close battle, no pairwise order change inside the horizon",90.88999999999987,5.521,-90.83638888888527,False,14.333333333333258,False,False,,,,,,False,92.0,174.90952634380045,True,False,2026-06-28 14:27:24.831,30.0,120.0,False,False,False
austria_2026_R_00881,austria_2026_R,GAS,HUL,2026-06-28 14:26:59.112,67,UNCERTAIN,"only one of the two order-change signals fired (distance=True, driver_ahead=False)",99.40805555555562,217.201,-366.90749999997206,False,20.708333333331367,True,False,2026-06-28 14:27:17.871,18.759,18.759,,,False,301.0,6.4596564289431715,True,False,2026-06-28 14:27:29.112,30.0,120.0,False,False,False
austria_2026_R_00882,austria_2026_R,ANT,VER,2026-06-28 14:27:08.231,69,CLOSE_INTERACTION_NO_PASS,"valid close battle, no pairwise order change inside the horizon",99.73333333333176,10.0,-99.73333333333721,False,8.333333333333485,False,False,,,,,,False,207.0,12.194097048525183,True,False,2026-06-28 14:27:38.231,30.0,120.0,False,False,False
austria_2026_R_00883,austria_2026_R,ALB,OCO,2026-06-28 14:27:11.231,67,CLOSE_INTERACTION_NO_PASS,"valid close battle, no pairwise order change inside the horizon",99.17305555555595,3.28,-98.83222222223412,False,7.699999999999818,False,False,,,,,,False,89.0,157.6521739130435,True,False,2026-06-28 14:27:41.231,30.0,120.0,False,False,False
austria_2026_R_00884,austria_2026_R,NOR,HAD,2026-06-28 14:27:22.311,69,CLOSE_INTERACTION_NO_PASS,"valid close battle, no pairwise order change inside the horizon",96.18416666666712,7.48,-96.21194444445428,False,15.033333333332848,False,False,,,,,,False,178.0,51.44272136068044,True,False,2026-06-28 14:27:52.311,30.0,120.0,False,False,False
austria_2026_R_00885,austria_2026_R,ANT,VER,2026-06-28 14:27:38.792,70,CLOSE_INTERACTION_NO_PASS,"valid close battle, no pairwise order change inside the horizon",97.65166666666664,140.8,-97.6516666666721,False,15.847499999995293,False,False,,,,,,False,307.0,44.974458634095086,True,False,2026-06-28 14:28:08.792,30.0,120.0,False,False,False
austria_2026_R_00886,austria_2026_R,COL,BEA,2026-06-28 14:27:41.272,68,CLOSE_INTERACTION_NO_PASS,"valid close battle, no pairwise order change inside the horizon",98.8291666666671,3.68,-98.82916666666279,False,10.529166666666697,False,False,,,,,,False,70.0,202.11111111111177,True,False,2026-06-28 14:28:11.272,30.0,120.0,False,False,False
austria_2026_R_00887,austria_2026_R,BOR,HAM,2026-06-28 14:27:47.792,68,LAPPED_UNLAPPED,pair separated by -4668 m of race distance at t0,99.77861111111497,6.56,-4667.60666666663,True,5.288888888888778,False,False,,,,,,False,191.0,68.49999999999855,True,False,2026-06-28 14:28:17.792,30.0,120.0,False,False,False
austria_2026_R_00888,austria_2026_R,VER,RUS,2026-06-28 14:27:53.272,70,CLOSE_INTERACTION_NO_PASS,"valid close battle, no pairwise order change inside the horizon",92.43222222222266,4.519,-92.43222222221084,False,11.122222222222263,False,False,,,,,,False,79.0,195.6956521739131,True,False,2026-06-28 14:28:23.272,30.0,120.0,False,False,False
austria_2026_R_00889,austria_2026_R,NOR,HAD,2026-06-28 14:28:05.672,70,CLOSE_INTERACTION_NO_PASS,"valid close battle, no pairwise order change inside the horizon",95.18805555555556,4.839,-95.22277777775889,False,11.2777777777778,False,False,,,,,,False,140.0,135.4463373083551,True,False,2026-06-28 14:28:35.672,30.0,120.0,False,False,False
austria_2026_R_00890,austria_2026_R,LIN,LAW,2026-06-28 14:28:08.032,69,CLOSE_INTERACTION_NO_PASS,"valid close battle, no pairwise order change inside the horizon",98.41333333333273,4.08,-98.3755555555108,False,13.44444444444457,False,False,,,,,,False,74.0,188.2444444444452,True,False,2026-06-28 14:28:38.032,30.0,120.0,False,False,False
austria_2026_R_00891,austria_2026_R,OCO,LAW,2026-06-28 14:28:08.631,68,LAPPED_UNLAPPED,pair separated by -4661 m of race distance at t0,92.68444444444413,3.721,-4660.508055555518,True,11.199999999999818,False,False,,,,,,False,67.0,213.5578824898205,True,False,2026-06-28 14:28:38.631,30.0,120.0,False,False,False
austria_2026_R_00892,austria_2026_R,ALB,LIN,2026-06-28 14:28:10.991,68,LAPPED_UNLAPPED,pair separated by -4664 m of race distance at t0,96.30555555555634,3.121,-4664.191111111082,True,10.577777777777783,False,False,,,,,,False,71.0,215.25000000000009,True,False,2026-06-28 14:28:40.991,30.0,120.0,False,False,False
austria_2026_R_00893,austria_2026_R,BOR,HAM,2026-06-28 14:28:31.632,69,LAPPED_UNLAPPED,pair separated by -4659 m of race distance at t0,91.03333333333285,6.36,-4658.976388888899,True,8.244444444444298,False,False,,,,,,False,132.0,114.62879238548531,True,False,2026-06-28 14:29:01.632,30.0,120.0,False,False,False
austria_2026_R_00894,austria_2026_R,NOR,HAD,2026-06-28 14:28:46.672,70,CLOSE_INTERACTION_NO_PASS,"valid close battle, no pairwise order change inside the horizon",97.03388888888958,3.119,-97.06861111114267,False,3.5555555555556566,False,False,,,,,,False,153.0,79.88888888888778,True,False,2026-06-28 14:29:16.672,30.0,120.0,False,False,False
austria_2026_R_00895,austria_2026_R,ALO,RUS,2026-06-28 14:28:47.512,68,LAPPED_UNLAPPED,pair separated by -13796 m of race distance at t0,92.06777777777776,22.759,-13795.738611111068,True,16.56666666666669,False,False,,,,,,False,311.0,,True,False,2026-06-28 14:29:17.512,30.0,120.0,False,False,False
austria_2026_R_00896,austria_2026_R,VER,RUS,2026-06-28 14:28:50.111,71,CLOSE_INTERACTION_NO_PASS,"valid close battle, no pairwise order change inside the horizon",99.07555555555552,3.561,-99.07166666671401,False,7.805555555555543,False,False,,,,,,False,128.0,162.90449118817637,True,False,2026-06-28 14:29:20.111,30.0,120.0,False,False,False
austria_2026_R_00897,austria_2026_R,COL,BEA,2026-06-28 14:28:54.592,69,CLOSE_INTERACTION_NO_PASS,"valid close battle, no pairwise order change inside the horizon",90.06222222222141,3.16,-90.0622222222737,False,8.699999999999818,False,False,,,,,,False,64.0,177.72000000000003,True,False,2026-06-28 14:29:24.592,30.0,120.0,False,False,False
austria_2026_R_00898,austria_2026_R,ALB,OCO,2026-06-28 14:28:55.951,68,CLOSE_INTERACTION_NO_PASS,"valid close battle, no pairwise order change inside the horizon",95.86388888888996,8.801,-95.88805555552244,False,5.700000000000273,False,False,,,,,,False,178.0,89.45074017355756,True,False,2026-06-28 14:29:25.951,30.0,120.0,False,False,False
austria_2026_R_00899,austria_2026_R,BOR,HAM,2026-06-28 14:29:01.752,69,LAPPED_UNLAPPED,pair separated by -4668 m of race distance at t0,99.87916666666251,5.24,-4667.822222222283,True,6.666666666666515,False,False,,,,,,False,205.0,43.88888888888869,True,False,2026-06-28 14:29:31.752,30.0,120.0,False,False,False
austria_2026_R_00900,austria_2026_R,OCO,PIA,2026-06-28 14:29:08.672,69,LAPPED_UNLAPPED,pair separated by -9217 m of race distance at t0,80.86222222222221,9.52,-9216.595277777815,True,6.40000000000002,False,False,,,,,,False,310.0,,True,False,2026-06-28 14:29:38.672,30.0,120.0,False,False,False
austria_2026_R_00901,austria_2026_R,NOR,HAD,2026-06-28 14:29:18.552,71,CLOSE_INTERACTION_NO_PASS,"valid close battle, no pairwise order change inside the horizon",98.13027777777776,4.08,-98.23305555555271,False,12.111111111111143,False,False,,,,,,False,129.0,155.43333333333334,True,False,2026-06-28 14:29:48.552,30.0,120.0,False,False,False
austria_2026_R_00902,austria_2026_R,ALO,RUS,2026-06-28 14:29:19.432,68,LAPPED_UNLAPPED,pair separated by -13799 m of race distance at t0,95.01111111111163,4.92,-13798.681944444485,True,12.599999999999909,False,False,,,,,,False,109.0,183.88372093023222,True,False,2026-06-28 14:29:49.432,30.0,120.0,False,False,False
austria_2026_R_00903,austria_2026_R,LIN,LAW,2026-06-28 14:29:20.792,70,CLOSE_INTERACTION_NO_PASS,"valid close battle, no pairwise order change inside the horizon",98.61444444444464,3.4,-98.5811111110961,False,8.477777777777646,False,False,,,,,,False,67.0,191.8478260869563,True,False,2026-06-28 14:29:50.792,30.0,120.0,False,False,False
austria_2026_R_00904,austria_2026_R,ALB,OCO,2026-06-28 14:29:25.952,69,CLOSE_INTERACTION_NO_PASS,"valid close battle, no pairwise order change inside the horizon",93.09111111111133,8.84,-93.13861111109145,False,13.700000000000045,False,False,,,,,,False,144.0,89.20833333333314,True,False,2026-06-28 14:29:55.952,30.0,120.0,False,False,False
austria_2026_R_00905,austria_2026_R,VER,RUS,2026-06-28 14:29:29.232,71,RETIREMENT_RELATED,target telemetry ends inside the outcome window,96.44944444444263,11.04,-96.44555555551779,False,5.222222222222626,False,False,,,,,,False,182.0,44.66000000000004,True,True,2026-06-28 14:29:59.232,30.0,120.0,False,False,False
austria_2026_R_00906,austria_2026_R,HAD,HAM,2026-06-28 14:29:31.392,71,CLOSE_INTERACTION_NO_PASS,"valid close battle, no pairwise order change inside the horizon",94.91638888888929,3.4,-94.81361111107981,False,8.333333333333485,False,False,,,,,,False,65.0,195.12499999999926,True,False,2026-06-28 14:30:01.392,30.0,120.0,False,False,False
austria_2026_R_00907,austria_2026_R,OCO,PIA,2026-06-28 14:29:39.552,69,LAPPED_UNLAPPED,pair separated by -9230 m of race distance at t0,94.201111111111,6.56,-9229.934166666702,True,12.45555555555552,False,False,,,,,,False,154.0,70.96000000000122,True,False,2026-06-28 14:30:09.552,30.0,120.0,False,False,False
austria_2026_R_00908,austria_2026_R,COL,BEA,2026-06-28 14:30:07.272,70,CLOSE_INTERACTION_NO_PASS,"valid close battle, no pairwise order change inside the horizon",97.65583333333393,4.08,-97.65583333332324,False,9.877777777777965,False,False,,,,,,False,73.0,201.65909090909037,True,False,2026-06-28 14:30:37.272,30.0,120.0,False,False,False
